128
81 9 40 78 58 31 80 10 60 19 32 83 62 52 64 9 85 88 39 10 43 49 26 68 87 37 62 83 69 23 94 42 37 5 43 70 89 51 58 17 100 95 16 32 27 53 93 12 7 33 61 92 14 7 69 69 77 7 31 25 79 86 77 43 10 33 73 39 44 98 2 87 3 5 21 37 12 65 10 50 28 28 49 22 87 63 92 43 11 59 94 62 65 55 50 41 19 39 69 18 38 16 93 91 20 97 100 65 88 30 8 15 18 69 68 53 61 62 43 66 2 12 64 99 33 29 1 31 
51 72 43 6 36 66 1 42 98 63 14 95 16 36 72 16 99 4 74 60 78 24 41 61 25 50 32 95 8 98 45 89 44 49 4 53 82 48 62 85 4 40 54 64 29 43 27 2 66 9 41 14 87 41 2 94 83 13 53 34 60 47 58 72 28 37 99 2 53 92 88 70 16 25 89 91 47 61 85 6 68 76 64 7 31 83 49 53 62 98 92 60 31 6 71 40 71 34 86 77 42 28 38 10 64 4 56 89 36 35 8 70 75 64 85 49 4 31 85 88 35 16 41 13 82 2 10 55 
78 83 14 91 21 56 65 78 19 70 38 8 61 1 87 35 90 29 79 37 21 51 47 64 86 25 72 51 82 58 69 34 49 88 64 12 34 100 69 18 1 15 70 77 55 27 98 94 92 17 25 38 5 69 4 65 42 23 79 34 17 75 94 96 21 96 70 93 25 42 53 12 25 69 79 87 82 5 98 54 68 85 16 20 69 44 29 42 59 75 15 80 7 52 62 76 49 95 82 47 97 92 18 25 73 8 5 76 81 66 30 37 35 81 13 92 45 36 76 20 3 33 29 82 25 67 96 74 
69 82 4 63 90 14 48 58 99 21 62 93 42 89 58 73 66 66 43 66 7 41 20 63 86 11 75 65 95 2 22 9 12 51 13 43 91 45 29 94 47 35 61 18 4 36 1 62 47 18 52 76 8 76 81 37 99 87 55 40 80 32 94 50 21 68 90 14 28 83 34 83 12 12 77 87 73 37 79 38 6 95 77 7 26 35 100 69 96 69 3 79 10 61 29 8 64 90 32 65 57 6 93 38 89 62 9 78 52 98 16 5 76 5 8 58 73 98 65 62 80 31 38 48 69 49 64 1 
4 74 96 73 87 32 32 94 79 25 22 80 54 71 28 7 30 77 37 76 65 13 58 56 17 87 14 8 90 68 40 11 16 86 38 69 31 73 88 54 97 69 82 54 39 38 46 50 30 92 13 35 35 26 21 40 11 28 95 76 32 43 47 86 11 37 83 100 16 14 15 30 79 83 2 95 91 39 87 44 72 92 91 94 1 21 9 16 9 70 72 32 20 87 72 37 44 68 23 47 74 71 100 35 12 72 35 96 57 79 28 79 23 65 89 64 1 93 23 98 28 56 98 32 5 44 51 35 
85 48 86 66 15 100 14 69 63 39 49 12 54 19 25 21 72 12 36 48 42 95 64 69 88 32 100 39 62 39 17 89 70 29 5 83 26 65 71 12 37 31 81 6 4 90 11 65 68 63 69 55 10 80 51 21 28 50 6 69 99 24 37 28 96 95 9 54 91 96 92 83 54 70 7 34 85 23 60 54 100 78 32 39 81 16 8 23 34 85 14 87 81 71 9 14 54 24 91 52 46 51 98 76 14 51 32 63 33 90 95 11 80 67 67 83 90 38 35 68 50 64 62 4 55 93 60 83 
97 50 28 38 66 2 20 30 22 11 61 52 35 12 87 7 94 8 2 42 59 22 100 59 3 54 27 64 61 41 12 8 19 14 45 92 7 68 37 95 29 44 43 55 34 21 51 86 86 93 26 24 4 15 28 17 28 95 98 26 11 64 43 83 79 80 18 48 52 74 58 91 100 91 37 11 51 95 21 5 40 40 67 22 46 59 58 32 97 41 35 36 67 87 19 56 7 30 78 76 92 39 82 31 37 69 38 40 80 71 79 52 18 97 77 87 52 47 98 91 25 96 92 90 40 85 7 75 
60 65 69 40 91 75 74 63 33 58 32 31 10 96 78 12 60 52 7 48 43 72 60 67 89 12 77 78 69 74 10 28 58 54 80 48 7 16 65 26 76 99 30 68 52 56 66 31 48 77 13 90 72 29 87 40 29 72 76 47 54 86 46 96 45 84 19 93 6 97 72 91 63 54 90 46 68 13 62 1 3 19 44 1 10 27 40 50 15 38 90 19 6 4 25 97 76 95 63 53 24 69 41 85 51 70 54 24 68 99 25 10 14 97 25 98 55 98 28 75 56 70 27 71 40 83 87 32 
91 36 6 66 95 15 40 42 85 82 7 91 46 96 53 50 73 39 75 75 52 89 36 29 94 32 63 25 60 71 62 84 91 12 42 72 90 11 13 77 6 34 2 22 7 99 59 87 46 17 65 34 11 17 73 20 48 80 94 98 7 7 50 28 19 44 40 82 70 30 59 53 19 52 10 76 69 81 6 95 40 56 30 87 12 38 4 41 52 7 38 63 56 16 88 85 44 40 25 4 62 82 31 16 53 38 82 30 32 3 64 1 30 67 81 81 27 75 42 54 10 64 93 47 22 90 9 78 
58 72 79 92 71 56 63 41 22 66 88 15 7 6 82 42 29 86 76 95 49 37 61 28 78 27 50 59 10 98 47 43 16 2 33 49 42 37 31 57 25 92 54 37 71 25 57 59 16 68 73 92 36 100 76 22 80 16 16 91 53 28 72 49 4 53 9 21 75 64 95 58 94 55 36 31 24 42 64 25 97 69 29 73 59 76 69 17 57 15 65 8 84 19 89 89 77 71 7 83 11 49 78 87 77 74 94 76 98 63 22 70 15 95 79 66 56 75 27 71 94 24 75 52 29 22 52 50 
23 9 56 22 29 97 54 41 69 55 52 58 42 22 23 21 61 1 100 25 97 33 58 65 41 4 82 89 22 67 13 13 55 1 72 78 78 4 79 16 12 70 99 37 41 56 63 83 69 81 57 62 70 69 82 45 84 53 51 99 36 33 64 13 27 92 74 26 90 41 3 74 14 50 65 10 94 24 30 100 44 68 25 89 66 82 59 60 95 58 97 29 71 91 84 64 84 87 82 99 58 76 65 60 43 7 38 68 96 52 91 83 71 2 85 25 78 93 4 96 98 79 85 63 39 21 71 38 
73 32 99 23 27 71 6 88 53 81 42 47 96 85 61 63 62 64 38 17 14 16 34 3 3 99 6 4 57 100 71 89 78 90 69 67 51 13 4 99 1 29 33 65 37 30 67 52 28 16 1 83 10 58 95 78 56 55 67 54 22 79 86 20 52 61 89 20 48 12 57 29 53 57 97 62 85 86 50 22 74 85 52 52 38 10 4 87 96 23 85 67 90 89 99 94 97 37 33 95 58 11 96 100 90 77 45 72 56 29 83 25 19 46 94 49 26 1 85 88 22 50 52 14 24 100 99 35 
19 23 88 33 1 37 99 92 70 24 31 2 8 51 30 48 73 16 72 40 100 90 93 38 4 3 97 95 62 19 44 6 86 50 93 20 11 71 60 95 6 98 97 80 15 17 34 58 27 62 2 90 4 83 70 59 34 53 4 93 9 7 36 17 11 48 7 31 50 50 66 59 72 55 43 21 94 93 18 20 2 31 29 81 22 29 78 60 50 20 29 7 23 22 8 74 75 88 41 22 70 59 40 50 11 75 7 42 8 85 21 73 52 5 72 85 92 83 22 59 15 80 18 52 98 83 38 94 
78 76 5 44 58 26 61 91 21 95 20 2 49 97 100 83 75 26 89 2 27 46 73 51 72 70 29 20 62 39 57 10 16 48 89 36 61 68 53 94 20 27 73 59 47 10 99 88 26 55 58 59 79 58 77 68 18 50 11 63 66 66 40 75 47 3 91 62 66 67 21 24 91 54 85 24 44 85 90 7 9 46 54 32 19 61 25 41 38 100 69 21 70 72 85 63 89 42 87 39 95 53 66 89 5 1 58 31 6 60 95 20 76 9 60 55 3 26 18 8 57 45 32 70 27 23 53 50 
19 51 62 79 38 28 72 69 53 24 40 61 60 94 50 28 76 63 98 73 79 85 82 73 62 1 25 64 35 26 13 50 68 96 57 54 14 18 7 14 60 13 36 90 29 94 2 62 99 37 4 64 80 39 53 73 7 88 35 89 66 23 6 5 99 78 12 19 56 52 21 16 72 46 15 33 35 84 44 54 77 96 46 19 25 68 37 60 84 7 23 74 87 89 16 50 34 26 83 37 100 67 100 18 45 32 40 47 32 47 18 26 41 87 26 96 70 75 24 28 22 4 22 58 57 63 56 14 
80 17 82 77 95 58 84 40 18 79 53 18 67 84 78 28 15 78 88 42 95 12 58 16 72 53 94 11 65 70 16 92 63 43 26 6 83 64 94 16 9 84 47 31 80 16 76 89 98 54 6 88 46 28 42 60 33 73 67 52 99 16 15 74 74 59 94 26 73 23 45 86 53 83 92 76 80 11 76 20 58 66 50 44 36 44 56 37 52 64 45 84 59 33 65 14 41 11 86 75 2 63 45 7 91 20 83 7 44 3 57 41 93 68 75 37 63 40 73 47 91 71 39 23 31 27 24 80 
58 25 95 95 66 16 27 59 73 55 24 37 36 7 54 80 32 2 81 16 53 96 18 4 21 69 41 68 29 6 71 92 92 52 19 79 57 35 34 67 82 93 96 97 52 91 39 78 32 82 62 4 13 98 64 23 38 26 20 32 47 65 22 45 42 46 80 35 58 10 88 23 72 56 33 27 42 31 78 47 99 39 67 16 86 7 68 31 37 73 80 12 55 47 9 81 57 31 9 1 76 96 16 92 42 18 87 97 2 23 78 20 57 27 39 46 10 85 79 88 49 18 8 78 25 88 62 53 
8 26 46 68 83 19 11 28 78 34 61 24 89 27 12 49 85 81 64 87 39 35 61 88 88 40 13 69 90 41 49 88 93 18 59 67 34 60 49 63 41 27 21 22 6 38 3 88 64 96 28 49 37 85 78 58 2 53 60 23 42 70 46 66 13 85 56 14 62 39 9 17 37 27 67 91 79 99 72 74 10 20 59 23 7 27 45 9 38 34 83 10 81 38 84 60 1 85 67 72 14 34 57 58 73 22 66 20 88 92 90 82 55 41 5 92 17 71 83 93 27 18 43 86 100 22 99 23 
16 18 88 25 71 11 56 37 6 100 65 25 16 49 58 60 24 75 47 44 93 64 71 12 6 64 16 66 2 37 75 16 56 75 22 77 76 48 41 13 35 94 41 91 15 40 37 91 56 100 85 83 25 52 41 56 44 1 67 80 87 92 83 81 76 96 95 19 28 53 64 5 71 71 2 35 51 21 69 75 88 61 92 62 25 57 86 72 98 96 24 16 6 28 94 77 92 34 39 73 79 34 43 53 54 67 16 28 64 14 64 43 98 38 61 70 19 62 49 6 88 10 49 61 74 25 60 100 
84 55 97 33 73 14 90 84 39 62 5 30 63 36 68 63 9 93 68 63 81 94 53 26 56 9 27 42 35 25 86 25 35 86 30 26 78 32 93 44 81 100 91 92 78 22 67 6 64 84 84 66 17 85 63 84 52 70 3 60 53 92 1 84 16 19 59 17 72 25 27 29 95 95 78 100 77 17 51 82 4 51 46 33 35 11 70 84 1 70 1 3 88 26 71 59 94 15 59 88 55 98 80 66 53 91 55 87 8 6 45 80 47 13 14 49 75 98 59 52 19 26 64 11 8 65 60 11 
62 64 78 54 61 55 95 36 72 73 65 90 77 82 79 73 31 92 84 14 44 16 75 73 50 97 2 36 78 57 54 91 11 62 48 98 57 92 74 6 34 24 88 33 58 75 88 14 97 55 100 46 56 48 84 16 22 31 84 100 44 38 40 70 29 96 84 74 100 66 55 66 10 63 74 27 75 23 77 59 93 17 64 78 26 59 67 48 19 80 96 63 26 45 67 66 43 7 87 75 53 45 29 47 27 99 37 29 27 48 4 48 64 11 98 51 85 92 68 41 66 13 71 39 13 100 6 46 
22 84 26 68 1 97 98 25 90 9 50 52 15 98 37 47 68 51 100 28 76 38 70 67 74 54 14 98 85 36 8 57 69 74 94 15 55 22 13 7 75 87 2 14 13 50 41 42 82 94 33 78 6 26 29 18 41 90 9 51 30 38 40 3 85 46 81 5 34 58 6 56 71 36 31 18 62 99 22 86 1 60 21 35 39 49 21 49 50 57 4 14 70 45 63 12 81 81 27 67 87 75 16 84 30 96 91 22 82 33 24 18 70 53 41 41 55 29 73 70 38 12 90 63 16 66 60 93 
24 10 64 62 80 38 25 81 6 98 77 80 93 26 45 45 69 18 2 64 15 70 49 15 15 83 22 46 32 45 74 89 53 94 64 4 36 51 14 36 92 29 50 95 90 5 26 81 36 58 36 20 34 80 34 27 76 61 49 16 28 59 43 33 67 81 62 84 31 12 79 44 87 56 63 23 73 39 39 7 13 17 48 17 23 55 97 7 58 89 76 68 30 72 27 72 64 64 55 58 17 28 59 15 5 91 96 55 5 2 25 10 93 5 41 85 34 53 2 71 59 100 64 70 48 95 39 55 
26 71 63 3 77 72 23 58 82 35 21 32 51 19 10 31 23 62 45 4 24 86 31 21 49 10 96 26 1 8 43 97 73 40 74 32 67 10 91 11 24 93 78 11 80 82 83 83 22 83 19 45 57 51 100 18 41 74 9 68 23 31 68 4 22 34 35 8 77 48 12 86 90 9 36 16 35 61 11 75 85 37 36 48 5 11 48 62 54 26 19 91 49 40 76 61 90 83 96 70 94 9 11 55 53 89 37 98 3 99 95 26 27 77 95 91 5 22 10 87 14 87 77 54 79 39 1 77 
23 1 21 85 56 11 2 83 4 55 79 73 19 51 6 31 34 14 64 3 9 12 80 90 61 5 46 64 59 51 79 72 13 5 38 65 34 28 13 99 63 35 90 66 80 60 71 33 75 56 8 54 44 61 14 80 96 38 71 35 28 57 50 9 32 44 81 92 26 3 94 50 37 15 92 2 100 59 86 53 26 60 33 89 16 49 76 47 77 20 58 25 45 81 26 20 60 88 2 80 52 57 2 20 40 78 23 30 83 72 51 93 55 51 40 63 49 65 72 69 68 45 49 81 36 79 86 22 
53 65 8 3 54 75 20 98 79 8 7 26 24 39 59 75 85 97 21 5 87 25 12 100 100 14 26 84 10 52 1 42 42 96 37 51 70 81 21 14 76 55 69 87 20 10 83 65 89 65 7 82 38 27 81 1 16 15 41 99 69 23 29 36 46 42 48 5 98 49 25 48 93 60 41 34 90 94 28 64 14 39 98 68 17 11 7 28 22 25 10 77 19 58 37 15 26 42 89 96 73 22 98 32 59 59 24 54 99 16 6 32 64 63 82 71 14 49 8 100 10 35 45 64 1 33 58 44 
15 8 25 84 43 6 84 40 22 73 65 50 24 74 91 12 71 19 16 94 99 62 3 30 79 73 61 28 27 4 55 15 31 93 21 1 72 84 87 52 100 1 24 89 56 20 13 5 74 89 17 60 31 33 22 13 40 37 58 64 60 98 89 38 65 43 74 36 45 16 96 7 16 92 38 69 93 61 26 50 76 14 45 23 41 13 65 49 54 92 6 6 23 40 95 36 30 32 5 10 70 77 52 50 45 22 10 74 68 59 79 47 21 38 44 74 96 93 41 32 50 21 77 71 74 62 90 38 
67 47 84 55 11 69 22 1 36 69 98 74 88 69 73 75 84 85 12 47 87 68 86 8 22 80 25 8 37 9 99 68 4 11 36 48 11 89 25 26 21 14 71 4 94 23 34 46 79 88 76 88 76 26 63 70 17 83 7 57 61 70 79 46 75 16 76 21 34 94 76 69 40 14 84 83 56 70 99 39 66 13 43 4 11 48 65 92 13 57 81 43 94 42 23 62 89 74 98 57 47 40 54 1 68 35 10 56 6 37 15 3 100 54 72 100 38 12 31 19 63 17 5 96 11 62 30 50 
34 43 78 59 67 8 58 10 38 86 13 38 82 48 58 91 21 58 2 100 84 91 39 85 19 66 70 6 71 83 53 20 35 2 86 19 42 83 81 55 15 52 44 42 1 24 78 66 16 90 56 13 2 53 75 88 77 26 64 4 34 29 42 68 89 52 41 50 8 20 47 63 46 96 71 48 72 40 51 11 4 61 92 95 59 73 44 49 92 53 58 15 86 99 46 26 80 77 75 95 65 28 83 39 66 48 46 89 89 10 91 5 15 72 83 51 8 57 63 20 42 98 41 16 6 12 88 74 
20 99 50 29 94 59 37 95 92 17 23 97 29 14 34 99 40 61 100 89 78 72 40 30 47 92 28 24 53 82 93 2 22 2 69 43 70 74 23 98 8 83 21 29 31 1 67 58 50 16 57 10 67 3 89 58 43 19 76 22 27 78 4 70 27 85 13 14 44 38 100 71 53 31 93 73 29 42 21 42 59 57 25 52 2 96 85 100 53 12 48 100 55 85 28 41 54 2 6 71 67 82 55 86 93 34 72 52 34 100 68 57 86 34 4 61 13 75 32 74 23 42 60 1 59 2 62 5 
90 4 72 85 63 44 13 66 24 12 16 32 51 50 7 8 32 94 54 69 100 20 58 92 18 75 86 25 59 5 91 64 60 48 55 18 46 22 93 9 76 89 29 44 21 53 91 56 53 15 42 33 13 74 58 62 62 77 7 14 37 79 25 40 92 41 22 68 12 33 83 96 57 11 98 63 25 60 84 44 52 94 22 42 85 29 13 27 29 29 77 14 1 26 14 54 19 51 93 51 63 3 34 29 61 73 54 28 63 73 18 53 75 2 74 47 64 66 42 89 86 66 69 69 97 21 18 20 
11 22 40 66 42 30 52 4 90 53 18 96 94 51 4 16 49 73 87 19 90 12 39 71 30 87 41 55 87 40 36 14 18 56 91 16 30 79 1 88 66 46 73 10 77 81 12 39 41 79 59 40 2 60 13 18 25 41 68 77 40 29 53 8 79 81 44 74 13 42 47 7 4 26 92 9 32 43 93 53 53 19 50 2 84 66 49 22 96 34 32 51 23 40 21 12 48 71 62 3 86 28 5 43 68 25 42 18 89 36 96 79 32 43 87 4 23 42 88 80 34 5 59 87 25 41 51 21 
28 44 31 65 70 41 14 47 91 46 13 32 4 58 71 73 85 100 4 71 41 4 5 100 96 88 58 42 68 60 39 28 58 75 13 93 67 66 45 35 86 28 12 31 69 30 88 97 31 36 76 36 6 22 21 16 4 19 5 2 83 45 14 42 96 51 46 33 9 63 73 15 28 72 58 25 57 26 51 90 98 90 13 54 83 1 26 33 44 65 42 13 96 89 6 72 33 33 35 69 57 44 87 67 59 99 83 30 68 75 48 50 21 44 49 41 75 16 97 75 46 11 57 24 2 13 51 37 
77 85 35 4 41 42 15 40 25 92 15 33 93 18 28 38 34 91 19 65 36 94 41 44 43 88 40 35 4 20 42 7 27 100 39 55 71 30 90 21 78 42 4 5 18 82 14 1 37 18 66 16 20 29 59 14 70 60 65 97 98 58 11 3 94 52 3 60 95 26 16 63 14 86 89 27 67 83 98 57 34 23 42 51 96 8 31 79 51 51 67 57 17 24 20 69 29 25 74 56 96 4 53 89 35 6 85 34 81 58 90 74 25 85 11 54 21 9 86 59 58 9 56 11 5 98 37 23 
93 94 28 50 95 30 77 52 17 72 92 49 38 54 37 27 40 59 52 74 37 15 25 56 86 94 83 74 30 33 66 62 90 11 3 25 77 62 2 99 55 72 22 81 86 44 91 80 20 23 53 4 64 25 84 17 2 29 58 62 26 63 26 78 98 11 55 15 86 64 78 57 66 45 29 63 63 98 49 22 7 85 66 46 40 44 100 72 91 73 49 69 7 27 89 22 30 12 36 52 70 48 74 59 67 94 12 54 45 87 85 86 42 59 36 69 58 30 26 10 66 46 80 95 70 51 10 5 
87 94 12 92 65 16 11 6 84 8 72 30 16 39 79 2 24 21 61 57 72 94 54 71 43 49 32 93 80 84 17 14 16 35 97 66 73 20 83 92 45 26 63 72 97 71 34 100 87 13 92 20 95 23 80 27 58 30 85 85 9 67 96 12 19 1 96 76 85 37 59 71 59 55 14 86 78 9 12 17 94 15 100 50 24 99 39 13 55 66 92 8 74 63 70 90 60 92 62 56 89 52 39 27 5 7 14 26 53 48 94 100 40 37 88 49 22 93 78 33 87 68 49 86 41 39 40 12 
72 9 33 8 92 70 68 99 9 11 76 68 39 47 72 20 73 52 10 92 65 14 87 31 14 72 18 81 74 10 12 51 84 44 100 50 27 99 80 7 77 23 78 11 97 41 85 44 14 48 90 27 49 56 58 26 72 23 89 66 75 98 88 64 22 22 96 28 28 78 23 98 93 90 67 63 89 47 95 20 87 40 15 60 7 90 31 58 70 79 59 82 31 70 28 2 62 89 50 31 33 89 35 94 22 13 13 14 54 9 24 78 62 83 34 69 60 54 75 65 46 43 99 18 13 37 15 1 
89 48 61 14 76 2 46 57 58 95 41 65 60 10 56 5 22 58 36 58 80 53 50 68 36 15 53 21 27 71 20 57 42 3 97 14 14 62 85 9 40 99 86 73 93 64 70 36 31 69 33 63 8 6 83 62 20 12 50 82 67 4 47 27 98 1 19 100 4 40 8 78 11 68 89 11 44 38 3 26 95 83 55 24 36 53 4 22 27 19 52 56 64 44 82 10 84 26 76 46 72 50 15 16 24 46 1 90 49 97 26 10 80 47 66 99 80 14 24 85 91 96 29 19 13 42 63 49 
36 82 28 80 31 94 59 89 9 20 25 77 9 59 64 27 16 1 91 43 81 11 73 59 86 89 18 85 97 49 28 17 2 90 17 26 24 4 79 47 78 46 48 9 63 96 86 49 83 80 72 42 90 68 50 35 58 41 82 75 78 43 18 27 34 89 50 92 7 39 88 85 91 21 96 14 60 93 97 62 9 63 47 90 85 74 39 83 58 45 57 63 4 59 2 100 72 20 32 43 29 30 66 43 56 70 45 16 1 85 70 8 98 54 20 53 5 69 10 84 88 87 75 20 63 36 64 30 
84 8 11 45 8 63 69 75 17 35 72 40 52 50 14 56 7 51 95 46 91 94 95 100 91 46 14 18 11 65 52 1 46 83 53 36 28 75 7 14 7 71 5 2 82 43 22 28 2 96 41 5 1 65 41 97 46 81 6 82 18 79 58 9 6 27 11 43 17 11 24 31 46 47 42 64 43 49 89 82 86 3 98 42 88 62 10 40 22 3 61 55 84 92 38 47 18 39 8 49 100 57 37 22 83 56 98 28 39 56 59 48 18 11 28 41 78 71 8 31 42 30 87 16 71 9 7 42 
4 22 89 29 35 62 57 57 43 71 48 47 81 90 40 18 37 26 8 30 27 56 12 84 92 82 19 1 95 48 30 24 84 70 49 57 8 81 30 38 77 3 2 24 39 100 50 91 33 76 100 86 89 28 14 31 22 80 62 7 26 51 1 55 16 5 52 68 27 42 93 55 42 81 1 47 6 41 46 31 34 69 5 75 33 13 44 10 84 7 41 85 70 79 86 18 42 85 38 27 46 11 31 96 11 33 69 84 74 73 41 1 59 9 35 94 78 79 66 9 90 94 3 3 84 25 100 66 
71 72 97 38 74 93 54 1 66 16 61 56 85 44 57 64 18 12 91 28 92 85 84 54 39 85 39 32 70 57 89 89 96 5 74 45 99 47 28 15 35 62 74 10 58 61 96 38 36 4 98 42 86 30 13 22 18 70 13 74 36 22 59 21 10 99 56 24 62 14 58 50 58 86 83 62 64 1 76 4 33 96 48 83 24 31 59 99 34 80 9 1 59 36 74 64 60 92 37 8 92 33 58 65 8 4 13 63 16 8 85 23 49 69 39 37 75 48 11 86 76 46 38 86 63 10 66 52 
93 65 3 1 11 26 2 28 78 28 99 34 8 87 81 31 51 79 91 22 12 4 32 77 22 89 28 45 98 82 81 90 23 72 93 45 10 49 87 95 6 14 89 86 86 4 58 5 14 67 83 87 14 73 27 33 75 3 94 50 41 43 30 39 24 48 3 62 60 97 24 41 22 68 75 28 42 2 89 48 48 57 94 89 98 69 84 60 87 11 96 52 13 48 45 78 39 11 1 42 65 27 5 39 52 30 13 30 19 41 92 48 43 64 31 12 17 34 94 58 51 70 49 5 43 17 63 38 
83 16 52 2 48 9 33 7 23 42 76 50 62 97 32 34 22 12 35 33 9 73 98 58 67 2 69 18 61 36 5 46 26 12 66 48 17 34 38 77 19 43 77 29 21 59 28 53 38 3 92 64 9 33 70 15 16 87 32 7 91 66 20 29 12 67 58 7 54 57 85 44 54 29 68 80 100 95 86 75 4 52 8 77 69 91 51 4 85 79 56 72 85 69 40 75 42 90 60 90 46 5 93 38 69 76 86 51 95 38 87 25 52 53 56 24 48 28 98 20 72 19 39 76 67 9 82 2 
7 81 13 29 47 100 7 60 73 24 76 87 67 57 50 77 11 100 67 29 10 47 5 83 7 14 88 9 2 2 22 100 89 80 31 36 62 40 33 64 17 43 71 38 5 19 26 23 36 4 100 49 18 59 14 57 70 56 76 59 39 9 95 26 71 21 29 36 18 33 9 66 9 16 52 47 36 38 9 89 94 28 50 40 12 55 73 73 44 83 78 34 77 83 65 14 60 35 44 99 17 23 82 58 12 57 21 9 50 82 84 61 67 80 35 84 55 36 84 53 11 67 58 8 71 86 60 24 
90 30 5 77 71 88 98 30 16 34 29 34 9 6 92 87 1 46 37 42 99 37 42 48 24 42 58 25 27 100 28 76 91 32 78 8 97 71 44 83 64 16 53 56 96 67 55 98 84 13 64 12 47 61 30 94 52 86 100 43 58 13 3 89 94 37 7 66 59 55 8 27 100 51 91 36 47 54 11 92 74 92 7 27 2 94 36 88 21 46 15 49 28 79 19 90 45 58 75 82 66 48 37 64 17 64 73 53 52 98 22 11 54 46 72 28 43 76 79 94 16 71 65 71 55 58 34 5 
40 87 19 75 14 95 100 50 92 14 71 13 95 99 97 11 6 2 32 92 44 8 100 97 25 41 35 54 79 15 65 74 8 41 18 27 90 46 54 84 51 32 80 27 44 29 30 72 55 37 75 34 69 87 2 18 5 29 45 57 8 72 49 73 74 42 96 18 15 26 22 47 48 34 23 63 45 9 29 16 35 70 1 31 42 97 95 91 33 86 60 25 20 11 15 11 77 18 48 67 3 84 33 79 22 97 23 54 78 2 85 34 32 78 36 72 56 8 75 79 81 92 45 40 74 63 88 7 
56 69 2 64 38 45 77 83 2 39 41 64 46 64 96 36 89 19 6 52 58 78 7 21 28 28 22 54 23 63 28 79 99 40 61 79 63 28 36 77 87 4 79 85 59 57 83 26 96 100 12 18 72 73 29 42 48 10 89 9 13 61 38 83 40 9 2 36 71 15 40 11 42 80 69 87 85 67 98 41 54 65 96 5 39 90 13 93 72 17 49 13 41 28 58 66 47 60 31 58 79 74 46 89 5 36 11 70 89 76 16 6 80 51 66 93 5 81 51 53 72 99 7 73 20 6 95 22 
62 40 61 64 96 69 85 21 40 19 2 24 12 54 73 5 4 34 82 78 21 41 13 68 73 83 96 26 91 30 48 56 100 36 69 94 9 4 100 93 27 9 48 71 88 31 69 62 41 44 54 28 46 89 65 13 35 54 52 33 89 41 36 34 17 34 80 34 31 7 48 45 68 60 77 72 93 8 54 32 36 76 28 93 37 18 93 25 69 20 17 63 94 82 34 38 20 74 75 23 72 34 79 70 78 95 83 3 23 93 22 77 88 78 64 72 70 98 95 80 61 60 92 100 52 4 29 78 
73 21 28 32 1 89 98 75 72 27 57 58 49 51 14 29 54 92 46 89 69 65 70 89 15 47 71 38 79 31 20 78 5 61 61 56 41 75 47 91 27 97 11 97 43 55 87 37 40 17 48 40 43 52 67 100 79 100 91 12 52 77 55 79 28 49 99 73 48 86 36 65 11 93 16 100 60 4 30 72 54 72 87 63 81 100 30 24 58 3 81 39 58 77 96 12 25 79 92 91 85 63 21 2 65 52 32 17 96 46 78 91 76 25 81 88 94 96 25 74 94 21 79 30 46 44 48 91 
26 22 88 20 74 100 18 19 65 36 34 40 59 87 97 8 81 41 97 42 35 15 44 8 84 48 57 9 4 100 33 78 62 78 43 78 40 66 88 70 83 5 79 11 75 7 7 71 10 44 35 70 1 71 94 73 93 82 22 56 46 73 75 72 18 87 80 21 5 75 95 7 42 57 23 15 89 93 22 33 25 94 70 56 98 27 9 25 9 53 74 5 28 52 59 81 33 10 27 88 77 39 28 31 27 94 91 5 52 6 41 28 73 4 56 57 13 5 92 28 82 40 80 38 51 88 99 5 
57 40 80 20 72 30 45 45 85 82 39 96 72 12 27 74 33 2 63 31 53 27 74 86 70 72 87 67 24 50 64 51 75 15 95 3 43 51 79 15 92 88 12 1 34 98 91 36 87 14 13 73 18 38 33 88 81 43 86 81 98 33 3 89 93 14 76 39 79 56 7 78 37 86 36 59 28 63 18 26 14 66 83 48 77 54 60 83 47 30 88 29 42 52 29 8 70 68 39 70 45 80 78 80 28 31 90 61 19 59 10 31 3 76 40 97 67 2 80 24 39 31 21 19 54 13 95 40 
93 31 36 85 5 9 30 36 94 55 53 22 85 8 56 59 100 42 84 78 12 76 34 99 40 16 70 97 31 85 53 71 43 21 55 42 73 51 83 17 76 10 52 26 90 96 69 87 70 32 90 41 50 19 82 42 81 27 3 10 47 82 16 93 2 12 58 33 46 2 54 32 60 91 97 74 1 13 85 81 40 28 66 13 97 96 15 83 52 83 54 11 23 8 92 36 18 96 10 60 69 37 54 78 52 95 60 57 14 6 19 46 1 75 32 59 11 37 63 17 59 4 39 35 2 19 34 52 
77 86 42 89 44 71 82 4 91 52 23 22 2 14 49 95 96 15 57 35 83 65 56 85 76 20 54 16 17 47 7 89 17 93 2 50 46 69 23 70 45 96 80 20 20 25 30 43 59 56 16 82 2 10 80 73 42 34 96 52 78 46 15 95 70 77 71 56 34 78 10 72 57 43 72 49 29 74 8 68 19 20 68 38 48 59 72 83 80 81 73 33 20 85 50 98 79 76 59 5 42 26 84 25 97 27 57 51 27 83 40 64 85 79 34 89 32 87 53 5 72 62 71 12 75 68 65 6 
51 21 92 8 72 73 100 92 4 50 81 46 43 52 91 72 7 60 22 78 88 57 39 67 46 88 35 62 38 28 71 64 29 28 76 50 53 53 15 56 6 47 66 51 33 5 22 1 83 36 41 72 35 30 73 64 57 69 81 93 6 47 20 33 87 11 68 14 64 64 31 1 22 58 35 24 93 92 88 97 13 25 46 99 86 12 97 53 40 41 86 68 75 84 62 64 48 52 91 4 72 2 14 50 2 59 24 43 41 39 13 52 35 50 54 90 71 10 46 35 31 26 95 22 85 84 22 8 
86 14 70 91 54 39 79 68 2 84 1 80 78 33 41 49 54 100 28 14 54 64 77 68 45 11 83 84 69 77 62 9 30 44 49 41 27 59 11 43 88 10 65 66 81 52 31 58 96 31 7 58 12 35 52 19 20 79 37 64 73 16 88 21 60 77 43 57 7 79 28 23 65 33 45 29 44 72 28 65 98 34 99 10 28 90 48 79 41 80 25 80 7 44 79 16 85 73 11 76 30 1 2 73 77 46 58 12 70 7 27 78 61 32 47 62 90 5 76 90 59 72 38 37 70 29 88 15 
43 16 9 36 75 80 37 30 5 19 91 88 77 62 68 78 82 17 34 93 79 27 99 40 78 76 44 93 19 18 81 8 60 74 65 28 1 3 24 98 33 78 89 63 11 64 21 6 73 1 9 29 9 48 42 23 24 54 21 11 8 55 35 19 14 45 32 98 53 38 86 87 51 12 33 33 33 56 38 61 91 57 99 39 97 37 8 81 41 99 76 72 69 55 40 91 31 15 11 16 84 93 5 55 81 51 65 87 74 27 24 53 25 15 75 35 24 39 46 50 93 49 89 83 51 28 2 100 
14 11 98 84 59 16 16 9 27 53 52 2 90 46 33 8 16 39 5 61 99 15 3 75 4 13 13 16 99 21 65 91 18 29 1 86 27 48 18 2 62 61 82 85 6 50 16 73 25 36 99 73 18 39 6 100 73 83 60 30 99 95 99 64 17 84 19 71 16 12 68 97 58 46 86 73 90 47 73 82 55 85 39 1 87 76 88 13 47 86 22 26 33 20 72 29 38 13 18 52 7 37 23 38 42 34 50 34 84 72 93 37 23 51 34 58 20 19 7 48 16 100 10 15 60 43 91 8 
95 95 92 41 35 89 68 62 65 12 41 69 43 38 59 27 47 42 74 54 74 38 95 37 19 80 36 88 5 13 73 26 93 33 23 37 45 37 4 29 93 69 96 5 84 57 54 16 77 2 61 48 67 15 36 50 19 1 36 86 15 100 39 27 48 83 50 53 98 3 91 77 37 65 45 15 48 86 29 66 5 5 99 98 27 26 74 79 90 43 41 67 80 96 40 69 88 24 79 84 27 55 34 47 32 20 84 100 34 89 29 82 62 92 29 20 15 92 46 44 29 73 23 17 98 4 21 7 
55 65 44 70 2 28 17 10 92 27 15 72 35 67 83 6 21 6 18 86 31 89 26 34 1 93 41 24 49 25 25 4 83 47 14 42 11 12 35 60 98 62 84 83 9 22 61 21 33 30 89 42 3 49 77 56 14 79 46 54 40 92 23 35 86 66 42 43 89 100 91 37 90 11 1 63 12 62 83 21 18 85 13 58 52 56 12 86 18 100 48 71 59 23 7 38 34 16 19 62 3 59 50 70 45 94 18 23 23 26 53 34 86 43 1 67 20 73 47 61 76 95 2 18 53 2 31 20 
37 94 44 82 3 79 52 65 24 32 66 82 1 66 22 76 22 62 83 95 26 82 36 6 19 34 59 88 23 19 57 47 90 36 40 66 81 73 35 53 17 44 7 95 80 53 88 74 33 30 97 31 53 16 7 47 22 51 18 25 99 42 26 72 5 35 19 9 4 32 93 7 6 54 14 18 35 70 54 6 67 88 1 96 23 54 73 5 82 29 11 43 23 78 98 80 33 98 43 12 50 93 16 56 28 99 73 74 16 92 69 21 59 1 48 86 95 72 19 68 82 59 27 90 44 26 97 64 
88 96 4 55 98 52 38 15 92 27 86 47 13 59 35 15 61 51 10 88 66 97 46 41 26 59 78 10 52 38 76 96 37 62 3 65 47 3 48 97 29 24 76 6 45 63 33 46 92 76 88 18 49 53 98 59 19 37 35 67 34 11 95 88 19 19 70 50 77 65 49 71 72 71 5 94 74 46 89 13 37 26 48 82 29 46 100 11 74 3 68 75 73 24 72 55 38 49 91 34 37 71 46 67 83 39 13 9 82 70 73 13 28 62 43 100 80 86 34 92 44 69 15 12 95 38 26 45 
33 22 34 72 95 84 96 86 65 100 20 70 97 21 10 52 33 91 83 63 35 46 43 15 26 40 60 70 53 2 95 100 46 56 27 62 71 94 43 75 69 38 12 20 53 93 70 53 73 97 6 15 37 98 39 76 93 26 98 18 66 73 18 20 66 55 91 39 39 40 93 92 31 59 47 19 57 30 42 98 48 22 76 35 42 51 13 89 97 55 39 89 33 19 26 68 78 48 1 88 27 50 33 82 99 16 69 100 94 26 37 83 96 27 91 32 77 49 15 46 84 34 90 17 16 45 61 19 
9 88 66 18 87 54 71 93 53 34 72 48 1 80 87 39 46 48 82 18 34 48 2 24 61 3 92 76 93 73 65 63 82 47 83 6 94 48 92 16 98 42 75 16 18 86 50 25 2 49 25 18 48 42 65 12 33 54 13 76 60 38 68 21 10 41 91 70 5 1 30 80 90 68 8 96 86 11 63 77 77 66 79 21 61 44 47 86 86 28 85 15 100 64 93 32 49 64 83 48 46 56 69 35 86 65 37 7 41 23 88 20 94 34 33 24 34 24 66 95 65 25 57 93 35 12 31 90 
99 83 47 38 59 65 16 42 94 4 60 34 1 8 33 47 44 86 33 55 92 7 88 97 98 64 78 12 72 59 44 83 8 65 84 43 2 27 29 16 66 18 85 74 1 26 44 76 27 9 43 68 8 28 95 3 26 72 48 61 40 1 59 5 80 34 80 63 30 79 64 84 87 55 27 24 31 17 58 96 67 26 72 75 80 60 58 6 46 91 64 81 13 6 1 3 90 92 84 30 5 21 78 96 97 79 85 67 98 25 68 98 56 62 43 42 32 85 61 88 80 37 58 54 98 69 17 52 
21 95 26 86 92 92 45 28 57 47 57 55 94 33 20 39 98 53 35 10 8 100 18 76 64 47 17 24 78 32 68 72 6 10 92 77 57 83 15 67 58 95 63 14 29 58 73 92 57 70 95 77 93 54 52 55 44 30 65 17 42 48 95 38 14 84 60 75 40 36 69 40 53 33 47 47 32 36 42 76 30 64 14 28 37 19 75 46 17 43 95 25 18 100 79 84 54 15 15 41 45 56 22 26 63 85 13 82 92 46 35 61 41 64 7 43 92 68 11 18 56 54 72 44 38 75 7 22 
61 85 50 45 95 91 44 72 58 44 34 14 79 51 60 70 97 11 80 60 89 53 73 40 31 99 87 64 40 3 62 18 10 62 70 63 43 23 17 11 90 79 20 14 67 44 11 80 1 95 56 32 8 47 18 6 82 69 95 36 50 40 50 49 55 30 44 24 37 29 11 44 72 7 4 30 23 92 11 52 95 78 64 88 65 92 75 53 30 92 76 63 85 19 71 26 7 46 73 8 79 40 26 94 42 14 1 29 84 59 48 16 11 63 69 9 24 68 72 88 83 98 12 61 73 38 32 37 
37 76 25 52 11 49 24 71 4 3 12 88 66 89 35 96 42 56 44 3 86 34 43 69 30 83 29 94 90 73 56 90 14 72 31 8 98 89 25 60 71 69 49 22 24 36 72 22 32 37 75 30 28 32 7 45 34 90 81 21 78 68 38 48 23 70 10 69 83 13 16 25 62 79 13 23 28 12 91 93 24 80 99 26 74 96 87 52 34 96 57 62 19 20 49 78 72 91 16 84 19 98 74 53 17 67 92 78 57 83 20 19 76 63 97 7 14 15 72 96 23 53 6 40 6 16 42 65 
90 97 54 11 59 73 58 72 74 4 55 68 13 79 22 27 1 81 46 44 40 24 15 78 58 51 80 94 83 36 26 67 62 69 76 80 72 44 60 80 83 11 85 2 48 20 70 68 98 91 57 71 22 19 32 99 26 63 40 76 1 31 52 24 19 6 89 39 62 3 28 22 88 18 81 31 93 45 25 82 98 93 89 99 63 66 4 41 88 8 5 66 56 66 35 50 15 44 76 60 7 36 12 4 10 43 12 62 68 53 90 6 55 17 28 96 61 17 100 40 99 94 22 93 59 7 38 81 
9 59 8 96 68 85 58 57 24 90 93 15 34 92 2 75 84 17 53 97 37 27 9 71 72 78 2 39 66 86 27 10 11 81 13 72 78 14 26 35 8 15 9 57 48 77 85 22 59 58 46 24 28 54 90 63 33 22 96 37 86 27 5 58 3 88 76 88 46 84 27 38 52 78 32 70 82 85 74 97 24 30 13 22 77 1 44 65 86 54 54 5 44 14 60 89 3 62 72 99 14 12 60 86 41 81 88 15 52 40 45 6 69 86 2 40 54 96 38 35 81 62 54 58 29 98 91 85 
78 18 85 8 29 71 99 71 81 88 67 49 78 29 61 12 61 52 37 5 49 41 66 60 53 53 8 47 81 29 85 91 82 82 39 59 77 75 65 5 100 58 40 31 86 60 62 52 46 28 29 22 71 41 22 37 68 96 10 64 37 86 25 65 68 65 21 12 44 40 5 46 57 22 23 95 48 42 65 99 94 45 95 21 64 93 90 7 11 70 6 71 6 33 58 40 89 49 41 86 22 15 83 94 20 37 75 98 41 77 29 91 2 60 60 98 44 37 99 2 46 88 24 98 96 71 96 79 
9 32 8 19 18 53 62 94 63 79 92 62 87 42 20 8 60 89 79 8 15 28 28 80 89 50 80 26 70 52 64 2 18 27 77 1 21 2 86 15 14 11 97 73 10 95 14 20 39 20 45 77 3 28 63 54 2 81 32 87 87 47 50 12 80 46 98 29 49 70 85 24 97 8 47 4 4 11 46 90 98 96 47 26 11 42 77 71 64 50 61 95 73 87 71 98 100 91 33 71 25 24 58 62 16 25 58 43 43 64 72 26 89 67 56 27 44 34 63 93 53 47 45 15 31 56 5 26 
3 87 80 44 17 13 64 63 45 70 6 20 72 99 36 26 89 65 45 45 48 91 69 85 88 45 40 28 94 12 5 49 87 24 30 25 53 41 60 14 60 46 40 82 45 84 64 28 58 72 26 5 63 5 72 35 67 57 60 45 34 49 59 56 86 19 22 25 53 50 17 23 4 67 41 84 95 56 7 30 69 76 85 64 13 48 36 10 20 9 26 49 82 82 4 40 80 16 82 51 7 34 82 64 67 50 53 80 95 92 56 63 75 3 100 78 74 78 85 31 67 65 74 9 11 19 22 40 
83 88 61 57 3 58 60 49 15 56 15 43 81 20 59 82 34 9 88 22 10 26 83 57 69 49 17 7 99 61 20 7 76 14 2 51 2 28 90 37 27 87 90 70 78 94 89 8 62 29 45 87 22 25 22 86 72 44 11 61 33 70 67 15 44 51 72 28 4 98 79 32 44 10 23 16 2 62 80 76 2 36 99 51 49 95 30 88 44 2 88 61 79 27 72 14 45 67 44 55 21 67 49 94 55 77 74 81 86 23 12 100 34 13 16 8 100 30 99 5 56 25 8 16 45 80 36 75 
81 70 46 13 49 32 59 9 35 95 14 34 83 80 48 26 45 34 19 28 57 23 95 95 42 34 73 93 98 88 96 52 67 39 78 84 18 80 7 56 91 41 69 18 7 16 45 40 84 57 17 95 93 56 63 31 61 69 68 90 5 93 92 72 21 33 12 11 65 89 69 54 72 12 60 84 78 32 11 14 38 22 53 97 64 77 22 9 54 58 12 19 45 46 69 5 44 26 66 30 46 39 47 68 16 61 59 41 84 77 8 31 81 51 6 94 59 98 4 61 57 87 59 42 60 33 45 7 
42 90 100 96 93 55 1 14 18 27 56 73 79 61 100 64 20 67 14 15 75 62 76 69 35 1 99 31 90 78 57 34 69 42 81 67 28 100 71 76 71 70 16 68 28 78 11 76 55 39 36 31 56 92 88 16 1 52 3 16 93 37 74 70 93 76 54 13 76 73 41 32 71 41 69 84 52 14 41 93 52 7 81 13 25 70 53 17 9 100 60 6 9 96 67 94 78 34 90 96 92 41 74 86 65 2 45 33 75 49 71 83 86 100 41 76 15 95 18 73 30 40 74 62 32 4 37 74 
97 20 56 5 55 95 6 50 21 56 15 58 44 71 4 49 21 75 67 54 61 19 68 80 25 100 57 27 81 59 75 13 33 60 41 67 79 9 17 82 33 8 30 98 81 59 87 15 91 54 99 22 5 45 80 33 23 79 37 40 14 52 38 22 22 73 9 12 3 52 53 45 25 78 97 20 84 61 89 25 43 51 26 85 88 19 96 61 46 1 27 58 30 30 50 46 36 51 14 80 27 3 99 3 10 41 62 24 89 76 90 12 91 57 67 34 47 18 70 42 72 88 72 91 92 8 14 10 
93 51 39 3 23 74 41 34 64 8 25 70 42 64 95 65 71 11 8 43 77 21 79 12 85 11 63 6 67 64 75 91 89 23 8 77 30 72 93 9 92 86 85 44 88 37 30 9 4 100 56 65 99 87 71 54 89 55 71 28 67 30 55 11 50 26 18 65 62 79 97 63 57 48 80 18 2 44 83 73 57 88 23 72 80 31 100 25 33 52 56 73 35 56 4 60 3 17 34 67 98 50 70 88 78 60 56 60 53 31 73 34 3 88 23 60 13 27 23 36 94 63 51 6 32 89 30 43 
88 42 5 96 9 51 14 8 19 57 63 40 69 48 62 8 89 18 34 40 65 29 59 37 54 68 7 94 9 5 56 72 6 89 49 42 76 55 25 89 24 56 10 5 70 79 46 58 30 86 87 40 64 10 36 3 1 60 63 42 91 23 81 92 27 71 64 3 83 27 94 55 95 83 89 54 38 76 69 4 8 68 3 96 72 77 19 68 65 36 29 32 23 26 30 57 95 60 79 90 13 20 58 2 71 10 45 18 15 79 99 39 25 56 37 9 40 90 81 20 61 92 20 12 1 52 96 65 
76 17 16 57 49 62 43 26 95 51 76 4 14 6 15 23 73 42 71 15 27 4 77 78 63 21 82 13 6 88 56 52 26 75 65 44 24 81 53 13 83 13 57 6 10 16 17 91 98 19 39 59 50 84 83 88 76 55 61 62 46 84 75 45 43 7 49 83 62 78 61 18 33 88 50 70 45 99 44 63 93 56 72 59 36 99 96 19 33 54 61 18 79 19 73 17 35 59 40 15 60 93 42 44 37 8 87 81 41 99 61 60 14 93 73 24 81 38 2 85 1 98 69 66 47 76 56 63 
62 51 39 7 13 42 9 97 36 65 29 37 18 90 40 100 34 99 69 48 31 39 70 59 21 14 32 24 46 41 39 1 97 60 75 56 59 70 44 100 55 45 1 45 100 41 38 33 39 58 61 35 98 32 57 22 8 16 89 39 3 74 38 40 30 41 51 12 43 49 2 55 22 22 47 70 29 70 73 44 98 93 51 87 40 34 69 68 94 47 48 1 100 42 50 61 35 38 12 27 7 85 23 29 71 81 71 56 54 63 41 70 66 57 10 22 8 9 61 91 95 85 5 87 88 3 48 61 
77 37 42 48 100 33 96 2 18 79 22 61 72 17 37 4 13 3 21 89 42 93 36 26 80 16 23 70 53 43 61 33 39 34 60 49 17 99 37 60 56 58 90 31 24 18 68 71 2 74 29 14 97 75 50 30 61 10 60 58 6 98 14 91 88 33 23 49 4 56 13 40 5 75 75 70 89 99 23 82 40 78 36 26 100 9 87 29 24 13 86 75 93 93 4 72 5 45 94 75 3 54 38 56 88 53 41 18 57 81 44 76 39 55 96 23 63 32 69 72 33 98 49 86 60 79 23 3 
34 6 56 94 16 88 45 25 86 59 50 17 62 2 52 21 29 70 16 40 57 77 85 46 9 72 32 19 29 54 96 43 80 46 50 78 83 61 78 41 17 30 71 93 52 42 93 16 91 68 4 43 73 5 14 67 62 40 83 65 90 85 69 99 8 84 11 58 58 99 54 100 28 2 4 84 81 77 7 62 44 18 62 34 12 46 74 63 92 59 51 10 33 68 53 59 89 96 17 10 20 74 3 2 4 95 91 57 84 34 72 16 49 99 28 40 49 51 72 33 10 24 76 45 14 21 64 17 
97 81 33 39 47 56 88 73 33 99 16 41 59 62 14 14 95 14 5 13 95 52 100 50 32 53 21 55 66 61 49 15 17 65 18 86 47 18 47 98 31 38 34 49 75 38 62 11 82 9 41 63 57 4 56 35 89 29 34 41 66 61 38 79 92 21 91 9 21 63 76 36 81 80 89 5 11 92 79 40 4 77 95 25 86 53 88 66 22 47 85 13 18 8 62 58 55 26 49 53 79 46 19 68 54 36 44 99 38 74 8 95 41 33 11 91 91 64 49 8 3 74 13 35 46 5 4 53 
55 20 80 24 69 53 97 96 98 94 53 89 57 74 91 87 45 39 22 75 97 99 73 47 13 61 58 37 50 88 62 75 30 38 20 46 18 22 68 35 10 75 56 74 21 54 96 12 58 72 58 9 12 1 19 56 36 25 7 60 14 93 16 59 28 48 27 87 5 90 42 19 83 19 22 52 25 1 37 25 59 31 95 41 51 68 20 20 93 75 52 74 73 36 22 15 22 31 32 73 72 38 75 58 11 24 71 29 60 21 77 17 56 73 3 100 39 39 58 25 84 6 66 66 2 84 45 94 
50 37 56 35 21 23 64 4 75 90 5 22 57 26 80 27 73 91 68 32 14 39 28 30 82 88 2 60 91 30 28 55 27 9 39 88 80 29 72 43 14 49 83 50 22 72 33 23 75 64 25 46 21 13 18 16 49 27 46 80 58 11 98 95 82 86 37 63 55 44 82 100 94 24 97 50 86 95 62 27 97 73 45 18 45 46 80 51 70 55 33 87 36 71 63 50 77 54 21 65 100 10 80 55 93 62 95 32 89 10 37 9 54 12 41 23 45 41 100 43 28 72 36 55 53 54 75 94 
79 71 31 74 16 67 73 42 67 83 65 87 82 47 87 14 20 72 62 35 29 88 52 85 50 1 78 40 50 26 5 2 10 67 13 30 75 91 31 78 38 94 24 26 13 33 7 78 63 60 1 58 52 58 30 34 12 44 46 12 1 2 33 65 99 28 2 72 71 79 7 2 31 67 23 61 49 100 5 8 88 29 45 84 73 16 87 33 36 66 53 77 27 79 7 48 4 90 32 25 20 39 47 73 90 79 35 91 4 66 37 36 56 72 61 57 57 65 38 98 75 68 61 28 71 95 47 10 
47 6 34 28 69 65 98 37 36 18 44 80 89 95 52 84 10 47 42 70 86 70 16 66 98 20 83 77 2 49 73 90 51 19 96 23 57 12 80 99 73 85 80 57 100 99 95 17 11 83 21 16 25 87 23 15 77 94 65 45 47 49 22 43 53 86 29 53 75 55 31 82 89 98 18 85 32 11 8 81 33 62 58 30 79 91 26 98 53 78 76 19 87 2 91 89 46 62 8 80 97 93 71 84 95 41 88 81 2 40 75 82 56 5 32 19 68 99 28 43 84 73 59 47 10 22 29 29 
26 67 96 3 79 43 66 70 63 10 92 8 32 96 73 85 4 14 87 80 15 79 82 71 12 79 92 28 54 84 58 40 44 69 96 6 42 58 54 50 87 81 57 70 81 16 78 30 44 34 31 90 89 70 50 16 49 95 38 39 61 27 33 22 85 15 93 59 40 61 4 15 22 98 35 31 88 25 38 57 3 40 82 20 11 33 32 65 48 66 23 47 45 46 78 46 15 48 98 7 53 97 58 90 31 95 58 37 10 80 80 43 73 14 74 82 4 1 19 27 78 58 22 19 25 23 36 63 
54 98 22 100 85 31 89 35 28 9 16 28 10 7 24 34 95 70 24 15 53 50 20 97 46 6 97 7 76 94 19 25 59 31 27 31 68 66 74 71 45 62 50 45 11 8 3 57 69 48 2 89 41 85 52 8 74 58 94 66 42 37 46 60 83 31 58 33 60 60 94 64 5 67 57 8 10 39 99 31 96 43 34 66 17 53 4 75 80 77 14 43 6 9 59 88 81 47 47 23 87 68 8 64 36 46 45 12 82 97 69 26 5 95 91 30 35 96 33 32 1 42 83 80 79 50 77 62 
75 72 100 4 1 3 95 33 67 34 57 95 84 76 63 78 49 35 4 55 9 21 58 51 7 72 68 100 58 28 13 31 24 78 2 25 48 84 43 90 25 53 56 13 3 66 49 13 7 2 53 53 66 56 28 86 46 8 73 20 27 73 53 17 75 87 38 74 83 13 39 85 60 24 2 42 93 79 82 91 94 61 37 86 56 89 58 74 40 84 72 99 45 2 70 26 17 13 11 76 28 73 26 68 37 42 25 30 93 22 11 83 54 43 76 89 11 59 98 17 2 83 66 10 3 37 16 10 
35 10 36 17 93 83 58 13 80 72 4 28 96 40 51 79 19 51 100 19 74 37 66 26 24 95 12 73 20 24 84 49 43 92 64 16 76 83 73 66 45 91 22 38 82 7 37 74 5 35 75 29 53 62 82 28 12 57 96 96 70 28 34 37 59 41 46 8 25 49 39 54 88 24 74 22 48 50 80 81 34 64 38 21 85 84 96 6 86 89 43 45 98 20 7 87 82 16 80 81 14 81 23 77 18 14 55 2 41 15 99 74 80 67 37 92 54 21 29 98 43 1 10 26 78 77 21 16 
8 64 44 66 64 3 44 22 51 6 58 38 100 85 51 80 29 21 35 47 100 52 69 34 16 31 47 41 70 86 30 79 92 94 33 64 42 84 46 62 97 21 60 25 4 33 50 9 23 29 1 81 38 51 10 48 37 24 76 49 54 89 48 87 27 51 40 8 48 10 92 62 32 10 8 45 56 15 73 13 50 69 58 42 82 85 3 72 81 36 20 56 13 53 18 44 55 21 61 6 55 34 65 53 62 17 22 17 41 70 36 37 52 75 80 3 61 70 55 15 72 65 44 38 60 33 79 76 
10 37 42 21 96 60 66 38 14 42 93 67 35 12 9 64 35 84 59 31 4 50 22 29 33 48 38 57 49 67 57 37 46 41 83 73 97 32 87 53 71 61 37 75 59 76 79 47 23 23 53 90 52 76 88 53 21 97 88 57 53 21 51 33 40 23 46 99 18 67 65 81 39 37 41 2 81 63 62 77 95 67 21 41 89 73 88 78 54 98 30 21 7 16 75 43 44 58 24 51 3 85 39 22 52 17 100 53 84 25 59 32 17 12 97 26 97 41 69 4 93 19 17 45 42 73 22 26 
17 41 71 45 68 26 3 2 68 34 34 78 54 33 57 85 67 91 14 77 90 30 18 100 65 10 93 73 25 18 15 36 98 26 18 55 21 46 13 82 43 27 37 60 71 9 81 23 16 25 68 44 6 69 10 39 18 87 28 51 14 94 40 58 19 48 21 25 33 89 51 69 44 16 67 88 31 36 86 31 25 34 52 14 19 37 62 8 63 5 69 25 72 71 29 49 41 7 59 67 76 98 49 100 33 95 56 65 54 69 62 23 52 12 62 71 81 43 52 10 60 7 89 38 34 48 78 34 
60 7 88 31 89 1 26 82 15 54 40 16 22 62 69 63 75 60 20 81 56 16 65 84 25 47 32 84 1 88 31 32 36 89 57 32 95 64 84 28 17 30 68 82 82 56 55 57 96 21 26 4 92 40 2 45 26 95 51 29 97 75 26 36 40 29 81 82 4 59 100 53 51 30 86 22 51 83 98 37 22 76 12 41 42 48 75 62 69 76 47 63 40 28 80 67 48 77 17 20 2 14 53 4 33 67 24 10 11 57 72 13 8 57 66 84 77 87 1 12 25 3 10 72 7 28 17 61 
91 99 76 95 98 31 46 88 31 37 17 91 48 36 9 99 9 9 45 44 20 84 67 14 11 98 80 94 70 33 80 38 82 88 86 32 39 56 76 86 4 27 59 36 2 94 53 96 58 69 65 28 97 18 33 47 10 7 32 57 32 94 7 87 44 66 76 31 97 24 74 67 12 17 63 23 7 25 90 97 88 39 38 38 5 94 6 16 79 72 18 60 8 73 45 51 65 75 2 12 23 20 80 36 26 29 55 19 59 10 59 80 61 98 98 56 32 68 64 48 76 65 28 72 73 4 61 95 
38 23 10 1 31 32 98 26 69 49 25 50 81 52 60 25 63 61 86 74 54 56 74 22 14 97 60 65 33 50 35 66 59 11 29 6 1 63 7 18 16 94 62 88 60 84 70 57 62 73 43 12 7 74 34 93 39 54 31 47 92 35 14 89 18 48 14 3 66 34 90 86 54 15 12 32 13 24 78 6 36 74 34 84 15 99 93 35 11 90 42 74 63 2 95 58 54 5 87 31 62 86 80 81 95 98 82 86 81 87 26 14 24 55 81 54 83 48 30 42 32 85 20 88 53 66 38 80 
63 36 25 70 29 1 64 71 100 15 15 73 24 30 38 75 49 71 57 70 54 4 82 82 79 38 33 49 48 92 99 82 23 9 41 41 2 6 98 77 64 7 96 72 43 62 69 23 64 73 45 81 41 96 2 8 60 14 39 55 56 100 15 87 95 25 2 43 82 69 34 83 4 9 6 42 95 40 51 38 24 96 7 9 85 68 64 99 6 38 60 51 92 77 42 24 40 32 45 13 20 48 71 4 43 62 24 82 9 19 32 73 30 94 78 99 16 44 12 30 42 1 66 92 65 53 47 54 
82 24 63 42 26 20 21 89 73 78 38 18 17 96 12 27 66 1 43 5 28 81 96 91 5 46 37 21 22 38 82 74 13 92 30 45 80 82 94 38 97 62 26 15 37 86 79 53 91 55 45 75 72 89 2 5 52 68 54 11 41 89 67 89 27 54 29 94 91 30 79 24 94 55 13 39 79 17 34 63 41 97 53 95 46 95 34 15 54 44 5 26 90 80 90 44 39 10 80 97 79 89 51 35 32 89 23 26 79 27 55 84 23 19 67 33 58 78 23 33 16 60 51 38 63 13 89 27 
51 3 85 22 92 14 17 64 67 68 61 65 29 51 37 49 81 30 15 53 11 23 46 25 29 64 6 73 97 65 89 43 92 44 49 23 90 13 37 21 100 77 22 100 3 95 82 50 31 41 73 35 61 47 62 82 24 63 60 23 73 51 60 71 95 76 80 39 44 14 45 79 21 53 21 85 86 2 25 39 82 23 83 19 59 61 93 92 96 22 25 80 61 10 65 35 65 53 61 56 29 26 29 5 30 21 86 43 50 7 51 66 80 71 18 73 84 14 44 79 86 98 37 26 28 65 96 49 
73 77 69 91 52 30 17 87 89 71 91 1 51 61 9 95 46 65 98 18 50 9 86 83 85 93 50 55 63 33 68 1 67 35 66 93 17 68 40 89 94 54 46 85 45 77 97 35 97 80 85 19 67 63 76 79 1 67 28 56 16 24 38 1 81 8 80 34 42 14 55 46 73 100 20 45 14 17 52 52 57 78 59 60 90 48 99 92 86 76 53 28 43 64 10 11 83 91 69 57 26 48 46 97 96 100 10 28 77 36 10 90 36 33 94 62 98 29 23 4 14 57 13 12 39 39 12 93 
88 55 69 91 78 1 72 28 57 89 70 80 57 2 9 13 37 35 65 18 62 79 80 64 77 82 25 17 19 100 4 30 100 98 2 27 4 68 96 74 23 99 32 97 27 10 52 12 10 55 52 3 40 74 2 41 51 82 5 14 32 48 34 79 2 82 98 12 73 68 31 91 3 87 9 12 95 89 3 32 45 8 36 52 36 75 84 57 54 11 17 66 11 61 87 74 89 72 13 1 100 33 32 21 30 44 82 66 77 62 27 11 69 33 72 12 80 3 23 23 88 17 15 80 36 85 19 27 
49 56 84 74 79 100 46 77 77 97 95 92 41 62 40 11 95 44 53 12 80 86 71 83 13 9 57 14 17 14 1 64 69 4 52 83 13 44 64 42 84 98 76 64 79 35 12 41 23 7 15 21 46 62 47 39 30 58 94 63 11 32 70 56 27 61 87 80 68 100 19 31 24 40 22 16 16 13 99 40 87 89 84 53 45 48 95 36 53 46 64 67 75 45 75 3 6 66 98 96 85 79 73 59 66 87 57 51 50 21 55 23 77 69 97 44 9 39 14 20 83 75 75 85 80 43 26 5 
35 53 86 75 83 32 17 64 64 25 71 81 88 71 91 79 79 84 74 42 19 91 9 30 50 1 58 67 58 48 79 57 77 65 9 13 11 32 74 86 62 34 16 55 80 43 74 64 15 1 53 1 66 19 31 79 12 33 1 86 12 98 27 47 94 40 26 81 87 62 4 79 65 27 91 51 52 11 57 41 26 69 39 22 26 19 5 6 100 33 50 73 14 53 56 71 28 88 92 37 88 53 54 6 86 28 96 99 24 93 31 98 89 15 91 79 54 23 29 35 93 33 77 68 90 15 34 61 
71 27 15 91 48 35 31 91 45 11 35 32 57 65 73 78 1 45 22 23 19 91 45 13 50 6 93 73 40 57 65 52 20 6 22 10 2 8 1 21 55 64 66 78 92 76 39 9 34 67 16 57 74 26 49 92 55 90 43 93 52 42 58 96 41 50 41 10 71 2 42 54 30 27 27 5 87 54 55 35 1 91 91 60 40 42 44 60 39 46 81 2 30 61 49 7 91 35 41 51 65 19 59 64 22 42 86 44 80 57 13 72 24 62 55 10 88 13 8 54 19 51 58 50 27 6 44 59 
92 32 46 8 33 9 61 39 37 8 1 49 10 80 3 5 97 25 41 87 67 30 69 64 14 36 73 5 86 64 14 88 73 27 94 47 16 45 46 18 69 12 100 44 62 56 75 40 61 65 90 55 43 9 36 8 20 50 59 59 42 3 23 49 14 15 7 45 99 56 42 11 6 95 63 22 84 49 79 79 28 69 19 41 39 100 90 18 51 90 62 80 80 88 21 10 93 93 21 44 3 54 44 24 38 2 30 76 24 48 43 40 77 61 80 92 14 80 63 3 20 88 80 77 97 52 48 32 
42 54 85 17 31 23 11 15 83 13 80 88 30 15 69 3 47 16 60 72 43 89 5 71 13 83 16 2 88 85 24 15 19 96 98 48 75 80 69 98 55 12 11 90 64 61 69 71 82 51 27 57 84 6 23 96 76 81 21 44 18 67 51 8 72 3 18 24 18 15 87 22 9 15 91 47 41 73 64 9 60 23 8 38 8 38 88 91 95 60 79 53 51 57 73 76 90 90 63 35 8 28 15 94 44 65 86 94 10 10 37 33 37 77 48 34 58 10 43 69 93 99 55 37 23 41 32 12 
11 39 91 48 95 6 67 69 54 16 75 30 81 49 76 50 17 57 86 38 66 77 41 62 79 6 19 75 57 27 76 39 83 44 3 9 91 16 85 33 90 49 45 79 70 99 74 77 76 80 86 30 54 61 62 1 29 20 76 34 48 75 91 81 1 46 14 48 33 52 52 79 64 54 34 89 92 17 95 48 5 12 19 15 17 94 23 98 61 58 11 87 58 7 43 42 45 85 5 26 59 32 31 64 70 22 65 40 25 5 87 87 72 55 46 75 22 84 51 48 96 2 7 18 85 49 73 29 
73 17 40 23 90 36 15 18 73 87 1 64 7 35 83 55 79 93 50 75 4 28 53 74 26 61 36 86 14 48 91 48 10 81 13 79 23 72 23 100 5 55 15 75 82 16 22 26 69 84 63 61 12 88 14 53 51 83 70 31 30 47 5 29 53 47 58 28 51 67 28 23 72 24 56 70 75 28 87 46 73 13 7 85 88 65 14 21 70 39 38 12 38 21 1 53 10 46 16 81 88 43 50 92 53 58 18 22 16 48 53 91 82 70 81 50 80 71 75 6 61 73 56 58 12 18 68 19 
55 74 83 87 89 79 55 13 75 29 67 17 37 7 70 45 82 28 22 75 53 62 26 73 16 3 64 79 71 16 62 66 87 74 47 60 40 57 75 46 23 69 59 13 7 64 33 21 26 59 54 31 24 28 59 35 91 87 46 9 64 52 86 84 20 84 83 35 42 27 71 63 65 77 66 23 15 30 44 54 2 22 76 4 58 51 8 48 64 34 23 77 77 50 74 92 23 39 17 83 9 93 28 38 45 6 85 43 27 36 65 53 39 88 43 99 88 4 20 8 54 12 91 91 27 33 40 84 
39 72 57 8 93 8 65 78 94 94 62 4 17 1 22 23 7 27 73 56 71 13 7 93 61 35 72 86 25 60 40 4 36 83 11 47 73 72 38 70 9 13 75 27 41 59 82 28 73 4 87 36 68 71 88 58 67 46 81 61 16 22 10 22 74 46 23 95 34 61 24 14 88 13 34 50 59 92 55 76 64 16 20 32 98 50 62 53 26 3 2 26 3 25 68 67 6 92 83 87 86 94 62 4 47 89 56 6 83 28 53 17 67 84 93 53 98 92 73 7 98 49 51 70 10 42 17 19 
15 29 40 26 46 31 15 16 25 18 43 84 56 16 22 96 4 35 51 63 17 83 82 74 75 59 39 97 26 71 4 65 95 68 80 6 95 99 96 22 53 96 92 38 46 1 67 96 92 12 31 90 82 32 9 38 21 90 95 88 50 76 53 63 73 47 12 80 46 99 78 57 99 40 77 68 45 13 19 16 15 7 4 87 28 24 86 23 95 61 23 43 55 90 51 39 29 21 88 16 15 24 9 100 82 74 49 43 22 75 1 100 6 28 94 38 81 26 34 63 41 75 5 53 91 72 76 53 
65 27 12 75 26 25 54 18 48 52 36 24 11 73 53 8 86 11 22 80 41 72 22 61 25 97 48 14 86 45 47 7 42 13 97 43 9 13 12 88 56 60 37 18 40 5 81 51 30 90 29 14 62 44 67 13 33 80 92 64 98 93 5 68 4 98 18 81 11 76 43 19 32 20 82 18 65 80 7 48 67 60 76 33 51 73 84 58 99 41 14 34 99 86 27 11 27 37 95 58 67 58 24 13 73 64 50 64 6 80 70 41 79 38 19 99 76 99 69 20 21 90 49 34 95 96 56 35 
16 68 53 87 79 47 60 54 97 50 22 46 30 53 61 53 42 32 33 88 61 22 78 81 12 36 68 78 89 22 64 67 20 87 61 2 3 50 88 50 87 53 94 37 44 25 9 55 12 21 56 10 90 20 39 79 78 98 70 69 3 27 82 58 27 59 42 77 6 28 81 44 25 71 36 44 75 87 80 47 34 74 4 43 11 58 80 84 37 35 91 89 65 90 95 29 77 7 92 2 26 38 83 82 41 68 25 17 98 1 10 61 45 72 50 18 75 80 42 81 94 19 86 95 17 14 43 25 
48 20 40 97 31 99 16 82 81 56 99 60 91 67 60 8 39 31 20 72 42 20 6 41 55 39 31 30 49 61 66 67 88 40 11 21 5 71 75 93 90 86 94 36 43 61 21 9 69 31 70 67 22 68 82 10 49 57 52 62 98 100 79 95 71 5 49 23 47 54 32 85 100 86 96 100 51 46 5 82 61 87 90 40 3 11 61 14 11 96 76 3 26 69 59 17 5 94 70 48 76 64 18 84 2 90 4 66 48 49 65 82 69 83 71 79 93 27 5 53 49 21 95 52 74 36 37 86 
88 77 37 61 22 33 12 48 77 1 47 72 54 36 20 22 66 75 75 54 47 24 35 7 52 56 7 90 97 4 24 1 93 38 95 56 34 74 83 17 82 64 55 97 66 59 51 65 92 76 97 86 68 4 26 38 84 61 91 3 19 97 41 27 41 23 37 87 91 100 61 98 63 99 51 1 49 53 86 84 37 69 96 73 100 8 44 40 59 1 38 54 41 59 81 10 68 78 60 70 54 65 73 34 43 64 59 42 12 92 44 55 93 71 97 75 13 94 31 88 90 30 62 7 97 64 46 45 
16 45 78 58 40 63 29 35 98 36 69 14 76 14 39 93 41 85 93 60 61 42 81 2 89 2 24 70 68 26 38 64 91 86 2 1 88 85 37 72 96 7 53 85 7 3 82 12 62 16 73 10 97 82 50 60 85 14 53 62 64 17 29 26 45 71 100 88 49 21 81 27 42 60 96 10 5 77 4 60 6 11 28 79 2 94 84 92 15 25 1 70 61 1 34 35 79 55 25 83 93 13 45 65 38 78 17 21 25 87 36 38 54 28 100 41 72 59 47 80 20 43 63 75 63 94 51 72 
48 69 66 1 3 41 33 60 89 29 12 93 36 33 25 69 71 39 41 38 7 9 100 66 73 9 78 21 79 2 90 21 1 55 39 11 60 55 33 16 20 69 73 23 36 19 6 65 42 54 24 77 85 63 44 74 13 1 51 57 88 64 31 34 26 74 43 63 82 79 94 90 7 19 7 21 29 73 57 16 14 63 98 99 87 21 92 58 39 28 42 69 37 68 37 55 82 18 14 78 70 13 54 60 41 68 81 62 34 18 79 99 17 69 74 44 5 64 61 3 70 63 46 89 93 9 91 65 
64 94 92 15 82 71 82 29 71 100 57 6 61 72 71 51 61 18 31 63 45 64 50 84 59 57 29 5 18 83 6 72 27 95 77 42 35 2 90 51 88 16 2 54 28 85 22 4 29 67 9 72 86 77 21 39 2 25 24 55 40 90 55 41 22 97 54 87 3 73 21 71 83 58 58 65 90 8 2 11 90 78 17 71 47 63 7 20 68 36 29 15 44 27 56 39 97 19 42 84 48 2 7 23 72 56 7 54 87 40 18 27 26 67 11 98 62 95 5 1 25 22 38 85 79 87 21 6 
88 6 53 30 66 39 10 68 57 84 79 45 64 57 6 83 34 45 22 10 11 95 99 76 27 24 63 84 89 54 36 29 38 72 21 33 53 100 57 54 40 20 59 12 76 18 57 80 78 50 10 56 67 27 55 31 24 33 21 90 88 85 52 96 36 30 20 8 2 20 12 42 28 38 47 4 78 10 75 4 83 89 17 87 48 92 6 66 75 27 52 44 71 98 6 80 71 66 3 74 87 6 22 74 31 95 78 55 18 81 66 69 7 27 44 34 13 93 78 100 93 21 59 87 69 44 56 63 
100 32 54 53 61 25 78 11 15 85 93 86 49 14 92 57 51 94 91 12 4 39 27 54 38 72 49 83 60 73 25 61 84 17 77 52 36 93 46 18 84 86 72 84 27 16 92 24 67 32 77 51 99 45 18 20 93 59 47 100 8 44 8 42 79 14 52 46 97 21 27 99 91 34 63 91 60 70 40 90 37 58 66 8 68 39 83 50 100 42 36 58 73 33 59 33 57 16 1 37 44 4 60 42 2 66 99 34 56 76 30 62 41 97 61 61 91 95 80 41 70 69 100 86 81 95 17 53 
91 40 98 30 14 24 11 6 48 45 30 92 51 80 89 57 4 99 22 32 59 11 35 70 17 9 57 81 73 11 87 90 65 55 82 47 35 94 25 52 33 63 28 77 4 85 3 3 39 44 82 36 93 58 32 81 89 70 61 68 5 91 35 96 86 29 73 35 15 23 29 43 62 24 32 19 3 67 23 99 11 32 36 83 88 11 43 86 32 63 72 67 69 8 94 69 74 45 41 13 19 8 62 79 2 17 81 78 54 13 21 94 29 3 63 15 56 7 27 11 32 16 90 32 36 13 78 71 
35 33 21 71 83 5 67 46 40 65 69 13 80 71 68 7 44 34 48 45 99 58 59 23 83 95 67 86 55 75 90 67 90 78 3 77 90 2 71 7 7 82 84 8 39 53 89 37 96 76 75 52 8 29 57 50 63 48 24 24 8 12 15 85 3 26 1 91 14 9 79 28 70 29 12 52 26 99 18 67 72 64 26 55 47 12 17 17 16 29 3 54 31 41 39 49 46 26 62 52 36 58 99 9 48 92 54 44 89 83 80 88 59 79 48 64 70 31 60 49 45 33 51 39 42 40 38 69 
31 66 31 91 59 77 44 71 58 40 54 58 14 8 23 51 48 8 37 86 20 9 74 23 18 60 1 10 68 23 83 63 12 71 70 41 31 71 95 54 45 58 70 100 58 17 54 41 94 49 81 26 9 59 74 74 75 43 75 71 97 88 100 43 13 8 87 37 10 61 44 83 28 60 97 9 84 76 18 13 40 67 21 23 11 93 80 23 39 40 3 14 59 64 40 49 14 71 98 31 81 85 96 53 49 52 87 5 44 77 94 17 79 21 71 38 51 22 32 63 29 6 49 30 86 84 96 95 
59 52 35 21 95 59 9 48 2 39 43 35 6 49 2 33 98 66 77 59 18 50 21 45 27 50 89 5 7 38 95 3 55 43 39 55 75 25 25 24 17 65 76 78 81 97 52 28 70 31 68 37 91 67 81 16 35 26 66 10 95 72 38 8 82 37 26 32 27 66 44 58 18 61 37 8 84 100 85 1 100 15 85 56 48 52 4 31 53 34 9 43 24 46 21 9 19 74 74 64 30 6 21 52 44 47 13 2 60 18 98 33 63 76 36 94 87 96 86 40 59 92 55 77 48 13 78 82 
11 99 8 90 35 13 41 75 95 64 29 41 85 4 16 5 59 19 21 64 97 19 52 70 19 100 19 60 95 45 6 24 59 79 68 18 58 54 15 51 89 49 48 55 38 34 14 56 14 68 70 87 14 48 32 68 94 18 97 58 12 30 24 53 100 65 8 34 100 58 89 15 98 75 82 90 20 60 54 75 62 66 41 71 33 28 70 59 6 88 80 66 33 68 80 59 41 88 42 7 80 73 11 21 56 26 34 72 30 63 38 81 60 38 35 95 55 62 52 45 48 15 9 20 76 15 45 71 
16 7 73 10 21 75 81 89 88 57 11 97 96 37 81 3 56 10 49 34 8 83 77 45 46 44 91 28 37 100 54 62 46 59 34 6 68 57 58 94 64 32 89 61 35 47 49 42 57 71 100 74 47 81 31 21 4 96 5 83 49 40 45 12 91 64 41 83 94 8 87 85 8 58 63 29 50 82 22 50 42 95 69 57 83 21 66 53 12 34 63 77 15 30 2 60 71 62 15 11 3 100 34 57 50 9 22 65 55 94 3 68 38 64 15 3 7 15 18 96 6 6 76 70 68 24 82 83 
0.0 1.0 1.0 1.0 1.0 1.0 1.0 1.0 1.0 1.0 1.0 1.0 1.0 1.0 1.0 1.0 1.0 1.0 1.0 1.0 1.0 1.0 1.0 1.0 1.0 1.0 1.0 1.0 1.0 1.0 1.0 1.0 1.0 1.0 1.0 1.0 1.0 1.0 1.0 1.0 1.0 1.0 1.0 1.0 1.0 1.0 1.0 1.0 1.0 1.0 1.0 1.0 1.0 1.0 1.0 1.0 1.0 1.0 1.0 1.0 1.0 1.0 1.0 1.0 1.0 1.0 1.0 1.0 1.0 1.0 1.0 1.0 1.0 1.0 1.0 1.0 1.0 1.0 1.0 1.0 1.0 1.0 1.0 1.0 1.0 1.0 1.0 1.0 1.0 1.0 1.0 1.0 1.0 1.0 1.0 1.0 1.0 1.0 1.0 1.0 1.0 1.0 1.0 1.0 1.0 1.0 1.0 1.0 1.0 1.0 1.0 1.0 1.0 1.0 1.0 1.0 1.0 1.0 1.0 1.0 1.0 1.0 1.0 1.0 1.0 1.0 1.0 1.0 
1.0 0.0 1.0 1.0 1.0 1.0 1.0 1.0 1.0 1.0 1.0 1.0 1.0 1.0 1.0 1.0 1.0 1.0 1.0 1.0 1.0 1.0 1.0 1.0 1.0 1.0 1.0 1.0 1.0 1.0 1.0 1.0 1.0 1.0 1.0 1.0 1.0 1.0 1.0 1.0 1.0 1.0 1.0 1.0 1.0 1.0 1.0 1.0 1.0 1.0 1.0 1.0 1.0 1.0 1.0 1.0 1.0 1.0 1.0 1.0 1.0 1.0 1.0 1.0 1.0 1.0 1.0 1.0 1.0 1.0 1.0 1.0 1.0 1.0 1.0 1.0 1.0 1.0 1.0 1.0 1.0 1.0 1.0 1.0 1.0 1.0 1.0 1.0 1.0 1.0 1.0 1.0 1.0 1.0 1.0 1.0 1.0 1.0 1.0 1.0 1.0 1.0 1.0 1.0 1.0 1.0 1.0 1.0 1.0 1.0 1.0 1.0 1.0 1.0 1.0 1.0 1.0 1.0 1.0 1.0 1.0 1.0 1.0 1.0 1.0 1.0 1.0 1.0 
1.0 1.0 0.0 1.0 1.0 1.0 1.0 1.0 1.0 1.0 1.0 1.0 1.0 1.0 1.0 1.0 1.0 1.0 1.0 1.0 1.0 1.0 1.0 1.0 1.0 1.0 1.0 1.0 1.0 1.0 1.0 1.0 1.0 1.0 1.0 1.0 1.0 1.0 1.0 1.0 1.0 1.0 1.0 1.0 1.0 1.0 1.0 1.0 1.0 1.0 1.0 1.0 1.0 1.0 1.0 1.0 1.0 1.0 1.0 1.0 1.0 1.0 1.0 1.0 1.0 1.0 1.0 1.0 1.0 1.0 1.0 1.0 1.0 1.0 1.0 1.0 1.0 1.0 1.0 1.0 1.0 1.0 1.0 1.0 1.0 1.0 1.0 1.0 1.0 1.0 1.0 1.0 1.0 1.0 1.0 1.0 1.0 1.0 1.0 1.0 1.0 1.0 1.0 1.0 1.0 1.0 1.0 1.0 1.0 1.0 1.0 1.0 1.0 1.0 1.0 1.0 1.0 1.0 1.0 1.0 1.0 1.0 1.0 1.0 1.0 1.0 1.0 1.0 
1.0 1.0 1.0 0.0 1.0 1.0 1.0 1.0 1.0 1.0 1.0 1.0 1.0 1.0 1.0 1.0 1.0 1.0 1.0 1.0 1.0 1.0 1.0 1.0 1.0 1.0 1.0 1.0 1.0 1.0 1.0 1.0 1.0 1.0 1.0 1.0 1.0 1.0 1.0 1.0 1.0 1.0 1.0 1.0 1.0 1.0 1.0 1.0 1.0 1.0 1.0 1.0 1.0 1.0 1.0 1.0 1.0 1.0 1.0 1.0 1.0 1.0 1.0 1.0 1.0 1.0 1.0 1.0 1.0 1.0 1.0 1.0 1.0 1.0 1.0 1.0 1.0 1.0 1.0 1.0 1.0 1.0 1.0 1.0 1.0 1.0 1.0 1.0 1.0 1.0 1.0 1.0 1.0 1.0 1.0 1.0 1.0 1.0 1.0 1.0 1.0 1.0 1.0 1.0 1.0 1.0 1.0 1.0 1.0 1.0 1.0 1.0 1.0 1.0 1.0 1.0 1.0 1.0 1.0 1.0 1.0 1.0 1.0 1.0 1.0 1.0 1.0 1.0 
1.0 1.0 1.0 1.0 0.0 1.0 1.0 1.0 1.0 1.0 1.0 1.0 1.0 1.0 1.0 1.0 1.0 1.0 1.0 1.0 1.0 1.0 1.0 1.0 1.0 1.0 1.0 1.0 1.0 1.0 1.0 1.0 1.0 1.0 1.0 1.0 1.0 1.0 1.0 1.0 1.0 1.0 1.0 1.0 1.0 1.0 1.0 1.0 1.0 1.0 1.0 1.0 1.0 1.0 1.0 1.0 1.0 1.0 1.0 1.0 1.0 1.0 1.0 1.0 1.0 1.0 1.0 1.0 1.0 1.0 1.0 1.0 1.0 1.0 1.0 1.0 1.0 1.0 1.0 1.0 1.0 1.0 1.0 1.0 1.0 1.0 1.0 1.0 1.0 1.0 1.0 1.0 1.0 1.0 1.0 1.0 1.0 1.0 1.0 1.0 1.0 1.0 1.0 1.0 1.0 1.0 1.0 1.0 1.0 1.0 1.0 1.0 1.0 1.0 1.0 1.0 1.0 1.0 1.0 1.0 1.0 1.0 1.0 1.0 1.0 1.0 1.0 1.0 
1.0 1.0 1.0 1.0 1.0 0.0 1.0 1.0 1.0 1.0 1.0 1.0 1.0 1.0 1.0 1.0 1.0 1.0 1.0 1.0 1.0 1.0 1.0 1.0 1.0 1.0 1.0 1.0 1.0 1.0 1.0 1.0 1.0 1.0 1.0 1.0 1.0 1.0 1.0 1.0 1.0 1.0 1.0 1.0 1.0 1.0 1.0 1.0 1.0 1.0 1.0 1.0 1.0 1.0 1.0 1.0 1.0 1.0 1.0 1.0 1.0 1.0 1.0 1.0 1.0 1.0 1.0 1.0 1.0 1.0 1.0 1.0 1.0 1.0 1.0 1.0 1.0 1.0 1.0 1.0 1.0 1.0 1.0 1.0 1.0 1.0 1.0 1.0 1.0 1.0 1.0 1.0 1.0 1.0 1.0 1.0 1.0 1.0 1.0 1.0 1.0 1.0 1.0 1.0 1.0 1.0 1.0 1.0 1.0 1.0 1.0 1.0 1.0 1.0 1.0 1.0 1.0 1.0 1.0 1.0 1.0 1.0 1.0 1.0 1.0 1.0 1.0 1.0 
1.0 1.0 1.0 1.0 1.0 1.0 0.0 1.0 1.0 1.0 1.0 1.0 1.0 1.0 1.0 1.0 1.0 1.0 1.0 1.0 1.0 1.0 1.0 1.0 1.0 1.0 1.0 1.0 1.0 1.0 1.0 1.0 1.0 1.0 1.0 1.0 1.0 1.0 1.0 1.0 1.0 1.0 1.0 1.0 1.0 1.0 1.0 1.0 1.0 1.0 1.0 1.0 1.0 1.0 1.0 1.0 1.0 1.0 1.0 1.0 1.0 1.0 1.0 1.0 1.0 1.0 1.0 1.0 1.0 1.0 1.0 1.0 1.0 1.0 1.0 1.0 1.0 1.0 1.0 1.0 1.0 1.0 1.0 1.0 1.0 1.0 1.0 1.0 1.0 1.0 1.0 1.0 1.0 1.0 1.0 1.0 1.0 1.0 1.0 1.0 1.0 1.0 1.0 1.0 1.0 1.0 1.0 1.0 1.0 1.0 1.0 1.0 1.0 1.0 1.0 1.0 1.0 1.0 1.0 1.0 1.0 1.0 1.0 1.0 1.0 1.0 1.0 1.0 
1.0 1.0 1.0 1.0 1.0 1.0 1.0 0.0 1.0 1.0 1.0 1.0 1.0 1.0 1.0 1.0 1.0 1.0 1.0 1.0 1.0 1.0 1.0 1.0 1.0 1.0 1.0 1.0 1.0 1.0 1.0 1.0 1.0 1.0 1.0 1.0 1.0 1.0 1.0 1.0 1.0 1.0 1.0 1.0 1.0 1.0 1.0 1.0 1.0 1.0 1.0 1.0 1.0 1.0 1.0 1.0 1.0 1.0 1.0 1.0 1.0 1.0 1.0 1.0 1.0 1.0 1.0 1.0 1.0 1.0 1.0 1.0 1.0 1.0 1.0 1.0 1.0 1.0 1.0 1.0 1.0 1.0 1.0 1.0 1.0 1.0 1.0 1.0 1.0 1.0 1.0 1.0 1.0 1.0 1.0 1.0 1.0 1.0 1.0 1.0 1.0 1.0 1.0 1.0 1.0 1.0 1.0 1.0 1.0 1.0 1.0 1.0 1.0 1.0 1.0 1.0 1.0 1.0 1.0 1.0 1.0 1.0 1.0 1.0 1.0 1.0 1.0 1.0 
1.0 1.0 1.0 1.0 1.0 1.0 1.0 1.0 0.0 1.0 1.0 1.0 1.0 1.0 1.0 1.0 1.0 1.0 1.0 1.0 1.0 1.0 1.0 1.0 1.0 1.0 1.0 1.0 1.0 1.0 1.0 1.0 1.0 1.0 1.0 1.0 1.0 1.0 1.0 1.0 1.0 1.0 1.0 1.0 1.0 1.0 1.0 1.0 1.0 1.0 1.0 1.0 1.0 1.0 1.0 1.0 1.0 1.0 1.0 1.0 1.0 1.0 1.0 1.0 1.0 1.0 1.0 1.0 1.0 1.0 1.0 1.0 1.0 1.0 1.0 1.0 1.0 1.0 1.0 1.0 1.0 1.0 1.0 1.0 1.0 1.0 1.0 1.0 1.0 1.0 1.0 1.0 1.0 1.0 1.0 1.0 1.0 1.0 1.0 1.0 1.0 1.0 1.0 1.0 1.0 1.0 1.0 1.0 1.0 1.0 1.0 1.0 1.0 1.0 1.0 1.0 1.0 1.0 1.0 1.0 1.0 1.0 1.0 1.0 1.0 1.0 1.0 1.0 
1.0 1.0 1.0 1.0 1.0 1.0 1.0 1.0 1.0 0.0 1.0 1.0 1.0 1.0 1.0 1.0 1.0 1.0 1.0 1.0 1.0 1.0 1.0 1.0 1.0 1.0 1.0 1.0 1.0 1.0 1.0 1.0 1.0 1.0 1.0 1.0 1.0 1.0 1.0 1.0 1.0 1.0 1.0 1.0 1.0 1.0 1.0 1.0 1.0 1.0 1.0 1.0 1.0 1.0 1.0 1.0 1.0 1.0 1.0 1.0 1.0 1.0 1.0 1.0 1.0 1.0 1.0 1.0 1.0 1.0 1.0 1.0 1.0 1.0 1.0 1.0 1.0 1.0 1.0 1.0 1.0 1.0 1.0 1.0 1.0 1.0 1.0 1.0 1.0 1.0 1.0 1.0 1.0 1.0 1.0 1.0 1.0 1.0 1.0 1.0 1.0 1.0 1.0 1.0 1.0 1.0 1.0 1.0 1.0 1.0 1.0 1.0 1.0 1.0 1.0 1.0 1.0 1.0 1.0 1.0 1.0 1.0 1.0 1.0 1.0 1.0 1.0 1.0 
1.0 1.0 1.0 1.0 1.0 1.0 1.0 1.0 1.0 1.0 0.0 1.0 1.0 1.0 1.0 1.0 1.0 1.0 1.0 1.0 1.0 1.0 1.0 1.0 1.0 1.0 1.0 1.0 1.0 1.0 1.0 1.0 1.0 1.0 1.0 1.0 1.0 1.0 1.0 1.0 1.0 1.0 1.0 1.0 1.0 1.0 1.0 1.0 1.0 1.0 1.0 1.0 1.0 1.0 1.0 1.0 1.0 1.0 1.0 1.0 1.0 1.0 1.0 1.0 1.0 1.0 1.0 1.0 1.0 1.0 1.0 1.0 1.0 1.0 1.0 1.0 1.0 1.0 1.0 1.0 1.0 1.0 1.0 1.0 1.0 1.0 1.0 1.0 1.0 1.0 1.0 1.0 1.0 1.0 1.0 1.0 1.0 1.0 1.0 1.0 1.0 1.0 1.0 1.0 1.0 1.0 1.0 1.0 1.0 1.0 1.0 1.0 1.0 1.0 1.0 1.0 1.0 1.0 1.0 1.0 1.0 1.0 1.0 1.0 1.0 1.0 1.0 1.0 
1.0 1.0 1.0 1.0 1.0 1.0 1.0 1.0 1.0 1.0 1.0 0.0 1.0 1.0 1.0 1.0 1.0 1.0 1.0 1.0 1.0 1.0 1.0 1.0 1.0 1.0 1.0 1.0 1.0 1.0 1.0 1.0 1.0 1.0 1.0 1.0 1.0 1.0 1.0 1.0 1.0 1.0 1.0 1.0 1.0 1.0 1.0 1.0 1.0 1.0 1.0 1.0 1.0 1.0 1.0 1.0 1.0 1.0 1.0 1.0 1.0 1.0 1.0 1.0 1.0 1.0 1.0 1.0 1.0 1.0 1.0 1.0 1.0 1.0 1.0 1.0 1.0 1.0 1.0 1.0 1.0 1.0 1.0 1.0 1.0 1.0 1.0 1.0 1.0 1.0 1.0 1.0 1.0 1.0 1.0 1.0 1.0 1.0 1.0 1.0 1.0 1.0 1.0 1.0 1.0 1.0 1.0 1.0 1.0 1.0 1.0 1.0 1.0 1.0 1.0 1.0 1.0 1.0 1.0 1.0 1.0 1.0 1.0 1.0 1.0 1.0 1.0 1.0 
1.0 1.0 1.0 1.0 1.0 1.0 1.0 1.0 1.0 1.0 1.0 1.0 0.0 1.0 1.0 1.0 1.0 1.0 1.0 1.0 1.0 1.0 1.0 1.0 1.0 1.0 1.0 1.0 1.0 1.0 1.0 1.0 1.0 1.0 1.0 1.0 1.0 1.0 1.0 1.0 1.0 1.0 1.0 1.0 1.0 1.0 1.0 1.0 1.0 1.0 1.0 1.0 1.0 1.0 1.0 1.0 1.0 1.0 1.0 1.0 1.0 1.0 1.0 1.0 1.0 1.0 1.0 1.0 1.0 1.0 1.0 1.0 1.0 1.0 1.0 1.0 1.0 1.0 1.0 1.0 1.0 1.0 1.0 1.0 1.0 1.0 1.0 1.0 1.0 1.0 1.0 1.0 1.0 1.0 1.0 1.0 1.0 1.0 1.0 1.0 1.0 1.0 1.0 1.0 1.0 1.0 1.0 1.0 1.0 1.0 1.0 1.0 1.0 1.0 1.0 1.0 1.0 1.0 1.0 1.0 1.0 1.0 1.0 1.0 1.0 1.0 1.0 1.0 
1.0 1.0 1.0 1.0 1.0 1.0 1.0 1.0 1.0 1.0 1.0 1.0 1.0 0.0 1.0 1.0 1.0 1.0 1.0 1.0 1.0 1.0 1.0 1.0 1.0 1.0 1.0 1.0 1.0 1.0 1.0 1.0 1.0 1.0 1.0 1.0 1.0 1.0 1.0 1.0 1.0 1.0 1.0 1.0 1.0 1.0 1.0 1.0 1.0 1.0 1.0 1.0 1.0 1.0 1.0 1.0 1.0 1.0 1.0 1.0 1.0 1.0 1.0 1.0 1.0 1.0 1.0 1.0 1.0 1.0 1.0 1.0 1.0 1.0 1.0 1.0 1.0 1.0 1.0 1.0 1.0 1.0 1.0 1.0 1.0 1.0 1.0 1.0 1.0 1.0 1.0 1.0 1.0 1.0 1.0 1.0 1.0 1.0 1.0 1.0 1.0 1.0 1.0 1.0 1.0 1.0 1.0 1.0 1.0 1.0 1.0 1.0 1.0 1.0 1.0 1.0 1.0 1.0 1.0 1.0 1.0 1.0 1.0 1.0 1.0 1.0 1.0 1.0 
1.0 1.0 1.0 1.0 1.0 1.0 1.0 1.0 1.0 1.0 1.0 1.0 1.0 1.0 0.0 1.0 1.0 1.0 1.0 1.0 1.0 1.0 1.0 1.0 1.0 1.0 1.0 1.0 1.0 1.0 1.0 1.0 1.0 1.0 1.0 1.0 1.0 1.0 1.0 1.0 1.0 1.0 1.0 1.0 1.0 1.0 1.0 1.0 1.0 1.0 1.0 1.0 1.0 1.0 1.0 1.0 1.0 1.0 1.0 1.0 1.0 1.0 1.0 1.0 1.0 1.0 1.0 1.0 1.0 1.0 1.0 1.0 1.0 1.0 1.0 1.0 1.0 1.0 1.0 1.0 1.0 1.0 1.0 1.0 1.0 1.0 1.0 1.0 1.0 1.0 1.0 1.0 1.0 1.0 1.0 1.0 1.0 1.0 1.0 1.0 1.0 1.0 1.0 1.0 1.0 1.0 1.0 1.0 1.0 1.0 1.0 1.0 1.0 1.0 1.0 1.0 1.0 1.0 1.0 1.0 1.0 1.0 1.0 1.0 1.0 1.0 1.0 1.0 
1.0 1.0 1.0 1.0 1.0 1.0 1.0 1.0 1.0 1.0 1.0 1.0 1.0 1.0 1.0 0.0 1.0 1.0 1.0 1.0 1.0 1.0 1.0 1.0 1.0 1.0 1.0 1.0 1.0 1.0 1.0 1.0 1.0 1.0 1.0 1.0 1.0 1.0 1.0 1.0 1.0 1.0 1.0 1.0 1.0 1.0 1.0 1.0 1.0 1.0 1.0 1.0 1.0 1.0 1.0 1.0 1.0 1.0 1.0 1.0 1.0 1.0 1.0 1.0 1.0 1.0 1.0 1.0 1.0 1.0 1.0 1.0 1.0 1.0 1.0 1.0 1.0 1.0 1.0 1.0 1.0 1.0 1.0 1.0 1.0 1.0 1.0 1.0 1.0 1.0 1.0 1.0 1.0 1.0 1.0 1.0 1.0 1.0 1.0 1.0 1.0 1.0 1.0 1.0 1.0 1.0 1.0 1.0 1.0 1.0 1.0 1.0 1.0 1.0 1.0 1.0 1.0 1.0 1.0 1.0 1.0 1.0 1.0 1.0 1.0 1.0 1.0 1.0 
1.0 1.0 1.0 1.0 1.0 1.0 1.0 1.0 1.0 1.0 1.0 1.0 1.0 1.0 1.0 1.0 0.0 1.0 1.0 1.0 1.0 1.0 1.0 1.0 1.0 1.0 1.0 1.0 1.0 1.0 1.0 1.0 1.0 1.0 1.0 1.0 1.0 1.0 1.0 1.0 1.0 1.0 1.0 1.0 1.0 1.0 1.0 1.0 1.0 1.0 1.0 1.0 1.0 1.0 1.0 1.0 1.0 1.0 1.0 1.0 1.0 1.0 1.0 1.0 1.0 1.0 1.0 1.0 1.0 1.0 1.0 1.0 1.0 1.0 1.0 1.0 1.0 1.0 1.0 1.0 1.0 1.0 1.0 1.0 1.0 1.0 1.0 1.0 1.0 1.0 1.0 1.0 1.0 1.0 1.0 1.0 1.0 1.0 1.0 1.0 1.0 1.0 1.0 1.0 1.0 1.0 1.0 1.0 1.0 1.0 1.0 1.0 1.0 1.0 1.0 1.0 1.0 1.0 1.0 1.0 1.0 1.0 1.0 1.0 1.0 1.0 1.0 1.0 
1.0 1.0 1.0 1.0 1.0 1.0 1.0 1.0 1.0 1.0 1.0 1.0 1.0 1.0 1.0 1.0 1.0 0.0 1.0 1.0 1.0 1.0 1.0 1.0 1.0 1.0 1.0 1.0 1.0 1.0 1.0 1.0 1.0 1.0 1.0 1.0 1.0 1.0 1.0 1.0 1.0 1.0 1.0 1.0 1.0 1.0 1.0 1.0 1.0 1.0 1.0 1.0 1.0 1.0 1.0 1.0 1.0 1.0 1.0 1.0 1.0 1.0 1.0 1.0 1.0 1.0 1.0 1.0 1.0 1.0 1.0 1.0 1.0 1.0 1.0 1.0 1.0 1.0 1.0 1.0 1.0 1.0 1.0 1.0 1.0 1.0 1.0 1.0 1.0 1.0 1.0 1.0 1.0 1.0 1.0 1.0 1.0 1.0 1.0 1.0 1.0 1.0 1.0 1.0 1.0 1.0 1.0 1.0 1.0 1.0 1.0 1.0 1.0 1.0 1.0 1.0 1.0 1.0 1.0 1.0 1.0 1.0 1.0 1.0 1.0 1.0 1.0 1.0 
1.0 1.0 1.0 1.0 1.0 1.0 1.0 1.0 1.0 1.0 1.0 1.0 1.0 1.0 1.0 1.0 1.0 1.0 0.0 1.0 1.0 1.0 1.0 1.0 1.0 1.0 1.0 1.0 1.0 1.0 1.0 1.0 1.0 1.0 1.0 1.0 1.0 1.0 1.0 1.0 1.0 1.0 1.0 1.0 1.0 1.0 1.0 1.0 1.0 1.0 1.0 1.0 1.0 1.0 1.0 1.0 1.0 1.0 1.0 1.0 1.0 1.0 1.0 1.0 1.0 1.0 1.0 1.0 1.0 1.0 1.0 1.0 1.0 1.0 1.0 1.0 1.0 1.0 1.0 1.0 1.0 1.0 1.0 1.0 1.0 1.0 1.0 1.0 1.0 1.0 1.0 1.0 1.0 1.0 1.0 1.0 1.0 1.0 1.0 1.0 1.0 1.0 1.0 1.0 1.0 1.0 1.0 1.0 1.0 1.0 1.0 1.0 1.0 1.0 1.0 1.0 1.0 1.0 1.0 1.0 1.0 1.0 1.0 1.0 1.0 1.0 1.0 1.0 
1.0 1.0 1.0 1.0 1.0 1.0 1.0 1.0 1.0 1.0 1.0 1.0 1.0 1.0 1.0 1.0 1.0 1.0 1.0 0.0 1.0 1.0 1.0 1.0 1.0 1.0 1.0 1.0 1.0 1.0 1.0 1.0 1.0 1.0 1.0 1.0 1.0 1.0 1.0 1.0 1.0 1.0 1.0 1.0 1.0 1.0 1.0 1.0 1.0 1.0 1.0 1.0 1.0 1.0 1.0 1.0 1.0 1.0 1.0 1.0 1.0 1.0 1.0 1.0 1.0 1.0 1.0 1.0 1.0 1.0 1.0 1.0 1.0 1.0 1.0 1.0 1.0 1.0 1.0 1.0 1.0 1.0 1.0 1.0 1.0 1.0 1.0 1.0 1.0 1.0 1.0 1.0 1.0 1.0 1.0 1.0 1.0 1.0 1.0 1.0 1.0 1.0 1.0 1.0 1.0 1.0 1.0 1.0 1.0 1.0 1.0 1.0 1.0 1.0 1.0 1.0 1.0 1.0 1.0 1.0 1.0 1.0 1.0 1.0 1.0 1.0 1.0 1.0 
1.0 1.0 1.0 1.0 1.0 1.0 1.0 1.0 1.0 1.0 1.0 1.0 1.0 1.0 1.0 1.0 1.0 1.0 1.0 1.0 0.0 1.0 1.0 1.0 1.0 1.0 1.0 1.0 1.0 1.0 1.0 1.0 1.0 1.0 1.0 1.0 1.0 1.0 1.0 1.0 1.0 1.0 1.0 1.0 1.0 1.0 1.0 1.0 1.0 1.0 1.0 1.0 1.0 1.0 1.0 1.0 1.0 1.0 1.0 1.0 1.0 1.0 1.0 1.0 1.0 1.0 1.0 1.0 1.0 1.0 1.0 1.0 1.0 1.0 1.0 1.0 1.0 1.0 1.0 1.0 1.0 1.0 1.0 1.0 1.0 1.0 1.0 1.0 1.0 1.0 1.0 1.0 1.0 1.0 1.0 1.0 1.0 1.0 1.0 1.0 1.0 1.0 1.0 1.0 1.0 1.0 1.0 1.0 1.0 1.0 1.0 1.0 1.0 1.0 1.0 1.0 1.0 1.0 1.0 1.0 1.0 1.0 1.0 1.0 1.0 1.0 1.0 1.0 
1.0 1.0 1.0 1.0 1.0 1.0 1.0 1.0 1.0 1.0 1.0 1.0 1.0 1.0 1.0 1.0 1.0 1.0 1.0 1.0 1.0 0.0 1.0 1.0 1.0 1.0 1.0 1.0 1.0 1.0 1.0 1.0 1.0 1.0 1.0 1.0 1.0 1.0 1.0 1.0 1.0 1.0 1.0 1.0 1.0 1.0 1.0 1.0 1.0 1.0 1.0 1.0 1.0 1.0 1.0 1.0 1.0 1.0 1.0 1.0 1.0 1.0 1.0 1.0 1.0 1.0 1.0 1.0 1.0 1.0 1.0 1.0 1.0 1.0 1.0 1.0 1.0 1.0 1.0 1.0 1.0 1.0 1.0 1.0 1.0 1.0 1.0 1.0 1.0 1.0 1.0 1.0 1.0 1.0 1.0 1.0 1.0 1.0 1.0 1.0 1.0 1.0 1.0 1.0 1.0 1.0 1.0 1.0 1.0 1.0 1.0 1.0 1.0 1.0 1.0 1.0 1.0 1.0 1.0 1.0 1.0 1.0 1.0 1.0 1.0 1.0 1.0 1.0 
1.0 1.0 1.0 1.0 1.0 1.0 1.0 1.0 1.0 1.0 1.0 1.0 1.0 1.0 1.0 1.0 1.0 1.0 1.0 1.0 1.0 1.0 0.0 1.0 1.0 1.0 1.0 1.0 1.0 1.0 1.0 1.0 1.0 1.0 1.0 1.0 1.0 1.0 1.0 1.0 1.0 1.0 1.0 1.0 1.0 1.0 1.0 1.0 1.0 1.0 1.0 1.0 1.0 1.0 1.0 1.0 1.0 1.0 1.0 1.0 1.0 1.0 1.0 1.0 1.0 1.0 1.0 1.0 1.0 1.0 1.0 1.0 1.0 1.0 1.0 1.0 1.0 1.0 1.0 1.0 1.0 1.0 1.0 1.0 1.0 1.0 1.0 1.0 1.0 1.0 1.0 1.0 1.0 1.0 1.0 1.0 1.0 1.0 1.0 1.0 1.0 1.0 1.0 1.0 1.0 1.0 1.0 1.0 1.0 1.0 1.0 1.0 1.0 1.0 1.0 1.0 1.0 1.0 1.0 1.0 1.0 1.0 1.0 1.0 1.0 1.0 1.0 1.0 
1.0 1.0 1.0 1.0 1.0 1.0 1.0 1.0 1.0 1.0 1.0 1.0 1.0 1.0 1.0 1.0 1.0 1.0 1.0 1.0 1.0 1.0 1.0 0.0 1.0 1.0 1.0 1.0 1.0 1.0 1.0 1.0 1.0 1.0 1.0 1.0 1.0 1.0 1.0 1.0 1.0 1.0 1.0 1.0 1.0 1.0 1.0 1.0 1.0 1.0 1.0 1.0 1.0 1.0 1.0 1.0 1.0 1.0 1.0 1.0 1.0 1.0 1.0 1.0 1.0 1.0 1.0 1.0 1.0 1.0 1.0 1.0 1.0 1.0 1.0 1.0 1.0 1.0 1.0 1.0 1.0 1.0 1.0 1.0 1.0 1.0 1.0 1.0 1.0 1.0 1.0 1.0 1.0 1.0 1.0 1.0 1.0 1.0 1.0 1.0 1.0 1.0 1.0 1.0 1.0 1.0 1.0 1.0 1.0 1.0 1.0 1.0 1.0 1.0 1.0 1.0 1.0 1.0 1.0 1.0 1.0 1.0 1.0 1.0 1.0 1.0 1.0 1.0 
1.0 1.0 1.0 1.0 1.0 1.0 1.0 1.0 1.0 1.0 1.0 1.0 1.0 1.0 1.0 1.0 1.0 1.0 1.0 1.0 1.0 1.0 1.0 1.0 0.0 1.0 1.0 1.0 1.0 1.0 1.0 1.0 1.0 1.0 1.0 1.0 1.0 1.0 1.0 1.0 1.0 1.0 1.0 1.0 1.0 1.0 1.0 1.0 1.0 1.0 1.0 1.0 1.0 1.0 1.0 1.0 1.0 1.0 1.0 1.0 1.0 1.0 1.0 1.0 1.0 1.0 1.0 1.0 1.0 1.0 1.0 1.0 1.0 1.0 1.0 1.0 1.0 1.0 1.0 1.0 1.0 1.0 1.0 1.0 1.0 1.0 1.0 1.0 1.0 1.0 1.0 1.0 1.0 1.0 1.0 1.0 1.0 1.0 1.0 1.0 1.0 1.0 1.0 1.0 1.0 1.0 1.0 1.0 1.0 1.0 1.0 1.0 1.0 1.0 1.0 1.0 1.0 1.0 1.0 1.0 1.0 1.0 1.0 1.0 1.0 1.0 1.0 1.0 
1.0 1.0 1.0 1.0 1.0 1.0 1.0 1.0 1.0 1.0 1.0 1.0 1.0 1.0 1.0 1.0 1.0 1.0 1.0 1.0 1.0 1.0 1.0 1.0 1.0 0.0 1.0 1.0 1.0 1.0 1.0 1.0 1.0 1.0 1.0 1.0 1.0 1.0 1.0 1.0 1.0 1.0 1.0 1.0 1.0 1.0 1.0 1.0 1.0 1.0 1.0 1.0 1.0 1.0 1.0 1.0 1.0 1.0 1.0 1.0 1.0 1.0 1.0 1.0 1.0 1.0 1.0 1.0 1.0 1.0 1.0 1.0 1.0 1.0 1.0 1.0 1.0 1.0 1.0 1.0 1.0 1.0 1.0 1.0 1.0 1.0 1.0 1.0 1.0 1.0 1.0 1.0 1.0 1.0 1.0 1.0 1.0 1.0 1.0 1.0 1.0 1.0 1.0 1.0 1.0 1.0 1.0 1.0 1.0 1.0 1.0 1.0 1.0 1.0 1.0 1.0 1.0 1.0 1.0 1.0 1.0 1.0 1.0 1.0 1.0 1.0 1.0 1.0 
1.0 1.0 1.0 1.0 1.0 1.0 1.0 1.0 1.0 1.0 1.0 1.0 1.0 1.0 1.0 1.0 1.0 1.0 1.0 1.0 1.0 1.0 1.0 1.0 1.0 1.0 0.0 1.0 1.0 1.0 1.0 1.0 1.0 1.0 1.0 1.0 1.0 1.0 1.0 1.0 1.0 1.0 1.0 1.0 1.0 1.0 1.0 1.0 1.0 1.0 1.0 1.0 1.0 1.0 1.0 1.0 1.0 1.0 1.0 1.0 1.0 1.0 1.0 1.0 1.0 1.0 1.0 1.0 1.0 1.0 1.0 1.0 1.0 1.0 1.0 1.0 1.0 1.0 1.0 1.0 1.0 1.0 1.0 1.0 1.0 1.0 1.0 1.0 1.0 1.0 1.0 1.0 1.0 1.0 1.0 1.0 1.0 1.0 1.0 1.0 1.0 1.0 1.0 1.0 1.0 1.0 1.0 1.0 1.0 1.0 1.0 1.0 1.0 1.0 1.0 1.0 1.0 1.0 1.0 1.0 1.0 1.0 1.0 1.0 1.0 1.0 1.0 1.0 
1.0 1.0 1.0 1.0 1.0 1.0 1.0 1.0 1.0 1.0 1.0 1.0 1.0 1.0 1.0 1.0 1.0 1.0 1.0 1.0 1.0 1.0 1.0 1.0 1.0 1.0 1.0 0.0 1.0 1.0 1.0 1.0 1.0 1.0 1.0 1.0 1.0 1.0 1.0 1.0 1.0 1.0 1.0 1.0 1.0 1.0 1.0 1.0 1.0 1.0 1.0 1.0 1.0 1.0 1.0 1.0 1.0 1.0 1.0 1.0 1.0 1.0 1.0 1.0 1.0 1.0 1.0 1.0 1.0 1.0 1.0 1.0 1.0 1.0 1.0 1.0 1.0 1.0 1.0 1.0 1.0 1.0 1.0 1.0 1.0 1.0 1.0 1.0 1.0 1.0 1.0 1.0 1.0 1.0 1.0 1.0 1.0 1.0 1.0 1.0 1.0 1.0 1.0 1.0 1.0 1.0 1.0 1.0 1.0 1.0 1.0 1.0 1.0 1.0 1.0 1.0 1.0 1.0 1.0 1.0 1.0 1.0 1.0 1.0 1.0 1.0 1.0 1.0 
1.0 1.0 1.0 1.0 1.0 1.0 1.0 1.0 1.0 1.0 1.0 1.0 1.0 1.0 1.0 1.0 1.0 1.0 1.0 1.0 1.0 1.0 1.0 1.0 1.0 1.0 1.0 1.0 0.0 1.0 1.0 1.0 1.0 1.0 1.0 1.0 1.0 1.0 1.0 1.0 1.0 1.0 1.0 1.0 1.0 1.0 1.0 1.0 1.0 1.0 1.0 1.0 1.0 1.0 1.0 1.0 1.0 1.0 1.0 1.0 1.0 1.0 1.0 1.0 1.0 1.0 1.0 1.0 1.0 1.0 1.0 1.0 1.0 1.0 1.0 1.0 1.0 1.0 1.0 1.0 1.0 1.0 1.0 1.0 1.0 1.0 1.0 1.0 1.0 1.0 1.0 1.0 1.0 1.0 1.0 1.0 1.0 1.0 1.0 1.0 1.0 1.0 1.0 1.0 1.0 1.0 1.0 1.0 1.0 1.0 1.0 1.0 1.0 1.0 1.0 1.0 1.0 1.0 1.0 1.0 1.0 1.0 1.0 1.0 1.0 1.0 1.0 1.0 
1.0 1.0 1.0 1.0 1.0 1.0 1.0 1.0 1.0 1.0 1.0 1.0 1.0 1.0 1.0 1.0 1.0 1.0 1.0 1.0 1.0 1.0 1.0 1.0 1.0 1.0 1.0 1.0 1.0 0.0 1.0 1.0 1.0 1.0 1.0 1.0 1.0 1.0 1.0 1.0 1.0 1.0 1.0 1.0 1.0 1.0 1.0 1.0 1.0 1.0 1.0 1.0 1.0 1.0 1.0 1.0 1.0 1.0 1.0 1.0 1.0 1.0 1.0 1.0 1.0 1.0 1.0 1.0 1.0 1.0 1.0 1.0 1.0 1.0 1.0 1.0 1.0 1.0 1.0 1.0 1.0 1.0 1.0 1.0 1.0 1.0 1.0 1.0 1.0 1.0 1.0 1.0 1.0 1.0 1.0 1.0 1.0 1.0 1.0 1.0 1.0 1.0 1.0 1.0 1.0 1.0 1.0 1.0 1.0 1.0 1.0 1.0 1.0 1.0 1.0 1.0 1.0 1.0 1.0 1.0 1.0 1.0 1.0 1.0 1.0 1.0 1.0 1.0 
1.0 1.0 1.0 1.0 1.0 1.0 1.0 1.0 1.0 1.0 1.0 1.0 1.0 1.0 1.0 1.0 1.0 1.0 1.0 1.0 1.0 1.0 1.0 1.0 1.0 1.0 1.0 1.0 1.0 1.0 0.0 1.0 1.0 1.0 1.0 1.0 1.0 1.0 1.0 1.0 1.0 1.0 1.0 1.0 1.0 1.0 1.0 1.0 1.0 1.0 1.0 1.0 1.0 1.0 1.0 1.0 1.0 1.0 1.0 1.0 1.0 1.0 1.0 1.0 1.0 1.0 1.0 1.0 1.0 1.0 1.0 1.0 1.0 1.0 1.0 1.0 1.0 1.0 1.0 1.0 1.0 1.0 1.0 1.0 1.0 1.0 1.0 1.0 1.0 1.0 1.0 1.0 1.0 1.0 1.0 1.0 1.0 1.0 1.0 1.0 1.0 1.0 1.0 1.0 1.0 1.0 1.0 1.0 1.0 1.0 1.0 1.0 1.0 1.0 1.0 1.0 1.0 1.0 1.0 1.0 1.0 1.0 1.0 1.0 1.0 1.0 1.0 1.0 
1.0 1.0 1.0 1.0 1.0 1.0 1.0 1.0 1.0 1.0 1.0 1.0 1.0 1.0 1.0 1.0 1.0 1.0 1.0 1.0 1.0 1.0 1.0 1.0 1.0 1.0 1.0 1.0 1.0 1.0 1.0 0.0 1.0 1.0 1.0 1.0 1.0 1.0 1.0 1.0 1.0 1.0 1.0 1.0 1.0 1.0 1.0 1.0 1.0 1.0 1.0 1.0 1.0 1.0 1.0 1.0 1.0 1.0 1.0 1.0 1.0 1.0 1.0 1.0 1.0 1.0 1.0 1.0 1.0 1.0 1.0 1.0 1.0 1.0 1.0 1.0 1.0 1.0 1.0 1.0 1.0 1.0 1.0 1.0 1.0 1.0 1.0 1.0 1.0 1.0 1.0 1.0 1.0 1.0 1.0 1.0 1.0 1.0 1.0 1.0 1.0 1.0 1.0 1.0 1.0 1.0 1.0 1.0 1.0 1.0 1.0 1.0 1.0 1.0 1.0 1.0 1.0 1.0 1.0 1.0 1.0 1.0 1.0 1.0 1.0 1.0 1.0 1.0 
1.0 1.0 1.0 1.0 1.0 1.0 1.0 1.0 1.0 1.0 1.0 1.0 1.0 1.0 1.0 1.0 1.0 1.0 1.0 1.0 1.0 1.0 1.0 1.0 1.0 1.0 1.0 1.0 1.0 1.0 1.0 1.0 0.0 1.0 1.0 1.0 1.0 1.0 1.0 1.0 1.0 1.0 1.0 1.0 1.0 1.0 1.0 1.0 1.0 1.0 1.0 1.0 1.0 1.0 1.0 1.0 1.0 1.0 1.0 1.0 1.0 1.0 1.0 1.0 1.0 1.0 1.0 1.0 1.0 1.0 1.0 1.0 1.0 1.0 1.0 1.0 1.0 1.0 1.0 1.0 1.0 1.0 1.0 1.0 1.0 1.0 1.0 1.0 1.0 1.0 1.0 1.0 1.0 1.0 1.0 1.0 1.0 1.0 1.0 1.0 1.0 1.0 1.0 1.0 1.0 1.0 1.0 1.0 1.0 1.0 1.0 1.0 1.0 1.0 1.0 1.0 1.0 1.0 1.0 1.0 1.0 1.0 1.0 1.0 1.0 1.0 1.0 1.0 
1.0 1.0 1.0 1.0 1.0 1.0 1.0 1.0 1.0 1.0 1.0 1.0 1.0 1.0 1.0 1.0 1.0 1.0 1.0 1.0 1.0 1.0 1.0 1.0 1.0 1.0 1.0 1.0 1.0 1.0 1.0 1.0 1.0 0.0 1.0 1.0 1.0 1.0 1.0 1.0 1.0 1.0 1.0 1.0 1.0 1.0 1.0 1.0 1.0 1.0 1.0 1.0 1.0 1.0 1.0 1.0 1.0 1.0 1.0 1.0 1.0 1.0 1.0 1.0 1.0 1.0 1.0 1.0 1.0 1.0 1.0 1.0 1.0 1.0 1.0 1.0 1.0 1.0 1.0 1.0 1.0 1.0 1.0 1.0 1.0 1.0 1.0 1.0 1.0 1.0 1.0 1.0 1.0 1.0 1.0 1.0 1.0 1.0 1.0 1.0 1.0 1.0 1.0 1.0 1.0 1.0 1.0 1.0 1.0 1.0 1.0 1.0 1.0 1.0 1.0 1.0 1.0 1.0 1.0 1.0 1.0 1.0 1.0 1.0 1.0 1.0 1.0 1.0 
1.0 1.0 1.0 1.0 1.0 1.0 1.0 1.0 1.0 1.0 1.0 1.0 1.0 1.0 1.0 1.0 1.0 1.0 1.0 1.0 1.0 1.0 1.0 1.0 1.0 1.0 1.0 1.0 1.0 1.0 1.0 1.0 1.0 1.0 0.0 1.0 1.0 1.0 1.0 1.0 1.0 1.0 1.0 1.0 1.0 1.0 1.0 1.0 1.0 1.0 1.0 1.0 1.0 1.0 1.0 1.0 1.0 1.0 1.0 1.0 1.0 1.0 1.0 1.0 1.0 1.0 1.0 1.0 1.0 1.0 1.0 1.0 1.0 1.0 1.0 1.0 1.0 1.0 1.0 1.0 1.0 1.0 1.0 1.0 1.0 1.0 1.0 1.0 1.0 1.0 1.0 1.0 1.0 1.0 1.0 1.0 1.0 1.0 1.0 1.0 1.0 1.0 1.0 1.0 1.0 1.0 1.0 1.0 1.0 1.0 1.0 1.0 1.0 1.0 1.0 1.0 1.0 1.0 1.0 1.0 1.0 1.0 1.0 1.0 1.0 1.0 1.0 1.0 
1.0 1.0 1.0 1.0 1.0 1.0 1.0 1.0 1.0 1.0 1.0 1.0 1.0 1.0 1.0 1.0 1.0 1.0 1.0 1.0 1.0 1.0 1.0 1.0 1.0 1.0 1.0 1.0 1.0 1.0 1.0 1.0 1.0 1.0 1.0 0.0 1.0 1.0 1.0 1.0 1.0 1.0 1.0 1.0 1.0 1.0 1.0 1.0 1.0 1.0 1.0 1.0 1.0 1.0 1.0 1.0 1.0 1.0 1.0 1.0 1.0 1.0 1.0 1.0 1.0 1.0 1.0 1.0 1.0 1.0 1.0 1.0 1.0 1.0 1.0 1.0 1.0 1.0 1.0 1.0 1.0 1.0 1.0 1.0 1.0 1.0 1.0 1.0 1.0 1.0 1.0 1.0 1.0 1.0 1.0 1.0 1.0 1.0 1.0 1.0 1.0 1.0 1.0 1.0 1.0 1.0 1.0 1.0 1.0 1.0 1.0 1.0 1.0 1.0 1.0 1.0 1.0 1.0 1.0 1.0 1.0 1.0 1.0 1.0 1.0 1.0 1.0 1.0 
1.0 1.0 1.0 1.0 1.0 1.0 1.0 1.0 1.0 1.0 1.0 1.0 1.0 1.0 1.0 1.0 1.0 1.0 1.0 1.0 1.0 1.0 1.0 1.0 1.0 1.0 1.0 1.0 1.0 1.0 1.0 1.0 1.0 1.0 1.0 1.0 0.0 1.0 1.0 1.0 1.0 1.0 1.0 1.0 1.0 1.0 1.0 1.0 1.0 1.0 1.0 1.0 1.0 1.0 1.0 1.0 1.0 1.0 1.0 1.0 1.0 1.0 1.0 1.0 1.0 1.0 1.0 1.0 1.0 1.0 1.0 1.0 1.0 1.0 1.0 1.0 1.0 1.0 1.0 1.0 1.0 1.0 1.0 1.0 1.0 1.0 1.0 1.0 1.0 1.0 1.0 1.0 1.0 1.0 1.0 1.0 1.0 1.0 1.0 1.0 1.0 1.0 1.0 1.0 1.0 1.0 1.0 1.0 1.0 1.0 1.0 1.0 1.0 1.0 1.0 1.0 1.0 1.0 1.0 1.0 1.0 1.0 1.0 1.0 1.0 1.0 1.0 1.0 
1.0 1.0 1.0 1.0 1.0 1.0 1.0 1.0 1.0 1.0 1.0 1.0 1.0 1.0 1.0 1.0 1.0 1.0 1.0 1.0 1.0 1.0 1.0 1.0 1.0 1.0 1.0 1.0 1.0 1.0 1.0 1.0 1.0 1.0 1.0 1.0 1.0 0.0 1.0 1.0 1.0 1.0 1.0 1.0 1.0 1.0 1.0 1.0 1.0 1.0 1.0 1.0 1.0 1.0 1.0 1.0 1.0 1.0 1.0 1.0 1.0 1.0 1.0 1.0 1.0 1.0 1.0 1.0 1.0 1.0 1.0 1.0 1.0 1.0 1.0 1.0 1.0 1.0 1.0 1.0 1.0 1.0 1.0 1.0 1.0 1.0 1.0 1.0 1.0 1.0 1.0 1.0 1.0 1.0 1.0 1.0 1.0 1.0 1.0 1.0 1.0 1.0 1.0 1.0 1.0 1.0 1.0 1.0 1.0 1.0 1.0 1.0 1.0 1.0 1.0 1.0 1.0 1.0 1.0 1.0 1.0 1.0 1.0 1.0 1.0 1.0 1.0 1.0 
1.0 1.0 1.0 1.0 1.0 1.0 1.0 1.0 1.0 1.0 1.0 1.0 1.0 1.0 1.0 1.0 1.0 1.0 1.0 1.0 1.0 1.0 1.0 1.0 1.0 1.0 1.0 1.0 1.0 1.0 1.0 1.0 1.0 1.0 1.0 1.0 1.0 1.0 0.0 1.0 1.0 1.0 1.0 1.0 1.0 1.0 1.0 1.0 1.0 1.0 1.0 1.0 1.0 1.0 1.0 1.0 1.0 1.0 1.0 1.0 1.0 1.0 1.0 1.0 1.0 1.0 1.0 1.0 1.0 1.0 1.0 1.0 1.0 1.0 1.0 1.0 1.0 1.0 1.0 1.0 1.0 1.0 1.0 1.0 1.0 1.0 1.0 1.0 1.0 1.0 1.0 1.0 1.0 1.0 1.0 1.0 1.0 1.0 1.0 1.0 1.0 1.0 1.0 1.0 1.0 1.0 1.0 1.0 1.0 1.0 1.0 1.0 1.0 1.0 1.0 1.0 1.0 1.0 1.0 1.0 1.0 1.0 1.0 1.0 1.0 1.0 1.0 1.0 
1.0 1.0 1.0 1.0 1.0 1.0 1.0 1.0 1.0 1.0 1.0 1.0 1.0 1.0 1.0 1.0 1.0 1.0 1.0 1.0 1.0 1.0 1.0 1.0 1.0 1.0 1.0 1.0 1.0 1.0 1.0 1.0 1.0 1.0 1.0 1.0 1.0 1.0 1.0 0.0 1.0 1.0 1.0 1.0 1.0 1.0 1.0 1.0 1.0 1.0 1.0 1.0 1.0 1.0 1.0 1.0 1.0 1.0 1.0 1.0 1.0 1.0 1.0 1.0 1.0 1.0 1.0 1.0 1.0 1.0 1.0 1.0 1.0 1.0 1.0 1.0 1.0 1.0 1.0 1.0 1.0 1.0 1.0 1.0 1.0 1.0 1.0 1.0 1.0 1.0 1.0 1.0 1.0 1.0 1.0 1.0 1.0 1.0 1.0 1.0 1.0 1.0 1.0 1.0 1.0 1.0 1.0 1.0 1.0 1.0 1.0 1.0 1.0 1.0 1.0 1.0 1.0 1.0 1.0 1.0 1.0 1.0 1.0 1.0 1.0 1.0 1.0 1.0 
1.0 1.0 1.0 1.0 1.0 1.0 1.0 1.0 1.0 1.0 1.0 1.0 1.0 1.0 1.0 1.0 1.0 1.0 1.0 1.0 1.0 1.0 1.0 1.0 1.0 1.0 1.0 1.0 1.0 1.0 1.0 1.0 1.0 1.0 1.0 1.0 1.0 1.0 1.0 1.0 0.0 1.0 1.0 1.0 1.0 1.0 1.0 1.0 1.0 1.0 1.0 1.0 1.0 1.0 1.0 1.0 1.0 1.0 1.0 1.0 1.0 1.0 1.0 1.0 1.0 1.0 1.0 1.0 1.0 1.0 1.0 1.0 1.0 1.0 1.0 1.0 1.0 1.0 1.0 1.0 1.0 1.0 1.0 1.0 1.0 1.0 1.0 1.0 1.0 1.0 1.0 1.0 1.0 1.0 1.0 1.0 1.0 1.0 1.0 1.0 1.0 1.0 1.0 1.0 1.0 1.0 1.0 1.0 1.0 1.0 1.0 1.0 1.0 1.0 1.0 1.0 1.0 1.0 1.0 1.0 1.0 1.0 1.0 1.0 1.0 1.0 1.0 1.0 
1.0 1.0 1.0 1.0 1.0 1.0 1.0 1.0 1.0 1.0 1.0 1.0 1.0 1.0 1.0 1.0 1.0 1.0 1.0 1.0 1.0 1.0 1.0 1.0 1.0 1.0 1.0 1.0 1.0 1.0 1.0 1.0 1.0 1.0 1.0 1.0 1.0 1.0 1.0 1.0 1.0 0.0 1.0 1.0 1.0 1.0 1.0 1.0 1.0 1.0 1.0 1.0 1.0 1.0 1.0 1.0 1.0 1.0 1.0 1.0 1.0 1.0 1.0 1.0 1.0 1.0 1.0 1.0 1.0 1.0 1.0 1.0 1.0 1.0 1.0 1.0 1.0 1.0 1.0 1.0 1.0 1.0 1.0 1.0 1.0 1.0 1.0 1.0 1.0 1.0 1.0 1.0 1.0 1.0 1.0 1.0 1.0 1.0 1.0 1.0 1.0 1.0 1.0 1.0 1.0 1.0 1.0 1.0 1.0 1.0 1.0 1.0 1.0 1.0 1.0 1.0 1.0 1.0 1.0 1.0 1.0 1.0 1.0 1.0 1.0 1.0 1.0 1.0 
1.0 1.0 1.0 1.0 1.0 1.0 1.0 1.0 1.0 1.0 1.0 1.0 1.0 1.0 1.0 1.0 1.0 1.0 1.0 1.0 1.0 1.0 1.0 1.0 1.0 1.0 1.0 1.0 1.0 1.0 1.0 1.0 1.0 1.0 1.0 1.0 1.0 1.0 1.0 1.0 1.0 1.0 0.0 1.0 1.0 1.0 1.0 1.0 1.0 1.0 1.0 1.0 1.0 1.0 1.0 1.0 1.0 1.0 1.0 1.0 1.0 1.0 1.0 1.0 1.0 1.0 1.0 1.0 1.0 1.0 1.0 1.0 1.0 1.0 1.0 1.0 1.0 1.0 1.0 1.0 1.0 1.0 1.0 1.0 1.0 1.0 1.0 1.0 1.0 1.0 1.0 1.0 1.0 1.0 1.0 1.0 1.0 1.0 1.0 1.0 1.0 1.0 1.0 1.0 1.0 1.0 1.0 1.0 1.0 1.0 1.0 1.0 1.0 1.0 1.0 1.0 1.0 1.0 1.0 1.0 1.0 1.0 1.0 1.0 1.0 1.0 1.0 1.0 
1.0 1.0 1.0 1.0 1.0 1.0 1.0 1.0 1.0 1.0 1.0 1.0 1.0 1.0 1.0 1.0 1.0 1.0 1.0 1.0 1.0 1.0 1.0 1.0 1.0 1.0 1.0 1.0 1.0 1.0 1.0 1.0 1.0 1.0 1.0 1.0 1.0 1.0 1.0 1.0 1.0 1.0 1.0 0.0 1.0 1.0 1.0 1.0 1.0 1.0 1.0 1.0 1.0 1.0 1.0 1.0 1.0 1.0 1.0 1.0 1.0 1.0 1.0 1.0 1.0 1.0 1.0 1.0 1.0 1.0 1.0 1.0 1.0 1.0 1.0 1.0 1.0 1.0 1.0 1.0 1.0 1.0 1.0 1.0 1.0 1.0 1.0 1.0 1.0 1.0 1.0 1.0 1.0 1.0 1.0 1.0 1.0 1.0 1.0 1.0 1.0 1.0 1.0 1.0 1.0 1.0 1.0 1.0 1.0 1.0 1.0 1.0 1.0 1.0 1.0 1.0 1.0 1.0 1.0 1.0 1.0 1.0 1.0 1.0 1.0 1.0 1.0 1.0 
1.0 1.0 1.0 1.0 1.0 1.0 1.0 1.0 1.0 1.0 1.0 1.0 1.0 1.0 1.0 1.0 1.0 1.0 1.0 1.0 1.0 1.0 1.0 1.0 1.0 1.0 1.0 1.0 1.0 1.0 1.0 1.0 1.0 1.0 1.0 1.0 1.0 1.0 1.0 1.0 1.0 1.0 1.0 1.0 0.0 1.0 1.0 1.0 1.0 1.0 1.0 1.0 1.0 1.0 1.0 1.0 1.0 1.0 1.0 1.0 1.0 1.0 1.0 1.0 1.0 1.0 1.0 1.0 1.0 1.0 1.0 1.0 1.0 1.0 1.0 1.0 1.0 1.0 1.0 1.0 1.0 1.0 1.0 1.0 1.0 1.0 1.0 1.0 1.0 1.0 1.0 1.0 1.0 1.0 1.0 1.0 1.0 1.0 1.0 1.0 1.0 1.0 1.0 1.0 1.0 1.0 1.0 1.0 1.0 1.0 1.0 1.0 1.0 1.0 1.0 1.0 1.0 1.0 1.0 1.0 1.0 1.0 1.0 1.0 1.0 1.0 1.0 1.0 
1.0 1.0 1.0 1.0 1.0 1.0 1.0 1.0 1.0 1.0 1.0 1.0 1.0 1.0 1.0 1.0 1.0 1.0 1.0 1.0 1.0 1.0 1.0 1.0 1.0 1.0 1.0 1.0 1.0 1.0 1.0 1.0 1.0 1.0 1.0 1.0 1.0 1.0 1.0 1.0 1.0 1.0 1.0 1.0 1.0 0.0 1.0 1.0 1.0 1.0 1.0 1.0 1.0 1.0 1.0 1.0 1.0 1.0 1.0 1.0 1.0 1.0 1.0 1.0 1.0 1.0 1.0 1.0 1.0 1.0 1.0 1.0 1.0 1.0 1.0 1.0 1.0 1.0 1.0 1.0 1.0 1.0 1.0 1.0 1.0 1.0 1.0 1.0 1.0 1.0 1.0 1.0 1.0 1.0 1.0 1.0 1.0 1.0 1.0 1.0 1.0 1.0 1.0 1.0 1.0 1.0 1.0 1.0 1.0 1.0 1.0 1.0 1.0 1.0 1.0 1.0 1.0 1.0 1.0 1.0 1.0 1.0 1.0 1.0 1.0 1.0 1.0 1.0 
1.0 1.0 1.0 1.0 1.0 1.0 1.0 1.0 1.0 1.0 1.0 1.0 1.0 1.0 1.0 1.0 1.0 1.0 1.0 1.0 1.0 1.0 1.0 1.0 1.0 1.0 1.0 1.0 1.0 1.0 1.0 1.0 1.0 1.0 1.0 1.0 1.0 1.0 1.0 1.0 1.0 1.0 1.0 1.0 1.0 1.0 0.0 1.0 1.0 1.0 1.0 1.0 1.0 1.0 1.0 1.0 1.0 1.0 1.0 1.0 1.0 1.0 1.0 1.0 1.0 1.0 1.0 1.0 1.0 1.0 1.0 1.0 1.0 1.0 1.0 1.0 1.0 1.0 1.0 1.0 1.0 1.0 1.0 1.0 1.0 1.0 1.0 1.0 1.0 1.0 1.0 1.0 1.0 1.0 1.0 1.0 1.0 1.0 1.0 1.0 1.0 1.0 1.0 1.0 1.0 1.0 1.0 1.0 1.0 1.0 1.0 1.0 1.0 1.0 1.0 1.0 1.0 1.0 1.0 1.0 1.0 1.0 1.0 1.0 1.0 1.0 1.0 1.0 
1.0 1.0 1.0 1.0 1.0 1.0 1.0 1.0 1.0 1.0 1.0 1.0 1.0 1.0 1.0 1.0 1.0 1.0 1.0 1.0 1.0 1.0 1.0 1.0 1.0 1.0 1.0 1.0 1.0 1.0 1.0 1.0 1.0 1.0 1.0 1.0 1.0 1.0 1.0 1.0 1.0 1.0 1.0 1.0 1.0 1.0 1.0 0.0 1.0 1.0 1.0 1.0 1.0 1.0 1.0 1.0 1.0 1.0 1.0 1.0 1.0 1.0 1.0 1.0 1.0 1.0 1.0 1.0 1.0 1.0 1.0 1.0 1.0 1.0 1.0 1.0 1.0 1.0 1.0 1.0 1.0 1.0 1.0 1.0 1.0 1.0 1.0 1.0 1.0 1.0 1.0 1.0 1.0 1.0 1.0 1.0 1.0 1.0 1.0 1.0 1.0 1.0 1.0 1.0 1.0 1.0 1.0 1.0 1.0 1.0 1.0 1.0 1.0 1.0 1.0 1.0 1.0 1.0 1.0 1.0 1.0 1.0 1.0 1.0 1.0 1.0 1.0 1.0 
1.0 1.0 1.0 1.0 1.0 1.0 1.0 1.0 1.0 1.0 1.0 1.0 1.0 1.0 1.0 1.0 1.0 1.0 1.0 1.0 1.0 1.0 1.0 1.0 1.0 1.0 1.0 1.0 1.0 1.0 1.0 1.0 1.0 1.0 1.0 1.0 1.0 1.0 1.0 1.0 1.0 1.0 1.0 1.0 1.0 1.0 1.0 1.0 0.0 1.0 1.0 1.0 1.0 1.0 1.0 1.0 1.0 1.0 1.0 1.0 1.0 1.0 1.0 1.0 1.0 1.0 1.0 1.0 1.0 1.0 1.0 1.0 1.0 1.0 1.0 1.0 1.0 1.0 1.0 1.0 1.0 1.0 1.0 1.0 1.0 1.0 1.0 1.0 1.0 1.0 1.0 1.0 1.0 1.0 1.0 1.0 1.0 1.0 1.0 1.0 1.0 1.0 1.0 1.0 1.0 1.0 1.0 1.0 1.0 1.0 1.0 1.0 1.0 1.0 1.0 1.0 1.0 1.0 1.0 1.0 1.0 1.0 1.0 1.0 1.0 1.0 1.0 1.0 
1.0 1.0 1.0 1.0 1.0 1.0 1.0 1.0 1.0 1.0 1.0 1.0 1.0 1.0 1.0 1.0 1.0 1.0 1.0 1.0 1.0 1.0 1.0 1.0 1.0 1.0 1.0 1.0 1.0 1.0 1.0 1.0 1.0 1.0 1.0 1.0 1.0 1.0 1.0 1.0 1.0 1.0 1.0 1.0 1.0 1.0 1.0 1.0 1.0 0.0 1.0 1.0 1.0 1.0 1.0 1.0 1.0 1.0 1.0 1.0 1.0 1.0 1.0 1.0 1.0 1.0 1.0 1.0 1.0 1.0 1.0 1.0 1.0 1.0 1.0 1.0 1.0 1.0 1.0 1.0 1.0 1.0 1.0 1.0 1.0 1.0 1.0 1.0 1.0 1.0 1.0 1.0 1.0 1.0 1.0 1.0 1.0 1.0 1.0 1.0 1.0 1.0 1.0 1.0 1.0 1.0 1.0 1.0 1.0 1.0 1.0 1.0 1.0 1.0 1.0 1.0 1.0 1.0 1.0 1.0 1.0 1.0 1.0 1.0 1.0 1.0 1.0 1.0 
1.0 1.0 1.0 1.0 1.0 1.0 1.0 1.0 1.0 1.0 1.0 1.0 1.0 1.0 1.0 1.0 1.0 1.0 1.0 1.0 1.0 1.0 1.0 1.0 1.0 1.0 1.0 1.0 1.0 1.0 1.0 1.0 1.0 1.0 1.0 1.0 1.0 1.0 1.0 1.0 1.0 1.0 1.0 1.0 1.0 1.0 1.0 1.0 1.0 1.0 0.0 1.0 1.0 1.0 1.0 1.0 1.0 1.0 1.0 1.0 1.0 1.0 1.0 1.0 1.0 1.0 1.0 1.0 1.0 1.0 1.0 1.0 1.0 1.0 1.0 1.0 1.0 1.0 1.0 1.0 1.0 1.0 1.0 1.0 1.0 1.0 1.0 1.0 1.0 1.0 1.0 1.0 1.0 1.0 1.0 1.0 1.0 1.0 1.0 1.0 1.0 1.0 1.0 1.0 1.0 1.0 1.0 1.0 1.0 1.0 1.0 1.0 1.0 1.0 1.0 1.0 1.0 1.0 1.0 1.0 1.0 1.0 1.0 1.0 1.0 1.0 1.0 1.0 
1.0 1.0 1.0 1.0 1.0 1.0 1.0 1.0 1.0 1.0 1.0 1.0 1.0 1.0 1.0 1.0 1.0 1.0 1.0 1.0 1.0 1.0 1.0 1.0 1.0 1.0 1.0 1.0 1.0 1.0 1.0 1.0 1.0 1.0 1.0 1.0 1.0 1.0 1.0 1.0 1.0 1.0 1.0 1.0 1.0 1.0 1.0 1.0 1.0 1.0 1.0 0.0 1.0 1.0 1.0 1.0 1.0 1.0 1.0 1.0 1.0 1.0 1.0 1.0 1.0 1.0 1.0 1.0 1.0 1.0 1.0 1.0 1.0 1.0 1.0 1.0 1.0 1.0 1.0 1.0 1.0 1.0 1.0 1.0 1.0 1.0 1.0 1.0 1.0 1.0 1.0 1.0 1.0 1.0 1.0 1.0 1.0 1.0 1.0 1.0 1.0 1.0 1.0 1.0 1.0 1.0 1.0 1.0 1.0 1.0 1.0 1.0 1.0 1.0 1.0 1.0 1.0 1.0 1.0 1.0 1.0 1.0 1.0 1.0 1.0 1.0 1.0 1.0 
1.0 1.0 1.0 1.0 1.0 1.0 1.0 1.0 1.0 1.0 1.0 1.0 1.0 1.0 1.0 1.0 1.0 1.0 1.0 1.0 1.0 1.0 1.0 1.0 1.0 1.0 1.0 1.0 1.0 1.0 1.0 1.0 1.0 1.0 1.0 1.0 1.0 1.0 1.0 1.0 1.0 1.0 1.0 1.0 1.0 1.0 1.0 1.0 1.0 1.0 1.0 1.0 0.0 1.0 1.0 1.0 1.0 1.0 1.0 1.0 1.0 1.0 1.0 1.0 1.0 1.0 1.0 1.0 1.0 1.0 1.0 1.0 1.0 1.0 1.0 1.0 1.0 1.0 1.0 1.0 1.0 1.0 1.0 1.0 1.0 1.0 1.0 1.0 1.0 1.0 1.0 1.0 1.0 1.0 1.0 1.0 1.0 1.0 1.0 1.0 1.0 1.0 1.0 1.0 1.0 1.0 1.0 1.0 1.0 1.0 1.0 1.0 1.0 1.0 1.0 1.0 1.0 1.0 1.0 1.0 1.0 1.0 1.0 1.0 1.0 1.0 1.0 1.0 
1.0 1.0 1.0 1.0 1.0 1.0 1.0 1.0 1.0 1.0 1.0 1.0 1.0 1.0 1.0 1.0 1.0 1.0 1.0 1.0 1.0 1.0 1.0 1.0 1.0 1.0 1.0 1.0 1.0 1.0 1.0 1.0 1.0 1.0 1.0 1.0 1.0 1.0 1.0 1.0 1.0 1.0 1.0 1.0 1.0 1.0 1.0 1.0 1.0 1.0 1.0 1.0 1.0 0.0 1.0 1.0 1.0 1.0 1.0 1.0 1.0 1.0 1.0 1.0 1.0 1.0 1.0 1.0 1.0 1.0 1.0 1.0 1.0 1.0 1.0 1.0 1.0 1.0 1.0 1.0 1.0 1.0 1.0 1.0 1.0 1.0 1.0 1.0 1.0 1.0 1.0 1.0 1.0 1.0 1.0 1.0 1.0 1.0 1.0 1.0 1.0 1.0 1.0 1.0 1.0 1.0 1.0 1.0 1.0 1.0 1.0 1.0 1.0 1.0 1.0 1.0 1.0 1.0 1.0 1.0 1.0 1.0 1.0 1.0 1.0 1.0 1.0 1.0 
1.0 1.0 1.0 1.0 1.0 1.0 1.0 1.0 1.0 1.0 1.0 1.0 1.0 1.0 1.0 1.0 1.0 1.0 1.0 1.0 1.0 1.0 1.0 1.0 1.0 1.0 1.0 1.0 1.0 1.0 1.0 1.0 1.0 1.0 1.0 1.0 1.0 1.0 1.0 1.0 1.0 1.0 1.0 1.0 1.0 1.0 1.0 1.0 1.0 1.0 1.0 1.0 1.0 1.0 0.0 1.0 1.0 1.0 1.0 1.0 1.0 1.0 1.0 1.0 1.0 1.0 1.0 1.0 1.0 1.0 1.0 1.0 1.0 1.0 1.0 1.0 1.0 1.0 1.0 1.0 1.0 1.0 1.0 1.0 1.0 1.0 1.0 1.0 1.0 1.0 1.0 1.0 1.0 1.0 1.0 1.0 1.0 1.0 1.0 1.0 1.0 1.0 1.0 1.0 1.0 1.0 1.0 1.0 1.0 1.0 1.0 1.0 1.0 1.0 1.0 1.0 1.0 1.0 1.0 1.0 1.0 1.0 1.0 1.0 1.0 1.0 1.0 1.0 
1.0 1.0 1.0 1.0 1.0 1.0 1.0 1.0 1.0 1.0 1.0 1.0 1.0 1.0 1.0 1.0 1.0 1.0 1.0 1.0 1.0 1.0 1.0 1.0 1.0 1.0 1.0 1.0 1.0 1.0 1.0 1.0 1.0 1.0 1.0 1.0 1.0 1.0 1.0 1.0 1.0 1.0 1.0 1.0 1.0 1.0 1.0 1.0 1.0 1.0 1.0 1.0 1.0 1.0 1.0 0.0 1.0 1.0 1.0 1.0 1.0 1.0 1.0 1.0 1.0 1.0 1.0 1.0 1.0 1.0 1.0 1.0 1.0 1.0 1.0 1.0 1.0 1.0 1.0 1.0 1.0 1.0 1.0 1.0 1.0 1.0 1.0 1.0 1.0 1.0 1.0 1.0 1.0 1.0 1.0 1.0 1.0 1.0 1.0 1.0 1.0 1.0 1.0 1.0 1.0 1.0 1.0 1.0 1.0 1.0 1.0 1.0 1.0 1.0 1.0 1.0 1.0 1.0 1.0 1.0 1.0 1.0 1.0 1.0 1.0 1.0 1.0 1.0 
1.0 1.0 1.0 1.0 1.0 1.0 1.0 1.0 1.0 1.0 1.0 1.0 1.0 1.0 1.0 1.0 1.0 1.0 1.0 1.0 1.0 1.0 1.0 1.0 1.0 1.0 1.0 1.0 1.0 1.0 1.0 1.0 1.0 1.0 1.0 1.0 1.0 1.0 1.0 1.0 1.0 1.0 1.0 1.0 1.0 1.0 1.0 1.0 1.0 1.0 1.0 1.0 1.0 1.0 1.0 1.0 0.0 1.0 1.0 1.0 1.0 1.0 1.0 1.0 1.0 1.0 1.0 1.0 1.0 1.0 1.0 1.0 1.0 1.0 1.0 1.0 1.0 1.0 1.0 1.0 1.0 1.0 1.0 1.0 1.0 1.0 1.0 1.0 1.0 1.0 1.0 1.0 1.0 1.0 1.0 1.0 1.0 1.0 1.0 1.0 1.0 1.0 1.0 1.0 1.0 1.0 1.0 1.0 1.0 1.0 1.0 1.0 1.0 1.0 1.0 1.0 1.0 1.0 1.0 1.0 1.0 1.0 1.0 1.0 1.0 1.0 1.0 1.0 
1.0 1.0 1.0 1.0 1.0 1.0 1.0 1.0 1.0 1.0 1.0 1.0 1.0 1.0 1.0 1.0 1.0 1.0 1.0 1.0 1.0 1.0 1.0 1.0 1.0 1.0 1.0 1.0 1.0 1.0 1.0 1.0 1.0 1.0 1.0 1.0 1.0 1.0 1.0 1.0 1.0 1.0 1.0 1.0 1.0 1.0 1.0 1.0 1.0 1.0 1.0 1.0 1.0 1.0 1.0 1.0 1.0 0.0 1.0 1.0 1.0 1.0 1.0 1.0 1.0 1.0 1.0 1.0 1.0 1.0 1.0 1.0 1.0 1.0 1.0 1.0 1.0 1.0 1.0 1.0 1.0 1.0 1.0 1.0 1.0 1.0 1.0 1.0 1.0 1.0 1.0 1.0 1.0 1.0 1.0 1.0 1.0 1.0 1.0 1.0 1.0 1.0 1.0 1.0 1.0 1.0 1.0 1.0 1.0 1.0 1.0 1.0 1.0 1.0 1.0 1.0 1.0 1.0 1.0 1.0 1.0 1.0 1.0 1.0 1.0 1.0 1.0 1.0 
1.0 1.0 1.0 1.0 1.0 1.0 1.0 1.0 1.0 1.0 1.0 1.0 1.0 1.0 1.0 1.0 1.0 1.0 1.0 1.0 1.0 1.0 1.0 1.0 1.0 1.0 1.0 1.0 1.0 1.0 1.0 1.0 1.0 1.0 1.0 1.0 1.0 1.0 1.0 1.0 1.0 1.0 1.0 1.0 1.0 1.0 1.0 1.0 1.0 1.0 1.0 1.0 1.0 1.0 1.0 1.0 1.0 1.0 0.0 1.0 1.0 1.0 1.0 1.0 1.0 1.0 1.0 1.0 1.0 1.0 1.0 1.0 1.0 1.0 1.0 1.0 1.0 1.0 1.0 1.0 1.0 1.0 1.0 1.0 1.0 1.0 1.0 1.0 1.0 1.0 1.0 1.0 1.0 1.0 1.0 1.0 1.0 1.0 1.0 1.0 1.0 1.0 1.0 1.0 1.0 1.0 1.0 1.0 1.0 1.0 1.0 1.0 1.0 1.0 1.0 1.0 1.0 1.0 1.0 1.0 1.0 1.0 1.0 1.0 1.0 1.0 1.0 1.0 
1.0 1.0 1.0 1.0 1.0 1.0 1.0 1.0 1.0 1.0 1.0 1.0 1.0 1.0 1.0 1.0 1.0 1.0 1.0 1.0 1.0 1.0 1.0 1.0 1.0 1.0 1.0 1.0 1.0 1.0 1.0 1.0 1.0 1.0 1.0 1.0 1.0 1.0 1.0 1.0 1.0 1.0 1.0 1.0 1.0 1.0 1.0 1.0 1.0 1.0 1.0 1.0 1.0 1.0 1.0 1.0 1.0 1.0 1.0 0.0 1.0 1.0 1.0 1.0 1.0 1.0 1.0 1.0 1.0 1.0 1.0 1.0 1.0 1.0 1.0 1.0 1.0 1.0 1.0 1.0 1.0 1.0 1.0 1.0 1.0 1.0 1.0 1.0 1.0 1.0 1.0 1.0 1.0 1.0 1.0 1.0 1.0 1.0 1.0 1.0 1.0 1.0 1.0 1.0 1.0 1.0 1.0 1.0 1.0 1.0 1.0 1.0 1.0 1.0 1.0 1.0 1.0 1.0 1.0 1.0 1.0 1.0 1.0 1.0 1.0 1.0 1.0 1.0 
1.0 1.0 1.0 1.0 1.0 1.0 1.0 1.0 1.0 1.0 1.0 1.0 1.0 1.0 1.0 1.0 1.0 1.0 1.0 1.0 1.0 1.0 1.0 1.0 1.0 1.0 1.0 1.0 1.0 1.0 1.0 1.0 1.0 1.0 1.0 1.0 1.0 1.0 1.0 1.0 1.0 1.0 1.0 1.0 1.0 1.0 1.0 1.0 1.0 1.0 1.0 1.0 1.0 1.0 1.0 1.0 1.0 1.0 1.0 1.0 0.0 1.0 1.0 1.0 1.0 1.0 1.0 1.0 1.0 1.0 1.0 1.0 1.0 1.0 1.0 1.0 1.0 1.0 1.0 1.0 1.0 1.0 1.0 1.0 1.0 1.0 1.0 1.0 1.0 1.0 1.0 1.0 1.0 1.0 1.0 1.0 1.0 1.0 1.0 1.0 1.0 1.0 1.0 1.0 1.0 1.0 1.0 1.0 1.0 1.0 1.0 1.0 1.0 1.0 1.0 1.0 1.0 1.0 1.0 1.0 1.0 1.0 1.0 1.0 1.0 1.0 1.0 1.0 
1.0 1.0 1.0 1.0 1.0 1.0 1.0 1.0 1.0 1.0 1.0 1.0 1.0 1.0 1.0 1.0 1.0 1.0 1.0 1.0 1.0 1.0 1.0 1.0 1.0 1.0 1.0 1.0 1.0 1.0 1.0 1.0 1.0 1.0 1.0 1.0 1.0 1.0 1.0 1.0 1.0 1.0 1.0 1.0 1.0 1.0 1.0 1.0 1.0 1.0 1.0 1.0 1.0 1.0 1.0 1.0 1.0 1.0 1.0 1.0 1.0 0.0 1.0 1.0 1.0 1.0 1.0 1.0 1.0 1.0 1.0 1.0 1.0 1.0 1.0 1.0 1.0 1.0 1.0 1.0 1.0 1.0 1.0 1.0 1.0 1.0 1.0 1.0 1.0 1.0 1.0 1.0 1.0 1.0 1.0 1.0 1.0 1.0 1.0 1.0 1.0 1.0 1.0 1.0 1.0 1.0 1.0 1.0 1.0 1.0 1.0 1.0 1.0 1.0 1.0 1.0 1.0 1.0 1.0 1.0 1.0 1.0 1.0 1.0 1.0 1.0 1.0 1.0 
1.0 1.0 1.0 1.0 1.0 1.0 1.0 1.0 1.0 1.0 1.0 1.0 1.0 1.0 1.0 1.0 1.0 1.0 1.0 1.0 1.0 1.0 1.0 1.0 1.0 1.0 1.0 1.0 1.0 1.0 1.0 1.0 1.0 1.0 1.0 1.0 1.0 1.0 1.0 1.0 1.0 1.0 1.0 1.0 1.0 1.0 1.0 1.0 1.0 1.0 1.0 1.0 1.0 1.0 1.0 1.0 1.0 1.0 1.0 1.0 1.0 1.0 0.0 1.0 1.0 1.0 1.0 1.0 1.0 1.0 1.0 1.0 1.0 1.0 1.0 1.0 1.0 1.0 1.0 1.0 1.0 1.0 1.0 1.0 1.0 1.0 1.0 1.0 1.0 1.0 1.0 1.0 1.0 1.0 1.0 1.0 1.0 1.0 1.0 1.0 1.0 1.0 1.0 1.0 1.0 1.0 1.0 1.0 1.0 1.0 1.0 1.0 1.0 1.0 1.0 1.0 1.0 1.0 1.0 1.0 1.0 1.0 1.0 1.0 1.0 1.0 1.0 1.0 
1.0 1.0 1.0 1.0 1.0 1.0 1.0 1.0 1.0 1.0 1.0 1.0 1.0 1.0 1.0 1.0 1.0 1.0 1.0 1.0 1.0 1.0 1.0 1.0 1.0 1.0 1.0 1.0 1.0 1.0 1.0 1.0 1.0 1.0 1.0 1.0 1.0 1.0 1.0 1.0 1.0 1.0 1.0 1.0 1.0 1.0 1.0 1.0 1.0 1.0 1.0 1.0 1.0 1.0 1.0 1.0 1.0 1.0 1.0 1.0 1.0 1.0 1.0 0.0 1.0 1.0 1.0 1.0 1.0 1.0 1.0 1.0 1.0 1.0 1.0 1.0 1.0 1.0 1.0 1.0 1.0 1.0 1.0 1.0 1.0 1.0 1.0 1.0 1.0 1.0 1.0 1.0 1.0 1.0 1.0 1.0 1.0 1.0 1.0 1.0 1.0 1.0 1.0 1.0 1.0 1.0 1.0 1.0 1.0 1.0 1.0 1.0 1.0 1.0 1.0 1.0 1.0 1.0 1.0 1.0 1.0 1.0 1.0 1.0 1.0 1.0 1.0 1.0 
1.0 1.0 1.0 1.0 1.0 1.0 1.0 1.0 1.0 1.0 1.0 1.0 1.0 1.0 1.0 1.0 1.0 1.0 1.0 1.0 1.0 1.0 1.0 1.0 1.0 1.0 1.0 1.0 1.0 1.0 1.0 1.0 1.0 1.0 1.0 1.0 1.0 1.0 1.0 1.0 1.0 1.0 1.0 1.0 1.0 1.0 1.0 1.0 1.0 1.0 1.0 1.0 1.0 1.0 1.0 1.0 1.0 1.0 1.0 1.0 1.0 1.0 1.0 1.0 0.0 1.0 1.0 1.0 1.0 1.0 1.0 1.0 1.0 1.0 1.0 1.0 1.0 1.0 1.0 1.0 1.0 1.0 1.0 1.0 1.0 1.0 1.0 1.0 1.0 1.0 1.0 1.0 1.0 1.0 1.0 1.0 1.0 1.0 1.0 1.0 1.0 1.0 1.0 1.0 1.0 1.0 1.0 1.0 1.0 1.0 1.0 1.0 1.0 1.0 1.0 1.0 1.0 1.0 1.0 1.0 1.0 1.0 1.0 1.0 1.0 1.0 1.0 1.0 
1.0 1.0 1.0 1.0 1.0 1.0 1.0 1.0 1.0 1.0 1.0 1.0 1.0 1.0 1.0 1.0 1.0 1.0 1.0 1.0 1.0 1.0 1.0 1.0 1.0 1.0 1.0 1.0 1.0 1.0 1.0 1.0 1.0 1.0 1.0 1.0 1.0 1.0 1.0 1.0 1.0 1.0 1.0 1.0 1.0 1.0 1.0 1.0 1.0 1.0 1.0 1.0 1.0 1.0 1.0 1.0 1.0 1.0 1.0 1.0 1.0 1.0 1.0 1.0 1.0 0.0 1.0 1.0 1.0 1.0 1.0 1.0 1.0 1.0 1.0 1.0 1.0 1.0 1.0 1.0 1.0 1.0 1.0 1.0 1.0 1.0 1.0 1.0 1.0 1.0 1.0 1.0 1.0 1.0 1.0 1.0 1.0 1.0 1.0 1.0 1.0 1.0 1.0 1.0 1.0 1.0 1.0 1.0 1.0 1.0 1.0 1.0 1.0 1.0 1.0 1.0 1.0 1.0 1.0 1.0 1.0 1.0 1.0 1.0 1.0 1.0 1.0 1.0 
1.0 1.0 1.0 1.0 1.0 1.0 1.0 1.0 1.0 1.0 1.0 1.0 1.0 1.0 1.0 1.0 1.0 1.0 1.0 1.0 1.0 1.0 1.0 1.0 1.0 1.0 1.0 1.0 1.0 1.0 1.0 1.0 1.0 1.0 1.0 1.0 1.0 1.0 1.0 1.0 1.0 1.0 1.0 1.0 1.0 1.0 1.0 1.0 1.0 1.0 1.0 1.0 1.0 1.0 1.0 1.0 1.0 1.0 1.0 1.0 1.0 1.0 1.0 1.0 1.0 1.0 0.0 1.0 1.0 1.0 1.0 1.0 1.0 1.0 1.0 1.0 1.0 1.0 1.0 1.0 1.0 1.0 1.0 1.0 1.0 1.0 1.0 1.0 1.0 1.0 1.0 1.0 1.0 1.0 1.0 1.0 1.0 1.0 1.0 1.0 1.0 1.0 1.0 1.0 1.0 1.0 1.0 1.0 1.0 1.0 1.0 1.0 1.0 1.0 1.0 1.0 1.0 1.0 1.0 1.0 1.0 1.0 1.0 1.0 1.0 1.0 1.0 1.0 
1.0 1.0 1.0 1.0 1.0 1.0 1.0 1.0 1.0 1.0 1.0 1.0 1.0 1.0 1.0 1.0 1.0 1.0 1.0 1.0 1.0 1.0 1.0 1.0 1.0 1.0 1.0 1.0 1.0 1.0 1.0 1.0 1.0 1.0 1.0 1.0 1.0 1.0 1.0 1.0 1.0 1.0 1.0 1.0 1.0 1.0 1.0 1.0 1.0 1.0 1.0 1.0 1.0 1.0 1.0 1.0 1.0 1.0 1.0 1.0 1.0 1.0 1.0 1.0 1.0 1.0 1.0 0.0 1.0 1.0 1.0 1.0 1.0 1.0 1.0 1.0 1.0 1.0 1.0 1.0 1.0 1.0 1.0 1.0 1.0 1.0 1.0 1.0 1.0 1.0 1.0 1.0 1.0 1.0 1.0 1.0 1.0 1.0 1.0 1.0 1.0 1.0 1.0 1.0 1.0 1.0 1.0 1.0 1.0 1.0 1.0 1.0 1.0 1.0 1.0 1.0 1.0 1.0 1.0 1.0 1.0 1.0 1.0 1.0 1.0 1.0 1.0 1.0 
1.0 1.0 1.0 1.0 1.0 1.0 1.0 1.0 1.0 1.0 1.0 1.0 1.0 1.0 1.0 1.0 1.0 1.0 1.0 1.0 1.0 1.0 1.0 1.0 1.0 1.0 1.0 1.0 1.0 1.0 1.0 1.0 1.0 1.0 1.0 1.0 1.0 1.0 1.0 1.0 1.0 1.0 1.0 1.0 1.0 1.0 1.0 1.0 1.0 1.0 1.0 1.0 1.0 1.0 1.0 1.0 1.0 1.0 1.0 1.0 1.0 1.0 1.0 1.0 1.0 1.0 1.0 1.0 0.0 1.0 1.0 1.0 1.0 1.0 1.0 1.0 1.0 1.0 1.0 1.0 1.0 1.0 1.0 1.0 1.0 1.0 1.0 1.0 1.0 1.0 1.0 1.0 1.0 1.0 1.0 1.0 1.0 1.0 1.0 1.0 1.0 1.0 1.0 1.0 1.0 1.0 1.0 1.0 1.0 1.0 1.0 1.0 1.0 1.0 1.0 1.0 1.0 1.0 1.0 1.0 1.0 1.0 1.0 1.0 1.0 1.0 1.0 1.0 
1.0 1.0 1.0 1.0 1.0 1.0 1.0 1.0 1.0 1.0 1.0 1.0 1.0 1.0 1.0 1.0 1.0 1.0 1.0 1.0 1.0 1.0 1.0 1.0 1.0 1.0 1.0 1.0 1.0 1.0 1.0 1.0 1.0 1.0 1.0 1.0 1.0 1.0 1.0 1.0 1.0 1.0 1.0 1.0 1.0 1.0 1.0 1.0 1.0 1.0 1.0 1.0 1.0 1.0 1.0 1.0 1.0 1.0 1.0 1.0 1.0 1.0 1.0 1.0 1.0 1.0 1.0 1.0 1.0 0.0 1.0 1.0 1.0 1.0 1.0 1.0 1.0 1.0 1.0 1.0 1.0 1.0 1.0 1.0 1.0 1.0 1.0 1.0 1.0 1.0 1.0 1.0 1.0 1.0 1.0 1.0 1.0 1.0 1.0 1.0 1.0 1.0 1.0 1.0 1.0 1.0 1.0 1.0 1.0 1.0 1.0 1.0 1.0 1.0 1.0 1.0 1.0 1.0 1.0 1.0 1.0 1.0 1.0 1.0 1.0 1.0 1.0 1.0 
1.0 1.0 1.0 1.0 1.0 1.0 1.0 1.0 1.0 1.0 1.0 1.0 1.0 1.0 1.0 1.0 1.0 1.0 1.0 1.0 1.0 1.0 1.0 1.0 1.0 1.0 1.0 1.0 1.0 1.0 1.0 1.0 1.0 1.0 1.0 1.0 1.0 1.0 1.0 1.0 1.0 1.0 1.0 1.0 1.0 1.0 1.0 1.0 1.0 1.0 1.0 1.0 1.0 1.0 1.0 1.0 1.0 1.0 1.0 1.0 1.0 1.0 1.0 1.0 1.0 1.0 1.0 1.0 1.0 1.0 0.0 1.0 1.0 1.0 1.0 1.0 1.0 1.0 1.0 1.0 1.0 1.0 1.0 1.0 1.0 1.0 1.0 1.0 1.0 1.0 1.0 1.0 1.0 1.0 1.0 1.0 1.0 1.0 1.0 1.0 1.0 1.0 1.0 1.0 1.0 1.0 1.0 1.0 1.0 1.0 1.0 1.0 1.0 1.0 1.0 1.0 1.0 1.0 1.0 1.0 1.0 1.0 1.0 1.0 1.0 1.0 1.0 1.0 
1.0 1.0 1.0 1.0 1.0 1.0 1.0 1.0 1.0 1.0 1.0 1.0 1.0 1.0 1.0 1.0 1.0 1.0 1.0 1.0 1.0 1.0 1.0 1.0 1.0 1.0 1.0 1.0 1.0 1.0 1.0 1.0 1.0 1.0 1.0 1.0 1.0 1.0 1.0 1.0 1.0 1.0 1.0 1.0 1.0 1.0 1.0 1.0 1.0 1.0 1.0 1.0 1.0 1.0 1.0 1.0 1.0 1.0 1.0 1.0 1.0 1.0 1.0 1.0 1.0 1.0 1.0 1.0 1.0 1.0 1.0 0.0 1.0 1.0 1.0 1.0 1.0 1.0 1.0 1.0 1.0 1.0 1.0 1.0 1.0 1.0 1.0 1.0 1.0 1.0 1.0 1.0 1.0 1.0 1.0 1.0 1.0 1.0 1.0 1.0 1.0 1.0 1.0 1.0 1.0 1.0 1.0 1.0 1.0 1.0 1.0 1.0 1.0 1.0 1.0 1.0 1.0 1.0 1.0 1.0 1.0 1.0 1.0 1.0 1.0 1.0 1.0 1.0 
1.0 1.0 1.0 1.0 1.0 1.0 1.0 1.0 1.0 1.0 1.0 1.0 1.0 1.0 1.0 1.0 1.0 1.0 1.0 1.0 1.0 1.0 1.0 1.0 1.0 1.0 1.0 1.0 1.0 1.0 1.0 1.0 1.0 1.0 1.0 1.0 1.0 1.0 1.0 1.0 1.0 1.0 1.0 1.0 1.0 1.0 1.0 1.0 1.0 1.0 1.0 1.0 1.0 1.0 1.0 1.0 1.0 1.0 1.0 1.0 1.0 1.0 1.0 1.0 1.0 1.0 1.0 1.0 1.0 1.0 1.0 1.0 0.0 1.0 1.0 1.0 1.0 1.0 1.0 1.0 1.0 1.0 1.0 1.0 1.0 1.0 1.0 1.0 1.0 1.0 1.0 1.0 1.0 1.0 1.0 1.0 1.0 1.0 1.0 1.0 1.0 1.0 1.0 1.0 1.0 1.0 1.0 1.0 1.0 1.0 1.0 1.0 1.0 1.0 1.0 1.0 1.0 1.0 1.0 1.0 1.0 1.0 1.0 1.0 1.0 1.0 1.0 1.0 
1.0 1.0 1.0 1.0 1.0 1.0 1.0 1.0 1.0 1.0 1.0 1.0 1.0 1.0 1.0 1.0 1.0 1.0 1.0 1.0 1.0 1.0 1.0 1.0 1.0 1.0 1.0 1.0 1.0 1.0 1.0 1.0 1.0 1.0 1.0 1.0 1.0 1.0 1.0 1.0 1.0 1.0 1.0 1.0 1.0 1.0 1.0 1.0 1.0 1.0 1.0 1.0 1.0 1.0 1.0 1.0 1.0 1.0 1.0 1.0 1.0 1.0 1.0 1.0 1.0 1.0 1.0 1.0 1.0 1.0 1.0 1.0 1.0 0.0 1.0 1.0 1.0 1.0 1.0 1.0 1.0 1.0 1.0 1.0 1.0 1.0 1.0 1.0 1.0 1.0 1.0 1.0 1.0 1.0 1.0 1.0 1.0 1.0 1.0 1.0 1.0 1.0 1.0 1.0 1.0 1.0 1.0 1.0 1.0 1.0 1.0 1.0 1.0 1.0 1.0 1.0 1.0 1.0 1.0 1.0 1.0 1.0 1.0 1.0 1.0 1.0 1.0 1.0 
1.0 1.0 1.0 1.0 1.0 1.0 1.0 1.0 1.0 1.0 1.0 1.0 1.0 1.0 1.0 1.0 1.0 1.0 1.0 1.0 1.0 1.0 1.0 1.0 1.0 1.0 1.0 1.0 1.0 1.0 1.0 1.0 1.0 1.0 1.0 1.0 1.0 1.0 1.0 1.0 1.0 1.0 1.0 1.0 1.0 1.0 1.0 1.0 1.0 1.0 1.0 1.0 1.0 1.0 1.0 1.0 1.0 1.0 1.0 1.0 1.0 1.0 1.0 1.0 1.0 1.0 1.0 1.0 1.0 1.0 1.0 1.0 1.0 1.0 0.0 1.0 1.0 1.0 1.0 1.0 1.0 1.0 1.0 1.0 1.0 1.0 1.0 1.0 1.0 1.0 1.0 1.0 1.0 1.0 1.0 1.0 1.0 1.0 1.0 1.0 1.0 1.0 1.0 1.0 1.0 1.0 1.0 1.0 1.0 1.0 1.0 1.0 1.0 1.0 1.0 1.0 1.0 1.0 1.0 1.0 1.0 1.0 1.0 1.0 1.0 1.0 1.0 1.0 
1.0 1.0 1.0 1.0 1.0 1.0 1.0 1.0 1.0 1.0 1.0 1.0 1.0 1.0 1.0 1.0 1.0 1.0 1.0 1.0 1.0 1.0 1.0 1.0 1.0 1.0 1.0 1.0 1.0 1.0 1.0 1.0 1.0 1.0 1.0 1.0 1.0 1.0 1.0 1.0 1.0 1.0 1.0 1.0 1.0 1.0 1.0 1.0 1.0 1.0 1.0 1.0 1.0 1.0 1.0 1.0 1.0 1.0 1.0 1.0 1.0 1.0 1.0 1.0 1.0 1.0 1.0 1.0 1.0 1.0 1.0 1.0 1.0 1.0 1.0 0.0 1.0 1.0 1.0 1.0 1.0 1.0 1.0 1.0 1.0 1.0 1.0 1.0 1.0 1.0 1.0 1.0 1.0 1.0 1.0 1.0 1.0 1.0 1.0 1.0 1.0 1.0 1.0 1.0 1.0 1.0 1.0 1.0 1.0 1.0 1.0 1.0 1.0 1.0 1.0 1.0 1.0 1.0 1.0 1.0 1.0 1.0 1.0 1.0 1.0 1.0 1.0 1.0 
1.0 1.0 1.0 1.0 1.0 1.0 1.0 1.0 1.0 1.0 1.0 1.0 1.0 1.0 1.0 1.0 1.0 1.0 1.0 1.0 1.0 1.0 1.0 1.0 1.0 1.0 1.0 1.0 1.0 1.0 1.0 1.0 1.0 1.0 1.0 1.0 1.0 1.0 1.0 1.0 1.0 1.0 1.0 1.0 1.0 1.0 1.0 1.0 1.0 1.0 1.0 1.0 1.0 1.0 1.0 1.0 1.0 1.0 1.0 1.0 1.0 1.0 1.0 1.0 1.0 1.0 1.0 1.0 1.0 1.0 1.0 1.0 1.0 1.0 1.0 1.0 0.0 1.0 1.0 1.0 1.0 1.0 1.0 1.0 1.0 1.0 1.0 1.0 1.0 1.0 1.0 1.0 1.0 1.0 1.0 1.0 1.0 1.0 1.0 1.0 1.0 1.0 1.0 1.0 1.0 1.0 1.0 1.0 1.0 1.0 1.0 1.0 1.0 1.0 1.0 1.0 1.0 1.0 1.0 1.0 1.0 1.0 1.0 1.0 1.0 1.0 1.0 1.0 
1.0 1.0 1.0 1.0 1.0 1.0 1.0 1.0 1.0 1.0 1.0 1.0 1.0 1.0 1.0 1.0 1.0 1.0 1.0 1.0 1.0 1.0 1.0 1.0 1.0 1.0 1.0 1.0 1.0 1.0 1.0 1.0 1.0 1.0 1.0 1.0 1.0 1.0 1.0 1.0 1.0 1.0 1.0 1.0 1.0 1.0 1.0 1.0 1.0 1.0 1.0 1.0 1.0 1.0 1.0 1.0 1.0 1.0 1.0 1.0 1.0 1.0 1.0 1.0 1.0 1.0 1.0 1.0 1.0 1.0 1.0 1.0 1.0 1.0 1.0 1.0 1.0 0.0 1.0 1.0 1.0 1.0 1.0 1.0 1.0 1.0 1.0 1.0 1.0 1.0 1.0 1.0 1.0 1.0 1.0 1.0 1.0 1.0 1.0 1.0 1.0 1.0 1.0 1.0 1.0 1.0 1.0 1.0 1.0 1.0 1.0 1.0 1.0 1.0 1.0 1.0 1.0 1.0 1.0 1.0 1.0 1.0 1.0 1.0 1.0 1.0 1.0 1.0 
1.0 1.0 1.0 1.0 1.0 1.0 1.0 1.0 1.0 1.0 1.0 1.0 1.0 1.0 1.0 1.0 1.0 1.0 1.0 1.0 1.0 1.0 1.0 1.0 1.0 1.0 1.0 1.0 1.0 1.0 1.0 1.0 1.0 1.0 1.0 1.0 1.0 1.0 1.0 1.0 1.0 1.0 1.0 1.0 1.0 1.0 1.0 1.0 1.0 1.0 1.0 1.0 1.0 1.0 1.0 1.0 1.0 1.0 1.0 1.0 1.0 1.0 1.0 1.0 1.0 1.0 1.0 1.0 1.0 1.0 1.0 1.0 1.0 1.0 1.0 1.0 1.0 1.0 0.0 1.0 1.0 1.0 1.0 1.0 1.0 1.0 1.0 1.0 1.0 1.0 1.0 1.0 1.0 1.0 1.0 1.0 1.0 1.0 1.0 1.0 1.0 1.0 1.0 1.0 1.0 1.0 1.0 1.0 1.0 1.0 1.0 1.0 1.0 1.0 1.0 1.0 1.0 1.0 1.0 1.0 1.0 1.0 1.0 1.0 1.0 1.0 1.0 1.0 
1.0 1.0 1.0 1.0 1.0 1.0 1.0 1.0 1.0 1.0 1.0 1.0 1.0 1.0 1.0 1.0 1.0 1.0 1.0 1.0 1.0 1.0 1.0 1.0 1.0 1.0 1.0 1.0 1.0 1.0 1.0 1.0 1.0 1.0 1.0 1.0 1.0 1.0 1.0 1.0 1.0 1.0 1.0 1.0 1.0 1.0 1.0 1.0 1.0 1.0 1.0 1.0 1.0 1.0 1.0 1.0 1.0 1.0 1.0 1.0 1.0 1.0 1.0 1.0 1.0 1.0 1.0 1.0 1.0 1.0 1.0 1.0 1.0 1.0 1.0 1.0 1.0 1.0 1.0 0.0 1.0 1.0 1.0 1.0 1.0 1.0 1.0 1.0 1.0 1.0 1.0 1.0 1.0 1.0 1.0 1.0 1.0 1.0 1.0 1.0 1.0 1.0 1.0 1.0 1.0 1.0 1.0 1.0 1.0 1.0 1.0 1.0 1.0 1.0 1.0 1.0 1.0 1.0 1.0 1.0 1.0 1.0 1.0 1.0 1.0 1.0 1.0 1.0 
1.0 1.0 1.0 1.0 1.0 1.0 1.0 1.0 1.0 1.0 1.0 1.0 1.0 1.0 1.0 1.0 1.0 1.0 1.0 1.0 1.0 1.0 1.0 1.0 1.0 1.0 1.0 1.0 1.0 1.0 1.0 1.0 1.0 1.0 1.0 1.0 1.0 1.0 1.0 1.0 1.0 1.0 1.0 1.0 1.0 1.0 1.0 1.0 1.0 1.0 1.0 1.0 1.0 1.0 1.0 1.0 1.0 1.0 1.0 1.0 1.0 1.0 1.0 1.0 1.0 1.0 1.0 1.0 1.0 1.0 1.0 1.0 1.0 1.0 1.0 1.0 1.0 1.0 1.0 1.0 0.0 1.0 1.0 1.0 1.0 1.0 1.0 1.0 1.0 1.0 1.0 1.0 1.0 1.0 1.0 1.0 1.0 1.0 1.0 1.0 1.0 1.0 1.0 1.0 1.0 1.0 1.0 1.0 1.0 1.0 1.0 1.0 1.0 1.0 1.0 1.0 1.0 1.0 1.0 1.0 1.0 1.0 1.0 1.0 1.0 1.0 1.0 1.0 
1.0 1.0 1.0 1.0 1.0 1.0 1.0 1.0 1.0 1.0 1.0 1.0 1.0 1.0 1.0 1.0 1.0 1.0 1.0 1.0 1.0 1.0 1.0 1.0 1.0 1.0 1.0 1.0 1.0 1.0 1.0 1.0 1.0 1.0 1.0 1.0 1.0 1.0 1.0 1.0 1.0 1.0 1.0 1.0 1.0 1.0 1.0 1.0 1.0 1.0 1.0 1.0 1.0 1.0 1.0 1.0 1.0 1.0 1.0 1.0 1.0 1.0 1.0 1.0 1.0 1.0 1.0 1.0 1.0 1.0 1.0 1.0 1.0 1.0 1.0 1.0 1.0 1.0 1.0 1.0 1.0 0.0 1.0 1.0 1.0 1.0 1.0 1.0 1.0 1.0 1.0 1.0 1.0 1.0 1.0 1.0 1.0 1.0 1.0 1.0 1.0 1.0 1.0 1.0 1.0 1.0 1.0 1.0 1.0 1.0 1.0 1.0 1.0 1.0 1.0 1.0 1.0 1.0 1.0 1.0 1.0 1.0 1.0 1.0 1.0 1.0 1.0 1.0 
1.0 1.0 1.0 1.0 1.0 1.0 1.0 1.0 1.0 1.0 1.0 1.0 1.0 1.0 1.0 1.0 1.0 1.0 1.0 1.0 1.0 1.0 1.0 1.0 1.0 1.0 1.0 1.0 1.0 1.0 1.0 1.0 1.0 1.0 1.0 1.0 1.0 1.0 1.0 1.0 1.0 1.0 1.0 1.0 1.0 1.0 1.0 1.0 1.0 1.0 1.0 1.0 1.0 1.0 1.0 1.0 1.0 1.0 1.0 1.0 1.0 1.0 1.0 1.0 1.0 1.0 1.0 1.0 1.0 1.0 1.0 1.0 1.0 1.0 1.0 1.0 1.0 1.0 1.0 1.0 1.0 1.0 0.0 1.0 1.0 1.0 1.0 1.0 1.0 1.0 1.0 1.0 1.0 1.0 1.0 1.0 1.0 1.0 1.0 1.0 1.0 1.0 1.0 1.0 1.0 1.0 1.0 1.0 1.0 1.0 1.0 1.0 1.0 1.0 1.0 1.0 1.0 1.0 1.0 1.0 1.0 1.0 1.0 1.0 1.0 1.0 1.0 1.0 
1.0 1.0 1.0 1.0 1.0 1.0 1.0 1.0 1.0 1.0 1.0 1.0 1.0 1.0 1.0 1.0 1.0 1.0 1.0 1.0 1.0 1.0 1.0 1.0 1.0 1.0 1.0 1.0 1.0 1.0 1.0 1.0 1.0 1.0 1.0 1.0 1.0 1.0 1.0 1.0 1.0 1.0 1.0 1.0 1.0 1.0 1.0 1.0 1.0 1.0 1.0 1.0 1.0 1.0 1.0 1.0 1.0 1.0 1.0 1.0 1.0 1.0 1.0 1.0 1.0 1.0 1.0 1.0 1.0 1.0 1.0 1.0 1.0 1.0 1.0 1.0 1.0 1.0 1.0 1.0 1.0 1.0 1.0 0.0 1.0 1.0 1.0 1.0 1.0 1.0 1.0 1.0 1.0 1.0 1.0 1.0 1.0 1.0 1.0 1.0 1.0 1.0 1.0 1.0 1.0 1.0 1.0 1.0 1.0 1.0 1.0 1.0 1.0 1.0 1.0 1.0 1.0 1.0 1.0 1.0 1.0 1.0 1.0 1.0 1.0 1.0 1.0 1.0 
1.0 1.0 1.0 1.0 1.0 1.0 1.0 1.0 1.0 1.0 1.0 1.0 1.0 1.0 1.0 1.0 1.0 1.0 1.0 1.0 1.0 1.0 1.0 1.0 1.0 1.0 1.0 1.0 1.0 1.0 1.0 1.0 1.0 1.0 1.0 1.0 1.0 1.0 1.0 1.0 1.0 1.0 1.0 1.0 1.0 1.0 1.0 1.0 1.0 1.0 1.0 1.0 1.0 1.0 1.0 1.0 1.0 1.0 1.0 1.0 1.0 1.0 1.0 1.0 1.0 1.0 1.0 1.0 1.0 1.0 1.0 1.0 1.0 1.0 1.0 1.0 1.0 1.0 1.0 1.0 1.0 1.0 1.0 1.0 0.0 1.0 1.0 1.0 1.0 1.0 1.0 1.0 1.0 1.0 1.0 1.0 1.0 1.0 1.0 1.0 1.0 1.0 1.0 1.0 1.0 1.0 1.0 1.0 1.0 1.0 1.0 1.0 1.0 1.0 1.0 1.0 1.0 1.0 1.0 1.0 1.0 1.0 1.0 1.0 1.0 1.0 1.0 1.0 
1.0 1.0 1.0 1.0 1.0 1.0 1.0 1.0 1.0 1.0 1.0 1.0 1.0 1.0 1.0 1.0 1.0 1.0 1.0 1.0 1.0 1.0 1.0 1.0 1.0 1.0 1.0 1.0 1.0 1.0 1.0 1.0 1.0 1.0 1.0 1.0 1.0 1.0 1.0 1.0 1.0 1.0 1.0 1.0 1.0 1.0 1.0 1.0 1.0 1.0 1.0 1.0 1.0 1.0 1.0 1.0 1.0 1.0 1.0 1.0 1.0 1.0 1.0 1.0 1.0 1.0 1.0 1.0 1.0 1.0 1.0 1.0 1.0 1.0 1.0 1.0 1.0 1.0 1.0 1.0 1.0 1.0 1.0 1.0 1.0 0.0 1.0 1.0 1.0 1.0 1.0 1.0 1.0 1.0 1.0 1.0 1.0 1.0 1.0 1.0 1.0 1.0 1.0 1.0 1.0 1.0 1.0 1.0 1.0 1.0 1.0 1.0 1.0 1.0 1.0 1.0 1.0 1.0 1.0 1.0 1.0 1.0 1.0 1.0 1.0 1.0 1.0 1.0 
1.0 1.0 1.0 1.0 1.0 1.0 1.0 1.0 1.0 1.0 1.0 1.0 1.0 1.0 1.0 1.0 1.0 1.0 1.0 1.0 1.0 1.0 1.0 1.0 1.0 1.0 1.0 1.0 1.0 1.0 1.0 1.0 1.0 1.0 1.0 1.0 1.0 1.0 1.0 1.0 1.0 1.0 1.0 1.0 1.0 1.0 1.0 1.0 1.0 1.0 1.0 1.0 1.0 1.0 1.0 1.0 1.0 1.0 1.0 1.0 1.0 1.0 1.0 1.0 1.0 1.0 1.0 1.0 1.0 1.0 1.0 1.0 1.0 1.0 1.0 1.0 1.0 1.0 1.0 1.0 1.0 1.0 1.0 1.0 1.0 1.0 0.0 1.0 1.0 1.0 1.0 1.0 1.0 1.0 1.0 1.0 1.0 1.0 1.0 1.0 1.0 1.0 1.0 1.0 1.0 1.0 1.0 1.0 1.0 1.0 1.0 1.0 1.0 1.0 1.0 1.0 1.0 1.0 1.0 1.0 1.0 1.0 1.0 1.0 1.0 1.0 1.0 1.0 
1.0 1.0 1.0 1.0 1.0 1.0 1.0 1.0 1.0 1.0 1.0 1.0 1.0 1.0 1.0 1.0 1.0 1.0 1.0 1.0 1.0 1.0 1.0 1.0 1.0 1.0 1.0 1.0 1.0 1.0 1.0 1.0 1.0 1.0 1.0 1.0 1.0 1.0 1.0 1.0 1.0 1.0 1.0 1.0 1.0 1.0 1.0 1.0 1.0 1.0 1.0 1.0 1.0 1.0 1.0 1.0 1.0 1.0 1.0 1.0 1.0 1.0 1.0 1.0 1.0 1.0 1.0 1.0 1.0 1.0 1.0 1.0 1.0 1.0 1.0 1.0 1.0 1.0 1.0 1.0 1.0 1.0 1.0 1.0 1.0 1.0 1.0 0.0 1.0 1.0 1.0 1.0 1.0 1.0 1.0 1.0 1.0 1.0 1.0 1.0 1.0 1.0 1.0 1.0 1.0 1.0 1.0 1.0 1.0 1.0 1.0 1.0 1.0 1.0 1.0 1.0 1.0 1.0 1.0 1.0 1.0 1.0 1.0 1.0 1.0 1.0 1.0 1.0 
1.0 1.0 1.0 1.0 1.0 1.0 1.0 1.0 1.0 1.0 1.0 1.0 1.0 1.0 1.0 1.0 1.0 1.0 1.0 1.0 1.0 1.0 1.0 1.0 1.0 1.0 1.0 1.0 1.0 1.0 1.0 1.0 1.0 1.0 1.0 1.0 1.0 1.0 1.0 1.0 1.0 1.0 1.0 1.0 1.0 1.0 1.0 1.0 1.0 1.0 1.0 1.0 1.0 1.0 1.0 1.0 1.0 1.0 1.0 1.0 1.0 1.0 1.0 1.0 1.0 1.0 1.0 1.0 1.0 1.0 1.0 1.0 1.0 1.0 1.0 1.0 1.0 1.0 1.0 1.0 1.0 1.0 1.0 1.0 1.0 1.0 1.0 1.0 0.0 1.0 1.0 1.0 1.0 1.0 1.0 1.0 1.0 1.0 1.0 1.0 1.0 1.0 1.0 1.0 1.0 1.0 1.0 1.0 1.0 1.0 1.0 1.0 1.0 1.0 1.0 1.0 1.0 1.0 1.0 1.0 1.0 1.0 1.0 1.0 1.0 1.0 1.0 1.0 
1.0 1.0 1.0 1.0 1.0 1.0 1.0 1.0 1.0 1.0 1.0 1.0 1.0 1.0 1.0 1.0 1.0 1.0 1.0 1.0 1.0 1.0 1.0 1.0 1.0 1.0 1.0 1.0 1.0 1.0 1.0 1.0 1.0 1.0 1.0 1.0 1.0 1.0 1.0 1.0 1.0 1.0 1.0 1.0 1.0 1.0 1.0 1.0 1.0 1.0 1.0 1.0 1.0 1.0 1.0 1.0 1.0 1.0 1.0 1.0 1.0 1.0 1.0 1.0 1.0 1.0 1.0 1.0 1.0 1.0 1.0 1.0 1.0 1.0 1.0 1.0 1.0 1.0 1.0 1.0 1.0 1.0 1.0 1.0 1.0 1.0 1.0 1.0 1.0 0.0 1.0 1.0 1.0 1.0 1.0 1.0 1.0 1.0 1.0 1.0 1.0 1.0 1.0 1.0 1.0 1.0 1.0 1.0 1.0 1.0 1.0 1.0 1.0 1.0 1.0 1.0 1.0 1.0 1.0 1.0 1.0 1.0 1.0 1.0 1.0 1.0 1.0 1.0 
1.0 1.0 1.0 1.0 1.0 1.0 1.0 1.0 1.0 1.0 1.0 1.0 1.0 1.0 1.0 1.0 1.0 1.0 1.0 1.0 1.0 1.0 1.0 1.0 1.0 1.0 1.0 1.0 1.0 1.0 1.0 1.0 1.0 1.0 1.0 1.0 1.0 1.0 1.0 1.0 1.0 1.0 1.0 1.0 1.0 1.0 1.0 1.0 1.0 1.0 1.0 1.0 1.0 1.0 1.0 1.0 1.0 1.0 1.0 1.0 1.0 1.0 1.0 1.0 1.0 1.0 1.0 1.0 1.0 1.0 1.0 1.0 1.0 1.0 1.0 1.0 1.0 1.0 1.0 1.0 1.0 1.0 1.0 1.0 1.0 1.0 1.0 1.0 1.0 1.0 0.0 1.0 1.0 1.0 1.0 1.0 1.0 1.0 1.0 1.0 1.0 1.0 1.0 1.0 1.0 1.0 1.0 1.0 1.0 1.0 1.0 1.0 1.0 1.0 1.0 1.0 1.0 1.0 1.0 1.0 1.0 1.0 1.0 1.0 1.0 1.0 1.0 1.0 
1.0 1.0 1.0 1.0 1.0 1.0 1.0 1.0 1.0 1.0 1.0 1.0 1.0 1.0 1.0 1.0 1.0 1.0 1.0 1.0 1.0 1.0 1.0 1.0 1.0 1.0 1.0 1.0 1.0 1.0 1.0 1.0 1.0 1.0 1.0 1.0 1.0 1.0 1.0 1.0 1.0 1.0 1.0 1.0 1.0 1.0 1.0 1.0 1.0 1.0 1.0 1.0 1.0 1.0 1.0 1.0 1.0 1.0 1.0 1.0 1.0 1.0 1.0 1.0 1.0 1.0 1.0 1.0 1.0 1.0 1.0 1.0 1.0 1.0 1.0 1.0 1.0 1.0 1.0 1.0 1.0 1.0 1.0 1.0 1.0 1.0 1.0 1.0 1.0 1.0 1.0 0.0 1.0 1.0 1.0 1.0 1.0 1.0 1.0 1.0 1.0 1.0 1.0 1.0 1.0 1.0 1.0 1.0 1.0 1.0 1.0 1.0 1.0 1.0 1.0 1.0 1.0 1.0 1.0 1.0 1.0 1.0 1.0 1.0 1.0 1.0 1.0 1.0 
1.0 1.0 1.0 1.0 1.0 1.0 1.0 1.0 1.0 1.0 1.0 1.0 1.0 1.0 1.0 1.0 1.0 1.0 1.0 1.0 1.0 1.0 1.0 1.0 1.0 1.0 1.0 1.0 1.0 1.0 1.0 1.0 1.0 1.0 1.0 1.0 1.0 1.0 1.0 1.0 1.0 1.0 1.0 1.0 1.0 1.0 1.0 1.0 1.0 1.0 1.0 1.0 1.0 1.0 1.0 1.0 1.0 1.0 1.0 1.0 1.0 1.0 1.0 1.0 1.0 1.0 1.0 1.0 1.0 1.0 1.0 1.0 1.0 1.0 1.0 1.0 1.0 1.0 1.0 1.0 1.0 1.0 1.0 1.0 1.0 1.0 1.0 1.0 1.0 1.0 1.0 1.0 0.0 1.0 1.0 1.0 1.0 1.0 1.0 1.0 1.0 1.0 1.0 1.0 1.0 1.0 1.0 1.0 1.0 1.0 1.0 1.0 1.0 1.0 1.0 1.0 1.0 1.0 1.0 1.0 1.0 1.0 1.0 1.0 1.0 1.0 1.0 1.0 
1.0 1.0 1.0 1.0 1.0 1.0 1.0 1.0 1.0 1.0 1.0 1.0 1.0 1.0 1.0 1.0 1.0 1.0 1.0 1.0 1.0 1.0 1.0 1.0 1.0 1.0 1.0 1.0 1.0 1.0 1.0 1.0 1.0 1.0 1.0 1.0 1.0 1.0 1.0 1.0 1.0 1.0 1.0 1.0 1.0 1.0 1.0 1.0 1.0 1.0 1.0 1.0 1.0 1.0 1.0 1.0 1.0 1.0 1.0 1.0 1.0 1.0 1.0 1.0 1.0 1.0 1.0 1.0 1.0 1.0 1.0 1.0 1.0 1.0 1.0 1.0 1.0 1.0 1.0 1.0 1.0 1.0 1.0 1.0 1.0 1.0 1.0 1.0 1.0 1.0 1.0 1.0 1.0 0.0 1.0 1.0 1.0 1.0 1.0 1.0 1.0 1.0 1.0 1.0 1.0 1.0 1.0 1.0 1.0 1.0 1.0 1.0 1.0 1.0 1.0 1.0 1.0 1.0 1.0 1.0 1.0 1.0 1.0 1.0 1.0 1.0 1.0 1.0 
1.0 1.0 1.0 1.0 1.0 1.0 1.0 1.0 1.0 1.0 1.0 1.0 1.0 1.0 1.0 1.0 1.0 1.0 1.0 1.0 1.0 1.0 1.0 1.0 1.0 1.0 1.0 1.0 1.0 1.0 1.0 1.0 1.0 1.0 1.0 1.0 1.0 1.0 1.0 1.0 1.0 1.0 1.0 1.0 1.0 1.0 1.0 1.0 1.0 1.0 1.0 1.0 1.0 1.0 1.0 1.0 1.0 1.0 1.0 1.0 1.0 1.0 1.0 1.0 1.0 1.0 1.0 1.0 1.0 1.0 1.0 1.0 1.0 1.0 1.0 1.0 1.0 1.0 1.0 1.0 1.0 1.0 1.0 1.0 1.0 1.0 1.0 1.0 1.0 1.0 1.0 1.0 1.0 1.0 0.0 1.0 1.0 1.0 1.0 1.0 1.0 1.0 1.0 1.0 1.0 1.0 1.0 1.0 1.0 1.0 1.0 1.0 1.0 1.0 1.0 1.0 1.0 1.0 1.0 1.0 1.0 1.0 1.0 1.0 1.0 1.0 1.0 1.0 
1.0 1.0 1.0 1.0 1.0 1.0 1.0 1.0 1.0 1.0 1.0 1.0 1.0 1.0 1.0 1.0 1.0 1.0 1.0 1.0 1.0 1.0 1.0 1.0 1.0 1.0 1.0 1.0 1.0 1.0 1.0 1.0 1.0 1.0 1.0 1.0 1.0 1.0 1.0 1.0 1.0 1.0 1.0 1.0 1.0 1.0 1.0 1.0 1.0 1.0 1.0 1.0 1.0 1.0 1.0 1.0 1.0 1.0 1.0 1.0 1.0 1.0 1.0 1.0 1.0 1.0 1.0 1.0 1.0 1.0 1.0 1.0 1.0 1.0 1.0 1.0 1.0 1.0 1.0 1.0 1.0 1.0 1.0 1.0 1.0 1.0 1.0 1.0 1.0 1.0 1.0 1.0 1.0 1.0 1.0 0.0 1.0 1.0 1.0 1.0 1.0 1.0 1.0 1.0 1.0 1.0 1.0 1.0 1.0 1.0 1.0 1.0 1.0 1.0 1.0 1.0 1.0 1.0 1.0 1.0 1.0 1.0 1.0 1.0 1.0 1.0 1.0 1.0 
1.0 1.0 1.0 1.0 1.0 1.0 1.0 1.0 1.0 1.0 1.0 1.0 1.0 1.0 1.0 1.0 1.0 1.0 1.0 1.0 1.0 1.0 1.0 1.0 1.0 1.0 1.0 1.0 1.0 1.0 1.0 1.0 1.0 1.0 1.0 1.0 1.0 1.0 1.0 1.0 1.0 1.0 1.0 1.0 1.0 1.0 1.0 1.0 1.0 1.0 1.0 1.0 1.0 1.0 1.0 1.0 1.0 1.0 1.0 1.0 1.0 1.0 1.0 1.0 1.0 1.0 1.0 1.0 1.0 1.0 1.0 1.0 1.0 1.0 1.0 1.0 1.0 1.0 1.0 1.0 1.0 1.0 1.0 1.0 1.0 1.0 1.0 1.0 1.0 1.0 1.0 1.0 1.0 1.0 1.0 1.0 0.0 1.0 1.0 1.0 1.0 1.0 1.0 1.0 1.0 1.0 1.0 1.0 1.0 1.0 1.0 1.0 1.0 1.0 1.0 1.0 1.0 1.0 1.0 1.0 1.0 1.0 1.0 1.0 1.0 1.0 1.0 1.0 
1.0 1.0 1.0 1.0 1.0 1.0 1.0 1.0 1.0 1.0 1.0 1.0 1.0 1.0 1.0 1.0 1.0 1.0 1.0 1.0 1.0 1.0 1.0 1.0 1.0 1.0 1.0 1.0 1.0 1.0 1.0 1.0 1.0 1.0 1.0 1.0 1.0 1.0 1.0 1.0 1.0 1.0 1.0 1.0 1.0 1.0 1.0 1.0 1.0 1.0 1.0 1.0 1.0 1.0 1.0 1.0 1.0 1.0 1.0 1.0 1.0 1.0 1.0 1.0 1.0 1.0 1.0 1.0 1.0 1.0 1.0 1.0 1.0 1.0 1.0 1.0 1.0 1.0 1.0 1.0 1.0 1.0 1.0 1.0 1.0 1.0 1.0 1.0 1.0 1.0 1.0 1.0 1.0 1.0 1.0 1.0 1.0 0.0 1.0 1.0 1.0 1.0 1.0 1.0 1.0 1.0 1.0 1.0 1.0 1.0 1.0 1.0 1.0 1.0 1.0 1.0 1.0 1.0 1.0 1.0 1.0 1.0 1.0 1.0 1.0 1.0 1.0 1.0 
1.0 1.0 1.0 1.0 1.0 1.0 1.0 1.0 1.0 1.0 1.0 1.0 1.0 1.0 1.0 1.0 1.0 1.0 1.0 1.0 1.0 1.0 1.0 1.0 1.0 1.0 1.0 1.0 1.0 1.0 1.0 1.0 1.0 1.0 1.0 1.0 1.0 1.0 1.0 1.0 1.0 1.0 1.0 1.0 1.0 1.0 1.0 1.0 1.0 1.0 1.0 1.0 1.0 1.0 1.0 1.0 1.0 1.0 1.0 1.0 1.0 1.0 1.0 1.0 1.0 1.0 1.0 1.0 1.0 1.0 1.0 1.0 1.0 1.0 1.0 1.0 1.0 1.0 1.0 1.0 1.0 1.0 1.0 1.0 1.0 1.0 1.0 1.0 1.0 1.0 1.0 1.0 1.0 1.0 1.0 1.0 1.0 1.0 0.0 1.0 1.0 1.0 1.0 1.0 1.0 1.0 1.0 1.0 1.0 1.0 1.0 1.0 1.0 1.0 1.0 1.0 1.0 1.0 1.0 1.0 1.0 1.0 1.0 1.0 1.0 1.0 1.0 1.0 
1.0 1.0 1.0 1.0 1.0 1.0 1.0 1.0 1.0 1.0 1.0 1.0 1.0 1.0 1.0 1.0 1.0 1.0 1.0 1.0 1.0 1.0 1.0 1.0 1.0 1.0 1.0 1.0 1.0 1.0 1.0 1.0 1.0 1.0 1.0 1.0 1.0 1.0 1.0 1.0 1.0 1.0 1.0 1.0 1.0 1.0 1.0 1.0 1.0 1.0 1.0 1.0 1.0 1.0 1.0 1.0 1.0 1.0 1.0 1.0 1.0 1.0 1.0 1.0 1.0 1.0 1.0 1.0 1.0 1.0 1.0 1.0 1.0 1.0 1.0 1.0 1.0 1.0 1.0 1.0 1.0 1.0 1.0 1.0 1.0 1.0 1.0 1.0 1.0 1.0 1.0 1.0 1.0 1.0 1.0 1.0 1.0 1.0 1.0 0.0 1.0 1.0 1.0 1.0 1.0 1.0 1.0 1.0 1.0 1.0 1.0 1.0 1.0 1.0 1.0 1.0 1.0 1.0 1.0 1.0 1.0 1.0 1.0 1.0 1.0 1.0 1.0 1.0 
1.0 1.0 1.0 1.0 1.0 1.0 1.0 1.0 1.0 1.0 1.0 1.0 1.0 1.0 1.0 1.0 1.0 1.0 1.0 1.0 1.0 1.0 1.0 1.0 1.0 1.0 1.0 1.0 1.0 1.0 1.0 1.0 1.0 1.0 1.0 1.0 1.0 1.0 1.0 1.0 1.0 1.0 1.0 1.0 1.0 1.0 1.0 1.0 1.0 1.0 1.0 1.0 1.0 1.0 1.0 1.0 1.0 1.0 1.0 1.0 1.0 1.0 1.0 1.0 1.0 1.0 1.0 1.0 1.0 1.0 1.0 1.0 1.0 1.0 1.0 1.0 1.0 1.0 1.0 1.0 1.0 1.0 1.0 1.0 1.0 1.0 1.0 1.0 1.0 1.0 1.0 1.0 1.0 1.0 1.0 1.0 1.0 1.0 1.0 1.0 0.0 1.0 1.0 1.0 1.0 1.0 1.0 1.0 1.0 1.0 1.0 1.0 1.0 1.0 1.0 1.0 1.0 1.0 1.0 1.0 1.0 1.0 1.0 1.0 1.0 1.0 1.0 1.0 
1.0 1.0 1.0 1.0 1.0 1.0 1.0 1.0 1.0 1.0 1.0 1.0 1.0 1.0 1.0 1.0 1.0 1.0 1.0 1.0 1.0 1.0 1.0 1.0 1.0 1.0 1.0 1.0 1.0 1.0 1.0 1.0 1.0 1.0 1.0 1.0 1.0 1.0 1.0 1.0 1.0 1.0 1.0 1.0 1.0 1.0 1.0 1.0 1.0 1.0 1.0 1.0 1.0 1.0 1.0 1.0 1.0 1.0 1.0 1.0 1.0 1.0 1.0 1.0 1.0 1.0 1.0 1.0 1.0 1.0 1.0 1.0 1.0 1.0 1.0 1.0 1.0 1.0 1.0 1.0 1.0 1.0 1.0 1.0 1.0 1.0 1.0 1.0 1.0 1.0 1.0 1.0 1.0 1.0 1.0 1.0 1.0 1.0 1.0 1.0 1.0 0.0 1.0 1.0 1.0 1.0 1.0 1.0 1.0 1.0 1.0 1.0 1.0 1.0 1.0 1.0 1.0 1.0 1.0 1.0 1.0 1.0 1.0 1.0 1.0 1.0 1.0 1.0 
1.0 1.0 1.0 1.0 1.0 1.0 1.0 1.0 1.0 1.0 1.0 1.0 1.0 1.0 1.0 1.0 1.0 1.0 1.0 1.0 1.0 1.0 1.0 1.0 1.0 1.0 1.0 1.0 1.0 1.0 1.0 1.0 1.0 1.0 1.0 1.0 1.0 1.0 1.0 1.0 1.0 1.0 1.0 1.0 1.0 1.0 1.0 1.0 1.0 1.0 1.0 1.0 1.0 1.0 1.0 1.0 1.0 1.0 1.0 1.0 1.0 1.0 1.0 1.0 1.0 1.0 1.0 1.0 1.0 1.0 1.0 1.0 1.0 1.0 1.0 1.0 1.0 1.0 1.0 1.0 1.0 1.0 1.0 1.0 1.0 1.0 1.0 1.0 1.0 1.0 1.0 1.0 1.0 1.0 1.0 1.0 1.0 1.0 1.0 1.0 1.0 1.0 0.0 1.0 1.0 1.0 1.0 1.0 1.0 1.0 1.0 1.0 1.0 1.0 1.0 1.0 1.0 1.0 1.0 1.0 1.0 1.0 1.0 1.0 1.0 1.0 1.0 1.0 
1.0 1.0 1.0 1.0 1.0 1.0 1.0 1.0 1.0 1.0 1.0 1.0 1.0 1.0 1.0 1.0 1.0 1.0 1.0 1.0 1.0 1.0 1.0 1.0 1.0 1.0 1.0 1.0 1.0 1.0 1.0 1.0 1.0 1.0 1.0 1.0 1.0 1.0 1.0 1.0 1.0 1.0 1.0 1.0 1.0 1.0 1.0 1.0 1.0 1.0 1.0 1.0 1.0 1.0 1.0 1.0 1.0 1.0 1.0 1.0 1.0 1.0 1.0 1.0 1.0 1.0 1.0 1.0 1.0 1.0 1.0 1.0 1.0 1.0 1.0 1.0 1.0 1.0 1.0 1.0 1.0 1.0 1.0 1.0 1.0 1.0 1.0 1.0 1.0 1.0 1.0 1.0 1.0 1.0 1.0 1.0 1.0 1.0 1.0 1.0 1.0 1.0 1.0 0.0 1.0 1.0 1.0 1.0 1.0 1.0 1.0 1.0 1.0 1.0 1.0 1.0 1.0 1.0 1.0 1.0 1.0 1.0 1.0 1.0 1.0 1.0 1.0 1.0 
1.0 1.0 1.0 1.0 1.0 1.0 1.0 1.0 1.0 1.0 1.0 1.0 1.0 1.0 1.0 1.0 1.0 1.0 1.0 1.0 1.0 1.0 1.0 1.0 1.0 1.0 1.0 1.0 1.0 1.0 1.0 1.0 1.0 1.0 1.0 1.0 1.0 1.0 1.0 1.0 1.0 1.0 1.0 1.0 1.0 1.0 1.0 1.0 1.0 1.0 1.0 1.0 1.0 1.0 1.0 1.0 1.0 1.0 1.0 1.0 1.0 1.0 1.0 1.0 1.0 1.0 1.0 1.0 1.0 1.0 1.0 1.0 1.0 1.0 1.0 1.0 1.0 1.0 1.0 1.0 1.0 1.0 1.0 1.0 1.0 1.0 1.0 1.0 1.0 1.0 1.0 1.0 1.0 1.0 1.0 1.0 1.0 1.0 1.0 1.0 1.0 1.0 1.0 1.0 0.0 1.0 1.0 1.0 1.0 1.0 1.0 1.0 1.0 1.0 1.0 1.0 1.0 1.0 1.0 1.0 1.0 1.0 1.0 1.0 1.0 1.0 1.0 1.0 
1.0 1.0 1.0 1.0 1.0 1.0 1.0 1.0 1.0 1.0 1.0 1.0 1.0 1.0 1.0 1.0 1.0 1.0 1.0 1.0 1.0 1.0 1.0 1.0 1.0 1.0 1.0 1.0 1.0 1.0 1.0 1.0 1.0 1.0 1.0 1.0 1.0 1.0 1.0 1.0 1.0 1.0 1.0 1.0 1.0 1.0 1.0 1.0 1.0 1.0 1.0 1.0 1.0 1.0 1.0 1.0 1.0 1.0 1.0 1.0 1.0 1.0 1.0 1.0 1.0 1.0 1.0 1.0 1.0 1.0 1.0 1.0 1.0 1.0 1.0 1.0 1.0 1.0 1.0 1.0 1.0 1.0 1.0 1.0 1.0 1.0 1.0 1.0 1.0 1.0 1.0 1.0 1.0 1.0 1.0 1.0 1.0 1.0 1.0 1.0 1.0 1.0 1.0 1.0 1.0 0.0 1.0 1.0 1.0 1.0 1.0 1.0 1.0 1.0 1.0 1.0 1.0 1.0 1.0 1.0 1.0 1.0 1.0 1.0 1.0 1.0 1.0 1.0 
1.0 1.0 1.0 1.0 1.0 1.0 1.0 1.0 1.0 1.0 1.0 1.0 1.0 1.0 1.0 1.0 1.0 1.0 1.0 1.0 1.0 1.0 1.0 1.0 1.0 1.0 1.0 1.0 1.0 1.0 1.0 1.0 1.0 1.0 1.0 1.0 1.0 1.0 1.0 1.0 1.0 1.0 1.0 1.0 1.0 1.0 1.0 1.0 1.0 1.0 1.0 1.0 1.0 1.0 1.0 1.0 1.0 1.0 1.0 1.0 1.0 1.0 1.0 1.0 1.0 1.0 1.0 1.0 1.0 1.0 1.0 1.0 1.0 1.0 1.0 1.0 1.0 1.0 1.0 1.0 1.0 1.0 1.0 1.0 1.0 1.0 1.0 1.0 1.0 1.0 1.0 1.0 1.0 1.0 1.0 1.0 1.0 1.0 1.0 1.0 1.0 1.0 1.0 1.0 1.0 1.0 0.0 1.0 1.0 1.0 1.0 1.0 1.0 1.0 1.0 1.0 1.0 1.0 1.0 1.0 1.0 1.0 1.0 1.0 1.0 1.0 1.0 1.0 
1.0 1.0 1.0 1.0 1.0 1.0 1.0 1.0 1.0 1.0 1.0 1.0 1.0 1.0 1.0 1.0 1.0 1.0 1.0 1.0 1.0 1.0 1.0 1.0 1.0 1.0 1.0 1.0 1.0 1.0 1.0 1.0 1.0 1.0 1.0 1.0 1.0 1.0 1.0 1.0 1.0 1.0 1.0 1.0 1.0 1.0 1.0 1.0 1.0 1.0 1.0 1.0 1.0 1.0 1.0 1.0 1.0 1.0 1.0 1.0 1.0 1.0 1.0 1.0 1.0 1.0 1.0 1.0 1.0 1.0 1.0 1.0 1.0 1.0 1.0 1.0 1.0 1.0 1.0 1.0 1.0 1.0 1.0 1.0 1.0 1.0 1.0 1.0 1.0 1.0 1.0 1.0 1.0 1.0 1.0 1.0 1.0 1.0 1.0 1.0 1.0 1.0 1.0 1.0 1.0 1.0 1.0 0.0 1.0 1.0 1.0 1.0 1.0 1.0 1.0 1.0 1.0 1.0 1.0 1.0 1.0 1.0 1.0 1.0 1.0 1.0 1.0 1.0 
1.0 1.0 1.0 1.0 1.0 1.0 1.0 1.0 1.0 1.0 1.0 1.0 1.0 1.0 1.0 1.0 1.0 1.0 1.0 1.0 1.0 1.0 1.0 1.0 1.0 1.0 1.0 1.0 1.0 1.0 1.0 1.0 1.0 1.0 1.0 1.0 1.0 1.0 1.0 1.0 1.0 1.0 1.0 1.0 1.0 1.0 1.0 1.0 1.0 1.0 1.0 1.0 1.0 1.0 1.0 1.0 1.0 1.0 1.0 1.0 1.0 1.0 1.0 1.0 1.0 1.0 1.0 1.0 1.0 1.0 1.0 1.0 1.0 1.0 1.0 1.0 1.0 1.0 1.0 1.0 1.0 1.0 1.0 1.0 1.0 1.0 1.0 1.0 1.0 1.0 1.0 1.0 1.0 1.0 1.0 1.0 1.0 1.0 1.0 1.0 1.0 1.0 1.0 1.0 1.0 1.0 1.0 1.0 0.0 1.0 1.0 1.0 1.0 1.0 1.0 1.0 1.0 1.0 1.0 1.0 1.0 1.0 1.0 1.0 1.0 1.0 1.0 1.0 
1.0 1.0 1.0 1.0 1.0 1.0 1.0 1.0 1.0 1.0 1.0 1.0 1.0 1.0 1.0 1.0 1.0 1.0 1.0 1.0 1.0 1.0 1.0 1.0 1.0 1.0 1.0 1.0 1.0 1.0 1.0 1.0 1.0 1.0 1.0 1.0 1.0 1.0 1.0 1.0 1.0 1.0 1.0 1.0 1.0 1.0 1.0 1.0 1.0 1.0 1.0 1.0 1.0 1.0 1.0 1.0 1.0 1.0 1.0 1.0 1.0 1.0 1.0 1.0 1.0 1.0 1.0 1.0 1.0 1.0 1.0 1.0 1.0 1.0 1.0 1.0 1.0 1.0 1.0 1.0 1.0 1.0 1.0 1.0 1.0 1.0 1.0 1.0 1.0 1.0 1.0 1.0 1.0 1.0 1.0 1.0 1.0 1.0 1.0 1.0 1.0 1.0 1.0 1.0 1.0 1.0 1.0 1.0 1.0 0.0 1.0 1.0 1.0 1.0 1.0 1.0 1.0 1.0 1.0 1.0 1.0 1.0 1.0 1.0 1.0 1.0 1.0 1.0 
1.0 1.0 1.0 1.0 1.0 1.0 1.0 1.0 1.0 1.0 1.0 1.0 1.0 1.0 1.0 1.0 1.0 1.0 1.0 1.0 1.0 1.0 1.0 1.0 1.0 1.0 1.0 1.0 1.0 1.0 1.0 1.0 1.0 1.0 1.0 1.0 1.0 1.0 1.0 1.0 1.0 1.0 1.0 1.0 1.0 1.0 1.0 1.0 1.0 1.0 1.0 1.0 1.0 1.0 1.0 1.0 1.0 1.0 1.0 1.0 1.0 1.0 1.0 1.0 1.0 1.0 1.0 1.0 1.0 1.0 1.0 1.0 1.0 1.0 1.0 1.0 1.0 1.0 1.0 1.0 1.0 1.0 1.0 1.0 1.0 1.0 1.0 1.0 1.0 1.0 1.0 1.0 1.0 1.0 1.0 1.0 1.0 1.0 1.0 1.0 1.0 1.0 1.0 1.0 1.0 1.0 1.0 1.0 1.0 1.0 0.0 1.0 1.0 1.0 1.0 1.0 1.0 1.0 1.0 1.0 1.0 1.0 1.0 1.0 1.0 1.0 1.0 1.0 
1.0 1.0 1.0 1.0 1.0 1.0 1.0 1.0 1.0 1.0 1.0 1.0 1.0 1.0 1.0 1.0 1.0 1.0 1.0 1.0 1.0 1.0 1.0 1.0 1.0 1.0 1.0 1.0 1.0 1.0 1.0 1.0 1.0 1.0 1.0 1.0 1.0 1.0 1.0 1.0 1.0 1.0 1.0 1.0 1.0 1.0 1.0 1.0 1.0 1.0 1.0 1.0 1.0 1.0 1.0 1.0 1.0 1.0 1.0 1.0 1.0 1.0 1.0 1.0 1.0 1.0 1.0 1.0 1.0 1.0 1.0 1.0 1.0 1.0 1.0 1.0 1.0 1.0 1.0 1.0 1.0 1.0 1.0 1.0 1.0 1.0 1.0 1.0 1.0 1.0 1.0 1.0 1.0 1.0 1.0 1.0 1.0 1.0 1.0 1.0 1.0 1.0 1.0 1.0 1.0 1.0 1.0 1.0 1.0 1.0 1.0 0.0 1.0 1.0 1.0 1.0 1.0 1.0 1.0 1.0 1.0 1.0 1.0 1.0 1.0 1.0 1.0 1.0 
1.0 1.0 1.0 1.0 1.0 1.0 1.0 1.0 1.0 1.0 1.0 1.0 1.0 1.0 1.0 1.0 1.0 1.0 1.0 1.0 1.0 1.0 1.0 1.0 1.0 1.0 1.0 1.0 1.0 1.0 1.0 1.0 1.0 1.0 1.0 1.0 1.0 1.0 1.0 1.0 1.0 1.0 1.0 1.0 1.0 1.0 1.0 1.0 1.0 1.0 1.0 1.0 1.0 1.0 1.0 1.0 1.0 1.0 1.0 1.0 1.0 1.0 1.0 1.0 1.0 1.0 1.0 1.0 1.0 1.0 1.0 1.0 1.0 1.0 1.0 1.0 1.0 1.0 1.0 1.0 1.0 1.0 1.0 1.0 1.0 1.0 1.0 1.0 1.0 1.0 1.0 1.0 1.0 1.0 1.0 1.0 1.0 1.0 1.0 1.0 1.0 1.0 1.0 1.0 1.0 1.0 1.0 1.0 1.0 1.0 1.0 1.0 0.0 1.0 1.0 1.0 1.0 1.0 1.0 1.0 1.0 1.0 1.0 1.0 1.0 1.0 1.0 1.0 
1.0 1.0 1.0 1.0 1.0 1.0 1.0 1.0 1.0 1.0 1.0 1.0 1.0 1.0 1.0 1.0 1.0 1.0 1.0 1.0 1.0 1.0 1.0 1.0 1.0 1.0 1.0 1.0 1.0 1.0 1.0 1.0 1.0 1.0 1.0 1.0 1.0 1.0 1.0 1.0 1.0 1.0 1.0 1.0 1.0 1.0 1.0 1.0 1.0 1.0 1.0 1.0 1.0 1.0 1.0 1.0 1.0 1.0 1.0 1.0 1.0 1.0 1.0 1.0 1.0 1.0 1.0 1.0 1.0 1.0 1.0 1.0 1.0 1.0 1.0 1.0 1.0 1.0 1.0 1.0 1.0 1.0 1.0 1.0 1.0 1.0 1.0 1.0 1.0 1.0 1.0 1.0 1.0 1.0 1.0 1.0 1.0 1.0 1.0 1.0 1.0 1.0 1.0 1.0 1.0 1.0 1.0 1.0 1.0 1.0 1.0 1.0 1.0 0.0 1.0 1.0 1.0 1.0 1.0 1.0 1.0 1.0 1.0 1.0 1.0 1.0 1.0 1.0 
1.0 1.0 1.0 1.0 1.0 1.0 1.0 1.0 1.0 1.0 1.0 1.0 1.0 1.0 1.0 1.0 1.0 1.0 1.0 1.0 1.0 1.0 1.0 1.0 1.0 1.0 1.0 1.0 1.0 1.0 1.0 1.0 1.0 1.0 1.0 1.0 1.0 1.0 1.0 1.0 1.0 1.0 1.0 1.0 1.0 1.0 1.0 1.0 1.0 1.0 1.0 1.0 1.0 1.0 1.0 1.0 1.0 1.0 1.0 1.0 1.0 1.0 1.0 1.0 1.0 1.0 1.0 1.0 1.0 1.0 1.0 1.0 1.0 1.0 1.0 1.0 1.0 1.0 1.0 1.0 1.0 1.0 1.0 1.0 1.0 1.0 1.0 1.0 1.0 1.0 1.0 1.0 1.0 1.0 1.0 1.0 1.0 1.0 1.0 1.0 1.0 1.0 1.0 1.0 1.0 1.0 1.0 1.0 1.0 1.0 1.0 1.0 1.0 1.0 0.0 1.0 1.0 1.0 1.0 1.0 1.0 1.0 1.0 1.0 1.0 1.0 1.0 1.0 
1.0 1.0 1.0 1.0 1.0 1.0 1.0 1.0 1.0 1.0 1.0 1.0 1.0 1.0 1.0 1.0 1.0 1.0 1.0 1.0 1.0 1.0 1.0 1.0 1.0 1.0 1.0 1.0 1.0 1.0 1.0 1.0 1.0 1.0 1.0 1.0 1.0 1.0 1.0 1.0 1.0 1.0 1.0 1.0 1.0 1.0 1.0 1.0 1.0 1.0 1.0 1.0 1.0 1.0 1.0 1.0 1.0 1.0 1.0 1.0 1.0 1.0 1.0 1.0 1.0 1.0 1.0 1.0 1.0 1.0 1.0 1.0 1.0 1.0 1.0 1.0 1.0 1.0 1.0 1.0 1.0 1.0 1.0 1.0 1.0 1.0 1.0 1.0 1.0 1.0 1.0 1.0 1.0 1.0 1.0 1.0 1.0 1.0 1.0 1.0 1.0 1.0 1.0 1.0 1.0 1.0 1.0 1.0 1.0 1.0 1.0 1.0 1.0 1.0 1.0 0.0 1.0 1.0 1.0 1.0 1.0 1.0 1.0 1.0 1.0 1.0 1.0 1.0 
1.0 1.0 1.0 1.0 1.0 1.0 1.0 1.0 1.0 1.0 1.0 1.0 1.0 1.0 1.0 1.0 1.0 1.0 1.0 1.0 1.0 1.0 1.0 1.0 1.0 1.0 1.0 1.0 1.0 1.0 1.0 1.0 1.0 1.0 1.0 1.0 1.0 1.0 1.0 1.0 1.0 1.0 1.0 1.0 1.0 1.0 1.0 1.0 1.0 1.0 1.0 1.0 1.0 1.0 1.0 1.0 1.0 1.0 1.0 1.0 1.0 1.0 1.0 1.0 1.0 1.0 1.0 1.0 1.0 1.0 1.0 1.0 1.0 1.0 1.0 1.0 1.0 1.0 1.0 1.0 1.0 1.0 1.0 1.0 1.0 1.0 1.0 1.0 1.0 1.0 1.0 1.0 1.0 1.0 1.0 1.0 1.0 1.0 1.0 1.0 1.0 1.0 1.0 1.0 1.0 1.0 1.0 1.0 1.0 1.0 1.0 1.0 1.0 1.0 1.0 1.0 0.0 1.0 1.0 1.0 1.0 1.0 1.0 1.0 1.0 1.0 1.0 1.0 
1.0 1.0 1.0 1.0 1.0 1.0 1.0 1.0 1.0 1.0 1.0 1.0 1.0 1.0 1.0 1.0 1.0 1.0 1.0 1.0 1.0 1.0 1.0 1.0 1.0 1.0 1.0 1.0 1.0 1.0 1.0 1.0 1.0 1.0 1.0 1.0 1.0 1.0 1.0 1.0 1.0 1.0 1.0 1.0 1.0 1.0 1.0 1.0 1.0 1.0 1.0 1.0 1.0 1.0 1.0 1.0 1.0 1.0 1.0 1.0 1.0 1.0 1.0 1.0 1.0 1.0 1.0 1.0 1.0 1.0 1.0 1.0 1.0 1.0 1.0 1.0 1.0 1.0 1.0 1.0 1.0 1.0 1.0 1.0 1.0 1.0 1.0 1.0 1.0 1.0 1.0 1.0 1.0 1.0 1.0 1.0 1.0 1.0 1.0 1.0 1.0 1.0 1.0 1.0 1.0 1.0 1.0 1.0 1.0 1.0 1.0 1.0 1.0 1.0 1.0 1.0 1.0 0.0 1.0 1.0 1.0 1.0 1.0 1.0 1.0 1.0 1.0 1.0 
1.0 1.0 1.0 1.0 1.0 1.0 1.0 1.0 1.0 1.0 1.0 1.0 1.0 1.0 1.0 1.0 1.0 1.0 1.0 1.0 1.0 1.0 1.0 1.0 1.0 1.0 1.0 1.0 1.0 1.0 1.0 1.0 1.0 1.0 1.0 1.0 1.0 1.0 1.0 1.0 1.0 1.0 1.0 1.0 1.0 1.0 1.0 1.0 1.0 1.0 1.0 1.0 1.0 1.0 1.0 1.0 1.0 1.0 1.0 1.0 1.0 1.0 1.0 1.0 1.0 1.0 1.0 1.0 1.0 1.0 1.0 1.0 1.0 1.0 1.0 1.0 1.0 1.0 1.0 1.0 1.0 1.0 1.0 1.0 1.0 1.0 1.0 1.0 1.0 1.0 1.0 1.0 1.0 1.0 1.0 1.0 1.0 1.0 1.0 1.0 1.0 1.0 1.0 1.0 1.0 1.0 1.0 1.0 1.0 1.0 1.0 1.0 1.0 1.0 1.0 1.0 1.0 1.0 0.0 1.0 1.0 1.0 1.0 1.0 1.0 1.0 1.0 1.0 
1.0 1.0 1.0 1.0 1.0 1.0 1.0 1.0 1.0 1.0 1.0 1.0 1.0 1.0 1.0 1.0 1.0 1.0 1.0 1.0 1.0 1.0 1.0 1.0 1.0 1.0 1.0 1.0 1.0 1.0 1.0 1.0 1.0 1.0 1.0 1.0 1.0 1.0 1.0 1.0 1.0 1.0 1.0 1.0 1.0 1.0 1.0 1.0 1.0 1.0 1.0 1.0 1.0 1.0 1.0 1.0 1.0 1.0 1.0 1.0 1.0 1.0 1.0 1.0 1.0 1.0 1.0 1.0 1.0 1.0 1.0 1.0 1.0 1.0 1.0 1.0 1.0 1.0 1.0 1.0 1.0 1.0 1.0 1.0 1.0 1.0 1.0 1.0 1.0 1.0 1.0 1.0 1.0 1.0 1.0 1.0 1.0 1.0 1.0 1.0 1.0 1.0 1.0 1.0 1.0 1.0 1.0 1.0 1.0 1.0 1.0 1.0 1.0 1.0 1.0 1.0 1.0 1.0 1.0 0.0 1.0 1.0 1.0 1.0 1.0 1.0 1.0 1.0 
1.0 1.0 1.0 1.0 1.0 1.0 1.0 1.0 1.0 1.0 1.0 1.0 1.0 1.0 1.0 1.0 1.0 1.0 1.0 1.0 1.0 1.0 1.0 1.0 1.0 1.0 1.0 1.0 1.0 1.0 1.0 1.0 1.0 1.0 1.0 1.0 1.0 1.0 1.0 1.0 1.0 1.0 1.0 1.0 1.0 1.0 1.0 1.0 1.0 1.0 1.0 1.0 1.0 1.0 1.0 1.0 1.0 1.0 1.0 1.0 1.0 1.0 1.0 1.0 1.0 1.0 1.0 1.0 1.0 1.0 1.0 1.0 1.0 1.0 1.0 1.0 1.0 1.0 1.0 1.0 1.0 1.0 1.0 1.0 1.0 1.0 1.0 1.0 1.0 1.0 1.0 1.0 1.0 1.0 1.0 1.0 1.0 1.0 1.0 1.0 1.0 1.0 1.0 1.0 1.0 1.0 1.0 1.0 1.0 1.0 1.0 1.0 1.0 1.0 1.0 1.0 1.0 1.0 1.0 1.0 0.0 1.0 1.0 1.0 1.0 1.0 1.0 1.0 
1.0 1.0 1.0 1.0 1.0 1.0 1.0 1.0 1.0 1.0 1.0 1.0 1.0 1.0 1.0 1.0 1.0 1.0 1.0 1.0 1.0 1.0 1.0 1.0 1.0 1.0 1.0 1.0 1.0 1.0 1.0 1.0 1.0 1.0 1.0 1.0 1.0 1.0 1.0 1.0 1.0 1.0 1.0 1.0 1.0 1.0 1.0 1.0 1.0 1.0 1.0 1.0 1.0 1.0 1.0 1.0 1.0 1.0 1.0 1.0 1.0 1.0 1.0 1.0 1.0 1.0 1.0 1.0 1.0 1.0 1.0 1.0 1.0 1.0 1.0 1.0 1.0 1.0 1.0 1.0 1.0 1.0 1.0 1.0 1.0 1.0 1.0 1.0 1.0 1.0 1.0 1.0 1.0 1.0 1.0 1.0 1.0 1.0 1.0 1.0 1.0 1.0 1.0 1.0 1.0 1.0 1.0 1.0 1.0 1.0 1.0 1.0 1.0 1.0 1.0 1.0 1.0 1.0 1.0 1.0 1.0 0.0 1.0 1.0 1.0 1.0 1.0 1.0 
1.0 1.0 1.0 1.0 1.0 1.0 1.0 1.0 1.0 1.0 1.0 1.0 1.0 1.0 1.0 1.0 1.0 1.0 1.0 1.0 1.0 1.0 1.0 1.0 1.0 1.0 1.0 1.0 1.0 1.0 1.0 1.0 1.0 1.0 1.0 1.0 1.0 1.0 1.0 1.0 1.0 1.0 1.0 1.0 1.0 1.0 1.0 1.0 1.0 1.0 1.0 1.0 1.0 1.0 1.0 1.0 1.0 1.0 1.0 1.0 1.0 1.0 1.0 1.0 1.0 1.0 1.0 1.0 1.0 1.0 1.0 1.0 1.0 1.0 1.0 1.0 1.0 1.0 1.0 1.0 1.0 1.0 1.0 1.0 1.0 1.0 1.0 1.0 1.0 1.0 1.0 1.0 1.0 1.0 1.0 1.0 1.0 1.0 1.0 1.0 1.0 1.0 1.0 1.0 1.0 1.0 1.0 1.0 1.0 1.0 1.0 1.0 1.0 1.0 1.0 1.0 1.0 1.0 1.0 1.0 1.0 1.0 0.0 1.0 1.0 1.0 1.0 1.0 
1.0 1.0 1.0 1.0 1.0 1.0 1.0 1.0 1.0 1.0 1.0 1.0 1.0 1.0 1.0 1.0 1.0 1.0 1.0 1.0 1.0 1.0 1.0 1.0 1.0 1.0 1.0 1.0 1.0 1.0 1.0 1.0 1.0 1.0 1.0 1.0 1.0 1.0 1.0 1.0 1.0 1.0 1.0 1.0 1.0 1.0 1.0 1.0 1.0 1.0 1.0 1.0 1.0 1.0 1.0 1.0 1.0 1.0 1.0 1.0 1.0 1.0 1.0 1.0 1.0 1.0 1.0 1.0 1.0 1.0 1.0 1.0 1.0 1.0 1.0 1.0 1.0 1.0 1.0 1.0 1.0 1.0 1.0 1.0 1.0 1.0 1.0 1.0 1.0 1.0 1.0 1.0 1.0 1.0 1.0 1.0 1.0 1.0 1.0 1.0 1.0 1.0 1.0 1.0 1.0 1.0 1.0 1.0 1.0 1.0 1.0 1.0 1.0 1.0 1.0 1.0 1.0 1.0 1.0 1.0 1.0 1.0 1.0 0.0 1.0 1.0 1.0 1.0 
1.0 1.0 1.0 1.0 1.0 1.0 1.0 1.0 1.0 1.0 1.0 1.0 1.0 1.0 1.0 1.0 1.0 1.0 1.0 1.0 1.0 1.0 1.0 1.0 1.0 1.0 1.0 1.0 1.0 1.0 1.0 1.0 1.0 1.0 1.0 1.0 1.0 1.0 1.0 1.0 1.0 1.0 1.0 1.0 1.0 1.0 1.0 1.0 1.0 1.0 1.0 1.0 1.0 1.0 1.0 1.0 1.0 1.0 1.0 1.0 1.0 1.0 1.0 1.0 1.0 1.0 1.0 1.0 1.0 1.0 1.0 1.0 1.0 1.0 1.0 1.0 1.0 1.0 1.0 1.0 1.0 1.0 1.0 1.0 1.0 1.0 1.0 1.0 1.0 1.0 1.0 1.0 1.0 1.0 1.0 1.0 1.0 1.0 1.0 1.0 1.0 1.0 1.0 1.0 1.0 1.0 1.0 1.0 1.0 1.0 1.0 1.0 1.0 1.0 1.0 1.0 1.0 1.0 1.0 1.0 1.0 1.0 1.0 1.0 0.0 1.0 1.0 1.0 
1.0 1.0 1.0 1.0 1.0 1.0 1.0 1.0 1.0 1.0 1.0 1.0 1.0 1.0 1.0 1.0 1.0 1.0 1.0 1.0 1.0 1.0 1.0 1.0 1.0 1.0 1.0 1.0 1.0 1.0 1.0 1.0 1.0 1.0 1.0 1.0 1.0 1.0 1.0 1.0 1.0 1.0 1.0 1.0 1.0 1.0 1.0 1.0 1.0 1.0 1.0 1.0 1.0 1.0 1.0 1.0 1.0 1.0 1.0 1.0 1.0 1.0 1.0 1.0 1.0 1.0 1.0 1.0 1.0 1.0 1.0 1.0 1.0 1.0 1.0 1.0 1.0 1.0 1.0 1.0 1.0 1.0 1.0 1.0 1.0 1.0 1.0 1.0 1.0 1.0 1.0 1.0 1.0 1.0 1.0 1.0 1.0 1.0 1.0 1.0 1.0 1.0 1.0 1.0 1.0 1.0 1.0 1.0 1.0 1.0 1.0 1.0 1.0 1.0 1.0 1.0 1.0 1.0 1.0 1.0 1.0 1.0 1.0 1.0 1.0 0.0 1.0 1.0 
1.0 1.0 1.0 1.0 1.0 1.0 1.0 1.0 1.0 1.0 1.0 1.0 1.0 1.0 1.0 1.0 1.0 1.0 1.0 1.0 1.0 1.0 1.0 1.0 1.0 1.0 1.0 1.0 1.0 1.0 1.0 1.0 1.0 1.0 1.0 1.0 1.0 1.0 1.0 1.0 1.0 1.0 1.0 1.0 1.0 1.0 1.0 1.0 1.0 1.0 1.0 1.0 1.0 1.0 1.0 1.0 1.0 1.0 1.0 1.0 1.0 1.0 1.0 1.0 1.0 1.0 1.0 1.0 1.0 1.0 1.0 1.0 1.0 1.0 1.0 1.0 1.0 1.0 1.0 1.0 1.0 1.0 1.0 1.0 1.0 1.0 1.0 1.0 1.0 1.0 1.0 1.0 1.0 1.0 1.0 1.0 1.0 1.0 1.0 1.0 1.0 1.0 1.0 1.0 1.0 1.0 1.0 1.0 1.0 1.0 1.0 1.0 1.0 1.0 1.0 1.0 1.0 1.0 1.0 1.0 1.0 1.0 1.0 1.0 1.0 1.0 0.0 1.0 
1.0 1.0 1.0 1.0 1.0 1.0 1.0 1.0 1.0 1.0 1.0 1.0 1.0 1.0 1.0 1.0 1.0 1.0 1.0 1.0 1.0 1.0 1.0 1.0 1.0 1.0 1.0 1.0 1.0 1.0 1.0 1.0 1.0 1.0 1.0 1.0 1.0 1.0 1.0 1.0 1.0 1.0 1.0 1.0 1.0 1.0 1.0 1.0 1.0 1.0 1.0 1.0 1.0 1.0 1.0 1.0 1.0 1.0 1.0 1.0 1.0 1.0 1.0 1.0 1.0 1.0 1.0 1.0 1.0 1.0 1.0 1.0 1.0 1.0 1.0 1.0 1.0 1.0 1.0 1.0 1.0 1.0 1.0 1.0 1.0 1.0 1.0 1.0 1.0 1.0 1.0 1.0 1.0 1.0 1.0 1.0 1.0 1.0 1.0 1.0 1.0 1.0 1.0 1.0 1.0 1.0 1.0 1.0 1.0 1.0 1.0 1.0 1.0 1.0 1.0 1.0 1.0 1.0 1.0 1.0 1.0 1.0 1.0 1.0 1.0 1.0 1.0 0.0 