128
63 7 68 91 61 44 57 47 11 52 84 10 86 40 33 62 5 37 8 65 9 24 58 57 91 74 28 68 57 50 8 35 2 69 67 6 82 6 84 47 23 45 19 42 82 23 45 73 89 71 9 66 60 36 21 78 71 21 43 6 89 69 82 60 86 38 95 36 59 74 84 86 3 8 38 5 22 21 72 34 8 48 8 92 90 62 35 83 72 60 50 3 73 74 4 2 64 2 88 5 70 76 32 1 81 99 32 85 27 43 83 56 89 31 66 16 19 94 85 66 35 12 58 24 15 14 45 20 
81 68 71 48 1 42 9 46 19 29 71 11 3 26 20 88 91 54 77 94 63 60 10 18 13 52 15 75 80 68 59 7 27 11 4 71 95 31 59 36 22 77 93 70 13 88 1 73 92 55 24 78 30 55 33 64 28 40 16 42 36 5 8 34 92 25 1 99 66 57 88 71 24 30 57 40 65 25 45 51 32 67 60 21 43 43 22 70 34 65 85 3 86 46 21 91 40 84 6 48 25 24 67 70 21 14 1 52 33 83 28 65 18 41 19 40 44 86 63 47 46 61 33 92 90 62 79 76 
93 17 36 71 11 14 68 23 51 67 65 44 51 38 32 58 33 71 8 22 11 23 58 5 61 80 98 40 2 62 20 43 11 21 91 75 36 96 20 56 70 37 71 71 43 96 37 4 26 24 29 6 36 42 64 24 26 70 53 38 75 68 57 68 71 83 92 50 89 78 12 91 89 98 53 28 4 5 32 75 57 65 41 89 70 6 51 46 3 16 41 29 48 9 78 53 55 57 4 51 6 69 7 74 66 49 81 9 35 97 7 53 25 65 91 5 60 46 12 51 35 6 39 95 17 61 90 79 
36 84 74 55 74 10 43 65 93 5 30 45 83 19 43 33 97 60 33 15 46 77 47 57 88 72 61 37 92 18 97 59 99 43 29 18 37 85 9 45 22 69 58 7 47 24 24 29 17 1 34 90 69 78 65 17 22 1 28 56 90 92 33 9 41 49 42 22 4 86 18 23 75 71 86 35 14 88 64 56 48 13 35 37 42 6 10 49 92 24 40 91 33 81 88 20 24 65 76 95 97 25 57 19 35 83 53 55 90 62 67 4 56 36 60 54 95 68 8 45 80 66 13 3 100 74 68 83 
97 40 76 88 43 40 76 19 36 34 14 55 69 41 25 90 78 7 85 28 46 41 27 37 9 78 83 36 11 44 22 77 5 13 88 91 38 52 16 68 84 66 38 18 34 36 40 1 85 70 13 43 48 38 53 60 70 70 88 16 6 79 84 39 48 87 77 95 94 9 62 19 12 24 64 39 55 91 47 23 30 76 26 80 86 44 23 34 39 3 18 99 27 82 92 35 30 45 80 60 68 95 93 60 27 69 79 28 95 44 94 37 36 42 57 47 17 43 8 66 51 14 6 17 51 71 50 94 
22 11 20 3 71 26 63 32 98 99 1 91 80 55 84 1 42 87 38 73 51 90 86 99 6 26 62 15 27 63 14 77 96 17 50 42 12 87 27 77 62 43 86 8 27 88 82 24 47 30 59 76 8 84 48 59 21 14 39 25 29 51 29 83 32 92 60 45 62 61 62 98 45 73 12 80 38 48 5 53 22 91 27 35 72 37 80 45 98 2 61 76 50 64 3 2 26 44 47 79 52 16 15 91 89 21 16 83 42 86 22 25 59 24 21 73 26 10 35 14 33 9 64 83 31 13 82 98 
48 35 42 81 54 23 31 75 88 50 63 98 38 52 46 13 48 58 93 38 16 12 20 65 80 70 7 2 25 86 43 6 94 21 4 6 66 61 57 5 69 64 35 77 48 75 32 37 78 90 15 57 1 34 93 4 20 83 65 19 31 38 73 60 35 36 1 16 45 73 36 15 47 54 25 36 65 4 84 72 22 32 53 31 8 23 66 75 77 1 48 60 1 17 76 51 45 65 62 19 51 29 92 17 43 62 22 72 68 54 1 51 65 81 63 18 32 55 37 27 6 76 68 20 3 35 56 55 
30 89 14 92 70 20 62 53 6 83 24 100 62 65 63 67 79 71 19 22 17 27 90 86 12 21 2 23 77 16 14 94 72 96 76 91 67 32 49 61 13 10 27 8 78 58 80 50 76 53 40 16 40 96 78 27 80 33 79 56 90 3 89 81 52 17 96 84 67 24 6 70 33 3 84 10 39 76 33 61 70 53 31 49 28 30 96 13 80 1 58 53 77 11 83 83 39 19 10 59 46 81 69 44 82 6 14 14 37 9 37 33 9 7 6 96 91 70 95 87 11 91 37 62 43 34 51 48 
46 46 22 55 41 5 29 15 17 89 4 7 32 100 72 40 5 9 94 29 86 15 6 88 38 96 42 58 17 67 73 27 52 77 26 93 85 15 74 71 52 38 37 38 8 70 72 34 18 64 8 39 6 2 86 61 3 46 40 69 98 84 4 62 6 23 55 10 74 54 69 60 36 65 22 13 65 16 65 25 27 80 79 62 58 53 92 99 18 67 77 55 14 64 38 17 60 43 81 62 47 26 54 25 13 31 98 98 14 52 1 75 56 58 46 69 71 67 14 59 53 66 69 47 49 21 62 98 
87 15 27 1 25 73 55 27 19 19 18 7 49 3 86 37 48 30 69 74 36 18 46 55 24 39 77 17 74 78 51 62 64 44 59 100 32 24 27 99 23 61 2 90 57 13 93 72 99 73 66 4 93 90 15 64 51 44 10 40 57 6 55 13 91 90 78 86 62 18 33 20 32 60 76 63 91 86 96 93 35 9 43 85 25 11 12 19 81 48 24 9 8 12 39 97 12 89 31 60 59 36 29 32 45 90 2 7 26 10 25 11 51 76 23 86 13 52 93 92 3 14 39 16 18 14 61 19 
72 83 14 70 69 91 79 53 74 61 25 55 91 100 17 40 22 77 98 94 31 62 45 5 68 40 73 97 94 43 94 67 48 12 8 73 88 13 56 34 53 10 73 11 65 57 46 37 97 46 44 48 13 79 7 57 19 26 21 4 59 77 24 28 56 85 85 89 21 51 27 3 23 90 92 81 2 72 98 1 19 11 60 84 70 5 61 47 66 28 22 35 22 5 35 95 90 23 6 15 80 45 13 38 29 64 40 8 55 82 56 24 41 14 51 84 54 81 52 40 13 57 9 52 87 8 87 57 
67 69 30 56 32 44 33 33 33 11 33 96 87 89 6 72 35 50 25 91 47 49 15 7 1 82 57 74 91 23 57 39 83 98 19 8 47 98 53 20 83 22 92 30 91 34 6 93 46 48 3 69 58 14 61 48 50 91 56 19 52 46 56 21 68 56 14 41 22 46 59 82 27 22 58 97 13 29 68 72 68 58 46 18 36 61 27 62 6 86 24 24 43 95 77 68 16 72 15 56 27 69 25 31 98 85 32 99 50 79 91 53 90 78 73 34 84 81 1 73 83 69 65 49 94 7 63 46 
98 33 3 14 76 57 9 35 12 67 20 50 79 2 62 37 96 13 51 91 36 83 81 18 16 74 88 33 37 1 98 42 71 51 62 79 15 58 43 47 75 43 1 70 83 97 45 87 34 26 16 11 74 45 42 92 25 24 30 83 36 87 2 21 21 17 76 30 65 67 75 28 12 41 49 53 38 69 20 2 18 60 79 29 16 41 23 11 14 39 85 47 58 11 94 3 65 98 23 15 19 70 29 33 85 84 35 88 49 63 41 25 98 12 32 78 85 47 80 37 3 27 42 18 83 91 95 57 
57 51 56 24 83 22 21 34 27 42 52 1 68 16 19 62 30 48 18 68 57 48 21 53 61 12 20 58 62 54 83 5 9 77 58 89 99 48 43 89 13 53 28 48 14 9 68 38 47 94 85 89 64 93 35 84 14 86 21 10 41 33 21 63 71 4 82 72 95 45 76 90 83 86 11 18 24 77 16 38 46 76 9 89 64 37 77 69 75 92 100 35 45 86 16 73 1 31 68 10 46 88 83 71 41 32 75 23 54 77 54 30 50 7 7 53 70 86 79 12 54 66 47 35 62 35 20 50 
28 45 63 45 18 76 15 84 44 36 51 53 65 23 46 9 6 57 77 94 93 19 12 36 72 54 100 69 30 93 32 44 76 99 98 45 63 57 85 98 78 93 59 79 59 36 85 73 35 62 49 64 17 25 75 41 52 42 80 52 77 37 62 14 41 10 94 50 35 42 14 52 76 23 81 15 46 94 17 59 20 34 64 95 33 12 68 43 13 63 29 33 73 44 55 84 50 22 41 1 73 22 32 29 95 11 38 20 82 25 64 79 26 78 59 74 35 65 71 13 34 98 62 29 32 32 95 50 
9 71 91 24 19 5 10 67 23 8 76 30 35 37 78 54 90 55 93 47 14 30 28 91 45 46 6 35 12 42 44 46 64 67 91 61 69 19 25 9 16 16 74 76 27 50 4 64 22 97 87 39 17 99 5 28 17 68 93 88 48 87 51 77 99 14 81 32 37 4 57 13 49 72 10 95 48 93 79 71 81 89 19 2 18 53 41 84 47 73 43 42 19 76 97 9 1 31 76 100 70 96 9 47 57 29 90 44 70 58 18 30 89 3 72 18 3 7 73 98 61 8 99 41 83 86 25 74 
80 90 48 34 12 48 23 33 46 80 66 6 10 53 78 36 71 39 66 69 29 98 77 43 89 95 97 34 11 69 31 37 12 86 50 16 47 62 84 6 40 63 86 47 4 24 62 93 75 45 5 37 23 52 84 85 52 33 59 69 63 61 46 50 87 93 95 87 98 18 31 18 77 11 84 41 100 67 96 66 30 57 49 97 93 34 83 92 86 36 39 91 78 94 33 98 54 22 61 77 82 1 75 3 93 55 22 6 64 91 78 28 56 5 70 12 34 48 94 20 57 30 72 47 55 30 34 82 
32 58 88 81 84 30 91 89 69 34 22 69 8 45 44 54 4 67 46 53 5 10 65 95 19 77 3 20 89 62 82 9 58 57 33 19 53 14 81 58 61 73 9 98 83 9 18 78 35 75 70 36 93 59 18 89 73 58 38 61 20 26 73 49 66 53 82 20 19 88 5 82 16 89 24 72 38 66 75 88 12 49 30 25 87 14 8 80 83 92 28 85 11 42 25 47 22 47 66 6 63 27 67 61 21 53 10 52 28 16 84 4 74 12 43 97 82 56 80 41 49 70 67 7 21 71 86 30 
81 25 63 26 86 80 70 52 42 79 69 100 94 7 11 19 85 84 12 58 85 5 91 91 81 26 18 72 41 67 24 79 98 100 60 28 18 93 8 69 11 24 25 38 22 27 44 68 75 21 48 81 26 21 30 100 67 12 91 95 8 97 76 29 3 36 78 75 80 52 64 72 79 65 51 33 20 73 17 30 76 15 13 4 62 11 65 78 28 29 52 9 46 39 52 37 1 11 60 88 54 47 99 71 82 55 6 95 80 19 87 44 92 17 24 38 84 32 34 40 15 66 36 92 47 48 46 51 
1 72 54 85 9 41 90 87 33 21 48 98 45 86 57 49 17 19 8 55 11 70 76 24 94 85 79 59 92 66 41 80 74 90 82 67 46 16 95 92 62 66 13 11 20 70 29 43 68 60 48 37 39 98 32 47 47 43 50 42 86 6 48 88 90 9 36 61 59 31 88 35 42 46 43 30 59 8 99 6 53 20 64 41 88 8 60 43 94 17 38 6 28 85 30 9 98 18 17 52 29 53 46 57 77 1 40 26 48 59 44 94 98 84 6 46 60 48 81 58 16 94 12 52 26 20 67 30 
1 88 72 29 96 67 98 11 31 59 39 57 72 78 14 99 84 8 65 13 60 89 94 95 51 33 56 42 14 90 37 89 32 16 12 70 79 85 28 62 35 63 17 52 57 45 60 19 76 68 78 19 87 47 77 43 30 16 51 75 97 66 81 79 62 83 44 26 15 88 43 86 76 53 6 69 67 70 11 78 70 26 3 17 77 68 46 34 61 26 63 66 65 40 80 74 23 50 82 37 19 39 68 21 78 92 30 4 39 89 56 94 54 52 67 39 98 60 91 83 51 37 21 86 61 14 62 54 
69 98 3 56 93 19 29 86 5 25 47 38 76 52 71 93 72 13 17 64 30 81 7 62 92 41 85 69 71 95 73 98 45 87 51 76 11 61 37 99 64 82 49 48 87 96 100 96 96 74 4 14 25 15 69 23 83 70 51 38 86 72 87 51 43 11 10 29 39 84 25 89 58 20 20 52 57 52 28 3 83 29 71 96 29 25 16 90 53 64 33 22 73 80 51 85 41 49 75 51 9 73 51 77 19 94 84 91 81 43 96 60 19 3 41 80 55 81 21 19 17 35 84 49 4 21 79 44 
89 34 10 38 88 32 5 14 38 21 51 59 36 74 97 54 70 60 30 73 56 25 19 57 91 55 85 17 19 51 22 21 29 50 88 37 7 83 30 64 9 62 39 28 80 61 35 70 48 96 54 31 51 96 11 48 78 66 46 61 76 9 77 39 90 95 34 16 41 47 99 91 74 65 67 95 63 26 65 85 91 86 5 74 60 54 77 68 24 71 51 69 87 50 17 40 16 53 84 55 33 74 25 64 23 55 70 66 35 95 54 5 98 30 66 75 94 41 73 55 11 42 70 97 58 77 41 14 
25 35 47 9 38 15 41 53 54 63 25 39 61 10 13 57 66 47 59 95 18 21 100 73 53 17 40 98 77 18 80 50 73 68 12 67 40 76 92 35 16 62 24 42 48 54 58 23 5 10 22 67 72 52 58 21 60 35 79 68 85 28 58 2 32 34 1 24 56 24 52 96 37 36 79 72 56 9 4 84 80 72 86 54 24 76 46 43 23 5 44 20 6 85 48 52 6 49 84 2 44 55 94 71 3 77 1 88 39 97 78 15 70 66 40 12 98 67 46 100 59 28 55 27 51 28 96 25 
74 84 9 72 100 69 59 86 70 66 62 64 45 69 59 36 48 90 35 28 97 67 38 21 27 39 92 83 86 80 81 33 41 89 31 2 2 60 49 99 67 42 12 42 13 50 19 60 90 24 87 59 58 2 35 69 80 84 55 46 33 97 87 47 78 76 55 89 94 30 16 58 98 85 30 66 27 1 44 36 36 2 95 81 82 69 92 6 53 41 39 86 7 93 74 23 80 74 78 70 23 12 74 41 60 84 22 37 6 42 92 5 22 59 90 51 27 83 50 53 51 91 25 21 68 58 78 99 
30 78 50 50 26 97 29 14 37 55 87 65 76 99 13 96 92 56 64 49 1 95 15 94 25 62 59 47 65 35 33 75 88 16 21 45 83 58 3 73 63 1 20 1 91 38 100 27 52 84 49 98 100 40 56 84 57 56 97 94 27 55 9 55 55 4 96 54 69 78 93 59 98 13 36 44 70 86 89 100 56 80 43 42 57 24 8 84 44 97 6 91 26 86 21 35 70 52 43 19 78 61 49 2 64 32 44 64 38 48 16 79 34 49 13 40 14 17 82 69 61 76 83 92 26 1 19 10 
25 14 98 58 47 10 52 41 48 82 58 21 67 99 8 39 28 61 20 78 58 9 78 7 87 78 52 25 74 4 26 9 79 18 77 56 72 34 72 11 66 43 13 97 53 13 74 2 11 79 34 16 63 41 47 26 78 86 44 92 78 28 31 72 49 66 28 57 1 15 5 47 57 82 88 7 78 24 36 16 32 47 42 21 74 81 29 92 44 10 33 8 1 31 75 28 25 26 57 73 78 68 27 12 57 70 42 32 49 82 68 89 15 73 92 99 78 14 7 45 16 37 95 29 57 63 28 35 
65 40 12 30 3 10 2 82 95 41 52 28 11 42 54 75 76 14 51 67 35 39 44 31 86 75 7 7 51 89 97 41 91 47 75 95 27 39 48 18 7 34 76 10 17 72 21 30 38 59 15 26 20 32 23 73 22 71 54 43 21 32 47 19 20 41 77 81 42 22 98 52 85 23 73 41 96 8 26 25 72 53 46 48 19 29 70 100 1 40 77 42 43 2 57 63 7 23 93 60 67 4 64 89 82 30 35 92 44 44 77 78 61 61 99 14 60 77 70 76 72 54 75 81 8 41 42 39 
100 46 30 6 45 45 40 33 18 21 48 96 72 62 76 19 43 24 21 10 87 93 8 88 16 89 82 39 82 56 87 81 11 87 13 32 75 24 39 5 29 94 66 100 70 44 18 76 37 94 96 48 16 26 98 100 68 5 11 99 25 4 79 91 85 86 60 87 46 74 56 58 56 90 94 53 54 23 47 38 16 95 11 98 40 59 46 48 38 53 39 55 72 2 12 87 19 95 57 57 49 58 91 41 75 73 61 2 67 1 28 82 36 1 20 94 40 61 43 68 20 21 36 14 16 93 45 26 
61 25 24 27 41 82 30 80 56 21 57 21 47 43 59 9 94 28 55 59 18 68 67 4 51 59 34 38 20 61 94 2 5 29 7 43 95 5 24 18 33 57 23 58 87 1 25 83 93 76 48 36 25 55 41 28 89 49 43 30 9 90 91 34 34 50 65 27 17 96 46 70 66 36 65 92 73 68 12 15 83 78 85 98 29 57 46 9 20 65 69 18 57 6 53 18 56 46 41 95 80 32 45 42 34 21 3 5 82 54 45 42 22 91 26 64 67 74 5 76 21 53 87 62 84 56 58 21 
41 21 28 1 44 54 97 69 46 70 69 58 77 70 22 77 39 1 56 44 12 28 96 62 46 58 60 43 62 9 30 64 84 8 88 51 76 12 44 14 33 16 36 98 84 86 22 16 5 93 25 18 29 59 47 84 61 84 69 40 50 87 4 31 36 5 83 34 8 71 19 79 14 43 3 96 18 94 87 36 86 68 56 93 98 45 75 54 13 63 40 34 45 90 2 66 38 20 34 53 2 6 48 80 27 81 30 47 50 91 86 35 89 22 35 15 83 55 31 40 63 45 73 5 47 13 99 52 
66 65 35 26 29 90 48 67 54 78 27 24 64 98 62 85 78 21 56 73 6 45 30 4 44 45 11 37 92 49 78 37 42 28 58 31 53 60 66 27 45 39 55 55 80 4 50 67 26 62 58 45 66 47 34 48 25 18 34 13 14 19 14 67 39 43 58 28 63 9 100 25 16 78 49 81 48 48 17 88 23 31 58 38 58 39 98 8 86 12 94 21 40 90 74 51 66 96 71 5 22 66 49 88 12 2 52 18 91 38 95 22 35 40 92 13 67 16 86 98 94 50 84 5 97 26 25 50 
25 70 46 32 100 7 31 49 27 35 49 28 76 97 28 15 45 57 78 69 4 56 99 31 34 41 42 72 32 62 95 5 52 3 100 95 73 52 1 39 4 29 40 20 97 34 49 29 16 69 37 100 28 72 29 40 71 47 39 27 11 37 16 36 83 69 74 93 64 27 10 59 17 14 85 53 25 73 78 100 17 61 52 5 24 15 66 69 94 13 89 67 27 38 17 97 10 44 84 89 64 18 6 24 10 83 37 42 27 8 79 62 80 12 72 66 19 60 20 57 96 16 96 83 18 28 88 6 
42 22 36 38 40 82 61 93 51 8 8 97 19 43 31 85 17 20 15 60 2 45 33 37 73 99 48 94 65 30 78 62 44 19 18 76 52 57 2 63 50 51 86 78 30 35 79 71 34 88 88 14 74 33 54 66 14 42 98 14 4 47 90 18 29 19 84 5 16 85 23 60 2 71 96 67 47 1 61 31 69 6 68 2 81 64 14 87 61 30 99 7 73 13 3 35 63 43 85 8 83 81 74 57 93 89 89 89 95 79 54 85 97 24 28 58 54 25 71 81 70 93 95 71 26 28 68 42 
57 93 19 14 49 45 93 73 100 43 21 26 53 88 20 91 86 43 97 79 28 44 63 58 5 52 92 41 44 63 73 16 40 72 32 74 84 27 91 83 18 16 95 97 26 88 60 98 32 59 90 81 23 69 90 32 17 2 9 15 62 26 74 30 87 97 42 98 24 5 54 92 30 44 84 72 100 19 95 44 2 89 59 45 89 66 80 59 93 82 84 92 65 55 30 26 23 96 1 15 59 28 34 71 74 47 39 76 75 39 67 99 9 70 49 2 60 35 66 88 65 64 74 53 25 26 53 51 
77 38 90 58 54 11 57 74 47 44 3 36 75 43 43 98 39 1 26 3 35 16 94 2 62 60 61 5 31 50 79 55 71 41 87 60 18 29 68 65 46 85 87 47 87 87 67 84 1 88 86 76 59 16 39 83 10 97 9 36 48 3 95 74 59 29 84 28 74 56 48 30 87 82 41 78 2 95 32 84 57 51 85 48 3 80 4 82 100 41 3 52 51 84 92 76 48 55 65 15 72 81 50 27 93 1 9 42 68 69 11 17 77 76 78 66 49 16 20 8 13 23 60 21 48 20 99 12 
6 57 7 76 81 96 32 71 76 30 25 21 10 64 10 30 37 76 91 96 19 97 80 67 74 95 44 32 24 47 2 53 58 23 17 10 26 97 25 6 86 57 55 8 94 29 62 38 95 7 13 75 23 10 25 12 25 21 61 75 28 21 42 76 70 44 35 18 94 71 97 70 68 75 21 10 54 17 86 55 9 40 84 32 57 22 56 96 7 92 16 89 38 88 15 4 75 44 76 45 94 66 45 62 67 40 95 17 38 97 41 55 55 62 62 52 8 94 21 75 36 69 83 50 79 9 39 83 
92 48 4 1 71 48 17 17 38 99 79 73 5 65 65 31 62 15 57 66 5 61 71 30 68 93 36 10 4 4 17 90 30 47 13 11 3 2 88 26 30 12 25 77 15 63 38 42 17 62 95 80 97 10 45 63 96 38 24 51 87 40 21 17 94 54 50 2 43 83 57 98 30 78 23 60 36 34 15 44 86 92 59 65 95 33 69 39 51 62 76 25 96 50 73 5 56 17 94 82 63 61 96 98 36 98 79 50 21 28 71 82 3 1 42 62 62 7 1 53 24 16 73 92 20 68 36 28 
42 7 6 88 99 26 38 71 89 73 6 22 7 17 89 74 65 37 54 17 38 5 14 18 99 98 14 41 74 70 17 96 94 86 31 1 15 30 81 13 32 56 92 13 42 78 87 23 22 32 76 94 92 10 74 28 46 69 76 60 77 96 52 80 11 2 46 80 13 94 56 30 41 95 5 62 26 46 44 88 1 28 58 67 16 2 83 99 14 65 64 57 22 78 39 44 51 46 84 49 49 53 21 83 4 9 29 65 79 35 50 71 5 97 75 13 79 17 25 40 3 37 43 89 10 3 55 84 
20 12 61 96 50 86 92 96 74 9 25 75 61 100 29 39 87 16 14 20 83 59 48 11 26 25 61 24 60 51 100 60 55 66 85 73 73 88 11 64 61 6 5 3 69 45 68 43 81 70 78 5 35 62 57 65 71 100 59 98 74 8 12 64 92 38 66 65 68 74 96 65 82 51 6 42 37 41 33 75 62 7 98 61 50 30 98 17 44 51 89 34 62 98 90 11 76 8 98 13 29 1 73 16 3 70 44 10 40 6 5 44 13 6 6 64 18 70 50 93 48 20 63 58 64 69 93 91 
31 99 48 65 90 87 13 32 61 64 32 75 78 2 9 96 54 91 19 8 2 49 68 85 34 32 85 62 85 16 80 10 87 76 81 7 67 72 74 32 70 65 62 93 6 25 72 22 42 30 92 77 73 71 42 57 21 90 30 46 47 30 12 38 89 4 88 22 11 49 47 27 29 22 94 60 1 54 2 38 14 96 85 65 1 56 15 95 81 31 94 72 57 56 19 60 57 59 57 13 27 94 57 64 13 22 23 42 42 8 64 82 34 90 3 97 83 72 30 8 94 33 59 1 50 93 94 28 
3 40 92 69 66 95 51 53 87 32 36 56 66 71 98 60 15 26 91 73 55 70 40 50 85 60 26 5 25 56 88 5 71 73 76 39 95 21 35 28 54 43 18 88 49 38 27 79 36 24 8 29 93 42 19 13 84 69 52 84 59 82 93 67 89 79 66 97 25 67 10 45 54 63 99 9 10 4 58 76 71 32 69 60 58 69 40 27 86 31 51 45 14 74 29 26 40 99 8 76 13 65 45 82 76 54 4 15 97 70 10 95 12 84 85 89 51 73 3 41 57 40 78 100 13 33 87 95 
63 60 92 55 95 6 83 86 70 23 31 9 80 34 8 50 57 24 12 23 12 51 15 81 17 18 91 45 73 20 26 1 100 36 85 18 41 31 5 45 95 85 10 12 96 35 35 10 6 15 34 89 80 22 55 68 36 49 92 49 10 77 21 52 15 5 40 71 76 19 84 84 37 78 78 73 14 49 2 13 88 2 92 78 78 63 57 74 34 18 41 66 51 37 7 47 77 30 90 64 78 20 98 10 70 82 13 59 17 46 67 41 76 80 61 16 89 60 51 94 41 94 44 87 93 34 12 1 
67 17 74 27 24 30 99 41 42 92 72 55 1 50 81 90 17 64 42 94 25 39 47 43 97 85 23 64 14 33 36 43 72 63 90 88 10 55 55 7 70 83 89 63 85 45 5 30 32 22 31 28 32 98 29 35 91 81 25 66 18 71 26 57 56 81 28 12 1 80 57 58 18 13 53 4 6 50 30 48 71 17 6 80 14 23 60 38 39 41 65 10 88 3 85 2 17 53 35 27 75 43 68 10 85 30 23 24 77 19 92 97 66 50 86 49 37 52 8 73 93 45 11 52 4 21 46 67 
87 43 24 9 98 11 80 6 30 30 13 20 90 99 57 36 17 17 93 19 31 41 74 80 38 84 56 70 10 62 91 78 88 81 70 40 47 16 70 60 86 75 100 53 20 61 16 5 62 80 25 90 83 44 48 95 45 79 52 24 25 56 78 77 59 82 36 58 73 53 91 28 51 67 68 99 26 92 99 96 52 28 86 86 71 77 3 92 88 82 59 99 65 8 75 42 95 14 79 31 67 78 4 96 37 62 84 47 73 86 89 14 4 40 54 56 69 34 92 48 54 74 52 99 65 27 98 55 
46 97 47 44 57 73 91 22 5 13 58 73 62 18 28 26 53 84 68 21 97 79 40 64 82 58 51 37 19 45 86 25 15 54 97 68 90 13 69 45 27 99 70 34 22 42 45 6 73 82 67 98 55 15 21 38 91 75 59 10 42 83 91 94 87 53 74 99 16 12 2 69 13 53 60 24 77 74 11 68 38 44 87 85 12 62 17 30 4 59 36 60 65 39 96 85 63 9 42 3 45 50 42 73 72 6 26 65 5 46 31 59 30 68 73 9 19 92 89 74 69 93 63 33 1 12 91 37 
34 71 86 62 48 31 16 21 80 57 18 11 73 28 89 46 59 4 94 31 57 66 88 88 17 34 10 88 29 12 62 43 65 45 28 42 86 73 47 18 87 95 12 53 10 78 1 85 61 9 47 78 12 2 66 83 47 88 33 35 37 75 59 98 62 83 78 81 29 33 40 41 22 11 16 25 44 66 30 48 2 69 6 52 98 94 3 84 60 74 80 7 12 43 45 37 29 11 86 85 90 84 63 18 31 44 8 21 77 47 29 59 48 36 6 80 26 38 98 84 48 67 59 20 77 4 71 3 
12 39 38 76 14 70 77 41 91 14 43 23 32 15 29 4 56 35 20 73 33 67 56 10 84 25 76 43 29 70 1 86 4 45 71 63 4 16 74 17 83 61 78 98 75 95 76 33 32 51 50 35 79 36 88 96 34 75 27 93 82 39 5 39 95 49 96 26 82 40 69 20 96 71 66 85 20 6 66 31 79 11 62 28 79 46 9 23 19 28 29 84 13 47 43 4 25 79 69 59 39 63 7 67 96 66 51 30 100 37 25 60 1 65 13 91 20 63 62 85 14 28 81 58 11 35 53 53 
73 8 46 6 97 13 12 68 60 40 19 77 61 79 78 70 72 67 13 26 91 29 78 19 71 65 48 74 7 86 88 60 88 44 87 24 17 8 93 44 23 95 13 45 61 55 48 13 64 92 76 46 66 21 23 44 96 79 37 33 80 18 22 60 51 36 95 97 5 59 86 54 37 14 12 58 15 69 64 48 49 70 56 80 53 87 31 14 23 74 17 52 95 6 92 78 16 19 39 64 56 85 1 26 11 48 8 80 84 7 24 39 6 47 42 54 23 54 59 35 18 17 57 26 66 26 7 70 
13 23 96 17 94 71 92 30 74 32 93 49 98 6 39 17 50 6 82 80 45 19 26 54 76 18 26 89 88 44 27 57 81 28 24 78 27 40 24 44 79 45 37 57 27 97 27 98 40 2 79 69 2 94 97 19 17 31 92 74 65 98 94 82 97 35 22 69 14 24 80 2 3 3 79 45 36 59 70 42 76 16 7 70 20 40 11 60 15 29 15 24 17 99 34 17 65 30 84 74 15 36 54 50 79 99 32 32 43 87 88 51 100 42 64 81 38 39 92 97 68 75 78 94 73 99 72 79 
58 58 88 60 93 34 68 100 79 2 3 84 3 7 71 63 93 60 19 59 78 4 24 85 77 71 94 69 7 98 95 66 36 95 6 48 2 53 93 84 64 35 2 64 33 54 100 57 49 5 48 63 50 22 57 42 65 54 1 30 45 4 10 62 52 35 39 21 24 91 38 77 48 32 79 80 43 87 88 100 11 89 49 47 85 32 55 36 32 97 38 82 28 37 65 44 13 6 58 91 31 92 14 91 95 67 52 55 48 85 50 51 46 56 100 64 38 24 59 31 92 49 15 13 16 75 70 48 
72 67 69 48 34 98 6 34 55 59 84 11 22 82 58 96 5 58 56 64 54 22 94 22 83 11 95 58 88 74 17 94 15 25 73 9 38 44 24 27 56 45 100 31 1 41 14 1 72 66 51 56 9 79 14 3 15 100 13 33 16 27 19 94 9 21 29 3 99 2 46 53 5 16 60 38 1 62 38 16 1 14 46 96 11 90 30 95 8 8 85 56 63 3 29 16 47 57 19 2 89 1 49 5 4 74 62 42 45 65 7 78 76 69 55 100 28 26 85 58 96 34 20 99 51 75 39 71 
51 51 11 82 77 75 17 15 62 11 90 79 53 34 84 23 11 45 73 78 70 18 11 68 45 76 24 5 80 54 51 50 65 66 89 93 6 28 39 46 75 47 70 68 85 29 69 82 17 83 4 19 100 100 33 48 5 49 49 1 35 4 60 66 10 18 72 76 39 77 70 70 25 94 44 98 73 21 66 3 90 40 12 23 2 1 12 89 40 69 83 79 5 63 92 14 19 96 8 82 52 8 51 87 95 40 97 89 29 97 50 89 36 34 15 11 57 27 18 75 59 21 59 15 90 81 21 56 
50 72 75 30 68 48 51 5 13 18 57 79 59 61 9 41 26 98 85 66 72 68 77 26 96 69 26 3 58 99 67 59 11 52 80 58 64 35 1 46 39 84 100 97 82 20 98 26 93 70 4 11 76 86 19 79 98 10 4 30 35 43 38 72 70 81 11 40 25 57 51 24 85 94 8 38 91 69 18 85 40 81 90 4 34 22 53 1 92 12 19 91 21 23 81 58 37 42 70 82 89 30 100 97 99 87 41 38 76 10 42 93 28 29 97 1 3 18 25 44 12 95 26 87 27 11 80 14 
35 35 89 80 83 40 55 78 21 72 83 81 66 23 27 81 99 79 37 47 25 93 46 83 62 4 50 33 77 1 91 87 17 76 29 34 31 40 35 95 6 35 74 88 43 59 60 25 56 83 40 1 66 68 30 53 2 20 93 78 39 71 50 63 15 71 92 8 90 28 76 44 99 47 72 79 7 63 93 81 61 63 75 69 32 12 72 24 22 7 6 69 11 96 51 85 46 13 45 2 13 51 30 88 73 46 8 79 55 16 29 100 99 78 51 88 74 27 53 89 90 38 35 77 79 38 96 59 
7 92 97 74 92 28 27 4 73 70 25 16 26 14 20 35 79 30 24 63 76 68 68 18 58 26 9 26 61 59 96 36 42 12 48 63 22 28 38 2 5 84 46 10 68 69 80 67 51 45 90 90 22 21 17 94 13 43 50 87 17 34 19 8 85 94 99 96 21 82 53 72 68 4 62 72 20 11 49 4 9 81 60 85 63 83 91 33 45 33 56 5 56 76 80 33 24 78 6 46 4 23 62 23 31 87 8 38 1 34 83 79 46 37 10 77 99 34 58 48 52 85 100 60 9 5 75 57 
8 18 81 93 68 10 72 50 78 58 73 4 92 26 39 96 77 11 37 95 22 88 13 74 43 60 22 54 10 69 84 21 6 27 73 19 79 46 47 99 27 51 72 78 17 35 80 73 59 47 70 85 75 39 62 100 62 33 19 98 61 82 94 87 47 55 93 44 2 12 55 2 89 71 82 3 77 38 11 76 38 1 12 6 9 32 60 13 43 87 29 63 80 68 4 36 50 74 6 78 75 29 12 21 44 70 92 77 85 40 100 90 46 27 49 32 33 32 31 28 34 7 40 57 71 68 6 100 
20 57 45 88 58 9 7 92 99 76 7 85 40 87 17 38 68 83 43 69 92 85 72 73 29 84 52 58 38 10 37 7 21 6 71 96 2 25 51 77 85 93 18 81 88 27 27 45 39 53 99 14 66 54 5 35 15 79 33 16 39 37 85 18 25 40 23 86 75 17 84 96 53 75 68 49 98 94 46 43 66 5 32 24 92 66 39 93 55 80 54 45 55 59 85 29 22 11 37 46 50 28 97 35 25 8 3 90 32 1 21 86 34 45 100 9 42 53 9 45 97 89 39 77 58 24 98 34 
29 93 56 51 97 61 47 83 27 49 15 12 10 87 90 48 19 84 24 97 2 99 11 58 32 95 72 82 74 26 23 64 50 47 29 48 27 10 69 80 3 73 49 71 48 96 78 47 95 32 7 31 21 71 41 89 2 65 23 35 63 4 32 79 69 82 16 62 84 96 99 70 79 37 70 55 90 82 81 72 78 23 74 40 66 24 80 3 6 97 89 31 34 41 11 25 12 98 1 66 21 44 8 83 50 99 48 55 24 45 40 69 68 69 14 49 20 3 100 73 52 25 92 6 63 10 46 13 
67 85 93 64 33 68 79 17 4 82 83 25 54 87 75 35 32 63 35 77 44 43 61 48 50 72 2 54 58 2 80 67 67 17 44 88 92 57 28 88 23 71 93 18 53 97 37 61 74 86 78 87 16 45 82 69 69 59 31 73 54 88 4 25 10 70 21 37 59 26 26 58 65 30 37 19 30 73 7 23 42 25 44 83 95 41 83 8 7 47 48 16 47 72 68 44 64 37 64 11 74 42 39 10 10 10 41 19 35 64 43 21 47 26 95 35 92 60 2 97 89 24 34 1 92 46 62 31 
56 10 67 40 39 86 9 98 72 56 10 42 97 80 29 85 19 98 54 48 94 51 47 26 98 3 4 58 88 91 75 72 76 40 53 87 81 8 33 89 1 96 92 51 78 79 91 31 14 8 62 38 53 19 81 57 68 18 94 94 57 39 71 64 11 49 13 39 94 63 68 49 7 53 33 24 60 46 93 71 60 25 38 47 44 89 11 98 9 24 55 14 85 53 95 68 84 59 71 20 81 72 45 45 40 80 90 89 27 65 68 18 87 77 66 90 90 30 13 98 27 97 58 32 37 56 36 6 
27 74 6 73 86 24 86 53 74 38 54 2 43 83 57 90 40 36 2 77 32 71 2 25 88 90 79 62 73 78 24 6 48 23 64 23 43 65 59 27 45 62 31 18 50 85 42 32 69 88 84 49 50 94 36 86 86 30 97 85 87 71 51 71 57 34 12 96 57 82 16 52 37 68 35 58 7 77 81 40 7 83 29 74 97 87 61 72 73 19 72 90 79 60 39 13 59 86 68 41 4 7 90 72 62 35 22 42 65 60 38 63 82 58 47 100 86 55 55 87 54 84 29 36 95 25 56 41 
14 86 30 12 89 4 78 77 21 7 75 38 92 41 93 34 6 11 13 22 2 55 20 80 95 50 16 49 73 63 2 70 53 14 42 61 83 10 67 6 22 35 73 90 42 88 47 2 88 79 76 80 47 2 7 8 32 49 13 67 93 62 46 2 94 27 45 88 93 30 69 93 26 55 1 34 70 83 31 1 77 16 13 49 16 90 62 91 4 45 94 100 78 52 90 14 96 5 73 91 70 93 87 55 20 58 29 6 26 100 73 35 24 41 77 98 9 30 23 34 99 67 16 7 16 88 82 64 
36 98 22 21 8 38 47 79 55 71 31 36 1 41 58 78 56 75 92 46 43 92 33 9 33 63 97 26 37 8 68 81 96 90 5 90 52 22 48 96 41 45 44 46 24 2 31 96 64 27 52 55 40 81 24 12 6 41 52 42 75 29 8 92 97 41 63 25 27 16 93 54 37 2 43 36 5 91 51 23 17 36 39 69 22 75 25 23 84 43 15 45 81 33 32 29 24 25 9 68 72 67 44 96 92 57 76 84 80 80 95 22 15 55 30 79 85 32 38 23 40 84 25 80 44 4 75 85 
38 77 65 33 60 65 3 42 40 53 62 8 78 74 61 78 41 74 52 37 95 92 18 55 90 74 71 97 83 2 47 16 73 92 32 34 55 57 75 11 54 56 88 87 25 22 37 97 49 74 8 62 15 87 58 46 66 8 48 20 58 41 67 23 58 32 77 7 18 6 67 48 53 41 9 6 56 65 54 39 11 98 76 7 24 63 10 84 4 8 60 61 89 52 16 9 3 27 79 14 54 25 58 99 34 28 33 77 40 86 8 9 36 3 31 22 95 79 95 93 5 38 80 20 91 19 69 79 
34 4 62 12 46 54 66 1 25 52 22 73 12 25 41 25 91 77 27 21 91 58 96 92 82 57 95 19 33 72 80 47 47 48 3 24 30 80 50 14 61 100 14 89 94 94 49 2 27 65 46 48 82 92 53 40 11 83 57 46 81 41 34 8 15 31 3 20 44 87 48 92 21 55 67 42 58 71 83 97 73 74 57 66 48 67 16 96 53 12 76 83 97 61 9 76 87 42 82 15 58 66 46 79 20 25 5 93 48 47 67 17 19 43 27 51 81 91 52 11 29 31 12 43 19 47 47 94 
73 53 13 82 79 36 66 17 93 33 12 58 12 49 93 30 75 85 8 50 90 29 58 43 4 44 89 54 96 6 88 16 23 64 47 90 19 66 66 63 25 55 74 48 62 18 33 20 25 29 52 29 45 70 3 79 100 21 92 11 36 43 49 32 28 54 32 28 5 10 23 2 9 54 87 63 13 24 35 43 54 51 71 73 54 61 88 30 1 71 31 50 89 81 76 88 28 73 47 80 43 74 6 36 74 75 97 79 22 38 70 92 23 36 19 83 44 56 70 70 99 29 8 59 43 67 87 76 
93 23 5 93 14 44 5 20 36 10 90 81 42 22 10 8 31 53 37 62 96 74 88 77 28 88 65 66 92 66 98 23 12 31 65 100 62 73 49 91 42 13 34 56 64 9 70 82 46 97 82 20 73 26 72 2 69 52 35 55 59 85 43 76 94 95 38 42 50 63 24 78 61 44 83 43 40 81 31 77 99 20 72 2 18 78 64 67 91 89 81 81 78 66 2 7 45 80 91 23 71 58 21 91 8 55 4 90 79 35 52 25 57 42 14 4 16 26 50 89 82 22 75 100 61 75 67 57 
44 59 86 66 7 43 77 12 16 19 56 18 65 34 97 12 18 3 5 1 24 70 83 54 27 66 65 6 8 21 85 16 51 80 51 52 25 83 70 56 63 67 99 62 91 39 76 86 35 59 48 21 4 65 72 87 1 75 99 66 23 46 24 87 37 77 92 34 26 36 96 73 66 13 69 99 88 23 6 29 9 36 91 31 75 19 93 29 96 20 78 85 8 36 61 27 35 65 65 58 1 84 92 66 47 61 68 57 39 17 29 12 43 67 34 67 18 85 96 20 7 82 27 92 13 99 90 54 
95 27 44 1 61 50 54 4 64 91 24 56 54 90 67 75 58 18 53 63 4 33 55 3 77 20 80 52 63 13 38 1 93 68 11 46 26 15 47 13 32 71 68 49 4 84 80 48 97 7 66 64 96 86 49 65 20 79 49 73 30 27 57 68 86 66 59 6 83 86 16 63 74 77 30 24 43 16 100 5 1 60 95 82 16 84 47 26 97 62 51 31 74 3 76 25 71 23 79 96 89 39 34 31 38 22 22 16 63 34 81 13 65 87 53 46 77 12 44 9 33 63 85 6 25 36 17 70 
37 98 59 87 31 69 60 61 58 82 35 5 40 49 100 62 17 18 48 65 77 43 96 34 71 36 78 43 22 55 59 20 75 64 64 2 65 29 1 42 46 77 100 73 64 52 58 55 19 66 89 22 88 99 96 2 29 20 47 45 28 20 67 56 46 14 6 52 82 8 58 33 26 73 82 43 53 30 32 37 48 49 29 100 62 86 1 12 49 47 62 32 95 89 75 23 95 85 95 4 82 74 78 88 84 37 69 47 47 92 20 20 92 67 64 80 29 64 55 10 20 75 16 45 62 80 99 62 
17 87 49 28 83 21 56 7 30 84 51 78 62 99 31 91 61 32 88 66 20 64 48 15 44 34 24 48 36 78 56 27 34 16 47 50 78 43 65 56 62 83 100 65 6 34 1 17 24 98 26 68 53 99 14 60 59 8 34 86 62 20 48 9 86 21 18 27 56 50 96 58 57 44 94 92 51 7 91 12 56 61 62 14 92 92 53 63 56 15 40 73 18 17 54 12 55 36 23 91 27 66 6 7 69 64 80 4 36 92 44 38 5 55 81 16 78 40 62 92 97 47 94 22 92 16 46 91 
5 93 7 38 79 1 75 37 95 66 72 7 29 57 40 45 18 94 40 64 100 2 62 30 17 51 70 41 68 80 53 8 91 42 19 62 88 36 15 38 96 78 26 70 28 89 33 17 64 6 59 54 40 64 94 86 76 66 15 58 75 13 80 47 80 9 70 88 21 80 81 10 61 83 17 9 65 92 51 78 13 47 20 58 7 24 41 90 88 72 95 85 66 57 8 74 20 15 53 78 66 77 46 32 19 42 33 6 93 79 7 53 30 66 2 57 45 14 68 33 38 95 59 96 80 97 11 51 
23 40 55 14 64 24 77 93 91 95 50 6 83 86 52 15 20 85 36 31 34 75 25 12 57 7 69 82 53 93 41 34 83 5 57 22 10 98 42 89 99 93 94 60 15 45 21 59 53 84 56 83 57 71 5 55 12 59 11 31 55 20 68 52 62 70 18 1 38 98 48 17 5 14 80 19 88 14 32 56 42 65 89 47 25 35 71 39 23 94 6 27 99 13 91 30 100 72 9 52 34 19 87 61 93 21 62 17 71 45 92 33 15 56 89 88 2 13 3 66 53 92 77 5 44 61 94 40 
60 11 73 97 73 51 71 70 6 10 56 49 95 95 26 77 98 79 13 84 97 83 36 95 92 98 83 66 90 68 91 9 6 46 30 32 52 36 86 28 84 75 22 41 77 23 52 26 60 58 94 24 21 65 35 35 39 71 62 55 53 59 21 27 92 2 13 59 12 82 57 70 26 46 66 12 11 56 67 5 2 19 7 28 12 28 90 19 25 8 61 15 30 17 3 89 11 66 85 89 78 69 11 7 65 31 39 31 100 28 49 73 12 53 60 11 10 37 20 71 4 38 56 70 89 58 54 91 
56 90 11 73 85 1 46 52 8 77 75 75 66 36 27 88 32 59 15 51 80 48 31 39 5 74 3 60 33 27 16 41 76 97 39 42 6 22 95 75 89 1 21 96 55 88 21 80 6 48 37 74 3 2 70 27 58 21 25 98 28 27 82 100 91 90 10 38 71 63 99 88 36 26 100 46 99 96 7 85 70 63 32 75 22 14 35 34 40 70 95 78 59 14 24 7 29 4 100 53 55 14 43 65 64 5 69 69 21 86 18 68 80 100 40 33 71 13 81 31 89 2 63 74 38 3 14 7 
23 51 20 15 82 91 31 45 35 91 9 61 19 48 59 3 58 84 65 74 28 74 96 28 1 46 41 28 52 10 15 25 67 73 24 6 80 15 21 83 72 3 68 49 54 86 36 61 98 31 75 41 48 22 26 87 62 11 47 53 71 99 36 24 45 16 18 7 85 16 7 75 25 56 40 97 14 37 29 11 4 5 65 60 27 74 14 95 1 80 19 48 55 74 10 32 9 68 97 5 25 30 3 59 70 44 78 84 74 68 6 56 6 22 64 85 56 39 28 38 88 26 28 71 48 93 100 41 
31 86 44 66 4 30 89 19 99 4 20 91 38 7 48 25 13 13 84 50 31 68 58 12 98 25 30 55 4 59 60 97 95 94 49 54 38 97 65 76 34 96 85 81 3 17 10 77 90 54 74 77 81 56 55 13 59 24 55 6 15 70 94 86 96 58 32 11 36 75 30 43 56 91 99 68 55 65 12 23 77 59 26 48 15 3 85 91 36 56 24 93 88 18 99 66 39 83 97 63 6 19 71 64 17 91 40 30 26 79 94 22 34 6 79 36 72 3 47 78 16 95 43 34 63 12 17 56 
32 16 42 3 77 71 3 37 47 51 40 45 76 64 98 20 33 65 13 25 23 23 6 9 60 55 48 83 63 81 95 90 3 52 99 77 21 39 30 60 28 29 63 40 87 52 59 33 85 4 44 9 27 52 55 33 10 43 68 99 13 3 93 17 60 13 84 18 39 9 10 85 94 2 31 54 88 94 60 83 70 79 65 22 88 31 34 26 38 31 48 14 57 13 51 27 35 70 9 74 39 47 87 76 34 49 45 57 63 29 47 59 24 69 93 99 66 97 52 25 28 52 3 69 67 9 87 1 
33 61 16 85 32 27 87 84 60 44 58 11 6 2 9 32 40 93 55 28 89 42 77 39 53 47 15 80 58 19 27 30 37 73 22 3 30 65 12 98 64 55 73 65 68 11 37 44 12 21 21 57 30 18 54 23 50 26 39 5 59 86 20 41 55 63 64 80 92 37 33 9 49 3 3 64 71 48 14 71 5 12 29 21 16 53 98 8 57 25 32 40 75 83 11 36 21 39 65 65 11 4 72 98 28 55 28 62 12 74 54 95 10 37 83 20 75 93 18 61 40 71 8 28 46 23 51 73 
57 53 50 40 90 98 100 69 89 55 75 84 31 60 38 89 9 4 94 13 8 36 75 84 19 64 8 66 58 50 71 21 16 34 18 79 98 85 80 74 91 14 36 91 51 77 73 11 73 64 76 21 30 82 58 30 81 58 28 4 5 85 32 17 55 79 2 12 92 62 10 17 58 13 93 75 65 77 65 64 37 4 64 88 93 99 76 57 40 27 7 54 69 58 57 63 59 86 80 67 20 78 36 44 50 31 11 66 58 58 6 17 22 10 42 84 79 87 4 69 78 24 53 68 52 33 48 59 
8 12 20 74 15 98 63 44 41 100 90 6 70 30 95 69 48 85 86 84 40 58 66 23 1 50 67 83 69 21 17 94 15 82 85 87 47 5 62 92 61 67 42 64 87 19 75 54 65 37 1 12 38 70 6 98 97 81 82 4 1 62 12 88 15 56 36 44 51 78 8 83 15 8 83 9 14 75 7 70 10 57 1 14 20 20 49 52 97 1 96 10 67 89 55 41 57 17 38 23 5 69 68 3 73 63 93 83 95 76 41 93 39 41 100 66 60 61 79 70 77 46 12 65 68 12 47 2 
67 67 71 97 11 15 16 31 4 89 15 14 87 10 8 28 69 84 26 3 60 65 62 31 40 45 96 18 3 2 81 66 39 34 95 24 60 8 74 75 80 17 73 32 37 17 92 89 16 100 88 18 45 27 21 23 31 61 95 80 92 48 73 41 17 84 1 23 98 100 82 25 97 60 39 94 40 56 13 99 99 39 69 77 94 43 11 39 94 21 31 7 14 63 76 54 24 28 63 21 99 40 2 30 62 83 27 80 35 47 93 20 76 4 18 13 90 54 52 46 81 63 61 75 82 6 54 63 
60 52 63 3 5 34 89 30 98 37 48 77 76 43 84 20 12 27 21 70 78 75 31 28 69 2 2 100 32 57 98 24 42 93 24 100 24 76 66 88 82 49 80 48 16 81 72 72 41 83 53 99 34 92 30 14 99 76 6 90 55 37 22 69 46 24 64 51 78 71 53 45 45 65 37 62 23 5 53 33 37 82 63 55 35 50 27 7 30 99 14 25 96 45 3 21 55 39 59 61 43 2 90 88 13 39 93 70 15 75 88 24 1 13 13 36 83 24 53 82 81 94 43 43 5 8 93 37 
90 83 97 2 54 94 36 66 94 60 16 9 70 77 79 68 84 93 39 28 23 1 25 3 75 13 91 74 55 61 78 15 65 98 6 76 64 78 54 76 62 87 52 56 68 87 62 85 3 62 77 39 54 21 85 78 80 61 20 28 15 5 64 79 90 68 36 7 31 25 72 71 6 19 13 99 19 9 19 45 96 3 10 53 68 68 3 94 31 95 57 34 42 14 45 96 63 3 38 5 5 41 23 61 26 33 61 86 79 51 35 20 62 9 55 74 74 59 72 98 66 3 11 20 58 1 45 12 
2 92 1 70 87 73 97 74 68 31 75 36 1 24 85 36 28 77 68 1 58 51 88 74 82 59 26 51 48 90 41 33 78 39 39 38 35 13 29 35 42 100 49 81 71 64 77 42 98 45 14 12 1 1 81 42 89 86 79 16 17 69 60 37 4 69 36 90 39 35 34 95 93 2 42 31 84 91 65 62 44 25 89 18 84 71 95 73 34 100 26 77 33 10 15 94 73 33 88 29 72 54 84 86 100 1 85 19 69 50 57 53 94 28 15 28 62 45 43 41 26 58 68 55 54 12 88 84 
64 18 17 49 52 81 41 35 4 19 19 43 53 10 60 44 60 79 92 12 28 46 79 100 77 68 55 37 10 73 83 61 38 5 91 95 89 91 44 81 38 69 89 70 26 51 59 65 9 52 81 62 75 85 37 8 83 97 20 81 73 87 13 29 18 72 74 92 43 57 29 62 82 13 11 46 44 50 66 2 77 77 38 48 47 15 88 74 88 80 93 19 24 19 86 58 86 38 7 16 75 52 49 25 3 20 52 47 46 96 20 19 90 18 87 39 43 13 49 9 79 42 41 87 74 65 55 97 
70 9 34 23 51 6 29 65 37 65 58 11 82 46 71 87 14 69 16 94 92 10 23 89 38 100 19 56 60 35 81 75 77 28 8 52 17 19 98 84 25 15 93 28 38 8 44 99 2 22 87 100 90 74 48 52 2 65 66 54 62 6 20 2 52 25 74 7 2 22 72 46 91 1 4 27 94 72 89 95 44 42 26 42 43 100 38 14 87 59 26 36 57 10 66 26 97 4 17 51 79 45 84 80 87 50 34 36 12 4 97 49 97 23 63 61 58 67 5 14 93 34 21 52 23 59 19 9 
14 59 93 63 25 40 83 47 85 82 62 96 77 30 73 76 61 16 71 86 97 62 7 99 50 40 1 33 50 13 88 45 92 51 31 78 98 53 44 45 49 23 64 20 62 80 50 52 32 9 47 93 36 32 1 16 10 16 7 50 67 65 25 32 63 85 86 4 21 75 80 31 5 85 21 43 8 44 97 32 7 87 65 37 94 78 55 53 87 85 31 57 84 87 43 11 16 71 27 65 50 83 38 59 19 23 52 87 15 16 71 66 78 31 57 70 44 46 24 31 96 15 89 40 87 15 12 55 
20 74 7 44 34 4 23 69 23 96 3 18 79 25 75 44 6 95 49 33 71 62 83 62 34 95 88 36 95 62 57 70 48 92 67 47 67 51 22 88 33 31 96 1 65 33 63 18 92 72 6 4 23 45 82 36 45 28 24 73 65 13 98 43 67 15 93 92 18 40 10 84 62 26 59 88 58 97 6 69 87 24 73 93 92 45 27 57 47 4 15 44 25 40 14 48 22 46 18 19 94 43 87 31 84 38 30 88 75 60 100 50 37 75 77 48 97 57 2 61 58 36 33 8 11 19 16 5 
59 60 91 92 21 43 67 51 61 32 52 4 39 64 100 50 16 77 21 95 75 76 66 67 1 13 79 99 42 3 73 73 93 89 51 76 20 40 60 74 36 57 62 74 34 26 16 2 93 28 89 57 26 45 58 60 10 81 81 52 100 64 30 89 18 86 84 44 6 94 6 87 48 80 67 12 97 8 90 18 91 13 88 56 8 98 50 29 2 21 50 17 93 32 46 39 49 100 58 17 41 28 76 86 25 90 20 31 73 37 52 1 28 91 47 9 71 15 28 83 23 5 60 91 82 9 88 51 
89 36 88 54 27 59 51 81 75 70 57 22 13 56 39 62 84 73 98 15 91 66 57 25 64 46 15 62 36 22 94 82 11 71 45 94 94 67 86 69 66 77 15 12 46 27 82 56 4 58 88 84 22 84 92 35 97 77 51 36 55 4 98 71 56 12 65 2 9 17 38 79 4 70 62 38 33 95 64 29 71 49 16 69 79 38 11 78 44 96 60 23 85 41 71 74 17 26 52 74 8 82 18 51 95 47 14 23 34 33 47 21 95 47 84 32 76 78 13 98 17 40 77 10 16 8 89 73 
99 8 71 84 92 85 84 41 72 78 72 58 14 72 62 58 79 55 13 69 74 100 61 48 1 9 83 45 64 27 89 26 24 75 47 2 61 22 45 30 12 48 57 12 50 31 11 1 75 17 74 14 16 65 33 91 29 39 47 72 65 59 52 17 68 15 23 12 47 70 9 89 33 95 7 4 27 8 36 1 96 23 54 99 52 17 44 27 72 34 15 42 46 22 4 8 97 14 4 6 41 80 20 62 11 55 25 30 16 47 65 36 36 52 12 22 71 95 87 93 30 14 49 37 78 28 80 92 
12 95 16 94 89 6 59 11 51 26 20 53 37 49 68 96 94 96 53 73 27 16 93 28 6 48 78 42 18 7 27 62 82 66 9 32 20 43 84 58 78 43 22 11 80 56 52 1 14 90 60 22 90 25 60 13 100 40 7 77 43 88 75 59 75 80 39 66 66 69 75 23 78 40 75 47 24 80 67 85 70 41 5 79 5 87 95 49 15 61 98 38 74 44 43 88 37 11 9 2 22 28 100 79 29 5 60 3 99 77 86 43 91 22 34 90 3 56 79 51 58 62 79 3 10 51 9 48 
48 74 72 20 41 47 79 27 84 60 3 54 40 23 87 20 69 98 23 47 65 79 76 82 27 49 74 99 60 84 86 17 92 92 85 16 56 33 30 86 23 43 14 65 62 17 2 84 37 69 44 24 1 79 62 79 6 61 100 63 34 97 20 4 74 26 53 47 13 47 51 32 45 21 33 26 32 94 75 84 36 72 65 13 18 58 42 50 90 87 39 77 36 92 67 88 21 90 60 36 47 17 94 89 65 63 38 72 54 45 24 10 67 42 42 82 64 77 71 67 28 69 55 10 69 47 30 36 
93 65 52 23 5 42 65 88 23 29 14 16 25 100 99 64 77 5 90 32 84 99 74 22 57 96 68 50 43 61 96 37 60 16 54 78 35 32 58 14 89 26 53 53 15 73 60 9 71 89 73 21 98 97 7 78 70 44 63 63 70 11 36 92 87 79 56 50 42 84 40 23 42 44 22 60 6 62 14 39 34 26 35 2 41 62 3 88 96 8 76 75 34 87 89 81 85 82 50 36 20 70 58 97 11 78 75 26 77 64 46 6 76 54 42 81 30 13 46 81 94 94 44 36 98 98 81 86 
71 98 29 37 24 49 17 83 28 24 80 54 70 39 28 49 22 93 85 58 82 72 41 41 100 12 69 14 36 17 85 90 78 60 46 3 88 61 64 58 67 9 57 55 43 43 100 12 85 75 26 48 29 31 77 51 15 8 56 34 14 63 53 83 47 13 87 100 53 97 74 73 1 46 4 46 5 90 3 99 72 13 58 59 10 66 5 15 53 32 83 20 44 71 94 85 67 44 17 31 79 25 1 60 33 16 17 23 36 75 55 63 42 58 85 35 9 22 53 92 66 79 85 38 61 80 96 93 
33 96 84 59 58 36 88 33 25 6 88 42 79 82 92 43 58 91 1 12 60 99 66 26 8 38 9 99 72 100 33 51 22 25 31 86 10 50 70 25 41 50 77 87 89 71 81 99 46 11 36 28 44 22 70 6 28 40 78 21 38 51 84 34 81 43 90 85 19 1 26 72 46 37 45 22 67 37 100 89 96 6 53 75 22 30 48 40 7 23 97 83 64 13 28 8 9 20 6 20 36 31 66 40 50 82 75 77 81 98 6 23 98 33 92 55 90 69 23 6 10 38 73 46 94 82 45 65 
38 100 2 54 37 81 45 86 62 71 43 52 81 58 8 85 15 21 76 66 81 53 83 43 99 64 59 93 76 48 21 20 23 13 64 64 78 91 36 2 53 78 35 14 97 61 52 60 76 85 12 98 52 87 42 6 44 94 48 89 91 80 31 65 97 49 39 45 87 50 11 70 2 16 76 79 19 70 86 57 40 76 84 92 42 78 14 74 96 59 94 92 63 31 91 16 58 51 51 9 96 51 43 68 40 12 7 75 33 100 19 33 52 53 79 18 46 65 29 46 10 80 21 97 23 74 51 86 
47 3 55 6 5 70 75 47 53 89 100 81 94 97 55 83 67 31 4 34 74 67 17 15 2 10 80 26 22 46 28 14 50 79 98 15 73 76 33 45 83 92 47 6 61 22 70 11 13 67 10 75 39 58 31 86 93 75 41 69 18 28 72 34 100 55 12 32 97 59 86 21 77 68 13 18 32 66 12 46 79 58 33 44 16 76 32 91 58 70 55 79 81 72 3 18 100 83 16 75 42 17 32 99 37 92 43 10 8 100 16 35 41 84 99 27 88 18 86 93 11 98 83 47 68 41 98 51 
40 41 43 83 61 78 86 76 40 67 77 14 81 7 13 95 78 48 90 29 93 23 38 83 75 48 46 87 51 29 48 17 95 100 88 9 53 13 88 65 49 90 47 6 3 36 64 23 27 69 64 34 45 89 77 3 48 24 49 49 12 86 50 33 88 56 82 85 62 65 17 4 93 59 13 84 93 2 67 10 91 81 63 89 24 78 23 3 20 5 1 55 7 87 27 86 17 100 90 66 33 100 16 44 50 61 55 35 85 77 73 95 87 5 17 49 100 55 96 72 26 85 31 18 2 25 28 20 
38 95 44 90 96 29 25 50 36 10 28 39 61 39 72 34 71 68 51 83 80 90 28 4 13 3 20 38 100 54 32 47 43 77 9 14 79 99 76 40 9 70 71 90 66 32 62 6 28 86 21 35 29 95 72 52 9 16 60 34 37 9 30 49 4 4 2 48 22 7 45 33 49 3 80 11 95 95 81 49 77 16 53 88 51 17 13 37 74 89 38 91 93 50 37 73 75 76 39 97 17 6 64 99 64 36 29 12 29 9 16 14 34 23 60 12 28 24 64 46 41 37 64 1 87 31 15 28 
36 33 46 22 49 65 99 13 53 77 79 57 65 75 81 22 8 21 90 80 38 99 88 28 29 29 58 5 3 70 48 68 65 93 35 97 68 1 62 49 67 89 40 26 15 16 74 46 7 60 93 92 51 42 74 43 17 52 1 31 74 63 9 76 18 60 89 52 98 10 37 20 41 42 96 40 44 13 9 78 99 11 74 21 1 46 61 78 34 50 85 83 27 98 2 29 20 37 57 28 87 82 56 25 49 90 85 10 38 99 73 83 37 4 15 78 47 83 1 73 46 17 15 24 61 3 9 60 
17 27 87 2 25 54 97 82 2 50 1 18 21 62 59 31 20 34 46 60 58 32 81 39 31 63 21 50 93 30 5 74 55 50 72 34 15 38 51 5 42 7 75 48 13 24 54 69 97 65 49 50 61 30 34 23 58 17 25 3 36 32 60 69 10 73 76 28 39 13 82 20 56 53 19 29 64 19 67 24 65 66 19 78 21 33 58 21 56 9 78 33 66 95 68 93 100 93 63 28 85 35 95 19 56 81 14 80 29 48 26 93 88 75 58 97 26 2 40 37 48 20 3 77 99 67 22 85 
3 19 100 51 8 32 5 40 65 51 73 49 98 81 83 28 3 35 15 88 67 80 28 66 5 30 83 44 24 93 27 11 76 67 63 72 13 57 71 12 14 21 28 69 89 51 83 6 28 28 78 24 40 69 49 9 53 1 47 26 77 74 71 16 89 22 35 54 75 43 84 48 57 26 88 10 73 96 20 93 50 2 69 8 2 63 61 16 27 6 63 3 8 40 91 22 39 82 89 38 44 1 90 53 5 93 75 82 21 85 2 22 63 83 47 51 51 94 20 20 91 63 71 22 44 77 19 16 
95 76 20 48 56 33 65 72 78 94 8 47 99 85 60 11 38 77 47 38 35 6 89 13 77 90 54 80 74 15 63 19 47 84 99 64 10 56 73 11 18 93 97 57 76 90 95 52 100 15 23 9 35 54 97 96 60 30 28 29 20 63 36 52 76 91 48 66 84 60 38 94 81 59 5 24 97 92 57 4 40 93 13 18 12 14 84 17 42 90 58 61 17 4 35 88 41 56 62 70 97 90 40 16 55 98 64 9 71 6 23 97 88 80 65 98 1 29 73 83 86 39 84 62 44 42 28 11 
70 7 32 12 61 67 10 27 28 63 22 80 96 47 41 98 61 32 28 81 87 84 6 83 62 36 93 17 44 43 67 37 34 69 5 98 59 59 7 62 52 8 58 85 34 75 40 77 40 54 49 33 43 5 84 48 20 84 81 70 28 76 33 44 17 91 75 43 92 76 9 29 85 45 43 73 27 4 24 40 60 89 34 61 11 57 85 77 72 58 34 57 87 26 15 6 94 84 53 87 78 35 90 33 60 20 87 1 95 44 22 62 8 92 78 15 88 2 81 29 59 56 76 65 66 90 56 31 
60 81 23 52 37 55 74 34 63 96 66 10 3 93 78 7 95 49 35 65 67 14 2 53 4 82 2 32 78 3 1 82 85 5 38 36 15 18 53 26 1 18 15 88 96 48 75 91 91 2 11 35 41 8 63 7 75 33 77 18 23 79 80 28 8 69 84 55 86 36 38 32 17 40 58 64 7 55 20 2 37 38 98 28 81 29 42 99 86 1 86 39 44 55 41 43 62 8 68 25 10 92 45 17 7 7 49 76 56 57 94 59 1 35 68 30 52 27 5 87 44 95 65 92 54 25 9 46 
65 80 52 31 32 25 75 76 70 4 79 87 23 45 52 28 15 66 44 32 82 23 43 55 9 55 33 56 56 75 33 29 39 31 98 6 27 15 26 95 66 97 69 62 16 75 46 46 29 87 44 63 58 18 41 42 1 100 13 88 100 38 98 100 25 44 67 76 28 61 75 30 78 72 21 67 84 51 33 14 96 49 35 37 62 39 29 85 90 7 17 21 43 59 30 6 11 91 21 37 58 18 90 62 72 62 11 64 4 27 51 87 24 43 8 26 28 44 36 46 5 91 45 52 20 81 38 31 
21 30 16 46 77 63 13 59 66 68 49 79 97 79 17 51 1 32 75 78 67 78 96 57 91 3 88 93 40 38 56 68 28 13 6 58 56 70 63 79 91 79 22 93 80 80 94 7 1 93 53 30 6 66 61 98 86 35 23 13 81 75 26 21 31 24 63 13 98 84 57 55 10 12 93 88 11 33 22 78 95 85 91 63 11 87 8 26 83 74 66 85 34 25 82 40 13 91 84 44 97 95 89 14 47 49 88 24 21 40 82 65 46 88 89 66 38 79 46 60 48 94 84 95 48 57 14 50 
14 88 68 4 58 93 56 24 79 72 93 84 53 74 99 57 17 55 60 92 45 97 1 12 68 59 97 62 70 97 67 54 98 83 33 100 28 44 18 58 83 26 79 11 79 29 86 95 38 28 8 52 100 44 71 34 96 85 67 70 77 59 13 90 38 21 46 84 72 65 19 58 94 33 36 33 40 68 28 34 12 50 9 14 47 91 68 57 53 4 49 60 91 10 52 9 10 88 10 22 21 27 95 96 21 34 72 100 28 2 12 21 74 36 12 86 86 46 72 15 100 73 28 4 62 46 49 98 
64 7 85 80 73 45 31 48 30 12 40 32 95 61 1 12 34 33 30 57 25 51 76 64 57 10 57 1 33 11 95 26 32 26 55 20 26 99 48 76 79 50 74 92 64 97 19 92 46 37 76 77 55 56 94 64 40 61 100 49 38 81 93 2 2 48 8 12 21 55 73 64 33 65 55 74 11 90 23 1 16 15 20 31 42 38 64 52 18 47 31 68 85 60 1 50 84 44 31 2 43 36 90 47 40 55 78 72 72 98 18 72 57 47 87 45 82 2 43 38 67 94 80 90 90 2 25 68 
56 41 7 20 9 5 82 11 9 67 67 18 44 94 83 87 57 62 37 53 83 46 69 64 79 15 70 94 65 5 56 69 40 79 59 40 96 68 50 31 15 32 18 45 22 17 68 15 68 84 74 25 92 56 78 16 55 75 98 66 69 3 28 25 80 56 78 53 46 86 8 100 24 77 17 99 72 3 13 64 56 34 79 2 70 40 91 93 62 70 10 60 61 5 36 10 73 8 80 61 12 18 73 19 85 77 48 2 100 22 42 38 57 31 6 24 53 37 66 45 89 89 35 41 69 83 47 100 
50 29 70 69 15 41 82 8 49 6 95 5 71 91 88 39 82 68 41 23 40 6 82 32 68 75 19 30 31 77 8 28 80 5 47 64 80 71 93 84 79 77 86 25 39 56 74 29 76 27 90 29 13 99 52 77 97 54 78 78 92 66 95 6 96 63 34 1 75 76 83 70 97 70 99 25 33 67 66 75 92 47 33 15 91 34 65 44 18 67 30 60 6 45 31 87 44 31 97 14 59 70 48 6 17 72 48 23 73 69 93 53 9 21 41 49 61 6 94 69 52 58 100 95 32 5 96 99 
94 52 29 53 17 25 70 75 67 34 100 3 72 33 99 40 51 49 53 52 36 66 57 4 2 53 34 58 80 6 63 4 85 1 56 49 74 65 82 73 35 27 30 14 98 97 15 62 64 79 76 51 92 37 19 64 37 32 52 80 71 26 39 15 85 100 38 42 31 39 40 79 61 46 88 3 14 100 8 20 43 58 50 32 4 29 65 8 100 57 44 95 72 86 90 24 16 64 88 80 4 60 52 20 30 94 43 10 97 68 22 84 68 8 92 65 5 75 15 41 59 73 26 86 96 73 42 84 
77 99 95 99 68 36 15 14 5 100 69 1 6 37 47 81 23 91 57 33 11 29 36 86 98 40 74 7 46 93 23 39 11 79 40 8 26 52 90 6 69 50 33 61 20 31 9 48 44 68 14 57 10 93 56 85 52 63 13 25 29 80 43 8 38 6 41 64 50 42 31 86 54 10 34 37 17 2 59 82 69 57 64 74 90 61 17 60 43 34 41 75 66 20 76 74 3 75 67 15 27 92 69 72 8 68 16 77 12 13 81 20 13 9 94 75 10 60 83 33 28 3 54 70 94 93 43 18 
41 56 23 92 24 90 12 33 63 38 58 38 60 51 26 1 60 30 32 39 90 22 96 84 49 82 100 97 84 96 47 65 91 3 85 6 28 51 35 25 93 79 79 7 74 69 79 43 85 69 30 43 5 6 39 76 60 17 2 73 75 32 26 34 85 63 1 76 10 40 2 43 73 95 12 96 87 49 54 88 66 44 73 24 38 15 74 89 36 6 2 58 19 5 21 53 87 21 76 74 96 73 68 82 63 53 51 26 25 34 65 1 72 45 98 70 77 78 71 82 10 4 39 19 89 37 100 81 
58 92 65 47 100 61 81 58 97 48 80 3 55 44 91 1 29 5 30 51 9 27 11 17 30 29 21 81 33 29 10 72 84 37 18 84 19 94 79 3 86 14 55 80 17 63 24 53 93 16 33 65 80 5 97 98 14 90 14 81 63 57 1 95 20 71 80 87 94 88 94 75 13 17 56 64 46 3 86 78 72 97 61 9 8 92 75 99 8 59 77 8 68 38 44 14 99 35 21 78 17 54 10 33 71 50 79 93 80 9 92 85 71 47 55 5 52 89 14 43 63 30 55 45 96 1 99 5 
36 17 87 51 18 39 66 7 23 10 11 65 28 88 14 52 49 51 52 31 66 10 35 57 14 100 51 91 29 43 36 74 35 28 14 71 56 83 27 81 90 88 25 23 28 14 65 53 23 91 18 45 39 60 73 21 61 56 63 5 53 100 3 7 67 32 71 77 61 44 54 82 43 46 62 46 76 77 30 23 92 59 87 67 56 22 76 25 14 83 60 67 72 6 81 79 95 85 52 100 82 98 43 4 64 73 85 14 91 60 79 17 31 22 32 64 87 82 47 4 29 34 64 83 68 92 84 11 
64 29 35 27 54 77 81 81 71 85 91 79 3 30 27 21 4 52 93 85 33 35 100 61 93 5 23 22 87 48 55 2 97 51 4 92 82 90 93 99 11 64 87 71 59 99 46 65 12 85 93 50 7 22 73 49 87 12 43 74 75 76 82 29 88 12 45 72 72 1 55 2 6 7 86 45 12 12 21 74 78 1 27 11 63 22 75 99 64 69 13 100 55 100 26 79 90 35 80 9 67 83 6 62 92 99 1 52 72 41 95 85 74 41 45 4 78 17 56 5 64 4 88 32 26 64 34 82 
40 64 37 13 69 7 88 82 18 57 43 30 40 70 88 48 9 10 97 20 59 69 86 32 93 55 43 17 84 46 21 41 86 90 73 39 46 24 30 87 64 82 18 37 76 56 55 54 88 92 14 76 54 44 73 81 34 61 23 49 40 85 31 37 85 67 54 100 92 16 81 21 48 69 12 58 53 5 55 7 17 14 68 54 45 47 51 85 25 67 70 84 58 63 23 66 85 23 92 82 58 79 19 23 60 64 99 79 57 95 15 47 87 95 12 39 93 93 42 12 34 27 44 89 95 73 9 54 
92 51 52 45 37 22 58 99 37 36 80 92 23 5 58 20 36 6 66 6 43 6 34 32 33 89 44 34 23 84 57 94 52 18 11 93 54 64 63 22 38 3 49 54 57 5 94 95 70 82 24 23 100 4 7 70 53 62 78 49 4 12 41 74 52 49 29 34 43 63 43 14 79 76 72 100 4 47 87 82 74 58 68 7 99 94 30 46 32 73 76 38 49 18 94 28 69 5 68 99 31 17 3 86 57 75 52 49 30 22 2 49 55 29 52 99 48 49 39 6 62 23 51 8 45 56 67 2 
69 27 92 45 11 67 23 9 100 46 3 7 84 71 89 64 62 51 26 44 24 39 68 86 4 28 87 5 49 93 45 93 89 94 59 38 67 75 77 82 37 73 46 34 23 35 30 73 95 88 76 55 79 90 57 29 24 17 67 74 7 32 100 87 8 2 20 48 44 95 50 60 73 50 18 8 87 27 61 19 25 70 98 11 30 81 56 1 81 22 6 95 96 27 5 41 27 90 16 6 22 36 86 3 38 31 82 82 99 33 67 98 1 55 95 89 59 60 6 19 60 86 47 85 78 63 42 7 
29 1 23 65 73 42 4 11 73 67 54 83 21 86 15 77 65 56 56 96 3 45 62 83 41 53 5 77 76 80 48 97 23 98 9 13 73 62 51 9 78 59 94 30 70 81 16 15 51 14 2 58 15 28 5 27 78 31 1 30 51 99 71 81 64 97 63 95 84 61 8 27 75 28 28 21 72 93 34 3 88 56 41 57 59 84 65 20 15 32 16 24 42 74 24 49 76 27 38 24 4 72 10 16 35 66 46 32 95 75 5 57 72 94 20 70 10 57 59 4 23 45 1 47 11 21 31 41 
52 2 93 80 83 73 53 78 59 64 84 64 100 98 40 92 92 63 55 97 65 91 11 15 22 43 48 86 14 40 6 63 81 10 36 15 72 89 86 16 66 6 89 51 10 63 41 26 46 94 82 34 62 65 36 2 100 15 95 59 77 54 66 33 93 85 29 3 45 72 18 5 29 61 22 98 84 25 64 37 11 70 84 47 73 78 23 61 20 21 75 86 11 22 20 42 68 87 100 34 70 2 43 10 5 21 72 19 42 7 97 23 87 15 25 30 98 65 98 71 75 13 1 34 55 31 48 26 
37 88 6 67 70 80 6 23 2 18 14 75 83 29 7 82 57 25 84 78 44 66 59 61 90 38 33 77 34 19 19 12 56 39 96 79 64 57 8 7 91 23 95 76 31 91 80 97 71 78 72 92 66 49 60 66 6 24 62 89 45 36 17 24 80 89 88 52 48 15 10 43 67 82 1 67 48 73 50 65 9 70 8 16 34 37 28 33 6 7 96 56 50 6 83 38 36 73 75 52 49 34 32 21 13 90 87 84 87 54 23 62 8 81 59 37 85 46 23 73 6 80 34 64 38 93 71 22 
57 49 85 31 38 100 64 95 91 32 88 7 59 46 2 35 98 52 58 11 34 20 95 67 7 89 5 75 41 93 85 27 83 16 45 99 3 80 21 96 31 26 74 19 25 19 27 13 97 61 60 80 99 71 44 76 26 47 47 31 12 53 28 74 35 81 80 73 74 58 87 54 86 27 37 91 22 91 5 91 46 91 47 84 73 36 42 54 16 82 46 60 45 78 79 72 15 43 12 85 84 69 52 37 49 74 94 36 12 34 40 95 87 25 51 98 61 53 42 94 37 28 97 86 99 17 82 20 
100 56 95 30 63 32 50 39 59 87 31 8 65 36 16 58 79 3 61 5 65 65 79 7 6 66 23 89 81 8 64 76 47 53 23 91 55 35 48 88 59 8 32 8 100 50 98 35 49 4 80 2 53 45 22 9 93 85 9 15 61 40 59 61 42 33 72 92 11 50 27 34 73 28 26 95 70 58 55 65 45 96 3 18 57 84 3 51 1 65 2 36 64 53 81 71 73 92 47 65 42 68 49 81 13 35 9 10 66 34 15 39 97 95 93 15 4 18 94 63 97 37 67 43 56 56 63 18 
0.0 1.0 1.0 1.0 1.0 1.0 1.0 1.0 1.0 1.0 1.0 1.0 1.0 1.0 1.0 1.0 1.0 1.0 1.0 1.0 1.0 1.0 1.0 1.0 1.0 1.0 1.0 1.0 1.0 1.0 1.0 1.0 1.0 1.0 1.0 1.0 1.0 1.0 1.0 1.0 1.0 1.0 1.0 1.0 1.0 1.0 1.0 1.0 1.0 1.0 1.0 1.0 1.0 1.0 1.0 1.0 1.0 1.0 1.0 1.0 1.0 1.0 1.0 1.0 1.0 1.0 1.0 1.0 1.0 1.0 1.0 1.0 1.0 1.0 1.0 1.0 1.0 1.0 1.0 1.0 1.0 1.0 1.0 1.0 1.0 1.0 1.0 1.0 1.0 1.0 1.0 1.0 1.0 1.0 1.0 1.0 1.0 1.0 1.0 1.0 1.0 1.0 1.0 1.0 1.0 1.0 1.0 1.0 1.0 1.0 1.0 1.0 1.0 1.0 1.0 1.0 1.0 1.0 1.0 1.0 1.0 1.0 1.0 1.0 1.0 1.0 1.0 1.0 
1.0 0.0 1.0 1.0 1.0 1.0 1.0 1.0 1.0 1.0 1.0 1.0 1.0 1.0 1.0 1.0 1.0 1.0 1.0 1.0 1.0 1.0 1.0 1.0 1.0 1.0 1.0 1.0 1.0 1.0 1.0 1.0 1.0 1.0 1.0 1.0 1.0 1.0 1.0 1.0 1.0 1.0 1.0 1.0 1.0 1.0 1.0 1.0 1.0 1.0 1.0 1.0 1.0 1.0 1.0 1.0 1.0 1.0 1.0 1.0 1.0 1.0 1.0 1.0 1.0 1.0 1.0 1.0 1.0 1.0 1.0 1.0 1.0 1.0 1.0 1.0 1.0 1.0 1.0 1.0 1.0 1.0 1.0 1.0 1.0 1.0 1.0 1.0 1.0 1.0 1.0 1.0 1.0 1.0 1.0 1.0 1.0 1.0 1.0 1.0 1.0 1.0 1.0 1.0 1.0 1.0 1.0 1.0 1.0 1.0 1.0 1.0 1.0 1.0 1.0 1.0 1.0 1.0 1.0 1.0 1.0 1.0 1.0 1.0 1.0 1.0 1.0 1.0 
1.0 1.0 0.0 1.0 1.0 1.0 1.0 1.0 1.0 1.0 1.0 1.0 1.0 1.0 1.0 1.0 1.0 1.0 1.0 1.0 1.0 1.0 1.0 1.0 1.0 1.0 1.0 1.0 1.0 1.0 1.0 1.0 1.0 1.0 1.0 1.0 1.0 1.0 1.0 1.0 1.0 1.0 1.0 1.0 1.0 1.0 1.0 1.0 1.0 1.0 1.0 1.0 1.0 1.0 1.0 1.0 1.0 1.0 1.0 1.0 1.0 1.0 1.0 1.0 1.0 1.0 1.0 1.0 1.0 1.0 1.0 1.0 1.0 1.0 1.0 1.0 1.0 1.0 1.0 1.0 1.0 1.0 1.0 1.0 1.0 1.0 1.0 1.0 1.0 1.0 1.0 1.0 1.0 1.0 1.0 1.0 1.0 1.0 1.0 1.0 1.0 1.0 1.0 1.0 1.0 1.0 1.0 1.0 1.0 1.0 1.0 1.0 1.0 1.0 1.0 1.0 1.0 1.0 1.0 1.0 1.0 1.0 1.0 1.0 1.0 1.0 1.0 1.0 
1.0 1.0 1.0 0.0 1.0 1.0 1.0 1.0 1.0 1.0 1.0 1.0 1.0 1.0 1.0 1.0 1.0 1.0 1.0 1.0 1.0 1.0 1.0 1.0 1.0 1.0 1.0 1.0 1.0 1.0 1.0 1.0 1.0 1.0 1.0 1.0 1.0 1.0 1.0 1.0 1.0 1.0 1.0 1.0 1.0 1.0 1.0 1.0 1.0 1.0 1.0 1.0 1.0 1.0 1.0 1.0 1.0 1.0 1.0 1.0 1.0 1.0 1.0 1.0 1.0 1.0 1.0 1.0 1.0 1.0 1.0 1.0 1.0 1.0 1.0 1.0 1.0 1.0 1.0 1.0 1.0 1.0 1.0 1.0 1.0 1.0 1.0 1.0 1.0 1.0 1.0 1.0 1.0 1.0 1.0 1.0 1.0 1.0 1.0 1.0 1.0 1.0 1.0 1.0 1.0 1.0 1.0 1.0 1.0 1.0 1.0 1.0 1.0 1.0 1.0 1.0 1.0 1.0 1.0 1.0 1.0 1.0 1.0 1.0 1.0 1.0 1.0 1.0 
1.0 1.0 1.0 1.0 0.0 1.0 1.0 1.0 1.0 1.0 1.0 1.0 1.0 1.0 1.0 1.0 1.0 1.0 1.0 1.0 1.0 1.0 1.0 1.0 1.0 1.0 1.0 1.0 1.0 1.0 1.0 1.0 1.0 1.0 1.0 1.0 1.0 1.0 1.0 1.0 1.0 1.0 1.0 1.0 1.0 1.0 1.0 1.0 1.0 1.0 1.0 1.0 1.0 1.0 1.0 1.0 1.0 1.0 1.0 1.0 1.0 1.0 1.0 1.0 1.0 1.0 1.0 1.0 1.0 1.0 1.0 1.0 1.0 1.0 1.0 1.0 1.0 1.0 1.0 1.0 1.0 1.0 1.0 1.0 1.0 1.0 1.0 1.0 1.0 1.0 1.0 1.0 1.0 1.0 1.0 1.0 1.0 1.0 1.0 1.0 1.0 1.0 1.0 1.0 1.0 1.0 1.0 1.0 1.0 1.0 1.0 1.0 1.0 1.0 1.0 1.0 1.0 1.0 1.0 1.0 1.0 1.0 1.0 1.0 1.0 1.0 1.0 1.0 
1.0 1.0 1.0 1.0 1.0 0.0 1.0 1.0 1.0 1.0 1.0 1.0 1.0 1.0 1.0 1.0 1.0 1.0 1.0 1.0 1.0 1.0 1.0 1.0 1.0 1.0 1.0 1.0 1.0 1.0 1.0 1.0 1.0 1.0 1.0 1.0 1.0 1.0 1.0 1.0 1.0 1.0 1.0 1.0 1.0 1.0 1.0 1.0 1.0 1.0 1.0 1.0 1.0 1.0 1.0 1.0 1.0 1.0 1.0 1.0 1.0 1.0 1.0 1.0 1.0 1.0 1.0 1.0 1.0 1.0 1.0 1.0 1.0 1.0 1.0 1.0 1.0 1.0 1.0 1.0 1.0 1.0 1.0 1.0 1.0 1.0 1.0 1.0 1.0 1.0 1.0 1.0 1.0 1.0 1.0 1.0 1.0 1.0 1.0 1.0 1.0 1.0 1.0 1.0 1.0 1.0 1.0 1.0 1.0 1.0 1.0 1.0 1.0 1.0 1.0 1.0 1.0 1.0 1.0 1.0 1.0 1.0 1.0 1.0 1.0 1.0 1.0 1.0 
1.0 1.0 1.0 1.0 1.0 1.0 0.0 1.0 1.0 1.0 1.0 1.0 1.0 1.0 1.0 1.0 1.0 1.0 1.0 1.0 1.0 1.0 1.0 1.0 1.0 1.0 1.0 1.0 1.0 1.0 1.0 1.0 1.0 1.0 1.0 1.0 1.0 1.0 1.0 1.0 1.0 1.0 1.0 1.0 1.0 1.0 1.0 1.0 1.0 1.0 1.0 1.0 1.0 1.0 1.0 1.0 1.0 1.0 1.0 1.0 1.0 1.0 1.0 1.0 1.0 1.0 1.0 1.0 1.0 1.0 1.0 1.0 1.0 1.0 1.0 1.0 1.0 1.0 1.0 1.0 1.0 1.0 1.0 1.0 1.0 1.0 1.0 1.0 1.0 1.0 1.0 1.0 1.0 1.0 1.0 1.0 1.0 1.0 1.0 1.0 1.0 1.0 1.0 1.0 1.0 1.0 1.0 1.0 1.0 1.0 1.0 1.0 1.0 1.0 1.0 1.0 1.0 1.0 1.0 1.0 1.0 1.0 1.0 1.0 1.0 1.0 1.0 1.0 
1.0 1.0 1.0 1.0 1.0 1.0 1.0 0.0 1.0 1.0 1.0 1.0 1.0 1.0 1.0 1.0 1.0 1.0 1.0 1.0 1.0 1.0 1.0 1.0 1.0 1.0 1.0 1.0 1.0 1.0 1.0 1.0 1.0 1.0 1.0 1.0 1.0 1.0 1.0 1.0 1.0 1.0 1.0 1.0 1.0 1.0 1.0 1.0 1.0 1.0 1.0 1.0 1.0 1.0 1.0 1.0 1.0 1.0 1.0 1.0 1.0 1.0 1.0 1.0 1.0 1.0 1.0 1.0 1.0 1.0 1.0 1.0 1.0 1.0 1.0 1.0 1.0 1.0 1.0 1.0 1.0 1.0 1.0 1.0 1.0 1.0 1.0 1.0 1.0 1.0 1.0 1.0 1.0 1.0 1.0 1.0 1.0 1.0 1.0 1.0 1.0 1.0 1.0 1.0 1.0 1.0 1.0 1.0 1.0 1.0 1.0 1.0 1.0 1.0 1.0 1.0 1.0 1.0 1.0 1.0 1.0 1.0 1.0 1.0 1.0 1.0 1.0 1.0 
1.0 1.0 1.0 1.0 1.0 1.0 1.0 1.0 0.0 1.0 1.0 1.0 1.0 1.0 1.0 1.0 1.0 1.0 1.0 1.0 1.0 1.0 1.0 1.0 1.0 1.0 1.0 1.0 1.0 1.0 1.0 1.0 1.0 1.0 1.0 1.0 1.0 1.0 1.0 1.0 1.0 1.0 1.0 1.0 1.0 1.0 1.0 1.0 1.0 1.0 1.0 1.0 1.0 1.0 1.0 1.0 1.0 1.0 1.0 1.0 1.0 1.0 1.0 1.0 1.0 1.0 1.0 1.0 1.0 1.0 1.0 1.0 1.0 1.0 1.0 1.0 1.0 1.0 1.0 1.0 1.0 1.0 1.0 1.0 1.0 1.0 1.0 1.0 1.0 1.0 1.0 1.0 1.0 1.0 1.0 1.0 1.0 1.0 1.0 1.0 1.0 1.0 1.0 1.0 1.0 1.0 1.0 1.0 1.0 1.0 1.0 1.0 1.0 1.0 1.0 1.0 1.0 1.0 1.0 1.0 1.0 1.0 1.0 1.0 1.0 1.0 1.0 1.0 
1.0 1.0 1.0 1.0 1.0 1.0 1.0 1.0 1.0 0.0 1.0 1.0 1.0 1.0 1.0 1.0 1.0 1.0 1.0 1.0 1.0 1.0 1.0 1.0 1.0 1.0 1.0 1.0 1.0 1.0 1.0 1.0 1.0 1.0 1.0 1.0 1.0 1.0 1.0 1.0 1.0 1.0 1.0 1.0 1.0 1.0 1.0 1.0 1.0 1.0 1.0 1.0 1.0 1.0 1.0 1.0 1.0 1.0 1.0 1.0 1.0 1.0 1.0 1.0 1.0 1.0 1.0 1.0 1.0 1.0 1.0 1.0 1.0 1.0 1.0 1.0 1.0 1.0 1.0 1.0 1.0 1.0 1.0 1.0 1.0 1.0 1.0 1.0 1.0 1.0 1.0 1.0 1.0 1.0 1.0 1.0 1.0 1.0 1.0 1.0 1.0 1.0 1.0 1.0 1.0 1.0 1.0 1.0 1.0 1.0 1.0 1.0 1.0 1.0 1.0 1.0 1.0 1.0 1.0 1.0 1.0 1.0 1.0 1.0 1.0 1.0 1.0 1.0 
1.0 1.0 1.0 1.0 1.0 1.0 1.0 1.0 1.0 1.0 0.0 1.0 1.0 1.0 1.0 1.0 1.0 1.0 1.0 1.0 1.0 1.0 1.0 1.0 1.0 1.0 1.0 1.0 1.0 1.0 1.0 1.0 1.0 1.0 1.0 1.0 1.0 1.0 1.0 1.0 1.0 1.0 1.0 1.0 1.0 1.0 1.0 1.0 1.0 1.0 1.0 1.0 1.0 1.0 1.0 1.0 1.0 1.0 1.0 1.0 1.0 1.0 1.0 1.0 1.0 1.0 1.0 1.0 1.0 1.0 1.0 1.0 1.0 1.0 1.0 1.0 1.0 1.0 1.0 1.0 1.0 1.0 1.0 1.0 1.0 1.0 1.0 1.0 1.0 1.0 1.0 1.0 1.0 1.0 1.0 1.0 1.0 1.0 1.0 1.0 1.0 1.0 1.0 1.0 1.0 1.0 1.0 1.0 1.0 1.0 1.0 1.0 1.0 1.0 1.0 1.0 1.0 1.0 1.0 1.0 1.0 1.0 1.0 1.0 1.0 1.0 1.0 1.0 
1.0 1.0 1.0 1.0 1.0 1.0 1.0 1.0 1.0 1.0 1.0 0.0 1.0 1.0 1.0 1.0 1.0 1.0 1.0 1.0 1.0 1.0 1.0 1.0 1.0 1.0 1.0 1.0 1.0 1.0 1.0 1.0 1.0 1.0 1.0 1.0 1.0 1.0 1.0 1.0 1.0 1.0 1.0 1.0 1.0 1.0 1.0 1.0 1.0 1.0 1.0 1.0 1.0 1.0 1.0 1.0 1.0 1.0 1.0 1.0 1.0 1.0 1.0 1.0 1.0 1.0 1.0 1.0 1.0 1.0 1.0 1.0 1.0 1.0 1.0 1.0 1.0 1.0 1.0 1.0 1.0 1.0 1.0 1.0 1.0 1.0 1.0 1.0 1.0 1.0 1.0 1.0 1.0 1.0 1.0 1.0 1.0 1.0 1.0 1.0 1.0 1.0 1.0 1.0 1.0 1.0 1.0 1.0 1.0 1.0 1.0 1.0 1.0 1.0 1.0 1.0 1.0 1.0 1.0 1.0 1.0 1.0 1.0 1.0 1.0 1.0 1.0 1.0 
1.0 1.0 1.0 1.0 1.0 1.0 1.0 1.0 1.0 1.0 1.0 1.0 0.0 1.0 1.0 1.0 1.0 1.0 1.0 1.0 1.0 1.0 1.0 1.0 1.0 1.0 1.0 1.0 1.0 1.0 1.0 1.0 1.0 1.0 1.0 1.0 1.0 1.0 1.0 1.0 1.0 1.0 1.0 1.0 1.0 1.0 1.0 1.0 1.0 1.0 1.0 1.0 1.0 1.0 1.0 1.0 1.0 1.0 1.0 1.0 1.0 1.0 1.0 1.0 1.0 1.0 1.0 1.0 1.0 1.0 1.0 1.0 1.0 1.0 1.0 1.0 1.0 1.0 1.0 1.0 1.0 1.0 1.0 1.0 1.0 1.0 1.0 1.0 1.0 1.0 1.0 1.0 1.0 1.0 1.0 1.0 1.0 1.0 1.0 1.0 1.0 1.0 1.0 1.0 1.0 1.0 1.0 1.0 1.0 1.0 1.0 1.0 1.0 1.0 1.0 1.0 1.0 1.0 1.0 1.0 1.0 1.0 1.0 1.0 1.0 1.0 1.0 1.0 
1.0 1.0 1.0 1.0 1.0 1.0 1.0 1.0 1.0 1.0 1.0 1.0 1.0 0.0 1.0 1.0 1.0 1.0 1.0 1.0 1.0 1.0 1.0 1.0 1.0 1.0 1.0 1.0 1.0 1.0 1.0 1.0 1.0 1.0 1.0 1.0 1.0 1.0 1.0 1.0 1.0 1.0 1.0 1.0 1.0 1.0 1.0 1.0 1.0 1.0 1.0 1.0 1.0 1.0 1.0 1.0 1.0 1.0 1.0 1.0 1.0 1.0 1.0 1.0 1.0 1.0 1.0 1.0 1.0 1.0 1.0 1.0 1.0 1.0 1.0 1.0 1.0 1.0 1.0 1.0 1.0 1.0 1.0 1.0 1.0 1.0 1.0 1.0 1.0 1.0 1.0 1.0 1.0 1.0 1.0 1.0 1.0 1.0 1.0 1.0 1.0 1.0 1.0 1.0 1.0 1.0 1.0 1.0 1.0 1.0 1.0 1.0 1.0 1.0 1.0 1.0 1.0 1.0 1.0 1.0 1.0 1.0 1.0 1.0 1.0 1.0 1.0 1.0 
1.0 1.0 1.0 1.0 1.0 1.0 1.0 1.0 1.0 1.0 1.0 1.0 1.0 1.0 0.0 1.0 1.0 1.0 1.0 1.0 1.0 1.0 1.0 1.0 1.0 1.0 1.0 1.0 1.0 1.0 1.0 1.0 1.0 1.0 1.0 1.0 1.0 1.0 1.0 1.0 1.0 1.0 1.0 1.0 1.0 1.0 1.0 1.0 1.0 1.0 1.0 1.0 1.0 1.0 1.0 1.0 1.0 1.0 1.0 1.0 1.0 1.0 1.0 1.0 1.0 1.0 1.0 1.0 1.0 1.0 1.0 1.0 1.0 1.0 1.0 1.0 1.0 1.0 1.0 1.0 1.0 1.0 1.0 1.0 1.0 1.0 1.0 1.0 1.0 1.0 1.0 1.0 1.0 1.0 1.0 1.0 1.0 1.0 1.0 1.0 1.0 1.0 1.0 1.0 1.0 1.0 1.0 1.0 1.0 1.0 1.0 1.0 1.0 1.0 1.0 1.0 1.0 1.0 1.0 1.0 1.0 1.0 1.0 1.0 1.0 1.0 1.0 1.0 
1.0 1.0 1.0 1.0 1.0 1.0 1.0 1.0 1.0 1.0 1.0 1.0 1.0 1.0 1.0 0.0 1.0 1.0 1.0 1.0 1.0 1.0 1.0 1.0 1.0 1.0 1.0 1.0 1.0 1.0 1.0 1.0 1.0 1.0 1.0 1.0 1.0 1.0 1.0 1.0 1.0 1.0 1.0 1.0 1.0 1.0 1.0 1.0 1.0 1.0 1.0 1.0 1.0 1.0 1.0 1.0 1.0 1.0 1.0 1.0 1.0 1.0 1.0 1.0 1.0 1.0 1.0 1.0 1.0 1.0 1.0 1.0 1.0 1.0 1.0 1.0 1.0 1.0 1.0 1.0 1.0 1.0 1.0 1.0 1.0 1.0 1.0 1.0 1.0 1.0 1.0 1.0 1.0 1.0 1.0 1.0 1.0 1.0 1.0 1.0 1.0 1.0 1.0 1.0 1.0 1.0 1.0 1.0 1.0 1.0 1.0 1.0 1.0 1.0 1.0 1.0 1.0 1.0 1.0 1.0 1.0 1.0 1.0 1.0 1.0 1.0 1.0 1.0 
1.0 1.0 1.0 1.0 1.0 1.0 1.0 1.0 1.0 1.0 1.0 1.0 1.0 1.0 1.0 1.0 0.0 1.0 1.0 1.0 1.0 1.0 1.0 1.0 1.0 1.0 1.0 1.0 1.0 1.0 1.0 1.0 1.0 1.0 1.0 1.0 1.0 1.0 1.0 1.0 1.0 1.0 1.0 1.0 1.0 1.0 1.0 1.0 1.0 1.0 1.0 1.0 1.0 1.0 1.0 1.0 1.0 1.0 1.0 1.0 1.0 1.0 1.0 1.0 1.0 1.0 1.0 1.0 1.0 1.0 1.0 1.0 1.0 1.0 1.0 1.0 1.0 1.0 1.0 1.0 1.0 1.0 1.0 1.0 1.0 1.0 1.0 1.0 1.0 1.0 1.0 1.0 1.0 1.0 1.0 1.0 1.0 1.0 1.0 1.0 1.0 1.0 1.0 1.0 1.0 1.0 1.0 1.0 1.0 1.0 1.0 1.0 1.0 1.0 1.0 1.0 1.0 1.0 1.0 1.0 1.0 1.0 1.0 1.0 1.0 1.0 1.0 1.0 
1.0 1.0 1.0 1.0 1.0 1.0 1.0 1.0 1.0 1.0 1.0 1.0 1.0 1.0 1.0 1.0 1.0 0.0 1.0 1.0 1.0 1.0 1.0 1.0 1.0 1.0 1.0 1.0 1.0 1.0 1.0 1.0 1.0 1.0 1.0 1.0 1.0 1.0 1.0 1.0 1.0 1.0 1.0 1.0 1.0 1.0 1.0 1.0 1.0 1.0 1.0 1.0 1.0 1.0 1.0 1.0 1.0 1.0 1.0 1.0 1.0 1.0 1.0 1.0 1.0 1.0 1.0 1.0 1.0 1.0 1.0 1.0 1.0 1.0 1.0 1.0 1.0 1.0 1.0 1.0 1.0 1.0 1.0 1.0 1.0 1.0 1.0 1.0 1.0 1.0 1.0 1.0 1.0 1.0 1.0 1.0 1.0 1.0 1.0 1.0 1.0 1.0 1.0 1.0 1.0 1.0 1.0 1.0 1.0 1.0 1.0 1.0 1.0 1.0 1.0 1.0 1.0 1.0 1.0 1.0 1.0 1.0 1.0 1.0 1.0 1.0 1.0 1.0 
1.0 1.0 1.0 1.0 1.0 1.0 1.0 1.0 1.0 1.0 1.0 1.0 1.0 1.0 1.0 1.0 1.0 1.0 0.0 1.0 1.0 1.0 1.0 1.0 1.0 1.0 1.0 1.0 1.0 1.0 1.0 1.0 1.0 1.0 1.0 1.0 1.0 1.0 1.0 1.0 1.0 1.0 1.0 1.0 1.0 1.0 1.0 1.0 1.0 1.0 1.0 1.0 1.0 1.0 1.0 1.0 1.0 1.0 1.0 1.0 1.0 1.0 1.0 1.0 1.0 1.0 1.0 1.0 1.0 1.0 1.0 1.0 1.0 1.0 1.0 1.0 1.0 1.0 1.0 1.0 1.0 1.0 1.0 1.0 1.0 1.0 1.0 1.0 1.0 1.0 1.0 1.0 1.0 1.0 1.0 1.0 1.0 1.0 1.0 1.0 1.0 1.0 1.0 1.0 1.0 1.0 1.0 1.0 1.0 1.0 1.0 1.0 1.0 1.0 1.0 1.0 1.0 1.0 1.0 1.0 1.0 1.0 1.0 1.0 1.0 1.0 1.0 1.0 
1.0 1.0 1.0 1.0 1.0 1.0 1.0 1.0 1.0 1.0 1.0 1.0 1.0 1.0 1.0 1.0 1.0 1.0 1.0 0.0 1.0 1.0 1.0 1.0 1.0 1.0 1.0 1.0 1.0 1.0 1.0 1.0 1.0 1.0 1.0 1.0 1.0 1.0 1.0 1.0 1.0 1.0 1.0 1.0 1.0 1.0 1.0 1.0 1.0 1.0 1.0 1.0 1.0 1.0 1.0 1.0 1.0 1.0 1.0 1.0 1.0 1.0 1.0 1.0 1.0 1.0 1.0 1.0 1.0 1.0 1.0 1.0 1.0 1.0 1.0 1.0 1.0 1.0 1.0 1.0 1.0 1.0 1.0 1.0 1.0 1.0 1.0 1.0 1.0 1.0 1.0 1.0 1.0 1.0 1.0 1.0 1.0 1.0 1.0 1.0 1.0 1.0 1.0 1.0 1.0 1.0 1.0 1.0 1.0 1.0 1.0 1.0 1.0 1.0 1.0 1.0 1.0 1.0 1.0 1.0 1.0 1.0 1.0 1.0 1.0 1.0 1.0 1.0 
1.0 1.0 1.0 1.0 1.0 1.0 1.0 1.0 1.0 1.0 1.0 1.0 1.0 1.0 1.0 1.0 1.0 1.0 1.0 1.0 0.0 1.0 1.0 1.0 1.0 1.0 1.0 1.0 1.0 1.0 1.0 1.0 1.0 1.0 1.0 1.0 1.0 1.0 1.0 1.0 1.0 1.0 1.0 1.0 1.0 1.0 1.0 1.0 1.0 1.0 1.0 1.0 1.0 1.0 1.0 1.0 1.0 1.0 1.0 1.0 1.0 1.0 1.0 1.0 1.0 1.0 1.0 1.0 1.0 1.0 1.0 1.0 1.0 1.0 1.0 1.0 1.0 1.0 1.0 1.0 1.0 1.0 1.0 1.0 1.0 1.0 1.0 1.0 1.0 1.0 1.0 1.0 1.0 1.0 1.0 1.0 1.0 1.0 1.0 1.0 1.0 1.0 1.0 1.0 1.0 1.0 1.0 1.0 1.0 1.0 1.0 1.0 1.0 1.0 1.0 1.0 1.0 1.0 1.0 1.0 1.0 1.0 1.0 1.0 1.0 1.0 1.0 1.0 
1.0 1.0 1.0 1.0 1.0 1.0 1.0 1.0 1.0 1.0 1.0 1.0 1.0 1.0 1.0 1.0 1.0 1.0 1.0 1.0 1.0 0.0 1.0 1.0 1.0 1.0 1.0 1.0 1.0 1.0 1.0 1.0 1.0 1.0 1.0 1.0 1.0 1.0 1.0 1.0 1.0 1.0 1.0 1.0 1.0 1.0 1.0 1.0 1.0 1.0 1.0 1.0 1.0 1.0 1.0 1.0 1.0 1.0 1.0 1.0 1.0 1.0 1.0 1.0 1.0 1.0 1.0 1.0 1.0 1.0 1.0 1.0 1.0 1.0 1.0 1.0 1.0 1.0 1.0 1.0 1.0 1.0 1.0 1.0 1.0 1.0 1.0 1.0 1.0 1.0 1.0 1.0 1.0 1.0 1.0 1.0 1.0 1.0 1.0 1.0 1.0 1.0 1.0 1.0 1.0 1.0 1.0 1.0 1.0 1.0 1.0 1.0 1.0 1.0 1.0 1.0 1.0 1.0 1.0 1.0 1.0 1.0 1.0 1.0 1.0 1.0 1.0 1.0 
1.0 1.0 1.0 1.0 1.0 1.0 1.0 1.0 1.0 1.0 1.0 1.0 1.0 1.0 1.0 1.0 1.0 1.0 1.0 1.0 1.0 1.0 0.0 1.0 1.0 1.0 1.0 1.0 1.0 1.0 1.0 1.0 1.0 1.0 1.0 1.0 1.0 1.0 1.0 1.0 1.0 1.0 1.0 1.0 1.0 1.0 1.0 1.0 1.0 1.0 1.0 1.0 1.0 1.0 1.0 1.0 1.0 1.0 1.0 1.0 1.0 1.0 1.0 1.0 1.0 1.0 1.0 1.0 1.0 1.0 1.0 1.0 1.0 1.0 1.0 1.0 1.0 1.0 1.0 1.0 1.0 1.0 1.0 1.0 1.0 1.0 1.0 1.0 1.0 1.0 1.0 1.0 1.0 1.0 1.0 1.0 1.0 1.0 1.0 1.0 1.0 1.0 1.0 1.0 1.0 1.0 1.0 1.0 1.0 1.0 1.0 1.0 1.0 1.0 1.0 1.0 1.0 1.0 1.0 1.0 1.0 1.0 1.0 1.0 1.0 1.0 1.0 1.0 
1.0 1.0 1.0 1.0 1.0 1.0 1.0 1.0 1.0 1.0 1.0 1.0 1.0 1.0 1.0 1.0 1.0 1.0 1.0 1.0 1.0 1.0 1.0 0.0 1.0 1.0 1.0 1.0 1.0 1.0 1.0 1.0 1.0 1.0 1.0 1.0 1.0 1.0 1.0 1.0 1.0 1.0 1.0 1.0 1.0 1.0 1.0 1.0 1.0 1.0 1.0 1.0 1.0 1.0 1.0 1.0 1.0 1.0 1.0 1.0 1.0 1.0 1.0 1.0 1.0 1.0 1.0 1.0 1.0 1.0 1.0 1.0 1.0 1.0 1.0 1.0 1.0 1.0 1.0 1.0 1.0 1.0 1.0 1.0 1.0 1.0 1.0 1.0 1.0 1.0 1.0 1.0 1.0 1.0 1.0 1.0 1.0 1.0 1.0 1.0 1.0 1.0 1.0 1.0 1.0 1.0 1.0 1.0 1.0 1.0 1.0 1.0 1.0 1.0 1.0 1.0 1.0 1.0 1.0 1.0 1.0 1.0 1.0 1.0 1.0 1.0 1.0 1.0 
1.0 1.0 1.0 1.0 1.0 1.0 1.0 1.0 1.0 1.0 1.0 1.0 1.0 1.0 1.0 1.0 1.0 1.0 1.0 1.0 1.0 1.0 1.0 1.0 0.0 1.0 1.0 1.0 1.0 1.0 1.0 1.0 1.0 1.0 1.0 1.0 1.0 1.0 1.0 1.0 1.0 1.0 1.0 1.0 1.0 1.0 1.0 1.0 1.0 1.0 1.0 1.0 1.0 1.0 1.0 1.0 1.0 1.0 1.0 1.0 1.0 1.0 1.0 1.0 1.0 1.0 1.0 1.0 1.0 1.0 1.0 1.0 1.0 1.0 1.0 1.0 1.0 1.0 1.0 1.0 1.0 1.0 1.0 1.0 1.0 1.0 1.0 1.0 1.0 1.0 1.0 1.0 1.0 1.0 1.0 1.0 1.0 1.0 1.0 1.0 1.0 1.0 1.0 1.0 1.0 1.0 1.0 1.0 1.0 1.0 1.0 1.0 1.0 1.0 1.0 1.0 1.0 1.0 1.0 1.0 1.0 1.0 1.0 1.0 1.0 1.0 1.0 1.0 
1.0 1.0 1.0 1.0 1.0 1.0 1.0 1.0 1.0 1.0 1.0 1.0 1.0 1.0 1.0 1.0 1.0 1.0 1.0 1.0 1.0 1.0 1.0 1.0 1.0 0.0 1.0 1.0 1.0 1.0 1.0 1.0 1.0 1.0 1.0 1.0 1.0 1.0 1.0 1.0 1.0 1.0 1.0 1.0 1.0 1.0 1.0 1.0 1.0 1.0 1.0 1.0 1.0 1.0 1.0 1.0 1.0 1.0 1.0 1.0 1.0 1.0 1.0 1.0 1.0 1.0 1.0 1.0 1.0 1.0 1.0 1.0 1.0 1.0 1.0 1.0 1.0 1.0 1.0 1.0 1.0 1.0 1.0 1.0 1.0 1.0 1.0 1.0 1.0 1.0 1.0 1.0 1.0 1.0 1.0 1.0 1.0 1.0 1.0 1.0 1.0 1.0 1.0 1.0 1.0 1.0 1.0 1.0 1.0 1.0 1.0 1.0 1.0 1.0 1.0 1.0 1.0 1.0 1.0 1.0 1.0 1.0 1.0 1.0 1.0 1.0 1.0 1.0 
1.0 1.0 1.0 1.0 1.0 1.0 1.0 1.0 1.0 1.0 1.0 1.0 1.0 1.0 1.0 1.0 1.0 1.0 1.0 1.0 1.0 1.0 1.0 1.0 1.0 1.0 0.0 1.0 1.0 1.0 1.0 1.0 1.0 1.0 1.0 1.0 1.0 1.0 1.0 1.0 1.0 1.0 1.0 1.0 1.0 1.0 1.0 1.0 1.0 1.0 1.0 1.0 1.0 1.0 1.0 1.0 1.0 1.0 1.0 1.0 1.0 1.0 1.0 1.0 1.0 1.0 1.0 1.0 1.0 1.0 1.0 1.0 1.0 1.0 1.0 1.0 1.0 1.0 1.0 1.0 1.0 1.0 1.0 1.0 1.0 1.0 1.0 1.0 1.0 1.0 1.0 1.0 1.0 1.0 1.0 1.0 1.0 1.0 1.0 1.0 1.0 1.0 1.0 1.0 1.0 1.0 1.0 1.0 1.0 1.0 1.0 1.0 1.0 1.0 1.0 1.0 1.0 1.0 1.0 1.0 1.0 1.0 1.0 1.0 1.0 1.0 1.0 1.0 
1.0 1.0 1.0 1.0 1.0 1.0 1.0 1.0 1.0 1.0 1.0 1.0 1.0 1.0 1.0 1.0 1.0 1.0 1.0 1.0 1.0 1.0 1.0 1.0 1.0 1.0 1.0 0.0 1.0 1.0 1.0 1.0 1.0 1.0 1.0 1.0 1.0 1.0 1.0 1.0 1.0 1.0 1.0 1.0 1.0 1.0 1.0 1.0 1.0 1.0 1.0 1.0 1.0 1.0 1.0 1.0 1.0 1.0 1.0 1.0 1.0 1.0 1.0 1.0 1.0 1.0 1.0 1.0 1.0 1.0 1.0 1.0 1.0 1.0 1.0 1.0 1.0 1.0 1.0 1.0 1.0 1.0 1.0 1.0 1.0 1.0 1.0 1.0 1.0 1.0 1.0 1.0 1.0 1.0 1.0 1.0 1.0 1.0 1.0 1.0 1.0 1.0 1.0 1.0 1.0 1.0 1.0 1.0 1.0 1.0 1.0 1.0 1.0 1.0 1.0 1.0 1.0 1.0 1.0 1.0 1.0 1.0 1.0 1.0 1.0 1.0 1.0 1.0 
1.0 1.0 1.0 1.0 1.0 1.0 1.0 1.0 1.0 1.0 1.0 1.0 1.0 1.0 1.0 1.0 1.0 1.0 1.0 1.0 1.0 1.0 1.0 1.0 1.0 1.0 1.0 1.0 0.0 1.0 1.0 1.0 1.0 1.0 1.0 1.0 1.0 1.0 1.0 1.0 1.0 1.0 1.0 1.0 1.0 1.0 1.0 1.0 1.0 1.0 1.0 1.0 1.0 1.0 1.0 1.0 1.0 1.0 1.0 1.0 1.0 1.0 1.0 1.0 1.0 1.0 1.0 1.0 1.0 1.0 1.0 1.0 1.0 1.0 1.0 1.0 1.0 1.0 1.0 1.0 1.0 1.0 1.0 1.0 1.0 1.0 1.0 1.0 1.0 1.0 1.0 1.0 1.0 1.0 1.0 1.0 1.0 1.0 1.0 1.0 1.0 1.0 1.0 1.0 1.0 1.0 1.0 1.0 1.0 1.0 1.0 1.0 1.0 1.0 1.0 1.0 1.0 1.0 1.0 1.0 1.0 1.0 1.0 1.0 1.0 1.0 1.0 1.0 
1.0 1.0 1.0 1.0 1.0 1.0 1.0 1.0 1.0 1.0 1.0 1.0 1.0 1.0 1.0 1.0 1.0 1.0 1.0 1.0 1.0 1.0 1.0 1.0 1.0 1.0 1.0 1.0 1.0 0.0 1.0 1.0 1.0 1.0 1.0 1.0 1.0 1.0 1.0 1.0 1.0 1.0 1.0 1.0 1.0 1.0 1.0 1.0 1.0 1.0 1.0 1.0 1.0 1.0 1.0 1.0 1.0 1.0 1.0 1.0 1.0 1.0 1.0 1.0 1.0 1.0 1.0 1.0 1.0 1.0 1.0 1.0 1.0 1.0 1.0 1.0 1.0 1.0 1.0 1.0 1.0 1.0 1.0 1.0 1.0 1.0 1.0 1.0 1.0 1.0 1.0 1.0 1.0 1.0 1.0 1.0 1.0 1.0 1.0 1.0 1.0 1.0 1.0 1.0 1.0 1.0 1.0 1.0 1.0 1.0 1.0 1.0 1.0 1.0 1.0 1.0 1.0 1.0 1.0 1.0 1.0 1.0 1.0 1.0 1.0 1.0 1.0 1.0 
1.0 1.0 1.0 1.0 1.0 1.0 1.0 1.0 1.0 1.0 1.0 1.0 1.0 1.0 1.0 1.0 1.0 1.0 1.0 1.0 1.0 1.0 1.0 1.0 1.0 1.0 1.0 1.0 1.0 1.0 0.0 1.0 1.0 1.0 1.0 1.0 1.0 1.0 1.0 1.0 1.0 1.0 1.0 1.0 1.0 1.0 1.0 1.0 1.0 1.0 1.0 1.0 1.0 1.0 1.0 1.0 1.0 1.0 1.0 1.0 1.0 1.0 1.0 1.0 1.0 1.0 1.0 1.0 1.0 1.0 1.0 1.0 1.0 1.0 1.0 1.0 1.0 1.0 1.0 1.0 1.0 1.0 1.0 1.0 1.0 1.0 1.0 1.0 1.0 1.0 1.0 1.0 1.0 1.0 1.0 1.0 1.0 1.0 1.0 1.0 1.0 1.0 1.0 1.0 1.0 1.0 1.0 1.0 1.0 1.0 1.0 1.0 1.0 1.0 1.0 1.0 1.0 1.0 1.0 1.0 1.0 1.0 1.0 1.0 1.0 1.0 1.0 1.0 
1.0 1.0 1.0 1.0 1.0 1.0 1.0 1.0 1.0 1.0 1.0 1.0 1.0 1.0 1.0 1.0 1.0 1.0 1.0 1.0 1.0 1.0 1.0 1.0 1.0 1.0 1.0 1.0 1.0 1.0 1.0 0.0 1.0 1.0 1.0 1.0 1.0 1.0 1.0 1.0 1.0 1.0 1.0 1.0 1.0 1.0 1.0 1.0 1.0 1.0 1.0 1.0 1.0 1.0 1.0 1.0 1.0 1.0 1.0 1.0 1.0 1.0 1.0 1.0 1.0 1.0 1.0 1.0 1.0 1.0 1.0 1.0 1.0 1.0 1.0 1.0 1.0 1.0 1.0 1.0 1.0 1.0 1.0 1.0 1.0 1.0 1.0 1.0 1.0 1.0 1.0 1.0 1.0 1.0 1.0 1.0 1.0 1.0 1.0 1.0 1.0 1.0 1.0 1.0 1.0 1.0 1.0 1.0 1.0 1.0 1.0 1.0 1.0 1.0 1.0 1.0 1.0 1.0 1.0 1.0 1.0 1.0 1.0 1.0 1.0 1.0 1.0 1.0 
1.0 1.0 1.0 1.0 1.0 1.0 1.0 1.0 1.0 1.0 1.0 1.0 1.0 1.0 1.0 1.0 1.0 1.0 1.0 1.0 1.0 1.0 1.0 1.0 1.0 1.0 1.0 1.0 1.0 1.0 1.0 1.0 0.0 1.0 1.0 1.0 1.0 1.0 1.0 1.0 1.0 1.0 1.0 1.0 1.0 1.0 1.0 1.0 1.0 1.0 1.0 1.0 1.0 1.0 1.0 1.0 1.0 1.0 1.0 1.0 1.0 1.0 1.0 1.0 1.0 1.0 1.0 1.0 1.0 1.0 1.0 1.0 1.0 1.0 1.0 1.0 1.0 1.0 1.0 1.0 1.0 1.0 1.0 1.0 1.0 1.0 1.0 1.0 1.0 1.0 1.0 1.0 1.0 1.0 1.0 1.0 1.0 1.0 1.0 1.0 1.0 1.0 1.0 1.0 1.0 1.0 1.0 1.0 1.0 1.0 1.0 1.0 1.0 1.0 1.0 1.0 1.0 1.0 1.0 1.0 1.0 1.0 1.0 1.0 1.0 1.0 1.0 1.0 
1.0 1.0 1.0 1.0 1.0 1.0 1.0 1.0 1.0 1.0 1.0 1.0 1.0 1.0 1.0 1.0 1.0 1.0 1.0 1.0 1.0 1.0 1.0 1.0 1.0 1.0 1.0 1.0 1.0 1.0 1.0 1.0 1.0 0.0 1.0 1.0 1.0 1.0 1.0 1.0 1.0 1.0 1.0 1.0 1.0 1.0 1.0 1.0 1.0 1.0 1.0 1.0 1.0 1.0 1.0 1.0 1.0 1.0 1.0 1.0 1.0 1.0 1.0 1.0 1.0 1.0 1.0 1.0 1.0 1.0 1.0 1.0 1.0 1.0 1.0 1.0 1.0 1.0 1.0 1.0 1.0 1.0 1.0 1.0 1.0 1.0 1.0 1.0 1.0 1.0 1.0 1.0 1.0 1.0 1.0 1.0 1.0 1.0 1.0 1.0 1.0 1.0 1.0 1.0 1.0 1.0 1.0 1.0 1.0 1.0 1.0 1.0 1.0 1.0 1.0 1.0 1.0 1.0 1.0 1.0 1.0 1.0 1.0 1.0 1.0 1.0 1.0 1.0 
1.0 1.0 1.0 1.0 1.0 1.0 1.0 1.0 1.0 1.0 1.0 1.0 1.0 1.0 1.0 1.0 1.0 1.0 1.0 1.0 1.0 1.0 1.0 1.0 1.0 1.0 1.0 1.0 1.0 1.0 1.0 1.0 1.0 1.0 0.0 1.0 1.0 1.0 1.0 1.0 1.0 1.0 1.0 1.0 1.0 1.0 1.0 1.0 1.0 1.0 1.0 1.0 1.0 1.0 1.0 1.0 1.0 1.0 1.0 1.0 1.0 1.0 1.0 1.0 1.0 1.0 1.0 1.0 1.0 1.0 1.0 1.0 1.0 1.0 1.0 1.0 1.0 1.0 1.0 1.0 1.0 1.0 1.0 1.0 1.0 1.0 1.0 1.0 1.0 1.0 1.0 1.0 1.0 1.0 1.0 1.0 1.0 1.0 1.0 1.0 1.0 1.0 1.0 1.0 1.0 1.0 1.0 1.0 1.0 1.0 1.0 1.0 1.0 1.0 1.0 1.0 1.0 1.0 1.0 1.0 1.0 1.0 1.0 1.0 1.0 1.0 1.0 1.0 
1.0 1.0 1.0 1.0 1.0 1.0 1.0 1.0 1.0 1.0 1.0 1.0 1.0 1.0 1.0 1.0 1.0 1.0 1.0 1.0 1.0 1.0 1.0 1.0 1.0 1.0 1.0 1.0 1.0 1.0 1.0 1.0 1.0 1.0 1.0 0.0 1.0 1.0 1.0 1.0 1.0 1.0 1.0 1.0 1.0 1.0 1.0 1.0 1.0 1.0 1.0 1.0 1.0 1.0 1.0 1.0 1.0 1.0 1.0 1.0 1.0 1.0 1.0 1.0 1.0 1.0 1.0 1.0 1.0 1.0 1.0 1.0 1.0 1.0 1.0 1.0 1.0 1.0 1.0 1.0 1.0 1.0 1.0 1.0 1.0 1.0 1.0 1.0 1.0 1.0 1.0 1.0 1.0 1.0 1.0 1.0 1.0 1.0 1.0 1.0 1.0 1.0 1.0 1.0 1.0 1.0 1.0 1.0 1.0 1.0 1.0 1.0 1.0 1.0 1.0 1.0 1.0 1.0 1.0 1.0 1.0 1.0 1.0 1.0 1.0 1.0 1.0 1.0 
1.0 1.0 1.0 1.0 1.0 1.0 1.0 1.0 1.0 1.0 1.0 1.0 1.0 1.0 1.0 1.0 1.0 1.0 1.0 1.0 1.0 1.0 1.0 1.0 1.0 1.0 1.0 1.0 1.0 1.0 1.0 1.0 1.0 1.0 1.0 1.0 0.0 1.0 1.0 1.0 1.0 1.0 1.0 1.0 1.0 1.0 1.0 1.0 1.0 1.0 1.0 1.0 1.0 1.0 1.0 1.0 1.0 1.0 1.0 1.0 1.0 1.0 1.0 1.0 1.0 1.0 1.0 1.0 1.0 1.0 1.0 1.0 1.0 1.0 1.0 1.0 1.0 1.0 1.0 1.0 1.0 1.0 1.0 1.0 1.0 1.0 1.0 1.0 1.0 1.0 1.0 1.0 1.0 1.0 1.0 1.0 1.0 1.0 1.0 1.0 1.0 1.0 1.0 1.0 1.0 1.0 1.0 1.0 1.0 1.0 1.0 1.0 1.0 1.0 1.0 1.0 1.0 1.0 1.0 1.0 1.0 1.0 1.0 1.0 1.0 1.0 1.0 1.0 
1.0 1.0 1.0 1.0 1.0 1.0 1.0 1.0 1.0 1.0 1.0 1.0 1.0 1.0 1.0 1.0 1.0 1.0 1.0 1.0 1.0 1.0 1.0 1.0 1.0 1.0 1.0 1.0 1.0 1.0 1.0 1.0 1.0 1.0 1.0 1.0 1.0 0.0 1.0 1.0 1.0 1.0 1.0 1.0 1.0 1.0 1.0 1.0 1.0 1.0 1.0 1.0 1.0 1.0 1.0 1.0 1.0 1.0 1.0 1.0 1.0 1.0 1.0 1.0 1.0 1.0 1.0 1.0 1.0 1.0 1.0 1.0 1.0 1.0 1.0 1.0 1.0 1.0 1.0 1.0 1.0 1.0 1.0 1.0 1.0 1.0 1.0 1.0 1.0 1.0 1.0 1.0 1.0 1.0 1.0 1.0 1.0 1.0 1.0 1.0 1.0 1.0 1.0 1.0 1.0 1.0 1.0 1.0 1.0 1.0 1.0 1.0 1.0 1.0 1.0 1.0 1.0 1.0 1.0 1.0 1.0 1.0 1.0 1.0 1.0 1.0 1.0 1.0 
1.0 1.0 1.0 1.0 1.0 1.0 1.0 1.0 1.0 1.0 1.0 1.0 1.0 1.0 1.0 1.0 1.0 1.0 1.0 1.0 1.0 1.0 1.0 1.0 1.0 1.0 1.0 1.0 1.0 1.0 1.0 1.0 1.0 1.0 1.0 1.0 1.0 1.0 0.0 1.0 1.0 1.0 1.0 1.0 1.0 1.0 1.0 1.0 1.0 1.0 1.0 1.0 1.0 1.0 1.0 1.0 1.0 1.0 1.0 1.0 1.0 1.0 1.0 1.0 1.0 1.0 1.0 1.0 1.0 1.0 1.0 1.0 1.0 1.0 1.0 1.0 1.0 1.0 1.0 1.0 1.0 1.0 1.0 1.0 1.0 1.0 1.0 1.0 1.0 1.0 1.0 1.0 1.0 1.0 1.0 1.0 1.0 1.0 1.0 1.0 1.0 1.0 1.0 1.0 1.0 1.0 1.0 1.0 1.0 1.0 1.0 1.0 1.0 1.0 1.0 1.0 1.0 1.0 1.0 1.0 1.0 1.0 1.0 1.0 1.0 1.0 1.0 1.0 
1.0 1.0 1.0 1.0 1.0 1.0 1.0 1.0 1.0 1.0 1.0 1.0 1.0 1.0 1.0 1.0 1.0 1.0 1.0 1.0 1.0 1.0 1.0 1.0 1.0 1.0 1.0 1.0 1.0 1.0 1.0 1.0 1.0 1.0 1.0 1.0 1.0 1.0 1.0 0.0 1.0 1.0 1.0 1.0 1.0 1.0 1.0 1.0 1.0 1.0 1.0 1.0 1.0 1.0 1.0 1.0 1.0 1.0 1.0 1.0 1.0 1.0 1.0 1.0 1.0 1.0 1.0 1.0 1.0 1.0 1.0 1.0 1.0 1.0 1.0 1.0 1.0 1.0 1.0 1.0 1.0 1.0 1.0 1.0 1.0 1.0 1.0 1.0 1.0 1.0 1.0 1.0 1.0 1.0 1.0 1.0 1.0 1.0 1.0 1.0 1.0 1.0 1.0 1.0 1.0 1.0 1.0 1.0 1.0 1.0 1.0 1.0 1.0 1.0 1.0 1.0 1.0 1.0 1.0 1.0 1.0 1.0 1.0 1.0 1.0 1.0 1.0 1.0 
1.0 1.0 1.0 1.0 1.0 1.0 1.0 1.0 1.0 1.0 1.0 1.0 1.0 1.0 1.0 1.0 1.0 1.0 1.0 1.0 1.0 1.0 1.0 1.0 1.0 1.0 1.0 1.0 1.0 1.0 1.0 1.0 1.0 1.0 1.0 1.0 1.0 1.0 1.0 1.0 0.0 1.0 1.0 1.0 1.0 1.0 1.0 1.0 1.0 1.0 1.0 1.0 1.0 1.0 1.0 1.0 1.0 1.0 1.0 1.0 1.0 1.0 1.0 1.0 1.0 1.0 1.0 1.0 1.0 1.0 1.0 1.0 1.0 1.0 1.0 1.0 1.0 1.0 1.0 1.0 1.0 1.0 1.0 1.0 1.0 1.0 1.0 1.0 1.0 1.0 1.0 1.0 1.0 1.0 1.0 1.0 1.0 1.0 1.0 1.0 1.0 1.0 1.0 1.0 1.0 1.0 1.0 1.0 1.0 1.0 1.0 1.0 1.0 1.0 1.0 1.0 1.0 1.0 1.0 1.0 1.0 1.0 1.0 1.0 1.0 1.0 1.0 1.0 
1.0 1.0 1.0 1.0 1.0 1.0 1.0 1.0 1.0 1.0 1.0 1.0 1.0 1.0 1.0 1.0 1.0 1.0 1.0 1.0 1.0 1.0 1.0 1.0 1.0 1.0 1.0 1.0 1.0 1.0 1.0 1.0 1.0 1.0 1.0 1.0 1.0 1.0 1.0 1.0 1.0 0.0 1.0 1.0 1.0 1.0 1.0 1.0 1.0 1.0 1.0 1.0 1.0 1.0 1.0 1.0 1.0 1.0 1.0 1.0 1.0 1.0 1.0 1.0 1.0 1.0 1.0 1.0 1.0 1.0 1.0 1.0 1.0 1.0 1.0 1.0 1.0 1.0 1.0 1.0 1.0 1.0 1.0 1.0 1.0 1.0 1.0 1.0 1.0 1.0 1.0 1.0 1.0 1.0 1.0 1.0 1.0 1.0 1.0 1.0 1.0 1.0 1.0 1.0 1.0 1.0 1.0 1.0 1.0 1.0 1.0 1.0 1.0 1.0 1.0 1.0 1.0 1.0 1.0 1.0 1.0 1.0 1.0 1.0 1.0 1.0 1.0 1.0 
1.0 1.0 1.0 1.0 1.0 1.0 1.0 1.0 1.0 1.0 1.0 1.0 1.0 1.0 1.0 1.0 1.0 1.0 1.0 1.0 1.0 1.0 1.0 1.0 1.0 1.0 1.0 1.0 1.0 1.0 1.0 1.0 1.0 1.0 1.0 1.0 1.0 1.0 1.0 1.0 1.0 1.0 0.0 1.0 1.0 1.0 1.0 1.0 1.0 1.0 1.0 1.0 1.0 1.0 1.0 1.0 1.0 1.0 1.0 1.0 1.0 1.0 1.0 1.0 1.0 1.0 1.0 1.0 1.0 1.0 1.0 1.0 1.0 1.0 1.0 1.0 1.0 1.0 1.0 1.0 1.0 1.0 1.0 1.0 1.0 1.0 1.0 1.0 1.0 1.0 1.0 1.0 1.0 1.0 1.0 1.0 1.0 1.0 1.0 1.0 1.0 1.0 1.0 1.0 1.0 1.0 1.0 1.0 1.0 1.0 1.0 1.0 1.0 1.0 1.0 1.0 1.0 1.0 1.0 1.0 1.0 1.0 1.0 1.0 1.0 1.0 1.0 1.0 
1.0 1.0 1.0 1.0 1.0 1.0 1.0 1.0 1.0 1.0 1.0 1.0 1.0 1.0 1.0 1.0 1.0 1.0 1.0 1.0 1.0 1.0 1.0 1.0 1.0 1.0 1.0 1.0 1.0 1.0 1.0 1.0 1.0 1.0 1.0 1.0 1.0 1.0 1.0 1.0 1.0 1.0 1.0 0.0 1.0 1.0 1.0 1.0 1.0 1.0 1.0 1.0 1.0 1.0 1.0 1.0 1.0 1.0 1.0 1.0 1.0 1.0 1.0 1.0 1.0 1.0 1.0 1.0 1.0 1.0 1.0 1.0 1.0 1.0 1.0 1.0 1.0 1.0 1.0 1.0 1.0 1.0 1.0 1.0 1.0 1.0 1.0 1.0 1.0 1.0 1.0 1.0 1.0 1.0 1.0 1.0 1.0 1.0 1.0 1.0 1.0 1.0 1.0 1.0 1.0 1.0 1.0 1.0 1.0 1.0 1.0 1.0 1.0 1.0 1.0 1.0 1.0 1.0 1.0 1.0 1.0 1.0 1.0 1.0 1.0 1.0 1.0 1.0 
1.0 1.0 1.0 1.0 1.0 1.0 1.0 1.0 1.0 1.0 1.0 1.0 1.0 1.0 1.0 1.0 1.0 1.0 1.0 1.0 1.0 1.0 1.0 1.0 1.0 1.0 1.0 1.0 1.0 1.0 1.0 1.0 1.0 1.0 1.0 1.0 1.0 1.0 1.0 1.0 1.0 1.0 1.0 1.0 0.0 1.0 1.0 1.0 1.0 1.0 1.0 1.0 1.0 1.0 1.0 1.0 1.0 1.0 1.0 1.0 1.0 1.0 1.0 1.0 1.0 1.0 1.0 1.0 1.0 1.0 1.0 1.0 1.0 1.0 1.0 1.0 1.0 1.0 1.0 1.0 1.0 1.0 1.0 1.0 1.0 1.0 1.0 1.0 1.0 1.0 1.0 1.0 1.0 1.0 1.0 1.0 1.0 1.0 1.0 1.0 1.0 1.0 1.0 1.0 1.0 1.0 1.0 1.0 1.0 1.0 1.0 1.0 1.0 1.0 1.0 1.0 1.0 1.0 1.0 1.0 1.0 1.0 1.0 1.0 1.0 1.0 1.0 1.0 
1.0 1.0 1.0 1.0 1.0 1.0 1.0 1.0 1.0 1.0 1.0 1.0 1.0 1.0 1.0 1.0 1.0 1.0 1.0 1.0 1.0 1.0 1.0 1.0 1.0 1.0 1.0 1.0 1.0 1.0 1.0 1.0 1.0 1.0 1.0 1.0 1.0 1.0 1.0 1.0 1.0 1.0 1.0 1.0 1.0 0.0 1.0 1.0 1.0 1.0 1.0 1.0 1.0 1.0 1.0 1.0 1.0 1.0 1.0 1.0 1.0 1.0 1.0 1.0 1.0 1.0 1.0 1.0 1.0 1.0 1.0 1.0 1.0 1.0 1.0 1.0 1.0 1.0 1.0 1.0 1.0 1.0 1.0 1.0 1.0 1.0 1.0 1.0 1.0 1.0 1.0 1.0 1.0 1.0 1.0 1.0 1.0 1.0 1.0 1.0 1.0 1.0 1.0 1.0 1.0 1.0 1.0 1.0 1.0 1.0 1.0 1.0 1.0 1.0 1.0 1.0 1.0 1.0 1.0 1.0 1.0 1.0 1.0 1.0 1.0 1.0 1.0 1.0 
1.0 1.0 1.0 1.0 1.0 1.0 1.0 1.0 1.0 1.0 1.0 1.0 1.0 1.0 1.0 1.0 1.0 1.0 1.0 1.0 1.0 1.0 1.0 1.0 1.0 1.0 1.0 1.0 1.0 1.0 1.0 1.0 1.0 1.0 1.0 1.0 1.0 1.0 1.0 1.0 1.0 1.0 1.0 1.0 1.0 1.0 0.0 1.0 1.0 1.0 1.0 1.0 1.0 1.0 1.0 1.0 1.0 1.0 1.0 1.0 1.0 1.0 1.0 1.0 1.0 1.0 1.0 1.0 1.0 1.0 1.0 1.0 1.0 1.0 1.0 1.0 1.0 1.0 1.0 1.0 1.0 1.0 1.0 1.0 1.0 1.0 1.0 1.0 1.0 1.0 1.0 1.0 1.0 1.0 1.0 1.0 1.0 1.0 1.0 1.0 1.0 1.0 1.0 1.0 1.0 1.0 1.0 1.0 1.0 1.0 1.0 1.0 1.0 1.0 1.0 1.0 1.0 1.0 1.0 1.0 1.0 1.0 1.0 1.0 1.0 1.0 1.0 1.0 
1.0 1.0 1.0 1.0 1.0 1.0 1.0 1.0 1.0 1.0 1.0 1.0 1.0 1.0 1.0 1.0 1.0 1.0 1.0 1.0 1.0 1.0 1.0 1.0 1.0 1.0 1.0 1.0 1.0 1.0 1.0 1.0 1.0 1.0 1.0 1.0 1.0 1.0 1.0 1.0 1.0 1.0 1.0 1.0 1.0 1.0 1.0 0.0 1.0 1.0 1.0 1.0 1.0 1.0 1.0 1.0 1.0 1.0 1.0 1.0 1.0 1.0 1.0 1.0 1.0 1.0 1.0 1.0 1.0 1.0 1.0 1.0 1.0 1.0 1.0 1.0 1.0 1.0 1.0 1.0 1.0 1.0 1.0 1.0 1.0 1.0 1.0 1.0 1.0 1.0 1.0 1.0 1.0 1.0 1.0 1.0 1.0 1.0 1.0 1.0 1.0 1.0 1.0 1.0 1.0 1.0 1.0 1.0 1.0 1.0 1.0 1.0 1.0 1.0 1.0 1.0 1.0 1.0 1.0 1.0 1.0 1.0 1.0 1.0 1.0 1.0 1.0 1.0 
1.0 1.0 1.0 1.0 1.0 1.0 1.0 1.0 1.0 1.0 1.0 1.0 1.0 1.0 1.0 1.0 1.0 1.0 1.0 1.0 1.0 1.0 1.0 1.0 1.0 1.0 1.0 1.0 1.0 1.0 1.0 1.0 1.0 1.0 1.0 1.0 1.0 1.0 1.0 1.0 1.0 1.0 1.0 1.0 1.0 1.0 1.0 1.0 0.0 1.0 1.0 1.0 1.0 1.0 1.0 1.0 1.0 1.0 1.0 1.0 1.0 1.0 1.0 1.0 1.0 1.0 1.0 1.0 1.0 1.0 1.0 1.0 1.0 1.0 1.0 1.0 1.0 1.0 1.0 1.0 1.0 1.0 1.0 1.0 1.0 1.0 1.0 1.0 1.0 1.0 1.0 1.0 1.0 1.0 1.0 1.0 1.0 1.0 1.0 1.0 1.0 1.0 1.0 1.0 1.0 1.0 1.0 1.0 1.0 1.0 1.0 1.0 1.0 1.0 1.0 1.0 1.0 1.0 1.0 1.0 1.0 1.0 1.0 1.0 1.0 1.0 1.0 1.0 
1.0 1.0 1.0 1.0 1.0 1.0 1.0 1.0 1.0 1.0 1.0 1.0 1.0 1.0 1.0 1.0 1.0 1.0 1.0 1.0 1.0 1.0 1.0 1.0 1.0 1.0 1.0 1.0 1.0 1.0 1.0 1.0 1.0 1.0 1.0 1.0 1.0 1.0 1.0 1.0 1.0 1.0 1.0 1.0 1.0 1.0 1.0 1.0 1.0 0.0 1.0 1.0 1.0 1.0 1.0 1.0 1.0 1.0 1.0 1.0 1.0 1.0 1.0 1.0 1.0 1.0 1.0 1.0 1.0 1.0 1.0 1.0 1.0 1.0 1.0 1.0 1.0 1.0 1.0 1.0 1.0 1.0 1.0 1.0 1.0 1.0 1.0 1.0 1.0 1.0 1.0 1.0 1.0 1.0 1.0 1.0 1.0 1.0 1.0 1.0 1.0 1.0 1.0 1.0 1.0 1.0 1.0 1.0 1.0 1.0 1.0 1.0 1.0 1.0 1.0 1.0 1.0 1.0 1.0 1.0 1.0 1.0 1.0 1.0 1.0 1.0 1.0 1.0 
1.0 1.0 1.0 1.0 1.0 1.0 1.0 1.0 1.0 1.0 1.0 1.0 1.0 1.0 1.0 1.0 1.0 1.0 1.0 1.0 1.0 1.0 1.0 1.0 1.0 1.0 1.0 1.0 1.0 1.0 1.0 1.0 1.0 1.0 1.0 1.0 1.0 1.0 1.0 1.0 1.0 1.0 1.0 1.0 1.0 1.0 1.0 1.0 1.0 1.0 0.0 1.0 1.0 1.0 1.0 1.0 1.0 1.0 1.0 1.0 1.0 1.0 1.0 1.0 1.0 1.0 1.0 1.0 1.0 1.0 1.0 1.0 1.0 1.0 1.0 1.0 1.0 1.0 1.0 1.0 1.0 1.0 1.0 1.0 1.0 1.0 1.0 1.0 1.0 1.0 1.0 1.0 1.0 1.0 1.0 1.0 1.0 1.0 1.0 1.0 1.0 1.0 1.0 1.0 1.0 1.0 1.0 1.0 1.0 1.0 1.0 1.0 1.0 1.0 1.0 1.0 1.0 1.0 1.0 1.0 1.0 1.0 1.0 1.0 1.0 1.0 1.0 1.0 
1.0 1.0 1.0 1.0 1.0 1.0 1.0 1.0 1.0 1.0 1.0 1.0 1.0 1.0 1.0 1.0 1.0 1.0 1.0 1.0 1.0 1.0 1.0 1.0 1.0 1.0 1.0 1.0 1.0 1.0 1.0 1.0 1.0 1.0 1.0 1.0 1.0 1.0 1.0 1.0 1.0 1.0 1.0 1.0 1.0 1.0 1.0 1.0 1.0 1.0 1.0 0.0 1.0 1.0 1.0 1.0 1.0 1.0 1.0 1.0 1.0 1.0 1.0 1.0 1.0 1.0 1.0 1.0 1.0 1.0 1.0 1.0 1.0 1.0 1.0 1.0 1.0 1.0 1.0 1.0 1.0 1.0 1.0 1.0 1.0 1.0 1.0 1.0 1.0 1.0 1.0 1.0 1.0 1.0 1.0 1.0 1.0 1.0 1.0 1.0 1.0 1.0 1.0 1.0 1.0 1.0 1.0 1.0 1.0 1.0 1.0 1.0 1.0 1.0 1.0 1.0 1.0 1.0 1.0 1.0 1.0 1.0 1.0 1.0 1.0 1.0 1.0 1.0 
1.0 1.0 1.0 1.0 1.0 1.0 1.0 1.0 1.0 1.0 1.0 1.0 1.0 1.0 1.0 1.0 1.0 1.0 1.0 1.0 1.0 1.0 1.0 1.0 1.0 1.0 1.0 1.0 1.0 1.0 1.0 1.0 1.0 1.0 1.0 1.0 1.0 1.0 1.0 1.0 1.0 1.0 1.0 1.0 1.0 1.0 1.0 1.0 1.0 1.0 1.0 1.0 0.0 1.0 1.0 1.0 1.0 1.0 1.0 1.0 1.0 1.0 1.0 1.0 1.0 1.0 1.0 1.0 1.0 1.0 1.0 1.0 1.0 1.0 1.0 1.0 1.0 1.0 1.0 1.0 1.0 1.0 1.0 1.0 1.0 1.0 1.0 1.0 1.0 1.0 1.0 1.0 1.0 1.0 1.0 1.0 1.0 1.0 1.0 1.0 1.0 1.0 1.0 1.0 1.0 1.0 1.0 1.0 1.0 1.0 1.0 1.0 1.0 1.0 1.0 1.0 1.0 1.0 1.0 1.0 1.0 1.0 1.0 1.0 1.0 1.0 1.0 1.0 
1.0 1.0 1.0 1.0 1.0 1.0 1.0 1.0 1.0 1.0 1.0 1.0 1.0 1.0 1.0 1.0 1.0 1.0 1.0 1.0 1.0 1.0 1.0 1.0 1.0 1.0 1.0 1.0 1.0 1.0 1.0 1.0 1.0 1.0 1.0 1.0 1.0 1.0 1.0 1.0 1.0 1.0 1.0 1.0 1.0 1.0 1.0 1.0 1.0 1.0 1.0 1.0 1.0 0.0 1.0 1.0 1.0 1.0 1.0 1.0 1.0 1.0 1.0 1.0 1.0 1.0 1.0 1.0 1.0 1.0 1.0 1.0 1.0 1.0 1.0 1.0 1.0 1.0 1.0 1.0 1.0 1.0 1.0 1.0 1.0 1.0 1.0 1.0 1.0 1.0 1.0 1.0 1.0 1.0 1.0 1.0 1.0 1.0 1.0 1.0 1.0 1.0 1.0 1.0 1.0 1.0 1.0 1.0 1.0 1.0 1.0 1.0 1.0 1.0 1.0 1.0 1.0 1.0 1.0 1.0 1.0 1.0 1.0 1.0 1.0 1.0 1.0 1.0 
1.0 1.0 1.0 1.0 1.0 1.0 1.0 1.0 1.0 1.0 1.0 1.0 1.0 1.0 1.0 1.0 1.0 1.0 1.0 1.0 1.0 1.0 1.0 1.0 1.0 1.0 1.0 1.0 1.0 1.0 1.0 1.0 1.0 1.0 1.0 1.0 1.0 1.0 1.0 1.0 1.0 1.0 1.0 1.0 1.0 1.0 1.0 1.0 1.0 1.0 1.0 1.0 1.0 1.0 0.0 1.0 1.0 1.0 1.0 1.0 1.0 1.0 1.0 1.0 1.0 1.0 1.0 1.0 1.0 1.0 1.0 1.0 1.0 1.0 1.0 1.0 1.0 1.0 1.0 1.0 1.0 1.0 1.0 1.0 1.0 1.0 1.0 1.0 1.0 1.0 1.0 1.0 1.0 1.0 1.0 1.0 1.0 1.0 1.0 1.0 1.0 1.0 1.0 1.0 1.0 1.0 1.0 1.0 1.0 1.0 1.0 1.0 1.0 1.0 1.0 1.0 1.0 1.0 1.0 1.0 1.0 1.0 1.0 1.0 1.0 1.0 1.0 1.0 
1.0 1.0 1.0 1.0 1.0 1.0 1.0 1.0 1.0 1.0 1.0 1.0 1.0 1.0 1.0 1.0 1.0 1.0 1.0 1.0 1.0 1.0 1.0 1.0 1.0 1.0 1.0 1.0 1.0 1.0 1.0 1.0 1.0 1.0 1.0 1.0 1.0 1.0 1.0 1.0 1.0 1.0 1.0 1.0 1.0 1.0 1.0 1.0 1.0 1.0 1.0 1.0 1.0 1.0 1.0 0.0 1.0 1.0 1.0 1.0 1.0 1.0 1.0 1.0 1.0 1.0 1.0 1.0 1.0 1.0 1.0 1.0 1.0 1.0 1.0 1.0 1.0 1.0 1.0 1.0 1.0 1.0 1.0 1.0 1.0 1.0 1.0 1.0 1.0 1.0 1.0 1.0 1.0 1.0 1.0 1.0 1.0 1.0 1.0 1.0 1.0 1.0 1.0 1.0 1.0 1.0 1.0 1.0 1.0 1.0 1.0 1.0 1.0 1.0 1.0 1.0 1.0 1.0 1.0 1.0 1.0 1.0 1.0 1.0 1.0 1.0 1.0 1.0 
1.0 1.0 1.0 1.0 1.0 1.0 1.0 1.0 1.0 1.0 1.0 1.0 1.0 1.0 1.0 1.0 1.0 1.0 1.0 1.0 1.0 1.0 1.0 1.0 1.0 1.0 1.0 1.0 1.0 1.0 1.0 1.0 1.0 1.0 1.0 1.0 1.0 1.0 1.0 1.0 1.0 1.0 1.0 1.0 1.0 1.0 1.0 1.0 1.0 1.0 1.0 1.0 1.0 1.0 1.0 1.0 0.0 1.0 1.0 1.0 1.0 1.0 1.0 1.0 1.0 1.0 1.0 1.0 1.0 1.0 1.0 1.0 1.0 1.0 1.0 1.0 1.0 1.0 1.0 1.0 1.0 1.0 1.0 1.0 1.0 1.0 1.0 1.0 1.0 1.0 1.0 1.0 1.0 1.0 1.0 1.0 1.0 1.0 1.0 1.0 1.0 1.0 1.0 1.0 1.0 1.0 1.0 1.0 1.0 1.0 1.0 1.0 1.0 1.0 1.0 1.0 1.0 1.0 1.0 1.0 1.0 1.0 1.0 1.0 1.0 1.0 1.0 1.0 
1.0 1.0 1.0 1.0 1.0 1.0 1.0 1.0 1.0 1.0 1.0 1.0 1.0 1.0 1.0 1.0 1.0 1.0 1.0 1.0 1.0 1.0 1.0 1.0 1.0 1.0 1.0 1.0 1.0 1.0 1.0 1.0 1.0 1.0 1.0 1.0 1.0 1.0 1.0 1.0 1.0 1.0 1.0 1.0 1.0 1.0 1.0 1.0 1.0 1.0 1.0 1.0 1.0 1.0 1.0 1.0 1.0 0.0 1.0 1.0 1.0 1.0 1.0 1.0 1.0 1.0 1.0 1.0 1.0 1.0 1.0 1.0 1.0 1.0 1.0 1.0 1.0 1.0 1.0 1.0 1.0 1.0 1.0 1.0 1.0 1.0 1.0 1.0 1.0 1.0 1.0 1.0 1.0 1.0 1.0 1.0 1.0 1.0 1.0 1.0 1.0 1.0 1.0 1.0 1.0 1.0 1.0 1.0 1.0 1.0 1.0 1.0 1.0 1.0 1.0 1.0 1.0 1.0 1.0 1.0 1.0 1.0 1.0 1.0 1.0 1.0 1.0 1.0 
1.0 1.0 1.0 1.0 1.0 1.0 1.0 1.0 1.0 1.0 1.0 1.0 1.0 1.0 1.0 1.0 1.0 1.0 1.0 1.0 1.0 1.0 1.0 1.0 1.0 1.0 1.0 1.0 1.0 1.0 1.0 1.0 1.0 1.0 1.0 1.0 1.0 1.0 1.0 1.0 1.0 1.0 1.0 1.0 1.0 1.0 1.0 1.0 1.0 1.0 1.0 1.0 1.0 1.0 1.0 1.0 1.0 1.0 0.0 1.0 1.0 1.0 1.0 1.0 1.0 1.0 1.0 1.0 1.0 1.0 1.0 1.0 1.0 1.0 1.0 1.0 1.0 1.0 1.0 1.0 1.0 1.0 1.0 1.0 1.0 1.0 1.0 1.0 1.0 1.0 1.0 1.0 1.0 1.0 1.0 1.0 1.0 1.0 1.0 1.0 1.0 1.0 1.0 1.0 1.0 1.0 1.0 1.0 1.0 1.0 1.0 1.0 1.0 1.0 1.0 1.0 1.0 1.0 1.0 1.0 1.0 1.0 1.0 1.0 1.0 1.0 1.0 1.0 
1.0 1.0 1.0 1.0 1.0 1.0 1.0 1.0 1.0 1.0 1.0 1.0 1.0 1.0 1.0 1.0 1.0 1.0 1.0 1.0 1.0 1.0 1.0 1.0 1.0 1.0 1.0 1.0 1.0 1.0 1.0 1.0 1.0 1.0 1.0 1.0 1.0 1.0 1.0 1.0 1.0 1.0 1.0 1.0 1.0 1.0 1.0 1.0 1.0 1.0 1.0 1.0 1.0 1.0 1.0 1.0 1.0 1.0 1.0 0.0 1.0 1.0 1.0 1.0 1.0 1.0 1.0 1.0 1.0 1.0 1.0 1.0 1.0 1.0 1.0 1.0 1.0 1.0 1.0 1.0 1.0 1.0 1.0 1.0 1.0 1.0 1.0 1.0 1.0 1.0 1.0 1.0 1.0 1.0 1.0 1.0 1.0 1.0 1.0 1.0 1.0 1.0 1.0 1.0 1.0 1.0 1.0 1.0 1.0 1.0 1.0 1.0 1.0 1.0 1.0 1.0 1.0 1.0 1.0 1.0 1.0 1.0 1.0 1.0 1.0 1.0 1.0 1.0 
1.0 1.0 1.0 1.0 1.0 1.0 1.0 1.0 1.0 1.0 1.0 1.0 1.0 1.0 1.0 1.0 1.0 1.0 1.0 1.0 1.0 1.0 1.0 1.0 1.0 1.0 1.0 1.0 1.0 1.0 1.0 1.0 1.0 1.0 1.0 1.0 1.0 1.0 1.0 1.0 1.0 1.0 1.0 1.0 1.0 1.0 1.0 1.0 1.0 1.0 1.0 1.0 1.0 1.0 1.0 1.0 1.0 1.0 1.0 1.0 0.0 1.0 1.0 1.0 1.0 1.0 1.0 1.0 1.0 1.0 1.0 1.0 1.0 1.0 1.0 1.0 1.0 1.0 1.0 1.0 1.0 1.0 1.0 1.0 1.0 1.0 1.0 1.0 1.0 1.0 1.0 1.0 1.0 1.0 1.0 1.0 1.0 1.0 1.0 1.0 1.0 1.0 1.0 1.0 1.0 1.0 1.0 1.0 1.0 1.0 1.0 1.0 1.0 1.0 1.0 1.0 1.0 1.0 1.0 1.0 1.0 1.0 1.0 1.0 1.0 1.0 1.0 1.0 
1.0 1.0 1.0 1.0 1.0 1.0 1.0 1.0 1.0 1.0 1.0 1.0 1.0 1.0 1.0 1.0 1.0 1.0 1.0 1.0 1.0 1.0 1.0 1.0 1.0 1.0 1.0 1.0 1.0 1.0 1.0 1.0 1.0 1.0 1.0 1.0 1.0 1.0 1.0 1.0 1.0 1.0 1.0 1.0 1.0 1.0 1.0 1.0 1.0 1.0 1.0 1.0 1.0 1.0 1.0 1.0 1.0 1.0 1.0 1.0 1.0 0.0 1.0 1.0 1.0 1.0 1.0 1.0 1.0 1.0 1.0 1.0 1.0 1.0 1.0 1.0 1.0 1.0 1.0 1.0 1.0 1.0 1.0 1.0 1.0 1.0 1.0 1.0 1.0 1.0 1.0 1.0 1.0 1.0 1.0 1.0 1.0 1.0 1.0 1.0 1.0 1.0 1.0 1.0 1.0 1.0 1.0 1.0 1.0 1.0 1.0 1.0 1.0 1.0 1.0 1.0 1.0 1.0 1.0 1.0 1.0 1.0 1.0 1.0 1.0 1.0 1.0 1.0 
1.0 1.0 1.0 1.0 1.0 1.0 1.0 1.0 1.0 1.0 1.0 1.0 1.0 1.0 1.0 1.0 1.0 1.0 1.0 1.0 1.0 1.0 1.0 1.0 1.0 1.0 1.0 1.0 1.0 1.0 1.0 1.0 1.0 1.0 1.0 1.0 1.0 1.0 1.0 1.0 1.0 1.0 1.0 1.0 1.0 1.0 1.0 1.0 1.0 1.0 1.0 1.0 1.0 1.0 1.0 1.0 1.0 1.0 1.0 1.0 1.0 1.0 0.0 1.0 1.0 1.0 1.0 1.0 1.0 1.0 1.0 1.0 1.0 1.0 1.0 1.0 1.0 1.0 1.0 1.0 1.0 1.0 1.0 1.0 1.0 1.0 1.0 1.0 1.0 1.0 1.0 1.0 1.0 1.0 1.0 1.0 1.0 1.0 1.0 1.0 1.0 1.0 1.0 1.0 1.0 1.0 1.0 1.0 1.0 1.0 1.0 1.0 1.0 1.0 1.0 1.0 1.0 1.0 1.0 1.0 1.0 1.0 1.0 1.0 1.0 1.0 1.0 1.0 
1.0 1.0 1.0 1.0 1.0 1.0 1.0 1.0 1.0 1.0 1.0 1.0 1.0 1.0 1.0 1.0 1.0 1.0 1.0 1.0 1.0 1.0 1.0 1.0 1.0 1.0 1.0 1.0 1.0 1.0 1.0 1.0 1.0 1.0 1.0 1.0 1.0 1.0 1.0 1.0 1.0 1.0 1.0 1.0 1.0 1.0 1.0 1.0 1.0 1.0 1.0 1.0 1.0 1.0 1.0 1.0 1.0 1.0 1.0 1.0 1.0 1.0 1.0 0.0 1.0 1.0 1.0 1.0 1.0 1.0 1.0 1.0 1.0 1.0 1.0 1.0 1.0 1.0 1.0 1.0 1.0 1.0 1.0 1.0 1.0 1.0 1.0 1.0 1.0 1.0 1.0 1.0 1.0 1.0 1.0 1.0 1.0 1.0 1.0 1.0 1.0 1.0 1.0 1.0 1.0 1.0 1.0 1.0 1.0 1.0 1.0 1.0 1.0 1.0 1.0 1.0 1.0 1.0 1.0 1.0 1.0 1.0 1.0 1.0 1.0 1.0 1.0 1.0 
1.0 1.0 1.0 1.0 1.0 1.0 1.0 1.0 1.0 1.0 1.0 1.0 1.0 1.0 1.0 1.0 1.0 1.0 1.0 1.0 1.0 1.0 1.0 1.0 1.0 1.0 1.0 1.0 1.0 1.0 1.0 1.0 1.0 1.0 1.0 1.0 1.0 1.0 1.0 1.0 1.0 1.0 1.0 1.0 1.0 1.0 1.0 1.0 1.0 1.0 1.0 1.0 1.0 1.0 1.0 1.0 1.0 1.0 1.0 1.0 1.0 1.0 1.0 1.0 0.0 1.0 1.0 1.0 1.0 1.0 1.0 1.0 1.0 1.0 1.0 1.0 1.0 1.0 1.0 1.0 1.0 1.0 1.0 1.0 1.0 1.0 1.0 1.0 1.0 1.0 1.0 1.0 1.0 1.0 1.0 1.0 1.0 1.0 1.0 1.0 1.0 1.0 1.0 1.0 1.0 1.0 1.0 1.0 1.0 1.0 1.0 1.0 1.0 1.0 1.0 1.0 1.0 1.0 1.0 1.0 1.0 1.0 1.0 1.0 1.0 1.0 1.0 1.0 
1.0 1.0 1.0 1.0 1.0 1.0 1.0 1.0 1.0 1.0 1.0 1.0 1.0 1.0 1.0 1.0 1.0 1.0 1.0 1.0 1.0 1.0 1.0 1.0 1.0 1.0 1.0 1.0 1.0 1.0 1.0 1.0 1.0 1.0 1.0 1.0 1.0 1.0 1.0 1.0 1.0 1.0 1.0 1.0 1.0 1.0 1.0 1.0 1.0 1.0 1.0 1.0 1.0 1.0 1.0 1.0 1.0 1.0 1.0 1.0 1.0 1.0 1.0 1.0 1.0 0.0 1.0 1.0 1.0 1.0 1.0 1.0 1.0 1.0 1.0 1.0 1.0 1.0 1.0 1.0 1.0 1.0 1.0 1.0 1.0 1.0 1.0 1.0 1.0 1.0 1.0 1.0 1.0 1.0 1.0 1.0 1.0 1.0 1.0 1.0 1.0 1.0 1.0 1.0 1.0 1.0 1.0 1.0 1.0 1.0 1.0 1.0 1.0 1.0 1.0 1.0 1.0 1.0 1.0 1.0 1.0 1.0 1.0 1.0 1.0 1.0 1.0 1.0 
1.0 1.0 1.0 1.0 1.0 1.0 1.0 1.0 1.0 1.0 1.0 1.0 1.0 1.0 1.0 1.0 1.0 1.0 1.0 1.0 1.0 1.0 1.0 1.0 1.0 1.0 1.0 1.0 1.0 1.0 1.0 1.0 1.0 1.0 1.0 1.0 1.0 1.0 1.0 1.0 1.0 1.0 1.0 1.0 1.0 1.0 1.0 1.0 1.0 1.0 1.0 1.0 1.0 1.0 1.0 1.0 1.0 1.0 1.0 1.0 1.0 1.0 1.0 1.0 1.0 1.0 0.0 1.0 1.0 1.0 1.0 1.0 1.0 1.0 1.0 1.0 1.0 1.0 1.0 1.0 1.0 1.0 1.0 1.0 1.0 1.0 1.0 1.0 1.0 1.0 1.0 1.0 1.0 1.0 1.0 1.0 1.0 1.0 1.0 1.0 1.0 1.0 1.0 1.0 1.0 1.0 1.0 1.0 1.0 1.0 1.0 1.0 1.0 1.0 1.0 1.0 1.0 1.0 1.0 1.0 1.0 1.0 1.0 1.0 1.0 1.0 1.0 1.0 
1.0 1.0 1.0 1.0 1.0 1.0 1.0 1.0 1.0 1.0 1.0 1.0 1.0 1.0 1.0 1.0 1.0 1.0 1.0 1.0 1.0 1.0 1.0 1.0 1.0 1.0 1.0 1.0 1.0 1.0 1.0 1.0 1.0 1.0 1.0 1.0 1.0 1.0 1.0 1.0 1.0 1.0 1.0 1.0 1.0 1.0 1.0 1.0 1.0 1.0 1.0 1.0 1.0 1.0 1.0 1.0 1.0 1.0 1.0 1.0 1.0 1.0 1.0 1.0 1.0 1.0 1.0 0.0 1.0 1.0 1.0 1.0 1.0 1.0 1.0 1.0 1.0 1.0 1.0 1.0 1.0 1.0 1.0 1.0 1.0 1.0 1.0 1.0 1.0 1.0 1.0 1.0 1.0 1.0 1.0 1.0 1.0 1.0 1.0 1.0 1.0 1.0 1.0 1.0 1.0 1.0 1.0 1.0 1.0 1.0 1.0 1.0 1.0 1.0 1.0 1.0 1.0 1.0 1.0 1.0 1.0 1.0 1.0 1.0 1.0 1.0 1.0 1.0 
1.0 1.0 1.0 1.0 1.0 1.0 1.0 1.0 1.0 1.0 1.0 1.0 1.0 1.0 1.0 1.0 1.0 1.0 1.0 1.0 1.0 1.0 1.0 1.0 1.0 1.0 1.0 1.0 1.0 1.0 1.0 1.0 1.0 1.0 1.0 1.0 1.0 1.0 1.0 1.0 1.0 1.0 1.0 1.0 1.0 1.0 1.0 1.0 1.0 1.0 1.0 1.0 1.0 1.0 1.0 1.0 1.0 1.0 1.0 1.0 1.0 1.0 1.0 1.0 1.0 1.0 1.0 1.0 0.0 1.0 1.0 1.0 1.0 1.0 1.0 1.0 1.0 1.0 1.0 1.0 1.0 1.0 1.0 1.0 1.0 1.0 1.0 1.0 1.0 1.0 1.0 1.0 1.0 1.0 1.0 1.0 1.0 1.0 1.0 1.0 1.0 1.0 1.0 1.0 1.0 1.0 1.0 1.0 1.0 1.0 1.0 1.0 1.0 1.0 1.0 1.0 1.0 1.0 1.0 1.0 1.0 1.0 1.0 1.0 1.0 1.0 1.0 1.0 
1.0 1.0 1.0 1.0 1.0 1.0 1.0 1.0 1.0 1.0 1.0 1.0 1.0 1.0 1.0 1.0 1.0 1.0 1.0 1.0 1.0 1.0 1.0 1.0 1.0 1.0 1.0 1.0 1.0 1.0 1.0 1.0 1.0 1.0 1.0 1.0 1.0 1.0 1.0 1.0 1.0 1.0 1.0 1.0 1.0 1.0 1.0 1.0 1.0 1.0 1.0 1.0 1.0 1.0 1.0 1.0 1.0 1.0 1.0 1.0 1.0 1.0 1.0 1.0 1.0 1.0 1.0 1.0 1.0 0.0 1.0 1.0 1.0 1.0 1.0 1.0 1.0 1.0 1.0 1.0 1.0 1.0 1.0 1.0 1.0 1.0 1.0 1.0 1.0 1.0 1.0 1.0 1.0 1.0 1.0 1.0 1.0 1.0 1.0 1.0 1.0 1.0 1.0 1.0 1.0 1.0 1.0 1.0 1.0 1.0 1.0 1.0 1.0 1.0 1.0 1.0 1.0 1.0 1.0 1.0 1.0 1.0 1.0 1.0 1.0 1.0 1.0 1.0 
1.0 1.0 1.0 1.0 1.0 1.0 1.0 1.0 1.0 1.0 1.0 1.0 1.0 1.0 1.0 1.0 1.0 1.0 1.0 1.0 1.0 1.0 1.0 1.0 1.0 1.0 1.0 1.0 1.0 1.0 1.0 1.0 1.0 1.0 1.0 1.0 1.0 1.0 1.0 1.0 1.0 1.0 1.0 1.0 1.0 1.0 1.0 1.0 1.0 1.0 1.0 1.0 1.0 1.0 1.0 1.0 1.0 1.0 1.0 1.0 1.0 1.0 1.0 1.0 1.0 1.0 1.0 1.0 1.0 1.0 0.0 1.0 1.0 1.0 1.0 1.0 1.0 1.0 1.0 1.0 1.0 1.0 1.0 1.0 1.0 1.0 1.0 1.0 1.0 1.0 1.0 1.0 1.0 1.0 1.0 1.0 1.0 1.0 1.0 1.0 1.0 1.0 1.0 1.0 1.0 1.0 1.0 1.0 1.0 1.0 1.0 1.0 1.0 1.0 1.0 1.0 1.0 1.0 1.0 1.0 1.0 1.0 1.0 1.0 1.0 1.0 1.0 1.0 
1.0 1.0 1.0 1.0 1.0 1.0 1.0 1.0 1.0 1.0 1.0 1.0 1.0 1.0 1.0 1.0 1.0 1.0 1.0 1.0 1.0 1.0 1.0 1.0 1.0 1.0 1.0 1.0 1.0 1.0 1.0 1.0 1.0 1.0 1.0 1.0 1.0 1.0 1.0 1.0 1.0 1.0 1.0 1.0 1.0 1.0 1.0 1.0 1.0 1.0 1.0 1.0 1.0 1.0 1.0 1.0 1.0 1.0 1.0 1.0 1.0 1.0 1.0 1.0 1.0 1.0 1.0 1.0 1.0 1.0 1.0 0.0 1.0 1.0 1.0 1.0 1.0 1.0 1.0 1.0 1.0 1.0 1.0 1.0 1.0 1.0 1.0 1.0 1.0 1.0 1.0 1.0 1.0 1.0 1.0 1.0 1.0 1.0 1.0 1.0 1.0 1.0 1.0 1.0 1.0 1.0 1.0 1.0 1.0 1.0 1.0 1.0 1.0 1.0 1.0 1.0 1.0 1.0 1.0 1.0 1.0 1.0 1.0 1.0 1.0 1.0 1.0 1.0 
1.0 1.0 1.0 1.0 1.0 1.0 1.0 1.0 1.0 1.0 1.0 1.0 1.0 1.0 1.0 1.0 1.0 1.0 1.0 1.0 1.0 1.0 1.0 1.0 1.0 1.0 1.0 1.0 1.0 1.0 1.0 1.0 1.0 1.0 1.0 1.0 1.0 1.0 1.0 1.0 1.0 1.0 1.0 1.0 1.0 1.0 1.0 1.0 1.0 1.0 1.0 1.0 1.0 1.0 1.0 1.0 1.0 1.0 1.0 1.0 1.0 1.0 1.0 1.0 1.0 1.0 1.0 1.0 1.0 1.0 1.0 1.0 0.0 1.0 1.0 1.0 1.0 1.0 1.0 1.0 1.0 1.0 1.0 1.0 1.0 1.0 1.0 1.0 1.0 1.0 1.0 1.0 1.0 1.0 1.0 1.0 1.0 1.0 1.0 1.0 1.0 1.0 1.0 1.0 1.0 1.0 1.0 1.0 1.0 1.0 1.0 1.0 1.0 1.0 1.0 1.0 1.0 1.0 1.0 1.0 1.0 1.0 1.0 1.0 1.0 1.0 1.0 1.0 
1.0 1.0 1.0 1.0 1.0 1.0 1.0 1.0 1.0 1.0 1.0 1.0 1.0 1.0 1.0 1.0 1.0 1.0 1.0 1.0 1.0 1.0 1.0 1.0 1.0 1.0 1.0 1.0 1.0 1.0 1.0 1.0 1.0 1.0 1.0 1.0 1.0 1.0 1.0 1.0 1.0 1.0 1.0 1.0 1.0 1.0 1.0 1.0 1.0 1.0 1.0 1.0 1.0 1.0 1.0 1.0 1.0 1.0 1.0 1.0 1.0 1.0 1.0 1.0 1.0 1.0 1.0 1.0 1.0 1.0 1.0 1.0 1.0 0.0 1.0 1.0 1.0 1.0 1.0 1.0 1.0 1.0 1.0 1.0 1.0 1.0 1.0 1.0 1.0 1.0 1.0 1.0 1.0 1.0 1.0 1.0 1.0 1.0 1.0 1.0 1.0 1.0 1.0 1.0 1.0 1.0 1.0 1.0 1.0 1.0 1.0 1.0 1.0 1.0 1.0 1.0 1.0 1.0 1.0 1.0 1.0 1.0 1.0 1.0 1.0 1.0 1.0 1.0 
1.0 1.0 1.0 1.0 1.0 1.0 1.0 1.0 1.0 1.0 1.0 1.0 1.0 1.0 1.0 1.0 1.0 1.0 1.0 1.0 1.0 1.0 1.0 1.0 1.0 1.0 1.0 1.0 1.0 1.0 1.0 1.0 1.0 1.0 1.0 1.0 1.0 1.0 1.0 1.0 1.0 1.0 1.0 1.0 1.0 1.0 1.0 1.0 1.0 1.0 1.0 1.0 1.0 1.0 1.0 1.0 1.0 1.0 1.0 1.0 1.0 1.0 1.0 1.0 1.0 1.0 1.0 1.0 1.0 1.0 1.0 1.0 1.0 1.0 0.0 1.0 1.0 1.0 1.0 1.0 1.0 1.0 1.0 1.0 1.0 1.0 1.0 1.0 1.0 1.0 1.0 1.0 1.0 1.0 1.0 1.0 1.0 1.0 1.0 1.0 1.0 1.0 1.0 1.0 1.0 1.0 1.0 1.0 1.0 1.0 1.0 1.0 1.0 1.0 1.0 1.0 1.0 1.0 1.0 1.0 1.0 1.0 1.0 1.0 1.0 1.0 1.0 1.0 
1.0 1.0 1.0 1.0 1.0 1.0 1.0 1.0 1.0 1.0 1.0 1.0 1.0 1.0 1.0 1.0 1.0 1.0 1.0 1.0 1.0 1.0 1.0 1.0 1.0 1.0 1.0 1.0 1.0 1.0 1.0 1.0 1.0 1.0 1.0 1.0 1.0 1.0 1.0 1.0 1.0 1.0 1.0 1.0 1.0 1.0 1.0 1.0 1.0 1.0 1.0 1.0 1.0 1.0 1.0 1.0 1.0 1.0 1.0 1.0 1.0 1.0 1.0 1.0 1.0 1.0 1.0 1.0 1.0 1.0 1.0 1.0 1.0 1.0 1.0 0.0 1.0 1.0 1.0 1.0 1.0 1.0 1.0 1.0 1.0 1.0 1.0 1.0 1.0 1.0 1.0 1.0 1.0 1.0 1.0 1.0 1.0 1.0 1.0 1.0 1.0 1.0 1.0 1.0 1.0 1.0 1.0 1.0 1.0 1.0 1.0 1.0 1.0 1.0 1.0 1.0 1.0 1.0 1.0 1.0 1.0 1.0 1.0 1.0 1.0 1.0 1.0 1.0 
1.0 1.0 1.0 1.0 1.0 1.0 1.0 1.0 1.0 1.0 1.0 1.0 1.0 1.0 1.0 1.0 1.0 1.0 1.0 1.0 1.0 1.0 1.0 1.0 1.0 1.0 1.0 1.0 1.0 1.0 1.0 1.0 1.0 1.0 1.0 1.0 1.0 1.0 1.0 1.0 1.0 1.0 1.0 1.0 1.0 1.0 1.0 1.0 1.0 1.0 1.0 1.0 1.0 1.0 1.0 1.0 1.0 1.0 1.0 1.0 1.0 1.0 1.0 1.0 1.0 1.0 1.0 1.0 1.0 1.0 1.0 1.0 1.0 1.0 1.0 1.0 0.0 1.0 1.0 1.0 1.0 1.0 1.0 1.0 1.0 1.0 1.0 1.0 1.0 1.0 1.0 1.0 1.0 1.0 1.0 1.0 1.0 1.0 1.0 1.0 1.0 1.0 1.0 1.0 1.0 1.0 1.0 1.0 1.0 1.0 1.0 1.0 1.0 1.0 1.0 1.0 1.0 1.0 1.0 1.0 1.0 1.0 1.0 1.0 1.0 1.0 1.0 1.0 
1.0 1.0 1.0 1.0 1.0 1.0 1.0 1.0 1.0 1.0 1.0 1.0 1.0 1.0 1.0 1.0 1.0 1.0 1.0 1.0 1.0 1.0 1.0 1.0 1.0 1.0 1.0 1.0 1.0 1.0 1.0 1.0 1.0 1.0 1.0 1.0 1.0 1.0 1.0 1.0 1.0 1.0 1.0 1.0 1.0 1.0 1.0 1.0 1.0 1.0 1.0 1.0 1.0 1.0 1.0 1.0 1.0 1.0 1.0 1.0 1.0 1.0 1.0 1.0 1.0 1.0 1.0 1.0 1.0 1.0 1.0 1.0 1.0 1.0 1.0 1.0 1.0 0.0 1.0 1.0 1.0 1.0 1.0 1.0 1.0 1.0 1.0 1.0 1.0 1.0 1.0 1.0 1.0 1.0 1.0 1.0 1.0 1.0 1.0 1.0 1.0 1.0 1.0 1.0 1.0 1.0 1.0 1.0 1.0 1.0 1.0 1.0 1.0 1.0 1.0 1.0 1.0 1.0 1.0 1.0 1.0 1.0 1.0 1.0 1.0 1.0 1.0 1.0 
1.0 1.0 1.0 1.0 1.0 1.0 1.0 1.0 1.0 1.0 1.0 1.0 1.0 1.0 1.0 1.0 1.0 1.0 1.0 1.0 1.0 1.0 1.0 1.0 1.0 1.0 1.0 1.0 1.0 1.0 1.0 1.0 1.0 1.0 1.0 1.0 1.0 1.0 1.0 1.0 1.0 1.0 1.0 1.0 1.0 1.0 1.0 1.0 1.0 1.0 1.0 1.0 1.0 1.0 1.0 1.0 1.0 1.0 1.0 1.0 1.0 1.0 1.0 1.0 1.0 1.0 1.0 1.0 1.0 1.0 1.0 1.0 1.0 1.0 1.0 1.0 1.0 1.0 0.0 1.0 1.0 1.0 1.0 1.0 1.0 1.0 1.0 1.0 1.0 1.0 1.0 1.0 1.0 1.0 1.0 1.0 1.0 1.0 1.0 1.0 1.0 1.0 1.0 1.0 1.0 1.0 1.0 1.0 1.0 1.0 1.0 1.0 1.0 1.0 1.0 1.0 1.0 1.0 1.0 1.0 1.0 1.0 1.0 1.0 1.0 1.0 1.0 1.0 
1.0 1.0 1.0 1.0 1.0 1.0 1.0 1.0 1.0 1.0 1.0 1.0 1.0 1.0 1.0 1.0 1.0 1.0 1.0 1.0 1.0 1.0 1.0 1.0 1.0 1.0 1.0 1.0 1.0 1.0 1.0 1.0 1.0 1.0 1.0 1.0 1.0 1.0 1.0 1.0 1.0 1.0 1.0 1.0 1.0 1.0 1.0 1.0 1.0 1.0 1.0 1.0 1.0 1.0 1.0 1.0 1.0 1.0 1.0 1.0 1.0 1.0 1.0 1.0 1.0 1.0 1.0 1.0 1.0 1.0 1.0 1.0 1.0 1.0 1.0 1.0 1.0 1.0 1.0 0.0 1.0 1.0 1.0 1.0 1.0 1.0 1.0 1.0 1.0 1.0 1.0 1.0 1.0 1.0 1.0 1.0 1.0 1.0 1.0 1.0 1.0 1.0 1.0 1.0 1.0 1.0 1.0 1.0 1.0 1.0 1.0 1.0 1.0 1.0 1.0 1.0 1.0 1.0 1.0 1.0 1.0 1.0 1.0 1.0 1.0 1.0 1.0 1.0 
1.0 1.0 1.0 1.0 1.0 1.0 1.0 1.0 1.0 1.0 1.0 1.0 1.0 1.0 1.0 1.0 1.0 1.0 1.0 1.0 1.0 1.0 1.0 1.0 1.0 1.0 1.0 1.0 1.0 1.0 1.0 1.0 1.0 1.0 1.0 1.0 1.0 1.0 1.0 1.0 1.0 1.0 1.0 1.0 1.0 1.0 1.0 1.0 1.0 1.0 1.0 1.0 1.0 1.0 1.0 1.0 1.0 1.0 1.0 1.0 1.0 1.0 1.0 1.0 1.0 1.0 1.0 1.0 1.0 1.0 1.0 1.0 1.0 1.0 1.0 1.0 1.0 1.0 1.0 1.0 0.0 1.0 1.0 1.0 1.0 1.0 1.0 1.0 1.0 1.0 1.0 1.0 1.0 1.0 1.0 1.0 1.0 1.0 1.0 1.0 1.0 1.0 1.0 1.0 1.0 1.0 1.0 1.0 1.0 1.0 1.0 1.0 1.0 1.0 1.0 1.0 1.0 1.0 1.0 1.0 1.0 1.0 1.0 1.0 1.0 1.0 1.0 1.0 
1.0 1.0 1.0 1.0 1.0 1.0 1.0 1.0 1.0 1.0 1.0 1.0 1.0 1.0 1.0 1.0 1.0 1.0 1.0 1.0 1.0 1.0 1.0 1.0 1.0 1.0 1.0 1.0 1.0 1.0 1.0 1.0 1.0 1.0 1.0 1.0 1.0 1.0 1.0 1.0 1.0 1.0 1.0 1.0 1.0 1.0 1.0 1.0 1.0 1.0 1.0 1.0 1.0 1.0 1.0 1.0 1.0 1.0 1.0 1.0 1.0 1.0 1.0 1.0 1.0 1.0 1.0 1.0 1.0 1.0 1.0 1.0 1.0 1.0 1.0 1.0 1.0 1.0 1.0 1.0 1.0 0.0 1.0 1.0 1.0 1.0 1.0 1.0 1.0 1.0 1.0 1.0 1.0 1.0 1.0 1.0 1.0 1.0 1.0 1.0 1.0 1.0 1.0 1.0 1.0 1.0 1.0 1.0 1.0 1.0 1.0 1.0 1.0 1.0 1.0 1.0 1.0 1.0 1.0 1.0 1.0 1.0 1.0 1.0 1.0 1.0 1.0 1.0 
1.0 1.0 1.0 1.0 1.0 1.0 1.0 1.0 1.0 1.0 1.0 1.0 1.0 1.0 1.0 1.0 1.0 1.0 1.0 1.0 1.0 1.0 1.0 1.0 1.0 1.0 1.0 1.0 1.0 1.0 1.0 1.0 1.0 1.0 1.0 1.0 1.0 1.0 1.0 1.0 1.0 1.0 1.0 1.0 1.0 1.0 1.0 1.0 1.0 1.0 1.0 1.0 1.0 1.0 1.0 1.0 1.0 1.0 1.0 1.0 1.0 1.0 1.0 1.0 1.0 1.0 1.0 1.0 1.0 1.0 1.0 1.0 1.0 1.0 1.0 1.0 1.0 1.0 1.0 1.0 1.0 1.0 0.0 1.0 1.0 1.0 1.0 1.0 1.0 1.0 1.0 1.0 1.0 1.0 1.0 1.0 1.0 1.0 1.0 1.0 1.0 1.0 1.0 1.0 1.0 1.0 1.0 1.0 1.0 1.0 1.0 1.0 1.0 1.0 1.0 1.0 1.0 1.0 1.0 1.0 1.0 1.0 1.0 1.0 1.0 1.0 1.0 1.0 
1.0 1.0 1.0 1.0 1.0 1.0 1.0 1.0 1.0 1.0 1.0 1.0 1.0 1.0 1.0 1.0 1.0 1.0 1.0 1.0 1.0 1.0 1.0 1.0 1.0 1.0 1.0 1.0 1.0 1.0 1.0 1.0 1.0 1.0 1.0 1.0 1.0 1.0 1.0 1.0 1.0 1.0 1.0 1.0 1.0 1.0 1.0 1.0 1.0 1.0 1.0 1.0 1.0 1.0 1.0 1.0 1.0 1.0 1.0 1.0 1.0 1.0 1.0 1.0 1.0 1.0 1.0 1.0 1.0 1.0 1.0 1.0 1.0 1.0 1.0 1.0 1.0 1.0 1.0 1.0 1.0 1.0 1.0 0.0 1.0 1.0 1.0 1.0 1.0 1.0 1.0 1.0 1.0 1.0 1.0 1.0 1.0 1.0 1.0 1.0 1.0 1.0 1.0 1.0 1.0 1.0 1.0 1.0 1.0 1.0 1.0 1.0 1.0 1.0 1.0 1.0 1.0 1.0 1.0 1.0 1.0 1.0 1.0 1.0 1.0 1.0 1.0 1.0 
1.0 1.0 1.0 1.0 1.0 1.0 1.0 1.0 1.0 1.0 1.0 1.0 1.0 1.0 1.0 1.0 1.0 1.0 1.0 1.0 1.0 1.0 1.0 1.0 1.0 1.0 1.0 1.0 1.0 1.0 1.0 1.0 1.0 1.0 1.0 1.0 1.0 1.0 1.0 1.0 1.0 1.0 1.0 1.0 1.0 1.0 1.0 1.0 1.0 1.0 1.0 1.0 1.0 1.0 1.0 1.0 1.0 1.0 1.0 1.0 1.0 1.0 1.0 1.0 1.0 1.0 1.0 1.0 1.0 1.0 1.0 1.0 1.0 1.0 1.0 1.0 1.0 1.0 1.0 1.0 1.0 1.0 1.0 1.0 0.0 1.0 1.0 1.0 1.0 1.0 1.0 1.0 1.0 1.0 1.0 1.0 1.0 1.0 1.0 1.0 1.0 1.0 1.0 1.0 1.0 1.0 1.0 1.0 1.0 1.0 1.0 1.0 1.0 1.0 1.0 1.0 1.0 1.0 1.0 1.0 1.0 1.0 1.0 1.0 1.0 1.0 1.0 1.0 
1.0 1.0 1.0 1.0 1.0 1.0 1.0 1.0 1.0 1.0 1.0 1.0 1.0 1.0 1.0 1.0 1.0 1.0 1.0 1.0 1.0 1.0 1.0 1.0 1.0 1.0 1.0 1.0 1.0 1.0 1.0 1.0 1.0 1.0 1.0 1.0 1.0 1.0 1.0 1.0 1.0 1.0 1.0 1.0 1.0 1.0 1.0 1.0 1.0 1.0 1.0 1.0 1.0 1.0 1.0 1.0 1.0 1.0 1.0 1.0 1.0 1.0 1.0 1.0 1.0 1.0 1.0 1.0 1.0 1.0 1.0 1.0 1.0 1.0 1.0 1.0 1.0 1.0 1.0 1.0 1.0 1.0 1.0 1.0 1.0 0.0 1.0 1.0 1.0 1.0 1.0 1.0 1.0 1.0 1.0 1.0 1.0 1.0 1.0 1.0 1.0 1.0 1.0 1.0 1.0 1.0 1.0 1.0 1.0 1.0 1.0 1.0 1.0 1.0 1.0 1.0 1.0 1.0 1.0 1.0 1.0 1.0 1.0 1.0 1.0 1.0 1.0 1.0 
1.0 1.0 1.0 1.0 1.0 1.0 1.0 1.0 1.0 1.0 1.0 1.0 1.0 1.0 1.0 1.0 1.0 1.0 1.0 1.0 1.0 1.0 1.0 1.0 1.0 1.0 1.0 1.0 1.0 1.0 1.0 1.0 1.0 1.0 1.0 1.0 1.0 1.0 1.0 1.0 1.0 1.0 1.0 1.0 1.0 1.0 1.0 1.0 1.0 1.0 1.0 1.0 1.0 1.0 1.0 1.0 1.0 1.0 1.0 1.0 1.0 1.0 1.0 1.0 1.0 1.0 1.0 1.0 1.0 1.0 1.0 1.0 1.0 1.0 1.0 1.0 1.0 1.0 1.0 1.0 1.0 1.0 1.0 1.0 1.0 1.0 0.0 1.0 1.0 1.0 1.0 1.0 1.0 1.0 1.0 1.0 1.0 1.0 1.0 1.0 1.0 1.0 1.0 1.0 1.0 1.0 1.0 1.0 1.0 1.0 1.0 1.0 1.0 1.0 1.0 1.0 1.0 1.0 1.0 1.0 1.0 1.0 1.0 1.0 1.0 1.0 1.0 1.0 
1.0 1.0 1.0 1.0 1.0 1.0 1.0 1.0 1.0 1.0 1.0 1.0 1.0 1.0 1.0 1.0 1.0 1.0 1.0 1.0 1.0 1.0 1.0 1.0 1.0 1.0 1.0 1.0 1.0 1.0 1.0 1.0 1.0 1.0 1.0 1.0 1.0 1.0 1.0 1.0 1.0 1.0 1.0 1.0 1.0 1.0 1.0 1.0 1.0 1.0 1.0 1.0 1.0 1.0 1.0 1.0 1.0 1.0 1.0 1.0 1.0 1.0 1.0 1.0 1.0 1.0 1.0 1.0 1.0 1.0 1.0 1.0 1.0 1.0 1.0 1.0 1.0 1.0 1.0 1.0 1.0 1.0 1.0 1.0 1.0 1.0 1.0 0.0 1.0 1.0 1.0 1.0 1.0 1.0 1.0 1.0 1.0 1.0 1.0 1.0 1.0 1.0 1.0 1.0 1.0 1.0 1.0 1.0 1.0 1.0 1.0 1.0 1.0 1.0 1.0 1.0 1.0 1.0 1.0 1.0 1.0 1.0 1.0 1.0 1.0 1.0 1.0 1.0 
1.0 1.0 1.0 1.0 1.0 1.0 1.0 1.0 1.0 1.0 1.0 1.0 1.0 1.0 1.0 1.0 1.0 1.0 1.0 1.0 1.0 1.0 1.0 1.0 1.0 1.0 1.0 1.0 1.0 1.0 1.0 1.0 1.0 1.0 1.0 1.0 1.0 1.0 1.0 1.0 1.0 1.0 1.0 1.0 1.0 1.0 1.0 1.0 1.0 1.0 1.0 1.0 1.0 1.0 1.0 1.0 1.0 1.0 1.0 1.0 1.0 1.0 1.0 1.0 1.0 1.0 1.0 1.0 1.0 1.0 1.0 1.0 1.0 1.0 1.0 1.0 1.0 1.0 1.0 1.0 1.0 1.0 1.0 1.0 1.0 1.0 1.0 1.0 0.0 1.0 1.0 1.0 1.0 1.0 1.0 1.0 1.0 1.0 1.0 1.0 1.0 1.0 1.0 1.0 1.0 1.0 1.0 1.0 1.0 1.0 1.0 1.0 1.0 1.0 1.0 1.0 1.0 1.0 1.0 1.0 1.0 1.0 1.0 1.0 1.0 1.0 1.0 1.0 
1.0 1.0 1.0 1.0 1.0 1.0 1.0 1.0 1.0 1.0 1.0 1.0 1.0 1.0 1.0 1.0 1.0 1.0 1.0 1.0 1.0 1.0 1.0 1.0 1.0 1.0 1.0 1.0 1.0 1.0 1.0 1.0 1.0 1.0 1.0 1.0 1.0 1.0 1.0 1.0 1.0 1.0 1.0 1.0 1.0 1.0 1.0 1.0 1.0 1.0 1.0 1.0 1.0 1.0 1.0 1.0 1.0 1.0 1.0 1.0 1.0 1.0 1.0 1.0 1.0 1.0 1.0 1.0 1.0 1.0 1.0 1.0 1.0 1.0 1.0 1.0 1.0 1.0 1.0 1.0 1.0 1.0 1.0 1.0 1.0 1.0 1.0 1.0 1.0 0.0 1.0 1.0 1.0 1.0 1.0 1.0 1.0 1.0 1.0 1.0 1.0 1.0 1.0 1.0 1.0 1.0 1.0 1.0 1.0 1.0 1.0 1.0 1.0 1.0 1.0 1.0 1.0 1.0 1.0 1.0 1.0 1.0 1.0 1.0 1.0 1.0 1.0 1.0 
1.0 1.0 1.0 1.0 1.0 1.0 1.0 1.0 1.0 1.0 1.0 1.0 1.0 1.0 1.0 1.0 1.0 1.0 1.0 1.0 1.0 1.0 1.0 1.0 1.0 1.0 1.0 1.0 1.0 1.0 1.0 1.0 1.0 1.0 1.0 1.0 1.0 1.0 1.0 1.0 1.0 1.0 1.0 1.0 1.0 1.0 1.0 1.0 1.0 1.0 1.0 1.0 1.0 1.0 1.0 1.0 1.0 1.0 1.0 1.0 1.0 1.0 1.0 1.0 1.0 1.0 1.0 1.0 1.0 1.0 1.0 1.0 1.0 1.0 1.0 1.0 1.0 1.0 1.0 1.0 1.0 1.0 1.0 1.0 1.0 1.0 1.0 1.0 1.0 1.0 0.0 1.0 1.0 1.0 1.0 1.0 1.0 1.0 1.0 1.0 1.0 1.0 1.0 1.0 1.0 1.0 1.0 1.0 1.0 1.0 1.0 1.0 1.0 1.0 1.0 1.0 1.0 1.0 1.0 1.0 1.0 1.0 1.0 1.0 1.0 1.0 1.0 1.0 
1.0 1.0 1.0 1.0 1.0 1.0 1.0 1.0 1.0 1.0 1.0 1.0 1.0 1.0 1.0 1.0 1.0 1.0 1.0 1.0 1.0 1.0 1.0 1.0 1.0 1.0 1.0 1.0 1.0 1.0 1.0 1.0 1.0 1.0 1.0 1.0 1.0 1.0 1.0 1.0 1.0 1.0 1.0 1.0 1.0 1.0 1.0 1.0 1.0 1.0 1.0 1.0 1.0 1.0 1.0 1.0 1.0 1.0 1.0 1.0 1.0 1.0 1.0 1.0 1.0 1.0 1.0 1.0 1.0 1.0 1.0 1.0 1.0 1.0 1.0 1.0 1.0 1.0 1.0 1.0 1.0 1.0 1.0 1.0 1.0 1.0 1.0 1.0 1.0 1.0 1.0 0.0 1.0 1.0 1.0 1.0 1.0 1.0 1.0 1.0 1.0 1.0 1.0 1.0 1.0 1.0 1.0 1.0 1.0 1.0 1.0 1.0 1.0 1.0 1.0 1.0 1.0 1.0 1.0 1.0 1.0 1.0 1.0 1.0 1.0 1.0 1.0 1.0 
1.0 1.0 1.0 1.0 1.0 1.0 1.0 1.0 1.0 1.0 1.0 1.0 1.0 1.0 1.0 1.0 1.0 1.0 1.0 1.0 1.0 1.0 1.0 1.0 1.0 1.0 1.0 1.0 1.0 1.0 1.0 1.0 1.0 1.0 1.0 1.0 1.0 1.0 1.0 1.0 1.0 1.0 1.0 1.0 1.0 1.0 1.0 1.0 1.0 1.0 1.0 1.0 1.0 1.0 1.0 1.0 1.0 1.0 1.0 1.0 1.0 1.0 1.0 1.0 1.0 1.0 1.0 1.0 1.0 1.0 1.0 1.0 1.0 1.0 1.0 1.0 1.0 1.0 1.0 1.0 1.0 1.0 1.0 1.0 1.0 1.0 1.0 1.0 1.0 1.0 1.0 1.0 0.0 1.0 1.0 1.0 1.0 1.0 1.0 1.0 1.0 1.0 1.0 1.0 1.0 1.0 1.0 1.0 1.0 1.0 1.0 1.0 1.0 1.0 1.0 1.0 1.0 1.0 1.0 1.0 1.0 1.0 1.0 1.0 1.0 1.0 1.0 1.0 
1.0 1.0 1.0 1.0 1.0 1.0 1.0 1.0 1.0 1.0 1.0 1.0 1.0 1.0 1.0 1.0 1.0 1.0 1.0 1.0 1.0 1.0 1.0 1.0 1.0 1.0 1.0 1.0 1.0 1.0 1.0 1.0 1.0 1.0 1.0 1.0 1.0 1.0 1.0 1.0 1.0 1.0 1.0 1.0 1.0 1.0 1.0 1.0 1.0 1.0 1.0 1.0 1.0 1.0 1.0 1.0 1.0 1.0 1.0 1.0 1.0 1.0 1.0 1.0 1.0 1.0 1.0 1.0 1.0 1.0 1.0 1.0 1.0 1.0 1.0 1.0 1.0 1.0 1.0 1.0 1.0 1.0 1.0 1.0 1.0 1.0 1.0 1.0 1.0 1.0 1.0 1.0 1.0 0.0 1.0 1.0 1.0 1.0 1.0 1.0 1.0 1.0 1.0 1.0 1.0 1.0 1.0 1.0 1.0 1.0 1.0 1.0 1.0 1.0 1.0 1.0 1.0 1.0 1.0 1.0 1.0 1.0 1.0 1.0 1.0 1.0 1.0 1.0 
1.0 1.0 1.0 1.0 1.0 1.0 1.0 1.0 1.0 1.0 1.0 1.0 1.0 1.0 1.0 1.0 1.0 1.0 1.0 1.0 1.0 1.0 1.0 1.0 1.0 1.0 1.0 1.0 1.0 1.0 1.0 1.0 1.0 1.0 1.0 1.0 1.0 1.0 1.0 1.0 1.0 1.0 1.0 1.0 1.0 1.0 1.0 1.0 1.0 1.0 1.0 1.0 1.0 1.0 1.0 1.0 1.0 1.0 1.0 1.0 1.0 1.0 1.0 1.0 1.0 1.0 1.0 1.0 1.0 1.0 1.0 1.0 1.0 1.0 1.0 1.0 1.0 1.0 1.0 1.0 1.0 1.0 1.0 1.0 1.0 1.0 1.0 1.0 1.0 1.0 1.0 1.0 1.0 1.0 0.0 1.0 1.0 1.0 1.0 1.0 1.0 1.0 1.0 1.0 1.0 1.0 1.0 1.0 1.0 1.0 1.0 1.0 1.0 1.0 1.0 1.0 1.0 1.0 1.0 1.0 1.0 1.0 1.0 1.0 1.0 1.0 1.0 1.0 
1.0 1.0 1.0 1.0 1.0 1.0 1.0 1.0 1.0 1.0 1.0 1.0 1.0 1.0 1.0 1.0 1.0 1.0 1.0 1.0 1.0 1.0 1.0 1.0 1.0 1.0 1.0 1.0 1.0 1.0 1.0 1.0 1.0 1.0 1.0 1.0 1.0 1.0 1.0 1.0 1.0 1.0 1.0 1.0 1.0 1.0 1.0 1.0 1.0 1.0 1.0 1.0 1.0 1.0 1.0 1.0 1.0 1.0 1.0 1.0 1.0 1.0 1.0 1.0 1.0 1.0 1.0 1.0 1.0 1.0 1.0 1.0 1.0 1.0 1.0 1.0 1.0 1.0 1.0 1.0 1.0 1.0 1.0 1.0 1.0 1.0 1.0 1.0 1.0 1.0 1.0 1.0 1.0 1.0 1.0 0.0 1.0 1.0 1.0 1.0 1.0 1.0 1.0 1.0 1.0 1.0 1.0 1.0 1.0 1.0 1.0 1.0 1.0 1.0 1.0 1.0 1.0 1.0 1.0 1.0 1.0 1.0 1.0 1.0 1.0 1.0 1.0 1.0 
1.0 1.0 1.0 1.0 1.0 1.0 1.0 1.0 1.0 1.0 1.0 1.0 1.0 1.0 1.0 1.0 1.0 1.0 1.0 1.0 1.0 1.0 1.0 1.0 1.0 1.0 1.0 1.0 1.0 1.0 1.0 1.0 1.0 1.0 1.0 1.0 1.0 1.0 1.0 1.0 1.0 1.0 1.0 1.0 1.0 1.0 1.0 1.0 1.0 1.0 1.0 1.0 1.0 1.0 1.0 1.0 1.0 1.0 1.0 1.0 1.0 1.0 1.0 1.0 1.0 1.0 1.0 1.0 1.0 1.0 1.0 1.0 1.0 1.0 1.0 1.0 1.0 1.0 1.0 1.0 1.0 1.0 1.0 1.0 1.0 1.0 1.0 1.0 1.0 1.0 1.0 1.0 1.0 1.0 1.0 1.0 0.0 1.0 1.0 1.0 1.0 1.0 1.0 1.0 1.0 1.0 1.0 1.0 1.0 1.0 1.0 1.0 1.0 1.0 1.0 1.0 1.0 1.0 1.0 1.0 1.0 1.0 1.0 1.0 1.0 1.0 1.0 1.0 
1.0 1.0 1.0 1.0 1.0 1.0 1.0 1.0 1.0 1.0 1.0 1.0 1.0 1.0 1.0 1.0 1.0 1.0 1.0 1.0 1.0 1.0 1.0 1.0 1.0 1.0 1.0 1.0 1.0 1.0 1.0 1.0 1.0 1.0 1.0 1.0 1.0 1.0 1.0 1.0 1.0 1.0 1.0 1.0 1.0 1.0 1.0 1.0 1.0 1.0 1.0 1.0 1.0 1.0 1.0 1.0 1.0 1.0 1.0 1.0 1.0 1.0 1.0 1.0 1.0 1.0 1.0 1.0 1.0 1.0 1.0 1.0 1.0 1.0 1.0 1.0 1.0 1.0 1.0 1.0 1.0 1.0 1.0 1.0 1.0 1.0 1.0 1.0 1.0 1.0 1.0 1.0 1.0 1.0 1.0 1.0 1.0 0.0 1.0 1.0 1.0 1.0 1.0 1.0 1.0 1.0 1.0 1.0 1.0 1.0 1.0 1.0 1.0 1.0 1.0 1.0 1.0 1.0 1.0 1.0 1.0 1.0 1.0 1.0 1.0 1.0 1.0 1.0 
1.0 1.0 1.0 1.0 1.0 1.0 1.0 1.0 1.0 1.0 1.0 1.0 1.0 1.0 1.0 1.0 1.0 1.0 1.0 1.0 1.0 1.0 1.0 1.0 1.0 1.0 1.0 1.0 1.0 1.0 1.0 1.0 1.0 1.0 1.0 1.0 1.0 1.0 1.0 1.0 1.0 1.0 1.0 1.0 1.0 1.0 1.0 1.0 1.0 1.0 1.0 1.0 1.0 1.0 1.0 1.0 1.0 1.0 1.0 1.0 1.0 1.0 1.0 1.0 1.0 1.0 1.0 1.0 1.0 1.0 1.0 1.0 1.0 1.0 1.0 1.0 1.0 1.0 1.0 1.0 1.0 1.0 1.0 1.0 1.0 1.0 1.0 1.0 1.0 1.0 1.0 1.0 1.0 1.0 1.0 1.0 1.0 1.0 0.0 1.0 1.0 1.0 1.0 1.0 1.0 1.0 1.0 1.0 1.0 1.0 1.0 1.0 1.0 1.0 1.0 1.0 1.0 1.0 1.0 1.0 1.0 1.0 1.0 1.0 1.0 1.0 1.0 1.0 
1.0 1.0 1.0 1.0 1.0 1.0 1.0 1.0 1.0 1.0 1.0 1.0 1.0 1.0 1.0 1.0 1.0 1.0 1.0 1.0 1.0 1.0 1.0 1.0 1.0 1.0 1.0 1.0 1.0 1.0 1.0 1.0 1.0 1.0 1.0 1.0 1.0 1.0 1.0 1.0 1.0 1.0 1.0 1.0 1.0 1.0 1.0 1.0 1.0 1.0 1.0 1.0 1.0 1.0 1.0 1.0 1.0 1.0 1.0 1.0 1.0 1.0 1.0 1.0 1.0 1.0 1.0 1.0 1.0 1.0 1.0 1.0 1.0 1.0 1.0 1.0 1.0 1.0 1.0 1.0 1.0 1.0 1.0 1.0 1.0 1.0 1.0 1.0 1.0 1.0 1.0 1.0 1.0 1.0 1.0 1.0 1.0 1.0 1.0 0.0 1.0 1.0 1.0 1.0 1.0 1.0 1.0 1.0 1.0 1.0 1.0 1.0 1.0 1.0 1.0 1.0 1.0 1.0 1.0 1.0 1.0 1.0 1.0 1.0 1.0 1.0 1.0 1.0 
1.0 1.0 1.0 1.0 1.0 1.0 1.0 1.0 1.0 1.0 1.0 1.0 1.0 1.0 1.0 1.0 1.0 1.0 1.0 1.0 1.0 1.0 1.0 1.0 1.0 1.0 1.0 1.0 1.0 1.0 1.0 1.0 1.0 1.0 1.0 1.0 1.0 1.0 1.0 1.0 1.0 1.0 1.0 1.0 1.0 1.0 1.0 1.0 1.0 1.0 1.0 1.0 1.0 1.0 1.0 1.0 1.0 1.0 1.0 1.0 1.0 1.0 1.0 1.0 1.0 1.0 1.0 1.0 1.0 1.0 1.0 1.0 1.0 1.0 1.0 1.0 1.0 1.0 1.0 1.0 1.0 1.0 1.0 1.0 1.0 1.0 1.0 1.0 1.0 1.0 1.0 1.0 1.0 1.0 1.0 1.0 1.0 1.0 1.0 1.0 0.0 1.0 1.0 1.0 1.0 1.0 1.0 1.0 1.0 1.0 1.0 1.0 1.0 1.0 1.0 1.0 1.0 1.0 1.0 1.0 1.0 1.0 1.0 1.0 1.0 1.0 1.0 1.0 
1.0 1.0 1.0 1.0 1.0 1.0 1.0 1.0 1.0 1.0 1.0 1.0 1.0 1.0 1.0 1.0 1.0 1.0 1.0 1.0 1.0 1.0 1.0 1.0 1.0 1.0 1.0 1.0 1.0 1.0 1.0 1.0 1.0 1.0 1.0 1.0 1.0 1.0 1.0 1.0 1.0 1.0 1.0 1.0 1.0 1.0 1.0 1.0 1.0 1.0 1.0 1.0 1.0 1.0 1.0 1.0 1.0 1.0 1.0 1.0 1.0 1.0 1.0 1.0 1.0 1.0 1.0 1.0 1.0 1.0 1.0 1.0 1.0 1.0 1.0 1.0 1.0 1.0 1.0 1.0 1.0 1.0 1.0 1.0 1.0 1.0 1.0 1.0 1.0 1.0 1.0 1.0 1.0 1.0 1.0 1.0 1.0 1.0 1.0 1.0 1.0 0.0 1.0 1.0 1.0 1.0 1.0 1.0 1.0 1.0 1.0 1.0 1.0 1.0 1.0 1.0 1.0 1.0 1.0 1.0 1.0 1.0 1.0 1.0 1.0 1.0 1.0 1.0 
1.0 1.0 1.0 1.0 1.0 1.0 1.0 1.0 1.0 1.0 1.0 1.0 1.0 1.0 1.0 1.0 1.0 1.0 1.0 1.0 1.0 1.0 1.0 1.0 1.0 1.0 1.0 1.0 1.0 1.0 1.0 1.0 1.0 1.0 1.0 1.0 1.0 1.0 1.0 1.0 1.0 1.0 1.0 1.0 1.0 1.0 1.0 1.0 1.0 1.0 1.0 1.0 1.0 1.0 1.0 1.0 1.0 1.0 1.0 1.0 1.0 1.0 1.0 1.0 1.0 1.0 1.0 1.0 1.0 1.0 1.0 1.0 1.0 1.0 1.0 1.0 1.0 1.0 1.0 1.0 1.0 1.0 1.0 1.0 1.0 1.0 1.0 1.0 1.0 1.0 1.0 1.0 1.0 1.0 1.0 1.0 1.0 1.0 1.0 1.0 1.0 1.0 0.0 1.0 1.0 1.0 1.0 1.0 1.0 1.0 1.0 1.0 1.0 1.0 1.0 1.0 1.0 1.0 1.0 1.0 1.0 1.0 1.0 1.0 1.0 1.0 1.0 1.0 
1.0 1.0 1.0 1.0 1.0 1.0 1.0 1.0 1.0 1.0 1.0 1.0 1.0 1.0 1.0 1.0 1.0 1.0 1.0 1.0 1.0 1.0 1.0 1.0 1.0 1.0 1.0 1.0 1.0 1.0 1.0 1.0 1.0 1.0 1.0 1.0 1.0 1.0 1.0 1.0 1.0 1.0 1.0 1.0 1.0 1.0 1.0 1.0 1.0 1.0 1.0 1.0 1.0 1.0 1.0 1.0 1.0 1.0 1.0 1.0 1.0 1.0 1.0 1.0 1.0 1.0 1.0 1.0 1.0 1.0 1.0 1.0 1.0 1.0 1.0 1.0 1.0 1.0 1.0 1.0 1.0 1.0 1.0 1.0 1.0 1.0 1.0 1.0 1.0 1.0 1.0 1.0 1.0 1.0 1.0 1.0 1.0 1.0 1.0 1.0 1.0 1.0 1.0 0.0 1.0 1.0 1.0 1.0 1.0 1.0 1.0 1.0 1.0 1.0 1.0 1.0 1.0 1.0 1.0 1.0 1.0 1.0 1.0 1.0 1.0 1.0 1.0 1.0 
1.0 1.0 1.0 1.0 1.0 1.0 1.0 1.0 1.0 1.0 1.0 1.0 1.0 1.0 1.0 1.0 1.0 1.0 1.0 1.0 1.0 1.0 1.0 1.0 1.0 1.0 1.0 1.0 1.0 1.0 1.0 1.0 1.0 1.0 1.0 1.0 1.0 1.0 1.0 1.0 1.0 1.0 1.0 1.0 1.0 1.0 1.0 1.0 1.0 1.0 1.0 1.0 1.0 1.0 1.0 1.0 1.0 1.0 1.0 1.0 1.0 1.0 1.0 1.0 1.0 1.0 1.0 1.0 1.0 1.0 1.0 1.0 1.0 1.0 1.0 1.0 1.0 1.0 1.0 1.0 1.0 1.0 1.0 1.0 1.0 1.0 1.0 1.0 1.0 1.0 1.0 1.0 1.0 1.0 1.0 1.0 1.0 1.0 1.0 1.0 1.0 1.0 1.0 1.0 0.0 1.0 1.0 1.0 1.0 1.0 1.0 1.0 1.0 1.0 1.0 1.0 1.0 1.0 1.0 1.0 1.0 1.0 1.0 1.0 1.0 1.0 1.0 1.0 
1.0 1.0 1.0 1.0 1.0 1.0 1.0 1.0 1.0 1.0 1.0 1.0 1.0 1.0 1.0 1.0 1.0 1.0 1.0 1.0 1.0 1.0 1.0 1.0 1.0 1.0 1.0 1.0 1.0 1.0 1.0 1.0 1.0 1.0 1.0 1.0 1.0 1.0 1.0 1.0 1.0 1.0 1.0 1.0 1.0 1.0 1.0 1.0 1.0 1.0 1.0 1.0 1.0 1.0 1.0 1.0 1.0 1.0 1.0 1.0 1.0 1.0 1.0 1.0 1.0 1.0 1.0 1.0 1.0 1.0 1.0 1.0 1.0 1.0 1.0 1.0 1.0 1.0 1.0 1.0 1.0 1.0 1.0 1.0 1.0 1.0 1.0 1.0 1.0 1.0 1.0 1.0 1.0 1.0 1.0 1.0 1.0 1.0 1.0 1.0 1.0 1.0 1.0 1.0 1.0 0.0 1.0 1.0 1.0 1.0 1.0 1.0 1.0 1.0 1.0 1.0 1.0 1.0 1.0 1.0 1.0 1.0 1.0 1.0 1.0 1.0 1.0 1.0 
1.0 1.0 1.0 1.0 1.0 1.0 1.0 1.0 1.0 1.0 1.0 1.0 1.0 1.0 1.0 1.0 1.0 1.0 1.0 1.0 1.0 1.0 1.0 1.0 1.0 1.0 1.0 1.0 1.0 1.0 1.0 1.0 1.0 1.0 1.0 1.0 1.0 1.0 1.0 1.0 1.0 1.0 1.0 1.0 1.0 1.0 1.0 1.0 1.0 1.0 1.0 1.0 1.0 1.0 1.0 1.0 1.0 1.0 1.0 1.0 1.0 1.0 1.0 1.0 1.0 1.0 1.0 1.0 1.0 1.0 1.0 1.0 1.0 1.0 1.0 1.0 1.0 1.0 1.0 1.0 1.0 1.0 1.0 1.0 1.0 1.0 1.0 1.0 1.0 1.0 1.0 1.0 1.0 1.0 1.0 1.0 1.0 1.0 1.0 1.0 1.0 1.0 1.0 1.0 1.0 1.0 0.0 1.0 1.0 1.0 1.0 1.0 1.0 1.0 1.0 1.0 1.0 1.0 1.0 1.0 1.0 1.0 1.0 1.0 1.0 1.0 1.0 1.0 
1.0 1.0 1.0 1.0 1.0 1.0 1.0 1.0 1.0 1.0 1.0 1.0 1.0 1.0 1.0 1.0 1.0 1.0 1.0 1.0 1.0 1.0 1.0 1.0 1.0 1.0 1.0 1.0 1.0 1.0 1.0 1.0 1.0 1.0 1.0 1.0 1.0 1.0 1.0 1.0 1.0 1.0 1.0 1.0 1.0 1.0 1.0 1.0 1.0 1.0 1.0 1.0 1.0 1.0 1.0 1.0 1.0 1.0 1.0 1.0 1.0 1.0 1.0 1.0 1.0 1.0 1.0 1.0 1.0 1.0 1.0 1.0 1.0 1.0 1.0 1.0 1.0 1.0 1.0 1.0 1.0 1.0 1.0 1.0 1.0 1.0 1.0 1.0 1.0 1.0 1.0 1.0 1.0 1.0 1.0 1.0 1.0 1.0 1.0 1.0 1.0 1.0 1.0 1.0 1.0 1.0 1.0 0.0 1.0 1.0 1.0 1.0 1.0 1.0 1.0 1.0 1.0 1.0 1.0 1.0 1.0 1.0 1.0 1.0 1.0 1.0 1.0 1.0 
1.0 1.0 1.0 1.0 1.0 1.0 1.0 1.0 1.0 1.0 1.0 1.0 1.0 1.0 1.0 1.0 1.0 1.0 1.0 1.0 1.0 1.0 1.0 1.0 1.0 1.0 1.0 1.0 1.0 1.0 1.0 1.0 1.0 1.0 1.0 1.0 1.0 1.0 1.0 1.0 1.0 1.0 1.0 1.0 1.0 1.0 1.0 1.0 1.0 1.0 1.0 1.0 1.0 1.0 1.0 1.0 1.0 1.0 1.0 1.0 1.0 1.0 1.0 1.0 1.0 1.0 1.0 1.0 1.0 1.0 1.0 1.0 1.0 1.0 1.0 1.0 1.0 1.0 1.0 1.0 1.0 1.0 1.0 1.0 1.0 1.0 1.0 1.0 1.0 1.0 1.0 1.0 1.0 1.0 1.0 1.0 1.0 1.0 1.0 1.0 1.0 1.0 1.0 1.0 1.0 1.0 1.0 1.0 0.0 1.0 1.0 1.0 1.0 1.0 1.0 1.0 1.0 1.0 1.0 1.0 1.0 1.0 1.0 1.0 1.0 1.0 1.0 1.0 
1.0 1.0 1.0 1.0 1.0 1.0 1.0 1.0 1.0 1.0 1.0 1.0 1.0 1.0 1.0 1.0 1.0 1.0 1.0 1.0 1.0 1.0 1.0 1.0 1.0 1.0 1.0 1.0 1.0 1.0 1.0 1.0 1.0 1.0 1.0 1.0 1.0 1.0 1.0 1.0 1.0 1.0 1.0 1.0 1.0 1.0 1.0 1.0 1.0 1.0 1.0 1.0 1.0 1.0 1.0 1.0 1.0 1.0 1.0 1.0 1.0 1.0 1.0 1.0 1.0 1.0 1.0 1.0 1.0 1.0 1.0 1.0 1.0 1.0 1.0 1.0 1.0 1.0 1.0 1.0 1.0 1.0 1.0 1.0 1.0 1.0 1.0 1.0 1.0 1.0 1.0 1.0 1.0 1.0 1.0 1.0 1.0 1.0 1.0 1.0 1.0 1.0 1.0 1.0 1.0 1.0 1.0 1.0 1.0 0.0 1.0 1.0 1.0 1.0 1.0 1.0 1.0 1.0 1.0 1.0 1.0 1.0 1.0 1.0 1.0 1.0 1.0 1.0 
1.0 1.0 1.0 1.0 1.0 1.0 1.0 1.0 1.0 1.0 1.0 1.0 1.0 1.0 1.0 1.0 1.0 1.0 1.0 1.0 1.0 1.0 1.0 1.0 1.0 1.0 1.0 1.0 1.0 1.0 1.0 1.0 1.0 1.0 1.0 1.0 1.0 1.0 1.0 1.0 1.0 1.0 1.0 1.0 1.0 1.0 1.0 1.0 1.0 1.0 1.0 1.0 1.0 1.0 1.0 1.0 1.0 1.0 1.0 1.0 1.0 1.0 1.0 1.0 1.0 1.0 1.0 1.0 1.0 1.0 1.0 1.0 1.0 1.0 1.0 1.0 1.0 1.0 1.0 1.0 1.0 1.0 1.0 1.0 1.0 1.0 1.0 1.0 1.0 1.0 1.0 1.0 1.0 1.0 1.0 1.0 1.0 1.0 1.0 1.0 1.0 1.0 1.0 1.0 1.0 1.0 1.0 1.0 1.0 1.0 0.0 1.0 1.0 1.0 1.0 1.0 1.0 1.0 1.0 1.0 1.0 1.0 1.0 1.0 1.0 1.0 1.0 1.0 
1.0 1.0 1.0 1.0 1.0 1.0 1.0 1.0 1.0 1.0 1.0 1.0 1.0 1.0 1.0 1.0 1.0 1.0 1.0 1.0 1.0 1.0 1.0 1.0 1.0 1.0 1.0 1.0 1.0 1.0 1.0 1.0 1.0 1.0 1.0 1.0 1.0 1.0 1.0 1.0 1.0 1.0 1.0 1.0 1.0 1.0 1.0 1.0 1.0 1.0 1.0 1.0 1.0 1.0 1.0 1.0 1.0 1.0 1.0 1.0 1.0 1.0 1.0 1.0 1.0 1.0 1.0 1.0 1.0 1.0 1.0 1.0 1.0 1.0 1.0 1.0 1.0 1.0 1.0 1.0 1.0 1.0 1.0 1.0 1.0 1.0 1.0 1.0 1.0 1.0 1.0 1.0 1.0 1.0 1.0 1.0 1.0 1.0 1.0 1.0 1.0 1.0 1.0 1.0 1.0 1.0 1.0 1.0 1.0 1.0 1.0 0.0 1.0 1.0 1.0 1.0 1.0 1.0 1.0 1.0 1.0 1.0 1.0 1.0 1.0 1.0 1.0 1.0 
1.0 1.0 1.0 1.0 1.0 1.0 1.0 1.0 1.0 1.0 1.0 1.0 1.0 1.0 1.0 1.0 1.0 1.0 1.0 1.0 1.0 1.0 1.0 1.0 1.0 1.0 1.0 1.0 1.0 1.0 1.0 1.0 1.0 1.0 1.0 1.0 1.0 1.0 1.0 1.0 1.0 1.0 1.0 1.0 1.0 1.0 1.0 1.0 1.0 1.0 1.0 1.0 1.0 1.0 1.0 1.0 1.0 1.0 1.0 1.0 1.0 1.0 1.0 1.0 1.0 1.0 1.0 1.0 1.0 1.0 1.0 1.0 1.0 1.0 1.0 1.0 1.0 1.0 1.0 1.0 1.0 1.0 1.0 1.0 1.0 1.0 1.0 1.0 1.0 1.0 1.0 1.0 1.0 1.0 1.0 1.0 1.0 1.0 1.0 1.0 1.0 1.0 1.0 1.0 1.0 1.0 1.0 1.0 1.0 1.0 1.0 1.0 0.0 1.0 1.0 1.0 1.0 1.0 1.0 1.0 1.0 1.0 1.0 1.0 1.0 1.0 1.0 1.0 
1.0 1.0 1.0 1.0 1.0 1.0 1.0 1.0 1.0 1.0 1.0 1.0 1.0 1.0 1.0 1.0 1.0 1.0 1.0 1.0 1.0 1.0 1.0 1.0 1.0 1.0 1.0 1.0 1.0 1.0 1.0 1.0 1.0 1.0 1.0 1.0 1.0 1.0 1.0 1.0 1.0 1.0 1.0 1.0 1.0 1.0 1.0 1.0 1.0 1.0 1.0 1.0 1.0 1.0 1.0 1.0 1.0 1.0 1.0 1.0 1.0 1.0 1.0 1.0 1.0 1.0 1.0 1.0 1.0 1.0 1.0 1.0 1.0 1.0 1.0 1.0 1.0 1.0 1.0 1.0 1.0 1.0 1.0 1.0 1.0 1.0 1.0 1.0 1.0 1.0 1.0 1.0 1.0 1.0 1.0 1.0 1.0 1.0 1.0 1.0 1.0 1.0 1.0 1.0 1.0 1.0 1.0 1.0 1.0 1.0 1.0 1.0 1.0 0.0 1.0 1.0 1.0 1.0 1.0 1.0 1.0 1.0 1.0 1.0 1.0 1.0 1.0 1.0 
1.0 1.0 1.0 1.0 1.0 1.0 1.0 1.0 1.0 1.0 1.0 1.0 1.0 1.0 1.0 1.0 1.0 1.0 1.0 1.0 1.0 1.0 1.0 1.0 1.0 1.0 1.0 1.0 1.0 1.0 1.0 1.0 1.0 1.0 1.0 1.0 1.0 1.0 1.0 1.0 1.0 1.0 1.0 1.0 1.0 1.0 1.0 1.0 1.0 1.0 1.0 1.0 1.0 1.0 1.0 1.0 1.0 1.0 1.0 1.0 1.0 1.0 1.0 1.0 1.0 1.0 1.0 1.0 1.0 1.0 1.0 1.0 1.0 1.0 1.0 1.0 1.0 1.0 1.0 1.0 1.0 1.0 1.0 1.0 1.0 1.0 1.0 1.0 1.0 1.0 1.0 1.0 1.0 1.0 1.0 1.0 1.0 1.0 1.0 1.0 1.0 1.0 1.0 1.0 1.0 1.0 1.0 1.0 1.0 1.0 1.0 1.0 1.0 1.0 0.0 1.0 1.0 1.0 1.0 1.0 1.0 1.0 1.0 1.0 1.0 1.0 1.0 1.0 
1.0 1.0 1.0 1.0 1.0 1.0 1.0 1.0 1.0 1.0 1.0 1.0 1.0 1.0 1.0 1.0 1.0 1.0 1.0 1.0 1.0 1.0 1.0 1.0 1.0 1.0 1.0 1.0 1.0 1.0 1.0 1.0 1.0 1.0 1.0 1.0 1.0 1.0 1.0 1.0 1.0 1.0 1.0 1.0 1.0 1.0 1.0 1.0 1.0 1.0 1.0 1.0 1.0 1.0 1.0 1.0 1.0 1.0 1.0 1.0 1.0 1.0 1.0 1.0 1.0 1.0 1.0 1.0 1.0 1.0 1.0 1.0 1.0 1.0 1.0 1.0 1.0 1.0 1.0 1.0 1.0 1.0 1.0 1.0 1.0 1.0 1.0 1.0 1.0 1.0 1.0 1.0 1.0 1.0 1.0 1.0 1.0 1.0 1.0 1.0 1.0 1.0 1.0 1.0 1.0 1.0 1.0 1.0 1.0 1.0 1.0 1.0 1.0 1.0 1.0 0.0 1.0 1.0 1.0 1.0 1.0 1.0 1.0 1.0 1.0 1.0 1.0 1.0 
1.0 1.0 1.0 1.0 1.0 1.0 1.0 1.0 1.0 1.0 1.0 1.0 1.0 1.0 1.0 1.0 1.0 1.0 1.0 1.0 1.0 1.0 1.0 1.0 1.0 1.0 1.0 1.0 1.0 1.0 1.0 1.0 1.0 1.0 1.0 1.0 1.0 1.0 1.0 1.0 1.0 1.0 1.0 1.0 1.0 1.0 1.0 1.0 1.0 1.0 1.0 1.0 1.0 1.0 1.0 1.0 1.0 1.0 1.0 1.0 1.0 1.0 1.0 1.0 1.0 1.0 1.0 1.0 1.0 1.0 1.0 1.0 1.0 1.0 1.0 1.0 1.0 1.0 1.0 1.0 1.0 1.0 1.0 1.0 1.0 1.0 1.0 1.0 1.0 1.0 1.0 1.0 1.0 1.0 1.0 1.0 1.0 1.0 1.0 1.0 1.0 1.0 1.0 1.0 1.0 1.0 1.0 1.0 1.0 1.0 1.0 1.0 1.0 1.0 1.0 1.0 0.0 1.0 1.0 1.0 1.0 1.0 1.0 1.0 1.0 1.0 1.0 1.0 
1.0 1.0 1.0 1.0 1.0 1.0 1.0 1.0 1.0 1.0 1.0 1.0 1.0 1.0 1.0 1.0 1.0 1.0 1.0 1.0 1.0 1.0 1.0 1.0 1.0 1.0 1.0 1.0 1.0 1.0 1.0 1.0 1.0 1.0 1.0 1.0 1.0 1.0 1.0 1.0 1.0 1.0 1.0 1.0 1.0 1.0 1.0 1.0 1.0 1.0 1.0 1.0 1.0 1.0 1.0 1.0 1.0 1.0 1.0 1.0 1.0 1.0 1.0 1.0 1.0 1.0 1.0 1.0 1.0 1.0 1.0 1.0 1.0 1.0 1.0 1.0 1.0 1.0 1.0 1.0 1.0 1.0 1.0 1.0 1.0 1.0 1.0 1.0 1.0 1.0 1.0 1.0 1.0 1.0 1.0 1.0 1.0 1.0 1.0 1.0 1.0 1.0 1.0 1.0 1.0 1.0 1.0 1.0 1.0 1.0 1.0 1.0 1.0 1.0 1.0 1.0 1.0 0.0 1.0 1.0 1.0 1.0 1.0 1.0 1.0 1.0 1.0 1.0 
1.0 1.0 1.0 1.0 1.0 1.0 1.0 1.0 1.0 1.0 1.0 1.0 1.0 1.0 1.0 1.0 1.0 1.0 1.0 1.0 1.0 1.0 1.0 1.0 1.0 1.0 1.0 1.0 1.0 1.0 1.0 1.0 1.0 1.0 1.0 1.0 1.0 1.0 1.0 1.0 1.0 1.0 1.0 1.0 1.0 1.0 1.0 1.0 1.0 1.0 1.0 1.0 1.0 1.0 1.0 1.0 1.0 1.0 1.0 1.0 1.0 1.0 1.0 1.0 1.0 1.0 1.0 1.0 1.0 1.0 1.0 1.0 1.0 1.0 1.0 1.0 1.0 1.0 1.0 1.0 1.0 1.0 1.0 1.0 1.0 1.0 1.0 1.0 1.0 1.0 1.0 1.0 1.0 1.0 1.0 1.0 1.0 1.0 1.0 1.0 1.0 1.0 1.0 1.0 1.0 1.0 1.0 1.0 1.0 1.0 1.0 1.0 1.0 1.0 1.0 1.0 1.0 1.0 0.0 1.0 1.0 1.0 1.0 1.0 1.0 1.0 1.0 1.0 
1.0 1.0 1.0 1.0 1.0 1.0 1.0 1.0 1.0 1.0 1.0 1.0 1.0 1.0 1.0 1.0 1.0 1.0 1.0 1.0 1.0 1.0 1.0 1.0 1.0 1.0 1.0 1.0 1.0 1.0 1.0 1.0 1.0 1.0 1.0 1.0 1.0 1.0 1.0 1.0 1.0 1.0 1.0 1.0 1.0 1.0 1.0 1.0 1.0 1.0 1.0 1.0 1.0 1.0 1.0 1.0 1.0 1.0 1.0 1.0 1.0 1.0 1.0 1.0 1.0 1.0 1.0 1.0 1.0 1.0 1.0 1.0 1.0 1.0 1.0 1.0 1.0 1.0 1.0 1.0 1.0 1.0 1.0 1.0 1.0 1.0 1.0 1.0 1.0 1.0 1.0 1.0 1.0 1.0 1.0 1.0 1.0 1.0 1.0 1.0 1.0 1.0 1.0 1.0 1.0 1.0 1.0 1.0 1.0 1.0 1.0 1.0 1.0 1.0 1.0 1.0 1.0 1.0 1.0 0.0 1.0 1.0 1.0 1.0 1.0 1.0 1.0 1.0 
1.0 1.0 1.0 1.0 1.0 1.0 1.0 1.0 1.0 1.0 1.0 1.0 1.0 1.0 1.0 1.0 1.0 1.0 1.0 1.0 1.0 1.0 1.0 1.0 1.0 1.0 1.0 1.0 1.0 1.0 1.0 1.0 1.0 1.0 1.0 1.0 1.0 1.0 1.0 1.0 1.0 1.0 1.0 1.0 1.0 1.0 1.0 1.0 1.0 1.0 1.0 1.0 1.0 1.0 1.0 1.0 1.0 1.0 1.0 1.0 1.0 1.0 1.0 1.0 1.0 1.0 1.0 1.0 1.0 1.0 1.0 1.0 1.0 1.0 1.0 1.0 1.0 1.0 1.0 1.0 1.0 1.0 1.0 1.0 1.0 1.0 1.0 1.0 1.0 1.0 1.0 1.0 1.0 1.0 1.0 1.0 1.0 1.0 1.0 1.0 1.0 1.0 1.0 1.0 1.0 1.0 1.0 1.0 1.0 1.0 1.0 1.0 1.0 1.0 1.0 1.0 1.0 1.0 1.0 1.0 0.0 1.0 1.0 1.0 1.0 1.0 1.0 1.0 
1.0 1.0 1.0 1.0 1.0 1.0 1.0 1.0 1.0 1.0 1.0 1.0 1.0 1.0 1.0 1.0 1.0 1.0 1.0 1.0 1.0 1.0 1.0 1.0 1.0 1.0 1.0 1.0 1.0 1.0 1.0 1.0 1.0 1.0 1.0 1.0 1.0 1.0 1.0 1.0 1.0 1.0 1.0 1.0 1.0 1.0 1.0 1.0 1.0 1.0 1.0 1.0 1.0 1.0 1.0 1.0 1.0 1.0 1.0 1.0 1.0 1.0 1.0 1.0 1.0 1.0 1.0 1.0 1.0 1.0 1.0 1.0 1.0 1.0 1.0 1.0 1.0 1.0 1.0 1.0 1.0 1.0 1.0 1.0 1.0 1.0 1.0 1.0 1.0 1.0 1.0 1.0 1.0 1.0 1.0 1.0 1.0 1.0 1.0 1.0 1.0 1.0 1.0 1.0 1.0 1.0 1.0 1.0 1.0 1.0 1.0 1.0 1.0 1.0 1.0 1.0 1.0 1.0 1.0 1.0 1.0 0.0 1.0 1.0 1.0 1.0 1.0 1.0 
1.0 1.0 1.0 1.0 1.0 1.0 1.0 1.0 1.0 1.0 1.0 1.0 1.0 1.0 1.0 1.0 1.0 1.0 1.0 1.0 1.0 1.0 1.0 1.0 1.0 1.0 1.0 1.0 1.0 1.0 1.0 1.0 1.0 1.0 1.0 1.0 1.0 1.0 1.0 1.0 1.0 1.0 1.0 1.0 1.0 1.0 1.0 1.0 1.0 1.0 1.0 1.0 1.0 1.0 1.0 1.0 1.0 1.0 1.0 1.0 1.0 1.0 1.0 1.0 1.0 1.0 1.0 1.0 1.0 1.0 1.0 1.0 1.0 1.0 1.0 1.0 1.0 1.0 1.0 1.0 1.0 1.0 1.0 1.0 1.0 1.0 1.0 1.0 1.0 1.0 1.0 1.0 1.0 1.0 1.0 1.0 1.0 1.0 1.0 1.0 1.0 1.0 1.0 1.0 1.0 1.0 1.0 1.0 1.0 1.0 1.0 1.0 1.0 1.0 1.0 1.0 1.0 1.0 1.0 1.0 1.0 1.0 0.0 1.0 1.0 1.0 1.0 1.0 
1.0 1.0 1.0 1.0 1.0 1.0 1.0 1.0 1.0 1.0 1.0 1.0 1.0 1.0 1.0 1.0 1.0 1.0 1.0 1.0 1.0 1.0 1.0 1.0 1.0 1.0 1.0 1.0 1.0 1.0 1.0 1.0 1.0 1.0 1.0 1.0 1.0 1.0 1.0 1.0 1.0 1.0 1.0 1.0 1.0 1.0 1.0 1.0 1.0 1.0 1.0 1.0 1.0 1.0 1.0 1.0 1.0 1.0 1.0 1.0 1.0 1.0 1.0 1.0 1.0 1.0 1.0 1.0 1.0 1.0 1.0 1.0 1.0 1.0 1.0 1.0 1.0 1.0 1.0 1.0 1.0 1.0 1.0 1.0 1.0 1.0 1.0 1.0 1.0 1.0 1.0 1.0 1.0 1.0 1.0 1.0 1.0 1.0 1.0 1.0 1.0 1.0 1.0 1.0 1.0 1.0 1.0 1.0 1.0 1.0 1.0 1.0 1.0 1.0 1.0 1.0 1.0 1.0 1.0 1.0 1.0 1.0 1.0 0.0 1.0 1.0 1.0 1.0 
1.0 1.0 1.0 1.0 1.0 1.0 1.0 1.0 1.0 1.0 1.0 1.0 1.0 1.0 1.0 1.0 1.0 1.0 1.0 1.0 1.0 1.0 1.0 1.0 1.0 1.0 1.0 1.0 1.0 1.0 1.0 1.0 1.0 1.0 1.0 1.0 1.0 1.0 1.0 1.0 1.0 1.0 1.0 1.0 1.0 1.0 1.0 1.0 1.0 1.0 1.0 1.0 1.0 1.0 1.0 1.0 1.0 1.0 1.0 1.0 1.0 1.0 1.0 1.0 1.0 1.0 1.0 1.0 1.0 1.0 1.0 1.0 1.0 1.0 1.0 1.0 1.0 1.0 1.0 1.0 1.0 1.0 1.0 1.0 1.0 1.0 1.0 1.0 1.0 1.0 1.0 1.0 1.0 1.0 1.0 1.0 1.0 1.0 1.0 1.0 1.0 1.0 1.0 1.0 1.0 1.0 1.0 1.0 1.0 1.0 1.0 1.0 1.0 1.0 1.0 1.0 1.0 1.0 1.0 1.0 1.0 1.0 1.0 1.0 0.0 1.0 1.0 1.0 
1.0 1.0 1.0 1.0 1.0 1.0 1.0 1.0 1.0 1.0 1.0 1.0 1.0 1.0 1.0 1.0 1.0 1.0 1.0 1.0 1.0 1.0 1.0 1.0 1.0 1.0 1.0 1.0 1.0 1.0 1.0 1.0 1.0 1.0 1.0 1.0 1.0 1.0 1.0 1.0 1.0 1.0 1.0 1.0 1.0 1.0 1.0 1.0 1.0 1.0 1.0 1.0 1.0 1.0 1.0 1.0 1.0 1.0 1.0 1.0 1.0 1.0 1.0 1.0 1.0 1.0 1.0 1.0 1.0 1.0 1.0 1.0 1.0 1.0 1.0 1.0 1.0 1.0 1.0 1.0 1.0 1.0 1.0 1.0 1.0 1.0 1.0 1.0 1.0 1.0 1.0 1.0 1.0 1.0 1.0 1.0 1.0 1.0 1.0 1.0 1.0 1.0 1.0 1.0 1.0 1.0 1.0 1.0 1.0 1.0 1.0 1.0 1.0 1.0 1.0 1.0 1.0 1.0 1.0 1.0 1.0 1.0 1.0 1.0 1.0 0.0 1.0 1.0 
1.0 1.0 1.0 1.0 1.0 1.0 1.0 1.0 1.0 1.0 1.0 1.0 1.0 1.0 1.0 1.0 1.0 1.0 1.0 1.0 1.0 1.0 1.0 1.0 1.0 1.0 1.0 1.0 1.0 1.0 1.0 1.0 1.0 1.0 1.0 1.0 1.0 1.0 1.0 1.0 1.0 1.0 1.0 1.0 1.0 1.0 1.0 1.0 1.0 1.0 1.0 1.0 1.0 1.0 1.0 1.0 1.0 1.0 1.0 1.0 1.0 1.0 1.0 1.0 1.0 1.0 1.0 1.0 1.0 1.0 1.0 1.0 1.0 1.0 1.0 1.0 1.0 1.0 1.0 1.0 1.0 1.0 1.0 1.0 1.0 1.0 1.0 1.0 1.0 1.0 1.0 1.0 1.0 1.0 1.0 1.0 1.0 1.0 1.0 1.0 1.0 1.0 1.0 1.0 1.0 1.0 1.0 1.0 1.0 1.0 1.0 1.0 1.0 1.0 1.0 1.0 1.0 1.0 1.0 1.0 1.0 1.0 1.0 1.0 1.0 1.0 0.0 1.0 
1.0 1.0 1.0 1.0 1.0 1.0 1.0 1.0 1.0 1.0 1.0 1.0 1.0 1.0 1.0 1.0 1.0 1.0 1.0 1.0 1.0 1.0 1.0 1.0 1.0 1.0 1.0 1.0 1.0 1.0 1.0 1.0 1.0 1.0 1.0 1.0 1.0 1.0 1.0 1.0 1.0 1.0 1.0 1.0 1.0 1.0 1.0 1.0 1.0 1.0 1.0 1.0 1.0 1.0 1.0 1.0 1.0 1.0 1.0 1.0 1.0 1.0 1.0 1.0 1.0 1.0 1.0 1.0 1.0 1.0 1.0 1.0 1.0 1.0 1.0 1.0 1.0 1.0 1.0 1.0 1.0 1.0 1.0 1.0 1.0 1.0 1.0 1.0 1.0 1.0 1.0 1.0 1.0 1.0 1.0 1.0 1.0 1.0 1.0 1.0 1.0 1.0 1.0 1.0 1.0 1.0 1.0 1.0 1.0 1.0 1.0 1.0 1.0 1.0 1.0 1.0 1.0 1.0 1.0 1.0 1.0 1.0 1.0 1.0 1.0 1.0 1.0 0.0 