128
61 50 44 72 19 75 79 79 82 90 46 97 9 21 44 54 68 40 18 4 67 59 17 3 3 37 16 75 46 51 61 10 51 53 96 79 69 79 1 10 47 3 79 36 69 62 100 52 65 60 14 87 39 98 83 94 76 40 66 75 83 60 55 61 99 33 75 85 94 27 66 75 22 84 81 6 40 96 46 43 88 91 19 11 71 32 21 36 90 25 50 80 57 40 83 9 39 83 7 5 68 2 12 5 40 52 94 65 11 47 35 51 48 66 25 1 8 7 79 23 63 74 37 52 100 91 28 20 
52 95 16 71 35 63 52 49 1 45 18 28 98 67 76 48 39 97 28 64 90 50 14 11 20 12 77 58 18 14 9 23 33 27 60 51 80 18 74 78 38 58 87 58 95 34 98 84 27 10 34 72 61 53 73 36 33 83 75 78 46 78 60 78 61 89 45 53 24 34 90 7 36 21 95 68 56 87 98 86 8 6 52 15 33 51 32 93 98 78 6 90 77 42 65 65 14 61 91 36 6 41 43 21 72 59 88 22 29 83 41 56 94 88 11 5 54 16 56 86 26 31 69 56 35 30 98 68 
55 15 38 62 78 23 59 71 6 38 86 76 19 67 52 92 24 54 76 44 88 67 67 5 19 94 13 65 98 81 31 67 11 68 33 61 29 21 48 96 92 81 35 69 89 74 23 14 66 80 44 57 97 66 10 74 16 83 73 74 28 55 83 2 31 80 90 72 45 72 80 72 4 46 45 32 87 1 84 24 10 96 14 81 90 12 45 25 90 74 57 45 2 30 45 40 44 1 4 27 24 53 80 10 31 77 78 87 52 49 22 17 79 57 7 80 53 30 92 79 76 4 92 57 56 1 42 23 
69 45 59 60 16 20 67 52 91 69 55 99 44 11 21 42 35 14 62 13 90 8 91 80 77 62 20 37 98 90 69 51 60 25 70 26 56 43 65 36 48 99 82 75 20 58 30 20 80 92 13 53 38 15 74 74 3 25 74 80 96 11 75 49 43 5 72 92 61 44 14 52 17 53 55 49 72 67 33 79 44 82 60 25 8 67 36 74 46 2 79 34 24 93 99 67 29 55 12 82 2 42 91 58 7 29 57 72 21 4 91 99 18 22 59 88 21 61 19 17 18 21 54 52 7 44 97 73 
7 98 87 21 70 17 39 51 64 37 51 36 41 50 67 96 67 40 72 97 54 75 3 15 17 11 87 68 88 20 19 61 81 89 26 81 53 40 62 95 98 65 30 81 47 76 61 7 66 56 50 11 52 33 98 65 39 84 45 12 38 98 100 87 25 62 14 57 3 53 25 89 45 7 43 99 24 2 44 95 33 30 72 76 38 86 17 7 59 55 3 69 62 11 91 49 22 30 17 24 51 5 86 20 89 68 23 23 87 2 2 10 38 13 77 18 68 70 62 4 13 3 22 86 50 69 1 77 
23 44 35 61 63 95 60 46 88 80 53 55 51 61 66 8 53 92 93 63 92 79 47 99 69 39 30 10 45 75 75 90 16 93 30 76 75 64 83 34 52 24 59 2 11 79 11 31 55 43 49 78 65 94 36 38 76 78 36 27 61 33 82 11 20 63 7 10 28 72 64 80 12 4 66 64 74 76 41 1 99 49 4 36 30 11 88 10 78 57 12 75 77 76 25 44 26 45 28 20 60 80 19 37 41 41 10 14 7 100 69 43 72 56 28 26 60 2 41 52 2 10 35 74 52 18 41 72 
74 24 24 19 15 46 59 94 8 27 35 39 20 39 19 94 75 85 73 78 21 91 17 79 98 70 36 76 14 83 49 76 90 82 42 28 99 96 88 39 31 24 93 45 33 2 66 65 7 29 56 44 44 72 92 26 27 45 84 98 34 98 48 50 74 89 84 92 20 44 53 65 64 34 43 55 7 55 93 90 68 41 53 49 98 58 100 39 8 60 97 67 77 83 78 63 50 72 22 46 28 70 96 32 86 29 54 28 51 89 14 20 68 89 87 47 39 47 55 49 24 25 95 22 4 94 55 79 
39 81 24 10 13 96 19 48 52 9 74 40 13 14 39 31 47 69 44 29 60 29 1 21 21 77 92 8 87 34 89 32 60 17 91 24 77 45 3 98 16 7 19 36 93 76 18 31 41 83 98 99 100 91 38 10 21 22 77 21 73 50 58 83 28 27 21 22 69 98 22 45 69 71 45 2 57 35 40 41 60 29 77 87 47 6 25 87 8 96 59 65 84 89 91 33 58 66 57 60 19 44 41 13 50 56 5 78 79 97 41 23 96 45 57 35 64 11 67 17 99 94 25 40 65 13 58 75 
97 63 91 40 51 48 95 43 15 39 76 97 2 62 65 26 24 24 21 73 65 8 71 81 58 22 93 52 20 7 18 60 58 98 61 13 2 81 81 50 12 54 41 61 82 77 50 2 38 71 48 27 76 6 86 55 64 34 75 34 62 25 23 89 37 93 9 20 81 49 85 37 73 85 62 9 3 80 53 69 98 79 2 22 17 52 72 18 47 50 8 14 71 73 30 27 89 24 34 81 23 78 69 76 10 82 44 36 30 37 51 100 97 63 7 38 49 66 4 54 64 12 47 63 97 76 76 60 
55 38 48 10 34 13 99 96 84 24 73 98 52 45 85 44 18 31 100 54 72 81 39 32 42 36 59 18 36 2 6 2 79 55 17 32 83 84 52 57 35 21 97 89 63 4 41 5 18 3 37 10 74 22 45 45 10 60 45 2 66 55 28 39 57 14 10 64 83 22 40 85 47 1 89 58 72 45 67 53 33 1 29 35 54 15 82 75 59 45 83 37 34 33 82 37 98 100 75 49 84 85 100 44 77 55 5 91 65 60 78 97 34 82 73 26 14 82 20 84 47 92 71 69 62 96 82 25 
86 99 10 95 72 96 86 4 68 53 79 44 11 39 32 97 87 17 61 90 14 98 13 77 72 39 25 61 83 81 2 4 61 10 11 12 31 95 65 63 58 70 86 4 87 38 99 74 55 58 68 90 56 98 74 80 39 49 30 39 47 48 26 3 14 17 42 52 11 84 35 86 21 8 59 22 69 50 8 15 15 98 58 11 74 10 90 97 60 22 81 72 77 74 98 77 22 14 33 44 88 16 14 99 71 10 29 94 95 96 64 26 56 15 56 24 24 70 71 48 1 36 40 2 79 67 59 83 
76 37 27 8 85 44 29 52 3 15 95 51 74 38 48 29 60 14 41 16 41 2 85 78 62 10 24 79 2 62 72 99 7 66 66 21 74 51 57 54 82 31 40 71 83 52 17 39 54 38 93 26 53 28 70 44 66 10 65 45 81 46 81 23 52 13 88 34 9 19 85 13 12 26 15 21 96 3 7 97 82 70 6 87 4 31 91 34 95 58 7 58 40 97 32 78 43 81 88 91 80 61 56 5 87 38 20 94 23 2 64 91 80 30 72 44 4 59 43 59 90 45 40 19 47 94 89 53 
16 84 12 83 41 20 39 46 3 41 83 79 29 6 48 96 8 45 54 96 10 100 9 24 65 32 13 47 99 11 21 84 96 42 21 30 16 47 8 85 56 63 92 62 25 9 90 21 52 97 59 33 80 29 73 71 35 71 13 50 94 98 63 50 67 100 17 8 36 66 89 8 75 32 2 64 65 72 28 59 27 28 13 13 54 35 19 100 74 50 62 13 25 50 100 76 10 40 38 18 11 15 15 47 31 82 83 12 30 99 74 73 19 4 45 49 55 1 97 89 40 20 54 72 90 53 11 57 
44 90 44 76 46 16 9 49 86 23 43 81 93 31 100 40 9 66 23 67 68 99 62 39 89 82 54 52 12 55 93 5 37 78 25 35 88 44 49 12 90 15 37 27 23 68 94 74 36 24 91 75 13 29 23 38 54 18 70 22 53 38 3 95 23 90 26 42 94 57 48 90 99 76 39 84 32 86 86 85 66 68 56 35 9 83 39 17 65 33 76 9 59 56 40 58 31 93 34 61 16 73 70 1 21 66 47 75 30 81 73 66 19 97 10 45 30 87 68 74 37 88 64 54 44 72 34 88 
98 8 41 90 56 14 97 8 55 64 64 76 78 57 8 65 77 55 37 78 12 100 5 82 47 60 73 87 62 37 36 70 40 47 45 56 69 30 66 9 51 35 28 18 64 55 10 21 26 15 50 30 14 25 77 45 43 99 65 33 56 99 95 67 70 53 62 78 12 80 30 74 1 83 11 81 15 34 48 86 63 99 57 55 79 80 84 82 73 74 15 35 78 84 70 46 41 42 27 28 52 70 37 4 91 82 12 5 92 4 98 71 100 49 61 16 83 19 54 10 38 6 54 27 45 29 47 27 
77 85 94 15 53 4 30 5 90 26 10 9 70 7 89 93 39 93 5 8 72 94 88 82 40 2 44 24 84 63 59 45 92 87 11 40 78 72 42 60 75 36 76 68 43 91 83 62 18 75 67 70 78 89 22 85 30 33 23 54 19 99 67 45 35 9 45 35 14 40 29 71 95 91 82 30 28 62 80 71 24 77 15 63 20 68 99 89 37 41 96 73 7 43 40 74 12 93 92 49 2 86 53 59 76 52 67 2 73 3 67 39 41 36 100 22 35 82 68 41 25 91 78 32 10 68 1 89 
54 3 97 93 89 99 57 42 84 60 87 62 65 100 57 81 62 99 66 91 85 17 87 58 64 8 29 53 55 45 20 9 36 84 55 22 16 49 35 96 35 31 30 43 4 8 54 5 67 4 48 10 58 37 27 95 2 69 65 98 90 62 92 80 90 98 81 75 38 63 6 92 32 59 91 83 71 86 20 2 65 70 87 32 50 99 67 58 59 86 20 50 44 2 86 40 5 87 97 87 57 60 40 91 81 59 86 56 41 32 49 78 74 73 10 59 18 95 10 88 26 8 72 47 55 85 78 24 
57 42 60 55 45 22 81 36 84 33 26 74 16 61 24 63 90 49 56 23 85 47 72 50 18 62 39 63 23 34 52 78 76 76 34 67 87 20 70 33 19 84 68 71 37 3 54 7 12 60 75 86 7 24 8 16 22 50 14 91 38 28 1 18 60 74 72 30 74 67 33 82 46 3 36 24 74 71 77 70 38 62 44 33 77 21 44 80 35 32 18 82 2 88 25 42 77 35 17 29 41 55 33 38 13 21 89 80 44 6 2 26 70 94 32 66 97 28 36 26 26 51 61 33 76 39 3 78 
82 83 7 33 52 73 25 83 67 72 18 62 72 39 46 99 5 46 83 78 59 95 21 78 50 14 57 34 94 19 85 3 91 34 79 72 6 94 78 85 74 5 4 86 25 17 9 99 40 38 56 93 51 89 58 79 24 98 7 56 18 4 3 81 57 90 99 65 81 8 65 16 4 25 79 100 80 44 36 1 65 56 35 87 82 80 92 48 90 84 21 16 61 23 70 41 53 47 92 30 14 74 16 41 15 7 33 91 78 10 66 19 46 49 64 30 7 34 83 64 43 55 71 61 30 27 60 12 
68 62 37 68 65 24 18 14 35 57 68 51 49 53 62 3 51 95 13 8 37 62 15 73 43 79 66 25 77 89 84 55 45 14 98 37 78 1 20 40 73 95 45 64 36 29 30 98 60 68 92 17 56 87 93 5 13 33 98 36 84 18 98 22 12 46 41 41 62 75 21 50 45 9 17 94 39 59 9 9 81 95 72 65 89 94 37 59 37 98 38 57 37 4 37 62 70 27 41 19 89 73 84 27 73 72 88 83 100 78 74 71 81 49 6 82 28 29 47 31 42 52 42 72 7 53 72 72 
22 77 25 95 8 5 39 62 94 59 87 48 69 87 96 52 14 23 71 66 70 91 4 31 6 100 53 44 32 90 11 77 58 74 26 44 20 94 50 41 52 95 51 89 73 13 54 36 38 19 92 91 76 13 7 74 65 61 58 15 4 74 12 56 89 64 39 72 40 92 78 7 50 98 100 10 100 74 21 3 92 1 14 82 38 11 79 5 77 2 58 80 1 78 36 19 93 29 86 36 76 5 82 23 92 54 38 1 1 32 9 56 10 98 47 22 75 18 39 41 28 100 30 13 73 17 32 13 
61 79 85 33 25 85 18 86 13 86 77 54 48 28 71 71 73 80 12 84 13 98 73 77 23 84 52 23 84 40 88 16 28 62 50 94 3 62 77 73 36 89 46 8 76 15 38 47 93 39 91 72 41 1 25 88 94 7 51 89 36 96 40 78 55 19 58 39 55 16 38 41 14 73 95 58 8 91 76 64 33 71 82 36 95 17 98 15 42 18 25 19 48 64 32 10 59 14 74 68 66 91 89 62 37 81 28 40 30 26 59 61 52 4 24 35 16 16 84 99 30 1 48 77 19 45 27 93 
70 89 47 66 79 19 24 53 91 9 65 29 22 70 33 51 77 45 11 51 47 50 47 58 84 66 68 75 49 51 69 69 47 32 27 65 66 82 88 60 69 100 20 37 27 96 71 85 88 27 50 44 24 18 10 89 99 87 41 85 85 71 35 52 66 23 40 82 51 46 67 84 5 22 29 68 52 94 94 56 42 100 9 69 31 27 79 70 59 5 2 59 80 46 93 37 95 91 10 62 77 39 10 23 8 58 60 54 67 25 67 31 39 52 39 94 45 29 17 2 77 2 40 70 16 53 93 28 
82 72 78 67 14 91 53 71 56 49 73 99 89 55 76 58 12 30 85 28 86 63 16 47 52 20 66 67 56 80 11 8 79 23 88 65 84 75 1 36 86 24 100 92 40 27 57 19 75 70 89 37 30 61 61 85 24 96 24 82 90 42 95 98 59 12 45 25 14 82 22 88 76 29 75 46 48 65 15 69 75 73 45 91 12 64 89 98 63 35 1 78 78 75 66 34 31 40 15 33 60 29 75 72 75 87 77 24 8 37 91 33 10 88 65 68 56 76 88 35 35 65 94 16 44 15 35 80 
53 17 38 15 75 12 66 94 76 56 33 79 97 64 3 52 13 85 74 60 58 39 38 50 31 47 55 44 92 58 30 80 51 74 1 79 54 89 9 87 47 86 13 71 23 39 89 56 97 10 48 6 62 54 94 10 60 96 76 78 24 100 50 97 96 49 84 18 58 47 45 92 66 52 4 5 51 7 15 25 79 62 57 8 74 91 28 68 39 80 26 89 56 69 84 52 81 42 86 4 16 10 95 80 90 55 26 76 9 34 50 48 32 58 37 59 83 68 70 74 79 45 61 23 9 23 12 85 
100 75 39 69 1 95 33 67 67 77 10 5 62 39 40 83 77 18 69 45 16 96 21 97 66 70 34 73 27 61 86 1 7 57 58 70 91 31 95 58 55 35 5 38 3 1 79 32 41 95 64 47 97 14 6 78 39 72 84 49 40 78 23 32 3 52 66 5 25 6 71 33 60 43 79 83 70 6 64 34 71 58 47 43 28 99 19 61 57 75 74 47 47 33 5 60 8 72 15 14 2 75 13 88 74 36 57 44 22 42 50 8 21 85 36 22 62 93 89 37 90 27 12 3 29 92 51 2 
54 61 34 7 68 11 47 51 24 92 17 73 14 68 17 86 36 4 80 2 47 61 56 39 84 91 36 47 52 60 92 94 84 12 67 57 78 75 33 58 15 28 57 79 67 86 40 82 29 70 15 98 82 57 14 23 7 17 65 3 25 71 75 84 68 2 70 70 75 32 34 53 98 80 89 13 1 19 7 84 10 48 61 80 26 32 84 67 1 89 11 65 48 47 92 31 38 87 31 72 98 99 88 54 35 61 91 87 37 96 7 56 83 83 15 27 59 31 32 2 6 28 15 74 53 74 1 81 
60 55 60 93 60 19 32 54 15 81 11 27 64 22 5 87 39 32 44 86 49 38 58 29 37 79 18 5 77 79 29 25 12 73 4 51 29 23 33 33 85 16 42 72 16 17 7 35 43 97 97 100 25 20 33 39 90 15 74 33 3 16 88 31 95 36 8 17 42 35 50 7 4 23 56 13 1 22 95 62 41 37 73 57 94 42 61 19 19 52 26 46 61 6 83 19 46 32 16 16 60 18 66 54 68 75 34 94 60 10 54 3 75 41 37 60 62 33 82 51 61 8 58 83 93 15 55 68 
24 73 88 87 39 91 39 18 21 9 30 3 41 68 14 7 26 40 3 53 54 50 7 19 95 75 10 99 16 57 52 79 40 28 3 34 73 35 20 33 29 36 77 57 83 94 57 43 93 79 42 63 61 12 51 83 91 68 64 32 15 42 95 57 90 42 70 94 31 93 89 64 49 87 71 46 52 39 52 45 3 67 66 58 59 19 10 17 68 86 43 11 40 22 16 8 34 96 6 30 8 18 92 48 6 99 58 65 58 32 59 97 39 11 82 28 39 23 43 13 98 16 43 81 9 9 78 83 
25 25 75 16 37 90 27 78 83 13 99 38 24 95 50 21 21 52 28 81 95 8 75 45 58 86 47 6 51 3 22 9 13 1 13 50 47 100 88 63 94 18 75 45 92 95 54 96 25 64 3 10 12 41 99 30 96 24 81 29 38 40 5 98 3 55 68 74 46 76 47 5 72 86 51 65 30 14 9 98 52 87 54 75 91 43 44 63 18 25 34 96 68 6 80 22 66 61 78 57 14 10 3 14 11 46 41 99 94 63 67 31 90 90 27 28 33 22 36 86 87 45 68 90 26 57 67 9 
24 64 19 74 12 43 100 75 44 98 7 41 43 24 87 4 16 85 40 93 33 56 89 43 99 30 21 88 42 43 13 92 69 2 54 68 66 23 49 23 72 39 74 10 95 42 45 69 89 50 46 1 74 25 34 65 22 21 2 73 6 78 83 30 91 24 75 47 5 80 90 23 4 13 10 100 8 4 41 51 56 11 77 23 50 73 64 97 86 26 27 2 12 2 12 78 79 6 32 75 39 51 90 80 50 75 17 26 15 1 96 38 57 19 81 73 100 37 60 30 25 40 25 51 40 40 18 95 
9 66 74 76 77 13 53 3 2 100 90 89 65 34 32 30 60 19 10 85 33 28 30 31 5 82 84 32 68 84 5 51 20 20 79 64 63 21 1 20 72 58 9 33 96 76 45 35 47 31 85 20 95 72 10 92 59 38 18 92 43 83 58 69 49 17 60 45 62 100 1 64 85 92 41 77 73 100 8 29 68 70 84 78 21 60 73 6 45 3 53 48 9 4 73 19 95 39 53 81 90 54 80 45 32 73 57 80 19 31 69 43 75 21 90 18 45 41 30 24 60 22 23 96 92 42 60 5 
76 99 42 9 81 20 58 43 88 41 49 29 49 35 97 21 34 61 57 1 9 24 66 77 56 35 90 99 36 81 17 5 32 63 7 90 77 61 86 22 90 31 92 28 92 73 21 87 22 87 2 79 32 47 62 73 97 14 76 84 68 79 4 47 8 10 60 100 17 66 34 23 64 31 57 35 49 94 54 100 12 64 40 88 97 11 57 2 28 75 54 88 62 56 97 9 71 92 89 8 9 55 60 81 93 22 34 17 52 79 85 64 62 4 15 64 51 75 65 6 39 43 21 75 26 44 99 15 
81 58 96 22 20 7 78 42 87 59 87 37 100 83 99 56 82 86 64 20 42 4 66 25 30 68 61 24 35 79 97 63 62 53 63 25 31 62 24 75 95 91 92 79 4 56 3 19 21 11 34 3 10 8 6 98 60 17 56 78 71 6 58 17 85 4 26 40 28 68 63 38 37 99 78 21 36 73 42 1 62 35 22 45 87 96 91 97 68 22 84 33 56 55 72 62 81 2 48 99 9 8 52 71 93 40 5 44 87 73 1 2 2 78 67 29 28 20 64 42 99 47 94 45 74 66 100 7 
14 32 42 26 92 19 37 85 22 87 57 47 21 36 55 94 73 54 51 12 54 51 6 76 33 81 73 80 29 44 15 9 7 96 85 57 71 88 51 17 61 32 49 89 67 39 96 12 7 73 69 98 86 14 52 47 96 41 5 62 94 10 30 11 3 44 12 50 18 30 52 20 3 91 37 97 36 76 35 46 32 20 4 73 70 9 61 87 58 83 64 57 12 75 52 35 31 11 78 28 60 78 18 4 17 94 91 23 63 75 15 95 75 6 24 64 51 81 16 94 55 80 94 23 40 49 81 86 
20 71 58 98 79 23 82 45 18 95 42 1 29 49 57 94 49 23 80 32 94 86 23 34 83 77 93 94 45 82 34 47 85 93 86 1 25 38 46 48 99 4 36 17 16 33 60 99 45 57 56 50 5 76 52 70 65 39 20 64 73 89 61 51 3 12 78 69 66 56 28 45 24 80 91 19 93 53 12 24 65 73 47 32 93 80 6 51 71 74 9 89 82 16 66 72 90 68 20 38 39 78 49 31 64 87 98 51 47 85 79 12 54 80 52 70 100 1 95 59 16 5 75 93 37 40 40 49 
25 53 93 73 77 15 20 89 45 6 71 68 10 79 1 92 46 25 42 95 17 92 93 65 77 93 38 87 15 62 72 25 70 61 88 69 40 10 23 97 18 44 39 29 50 11 90 12 64 75 51 84 26 40 51 43 50 19 68 68 45 44 16 1 52 70 94 55 94 12 38 15 50 52 13 61 35 24 20 92 49 4 56 14 35 21 37 3 11 70 37 36 27 58 88 28 86 82 67 12 47 32 20 84 60 95 63 45 63 35 64 63 78 67 97 29 9 93 4 18 76 77 49 80 78 67 14 97 
53 9 64 88 17 24 67 89 3 88 79 59 8 77 77 69 47 95 95 74 68 67 72 5 34 91 58 79 52 52 42 44 75 56 62 33 43 17 11 80 48 48 36 41 37 54 62 74 30 9 13 54 78 32 39 24 100 26 20 48 17 66 21 83 40 83 29 54 68 72 28 95 61 29 28 26 100 67 19 95 76 45 99 12 33 82 64 4 94 88 18 3 96 88 60 89 100 100 36 16 44 50 50 39 6 34 94 41 54 30 75 78 94 69 67 64 78 48 74 87 51 11 76 98 51 66 21 89 
33 38 49 98 84 53 42 3 49 93 48 6 62 92 97 16 37 96 84 100 22 73 73 71 96 54 27 57 46 20 89 3 95 46 40 86 18 12 77 48 38 66 13 55 68 65 42 56 5 82 24 70 58 50 62 29 37 77 90 22 15 92 24 83 3 31 75 85 37 35 71 69 59 41 74 2 14 15 35 77 47 8 60 52 13 28 58 1 43 58 87 4 21 82 83 45 9 75 52 62 46 8 74 38 24 81 30 35 56 32 11 28 74 61 70 69 97 37 65 38 65 56 3 31 9 50 94 62 
42 38 8 33 49 77 58 56 55 10 39 94 11 74 22 74 32 55 4 100 33 88 70 68 37 19 28 12 40 93 51 8 97 31 7 16 21 89 32 55 5 34 38 97 9 5 34 7 6 13 87 73 41 22 30 37 92 98 83 71 14 39 87 67 56 54 60 67 15 5 67 35 66 34 15 30 59 57 79 32 53 20 43 33 88 58 52 81 93 60 13 60 78 14 21 52 41 14 1 41 71 83 36 37 25 18 29 56 7 43 59 96 16 21 38 21 56 16 25 36 66 95 79 55 52 68 37 79 
75 4 20 82 81 19 55 12 37 96 1 22 38 48 69 55 92 85 45 23 25 11 8 42 69 23 78 24 91 82 76 35 5 58 99 1 51 44 78 9 19 59 95 31 97 52 26 31 30 87 13 64 77 30 67 98 24 5 28 9 8 7 76 12 76 20 96 98 52 81 30 70 86 92 19 46 28 7 91 47 92 64 67 48 50 78 65 73 98 50 94 96 29 93 70 51 30 48 72 46 97 74 27 26 77 85 80 32 10 18 64 42 77 35 89 8 24 62 11 4 63 71 61 11 13 98 92 18 
99 4 25 47 39 48 81 18 22 58 25 93 7 83 9 95 29 88 60 94 52 14 17 87 52 52 34 13 78 47 13 8 90 78 98 5 17 86 17 78 48 20 67 32 21 84 14 87 47 61 90 98 13 2 80 13 3 43 82 63 91 21 91 89 61 50 49 16 36 1 87 27 84 63 24 29 81 15 22 52 33 87 5 29 82 10 70 76 57 48 82 35 73 30 75 32 93 34 79 87 77 31 86 7 31 53 18 56 14 5 25 72 84 52 68 43 44 80 35 7 21 48 64 40 88 87 61 20 
64 60 90 4 88 16 37 19 76 14 57 28 5 87 59 69 3 76 15 100 15 25 20 17 43 15 39 100 57 48 10 64 18 53 8 67 48 11 13 4 82 78 41 48 9 49 13 96 75 20 26 25 80 59 99 76 53 89 28 18 33 45 43 15 88 61 23 100 70 19 85 84 98 10 41 26 62 60 4 66 65 59 66 63 100 26 86 40 82 81 23 87 7 32 36 85 9 12 27 11 51 65 78 32 65 21 15 2 41 45 52 100 27 94 5 78 35 90 79 39 76 38 100 50 41 65 89 78 
20 73 13 13 73 72 12 20 24 97 97 22 97 67 31 7 45 39 82 61 61 94 21 94 83 8 33 44 67 57 91 21 48 39 27 38 24 90 2 74 69 18 63 76 99 23 56 55 45 95 4 92 100 8 30 61 44 80 81 18 88 59 99 96 40 34 56 46 37 29 98 60 80 96 23 74 91 66 41 50 22 2 98 41 64 93 6 39 7 84 28 37 34 22 28 31 85 72 80 93 76 20 26 60 33 8 19 92 62 83 29 64 25 91 64 43 3 56 59 53 61 74 8 12 99 53 79 35 
98 18 61 9 9 41 74 69 6 86 41 81 68 43 53 2 71 55 85 22 58 22 49 99 41 14 83 81 31 70 76 3 51 10 94 82 99 22 28 53 83 46 66 62 38 26 95 71 81 90 81 49 73 79 8 20 24 93 46 91 38 15 12 40 56 43 35 31 26 66 91 90 100 21 95 26 54 61 34 27 44 3 46 33 53 67 91 95 42 96 97 59 35 39 20 68 46 28 18 40 91 94 7 93 68 65 55 84 8 58 100 2 92 84 25 4 24 78 52 99 45 97 34 19 74 62 21 14 
65 72 66 1 13 99 7 76 82 60 33 83 4 59 35 56 89 20 81 100 80 27 91 26 35 71 68 42 92 1 72 24 27 55 13 76 98 41 71 99 38 73 91 62 6 89 62 35 42 32 97 18 87 94 23 92 98 53 1 56 32 56 73 55 33 80 29 29 55 80 81 70 26 2 17 16 61 87 53 51 77 18 12 50 37 85 75 64 30 64 49 51 1 74 80 67 49 56 14 57 2 34 82 39 91 73 83 44 13 37 10 45 59 65 28 21 71 15 57 97 11 60 37 5 28 6 48 2 
2 5 92 52 43 75 80 51 56 34 14 49 77 83 26 23 91 3 91 15 32 66 10 91 3 56 40 75 65 26 77 15 17 24 51 69 86 67 13 83 72 35 35 64 41 80 38 83 27 25 82 2 96 3 33 41 24 78 31 80 94 59 100 51 16 14 79 94 90 53 46 2 22 78 53 90 95 23 69 31 54 15 48 30 49 55 74 55 71 71 9 69 32 84 75 69 28 13 86 6 58 51 90 87 61 35 56 13 4 10 78 7 38 92 34 82 54 32 82 58 48 61 33 55 23 68 14 98 
66 88 27 19 79 99 48 78 55 99 62 35 37 9 4 96 56 6 7 71 90 76 30 21 62 10 87 43 75 10 81 40 25 59 38 35 69 46 96 50 51 36 78 26 28 2 5 30 38 67 62 37 43 3 12 48 73 92 95 89 63 52 23 10 73 31 66 94 56 66 29 36 17 42 55 85 66 70 86 87 9 63 56 61 92 92 15 41 36 70 44 41 64 22 40 5 68 8 48 47 22 85 90 7 37 22 49 72 97 1 73 25 56 75 29 47 63 72 27 55 73 77 50 60 95 73 81 97 
12 18 14 23 94 48 49 94 61 9 14 32 96 39 12 34 8 8 67 48 8 75 39 14 52 42 15 97 17 90 82 89 92 55 71 81 97 70 18 77 63 25 11 53 40 3 45 63 39 30 80 56 27 22 35 16 42 12 12 75 70 38 15 90 26 81 91 63 69 53 27 39 81 75 80 66 29 76 27 44 95 48 89 20 93 98 32 28 95 11 11 47 40 31 86 55 41 18 56 45 31 87 18 89 80 82 4 21 13 75 79 92 40 48 26 40 23 42 96 18 25 73 57 39 91 36 67 62 
45 96 58 100 96 75 60 4 90 81 87 34 89 19 70 72 47 41 81 41 84 11 24 6 91 92 57 53 30 64 74 30 41 80 11 37 56 1 26 43 61 73 8 22 90 87 23 8 24 81 38 41 30 26 46 6 96 91 15 39 65 2 63 44 23 31 68 50 89 6 91 71 19 16 55 42 64 15 30 69 92 92 77 72 77 34 44 64 24 39 85 96 72 69 31 37 64 56 99 18 69 9 62 38 89 6 76 9 28 79 91 46 12 81 20 6 85 10 4 79 70 69 42 41 8 10 39 68 
88 1 38 15 45 59 44 51 46 64 87 83 63 4 95 71 56 87 95 86 96 16 86 66 43 42 92 55 66 82 80 67 28 76 29 36 17 44 61 44 47 1 10 20 78 85 83 2 27 71 10 73 81 51 88 2 28 16 5 52 32 65 63 54 97 26 6 77 32 15 74 40 12 3 86 22 82 7 50 89 29 61 11 15 54 88 71 74 13 99 57 80 2 40 93 19 70 78 64 14 78 55 23 14 54 1 30 10 37 39 20 62 76 30 81 4 74 99 7 6 7 27 36 27 49 21 27 2 
51 95 38 88 22 2 8 66 26 32 65 66 25 6 76 19 12 63 19 90 10 12 33 18 59 56 49 2 20 43 30 99 87 32 58 16 10 32 90 11 14 52 65 43 52 85 23 34 55 21 86 44 26 44 48 40 51 100 28 2 80 15 77 94 82 20 75 17 5 57 47 11 76 57 46 86 62 67 3 26 46 8 55 26 43 60 6 18 81 59 42 95 50 36 60 77 80 13 34 98 51 32 45 47 98 90 30 47 74 12 45 96 15 82 38 63 37 24 42 97 83 9 32 24 89 19 83 47 
66 74 23 76 94 32 31 38 89 71 8 98 75 17 47 7 34 5 75 47 56 63 23 81 25 80 58 67 8 39 8 36 22 45 12 3 78 85 71 43 21 66 34 84 13 3 61 13 58 89 63 33 74 57 44 41 60 35 71 36 64 18 80 30 26 20 91 34 54 71 25 62 14 80 21 50 61 68 57 58 39 54 45 24 20 71 45 61 28 57 44 40 22 86 71 49 7 31 57 7 19 42 100 45 50 2 71 77 63 15 41 85 91 2 47 53 44 45 97 1 3 91 49 91 19 66 20 26 
48 66 12 69 41 41 82 88 29 66 7 61 98 76 21 23 52 48 76 58 13 50 24 41 43 1 35 51 76 44 4 49 39 91 59 33 95 66 8 33 61 11 75 87 6 63 41 29 6 40 69 15 14 92 41 43 73 41 53 91 90 60 21 19 18 46 45 58 88 65 100 45 94 97 92 70 15 96 89 25 59 72 69 39 27 28 33 92 3 33 13 48 3 44 83 36 17 23 8 73 92 3 42 34 22 82 72 14 96 35 34 18 22 15 10 6 16 53 61 92 57 19 84 80 89 92 60 51 
12 48 42 48 17 90 55 67 96 36 90 90 46 84 36 82 51 7 71 22 84 60 88 84 34 27 6 22 75 39 7 73 17 24 81 6 43 8 48 3 39 41 53 93 46 59 31 23 50 17 3 71 77 34 23 21 7 11 26 65 55 86 83 32 31 21 14 11 19 38 4 44 59 34 2 56 51 41 77 89 70 5 62 26 35 1 92 65 4 62 93 31 87 52 64 3 62 36 21 15 24 86 66 54 68 3 10 9 32 25 11 82 79 81 95 58 15 29 16 16 41 5 3 33 48 92 10 98 
48 39 39 41 22 76 61 65 6 48 35 92 92 63 60 50 26 28 95 86 32 66 59 39 27 69 26 33 76 17 43 84 94 72 95 94 39 43 49 69 93 44 68 26 57 76 85 21 48 38 62 9 10 99 36 27 56 76 63 23 21 80 58 68 15 21 85 90 40 53 80 12 51 4 58 58 37 63 68 98 37 60 26 5 23 64 99 72 35 70 87 81 49 72 59 37 57 42 96 37 92 65 20 48 68 87 99 73 98 85 46 100 58 18 62 77 33 65 61 51 33 54 92 11 82 21 95 35 
9 76 61 70 24 61 45 50 20 67 47 43 66 44 20 94 5 50 84 95 18 51 22 97 16 59 97 59 27 48 50 51 6 50 63 45 17 65 70 37 64 11 64 21 34 53 1 45 11 21 3 43 21 94 22 43 34 60 16 39 37 9 81 27 2 89 88 75 6 65 37 68 22 57 46 83 48 57 7 22 25 90 28 88 58 45 70 36 15 15 42 96 92 95 85 25 14 16 28 20 40 98 46 42 62 94 49 12 46 44 45 92 1 88 43 46 56 1 17 24 15 46 69 86 26 63 67 34 
64 38 75 67 25 36 69 62 49 4 95 41 85 55 46 2 43 73 81 27 98 65 45 55 80 97 31 28 83 29 56 37 72 35 62 78 52 24 95 52 58 86 1 43 63 52 14 21 3 85 49 5 57 29 78 1 19 6 42 5 72 65 96 69 26 82 21 27 7 29 56 3 2 53 64 6 8 43 32 59 18 2 4 88 58 34 26 49 41 93 60 80 34 72 89 63 100 8 9 7 20 91 30 55 13 40 27 57 23 49 60 34 96 44 27 42 23 46 97 13 77 47 8 47 38 9 11 78 
49 95 82 15 90 16 7 75 60 91 53 8 37 60 40 65 57 56 73 32 89 55 63 23 62 3 82 67 14 29 15 98 68 65 22 66 75 49 78 50 92 21 23 15 42 59 95 39 25 13 30 53 36 30 93 17 63 56 70 20 48 64 16 69 13 97 78 44 29 3 94 54 11 89 7 97 39 15 34 26 44 33 87 60 27 72 20 25 89 5 93 48 64 13 17 73 77 35 100 33 55 90 39 81 78 79 57 38 92 31 94 43 74 14 85 43 20 54 7 7 22 52 68 42 28 55 99 14 
94 37 82 45 50 69 93 85 53 81 68 37 53 20 90 61 78 21 93 57 32 91 21 53 4 19 76 1 52 21 14 87 37 41 76 50 27 9 76 14 3 64 45 59 52 90 56 11 12 66 22 92 32 91 1 3 1 24 29 46 93 97 81 3 11 38 8 8 17 48 83 80 82 12 3 15 34 93 90 14 79 12 9 26 28 4 27 88 30 25 32 97 88 95 65 97 99 64 70 10 70 17 48 43 54 52 69 44 89 79 56 81 9 42 61 32 91 43 81 62 34 4 76 19 48 18 33 72 
41 82 97 55 58 5 26 85 95 96 93 25 35 94 2 22 67 8 35 90 11 3 86 38 76 85 70 28 71 2 41 7 38 36 9 57 43 4 66 62 17 12 23 31 25 22 64 97 52 37 3 53 18 30 50 57 26 45 76 57 15 36 45 27 74 58 92 55 15 48 2 60 43 9 11 77 75 79 58 16 83 57 12 56 48 40 94 16 37 6 65 42 64 19 49 93 45 39 24 56 79 15 47 11 20 30 65 31 67 36 52 72 12 42 86 82 72 90 39 32 99 5 8 40 97 71 24 35 
62 8 42 33 74 83 85 81 45 8 42 3 67 82 3 61 19 76 20 14 97 41 68 1 14 54 58 13 5 82 7 1 3 40 49 80 60 54 30 2 62 58 64 61 1 49 23 65 37 89 79 55 99 44 74 44 47 57 95 42 6 33 81 34 60 69 96 13 37 15 10 22 38 12 48 32 34 99 7 42 64 54 34 74 9 95 22 57 50 22 4 36 75 64 84 56 10 87 82 85 46 64 42 89 70 29 50 2 13 7 16 16 24 67 40 60 50 98 85 89 27 75 40 63 10 51 41 40 
74 29 21 61 58 21 71 31 90 61 5 17 64 26 47 92 78 12 17 76 12 69 86 63 24 87 44 20 98 90 23 67 28 34 61 42 42 54 74 52 37 73 47 33 20 80 61 53 98 15 89 98 62 43 75 9 38 69 74 7 27 78 26 61 90 86 44 52 96 57 33 71 41 86 47 56 7 80 79 44 7 36 48 57 46 73 35 94 31 28 7 81 25 84 59 44 81 79 47 96 11 50 69 91 82 88 62 13 16 80 62 78 34 89 52 36 53 72 26 44 4 33 91 79 41 42 40 98 
32 50 62 51 5 47 89 64 4 66 88 33 97 6 24 93 64 68 38 79 77 33 30 69 5 71 87 2 67 94 80 96 47 73 60 23 99 7 48 39 48 91 13 2 31 75 42 96 9 89 96 2 34 17 65 43 23 7 12 96 47 36 47 46 84 63 14 41 85 23 2 59 57 14 58 91 89 34 10 48 31 41 74 28 5 93 53 19 55 89 97 100 16 28 74 19 40 56 2 23 87 13 56 94 63 77 87 16 74 55 84 2 77 16 30 77 77 34 99 42 68 58 91 7 36 22 100 19 
7 38 32 19 56 64 16 84 30 54 88 56 95 14 93 88 84 41 28 45 40 5 37 12 37 43 57 71 11 14 57 73 94 69 7 3 92 81 46 37 40 31 50 26 16 35 88 25 54 40 56 74 3 33 15 89 8 41 69 46 26 30 18 30 58 20 71 21 87 62 17 35 33 29 20 100 83 59 89 67 8 37 62 35 21 15 94 24 42 96 22 77 15 85 91 50 58 60 23 65 6 75 72 5 52 77 35 36 63 12 98 34 9 42 40 5 64 96 64 93 81 19 19 49 95 81 26 9 
70 64 93 92 46 75 70 22 72 50 41 36 22 47 59 60 78 79 70 17 65 54 4 90 45 57 78 45 16 34 59 20 26 31 83 9 55 69 17 90 93 80 78 94 49 28 95 37 12 59 72 94 67 12 41 98 92 95 32 7 70 67 6 84 2 74 27 66 51 26 71 76 18 83 10 20 75 3 72 6 59 19 96 73 50 78 13 99 54 78 60 70 57 90 94 47 59 40 36 67 78 24 100 4 94 67 90 75 75 95 23 7 29 44 82 50 52 37 74 59 99 59 83 17 49 99 37 89 
1 83 100 90 39 88 37 32 37 56 42 9 68 67 48 87 68 92 5 96 73 33 96 47 63 93 72 55 44 63 42 18 3 89 57 52 57 94 22 44 24 77 29 76 27 98 29 35 78 88 46 99 33 60 18 69 29 29 75 55 30 47 39 5 59 30 13 78 73 82 12 28 58 51 6 87 6 19 89 30 2 99 72 15 60 55 69 33 23 39 48 92 94 23 2 14 53 30 66 97 65 75 71 41 100 33 97 38 73 66 65 72 40 2 53 18 20 44 29 33 97 60 30 29 24 100 18 27 
12 25 67 34 50 42 27 4 90 84 2 12 70 39 86 45 78 25 90 42 64 6 67 99 37 28 71 26 3 17 46 89 65 95 56 43 5 97 23 16 90 89 26 64 94 77 10 97 87 70 1 81 92 79 84 45 40 86 10 16 78 68 29 55 19 83 23 78 24 5 29 58 91 30 17 87 94 23 24 85 60 38 27 87 32 10 46 23 53 59 75 66 59 34 38 100 32 4 44 29 57 27 14 14 11 44 43 79 47 46 28 51 47 78 63 89 47 85 22 96 31 23 99 71 71 83 15 15 
35 26 1 70 77 79 15 82 39 32 46 4 24 64 80 97 84 84 40 40 79 28 92 41 12 6 59 53 100 8 19 24 45 93 68 74 40 96 60 25 48 85 10 4 18 79 68 50 48 67 66 35 47 19 40 23 94 92 27 5 35 11 2 26 63 100 83 72 45 60 82 75 10 74 78 29 22 19 24 28 75 39 75 73 79 86 32 40 100 61 71 30 57 35 38 94 61 56 81 50 75 22 46 9 37 39 40 99 15 3 44 48 75 43 31 81 12 32 42 35 78 42 41 46 82 24 88 16 
14 33 84 94 8 92 90 82 35 90 8 24 42 19 34 6 56 11 20 85 27 33 59 65 45 29 11 57 55 20 6 79 50 1 74 4 87 42 44 55 8 74 10 42 77 51 89 66 77 77 68 90 18 46 79 26 4 33 38 8 43 79 92 72 14 52 98 66 86 27 85 36 91 48 43 80 80 8 53 87 49 39 94 81 48 64 45 54 66 98 49 86 2 79 13 69 81 64 75 34 9 94 77 71 12 35 1 79 93 15 37 80 55 23 18 56 68 2 34 57 2 77 12 72 59 73 49 80 
61 50 36 67 99 52 98 9 96 53 69 21 15 71 38 43 50 36 47 14 14 37 53 39 57 78 1 62 21 99 39 67 55 39 27 52 100 42 56 73 89 26 77 21 9 44 33 66 24 27 66 13 35 24 30 31 39 78 75 96 51 12 10 63 3 15 23 77 98 6 13 14 58 42 97 95 64 7 62 48 47 50 17 64 43 75 19 45 57 2 59 99 31 24 18 13 35 83 52 63 60 39 3 90 1 40 97 31 23 1 16 57 84 8 72 58 36 72 16 17 58 97 45 12 20 80 26 22 
90 84 19 93 66 41 6 28 9 56 13 48 94 77 33 94 7 41 32 71 67 31 27 78 71 9 1 92 73 72 83 56 7 28 99 56 37 15 23 98 28 70 12 99 47 96 61 20 31 29 84 99 100 87 36 43 60 92 7 46 17 12 87 74 31 56 34 21 61 92 24 20 15 80 27 17 25 99 74 64 83 95 62 15 53 18 9 7 40 37 31 97 41 1 51 85 50 17 45 74 83 91 20 85 1 25 11 93 77 38 84 37 33 35 70 93 23 29 56 82 45 51 2 59 19 59 54 14 
66 94 75 53 18 57 50 99 30 55 93 21 57 29 10 29 58 89 43 64 40 89 19 49 37 83 25 98 46 80 54 43 11 66 24 68 89 5 21 21 5 58 26 56 48 30 95 52 100 59 41 50 7 60 48 23 28 15 63 66 67 23 22 42 9 99 29 82 23 45 16 65 26 85 59 99 66 30 87 25 39 25 75 58 22 16 97 23 39 47 63 61 15 65 65 44 42 90 11 90 85 83 62 59 4 71 52 82 25 59 10 65 13 53 34 49 11 37 65 42 21 15 57 55 57 16 48 17 
89 47 57 60 81 2 4 10 77 86 96 6 89 9 37 51 63 3 88 100 76 93 9 59 46 76 83 42 22 34 85 43 62 12 64 94 3 32 65 16 62 10 97 87 36 84 20 24 48 32 45 11 5 82 37 30 17 53 82 42 81 25 30 53 67 21 65 78 34 92 86 55 43 12 13 59 38 24 44 7 11 82 84 51 75 86 72 88 35 9 87 11 79 33 82 89 86 54 81 75 76 67 48 18 78 30 90 52 87 27 96 2 75 39 51 31 83 18 72 89 9 34 84 69 43 36 91 71 
62 52 97 32 21 24 25 73 36 96 2 3 58 40 40 96 49 10 76 90 4 17 96 50 38 54 87 87 89 59 17 63 89 21 74 27 89 85 44 91 27 74 30 59 50 100 100 64 61 67 36 83 48 84 83 13 54 82 98 43 72 67 31 37 91 91 89 88 65 16 58 95 86 90 29 71 1 35 13 3 36 31 69 72 81 91 45 11 7 4 6 91 41 94 34 22 68 29 53 75 28 44 82 63 38 75 63 78 96 93 80 66 37 97 39 19 50 49 37 95 27 20 22 32 42 88 81 41 
5 17 90 48 28 92 8 89 46 27 91 30 22 98 22 75 21 26 41 32 99 3 82 71 60 65 2 14 6 56 34 40 58 97 56 67 53 63 47 14 57 55 72 90 59 13 15 66 61 32 79 30 91 14 45 28 88 29 42 64 24 58 46 78 19 35 32 29 15 35 44 28 93 24 35 51 65 83 49 96 4 81 12 90 53 5 43 52 33 13 93 46 34 69 62 97 30 37 30 20 83 89 97 84 15 27 12 2 17 23 7 43 3 18 30 2 51 25 97 99 59 59 75 61 30 94 22 49 
99 72 82 43 98 29 41 88 32 37 55 65 69 66 100 86 79 73 44 55 1 81 69 69 96 77 34 42 54 59 66 7 72 1 56 50 31 53 39 32 34 37 66 42 58 69 43 30 30 100 72 78 25 16 11 43 48 26 65 23 40 82 54 32 26 92 39 29 51 81 78 65 74 26 44 11 51 7 40 62 54 58 75 94 13 72 67 49 93 65 23 37 28 57 38 49 35 90 27 41 23 78 50 59 97 43 84 87 13 76 88 54 83 55 53 1 34 95 35 25 20 93 15 11 59 50 90 26 
46 2 97 37 62 53 78 19 35 69 69 94 32 56 76 59 16 92 7 80 100 66 33 48 61 61 100 45 31 25 25 49 36 5 57 67 88 31 83 46 15 55 50 31 12 98 92 6 70 43 17 27 44 33 13 46 26 54 90 18 69 63 68 36 91 32 93 87 12 33 71 24 96 83 88 43 6 24 75 71 73 89 67 27 28 28 63 38 39 17 40 36 47 92 9 64 31 23 23 45 63 85 25 93 96 55 91 66 77 3 37 81 63 87 70 99 67 99 66 17 13 39 22 40 86 97 98 13 
76 99 7 20 59 18 32 95 35 64 46 2 83 86 51 15 61 80 80 5 78 85 1 77 75 92 70 42 43 88 36 2 27 48 55 8 72 59 96 24 64 21 2 70 49 12 72 48 85 12 89 13 37 79 49 61 2 71 1 49 25 52 67 78 19 61 57 26 65 64 8 94 77 90 19 82 3 21 2 54 46 28 9 55 66 61 88 28 73 37 11 86 5 50 97 47 99 30 54 90 97 74 86 3 82 46 39 28 28 64 12 67 43 12 19 10 64 58 5 29 95 27 97 10 69 65 28 74 
50 4 74 27 78 52 32 56 6 65 12 48 14 6 24 94 92 1 55 36 5 91 3 52 67 16 98 43 84 68 82 49 77 21 72 1 99 52 88 71 82 52 85 63 97 17 37 8 33 71 28 57 30 67 18 88 91 33 41 23 87 63 42 42 79 35 39 63 75 78 4 18 74 49 1 54 32 96 97 83 40 78 23 70 88 58 27 37 83 30 38 66 65 36 27 65 69 81 70 92 35 8 91 91 98 9 30 76 9 43 18 82 27 65 95 26 82 72 39 88 89 26 91 74 92 89 76 8 
97 53 8 10 16 73 36 30 77 63 17 96 75 46 96 23 77 74 54 54 62 18 46 67 23 25 51 21 91 2 58 24 51 31 71 29 26 56 80 32 1 98 100 9 14 44 54 81 52 86 85 10 6 19 36 54 9 97 82 35 8 67 72 73 16 7 22 86 70 50 58 95 42 25 29 34 44 50 59 62 73 2 10 69 92 75 45 35 33 75 6 32 12 61 11 3 26 87 22 64 64 21 89 30 28 53 66 12 81 85 20 71 95 89 71 30 19 98 40 4 14 10 76 21 43 70 87 57 
94 29 12 41 37 96 33 63 58 30 29 22 5 98 73 39 68 9 33 18 94 18 33 5 77 14 59 97 74 40 93 6 66 65 37 53 69 99 31 27 96 47 96 12 4 98 85 35 48 19 49 15 40 73 96 61 100 74 83 50 14 42 87 23 97 81 31 22 46 82 97 34 4 2 38 61 87 83 74 93 13 86 96 42 67 44 46 89 18 59 62 73 83 39 98 7 28 24 7 38 33 25 100 1 58 60 79 28 2 98 55 32 86 95 18 98 32 22 24 42 34 19 17 54 88 81 82 65 
5 54 24 34 31 27 18 7 98 97 59 46 11 95 27 46 41 63 43 88 21 14 60 100 92 14 83 74 55 48 21 69 95 49 90 28 72 89 33 41 62 36 38 52 25 91 20 95 43 57 47 58 92 70 89 77 4 16 13 23 89 64 12 4 46 44 9 93 26 32 35 21 42 14 20 65 31 72 10 8 72 90 76 13 31 87 78 35 22 71 27 59 19 49 8 78 50 18 23 60 59 33 24 27 52 86 55 62 3 93 96 85 19 10 32 51 62 45 91 75 18 82 56 89 48 98 82 41 
26 76 63 23 51 42 13 52 90 67 56 4 29 63 43 4 86 83 67 69 81 85 7 28 84 64 45 80 19 61 82 91 89 22 19 14 55 75 49 6 91 16 22 70 10 52 21 68 11 29 49 27 20 97 29 70 30 5 96 96 79 41 55 71 35 84 83 85 39 9 51 57 29 25 30 36 20 87 21 29 67 80 91 67 88 47 34 2 54 91 82 46 83 6 75 71 10 9 6 35 4 10 21 5 59 19 50 16 86 25 45 44 82 94 84 49 10 25 51 44 40 99 75 36 68 14 91 36 
26 98 25 18 56 83 7 16 81 17 94 73 56 43 23 39 98 38 30 65 64 3 38 23 30 46 96 61 38 52 45 45 16 25 60 31 76 97 98 89 23 8 55 72 48 5 90 16 38 49 60 80 21 25 61 55 1 1 89 93 93 58 29 30 43 32 89 35 47 78 68 60 92 18 16 85 87 15 36 79 76 53 62 66 37 49 38 79 21 80 84 8 60 34 18 1 14 51 87 62 17 56 98 60 45 80 77 61 75 44 100 26 100 8 46 35 41 81 23 34 30 23 33 12 23 74 34 62 
33 88 88 20 63 53 42 80 93 67 94 74 28 2 59 59 94 7 48 12 83 71 45 7 50 44 5 78 46 40 23 67 72 12 8 69 91 79 66 81 51 12 93 78 27 14 44 2 19 22 53 90 81 84 97 13 90 45 64 65 66 34 46 51 25 25 66 48 3 58 81 8 42 36 49 17 4 60 39 99 55 18 18 62 41 23 97 26 62 82 99 96 90 82 97 88 100 94 41 67 98 59 98 62 64 89 69 60 68 19 86 48 6 23 34 35 89 32 46 90 31 11 12 68 1 20 19 71 
18 33 49 33 76 32 46 90 15 92 4 96 13 82 41 47 19 1 71 79 97 71 79 23 72 43 10 69 70 62 53 29 38 93 23 30 9 6 44 11 52 36 82 29 23 20 7 30 57 57 63 73 11 43 4 67 95 26 62 84 92 44 13 65 68 24 90 30 1 22 84 84 1 15 52 92 73 10 67 69 45 57 38 42 34 90 44 36 12 55 22 47 71 70 1 93 68 66 50 10 23 8 49 31 24 41 94 42 96 85 68 84 77 2 33 32 65 33 92 15 39 97 21 21 67 2 31 69 
2 62 77 91 90 43 66 81 94 59 5 82 80 1 85 67 35 51 9 48 34 35 1 69 54 93 70 1 59 28 52 39 80 34 51 54 94 85 79 34 35 96 80 17 71 93 49 63 62 47 73 95 14 64 6 37 25 29 98 97 61 21 78 81 32 58 28 94 82 42 6 12 53 91 30 31 78 67 22 83 47 54 94 98 86 84 10 72 98 29 97 70 16 34 41 81 3 29 29 41 46 69 36 68 71 93 76 78 79 17 64 78 80 50 24 33 75 26 49 27 51 87 5 77 71 20 42 18 
40 54 22 47 60 11 69 36 75 42 14 80 5 86 16 44 59 89 60 5 54 62 30 25 56 1 12 22 76 98 48 35 7 94 7 73 37 86 100 9 25 6 26 63 86 25 5 31 67 10 84 53 18 30 89 19 98 86 6 6 17 2 57 45 3 37 59 83 18 45 2 98 60 46 57 42 81 27 9 20 76 8 17 75 93 86 65 96 92 99 41 26 7 73 59 82 47 87 100 56 53 82 48 68 29 72 26 30 16 54 64 32 42 19 71 21 20 80 41 6 56 36 74 33 62 37 93 30 
88 85 10 49 72 82 94 15 86 36 76 6 7 55 37 48 13 87 17 40 97 94 34 99 37 2 77 68 73 31 51 45 5 68 37 68 35 100 41 98 11 81 60 41 31 11 70 72 23 38 71 40 47 11 65 52 67 27 56 66 7 43 20 57 42 57 70 18 84 26 43 62 1 52 24 81 95 64 7 68 37 83 76 34 89 6 36 17 77 1 94 59 52 77 53 97 92 77 66 44 41 52 56 100 80 72 17 2 65 36 52 71 59 80 39 39 8 89 70 29 86 58 25 56 37 18 33 88 
45 84 48 81 1 68 56 9 1 61 82 7 83 21 61 57 97 98 54 79 74 60 93 47 8 63 17 11 11 81 21 65 3 87 70 73 26 16 14 39 18 34 67 67 95 10 66 29 33 46 47 28 44 76 26 21 32 25 85 76 92 52 65 34 61 39 61 44 82 22 54 7 89 44 97 53 91 62 6 74 55 46 58 10 44 5 51 59 28 2 52 19 53 1 97 96 96 94 68 10 84 24 54 60 70 5 71 63 49 96 29 2 75 34 51 79 13 24 12 92 23 84 73 74 69 31 75 80 
36 62 98 14 71 10 60 29 16 6 100 97 32 88 65 76 93 19 38 28 33 15 28 7 88 8 79 82 84 25 76 78 19 56 98 11 69 55 40 20 54 26 89 30 65 99 56 94 74 48 23 55 96 91 13 52 72 69 53 23 42 68 37 56 89 73 31 62 84 83 14 74 42 54 56 18 98 76 68 19 79 13 7 63 51 12 1 52 50 1 48 30 15 74 75 72 86 65 3 7 66 12 26 9 86 16 8 44 52 75 47 66 27 96 77 21 34 20 37 63 78 87 25 28 43 43 6 68 
42 44 60 18 53 64 7 40 67 67 44 5 54 68 70 14 21 62 20 85 10 33 93 73 99 13 15 83 98 14 90 96 90 85 49 38 82 55 72 39 95 49 35 76 18 59 87 32 99 28 100 99 82 8 88 38 12 49 11 63 72 23 19 24 15 55 8 11 97 41 70 2 69 19 69 52 5 94 99 98 67 67 78 90 18 45 50 87 94 67 26 44 71 57 31 69 68 90 89 24 93 24 17 24 22 34 43 22 69 73 16 14 85 41 61 23 94 67 75 70 90 44 53 15 21 51 27 59 
92 20 25 61 32 15 61 97 30 95 39 17 23 35 47 36 75 46 53 52 30 51 15 90 38 13 87 40 32 51 90 73 30 42 74 52 18 72 69 30 28 44 99 91 41 48 94 22 61 65 41 80 43 4 95 23 67 49 60 91 6 89 76 75 5 14 22 93 60 11 51 62 100 56 37 99 74 46 5 41 24 31 20 86 81 98 10 38 44 96 34 90 50 100 73 80 1 86 89 7 7 37 12 15 78 60 37 53 96 44 28 96 37 96 59 27 9 83 9 97 20 29 5 52 57 4 68 41 
10 60 31 33 76 53 69 72 24 100 68 53 38 91 94 14 84 80 2 19 23 41 23 76 18 9 42 92 39 36 26 45 19 4 45 31 2 66 41 75 31 63 13 80 79 65 31 4 66 82 30 19 15 16 44 23 63 64 62 79 65 38 68 14 47 38 77 38 73 11 14 49 48 98 83 92 1 61 97 76 20 91 40 89 98 95 51 65 30 42 46 32 47 14 66 50 19 79 54 38 23 63 54 45 63 78 97 62 74 82 96 31 31 41 35 67 66 44 70 5 89 76 26 9 14 95 81 20 
27 40 32 24 40 30 48 46 7 1 62 90 76 27 52 52 15 55 8 92 81 98 60 8 63 34 73 71 11 4 16 80 8 89 11 4 15 58 97 90 12 84 47 52 4 87 65 38 51 53 49 4 89 4 89 48 99 61 24 38 91 79 44 100 82 41 21 24 64 94 35 28 60 72 61 26 44 12 67 82 75 33 13 74 4 46 16 75 48 57 96 57 98 16 76 32 93 82 6 78 25 16 60 95 45 71 18 28 27 65 81 11 4 26 24 10 24 99 34 6 58 50 73 22 53 96 76 76 
1 12 50 24 59 87 49 66 43 9 43 74 82 42 30 45 89 8 24 23 26 48 48 82 70 62 38 99 69 64 46 38 71 52 55 90 98 64 63 39 31 29 59 85 99 23 59 47 29 65 6 47 50 22 51 70 64 67 15 86 52 53 47 76 20 87 22 23 42 49 74 43 69 32 44 26 78 90 30 33 31 20 90 42 98 80 59 27 45 94 99 75 64 36 70 72 83 73 72 17 71 71 73 20 22 34 97 41 29 43 100 61 54 10 98 48 56 8 59 93 46 78 73 70 64 77 27 32 
2 22 17 95 40 75 50 96 92 17 25 79 57 24 98 86 90 73 5 38 94 69 62 99 60 88 66 1 96 7 94 99 86 11 52 58 44 90 36 39 59 1 52 20 59 30 17 84 13 50 81 48 46 58 70 60 48 83 96 50 96 9 94 1 76 20 48 98 22 16 22 82 38 12 14 91 74 41 21 40 83 35 42 52 31 88 46 50 12 71 29 50 6 17 24 56 6 62 11 57 20 64 38 89 58 93 33 98 96 1 58 99 76 72 34 85 66 20 67 89 74 66 52 43 11 10 55 25 
36 10 91 24 57 37 43 43 24 81 17 91 35 8 95 41 49 74 68 90 93 50 51 4 86 48 70 56 13 65 68 61 24 45 46 45 86 90 58 47 58 2 33 71 20 64 78 78 94 93 55 36 51 42 21 4 4 46 12 83 11 26 27 36 65 12 79 80 55 11 33 69 46 36 66 42 69 16 20 6 36 67 72 76 73 6 61 70 50 38 85 51 49 8 95 58 70 90 76 41 83 64 64 70 61 14 1 76 41 79 27 55 51 60 59 67 80 12 26 57 61 90 57 52 76 83 52 9 
60 78 74 72 85 28 68 42 65 41 91 76 9 29 71 93 47 11 93 70 75 11 16 16 50 82 97 5 39 14 40 1 76 44 57 51 90 91 90 54 35 17 13 79 66 34 38 28 2 18 14 36 2 68 63 51 26 8 13 67 35 67 14 73 70 66 14 55 77 2 67 39 32 1 8 47 71 44 31 43 10 7 47 70 77 71 58 35 61 58 9 6 12 40 85 83 26 28 2 5 79 39 70 72 28 23 12 19 13 52 57 13 52 92 99 96 1 19 89 71 44 27 62 5 30 67 62 46 
54 60 6 34 9 23 98 36 40 17 36 3 14 79 31 13 40 84 41 82 16 23 56 77 100 91 23 36 31 41 6 28 7 59 68 15 79 19 56 80 40 81 85 38 6 98 15 36 62 28 9 94 55 34 34 61 29 99 89 79 50 30 93 63 54 44 68 80 84 54 52 46 76 24 33 77 70 64 18 41 45 58 22 23 1 73 24 13 73 41 46 36 1 11 52 60 83 96 85 74 46 75 35 23 9 3 37 32 32 88 96 35 83 46 11 15 59 47 58 85 67 83 62 99 17 65 82 62 
75 88 87 63 66 14 25 77 29 28 73 2 71 20 25 40 96 50 85 55 82 23 49 7 37 60 15 6 61 16 87 73 17 39 18 24 39 76 88 24 62 64 53 5 16 7 100 57 90 15 79 2 89 93 69 80 54 18 94 75 14 35 59 85 74 41 82 52 82 49 31 37 9 76 57 37 96 54 10 32 43 9 6 94 60 21 25 88 57 41 15 36 78 94 7 87 2 84 76 92 58 61 66 81 92 36 72 100 53 34 48 22 73 88 95 71 90 45 36 46 83 11 72 4 46 2 62 66 
84 14 61 89 30 86 61 18 92 9 96 68 94 11 87 74 33 88 21 86 60 61 49 91 12 90 58 13 99 88 90 53 65 75 8 77 94 68 35 97 44 91 26 81 32 67 26 22 80 44 70 63 88 75 4 34 91 46 82 84 90 6 82 22 25 69 78 46 14 84 11 84 66 90 96 84 20 69 43 21 82 14 10 22 100 59 21 99 79 20 54 89 91 27 55 46 68 64 85 4 43 89 4 94 16 87 11 6 6 63 58 68 55 51 77 50 69 68 69 50 4 82 73 74 88 15 88 10 
18 31 67 22 22 75 37 45 100 98 8 40 2 85 38 13 71 67 43 51 19 31 36 27 61 100 71 75 69 80 63 18 37 61 32 98 12 76 21 6 39 85 86 78 64 82 84 92 12 43 86 96 24 77 29 20 70 78 57 25 6 43 4 3 100 49 22 65 55 91 75 47 11 71 99 67 26 48 74 74 65 65 44 66 55 5 17 52 68 29 47 41 62 32 67 3 98 34 88 44 15 58 7 78 51 14 72 55 19 84 93 36 27 6 76 16 14 31 59 23 44 98 39 38 41 85 39 30 
25 97 89 77 85 16 70 23 96 35 46 19 60 100 56 22 15 56 91 41 49 59 19 35 52 49 90 37 83 9 35 99 54 3 44 18 93 78 93 15 36 16 58 92 49 13 93 54 70 35 75 80 52 1 44 78 21 32 8 92 45 80 55 2 88 71 34 46 32 51 12 31 49 84 45 15 92 37 70 11 33 65 11 70 82 66 80 2 89 24 92 9 94 71 59 10 49 25 96 16 12 10 58 34 60 67 50 35 38 63 68 42 48 39 84 35 1 78 58 86 29 19 39 83 67 82 43 35 
63 70 74 97 48 4 13 100 68 65 13 59 92 24 81 72 31 38 67 64 39 35 89 11 51 87 38 13 5 90 58 56 13 11 60 34 13 85 23 6 37 58 84 70 95 72 26 60 7 32 33 22 9 70 16 47 47 99 46 61 70 53 85 72 12 66 57 91 19 88 37 15 31 47 74 84 95 89 18 24 29 6 35 26 26 60 41 4 38 65 18 74 60 75 91 81 86 58 4 74 87 43 100 26 8 21 14 29 59 82 24 91 71 37 62 91 77 15 66 85 55 63 47 95 38 42 44 22 
50 68 19 17 22 49 30 53 18 68 35 64 13 95 37 15 7 84 12 38 51 10 9 33 97 84 31 9 51 52 2 45 76 2 36 16 20 80 16 81 59 31 91 58 96 39 80 60 84 89 29 60 38 63 97 37 81 73 93 21 94 23 7 85 62 12 33 60 32 33 71 100 35 8 13 15 38 75 2 57 45 79 79 58 33 29 8 88 61 34 52 75 49 40 36 61 60 77 92 37 57 22 78 41 97 7 80 95 17 15 23 7 72 89 1 46 85 46 81 10 66 12 19 77 63 25 83 9 
50 92 72 55 45 13 54 81 84 21 97 93 19 65 6 47 24 5 40 37 89 92 77 1 45 22 42 45 71 13 74 50 19 1 33 13 14 60 81 89 12 13 23 11 80 80 76 44 54 21 12 32 41 33 21 21 41 93 36 18 34 84 76 96 10 13 81 9 64 18 97 29 90 32 48 55 83 88 4 84 45 35 12 1 84 93 84 58 19 49 100 39 86 58 59 33 22 93 68 50 60 48 82 80 90 82 74 99 62 28 25 10 11 24 87 35 36 32 36 38 29 12 78 79 14 37 71 76 
73 95 93 23 76 8 78 90 95 37 21 17 50 87 97 91 53 69 55 72 61 19 30 100 95 83 91 50 85 51 32 86 67 5 74 92 5 58 41 10 88 1 55 49 54 3 100 50 90 85 18 61 51 77 24 3 5 55 81 59 38 56 54 77 70 86 91 45 1 23 35 2 75 99 96 22 28 63 92 74 43 60 12 3 48 55 5 65 35 65 87 68 83 71 69 47 59 54 33 23 97 24 38 60 58 96 85 24 8 20 45 60 30 51 24 53 15 92 86 100 60 3 48 90 26 55 14 32 
92 49 84 36 95 92 31 49 63 86 34 30 75 35 59 23 59 9 10 8 67 94 79 72 95 80 80 32 79 4 95 41 44 52 94 47 5 59 83 35 9 40 99 52 52 89 78 8 54 87 29 78 62 89 69 84 95 45 26 96 13 4 57 30 83 55 25 16 93 32 24 73 63 29 17 60 94 21 59 17 22 36 54 17 42 16 33 22 44 19 82 13 28 14 67 89 39 13 85 21 38 98 80 11 48 97 29 46 36 57 69 86 87 47 5 44 13 31 33 11 83 17 51 61 64 55 82 61 
21 39 30 93 96 15 8 17 16 8 65 72 94 35 55 70 83 3 54 64 69 10 30 82 43 4 41 37 40 63 71 7 30 61 61 32 93 84 78 11 15 44 98 52 73 7 48 47 93 89 40 77 17 78 49 82 16 98 42 94 33 40 52 43 53 18 72 88 35 92 75 81 14 42 2 82 82 1 18 83 86 30 99 57 27 15 36 20 57 91 37 50 60 56 24 20 57 45 83 7 97 32 63 45 62 90 86 67 72 44 50 40 66 48 73 84 83 87 17 56 35 95 17 73 67 16 67 27 
92 17 60 17 33 38 55 14 21 100 76 80 33 34 64 9 73 13 45 42 65 65 44 76 56 95 75 72 10 40 67 58 58 87 69 82 28 92 11 10 31 66 23 88 31 100 13 13 4 31 81 67 83 18 77 25 40 83 20 27 61 25 65 54 57 63 9 78 87 80 23 63 14 32 30 91 96 40 31 98 2 67 33 12 28 64 33 19 35 18 47 19 15 91 81 23 93 64 94 81 92 44 47 68 87 90 83 93 66 46 70 15 21 45 67 12 84 25 77 2 53 34 95 66 24 69 97 10 
30 57 67 60 79 41 54 87 73 99 85 1 96 90 19 25 41 67 70 83 81 47 31 78 24 11 89 79 46 35 45 36 3 77 42 62 41 51 58 5 9 86 4 31 29 64 29 63 19 40 12 62 52 56 70 70 99 90 34 98 43 36 77 45 66 26 63 78 29 80 65 27 51 9 20 95 100 98 84 68 6 97 93 87 14 98 3 100 52 69 3 27 64 5 54 49 55 91 82 96 30 18 64 52 76 20 86 99 17 72 43 45 69 65 22 10 39 49 92 27 60 59 74 21 68 17 13 61 
61 38 93 7 24 24 54 97 55 79 72 63 66 29 72 98 36 78 22 99 49 91 8 81 69 64 11 97 43 8 40 46 45 20 22 12 92 82 65 71 9 15 33 78 56 81 24 78 74 71 52 90 59 73 23 36 97 86 95 95 53 45 48 98 98 62 4 63 83 93 47 2 80 64 91 98 90 77 88 28 15 95 47 74 97 14 44 8 85 9 18 35 11 85 25 30 71 26 79 9 51 32 58 62 70 11 66 14 45 93 65 83 13 48 74 37 16 19 47 31 49 69 96 79 35 58 32 52 
12 24 87 16 65 73 100 59 62 98 10 47 32 15 98 18 50 52 79 38 28 41 27 27 96 45 72 43 45 70 97 87 70 91 85 16 96 10 60 76 60 7 46 35 65 29 99 23 37 29 10 18 79 87 84 21 74 74 99 77 95 12 48 65 25 77 25 93 50 29 100 85 80 19 76 10 80 90 8 48 14 3 33 65 54 25 25 3 62 56 8 73 73 32 41 17 26 29 35 31 53 73 9 94 82 77 88 33 35 1 79 89 95 30 58 28 56 35 80 11 78 17 40 12 4 1 86 97 
74 34 67 34 33 48 98 32 69 71 59 27 60 78 89 61 17 75 24 3 62 75 72 78 34 63 97 67 44 50 78 100 32 11 19 56 65 80 61 73 3 6 48 26 6 30 57 66 43 9 15 29 35 7 69 67 85 26 46 53 46 69 50 40 38 16 27 28 67 40 33 63 24 98 42 60 9 5 38 43 84 39 69 7 68 48 60 90 71 31 92 100 9 34 67 7 55 88 52 28 86 9 45 28 42 33 32 47 68 31 79 51 4 61 84 75 22 22 32 95 23 77 52 99 40 64 97 86 
35 61 41 49 91 12 100 75 50 11 15 13 20 37 29 98 73 94 86 51 77 98 59 22 99 6 13 52 8 72 67 34 99 33 67 13 62 53 50 2 52 15 73 62 81 89 7 48 73 15 14 59 54 46 55 21 40 86 82 24 47 77 28 8 85 44 5 58 86 23 42 98 14 41 55 63 82 88 95 16 50 8 15 23 44 32 11 59 24 1 12 53 40 74 52 10 5 98 71 98 67 48 53 56 11 98 14 86 25 4 65 27 47 74 69 38 18 56 82 50 3 61 10 35 70 71 44 22 
40 2 79 37 41 3 67 51 55 56 33 7 88 3 55 22 63 42 90 63 21 7 78 4 85 2 65 84 12 34 95 41 31 53 82 46 98 9 17 100 62 22 78 26 79 37 30 49 36 22 35 93 11 2 36 66 67 66 98 80 42 75 18 10 67 69 97 63 67 62 76 27 84 3 32 47 45 76 38 56 5 29 28 95 36 8 59 60 79 60 90 55 86 7 20 41 63 71 53 79 57 61 80 45 82 3 35 49 29 86 61 25 96 73 23 56 82 37 78 53 1 33 98 70 5 66 77 36 
59 96 99 12 15 12 83 31 50 79 7 83 3 75 80 89 52 22 8 3 21 96 43 35 21 26 89 24 2 25 2 11 23 11 14 93 100 44 71 52 88 97 18 8 16 84 9 30 28 5 89 59 10 59 9 83 3 80 35 82 10 7 52 10 80 42 28 83 34 33 96 90 93 8 93 5 49 46 5 23 35 24 90 2 40 94 33 25 83 44 7 71 25 12 27 8 19 20 16 94 24 77 54 97 53 91 66 82 90 75 39 49 38 6 8 26 93 86 63 67 67 94 100 32 49 33 59 2 
7 5 27 15 63 43 50 30 41 3 33 79 18 32 88 94 84 36 99 39 14 37 15 48 3 8 31 99 93 9 45 80 33 15 24 58 37 94 57 54 15 84 5 88 55 63 82 39 91 47 83 13 86 37 58 99 56 5 11 43 12 95 77 40 10 72 51 28 23 68 18 95 22 25 47 65 53 55 16 78 33 86 39 28 7 59 21 57 57 82 65 59 27 18 37 39 35 69 52 19 27 90 83 92 39 64 97 62 20 94 6 23 57 27 27 59 28 44 35 95 66 96 29 24 32 75 9 61 
99 8 71 50 74 52 83 2 41 66 43 82 29 44 94 83 55 67 39 3 67 62 78 5 1 88 23 88 54 27 96 2 100 12 14 55 4 41 7 90 94 70 37 1 67 3 66 8 71 82 66 69 4 66 63 88 38 59 60 81 54 7 62 22 8 81 30 18 19 70 35 8 97 70 65 47 81 33 63 88 10 11 45 65 50 51 34 13 29 56 93 96 67 47 70 89 1 62 53 13 64 37 21 86 13 32 69 22 75 63 23 70 78 53 46 27 34 15 34 10 77 2 36 2 71 3 9 89 
71 69 19 86 1 80 89 4 70 71 74 66 19 23 49 67 77 10 30 95 84 49 42 40 89 3 57 46 40 38 33 27 31 32 19 37 18 10 33 90 66 72 83 19 64 38 69 71 61 22 30 67 100 85 69 57 89 15 25 31 82 24 93 3 42 29 31 25 25 58 1 98 80 100 33 47 84 23 89 47 58 47 95 61 68 54 63 19 32 68 45 72 10 59 8 96 8 15 62 83 5 7 99 59 46 71 33 13 15 63 39 8 82 17 87 41 25 41 92 19 63 94 94 84 71 22 91 26 
59 46 74 83 81 51 97 1 26 92 37 66 89 70 75 37 79 86 1 45 89 75 31 92 21 79 73 73 28 82 62 78 9 84 9 44 13 52 72 65 44 48 52 84 4 72 63 50 14 85 65 11 2 36 79 78 55 92 18 36 70 8 62 76 66 98 50 66 75 19 34 52 75 46 15 88 77 61 19 48 94 4 71 20 64 96 45 30 92 41 79 9 87 19 43 60 59 80 82 83 38 57 14 41 77 68 29 14 100 75 89 62 57 62 19 63 66 1 85 85 37 63 25 17 61 10 73 5 
25 86 56 6 55 79 40 98 49 81 60 55 89 31 22 84 13 13 79 89 52 10 80 3 86 63 74 53 53 4 94 77 63 43 15 64 20 26 74 41 25 34 41 40 96 19 49 50 69 80 20 45 31 20 18 56 85 69 2 98 92 30 39 35 20 89 79 47 11 43 79 1 26 21 44 17 45 91 13 19 96 91 40 7 10 69 86 79 39 26 17 40 72 11 3 20 100 49 37 91 69 63 70 86 81 63 36 85 59 90 10 65 97 51 10 98 20 70 87 25 80 94 18 77 55 15 29 48 
23 66 31 54 37 69 29 86 48 70 29 66 91 59 46 18 55 46 22 83 53 13 78 14 95 26 95 31 70 94 68 44 68 41 83 74 76 32 8 75 73 63 46 77 69 100 61 18 48 24 48 88 49 65 15 61 1 17 51 64 99 78 41 50 11 87 62 66 85 86 96 61 38 42 70 79 69 49 58 19 81 49 33 26 10 55 60 17 48 69 71 54 23 30 40 45 34 38 42 28 72 54 16 28 10 92 34 6 10 23 60 84 71 7 38 64 18 45 2 64 37 89 73 53 94 44 39 6 
76 60 76 19 90 91 38 75 47 27 54 85 6 74 62 31 48 13 49 77 66 92 1 4 81 50 9 3 58 80 25 62 32 90 78 91 13 75 57 71 96 10 90 62 16 32 96 100 40 51 53 17 36 94 6 10 79 19 61 22 99 72 28 34 39 79 36 11 75 68 85 21 45 96 51 38 85 53 72 89 93 57 92 24 79 6 73 99 89 14 89 26 30 13 25 22 100 38 15 34 30 78 26 76 90 95 32 43 100 24 11 62 83 67 56 23 82 98 14 34 80 74 27 44 82 16 90 53 
71 90 16 2 26 87 83 29 29 37 28 35 81 58 37 60 33 48 21 11 36 65 37 46 73 85 29 53 55 45 14 62 9 79 91 45 19 17 85 76 82 63 4 46 24 75 73 52 10 44 41 39 38 23 32 13 82 16 77 47 55 66 98 33 95 71 66 21 78 49 40 75 21 34 58 73 31 49 11 2 25 56 56 18 40 90 51 76 26 29 49 4 72 26 86 69 93 62 74 8 25 2 29 100 92 36 99 37 95 74 52 64 36 76 86 77 76 73 50 88 43 93 71 61 56 90 61 38 
16 76 51 55 39 87 45 85 4 28 73 66 4 16 80 82 91 95 37 72 30 11 66 38 60 30 77 15 66 21 71 9 1 44 45 91 6 38 36 73 39 22 48 16 58 40 72 47 68 60 50 30 79 28 67 61 7 73 90 56 42 5 76 6 75 79 86 16 21 91 99 62 37 63 39 29 75 43 96 9 55 51 37 6 74 38 26 27 79 66 99 97 25 97 99 38 38 33 40 99 9 32 82 89 39 42 27 46 13 98 27 48 61 78 57 74 5 2 30 90 15 68 67 56 52 33 91 9 
0.0 1.0 1.0 1.0 1.0 1.0 1.0 1.0 1.0 1.0 1.0 1.0 1.0 1.0 1.0 1.0 1.0 1.0 1.0 1.0 1.0 1.0 1.0 1.0 1.0 1.0 1.0 1.0 1.0 1.0 1.0 1.0 1.0 1.0 1.0 1.0 1.0 1.0 1.0 1.0 1.0 1.0 1.0 1.0 1.0 1.0 1.0 1.0 1.0 1.0 1.0 1.0 1.0 1.0 1.0 1.0 1.0 1.0 1.0 1.0 1.0 1.0 1.0 1.0 1.0 1.0 1.0 1.0 1.0 1.0 1.0 1.0 1.0 1.0 1.0 1.0 1.0 1.0 1.0 1.0 1.0 1.0 1.0 1.0 1.0 1.0 1.0 1.0 1.0 1.0 1.0 1.0 1.0 1.0 1.0 1.0 1.0 1.0 1.0 1.0 1.0 1.0 1.0 1.0 1.0 1.0 1.0 1.0 1.0 1.0 1.0 1.0 1.0 1.0 1.0 1.0 1.0 1.0 1.0 1.0 1.0 1.0 1.0 1.0 1.0 1.0 1.0 1.0 
1.0 0.0 1.0 1.0 1.0 1.0 1.0 1.0 1.0 1.0 1.0 1.0 1.0 1.0 1.0 1.0 1.0 1.0 1.0 1.0 1.0 1.0 1.0 1.0 1.0 1.0 1.0 1.0 1.0 1.0 1.0 1.0 1.0 1.0 1.0 1.0 1.0 1.0 1.0 1.0 1.0 1.0 1.0 1.0 1.0 1.0 1.0 1.0 1.0 1.0 1.0 1.0 1.0 1.0 1.0 1.0 1.0 1.0 1.0 1.0 1.0 1.0 1.0 1.0 1.0 1.0 1.0 1.0 1.0 1.0 1.0 1.0 1.0 1.0 1.0 1.0 1.0 1.0 1.0 1.0 1.0 1.0 1.0 1.0 1.0 1.0 1.0 1.0 1.0 1.0 1.0 1.0 1.0 1.0 1.0 1.0 1.0 1.0 1.0 1.0 1.0 1.0 1.0 1.0 1.0 1.0 1.0 1.0 1.0 1.0 1.0 1.0 1.0 1.0 1.0 1.0 1.0 1.0 1.0 1.0 1.0 1.0 1.0 1.0 1.0 1.0 1.0 1.0 
1.0 1.0 0.0 1.0 1.0 1.0 1.0 1.0 1.0 1.0 1.0 1.0 1.0 1.0 1.0 1.0 1.0 1.0 1.0 1.0 1.0 1.0 1.0 1.0 1.0 1.0 1.0 1.0 1.0 1.0 1.0 1.0 1.0 1.0 1.0 1.0 1.0 1.0 1.0 1.0 1.0 1.0 1.0 1.0 1.0 1.0 1.0 1.0 1.0 1.0 1.0 1.0 1.0 1.0 1.0 1.0 1.0 1.0 1.0 1.0 1.0 1.0 1.0 1.0 1.0 1.0 1.0 1.0 1.0 1.0 1.0 1.0 1.0 1.0 1.0 1.0 1.0 1.0 1.0 1.0 1.0 1.0 1.0 1.0 1.0 1.0 1.0 1.0 1.0 1.0 1.0 1.0 1.0 1.0 1.0 1.0 1.0 1.0 1.0 1.0 1.0 1.0 1.0 1.0 1.0 1.0 1.0 1.0 1.0 1.0 1.0 1.0 1.0 1.0 1.0 1.0 1.0 1.0 1.0 1.0 1.0 1.0 1.0 1.0 1.0 1.0 1.0 1.0 
1.0 1.0 1.0 0.0 1.0 1.0 1.0 1.0 1.0 1.0 1.0 1.0 1.0 1.0 1.0 1.0 1.0 1.0 1.0 1.0 1.0 1.0 1.0 1.0 1.0 1.0 1.0 1.0 1.0 1.0 1.0 1.0 1.0 1.0 1.0 1.0 1.0 1.0 1.0 1.0 1.0 1.0 1.0 1.0 1.0 1.0 1.0 1.0 1.0 1.0 1.0 1.0 1.0 1.0 1.0 1.0 1.0 1.0 1.0 1.0 1.0 1.0 1.0 1.0 1.0 1.0 1.0 1.0 1.0 1.0 1.0 1.0 1.0 1.0 1.0 1.0 1.0 1.0 1.0 1.0 1.0 1.0 1.0 1.0 1.0 1.0 1.0 1.0 1.0 1.0 1.0 1.0 1.0 1.0 1.0 1.0 1.0 1.0 1.0 1.0 1.0 1.0 1.0 1.0 1.0 1.0 1.0 1.0 1.0 1.0 1.0 1.0 1.0 1.0 1.0 1.0 1.0 1.0 1.0 1.0 1.0 1.0 1.0 1.0 1.0 1.0 1.0 1.0 
1.0 1.0 1.0 1.0 0.0 1.0 1.0 1.0 1.0 1.0 1.0 1.0 1.0 1.0 1.0 1.0 1.0 1.0 1.0 1.0 1.0 1.0 1.0 1.0 1.0 1.0 1.0 1.0 1.0 1.0 1.0 1.0 1.0 1.0 1.0 1.0 1.0 1.0 1.0 1.0 1.0 1.0 1.0 1.0 1.0 1.0 1.0 1.0 1.0 1.0 1.0 1.0 1.0 1.0 1.0 1.0 1.0 1.0 1.0 1.0 1.0 1.0 1.0 1.0 1.0 1.0 1.0 1.0 1.0 1.0 1.0 1.0 1.0 1.0 1.0 1.0 1.0 1.0 1.0 1.0 1.0 1.0 1.0 1.0 1.0 1.0 1.0 1.0 1.0 1.0 1.0 1.0 1.0 1.0 1.0 1.0 1.0 1.0 1.0 1.0 1.0 1.0 1.0 1.0 1.0 1.0 1.0 1.0 1.0 1.0 1.0 1.0 1.0 1.0 1.0 1.0 1.0 1.0 1.0 1.0 1.0 1.0 1.0 1.0 1.0 1.0 1.0 1.0 
1.0 1.0 1.0 1.0 1.0 0.0 1.0 1.0 1.0 1.0 1.0 1.0 1.0 1.0 1.0 1.0 1.0 1.0 1.0 1.0 1.0 1.0 1.0 1.0 1.0 1.0 1.0 1.0 1.0 1.0 1.0 1.0 1.0 1.0 1.0 1.0 1.0 1.0 1.0 1.0 1.0 1.0 1.0 1.0 1.0 1.0 1.0 1.0 1.0 1.0 1.0 1.0 1.0 1.0 1.0 1.0 1.0 1.0 1.0 1.0 1.0 1.0 1.0 1.0 1.0 1.0 1.0 1.0 1.0 1.0 1.0 1.0 1.0 1.0 1.0 1.0 1.0 1.0 1.0 1.0 1.0 1.0 1.0 1.0 1.0 1.0 1.0 1.0 1.0 1.0 1.0 1.0 1.0 1.0 1.0 1.0 1.0 1.0 1.0 1.0 1.0 1.0 1.0 1.0 1.0 1.0 1.0 1.0 1.0 1.0 1.0 1.0 1.0 1.0 1.0 1.0 1.0 1.0 1.0 1.0 1.0 1.0 1.0 1.0 1.0 1.0 1.0 1.0 
1.0 1.0 1.0 1.0 1.0 1.0 0.0 1.0 1.0 1.0 1.0 1.0 1.0 1.0 1.0 1.0 1.0 1.0 1.0 1.0 1.0 1.0 1.0 1.0 1.0 1.0 1.0 1.0 1.0 1.0 1.0 1.0 1.0 1.0 1.0 1.0 1.0 1.0 1.0 1.0 1.0 1.0 1.0 1.0 1.0 1.0 1.0 1.0 1.0 1.0 1.0 1.0 1.0 1.0 1.0 1.0 1.0 1.0 1.0 1.0 1.0 1.0 1.0 1.0 1.0 1.0 1.0 1.0 1.0 1.0 1.0 1.0 1.0 1.0 1.0 1.0 1.0 1.0 1.0 1.0 1.0 1.0 1.0 1.0 1.0 1.0 1.0 1.0 1.0 1.0 1.0 1.0 1.0 1.0 1.0 1.0 1.0 1.0 1.0 1.0 1.0 1.0 1.0 1.0 1.0 1.0 1.0 1.0 1.0 1.0 1.0 1.0 1.0 1.0 1.0 1.0 1.0 1.0 1.0 1.0 1.0 1.0 1.0 1.0 1.0 1.0 1.0 1.0 
1.0 1.0 1.0 1.0 1.0 1.0 1.0 0.0 1.0 1.0 1.0 1.0 1.0 1.0 1.0 1.0 1.0 1.0 1.0 1.0 1.0 1.0 1.0 1.0 1.0 1.0 1.0 1.0 1.0 1.0 1.0 1.0 1.0 1.0 1.0 1.0 1.0 1.0 1.0 1.0 1.0 1.0 1.0 1.0 1.0 1.0 1.0 1.0 1.0 1.0 1.0 1.0 1.0 1.0 1.0 1.0 1.0 1.0 1.0 1.0 1.0 1.0 1.0 1.0 1.0 1.0 1.0 1.0 1.0 1.0 1.0 1.0 1.0 1.0 1.0 1.0 1.0 1.0 1.0 1.0 1.0 1.0 1.0 1.0 1.0 1.0 1.0 1.0 1.0 1.0 1.0 1.0 1.0 1.0 1.0 1.0 1.0 1.0 1.0 1.0 1.0 1.0 1.0 1.0 1.0 1.0 1.0 1.0 1.0 1.0 1.0 1.0 1.0 1.0 1.0 1.0 1.0 1.0 1.0 1.0 1.0 1.0 1.0 1.0 1.0 1.0 1.0 1.0 
1.0 1.0 1.0 1.0 1.0 1.0 1.0 1.0 0.0 1.0 1.0 1.0 1.0 1.0 1.0 1.0 1.0 1.0 1.0 1.0 1.0 1.0 1.0 1.0 1.0 1.0 1.0 1.0 1.0 1.0 1.0 1.0 1.0 1.0 1.0 1.0 1.0 1.0 1.0 1.0 1.0 1.0 1.0 1.0 1.0 1.0 1.0 1.0 1.0 1.0 1.0 1.0 1.0 1.0 1.0 1.0 1.0 1.0 1.0 1.0 1.0 1.0 1.0 1.0 1.0 1.0 1.0 1.0 1.0 1.0 1.0 1.0 1.0 1.0 1.0 1.0 1.0 1.0 1.0 1.0 1.0 1.0 1.0 1.0 1.0 1.0 1.0 1.0 1.0 1.0 1.0 1.0 1.0 1.0 1.0 1.0 1.0 1.0 1.0 1.0 1.0 1.0 1.0 1.0 1.0 1.0 1.0 1.0 1.0 1.0 1.0 1.0 1.0 1.0 1.0 1.0 1.0 1.0 1.0 1.0 1.0 1.0 1.0 1.0 1.0 1.0 1.0 1.0 
1.0 1.0 1.0 1.0 1.0 1.0 1.0 1.0 1.0 0.0 1.0 1.0 1.0 1.0 1.0 1.0 1.0 1.0 1.0 1.0 1.0 1.0 1.0 1.0 1.0 1.0 1.0 1.0 1.0 1.0 1.0 1.0 1.0 1.0 1.0 1.0 1.0 1.0 1.0 1.0 1.0 1.0 1.0 1.0 1.0 1.0 1.0 1.0 1.0 1.0 1.0 1.0 1.0 1.0 1.0 1.0 1.0 1.0 1.0 1.0 1.0 1.0 1.0 1.0 1.0 1.0 1.0 1.0 1.0 1.0 1.0 1.0 1.0 1.0 1.0 1.0 1.0 1.0 1.0 1.0 1.0 1.0 1.0 1.0 1.0 1.0 1.0 1.0 1.0 1.0 1.0 1.0 1.0 1.0 1.0 1.0 1.0 1.0 1.0 1.0 1.0 1.0 1.0 1.0 1.0 1.0 1.0 1.0 1.0 1.0 1.0 1.0 1.0 1.0 1.0 1.0 1.0 1.0 1.0 1.0 1.0 1.0 1.0 1.0 1.0 1.0 1.0 1.0 
1.0 1.0 1.0 1.0 1.0 1.0 1.0 1.0 1.0 1.0 0.0 1.0 1.0 1.0 1.0 1.0 1.0 1.0 1.0 1.0 1.0 1.0 1.0 1.0 1.0 1.0 1.0 1.0 1.0 1.0 1.0 1.0 1.0 1.0 1.0 1.0 1.0 1.0 1.0 1.0 1.0 1.0 1.0 1.0 1.0 1.0 1.0 1.0 1.0 1.0 1.0 1.0 1.0 1.0 1.0 1.0 1.0 1.0 1.0 1.0 1.0 1.0 1.0 1.0 1.0 1.0 1.0 1.0 1.0 1.0 1.0 1.0 1.0 1.0 1.0 1.0 1.0 1.0 1.0 1.0 1.0 1.0 1.0 1.0 1.0 1.0 1.0 1.0 1.0 1.0 1.0 1.0 1.0 1.0 1.0 1.0 1.0 1.0 1.0 1.0 1.0 1.0 1.0 1.0 1.0 1.0 1.0 1.0 1.0 1.0 1.0 1.0 1.0 1.0 1.0 1.0 1.0 1.0 1.0 1.0 1.0 1.0 1.0 1.0 1.0 1.0 1.0 1.0 
1.0 1.0 1.0 1.0 1.0 1.0 1.0 1.0 1.0 1.0 1.0 0.0 1.0 1.0 1.0 1.0 1.0 1.0 1.0 1.0 1.0 1.0 1.0 1.0 1.0 1.0 1.0 1.0 1.0 1.0 1.0 1.0 1.0 1.0 1.0 1.0 1.0 1.0 1.0 1.0 1.0 1.0 1.0 1.0 1.0 1.0 1.0 1.0 1.0 1.0 1.0 1.0 1.0 1.0 1.0 1.0 1.0 1.0 1.0 1.0 1.0 1.0 1.0 1.0 1.0 1.0 1.0 1.0 1.0 1.0 1.0 1.0 1.0 1.0 1.0 1.0 1.0 1.0 1.0 1.0 1.0 1.0 1.0 1.0 1.0 1.0 1.0 1.0 1.0 1.0 1.0 1.0 1.0 1.0 1.0 1.0 1.0 1.0 1.0 1.0 1.0 1.0 1.0 1.0 1.0 1.0 1.0 1.0 1.0 1.0 1.0 1.0 1.0 1.0 1.0 1.0 1.0 1.0 1.0 1.0 1.0 1.0 1.0 1.0 1.0 1.0 1.0 1.0 
1.0 1.0 1.0 1.0 1.0 1.0 1.0 1.0 1.0 1.0 1.0 1.0 0.0 1.0 1.0 1.0 1.0 1.0 1.0 1.0 1.0 1.0 1.0 1.0 1.0 1.0 1.0 1.0 1.0 1.0 1.0 1.0 1.0 1.0 1.0 1.0 1.0 1.0 1.0 1.0 1.0 1.0 1.0 1.0 1.0 1.0 1.0 1.0 1.0 1.0 1.0 1.0 1.0 1.0 1.0 1.0 1.0 1.0 1.0 1.0 1.0 1.0 1.0 1.0 1.0 1.0 1.0 1.0 1.0 1.0 1.0 1.0 1.0 1.0 1.0 1.0 1.0 1.0 1.0 1.0 1.0 1.0 1.0 1.0 1.0 1.0 1.0 1.0 1.0 1.0 1.0 1.0 1.0 1.0 1.0 1.0 1.0 1.0 1.0 1.0 1.0 1.0 1.0 1.0 1.0 1.0 1.0 1.0 1.0 1.0 1.0 1.0 1.0 1.0 1.0 1.0 1.0 1.0 1.0 1.0 1.0 1.0 1.0 1.0 1.0 1.0 1.0 1.0 
1.0 1.0 1.0 1.0 1.0 1.0 1.0 1.0 1.0 1.0 1.0 1.0 1.0 0.0 1.0 1.0 1.0 1.0 1.0 1.0 1.0 1.0 1.0 1.0 1.0 1.0 1.0 1.0 1.0 1.0 1.0 1.0 1.0 1.0 1.0 1.0 1.0 1.0 1.0 1.0 1.0 1.0 1.0 1.0 1.0 1.0 1.0 1.0 1.0 1.0 1.0 1.0 1.0 1.0 1.0 1.0 1.0 1.0 1.0 1.0 1.0 1.0 1.0 1.0 1.0 1.0 1.0 1.0 1.0 1.0 1.0 1.0 1.0 1.0 1.0 1.0 1.0 1.0 1.0 1.0 1.0 1.0 1.0 1.0 1.0 1.0 1.0 1.0 1.0 1.0 1.0 1.0 1.0 1.0 1.0 1.0 1.0 1.0 1.0 1.0 1.0 1.0 1.0 1.0 1.0 1.0 1.0 1.0 1.0 1.0 1.0 1.0 1.0 1.0 1.0 1.0 1.0 1.0 1.0 1.0 1.0 1.0 1.0 1.0 1.0 1.0 1.0 1.0 
1.0 1.0 1.0 1.0 1.0 1.0 1.0 1.0 1.0 1.0 1.0 1.0 1.0 1.0 0.0 1.0 1.0 1.0 1.0 1.0 1.0 1.0 1.0 1.0 1.0 1.0 1.0 1.0 1.0 1.0 1.0 1.0 1.0 1.0 1.0 1.0 1.0 1.0 1.0 1.0 1.0 1.0 1.0 1.0 1.0 1.0 1.0 1.0 1.0 1.0 1.0 1.0 1.0 1.0 1.0 1.0 1.0 1.0 1.0 1.0 1.0 1.0 1.0 1.0 1.0 1.0 1.0 1.0 1.0 1.0 1.0 1.0 1.0 1.0 1.0 1.0 1.0 1.0 1.0 1.0 1.0 1.0 1.0 1.0 1.0 1.0 1.0 1.0 1.0 1.0 1.0 1.0 1.0 1.0 1.0 1.0 1.0 1.0 1.0 1.0 1.0 1.0 1.0 1.0 1.0 1.0 1.0 1.0 1.0 1.0 1.0 1.0 1.0 1.0 1.0 1.0 1.0 1.0 1.0 1.0 1.0 1.0 1.0 1.0 1.0 1.0 1.0 1.0 
1.0 1.0 1.0 1.0 1.0 1.0 1.0 1.0 1.0 1.0 1.0 1.0 1.0 1.0 1.0 0.0 1.0 1.0 1.0 1.0 1.0 1.0 1.0 1.0 1.0 1.0 1.0 1.0 1.0 1.0 1.0 1.0 1.0 1.0 1.0 1.0 1.0 1.0 1.0 1.0 1.0 1.0 1.0 1.0 1.0 1.0 1.0 1.0 1.0 1.0 1.0 1.0 1.0 1.0 1.0 1.0 1.0 1.0 1.0 1.0 1.0 1.0 1.0 1.0 1.0 1.0 1.0 1.0 1.0 1.0 1.0 1.0 1.0 1.0 1.0 1.0 1.0 1.0 1.0 1.0 1.0 1.0 1.0 1.0 1.0 1.0 1.0 1.0 1.0 1.0 1.0 1.0 1.0 1.0 1.0 1.0 1.0 1.0 1.0 1.0 1.0 1.0 1.0 1.0 1.0 1.0 1.0 1.0 1.0 1.0 1.0 1.0 1.0 1.0 1.0 1.0 1.0 1.0 1.0 1.0 1.0 1.0 1.0 1.0 1.0 1.0 1.0 1.0 
1.0 1.0 1.0 1.0 1.0 1.0 1.0 1.0 1.0 1.0 1.0 1.0 1.0 1.0 1.0 1.0 0.0 1.0 1.0 1.0 1.0 1.0 1.0 1.0 1.0 1.0 1.0 1.0 1.0 1.0 1.0 1.0 1.0 1.0 1.0 1.0 1.0 1.0 1.0 1.0 1.0 1.0 1.0 1.0 1.0 1.0 1.0 1.0 1.0 1.0 1.0 1.0 1.0 1.0 1.0 1.0 1.0 1.0 1.0 1.0 1.0 1.0 1.0 1.0 1.0 1.0 1.0 1.0 1.0 1.0 1.0 1.0 1.0 1.0 1.0 1.0 1.0 1.0 1.0 1.0 1.0 1.0 1.0 1.0 1.0 1.0 1.0 1.0 1.0 1.0 1.0 1.0 1.0 1.0 1.0 1.0 1.0 1.0 1.0 1.0 1.0 1.0 1.0 1.0 1.0 1.0 1.0 1.0 1.0 1.0 1.0 1.0 1.0 1.0 1.0 1.0 1.0 1.0 1.0 1.0 1.0 1.0 1.0 1.0 1.0 1.0 1.0 1.0 
1.0 1.0 1.0 1.0 1.0 1.0 1.0 1.0 1.0 1.0 1.0 1.0 1.0 1.0 1.0 1.0 1.0 0.0 1.0 1.0 1.0 1.0 1.0 1.0 1.0 1.0 1.0 1.0 1.0 1.0 1.0 1.0 1.0 1.0 1.0 1.0 1.0 1.0 1.0 1.0 1.0 1.0 1.0 1.0 1.0 1.0 1.0 1.0 1.0 1.0 1.0 1.0 1.0 1.0 1.0 1.0 1.0 1.0 1.0 1.0 1.0 1.0 1.0 1.0 1.0 1.0 1.0 1.0 1.0 1.0 1.0 1.0 1.0 1.0 1.0 1.0 1.0 1.0 1.0 1.0 1.0 1.0 1.0 1.0 1.0 1.0 1.0 1.0 1.0 1.0 1.0 1.0 1.0 1.0 1.0 1.0 1.0 1.0 1.0 1.0 1.0 1.0 1.0 1.0 1.0 1.0 1.0 1.0 1.0 1.0 1.0 1.0 1.0 1.0 1.0 1.0 1.0 1.0 1.0 1.0 1.0 1.0 1.0 1.0 1.0 1.0 1.0 1.0 
1.0 1.0 1.0 1.0 1.0 1.0 1.0 1.0 1.0 1.0 1.0 1.0 1.0 1.0 1.0 1.0 1.0 1.0 0.0 1.0 1.0 1.0 1.0 1.0 1.0 1.0 1.0 1.0 1.0 1.0 1.0 1.0 1.0 1.0 1.0 1.0 1.0 1.0 1.0 1.0 1.0 1.0 1.0 1.0 1.0 1.0 1.0 1.0 1.0 1.0 1.0 1.0 1.0 1.0 1.0 1.0 1.0 1.0 1.0 1.0 1.0 1.0 1.0 1.0 1.0 1.0 1.0 1.0 1.0 1.0 1.0 1.0 1.0 1.0 1.0 1.0 1.0 1.0 1.0 1.0 1.0 1.0 1.0 1.0 1.0 1.0 1.0 1.0 1.0 1.0 1.0 1.0 1.0 1.0 1.0 1.0 1.0 1.0 1.0 1.0 1.0 1.0 1.0 1.0 1.0 1.0 1.0 1.0 1.0 1.0 1.0 1.0 1.0 1.0 1.0 1.0 1.0 1.0 1.0 1.0 1.0 1.0 1.0 1.0 1.0 1.0 1.0 1.0 
1.0 1.0 1.0 1.0 1.0 1.0 1.0 1.0 1.0 1.0 1.0 1.0 1.0 1.0 1.0 1.0 1.0 1.0 1.0 0.0 1.0 1.0 1.0 1.0 1.0 1.0 1.0 1.0 1.0 1.0 1.0 1.0 1.0 1.0 1.0 1.0 1.0 1.0 1.0 1.0 1.0 1.0 1.0 1.0 1.0 1.0 1.0 1.0 1.0 1.0 1.0 1.0 1.0 1.0 1.0 1.0 1.0 1.0 1.0 1.0 1.0 1.0 1.0 1.0 1.0 1.0 1.0 1.0 1.0 1.0 1.0 1.0 1.0 1.0 1.0 1.0 1.0 1.0 1.0 1.0 1.0 1.0 1.0 1.0 1.0 1.0 1.0 1.0 1.0 1.0 1.0 1.0 1.0 1.0 1.0 1.0 1.0 1.0 1.0 1.0 1.0 1.0 1.0 1.0 1.0 1.0 1.0 1.0 1.0 1.0 1.0 1.0 1.0 1.0 1.0 1.0 1.0 1.0 1.0 1.0 1.0 1.0 1.0 1.0 1.0 1.0 1.0 1.0 
1.0 1.0 1.0 1.0 1.0 1.0 1.0 1.0 1.0 1.0 1.0 1.0 1.0 1.0 1.0 1.0 1.0 1.0 1.0 1.0 0.0 1.0 1.0 1.0 1.0 1.0 1.0 1.0 1.0 1.0 1.0 1.0 1.0 1.0 1.0 1.0 1.0 1.0 1.0 1.0 1.0 1.0 1.0 1.0 1.0 1.0 1.0 1.0 1.0 1.0 1.0 1.0 1.0 1.0 1.0 1.0 1.0 1.0 1.0 1.0 1.0 1.0 1.0 1.0 1.0 1.0 1.0 1.0 1.0 1.0 1.0 1.0 1.0 1.0 1.0 1.0 1.0 1.0 1.0 1.0 1.0 1.0 1.0 1.0 1.0 1.0 1.0 1.0 1.0 1.0 1.0 1.0 1.0 1.0 1.0 1.0 1.0 1.0 1.0 1.0 1.0 1.0 1.0 1.0 1.0 1.0 1.0 1.0 1.0 1.0 1.0 1.0 1.0 1.0 1.0 1.0 1.0 1.0 1.0 1.0 1.0 1.0 1.0 1.0 1.0 1.0 1.0 1.0 
1.0 1.0 1.0 1.0 1.0 1.0 1.0 1.0 1.0 1.0 1.0 1.0 1.0 1.0 1.0 1.0 1.0 1.0 1.0 1.0 1.0 0.0 1.0 1.0 1.0 1.0 1.0 1.0 1.0 1.0 1.0 1.0 1.0 1.0 1.0 1.0 1.0 1.0 1.0 1.0 1.0 1.0 1.0 1.0 1.0 1.0 1.0 1.0 1.0 1.0 1.0 1.0 1.0 1.0 1.0 1.0 1.0 1.0 1.0 1.0 1.0 1.0 1.0 1.0 1.0 1.0 1.0 1.0 1.0 1.0 1.0 1.0 1.0 1.0 1.0 1.0 1.0 1.0 1.0 1.0 1.0 1.0 1.0 1.0 1.0 1.0 1.0 1.0 1.0 1.0 1.0 1.0 1.0 1.0 1.0 1.0 1.0 1.0 1.0 1.0 1.0 1.0 1.0 1.0 1.0 1.0 1.0 1.0 1.0 1.0 1.0 1.0 1.0 1.0 1.0 1.0 1.0 1.0 1.0 1.0 1.0 1.0 1.0 1.0 1.0 1.0 1.0 1.0 
1.0 1.0 1.0 1.0 1.0 1.0 1.0 1.0 1.0 1.0 1.0 1.0 1.0 1.0 1.0 1.0 1.0 1.0 1.0 1.0 1.0 1.0 0.0 1.0 1.0 1.0 1.0 1.0 1.0 1.0 1.0 1.0 1.0 1.0 1.0 1.0 1.0 1.0 1.0 1.0 1.0 1.0 1.0 1.0 1.0 1.0 1.0 1.0 1.0 1.0 1.0 1.0 1.0 1.0 1.0 1.0 1.0 1.0 1.0 1.0 1.0 1.0 1.0 1.0 1.0 1.0 1.0 1.0 1.0 1.0 1.0 1.0 1.0 1.0 1.0 1.0 1.0 1.0 1.0 1.0 1.0 1.0 1.0 1.0 1.0 1.0 1.0 1.0 1.0 1.0 1.0 1.0 1.0 1.0 1.0 1.0 1.0 1.0 1.0 1.0 1.0 1.0 1.0 1.0 1.0 1.0 1.0 1.0 1.0 1.0 1.0 1.0 1.0 1.0 1.0 1.0 1.0 1.0 1.0 1.0 1.0 1.0 1.0 1.0 1.0 1.0 1.0 1.0 
1.0 1.0 1.0 1.0 1.0 1.0 1.0 1.0 1.0 1.0 1.0 1.0 1.0 1.0 1.0 1.0 1.0 1.0 1.0 1.0 1.0 1.0 1.0 0.0 1.0 1.0 1.0 1.0 1.0 1.0 1.0 1.0 1.0 1.0 1.0 1.0 1.0 1.0 1.0 1.0 1.0 1.0 1.0 1.0 1.0 1.0 1.0 1.0 1.0 1.0 1.0 1.0 1.0 1.0 1.0 1.0 1.0 1.0 1.0 1.0 1.0 1.0 1.0 1.0 1.0 1.0 1.0 1.0 1.0 1.0 1.0 1.0 1.0 1.0 1.0 1.0 1.0 1.0 1.0 1.0 1.0 1.0 1.0 1.0 1.0 1.0 1.0 1.0 1.0 1.0 1.0 1.0 1.0 1.0 1.0 1.0 1.0 1.0 1.0 1.0 1.0 1.0 1.0 1.0 1.0 1.0 1.0 1.0 1.0 1.0 1.0 1.0 1.0 1.0 1.0 1.0 1.0 1.0 1.0 1.0 1.0 1.0 1.0 1.0 1.0 1.0 1.0 1.0 
1.0 1.0 1.0 1.0 1.0 1.0 1.0 1.0 1.0 1.0 1.0 1.0 1.0 1.0 1.0 1.0 1.0 1.0 1.0 1.0 1.0 1.0 1.0 1.0 0.0 1.0 1.0 1.0 1.0 1.0 1.0 1.0 1.0 1.0 1.0 1.0 1.0 1.0 1.0 1.0 1.0 1.0 1.0 1.0 1.0 1.0 1.0 1.0 1.0 1.0 1.0 1.0 1.0 1.0 1.0 1.0 1.0 1.0 1.0 1.0 1.0 1.0 1.0 1.0 1.0 1.0 1.0 1.0 1.0 1.0 1.0 1.0 1.0 1.0 1.0 1.0 1.0 1.0 1.0 1.0 1.0 1.0 1.0 1.0 1.0 1.0 1.0 1.0 1.0 1.0 1.0 1.0 1.0 1.0 1.0 1.0 1.0 1.0 1.0 1.0 1.0 1.0 1.0 1.0 1.0 1.0 1.0 1.0 1.0 1.0 1.0 1.0 1.0 1.0 1.0 1.0 1.0 1.0 1.0 1.0 1.0 1.0 1.0 1.0 1.0 1.0 1.0 1.0 
1.0 1.0 1.0 1.0 1.0 1.0 1.0 1.0 1.0 1.0 1.0 1.0 1.0 1.0 1.0 1.0 1.0 1.0 1.0 1.0 1.0 1.0 1.0 1.0 1.0 0.0 1.0 1.0 1.0 1.0 1.0 1.0 1.0 1.0 1.0 1.0 1.0 1.0 1.0 1.0 1.0 1.0 1.0 1.0 1.0 1.0 1.0 1.0 1.0 1.0 1.0 1.0 1.0 1.0 1.0 1.0 1.0 1.0 1.0 1.0 1.0 1.0 1.0 1.0 1.0 1.0 1.0 1.0 1.0 1.0 1.0 1.0 1.0 1.0 1.0 1.0 1.0 1.0 1.0 1.0 1.0 1.0 1.0 1.0 1.0 1.0 1.0 1.0 1.0 1.0 1.0 1.0 1.0 1.0 1.0 1.0 1.0 1.0 1.0 1.0 1.0 1.0 1.0 1.0 1.0 1.0 1.0 1.0 1.0 1.0 1.0 1.0 1.0 1.0 1.0 1.0 1.0 1.0 1.0 1.0 1.0 1.0 1.0 1.0 1.0 1.0 1.0 1.0 
1.0 1.0 1.0 1.0 1.0 1.0 1.0 1.0 1.0 1.0 1.0 1.0 1.0 1.0 1.0 1.0 1.0 1.0 1.0 1.0 1.0 1.0 1.0 1.0 1.0 1.0 0.0 1.0 1.0 1.0 1.0 1.0 1.0 1.0 1.0 1.0 1.0 1.0 1.0 1.0 1.0 1.0 1.0 1.0 1.0 1.0 1.0 1.0 1.0 1.0 1.0 1.0 1.0 1.0 1.0 1.0 1.0 1.0 1.0 1.0 1.0 1.0 1.0 1.0 1.0 1.0 1.0 1.0 1.0 1.0 1.0 1.0 1.0 1.0 1.0 1.0 1.0 1.0 1.0 1.0 1.0 1.0 1.0 1.0 1.0 1.0 1.0 1.0 1.0 1.0 1.0 1.0 1.0 1.0 1.0 1.0 1.0 1.0 1.0 1.0 1.0 1.0 1.0 1.0 1.0 1.0 1.0 1.0 1.0 1.0 1.0 1.0 1.0 1.0 1.0 1.0 1.0 1.0 1.0 1.0 1.0 1.0 1.0 1.0 1.0 1.0 1.0 1.0 
1.0 1.0 1.0 1.0 1.0 1.0 1.0 1.0 1.0 1.0 1.0 1.0 1.0 1.0 1.0 1.0 1.0 1.0 1.0 1.0 1.0 1.0 1.0 1.0 1.0 1.0 1.0 0.0 1.0 1.0 1.0 1.0 1.0 1.0 1.0 1.0 1.0 1.0 1.0 1.0 1.0 1.0 1.0 1.0 1.0 1.0 1.0 1.0 1.0 1.0 1.0 1.0 1.0 1.0 1.0 1.0 1.0 1.0 1.0 1.0 1.0 1.0 1.0 1.0 1.0 1.0 1.0 1.0 1.0 1.0 1.0 1.0 1.0 1.0 1.0 1.0 1.0 1.0 1.0 1.0 1.0 1.0 1.0 1.0 1.0 1.0 1.0 1.0 1.0 1.0 1.0 1.0 1.0 1.0 1.0 1.0 1.0 1.0 1.0 1.0 1.0 1.0 1.0 1.0 1.0 1.0 1.0 1.0 1.0 1.0 1.0 1.0 1.0 1.0 1.0 1.0 1.0 1.0 1.0 1.0 1.0 1.0 1.0 1.0 1.0 1.0 1.0 1.0 
1.0 1.0 1.0 1.0 1.0 1.0 1.0 1.0 1.0 1.0 1.0 1.0 1.0 1.0 1.0 1.0 1.0 1.0 1.0 1.0 1.0 1.0 1.0 1.0 1.0 1.0 1.0 1.0 0.0 1.0 1.0 1.0 1.0 1.0 1.0 1.0 1.0 1.0 1.0 1.0 1.0 1.0 1.0 1.0 1.0 1.0 1.0 1.0 1.0 1.0 1.0 1.0 1.0 1.0 1.0 1.0 1.0 1.0 1.0 1.0 1.0 1.0 1.0 1.0 1.0 1.0 1.0 1.0 1.0 1.0 1.0 1.0 1.0 1.0 1.0 1.0 1.0 1.0 1.0 1.0 1.0 1.0 1.0 1.0 1.0 1.0 1.0 1.0 1.0 1.0 1.0 1.0 1.0 1.0 1.0 1.0 1.0 1.0 1.0 1.0 1.0 1.0 1.0 1.0 1.0 1.0 1.0 1.0 1.0 1.0 1.0 1.0 1.0 1.0 1.0 1.0 1.0 1.0 1.0 1.0 1.0 1.0 1.0 1.0 1.0 1.0 1.0 1.0 
1.0 1.0 1.0 1.0 1.0 1.0 1.0 1.0 1.0 1.0 1.0 1.0 1.0 1.0 1.0 1.0 1.0 1.0 1.0 1.0 1.0 1.0 1.0 1.0 1.0 1.0 1.0 1.0 1.0 0.0 1.0 1.0 1.0 1.0 1.0 1.0 1.0 1.0 1.0 1.0 1.0 1.0 1.0 1.0 1.0 1.0 1.0 1.0 1.0 1.0 1.0 1.0 1.0 1.0 1.0 1.0 1.0 1.0 1.0 1.0 1.0 1.0 1.0 1.0 1.0 1.0 1.0 1.0 1.0 1.0 1.0 1.0 1.0 1.0 1.0 1.0 1.0 1.0 1.0 1.0 1.0 1.0 1.0 1.0 1.0 1.0 1.0 1.0 1.0 1.0 1.0 1.0 1.0 1.0 1.0 1.0 1.0 1.0 1.0 1.0 1.0 1.0 1.0 1.0 1.0 1.0 1.0 1.0 1.0 1.0 1.0 1.0 1.0 1.0 1.0 1.0 1.0 1.0 1.0 1.0 1.0 1.0 1.0 1.0 1.0 1.0 1.0 1.0 
1.0 1.0 1.0 1.0 1.0 1.0 1.0 1.0 1.0 1.0 1.0 1.0 1.0 1.0 1.0 1.0 1.0 1.0 1.0 1.0 1.0 1.0 1.0 1.0 1.0 1.0 1.0 1.0 1.0 1.0 0.0 1.0 1.0 1.0 1.0 1.0 1.0 1.0 1.0 1.0 1.0 1.0 1.0 1.0 1.0 1.0 1.0 1.0 1.0 1.0 1.0 1.0 1.0 1.0 1.0 1.0 1.0 1.0 1.0 1.0 1.0 1.0 1.0 1.0 1.0 1.0 1.0 1.0 1.0 1.0 1.0 1.0 1.0 1.0 1.0 1.0 1.0 1.0 1.0 1.0 1.0 1.0 1.0 1.0 1.0 1.0 1.0 1.0 1.0 1.0 1.0 1.0 1.0 1.0 1.0 1.0 1.0 1.0 1.0 1.0 1.0 1.0 1.0 1.0 1.0 1.0 1.0 1.0 1.0 1.0 1.0 1.0 1.0 1.0 1.0 1.0 1.0 1.0 1.0 1.0 1.0 1.0 1.0 1.0 1.0 1.0 1.0 1.0 
1.0 1.0 1.0 1.0 1.0 1.0 1.0 1.0 1.0 1.0 1.0 1.0 1.0 1.0 1.0 1.0 1.0 1.0 1.0 1.0 1.0 1.0 1.0 1.0 1.0 1.0 1.0 1.0 1.0 1.0 1.0 0.0 1.0 1.0 1.0 1.0 1.0 1.0 1.0 1.0 1.0 1.0 1.0 1.0 1.0 1.0 1.0 1.0 1.0 1.0 1.0 1.0 1.0 1.0 1.0 1.0 1.0 1.0 1.0 1.0 1.0 1.0 1.0 1.0 1.0 1.0 1.0 1.0 1.0 1.0 1.0 1.0 1.0 1.0 1.0 1.0 1.0 1.0 1.0 1.0 1.0 1.0 1.0 1.0 1.0 1.0 1.0 1.0 1.0 1.0 1.0 1.0 1.0 1.0 1.0 1.0 1.0 1.0 1.0 1.0 1.0 1.0 1.0 1.0 1.0 1.0 1.0 1.0 1.0 1.0 1.0 1.0 1.0 1.0 1.0 1.0 1.0 1.0 1.0 1.0 1.0 1.0 1.0 1.0 1.0 1.0 1.0 1.0 
1.0 1.0 1.0 1.0 1.0 1.0 1.0 1.0 1.0 1.0 1.0 1.0 1.0 1.0 1.0 1.0 1.0 1.0 1.0 1.0 1.0 1.0 1.0 1.0 1.0 1.0 1.0 1.0 1.0 1.0 1.0 1.0 0.0 1.0 1.0 1.0 1.0 1.0 1.0 1.0 1.0 1.0 1.0 1.0 1.0 1.0 1.0 1.0 1.0 1.0 1.0 1.0 1.0 1.0 1.0 1.0 1.0 1.0 1.0 1.0 1.0 1.0 1.0 1.0 1.0 1.0 1.0 1.0 1.0 1.0 1.0 1.0 1.0 1.0 1.0 1.0 1.0 1.0 1.0 1.0 1.0 1.0 1.0 1.0 1.0 1.0 1.0 1.0 1.0 1.0 1.0 1.0 1.0 1.0 1.0 1.0 1.0 1.0 1.0 1.0 1.0 1.0 1.0 1.0 1.0 1.0 1.0 1.0 1.0 1.0 1.0 1.0 1.0 1.0 1.0 1.0 1.0 1.0 1.0 1.0 1.0 1.0 1.0 1.0 1.0 1.0 1.0 1.0 
1.0 1.0 1.0 1.0 1.0 1.0 1.0 1.0 1.0 1.0 1.0 1.0 1.0 1.0 1.0 1.0 1.0 1.0 1.0 1.0 1.0 1.0 1.0 1.0 1.0 1.0 1.0 1.0 1.0 1.0 1.0 1.0 1.0 0.0 1.0 1.0 1.0 1.0 1.0 1.0 1.0 1.0 1.0 1.0 1.0 1.0 1.0 1.0 1.0 1.0 1.0 1.0 1.0 1.0 1.0 1.0 1.0 1.0 1.0 1.0 1.0 1.0 1.0 1.0 1.0 1.0 1.0 1.0 1.0 1.0 1.0 1.0 1.0 1.0 1.0 1.0 1.0 1.0 1.0 1.0 1.0 1.0 1.0 1.0 1.0 1.0 1.0 1.0 1.0 1.0 1.0 1.0 1.0 1.0 1.0 1.0 1.0 1.0 1.0 1.0 1.0 1.0 1.0 1.0 1.0 1.0 1.0 1.0 1.0 1.0 1.0 1.0 1.0 1.0 1.0 1.0 1.0 1.0 1.0 1.0 1.0 1.0 1.0 1.0 1.0 1.0 1.0 1.0 
1.0 1.0 1.0 1.0 1.0 1.0 1.0 1.0 1.0 1.0 1.0 1.0 1.0 1.0 1.0 1.0 1.0 1.0 1.0 1.0 1.0 1.0 1.0 1.0 1.0 1.0 1.0 1.0 1.0 1.0 1.0 1.0 1.0 1.0 0.0 1.0 1.0 1.0 1.0 1.0 1.0 1.0 1.0 1.0 1.0 1.0 1.0 1.0 1.0 1.0 1.0 1.0 1.0 1.0 1.0 1.0 1.0 1.0 1.0 1.0 1.0 1.0 1.0 1.0 1.0 1.0 1.0 1.0 1.0 1.0 1.0 1.0 1.0 1.0 1.0 1.0 1.0 1.0 1.0 1.0 1.0 1.0 1.0 1.0 1.0 1.0 1.0 1.0 1.0 1.0 1.0 1.0 1.0 1.0 1.0 1.0 1.0 1.0 1.0 1.0 1.0 1.0 1.0 1.0 1.0 1.0 1.0 1.0 1.0 1.0 1.0 1.0 1.0 1.0 1.0 1.0 1.0 1.0 1.0 1.0 1.0 1.0 1.0 1.0 1.0 1.0 1.0 1.0 
1.0 1.0 1.0 1.0 1.0 1.0 1.0 1.0 1.0 1.0 1.0 1.0 1.0 1.0 1.0 1.0 1.0 1.0 1.0 1.0 1.0 1.0 1.0 1.0 1.0 1.0 1.0 1.0 1.0 1.0 1.0 1.0 1.0 1.0 1.0 0.0 1.0 1.0 1.0 1.0 1.0 1.0 1.0 1.0 1.0 1.0 1.0 1.0 1.0 1.0 1.0 1.0 1.0 1.0 1.0 1.0 1.0 1.0 1.0 1.0 1.0 1.0 1.0 1.0 1.0 1.0 1.0 1.0 1.0 1.0 1.0 1.0 1.0 1.0 1.0 1.0 1.0 1.0 1.0 1.0 1.0 1.0 1.0 1.0 1.0 1.0 1.0 1.0 1.0 1.0 1.0 1.0 1.0 1.0 1.0 1.0 1.0 1.0 1.0 1.0 1.0 1.0 1.0 1.0 1.0 1.0 1.0 1.0 1.0 1.0 1.0 1.0 1.0 1.0 1.0 1.0 1.0 1.0 1.0 1.0 1.0 1.0 1.0 1.0 1.0 1.0 1.0 1.0 
1.0 1.0 1.0 1.0 1.0 1.0 1.0 1.0 1.0 1.0 1.0 1.0 1.0 1.0 1.0 1.0 1.0 1.0 1.0 1.0 1.0 1.0 1.0 1.0 1.0 1.0 1.0 1.0 1.0 1.0 1.0 1.0 1.0 1.0 1.0 1.0 0.0 1.0 1.0 1.0 1.0 1.0 1.0 1.0 1.0 1.0 1.0 1.0 1.0 1.0 1.0 1.0 1.0 1.0 1.0 1.0 1.0 1.0 1.0 1.0 1.0 1.0 1.0 1.0 1.0 1.0 1.0 1.0 1.0 1.0 1.0 1.0 1.0 1.0 1.0 1.0 1.0 1.0 1.0 1.0 1.0 1.0 1.0 1.0 1.0 1.0 1.0 1.0 1.0 1.0 1.0 1.0 1.0 1.0 1.0 1.0 1.0 1.0 1.0 1.0 1.0 1.0 1.0 1.0 1.0 1.0 1.0 1.0 1.0 1.0 1.0 1.0 1.0 1.0 1.0 1.0 1.0 1.0 1.0 1.0 1.0 1.0 1.0 1.0 1.0 1.0 1.0 1.0 
1.0 1.0 1.0 1.0 1.0 1.0 1.0 1.0 1.0 1.0 1.0 1.0 1.0 1.0 1.0 1.0 1.0 1.0 1.0 1.0 1.0 1.0 1.0 1.0 1.0 1.0 1.0 1.0 1.0 1.0 1.0 1.0 1.0 1.0 1.0 1.0 1.0 0.0 1.0 1.0 1.0 1.0 1.0 1.0 1.0 1.0 1.0 1.0 1.0 1.0 1.0 1.0 1.0 1.0 1.0 1.0 1.0 1.0 1.0 1.0 1.0 1.0 1.0 1.0 1.0 1.0 1.0 1.0 1.0 1.0 1.0 1.0 1.0 1.0 1.0 1.0 1.0 1.0 1.0 1.0 1.0 1.0 1.0 1.0 1.0 1.0 1.0 1.0 1.0 1.0 1.0 1.0 1.0 1.0 1.0 1.0 1.0 1.0 1.0 1.0 1.0 1.0 1.0 1.0 1.0 1.0 1.0 1.0 1.0 1.0 1.0 1.0 1.0 1.0 1.0 1.0 1.0 1.0 1.0 1.0 1.0 1.0 1.0 1.0 1.0 1.0 1.0 1.0 
1.0 1.0 1.0 1.0 1.0 1.0 1.0 1.0 1.0 1.0 1.0 1.0 1.0 1.0 1.0 1.0 1.0 1.0 1.0 1.0 1.0 1.0 1.0 1.0 1.0 1.0 1.0 1.0 1.0 1.0 1.0 1.0 1.0 1.0 1.0 1.0 1.0 1.0 0.0 1.0 1.0 1.0 1.0 1.0 1.0 1.0 1.0 1.0 1.0 1.0 1.0 1.0 1.0 1.0 1.0 1.0 1.0 1.0 1.0 1.0 1.0 1.0 1.0 1.0 1.0 1.0 1.0 1.0 1.0 1.0 1.0 1.0 1.0 1.0 1.0 1.0 1.0 1.0 1.0 1.0 1.0 1.0 1.0 1.0 1.0 1.0 1.0 1.0 1.0 1.0 1.0 1.0 1.0 1.0 1.0 1.0 1.0 1.0 1.0 1.0 1.0 1.0 1.0 1.0 1.0 1.0 1.0 1.0 1.0 1.0 1.0 1.0 1.0 1.0 1.0 1.0 1.0 1.0 1.0 1.0 1.0 1.0 1.0 1.0 1.0 1.0 1.0 1.0 
1.0 1.0 1.0 1.0 1.0 1.0 1.0 1.0 1.0 1.0 1.0 1.0 1.0 1.0 1.0 1.0 1.0 1.0 1.0 1.0 1.0 1.0 1.0 1.0 1.0 1.0 1.0 1.0 1.0 1.0 1.0 1.0 1.0 1.0 1.0 1.0 1.0 1.0 1.0 0.0 1.0 1.0 1.0 1.0 1.0 1.0 1.0 1.0 1.0 1.0 1.0 1.0 1.0 1.0 1.0 1.0 1.0 1.0 1.0 1.0 1.0 1.0 1.0 1.0 1.0 1.0 1.0 1.0 1.0 1.0 1.0 1.0 1.0 1.0 1.0 1.0 1.0 1.0 1.0 1.0 1.0 1.0 1.0 1.0 1.0 1.0 1.0 1.0 1.0 1.0 1.0 1.0 1.0 1.0 1.0 1.0 1.0 1.0 1.0 1.0 1.0 1.0 1.0 1.0 1.0 1.0 1.0 1.0 1.0 1.0 1.0 1.0 1.0 1.0 1.0 1.0 1.0 1.0 1.0 1.0 1.0 1.0 1.0 1.0 1.0 1.0 1.0 1.0 
1.0 1.0 1.0 1.0 1.0 1.0 1.0 1.0 1.0 1.0 1.0 1.0 1.0 1.0 1.0 1.0 1.0 1.0 1.0 1.0 1.0 1.0 1.0 1.0 1.0 1.0 1.0 1.0 1.0 1.0 1.0 1.0 1.0 1.0 1.0 1.0 1.0 1.0 1.0 1.0 0.0 1.0 1.0 1.0 1.0 1.0 1.0 1.0 1.0 1.0 1.0 1.0 1.0 1.0 1.0 1.0 1.0 1.0 1.0 1.0 1.0 1.0 1.0 1.0 1.0 1.0 1.0 1.0 1.0 1.0 1.0 1.0 1.0 1.0 1.0 1.0 1.0 1.0 1.0 1.0 1.0 1.0 1.0 1.0 1.0 1.0 1.0 1.0 1.0 1.0 1.0 1.0 1.0 1.0 1.0 1.0 1.0 1.0 1.0 1.0 1.0 1.0 1.0 1.0 1.0 1.0 1.0 1.0 1.0 1.0 1.0 1.0 1.0 1.0 1.0 1.0 1.0 1.0 1.0 1.0 1.0 1.0 1.0 1.0 1.0 1.0 1.0 1.0 
1.0 1.0 1.0 1.0 1.0 1.0 1.0 1.0 1.0 1.0 1.0 1.0 1.0 1.0 1.0 1.0 1.0 1.0 1.0 1.0 1.0 1.0 1.0 1.0 1.0 1.0 1.0 1.0 1.0 1.0 1.0 1.0 1.0 1.0 1.0 1.0 1.0 1.0 1.0 1.0 1.0 0.0 1.0 1.0 1.0 1.0 1.0 1.0 1.0 1.0 1.0 1.0 1.0 1.0 1.0 1.0 1.0 1.0 1.0 1.0 1.0 1.0 1.0 1.0 1.0 1.0 1.0 1.0 1.0 1.0 1.0 1.0 1.0 1.0 1.0 1.0 1.0 1.0 1.0 1.0 1.0 1.0 1.0 1.0 1.0 1.0 1.0 1.0 1.0 1.0 1.0 1.0 1.0 1.0 1.0 1.0 1.0 1.0 1.0 1.0 1.0 1.0 1.0 1.0 1.0 1.0 1.0 1.0 1.0 1.0 1.0 1.0 1.0 1.0 1.0 1.0 1.0 1.0 1.0 1.0 1.0 1.0 1.0 1.0 1.0 1.0 1.0 1.0 
1.0 1.0 1.0 1.0 1.0 1.0 1.0 1.0 1.0 1.0 1.0 1.0 1.0 1.0 1.0 1.0 1.0 1.0 1.0 1.0 1.0 1.0 1.0 1.0 1.0 1.0 1.0 1.0 1.0 1.0 1.0 1.0 1.0 1.0 1.0 1.0 1.0 1.0 1.0 1.0 1.0 1.0 0.0 1.0 1.0 1.0 1.0 1.0 1.0 1.0 1.0 1.0 1.0 1.0 1.0 1.0 1.0 1.0 1.0 1.0 1.0 1.0 1.0 1.0 1.0 1.0 1.0 1.0 1.0 1.0 1.0 1.0 1.0 1.0 1.0 1.0 1.0 1.0 1.0 1.0 1.0 1.0 1.0 1.0 1.0 1.0 1.0 1.0 1.0 1.0 1.0 1.0 1.0 1.0 1.0 1.0 1.0 1.0 1.0 1.0 1.0 1.0 1.0 1.0 1.0 1.0 1.0 1.0 1.0 1.0 1.0 1.0 1.0 1.0 1.0 1.0 1.0 1.0 1.0 1.0 1.0 1.0 1.0 1.0 1.0 1.0 1.0 1.0 
1.0 1.0 1.0 1.0 1.0 1.0 1.0 1.0 1.0 1.0 1.0 1.0 1.0 1.0 1.0 1.0 1.0 1.0 1.0 1.0 1.0 1.0 1.0 1.0 1.0 1.0 1.0 1.0 1.0 1.0 1.0 1.0 1.0 1.0 1.0 1.0 1.0 1.0 1.0 1.0 1.0 1.0 1.0 0.0 1.0 1.0 1.0 1.0 1.0 1.0 1.0 1.0 1.0 1.0 1.0 1.0 1.0 1.0 1.0 1.0 1.0 1.0 1.0 1.0 1.0 1.0 1.0 1.0 1.0 1.0 1.0 1.0 1.0 1.0 1.0 1.0 1.0 1.0 1.0 1.0 1.0 1.0 1.0 1.0 1.0 1.0 1.0 1.0 1.0 1.0 1.0 1.0 1.0 1.0 1.0 1.0 1.0 1.0 1.0 1.0 1.0 1.0 1.0 1.0 1.0 1.0 1.0 1.0 1.0 1.0 1.0 1.0 1.0 1.0 1.0 1.0 1.0 1.0 1.0 1.0 1.0 1.0 1.0 1.0 1.0 1.0 1.0 1.0 
1.0 1.0 1.0 1.0 1.0 1.0 1.0 1.0 1.0 1.0 1.0 1.0 1.0 1.0 1.0 1.0 1.0 1.0 1.0 1.0 1.0 1.0 1.0 1.0 1.0 1.0 1.0 1.0 1.0 1.0 1.0 1.0 1.0 1.0 1.0 1.0 1.0 1.0 1.0 1.0 1.0 1.0 1.0 1.0 0.0 1.0 1.0 1.0 1.0 1.0 1.0 1.0 1.0 1.0 1.0 1.0 1.0 1.0 1.0 1.0 1.0 1.0 1.0 1.0 1.0 1.0 1.0 1.0 1.0 1.0 1.0 1.0 1.0 1.0 1.0 1.0 1.0 1.0 1.0 1.0 1.0 1.0 1.0 1.0 1.0 1.0 1.0 1.0 1.0 1.0 1.0 1.0 1.0 1.0 1.0 1.0 1.0 1.0 1.0 1.0 1.0 1.0 1.0 1.0 1.0 1.0 1.0 1.0 1.0 1.0 1.0 1.0 1.0 1.0 1.0 1.0 1.0 1.0 1.0 1.0 1.0 1.0 1.0 1.0 1.0 1.0 1.0 1.0 
1.0 1.0 1.0 1.0 1.0 1.0 1.0 1.0 1.0 1.0 1.0 1.0 1.0 1.0 1.0 1.0 1.0 1.0 1.0 1.0 1.0 1.0 1.0 1.0 1.0 1.0 1.0 1.0 1.0 1.0 1.0 1.0 1.0 1.0 1.0 1.0 1.0 1.0 1.0 1.0 1.0 1.0 1.0 1.0 1.0 0.0 1.0 1.0 1.0 1.0 1.0 1.0 1.0 1.0 1.0 1.0 1.0 1.0 1.0 1.0 1.0 1.0 1.0 1.0 1.0 1.0 1.0 1.0 1.0 1.0 1.0 1.0 1.0 1.0 1.0 1.0 1.0 1.0 1.0 1.0 1.0 1.0 1.0 1.0 1.0 1.0 1.0 1.0 1.0 1.0 1.0 1.0 1.0 1.0 1.0 1.0 1.0 1.0 1.0 1.0 1.0 1.0 1.0 1.0 1.0 1.0 1.0 1.0 1.0 1.0 1.0 1.0 1.0 1.0 1.0 1.0 1.0 1.0 1.0 1.0 1.0 1.0 1.0 1.0 1.0 1.0 1.0 1.0 
1.0 1.0 1.0 1.0 1.0 1.0 1.0 1.0 1.0 1.0 1.0 1.0 1.0 1.0 1.0 1.0 1.0 1.0 1.0 1.0 1.0 1.0 1.0 1.0 1.0 1.0 1.0 1.0 1.0 1.0 1.0 1.0 1.0 1.0 1.0 1.0 1.0 1.0 1.0 1.0 1.0 1.0 1.0 1.0 1.0 1.0 0.0 1.0 1.0 1.0 1.0 1.0 1.0 1.0 1.0 1.0 1.0 1.0 1.0 1.0 1.0 1.0 1.0 1.0 1.0 1.0 1.0 1.0 1.0 1.0 1.0 1.0 1.0 1.0 1.0 1.0 1.0 1.0 1.0 1.0 1.0 1.0 1.0 1.0 1.0 1.0 1.0 1.0 1.0 1.0 1.0 1.0 1.0 1.0 1.0 1.0 1.0 1.0 1.0 1.0 1.0 1.0 1.0 1.0 1.0 1.0 1.0 1.0 1.0 1.0 1.0 1.0 1.0 1.0 1.0 1.0 1.0 1.0 1.0 1.0 1.0 1.0 1.0 1.0 1.0 1.0 1.0 1.0 
1.0 1.0 1.0 1.0 1.0 1.0 1.0 1.0 1.0 1.0 1.0 1.0 1.0 1.0 1.0 1.0 1.0 1.0 1.0 1.0 1.0 1.0 1.0 1.0 1.0 1.0 1.0 1.0 1.0 1.0 1.0 1.0 1.0 1.0 1.0 1.0 1.0 1.0 1.0 1.0 1.0 1.0 1.0 1.0 1.0 1.0 1.0 0.0 1.0 1.0 1.0 1.0 1.0 1.0 1.0 1.0 1.0 1.0 1.0 1.0 1.0 1.0 1.0 1.0 1.0 1.0 1.0 1.0 1.0 1.0 1.0 1.0 1.0 1.0 1.0 1.0 1.0 1.0 1.0 1.0 1.0 1.0 1.0 1.0 1.0 1.0 1.0 1.0 1.0 1.0 1.0 1.0 1.0 1.0 1.0 1.0 1.0 1.0 1.0 1.0 1.0 1.0 1.0 1.0 1.0 1.0 1.0 1.0 1.0 1.0 1.0 1.0 1.0 1.0 1.0 1.0 1.0 1.0 1.0 1.0 1.0 1.0 1.0 1.0 1.0 1.0 1.0 1.0 
1.0 1.0 1.0 1.0 1.0 1.0 1.0 1.0 1.0 1.0 1.0 1.0 1.0 1.0 1.0 1.0 1.0 1.0 1.0 1.0 1.0 1.0 1.0 1.0 1.0 1.0 1.0 1.0 1.0 1.0 1.0 1.0 1.0 1.0 1.0 1.0 1.0 1.0 1.0 1.0 1.0 1.0 1.0 1.0 1.0 1.0 1.0 1.0 0.0 1.0 1.0 1.0 1.0 1.0 1.0 1.0 1.0 1.0 1.0 1.0 1.0 1.0 1.0 1.0 1.0 1.0 1.0 1.0 1.0 1.0 1.0 1.0 1.0 1.0 1.0 1.0 1.0 1.0 1.0 1.0 1.0 1.0 1.0 1.0 1.0 1.0 1.0 1.0 1.0 1.0 1.0 1.0 1.0 1.0 1.0 1.0 1.0 1.0 1.0 1.0 1.0 1.0 1.0 1.0 1.0 1.0 1.0 1.0 1.0 1.0 1.0 1.0 1.0 1.0 1.0 1.0 1.0 1.0 1.0 1.0 1.0 1.0 1.0 1.0 1.0 1.0 1.0 1.0 
1.0 1.0 1.0 1.0 1.0 1.0 1.0 1.0 1.0 1.0 1.0 1.0 1.0 1.0 1.0 1.0 1.0 1.0 1.0 1.0 1.0 1.0 1.0 1.0 1.0 1.0 1.0 1.0 1.0 1.0 1.0 1.0 1.0 1.0 1.0 1.0 1.0 1.0 1.0 1.0 1.0 1.0 1.0 1.0 1.0 1.0 1.0 1.0 1.0 0.0 1.0 1.0 1.0 1.0 1.0 1.0 1.0 1.0 1.0 1.0 1.0 1.0 1.0 1.0 1.0 1.0 1.0 1.0 1.0 1.0 1.0 1.0 1.0 1.0 1.0 1.0 1.0 1.0 1.0 1.0 1.0 1.0 1.0 1.0 1.0 1.0 1.0 1.0 1.0 1.0 1.0 1.0 1.0 1.0 1.0 1.0 1.0 1.0 1.0 1.0 1.0 1.0 1.0 1.0 1.0 1.0 1.0 1.0 1.0 1.0 1.0 1.0 1.0 1.0 1.0 1.0 1.0 1.0 1.0 1.0 1.0 1.0 1.0 1.0 1.0 1.0 1.0 1.0 
1.0 1.0 1.0 1.0 1.0 1.0 1.0 1.0 1.0 1.0 1.0 1.0 1.0 1.0 1.0 1.0 1.0 1.0 1.0 1.0 1.0 1.0 1.0 1.0 1.0 1.0 1.0 1.0 1.0 1.0 1.0 1.0 1.0 1.0 1.0 1.0 1.0 1.0 1.0 1.0 1.0 1.0 1.0 1.0 1.0 1.0 1.0 1.0 1.0 1.0 0.0 1.0 1.0 1.0 1.0 1.0 1.0 1.0 1.0 1.0 1.0 1.0 1.0 1.0 1.0 1.0 1.0 1.0 1.0 1.0 1.0 1.0 1.0 1.0 1.0 1.0 1.0 1.0 1.0 1.0 1.0 1.0 1.0 1.0 1.0 1.0 1.0 1.0 1.0 1.0 1.0 1.0 1.0 1.0 1.0 1.0 1.0 1.0 1.0 1.0 1.0 1.0 1.0 1.0 1.0 1.0 1.0 1.0 1.0 1.0 1.0 1.0 1.0 1.0 1.0 1.0 1.0 1.0 1.0 1.0 1.0 1.0 1.0 1.0 1.0 1.0 1.0 1.0 
1.0 1.0 1.0 1.0 1.0 1.0 1.0 1.0 1.0 1.0 1.0 1.0 1.0 1.0 1.0 1.0 1.0 1.0 1.0 1.0 1.0 1.0 1.0 1.0 1.0 1.0 1.0 1.0 1.0 1.0 1.0 1.0 1.0 1.0 1.0 1.0 1.0 1.0 1.0 1.0 1.0 1.0 1.0 1.0 1.0 1.0 1.0 1.0 1.0 1.0 1.0 0.0 1.0 1.0 1.0 1.0 1.0 1.0 1.0 1.0 1.0 1.0 1.0 1.0 1.0 1.0 1.0 1.0 1.0 1.0 1.0 1.0 1.0 1.0 1.0 1.0 1.0 1.0 1.0 1.0 1.0 1.0 1.0 1.0 1.0 1.0 1.0 1.0 1.0 1.0 1.0 1.0 1.0 1.0 1.0 1.0 1.0 1.0 1.0 1.0 1.0 1.0 1.0 1.0 1.0 1.0 1.0 1.0 1.0 1.0 1.0 1.0 1.0 1.0 1.0 1.0 1.0 1.0 1.0 1.0 1.0 1.0 1.0 1.0 1.0 1.0 1.0 1.0 
1.0 1.0 1.0 1.0 1.0 1.0 1.0 1.0 1.0 1.0 1.0 1.0 1.0 1.0 1.0 1.0 1.0 1.0 1.0 1.0 1.0 1.0 1.0 1.0 1.0 1.0 1.0 1.0 1.0 1.0 1.0 1.0 1.0 1.0 1.0 1.0 1.0 1.0 1.0 1.0 1.0 1.0 1.0 1.0 1.0 1.0 1.0 1.0 1.0 1.0 1.0 1.0 0.0 1.0 1.0 1.0 1.0 1.0 1.0 1.0 1.0 1.0 1.0 1.0 1.0 1.0 1.0 1.0 1.0 1.0 1.0 1.0 1.0 1.0 1.0 1.0 1.0 1.0 1.0 1.0 1.0 1.0 1.0 1.0 1.0 1.0 1.0 1.0 1.0 1.0 1.0 1.0 1.0 1.0 1.0 1.0 1.0 1.0 1.0 1.0 1.0 1.0 1.0 1.0 1.0 1.0 1.0 1.0 1.0 1.0 1.0 1.0 1.0 1.0 1.0 1.0 1.0 1.0 1.0 1.0 1.0 1.0 1.0 1.0 1.0 1.0 1.0 1.0 
1.0 1.0 1.0 1.0 1.0 1.0 1.0 1.0 1.0 1.0 1.0 1.0 1.0 1.0 1.0 1.0 1.0 1.0 1.0 1.0 1.0 1.0 1.0 1.0 1.0 1.0 1.0 1.0 1.0 1.0 1.0 1.0 1.0 1.0 1.0 1.0 1.0 1.0 1.0 1.0 1.0 1.0 1.0 1.0 1.0 1.0 1.0 1.0 1.0 1.0 1.0 1.0 1.0 0.0 1.0 1.0 1.0 1.0 1.0 1.0 1.0 1.0 1.0 1.0 1.0 1.0 1.0 1.0 1.0 1.0 1.0 1.0 1.0 1.0 1.0 1.0 1.0 1.0 1.0 1.0 1.0 1.0 1.0 1.0 1.0 1.0 1.0 1.0 1.0 1.0 1.0 1.0 1.0 1.0 1.0 1.0 1.0 1.0 1.0 1.0 1.0 1.0 1.0 1.0 1.0 1.0 1.0 1.0 1.0 1.0 1.0 1.0 1.0 1.0 1.0 1.0 1.0 1.0 1.0 1.0 1.0 1.0 1.0 1.0 1.0 1.0 1.0 1.0 
1.0 1.0 1.0 1.0 1.0 1.0 1.0 1.0 1.0 1.0 1.0 1.0 1.0 1.0 1.0 1.0 1.0 1.0 1.0 1.0 1.0 1.0 1.0 1.0 1.0 1.0 1.0 1.0 1.0 1.0 1.0 1.0 1.0 1.0 1.0 1.0 1.0 1.0 1.0 1.0 1.0 1.0 1.0 1.0 1.0 1.0 1.0 1.0 1.0 1.0 1.0 1.0 1.0 1.0 0.0 1.0 1.0 1.0 1.0 1.0 1.0 1.0 1.0 1.0 1.0 1.0 1.0 1.0 1.0 1.0 1.0 1.0 1.0 1.0 1.0 1.0 1.0 1.0 1.0 1.0 1.0 1.0 1.0 1.0 1.0 1.0 1.0 1.0 1.0 1.0 1.0 1.0 1.0 1.0 1.0 1.0 1.0 1.0 1.0 1.0 1.0 1.0 1.0 1.0 1.0 1.0 1.0 1.0 1.0 1.0 1.0 1.0 1.0 1.0 1.0 1.0 1.0 1.0 1.0 1.0 1.0 1.0 1.0 1.0 1.0 1.0 1.0 1.0 
1.0 1.0 1.0 1.0 1.0 1.0 1.0 1.0 1.0 1.0 1.0 1.0 1.0 1.0 1.0 1.0 1.0 1.0 1.0 1.0 1.0 1.0 1.0 1.0 1.0 1.0 1.0 1.0 1.0 1.0 1.0 1.0 1.0 1.0 1.0 1.0 1.0 1.0 1.0 1.0 1.0 1.0 1.0 1.0 1.0 1.0 1.0 1.0 1.0 1.0 1.0 1.0 1.0 1.0 1.0 0.0 1.0 1.0 1.0 1.0 1.0 1.0 1.0 1.0 1.0 1.0 1.0 1.0 1.0 1.0 1.0 1.0 1.0 1.0 1.0 1.0 1.0 1.0 1.0 1.0 1.0 1.0 1.0 1.0 1.0 1.0 1.0 1.0 1.0 1.0 1.0 1.0 1.0 1.0 1.0 1.0 1.0 1.0 1.0 1.0 1.0 1.0 1.0 1.0 1.0 1.0 1.0 1.0 1.0 1.0 1.0 1.0 1.0 1.0 1.0 1.0 1.0 1.0 1.0 1.0 1.0 1.0 1.0 1.0 1.0 1.0 1.0 1.0 
1.0 1.0 1.0 1.0 1.0 1.0 1.0 1.0 1.0 1.0 1.0 1.0 1.0 1.0 1.0 1.0 1.0 1.0 1.0 1.0 1.0 1.0 1.0 1.0 1.0 1.0 1.0 1.0 1.0 1.0 1.0 1.0 1.0 1.0 1.0 1.0 1.0 1.0 1.0 1.0 1.0 1.0 1.0 1.0 1.0 1.0 1.0 1.0 1.0 1.0 1.0 1.0 1.0 1.0 1.0 1.0 0.0 1.0 1.0 1.0 1.0 1.0 1.0 1.0 1.0 1.0 1.0 1.0 1.0 1.0 1.0 1.0 1.0 1.0 1.0 1.0 1.0 1.0 1.0 1.0 1.0 1.0 1.0 1.0 1.0 1.0 1.0 1.0 1.0 1.0 1.0 1.0 1.0 1.0 1.0 1.0 1.0 1.0 1.0 1.0 1.0 1.0 1.0 1.0 1.0 1.0 1.0 1.0 1.0 1.0 1.0 1.0 1.0 1.0 1.0 1.0 1.0 1.0 1.0 1.0 1.0 1.0 1.0 1.0 1.0 1.0 1.0 1.0 
1.0 1.0 1.0 1.0 1.0 1.0 1.0 1.0 1.0 1.0 1.0 1.0 1.0 1.0 1.0 1.0 1.0 1.0 1.0 1.0 1.0 1.0 1.0 1.0 1.0 1.0 1.0 1.0 1.0 1.0 1.0 1.0 1.0 1.0 1.0 1.0 1.0 1.0 1.0 1.0 1.0 1.0 1.0 1.0 1.0 1.0 1.0 1.0 1.0 1.0 1.0 1.0 1.0 1.0 1.0 1.0 1.0 0.0 1.0 1.0 1.0 1.0 1.0 1.0 1.0 1.0 1.0 1.0 1.0 1.0 1.0 1.0 1.0 1.0 1.0 1.0 1.0 1.0 1.0 1.0 1.0 1.0 1.0 1.0 1.0 1.0 1.0 1.0 1.0 1.0 1.0 1.0 1.0 1.0 1.0 1.0 1.0 1.0 1.0 1.0 1.0 1.0 1.0 1.0 1.0 1.0 1.0 1.0 1.0 1.0 1.0 1.0 1.0 1.0 1.0 1.0 1.0 1.0 1.0 1.0 1.0 1.0 1.0 1.0 1.0 1.0 1.0 1.0 
1.0 1.0 1.0 1.0 1.0 1.0 1.0 1.0 1.0 1.0 1.0 1.0 1.0 1.0 1.0 1.0 1.0 1.0 1.0 1.0 1.0 1.0 1.0 1.0 1.0 1.0 1.0 1.0 1.0 1.0 1.0 1.0 1.0 1.0 1.0 1.0 1.0 1.0 1.0 1.0 1.0 1.0 1.0 1.0 1.0 1.0 1.0 1.0 1.0 1.0 1.0 1.0 1.0 1.0 1.0 1.0 1.0 1.0 0.0 1.0 1.0 1.0 1.0 1.0 1.0 1.0 1.0 1.0 1.0 1.0 1.0 1.0 1.0 1.0 1.0 1.0 1.0 1.0 1.0 1.0 1.0 1.0 1.0 1.0 1.0 1.0 1.0 1.0 1.0 1.0 1.0 1.0 1.0 1.0 1.0 1.0 1.0 1.0 1.0 1.0 1.0 1.0 1.0 1.0 1.0 1.0 1.0 1.0 1.0 1.0 1.0 1.0 1.0 1.0 1.0 1.0 1.0 1.0 1.0 1.0 1.0 1.0 1.0 1.0 1.0 1.0 1.0 1.0 
1.0 1.0 1.0 1.0 1.0 1.0 1.0 1.0 1.0 1.0 1.0 1.0 1.0 1.0 1.0 1.0 1.0 1.0 1.0 1.0 1.0 1.0 1.0 1.0 1.0 1.0 1.0 1.0 1.0 1.0 1.0 1.0 1.0 1.0 1.0 1.0 1.0 1.0 1.0 1.0 1.0 1.0 1.0 1.0 1.0 1.0 1.0 1.0 1.0 1.0 1.0 1.0 1.0 1.0 1.0 1.0 1.0 1.0 1.0 0.0 1.0 1.0 1.0 1.0 1.0 1.0 1.0 1.0 1.0 1.0 1.0 1.0 1.0 1.0 1.0 1.0 1.0 1.0 1.0 1.0 1.0 1.0 1.0 1.0 1.0 1.0 1.0 1.0 1.0 1.0 1.0 1.0 1.0 1.0 1.0 1.0 1.0 1.0 1.0 1.0 1.0 1.0 1.0 1.0 1.0 1.0 1.0 1.0 1.0 1.0 1.0 1.0 1.0 1.0 1.0 1.0 1.0 1.0 1.0 1.0 1.0 1.0 1.0 1.0 1.0 1.0 1.0 1.0 
1.0 1.0 1.0 1.0 1.0 1.0 1.0 1.0 1.0 1.0 1.0 1.0 1.0 1.0 1.0 1.0 1.0 1.0 1.0 1.0 1.0 1.0 1.0 1.0 1.0 1.0 1.0 1.0 1.0 1.0 1.0 1.0 1.0 1.0 1.0 1.0 1.0 1.0 1.0 1.0 1.0 1.0 1.0 1.0 1.0 1.0 1.0 1.0 1.0 1.0 1.0 1.0 1.0 1.0 1.0 1.0 1.0 1.0 1.0 1.0 0.0 1.0 1.0 1.0 1.0 1.0 1.0 1.0 1.0 1.0 1.0 1.0 1.0 1.0 1.0 1.0 1.0 1.0 1.0 1.0 1.0 1.0 1.0 1.0 1.0 1.0 1.0 1.0 1.0 1.0 1.0 1.0 1.0 1.0 1.0 1.0 1.0 1.0 1.0 1.0 1.0 1.0 1.0 1.0 1.0 1.0 1.0 1.0 1.0 1.0 1.0 1.0 1.0 1.0 1.0 1.0 1.0 1.0 1.0 1.0 1.0 1.0 1.0 1.0 1.0 1.0 1.0 1.0 
1.0 1.0 1.0 1.0 1.0 1.0 1.0 1.0 1.0 1.0 1.0 1.0 1.0 1.0 1.0 1.0 1.0 1.0 1.0 1.0 1.0 1.0 1.0 1.0 1.0 1.0 1.0 1.0 1.0 1.0 1.0 1.0 1.0 1.0 1.0 1.0 1.0 1.0 1.0 1.0 1.0 1.0 1.0 1.0 1.0 1.0 1.0 1.0 1.0 1.0 1.0 1.0 1.0 1.0 1.0 1.0 1.0 1.0 1.0 1.0 1.0 0.0 1.0 1.0 1.0 1.0 1.0 1.0 1.0 1.0 1.0 1.0 1.0 1.0 1.0 1.0 1.0 1.0 1.0 1.0 1.0 1.0 1.0 1.0 1.0 1.0 1.0 1.0 1.0 1.0 1.0 1.0 1.0 1.0 1.0 1.0 1.0 1.0 1.0 1.0 1.0 1.0 1.0 1.0 1.0 1.0 1.0 1.0 1.0 1.0 1.0 1.0 1.0 1.0 1.0 1.0 1.0 1.0 1.0 1.0 1.0 1.0 1.0 1.0 1.0 1.0 1.0 1.0 
1.0 1.0 1.0 1.0 1.0 1.0 1.0 1.0 1.0 1.0 1.0 1.0 1.0 1.0 1.0 1.0 1.0 1.0 1.0 1.0 1.0 1.0 1.0 1.0 1.0 1.0 1.0 1.0 1.0 1.0 1.0 1.0 1.0 1.0 1.0 1.0 1.0 1.0 1.0 1.0 1.0 1.0 1.0 1.0 1.0 1.0 1.0 1.0 1.0 1.0 1.0 1.0 1.0 1.0 1.0 1.0 1.0 1.0 1.0 1.0 1.0 1.0 0.0 1.0 1.0 1.0 1.0 1.0 1.0 1.0 1.0 1.0 1.0 1.0 1.0 1.0 1.0 1.0 1.0 1.0 1.0 1.0 1.0 1.0 1.0 1.0 1.0 1.0 1.0 1.0 1.0 1.0 1.0 1.0 1.0 1.0 1.0 1.0 1.0 1.0 1.0 1.0 1.0 1.0 1.0 1.0 1.0 1.0 1.0 1.0 1.0 1.0 1.0 1.0 1.0 1.0 1.0 1.0 1.0 1.0 1.0 1.0 1.0 1.0 1.0 1.0 1.0 1.0 
1.0 1.0 1.0 1.0 1.0 1.0 1.0 1.0 1.0 1.0 1.0 1.0 1.0 1.0 1.0 1.0 1.0 1.0 1.0 1.0 1.0 1.0 1.0 1.0 1.0 1.0 1.0 1.0 1.0 1.0 1.0 1.0 1.0 1.0 1.0 1.0 1.0 1.0 1.0 1.0 1.0 1.0 1.0 1.0 1.0 1.0 1.0 1.0 1.0 1.0 1.0 1.0 1.0 1.0 1.0 1.0 1.0 1.0 1.0 1.0 1.0 1.0 1.0 0.0 1.0 1.0 1.0 1.0 1.0 1.0 1.0 1.0 1.0 1.0 1.0 1.0 1.0 1.0 1.0 1.0 1.0 1.0 1.0 1.0 1.0 1.0 1.0 1.0 1.0 1.0 1.0 1.0 1.0 1.0 1.0 1.0 1.0 1.0 1.0 1.0 1.0 1.0 1.0 1.0 1.0 1.0 1.0 1.0 1.0 1.0 1.0 1.0 1.0 1.0 1.0 1.0 1.0 1.0 1.0 1.0 1.0 1.0 1.0 1.0 1.0 1.0 1.0 1.0 
1.0 1.0 1.0 1.0 1.0 1.0 1.0 1.0 1.0 1.0 1.0 1.0 1.0 1.0 1.0 1.0 1.0 1.0 1.0 1.0 1.0 1.0 1.0 1.0 1.0 1.0 1.0 1.0 1.0 1.0 1.0 1.0 1.0 1.0 1.0 1.0 1.0 1.0 1.0 1.0 1.0 1.0 1.0 1.0 1.0 1.0 1.0 1.0 1.0 1.0 1.0 1.0 1.0 1.0 1.0 1.0 1.0 1.0 1.0 1.0 1.0 1.0 1.0 1.0 0.0 1.0 1.0 1.0 1.0 1.0 1.0 1.0 1.0 1.0 1.0 1.0 1.0 1.0 1.0 1.0 1.0 1.0 1.0 1.0 1.0 1.0 1.0 1.0 1.0 1.0 1.0 1.0 1.0 1.0 1.0 1.0 1.0 1.0 1.0 1.0 1.0 1.0 1.0 1.0 1.0 1.0 1.0 1.0 1.0 1.0 1.0 1.0 1.0 1.0 1.0 1.0 1.0 1.0 1.0 1.0 1.0 1.0 1.0 1.0 1.0 1.0 1.0 1.0 
1.0 1.0 1.0 1.0 1.0 1.0 1.0 1.0 1.0 1.0 1.0 1.0 1.0 1.0 1.0 1.0 1.0 1.0 1.0 1.0 1.0 1.0 1.0 1.0 1.0 1.0 1.0 1.0 1.0 1.0 1.0 1.0 1.0 1.0 1.0 1.0 1.0 1.0 1.0 1.0 1.0 1.0 1.0 1.0 1.0 1.0 1.0 1.0 1.0 1.0 1.0 1.0 1.0 1.0 1.0 1.0 1.0 1.0 1.0 1.0 1.0 1.0 1.0 1.0 1.0 0.0 1.0 1.0 1.0 1.0 1.0 1.0 1.0 1.0 1.0 1.0 1.0 1.0 1.0 1.0 1.0 1.0 1.0 1.0 1.0 1.0 1.0 1.0 1.0 1.0 1.0 1.0 1.0 1.0 1.0 1.0 1.0 1.0 1.0 1.0 1.0 1.0 1.0 1.0 1.0 1.0 1.0 1.0 1.0 1.0 1.0 1.0 1.0 1.0 1.0 1.0 1.0 1.0 1.0 1.0 1.0 1.0 1.0 1.0 1.0 1.0 1.0 1.0 
1.0 1.0 1.0 1.0 1.0 1.0 1.0 1.0 1.0 1.0 1.0 1.0 1.0 1.0 1.0 1.0 1.0 1.0 1.0 1.0 1.0 1.0 1.0 1.0 1.0 1.0 1.0 1.0 1.0 1.0 1.0 1.0 1.0 1.0 1.0 1.0 1.0 1.0 1.0 1.0 1.0 1.0 1.0 1.0 1.0 1.0 1.0 1.0 1.0 1.0 1.0 1.0 1.0 1.0 1.0 1.0 1.0 1.0 1.0 1.0 1.0 1.0 1.0 1.0 1.0 1.0 0.0 1.0 1.0 1.0 1.0 1.0 1.0 1.0 1.0 1.0 1.0 1.0 1.0 1.0 1.0 1.0 1.0 1.0 1.0 1.0 1.0 1.0 1.0 1.0 1.0 1.0 1.0 1.0 1.0 1.0 1.0 1.0 1.0 1.0 1.0 1.0 1.0 1.0 1.0 1.0 1.0 1.0 1.0 1.0 1.0 1.0 1.0 1.0 1.0 1.0 1.0 1.0 1.0 1.0 1.0 1.0 1.0 1.0 1.0 1.0 1.0 1.0 
1.0 1.0 1.0 1.0 1.0 1.0 1.0 1.0 1.0 1.0 1.0 1.0 1.0 1.0 1.0 1.0 1.0 1.0 1.0 1.0 1.0 1.0 1.0 1.0 1.0 1.0 1.0 1.0 1.0 1.0 1.0 1.0 1.0 1.0 1.0 1.0 1.0 1.0 1.0 1.0 1.0 1.0 1.0 1.0 1.0 1.0 1.0 1.0 1.0 1.0 1.0 1.0 1.0 1.0 1.0 1.0 1.0 1.0 1.0 1.0 1.0 1.0 1.0 1.0 1.0 1.0 1.0 0.0 1.0 1.0 1.0 1.0 1.0 1.0 1.0 1.0 1.0 1.0 1.0 1.0 1.0 1.0 1.0 1.0 1.0 1.0 1.0 1.0 1.0 1.0 1.0 1.0 1.0 1.0 1.0 1.0 1.0 1.0 1.0 1.0 1.0 1.0 1.0 1.0 1.0 1.0 1.0 1.0 1.0 1.0 1.0 1.0 1.0 1.0 1.0 1.0 1.0 1.0 1.0 1.0 1.0 1.0 1.0 1.0 1.0 1.0 1.0 1.0 
1.0 1.0 1.0 1.0 1.0 1.0 1.0 1.0 1.0 1.0 1.0 1.0 1.0 1.0 1.0 1.0 1.0 1.0 1.0 1.0 1.0 1.0 1.0 1.0 1.0 1.0 1.0 1.0 1.0 1.0 1.0 1.0 1.0 1.0 1.0 1.0 1.0 1.0 1.0 1.0 1.0 1.0 1.0 1.0 1.0 1.0 1.0 1.0 1.0 1.0 1.0 1.0 1.0 1.0 1.0 1.0 1.0 1.0 1.0 1.0 1.0 1.0 1.0 1.0 1.0 1.0 1.0 1.0 0.0 1.0 1.0 1.0 1.0 1.0 1.0 1.0 1.0 1.0 1.0 1.0 1.0 1.0 1.0 1.0 1.0 1.0 1.0 1.0 1.0 1.0 1.0 1.0 1.0 1.0 1.0 1.0 1.0 1.0 1.0 1.0 1.0 1.0 1.0 1.0 1.0 1.0 1.0 1.0 1.0 1.0 1.0 1.0 1.0 1.0 1.0 1.0 1.0 1.0 1.0 1.0 1.0 1.0 1.0 1.0 1.0 1.0 1.0 1.0 
1.0 1.0 1.0 1.0 1.0 1.0 1.0 1.0 1.0 1.0 1.0 1.0 1.0 1.0 1.0 1.0 1.0 1.0 1.0 1.0 1.0 1.0 1.0 1.0 1.0 1.0 1.0 1.0 1.0 1.0 1.0 1.0 1.0 1.0 1.0 1.0 1.0 1.0 1.0 1.0 1.0 1.0 1.0 1.0 1.0 1.0 1.0 1.0 1.0 1.0 1.0 1.0 1.0 1.0 1.0 1.0 1.0 1.0 1.0 1.0 1.0 1.0 1.0 1.0 1.0 1.0 1.0 1.0 1.0 0.0 1.0 1.0 1.0 1.0 1.0 1.0 1.0 1.0 1.0 1.0 1.0 1.0 1.0 1.0 1.0 1.0 1.0 1.0 1.0 1.0 1.0 1.0 1.0 1.0 1.0 1.0 1.0 1.0 1.0 1.0 1.0 1.0 1.0 1.0 1.0 1.0 1.0 1.0 1.0 1.0 1.0 1.0 1.0 1.0 1.0 1.0 1.0 1.0 1.0 1.0 1.0 1.0 1.0 1.0 1.0 1.0 1.0 1.0 
1.0 1.0 1.0 1.0 1.0 1.0 1.0 1.0 1.0 1.0 1.0 1.0 1.0 1.0 1.0 1.0 1.0 1.0 1.0 1.0 1.0 1.0 1.0 1.0 1.0 1.0 1.0 1.0 1.0 1.0 1.0 1.0 1.0 1.0 1.0 1.0 1.0 1.0 1.0 1.0 1.0 1.0 1.0 1.0 1.0 1.0 1.0 1.0 1.0 1.0 1.0 1.0 1.0 1.0 1.0 1.0 1.0 1.0 1.0 1.0 1.0 1.0 1.0 1.0 1.0 1.0 1.0 1.0 1.0 1.0 0.0 1.0 1.0 1.0 1.0 1.0 1.0 1.0 1.0 1.0 1.0 1.0 1.0 1.0 1.0 1.0 1.0 1.0 1.0 1.0 1.0 1.0 1.0 1.0 1.0 1.0 1.0 1.0 1.0 1.0 1.0 1.0 1.0 1.0 1.0 1.0 1.0 1.0 1.0 1.0 1.0 1.0 1.0 1.0 1.0 1.0 1.0 1.0 1.0 1.0 1.0 1.0 1.0 1.0 1.0 1.0 1.0 1.0 
1.0 1.0 1.0 1.0 1.0 1.0 1.0 1.0 1.0 1.0 1.0 1.0 1.0 1.0 1.0 1.0 1.0 1.0 1.0 1.0 1.0 1.0 1.0 1.0 1.0 1.0 1.0 1.0 1.0 1.0 1.0 1.0 1.0 1.0 1.0 1.0 1.0 1.0 1.0 1.0 1.0 1.0 1.0 1.0 1.0 1.0 1.0 1.0 1.0 1.0 1.0 1.0 1.0 1.0 1.0 1.0 1.0 1.0 1.0 1.0 1.0 1.0 1.0 1.0 1.0 1.0 1.0 1.0 1.0 1.0 1.0 0.0 1.0 1.0 1.0 1.0 1.0 1.0 1.0 1.0 1.0 1.0 1.0 1.0 1.0 1.0 1.0 1.0 1.0 1.0 1.0 1.0 1.0 1.0 1.0 1.0 1.0 1.0 1.0 1.0 1.0 1.0 1.0 1.0 1.0 1.0 1.0 1.0 1.0 1.0 1.0 1.0 1.0 1.0 1.0 1.0 1.0 1.0 1.0 1.0 1.0 1.0 1.0 1.0 1.0 1.0 1.0 1.0 
1.0 1.0 1.0 1.0 1.0 1.0 1.0 1.0 1.0 1.0 1.0 1.0 1.0 1.0 1.0 1.0 1.0 1.0 1.0 1.0 1.0 1.0 1.0 1.0 1.0 1.0 1.0 1.0 1.0 1.0 1.0 1.0 1.0 1.0 1.0 1.0 1.0 1.0 1.0 1.0 1.0 1.0 1.0 1.0 1.0 1.0 1.0 1.0 1.0 1.0 1.0 1.0 1.0 1.0 1.0 1.0 1.0 1.0 1.0 1.0 1.0 1.0 1.0 1.0 1.0 1.0 1.0 1.0 1.0 1.0 1.0 1.0 0.0 1.0 1.0 1.0 1.0 1.0 1.0 1.0 1.0 1.0 1.0 1.0 1.0 1.0 1.0 1.0 1.0 1.0 1.0 1.0 1.0 1.0 1.0 1.0 1.0 1.0 1.0 1.0 1.0 1.0 1.0 1.0 1.0 1.0 1.0 1.0 1.0 1.0 1.0 1.0 1.0 1.0 1.0 1.0 1.0 1.0 1.0 1.0 1.0 1.0 1.0 1.0 1.0 1.0 1.0 1.0 
1.0 1.0 1.0 1.0 1.0 1.0 1.0 1.0 1.0 1.0 1.0 1.0 1.0 1.0 1.0 1.0 1.0 1.0 1.0 1.0 1.0 1.0 1.0 1.0 1.0 1.0 1.0 1.0 1.0 1.0 1.0 1.0 1.0 1.0 1.0 1.0 1.0 1.0 1.0 1.0 1.0 1.0 1.0 1.0 1.0 1.0 1.0 1.0 1.0 1.0 1.0 1.0 1.0 1.0 1.0 1.0 1.0 1.0 1.0 1.0 1.0 1.0 1.0 1.0 1.0 1.0 1.0 1.0 1.0 1.0 1.0 1.0 1.0 0.0 1.0 1.0 1.0 1.0 1.0 1.0 1.0 1.0 1.0 1.0 1.0 1.0 1.0 1.0 1.0 1.0 1.0 1.0 1.0 1.0 1.0 1.0 1.0 1.0 1.0 1.0 1.0 1.0 1.0 1.0 1.0 1.0 1.0 1.0 1.0 1.0 1.0 1.0 1.0 1.0 1.0 1.0 1.0 1.0 1.0 1.0 1.0 1.0 1.0 1.0 1.0 1.0 1.0 1.0 
1.0 1.0 1.0 1.0 1.0 1.0 1.0 1.0 1.0 1.0 1.0 1.0 1.0 1.0 1.0 1.0 1.0 1.0 1.0 1.0 1.0 1.0 1.0 1.0 1.0 1.0 1.0 1.0 1.0 1.0 1.0 1.0 1.0 1.0 1.0 1.0 1.0 1.0 1.0 1.0 1.0 1.0 1.0 1.0 1.0 1.0 1.0 1.0 1.0 1.0 1.0 1.0 1.0 1.0 1.0 1.0 1.0 1.0 1.0 1.0 1.0 1.0 1.0 1.0 1.0 1.0 1.0 1.0 1.0 1.0 1.0 1.0 1.0 1.0 0.0 1.0 1.0 1.0 1.0 1.0 1.0 1.0 1.0 1.0 1.0 1.0 1.0 1.0 1.0 1.0 1.0 1.0 1.0 1.0 1.0 1.0 1.0 1.0 1.0 1.0 1.0 1.0 1.0 1.0 1.0 1.0 1.0 1.0 1.0 1.0 1.0 1.0 1.0 1.0 1.0 1.0 1.0 1.0 1.0 1.0 1.0 1.0 1.0 1.0 1.0 1.0 1.0 1.0 
1.0 1.0 1.0 1.0 1.0 1.0 1.0 1.0 1.0 1.0 1.0 1.0 1.0 1.0 1.0 1.0 1.0 1.0 1.0 1.0 1.0 1.0 1.0 1.0 1.0 1.0 1.0 1.0 1.0 1.0 1.0 1.0 1.0 1.0 1.0 1.0 1.0 1.0 1.0 1.0 1.0 1.0 1.0 1.0 1.0 1.0 1.0 1.0 1.0 1.0 1.0 1.0 1.0 1.0 1.0 1.0 1.0 1.0 1.0 1.0 1.0 1.0 1.0 1.0 1.0 1.0 1.0 1.0 1.0 1.0 1.0 1.0 1.0 1.0 1.0 0.0 1.0 1.0 1.0 1.0 1.0 1.0 1.0 1.0 1.0 1.0 1.0 1.0 1.0 1.0 1.0 1.0 1.0 1.0 1.0 1.0 1.0 1.0 1.0 1.0 1.0 1.0 1.0 1.0 1.0 1.0 1.0 1.0 1.0 1.0 1.0 1.0 1.0 1.0 1.0 1.0 1.0 1.0 1.0 1.0 1.0 1.0 1.0 1.0 1.0 1.0 1.0 1.0 
1.0 1.0 1.0 1.0 1.0 1.0 1.0 1.0 1.0 1.0 1.0 1.0 1.0 1.0 1.0 1.0 1.0 1.0 1.0 1.0 1.0 1.0 1.0 1.0 1.0 1.0 1.0 1.0 1.0 1.0 1.0 1.0 1.0 1.0 1.0 1.0 1.0 1.0 1.0 1.0 1.0 1.0 1.0 1.0 1.0 1.0 1.0 1.0 1.0 1.0 1.0 1.0 1.0 1.0 1.0 1.0 1.0 1.0 1.0 1.0 1.0 1.0 1.0 1.0 1.0 1.0 1.0 1.0 1.0 1.0 1.0 1.0 1.0 1.0 1.0 1.0 0.0 1.0 1.0 1.0 1.0 1.0 1.0 1.0 1.0 1.0 1.0 1.0 1.0 1.0 1.0 1.0 1.0 1.0 1.0 1.0 1.0 1.0 1.0 1.0 1.0 1.0 1.0 1.0 1.0 1.0 1.0 1.0 1.0 1.0 1.0 1.0 1.0 1.0 1.0 1.0 1.0 1.0 1.0 1.0 1.0 1.0 1.0 1.0 1.0 1.0 1.0 1.0 
1.0 1.0 1.0 1.0 1.0 1.0 1.0 1.0 1.0 1.0 1.0 1.0 1.0 1.0 1.0 1.0 1.0 1.0 1.0 1.0 1.0 1.0 1.0 1.0 1.0 1.0 1.0 1.0 1.0 1.0 1.0 1.0 1.0 1.0 1.0 1.0 1.0 1.0 1.0 1.0 1.0 1.0 1.0 1.0 1.0 1.0 1.0 1.0 1.0 1.0 1.0 1.0 1.0 1.0 1.0 1.0 1.0 1.0 1.0 1.0 1.0 1.0 1.0 1.0 1.0 1.0 1.0 1.0 1.0 1.0 1.0 1.0 1.0 1.0 1.0 1.0 1.0 0.0 1.0 1.0 1.0 1.0 1.0 1.0 1.0 1.0 1.0 1.0 1.0 1.0 1.0 1.0 1.0 1.0 1.0 1.0 1.0 1.0 1.0 1.0 1.0 1.0 1.0 1.0 1.0 1.0 1.0 1.0 1.0 1.0 1.0 1.0 1.0 1.0 1.0 1.0 1.0 1.0 1.0 1.0 1.0 1.0 1.0 1.0 1.0 1.0 1.0 1.0 
1.0 1.0 1.0 1.0 1.0 1.0 1.0 1.0 1.0 1.0 1.0 1.0 1.0 1.0 1.0 1.0 1.0 1.0 1.0 1.0 1.0 1.0 1.0 1.0 1.0 1.0 1.0 1.0 1.0 1.0 1.0 1.0 1.0 1.0 1.0 1.0 1.0 1.0 1.0 1.0 1.0 1.0 1.0 1.0 1.0 1.0 1.0 1.0 1.0 1.0 1.0 1.0 1.0 1.0 1.0 1.0 1.0 1.0 1.0 1.0 1.0 1.0 1.0 1.0 1.0 1.0 1.0 1.0 1.0 1.0 1.0 1.0 1.0 1.0 1.0 1.0 1.0 1.0 0.0 1.0 1.0 1.0 1.0 1.0 1.0 1.0 1.0 1.0 1.0 1.0 1.0 1.0 1.0 1.0 1.0 1.0 1.0 1.0 1.0 1.0 1.0 1.0 1.0 1.0 1.0 1.0 1.0 1.0 1.0 1.0 1.0 1.0 1.0 1.0 1.0 1.0 1.0 1.0 1.0 1.0 1.0 1.0 1.0 1.0 1.0 1.0 1.0 1.0 
1.0 1.0 1.0 1.0 1.0 1.0 1.0 1.0 1.0 1.0 1.0 1.0 1.0 1.0 1.0 1.0 1.0 1.0 1.0 1.0 1.0 1.0 1.0 1.0 1.0 1.0 1.0 1.0 1.0 1.0 1.0 1.0 1.0 1.0 1.0 1.0 1.0 1.0 1.0 1.0 1.0 1.0 1.0 1.0 1.0 1.0 1.0 1.0 1.0 1.0 1.0 1.0 1.0 1.0 1.0 1.0 1.0 1.0 1.0 1.0 1.0 1.0 1.0 1.0 1.0 1.0 1.0 1.0 1.0 1.0 1.0 1.0 1.0 1.0 1.0 1.0 1.0 1.0 1.0 0.0 1.0 1.0 1.0 1.0 1.0 1.0 1.0 1.0 1.0 1.0 1.0 1.0 1.0 1.0 1.0 1.0 1.0 1.0 1.0 1.0 1.0 1.0 1.0 1.0 1.0 1.0 1.0 1.0 1.0 1.0 1.0 1.0 1.0 1.0 1.0 1.0 1.0 1.0 1.0 1.0 1.0 1.0 1.0 1.0 1.0 1.0 1.0 1.0 
1.0 1.0 1.0 1.0 1.0 1.0 1.0 1.0 1.0 1.0 1.0 1.0 1.0 1.0 1.0 1.0 1.0 1.0 1.0 1.0 1.0 1.0 1.0 1.0 1.0 1.0 1.0 1.0 1.0 1.0 1.0 1.0 1.0 1.0 1.0 1.0 1.0 1.0 1.0 1.0 1.0 1.0 1.0 1.0 1.0 1.0 1.0 1.0 1.0 1.0 1.0 1.0 1.0 1.0 1.0 1.0 1.0 1.0 1.0 1.0 1.0 1.0 1.0 1.0 1.0 1.0 1.0 1.0 1.0 1.0 1.0 1.0 1.0 1.0 1.0 1.0 1.0 1.0 1.0 1.0 0.0 1.0 1.0 1.0 1.0 1.0 1.0 1.0 1.0 1.0 1.0 1.0 1.0 1.0 1.0 1.0 1.0 1.0 1.0 1.0 1.0 1.0 1.0 1.0 1.0 1.0 1.0 1.0 1.0 1.0 1.0 1.0 1.0 1.0 1.0 1.0 1.0 1.0 1.0 1.0 1.0 1.0 1.0 1.0 1.0 1.0 1.0 1.0 
1.0 1.0 1.0 1.0 1.0 1.0 1.0 1.0 1.0 1.0 1.0 1.0 1.0 1.0 1.0 1.0 1.0 1.0 1.0 1.0 1.0 1.0 1.0 1.0 1.0 1.0 1.0 1.0 1.0 1.0 1.0 1.0 1.0 1.0 1.0 1.0 1.0 1.0 1.0 1.0 1.0 1.0 1.0 1.0 1.0 1.0 1.0 1.0 1.0 1.0 1.0 1.0 1.0 1.0 1.0 1.0 1.0 1.0 1.0 1.0 1.0 1.0 1.0 1.0 1.0 1.0 1.0 1.0 1.0 1.0 1.0 1.0 1.0 1.0 1.0 1.0 1.0 1.0 1.0 1.0 1.0 0.0 1.0 1.0 1.0 1.0 1.0 1.0 1.0 1.0 1.0 1.0 1.0 1.0 1.0 1.0 1.0 1.0 1.0 1.0 1.0 1.0 1.0 1.0 1.0 1.0 1.0 1.0 1.0 1.0 1.0 1.0 1.0 1.0 1.0 1.0 1.0 1.0 1.0 1.0 1.0 1.0 1.0 1.0 1.0 1.0 1.0 1.0 
1.0 1.0 1.0 1.0 1.0 1.0 1.0 1.0 1.0 1.0 1.0 1.0 1.0 1.0 1.0 1.0 1.0 1.0 1.0 1.0 1.0 1.0 1.0 1.0 1.0 1.0 1.0 1.0 1.0 1.0 1.0 1.0 1.0 1.0 1.0 1.0 1.0 1.0 1.0 1.0 1.0 1.0 1.0 1.0 1.0 1.0 1.0 1.0 1.0 1.0 1.0 1.0 1.0 1.0 1.0 1.0 1.0 1.0 1.0 1.0 1.0 1.0 1.0 1.0 1.0 1.0 1.0 1.0 1.0 1.0 1.0 1.0 1.0 1.0 1.0 1.0 1.0 1.0 1.0 1.0 1.0 1.0 0.0 1.0 1.0 1.0 1.0 1.0 1.0 1.0 1.0 1.0 1.0 1.0 1.0 1.0 1.0 1.0 1.0 1.0 1.0 1.0 1.0 1.0 1.0 1.0 1.0 1.0 1.0 1.0 1.0 1.0 1.0 1.0 1.0 1.0 1.0 1.0 1.0 1.0 1.0 1.0 1.0 1.0 1.0 1.0 1.0 1.0 
1.0 1.0 1.0 1.0 1.0 1.0 1.0 1.0 1.0 1.0 1.0 1.0 1.0 1.0 1.0 1.0 1.0 1.0 1.0 1.0 1.0 1.0 1.0 1.0 1.0 1.0 1.0 1.0 1.0 1.0 1.0 1.0 1.0 1.0 1.0 1.0 1.0 1.0 1.0 1.0 1.0 1.0 1.0 1.0 1.0 1.0 1.0 1.0 1.0 1.0 1.0 1.0 1.0 1.0 1.0 1.0 1.0 1.0 1.0 1.0 1.0 1.0 1.0 1.0 1.0 1.0 1.0 1.0 1.0 1.0 1.0 1.0 1.0 1.0 1.0 1.0 1.0 1.0 1.0 1.0 1.0 1.0 1.0 0.0 1.0 1.0 1.0 1.0 1.0 1.0 1.0 1.0 1.0 1.0 1.0 1.0 1.0 1.0 1.0 1.0 1.0 1.0 1.0 1.0 1.0 1.0 1.0 1.0 1.0 1.0 1.0 1.0 1.0 1.0 1.0 1.0 1.0 1.0 1.0 1.0 1.0 1.0 1.0 1.0 1.0 1.0 1.0 1.0 
1.0 1.0 1.0 1.0 1.0 1.0 1.0 1.0 1.0 1.0 1.0 1.0 1.0 1.0 1.0 1.0 1.0 1.0 1.0 1.0 1.0 1.0 1.0 1.0 1.0 1.0 1.0 1.0 1.0 1.0 1.0 1.0 1.0 1.0 1.0 1.0 1.0 1.0 1.0 1.0 1.0 1.0 1.0 1.0 1.0 1.0 1.0 1.0 1.0 1.0 1.0 1.0 1.0 1.0 1.0 1.0 1.0 1.0 1.0 1.0 1.0 1.0 1.0 1.0 1.0 1.0 1.0 1.0 1.0 1.0 1.0 1.0 1.0 1.0 1.0 1.0 1.0 1.0 1.0 1.0 1.0 1.0 1.0 1.0 0.0 1.0 1.0 1.0 1.0 1.0 1.0 1.0 1.0 1.0 1.0 1.0 1.0 1.0 1.0 1.0 1.0 1.0 1.0 1.0 1.0 1.0 1.0 1.0 1.0 1.0 1.0 1.0 1.0 1.0 1.0 1.0 1.0 1.0 1.0 1.0 1.0 1.0 1.0 1.0 1.0 1.0 1.0 1.0 
1.0 1.0 1.0 1.0 1.0 1.0 1.0 1.0 1.0 1.0 1.0 1.0 1.0 1.0 1.0 1.0 1.0 1.0 1.0 1.0 1.0 1.0 1.0 1.0 1.0 1.0 1.0 1.0 1.0 1.0 1.0 1.0 1.0 1.0 1.0 1.0 1.0 1.0 1.0 1.0 1.0 1.0 1.0 1.0 1.0 1.0 1.0 1.0 1.0 1.0 1.0 1.0 1.0 1.0 1.0 1.0 1.0 1.0 1.0 1.0 1.0 1.0 1.0 1.0 1.0 1.0 1.0 1.0 1.0 1.0 1.0 1.0 1.0 1.0 1.0 1.0 1.0 1.0 1.0 1.0 1.0 1.0 1.0 1.0 1.0 0.0 1.0 1.0 1.0 1.0 1.0 1.0 1.0 1.0 1.0 1.0 1.0 1.0 1.0 1.0 1.0 1.0 1.0 1.0 1.0 1.0 1.0 1.0 1.0 1.0 1.0 1.0 1.0 1.0 1.0 1.0 1.0 1.0 1.0 1.0 1.0 1.0 1.0 1.0 1.0 1.0 1.0 1.0 
1.0 1.0 1.0 1.0 1.0 1.0 1.0 1.0 1.0 1.0 1.0 1.0 1.0 1.0 1.0 1.0 1.0 1.0 1.0 1.0 1.0 1.0 1.0 1.0 1.0 1.0 1.0 1.0 1.0 1.0 1.0 1.0 1.0 1.0 1.0 1.0 1.0 1.0 1.0 1.0 1.0 1.0 1.0 1.0 1.0 1.0 1.0 1.0 1.0 1.0 1.0 1.0 1.0 1.0 1.0 1.0 1.0 1.0 1.0 1.0 1.0 1.0 1.0 1.0 1.0 1.0 1.0 1.0 1.0 1.0 1.0 1.0 1.0 1.0 1.0 1.0 1.0 1.0 1.0 1.0 1.0 1.0 1.0 1.0 1.0 1.0 0.0 1.0 1.0 1.0 1.0 1.0 1.0 1.0 1.0 1.0 1.0 1.0 1.0 1.0 1.0 1.0 1.0 1.0 1.0 1.0 1.0 1.0 1.0 1.0 1.0 1.0 1.0 1.0 1.0 1.0 1.0 1.0 1.0 1.0 1.0 1.0 1.0 1.0 1.0 1.0 1.0 1.0 
1.0 1.0 1.0 1.0 1.0 1.0 1.0 1.0 1.0 1.0 1.0 1.0 1.0 1.0 1.0 1.0 1.0 1.0 1.0 1.0 1.0 1.0 1.0 1.0 1.0 1.0 1.0 1.0 1.0 1.0 1.0 1.0 1.0 1.0 1.0 1.0 1.0 1.0 1.0 1.0 1.0 1.0 1.0 1.0 1.0 1.0 1.0 1.0 1.0 1.0 1.0 1.0 1.0 1.0 1.0 1.0 1.0 1.0 1.0 1.0 1.0 1.0 1.0 1.0 1.0 1.0 1.0 1.0 1.0 1.0 1.0 1.0 1.0 1.0 1.0 1.0 1.0 1.0 1.0 1.0 1.0 1.0 1.0 1.0 1.0 1.0 1.0 0.0 1.0 1.0 1.0 1.0 1.0 1.0 1.0 1.0 1.0 1.0 1.0 1.0 1.0 1.0 1.0 1.0 1.0 1.0 1.0 1.0 1.0 1.0 1.0 1.0 1.0 1.0 1.0 1.0 1.0 1.0 1.0 1.0 1.0 1.0 1.0 1.0 1.0 1.0 1.0 1.0 
1.0 1.0 1.0 1.0 1.0 1.0 1.0 1.0 1.0 1.0 1.0 1.0 1.0 1.0 1.0 1.0 1.0 1.0 1.0 1.0 1.0 1.0 1.0 1.0 1.0 1.0 1.0 1.0 1.0 1.0 1.0 1.0 1.0 1.0 1.0 1.0 1.0 1.0 1.0 1.0 1.0 1.0 1.0 1.0 1.0 1.0 1.0 1.0 1.0 1.0 1.0 1.0 1.0 1.0 1.0 1.0 1.0 1.0 1.0 1.0 1.0 1.0 1.0 1.0 1.0 1.0 1.0 1.0 1.0 1.0 1.0 1.0 1.0 1.0 1.0 1.0 1.0 1.0 1.0 1.0 1.0 1.0 1.0 1.0 1.0 1.0 1.0 1.0 0.0 1.0 1.0 1.0 1.0 1.0 1.0 1.0 1.0 1.0 1.0 1.0 1.0 1.0 1.0 1.0 1.0 1.0 1.0 1.0 1.0 1.0 1.0 1.0 1.0 1.0 1.0 1.0 1.0 1.0 1.0 1.0 1.0 1.0 1.0 1.0 1.0 1.0 1.0 1.0 
1.0 1.0 1.0 1.0 1.0 1.0 1.0 1.0 1.0 1.0 1.0 1.0 1.0 1.0 1.0 1.0 1.0 1.0 1.0 1.0 1.0 1.0 1.0 1.0 1.0 1.0 1.0 1.0 1.0 1.0 1.0 1.0 1.0 1.0 1.0 1.0 1.0 1.0 1.0 1.0 1.0 1.0 1.0 1.0 1.0 1.0 1.0 1.0 1.0 1.0 1.0 1.0 1.0 1.0 1.0 1.0 1.0 1.0 1.0 1.0 1.0 1.0 1.0 1.0 1.0 1.0 1.0 1.0 1.0 1.0 1.0 1.0 1.0 1.0 1.0 1.0 1.0 1.0 1.0 1.0 1.0 1.0 1.0 1.0 1.0 1.0 1.0 1.0 1.0 0.0 1.0 1.0 1.0 1.0 1.0 1.0 1.0 1.0 1.0 1.0 1.0 1.0 1.0 1.0 1.0 1.0 1.0 1.0 1.0 1.0 1.0 1.0 1.0 1.0 1.0 1.0 1.0 1.0 1.0 1.0 1.0 1.0 1.0 1.0 1.0 1.0 1.0 1.0 
1.0 1.0 1.0 1.0 1.0 1.0 1.0 1.0 1.0 1.0 1.0 1.0 1.0 1.0 1.0 1.0 1.0 1.0 1.0 1.0 1.0 1.0 1.0 1.0 1.0 1.0 1.0 1.0 1.0 1.0 1.0 1.0 1.0 1.0 1.0 1.0 1.0 1.0 1.0 1.0 1.0 1.0 1.0 1.0 1.0 1.0 1.0 1.0 1.0 1.0 1.0 1.0 1.0 1.0 1.0 1.0 1.0 1.0 1.0 1.0 1.0 1.0 1.0 1.0 1.0 1.0 1.0 1.0 1.0 1.0 1.0 1.0 1.0 1.0 1.0 1.0 1.0 1.0 1.0 1.0 1.0 1.0 1.0 1.0 1.0 1.0 1.0 1.0 1.0 1.0 0.0 1.0 1.0 1.0 1.0 1.0 1.0 1.0 1.0 1.0 1.0 1.0 1.0 1.0 1.0 1.0 1.0 1.0 1.0 1.0 1.0 1.0 1.0 1.0 1.0 1.0 1.0 1.0 1.0 1.0 1.0 1.0 1.0 1.0 1.0 1.0 1.0 1.0 
1.0 1.0 1.0 1.0 1.0 1.0 1.0 1.0 1.0 1.0 1.0 1.0 1.0 1.0 1.0 1.0 1.0 1.0 1.0 1.0 1.0 1.0 1.0 1.0 1.0 1.0 1.0 1.0 1.0 1.0 1.0 1.0 1.0 1.0 1.0 1.0 1.0 1.0 1.0 1.0 1.0 1.0 1.0 1.0 1.0 1.0 1.0 1.0 1.0 1.0 1.0 1.0 1.0 1.0 1.0 1.0 1.0 1.0 1.0 1.0 1.0 1.0 1.0 1.0 1.0 1.0 1.0 1.0 1.0 1.0 1.0 1.0 1.0 1.0 1.0 1.0 1.0 1.0 1.0 1.0 1.0 1.0 1.0 1.0 1.0 1.0 1.0 1.0 1.0 1.0 1.0 0.0 1.0 1.0 1.0 1.0 1.0 1.0 1.0 1.0 1.0 1.0 1.0 1.0 1.0 1.0 1.0 1.0 1.0 1.0 1.0 1.0 1.0 1.0 1.0 1.0 1.0 1.0 1.0 1.0 1.0 1.0 1.0 1.0 1.0 1.0 1.0 1.0 
1.0 1.0 1.0 1.0 1.0 1.0 1.0 1.0 1.0 1.0 1.0 1.0 1.0 1.0 1.0 1.0 1.0 1.0 1.0 1.0 1.0 1.0 1.0 1.0 1.0 1.0 1.0 1.0 1.0 1.0 1.0 1.0 1.0 1.0 1.0 1.0 1.0 1.0 1.0 1.0 1.0 1.0 1.0 1.0 1.0 1.0 1.0 1.0 1.0 1.0 1.0 1.0 1.0 1.0 1.0 1.0 1.0 1.0 1.0 1.0 1.0 1.0 1.0 1.0 1.0 1.0 1.0 1.0 1.0 1.0 1.0 1.0 1.0 1.0 1.0 1.0 1.0 1.0 1.0 1.0 1.0 1.0 1.0 1.0 1.0 1.0 1.0 1.0 1.0 1.0 1.0 1.0 0.0 1.0 1.0 1.0 1.0 1.0 1.0 1.0 1.0 1.0 1.0 1.0 1.0 1.0 1.0 1.0 1.0 1.0 1.0 1.0 1.0 1.0 1.0 1.0 1.0 1.0 1.0 1.0 1.0 1.0 1.0 1.0 1.0 1.0 1.0 1.0 
1.0 1.0 1.0 1.0 1.0 1.0 1.0 1.0 1.0 1.0 1.0 1.0 1.0 1.0 1.0 1.0 1.0 1.0 1.0 1.0 1.0 1.0 1.0 1.0 1.0 1.0 1.0 1.0 1.0 1.0 1.0 1.0 1.0 1.0 1.0 1.0 1.0 1.0 1.0 1.0 1.0 1.0 1.0 1.0 1.0 1.0 1.0 1.0 1.0 1.0 1.0 1.0 1.0 1.0 1.0 1.0 1.0 1.0 1.0 1.0 1.0 1.0 1.0 1.0 1.0 1.0 1.0 1.0 1.0 1.0 1.0 1.0 1.0 1.0 1.0 1.0 1.0 1.0 1.0 1.0 1.0 1.0 1.0 1.0 1.0 1.0 1.0 1.0 1.0 1.0 1.0 1.0 1.0 0.0 1.0 1.0 1.0 1.0 1.0 1.0 1.0 1.0 1.0 1.0 1.0 1.0 1.0 1.0 1.0 1.0 1.0 1.0 1.0 1.0 1.0 1.0 1.0 1.0 1.0 1.0 1.0 1.0 1.0 1.0 1.0 1.0 1.0 1.0 
1.0 1.0 1.0 1.0 1.0 1.0 1.0 1.0 1.0 1.0 1.0 1.0 1.0 1.0 1.0 1.0 1.0 1.0 1.0 1.0 1.0 1.0 1.0 1.0 1.0 1.0 1.0 1.0 1.0 1.0 1.0 1.0 1.0 1.0 1.0 1.0 1.0 1.0 1.0 1.0 1.0 1.0 1.0 1.0 1.0 1.0 1.0 1.0 1.0 1.0 1.0 1.0 1.0 1.0 1.0 1.0 1.0 1.0 1.0 1.0 1.0 1.0 1.0 1.0 1.0 1.0 1.0 1.0 1.0 1.0 1.0 1.0 1.0 1.0 1.0 1.0 1.0 1.0 1.0 1.0 1.0 1.0 1.0 1.0 1.0 1.0 1.0 1.0 1.0 1.0 1.0 1.0 1.0 1.0 0.0 1.0 1.0 1.0 1.0 1.0 1.0 1.0 1.0 1.0 1.0 1.0 1.0 1.0 1.0 1.0 1.0 1.0 1.0 1.0 1.0 1.0 1.0 1.0 1.0 1.0 1.0 1.0 1.0 1.0 1.0 1.0 1.0 1.0 
1.0 1.0 1.0 1.0 1.0 1.0 1.0 1.0 1.0 1.0 1.0 1.0 1.0 1.0 1.0 1.0 1.0 1.0 1.0 1.0 1.0 1.0 1.0 1.0 1.0 1.0 1.0 1.0 1.0 1.0 1.0 1.0 1.0 1.0 1.0 1.0 1.0 1.0 1.0 1.0 1.0 1.0 1.0 1.0 1.0 1.0 1.0 1.0 1.0 1.0 1.0 1.0 1.0 1.0 1.0 1.0 1.0 1.0 1.0 1.0 1.0 1.0 1.0 1.0 1.0 1.0 1.0 1.0 1.0 1.0 1.0 1.0 1.0 1.0 1.0 1.0 1.0 1.0 1.0 1.0 1.0 1.0 1.0 1.0 1.0 1.0 1.0 1.0 1.0 1.0 1.0 1.0 1.0 1.0 1.0 0.0 1.0 1.0 1.0 1.0 1.0 1.0 1.0 1.0 1.0 1.0 1.0 1.0 1.0 1.0 1.0 1.0 1.0 1.0 1.0 1.0 1.0 1.0 1.0 1.0 1.0 1.0 1.0 1.0 1.0 1.0 1.0 1.0 
1.0 1.0 1.0 1.0 1.0 1.0 1.0 1.0 1.0 1.0 1.0 1.0 1.0 1.0 1.0 1.0 1.0 1.0 1.0 1.0 1.0 1.0 1.0 1.0 1.0 1.0 1.0 1.0 1.0 1.0 1.0 1.0 1.0 1.0 1.0 1.0 1.0 1.0 1.0 1.0 1.0 1.0 1.0 1.0 1.0 1.0 1.0 1.0 1.0 1.0 1.0 1.0 1.0 1.0 1.0 1.0 1.0 1.0 1.0 1.0 1.0 1.0 1.0 1.0 1.0 1.0 1.0 1.0 1.0 1.0 1.0 1.0 1.0 1.0 1.0 1.0 1.0 1.0 1.0 1.0 1.0 1.0 1.0 1.0 1.0 1.0 1.0 1.0 1.0 1.0 1.0 1.0 1.0 1.0 1.0 1.0 0.0 1.0 1.0 1.0 1.0 1.0 1.0 1.0 1.0 1.0 1.0 1.0 1.0 1.0 1.0 1.0 1.0 1.0 1.0 1.0 1.0 1.0 1.0 1.0 1.0 1.0 1.0 1.0 1.0 1.0 1.0 1.0 
1.0 1.0 1.0 1.0 1.0 1.0 1.0 1.0 1.0 1.0 1.0 1.0 1.0 1.0 1.0 1.0 1.0 1.0 1.0 1.0 1.0 1.0 1.0 1.0 1.0 1.0 1.0 1.0 1.0 1.0 1.0 1.0 1.0 1.0 1.0 1.0 1.0 1.0 1.0 1.0 1.0 1.0 1.0 1.0 1.0 1.0 1.0 1.0 1.0 1.0 1.0 1.0 1.0 1.0 1.0 1.0 1.0 1.0 1.0 1.0 1.0 1.0 1.0 1.0 1.0 1.0 1.0 1.0 1.0 1.0 1.0 1.0 1.0 1.0 1.0 1.0 1.0 1.0 1.0 1.0 1.0 1.0 1.0 1.0 1.0 1.0 1.0 1.0 1.0 1.0 1.0 1.0 1.0 1.0 1.0 1.0 1.0 0.0 1.0 1.0 1.0 1.0 1.0 1.0 1.0 1.0 1.0 1.0 1.0 1.0 1.0 1.0 1.0 1.0 1.0 1.0 1.0 1.0 1.0 1.0 1.0 1.0 1.0 1.0 1.0 1.0 1.0 1.0 
1.0 1.0 1.0 1.0 1.0 1.0 1.0 1.0 1.0 1.0 1.0 1.0 1.0 1.0 1.0 1.0 1.0 1.0 1.0 1.0 1.0 1.0 1.0 1.0 1.0 1.0 1.0 1.0 1.0 1.0 1.0 1.0 1.0 1.0 1.0 1.0 1.0 1.0 1.0 1.0 1.0 1.0 1.0 1.0 1.0 1.0 1.0 1.0 1.0 1.0 1.0 1.0 1.0 1.0 1.0 1.0 1.0 1.0 1.0 1.0 1.0 1.0 1.0 1.0 1.0 1.0 1.0 1.0 1.0 1.0 1.0 1.0 1.0 1.0 1.0 1.0 1.0 1.0 1.0 1.0 1.0 1.0 1.0 1.0 1.0 1.0 1.0 1.0 1.0 1.0 1.0 1.0 1.0 1.0 1.0 1.0 1.0 1.0 0.0 1.0 1.0 1.0 1.0 1.0 1.0 1.0 1.0 1.0 1.0 1.0 1.0 1.0 1.0 1.0 1.0 1.0 1.0 1.0 1.0 1.0 1.0 1.0 1.0 1.0 1.0 1.0 1.0 1.0 
1.0 1.0 1.0 1.0 1.0 1.0 1.0 1.0 1.0 1.0 1.0 1.0 1.0 1.0 1.0 1.0 1.0 1.0 1.0 1.0 1.0 1.0 1.0 1.0 1.0 1.0 1.0 1.0 1.0 1.0 1.0 1.0 1.0 1.0 1.0 1.0 1.0 1.0 1.0 1.0 1.0 1.0 1.0 1.0 1.0 1.0 1.0 1.0 1.0 1.0 1.0 1.0 1.0 1.0 1.0 1.0 1.0 1.0 1.0 1.0 1.0 1.0 1.0 1.0 1.0 1.0 1.0 1.0 1.0 1.0 1.0 1.0 1.0 1.0 1.0 1.0 1.0 1.0 1.0 1.0 1.0 1.0 1.0 1.0 1.0 1.0 1.0 1.0 1.0 1.0 1.0 1.0 1.0 1.0 1.0 1.0 1.0 1.0 1.0 0.0 1.0 1.0 1.0 1.0 1.0 1.0 1.0 1.0 1.0 1.0 1.0 1.0 1.0 1.0 1.0 1.0 1.0 1.0 1.0 1.0 1.0 1.0 1.0 1.0 1.0 1.0 1.0 1.0 
1.0 1.0 1.0 1.0 1.0 1.0 1.0 1.0 1.0 1.0 1.0 1.0 1.0 1.0 1.0 1.0 1.0 1.0 1.0 1.0 1.0 1.0 1.0 1.0 1.0 1.0 1.0 1.0 1.0 1.0 1.0 1.0 1.0 1.0 1.0 1.0 1.0 1.0 1.0 1.0 1.0 1.0 1.0 1.0 1.0 1.0 1.0 1.0 1.0 1.0 1.0 1.0 1.0 1.0 1.0 1.0 1.0 1.0 1.0 1.0 1.0 1.0 1.0 1.0 1.0 1.0 1.0 1.0 1.0 1.0 1.0 1.0 1.0 1.0 1.0 1.0 1.0 1.0 1.0 1.0 1.0 1.0 1.0 1.0 1.0 1.0 1.0 1.0 1.0 1.0 1.0 1.0 1.0 1.0 1.0 1.0 1.0 1.0 1.0 1.0 0.0 1.0 1.0 1.0 1.0 1.0 1.0 1.0 1.0 1.0 1.0 1.0 1.0 1.0 1.0 1.0 1.0 1.0 1.0 1.0 1.0 1.0 1.0 1.0 1.0 1.0 1.0 1.0 
1.0 1.0 1.0 1.0 1.0 1.0 1.0 1.0 1.0 1.0 1.0 1.0 1.0 1.0 1.0 1.0 1.0 1.0 1.0 1.0 1.0 1.0 1.0 1.0 1.0 1.0 1.0 1.0 1.0 1.0 1.0 1.0 1.0 1.0 1.0 1.0 1.0 1.0 1.0 1.0 1.0 1.0 1.0 1.0 1.0 1.0 1.0 1.0 1.0 1.0 1.0 1.0 1.0 1.0 1.0 1.0 1.0 1.0 1.0 1.0 1.0 1.0 1.0 1.0 1.0 1.0 1.0 1.0 1.0 1.0 1.0 1.0 1.0 1.0 1.0 1.0 1.0 1.0 1.0 1.0 1.0 1.0 1.0 1.0 1.0 1.0 1.0 1.0 1.0 1.0 1.0 1.0 1.0 1.0 1.0 1.0 1.0 1.0 1.0 1.0 1.0 0.0 1.0 1.0 1.0 1.0 1.0 1.0 1.0 1.0 1.0 1.0 1.0 1.0 1.0 1.0 1.0 1.0 1.0 1.0 1.0 1.0 1.0 1.0 1.0 1.0 1.0 1.0 
1.0 1.0 1.0 1.0 1.0 1.0 1.0 1.0 1.0 1.0 1.0 1.0 1.0 1.0 1.0 1.0 1.0 1.0 1.0 1.0 1.0 1.0 1.0 1.0 1.0 1.0 1.0 1.0 1.0 1.0 1.0 1.0 1.0 1.0 1.0 1.0 1.0 1.0 1.0 1.0 1.0 1.0 1.0 1.0 1.0 1.0 1.0 1.0 1.0 1.0 1.0 1.0 1.0 1.0 1.0 1.0 1.0 1.0 1.0 1.0 1.0 1.0 1.0 1.0 1.0 1.0 1.0 1.0 1.0 1.0 1.0 1.0 1.0 1.0 1.0 1.0 1.0 1.0 1.0 1.0 1.0 1.0 1.0 1.0 1.0 1.0 1.0 1.0 1.0 1.0 1.0 1.0 1.0 1.0 1.0 1.0 1.0 1.0 1.0 1.0 1.0 1.0 0.0 1.0 1.0 1.0 1.0 1.0 1.0 1.0 1.0 1.0 1.0 1.0 1.0 1.0 1.0 1.0 1.0 1.0 1.0 1.0 1.0 1.0 1.0 1.0 1.0 1.0 
1.0 1.0 1.0 1.0 1.0 1.0 1.0 1.0 1.0 1.0 1.0 1.0 1.0 1.0 1.0 1.0 1.0 1.0 1.0 1.0 1.0 1.0 1.0 1.0 1.0 1.0 1.0 1.0 1.0 1.0 1.0 1.0 1.0 1.0 1.0 1.0 1.0 1.0 1.0 1.0 1.0 1.0 1.0 1.0 1.0 1.0 1.0 1.0 1.0 1.0 1.0 1.0 1.0 1.0 1.0 1.0 1.0 1.0 1.0 1.0 1.0 1.0 1.0 1.0 1.0 1.0 1.0 1.0 1.0 1.0 1.0 1.0 1.0 1.0 1.0 1.0 1.0 1.0 1.0 1.0 1.0 1.0 1.0 1.0 1.0 1.0 1.0 1.0 1.0 1.0 1.0 1.0 1.0 1.0 1.0 1.0 1.0 1.0 1.0 1.0 1.0 1.0 1.0 0.0 1.0 1.0 1.0 1.0 1.0 1.0 1.0 1.0 1.0 1.0 1.0 1.0 1.0 1.0 1.0 1.0 1.0 1.0 1.0 1.0 1.0 1.0 1.0 1.0 
1.0 1.0 1.0 1.0 1.0 1.0 1.0 1.0 1.0 1.0 1.0 1.0 1.0 1.0 1.0 1.0 1.0 1.0 1.0 1.0 1.0 1.0 1.0 1.0 1.0 1.0 1.0 1.0 1.0 1.0 1.0 1.0 1.0 1.0 1.0 1.0 1.0 1.0 1.0 1.0 1.0 1.0 1.0 1.0 1.0 1.0 1.0 1.0 1.0 1.0 1.0 1.0 1.0 1.0 1.0 1.0 1.0 1.0 1.0 1.0 1.0 1.0 1.0 1.0 1.0 1.0 1.0 1.0 1.0 1.0 1.0 1.0 1.0 1.0 1.0 1.0 1.0 1.0 1.0 1.0 1.0 1.0 1.0 1.0 1.0 1.0 1.0 1.0 1.0 1.0 1.0 1.0 1.0 1.0 1.0 1.0 1.0 1.0 1.0 1.0 1.0 1.0 1.0 1.0 0.0 1.0 1.0 1.0 1.0 1.0 1.0 1.0 1.0 1.0 1.0 1.0 1.0 1.0 1.0 1.0 1.0 1.0 1.0 1.0 1.0 1.0 1.0 1.0 
1.0 1.0 1.0 1.0 1.0 1.0 1.0 1.0 1.0 1.0 1.0 1.0 1.0 1.0 1.0 1.0 1.0 1.0 1.0 1.0 1.0 1.0 1.0 1.0 1.0 1.0 1.0 1.0 1.0 1.0 1.0 1.0 1.0 1.0 1.0 1.0 1.0 1.0 1.0 1.0 1.0 1.0 1.0 1.0 1.0 1.0 1.0 1.0 1.0 1.0 1.0 1.0 1.0 1.0 1.0 1.0 1.0 1.0 1.0 1.0 1.0 1.0 1.0 1.0 1.0 1.0 1.0 1.0 1.0 1.0 1.0 1.0 1.0 1.0 1.0 1.0 1.0 1.0 1.0 1.0 1.0 1.0 1.0 1.0 1.0 1.0 1.0 1.0 1.0 1.0 1.0 1.0 1.0 1.0 1.0 1.0 1.0 1.0 1.0 1.0 1.0 1.0 1.0 1.0 1.0 0.0 1.0 1.0 1.0 1.0 1.0 1.0 1.0 1.0 1.0 1.0 1.0 1.0 1.0 1.0 1.0 1.0 1.0 1.0 1.0 1.0 1.0 1.0 
1.0 1.0 1.0 1.0 1.0 1.0 1.0 1.0 1.0 1.0 1.0 1.0 1.0 1.0 1.0 1.0 1.0 1.0 1.0 1.0 1.0 1.0 1.0 1.0 1.0 1.0 1.0 1.0 1.0 1.0 1.0 1.0 1.0 1.0 1.0 1.0 1.0 1.0 1.0 1.0 1.0 1.0 1.0 1.0 1.0 1.0 1.0 1.0 1.0 1.0 1.0 1.0 1.0 1.0 1.0 1.0 1.0 1.0 1.0 1.0 1.0 1.0 1.0 1.0 1.0 1.0 1.0 1.0 1.0 1.0 1.0 1.0 1.0 1.0 1.0 1.0 1.0 1.0 1.0 1.0 1.0 1.0 1.0 1.0 1.0 1.0 1.0 1.0 1.0 1.0 1.0 1.0 1.0 1.0 1.0 1.0 1.0 1.0 1.0 1.0 1.0 1.0 1.0 1.0 1.0 1.0 0.0 1.0 1.0 1.0 1.0 1.0 1.0 1.0 1.0 1.0 1.0 1.0 1.0 1.0 1.0 1.0 1.0 1.0 1.0 1.0 1.0 1.0 
1.0 1.0 1.0 1.0 1.0 1.0 1.0 1.0 1.0 1.0 1.0 1.0 1.0 1.0 1.0 1.0 1.0 1.0 1.0 1.0 1.0 1.0 1.0 1.0 1.0 1.0 1.0 1.0 1.0 1.0 1.0 1.0 1.0 1.0 1.0 1.0 1.0 1.0 1.0 1.0 1.0 1.0 1.0 1.0 1.0 1.0 1.0 1.0 1.0 1.0 1.0 1.0 1.0 1.0 1.0 1.0 1.0 1.0 1.0 1.0 1.0 1.0 1.0 1.0 1.0 1.0 1.0 1.0 1.0 1.0 1.0 1.0 1.0 1.0 1.0 1.0 1.0 1.0 1.0 1.0 1.0 1.0 1.0 1.0 1.0 1.0 1.0 1.0 1.0 1.0 1.0 1.0 1.0 1.0 1.0 1.0 1.0 1.0 1.0 1.0 1.0 1.0 1.0 1.0 1.0 1.0 1.0 0.0 1.0 1.0 1.0 1.0 1.0 1.0 1.0 1.0 1.0 1.0 1.0 1.0 1.0 1.0 1.0 1.0 1.0 1.0 1.0 1.0 
1.0 1.0 1.0 1.0 1.0 1.0 1.0 1.0 1.0 1.0 1.0 1.0 1.0 1.0 1.0 1.0 1.0 1.0 1.0 1.0 1.0 1.0 1.0 1.0 1.0 1.0 1.0 1.0 1.0 1.0 1.0 1.0 1.0 1.0 1.0 1.0 1.0 1.0 1.0 1.0 1.0 1.0 1.0 1.0 1.0 1.0 1.0 1.0 1.0 1.0 1.0 1.0 1.0 1.0 1.0 1.0 1.0 1.0 1.0 1.0 1.0 1.0 1.0 1.0 1.0 1.0 1.0 1.0 1.0 1.0 1.0 1.0 1.0 1.0 1.0 1.0 1.0 1.0 1.0 1.0 1.0 1.0 1.0 1.0 1.0 1.0 1.0 1.0 1.0 1.0 1.0 1.0 1.0 1.0 1.0 1.0 1.0 1.0 1.0 1.0 1.0 1.0 1.0 1.0 1.0 1.0 1.0 1.0 0.0 1.0 1.0 1.0 1.0 1.0 1.0 1.0 1.0 1.0 1.0 1.0 1.0 1.0 1.0 1.0 1.0 1.0 1.0 1.0 
1.0 1.0 1.0 1.0 1.0 1.0 1.0 1.0 1.0 1.0 1.0 1.0 1.0 1.0 1.0 1.0 1.0 1.0 1.0 1.0 1.0 1.0 1.0 1.0 1.0 1.0 1.0 1.0 1.0 1.0 1.0 1.0 1.0 1.0 1.0 1.0 1.0 1.0 1.0 1.0 1.0 1.0 1.0 1.0 1.0 1.0 1.0 1.0 1.0 1.0 1.0 1.0 1.0 1.0 1.0 1.0 1.0 1.0 1.0 1.0 1.0 1.0 1.0 1.0 1.0 1.0 1.0 1.0 1.0 1.0 1.0 1.0 1.0 1.0 1.0 1.0 1.0 1.0 1.0 1.0 1.0 1.0 1.0 1.0 1.0 1.0 1.0 1.0 1.0 1.0 1.0 1.0 1.0 1.0 1.0 1.0 1.0 1.0 1.0 1.0 1.0 1.0 1.0 1.0 1.0 1.0 1.0 1.0 1.0 0.0 1.0 1.0 1.0 1.0 1.0 1.0 1.0 1.0 1.0 1.0 1.0 1.0 1.0 1.0 1.0 1.0 1.0 1.0 
1.0 1.0 1.0 1.0 1.0 1.0 1.0 1.0 1.0 1.0 1.0 1.0 1.0 1.0 1.0 1.0 1.0 1.0 1.0 1.0 1.0 1.0 1.0 1.0 1.0 1.0 1.0 1.0 1.0 1.0 1.0 1.0 1.0 1.0 1.0 1.0 1.0 1.0 1.0 1.0 1.0 1.0 1.0 1.0 1.0 1.0 1.0 1.0 1.0 1.0 1.0 1.0 1.0 1.0 1.0 1.0 1.0 1.0 1.0 1.0 1.0 1.0 1.0 1.0 1.0 1.0 1.0 1.0 1.0 1.0 1.0 1.0 1.0 1.0 1.0 1.0 1.0 1.0 1.0 1.0 1.0 1.0 1.0 1.0 1.0 1.0 1.0 1.0 1.0 1.0 1.0 1.0 1.0 1.0 1.0 1.0 1.0 1.0 1.0 1.0 1.0 1.0 1.0 1.0 1.0 1.0 1.0 1.0 1.0 1.0 0.0 1.0 1.0 1.0 1.0 1.0 1.0 1.0 1.0 1.0 1.0 1.0 1.0 1.0 1.0 1.0 1.0 1.0 
1.0 1.0 1.0 1.0 1.0 1.0 1.0 1.0 1.0 1.0 1.0 1.0 1.0 1.0 1.0 1.0 1.0 1.0 1.0 1.0 1.0 1.0 1.0 1.0 1.0 1.0 1.0 1.0 1.0 1.0 1.0 1.0 1.0 1.0 1.0 1.0 1.0 1.0 1.0 1.0 1.0 1.0 1.0 1.0 1.0 1.0 1.0 1.0 1.0 1.0 1.0 1.0 1.0 1.0 1.0 1.0 1.0 1.0 1.0 1.0 1.0 1.0 1.0 1.0 1.0 1.0 1.0 1.0 1.0 1.0 1.0 1.0 1.0 1.0 1.0 1.0 1.0 1.0 1.0 1.0 1.0 1.0 1.0 1.0 1.0 1.0 1.0 1.0 1.0 1.0 1.0 1.0 1.0 1.0 1.0 1.0 1.0 1.0 1.0 1.0 1.0 1.0 1.0 1.0 1.0 1.0 1.0 1.0 1.0 1.0 1.0 0.0 1.0 1.0 1.0 1.0 1.0 1.0 1.0 1.0 1.0 1.0 1.0 1.0 1.0 1.0 1.0 1.0 
1.0 1.0 1.0 1.0 1.0 1.0 1.0 1.0 1.0 1.0 1.0 1.0 1.0 1.0 1.0 1.0 1.0 1.0 1.0 1.0 1.0 1.0 1.0 1.0 1.0 1.0 1.0 1.0 1.0 1.0 1.0 1.0 1.0 1.0 1.0 1.0 1.0 1.0 1.0 1.0 1.0 1.0 1.0 1.0 1.0 1.0 1.0 1.0 1.0 1.0 1.0 1.0 1.0 1.0 1.0 1.0 1.0 1.0 1.0 1.0 1.0 1.0 1.0 1.0 1.0 1.0 1.0 1.0 1.0 1.0 1.0 1.0 1.0 1.0 1.0 1.0 1.0 1.0 1.0 1.0 1.0 1.0 1.0 1.0 1.0 1.0 1.0 1.0 1.0 1.0 1.0 1.0 1.0 1.0 1.0 1.0 1.0 1.0 1.0 1.0 1.0 1.0 1.0 1.0 1.0 1.0 1.0 1.0 1.0 1.0 1.0 1.0 0.0 1.0 1.0 1.0 1.0 1.0 1.0 1.0 1.0 1.0 1.0 1.0 1.0 1.0 1.0 1.0 
1.0 1.0 1.0 1.0 1.0 1.0 1.0 1.0 1.0 1.0 1.0 1.0 1.0 1.0 1.0 1.0 1.0 1.0 1.0 1.0 1.0 1.0 1.0 1.0 1.0 1.0 1.0 1.0 1.0 1.0 1.0 1.0 1.0 1.0 1.0 1.0 1.0 1.0 1.0 1.0 1.0 1.0 1.0 1.0 1.0 1.0 1.0 1.0 1.0 1.0 1.0 1.0 1.0 1.0 1.0 1.0 1.0 1.0 1.0 1.0 1.0 1.0 1.0 1.0 1.0 1.0 1.0 1.0 1.0 1.0 1.0 1.0 1.0 1.0 1.0 1.0 1.0 1.0 1.0 1.0 1.0 1.0 1.0 1.0 1.0 1.0 1.0 1.0 1.0 1.0 1.0 1.0 1.0 1.0 1.0 1.0 1.0 1.0 1.0 1.0 1.0 1.0 1.0 1.0 1.0 1.0 1.0 1.0 1.0 1.0 1.0 1.0 1.0 0.0 1.0 1.0 1.0 1.0 1.0 1.0 1.0 1.0 1.0 1.0 1.0 1.0 1.0 1.0 
1.0 1.0 1.0 1.0 1.0 1.0 1.0 1.0 1.0 1.0 1.0 1.0 1.0 1.0 1.0 1.0 1.0 1.0 1.0 1.0 1.0 1.0 1.0 1.0 1.0 1.0 1.0 1.0 1.0 1.0 1.0 1.0 1.0 1.0 1.0 1.0 1.0 1.0 1.0 1.0 1.0 1.0 1.0 1.0 1.0 1.0 1.0 1.0 1.0 1.0 1.0 1.0 1.0 1.0 1.0 1.0 1.0 1.0 1.0 1.0 1.0 1.0 1.0 1.0 1.0 1.0 1.0 1.0 1.0 1.0 1.0 1.0 1.0 1.0 1.0 1.0 1.0 1.0 1.0 1.0 1.0 1.0 1.0 1.0 1.0 1.0 1.0 1.0 1.0 1.0 1.0 1.0 1.0 1.0 1.0 1.0 1.0 1.0 1.0 1.0 1.0 1.0 1.0 1.0 1.0 1.0 1.0 1.0 1.0 1.0 1.0 1.0 1.0 1.0 0.0 1.0 1.0 1.0 1.0 1.0 1.0 1.0 1.0 1.0 1.0 1.0 1.0 1.0 
1.0 1.0 1.0 1.0 1.0 1.0 1.0 1.0 1.0 1.0 1.0 1.0 1.0 1.0 1.0 1.0 1.0 1.0 1.0 1.0 1.0 1.0 1.0 1.0 1.0 1.0 1.0 1.0 1.0 1.0 1.0 1.0 1.0 1.0 1.0 1.0 1.0 1.0 1.0 1.0 1.0 1.0 1.0 1.0 1.0 1.0 1.0 1.0 1.0 1.0 1.0 1.0 1.0 1.0 1.0 1.0 1.0 1.0 1.0 1.0 1.0 1.0 1.0 1.0 1.0 1.0 1.0 1.0 1.0 1.0 1.0 1.0 1.0 1.0 1.0 1.0 1.0 1.0 1.0 1.0 1.0 1.0 1.0 1.0 1.0 1.0 1.0 1.0 1.0 1.0 1.0 1.0 1.0 1.0 1.0 1.0 1.0 1.0 1.0 1.0 1.0 1.0 1.0 1.0 1.0 1.0 1.0 1.0 1.0 1.0 1.0 1.0 1.0 1.0 1.0 0.0 1.0 1.0 1.0 1.0 1.0 1.0 1.0 1.0 1.0 1.0 1.0 1.0 
1.0 1.0 1.0 1.0 1.0 1.0 1.0 1.0 1.0 1.0 1.0 1.0 1.0 1.0 1.0 1.0 1.0 1.0 1.0 1.0 1.0 1.0 1.0 1.0 1.0 1.0 1.0 1.0 1.0 1.0 1.0 1.0 1.0 1.0 1.0 1.0 1.0 1.0 1.0 1.0 1.0 1.0 1.0 1.0 1.0 1.0 1.0 1.0 1.0 1.0 1.0 1.0 1.0 1.0 1.0 1.0 1.0 1.0 1.0 1.0 1.0 1.0 1.0 1.0 1.0 1.0 1.0 1.0 1.0 1.0 1.0 1.0 1.0 1.0 1.0 1.0 1.0 1.0 1.0 1.0 1.0 1.0 1.0 1.0 1.0 1.0 1.0 1.0 1.0 1.0 1.0 1.0 1.0 1.0 1.0 1.0 1.0 1.0 1.0 1.0 1.0 1.0 1.0 1.0 1.0 1.0 1.0 1.0 1.0 1.0 1.0 1.0 1.0 1.0 1.0 1.0 0.0 1.0 1.0 1.0 1.0 1.0 1.0 1.0 1.0 1.0 1.0 1.0 
1.0 1.0 1.0 1.0 1.0 1.0 1.0 1.0 1.0 1.0 1.0 1.0 1.0 1.0 1.0 1.0 1.0 1.0 1.0 1.0 1.0 1.0 1.0 1.0 1.0 1.0 1.0 1.0 1.0 1.0 1.0 1.0 1.0 1.0 1.0 1.0 1.0 1.0 1.0 1.0 1.0 1.0 1.0 1.0 1.0 1.0 1.0 1.0 1.0 1.0 1.0 1.0 1.0 1.0 1.0 1.0 1.0 1.0 1.0 1.0 1.0 1.0 1.0 1.0 1.0 1.0 1.0 1.0 1.0 1.0 1.0 1.0 1.0 1.0 1.0 1.0 1.0 1.0 1.0 1.0 1.0 1.0 1.0 1.0 1.0 1.0 1.0 1.0 1.0 1.0 1.0 1.0 1.0 1.0 1.0 1.0 1.0 1.0 1.0 1.0 1.0 1.0 1.0 1.0 1.0 1.0 1.0 1.0 1.0 1.0 1.0 1.0 1.0 1.0 1.0 1.0 1.0 0.0 1.0 1.0 1.0 1.0 1.0 1.0 1.0 1.0 1.0 1.0 
1.0 1.0 1.0 1.0 1.0 1.0 1.0 1.0 1.0 1.0 1.0 1.0 1.0 1.0 1.0 1.0 1.0 1.0 1.0 1.0 1.0 1.0 1.0 1.0 1.0 1.0 1.0 1.0 1.0 1.0 1.0 1.0 1.0 1.0 1.0 1.0 1.0 1.0 1.0 1.0 1.0 1.0 1.0 1.0 1.0 1.0 1.0 1.0 1.0 1.0 1.0 1.0 1.0 1.0 1.0 1.0 1.0 1.0 1.0 1.0 1.0 1.0 1.0 1.0 1.0 1.0 1.0 1.0 1.0 1.0 1.0 1.0 1.0 1.0 1.0 1.0 1.0 1.0 1.0 1.0 1.0 1.0 1.0 1.0 1.0 1.0 1.0 1.0 1.0 1.0 1.0 1.0 1.0 1.0 1.0 1.0 1.0 1.0 1.0 1.0 1.0 1.0 1.0 1.0 1.0 1.0 1.0 1.0 1.0 1.0 1.0 1.0 1.0 1.0 1.0 1.0 1.0 1.0 0.0 1.0 1.0 1.0 1.0 1.0 1.0 1.0 1.0 1.0 
1.0 1.0 1.0 1.0 1.0 1.0 1.0 1.0 1.0 1.0 1.0 1.0 1.0 1.0 1.0 1.0 1.0 1.0 1.0 1.0 1.0 1.0 1.0 1.0 1.0 1.0 1.0 1.0 1.0 1.0 1.0 1.0 1.0 1.0 1.0 1.0 1.0 1.0 1.0 1.0 1.0 1.0 1.0 1.0 1.0 1.0 1.0 1.0 1.0 1.0 1.0 1.0 1.0 1.0 1.0 1.0 1.0 1.0 1.0 1.0 1.0 1.0 1.0 1.0 1.0 1.0 1.0 1.0 1.0 1.0 1.0 1.0 1.0 1.0 1.0 1.0 1.0 1.0 1.0 1.0 1.0 1.0 1.0 1.0 1.0 1.0 1.0 1.0 1.0 1.0 1.0 1.0 1.0 1.0 1.0 1.0 1.0 1.0 1.0 1.0 1.0 1.0 1.0 1.0 1.0 1.0 1.0 1.0 1.0 1.0 1.0 1.0 1.0 1.0 1.0 1.0 1.0 1.0 1.0 0.0 1.0 1.0 1.0 1.0 1.0 1.0 1.0 1.0 
1.0 1.0 1.0 1.0 1.0 1.0 1.0 1.0 1.0 1.0 1.0 1.0 1.0 1.0 1.0 1.0 1.0 1.0 1.0 1.0 1.0 1.0 1.0 1.0 1.0 1.0 1.0 1.0 1.0 1.0 1.0 1.0 1.0 1.0 1.0 1.0 1.0 1.0 1.0 1.0 1.0 1.0 1.0 1.0 1.0 1.0 1.0 1.0 1.0 1.0 1.0 1.0 1.0 1.0 1.0 1.0 1.0 1.0 1.0 1.0 1.0 1.0 1.0 1.0 1.0 1.0 1.0 1.0 1.0 1.0 1.0 1.0 1.0 1.0 1.0 1.0 1.0 1.0 1.0 1.0 1.0 1.0 1.0 1.0 1.0 1.0 1.0 1.0 1.0 1.0 1.0 1.0 1.0 1.0 1.0 1.0 1.0 1.0 1.0 1.0 1.0 1.0 1.0 1.0 1.0 1.0 1.0 1.0 1.0 1.0 1.0 1.0 1.0 1.0 1.0 1.0 1.0 1.0 1.0 1.0 0.0 1.0 1.0 1.0 1.0 1.0 1.0 1.0 
1.0 1.0 1.0 1.0 1.0 1.0 1.0 1.0 1.0 1.0 1.0 1.0 1.0 1.0 1.0 1.0 1.0 1.0 1.0 1.0 1.0 1.0 1.0 1.0 1.0 1.0 1.0 1.0 1.0 1.0 1.0 1.0 1.0 1.0 1.0 1.0 1.0 1.0 1.0 1.0 1.0 1.0 1.0 1.0 1.0 1.0 1.0 1.0 1.0 1.0 1.0 1.0 1.0 1.0 1.0 1.0 1.0 1.0 1.0 1.0 1.0 1.0 1.0 1.0 1.0 1.0 1.0 1.0 1.0 1.0 1.0 1.0 1.0 1.0 1.0 1.0 1.0 1.0 1.0 1.0 1.0 1.0 1.0 1.0 1.0 1.0 1.0 1.0 1.0 1.0 1.0 1.0 1.0 1.0 1.0 1.0 1.0 1.0 1.0 1.0 1.0 1.0 1.0 1.0 1.0 1.0 1.0 1.0 1.0 1.0 1.0 1.0 1.0 1.0 1.0 1.0 1.0 1.0 1.0 1.0 1.0 0.0 1.0 1.0 1.0 1.0 1.0 1.0 
1.0 1.0 1.0 1.0 1.0 1.0 1.0 1.0 1.0 1.0 1.0 1.0 1.0 1.0 1.0 1.0 1.0 1.0 1.0 1.0 1.0 1.0 1.0 1.0 1.0 1.0 1.0 1.0 1.0 1.0 1.0 1.0 1.0 1.0 1.0 1.0 1.0 1.0 1.0 1.0 1.0 1.0 1.0 1.0 1.0 1.0 1.0 1.0 1.0 1.0 1.0 1.0 1.0 1.0 1.0 1.0 1.0 1.0 1.0 1.0 1.0 1.0 1.0 1.0 1.0 1.0 1.0 1.0 1.0 1.0 1.0 1.0 1.0 1.0 1.0 1.0 1.0 1.0 1.0 1.0 1.0 1.0 1.0 1.0 1.0 1.0 1.0 1.0 1.0 1.0 1.0 1.0 1.0 1.0 1.0 1.0 1.0 1.0 1.0 1.0 1.0 1.0 1.0 1.0 1.0 1.0 1.0 1.0 1.0 1.0 1.0 1.0 1.0 1.0 1.0 1.0 1.0 1.0 1.0 1.0 1.0 1.0 0.0 1.0 1.0 1.0 1.0 1.0 
1.0 1.0 1.0 1.0 1.0 1.0 1.0 1.0 1.0 1.0 1.0 1.0 1.0 1.0 1.0 1.0 1.0 1.0 1.0 1.0 1.0 1.0 1.0 1.0 1.0 1.0 1.0 1.0 1.0 1.0 1.0 1.0 1.0 1.0 1.0 1.0 1.0 1.0 1.0 1.0 1.0 1.0 1.0 1.0 1.0 1.0 1.0 1.0 1.0 1.0 1.0 1.0 1.0 1.0 1.0 1.0 1.0 1.0 1.0 1.0 1.0 1.0 1.0 1.0 1.0 1.0 1.0 1.0 1.0 1.0 1.0 1.0 1.0 1.0 1.0 1.0 1.0 1.0 1.0 1.0 1.0 1.0 1.0 1.0 1.0 1.0 1.0 1.0 1.0 1.0 1.0 1.0 1.0 1.0 1.0 1.0 1.0 1.0 1.0 1.0 1.0 1.0 1.0 1.0 1.0 1.0 1.0 1.0 1.0 1.0 1.0 1.0 1.0 1.0 1.0 1.0 1.0 1.0 1.0 1.0 1.0 1.0 1.0 0.0 1.0 1.0 1.0 1.0 
1.0 1.0 1.0 1.0 1.0 1.0 1.0 1.0 1.0 1.0 1.0 1.0 1.0 1.0 1.0 1.0 1.0 1.0 1.0 1.0 1.0 1.0 1.0 1.0 1.0 1.0 1.0 1.0 1.0 1.0 1.0 1.0 1.0 1.0 1.0 1.0 1.0 1.0 1.0 1.0 1.0 1.0 1.0 1.0 1.0 1.0 1.0 1.0 1.0 1.0 1.0 1.0 1.0 1.0 1.0 1.0 1.0 1.0 1.0 1.0 1.0 1.0 1.0 1.0 1.0 1.0 1.0 1.0 1.0 1.0 1.0 1.0 1.0 1.0 1.0 1.0 1.0 1.0 1.0 1.0 1.0 1.0 1.0 1.0 1.0 1.0 1.0 1.0 1.0 1.0 1.0 1.0 1.0 1.0 1.0 1.0 1.0 1.0 1.0 1.0 1.0 1.0 1.0 1.0 1.0 1.0 1.0 1.0 1.0 1.0 1.0 1.0 1.0 1.0 1.0 1.0 1.0 1.0 1.0 1.0 1.0 1.0 1.0 1.0 0.0 1.0 1.0 1.0 
1.0 1.0 1.0 1.0 1.0 1.0 1.0 1.0 1.0 1.0 1.0 1.0 1.0 1.0 1.0 1.0 1.0 1.0 1.0 1.0 1.0 1.0 1.0 1.0 1.0 1.0 1.0 1.0 1.0 1.0 1.0 1.0 1.0 1.0 1.0 1.0 1.0 1.0 1.0 1.0 1.0 1.0 1.0 1.0 1.0 1.0 1.0 1.0 1.0 1.0 1.0 1.0 1.0 1.0 1.0 1.0 1.0 1.0 1.0 1.0 1.0 1.0 1.0 1.0 1.0 1.0 1.0 1.0 1.0 1.0 1.0 1.0 1.0 1.0 1.0 1.0 1.0 1.0 1.0 1.0 1.0 1.0 1.0 1.0 1.0 1.0 1.0 1.0 1.0 1.0 1.0 1.0 1.0 1.0 1.0 1.0 1.0 1.0 1.0 1.0 1.0 1.0 1.0 1.0 1.0 1.0 1.0 1.0 1.0 1.0 1.0 1.0 1.0 1.0 1.0 1.0 1.0 1.0 1.0 1.0 1.0 1.0 1.0 1.0 1.0 0.0 1.0 1.0 
1.0 1.0 1.0 1.0 1.0 1.0 1.0 1.0 1.0 1.0 1.0 1.0 1.0 1.0 1.0 1.0 1.0 1.0 1.0 1.0 1.0 1.0 1.0 1.0 1.0 1.0 1.0 1.0 1.0 1.0 1.0 1.0 1.0 1.0 1.0 1.0 1.0 1.0 1.0 1.0 1.0 1.0 1.0 1.0 1.0 1.0 1.0 1.0 1.0 1.0 1.0 1.0 1.0 1.0 1.0 1.0 1.0 1.0 1.0 1.0 1.0 1.0 1.0 1.0 1.0 1.0 1.0 1.0 1.0 1.0 1.0 1.0 1.0 1.0 1.0 1.0 1.0 1.0 1.0 1.0 1.0 1.0 1.0 1.0 1.0 1.0 1.0 1.0 1.0 1.0 1.0 1.0 1.0 1.0 1.0 1.0 1.0 1.0 1.0 1.0 1.0 1.0 1.0 1.0 1.0 1.0 1.0 1.0 1.0 1.0 1.0 1.0 1.0 1.0 1.0 1.0 1.0 1.0 1.0 1.0 1.0 1.0 1.0 1.0 1.0 1.0 0.0 1.0 
1.0 1.0 1.0 1.0 1.0 1.0 1.0 1.0 1.0 1.0 1.0 1.0 1.0 1.0 1.0 1.0 1.0 1.0 1.0 1.0 1.0 1.0 1.0 1.0 1.0 1.0 1.0 1.0 1.0 1.0 1.0 1.0 1.0 1.0 1.0 1.0 1.0 1.0 1.0 1.0 1.0 1.0 1.0 1.0 1.0 1.0 1.0 1.0 1.0 1.0 1.0 1.0 1.0 1.0 1.0 1.0 1.0 1.0 1.0 1.0 1.0 1.0 1.0 1.0 1.0 1.0 1.0 1.0 1.0 1.0 1.0 1.0 1.0 1.0 1.0 1.0 1.0 1.0 1.0 1.0 1.0 1.0 1.0 1.0 1.0 1.0 1.0 1.0 1.0 1.0 1.0 1.0 1.0 1.0 1.0 1.0 1.0 1.0 1.0 1.0 1.0 1.0 1.0 1.0 1.0 1.0 1.0 1.0 1.0 1.0 1.0 1.0 1.0 1.0 1.0 1.0 1.0 1.0 1.0 1.0 1.0 1.0 1.0 1.0 1.0 1.0 1.0 0.0 