128
6 71 3 62 64 54 50 2 87 52 23 64 39 3 6 25 90 34 8 22 99 54 18 14 92 18 79 96 49 18 16 26 50 27 36 97 62 21 10 1 57 63 57 100 35 43 37 56 5 56 22 61 47 79 9 76 24 94 18 86 28 51 57 28 3 39 24 45 4 80 84 16 73 38 26 100 100 49 35 91 11 58 20 24 80 44 56 19 88 37 9 89 47 98 91 46 85 36 88 16 72 63 69 50 92 41 15 71 62 8 100 71 74 71 30 89 37 86 83 51 13 30 51 99 37 73 6 13 
57 97 51 66 9 50 81 55 37 88 22 10 88 29 87 2 69 74 35 90 48 4 93 79 35 30 25 61 20 33 82 5 89 44 68 20 38 61 92 49 37 15 21 74 63 7 35 66 6 99 57 10 22 84 78 75 55 54 82 98 23 93 34 89 22 42 29 3 48 16 76 8 85 61 48 99 67 65 7 55 89 76 33 15 30 69 16 88 100 86 42 18 7 95 62 71 23 8 50 43 31 44 47 80 18 68 32 5 68 92 31 30 39 10 91 52 18 39 37 58 87 99 8 10 92 13 46 7 
49 61 13 77 11 75 26 42 76 4 39 61 40 40 74 59 98 84 26 42 46 59 22 33 21 63 13 21 54 84 64 5 83 26 25 17 9 19 27 77 74 23 80 18 51 74 62 93 50 50 37 56 74 31 31 38 32 80 20 69 94 64 33 83 81 5 25 13 40 25 99 22 15 17 55 80 32 72 15 44 79 70 29 63 76 73 92 53 40 4 5 4 61 88 96 69 50 58 59 77 77 19 76 57 100 9 37 50 82 80 52 12 83 41 46 25 88 11 60 99 53 48 71 71 78 48 55 43 
21 17 100 54 33 64 73 26 11 13 49 21 57 85 90 64 42 96 76 24 19 64 18 63 31 77 85 11 56 63 41 67 84 80 2 55 51 83 82 15 36 88 53 41 76 75 89 10 60 84 96 78 91 87 40 82 2 94 34 32 85 87 74 13 82 32 55 57 68 51 68 92 63 57 19 62 14 9 97 10 36 67 55 1 69 88 65 1 59 100 81 15 12 42 33 74 45 44 43 45 84 90 56 75 59 56 27 37 19 50 26 67 28 75 12 64 15 47 79 7 30 87 46 76 39 33 21 47 
100 10 10 7 8 40 2 56 35 14 39 83 49 35 31 74 62 99 51 4 16 89 93 62 82 67 32 62 44 74 69 100 42 82 94 27 76 23 94 51 71 3 56 89 14 19 37 85 80 53 73 54 23 78 45 98 98 27 58 49 36 79 94 54 80 46 97 1 42 83 30 50 85 83 95 25 97 34 74 85 48 72 93 6 56 87 65 51 92 20 24 71 21 59 72 29 87 19 4 84 5 20 10 77 55 75 88 49 69 77 38 94 81 59 95 11 9 80 43 55 25 57 83 83 72 18 30 83 
6 79 10 74 63 42 91 20 38 40 22 51 21 60 98 6 26 94 43 45 64 78 79 23 37 25 52 4 54 50 29 38 100 27 5 88 13 99 30 11 91 54 38 77 15 52 47 95 86 35 85 42 19 29 51 24 92 97 81 32 98 26 29 99 49 97 72 76 10 18 44 50 18 42 67 99 2 54 26 3 52 43 59 1 88 11 37 2 58 70 75 34 90 90 51 22 90 86 7 81 32 67 31 83 31 8 59 6 27 14 20 85 16 75 13 88 63 45 2 64 12 27 43 51 8 8 53 10 
62 24 52 17 5 20 63 46 38 76 12 46 90 79 26 44 64 33 88 37 32 70 57 95 19 86 92 5 71 23 72 94 8 74 27 82 47 26 39 30 82 42 51 10 41 93 26 79 68 10 27 14 5 1 49 64 69 10 43 49 74 34 69 58 80 53 11 74 14 82 96 94 64 72 96 10 71 12 97 59 39 80 68 60 19 77 29 16 5 7 97 2 22 70 98 46 8 83 56 81 3 26 67 1 32 3 20 26 95 75 64 82 87 19 62 59 38 14 77 90 11 26 1 23 33 2 94 48 
36 99 5 13 55 90 99 66 88 70 93 11 18 79 26 42 40 43 61 31 11 31 97 41 85 40 6 14 98 43 90 58 64 94 48 86 9 39 65 17 17 80 78 84 58 44 12 71 61 32 14 32 77 35 32 2 50 84 93 9 52 33 49 79 45 81 95 87 37 58 65 70 4 70 69 87 17 96 8 77 33 57 50 58 31 92 92 11 53 38 54 71 96 19 77 5 100 23 22 68 61 89 14 12 31 37 38 73 5 74 62 4 50 73 3 28 1 94 76 94 66 94 15 23 47 29 13 52 
65 56 88 20 100 51 81 75 32 16 52 92 52 63 76 89 80 52 50 100 77 72 48 57 14 16 46 64 1 96 25 82 56 47 49 73 22 87 78 88 18 50 64 87 58 41 52 63 44 98 78 82 36 17 61 3 5 92 86 97 78 24 29 18 29 65 91 92 51 9 36 4 87 86 17 82 43 56 81 11 60 89 89 63 78 51 21 1 76 45 61 32 9 23 60 100 70 90 29 96 68 14 95 37 80 21 99 14 76 19 79 49 32 26 10 96 68 19 90 65 49 49 14 23 80 68 76 45 
84 43 74 93 26 83 51 62 63 40 72 88 67 28 50 10 5 69 29 16 17 47 78 66 54 1 40 84 75 24 94 13 63 83 38 73 94 45 28 70 78 9 93 94 98 3 5 78 95 38 26 74 65 83 48 75 5 39 86 84 56 37 67 74 77 79 49 93 52 83 7 84 54 49 70 28 99 39 83 22 65 59 61 84 75 86 92 90 82 39 95 76 5 75 37 68 83 3 7 79 26 16 23 50 22 91 55 82 42 35 94 21 40 70 86 58 7 78 42 41 34 14 57 58 46 79 35 94 
52 26 74 47 86 87 57 48 76 54 47 51 78 33 94 92 26 39 76 61 51 67 33 36 31 11 68 14 52 8 29 38 1 63 99 2 47 90 34 53 97 65 97 35 93 42 33 89 28 59 50 98 12 78 49 70 86 22 28 75 63 44 73 17 26 71 2 86 88 58 87 6 78 79 37 84 81 43 52 94 16 35 6 38 53 56 91 80 64 95 89 28 21 21 48 3 15 70 75 69 100 44 99 8 62 19 87 93 20 8 31 70 1 58 74 27 82 41 40 5 98 81 7 8 78 21 46 6 
50 25 46 26 53 74 60 8 12 23 25 26 66 89 97 64 41 46 61 65 78 62 35 50 29 20 50 98 43 37 85 78 41 15 87 32 64 41 80 59 67 30 81 15 72 34 16 92 71 60 34 71 23 22 81 84 4 96 47 27 55 41 33 76 60 35 22 6 42 73 79 75 46 8 100 89 74 52 33 48 71 83 85 31 72 87 53 88 47 57 92 45 37 26 14 93 92 7 92 87 93 96 95 74 72 25 100 56 49 64 88 4 59 72 80 41 97 81 37 56 94 93 85 25 81 66 61 28 
36 65 87 1 25 80 22 39 97 22 7 51 51 35 71 63 92 39 69 44 72 37 89 11 77 61 4 19 48 10 31 57 75 80 74 88 85 20 82 86 58 58 37 24 74 62 22 41 35 26 43 40 66 6 38 81 55 74 2 80 11 18 52 65 34 41 20 26 24 58 75 60 43 77 49 84 49 29 44 35 22 68 39 12 40 25 10 17 51 90 56 31 31 42 32 25 63 65 14 22 51 12 62 78 49 6 3 69 88 72 33 9 85 6 79 9 85 41 21 67 93 76 46 36 52 3 99 37 
4 40 27 65 73 58 81 69 41 31 57 55 86 30 10 2 22 23 41 69 48 26 9 14 89 98 40 90 69 26 65 42 67 24 39 9 9 90 32 57 29 62 41 78 12 9 17 74 26 32 77 71 7 24 23 17 39 9 51 4 12 25 4 60 38 43 84 87 21 6 16 92 24 84 97 48 12 64 80 8 92 74 40 91 88 47 45 95 74 41 12 79 2 22 81 28 34 79 48 47 12 84 39 82 23 61 88 45 38 86 88 30 84 36 42 94 61 95 80 98 41 48 42 86 90 92 76 71 
62 63 24 86 29 85 71 78 92 97 61 100 23 62 97 46 96 17 66 82 79 85 80 59 55 50 75 83 42 61 70 54 79 100 95 100 58 62 65 85 28 61 35 7 63 52 9 13 22 73 71 37 84 14 64 4 9 52 88 94 51 87 61 60 82 79 43 40 22 51 38 34 53 42 100 20 76 53 93 97 12 70 37 62 38 10 31 94 72 52 47 38 5 78 20 51 16 13 33 61 36 68 42 61 39 46 49 61 9 29 48 83 49 88 57 26 4 66 75 86 38 52 5 4 63 75 82 45 
9 6 40 19 1 77 26 48 58 54 41 76 60 24 44 45 55 26 16 33 94 18 67 33 30 34 21 77 68 36 36 60 76 12 58 45 36 81 15 25 57 96 11 83 91 68 77 66 17 94 62 44 46 85 39 99 55 15 83 68 93 99 23 97 57 93 92 28 78 71 50 1 68 98 61 65 80 14 71 69 37 63 79 37 100 5 37 83 91 51 35 99 13 15 28 49 85 15 8 9 16 16 100 26 71 68 63 72 68 26 37 27 43 77 9 91 70 87 20 82 83 50 36 36 96 37 48 22 
61 64 71 34 38 57 100 20 92 27 15 56 84 54 29 92 37 7 97 12 100 100 21 13 57 88 62 40 60 39 54 73 93 72 65 94 19 65 19 59 76 80 43 30 1 13 39 14 24 91 88 38 17 74 24 68 78 4 81 4 62 94 40 4 81 41 54 39 85 53 62 1 64 92 40 70 78 7 89 80 25 40 42 98 24 57 76 36 17 39 5 1 65 77 16 59 75 33 5 95 90 67 92 4 81 40 1 17 53 94 20 36 75 32 88 78 45 53 82 52 70 90 14 38 53 15 64 19 
79 56 83 8 97 29 1 96 16 26 47 73 49 70 14 85 56 66 44 25 37 66 55 24 93 78 23 90 75 50 48 65 12 39 15 4 74 74 82 96 98 26 48 58 91 83 40 69 24 11 90 63 66 28 72 70 45 54 17 70 69 36 16 42 35 54 41 43 17 75 87 1 64 37 94 49 82 59 90 6 67 8 78 52 25 91 83 42 70 28 99 67 53 43 56 37 55 99 73 34 53 16 31 5 24 30 42 62 22 97 59 38 72 68 42 64 78 72 39 98 86 41 74 17 65 5 5 97 
7 35 81 48 9 44 15 61 88 34 37 42 98 29 32 27 44 94 21 10 54 11 86 24 85 83 38 13 24 34 39 77 25 74 11 35 36 93 75 42 98 39 30 5 63 33 26 41 75 75 14 85 69 53 63 67 65 2 20 72 86 1 9 13 26 8 76 6 19 80 50 44 68 78 48 63 50 45 68 84 31 92 18 63 41 43 93 13 91 26 80 11 42 32 21 85 36 31 93 46 11 17 8 2 10 35 79 98 100 52 41 42 11 27 66 79 49 42 23 30 18 24 4 73 42 4 52 54 
2 8 88 94 85 87 62 37 26 29 77 66 21 97 12 70 9 81 95 74 54 53 57 87 69 28 30 67 58 26 1 4 87 74 95 70 35 33 66 7 52 8 22 98 63 54 48 16 36 1 91 42 21 29 64 99 24 43 37 86 46 15 35 70 88 84 89 78 61 86 80 8 46 72 3 98 42 8 40 53 9 83 97 67 93 43 98 38 20 12 5 97 97 37 96 52 67 25 81 69 64 55 44 3 95 65 78 19 37 77 1 43 7 27 93 41 77 59 77 34 50 41 88 1 97 88 52 71 
75 66 96 50 46 20 68 11 41 93 1 72 64 55 97 27 30 70 17 44 79 59 70 64 87 12 28 86 22 28 93 9 13 6 60 6 83 44 33 27 32 87 21 81 10 49 53 97 15 1 65 26 55 57 90 32 91 82 95 65 95 50 47 69 46 46 29 24 79 49 96 22 66 60 87 5 76 10 21 31 1 47 74 8 86 29 57 21 21 75 66 32 19 83 86 99 56 97 17 11 92 17 14 47 60 69 30 16 10 97 8 34 59 29 67 10 70 27 6 60 29 12 2 85 1 46 12 8 
5 34 68 90 70 80 3 33 27 50 76 73 78 12 97 10 68 87 68 3 89 97 82 23 32 10 98 22 74 62 71 99 87 3 96 80 92 71 64 66 88 87 43 37 37 69 73 92 27 20 15 13 79 63 10 59 82 71 96 74 83 34 62 10 63 34 31 80 9 90 53 56 73 54 55 74 98 77 20 18 43 56 31 67 70 22 73 15 90 76 39 83 70 30 31 62 97 42 23 73 50 78 95 90 6 95 27 35 73 10 98 75 71 97 100 2 19 33 5 46 6 78 56 51 14 4 2 74 
13 1 100 49 38 3 98 38 82 48 8 92 39 56 51 15 3 63 61 25 3 85 75 18 83 2 48 92 83 15 43 68 91 37 28 11 90 76 17 45 54 27 65 79 4 47 35 3 31 20 47 60 99 35 27 10 44 82 43 42 100 46 1 20 8 11 41 69 47 25 12 78 38 89 58 41 84 24 32 29 69 71 25 1 5 28 4 33 23 34 100 84 40 53 93 80 51 20 45 32 85 81 44 93 43 18 45 40 86 52 25 4 20 14 46 46 81 64 46 15 44 49 96 37 26 30 43 74 
52 82 64 37 99 93 16 50 17 62 72 31 85 54 40 40 52 34 13 63 17 1 85 93 91 2 55 99 49 96 35 75 86 33 63 30 98 71 48 56 19 21 7 40 89 59 62 16 6 64 95 83 15 49 16 53 3 8 59 7 4 44 61 78 13 35 32 46 99 1 93 54 48 61 49 35 67 58 19 7 71 65 94 59 52 76 56 65 35 50 6 50 10 14 30 87 13 44 100 50 87 43 72 64 52 69 49 89 38 24 99 76 24 3 63 92 93 42 35 35 66 4 15 85 61 99 96 8 
8 32 95 69 13 99 26 48 60 70 67 12 84 100 48 73 40 82 27 80 48 17 74 11 50 34 85 36 85 18 57 60 34 6 50 36 2 27 79 68 5 82 76 12 8 50 82 69 29 28 56 76 41 4 56 85 18 12 1 72 96 11 63 15 48 56 90 70 22 69 79 14 65 22 68 91 11 14 98 6 83 11 62 31 8 97 36 83 40 45 2 49 64 52 86 1 56 51 35 28 10 57 44 92 65 34 42 15 58 22 85 3 76 83 83 85 37 84 2 43 82 9 1 39 11 62 48 20 
60 16 87 46 68 94 95 58 88 32 6 91 98 69 60 17 71 54 3 60 90 7 80 99 72 16 38 11 69 10 70 8 59 35 11 54 8 85 3 59 79 24 17 58 1 83 43 90 40 27 66 43 1 94 92 66 9 20 86 52 52 93 49 38 67 63 25 81 76 7 14 92 56 37 4 29 87 100 94 73 94 6 39 51 47 33 6 47 4 30 37 19 95 30 3 78 60 33 54 93 82 43 94 68 46 67 63 13 18 74 11 88 64 19 20 33 51 70 65 15 100 74 9 72 22 94 60 55 
68 45 90 69 70 73 69 52 5 22 32 59 14 32 53 73 45 4 99 100 37 27 17 2 60 7 77 8 8 80 44 21 47 51 76 53 54 61 50 93 56 8 28 62 2 23 81 97 6 17 98 78 2 92 2 89 35 8 57 15 95 18 45 13 87 43 15 15 65 23 13 85 35 4 83 25 74 12 71 87 53 66 36 85 81 53 6 30 14 67 28 74 98 69 38 24 57 40 37 67 34 39 61 12 58 15 91 82 65 84 28 57 25 84 60 19 5 14 59 48 99 44 59 74 26 10 56 62 
8 17 37 13 31 53 63 70 10 6 6 23 60 5 71 12 61 29 75 65 45 73 60 34 30 81 75 4 83 74 11 57 51 82 22 44 67 16 42 6 56 76 97 72 23 40 26 31 38 90 20 56 77 58 97 56 87 74 41 26 69 52 25 70 2 85 63 77 20 23 39 5 26 44 88 80 97 60 90 30 74 3 86 60 62 19 25 33 55 56 3 31 18 4 96 37 34 48 55 66 38 24 75 46 30 78 79 96 62 10 30 92 44 9 27 14 99 63 62 10 100 47 40 32 79 28 58 92 
88 21 24 46 54 53 65 87 4 46 90 57 52 82 73 22 24 33 25 84 78 20 89 82 21 57 49 52 34 10 40 93 46 70 71 50 79 70 83 32 60 49 13 35 42 78 51 74 23 74 32 21 46 97 38 99 95 90 88 24 74 29 62 98 52 31 56 15 73 63 34 28 26 90 8 31 34 60 20 81 32 16 89 77 33 68 4 64 57 9 15 42 51 81 82 40 13 49 65 44 15 50 84 9 18 8 84 31 76 64 81 39 58 62 58 12 11 25 81 66 38 60 93 27 53 11 77 49 
45 38 75 55 9 77 86 38 27 46 59 9 93 23 20 6 6 92 22 9 15 83 20 25 64 85 88 90 78 6 14 11 32 97 21 46 8 96 3 54 76 35 33 84 55 58 61 82 51 98 20 82 35 13 74 61 22 98 48 20 19 62 22 6 59 53 70 70 48 30 11 13 34 26 4 35 50 42 6 75 2 12 60 85 44 60 82 95 52 100 37 16 44 88 79 77 93 6 54 9 80 60 22 95 91 25 68 11 59 23 37 32 44 88 32 1 51 14 96 52 45 57 23 71 34 13 54 90 
67 30 4 59 60 51 37 60 29 16 39 20 89 45 99 69 26 20 76 83 68 86 79 54 25 74 77 17 79 83 7 38 96 94 1 24 65 4 49 75 13 4 95 50 50 61 26 67 14 71 29 45 92 12 51 60 24 72 45 31 76 18 59 50 83 47 87 54 49 1 77 42 64 36 42 21 34 3 36 56 50 68 91 75 29 93 2 77 62 38 12 65 94 25 24 79 74 25 97 30 81 61 44 47 36 12 23 86 65 49 78 99 38 51 76 48 29 92 46 55 60 53 94 62 94 95 42 92 
19 7 98 27 22 79 72 19 84 54 66 81 79 7 73 96 87 91 25 82 1 46 62 11 93 57 4 58 58 3 86 32 6 19 93 43 66 37 2 65 50 54 32 58 72 97 44 70 41 41 12 15 65 63 28 41 24 34 37 69 56 15 98 67 45 48 39 83 44 20 30 19 75 8 85 96 3 10 15 66 58 79 17 97 49 53 80 18 28 47 91 10 8 90 80 99 41 40 1 10 12 96 29 65 9 32 80 89 46 25 72 23 84 47 16 59 48 24 22 42 50 80 28 48 12 1 32 34 
47 74 66 6 81 68 57 91 38 43 17 2 78 22 29 89 100 62 77 49 89 9 80 71 13 95 20 38 9 98 62 70 46 57 38 89 48 86 47 69 27 76 98 64 15 58 37 98 80 54 46 56 7 86 50 70 94 95 38 42 13 35 64 7 18 90 32 58 97 27 24 19 26 16 90 45 33 51 3 72 74 56 95 75 49 53 37 23 38 2 34 10 61 72 71 77 92 76 75 70 12 8 77 1 70 76 28 87 64 4 15 14 86 12 86 23 33 16 49 46 44 68 37 58 15 85 89 73 
20 5 36 3 48 4 40 86 7 5 2 68 37 1 93 39 37 26 33 39 45 75 63 78 93 79 9 70 3 93 77 86 2 19 72 45 85 34 70 39 38 86 9 3 18 6 6 76 8 90 79 61 63 78 95 38 61 91 15 59 1 19 79 8 29 50 21 59 47 79 60 30 19 25 94 28 79 63 96 78 86 85 7 2 59 97 37 27 35 69 22 2 27 40 64 54 59 88 13 34 55 39 32 38 31 19 11 5 91 30 57 65 58 67 8 59 23 47 99 91 90 39 93 89 61 87 10 17 
88 78 54 54 64 53 16 1 74 13 6 41 47 46 79 74 96 60 19 49 19 96 45 30 29 98 2 55 6 12 35 37 36 73 80 50 26 5 1 96 68 97 68 16 1 50 24 20 7 26 62 84 72 61 90 27 44 1 56 60 70 58 35 87 5 71 90 39 76 85 69 80 33 20 41 38 94 51 20 72 39 19 48 88 53 26 83 45 28 3 31 90 82 41 8 74 10 28 67 67 43 28 42 29 32 61 21 4 69 92 30 67 6 96 69 48 4 7 55 89 90 73 38 3 99 81 81 73 
21 1 94 14 69 59 100 64 35 47 12 91 58 76 62 64 51 29 5 32 89 97 14 13 100 38 42 68 24 28 18 33 71 33 40 94 25 89 58 11 14 14 54 63 98 12 11 76 32 98 57 80 90 7 90 9 1 43 83 34 26 94 57 20 98 68 8 97 98 96 40 100 78 59 6 42 89 35 40 95 13 94 86 79 31 51 1 71 48 33 49 58 19 37 52 87 12 63 38 65 77 40 69 7 7 53 64 11 94 70 66 71 26 39 34 59 73 63 93 59 43 7 79 8 34 6 41 19 
26 57 62 44 78 99 68 7 54 23 27 20 63 7 63 18 60 36 64 62 28 17 75 96 15 49 55 50 65 100 68 30 30 52 49 52 6 88 25 77 48 78 42 52 46 97 26 86 96 73 10 35 84 56 88 57 55 12 89 60 29 18 85 84 27 87 20 92 97 100 32 16 91 8 13 43 94 84 43 58 26 62 68 3 5 31 95 80 40 1 86 30 22 99 91 86 14 5 2 87 28 8 32 46 10 79 25 29 13 60 82 94 40 49 99 88 7 97 42 63 45 13 62 29 27 56 17 30 
1 63 74 36 10 32 26 71 82 11 76 55 75 86 28 73 15 85 10 13 53 92 67 78 46 47 73 42 80 38 45 36 36 81 70 43 84 54 43 18 100 28 98 73 30 100 24 9 61 30 40 36 56 1 63 76 76 36 43 61 8 2 77 93 90 22 82 63 4 37 71 15 57 57 76 55 66 68 13 29 85 100 65 50 93 5 67 45 66 68 89 96 6 84 56 8 47 89 49 53 25 67 78 24 94 28 10 21 61 63 4 34 2 62 11 33 86 19 37 49 16 71 23 53 76 40 96 48 
2 38 26 32 86 98 62 98 17 43 4 85 93 46 70 68 70 41 63 13 72 57 61 43 38 30 67 18 86 64 32 34 54 79 79 6 19 69 9 19 37 92 62 20 51 67 19 22 45 16 35 90 12 71 31 82 71 39 56 57 66 47 55 72 26 54 31 47 75 8 24 48 84 56 14 25 32 93 26 8 49 7 68 10 64 80 13 94 29 80 88 53 6 9 78 80 76 50 43 42 17 50 86 12 49 18 84 12 84 87 55 67 33 80 97 3 13 9 27 88 13 71 28 25 88 90 44 92 
99 97 43 51 53 89 64 52 85 15 51 90 44 77 39 38 15 20 87 20 35 21 61 84 56 13 82 5 38 24 13 7 74 97 29 63 28 89 55 13 99 80 99 71 72 28 34 41 8 26 7 38 14 71 9 62 53 14 28 64 7 53 29 33 10 2 57 98 45 64 83 93 54 71 55 54 5 27 22 34 86 78 8 96 97 58 27 94 13 24 72 95 45 77 49 38 70 17 14 45 63 48 21 90 83 82 57 37 83 83 47 36 9 77 8 18 98 68 59 7 61 30 52 24 87 52 54 43 
64 17 74 95 60 12 36 30 60 69 49 30 40 21 53 14 53 4 74 99 95 1 22 14 45 97 88 28 84 87 44 77 20 67 8 9 35 23 62 30 53 17 89 89 64 100 1 35 4 39 57 5 14 11 37 52 2 30 72 57 44 82 4 45 48 82 71 50 30 85 67 36 18 50 24 38 73 15 90 23 55 58 16 56 71 66 6 56 55 13 11 72 92 84 72 12 71 8 89 89 49 98 2 92 56 60 72 63 24 88 47 54 51 44 61 55 4 85 51 68 23 3 25 85 10 28 14 71 
88 3 91 43 89 81 57 10 25 19 47 38 41 22 91 39 46 68 86 49 100 23 84 21 86 1 80 9 18 86 59 67 68 87 37 59 77 62 67 61 85 66 69 73 42 52 90 86 40 37 55 24 88 20 10 77 35 77 29 74 66 82 53 65 88 23 64 59 12 10 67 77 10 85 27 42 98 27 69 58 61 28 63 7 72 9 36 86 83 74 11 75 76 77 20 68 36 18 39 85 45 2 17 80 42 74 29 76 5 37 22 71 11 10 94 10 96 2 97 85 82 30 11 11 50 15 68 30 
41 35 52 9 45 63 13 4 99 43 22 20 31 83 22 63 72 51 17 58 99 89 86 99 7 23 83 77 2 22 100 49 8 29 11 12 68 22 22 49 65 8 52 4 69 81 99 3 61 34 33 2 28 24 26 64 93 44 85 19 38 74 82 57 47 2 40 81 65 50 67 7 93 59 53 13 97 43 37 75 79 71 97 5 65 38 32 52 86 17 49 79 15 26 54 27 17 34 17 75 68 86 56 33 44 70 62 13 63 42 48 63 62 83 79 3 71 96 40 87 10 59 79 43 31 59 71 26 
26 15 55 24 78 40 85 27 35 54 98 55 23 53 52 48 56 50 45 1 13 50 58 100 21 24 74 74 96 18 10 96 92 74 87 1 64 78 18 11 46 76 56 97 19 8 62 17 67 88 80 87 1 64 54 40 25 45 66 36 16 48 75 6 9 47 74 63 5 21 57 96 39 31 39 38 26 43 18 60 39 33 52 96 25 52 44 20 14 73 99 74 89 42 89 14 31 62 26 79 83 46 14 50 9 67 80 74 31 98 39 20 2 67 83 3 52 3 31 68 5 26 58 71 82 45 43 85 
80 100 92 49 100 100 58 39 5 28 61 69 19 85 39 10 27 16 28 20 63 47 43 52 78 64 49 59 28 39 51 71 19 26 12 23 8 30 48 96 88 99 100 86 33 58 68 22 77 64 12 86 46 63 51 17 32 15 57 22 10 70 54 83 43 96 68 58 41 20 66 35 39 78 95 8 22 51 85 34 15 74 75 87 88 27 20 66 10 68 38 32 22 44 17 56 59 65 53 16 25 100 8 56 4 47 83 28 63 70 77 63 98 71 16 41 78 63 16 96 16 77 15 18 77 14 42 55 
64 33 63 3 12 36 39 29 83 2 42 67 83 13 34 42 60 43 93 23 14 37 16 10 3 1 46 85 55 59 58 77 10 5 90 31 8 57 86 44 15 2 20 99 96 26 36 86 77 87 74 70 63 24 41 59 39 56 19 67 41 80 57 58 91 94 99 2 21 31 72 73 60 50 61 5 67 93 14 9 9 99 80 42 34 86 19 71 55 36 93 67 31 3 12 19 60 39 13 80 47 81 51 59 60 38 49 18 32 39 81 28 95 99 91 27 21 43 23 10 12 66 20 47 54 27 62 93 
42 81 82 86 4 92 44 28 25 62 37 39 56 11 35 98 18 58 96 66 42 90 99 13 58 49 10 45 55 94 20 27 31 38 47 42 34 82 43 12 5 46 96 98 48 71 86 16 39 92 21 12 66 95 18 51 91 62 16 7 34 50 88 69 65 74 77 82 25 28 78 52 13 89 70 20 15 76 21 94 56 54 13 38 31 2 56 58 49 51 19 28 40 27 92 8 25 11 85 47 90 53 63 64 72 43 8 87 44 20 30 61 60 14 35 83 30 78 18 87 45 28 94 91 97 56 28 77 
75 50 28 18 10 27 44 91 23 4 89 68 90 12 14 18 44 21 83 36 57 57 29 53 33 30 75 3 84 35 24 91 42 7 72 54 77 74 17 9 84 22 43 80 4 91 91 68 85 96 65 8 4 82 48 52 28 36 79 6 71 99 52 66 26 29 47 31 47 19 40 12 2 28 47 49 93 13 35 20 69 30 63 81 52 68 87 7 40 69 52 48 80 84 9 28 83 3 19 18 46 5 53 100 5 58 58 69 3 20 23 99 31 11 72 18 78 22 61 79 93 93 36 67 10 72 90 76 
30 47 66 5 58 91 93 47 27 38 83 1 17 20 71 45 69 50 72 74 90 50 75 68 41 66 35 20 80 92 79 76 2 11 62 60 89 93 12 37 46 49 39 96 71 29 8 46 29 60 84 93 54 66 17 42 26 70 10 50 94 24 5 1 54 1 68 47 7 21 1 3 58 26 65 95 20 18 59 24 59 40 3 3 61 32 15 99 59 44 31 17 38 68 44 52 19 53 46 40 91 29 14 59 50 68 3 44 80 70 3 61 60 67 56 61 82 57 2 16 32 26 38 14 98 16 30 48 
79 3 51 57 28 92 47 86 22 34 84 50 81 9 44 56 15 7 37 74 34 21 31 94 83 83 51 72 13 94 21 61 68 11 45 29 73 26 10 71 31 10 78 28 27 43 76 99 45 47 23 34 89 23 56 24 96 69 70 2 8 5 44 92 45 41 100 74 20 85 4 59 27 67 18 12 82 15 55 77 35 88 28 21 51 49 59 92 50 18 71 81 71 21 3 20 29 40 24 34 65 51 56 90 37 24 90 30 68 9 5 7 56 95 3 80 6 82 49 1 81 42 37 65 71 59 61 25 
65 22 44 33 36 81 69 62 84 88 67 35 10 97 88 53 69 1 73 96 23 48 4 35 99 98 13 3 83 21 49 53 75 51 89 99 15 51 15 74 6 89 26 24 41 84 95 37 82 27 83 38 83 88 12 49 71 26 100 64 43 17 37 79 36 60 64 98 96 41 90 99 45 59 72 97 10 18 91 24 44 50 94 90 20 32 87 2 78 99 72 73 58 58 95 89 37 54 25 83 1 34 99 2 47 39 9 51 97 41 66 50 19 38 27 83 24 62 72 37 91 13 54 12 87 50 62 77 
60 52 44 76 1 80 64 68 94 20 97 31 49 98 65 68 75 9 45 59 40 42 92 44 10 72 50 12 83 47 35 83 25 94 57 86 50 36 16 84 32 46 82 9 36 43 53 21 83 31 37 54 78 5 20 90 68 53 78 63 64 47 99 50 96 24 97 72 61 67 89 56 18 41 74 44 45 13 99 86 32 91 75 18 64 72 86 65 79 81 32 28 54 12 42 53 27 88 86 26 12 95 28 24 90 7 76 85 38 18 14 87 51 80 28 97 9 31 70 74 35 81 53 44 25 58 6 36 
60 98 17 52 8 68 25 87 58 11 64 4 36 99 88 71 87 54 56 11 25 40 30 72 86 54 93 87 61 54 57 26 38 64 55 72 2 29 82 84 14 59 53 100 36 53 27 75 62 59 11 70 55 94 78 39 85 48 66 84 86 34 36 53 87 91 52 86 48 21 69 86 91 56 80 35 88 74 87 77 2 71 94 42 69 14 10 8 65 50 52 79 64 46 72 61 71 16 94 20 76 1 93 28 31 13 35 38 19 77 38 100 65 23 23 12 71 42 8 90 19 61 81 44 32 18 60 98 
32 2 84 40 50 26 84 27 46 8 50 32 11 78 51 77 18 32 96 50 56 96 6 16 2 40 33 86 10 78 22 35 35 3 86 71 74 81 81 72 2 72 67 10 28 97 8 42 72 31 99 55 84 39 19 61 15 96 27 72 38 71 26 41 57 98 12 36 44 81 80 51 4 23 67 92 35 6 66 25 1 91 77 52 80 31 62 15 32 4 97 89 86 45 50 76 96 43 28 98 75 24 24 42 10 84 23 5 96 17 48 23 91 74 5 25 18 63 46 41 24 39 3 40 63 10 78 90 
37 68 70 46 2 17 82 4 8 45 94 82 99 4 47 82 98 33 21 12 89 12 16 18 5 61 15 47 21 92 1 66 42 95 75 28 52 65 47 93 54 61 35 47 14 69 35 54 40 61 94 39 71 94 9 52 11 46 96 76 4 41 90 21 36 17 61 63 37 99 39 63 18 81 38 87 17 90 66 58 77 22 2 50 16 98 64 84 53 31 90 53 51 70 53 8 2 73 83 43 3 96 28 9 30 48 27 77 5 84 92 30 80 24 95 49 9 72 35 14 53 75 93 9 84 36 33 96 
79 75 21 26 75 17 44 60 17 94 58 38 4 80 56 62 96 17 91 64 50 15 74 62 15 94 3 12 58 32 28 81 25 15 84 51 53 22 32 47 62 99 70 61 30 38 27 30 70 38 12 37 1 86 61 50 28 33 76 82 90 56 32 64 44 84 9 23 5 59 56 81 73 71 54 44 52 19 91 56 70 1 79 37 25 81 99 5 49 10 93 75 28 33 37 62 80 61 73 48 40 90 55 60 90 15 82 42 99 41 40 20 76 62 54 57 8 30 39 90 83 85 11 62 10 19 70 90 
69 89 25 45 89 57 16 96 49 4 67 97 50 89 37 63 6 96 44 76 20 65 21 57 63 68 28 1 87 24 81 14 78 51 26 31 92 64 88 29 84 18 36 93 76 13 1 33 30 30 54 89 27 2 94 89 38 96 71 9 37 94 22 38 13 18 32 90 71 48 9 14 57 43 75 51 75 90 42 65 23 19 22 9 26 94 38 3 54 62 93 17 32 81 23 53 15 43 77 54 73 69 43 41 92 82 41 17 61 11 25 2 26 70 12 60 78 1 48 25 5 97 33 5 58 80 12 57 
27 88 15 7 38 100 60 83 13 40 99 40 33 18 69 32 5 62 85 74 47 17 63 94 72 2 64 49 45 24 57 67 26 59 94 90 37 26 90 28 31 76 63 64 36 46 48 54 72 67 90 82 6 91 91 63 30 90 49 62 14 48 49 21 36 57 84 86 57 59 56 32 68 76 63 84 43 43 29 88 67 17 83 88 59 11 80 25 31 92 72 60 18 40 85 37 84 83 40 63 35 46 79 63 20 39 36 23 36 32 62 83 21 98 38 65 1 77 28 75 78 55 45 11 24 1 13 34 
81 82 79 91 42 87 26 33 57 47 36 70 26 80 62 89 98 67 13 77 13 14 7 87 79 51 36 89 72 25 74 80 5 9 8 31 3 99 39 61 57 68 20 69 49 74 53 99 29 48 62 75 17 54 81 96 91 71 80 91 89 31 85 76 75 6 94 80 8 58 9 65 27 55 55 30 52 88 93 16 18 78 18 95 67 17 76 100 75 95 82 22 94 95 63 71 8 63 5 6 4 20 66 91 30 18 19 3 25 2 45 25 69 41 100 18 57 32 32 45 38 7 56 19 16 36 60 91 
66 45 48 33 94 61 87 48 45 99 14 21 93 75 59 26 27 41 68 80 69 34 19 91 93 22 67 93 51 46 7 2 31 10 22 76 98 19 90 38 100 8 42 83 27 95 39 85 38 54 92 76 57 26 11 3 88 93 62 94 28 17 24 77 68 35 64 58 27 30 62 95 53 18 88 49 57 48 33 4 11 51 51 86 7 52 7 74 29 42 95 51 77 79 65 35 79 28 11 81 81 100 73 3 29 5 90 15 80 63 88 17 72 15 98 16 30 12 49 41 98 43 89 21 13 11 80 50 
59 95 86 36 98 39 76 75 100 56 4 59 75 12 36 73 28 71 24 31 59 48 82 91 12 40 1 100 65 35 4 53 14 14 37 4 4 97 32 87 79 79 7 100 39 72 69 72 65 28 78 82 26 86 92 94 50 93 25 18 53 59 39 68 10 81 52 66 18 15 84 20 36 31 85 40 65 92 51 83 57 89 65 90 60 27 79 48 67 42 86 40 14 57 29 69 63 73 23 17 72 76 15 49 69 20 52 20 43 4 86 16 76 13 99 32 70 96 11 27 42 81 80 46 23 58 86 8 
52 60 58 19 63 74 78 17 10 18 86 63 83 14 69 77 57 12 79 100 4 88 96 86 90 12 91 80 100 95 37 97 36 58 96 71 31 90 42 51 27 32 77 43 68 95 30 46 86 19 71 99 51 71 40 13 12 70 51 60 8 69 86 80 30 22 33 8 32 89 15 6 65 41 17 47 59 12 53 14 48 82 57 71 73 10 48 58 58 19 28 11 3 94 63 84 100 76 8 4 65 55 54 28 15 71 76 5 89 84 63 30 31 3 29 78 60 33 32 43 27 75 75 41 90 10 77 43 
96 88 56 9 27 82 83 41 92 4 16 16 73 78 41 52 74 85 4 98 64 6 78 31 55 57 81 90 92 14 47 81 22 27 77 7 72 63 98 96 42 48 88 39 46 54 78 99 63 82 80 96 63 21 58 55 10 83 46 64 34 33 28 40 19 81 38 43 96 84 85 61 3 52 59 73 35 66 81 47 95 73 75 28 8 13 82 37 97 50 70 89 28 97 61 49 18 38 38 21 36 9 69 1 34 28 32 11 78 13 51 87 36 34 41 77 1 66 81 40 63 79 99 18 61 50 70 1 
30 70 80 39 60 98 85 29 88 12 52 93 73 24 14 23 11 8 32 10 38 89 97 78 6 44 39 76 44 68 54 38 17 13 25 11 14 32 52 99 64 97 54 33 31 4 70 38 15 71 7 81 54 79 67 89 81 77 97 73 50 34 12 56 73 17 69 60 10 71 60 10 4 99 84 88 92 59 22 85 5 63 4 27 33 48 84 5 16 89 39 20 95 87 98 15 93 75 35 91 82 5 84 72 18 5 55 6 89 72 25 50 62 80 32 51 45 94 93 8 61 4 12 70 94 57 56 92 
29 99 3 17 70 79 49 10 20 67 61 30 90 46 72 84 11 94 96 66 99 10 76 89 71 54 10 38 20 91 57 97 48 76 36 42 47 74 47 2 97 5 31 2 30 91 42 98 79 68 84 30 99 11 89 35 70 50 60 74 81 19 28 5 88 14 9 30 40 80 29 29 34 35 88 55 21 57 49 34 19 27 87 3 20 66 77 73 58 66 76 80 13 12 31 21 31 77 94 62 7 97 42 75 17 67 94 25 85 30 68 18 92 60 24 89 56 62 33 20 83 4 3 74 46 24 22 23 
7 35 27 57 3 37 64 9 54 9 70 77 79 47 24 65 31 73 79 74 33 49 80 11 34 87 28 44 38 7 76 83 31 70 34 43 11 88 91 77 20 24 74 42 35 40 11 49 66 59 81 11 99 70 59 44 58 78 98 21 86 71 1 88 29 60 91 66 50 16 96 94 27 7 43 7 21 36 74 24 42 81 77 29 97 56 53 44 93 53 92 97 92 94 58 16 81 4 44 52 96 17 35 16 38 72 7 41 38 18 51 42 92 79 67 66 90 60 36 22 29 58 91 8 76 47 61 93 
4 44 79 68 94 87 97 21 43 87 37 13 29 4 65 22 29 9 62 61 99 72 46 42 2 2 75 16 23 87 71 23 30 92 42 16 23 65 76 23 73 58 54 39 2 64 1 18 69 6 96 4 11 6 34 45 25 95 86 1 1 60 8 88 36 62 12 79 67 1 40 54 15 3 93 43 74 15 28 13 69 9 91 99 12 74 84 12 54 52 62 81 46 25 92 37 57 34 20 76 45 67 17 45 100 50 88 5 43 26 89 95 66 20 60 82 70 66 96 71 37 84 41 71 48 4 68 19 
92 56 52 73 79 16 29 5 58 12 48 97 24 79 18 48 59 57 27 40 65 64 77 61 2 15 46 72 13 79 28 87 51 62 58 85 61 20 95 84 34 51 90 94 51 97 16 68 57 37 17 100 70 46 42 81 97 81 73 77 18 48 24 11 21 60 41 65 30 72 3 85 7 24 97 38 52 6 39 23 41 27 51 82 23 6 58 82 37 100 44 6 84 18 77 38 49 45 43 68 39 11 60 25 3 21 42 19 10 56 41 4 44 49 77 10 47 16 13 15 49 24 81 23 77 47 54 69 
88 68 50 71 19 76 47 41 22 95 70 81 8 88 21 61 5 48 59 33 97 9 58 49 74 14 23 70 5 12 43 85 19 98 6 44 40 46 41 52 97 88 33 70 84 62 29 32 22 43 56 100 32 17 50 76 12 11 49 59 58 70 10 19 10 16 78 88 64 8 72 72 76 38 2 25 18 73 49 4 35 98 6 48 30 61 93 85 82 92 1 27 49 44 47 48 7 32 44 33 85 59 93 71 31 25 18 72 79 65 19 14 62 56 57 61 54 44 99 58 57 99 89 40 41 97 10 52 
24 50 99 45 62 63 27 95 20 6 36 13 99 93 55 77 70 23 29 88 74 28 2 64 74 57 64 100 5 16 33 47 40 97 63 46 82 95 94 11 84 23 98 5 86 29 62 67 83 81 5 22 36 65 7 4 5 78 21 30 53 3 71 65 40 7 75 22 67 90 49 83 11 89 79 10 57 64 25 50 53 72 85 27 7 82 2 65 21 70 19 15 46 45 1 16 100 72 38 28 56 71 79 72 37 53 70 34 64 97 34 65 48 58 41 17 45 83 80 40 19 5 100 1 58 99 12 53 
39 50 73 7 13 96 80 96 12 44 32 18 14 84 1 78 68 75 11 64 41 42 65 42 86 22 14 91 48 19 69 74 19 29 25 83 87 76 11 74 22 33 40 83 81 35 26 93 42 80 9 15 93 34 63 42 38 34 83 77 47 53 88 22 82 47 50 48 62 49 80 71 56 7 49 42 34 52 23 6 16 29 37 53 10 10 86 94 25 32 55 12 69 23 49 41 37 9 28 49 12 63 55 8 33 15 2 100 42 11 62 51 88 70 80 25 30 25 60 91 10 40 8 35 30 75 28 45 
34 8 13 4 39 86 6 41 9 46 70 90 76 63 57 85 44 8 51 28 46 57 81 91 74 10 70 57 23 59 37 2 40 36 43 6 98 23 67 67 34 16 66 97 38 33 62 40 43 4 76 62 30 45 7 4 1 8 56 90 75 5 3 96 18 59 59 32 15 81 53 33 94 49 78 78 16 71 10 11 75 71 75 37 73 35 47 70 18 100 73 33 71 46 62 33 29 4 47 49 24 73 64 32 78 26 9 63 58 20 32 42 1 5 88 75 35 60 8 49 93 20 34 67 69 76 19 2 
63 67 91 7 20 1 86 33 21 49 85 82 56 27 77 12 3 12 3 53 50 33 82 95 71 82 33 23 68 66 22 45 36 63 12 52 33 36 36 8 7 55 68 96 12 8 72 100 7 37 81 94 83 64 82 51 77 61 74 15 2 88 98 33 75 19 20 95 20 97 9 40 76 76 56 93 15 46 36 40 13 93 94 19 36 1 59 42 43 32 42 89 53 29 8 89 98 18 14 12 7 90 23 26 41 62 16 42 94 92 85 34 52 37 44 76 61 11 54 82 93 39 14 83 78 100 89 48 
47 82 87 39 80 87 69 4 57 26 14 90 62 1 51 33 52 52 43 83 76 30 45 37 50 56 74 20 85 65 89 64 90 83 51 53 20 97 75 8 97 62 30 78 36 36 25 61 88 49 58 62 68 25 79 32 29 96 62 54 58 24 15 15 84 73 67 73 56 48 35 46 14 60 16 86 60 79 10 2 33 83 58 44 11 36 99 37 7 17 30 56 67 62 12 11 92 44 6 24 29 13 1 28 41 86 65 14 37 91 68 63 79 77 37 14 80 49 80 25 18 33 95 32 61 65 11 28 
83 71 86 78 59 59 91 60 53 71 54 66 7 99 80 73 92 35 18 84 9 56 76 24 31 64 56 52 84 42 11 3 25 20 20 69 36 39 18 18 71 3 38 39 87 73 54 45 7 68 43 98 81 36 52 53 21 95 97 58 61 41 50 97 72 67 85 35 37 24 70 100 2 21 48 41 62 87 77 77 4 91 82 45 26 92 64 100 13 97 8 51 61 90 1 28 100 54 5 5 76 55 76 91 83 12 97 44 4 1 56 59 48 81 90 84 98 39 95 70 94 83 76 2 85 75 47 17 
11 73 46 44 62 4 47 95 91 5 77 8 83 91 79 10 44 63 79 60 12 19 30 51 4 92 77 80 41 94 94 96 97 31 39 39 16 51 29 99 82 26 35 16 65 37 53 19 93 41 5 2 56 22 72 99 83 95 2 4 48 24 6 26 67 84 36 42 47 19 56 92 30 85 45 50 15 18 44 3 33 34 89 90 74 67 80 92 14 32 85 66 94 16 83 78 23 79 46 6 37 8 58 87 71 63 2 82 49 68 3 44 92 5 91 16 91 40 95 22 51 25 68 10 27 50 75 68 
75 45 11 94 25 64 31 88 71 96 80 77 8 87 92 23 32 99 67 72 35 48 7 62 66 74 25 75 99 71 64 90 51 12 73 40 88 85 13 70 13 32 25 91 84 72 39 55 54 35 86 68 27 86 14 29 56 97 26 12 91 14 28 92 46 81 62 68 26 53 63 3 23 82 30 69 94 92 73 41 72 64 27 93 21 88 100 14 3 46 5 25 75 53 18 37 72 66 87 26 18 72 95 54 49 68 100 71 8 85 39 60 83 85 46 1 55 29 16 1 88 2 34 82 21 88 100 38 
32 31 35 60 24 92 44 82 36 73 12 66 95 23 63 57 10 81 77 80 30 2 54 29 16 83 57 1 17 71 84 95 50 17 37 42 21 61 99 43 25 23 6 1 74 6 99 16 15 3 70 33 80 89 6 71 39 87 30 55 90 6 18 21 77 30 33 75 60 21 12 50 82 14 66 72 48 92 10 4 96 45 99 11 89 47 72 76 37 27 19 41 25 31 78 21 17 32 76 75 77 69 35 70 59 83 38 81 16 96 78 71 86 6 29 28 2 28 91 91 40 62 18 80 98 12 47 91 
68 55 19 52 90 49 100 45 20 4 64 79 28 35 59 19 40 55 68 46 51 28 66 77 70 76 30 37 3 9 28 43 78 50 2 49 20 6 40 68 74 33 68 84 80 65 52 69 80 66 2 65 13 34 69 11 76 49 16 10 54 83 67 40 19 36 47 98 35 90 22 80 26 11 42 71 76 65 43 36 28 13 78 67 92 2 16 33 39 24 26 8 10 50 68 63 66 22 65 24 19 38 58 69 50 68 5 71 40 31 79 62 25 9 44 30 43 11 39 72 56 10 40 97 85 23 72 22 
5 78 15 80 19 17 12 57 12 58 33 80 52 49 100 69 41 41 18 8 78 53 19 99 78 73 11 28 66 33 52 46 42 67 99 8 12 83 86 23 27 98 79 26 93 31 11 85 17 28 99 17 37 31 12 83 98 42 14 8 58 3 83 78 98 77 64 75 89 3 74 35 41 85 72 44 51 39 34 90 75 83 75 90 81 59 73 61 11 84 16 64 71 76 100 84 17 60 42 2 73 53 79 4 59 72 1 66 54 39 32 17 20 58 34 95 67 54 13 53 24 94 81 76 47 91 86 44 
20 10 9 86 66 31 43 40 97 64 82 46 6 26 81 14 66 62 65 92 10 51 64 33 10 17 61 80 82 75 86 7 11 9 68 87 50 98 86 73 29 88 30 43 52 97 65 39 23 38 20 4 25 26 92 93 59 92 60 94 89 38 15 36 16 89 39 92 52 25 16 15 9 74 12 96 3 39 33 78 53 21 40 59 41 36 78 77 25 99 60 68 13 43 94 98 16 7 79 7 69 24 98 16 67 22 30 28 6 65 49 11 31 97 57 53 43 5 7 5 58 43 92 18 55 19 15 91 
84 40 57 1 67 48 98 6 57 28 92 30 80 100 75 5 28 13 35 47 28 13 85 5 12 16 74 85 99 62 88 58 85 24 18 27 18 98 6 64 3 20 53 76 42 84 91 32 73 30 27 73 10 24 37 100 32 80 40 96 46 79 15 44 8 66 88 84 66 30 64 81 47 68 49 39 19 73 66 6 42 66 99 7 65 43 89 46 15 37 60 37 25 33 49 43 64 49 36 46 24 84 29 63 69 92 30 39 2 54 45 66 87 11 71 43 55 58 90 40 49 48 76 44 14 1 89 84 
10 9 48 51 39 92 80 77 25 57 41 72 8 81 45 21 16 84 3 79 83 3 29 59 12 48 88 69 39 35 7 67 45 46 81 22 94 26 69 29 91 73 4 98 17 20 35 19 37 46 18 71 82 49 22 60 28 31 46 22 19 68 94 2 44 77 13 91 25 12 75 21 6 22 81 2 28 83 11 31 2 81 18 72 57 72 84 50 14 13 46 36 35 18 85 75 68 2 21 69 36 64 46 4 5 84 47 45 25 32 40 73 38 43 90 8 70 45 84 1 68 30 96 6 98 32 30 80 
59 100 47 3 77 28 50 39 76 95 30 47 67 27 51 57 66 85 3 55 34 38 32 19 2 94 97 27 56 43 34 63 95 29 69 12 50 29 5 20 13 55 13 86 68 18 43 21 1 14 67 94 58 99 15 19 18 67 54 98 25 98 52 90 38 71 58 31 98 35 56 95 34 90 63 58 6 56 40 89 1 96 52 20 6 39 41 70 66 88 4 22 61 61 93 82 81 54 2 1 62 19 45 5 84 70 95 16 64 74 100 54 73 72 30 12 90 42 46 39 24 20 80 65 63 79 48 35 
35 20 13 30 78 95 52 1 44 33 33 40 50 13 42 27 10 47 79 61 48 75 100 10 21 54 95 35 64 84 73 54 29 48 2 7 67 38 99 54 11 4 32 56 45 83 25 56 56 82 9 19 82 100 57 49 93 65 69 93 86 72 47 24 12 7 60 56 94 99 12 10 41 79 51 97 66 87 20 64 5 92 55 100 2 75 88 25 59 18 69 11 85 27 25 65 94 62 70 8 9 93 18 19 18 60 84 67 15 9 6 74 73 51 16 75 18 73 89 23 51 94 65 17 74 68 99 50 
91 85 33 8 57 41 58 84 96 42 87 67 55 29 95 38 12 9 99 77 53 7 73 93 90 98 45 69 77 52 73 96 26 89 10 49 36 83 49 88 33 94 22 79 49 23 77 3 96 53 30 8 9 78 18 64 16 52 57 44 6 17 54 5 95 8 5 73 22 78 96 33 93 37 34 65 84 11 28 50 65 7 90 39 37 32 34 72 71 30 12 31 34 4 8 61 71 60 9 51 62 26 20 78 29 31 12 1 3 44 82 48 42 2 7 39 82 3 99 47 30 88 46 48 68 9 51 92 
98 41 43 88 44 70 8 3 64 42 56 8 20 91 64 15 51 92 37 86 73 80 57 22 68 51 33 87 85 94 60 27 31 92 39 9 80 25 10 50 14 96 14 37 94 20 74 63 49 66 92 92 54 84 50 47 48 65 73 36 83 87 82 7 52 27 77 15 76 11 16 55 96 68 88 34 63 72 29 54 64 50 84 22 61 78 78 41 69 93 67 50 40 53 94 97 12 14 45 44 82 77 51 77 69 85 83 27 12 77 74 23 8 92 39 14 16 53 81 15 99 6 2 100 32 32 82 19 
82 65 94 29 15 73 85 83 14 1 27 24 6 68 22 76 21 16 91 100 1 27 64 9 57 44 99 37 33 33 99 96 100 94 77 74 43 48 6 1 40 34 84 83 59 94 41 15 66 60 32 80 47 18 86 76 33 67 87 80 99 35 30 85 74 25 41 11 39 74 34 71 21 99 95 17 2 15 59 42 33 38 82 66 80 94 73 92 78 92 12 5 87 53 64 36 32 10 54 32 18 63 76 71 45 3 10 57 11 79 86 74 48 95 61 10 6 53 67 84 31 14 80 35 54 65 43 77 
79 25 56 30 52 75 94 76 5 8 94 76 16 54 69 33 46 87 28 2 72 93 66 65 24 45 95 7 49 90 37 77 53 87 57 65 29 87 90 97 20 49 67 39 52 38 52 55 25 2 61 92 40 89 57 47 66 70 97 47 16 33 57 74 37 46 92 73 51 40 29 47 31 32 41 37 41 28 95 6 80 24 22 77 73 30 10 47 10 62 96 1 79 83 29 37 71 23 24 5 28 92 96 10 59 60 52 7 21 23 93 79 85 25 84 53 87 28 75 98 70 24 34 86 55 25 69 61 
14 52 33 78 15 51 40 70 38 72 28 27 75 34 85 44 69 60 24 19 26 6 98 63 100 95 28 46 23 22 37 46 17 20 39 59 38 2 11 51 97 99 18 85 30 33 45 69 65 83 53 37 7 66 56 95 68 59 75 69 36 9 74 50 27 8 74 23 3 53 17 48 18 61 26 51 72 89 64 66 56 59 96 52 71 61 12 57 45 50 14 42 62 16 21 4 3 37 4 75 52 51 82 70 65 17 66 10 40 54 23 15 68 31 72 47 38 96 62 11 24 93 40 95 87 65 77 59 
60 27 59 10 25 64 92 74 36 28 59 92 15 79 21 27 52 63 24 94 36 45 46 91 14 42 44 43 27 24 75 81 84 14 69 6 28 21 72 24 7 80 20 40 41 62 2 29 95 14 85 94 51 84 98 5 31 59 95 47 81 29 13 3 81 63 95 23 60 31 16 58 59 37 47 8 11 26 21 98 18 36 96 42 56 43 4 44 71 73 59 19 96 55 80 68 46 99 92 52 41 96 87 14 98 11 3 36 24 97 98 5 27 76 15 53 69 29 2 62 39 47 43 69 88 64 44 9 
48 41 43 67 99 17 60 31 34 28 37 91 86 60 86 37 100 54 25 98 19 51 63 40 71 40 88 91 37 41 54 13 11 64 25 94 42 71 94 92 66 20 52 7 5 85 41 3 50 22 86 27 31 36 47 97 23 54 21 83 4 39 5 49 69 83 86 13 83 32 31 44 26 39 81 74 51 56 30 5 92 28 18 32 94 11 1 45 48 35 67 28 87 63 57 59 85 98 49 63 43 88 7 60 4 4 2 7 25 25 40 1 33 19 97 59 54 16 64 10 67 89 79 71 20 63 44 89 
30 85 53 69 39 41 81 87 9 63 61 77 19 70 64 98 63 73 61 66 62 86 29 15 18 6 60 41 25 67 23 86 72 93 32 49 1 64 92 57 81 41 18 94 30 10 71 89 27 34 17 23 75 19 24 98 90 34 20 47 55 8 37 84 17 47 64 33 59 4 52 28 38 44 10 64 79 20 55 45 21 11 17 19 53 100 13 90 78 74 74 32 4 18 11 69 74 90 90 90 1 37 56 66 25 39 65 89 25 17 90 53 91 36 100 14 50 62 69 18 67 5 38 42 51 75 82 26 
69 9 95 6 69 71 86 20 64 28 82 49 32 42 53 35 12 62 3 30 3 93 23 26 33 59 54 69 71 46 46 8 81 98 36 46 19 84 32 29 81 48 48 89 61 36 83 51 10 14 35 91 89 65 27 86 28 46 85 1 89 27 44 55 81 95 57 33 28 41 48 51 52 27 26 83 30 30 82 16 2 61 38 78 20 63 59 50 78 8 61 78 6 45 35 3 3 41 23 75 7 83 21 99 76 99 43 1 14 92 56 18 88 100 98 22 50 44 85 65 7 96 57 59 38 6 78 43 
100 57 48 52 99 36 2 33 96 10 26 16 93 6 41 50 24 73 100 87 10 84 44 91 10 13 91 71 72 8 87 30 79 56 30 51 56 96 45 29 85 19 9 14 72 5 46 74 63 97 4 8 74 79 21 98 13 8 71 76 37 99 10 1 33 68 18 3 17 59 17 91 51 100 56 83 6 53 54 50 41 73 28 42 56 98 66 2 93 98 69 26 42 30 44 62 14 78 63 17 63 30 62 56 80 2 7 1 15 23 24 21 34 37 89 93 34 99 77 64 49 15 60 86 39 20 74 95 
40 54 27 91 72 19 38 95 17 65 83 11 72 88 31 88 25 41 90 93 39 27 71 60 17 74 81 1 73 4 51 53 70 81 86 14 52 62 19 88 18 26 98 15 17 18 61 67 82 20 86 51 93 94 56 28 100 6 74 56 82 30 98 36 87 98 52 10 73 3 26 87 33 91 63 46 97 99 9 28 42 59 47 4 67 15 24 95 7 54 55 9 9 95 45 41 74 75 72 51 21 28 9 3 34 64 16 80 55 3 93 61 65 55 66 60 33 47 60 24 2 99 52 12 95 49 75 100 
36 91 65 33 29 14 58 90 61 97 14 49 37 14 63 87 22 10 15 54 15 47 86 71 21 17 24 86 23 75 42 90 3 100 57 64 21 78 96 80 60 55 93 17 17 97 44 44 100 61 35 97 25 61 81 60 43 5 67 39 50 76 35 24 31 98 10 51 68 67 98 7 45 38 90 29 56 71 5 65 40 59 1 74 30 36 66 47 2 46 57 61 28 67 91 88 41 2 52 27 14 9 50 63 95 74 12 50 12 85 92 27 6 7 67 84 64 54 82 28 42 61 95 100 96 92 79 45 
88 96 71 80 59 71 46 99 3 69 100 14 61 68 97 18 31 43 93 51 8 97 8 8 98 37 60 32 61 37 72 68 100 73 67 46 60 79 54 97 55 90 52 21 47 92 55 36 31 61 25 5 9 93 89 99 52 81 13 48 94 96 89 1 82 64 4 20 85 3 78 99 1 66 48 52 79 44 61 26 33 11 95 12 26 21 46 14 54 48 27 97 100 98 67 62 50 32 79 32 17 49 55 33 45 15 59 84 27 42 33 17 5 75 10 29 5 50 87 55 31 49 88 54 20 67 73 96 
4 87 58 43 63 40 44 8 48 84 37 12 91 70 46 95 15 98 84 27 39 43 27 95 81 25 22 6 19 20 67 83 12 43 33 30 35 98 18 54 20 7 97 14 1 45 79 8 49 36 48 10 44 56 21 53 87 76 74 64 88 20 78 46 64 86 57 61 82 63 95 27 28 67 82 18 76 25 18 89 13 3 33 8 20 82 42 22 30 61 11 57 82 15 12 3 19 69 16 53 10 20 79 54 54 26 53 69 8 21 8 6 29 48 16 38 22 24 81 89 24 28 66 36 61 56 67 56 
61 90 9 39 20 96 98 8 90 86 31 81 3 5 75 24 41 99 25 37 20 93 37 5 53 60 60 66 38 44 28 83 94 34 65 78 78 45 5 100 40 94 39 16 66 11 41 63 49 34 44 85 3 70 46 42 87 1 12 73 19 12 34 12 78 48 30 57 10 11 63 86 39 72 70 60 78 18 2 85 51 15 71 41 50 85 98 50 65 15 31 69 86 51 82 68 92 14 78 6 43 74 41 59 85 26 99 32 30 76 36 90 91 39 90 62 90 76 73 91 96 85 39 31 53 79 47 12 
91 89 10 51 38 80 14 77 64 82 2 15 2 89 58 62 57 85 15 27 27 72 61 98 55 73 13 36 35 41 66 28 58 42 71 43 26 40 39 98 57 70 86 8 18 63 40 1 82 29 90 4 98 20 15 3 22 100 78 79 12 88 83 90 65 38 75 6 63 66 100 86 70 15 58 97 17 83 2 71 82 54 75 86 63 12 48 9 91 35 2 54 38 28 57 15 38 90 30 82 54 44 15 72 41 84 71 66 86 89 1 21 35 46 61 77 68 11 1 55 72 19 2 6 59 88 63 10 
87 37 97 6 74 5 6 52 28 17 18 61 1 32 70 22 10 27 20 27 90 6 19 57 97 15 96 52 67 13 86 13 32 81 39 47 4 24 52 58 54 30 36 22 81 23 62 28 2 4 93 10 6 49 54 53 24 93 69 55 84 87 89 17 9 82 14 44 94 99 47 74 2 57 24 59 67 4 84 47 20 39 78 71 87 40 94 28 30 22 64 48 16 90 83 50 71 20 38 58 73 17 86 80 25 15 94 85 89 11 42 69 54 69 91 88 75 63 58 64 99 37 38 6 17 64 68 72 
18 98 28 80 79 91 13 19 5 40 65 81 89 51 3 71 69 99 96 57 78 34 97 86 36 60 68 76 56 16 35 38 81 49 34 7 52 75 90 81 13 24 32 17 41 66 75 51 52 13 49 22 85 8 50 95 23 85 11 18 13 23 54 46 17 15 1 89 95 46 88 61 61 26 49 38 47 24 63 27 75 16 44 37 56 40 6 80 98 68 34 50 20 27 90 83 25 68 21 89 36 45 40 67 3 94 9 36 94 74 11 72 84 93 2 39 42 8 53 39 35 66 36 51 97 7 74 49 
8 57 98 100 14 9 52 17 2 31 58 60 41 55 38 84 30 22 74 63 32 71 36 36 78 69 85 85 26 15 4 80 98 68 46 48 90 62 75 81 57 67 15 94 55 60 82 30 50 8 55 34 41 66 77 20 85 8 100 33 22 22 59 30 54 94 77 82 85 18 41 70 66 76 74 54 25 37 46 41 81 81 6 44 50 79 80 21 13 93 28 86 65 5 48 80 52 36 58 70 24 26 100 32 94 49 36 39 85 4 47 39 2 21 19 83 80 9 44 41 40 92 56 15 10 100 1 32 
31 100 29 4 84 11 27 23 39 13 59 88 57 39 37 7 17 36 74 52 16 16 48 39 47 52 58 55 7 89 37 36 73 54 38 14 48 8 98 96 55 41 69 26 15 75 82 14 60 97 26 48 8 50 35 66 3 96 40 79 92 88 85 33 89 49 25 86 60 30 71 9 65 93 44 21 5 92 61 51 97 95 91 20 46 19 87 7 77 64 15 41 65 53 32 39 75 62 15 50 87 74 56 1 63 66 50 81 66 14 41 67 66 7 43 98 46 72 36 71 80 14 75 18 90 89 90 94 
71 90 42 74 77 46 74 43 69 97 82 92 36 97 19 35 100 12 10 12 48 47 31 63 7 26 66 29 9 85 39 97 9 23 17 13 83 81 29 13 64 76 99 13 32 3 2 63 67 100 41 51 81 10 83 1 69 28 72 15 84 72 3 14 28 5 12 74 53 41 10 86 65 10 68 80 18 10 60 60 99 92 100 6 26 15 30 72 50 63 91 13 13 88 99 69 34 9 23 8 12 17 70 18 100 49 13 77 52 100 70 47 81 95 42 11 29 22 87 9 65 75 10 89 92 81 97 60 
71 47 51 2 1 8 56 95 28 69 17 29 6 3 88 56 77 38 39 4 60 8 44 13 84 39 61 81 43 40 21 37 28 34 71 9 59 83 7 39 96 50 66 87 3 5 81 49 10 92 39 29 94 14 100 3 35 29 63 49 95 69 93 99 26 92 79 8 67 41 61 42 23 65 27 85 7 60 95 52 54 49 32 57 87 29 15 41 100 8 22 93 70 1 8 81 38 48 27 88 26 53 37 66 9 64 100 84 90 58 39 55 12 84 97 10 25 43 41 12 87 67 89 38 92 70 16 13 
51 36 12 25 40 27 54 45 29 63 84 12 55 77 84 98 75 47 8 16 71 47 1 65 21 7 59 46 92 54 100 31 97 98 4 63 38 58 78 67 81 9 45 14 28 93 42 26 95 87 7 64 95 47 71 34 88 84 38 29 35 43 43 11 86 33 52 88 86 77 31 89 76 41 4 63 75 30 2 31 44 49 31 51 14 42 100 87 45 22 93 56 86 81 100 96 78 76 61 8 50 92 59 53 42 18 13 97 10 81 93 82 89 13 24 55 39 63 18 27 83 40 94 20 67 37 68 48 
58 85 32 14 96 64 29 70 16 46 38 2 19 98 68 39 47 43 42 98 55 83 68 93 97 42 22 40 14 79 92 57 49 67 43 69 20 73 57 79 44 23 55 45 93 78 71 94 53 9 92 41 39 80 81 89 9 57 30 53 4 65 83 73 67 63 45 89 59 11 40 1 30 7 46 65 16 24 9 96 96 34 27 19 24 24 16 28 96 75 86 40 38 8 32 2 8 46 23 23 82 27 53 48 61 7 60 92 61 75 6 62 68 79 70 9 91 4 56 76 74 22 72 63 46 25 90 10 
38 23 72 3 18 50 62 78 89 57 25 37 64 95 71 27 74 33 99 1 87 89 24 54 87 13 3 88 62 62 11 64 9 66 88 59 72 12 49 56 32 81 22 80 79 54 75 49 64 50 50 49 60 53 18 8 88 52 35 91 26 71 76 19 98 12 94 28 35 73 41 96 73 60 15 95 4 32 36 73 98 47 74 73 14 57 80 12 56 12 19 32 41 63 69 87 79 57 72 55 35 50 66 21 75 45 99 34 78 63 81 60 44 14 49 1 73 88 54 44 47 97 66 14 74 57 43 56 
8 97 18 95 98 75 53 95 8 82 46 91 87 88 82 66 76 45 3 49 57 78 23 33 26 16 79 83 54 33 42 96 43 22 25 36 86 91 63 45 38 30 10 30 41 15 35 81 19 79 50 31 48 73 71 14 47 4 31 23 3 55 39 13 39 29 33 73 94 60 62 99 94 98 18 24 66 67 30 15 94 98 64 72 30 94 95 77 79 45 83 44 14 43 74 88 30 50 17 40 12 98 34 57 38 74 8 40 41 1 22 79 96 46 51 65 85 99 4 12 5 42 83 18 71 88 33 54 
31 47 4 28 98 6 18 86 69 58 79 73 59 71 88 96 63 91 100 72 33 89 56 11 36 43 51 73 16 24 61 48 59 88 56 7 29 78 20 23 19 34 68 92 73 82 1 64 14 28 30 54 11 97 1 5 97 28 67 35 53 78 21 93 20 82 39 61 69 83 2 66 19 100 95 54 53 48 52 68 32 63 79 78 85 86 85 22 5 12 96 1 10 22 73 58 62 75 37 18 47 55 49 37 32 86 58 33 2 98 45 55 62 44 65 75 64 93 80 21 74 67 66 62 63 15 25 53 
68 48 74 68 9 5 12 92 71 50 48 14 19 33 5 97 35 90 41 73 76 44 3 4 80 4 30 22 100 38 5 20 88 16 43 70 75 56 54 74 36 65 91 100 95 53 53 67 23 16 18 61 92 33 65 79 22 32 67 98 3 60 3 74 26 44 35 66 80 40 60 78 89 50 51 70 96 3 32 21 40 64 50 92 26 74 43 25 96 79 35 54 16 42 42 37 34 6 34 85 79 64 36 74 67 58 48 91 36 62 82 17 49 56 72 71 74 57 35 5 34 74 48 79 42 50 17 7 
41 92 82 30 88 68 12 34 72 86 32 6 32 54 98 47 29 83 81 64 8 81 16 10 33 31 27 20 90 49 44 17 33 80 5 62 1 100 95 69 11 66 55 7 8 51 44 80 97 34 23 78 82 28 51 67 69 39 71 71 7 68 87 13 79 96 74 10 37 74 52 96 27 12 33 94 35 6 34 17 57 52 39 21 93 62 12 43 27 96 12 35 51 1 8 56 32 30 98 5 62 95 21 96 65 24 79 94 91 82 72 11 12 34 70 48 19 78 85 93 18 86 39 44 18 39 20 91 
18 67 80 22 67 37 44 87 66 74 99 26 7 40 54 73 7 5 70 80 47 73 78 24 91 50 17 9 23 24 37 8 73 9 71 96 22 63 24 4 44 17 80 18 85 83 3 49 93 20 86 12 90 39 48 87 6 8 63 36 46 6 54 39 32 20 13 29 60 47 1 8 60 54 82 67 55 4 94 71 70 46 12 100 70 70 100 19 37 74 42 8 25 7 74 9 49 79 23 100 54 98 72 47 99 56 35 92 60 15 1 98 66 48 30 20 82 35 67 67 8 31 14 62 52 98 74 8 
56 2 53 57 72 59 62 26 68 25 30 89 87 30 13 62 26 38 38 90 6 7 88 8 27 99 59 39 89 95 21 69 69 72 59 84 6 54 1 80 64 71 25 79 12 79 42 58 6 29 93 72 100 18 62 68 2 60 22 6 24 90 9 72 70 65 36 37 91 57 22 66 20 54 90 11 87 34 62 98 70 10 70 75 62 8 74 91 24 22 4 57 66 96 2 98 85 47 91 93 40 88 26 31 95 31 93 73 27 48 45 94 3 96 30 53 77 37 68 87 2 46 100 28 4 69 36 4 
56 9 49 62 49 42 59 21 84 90 42 9 84 91 64 28 39 48 5 46 4 95 55 85 81 76 42 79 68 88 17 37 87 41 44 86 59 86 67 1 15 77 12 78 6 44 63 72 48 4 28 69 7 73 52 84 57 67 59 26 57 61 89 9 79 76 22 1 34 22 95 81 83 78 41 47 83 25 21 41 75 4 24 65 91 9 90 2 4 50 25 73 85 98 19 43 63 41 15 93 10 78 9 42 4 41 15 45 9 64 100 85 43 8 78 61 26 80 26 26 1 83 81 16 65 89 12 20 
19 7 51 85 67 63 3 38 32 17 49 48 82 63 35 61 48 23 63 51 36 82 55 43 52 95 81 86 16 27 53 48 53 55 19 7 92 24 33 46 69 76 37 85 10 9 1 30 73 5 59 51 38 18 16 87 73 12 93 20 61 24 57 75 23 31 41 20 91 52 38 55 45 49 73 53 2 67 85 73 55 24 79 91 52 1 6 53 42 98 5 19 97 39 45 46 68 34 60 56 12 44 43 63 92 94 27 43 45 72 17 20 100 90 47 11 20 66 79 39 69 3 65 21 7 71 28 28 
92 51 55 18 50 4 19 94 56 73 96 65 89 15 21 63 59 100 65 24 49 68 2 21 50 64 41 44 43 5 72 4 30 10 28 99 70 1 18 13 2 73 83 66 75 93 10 100 51 88 5 92 43 30 4 39 66 13 47 72 34 84 8 32 76 100 45 67 74 58 52 92 8 2 62 29 18 97 6 9 18 1 95 64 28 91 82 57 58 45 5 52 20 82 47 27 67 23 79 99 42 10 28 39 52 75 32 86 48 98 97 25 89 66 59 51 79 78 25 55 67 1 42 5 84 65 21 25 
15 62 88 95 85 80 13 50 86 25 89 6 47 88 3 42 25 82 83 43 60 87 18 80 79 30 55 43 17 88 38 91 89 4 84 6 84 33 95 12 92 40 82 49 23 94 83 32 51 27 85 65 48 52 59 20 79 30 84 90 64 49 36 67 15 35 43 83 4 11 62 43 64 51 15 57 20 98 82 4 82 33 3 13 1 63 98 73 59 14 46 51 30 42 77 16 49 86 60 51 70 55 76 9 5 65 91 35 25 79 78 34 97 84 23 61 57 50 89 27 61 43 13 67 66 76 91 6 
70 38 74 40 99 92 100 88 43 9 56 30 26 15 44 79 99 53 6 68 32 27 42 39 95 52 98 37 25 67 31 64 30 58 29 90 67 56 12 93 35 30 82 51 84 5 61 10 22 59 55 17 57 29 60 57 76 90 63 27 11 16 84 34 43 67 74 15 53 72 11 6 56 52 53 64 43 86 58 15 22 16 87 48 89 31 8 5 45 61 47 63 9 54 35 85 11 60 66 69 8 6 13 78 59 49 30 17 76 55 80 31 78 88 71 25 64 77 48 97 52 18 12 57 47 65 91 79 
73 64 33 45 75 71 29 74 70 43 60 11 22 91 14 13 63 4 28 18 89 60 6 39 82 93 94 25 65 69 1 42 78 5 2 28 24 49 60 75 77 95 75 68 89 30 23 22 4 20 11 26 35 6 3 98 3 65 21 16 90 8 25 11 76 59 84 41 69 100 60 55 66 2 67 99 68 30 39 37 88 45 21 39 8 54 88 29 77 72 32 52 63 70 27 63 94 70 52 40 4 53 63 19 73 22 39 64 40 5 62 40 49 2 48 82 48 32 17 63 75 33 31 4 71 88 12 66 
63 64 57 64 43 40 7 61 90 30 76 70 91 77 48 4 57 96 37 92 92 13 33 72 12 100 99 50 96 70 8 32 63 72 28 66 26 7 21 56 31 20 68 21 73 52 43 88 28 33 69 16 50 7 35 63 61 13 58 72 58 14 3 24 28 92 79 97 55 93 60 33 17 4 78 67 44 38 86 89 98 83 94 75 70 69 2 24 23 33 65 54 15 81 66 24 25 92 60 82 24 43 45 59 2 14 93 80 90 19 37 64 1 4 69 53 49 99 90 61 96 89 85 49 36 72 23 99 
73 23 29 44 31 66 43 84 73 1 25 68 36 96 85 64 34 36 29 49 12 84 1 27 36 54 98 58 91 70 94 72 16 49 35 64 4 97 63 51 17 86 80 26 57 11 37 21 2 58 87 45 32 81 3 73 9 34 23 31 78 88 89 24 16 65 11 74 2 64 72 72 79 48 87 16 69 34 57 35 99 76 98 46 84 95 9 90 100 49 95 46 40 30 78 77 97 38 24 21 87 72 26 78 54 79 67 75 54 46 58 5 49 42 17 51 56 57 36 77 97 33 5 9 42 64 11 38 
34 64 63 93 88 19 53 68 56 39 98 79 1 14 36 8 13 82 62 69 96 55 36 58 51 73 39 18 93 47 34 91 80 12 85 54 70 55 59 95 22 19 51 39 56 48 81 20 50 30 25 6 56 76 75 46 91 67 22 75 50 80 82 43 71 50 93 57 41 62 76 57 34 55 81 97 18 96 29 82 36 49 16 27 62 84 67 24 88 6 31 66 21 44 72 40 21 98 63 34 59 96 19 45 16 75 34 36 66 35 81 2 54 24 25 47 54 20 74 84 81 80 89 89 44 45 38 98 
56 45 46 95 86 36 47 2 47 35 5 94 45 13 28 27 37 91 26 22 55 74 69 84 5 29 47 54 37 4 13 55 79 94 76 86 44 64 20 61 72 17 10 63 39 6 46 6 34 97 11 31 55 16 20 40 96 83 55 84 59 28 74 1 7 14 5 48 5 7 83 27 19 68 43 9 67 14 53 32 8 60 24 78 69 83 44 100 70 92 53 5 86 41 75 82 28 72 65 5 99 45 93 19 77 6 32 75 72 62 96 39 1 39 46 49 63 71 24 6 29 68 99 77 28 67 66 13 
67 84 100 33 42 74 45 12 61 91 90 47 69 99 32 72 98 5 78 47 19 79 84 67 96 4 10 67 60 29 55 52 50 53 45 53 48 50 96 16 94 37 82 41 11 74 67 41 13 11 61 62 99 100 21 80 75 16 59 85 43 24 100 65 44 91 73 54 72 79 76 65 93 67 65 93 28 97 50 11 13 5 32 31 8 37 64 18 51 98 98 11 25 37 71 81 94 21 41 82 59 85 85 34 75 80 75 36 97 68 43 23 57 64 62 14 65 9 40 85 39 72 69 71 45 42 68 87 
73 64 92 97 99 95 99 14 24 80 63 57 64 46 82 99 6 22 21 9 84 81 66 10 47 98 49 47 77 36 88 12 25 18 60 96 3 99 86 66 21 16 78 26 40 33 86 1 88 44 6 89 7 66 29 15 80 86 100 4 80 29 38 73 94 90 5 43 51 35 88 83 32 58 11 17 32 57 33 37 53 64 36 64 60 99 26 98 43 51 8 71 39 24 60 21 100 39 66 38 18 50 74 18 49 81 8 56 81 83 45 70 27 67 16 30 42 38 38 90 27 38 39 61 2 5 62 85 
0.0 1.0 1.0 1.0 1.0 1.0 1.0 1.0 1.0 1.0 1.0 1.0 1.0 1.0 1.0 1.0 1.0 1.0 1.0 1.0 1.0 1.0 1.0 1.0 1.0 1.0 1.0 1.0 1.0 1.0 1.0 1.0 1.0 1.0 1.0 1.0 1.0 1.0 1.0 1.0 1.0 1.0 1.0 1.0 1.0 1.0 1.0 1.0 1.0 1.0 1.0 1.0 1.0 1.0 1.0 1.0 1.0 1.0 1.0 1.0 1.0 1.0 1.0 1.0 1.0 1.0 1.0 1.0 1.0 1.0 1.0 1.0 1.0 1.0 1.0 1.0 1.0 1.0 1.0 1.0 1.0 1.0 1.0 1.0 1.0 1.0 1.0 1.0 1.0 1.0 1.0 1.0 1.0 1.0 1.0 1.0 1.0 1.0 1.0 1.0 1.0 1.0 1.0 1.0 1.0 1.0 1.0 1.0 1.0 1.0 1.0 1.0 1.0 1.0 1.0 1.0 1.0 1.0 1.0 1.0 1.0 1.0 1.0 1.0 1.0 1.0 1.0 1.0 
1.0 0.0 1.0 1.0 1.0 1.0 1.0 1.0 1.0 1.0 1.0 1.0 1.0 1.0 1.0 1.0 1.0 1.0 1.0 1.0 1.0 1.0 1.0 1.0 1.0 1.0 1.0 1.0 1.0 1.0 1.0 1.0 1.0 1.0 1.0 1.0 1.0 1.0 1.0 1.0 1.0 1.0 1.0 1.0 1.0 1.0 1.0 1.0 1.0 1.0 1.0 1.0 1.0 1.0 1.0 1.0 1.0 1.0 1.0 1.0 1.0 1.0 1.0 1.0 1.0 1.0 1.0 1.0 1.0 1.0 1.0 1.0 1.0 1.0 1.0 1.0 1.0 1.0 1.0 1.0 1.0 1.0 1.0 1.0 1.0 1.0 1.0 1.0 1.0 1.0 1.0 1.0 1.0 1.0 1.0 1.0 1.0 1.0 1.0 1.0 1.0 1.0 1.0 1.0 1.0 1.0 1.0 1.0 1.0 1.0 1.0 1.0 1.0 1.0 1.0 1.0 1.0 1.0 1.0 1.0 1.0 1.0 1.0 1.0 1.0 1.0 1.0 1.0 
1.0 1.0 0.0 1.0 1.0 1.0 1.0 1.0 1.0 1.0 1.0 1.0 1.0 1.0 1.0 1.0 1.0 1.0 1.0 1.0 1.0 1.0 1.0 1.0 1.0 1.0 1.0 1.0 1.0 1.0 1.0 1.0 1.0 1.0 1.0 1.0 1.0 1.0 1.0 1.0 1.0 1.0 1.0 1.0 1.0 1.0 1.0 1.0 1.0 1.0 1.0 1.0 1.0 1.0 1.0 1.0 1.0 1.0 1.0 1.0 1.0 1.0 1.0 1.0 1.0 1.0 1.0 1.0 1.0 1.0 1.0 1.0 1.0 1.0 1.0 1.0 1.0 1.0 1.0 1.0 1.0 1.0 1.0 1.0 1.0 1.0 1.0 1.0 1.0 1.0 1.0 1.0 1.0 1.0 1.0 1.0 1.0 1.0 1.0 1.0 1.0 1.0 1.0 1.0 1.0 1.0 1.0 1.0 1.0 1.0 1.0 1.0 1.0 1.0 1.0 1.0 1.0 1.0 1.0 1.0 1.0 1.0 1.0 1.0 1.0 1.0 1.0 1.0 
1.0 1.0 1.0 0.0 1.0 1.0 1.0 1.0 1.0 1.0 1.0 1.0 1.0 1.0 1.0 1.0 1.0 1.0 1.0 1.0 1.0 1.0 1.0 1.0 1.0 1.0 1.0 1.0 1.0 1.0 1.0 1.0 1.0 1.0 1.0 1.0 1.0 1.0 1.0 1.0 1.0 1.0 1.0 1.0 1.0 1.0 1.0 1.0 1.0 1.0 1.0 1.0 1.0 1.0 1.0 1.0 1.0 1.0 1.0 1.0 1.0 1.0 1.0 1.0 1.0 1.0 1.0 1.0 1.0 1.0 1.0 1.0 1.0 1.0 1.0 1.0 1.0 1.0 1.0 1.0 1.0 1.0 1.0 1.0 1.0 1.0 1.0 1.0 1.0 1.0 1.0 1.0 1.0 1.0 1.0 1.0 1.0 1.0 1.0 1.0 1.0 1.0 1.0 1.0 1.0 1.0 1.0 1.0 1.0 1.0 1.0 1.0 1.0 1.0 1.0 1.0 1.0 1.0 1.0 1.0 1.0 1.0 1.0 1.0 1.0 1.0 1.0 1.0 
1.0 1.0 1.0 1.0 0.0 1.0 1.0 1.0 1.0 1.0 1.0 1.0 1.0 1.0 1.0 1.0 1.0 1.0 1.0 1.0 1.0 1.0 1.0 1.0 1.0 1.0 1.0 1.0 1.0 1.0 1.0 1.0 1.0 1.0 1.0 1.0 1.0 1.0 1.0 1.0 1.0 1.0 1.0 1.0 1.0 1.0 1.0 1.0 1.0 1.0 1.0 1.0 1.0 1.0 1.0 1.0 1.0 1.0 1.0 1.0 1.0 1.0 1.0 1.0 1.0 1.0 1.0 1.0 1.0 1.0 1.0 1.0 1.0 1.0 1.0 1.0 1.0 1.0 1.0 1.0 1.0 1.0 1.0 1.0 1.0 1.0 1.0 1.0 1.0 1.0 1.0 1.0 1.0 1.0 1.0 1.0 1.0 1.0 1.0 1.0 1.0 1.0 1.0 1.0 1.0 1.0 1.0 1.0 1.0 1.0 1.0 1.0 1.0 1.0 1.0 1.0 1.0 1.0 1.0 1.0 1.0 1.0 1.0 1.0 1.0 1.0 1.0 1.0 
1.0 1.0 1.0 1.0 1.0 0.0 1.0 1.0 1.0 1.0 1.0 1.0 1.0 1.0 1.0 1.0 1.0 1.0 1.0 1.0 1.0 1.0 1.0 1.0 1.0 1.0 1.0 1.0 1.0 1.0 1.0 1.0 1.0 1.0 1.0 1.0 1.0 1.0 1.0 1.0 1.0 1.0 1.0 1.0 1.0 1.0 1.0 1.0 1.0 1.0 1.0 1.0 1.0 1.0 1.0 1.0 1.0 1.0 1.0 1.0 1.0 1.0 1.0 1.0 1.0 1.0 1.0 1.0 1.0 1.0 1.0 1.0 1.0 1.0 1.0 1.0 1.0 1.0 1.0 1.0 1.0 1.0 1.0 1.0 1.0 1.0 1.0 1.0 1.0 1.0 1.0 1.0 1.0 1.0 1.0 1.0 1.0 1.0 1.0 1.0 1.0 1.0 1.0 1.0 1.0 1.0 1.0 1.0 1.0 1.0 1.0 1.0 1.0 1.0 1.0 1.0 1.0 1.0 1.0 1.0 1.0 1.0 1.0 1.0 1.0 1.0 1.0 1.0 
1.0 1.0 1.0 1.0 1.0 1.0 0.0 1.0 1.0 1.0 1.0 1.0 1.0 1.0 1.0 1.0 1.0 1.0 1.0 1.0 1.0 1.0 1.0 1.0 1.0 1.0 1.0 1.0 1.0 1.0 1.0 1.0 1.0 1.0 1.0 1.0 1.0 1.0 1.0 1.0 1.0 1.0 1.0 1.0 1.0 1.0 1.0 1.0 1.0 1.0 1.0 1.0 1.0 1.0 1.0 1.0 1.0 1.0 1.0 1.0 1.0 1.0 1.0 1.0 1.0 1.0 1.0 1.0 1.0 1.0 1.0 1.0 1.0 1.0 1.0 1.0 1.0 1.0 1.0 1.0 1.0 1.0 1.0 1.0 1.0 1.0 1.0 1.0 1.0 1.0 1.0 1.0 1.0 1.0 1.0 1.0 1.0 1.0 1.0 1.0 1.0 1.0 1.0 1.0 1.0 1.0 1.0 1.0 1.0 1.0 1.0 1.0 1.0 1.0 1.0 1.0 1.0 1.0 1.0 1.0 1.0 1.0 1.0 1.0 1.0 1.0 1.0 1.0 
1.0 1.0 1.0 1.0 1.0 1.0 1.0 0.0 1.0 1.0 1.0 1.0 1.0 1.0 1.0 1.0 1.0 1.0 1.0 1.0 1.0 1.0 1.0 1.0 1.0 1.0 1.0 1.0 1.0 1.0 1.0 1.0 1.0 1.0 1.0 1.0 1.0 1.0 1.0 1.0 1.0 1.0 1.0 1.0 1.0 1.0 1.0 1.0 1.0 1.0 1.0 1.0 1.0 1.0 1.0 1.0 1.0 1.0 1.0 1.0 1.0 1.0 1.0 1.0 1.0 1.0 1.0 1.0 1.0 1.0 1.0 1.0 1.0 1.0 1.0 1.0 1.0 1.0 1.0 1.0 1.0 1.0 1.0 1.0 1.0 1.0 1.0 1.0 1.0 1.0 1.0 1.0 1.0 1.0 1.0 1.0 1.0 1.0 1.0 1.0 1.0 1.0 1.0 1.0 1.0 1.0 1.0 1.0 1.0 1.0 1.0 1.0 1.0 1.0 1.0 1.0 1.0 1.0 1.0 1.0 1.0 1.0 1.0 1.0 1.0 1.0 1.0 1.0 
1.0 1.0 1.0 1.0 1.0 1.0 1.0 1.0 0.0 1.0 1.0 1.0 1.0 1.0 1.0 1.0 1.0 1.0 1.0 1.0 1.0 1.0 1.0 1.0 1.0 1.0 1.0 1.0 1.0 1.0 1.0 1.0 1.0 1.0 1.0 1.0 1.0 1.0 1.0 1.0 1.0 1.0 1.0 1.0 1.0 1.0 1.0 1.0 1.0 1.0 1.0 1.0 1.0 1.0 1.0 1.0 1.0 1.0 1.0 1.0 1.0 1.0 1.0 1.0 1.0 1.0 1.0 1.0 1.0 1.0 1.0 1.0 1.0 1.0 1.0 1.0 1.0 1.0 1.0 1.0 1.0 1.0 1.0 1.0 1.0 1.0 1.0 1.0 1.0 1.0 1.0 1.0 1.0 1.0 1.0 1.0 1.0 1.0 1.0 1.0 1.0 1.0 1.0 1.0 1.0 1.0 1.0 1.0 1.0 1.0 1.0 1.0 1.0 1.0 1.0 1.0 1.0 1.0 1.0 1.0 1.0 1.0 1.0 1.0 1.0 1.0 1.0 1.0 
1.0 1.0 1.0 1.0 1.0 1.0 1.0 1.0 1.0 0.0 1.0 1.0 1.0 1.0 1.0 1.0 1.0 1.0 1.0 1.0 1.0 1.0 1.0 1.0 1.0 1.0 1.0 1.0 1.0 1.0 1.0 1.0 1.0 1.0 1.0 1.0 1.0 1.0 1.0 1.0 1.0 1.0 1.0 1.0 1.0 1.0 1.0 1.0 1.0 1.0 1.0 1.0 1.0 1.0 1.0 1.0 1.0 1.0 1.0 1.0 1.0 1.0 1.0 1.0 1.0 1.0 1.0 1.0 1.0 1.0 1.0 1.0 1.0 1.0 1.0 1.0 1.0 1.0 1.0 1.0 1.0 1.0 1.0 1.0 1.0 1.0 1.0 1.0 1.0 1.0 1.0 1.0 1.0 1.0 1.0 1.0 1.0 1.0 1.0 1.0 1.0 1.0 1.0 1.0 1.0 1.0 1.0 1.0 1.0 1.0 1.0 1.0 1.0 1.0 1.0 1.0 1.0 1.0 1.0 1.0 1.0 1.0 1.0 1.0 1.0 1.0 1.0 1.0 
1.0 1.0 1.0 1.0 1.0 1.0 1.0 1.0 1.0 1.0 0.0 1.0 1.0 1.0 1.0 1.0 1.0 1.0 1.0 1.0 1.0 1.0 1.0 1.0 1.0 1.0 1.0 1.0 1.0 1.0 1.0 1.0 1.0 1.0 1.0 1.0 1.0 1.0 1.0 1.0 1.0 1.0 1.0 1.0 1.0 1.0 1.0 1.0 1.0 1.0 1.0 1.0 1.0 1.0 1.0 1.0 1.0 1.0 1.0 1.0 1.0 1.0 1.0 1.0 1.0 1.0 1.0 1.0 1.0 1.0 1.0 1.0 1.0 1.0 1.0 1.0 1.0 1.0 1.0 1.0 1.0 1.0 1.0 1.0 1.0 1.0 1.0 1.0 1.0 1.0 1.0 1.0 1.0 1.0 1.0 1.0 1.0 1.0 1.0 1.0 1.0 1.0 1.0 1.0 1.0 1.0 1.0 1.0 1.0 1.0 1.0 1.0 1.0 1.0 1.0 1.0 1.0 1.0 1.0 1.0 1.0 1.0 1.0 1.0 1.0 1.0 1.0 1.0 
1.0 1.0 1.0 1.0 1.0 1.0 1.0 1.0 1.0 1.0 1.0 0.0 1.0 1.0 1.0 1.0 1.0 1.0 1.0 1.0 1.0 1.0 1.0 1.0 1.0 1.0 1.0 1.0 1.0 1.0 1.0 1.0 1.0 1.0 1.0 1.0 1.0 1.0 1.0 1.0 1.0 1.0 1.0 1.0 1.0 1.0 1.0 1.0 1.0 1.0 1.0 1.0 1.0 1.0 1.0 1.0 1.0 1.0 1.0 1.0 1.0 1.0 1.0 1.0 1.0 1.0 1.0 1.0 1.0 1.0 1.0 1.0 1.0 1.0 1.0 1.0 1.0 1.0 1.0 1.0 1.0 1.0 1.0 1.0 1.0 1.0 1.0 1.0 1.0 1.0 1.0 1.0 1.0 1.0 1.0 1.0 1.0 1.0 1.0 1.0 1.0 1.0 1.0 1.0 1.0 1.0 1.0 1.0 1.0 1.0 1.0 1.0 1.0 1.0 1.0 1.0 1.0 1.0 1.0 1.0 1.0 1.0 1.0 1.0 1.0 1.0 1.0 1.0 
1.0 1.0 1.0 1.0 1.0 1.0 1.0 1.0 1.0 1.0 1.0 1.0 0.0 1.0 1.0 1.0 1.0 1.0 1.0 1.0 1.0 1.0 1.0 1.0 1.0 1.0 1.0 1.0 1.0 1.0 1.0 1.0 1.0 1.0 1.0 1.0 1.0 1.0 1.0 1.0 1.0 1.0 1.0 1.0 1.0 1.0 1.0 1.0 1.0 1.0 1.0 1.0 1.0 1.0 1.0 1.0 1.0 1.0 1.0 1.0 1.0 1.0 1.0 1.0 1.0 1.0 1.0 1.0 1.0 1.0 1.0 1.0 1.0 1.0 1.0 1.0 1.0 1.0 1.0 1.0 1.0 1.0 1.0 1.0 1.0 1.0 1.0 1.0 1.0 1.0 1.0 1.0 1.0 1.0 1.0 1.0 1.0 1.0 1.0 1.0 1.0 1.0 1.0 1.0 1.0 1.0 1.0 1.0 1.0 1.0 1.0 1.0 1.0 1.0 1.0 1.0 1.0 1.0 1.0 1.0 1.0 1.0 1.0 1.0 1.0 1.0 1.0 1.0 
1.0 1.0 1.0 1.0 1.0 1.0 1.0 1.0 1.0 1.0 1.0 1.0 1.0 0.0 1.0 1.0 1.0 1.0 1.0 1.0 1.0 1.0 1.0 1.0 1.0 1.0 1.0 1.0 1.0 1.0 1.0 1.0 1.0 1.0 1.0 1.0 1.0 1.0 1.0 1.0 1.0 1.0 1.0 1.0 1.0 1.0 1.0 1.0 1.0 1.0 1.0 1.0 1.0 1.0 1.0 1.0 1.0 1.0 1.0 1.0 1.0 1.0 1.0 1.0 1.0 1.0 1.0 1.0 1.0 1.0 1.0 1.0 1.0 1.0 1.0 1.0 1.0 1.0 1.0 1.0 1.0 1.0 1.0 1.0 1.0 1.0 1.0 1.0 1.0 1.0 1.0 1.0 1.0 1.0 1.0 1.0 1.0 1.0 1.0 1.0 1.0 1.0 1.0 1.0 1.0 1.0 1.0 1.0 1.0 1.0 1.0 1.0 1.0 1.0 1.0 1.0 1.0 1.0 1.0 1.0 1.0 1.0 1.0 1.0 1.0 1.0 1.0 1.0 
1.0 1.0 1.0 1.0 1.0 1.0 1.0 1.0 1.0 1.0 1.0 1.0 1.0 1.0 0.0 1.0 1.0 1.0 1.0 1.0 1.0 1.0 1.0 1.0 1.0 1.0 1.0 1.0 1.0 1.0 1.0 1.0 1.0 1.0 1.0 1.0 1.0 1.0 1.0 1.0 1.0 1.0 1.0 1.0 1.0 1.0 1.0 1.0 1.0 1.0 1.0 1.0 1.0 1.0 1.0 1.0 1.0 1.0 1.0 1.0 1.0 1.0 1.0 1.0 1.0 1.0 1.0 1.0 1.0 1.0 1.0 1.0 1.0 1.0 1.0 1.0 1.0 1.0 1.0 1.0 1.0 1.0 1.0 1.0 1.0 1.0 1.0 1.0 1.0 1.0 1.0 1.0 1.0 1.0 1.0 1.0 1.0 1.0 1.0 1.0 1.0 1.0 1.0 1.0 1.0 1.0 1.0 1.0 1.0 1.0 1.0 1.0 1.0 1.0 1.0 1.0 1.0 1.0 1.0 1.0 1.0 1.0 1.0 1.0 1.0 1.0 1.0 1.0 
1.0 1.0 1.0 1.0 1.0 1.0 1.0 1.0 1.0 1.0 1.0 1.0 1.0 1.0 1.0 0.0 1.0 1.0 1.0 1.0 1.0 1.0 1.0 1.0 1.0 1.0 1.0 1.0 1.0 1.0 1.0 1.0 1.0 1.0 1.0 1.0 1.0 1.0 1.0 1.0 1.0 1.0 1.0 1.0 1.0 1.0 1.0 1.0 1.0 1.0 1.0 1.0 1.0 1.0 1.0 1.0 1.0 1.0 1.0 1.0 1.0 1.0 1.0 1.0 1.0 1.0 1.0 1.0 1.0 1.0 1.0 1.0 1.0 1.0 1.0 1.0 1.0 1.0 1.0 1.0 1.0 1.0 1.0 1.0 1.0 1.0 1.0 1.0 1.0 1.0 1.0 1.0 1.0 1.0 1.0 1.0 1.0 1.0 1.0 1.0 1.0 1.0 1.0 1.0 1.0 1.0 1.0 1.0 1.0 1.0 1.0 1.0 1.0 1.0 1.0 1.0 1.0 1.0 1.0 1.0 1.0 1.0 1.0 1.0 1.0 1.0 1.0 1.0 
1.0 1.0 1.0 1.0 1.0 1.0 1.0 1.0 1.0 1.0 1.0 1.0 1.0 1.0 1.0 1.0 0.0 1.0 1.0 1.0 1.0 1.0 1.0 1.0 1.0 1.0 1.0 1.0 1.0 1.0 1.0 1.0 1.0 1.0 1.0 1.0 1.0 1.0 1.0 1.0 1.0 1.0 1.0 1.0 1.0 1.0 1.0 1.0 1.0 1.0 1.0 1.0 1.0 1.0 1.0 1.0 1.0 1.0 1.0 1.0 1.0 1.0 1.0 1.0 1.0 1.0 1.0 1.0 1.0 1.0 1.0 1.0 1.0 1.0 1.0 1.0 1.0 1.0 1.0 1.0 1.0 1.0 1.0 1.0 1.0 1.0 1.0 1.0 1.0 1.0 1.0 1.0 1.0 1.0 1.0 1.0 1.0 1.0 1.0 1.0 1.0 1.0 1.0 1.0 1.0 1.0 1.0 1.0 1.0 1.0 1.0 1.0 1.0 1.0 1.0 1.0 1.0 1.0 1.0 1.0 1.0 1.0 1.0 1.0 1.0 1.0 1.0 1.0 
1.0 1.0 1.0 1.0 1.0 1.0 1.0 1.0 1.0 1.0 1.0 1.0 1.0 1.0 1.0 1.0 1.0 0.0 1.0 1.0 1.0 1.0 1.0 1.0 1.0 1.0 1.0 1.0 1.0 1.0 1.0 1.0 1.0 1.0 1.0 1.0 1.0 1.0 1.0 1.0 1.0 1.0 1.0 1.0 1.0 1.0 1.0 1.0 1.0 1.0 1.0 1.0 1.0 1.0 1.0 1.0 1.0 1.0 1.0 1.0 1.0 1.0 1.0 1.0 1.0 1.0 1.0 1.0 1.0 1.0 1.0 1.0 1.0 1.0 1.0 1.0 1.0 1.0 1.0 1.0 1.0 1.0 1.0 1.0 1.0 1.0 1.0 1.0 1.0 1.0 1.0 1.0 1.0 1.0 1.0 1.0 1.0 1.0 1.0 1.0 1.0 1.0 1.0 1.0 1.0 1.0 1.0 1.0 1.0 1.0 1.0 1.0 1.0 1.0 1.0 1.0 1.0 1.0 1.0 1.0 1.0 1.0 1.0 1.0 1.0 1.0 1.0 1.0 
1.0 1.0 1.0 1.0 1.0 1.0 1.0 1.0 1.0 1.0 1.0 1.0 1.0 1.0 1.0 1.0 1.0 1.0 0.0 1.0 1.0 1.0 1.0 1.0 1.0 1.0 1.0 1.0 1.0 1.0 1.0 1.0 1.0 1.0 1.0 1.0 1.0 1.0 1.0 1.0 1.0 1.0 1.0 1.0 1.0 1.0 1.0 1.0 1.0 1.0 1.0 1.0 1.0 1.0 1.0 1.0 1.0 1.0 1.0 1.0 1.0 1.0 1.0 1.0 1.0 1.0 1.0 1.0 1.0 1.0 1.0 1.0 1.0 1.0 1.0 1.0 1.0 1.0 1.0 1.0 1.0 1.0 1.0 1.0 1.0 1.0 1.0 1.0 1.0 1.0 1.0 1.0 1.0 1.0 1.0 1.0 1.0 1.0 1.0 1.0 1.0 1.0 1.0 1.0 1.0 1.0 1.0 1.0 1.0 1.0 1.0 1.0 1.0 1.0 1.0 1.0 1.0 1.0 1.0 1.0 1.0 1.0 1.0 1.0 1.0 1.0 1.0 1.0 
1.0 1.0 1.0 1.0 1.0 1.0 1.0 1.0 1.0 1.0 1.0 1.0 1.0 1.0 1.0 1.0 1.0 1.0 1.0 0.0 1.0 1.0 1.0 1.0 1.0 1.0 1.0 1.0 1.0 1.0 1.0 1.0 1.0 1.0 1.0 1.0 1.0 1.0 1.0 1.0 1.0 1.0 1.0 1.0 1.0 1.0 1.0 1.0 1.0 1.0 1.0 1.0 1.0 1.0 1.0 1.0 1.0 1.0 1.0 1.0 1.0 1.0 1.0 1.0 1.0 1.0 1.0 1.0 1.0 1.0 1.0 1.0 1.0 1.0 1.0 1.0 1.0 1.0 1.0 1.0 1.0 1.0 1.0 1.0 1.0 1.0 1.0 1.0 1.0 1.0 1.0 1.0 1.0 1.0 1.0 1.0 1.0 1.0 1.0 1.0 1.0 1.0 1.0 1.0 1.0 1.0 1.0 1.0 1.0 1.0 1.0 1.0 1.0 1.0 1.0 1.0 1.0 1.0 1.0 1.0 1.0 1.0 1.0 1.0 1.0 1.0 1.0 1.0 
1.0 1.0 1.0 1.0 1.0 1.0 1.0 1.0 1.0 1.0 1.0 1.0 1.0 1.0 1.0 1.0 1.0 1.0 1.0 1.0 0.0 1.0 1.0 1.0 1.0 1.0 1.0 1.0 1.0 1.0 1.0 1.0 1.0 1.0 1.0 1.0 1.0 1.0 1.0 1.0 1.0 1.0 1.0 1.0 1.0 1.0 1.0 1.0 1.0 1.0 1.0 1.0 1.0 1.0 1.0 1.0 1.0 1.0 1.0 1.0 1.0 1.0 1.0 1.0 1.0 1.0 1.0 1.0 1.0 1.0 1.0 1.0 1.0 1.0 1.0 1.0 1.0 1.0 1.0 1.0 1.0 1.0 1.0 1.0 1.0 1.0 1.0 1.0 1.0 1.0 1.0 1.0 1.0 1.0 1.0 1.0 1.0 1.0 1.0 1.0 1.0 1.0 1.0 1.0 1.0 1.0 1.0 1.0 1.0 1.0 1.0 1.0 1.0 1.0 1.0 1.0 1.0 1.0 1.0 1.0 1.0 1.0 1.0 1.0 1.0 1.0 1.0 1.0 
1.0 1.0 1.0 1.0 1.0 1.0 1.0 1.0 1.0 1.0 1.0 1.0 1.0 1.0 1.0 1.0 1.0 1.0 1.0 1.0 1.0 0.0 1.0 1.0 1.0 1.0 1.0 1.0 1.0 1.0 1.0 1.0 1.0 1.0 1.0 1.0 1.0 1.0 1.0 1.0 1.0 1.0 1.0 1.0 1.0 1.0 1.0 1.0 1.0 1.0 1.0 1.0 1.0 1.0 1.0 1.0 1.0 1.0 1.0 1.0 1.0 1.0 1.0 1.0 1.0 1.0 1.0 1.0 1.0 1.0 1.0 1.0 1.0 1.0 1.0 1.0 1.0 1.0 1.0 1.0 1.0 1.0 1.0 1.0 1.0 1.0 1.0 1.0 1.0 1.0 1.0 1.0 1.0 1.0 1.0 1.0 1.0 1.0 1.0 1.0 1.0 1.0 1.0 1.0 1.0 1.0 1.0 1.0 1.0 1.0 1.0 1.0 1.0 1.0 1.0 1.0 1.0 1.0 1.0 1.0 1.0 1.0 1.0 1.0 1.0 1.0 1.0 1.0 
1.0 1.0 1.0 1.0 1.0 1.0 1.0 1.0 1.0 1.0 1.0 1.0 1.0 1.0 1.0 1.0 1.0 1.0 1.0 1.0 1.0 1.0 0.0 1.0 1.0 1.0 1.0 1.0 1.0 1.0 1.0 1.0 1.0 1.0 1.0 1.0 1.0 1.0 1.0 1.0 1.0 1.0 1.0 1.0 1.0 1.0 1.0 1.0 1.0 1.0 1.0 1.0 1.0 1.0 1.0 1.0 1.0 1.0 1.0 1.0 1.0 1.0 1.0 1.0 1.0 1.0 1.0 1.0 1.0 1.0 1.0 1.0 1.0 1.0 1.0 1.0 1.0 1.0 1.0 1.0 1.0 1.0 1.0 1.0 1.0 1.0 1.0 1.0 1.0 1.0 1.0 1.0 1.0 1.0 1.0 1.0 1.0 1.0 1.0 1.0 1.0 1.0 1.0 1.0 1.0 1.0 1.0 1.0 1.0 1.0 1.0 1.0 1.0 1.0 1.0 1.0 1.0 1.0 1.0 1.0 1.0 1.0 1.0 1.0 1.0 1.0 1.0 1.0 
1.0 1.0 1.0 1.0 1.0 1.0 1.0 1.0 1.0 1.0 1.0 1.0 1.0 1.0 1.0 1.0 1.0 1.0 1.0 1.0 1.0 1.0 1.0 0.0 1.0 1.0 1.0 1.0 1.0 1.0 1.0 1.0 1.0 1.0 1.0 1.0 1.0 1.0 1.0 1.0 1.0 1.0 1.0 1.0 1.0 1.0 1.0 1.0 1.0 1.0 1.0 1.0 1.0 1.0 1.0 1.0 1.0 1.0 1.0 1.0 1.0 1.0 1.0 1.0 1.0 1.0 1.0 1.0 1.0 1.0 1.0 1.0 1.0 1.0 1.0 1.0 1.0 1.0 1.0 1.0 1.0 1.0 1.0 1.0 1.0 1.0 1.0 1.0 1.0 1.0 1.0 1.0 1.0 1.0 1.0 1.0 1.0 1.0 1.0 1.0 1.0 1.0 1.0 1.0 1.0 1.0 1.0 1.0 1.0 1.0 1.0 1.0 1.0 1.0 1.0 1.0 1.0 1.0 1.0 1.0 1.0 1.0 1.0 1.0 1.0 1.0 1.0 1.0 
1.0 1.0 1.0 1.0 1.0 1.0 1.0 1.0 1.0 1.0 1.0 1.0 1.0 1.0 1.0 1.0 1.0 1.0 1.0 1.0 1.0 1.0 1.0 1.0 0.0 1.0 1.0 1.0 1.0 1.0 1.0 1.0 1.0 1.0 1.0 1.0 1.0 1.0 1.0 1.0 1.0 1.0 1.0 1.0 1.0 1.0 1.0 1.0 1.0 1.0 1.0 1.0 1.0 1.0 1.0 1.0 1.0 1.0 1.0 1.0 1.0 1.0 1.0 1.0 1.0 1.0 1.0 1.0 1.0 1.0 1.0 1.0 1.0 1.0 1.0 1.0 1.0 1.0 1.0 1.0 1.0 1.0 1.0 1.0 1.0 1.0 1.0 1.0 1.0 1.0 1.0 1.0 1.0 1.0 1.0 1.0 1.0 1.0 1.0 1.0 1.0 1.0 1.0 1.0 1.0 1.0 1.0 1.0 1.0 1.0 1.0 1.0 1.0 1.0 1.0 1.0 1.0 1.0 1.0 1.0 1.0 1.0 1.0 1.0 1.0 1.0 1.0 1.0 
1.0 1.0 1.0 1.0 1.0 1.0 1.0 1.0 1.0 1.0 1.0 1.0 1.0 1.0 1.0 1.0 1.0 1.0 1.0 1.0 1.0 1.0 1.0 1.0 1.0 0.0 1.0 1.0 1.0 1.0 1.0 1.0 1.0 1.0 1.0 1.0 1.0 1.0 1.0 1.0 1.0 1.0 1.0 1.0 1.0 1.0 1.0 1.0 1.0 1.0 1.0 1.0 1.0 1.0 1.0 1.0 1.0 1.0 1.0 1.0 1.0 1.0 1.0 1.0 1.0 1.0 1.0 1.0 1.0 1.0 1.0 1.0 1.0 1.0 1.0 1.0 1.0 1.0 1.0 1.0 1.0 1.0 1.0 1.0 1.0 1.0 1.0 1.0 1.0 1.0 1.0 1.0 1.0 1.0 1.0 1.0 1.0 1.0 1.0 1.0 1.0 1.0 1.0 1.0 1.0 1.0 1.0 1.0 1.0 1.0 1.0 1.0 1.0 1.0 1.0 1.0 1.0 1.0 1.0 1.0 1.0 1.0 1.0 1.0 1.0 1.0 1.0 1.0 
1.0 1.0 1.0 1.0 1.0 1.0 1.0 1.0 1.0 1.0 1.0 1.0 1.0 1.0 1.0 1.0 1.0 1.0 1.0 1.0 1.0 1.0 1.0 1.0 1.0 1.0 0.0 1.0 1.0 1.0 1.0 1.0 1.0 1.0 1.0 1.0 1.0 1.0 1.0 1.0 1.0 1.0 1.0 1.0 1.0 1.0 1.0 1.0 1.0 1.0 1.0 1.0 1.0 1.0 1.0 1.0 1.0 1.0 1.0 1.0 1.0 1.0 1.0 1.0 1.0 1.0 1.0 1.0 1.0 1.0 1.0 1.0 1.0 1.0 1.0 1.0 1.0 1.0 1.0 1.0 1.0 1.0 1.0 1.0 1.0 1.0 1.0 1.0 1.0 1.0 1.0 1.0 1.0 1.0 1.0 1.0 1.0 1.0 1.0 1.0 1.0 1.0 1.0 1.0 1.0 1.0 1.0 1.0 1.0 1.0 1.0 1.0 1.0 1.0 1.0 1.0 1.0 1.0 1.0 1.0 1.0 1.0 1.0 1.0 1.0 1.0 1.0 1.0 
1.0 1.0 1.0 1.0 1.0 1.0 1.0 1.0 1.0 1.0 1.0 1.0 1.0 1.0 1.0 1.0 1.0 1.0 1.0 1.0 1.0 1.0 1.0 1.0 1.0 1.0 1.0 0.0 1.0 1.0 1.0 1.0 1.0 1.0 1.0 1.0 1.0 1.0 1.0 1.0 1.0 1.0 1.0 1.0 1.0 1.0 1.0 1.0 1.0 1.0 1.0 1.0 1.0 1.0 1.0 1.0 1.0 1.0 1.0 1.0 1.0 1.0 1.0 1.0 1.0 1.0 1.0 1.0 1.0 1.0 1.0 1.0 1.0 1.0 1.0 1.0 1.0 1.0 1.0 1.0 1.0 1.0 1.0 1.0 1.0 1.0 1.0 1.0 1.0 1.0 1.0 1.0 1.0 1.0 1.0 1.0 1.0 1.0 1.0 1.0 1.0 1.0 1.0 1.0 1.0 1.0 1.0 1.0 1.0 1.0 1.0 1.0 1.0 1.0 1.0 1.0 1.0 1.0 1.0 1.0 1.0 1.0 1.0 1.0 1.0 1.0 1.0 1.0 
1.0 1.0 1.0 1.0 1.0 1.0 1.0 1.0 1.0 1.0 1.0 1.0 1.0 1.0 1.0 1.0 1.0 1.0 1.0 1.0 1.0 1.0 1.0 1.0 1.0 1.0 1.0 1.0 0.0 1.0 1.0 1.0 1.0 1.0 1.0 1.0 1.0 1.0 1.0 1.0 1.0 1.0 1.0 1.0 1.0 1.0 1.0 1.0 1.0 1.0 1.0 1.0 1.0 1.0 1.0 1.0 1.0 1.0 1.0 1.0 1.0 1.0 1.0 1.0 1.0 1.0 1.0 1.0 1.0 1.0 1.0 1.0 1.0 1.0 1.0 1.0 1.0 1.0 1.0 1.0 1.0 1.0 1.0 1.0 1.0 1.0 1.0 1.0 1.0 1.0 1.0 1.0 1.0 1.0 1.0 1.0 1.0 1.0 1.0 1.0 1.0 1.0 1.0 1.0 1.0 1.0 1.0 1.0 1.0 1.0 1.0 1.0 1.0 1.0 1.0 1.0 1.0 1.0 1.0 1.0 1.0 1.0 1.0 1.0 1.0 1.0 1.0 1.0 
1.0 1.0 1.0 1.0 1.0 1.0 1.0 1.0 1.0 1.0 1.0 1.0 1.0 1.0 1.0 1.0 1.0 1.0 1.0 1.0 1.0 1.0 1.0 1.0 1.0 1.0 1.0 1.0 1.0 0.0 1.0 1.0 1.0 1.0 1.0 1.0 1.0 1.0 1.0 1.0 1.0 1.0 1.0 1.0 1.0 1.0 1.0 1.0 1.0 1.0 1.0 1.0 1.0 1.0 1.0 1.0 1.0 1.0 1.0 1.0 1.0 1.0 1.0 1.0 1.0 1.0 1.0 1.0 1.0 1.0 1.0 1.0 1.0 1.0 1.0 1.0 1.0 1.0 1.0 1.0 1.0 1.0 1.0 1.0 1.0 1.0 1.0 1.0 1.0 1.0 1.0 1.0 1.0 1.0 1.0 1.0 1.0 1.0 1.0 1.0 1.0 1.0 1.0 1.0 1.0 1.0 1.0 1.0 1.0 1.0 1.0 1.0 1.0 1.0 1.0 1.0 1.0 1.0 1.0 1.0 1.0 1.0 1.0 1.0 1.0 1.0 1.0 1.0 
1.0 1.0 1.0 1.0 1.0 1.0 1.0 1.0 1.0 1.0 1.0 1.0 1.0 1.0 1.0 1.0 1.0 1.0 1.0 1.0 1.0 1.0 1.0 1.0 1.0 1.0 1.0 1.0 1.0 1.0 0.0 1.0 1.0 1.0 1.0 1.0 1.0 1.0 1.0 1.0 1.0 1.0 1.0 1.0 1.0 1.0 1.0 1.0 1.0 1.0 1.0 1.0 1.0 1.0 1.0 1.0 1.0 1.0 1.0 1.0 1.0 1.0 1.0 1.0 1.0 1.0 1.0 1.0 1.0 1.0 1.0 1.0 1.0 1.0 1.0 1.0 1.0 1.0 1.0 1.0 1.0 1.0 1.0 1.0 1.0 1.0 1.0 1.0 1.0 1.0 1.0 1.0 1.0 1.0 1.0 1.0 1.0 1.0 1.0 1.0 1.0 1.0 1.0 1.0 1.0 1.0 1.0 1.0 1.0 1.0 1.0 1.0 1.0 1.0 1.0 1.0 1.0 1.0 1.0 1.0 1.0 1.0 1.0 1.0 1.0 1.0 1.0 1.0 
1.0 1.0 1.0 1.0 1.0 1.0 1.0 1.0 1.0 1.0 1.0 1.0 1.0 1.0 1.0 1.0 1.0 1.0 1.0 1.0 1.0 1.0 1.0 1.0 1.0 1.0 1.0 1.0 1.0 1.0 1.0 0.0 1.0 1.0 1.0 1.0 1.0 1.0 1.0 1.0 1.0 1.0 1.0 1.0 1.0 1.0 1.0 1.0 1.0 1.0 1.0 1.0 1.0 1.0 1.0 1.0 1.0 1.0 1.0 1.0 1.0 1.0 1.0 1.0 1.0 1.0 1.0 1.0 1.0 1.0 1.0 1.0 1.0 1.0 1.0 1.0 1.0 1.0 1.0 1.0 1.0 1.0 1.0 1.0 1.0 1.0 1.0 1.0 1.0 1.0 1.0 1.0 1.0 1.0 1.0 1.0 1.0 1.0 1.0 1.0 1.0 1.0 1.0 1.0 1.0 1.0 1.0 1.0 1.0 1.0 1.0 1.0 1.0 1.0 1.0 1.0 1.0 1.0 1.0 1.0 1.0 1.0 1.0 1.0 1.0 1.0 1.0 1.0 
1.0 1.0 1.0 1.0 1.0 1.0 1.0 1.0 1.0 1.0 1.0 1.0 1.0 1.0 1.0 1.0 1.0 1.0 1.0 1.0 1.0 1.0 1.0 1.0 1.0 1.0 1.0 1.0 1.0 1.0 1.0 1.0 0.0 1.0 1.0 1.0 1.0 1.0 1.0 1.0 1.0 1.0 1.0 1.0 1.0 1.0 1.0 1.0 1.0 1.0 1.0 1.0 1.0 1.0 1.0 1.0 1.0 1.0 1.0 1.0 1.0 1.0 1.0 1.0 1.0 1.0 1.0 1.0 1.0 1.0 1.0 1.0 1.0 1.0 1.0 1.0 1.0 1.0 1.0 1.0 1.0 1.0 1.0 1.0 1.0 1.0 1.0 1.0 1.0 1.0 1.0 1.0 1.0 1.0 1.0 1.0 1.0 1.0 1.0 1.0 1.0 1.0 1.0 1.0 1.0 1.0 1.0 1.0 1.0 1.0 1.0 1.0 1.0 1.0 1.0 1.0 1.0 1.0 1.0 1.0 1.0 1.0 1.0 1.0 1.0 1.0 1.0 1.0 
1.0 1.0 1.0 1.0 1.0 1.0 1.0 1.0 1.0 1.0 1.0 1.0 1.0 1.0 1.0 1.0 1.0 1.0 1.0 1.0 1.0 1.0 1.0 1.0 1.0 1.0 1.0 1.0 1.0 1.0 1.0 1.0 1.0 0.0 1.0 1.0 1.0 1.0 1.0 1.0 1.0 1.0 1.0 1.0 1.0 1.0 1.0 1.0 1.0 1.0 1.0 1.0 1.0 1.0 1.0 1.0 1.0 1.0 1.0 1.0 1.0 1.0 1.0 1.0 1.0 1.0 1.0 1.0 1.0 1.0 1.0 1.0 1.0 1.0 1.0 1.0 1.0 1.0 1.0 1.0 1.0 1.0 1.0 1.0 1.0 1.0 1.0 1.0 1.0 1.0 1.0 1.0 1.0 1.0 1.0 1.0 1.0 1.0 1.0 1.0 1.0 1.0 1.0 1.0 1.0 1.0 1.0 1.0 1.0 1.0 1.0 1.0 1.0 1.0 1.0 1.0 1.0 1.0 1.0 1.0 1.0 1.0 1.0 1.0 1.0 1.0 1.0 1.0 
1.0 1.0 1.0 1.0 1.0 1.0 1.0 1.0 1.0 1.0 1.0 1.0 1.0 1.0 1.0 1.0 1.0 1.0 1.0 1.0 1.0 1.0 1.0 1.0 1.0 1.0 1.0 1.0 1.0 1.0 1.0 1.0 1.0 1.0 0.0 1.0 1.0 1.0 1.0 1.0 1.0 1.0 1.0 1.0 1.0 1.0 1.0 1.0 1.0 1.0 1.0 1.0 1.0 1.0 1.0 1.0 1.0 1.0 1.0 1.0 1.0 1.0 1.0 1.0 1.0 1.0 1.0 1.0 1.0 1.0 1.0 1.0 1.0 1.0 1.0 1.0 1.0 1.0 1.0 1.0 1.0 1.0 1.0 1.0 1.0 1.0 1.0 1.0 1.0 1.0 1.0 1.0 1.0 1.0 1.0 1.0 1.0 1.0 1.0 1.0 1.0 1.0 1.0 1.0 1.0 1.0 1.0 1.0 1.0 1.0 1.0 1.0 1.0 1.0 1.0 1.0 1.0 1.0 1.0 1.0 1.0 1.0 1.0 1.0 1.0 1.0 1.0 1.0 
1.0 1.0 1.0 1.0 1.0 1.0 1.0 1.0 1.0 1.0 1.0 1.0 1.0 1.0 1.0 1.0 1.0 1.0 1.0 1.0 1.0 1.0 1.0 1.0 1.0 1.0 1.0 1.0 1.0 1.0 1.0 1.0 1.0 1.0 1.0 0.0 1.0 1.0 1.0 1.0 1.0 1.0 1.0 1.0 1.0 1.0 1.0 1.0 1.0 1.0 1.0 1.0 1.0 1.0 1.0 1.0 1.0 1.0 1.0 1.0 1.0 1.0 1.0 1.0 1.0 1.0 1.0 1.0 1.0 1.0 1.0 1.0 1.0 1.0 1.0 1.0 1.0 1.0 1.0 1.0 1.0 1.0 1.0 1.0 1.0 1.0 1.0 1.0 1.0 1.0 1.0 1.0 1.0 1.0 1.0 1.0 1.0 1.0 1.0 1.0 1.0 1.0 1.0 1.0 1.0 1.0 1.0 1.0 1.0 1.0 1.0 1.0 1.0 1.0 1.0 1.0 1.0 1.0 1.0 1.0 1.0 1.0 1.0 1.0 1.0 1.0 1.0 1.0 
1.0 1.0 1.0 1.0 1.0 1.0 1.0 1.0 1.0 1.0 1.0 1.0 1.0 1.0 1.0 1.0 1.0 1.0 1.0 1.0 1.0 1.0 1.0 1.0 1.0 1.0 1.0 1.0 1.0 1.0 1.0 1.0 1.0 1.0 1.0 1.0 0.0 1.0 1.0 1.0 1.0 1.0 1.0 1.0 1.0 1.0 1.0 1.0 1.0 1.0 1.0 1.0 1.0 1.0 1.0 1.0 1.0 1.0 1.0 1.0 1.0 1.0 1.0 1.0 1.0 1.0 1.0 1.0 1.0 1.0 1.0 1.0 1.0 1.0 1.0 1.0 1.0 1.0 1.0 1.0 1.0 1.0 1.0 1.0 1.0 1.0 1.0 1.0 1.0 1.0 1.0 1.0 1.0 1.0 1.0 1.0 1.0 1.0 1.0 1.0 1.0 1.0 1.0 1.0 1.0 1.0 1.0 1.0 1.0 1.0 1.0 1.0 1.0 1.0 1.0 1.0 1.0 1.0 1.0 1.0 1.0 1.0 1.0 1.0 1.0 1.0 1.0 1.0 
1.0 1.0 1.0 1.0 1.0 1.0 1.0 1.0 1.0 1.0 1.0 1.0 1.0 1.0 1.0 1.0 1.0 1.0 1.0 1.0 1.0 1.0 1.0 1.0 1.0 1.0 1.0 1.0 1.0 1.0 1.0 1.0 1.0 1.0 1.0 1.0 1.0 0.0 1.0 1.0 1.0 1.0 1.0 1.0 1.0 1.0 1.0 1.0 1.0 1.0 1.0 1.0 1.0 1.0 1.0 1.0 1.0 1.0 1.0 1.0 1.0 1.0 1.0 1.0 1.0 1.0 1.0 1.0 1.0 1.0 1.0 1.0 1.0 1.0 1.0 1.0 1.0 1.0 1.0 1.0 1.0 1.0 1.0 1.0 1.0 1.0 1.0 1.0 1.0 1.0 1.0 1.0 1.0 1.0 1.0 1.0 1.0 1.0 1.0 1.0 1.0 1.0 1.0 1.0 1.0 1.0 1.0 1.0 1.0 1.0 1.0 1.0 1.0 1.0 1.0 1.0 1.0 1.0 1.0 1.0 1.0 1.0 1.0 1.0 1.0 1.0 1.0 1.0 
1.0 1.0 1.0 1.0 1.0 1.0 1.0 1.0 1.0 1.0 1.0 1.0 1.0 1.0 1.0 1.0 1.0 1.0 1.0 1.0 1.0 1.0 1.0 1.0 1.0 1.0 1.0 1.0 1.0 1.0 1.0 1.0 1.0 1.0 1.0 1.0 1.0 1.0 0.0 1.0 1.0 1.0 1.0 1.0 1.0 1.0 1.0 1.0 1.0 1.0 1.0 1.0 1.0 1.0 1.0 1.0 1.0 1.0 1.0 1.0 1.0 1.0 1.0 1.0 1.0 1.0 1.0 1.0 1.0 1.0 1.0 1.0 1.0 1.0 1.0 1.0 1.0 1.0 1.0 1.0 1.0 1.0 1.0 1.0 1.0 1.0 1.0 1.0 1.0 1.0 1.0 1.0 1.0 1.0 1.0 1.0 1.0 1.0 1.0 1.0 1.0 1.0 1.0 1.0 1.0 1.0 1.0 1.0 1.0 1.0 1.0 1.0 1.0 1.0 1.0 1.0 1.0 1.0 1.0 1.0 1.0 1.0 1.0 1.0 1.0 1.0 1.0 1.0 
1.0 1.0 1.0 1.0 1.0 1.0 1.0 1.0 1.0 1.0 1.0 1.0 1.0 1.0 1.0 1.0 1.0 1.0 1.0 1.0 1.0 1.0 1.0 1.0 1.0 1.0 1.0 1.0 1.0 1.0 1.0 1.0 1.0 1.0 1.0 1.0 1.0 1.0 1.0 0.0 1.0 1.0 1.0 1.0 1.0 1.0 1.0 1.0 1.0 1.0 1.0 1.0 1.0 1.0 1.0 1.0 1.0 1.0 1.0 1.0 1.0 1.0 1.0 1.0 1.0 1.0 1.0 1.0 1.0 1.0 1.0 1.0 1.0 1.0 1.0 1.0 1.0 1.0 1.0 1.0 1.0 1.0 1.0 1.0 1.0 1.0 1.0 1.0 1.0 1.0 1.0 1.0 1.0 1.0 1.0 1.0 1.0 1.0 1.0 1.0 1.0 1.0 1.0 1.0 1.0 1.0 1.0 1.0 1.0 1.0 1.0 1.0 1.0 1.0 1.0 1.0 1.0 1.0 1.0 1.0 1.0 1.0 1.0 1.0 1.0 1.0 1.0 1.0 
1.0 1.0 1.0 1.0 1.0 1.0 1.0 1.0 1.0 1.0 1.0 1.0 1.0 1.0 1.0 1.0 1.0 1.0 1.0 1.0 1.0 1.0 1.0 1.0 1.0 1.0 1.0 1.0 1.0 1.0 1.0 1.0 1.0 1.0 1.0 1.0 1.0 1.0 1.0 1.0 0.0 1.0 1.0 1.0 1.0 1.0 1.0 1.0 1.0 1.0 1.0 1.0 1.0 1.0 1.0 1.0 1.0 1.0 1.0 1.0 1.0 1.0 1.0 1.0 1.0 1.0 1.0 1.0 1.0 1.0 1.0 1.0 1.0 1.0 1.0 1.0 1.0 1.0 1.0 1.0 1.0 1.0 1.0 1.0 1.0 1.0 1.0 1.0 1.0 1.0 1.0 1.0 1.0 1.0 1.0 1.0 1.0 1.0 1.0 1.0 1.0 1.0 1.0 1.0 1.0 1.0 1.0 1.0 1.0 1.0 1.0 1.0 1.0 1.0 1.0 1.0 1.0 1.0 1.0 1.0 1.0 1.0 1.0 1.0 1.0 1.0 1.0 1.0 
1.0 1.0 1.0 1.0 1.0 1.0 1.0 1.0 1.0 1.0 1.0 1.0 1.0 1.0 1.0 1.0 1.0 1.0 1.0 1.0 1.0 1.0 1.0 1.0 1.0 1.0 1.0 1.0 1.0 1.0 1.0 1.0 1.0 1.0 1.0 1.0 1.0 1.0 1.0 1.0 1.0 0.0 1.0 1.0 1.0 1.0 1.0 1.0 1.0 1.0 1.0 1.0 1.0 1.0 1.0 1.0 1.0 1.0 1.0 1.0 1.0 1.0 1.0 1.0 1.0 1.0 1.0 1.0 1.0 1.0 1.0 1.0 1.0 1.0 1.0 1.0 1.0 1.0 1.0 1.0 1.0 1.0 1.0 1.0 1.0 1.0 1.0 1.0 1.0 1.0 1.0 1.0 1.0 1.0 1.0 1.0 1.0 1.0 1.0 1.0 1.0 1.0 1.0 1.0 1.0 1.0 1.0 1.0 1.0 1.0 1.0 1.0 1.0 1.0 1.0 1.0 1.0 1.0 1.0 1.0 1.0 1.0 1.0 1.0 1.0 1.0 1.0 1.0 
1.0 1.0 1.0 1.0 1.0 1.0 1.0 1.0 1.0 1.0 1.0 1.0 1.0 1.0 1.0 1.0 1.0 1.0 1.0 1.0 1.0 1.0 1.0 1.0 1.0 1.0 1.0 1.0 1.0 1.0 1.0 1.0 1.0 1.0 1.0 1.0 1.0 1.0 1.0 1.0 1.0 1.0 0.0 1.0 1.0 1.0 1.0 1.0 1.0 1.0 1.0 1.0 1.0 1.0 1.0 1.0 1.0 1.0 1.0 1.0 1.0 1.0 1.0 1.0 1.0 1.0 1.0 1.0 1.0 1.0 1.0 1.0 1.0 1.0 1.0 1.0 1.0 1.0 1.0 1.0 1.0 1.0 1.0 1.0 1.0 1.0 1.0 1.0 1.0 1.0 1.0 1.0 1.0 1.0 1.0 1.0 1.0 1.0 1.0 1.0 1.0 1.0 1.0 1.0 1.0 1.0 1.0 1.0 1.0 1.0 1.0 1.0 1.0 1.0 1.0 1.0 1.0 1.0 1.0 1.0 1.0 1.0 1.0 1.0 1.0 1.0 1.0 1.0 
1.0 1.0 1.0 1.0 1.0 1.0 1.0 1.0 1.0 1.0 1.0 1.0 1.0 1.0 1.0 1.0 1.0 1.0 1.0 1.0 1.0 1.0 1.0 1.0 1.0 1.0 1.0 1.0 1.0 1.0 1.0 1.0 1.0 1.0 1.0 1.0 1.0 1.0 1.0 1.0 1.0 1.0 1.0 0.0 1.0 1.0 1.0 1.0 1.0 1.0 1.0 1.0 1.0 1.0 1.0 1.0 1.0 1.0 1.0 1.0 1.0 1.0 1.0 1.0 1.0 1.0 1.0 1.0 1.0 1.0 1.0 1.0 1.0 1.0 1.0 1.0 1.0 1.0 1.0 1.0 1.0 1.0 1.0 1.0 1.0 1.0 1.0 1.0 1.0 1.0 1.0 1.0 1.0 1.0 1.0 1.0 1.0 1.0 1.0 1.0 1.0 1.0 1.0 1.0 1.0 1.0 1.0 1.0 1.0 1.0 1.0 1.0 1.0 1.0 1.0 1.0 1.0 1.0 1.0 1.0 1.0 1.0 1.0 1.0 1.0 1.0 1.0 1.0 
1.0 1.0 1.0 1.0 1.0 1.0 1.0 1.0 1.0 1.0 1.0 1.0 1.0 1.0 1.0 1.0 1.0 1.0 1.0 1.0 1.0 1.0 1.0 1.0 1.0 1.0 1.0 1.0 1.0 1.0 1.0 1.0 1.0 1.0 1.0 1.0 1.0 1.0 1.0 1.0 1.0 1.0 1.0 1.0 0.0 1.0 1.0 1.0 1.0 1.0 1.0 1.0 1.0 1.0 1.0 1.0 1.0 1.0 1.0 1.0 1.0 1.0 1.0 1.0 1.0 1.0 1.0 1.0 1.0 1.0 1.0 1.0 1.0 1.0 1.0 1.0 1.0 1.0 1.0 1.0 1.0 1.0 1.0 1.0 1.0 1.0 1.0 1.0 1.0 1.0 1.0 1.0 1.0 1.0 1.0 1.0 1.0 1.0 1.0 1.0 1.0 1.0 1.0 1.0 1.0 1.0 1.0 1.0 1.0 1.0 1.0 1.0 1.0 1.0 1.0 1.0 1.0 1.0 1.0 1.0 1.0 1.0 1.0 1.0 1.0 1.0 1.0 1.0 
1.0 1.0 1.0 1.0 1.0 1.0 1.0 1.0 1.0 1.0 1.0 1.0 1.0 1.0 1.0 1.0 1.0 1.0 1.0 1.0 1.0 1.0 1.0 1.0 1.0 1.0 1.0 1.0 1.0 1.0 1.0 1.0 1.0 1.0 1.0 1.0 1.0 1.0 1.0 1.0 1.0 1.0 1.0 1.0 1.0 0.0 1.0 1.0 1.0 1.0 1.0 1.0 1.0 1.0 1.0 1.0 1.0 1.0 1.0 1.0 1.0 1.0 1.0 1.0 1.0 1.0 1.0 1.0 1.0 1.0 1.0 1.0 1.0 1.0 1.0 1.0 1.0 1.0 1.0 1.0 1.0 1.0 1.0 1.0 1.0 1.0 1.0 1.0 1.0 1.0 1.0 1.0 1.0 1.0 1.0 1.0 1.0 1.0 1.0 1.0 1.0 1.0 1.0 1.0 1.0 1.0 1.0 1.0 1.0 1.0 1.0 1.0 1.0 1.0 1.0 1.0 1.0 1.0 1.0 1.0 1.0 1.0 1.0 1.0 1.0 1.0 1.0 1.0 
1.0 1.0 1.0 1.0 1.0 1.0 1.0 1.0 1.0 1.0 1.0 1.0 1.0 1.0 1.0 1.0 1.0 1.0 1.0 1.0 1.0 1.0 1.0 1.0 1.0 1.0 1.0 1.0 1.0 1.0 1.0 1.0 1.0 1.0 1.0 1.0 1.0 1.0 1.0 1.0 1.0 1.0 1.0 1.0 1.0 1.0 0.0 1.0 1.0 1.0 1.0 1.0 1.0 1.0 1.0 1.0 1.0 1.0 1.0 1.0 1.0 1.0 1.0 1.0 1.0 1.0 1.0 1.0 1.0 1.0 1.0 1.0 1.0 1.0 1.0 1.0 1.0 1.0 1.0 1.0 1.0 1.0 1.0 1.0 1.0 1.0 1.0 1.0 1.0 1.0 1.0 1.0 1.0 1.0 1.0 1.0 1.0 1.0 1.0 1.0 1.0 1.0 1.0 1.0 1.0 1.0 1.0 1.0 1.0 1.0 1.0 1.0 1.0 1.0 1.0 1.0 1.0 1.0 1.0 1.0 1.0 1.0 1.0 1.0 1.0 1.0 1.0 1.0 
1.0 1.0 1.0 1.0 1.0 1.0 1.0 1.0 1.0 1.0 1.0 1.0 1.0 1.0 1.0 1.0 1.0 1.0 1.0 1.0 1.0 1.0 1.0 1.0 1.0 1.0 1.0 1.0 1.0 1.0 1.0 1.0 1.0 1.0 1.0 1.0 1.0 1.0 1.0 1.0 1.0 1.0 1.0 1.0 1.0 1.0 1.0 0.0 1.0 1.0 1.0 1.0 1.0 1.0 1.0 1.0 1.0 1.0 1.0 1.0 1.0 1.0 1.0 1.0 1.0 1.0 1.0 1.0 1.0 1.0 1.0 1.0 1.0 1.0 1.0 1.0 1.0 1.0 1.0 1.0 1.0 1.0 1.0 1.0 1.0 1.0 1.0 1.0 1.0 1.0 1.0 1.0 1.0 1.0 1.0 1.0 1.0 1.0 1.0 1.0 1.0 1.0 1.0 1.0 1.0 1.0 1.0 1.0 1.0 1.0 1.0 1.0 1.0 1.0 1.0 1.0 1.0 1.0 1.0 1.0 1.0 1.0 1.0 1.0 1.0 1.0 1.0 1.0 
1.0 1.0 1.0 1.0 1.0 1.0 1.0 1.0 1.0 1.0 1.0 1.0 1.0 1.0 1.0 1.0 1.0 1.0 1.0 1.0 1.0 1.0 1.0 1.0 1.0 1.0 1.0 1.0 1.0 1.0 1.0 1.0 1.0 1.0 1.0 1.0 1.0 1.0 1.0 1.0 1.0 1.0 1.0 1.0 1.0 1.0 1.0 1.0 0.0 1.0 1.0 1.0 1.0 1.0 1.0 1.0 1.0 1.0 1.0 1.0 1.0 1.0 1.0 1.0 1.0 1.0 1.0 1.0 1.0 1.0 1.0 1.0 1.0 1.0 1.0 1.0 1.0 1.0 1.0 1.0 1.0 1.0 1.0 1.0 1.0 1.0 1.0 1.0 1.0 1.0 1.0 1.0 1.0 1.0 1.0 1.0 1.0 1.0 1.0 1.0 1.0 1.0 1.0 1.0 1.0 1.0 1.0 1.0 1.0 1.0 1.0 1.0 1.0 1.0 1.0 1.0 1.0 1.0 1.0 1.0 1.0 1.0 1.0 1.0 1.0 1.0 1.0 1.0 
1.0 1.0 1.0 1.0 1.0 1.0 1.0 1.0 1.0 1.0 1.0 1.0 1.0 1.0 1.0 1.0 1.0 1.0 1.0 1.0 1.0 1.0 1.0 1.0 1.0 1.0 1.0 1.0 1.0 1.0 1.0 1.0 1.0 1.0 1.0 1.0 1.0 1.0 1.0 1.0 1.0 1.0 1.0 1.0 1.0 1.0 1.0 1.0 1.0 0.0 1.0 1.0 1.0 1.0 1.0 1.0 1.0 1.0 1.0 1.0 1.0 1.0 1.0 1.0 1.0 1.0 1.0 1.0 1.0 1.0 1.0 1.0 1.0 1.0 1.0 1.0 1.0 1.0 1.0 1.0 1.0 1.0 1.0 1.0 1.0 1.0 1.0 1.0 1.0 1.0 1.0 1.0 1.0 1.0 1.0 1.0 1.0 1.0 1.0 1.0 1.0 1.0 1.0 1.0 1.0 1.0 1.0 1.0 1.0 1.0 1.0 1.0 1.0 1.0 1.0 1.0 1.0 1.0 1.0 1.0 1.0 1.0 1.0 1.0 1.0 1.0 1.0 1.0 
1.0 1.0 1.0 1.0 1.0 1.0 1.0 1.0 1.0 1.0 1.0 1.0 1.0 1.0 1.0 1.0 1.0 1.0 1.0 1.0 1.0 1.0 1.0 1.0 1.0 1.0 1.0 1.0 1.0 1.0 1.0 1.0 1.0 1.0 1.0 1.0 1.0 1.0 1.0 1.0 1.0 1.0 1.0 1.0 1.0 1.0 1.0 1.0 1.0 1.0 0.0 1.0 1.0 1.0 1.0 1.0 1.0 1.0 1.0 1.0 1.0 1.0 1.0 1.0 1.0 1.0 1.0 1.0 1.0 1.0 1.0 1.0 1.0 1.0 1.0 1.0 1.0 1.0 1.0 1.0 1.0 1.0 1.0 1.0 1.0 1.0 1.0 1.0 1.0 1.0 1.0 1.0 1.0 1.0 1.0 1.0 1.0 1.0 1.0 1.0 1.0 1.0 1.0 1.0 1.0 1.0 1.0 1.0 1.0 1.0 1.0 1.0 1.0 1.0 1.0 1.0 1.0 1.0 1.0 1.0 1.0 1.0 1.0 1.0 1.0 1.0 1.0 1.0 
1.0 1.0 1.0 1.0 1.0 1.0 1.0 1.0 1.0 1.0 1.0 1.0 1.0 1.0 1.0 1.0 1.0 1.0 1.0 1.0 1.0 1.0 1.0 1.0 1.0 1.0 1.0 1.0 1.0 1.0 1.0 1.0 1.0 1.0 1.0 1.0 1.0 1.0 1.0 1.0 1.0 1.0 1.0 1.0 1.0 1.0 1.0 1.0 1.0 1.0 1.0 0.0 1.0 1.0 1.0 1.0 1.0 1.0 1.0 1.0 1.0 1.0 1.0 1.0 1.0 1.0 1.0 1.0 1.0 1.0 1.0 1.0 1.0 1.0 1.0 1.0 1.0 1.0 1.0 1.0 1.0 1.0 1.0 1.0 1.0 1.0 1.0 1.0 1.0 1.0 1.0 1.0 1.0 1.0 1.0 1.0 1.0 1.0 1.0 1.0 1.0 1.0 1.0 1.0 1.0 1.0 1.0 1.0 1.0 1.0 1.0 1.0 1.0 1.0 1.0 1.0 1.0 1.0 1.0 1.0 1.0 1.0 1.0 1.0 1.0 1.0 1.0 1.0 
1.0 1.0 1.0 1.0 1.0 1.0 1.0 1.0 1.0 1.0 1.0 1.0 1.0 1.0 1.0 1.0 1.0 1.0 1.0 1.0 1.0 1.0 1.0 1.0 1.0 1.0 1.0 1.0 1.0 1.0 1.0 1.0 1.0 1.0 1.0 1.0 1.0 1.0 1.0 1.0 1.0 1.0 1.0 1.0 1.0 1.0 1.0 1.0 1.0 1.0 1.0 1.0 0.0 1.0 1.0 1.0 1.0 1.0 1.0 1.0 1.0 1.0 1.0 1.0 1.0 1.0 1.0 1.0 1.0 1.0 1.0 1.0 1.0 1.0 1.0 1.0 1.0 1.0 1.0 1.0 1.0 1.0 1.0 1.0 1.0 1.0 1.0 1.0 1.0 1.0 1.0 1.0 1.0 1.0 1.0 1.0 1.0 1.0 1.0 1.0 1.0 1.0 1.0 1.0 1.0 1.0 1.0 1.0 1.0 1.0 1.0 1.0 1.0 1.0 1.0 1.0 1.0 1.0 1.0 1.0 1.0 1.0 1.0 1.0 1.0 1.0 1.0 1.0 
1.0 1.0 1.0 1.0 1.0 1.0 1.0 1.0 1.0 1.0 1.0 1.0 1.0 1.0 1.0 1.0 1.0 1.0 1.0 1.0 1.0 1.0 1.0 1.0 1.0 1.0 1.0 1.0 1.0 1.0 1.0 1.0 1.0 1.0 1.0 1.0 1.0 1.0 1.0 1.0 1.0 1.0 1.0 1.0 1.0 1.0 1.0 1.0 1.0 1.0 1.0 1.0 1.0 0.0 1.0 1.0 1.0 1.0 1.0 1.0 1.0 1.0 1.0 1.0 1.0 1.0 1.0 1.0 1.0 1.0 1.0 1.0 1.0 1.0 1.0 1.0 1.0 1.0 1.0 1.0 1.0 1.0 1.0 1.0 1.0 1.0 1.0 1.0 1.0 1.0 1.0 1.0 1.0 1.0 1.0 1.0 1.0 1.0 1.0 1.0 1.0 1.0 1.0 1.0 1.0 1.0 1.0 1.0 1.0 1.0 1.0 1.0 1.0 1.0 1.0 1.0 1.0 1.0 1.0 1.0 1.0 1.0 1.0 1.0 1.0 1.0 1.0 1.0 
1.0 1.0 1.0 1.0 1.0 1.0 1.0 1.0 1.0 1.0 1.0 1.0 1.0 1.0 1.0 1.0 1.0 1.0 1.0 1.0 1.0 1.0 1.0 1.0 1.0 1.0 1.0 1.0 1.0 1.0 1.0 1.0 1.0 1.0 1.0 1.0 1.0 1.0 1.0 1.0 1.0 1.0 1.0 1.0 1.0 1.0 1.0 1.0 1.0 1.0 1.0 1.0 1.0 1.0 0.0 1.0 1.0 1.0 1.0 1.0 1.0 1.0 1.0 1.0 1.0 1.0 1.0 1.0 1.0 1.0 1.0 1.0 1.0 1.0 1.0 1.0 1.0 1.0 1.0 1.0 1.0 1.0 1.0 1.0 1.0 1.0 1.0 1.0 1.0 1.0 1.0 1.0 1.0 1.0 1.0 1.0 1.0 1.0 1.0 1.0 1.0 1.0 1.0 1.0 1.0 1.0 1.0 1.0 1.0 1.0 1.0 1.0 1.0 1.0 1.0 1.0 1.0 1.0 1.0 1.0 1.0 1.0 1.0 1.0 1.0 1.0 1.0 1.0 
1.0 1.0 1.0 1.0 1.0 1.0 1.0 1.0 1.0 1.0 1.0 1.0 1.0 1.0 1.0 1.0 1.0 1.0 1.0 1.0 1.0 1.0 1.0 1.0 1.0 1.0 1.0 1.0 1.0 1.0 1.0 1.0 1.0 1.0 1.0 1.0 1.0 1.0 1.0 1.0 1.0 1.0 1.0 1.0 1.0 1.0 1.0 1.0 1.0 1.0 1.0 1.0 1.0 1.0 1.0 0.0 1.0 1.0 1.0 1.0 1.0 1.0 1.0 1.0 1.0 1.0 1.0 1.0 1.0 1.0 1.0 1.0 1.0 1.0 1.0 1.0 1.0 1.0 1.0 1.0 1.0 1.0 1.0 1.0 1.0 1.0 1.0 1.0 1.0 1.0 1.0 1.0 1.0 1.0 1.0 1.0 1.0 1.0 1.0 1.0 1.0 1.0 1.0 1.0 1.0 1.0 1.0 1.0 1.0 1.0 1.0 1.0 1.0 1.0 1.0 1.0 1.0 1.0 1.0 1.0 1.0 1.0 1.0 1.0 1.0 1.0 1.0 1.0 
1.0 1.0 1.0 1.0 1.0 1.0 1.0 1.0 1.0 1.0 1.0 1.0 1.0 1.0 1.0 1.0 1.0 1.0 1.0 1.0 1.0 1.0 1.0 1.0 1.0 1.0 1.0 1.0 1.0 1.0 1.0 1.0 1.0 1.0 1.0 1.0 1.0 1.0 1.0 1.0 1.0 1.0 1.0 1.0 1.0 1.0 1.0 1.0 1.0 1.0 1.0 1.0 1.0 1.0 1.0 1.0 0.0 1.0 1.0 1.0 1.0 1.0 1.0 1.0 1.0 1.0 1.0 1.0 1.0 1.0 1.0 1.0 1.0 1.0 1.0 1.0 1.0 1.0 1.0 1.0 1.0 1.0 1.0 1.0 1.0 1.0 1.0 1.0 1.0 1.0 1.0 1.0 1.0 1.0 1.0 1.0 1.0 1.0 1.0 1.0 1.0 1.0 1.0 1.0 1.0 1.0 1.0 1.0 1.0 1.0 1.0 1.0 1.0 1.0 1.0 1.0 1.0 1.0 1.0 1.0 1.0 1.0 1.0 1.0 1.0 1.0 1.0 1.0 
1.0 1.0 1.0 1.0 1.0 1.0 1.0 1.0 1.0 1.0 1.0 1.0 1.0 1.0 1.0 1.0 1.0 1.0 1.0 1.0 1.0 1.0 1.0 1.0 1.0 1.0 1.0 1.0 1.0 1.0 1.0 1.0 1.0 1.0 1.0 1.0 1.0 1.0 1.0 1.0 1.0 1.0 1.0 1.0 1.0 1.0 1.0 1.0 1.0 1.0 1.0 1.0 1.0 1.0 1.0 1.0 1.0 0.0 1.0 1.0 1.0 1.0 1.0 1.0 1.0 1.0 1.0 1.0 1.0 1.0 1.0 1.0 1.0 1.0 1.0 1.0 1.0 1.0 1.0 1.0 1.0 1.0 1.0 1.0 1.0 1.0 1.0 1.0 1.0 1.0 1.0 1.0 1.0 1.0 1.0 1.0 1.0 1.0 1.0 1.0 1.0 1.0 1.0 1.0 1.0 1.0 1.0 1.0 1.0 1.0 1.0 1.0 1.0 1.0 1.0 1.0 1.0 1.0 1.0 1.0 1.0 1.0 1.0 1.0 1.0 1.0 1.0 1.0 
1.0 1.0 1.0 1.0 1.0 1.0 1.0 1.0 1.0 1.0 1.0 1.0 1.0 1.0 1.0 1.0 1.0 1.0 1.0 1.0 1.0 1.0 1.0 1.0 1.0 1.0 1.0 1.0 1.0 1.0 1.0 1.0 1.0 1.0 1.0 1.0 1.0 1.0 1.0 1.0 1.0 1.0 1.0 1.0 1.0 1.0 1.0 1.0 1.0 1.0 1.0 1.0 1.0 1.0 1.0 1.0 1.0 1.0 0.0 1.0 1.0 1.0 1.0 1.0 1.0 1.0 1.0 1.0 1.0 1.0 1.0 1.0 1.0 1.0 1.0 1.0 1.0 1.0 1.0 1.0 1.0 1.0 1.0 1.0 1.0 1.0 1.0 1.0 1.0 1.0 1.0 1.0 1.0 1.0 1.0 1.0 1.0 1.0 1.0 1.0 1.0 1.0 1.0 1.0 1.0 1.0 1.0 1.0 1.0 1.0 1.0 1.0 1.0 1.0 1.0 1.0 1.0 1.0 1.0 1.0 1.0 1.0 1.0 1.0 1.0 1.0 1.0 1.0 
1.0 1.0 1.0 1.0 1.0 1.0 1.0 1.0 1.0 1.0 1.0 1.0 1.0 1.0 1.0 1.0 1.0 1.0 1.0 1.0 1.0 1.0 1.0 1.0 1.0 1.0 1.0 1.0 1.0 1.0 1.0 1.0 1.0 1.0 1.0 1.0 1.0 1.0 1.0 1.0 1.0 1.0 1.0 1.0 1.0 1.0 1.0 1.0 1.0 1.0 1.0 1.0 1.0 1.0 1.0 1.0 1.0 1.0 1.0 0.0 1.0 1.0 1.0 1.0 1.0 1.0 1.0 1.0 1.0 1.0 1.0 1.0 1.0 1.0 1.0 1.0 1.0 1.0 1.0 1.0 1.0 1.0 1.0 1.0 1.0 1.0 1.0 1.0 1.0 1.0 1.0 1.0 1.0 1.0 1.0 1.0 1.0 1.0 1.0 1.0 1.0 1.0 1.0 1.0 1.0 1.0 1.0 1.0 1.0 1.0 1.0 1.0 1.0 1.0 1.0 1.0 1.0 1.0 1.0 1.0 1.0 1.0 1.0 1.0 1.0 1.0 1.0 1.0 
1.0 1.0 1.0 1.0 1.0 1.0 1.0 1.0 1.0 1.0 1.0 1.0 1.0 1.0 1.0 1.0 1.0 1.0 1.0 1.0 1.0 1.0 1.0 1.0 1.0 1.0 1.0 1.0 1.0 1.0 1.0 1.0 1.0 1.0 1.0 1.0 1.0 1.0 1.0 1.0 1.0 1.0 1.0 1.0 1.0 1.0 1.0 1.0 1.0 1.0 1.0 1.0 1.0 1.0 1.0 1.0 1.0 1.0 1.0 1.0 0.0 1.0 1.0 1.0 1.0 1.0 1.0 1.0 1.0 1.0 1.0 1.0 1.0 1.0 1.0 1.0 1.0 1.0 1.0 1.0 1.0 1.0 1.0 1.0 1.0 1.0 1.0 1.0 1.0 1.0 1.0 1.0 1.0 1.0 1.0 1.0 1.0 1.0 1.0 1.0 1.0 1.0 1.0 1.0 1.0 1.0 1.0 1.0 1.0 1.0 1.0 1.0 1.0 1.0 1.0 1.0 1.0 1.0 1.0 1.0 1.0 1.0 1.0 1.0 1.0 1.0 1.0 1.0 
1.0 1.0 1.0 1.0 1.0 1.0 1.0 1.0 1.0 1.0 1.0 1.0 1.0 1.0 1.0 1.0 1.0 1.0 1.0 1.0 1.0 1.0 1.0 1.0 1.0 1.0 1.0 1.0 1.0 1.0 1.0 1.0 1.0 1.0 1.0 1.0 1.0 1.0 1.0 1.0 1.0 1.0 1.0 1.0 1.0 1.0 1.0 1.0 1.0 1.0 1.0 1.0 1.0 1.0 1.0 1.0 1.0 1.0 1.0 1.0 1.0 0.0 1.0 1.0 1.0 1.0 1.0 1.0 1.0 1.0 1.0 1.0 1.0 1.0 1.0 1.0 1.0 1.0 1.0 1.0 1.0 1.0 1.0 1.0 1.0 1.0 1.0 1.0 1.0 1.0 1.0 1.0 1.0 1.0 1.0 1.0 1.0 1.0 1.0 1.0 1.0 1.0 1.0 1.0 1.0 1.0 1.0 1.0 1.0 1.0 1.0 1.0 1.0 1.0 1.0 1.0 1.0 1.0 1.0 1.0 1.0 1.0 1.0 1.0 1.0 1.0 1.0 1.0 
1.0 1.0 1.0 1.0 1.0 1.0 1.0 1.0 1.0 1.0 1.0 1.0 1.0 1.0 1.0 1.0 1.0 1.0 1.0 1.0 1.0 1.0 1.0 1.0 1.0 1.0 1.0 1.0 1.0 1.0 1.0 1.0 1.0 1.0 1.0 1.0 1.0 1.0 1.0 1.0 1.0 1.0 1.0 1.0 1.0 1.0 1.0 1.0 1.0 1.0 1.0 1.0 1.0 1.0 1.0 1.0 1.0 1.0 1.0 1.0 1.0 1.0 0.0 1.0 1.0 1.0 1.0 1.0 1.0 1.0 1.0 1.0 1.0 1.0 1.0 1.0 1.0 1.0 1.0 1.0 1.0 1.0 1.0 1.0 1.0 1.0 1.0 1.0 1.0 1.0 1.0 1.0 1.0 1.0 1.0 1.0 1.0 1.0 1.0 1.0 1.0 1.0 1.0 1.0 1.0 1.0 1.0 1.0 1.0 1.0 1.0 1.0 1.0 1.0 1.0 1.0 1.0 1.0 1.0 1.0 1.0 1.0 1.0 1.0 1.0 1.0 1.0 1.0 
1.0 1.0 1.0 1.0 1.0 1.0 1.0 1.0 1.0 1.0 1.0 1.0 1.0 1.0 1.0 1.0 1.0 1.0 1.0 1.0 1.0 1.0 1.0 1.0 1.0 1.0 1.0 1.0 1.0 1.0 1.0 1.0 1.0 1.0 1.0 1.0 1.0 1.0 1.0 1.0 1.0 1.0 1.0 1.0 1.0 1.0 1.0 1.0 1.0 1.0 1.0 1.0 1.0 1.0 1.0 1.0 1.0 1.0 1.0 1.0 1.0 1.0 1.0 0.0 1.0 1.0 1.0 1.0 1.0 1.0 1.0 1.0 1.0 1.0 1.0 1.0 1.0 1.0 1.0 1.0 1.0 1.0 1.0 1.0 1.0 1.0 1.0 1.0 1.0 1.0 1.0 1.0 1.0 1.0 1.0 1.0 1.0 1.0 1.0 1.0 1.0 1.0 1.0 1.0 1.0 1.0 1.0 1.0 1.0 1.0 1.0 1.0 1.0 1.0 1.0 1.0 1.0 1.0 1.0 1.0 1.0 1.0 1.0 1.0 1.0 1.0 1.0 1.0 
1.0 1.0 1.0 1.0 1.0 1.0 1.0 1.0 1.0 1.0 1.0 1.0 1.0 1.0 1.0 1.0 1.0 1.0 1.0 1.0 1.0 1.0 1.0 1.0 1.0 1.0 1.0 1.0 1.0 1.0 1.0 1.0 1.0 1.0 1.0 1.0 1.0 1.0 1.0 1.0 1.0 1.0 1.0 1.0 1.0 1.0 1.0 1.0 1.0 1.0 1.0 1.0 1.0 1.0 1.0 1.0 1.0 1.0 1.0 1.0 1.0 1.0 1.0 1.0 0.0 1.0 1.0 1.0 1.0 1.0 1.0 1.0 1.0 1.0 1.0 1.0 1.0 1.0 1.0 1.0 1.0 1.0 1.0 1.0 1.0 1.0 1.0 1.0 1.0 1.0 1.0 1.0 1.0 1.0 1.0 1.0 1.0 1.0 1.0 1.0 1.0 1.0 1.0 1.0 1.0 1.0 1.0 1.0 1.0 1.0 1.0 1.0 1.0 1.0 1.0 1.0 1.0 1.0 1.0 1.0 1.0 1.0 1.0 1.0 1.0 1.0 1.0 1.0 
1.0 1.0 1.0 1.0 1.0 1.0 1.0 1.0 1.0 1.0 1.0 1.0 1.0 1.0 1.0 1.0 1.0 1.0 1.0 1.0 1.0 1.0 1.0 1.0 1.0 1.0 1.0 1.0 1.0 1.0 1.0 1.0 1.0 1.0 1.0 1.0 1.0 1.0 1.0 1.0 1.0 1.0 1.0 1.0 1.0 1.0 1.0 1.0 1.0 1.0 1.0 1.0 1.0 1.0 1.0 1.0 1.0 1.0 1.0 1.0 1.0 1.0 1.0 1.0 1.0 0.0 1.0 1.0 1.0 1.0 1.0 1.0 1.0 1.0 1.0 1.0 1.0 1.0 1.0 1.0 1.0 1.0 1.0 1.0 1.0 1.0 1.0 1.0 1.0 1.0 1.0 1.0 1.0 1.0 1.0 1.0 1.0 1.0 1.0 1.0 1.0 1.0 1.0 1.0 1.0 1.0 1.0 1.0 1.0 1.0 1.0 1.0 1.0 1.0 1.0 1.0 1.0 1.0 1.0 1.0 1.0 1.0 1.0 1.0 1.0 1.0 1.0 1.0 
1.0 1.0 1.0 1.0 1.0 1.0 1.0 1.0 1.0 1.0 1.0 1.0 1.0 1.0 1.0 1.0 1.0 1.0 1.0 1.0 1.0 1.0 1.0 1.0 1.0 1.0 1.0 1.0 1.0 1.0 1.0 1.0 1.0 1.0 1.0 1.0 1.0 1.0 1.0 1.0 1.0 1.0 1.0 1.0 1.0 1.0 1.0 1.0 1.0 1.0 1.0 1.0 1.0 1.0 1.0 1.0 1.0 1.0 1.0 1.0 1.0 1.0 1.0 1.0 1.0 1.0 0.0 1.0 1.0 1.0 1.0 1.0 1.0 1.0 1.0 1.0 1.0 1.0 1.0 1.0 1.0 1.0 1.0 1.0 1.0 1.0 1.0 1.0 1.0 1.0 1.0 1.0 1.0 1.0 1.0 1.0 1.0 1.0 1.0 1.0 1.0 1.0 1.0 1.0 1.0 1.0 1.0 1.0 1.0 1.0 1.0 1.0 1.0 1.0 1.0 1.0 1.0 1.0 1.0 1.0 1.0 1.0 1.0 1.0 1.0 1.0 1.0 1.0 
1.0 1.0 1.0 1.0 1.0 1.0 1.0 1.0 1.0 1.0 1.0 1.0 1.0 1.0 1.0 1.0 1.0 1.0 1.0 1.0 1.0 1.0 1.0 1.0 1.0 1.0 1.0 1.0 1.0 1.0 1.0 1.0 1.0 1.0 1.0 1.0 1.0 1.0 1.0 1.0 1.0 1.0 1.0 1.0 1.0 1.0 1.0 1.0 1.0 1.0 1.0 1.0 1.0 1.0 1.0 1.0 1.0 1.0 1.0 1.0 1.0 1.0 1.0 1.0 1.0 1.0 1.0 0.0 1.0 1.0 1.0 1.0 1.0 1.0 1.0 1.0 1.0 1.0 1.0 1.0 1.0 1.0 1.0 1.0 1.0 1.0 1.0 1.0 1.0 1.0 1.0 1.0 1.0 1.0 1.0 1.0 1.0 1.0 1.0 1.0 1.0 1.0 1.0 1.0 1.0 1.0 1.0 1.0 1.0 1.0 1.0 1.0 1.0 1.0 1.0 1.0 1.0 1.0 1.0 1.0 1.0 1.0 1.0 1.0 1.0 1.0 1.0 1.0 
1.0 1.0 1.0 1.0 1.0 1.0 1.0 1.0 1.0 1.0 1.0 1.0 1.0 1.0 1.0 1.0 1.0 1.0 1.0 1.0 1.0 1.0 1.0 1.0 1.0 1.0 1.0 1.0 1.0 1.0 1.0 1.0 1.0 1.0 1.0 1.0 1.0 1.0 1.0 1.0 1.0 1.0 1.0 1.0 1.0 1.0 1.0 1.0 1.0 1.0 1.0 1.0 1.0 1.0 1.0 1.0 1.0 1.0 1.0 1.0 1.0 1.0 1.0 1.0 1.0 1.0 1.0 1.0 0.0 1.0 1.0 1.0 1.0 1.0 1.0 1.0 1.0 1.0 1.0 1.0 1.0 1.0 1.0 1.0 1.0 1.0 1.0 1.0 1.0 1.0 1.0 1.0 1.0 1.0 1.0 1.0 1.0 1.0 1.0 1.0 1.0 1.0 1.0 1.0 1.0 1.0 1.0 1.0 1.0 1.0 1.0 1.0 1.0 1.0 1.0 1.0 1.0 1.0 1.0 1.0 1.0 1.0 1.0 1.0 1.0 1.0 1.0 1.0 
1.0 1.0 1.0 1.0 1.0 1.0 1.0 1.0 1.0 1.0 1.0 1.0 1.0 1.0 1.0 1.0 1.0 1.0 1.0 1.0 1.0 1.0 1.0 1.0 1.0 1.0 1.0 1.0 1.0 1.0 1.0 1.0 1.0 1.0 1.0 1.0 1.0 1.0 1.0 1.0 1.0 1.0 1.0 1.0 1.0 1.0 1.0 1.0 1.0 1.0 1.0 1.0 1.0 1.0 1.0 1.0 1.0 1.0 1.0 1.0 1.0 1.0 1.0 1.0 1.0 1.0 1.0 1.0 1.0 0.0 1.0 1.0 1.0 1.0 1.0 1.0 1.0 1.0 1.0 1.0 1.0 1.0 1.0 1.0 1.0 1.0 1.0 1.0 1.0 1.0 1.0 1.0 1.0 1.0 1.0 1.0 1.0 1.0 1.0 1.0 1.0 1.0 1.0 1.0 1.0 1.0 1.0 1.0 1.0 1.0 1.0 1.0 1.0 1.0 1.0 1.0 1.0 1.0 1.0 1.0 1.0 1.0 1.0 1.0 1.0 1.0 1.0 1.0 
1.0 1.0 1.0 1.0 1.0 1.0 1.0 1.0 1.0 1.0 1.0 1.0 1.0 1.0 1.0 1.0 1.0 1.0 1.0 1.0 1.0 1.0 1.0 1.0 1.0 1.0 1.0 1.0 1.0 1.0 1.0 1.0 1.0 1.0 1.0 1.0 1.0 1.0 1.0 1.0 1.0 1.0 1.0 1.0 1.0 1.0 1.0 1.0 1.0 1.0 1.0 1.0 1.0 1.0 1.0 1.0 1.0 1.0 1.0 1.0 1.0 1.0 1.0 1.0 1.0 1.0 1.0 1.0 1.0 1.0 0.0 1.0 1.0 1.0 1.0 1.0 1.0 1.0 1.0 1.0 1.0 1.0 1.0 1.0 1.0 1.0 1.0 1.0 1.0 1.0 1.0 1.0 1.0 1.0 1.0 1.0 1.0 1.0 1.0 1.0 1.0 1.0 1.0 1.0 1.0 1.0 1.0 1.0 1.0 1.0 1.0 1.0 1.0 1.0 1.0 1.0 1.0 1.0 1.0 1.0 1.0 1.0 1.0 1.0 1.0 1.0 1.0 1.0 
1.0 1.0 1.0 1.0 1.0 1.0 1.0 1.0 1.0 1.0 1.0 1.0 1.0 1.0 1.0 1.0 1.0 1.0 1.0 1.0 1.0 1.0 1.0 1.0 1.0 1.0 1.0 1.0 1.0 1.0 1.0 1.0 1.0 1.0 1.0 1.0 1.0 1.0 1.0 1.0 1.0 1.0 1.0 1.0 1.0 1.0 1.0 1.0 1.0 1.0 1.0 1.0 1.0 1.0 1.0 1.0 1.0 1.0 1.0 1.0 1.0 1.0 1.0 1.0 1.0 1.0 1.0 1.0 1.0 1.0 1.0 0.0 1.0 1.0 1.0 1.0 1.0 1.0 1.0 1.0 1.0 1.0 1.0 1.0 1.0 1.0 1.0 1.0 1.0 1.0 1.0 1.0 1.0 1.0 1.0 1.0 1.0 1.0 1.0 1.0 1.0 1.0 1.0 1.0 1.0 1.0 1.0 1.0 1.0 1.0 1.0 1.0 1.0 1.0 1.0 1.0 1.0 1.0 1.0 1.0 1.0 1.0 1.0 1.0 1.0 1.0 1.0 1.0 
1.0 1.0 1.0 1.0 1.0 1.0 1.0 1.0 1.0 1.0 1.0 1.0 1.0 1.0 1.0 1.0 1.0 1.0 1.0 1.0 1.0 1.0 1.0 1.0 1.0 1.0 1.0 1.0 1.0 1.0 1.0 1.0 1.0 1.0 1.0 1.0 1.0 1.0 1.0 1.0 1.0 1.0 1.0 1.0 1.0 1.0 1.0 1.0 1.0 1.0 1.0 1.0 1.0 1.0 1.0 1.0 1.0 1.0 1.0 1.0 1.0 1.0 1.0 1.0 1.0 1.0 1.0 1.0 1.0 1.0 1.0 1.0 0.0 1.0 1.0 1.0 1.0 1.0 1.0 1.0 1.0 1.0 1.0 1.0 1.0 1.0 1.0 1.0 1.0 1.0 1.0 1.0 1.0 1.0 1.0 1.0 1.0 1.0 1.0 1.0 1.0 1.0 1.0 1.0 1.0 1.0 1.0 1.0 1.0 1.0 1.0 1.0 1.0 1.0 1.0 1.0 1.0 1.0 1.0 1.0 1.0 1.0 1.0 1.0 1.0 1.0 1.0 1.0 
1.0 1.0 1.0 1.0 1.0 1.0 1.0 1.0 1.0 1.0 1.0 1.0 1.0 1.0 1.0 1.0 1.0 1.0 1.0 1.0 1.0 1.0 1.0 1.0 1.0 1.0 1.0 1.0 1.0 1.0 1.0 1.0 1.0 1.0 1.0 1.0 1.0 1.0 1.0 1.0 1.0 1.0 1.0 1.0 1.0 1.0 1.0 1.0 1.0 1.0 1.0 1.0 1.0 1.0 1.0 1.0 1.0 1.0 1.0 1.0 1.0 1.0 1.0 1.0 1.0 1.0 1.0 1.0 1.0 1.0 1.0 1.0 1.0 0.0 1.0 1.0 1.0 1.0 1.0 1.0 1.0 1.0 1.0 1.0 1.0 1.0 1.0 1.0 1.0 1.0 1.0 1.0 1.0 1.0 1.0 1.0 1.0 1.0 1.0 1.0 1.0 1.0 1.0 1.0 1.0 1.0 1.0 1.0 1.0 1.0 1.0 1.0 1.0 1.0 1.0 1.0 1.0 1.0 1.0 1.0 1.0 1.0 1.0 1.0 1.0 1.0 1.0 1.0 
1.0 1.0 1.0 1.0 1.0 1.0 1.0 1.0 1.0 1.0 1.0 1.0 1.0 1.0 1.0 1.0 1.0 1.0 1.0 1.0 1.0 1.0 1.0 1.0 1.0 1.0 1.0 1.0 1.0 1.0 1.0 1.0 1.0 1.0 1.0 1.0 1.0 1.0 1.0 1.0 1.0 1.0 1.0 1.0 1.0 1.0 1.0 1.0 1.0 1.0 1.0 1.0 1.0 1.0 1.0 1.0 1.0 1.0 1.0 1.0 1.0 1.0 1.0 1.0 1.0 1.0 1.0 1.0 1.0 1.0 1.0 1.0 1.0 1.0 0.0 1.0 1.0 1.0 1.0 1.0 1.0 1.0 1.0 1.0 1.0 1.0 1.0 1.0 1.0 1.0 1.0 1.0 1.0 1.0 1.0 1.0 1.0 1.0 1.0 1.0 1.0 1.0 1.0 1.0 1.0 1.0 1.0 1.0 1.0 1.0 1.0 1.0 1.0 1.0 1.0 1.0 1.0 1.0 1.0 1.0 1.0 1.0 1.0 1.0 1.0 1.0 1.0 1.0 
1.0 1.0 1.0 1.0 1.0 1.0 1.0 1.0 1.0 1.0 1.0 1.0 1.0 1.0 1.0 1.0 1.0 1.0 1.0 1.0 1.0 1.0 1.0 1.0 1.0 1.0 1.0 1.0 1.0 1.0 1.0 1.0 1.0 1.0 1.0 1.0 1.0 1.0 1.0 1.0 1.0 1.0 1.0 1.0 1.0 1.0 1.0 1.0 1.0 1.0 1.0 1.0 1.0 1.0 1.0 1.0 1.0 1.0 1.0 1.0 1.0 1.0 1.0 1.0 1.0 1.0 1.0 1.0 1.0 1.0 1.0 1.0 1.0 1.0 1.0 0.0 1.0 1.0 1.0 1.0 1.0 1.0 1.0 1.0 1.0 1.0 1.0 1.0 1.0 1.0 1.0 1.0 1.0 1.0 1.0 1.0 1.0 1.0 1.0 1.0 1.0 1.0 1.0 1.0 1.0 1.0 1.0 1.0 1.0 1.0 1.0 1.0 1.0 1.0 1.0 1.0 1.0 1.0 1.0 1.0 1.0 1.0 1.0 1.0 1.0 1.0 1.0 1.0 
1.0 1.0 1.0 1.0 1.0 1.0 1.0 1.0 1.0 1.0 1.0 1.0 1.0 1.0 1.0 1.0 1.0 1.0 1.0 1.0 1.0 1.0 1.0 1.0 1.0 1.0 1.0 1.0 1.0 1.0 1.0 1.0 1.0 1.0 1.0 1.0 1.0 1.0 1.0 1.0 1.0 1.0 1.0 1.0 1.0 1.0 1.0 1.0 1.0 1.0 1.0 1.0 1.0 1.0 1.0 1.0 1.0 1.0 1.0 1.0 1.0 1.0 1.0 1.0 1.0 1.0 1.0 1.0 1.0 1.0 1.0 1.0 1.0 1.0 1.0 1.0 0.0 1.0 1.0 1.0 1.0 1.0 1.0 1.0 1.0 1.0 1.0 1.0 1.0 1.0 1.0 1.0 1.0 1.0 1.0 1.0 1.0 1.0 1.0 1.0 1.0 1.0 1.0 1.0 1.0 1.0 1.0 1.0 1.0 1.0 1.0 1.0 1.0 1.0 1.0 1.0 1.0 1.0 1.0 1.0 1.0 1.0 1.0 1.0 1.0 1.0 1.0 1.0 
1.0 1.0 1.0 1.0 1.0 1.0 1.0 1.0 1.0 1.0 1.0 1.0 1.0 1.0 1.0 1.0 1.0 1.0 1.0 1.0 1.0 1.0 1.0 1.0 1.0 1.0 1.0 1.0 1.0 1.0 1.0 1.0 1.0 1.0 1.0 1.0 1.0 1.0 1.0 1.0 1.0 1.0 1.0 1.0 1.0 1.0 1.0 1.0 1.0 1.0 1.0 1.0 1.0 1.0 1.0 1.0 1.0 1.0 1.0 1.0 1.0 1.0 1.0 1.0 1.0 1.0 1.0 1.0 1.0 1.0 1.0 1.0 1.0 1.0 1.0 1.0 1.0 0.0 1.0 1.0 1.0 1.0 1.0 1.0 1.0 1.0 1.0 1.0 1.0 1.0 1.0 1.0 1.0 1.0 1.0 1.0 1.0 1.0 1.0 1.0 1.0 1.0 1.0 1.0 1.0 1.0 1.0 1.0 1.0 1.0 1.0 1.0 1.0 1.0 1.0 1.0 1.0 1.0 1.0 1.0 1.0 1.0 1.0 1.0 1.0 1.0 1.0 1.0 
1.0 1.0 1.0 1.0 1.0 1.0 1.0 1.0 1.0 1.0 1.0 1.0 1.0 1.0 1.0 1.0 1.0 1.0 1.0 1.0 1.0 1.0 1.0 1.0 1.0 1.0 1.0 1.0 1.0 1.0 1.0 1.0 1.0 1.0 1.0 1.0 1.0 1.0 1.0 1.0 1.0 1.0 1.0 1.0 1.0 1.0 1.0 1.0 1.0 1.0 1.0 1.0 1.0 1.0 1.0 1.0 1.0 1.0 1.0 1.0 1.0 1.0 1.0 1.0 1.0 1.0 1.0 1.0 1.0 1.0 1.0 1.0 1.0 1.0 1.0 1.0 1.0 1.0 0.0 1.0 1.0 1.0 1.0 1.0 1.0 1.0 1.0 1.0 1.0 1.0 1.0 1.0 1.0 1.0 1.0 1.0 1.0 1.0 1.0 1.0 1.0 1.0 1.0 1.0 1.0 1.0 1.0 1.0 1.0 1.0 1.0 1.0 1.0 1.0 1.0 1.0 1.0 1.0 1.0 1.0 1.0 1.0 1.0 1.0 1.0 1.0 1.0 1.0 
1.0 1.0 1.0 1.0 1.0 1.0 1.0 1.0 1.0 1.0 1.0 1.0 1.0 1.0 1.0 1.0 1.0 1.0 1.0 1.0 1.0 1.0 1.0 1.0 1.0 1.0 1.0 1.0 1.0 1.0 1.0 1.0 1.0 1.0 1.0 1.0 1.0 1.0 1.0 1.0 1.0 1.0 1.0 1.0 1.0 1.0 1.0 1.0 1.0 1.0 1.0 1.0 1.0 1.0 1.0 1.0 1.0 1.0 1.0 1.0 1.0 1.0 1.0 1.0 1.0 1.0 1.0 1.0 1.0 1.0 1.0 1.0 1.0 1.0 1.0 1.0 1.0 1.0 1.0 0.0 1.0 1.0 1.0 1.0 1.0 1.0 1.0 1.0 1.0 1.0 1.0 1.0 1.0 1.0 1.0 1.0 1.0 1.0 1.0 1.0 1.0 1.0 1.0 1.0 1.0 1.0 1.0 1.0 1.0 1.0 1.0 1.0 1.0 1.0 1.0 1.0 1.0 1.0 1.0 1.0 1.0 1.0 1.0 1.0 1.0 1.0 1.0 1.0 
1.0 1.0 1.0 1.0 1.0 1.0 1.0 1.0 1.0 1.0 1.0 1.0 1.0 1.0 1.0 1.0 1.0 1.0 1.0 1.0 1.0 1.0 1.0 1.0 1.0 1.0 1.0 1.0 1.0 1.0 1.0 1.0 1.0 1.0 1.0 1.0 1.0 1.0 1.0 1.0 1.0 1.0 1.0 1.0 1.0 1.0 1.0 1.0 1.0 1.0 1.0 1.0 1.0 1.0 1.0 1.0 1.0 1.0 1.0 1.0 1.0 1.0 1.0 1.0 1.0 1.0 1.0 1.0 1.0 1.0 1.0 1.0 1.0 1.0 1.0 1.0 1.0 1.0 1.0 1.0 0.0 1.0 1.0 1.0 1.0 1.0 1.0 1.0 1.0 1.0 1.0 1.0 1.0 1.0 1.0 1.0 1.0 1.0 1.0 1.0 1.0 1.0 1.0 1.0 1.0 1.0 1.0 1.0 1.0 1.0 1.0 1.0 1.0 1.0 1.0 1.0 1.0 1.0 1.0 1.0 1.0 1.0 1.0 1.0 1.0 1.0 1.0 1.0 
1.0 1.0 1.0 1.0 1.0 1.0 1.0 1.0 1.0 1.0 1.0 1.0 1.0 1.0 1.0 1.0 1.0 1.0 1.0 1.0 1.0 1.0 1.0 1.0 1.0 1.0 1.0 1.0 1.0 1.0 1.0 1.0 1.0 1.0 1.0 1.0 1.0 1.0 1.0 1.0 1.0 1.0 1.0 1.0 1.0 1.0 1.0 1.0 1.0 1.0 1.0 1.0 1.0 1.0 1.0 1.0 1.0 1.0 1.0 1.0 1.0 1.0 1.0 1.0 1.0 1.0 1.0 1.0 1.0 1.0 1.0 1.0 1.0 1.0 1.0 1.0 1.0 1.0 1.0 1.0 1.0 0.0 1.0 1.0 1.0 1.0 1.0 1.0 1.0 1.0 1.0 1.0 1.0 1.0 1.0 1.0 1.0 1.0 1.0 1.0 1.0 1.0 1.0 1.0 1.0 1.0 1.0 1.0 1.0 1.0 1.0 1.0 1.0 1.0 1.0 1.0 1.0 1.0 1.0 1.0 1.0 1.0 1.0 1.0 1.0 1.0 1.0 1.0 
1.0 1.0 1.0 1.0 1.0 1.0 1.0 1.0 1.0 1.0 1.0 1.0 1.0 1.0 1.0 1.0 1.0 1.0 1.0 1.0 1.0 1.0 1.0 1.0 1.0 1.0 1.0 1.0 1.0 1.0 1.0 1.0 1.0 1.0 1.0 1.0 1.0 1.0 1.0 1.0 1.0 1.0 1.0 1.0 1.0 1.0 1.0 1.0 1.0 1.0 1.0 1.0 1.0 1.0 1.0 1.0 1.0 1.0 1.0 1.0 1.0 1.0 1.0 1.0 1.0 1.0 1.0 1.0 1.0 1.0 1.0 1.0 1.0 1.0 1.0 1.0 1.0 1.0 1.0 1.0 1.0 1.0 0.0 1.0 1.0 1.0 1.0 1.0 1.0 1.0 1.0 1.0 1.0 1.0 1.0 1.0 1.0 1.0 1.0 1.0 1.0 1.0 1.0 1.0 1.0 1.0 1.0 1.0 1.0 1.0 1.0 1.0 1.0 1.0 1.0 1.0 1.0 1.0 1.0 1.0 1.0 1.0 1.0 1.0 1.0 1.0 1.0 1.0 
1.0 1.0 1.0 1.0 1.0 1.0 1.0 1.0 1.0 1.0 1.0 1.0 1.0 1.0 1.0 1.0 1.0 1.0 1.0 1.0 1.0 1.0 1.0 1.0 1.0 1.0 1.0 1.0 1.0 1.0 1.0 1.0 1.0 1.0 1.0 1.0 1.0 1.0 1.0 1.0 1.0 1.0 1.0 1.0 1.0 1.0 1.0 1.0 1.0 1.0 1.0 1.0 1.0 1.0 1.0 1.0 1.0 1.0 1.0 1.0 1.0 1.0 1.0 1.0 1.0 1.0 1.0 1.0 1.0 1.0 1.0 1.0 1.0 1.0 1.0 1.0 1.0 1.0 1.0 1.0 1.0 1.0 1.0 0.0 1.0 1.0 1.0 1.0 1.0 1.0 1.0 1.0 1.0 1.0 1.0 1.0 1.0 1.0 1.0 1.0 1.0 1.0 1.0 1.0 1.0 1.0 1.0 1.0 1.0 1.0 1.0 1.0 1.0 1.0 1.0 1.0 1.0 1.0 1.0 1.0 1.0 1.0 1.0 1.0 1.0 1.0 1.0 1.0 
1.0 1.0 1.0 1.0 1.0 1.0 1.0 1.0 1.0 1.0 1.0 1.0 1.0 1.0 1.0 1.0 1.0 1.0 1.0 1.0 1.0 1.0 1.0 1.0 1.0 1.0 1.0 1.0 1.0 1.0 1.0 1.0 1.0 1.0 1.0 1.0 1.0 1.0 1.0 1.0 1.0 1.0 1.0 1.0 1.0 1.0 1.0 1.0 1.0 1.0 1.0 1.0 1.0 1.0 1.0 1.0 1.0 1.0 1.0 1.0 1.0 1.0 1.0 1.0 1.0 1.0 1.0 1.0 1.0 1.0 1.0 1.0 1.0 1.0 1.0 1.0 1.0 1.0 1.0 1.0 1.0 1.0 1.0 1.0 0.0 1.0 1.0 1.0 1.0 1.0 1.0 1.0 1.0 1.0 1.0 1.0 1.0 1.0 1.0 1.0 1.0 1.0 1.0 1.0 1.0 1.0 1.0 1.0 1.0 1.0 1.0 1.0 1.0 1.0 1.0 1.0 1.0 1.0 1.0 1.0 1.0 1.0 1.0 1.0 1.0 1.0 1.0 1.0 
1.0 1.0 1.0 1.0 1.0 1.0 1.0 1.0 1.0 1.0 1.0 1.0 1.0 1.0 1.0 1.0 1.0 1.0 1.0 1.0 1.0 1.0 1.0 1.0 1.0 1.0 1.0 1.0 1.0 1.0 1.0 1.0 1.0 1.0 1.0 1.0 1.0 1.0 1.0 1.0 1.0 1.0 1.0 1.0 1.0 1.0 1.0 1.0 1.0 1.0 1.0 1.0 1.0 1.0 1.0 1.0 1.0 1.0 1.0 1.0 1.0 1.0 1.0 1.0 1.0 1.0 1.0 1.0 1.0 1.0 1.0 1.0 1.0 1.0 1.0 1.0 1.0 1.0 1.0 1.0 1.0 1.0 1.0 1.0 1.0 0.0 1.0 1.0 1.0 1.0 1.0 1.0 1.0 1.0 1.0 1.0 1.0 1.0 1.0 1.0 1.0 1.0 1.0 1.0 1.0 1.0 1.0 1.0 1.0 1.0 1.0 1.0 1.0 1.0 1.0 1.0 1.0 1.0 1.0 1.0 1.0 1.0 1.0 1.0 1.0 1.0 1.0 1.0 
1.0 1.0 1.0 1.0 1.0 1.0 1.0 1.0 1.0 1.0 1.0 1.0 1.0 1.0 1.0 1.0 1.0 1.0 1.0 1.0 1.0 1.0 1.0 1.0 1.0 1.0 1.0 1.0 1.0 1.0 1.0 1.0 1.0 1.0 1.0 1.0 1.0 1.0 1.0 1.0 1.0 1.0 1.0 1.0 1.0 1.0 1.0 1.0 1.0 1.0 1.0 1.0 1.0 1.0 1.0 1.0 1.0 1.0 1.0 1.0 1.0 1.0 1.0 1.0 1.0 1.0 1.0 1.0 1.0 1.0 1.0 1.0 1.0 1.0 1.0 1.0 1.0 1.0 1.0 1.0 1.0 1.0 1.0 1.0 1.0 1.0 0.0 1.0 1.0 1.0 1.0 1.0 1.0 1.0 1.0 1.0 1.0 1.0 1.0 1.0 1.0 1.0 1.0 1.0 1.0 1.0 1.0 1.0 1.0 1.0 1.0 1.0 1.0 1.0 1.0 1.0 1.0 1.0 1.0 1.0 1.0 1.0 1.0 1.0 1.0 1.0 1.0 1.0 
1.0 1.0 1.0 1.0 1.0 1.0 1.0 1.0 1.0 1.0 1.0 1.0 1.0 1.0 1.0 1.0 1.0 1.0 1.0 1.0 1.0 1.0 1.0 1.0 1.0 1.0 1.0 1.0 1.0 1.0 1.0 1.0 1.0 1.0 1.0 1.0 1.0 1.0 1.0 1.0 1.0 1.0 1.0 1.0 1.0 1.0 1.0 1.0 1.0 1.0 1.0 1.0 1.0 1.0 1.0 1.0 1.0 1.0 1.0 1.0 1.0 1.0 1.0 1.0 1.0 1.0 1.0 1.0 1.0 1.0 1.0 1.0 1.0 1.0 1.0 1.0 1.0 1.0 1.0 1.0 1.0 1.0 1.0 1.0 1.0 1.0 1.0 0.0 1.0 1.0 1.0 1.0 1.0 1.0 1.0 1.0 1.0 1.0 1.0 1.0 1.0 1.0 1.0 1.0 1.0 1.0 1.0 1.0 1.0 1.0 1.0 1.0 1.0 1.0 1.0 1.0 1.0 1.0 1.0 1.0 1.0 1.0 1.0 1.0 1.0 1.0 1.0 1.0 
1.0 1.0 1.0 1.0 1.0 1.0 1.0 1.0 1.0 1.0 1.0 1.0 1.0 1.0 1.0 1.0 1.0 1.0 1.0 1.0 1.0 1.0 1.0 1.0 1.0 1.0 1.0 1.0 1.0 1.0 1.0 1.0 1.0 1.0 1.0 1.0 1.0 1.0 1.0 1.0 1.0 1.0 1.0 1.0 1.0 1.0 1.0 1.0 1.0 1.0 1.0 1.0 1.0 1.0 1.0 1.0 1.0 1.0 1.0 1.0 1.0 1.0 1.0 1.0 1.0 1.0 1.0 1.0 1.0 1.0 1.0 1.0 1.0 1.0 1.0 1.0 1.0 1.0 1.0 1.0 1.0 1.0 1.0 1.0 1.0 1.0 1.0 1.0 0.0 1.0 1.0 1.0 1.0 1.0 1.0 1.0 1.0 1.0 1.0 1.0 1.0 1.0 1.0 1.0 1.0 1.0 1.0 1.0 1.0 1.0 1.0 1.0 1.0 1.0 1.0 1.0 1.0 1.0 1.0 1.0 1.0 1.0 1.0 1.0 1.0 1.0 1.0 1.0 
1.0 1.0 1.0 1.0 1.0 1.0 1.0 1.0 1.0 1.0 1.0 1.0 1.0 1.0 1.0 1.0 1.0 1.0 1.0 1.0 1.0 1.0 1.0 1.0 1.0 1.0 1.0 1.0 1.0 1.0 1.0 1.0 1.0 1.0 1.0 1.0 1.0 1.0 1.0 1.0 1.0 1.0 1.0 1.0 1.0 1.0 1.0 1.0 1.0 1.0 1.0 1.0 1.0 1.0 1.0 1.0 1.0 1.0 1.0 1.0 1.0 1.0 1.0 1.0 1.0 1.0 1.0 1.0 1.0 1.0 1.0 1.0 1.0 1.0 1.0 1.0 1.0 1.0 1.0 1.0 1.0 1.0 1.0 1.0 1.0 1.0 1.0 1.0 1.0 0.0 1.0 1.0 1.0 1.0 1.0 1.0 1.0 1.0 1.0 1.0 1.0 1.0 1.0 1.0 1.0 1.0 1.0 1.0 1.0 1.0 1.0 1.0 1.0 1.0 1.0 1.0 1.0 1.0 1.0 1.0 1.0 1.0 1.0 1.0 1.0 1.0 1.0 1.0 
1.0 1.0 1.0 1.0 1.0 1.0 1.0 1.0 1.0 1.0 1.0 1.0 1.0 1.0 1.0 1.0 1.0 1.0 1.0 1.0 1.0 1.0 1.0 1.0 1.0 1.0 1.0 1.0 1.0 1.0 1.0 1.0 1.0 1.0 1.0 1.0 1.0 1.0 1.0 1.0 1.0 1.0 1.0 1.0 1.0 1.0 1.0 1.0 1.0 1.0 1.0 1.0 1.0 1.0 1.0 1.0 1.0 1.0 1.0 1.0 1.0 1.0 1.0 1.0 1.0 1.0 1.0 1.0 1.0 1.0 1.0 1.0 1.0 1.0 1.0 1.0 1.0 1.0 1.0 1.0 1.0 1.0 1.0 1.0 1.0 1.0 1.0 1.0 1.0 1.0 0.0 1.0 1.0 1.0 1.0 1.0 1.0 1.0 1.0 1.0 1.0 1.0 1.0 1.0 1.0 1.0 1.0 1.0 1.0 1.0 1.0 1.0 1.0 1.0 1.0 1.0 1.0 1.0 1.0 1.0 1.0 1.0 1.0 1.0 1.0 1.0 1.0 1.0 
1.0 1.0 1.0 1.0 1.0 1.0 1.0 1.0 1.0 1.0 1.0 1.0 1.0 1.0 1.0 1.0 1.0 1.0 1.0 1.0 1.0 1.0 1.0 1.0 1.0 1.0 1.0 1.0 1.0 1.0 1.0 1.0 1.0 1.0 1.0 1.0 1.0 1.0 1.0 1.0 1.0 1.0 1.0 1.0 1.0 1.0 1.0 1.0 1.0 1.0 1.0 1.0 1.0 1.0 1.0 1.0 1.0 1.0 1.0 1.0 1.0 1.0 1.0 1.0 1.0 1.0 1.0 1.0 1.0 1.0 1.0 1.0 1.0 1.0 1.0 1.0 1.0 1.0 1.0 1.0 1.0 1.0 1.0 1.0 1.0 1.0 1.0 1.0 1.0 1.0 1.0 0.0 1.0 1.0 1.0 1.0 1.0 1.0 1.0 1.0 1.0 1.0 1.0 1.0 1.0 1.0 1.0 1.0 1.0 1.0 1.0 1.0 1.0 1.0 1.0 1.0 1.0 1.0 1.0 1.0 1.0 1.0 1.0 1.0 1.0 1.0 1.0 1.0 
1.0 1.0 1.0 1.0 1.0 1.0 1.0 1.0 1.0 1.0 1.0 1.0 1.0 1.0 1.0 1.0 1.0 1.0 1.0 1.0 1.0 1.0 1.0 1.0 1.0 1.0 1.0 1.0 1.0 1.0 1.0 1.0 1.0 1.0 1.0 1.0 1.0 1.0 1.0 1.0 1.0 1.0 1.0 1.0 1.0 1.0 1.0 1.0 1.0 1.0 1.0 1.0 1.0 1.0 1.0 1.0 1.0 1.0 1.0 1.0 1.0 1.0 1.0 1.0 1.0 1.0 1.0 1.0 1.0 1.0 1.0 1.0 1.0 1.0 1.0 1.0 1.0 1.0 1.0 1.0 1.0 1.0 1.0 1.0 1.0 1.0 1.0 1.0 1.0 1.0 1.0 1.0 0.0 1.0 1.0 1.0 1.0 1.0 1.0 1.0 1.0 1.0 1.0 1.0 1.0 1.0 1.0 1.0 1.0 1.0 1.0 1.0 1.0 1.0 1.0 1.0 1.0 1.0 1.0 1.0 1.0 1.0 1.0 1.0 1.0 1.0 1.0 1.0 
1.0 1.0 1.0 1.0 1.0 1.0 1.0 1.0 1.0 1.0 1.0 1.0 1.0 1.0 1.0 1.0 1.0 1.0 1.0 1.0 1.0 1.0 1.0 1.0 1.0 1.0 1.0 1.0 1.0 1.0 1.0 1.0 1.0 1.0 1.0 1.0 1.0 1.0 1.0 1.0 1.0 1.0 1.0 1.0 1.0 1.0 1.0 1.0 1.0 1.0 1.0 1.0 1.0 1.0 1.0 1.0 1.0 1.0 1.0 1.0 1.0 1.0 1.0 1.0 1.0 1.0 1.0 1.0 1.0 1.0 1.0 1.0 1.0 1.0 1.0 1.0 1.0 1.0 1.0 1.0 1.0 1.0 1.0 1.0 1.0 1.0 1.0 1.0 1.0 1.0 1.0 1.0 1.0 0.0 1.0 1.0 1.0 1.0 1.0 1.0 1.0 1.0 1.0 1.0 1.0 1.0 1.0 1.0 1.0 1.0 1.0 1.0 1.0 1.0 1.0 1.0 1.0 1.0 1.0 1.0 1.0 1.0 1.0 1.0 1.0 1.0 1.0 1.0 
1.0 1.0 1.0 1.0 1.0 1.0 1.0 1.0 1.0 1.0 1.0 1.0 1.0 1.0 1.0 1.0 1.0 1.0 1.0 1.0 1.0 1.0 1.0 1.0 1.0 1.0 1.0 1.0 1.0 1.0 1.0 1.0 1.0 1.0 1.0 1.0 1.0 1.0 1.0 1.0 1.0 1.0 1.0 1.0 1.0 1.0 1.0 1.0 1.0 1.0 1.0 1.0 1.0 1.0 1.0 1.0 1.0 1.0 1.0 1.0 1.0 1.0 1.0 1.0 1.0 1.0 1.0 1.0 1.0 1.0 1.0 1.0 1.0 1.0 1.0 1.0 1.0 1.0 1.0 1.0 1.0 1.0 1.0 1.0 1.0 1.0 1.0 1.0 1.0 1.0 1.0 1.0 1.0 1.0 0.0 1.0 1.0 1.0 1.0 1.0 1.0 1.0 1.0 1.0 1.0 1.0 1.0 1.0 1.0 1.0 1.0 1.0 1.0 1.0 1.0 1.0 1.0 1.0 1.0 1.0 1.0 1.0 1.0 1.0 1.0 1.0 1.0 1.0 
1.0 1.0 1.0 1.0 1.0 1.0 1.0 1.0 1.0 1.0 1.0 1.0 1.0 1.0 1.0 1.0 1.0 1.0 1.0 1.0 1.0 1.0 1.0 1.0 1.0 1.0 1.0 1.0 1.0 1.0 1.0 1.0 1.0 1.0 1.0 1.0 1.0 1.0 1.0 1.0 1.0 1.0 1.0 1.0 1.0 1.0 1.0 1.0 1.0 1.0 1.0 1.0 1.0 1.0 1.0 1.0 1.0 1.0 1.0 1.0 1.0 1.0 1.0 1.0 1.0 1.0 1.0 1.0 1.0 1.0 1.0 1.0 1.0 1.0 1.0 1.0 1.0 1.0 1.0 1.0 1.0 1.0 1.0 1.0 1.0 1.0 1.0 1.0 1.0 1.0 1.0 1.0 1.0 1.0 1.0 0.0 1.0 1.0 1.0 1.0 1.0 1.0 1.0 1.0 1.0 1.0 1.0 1.0 1.0 1.0 1.0 1.0 1.0 1.0 1.0 1.0 1.0 1.0 1.0 1.0 1.0 1.0 1.0 1.0 1.0 1.0 1.0 1.0 
1.0 1.0 1.0 1.0 1.0 1.0 1.0 1.0 1.0 1.0 1.0 1.0 1.0 1.0 1.0 1.0 1.0 1.0 1.0 1.0 1.0 1.0 1.0 1.0 1.0 1.0 1.0 1.0 1.0 1.0 1.0 1.0 1.0 1.0 1.0 1.0 1.0 1.0 1.0 1.0 1.0 1.0 1.0 1.0 1.0 1.0 1.0 1.0 1.0 1.0 1.0 1.0 1.0 1.0 1.0 1.0 1.0 1.0 1.0 1.0 1.0 1.0 1.0 1.0 1.0 1.0 1.0 1.0 1.0 1.0 1.0 1.0 1.0 1.0 1.0 1.0 1.0 1.0 1.0 1.0 1.0 1.0 1.0 1.0 1.0 1.0 1.0 1.0 1.0 1.0 1.0 1.0 1.0 1.0 1.0 1.0 0.0 1.0 1.0 1.0 1.0 1.0 1.0 1.0 1.0 1.0 1.0 1.0 1.0 1.0 1.0 1.0 1.0 1.0 1.0 1.0 1.0 1.0 1.0 1.0 1.0 1.0 1.0 1.0 1.0 1.0 1.0 1.0 
1.0 1.0 1.0 1.0 1.0 1.0 1.0 1.0 1.0 1.0 1.0 1.0 1.0 1.0 1.0 1.0 1.0 1.0 1.0 1.0 1.0 1.0 1.0 1.0 1.0 1.0 1.0 1.0 1.0 1.0 1.0 1.0 1.0 1.0 1.0 1.0 1.0 1.0 1.0 1.0 1.0 1.0 1.0 1.0 1.0 1.0 1.0 1.0 1.0 1.0 1.0 1.0 1.0 1.0 1.0 1.0 1.0 1.0 1.0 1.0 1.0 1.0 1.0 1.0 1.0 1.0 1.0 1.0 1.0 1.0 1.0 1.0 1.0 1.0 1.0 1.0 1.0 1.0 1.0 1.0 1.0 1.0 1.0 1.0 1.0 1.0 1.0 1.0 1.0 1.0 1.0 1.0 1.0 1.0 1.0 1.0 1.0 0.0 1.0 1.0 1.0 1.0 1.0 1.0 1.0 1.0 1.0 1.0 1.0 1.0 1.0 1.0 1.0 1.0 1.0 1.0 1.0 1.0 1.0 1.0 1.0 1.0 1.0 1.0 1.0 1.0 1.0 1.0 
1.0 1.0 1.0 1.0 1.0 1.0 1.0 1.0 1.0 1.0 1.0 1.0 1.0 1.0 1.0 1.0 1.0 1.0 1.0 1.0 1.0 1.0 1.0 1.0 1.0 1.0 1.0 1.0 1.0 1.0 1.0 1.0 1.0 1.0 1.0 1.0 1.0 1.0 1.0 1.0 1.0 1.0 1.0 1.0 1.0 1.0 1.0 1.0 1.0 1.0 1.0 1.0 1.0 1.0 1.0 1.0 1.0 1.0 1.0 1.0 1.0 1.0 1.0 1.0 1.0 1.0 1.0 1.0 1.0 1.0 1.0 1.0 1.0 1.0 1.0 1.0 1.0 1.0 1.0 1.0 1.0 1.0 1.0 1.0 1.0 1.0 1.0 1.0 1.0 1.0 1.0 1.0 1.0 1.0 1.0 1.0 1.0 1.0 0.0 1.0 1.0 1.0 1.0 1.0 1.0 1.0 1.0 1.0 1.0 1.0 1.0 1.0 1.0 1.0 1.0 1.0 1.0 1.0 1.0 1.0 1.0 1.0 1.0 1.0 1.0 1.0 1.0 1.0 
1.0 1.0 1.0 1.0 1.0 1.0 1.0 1.0 1.0 1.0 1.0 1.0 1.0 1.0 1.0 1.0 1.0 1.0 1.0 1.0 1.0 1.0 1.0 1.0 1.0 1.0 1.0 1.0 1.0 1.0 1.0 1.0 1.0 1.0 1.0 1.0 1.0 1.0 1.0 1.0 1.0 1.0 1.0 1.0 1.0 1.0 1.0 1.0 1.0 1.0 1.0 1.0 1.0 1.0 1.0 1.0 1.0 1.0 1.0 1.0 1.0 1.0 1.0 1.0 1.0 1.0 1.0 1.0 1.0 1.0 1.0 1.0 1.0 1.0 1.0 1.0 1.0 1.0 1.0 1.0 1.0 1.0 1.0 1.0 1.0 1.0 1.0 1.0 1.0 1.0 1.0 1.0 1.0 1.0 1.0 1.0 1.0 1.0 1.0 0.0 1.0 1.0 1.0 1.0 1.0 1.0 1.0 1.0 1.0 1.0 1.0 1.0 1.0 1.0 1.0 1.0 1.0 1.0 1.0 1.0 1.0 1.0 1.0 1.0 1.0 1.0 1.0 1.0 
1.0 1.0 1.0 1.0 1.0 1.0 1.0 1.0 1.0 1.0 1.0 1.0 1.0 1.0 1.0 1.0 1.0 1.0 1.0 1.0 1.0 1.0 1.0 1.0 1.0 1.0 1.0 1.0 1.0 1.0 1.0 1.0 1.0 1.0 1.0 1.0 1.0 1.0 1.0 1.0 1.0 1.0 1.0 1.0 1.0 1.0 1.0 1.0 1.0 1.0 1.0 1.0 1.0 1.0 1.0 1.0 1.0 1.0 1.0 1.0 1.0 1.0 1.0 1.0 1.0 1.0 1.0 1.0 1.0 1.0 1.0 1.0 1.0 1.0 1.0 1.0 1.0 1.0 1.0 1.0 1.0 1.0 1.0 1.0 1.0 1.0 1.0 1.0 1.0 1.0 1.0 1.0 1.0 1.0 1.0 1.0 1.0 1.0 1.0 1.0 0.0 1.0 1.0 1.0 1.0 1.0 1.0 1.0 1.0 1.0 1.0 1.0 1.0 1.0 1.0 1.0 1.0 1.0 1.0 1.0 1.0 1.0 1.0 1.0 1.0 1.0 1.0 1.0 
1.0 1.0 1.0 1.0 1.0 1.0 1.0 1.0 1.0 1.0 1.0 1.0 1.0 1.0 1.0 1.0 1.0 1.0 1.0 1.0 1.0 1.0 1.0 1.0 1.0 1.0 1.0 1.0 1.0 1.0 1.0 1.0 1.0 1.0 1.0 1.0 1.0 1.0 1.0 1.0 1.0 1.0 1.0 1.0 1.0 1.0 1.0 1.0 1.0 1.0 1.0 1.0 1.0 1.0 1.0 1.0 1.0 1.0 1.0 1.0 1.0 1.0 1.0 1.0 1.0 1.0 1.0 1.0 1.0 1.0 1.0 1.0 1.0 1.0 1.0 1.0 1.0 1.0 1.0 1.0 1.0 1.0 1.0 1.0 1.0 1.0 1.0 1.0 1.0 1.0 1.0 1.0 1.0 1.0 1.0 1.0 1.0 1.0 1.0 1.0 1.0 0.0 1.0 1.0 1.0 1.0 1.0 1.0 1.0 1.0 1.0 1.0 1.0 1.0 1.0 1.0 1.0 1.0 1.0 1.0 1.0 1.0 1.0 1.0 1.0 1.0 1.0 1.0 
1.0 1.0 1.0 1.0 1.0 1.0 1.0 1.0 1.0 1.0 1.0 1.0 1.0 1.0 1.0 1.0 1.0 1.0 1.0 1.0 1.0 1.0 1.0 1.0 1.0 1.0 1.0 1.0 1.0 1.0 1.0 1.0 1.0 1.0 1.0 1.0 1.0 1.0 1.0 1.0 1.0 1.0 1.0 1.0 1.0 1.0 1.0 1.0 1.0 1.0 1.0 1.0 1.0 1.0 1.0 1.0 1.0 1.0 1.0 1.0 1.0 1.0 1.0 1.0 1.0 1.0 1.0 1.0 1.0 1.0 1.0 1.0 1.0 1.0 1.0 1.0 1.0 1.0 1.0 1.0 1.0 1.0 1.0 1.0 1.0 1.0 1.0 1.0 1.0 1.0 1.0 1.0 1.0 1.0 1.0 1.0 1.0 1.0 1.0 1.0 1.0 1.0 0.0 1.0 1.0 1.0 1.0 1.0 1.0 1.0 1.0 1.0 1.0 1.0 1.0 1.0 1.0 1.0 1.0 1.0 1.0 1.0 1.0 1.0 1.0 1.0 1.0 1.0 
1.0 1.0 1.0 1.0 1.0 1.0 1.0 1.0 1.0 1.0 1.0 1.0 1.0 1.0 1.0 1.0 1.0 1.0 1.0 1.0 1.0 1.0 1.0 1.0 1.0 1.0 1.0 1.0 1.0 1.0 1.0 1.0 1.0 1.0 1.0 1.0 1.0 1.0 1.0 1.0 1.0 1.0 1.0 1.0 1.0 1.0 1.0 1.0 1.0 1.0 1.0 1.0 1.0 1.0 1.0 1.0 1.0 1.0 1.0 1.0 1.0 1.0 1.0 1.0 1.0 1.0 1.0 1.0 1.0 1.0 1.0 1.0 1.0 1.0 1.0 1.0 1.0 1.0 1.0 1.0 1.0 1.0 1.0 1.0 1.0 1.0 1.0 1.0 1.0 1.0 1.0 1.0 1.0 1.0 1.0 1.0 1.0 1.0 1.0 1.0 1.0 1.0 1.0 0.0 1.0 1.0 1.0 1.0 1.0 1.0 1.0 1.0 1.0 1.0 1.0 1.0 1.0 1.0 1.0 1.0 1.0 1.0 1.0 1.0 1.0 1.0 1.0 1.0 
1.0 1.0 1.0 1.0 1.0 1.0 1.0 1.0 1.0 1.0 1.0 1.0 1.0 1.0 1.0 1.0 1.0 1.0 1.0 1.0 1.0 1.0 1.0 1.0 1.0 1.0 1.0 1.0 1.0 1.0 1.0 1.0 1.0 1.0 1.0 1.0 1.0 1.0 1.0 1.0 1.0 1.0 1.0 1.0 1.0 1.0 1.0 1.0 1.0 1.0 1.0 1.0 1.0 1.0 1.0 1.0 1.0 1.0 1.0 1.0 1.0 1.0 1.0 1.0 1.0 1.0 1.0 1.0 1.0 1.0 1.0 1.0 1.0 1.0 1.0 1.0 1.0 1.0 1.0 1.0 1.0 1.0 1.0 1.0 1.0 1.0 1.0 1.0 1.0 1.0 1.0 1.0 1.0 1.0 1.0 1.0 1.0 1.0 1.0 1.0 1.0 1.0 1.0 1.0 0.0 1.0 1.0 1.0 1.0 1.0 1.0 1.0 1.0 1.0 1.0 1.0 1.0 1.0 1.0 1.0 1.0 1.0 1.0 1.0 1.0 1.0 1.0 1.0 
1.0 1.0 1.0 1.0 1.0 1.0 1.0 1.0 1.0 1.0 1.0 1.0 1.0 1.0 1.0 1.0 1.0 1.0 1.0 1.0 1.0 1.0 1.0 1.0 1.0 1.0 1.0 1.0 1.0 1.0 1.0 1.0 1.0 1.0 1.0 1.0 1.0 1.0 1.0 1.0 1.0 1.0 1.0 1.0 1.0 1.0 1.0 1.0 1.0 1.0 1.0 1.0 1.0 1.0 1.0 1.0 1.0 1.0 1.0 1.0 1.0 1.0 1.0 1.0 1.0 1.0 1.0 1.0 1.0 1.0 1.0 1.0 1.0 1.0 1.0 1.0 1.0 1.0 1.0 1.0 1.0 1.0 1.0 1.0 1.0 1.0 1.0 1.0 1.0 1.0 1.0 1.0 1.0 1.0 1.0 1.0 1.0 1.0 1.0 1.0 1.0 1.0 1.0 1.0 1.0 0.0 1.0 1.0 1.0 1.0 1.0 1.0 1.0 1.0 1.0 1.0 1.0 1.0 1.0 1.0 1.0 1.0 1.0 1.0 1.0 1.0 1.0 1.0 
1.0 1.0 1.0 1.0 1.0 1.0 1.0 1.0 1.0 1.0 1.0 1.0 1.0 1.0 1.0 1.0 1.0 1.0 1.0 1.0 1.0 1.0 1.0 1.0 1.0 1.0 1.0 1.0 1.0 1.0 1.0 1.0 1.0 1.0 1.0 1.0 1.0 1.0 1.0 1.0 1.0 1.0 1.0 1.0 1.0 1.0 1.0 1.0 1.0 1.0 1.0 1.0 1.0 1.0 1.0 1.0 1.0 1.0 1.0 1.0 1.0 1.0 1.0 1.0 1.0 1.0 1.0 1.0 1.0 1.0 1.0 1.0 1.0 1.0 1.0 1.0 1.0 1.0 1.0 1.0 1.0 1.0 1.0 1.0 1.0 1.0 1.0 1.0 1.0 1.0 1.0 1.0 1.0 1.0 1.0 1.0 1.0 1.0 1.0 1.0 1.0 1.0 1.0 1.0 1.0 1.0 0.0 1.0 1.0 1.0 1.0 1.0 1.0 1.0 1.0 1.0 1.0 1.0 1.0 1.0 1.0 1.0 1.0 1.0 1.0 1.0 1.0 1.0 
1.0 1.0 1.0 1.0 1.0 1.0 1.0 1.0 1.0 1.0 1.0 1.0 1.0 1.0 1.0 1.0 1.0 1.0 1.0 1.0 1.0 1.0 1.0 1.0 1.0 1.0 1.0 1.0 1.0 1.0 1.0 1.0 1.0 1.0 1.0 1.0 1.0 1.0 1.0 1.0 1.0 1.0 1.0 1.0 1.0 1.0 1.0 1.0 1.0 1.0 1.0 1.0 1.0 1.0 1.0 1.0 1.0 1.0 1.0 1.0 1.0 1.0 1.0 1.0 1.0 1.0 1.0 1.0 1.0 1.0 1.0 1.0 1.0 1.0 1.0 1.0 1.0 1.0 1.0 1.0 1.0 1.0 1.0 1.0 1.0 1.0 1.0 1.0 1.0 1.0 1.0 1.0 1.0 1.0 1.0 1.0 1.0 1.0 1.0 1.0 1.0 1.0 1.0 1.0 1.0 1.0 1.0 0.0 1.0 1.0 1.0 1.0 1.0 1.0 1.0 1.0 1.0 1.0 1.0 1.0 1.0 1.0 1.0 1.0 1.0 1.0 1.0 1.0 
1.0 1.0 1.0 1.0 1.0 1.0 1.0 1.0 1.0 1.0 1.0 1.0 1.0 1.0 1.0 1.0 1.0 1.0 1.0 1.0 1.0 1.0 1.0 1.0 1.0 1.0 1.0 1.0 1.0 1.0 1.0 1.0 1.0 1.0 1.0 1.0 1.0 1.0 1.0 1.0 1.0 1.0 1.0 1.0 1.0 1.0 1.0 1.0 1.0 1.0 1.0 1.0 1.0 1.0 1.0 1.0 1.0 1.0 1.0 1.0 1.0 1.0 1.0 1.0 1.0 1.0 1.0 1.0 1.0 1.0 1.0 1.0 1.0 1.0 1.0 1.0 1.0 1.0 1.0 1.0 1.0 1.0 1.0 1.0 1.0 1.0 1.0 1.0 1.0 1.0 1.0 1.0 1.0 1.0 1.0 1.0 1.0 1.0 1.0 1.0 1.0 1.0 1.0 1.0 1.0 1.0 1.0 1.0 0.0 1.0 1.0 1.0 1.0 1.0 1.0 1.0 1.0 1.0 1.0 1.0 1.0 1.0 1.0 1.0 1.0 1.0 1.0 1.0 
1.0 1.0 1.0 1.0 1.0 1.0 1.0 1.0 1.0 1.0 1.0 1.0 1.0 1.0 1.0 1.0 1.0 1.0 1.0 1.0 1.0 1.0 1.0 1.0 1.0 1.0 1.0 1.0 1.0 1.0 1.0 1.0 1.0 1.0 1.0 1.0 1.0 1.0 1.0 1.0 1.0 1.0 1.0 1.0 1.0 1.0 1.0 1.0 1.0 1.0 1.0 1.0 1.0 1.0 1.0 1.0 1.0 1.0 1.0 1.0 1.0 1.0 1.0 1.0 1.0 1.0 1.0 1.0 1.0 1.0 1.0 1.0 1.0 1.0 1.0 1.0 1.0 1.0 1.0 1.0 1.0 1.0 1.0 1.0 1.0 1.0 1.0 1.0 1.0 1.0 1.0 1.0 1.0 1.0 1.0 1.0 1.0 1.0 1.0 1.0 1.0 1.0 1.0 1.0 1.0 1.0 1.0 1.0 1.0 0.0 1.0 1.0 1.0 1.0 1.0 1.0 1.0 1.0 1.0 1.0 1.0 1.0 1.0 1.0 1.0 1.0 1.0 1.0 
1.0 1.0 1.0 1.0 1.0 1.0 1.0 1.0 1.0 1.0 1.0 1.0 1.0 1.0 1.0 1.0 1.0 1.0 1.0 1.0 1.0 1.0 1.0 1.0 1.0 1.0 1.0 1.0 1.0 1.0 1.0 1.0 1.0 1.0 1.0 1.0 1.0 1.0 1.0 1.0 1.0 1.0 1.0 1.0 1.0 1.0 1.0 1.0 1.0 1.0 1.0 1.0 1.0 1.0 1.0 1.0 1.0 1.0 1.0 1.0 1.0 1.0 1.0 1.0 1.0 1.0 1.0 1.0 1.0 1.0 1.0 1.0 1.0 1.0 1.0 1.0 1.0 1.0 1.0 1.0 1.0 1.0 1.0 1.0 1.0 1.0 1.0 1.0 1.0 1.0 1.0 1.0 1.0 1.0 1.0 1.0 1.0 1.0 1.0 1.0 1.0 1.0 1.0 1.0 1.0 1.0 1.0 1.0 1.0 1.0 0.0 1.0 1.0 1.0 1.0 1.0 1.0 1.0 1.0 1.0 1.0 1.0 1.0 1.0 1.0 1.0 1.0 1.0 
1.0 1.0 1.0 1.0 1.0 1.0 1.0 1.0 1.0 1.0 1.0 1.0 1.0 1.0 1.0 1.0 1.0 1.0 1.0 1.0 1.0 1.0 1.0 1.0 1.0 1.0 1.0 1.0 1.0 1.0 1.0 1.0 1.0 1.0 1.0 1.0 1.0 1.0 1.0 1.0 1.0 1.0 1.0 1.0 1.0 1.0 1.0 1.0 1.0 1.0 1.0 1.0 1.0 1.0 1.0 1.0 1.0 1.0 1.0 1.0 1.0 1.0 1.0 1.0 1.0 1.0 1.0 1.0 1.0 1.0 1.0 1.0 1.0 1.0 1.0 1.0 1.0 1.0 1.0 1.0 1.0 1.0 1.0 1.0 1.0 1.0 1.0 1.0 1.0 1.0 1.0 1.0 1.0 1.0 1.0 1.0 1.0 1.0 1.0 1.0 1.0 1.0 1.0 1.0 1.0 1.0 1.0 1.0 1.0 1.0 1.0 0.0 1.0 1.0 1.0 1.0 1.0 1.0 1.0 1.0 1.0 1.0 1.0 1.0 1.0 1.0 1.0 1.0 
1.0 1.0 1.0 1.0 1.0 1.0 1.0 1.0 1.0 1.0 1.0 1.0 1.0 1.0 1.0 1.0 1.0 1.0 1.0 1.0 1.0 1.0 1.0 1.0 1.0 1.0 1.0 1.0 1.0 1.0 1.0 1.0 1.0 1.0 1.0 1.0 1.0 1.0 1.0 1.0 1.0 1.0 1.0 1.0 1.0 1.0 1.0 1.0 1.0 1.0 1.0 1.0 1.0 1.0 1.0 1.0 1.0 1.0 1.0 1.0 1.0 1.0 1.0 1.0 1.0 1.0 1.0 1.0 1.0 1.0 1.0 1.0 1.0 1.0 1.0 1.0 1.0 1.0 1.0 1.0 1.0 1.0 1.0 1.0 1.0 1.0 1.0 1.0 1.0 1.0 1.0 1.0 1.0 1.0 1.0 1.0 1.0 1.0 1.0 1.0 1.0 1.0 1.0 1.0 1.0 1.0 1.0 1.0 1.0 1.0 1.0 1.0 0.0 1.0 1.0 1.0 1.0 1.0 1.0 1.0 1.0 1.0 1.0 1.0 1.0 1.0 1.0 1.0 
1.0 1.0 1.0 1.0 1.0 1.0 1.0 1.0 1.0 1.0 1.0 1.0 1.0 1.0 1.0 1.0 1.0 1.0 1.0 1.0 1.0 1.0 1.0 1.0 1.0 1.0 1.0 1.0 1.0 1.0 1.0 1.0 1.0 1.0 1.0 1.0 1.0 1.0 1.0 1.0 1.0 1.0 1.0 1.0 1.0 1.0 1.0 1.0 1.0 1.0 1.0 1.0 1.0 1.0 1.0 1.0 1.0 1.0 1.0 1.0 1.0 1.0 1.0 1.0 1.0 1.0 1.0 1.0 1.0 1.0 1.0 1.0 1.0 1.0 1.0 1.0 1.0 1.0 1.0 1.0 1.0 1.0 1.0 1.0 1.0 1.0 1.0 1.0 1.0 1.0 1.0 1.0 1.0 1.0 1.0 1.0 1.0 1.0 1.0 1.0 1.0 1.0 1.0 1.0 1.0 1.0 1.0 1.0 1.0 1.0 1.0 1.0 1.0 0.0 1.0 1.0 1.0 1.0 1.0 1.0 1.0 1.0 1.0 1.0 1.0 1.0 1.0 1.0 
1.0 1.0 1.0 1.0 1.0 1.0 1.0 1.0 1.0 1.0 1.0 1.0 1.0 1.0 1.0 1.0 1.0 1.0 1.0 1.0 1.0 1.0 1.0 1.0 1.0 1.0 1.0 1.0 1.0 1.0 1.0 1.0 1.0 1.0 1.0 1.0 1.0 1.0 1.0 1.0 1.0 1.0 1.0 1.0 1.0 1.0 1.0 1.0 1.0 1.0 1.0 1.0 1.0 1.0 1.0 1.0 1.0 1.0 1.0 1.0 1.0 1.0 1.0 1.0 1.0 1.0 1.0 1.0 1.0 1.0 1.0 1.0 1.0 1.0 1.0 1.0 1.0 1.0 1.0 1.0 1.0 1.0 1.0 1.0 1.0 1.0 1.0 1.0 1.0 1.0 1.0 1.0 1.0 1.0 1.0 1.0 1.0 1.0 1.0 1.0 1.0 1.0 1.0 1.0 1.0 1.0 1.0 1.0 1.0 1.0 1.0 1.0 1.0 1.0 0.0 1.0 1.0 1.0 1.0 1.0 1.0 1.0 1.0 1.0 1.0 1.0 1.0 1.0 
1.0 1.0 1.0 1.0 1.0 1.0 1.0 1.0 1.0 1.0 1.0 1.0 1.0 1.0 1.0 1.0 1.0 1.0 1.0 1.0 1.0 1.0 1.0 1.0 1.0 1.0 1.0 1.0 1.0 1.0 1.0 1.0 1.0 1.0 1.0 1.0 1.0 1.0 1.0 1.0 1.0 1.0 1.0 1.0 1.0 1.0 1.0 1.0 1.0 1.0 1.0 1.0 1.0 1.0 1.0 1.0 1.0 1.0 1.0 1.0 1.0 1.0 1.0 1.0 1.0 1.0 1.0 1.0 1.0 1.0 1.0 1.0 1.0 1.0 1.0 1.0 1.0 1.0 1.0 1.0 1.0 1.0 1.0 1.0 1.0 1.0 1.0 1.0 1.0 1.0 1.0 1.0 1.0 1.0 1.0 1.0 1.0 1.0 1.0 1.0 1.0 1.0 1.0 1.0 1.0 1.0 1.0 1.0 1.0 1.0 1.0 1.0 1.0 1.0 1.0 0.0 1.0 1.0 1.0 1.0 1.0 1.0 1.0 1.0 1.0 1.0 1.0 1.0 
1.0 1.0 1.0 1.0 1.0 1.0 1.0 1.0 1.0 1.0 1.0 1.0 1.0 1.0 1.0 1.0 1.0 1.0 1.0 1.0 1.0 1.0 1.0 1.0 1.0 1.0 1.0 1.0 1.0 1.0 1.0 1.0 1.0 1.0 1.0 1.0 1.0 1.0 1.0 1.0 1.0 1.0 1.0 1.0 1.0 1.0 1.0 1.0 1.0 1.0 1.0 1.0 1.0 1.0 1.0 1.0 1.0 1.0 1.0 1.0 1.0 1.0 1.0 1.0 1.0 1.0 1.0 1.0 1.0 1.0 1.0 1.0 1.0 1.0 1.0 1.0 1.0 1.0 1.0 1.0 1.0 1.0 1.0 1.0 1.0 1.0 1.0 1.0 1.0 1.0 1.0 1.0 1.0 1.0 1.0 1.0 1.0 1.0 1.0 1.0 1.0 1.0 1.0 1.0 1.0 1.0 1.0 1.0 1.0 1.0 1.0 1.0 1.0 1.0 1.0 1.0 0.0 1.0 1.0 1.0 1.0 1.0 1.0 1.0 1.0 1.0 1.0 1.0 
1.0 1.0 1.0 1.0 1.0 1.0 1.0 1.0 1.0 1.0 1.0 1.0 1.0 1.0 1.0 1.0 1.0 1.0 1.0 1.0 1.0 1.0 1.0 1.0 1.0 1.0 1.0 1.0 1.0 1.0 1.0 1.0 1.0 1.0 1.0 1.0 1.0 1.0 1.0 1.0 1.0 1.0 1.0 1.0 1.0 1.0 1.0 1.0 1.0 1.0 1.0 1.0 1.0 1.0 1.0 1.0 1.0 1.0 1.0 1.0 1.0 1.0 1.0 1.0 1.0 1.0 1.0 1.0 1.0 1.0 1.0 1.0 1.0 1.0 1.0 1.0 1.0 1.0 1.0 1.0 1.0 1.0 1.0 1.0 1.0 1.0 1.0 1.0 1.0 1.0 1.0 1.0 1.0 1.0 1.0 1.0 1.0 1.0 1.0 1.0 1.0 1.0 1.0 1.0 1.0 1.0 1.0 1.0 1.0 1.0 1.0 1.0 1.0 1.0 1.0 1.0 1.0 0.0 1.0 1.0 1.0 1.0 1.0 1.0 1.0 1.0 1.0 1.0 
1.0 1.0 1.0 1.0 1.0 1.0 1.0 1.0 1.0 1.0 1.0 1.0 1.0 1.0 1.0 1.0 1.0 1.0 1.0 1.0 1.0 1.0 1.0 1.0 1.0 1.0 1.0 1.0 1.0 1.0 1.0 1.0 1.0 1.0 1.0 1.0 1.0 1.0 1.0 1.0 1.0 1.0 1.0 1.0 1.0 1.0 1.0 1.0 1.0 1.0 1.0 1.0 1.0 1.0 1.0 1.0 1.0 1.0 1.0 1.0 1.0 1.0 1.0 1.0 1.0 1.0 1.0 1.0 1.0 1.0 1.0 1.0 1.0 1.0 1.0 1.0 1.0 1.0 1.0 1.0 1.0 1.0 1.0 1.0 1.0 1.0 1.0 1.0 1.0 1.0 1.0 1.0 1.0 1.0 1.0 1.0 1.0 1.0 1.0 1.0 1.0 1.0 1.0 1.0 1.0 1.0 1.0 1.0 1.0 1.0 1.0 1.0 1.0 1.0 1.0 1.0 1.0 1.0 0.0 1.0 1.0 1.0 1.0 1.0 1.0 1.0 1.0 1.0 
1.0 1.0 1.0 1.0 1.0 1.0 1.0 1.0 1.0 1.0 1.0 1.0 1.0 1.0 1.0 1.0 1.0 1.0 1.0 1.0 1.0 1.0 1.0 1.0 1.0 1.0 1.0 1.0 1.0 1.0 1.0 1.0 1.0 1.0 1.0 1.0 1.0 1.0 1.0 1.0 1.0 1.0 1.0 1.0 1.0 1.0 1.0 1.0 1.0 1.0 1.0 1.0 1.0 1.0 1.0 1.0 1.0 1.0 1.0 1.0 1.0 1.0 1.0 1.0 1.0 1.0 1.0 1.0 1.0 1.0 1.0 1.0 1.0 1.0 1.0 1.0 1.0 1.0 1.0 1.0 1.0 1.0 1.0 1.0 1.0 1.0 1.0 1.0 1.0 1.0 1.0 1.0 1.0 1.0 1.0 1.0 1.0 1.0 1.0 1.0 1.0 1.0 1.0 1.0 1.0 1.0 1.0 1.0 1.0 1.0 1.0 1.0 1.0 1.0 1.0 1.0 1.0 1.0 1.0 0.0 1.0 1.0 1.0 1.0 1.0 1.0 1.0 1.0 
1.0 1.0 1.0 1.0 1.0 1.0 1.0 1.0 1.0 1.0 1.0 1.0 1.0 1.0 1.0 1.0 1.0 1.0 1.0 1.0 1.0 1.0 1.0 1.0 1.0 1.0 1.0 1.0 1.0 1.0 1.0 1.0 1.0 1.0 1.0 1.0 1.0 1.0 1.0 1.0 1.0 1.0 1.0 1.0 1.0 1.0 1.0 1.0 1.0 1.0 1.0 1.0 1.0 1.0 1.0 1.0 1.0 1.0 1.0 1.0 1.0 1.0 1.0 1.0 1.0 1.0 1.0 1.0 1.0 1.0 1.0 1.0 1.0 1.0 1.0 1.0 1.0 1.0 1.0 1.0 1.0 1.0 1.0 1.0 1.0 1.0 1.0 1.0 1.0 1.0 1.0 1.0 1.0 1.0 1.0 1.0 1.0 1.0 1.0 1.0 1.0 1.0 1.0 1.0 1.0 1.0 1.0 1.0 1.0 1.0 1.0 1.0 1.0 1.0 1.0 1.0 1.0 1.0 1.0 1.0 0.0 1.0 1.0 1.0 1.0 1.0 1.0 1.0 
1.0 1.0 1.0 1.0 1.0 1.0 1.0 1.0 1.0 1.0 1.0 1.0 1.0 1.0 1.0 1.0 1.0 1.0 1.0 1.0 1.0 1.0 1.0 1.0 1.0 1.0 1.0 1.0 1.0 1.0 1.0 1.0 1.0 1.0 1.0 1.0 1.0 1.0 1.0 1.0 1.0 1.0 1.0 1.0 1.0 1.0 1.0 1.0 1.0 1.0 1.0 1.0 1.0 1.0 1.0 1.0 1.0 1.0 1.0 1.0 1.0 1.0 1.0 1.0 1.0 1.0 1.0 1.0 1.0 1.0 1.0 1.0 1.0 1.0 1.0 1.0 1.0 1.0 1.0 1.0 1.0 1.0 1.0 1.0 1.0 1.0 1.0 1.0 1.0 1.0 1.0 1.0 1.0 1.0 1.0 1.0 1.0 1.0 1.0 1.0 1.0 1.0 1.0 1.0 1.0 1.0 1.0 1.0 1.0 1.0 1.0 1.0 1.0 1.0 1.0 1.0 1.0 1.0 1.0 1.0 1.0 0.0 1.0 1.0 1.0 1.0 1.0 1.0 
1.0 1.0 1.0 1.0 1.0 1.0 1.0 1.0 1.0 1.0 1.0 1.0 1.0 1.0 1.0 1.0 1.0 1.0 1.0 1.0 1.0 1.0 1.0 1.0 1.0 1.0 1.0 1.0 1.0 1.0 1.0 1.0 1.0 1.0 1.0 1.0 1.0 1.0 1.0 1.0 1.0 1.0 1.0 1.0 1.0 1.0 1.0 1.0 1.0 1.0 1.0 1.0 1.0 1.0 1.0 1.0 1.0 1.0 1.0 1.0 1.0 1.0 1.0 1.0 1.0 1.0 1.0 1.0 1.0 1.0 1.0 1.0 1.0 1.0 1.0 1.0 1.0 1.0 1.0 1.0 1.0 1.0 1.0 1.0 1.0 1.0 1.0 1.0 1.0 1.0 1.0 1.0 1.0 1.0 1.0 1.0 1.0 1.0 1.0 1.0 1.0 1.0 1.0 1.0 1.0 1.0 1.0 1.0 1.0 1.0 1.0 1.0 1.0 1.0 1.0 1.0 1.0 1.0 1.0 1.0 1.0 1.0 0.0 1.0 1.0 1.0 1.0 1.0 
1.0 1.0 1.0 1.0 1.0 1.0 1.0 1.0 1.0 1.0 1.0 1.0 1.0 1.0 1.0 1.0 1.0 1.0 1.0 1.0 1.0 1.0 1.0 1.0 1.0 1.0 1.0 1.0 1.0 1.0 1.0 1.0 1.0 1.0 1.0 1.0 1.0 1.0 1.0 1.0 1.0 1.0 1.0 1.0 1.0 1.0 1.0 1.0 1.0 1.0 1.0 1.0 1.0 1.0 1.0 1.0 1.0 1.0 1.0 1.0 1.0 1.0 1.0 1.0 1.0 1.0 1.0 1.0 1.0 1.0 1.0 1.0 1.0 1.0 1.0 1.0 1.0 1.0 1.0 1.0 1.0 1.0 1.0 1.0 1.0 1.0 1.0 1.0 1.0 1.0 1.0 1.0 1.0 1.0 1.0 1.0 1.0 1.0 1.0 1.0 1.0 1.0 1.0 1.0 1.0 1.0 1.0 1.0 1.0 1.0 1.0 1.0 1.0 1.0 1.0 1.0 1.0 1.0 1.0 1.0 1.0 1.0 1.0 0.0 1.0 1.0 1.0 1.0 
1.0 1.0 1.0 1.0 1.0 1.0 1.0 1.0 1.0 1.0 1.0 1.0 1.0 1.0 1.0 1.0 1.0 1.0 1.0 1.0 1.0 1.0 1.0 1.0 1.0 1.0 1.0 1.0 1.0 1.0 1.0 1.0 1.0 1.0 1.0 1.0 1.0 1.0 1.0 1.0 1.0 1.0 1.0 1.0 1.0 1.0 1.0 1.0 1.0 1.0 1.0 1.0 1.0 1.0 1.0 1.0 1.0 1.0 1.0 1.0 1.0 1.0 1.0 1.0 1.0 1.0 1.0 1.0 1.0 1.0 1.0 1.0 1.0 1.0 1.0 1.0 1.0 1.0 1.0 1.0 1.0 1.0 1.0 1.0 1.0 1.0 1.0 1.0 1.0 1.0 1.0 1.0 1.0 1.0 1.0 1.0 1.0 1.0 1.0 1.0 1.0 1.0 1.0 1.0 1.0 1.0 1.0 1.0 1.0 1.0 1.0 1.0 1.0 1.0 1.0 1.0 1.0 1.0 1.0 1.0 1.0 1.0 1.0 1.0 0.0 1.0 1.0 1.0 
1.0 1.0 1.0 1.0 1.0 1.0 1.0 1.0 1.0 1.0 1.0 1.0 1.0 1.0 1.0 1.0 1.0 1.0 1.0 1.0 1.0 1.0 1.0 1.0 1.0 1.0 1.0 1.0 1.0 1.0 1.0 1.0 1.0 1.0 1.0 1.0 1.0 1.0 1.0 1.0 1.0 1.0 1.0 1.0 1.0 1.0 1.0 1.0 1.0 1.0 1.0 1.0 1.0 1.0 1.0 1.0 1.0 1.0 1.0 1.0 1.0 1.0 1.0 1.0 1.0 1.0 1.0 1.0 1.0 1.0 1.0 1.0 1.0 1.0 1.0 1.0 1.0 1.0 1.0 1.0 1.0 1.0 1.0 1.0 1.0 1.0 1.0 1.0 1.0 1.0 1.0 1.0 1.0 1.0 1.0 1.0 1.0 1.0 1.0 1.0 1.0 1.0 1.0 1.0 1.0 1.0 1.0 1.0 1.0 1.0 1.0 1.0 1.0 1.0 1.0 1.0 1.0 1.0 1.0 1.0 1.0 1.0 1.0 1.0 1.0 0.0 1.0 1.0 
1.0 1.0 1.0 1.0 1.0 1.0 1.0 1.0 1.0 1.0 1.0 1.0 1.0 1.0 1.0 1.0 1.0 1.0 1.0 1.0 1.0 1.0 1.0 1.0 1.0 1.0 1.0 1.0 1.0 1.0 1.0 1.0 1.0 1.0 1.0 1.0 1.0 1.0 1.0 1.0 1.0 1.0 1.0 1.0 1.0 1.0 1.0 1.0 1.0 1.0 1.0 1.0 1.0 1.0 1.0 1.0 1.0 1.0 1.0 1.0 1.0 1.0 1.0 1.0 1.0 1.0 1.0 1.0 1.0 1.0 1.0 1.0 1.0 1.0 1.0 1.0 1.0 1.0 1.0 1.0 1.0 1.0 1.0 1.0 1.0 1.0 1.0 1.0 1.0 1.0 1.0 1.0 1.0 1.0 1.0 1.0 1.0 1.0 1.0 1.0 1.0 1.0 1.0 1.0 1.0 1.0 1.0 1.0 1.0 1.0 1.0 1.0 1.0 1.0 1.0 1.0 1.0 1.0 1.0 1.0 1.0 1.0 1.0 1.0 1.0 1.0 0.0 1.0 
1.0 1.0 1.0 1.0 1.0 1.0 1.0 1.0 1.0 1.0 1.0 1.0 1.0 1.0 1.0 1.0 1.0 1.0 1.0 1.0 1.0 1.0 1.0 1.0 1.0 1.0 1.0 1.0 1.0 1.0 1.0 1.0 1.0 1.0 1.0 1.0 1.0 1.0 1.0 1.0 1.0 1.0 1.0 1.0 1.0 1.0 1.0 1.0 1.0 1.0 1.0 1.0 1.0 1.0 1.0 1.0 1.0 1.0 1.0 1.0 1.0 1.0 1.0 1.0 1.0 1.0 1.0 1.0 1.0 1.0 1.0 1.0 1.0 1.0 1.0 1.0 1.0 1.0 1.0 1.0 1.0 1.0 1.0 1.0 1.0 1.0 1.0 1.0 1.0 1.0 1.0 1.0 1.0 1.0 1.0 1.0 1.0 1.0 1.0 1.0 1.0 1.0 1.0 1.0 1.0 1.0 1.0 1.0 1.0 1.0 1.0 1.0 1.0 1.0 1.0 1.0 1.0 1.0 1.0 1.0 1.0 1.0 1.0 1.0 1.0 1.0 1.0 0.0 