128
59 70 77 54 4 73 21 80 72 96 61 25 12 7 80 57 35 91 85 6 98 61 65 75 10 78 46 61 95 21 23 47 13 79 45 28 38 21 87 5 83 49 76 34 95 46 26 4 77 92 56 16 77 5 2 18 62 69 74 86 83 34 81 82 97 81 63 82 60 62 53 93 22 35 39 16 92 52 3 45 82 85 88 1 59 80 56 22 66 61 48 88 28 83 12 93 89 7 46 14 82 95 27 20 42 2 7 40 26 65 90 65 53 60 39 75 71 51 54 88 26 34 43 75 60 34 58 41 
85 94 99 33 75 86 26 64 50 52 32 43 39 17 91 33 44 43 28 19 52 76 14 24 35 96 85 76 57 23 3 81 3 45 21 87 11 48 14 26 45 10 79 67 67 11 40 19 21 34 91 55 97 24 59 52 73 50 32 50 37 5 19 50 61 37 100 62 48 81 6 17 15 19 62 9 84 40 18 39 87 15 1 75 40 28 74 27 7 27 41 9 34 10 99 17 27 6 52 91 9 45 81 36 69 31 62 61 63 65 96 95 90 79 98 42 85 98 82 95 79 51 95 54 35 73 14 52 
72 64 8 88 20 71 2 45 37 90 68 42 37 80 98 34 39 53 25 15 89 67 55 21 71 54 42 89 38 5 67 67 79 83 79 60 32 85 14 83 30 84 49 82 94 89 89 45 76 79 6 20 17 75 42 25 41 92 2 1 27 15 4 68 39 58 48 87 74 10 75 91 53 79 59 14 32 12 17 8 69 17 10 49 83 33 10 33 41 88 63 92 11 12 87 1 3 21 38 54 86 50 67 77 55 17 58 7 75 45 58 66 54 24 32 63 12 20 69 40 31 30 47 26 92 86 50 3 
21 90 95 90 58 20 3 26 55 6 4 82 58 74 89 97 13 70 2 90 93 51 76 15 2 75 78 33 85 87 58 17 48 81 100 38 4 36 77 38 100 43 28 93 30 46 88 52 79 31 19 79 4 93 79 57 44 16 7 7 97 69 13 68 39 24 53 89 54 66 94 8 99 54 88 76 19 51 69 71 54 84 97 40 67 77 37 13 49 45 4 21 11 77 57 54 64 31 27 27 3 3 33 26 95 79 10 96 48 58 68 57 56 92 33 50 79 70 100 20 88 58 13 81 61 41 29 97 
41 77 9 61 96 83 10 64 83 79 90 94 64 12 44 76 29 96 57 24 96 73 99 28 60 28 73 58 13 44 57 70 88 37 33 76 95 80 20 77 33 85 16 26 2 46 72 41 67 47 25 52 29 8 16 35 82 75 69 57 32 59 72 85 50 20 4 4 30 37 29 1 80 70 38 4 94 70 4 38 12 25 9 85 53 72 4 23 11 66 48 28 2 10 71 31 78 33 78 36 97 83 20 23 5 19 99 66 72 91 69 68 35 16 92 5 42 7 20 30 16 47 6 45 34 85 18 63 
39 66 3 30 43 28 11 59 71 52 95 42 94 95 25 96 62 18 41 66 58 42 43 75 64 94 27 76 61 84 63 73 7 68 96 67 48 52 86 5 44 81 94 34 78 6 99 15 77 43 15 46 98 9 100 98 10 100 53 64 57 77 75 50 53 86 54 38 70 33 6 79 78 25 79 12 40 100 96 50 37 87 9 2 87 43 71 53 75 16 6 43 33 63 76 82 12 91 22 100 78 78 96 66 15 69 54 22 87 16 77 97 38 10 5 99 73 99 17 43 6 66 92 64 32 65 50 28 
44 25 72 64 28 55 73 31 83 46 50 55 69 85 9 65 33 9 92 100 61 5 67 60 70 20 76 69 92 71 12 1 28 86 44 74 44 30 70 24 65 58 62 51 5 30 24 43 66 60 45 42 92 73 70 58 91 98 62 35 61 78 55 72 22 79 15 26 97 98 78 49 11 32 62 18 48 40 48 7 38 29 8 33 65 39 2 58 98 21 11 14 100 79 1 34 79 33 86 87 98 4 85 14 54 97 58 28 3 62 22 73 53 20 32 85 26 41 3 96 60 64 64 3 67 38 30 26 
32 62 85 62 15 98 6 68 22 4 86 34 84 48 18 54 95 31 95 93 37 80 60 54 97 39 43 18 11 76 49 18 6 10 83 37 84 37 44 86 68 28 8 59 2 38 62 93 4 100 27 47 3 45 49 47 43 66 33 3 66 30 19 72 59 34 73 56 4 89 12 14 50 88 56 21 82 69 19 17 50 56 72 28 51 3 62 32 61 30 65 87 62 12 30 76 56 53 57 100 24 19 10 58 39 64 66 16 4 94 89 63 42 15 100 1 55 30 57 100 91 7 97 43 67 88 78 70 
37 90 5 40 85 64 56 70 21 74 43 48 66 77 93 74 86 78 17 58 3 30 1 27 62 88 91 97 73 60 44 95 59 98 50 97 81 31 22 9 71 96 88 85 4 8 40 78 60 6 77 47 53 97 10 14 99 53 63 1 27 30 55 87 30 1 20 96 7 57 43 55 97 95 65 62 23 54 27 60 34 71 23 74 40 52 53 31 10 90 34 26 99 21 6 5 82 14 49 100 94 21 26 16 39 92 39 66 70 66 49 40 55 97 17 93 90 79 44 41 8 40 13 47 78 65 98 20 
18 23 54 3 81 40 5 6 78 62 9 22 99 99 15 36 20 89 12 7 53 24 39 5 58 49 49 13 10 94 21 39 63 42 95 93 70 33 3 96 77 46 13 79 62 38 74 55 9 45 9 60 51 87 18 12 77 76 8 82 80 34 66 38 68 62 89 86 12 20 4 73 44 63 2 43 73 36 65 61 49 54 49 65 71 6 79 20 15 56 56 43 22 56 3 45 50 41 17 6 5 94 22 88 29 71 30 13 64 62 44 56 13 39 84 42 39 93 77 49 81 45 6 71 92 42 29 1 
95 6 7 69 77 66 62 25 91 29 82 40 13 26 1 72 94 45 100 5 38 53 20 63 80 93 43 83 94 43 53 56 33 33 8 31 2 13 79 29 30 9 82 22 50 28 10 73 83 17 20 76 50 55 8 31 62 36 28 52 68 37 81 89 100 31 46 55 14 57 56 65 67 59 81 65 41 15 67 40 40 31 88 97 50 42 84 97 62 9 47 29 63 63 46 78 78 84 61 22 77 30 80 68 76 11 12 42 56 53 87 34 47 8 64 8 65 99 83 48 73 60 36 6 9 17 3 38 
66 20 29 54 26 81 19 25 48 31 59 44 48 32 90 87 27 69 36 10 76 19 29 9 85 85 71 100 81 28 25 55 84 64 97 51 67 44 56 63 37 66 84 92 67 81 63 13 32 63 86 42 4 71 50 33 18 7 41 69 72 65 99 19 66 58 56 65 27 31 27 1 13 64 37 12 12 99 97 64 2 76 70 41 75 48 41 63 81 87 86 8 79 48 41 85 57 81 54 54 12 14 26 97 99 67 42 12 94 29 61 47 5 60 55 57 90 50 79 20 100 90 24 29 32 11 93 15 
14 2 12 35 97 1 72 84 54 81 84 63 42 22 22 12 93 25 18 65 98 23 39 24 41 3 38 99 52 4 39 49 62 56 12 40 80 15 79 54 64 91 72 33 69 20 39 33 41 40 100 63 15 6 81 92 59 66 1 63 83 34 51 100 34 15 70 86 60 99 8 50 99 5 100 47 83 54 78 7 10 33 73 41 13 44 30 60 76 25 3 49 77 38 82 28 32 51 86 14 24 4 18 90 100 58 6 9 2 27 16 54 42 25 20 26 80 51 34 40 90 28 70 85 63 51 68 73 
80 61 82 46 64 74 86 99 67 55 73 22 29 40 96 8 47 3 82 40 48 11 48 60 100 32 33 54 88 5 46 98 42 12 32 82 79 94 92 36 68 9 27 29 55 78 27 44 22 74 6 20 72 29 25 6 18 48 44 60 71 81 87 94 77 89 28 75 85 68 78 21 28 95 10 66 34 54 86 8 68 78 72 50 99 7 14 2 45 36 15 47 89 37 38 34 88 91 16 92 20 40 37 68 47 59 44 21 83 53 51 20 41 95 43 48 24 84 2 69 58 31 33 75 50 58 79 98 
88 33 14 38 46 29 24 25 8 90 78 80 71 13 52 73 1 80 35 9 13 16 26 22 14 13 40 12 59 83 16 14 63 73 48 58 23 84 59 55 49 38 68 68 34 61 84 47 82 45 24 30 25 71 13 60 42 15 12 18 98 39 39 43 58 89 89 56 37 97 45 13 35 23 36 45 52 48 2 10 80 60 38 62 49 54 43 41 81 53 15 72 27 63 37 14 67 57 22 46 92 2 11 81 81 18 37 70 11 35 9 42 31 94 30 43 53 46 75 90 80 72 9 96 6 37 24 94 
50 65 39 59 16 19 20 11 89 99 61 83 92 61 42 62 64 65 18 5 17 80 42 3 12 65 74 10 34 47 54 65 25 47 94 85 45 74 91 17 72 53 40 69 45 5 26 91 38 82 94 39 74 7 68 100 61 86 31 92 76 14 72 13 63 19 50 66 34 83 92 84 40 25 34 38 18 68 15 51 21 66 70 43 34 8 91 38 14 63 47 91 62 46 24 74 62 75 42 46 51 77 31 16 8 16 21 82 11 70 34 60 64 79 50 49 59 11 58 8 81 7 88 70 100 66 8 65 
57 87 85 96 58 19 53 53 86 39 39 85 36 81 70 63 31 99 14 10 87 71 18 73 94 4 83 92 24 67 50 30 73 47 7 67 92 20 36 21 69 69 86 63 61 24 54 19 71 73 11 45 64 100 54 54 55 98 13 15 47 73 58 7 75 19 62 30 31 23 35 82 46 28 70 64 64 69 22 82 74 14 6 84 44 15 35 75 62 43 91 42 45 45 79 15 29 51 22 99 62 49 73 28 89 84 48 65 76 37 8 64 58 78 21 75 18 66 9 54 75 40 16 92 30 43 49 60 
45 84 28 96 75 16 99 78 80 36 36 71 89 46 24 97 83 40 2 64 55 79 53 56 58 47 5 57 37 65 24 6 9 98 26 51 41 74 99 69 94 53 26 42 67 77 57 6 96 97 33 2 50 29 3 33 80 8 23 91 15 26 49 4 49 20 60 97 33 71 56 62 69 24 54 22 33 64 6 73 62 6 25 30 75 87 41 38 65 90 99 66 85 13 95 11 58 88 19 77 75 94 13 90 28 55 25 28 72 57 51 91 20 45 58 3 51 3 98 99 70 17 94 88 12 55 4 51 
30 12 77 58 86 32 28 24 56 66 31 53 33 56 79 98 23 58 18 2 19 49 76 66 99 38 47 68 12 50 26 83 38 53 49 1 38 81 61 3 85 75 92 64 51 77 100 63 43 46 77 60 49 86 1 1 2 46 38 82 67 44 87 3 37 53 85 85 76 31 49 26 55 55 29 37 82 64 80 83 79 21 82 41 15 83 29 89 23 27 9 35 79 72 10 52 79 5 92 77 20 47 47 91 18 25 22 16 32 34 21 93 98 14 96 69 88 79 53 85 53 77 71 64 34 76 66 74 
75 74 13 86 1 48 97 4 51 61 87 48 83 97 85 36 56 78 57 92 86 19 13 21 56 11 77 52 52 34 98 43 54 52 100 89 68 15 49 11 76 91 11 28 81 29 34 14 33 83 46 7 89 7 50 49 85 10 86 72 54 91 15 90 22 35 80 82 23 7 19 27 88 51 23 37 21 2 36 94 68 72 86 55 83 52 6 11 57 79 98 75 100 39 7 50 72 45 36 85 63 35 95 69 55 54 74 29 88 96 49 46 12 27 94 60 85 40 98 73 27 86 6 90 94 33 83 47 
11 24 40 27 13 94 76 11 36 94 22 46 45 88 34 72 85 47 71 33 99 71 29 79 7 44 87 70 13 53 74 7 78 60 8 92 67 39 41 28 29 15 26 67 10 29 65 75 88 80 53 77 22 37 68 75 43 62 5 28 68 57 100 84 48 17 46 10 8 31 10 22 9 8 49 50 52 61 96 35 60 48 6 80 83 25 66 99 8 96 43 71 44 46 99 21 16 25 28 35 55 60 64 6 42 29 92 76 40 13 61 60 5 14 16 39 79 67 70 69 76 92 3 82 6 99 37 13 
84 31 41 36 47 35 42 64 95 35 83 30 52 75 95 98 16 47 70 3 16 3 24 2 17 61 26 20 63 62 62 86 79 16 97 56 21 58 4 28 51 79 60 25 89 32 49 94 44 8 30 84 79 12 54 5 87 9 79 57 65 21 5 44 47 62 73 15 84 22 19 38 78 16 78 46 83 98 51 45 54 85 67 55 89 41 94 90 69 87 4 92 3 65 26 68 21 27 57 7 42 97 59 36 10 11 27 29 90 63 17 4 86 81 55 40 48 45 100 34 28 60 12 36 26 41 20 72 
75 60 33 45 40 1 64 91 95 59 33 71 97 40 48 29 80 93 99 78 92 9 77 100 46 16 21 86 65 95 20 80 29 68 53 90 92 95 6 94 54 32 48 77 14 60 98 90 70 20 46 60 13 67 6 51 46 69 27 61 35 62 91 47 95 83 24 35 11 2 89 23 52 49 27 88 30 4 20 53 59 91 73 19 10 76 89 72 13 53 22 30 94 77 72 96 81 3 16 55 65 63 49 63 2 6 34 12 37 10 19 42 25 66 56 46 11 27 6 21 82 43 75 5 73 50 74 16 
53 41 27 14 47 34 2 69 62 21 38 36 41 81 91 29 38 19 50 81 66 100 26 27 69 28 64 37 2 19 83 68 31 31 73 71 31 47 64 83 40 99 68 52 62 60 28 57 50 93 54 19 1 31 1 57 37 54 32 87 59 17 31 72 84 91 51 7 18 36 16 62 5 74 52 100 34 56 24 95 67 66 63 58 38 85 49 87 76 8 35 84 88 58 26 50 78 65 27 50 34 100 14 54 25 30 67 47 60 28 54 75 56 78 90 14 63 65 63 7 49 59 83 93 43 79 82 43 
74 79 48 11 34 45 59 18 6 52 56 91 46 31 86 39 69 76 73 72 76 60 97 15 66 37 76 96 67 81 81 36 92 10 47 69 68 27 6 25 86 92 73 6 100 39 1 86 33 67 57 65 3 84 17 52 27 49 61 59 59 75 12 92 53 78 53 8 49 67 17 1 77 55 58 39 2 1 36 91 17 36 77 67 61 7 8 14 57 84 46 89 99 33 71 15 78 30 38 72 94 52 90 87 54 59 55 49 60 37 28 44 61 28 93 68 13 94 47 54 99 63 72 17 84 63 50 11 
46 22 27 93 68 61 79 56 71 66 99 37 43 44 73 2 43 27 31 4 54 55 17 14 85 38 17 84 75 47 74 63 68 3 59 34 90 8 6 21 77 6 23 79 48 77 36 60 71 58 26 75 30 94 9 64 99 12 17 79 74 2 18 7 17 37 21 38 74 99 61 12 9 7 6 62 1 51 89 40 43 47 59 3 69 81 47 51 59 53 72 44 78 88 80 46 67 99 58 58 40 20 61 74 34 50 78 68 1 86 90 43 7 47 55 81 66 25 62 72 3 30 28 79 2 88 73 83 
33 70 15 8 73 88 50 40 86 20 14 86 88 36 36 100 13 10 56 86 1 41 75 62 65 14 50 6 19 7 99 92 8 41 4 48 19 61 89 18 7 33 14 27 94 69 28 56 24 8 10 45 25 46 52 64 51 59 33 91 36 99 58 24 86 75 80 61 30 62 45 40 34 25 80 90 38 72 6 57 19 68 45 60 50 17 80 48 77 51 54 68 82 43 7 28 28 49 15 99 32 29 71 64 88 76 77 52 76 9 84 8 88 14 19 85 61 45 20 22 11 78 75 68 56 86 22 34 
71 15 43 6 57 20 21 20 72 80 100 77 8 26 34 84 83 69 5 41 93 83 78 20 33 24 43 95 33 27 7 5 20 95 95 91 5 85 30 64 5 70 31 99 89 98 52 63 2 9 16 44 76 71 78 98 85 48 86 15 67 14 4 1 88 47 74 22 54 62 32 47 62 96 26 27 83 72 81 29 14 30 65 98 64 86 55 100 33 95 69 76 88 64 69 6 100 5 47 89 44 98 70 24 75 91 58 3 45 18 97 2 40 68 62 87 72 23 62 26 5 65 42 41 30 55 12 21 
74 13 58 74 39 36 17 44 55 39 91 52 67 15 69 7 28 53 76 75 75 71 80 22 62 1 98 95 17 55 18 34 35 22 4 71 96 69 84 3 51 10 63 5 11 60 17 7 76 47 52 93 74 34 14 48 92 61 56 92 72 4 93 60 51 20 28 59 44 14 90 69 4 40 92 100 31 30 89 64 87 74 94 64 81 63 83 6 48 24 49 59 27 44 65 3 43 38 53 56 94 55 49 1 58 65 90 84 55 83 96 70 36 75 81 56 27 36 52 43 45 83 95 61 86 94 51 71 
26 54 49 59 87 93 35 1 43 40 12 29 89 61 23 23 93 76 25 53 41 60 71 51 53 34 5 26 28 41 82 66 72 75 13 39 82 79 8 2 80 92 99 96 24 91 67 21 50 93 78 23 41 36 44 1 44 87 21 5 18 45 82 36 65 32 79 97 17 63 24 17 82 16 70 72 45 35 37 86 8 41 25 13 3 18 44 20 97 80 11 2 44 60 63 2 69 88 56 54 38 57 36 75 55 88 68 1 39 95 24 54 60 61 99 48 38 15 64 62 96 11 54 29 39 24 53 92 
56 93 64 1 8 12 93 44 99 41 18 13 55 26 48 6 13 46 77 78 78 16 32 47 81 56 38 70 7 29 52 40 53 6 47 14 70 18 25 32 8 31 46 51 76 78 11 23 36 10 17 75 35 58 49 29 22 38 25 63 36 52 53 34 46 3 36 81 77 46 53 28 14 94 56 10 77 61 65 81 37 34 89 10 12 54 2 66 79 39 14 59 34 23 28 86 90 49 46 60 38 69 28 90 38 82 77 88 5 67 11 44 38 62 22 37 43 77 29 38 89 3 96 63 45 8 71 13 
23 87 17 85 92 15 63 65 70 38 94 2 71 61 37 51 19 31 85 35 52 84 15 8 57 70 87 96 27 75 94 53 99 91 68 36 71 8 36 45 65 10 71 70 46 20 95 95 84 81 97 21 24 76 18 100 90 18 46 75 30 94 98 72 73 44 14 76 45 40 63 15 76 87 60 83 10 76 14 45 37 68 38 51 63 78 48 84 54 35 32 15 24 64 67 82 80 53 70 99 25 88 70 15 80 58 26 29 73 72 54 67 66 57 8 44 17 72 73 97 93 65 74 28 92 31 33 91 
41 16 41 32 82 29 79 45 63 29 77 4 86 72 55 93 86 40 58 18 76 83 5 86 36 67 68 67 93 58 65 73 11 68 73 22 58 46 90 20 1 13 77 26 46 68 31 93 98 55 64 96 25 96 93 12 28 16 23 18 36 61 19 1 87 69 21 49 26 87 54 49 83 46 99 27 90 34 80 72 66 28 66 74 29 58 91 81 99 55 79 4 21 33 97 94 36 78 1 57 48 97 23 84 11 8 22 94 26 9 85 99 19 8 27 15 15 42 42 95 80 67 48 83 46 76 60 59 
40 19 42 96 87 46 17 41 17 62 1 15 6 85 94 71 5 37 83 29 63 44 49 14 53 92 27 24 2 15 78 39 21 66 2 4 44 18 14 78 84 69 90 25 47 11 6 18 95 71 66 6 74 70 25 82 19 78 79 80 32 62 18 45 3 70 15 70 95 30 41 64 33 50 67 32 63 83 25 92 48 34 93 94 85 3 82 85 58 15 54 25 41 18 98 90 69 33 44 92 30 53 92 64 3 100 54 20 94 59 9 70 36 68 82 18 22 14 12 94 37 13 37 84 22 7 70 50 
20 14 98 73 49 19 54 89 38 92 73 18 94 31 92 68 98 70 97 4 30 49 31 70 24 95 61 11 3 97 66 8 41 48 44 85 27 90 63 9 19 34 22 15 26 10 64 57 21 95 36 76 87 73 68 20 17 81 48 63 77 30 17 86 78 2 49 87 84 5 45 46 65 50 37 83 36 37 21 87 61 74 40 91 9 14 53 67 90 99 89 67 94 10 79 99 73 1 34 40 86 100 83 79 69 21 24 49 74 35 4 98 80 73 14 20 35 9 72 75 77 25 6 13 16 65 12 48 
95 92 61 49 81 33 48 94 13 81 79 81 66 86 87 95 27 44 58 98 4 3 39 57 49 82 20 31 73 94 64 35 79 94 23 62 37 96 47 68 9 54 4 47 64 100 24 23 59 1 75 100 41 69 37 59 84 25 14 29 37 4 6 23 83 77 62 89 11 25 51 68 75 50 34 17 58 14 43 80 88 94 13 50 22 90 61 60 34 23 41 78 90 99 67 54 45 40 7 55 89 81 83 83 40 56 97 7 76 80 66 70 46 34 73 11 70 45 87 34 42 22 34 21 47 31 84 46 
29 6 37 96 47 63 99 19 74 15 33 47 57 47 77 10 85 45 93 100 8 24 61 38 64 38 87 14 80 86 77 21 49 88 3 75 68 18 44 52 77 24 91 98 49 13 77 66 43 45 9 20 95 68 99 26 42 20 30 91 53 34 69 7 96 74 70 81 30 62 67 8 42 70 55 56 53 87 89 8 15 17 87 87 75 96 96 45 83 70 63 71 40 57 9 41 6 9 82 78 7 6 69 20 31 57 41 79 22 59 91 1 42 17 98 90 90 27 40 50 16 59 64 17 16 88 43 68 
67 66 22 91 8 2 5 63 57 99 62 4 1 14 54 92 34 14 19 75 57 58 89 91 22 27 75 85 55 62 20 49 25 37 33 23 36 26 49 18 31 51 23 9 68 34 73 94 46 89 61 60 85 97 97 31 49 2 98 42 93 9 60 35 42 22 64 43 97 93 6 87 98 41 99 18 30 39 88 6 20 78 71 31 68 95 19 91 92 57 56 33 12 99 48 23 19 82 70 65 82 98 49 54 96 23 53 71 49 81 41 14 68 80 5 69 53 62 98 8 32 36 15 55 68 35 87 98 
79 33 4 1 25 60 44 3 59 35 27 1 43 48 98 27 5 55 49 25 4 68 25 59 94 47 55 29 43 51 22 15 20 33 57 53 25 10 58 55 17 89 71 55 79 66 81 20 43 63 89 61 24 70 95 52 57 58 72 71 58 91 10 87 69 79 6 59 73 94 10 70 89 41 6 14 31 13 14 22 28 3 49 32 15 88 87 34 13 17 40 7 90 62 49 98 2 85 36 57 22 65 7 41 86 38 89 20 92 79 85 13 62 35 10 60 76 15 52 30 14 79 77 29 84 37 74 50 
44 85 56 65 16 59 42 55 82 80 1 2 53 58 7 89 91 29 62 79 44 54 7 88 39 54 15 85 68 73 25 59 81 91 92 85 86 18 34 54 54 28 44 76 13 96 98 39 10 97 78 75 25 2 26 8 10 49 27 88 37 72 4 8 58 30 96 2 63 16 71 36 65 37 91 55 61 15 55 55 33 33 20 86 53 93 21 28 13 77 13 71 58 62 49 65 53 80 64 2 60 43 72 96 60 39 15 50 63 30 4 8 61 51 99 96 20 66 30 54 36 55 60 92 3 10 55 55 
12 86 80 96 74 43 83 32 24 27 83 23 47 81 81 63 52 96 85 23 95 33 60 31 97 49 90 17 61 56 98 85 41 34 30 65 96 9 64 40 6 4 44 74 9 10 75 99 22 10 99 76 29 91 24 67 2 65 11 62 59 83 91 6 3 62 31 98 61 13 28 85 56 32 95 13 96 81 8 17 74 22 91 64 8 65 80 52 47 66 30 23 65 2 7 33 5 58 48 39 99 76 61 20 64 84 72 87 89 5 14 53 17 93 60 97 34 3 82 24 64 95 71 62 5 8 63 8 
2 29 52 28 75 97 41 84 1 58 76 30 34 5 3 14 20 68 44 14 30 13 31 51 90 66 73 62 98 98 95 57 18 45 11 22 4 42 33 72 97 18 59 41 20 40 24 66 84 83 13 44 6 57 53 42 69 39 87 89 58 97 80 5 47 61 85 45 67 72 75 90 28 44 19 87 67 26 85 61 83 94 36 5 17 15 47 63 14 87 92 58 39 81 60 98 51 17 32 75 68 38 97 25 99 32 23 57 55 75 7 90 73 67 58 14 23 4 27 32 65 58 8 46 62 11 8 98 
22 42 56 95 61 20 22 53 60 13 34 67 28 11 86 96 100 96 68 61 92 47 33 18 85 33 82 17 84 1 17 6 67 60 12 91 29 5 1 3 53 51 98 54 72 15 32 14 23 33 95 27 14 32 35 19 81 76 83 19 23 10 44 36 57 99 74 99 22 14 59 22 93 12 47 93 77 25 33 5 5 62 6 27 18 26 84 98 53 59 81 25 45 32 31 58 77 95 17 43 35 11 42 31 52 31 34 49 70 98 100 44 89 68 27 8 55 73 95 53 59 67 39 43 61 99 40 90 
37 37 27 16 4 87 88 98 25 51 87 1 98 64 55 47 11 65 47 3 57 22 64 42 67 82 44 50 9 62 98 2 75 91 44 25 71 51 16 33 56 3 45 4 9 52 74 64 85 84 33 31 59 38 53 44 47 68 99 13 57 62 19 57 67 46 18 98 55 98 77 41 72 99 97 52 72 60 65 21 1 29 66 85 98 34 99 51 98 31 91 98 79 84 35 17 92 22 77 45 40 64 2 85 67 64 43 54 14 88 90 98 3 73 38 28 57 59 84 33 46 66 22 27 73 63 95 73 
71 27 76 33 37 67 18 94 3 78 93 20 66 63 49 33 84 51 41 15 28 85 78 34 45 84 34 63 97 96 80 67 19 50 81 2 58 86 64 66 37 19 24 24 25 31 19 79 42 33 93 8 32 56 72 21 4 10 90 31 49 67 79 82 92 32 96 95 53 88 94 63 18 74 70 9 54 88 57 32 8 3 49 15 73 16 21 49 29 96 91 67 50 54 90 28 75 94 72 25 66 16 93 12 76 36 59 56 17 51 88 87 97 72 88 25 63 16 87 4 28 5 26 83 34 83 50 46 
96 97 63 8 99 27 39 17 56 100 36 50 5 81 96 71 62 73 31 58 5 48 65 39 23 90 100 26 48 39 81 58 63 92 24 85 100 50 28 62 47 46 56 46 36 51 83 63 17 60 18 18 27 70 86 100 11 56 88 72 51 94 55 66 9 58 82 69 62 96 3 9 8 72 37 57 82 56 64 76 14 91 69 88 73 40 35 89 85 61 74 91 78 60 88 16 12 8 98 36 13 8 65 25 10 46 76 27 16 47 63 46 43 24 3 67 15 7 71 38 23 51 51 47 91 90 56 98 
35 97 51 15 93 66 60 25 8 73 29 16 50 77 33 77 60 16 9 19 89 46 33 10 97 67 65 66 70 44 26 32 74 76 91 7 9 35 6 40 41 18 75 73 4 69 50 63 93 7 53 1 11 39 98 90 33 12 77 8 93 64 61 76 95 86 79 80 86 77 44 96 51 91 17 48 97 1 78 8 30 2 63 83 23 41 50 51 91 18 32 57 1 40 77 91 96 90 55 79 73 24 100 1 95 30 96 27 15 72 40 2 36 29 30 30 45 92 76 76 68 74 74 93 52 11 25 79 
19 12 76 44 67 11 41 48 61 72 94 47 77 87 79 8 51 76 22 13 9 71 34 44 67 57 84 51 15 76 49 28 12 86 8 90 94 77 96 19 28 90 13 50 11 28 54 55 14 1 72 19 13 3 76 22 13 43 38 30 38 88 86 69 15 82 81 45 6 44 87 23 93 81 19 78 34 8 81 54 100 92 98 62 57 55 60 76 2 79 8 37 41 42 72 24 6 38 76 89 83 24 22 56 10 87 45 71 43 27 38 64 48 74 86 19 8 33 51 72 62 69 36 82 55 9 9 8 
44 48 67 61 13 44 68 76 90 21 23 52 35 45 93 92 78 1 46 8 61 71 51 92 97 14 17 1 68 22 53 87 3 89 7 43 59 33 7 9 98 40 15 44 10 34 26 64 15 58 30 25 85 84 28 85 16 43 21 19 39 50 65 2 79 33 47 2 12 65 54 21 97 100 94 65 21 75 74 32 72 40 67 71 26 96 28 71 6 21 100 93 56 2 8 69 95 17 22 41 19 85 56 39 80 52 68 19 47 84 79 10 29 4 100 62 43 41 70 1 72 82 100 77 6 23 4 98 
76 80 4 77 66 63 4 71 72 84 52 1 51 52 35 55 79 88 4 69 70 87 22 18 44 67 29 97 23 98 94 28 15 37 18 74 94 74 30 75 45 100 62 46 99 40 73 82 61 1 59 33 99 52 95 73 48 84 47 57 20 13 51 60 18 73 10 92 15 35 49 38 41 21 71 11 68 83 10 10 90 93 82 59 50 22 50 49 74 67 19 7 28 26 74 7 84 30 70 93 4 84 72 36 15 54 2 74 59 26 97 3 99 76 84 83 83 80 61 31 63 32 60 29 90 7 6 35 
39 12 46 86 55 77 73 1 14 62 78 29 58 84 86 6 84 26 39 15 26 7 1 29 63 20 91 71 75 87 82 56 16 69 94 18 82 73 36 35 89 14 33 1 92 25 7 19 77 90 50 47 49 91 16 100 43 100 13 60 27 82 54 58 38 27 91 76 82 35 77 38 91 65 46 52 96 89 78 97 26 51 31 64 7 43 98 99 19 68 58 28 20 96 31 49 31 95 2 68 83 13 4 87 82 53 12 36 34 7 49 53 30 79 66 83 22 94 92 91 100 32 6 24 38 20 31 54 
16 100 73 41 23 6 44 89 70 97 92 31 90 33 72 97 15 30 90 65 93 7 39 8 93 84 32 42 16 37 71 43 82 27 41 63 34 93 68 11 18 34 7 5 25 20 84 29 98 90 91 58 8 40 91 20 54 9 41 41 47 98 59 29 41 82 23 15 13 67 26 9 27 82 72 54 15 82 92 34 86 39 81 2 60 43 95 61 62 24 48 66 38 12 30 60 20 10 44 36 28 29 88 87 95 4 5 16 38 44 12 64 79 57 37 4 89 62 48 46 55 59 97 100 59 23 29 95 
63 90 40 87 57 38 90 13 66 44 2 61 50 30 42 68 90 87 13 6 27 52 98 25 7 98 35 49 60 12 61 62 33 87 86 85 36 45 41 86 100 71 96 69 49 93 73 23 67 99 10 87 44 61 97 30 69 43 22 48 26 40 5 81 100 15 51 79 26 29 34 99 8 10 7 67 45 73 24 30 11 67 93 61 4 55 97 35 35 92 30 91 34 59 2 82 25 47 81 49 68 61 76 85 85 89 8 13 5 93 57 63 67 94 15 78 48 28 94 77 58 74 27 34 16 71 81 2 
41 59 99 9 56 10 23 59 22 80 3 84 49 1 90 20 78 74 35 51 37 100 3 58 95 31 65 4 48 16 23 11 10 9 14 53 58 48 78 25 57 62 64 28 92 67 47 30 26 96 48 32 60 71 74 89 69 31 60 61 87 13 13 13 46 9 82 54 40 13 52 82 51 46 23 65 97 84 95 12 20 28 32 32 83 89 36 61 62 2 5 54 78 78 77 12 99 58 90 41 47 40 98 50 7 9 59 89 18 67 68 56 80 49 24 8 85 9 74 68 17 17 10 1 24 68 42 87 
9 34 97 37 4 34 28 55 35 13 27 14 39 43 99 60 2 42 79 24 71 48 69 48 76 66 37 20 16 70 84 69 6 13 7 12 90 16 7 76 79 53 25 82 66 90 58 79 34 25 99 28 67 77 59 6 50 11 38 15 33 78 38 14 23 75 79 69 87 12 11 49 44 21 62 84 19 69 35 50 77 47 53 67 30 38 52 9 87 62 4 91 33 10 70 59 79 89 88 49 50 77 12 53 87 71 89 81 54 3 39 67 59 5 86 15 24 9 74 18 8 98 66 26 49 64 93 4 
80 9 53 3 82 80 44 77 42 23 24 51 26 90 89 57 7 2 42 65 20 98 24 66 79 98 51 49 21 47 50 20 15 9 28 22 2 45 84 66 69 43 67 70 38 49 58 26 50 69 8 79 23 42 74 32 3 77 45 54 78 10 82 89 86 60 99 94 34 12 75 95 53 52 89 72 8 51 33 63 29 39 53 32 34 96 22 39 77 21 90 41 3 29 40 75 36 59 1 67 11 11 49 34 65 21 38 67 10 36 98 96 70 65 15 78 6 87 16 44 26 83 19 63 10 71 20 73 
40 18 36 26 78 3 64 86 34 70 59 74 88 89 90 27 99 46 12 96 6 8 20 98 25 5 25 90 48 73 24 44 34 29 45 38 35 85 8 50 17 15 45 30 47 11 5 40 77 89 66 96 18 97 70 27 7 59 79 70 39 18 93 85 55 48 16 87 48 5 94 83 10 73 43 43 31 30 16 54 30 93 39 43 5 78 21 83 88 5 86 5 92 21 23 22 67 70 28 94 54 81 88 17 50 30 13 97 95 78 58 96 74 52 54 40 77 90 72 57 11 84 54 22 82 60 41 28 
34 73 66 49 53 67 91 21 73 50 37 20 69 34 11 67 62 78 49 46 75 89 61 32 4 47 7 94 25 63 92 97 97 60 3 8 70 86 32 34 41 25 68 89 43 48 70 23 60 87 70 81 59 35 29 31 55 28 40 6 93 24 8 72 56 56 49 72 51 51 15 100 8 100 28 42 3 51 15 74 8 28 34 11 57 46 35 79 82 97 83 75 75 84 60 56 63 90 57 45 36 68 69 68 66 71 39 9 30 99 9 76 12 65 50 29 7 30 22 92 7 49 1 76 26 50 95 62 
83 19 60 77 66 62 63 43 20 22 87 65 60 21 46 46 27 6 52 64 76 33 1 77 31 20 83 99 26 2 66 24 10 80 75 34 71 76 69 58 89 98 30 28 47 98 47 56 79 19 80 44 68 55 8 35 85 77 77 1 81 66 91 27 60 55 47 90 36 77 33 13 29 100 99 54 32 47 17 20 48 71 4 66 32 96 23 65 4 14 82 33 7 5 64 1 60 1 22 44 80 97 49 38 20 39 96 93 18 47 12 57 57 44 45 99 88 89 97 73 89 66 82 49 10 27 93 79 
73 83 27 72 30 61 25 17 39 3 4 42 58 79 42 8 85 6 39 87 26 66 28 17 32 42 97 47 11 31 48 92 90 59 1 86 27 44 15 67 81 63 64 87 88 32 3 65 69 88 60 41 33 18 22 38 38 3 52 24 95 65 88 41 36 33 57 72 32 30 76 83 90 73 19 1 48 21 27 19 65 51 22 66 27 71 97 93 1 34 36 47 12 93 69 14 67 55 67 20 7 84 35 45 87 39 64 68 12 70 14 97 100 100 32 58 35 82 51 40 85 52 31 82 65 84 80 8 
21 59 42 10 26 97 16 63 74 65 5 49 73 70 44 9 89 9 16 58 25 8 42 16 86 91 21 11 91 99 79 46 96 45 99 63 55 83 14 80 38 7 39 47 32 60 20 71 36 39 69 68 42 32 20 25 43 14 2 31 89 28 87 31 28 6 85 17 10 40 58 35 43 87 5 12 66 6 100 72 1 32 92 52 6 27 88 32 49 69 67 52 60 21 57 71 23 46 52 36 28 79 77 7 42 16 85 76 55 87 75 54 4 91 89 43 35 29 39 48 31 42 59 77 21 5 71 38 
21 49 72 92 2 27 65 88 19 85 3 13 42 93 89 51 51 28 6 99 70 70 17 37 1 50 85 60 39 20 79 27 33 15 59 19 26 70 32 73 29 20 25 40 69 89 6 40 99 31 96 94 36 90 93 94 79 94 85 88 11 70 25 32 16 5 35 91 25 98 16 53 78 18 22 86 25 47 94 5 23 19 92 40 33 12 100 16 24 38 22 13 81 25 2 19 63 31 67 49 57 50 37 27 40 68 52 25 13 79 20 11 48 76 29 17 8 86 30 62 24 90 75 16 97 58 8 14 
1 45 93 97 59 96 100 57 14 27 100 4 92 94 18 1 76 94 41 92 9 61 84 82 63 16 84 23 93 58 51 40 99 18 20 4 28 51 88 66 20 50 43 21 28 26 83 45 74 57 30 10 78 69 91 55 79 1 39 57 16 68 92 25 56 57 96 71 100 10 70 37 95 5 21 93 5 22 84 72 46 90 68 60 77 46 22 16 9 15 92 8 84 97 64 45 52 71 45 9 84 67 70 54 86 15 22 35 43 9 80 18 8 45 86 99 91 9 91 45 55 53 73 60 80 50 98 48 
89 65 95 44 59 94 62 75 67 68 71 22 69 18 17 95 27 6 39 69 55 44 6 44 78 61 27 88 15 69 35 97 22 85 27 92 83 30 83 50 18 77 32 39 69 27 99 96 66 25 73 7 46 38 84 28 36 86 2 46 10 75 11 45 83 23 28 16 99 42 8 8 67 47 67 10 1 54 17 79 54 30 55 100 30 7 5 30 22 1 15 2 16 78 52 91 84 50 58 29 48 62 90 68 53 98 28 99 73 63 36 78 94 90 75 80 71 5 17 12 31 3 27 24 41 93 51 26 
45 27 42 85 38 25 81 79 76 61 45 32 67 22 42 48 50 58 94 23 65 60 61 11 53 98 49 91 1 59 9 100 5 27 29 12 82 42 5 86 99 50 71 62 86 51 25 98 94 35 11 14 1 76 55 12 80 15 81 85 10 59 27 45 15 49 95 49 87 53 47 69 8 6 6 86 3 8 77 72 27 74 74 34 34 16 35 15 44 98 55 49 64 88 7 94 52 34 17 64 54 48 22 95 8 18 43 41 6 36 96 67 73 90 33 50 14 64 14 73 11 74 5 99 27 57 62 93 
69 63 66 22 87 40 2 27 91 89 23 49 24 15 81 89 71 75 7 48 41 96 75 67 46 30 14 27 86 55 48 46 52 11 27 50 72 54 100 65 14 11 58 42 43 1 47 94 9 45 62 89 8 4 41 65 84 99 26 77 58 95 81 32 13 32 67 88 23 88 48 87 17 23 85 9 64 50 29 17 4 48 82 18 68 29 70 96 77 97 74 69 94 40 51 78 5 82 70 23 60 92 90 69 34 67 29 41 2 81 37 74 17 10 7 51 36 85 21 99 11 11 95 72 32 68 63 75 
52 26 64 33 5 56 31 8 64 48 12 74 19 4 25 47 39 68 79 99 54 71 84 69 75 35 51 91 25 59 10 80 26 80 94 91 10 75 96 1 40 73 82 28 12 5 31 98 84 1 52 50 48 86 84 29 4 96 54 31 56 50 45 55 89 89 51 95 24 26 65 12 38 1 69 62 68 95 48 29 33 74 45 10 59 63 95 86 33 45 20 16 97 6 32 3 46 57 98 86 68 64 53 87 86 51 60 97 30 78 56 86 99 29 93 75 82 93 17 30 40 71 23 71 21 91 26 87 
6 53 22 44 64 7 10 28 35 95 15 60 49 36 20 64 71 67 62 92 89 41 55 90 17 92 4 53 14 77 53 96 50 1 14 40 53 9 61 28 4 32 100 9 10 25 30 100 48 67 89 37 80 33 58 27 83 92 71 87 5 34 48 59 98 25 48 17 32 95 78 96 77 57 92 27 78 50 83 44 88 47 45 46 20 48 41 19 34 95 23 17 1 92 32 13 95 71 23 33 87 62 13 75 65 88 81 50 21 76 53 35 26 34 44 5 36 5 29 32 31 99 9 95 94 1 48 1 
80 70 73 27 57 76 3 57 18 12 45 95 13 78 12 63 26 43 14 10 95 51 65 8 52 17 77 8 88 23 31 88 32 94 48 55 92 71 75 20 36 9 30 100 57 31 76 71 64 29 57 58 82 96 66 73 37 93 1 55 12 43 3 36 55 32 44 97 28 73 97 32 24 19 52 80 92 91 6 81 59 27 22 81 7 22 63 79 16 31 66 81 32 76 100 50 44 56 54 100 33 59 25 10 67 67 39 10 37 87 33 84 70 79 27 81 22 24 32 42 39 89 98 50 44 75 53 68 
26 29 97 59 100 99 5 91 3 77 59 64 97 32 97 48 14 84 19 78 78 67 42 96 35 100 90 45 25 81 6 13 53 29 59 57 3 19 16 80 78 1 38 27 49 27 45 15 42 30 83 96 6 34 73 54 99 73 32 14 37 44 60 1 93 24 80 89 26 93 86 19 31 37 60 99 54 19 74 72 26 77 43 39 68 42 31 98 44 71 36 91 88 59 21 60 96 80 20 37 94 71 22 20 93 92 69 16 46 11 72 30 17 57 25 58 67 39 22 62 80 4 99 92 96 18 95 73 
98 52 24 63 98 60 11 70 27 34 80 1 4 58 79 65 85 12 88 14 10 35 54 46 37 91 44 24 55 19 95 15 100 47 9 88 92 68 79 96 19 25 18 77 91 46 51 59 71 36 100 29 39 22 83 69 93 80 97 59 32 81 64 30 29 19 39 34 84 3 8 16 54 27 92 85 20 48 51 20 99 65 18 9 93 27 86 29 49 49 36 25 24 46 64 87 11 1 77 39 90 94 30 81 96 51 29 10 32 37 76 14 14 53 15 22 60 89 22 26 18 56 83 92 99 93 25 76 
65 57 95 63 31 16 78 30 92 35 100 65 1 73 87 20 73 51 29 59 30 42 25 36 55 48 1 58 76 75 68 98 88 75 8 16 40 10 30 65 41 10 45 95 83 22 43 9 1 1 46 69 45 92 17 60 22 63 98 40 40 21 81 8 93 29 60 77 35 77 10 34 10 45 67 98 91 45 66 59 7 100 63 66 70 83 22 17 76 41 91 62 66 79 13 83 66 94 52 47 90 24 8 90 94 80 13 21 80 75 63 4 65 42 51 67 63 82 38 40 98 99 74 21 99 8 72 77 
12 96 90 73 83 40 65 33 19 18 35 61 63 75 62 79 27 22 69 92 94 61 11 63 34 96 50 53 92 68 89 43 23 68 92 38 97 75 90 79 49 54 97 13 56 23 32 3 39 58 28 38 10 16 84 8 26 76 90 41 67 94 84 58 3 77 81 65 58 55 21 90 17 98 94 52 20 89 90 48 57 40 59 84 59 92 58 73 15 87 8 1 7 82 34 63 91 32 57 84 46 63 36 37 39 61 93 73 7 87 35 98 20 40 25 52 39 61 83 13 80 31 30 65 77 90 25 61 
76 3 73 42 67 49 6 38 79 56 92 83 39 99 81 20 86 2 55 50 40 72 32 40 40 3 67 96 52 5 38 11 78 27 12 90 8 32 66 29 44 91 74 55 41 66 56 65 55 20 9 54 18 22 84 4 61 28 42 24 96 81 97 59 76 83 7 44 83 27 52 8 7 80 86 8 61 61 57 61 47 100 98 11 94 95 11 6 7 60 48 6 76 66 95 44 28 76 28 92 17 64 62 43 22 6 62 2 64 3 13 39 12 86 55 47 91 72 17 61 22 88 47 95 44 92 51 92 
39 72 17 62 87 34 24 61 9 84 39 97 33 60 57 75 43 49 11 15 79 25 75 89 19 83 80 90 2 78 9 1 51 2 88 34 73 38 93 1 35 25 90 18 65 83 7 52 86 92 62 34 24 4 16 14 21 41 23 81 14 100 52 5 85 25 34 16 70 11 6 64 49 70 62 49 83 91 97 31 85 49 82 85 66 77 89 44 19 97 87 75 38 38 59 68 39 38 90 16 97 14 16 43 31 81 86 93 37 47 85 33 23 47 60 17 21 21 1 71 96 96 1 78 46 92 64 15 
81 98 61 92 80 40 60 47 26 18 56 50 96 48 33 77 27 21 8 71 86 54 89 64 59 23 94 80 45 62 28 98 34 4 81 35 10 48 16 48 23 20 3 50 46 40 16 17 92 65 63 26 1 45 81 72 55 66 77 68 45 67 14 58 41 52 82 92 86 70 37 34 8 39 71 80 11 45 77 10 84 62 48 26 2 72 100 99 23 94 40 49 87 13 94 36 66 64 91 10 13 96 59 9 76 69 53 59 89 6 1 96 95 23 93 20 66 24 16 14 19 40 65 29 29 74 70 72 
93 7 25 33 57 5 98 51 23 9 60 9 28 29 61 60 46 2 85 60 18 30 85 82 62 17 70 79 55 68 85 67 61 89 15 29 97 100 33 52 9 89 99 68 75 62 7 83 26 69 75 40 89 43 74 9 94 27 76 59 71 38 96 58 1 98 83 27 97 4 16 97 64 38 33 59 35 7 43 79 95 85 26 50 95 29 19 97 41 80 86 58 35 78 41 78 25 32 99 50 32 79 70 70 41 100 70 84 64 12 61 94 82 77 51 89 35 48 20 76 96 98 98 1 71 71 36 88 
24 3 97 69 85 51 77 16 3 8 23 37 72 22 12 37 91 7 84 65 42 75 34 95 18 11 94 46 56 75 98 78 7 80 65 11 31 29 43 6 87 77 92 26 12 37 59 32 96 46 37 60 88 39 24 93 17 40 34 68 6 3 87 70 60 2 46 28 94 86 70 39 19 80 80 77 72 98 37 71 2 52 39 94 27 52 61 87 75 19 47 83 34 30 98 46 84 93 20 98 86 13 5 44 21 92 80 75 69 57 34 6 1 24 91 6 98 59 77 63 38 69 80 32 47 82 89 86 
62 92 47 92 41 49 30 66 53 78 62 79 81 60 20 77 49 100 24 53 100 39 93 67 100 33 15 99 67 84 62 68 28 38 100 90 93 98 19 20 42 35 41 25 92 86 63 96 19 25 47 54 89 72 6 26 91 92 29 34 78 52 10 37 63 98 67 17 32 30 48 19 33 40 88 51 90 6 26 7 45 89 6 100 63 9 14 54 30 43 70 43 39 21 100 36 15 83 100 17 29 79 72 68 75 4 91 21 79 78 10 22 89 97 55 36 74 34 99 94 61 27 94 54 90 56 25 100 
10 57 58 63 15 26 73 66 22 10 89 95 90 70 69 2 38 43 38 16 54 20 71 18 72 71 84 62 81 34 47 76 46 70 47 74 45 19 53 43 16 99 89 3 90 30 66 92 72 88 49 51 89 44 12 88 50 93 99 93 69 45 44 72 77 54 10 91 5 20 62 56 89 91 81 27 72 9 51 18 36 66 34 36 18 98 93 53 63 7 13 64 13 86 25 100 38 77 93 9 34 18 30 63 38 38 14 18 78 80 47 76 59 82 2 35 53 36 41 2 48 50 36 67 2 8 74 88 
46 5 97 67 85 31 41 69 10 85 66 49 19 9 2 83 57 60 75 67 90 56 31 9 92 92 2 38 23 40 76 56 15 14 56 10 39 15 32 28 41 85 60 52 18 98 22 41 25 10 36 24 62 91 58 21 86 77 38 64 8 56 48 63 20 20 11 66 30 54 68 95 91 5 59 51 12 62 16 8 29 60 64 54 71 84 61 21 10 24 23 84 98 49 95 31 30 50 84 97 83 12 78 42 1 62 76 100 79 38 92 46 84 21 68 28 92 60 81 93 77 10 95 99 62 37 94 64 
83 72 56 77 41 18 16 8 3 39 66 24 10 39 28 92 33 25 77 99 100 80 22 90 16 83 68 91 41 81 38 79 20 34 41 70 51 10 45 2 95 97 79 58 85 45 20 64 67 99 22 73 97 91 22 64 52 35 31 53 56 44 87 56 42 59 3 33 22 45 95 32 54 99 19 56 88 31 18 94 94 71 45 72 63 23 33 24 73 5 38 51 61 82 91 49 25 70 84 78 25 2 6 65 61 31 39 91 92 80 66 56 5 66 77 20 3 20 92 80 12 76 97 15 66 91 21 15 
36 12 62 59 62 37 96 23 15 14 18 25 77 48 19 93 27 2 10 28 58 7 58 11 71 26 9 45 13 69 13 24 42 37 24 64 32 71 77 46 76 20 28 13 53 83 24 99 87 41 17 71 48 21 2 25 89 43 52 84 27 93 78 59 51 66 20 95 81 18 17 49 51 4 67 48 49 36 37 37 86 30 95 93 8 32 100 36 37 50 44 93 25 74 30 9 63 32 69 66 86 3 54 50 2 94 24 16 42 55 51 12 44 27 17 37 17 53 1 85 39 31 76 48 99 66 96 96 
33 96 86 21 87 77 3 51 79 83 13 23 70 58 90 31 74 68 8 75 50 77 58 37 95 69 16 73 2 23 72 37 100 28 55 50 81 1 76 19 82 1 30 47 27 74 58 38 33 65 48 78 97 74 48 66 59 11 50 87 19 100 53 26 4 54 12 76 98 69 30 91 48 52 99 92 93 98 97 46 30 26 100 26 6 71 5 8 20 11 1 47 37 12 7 88 61 16 33 69 74 63 74 22 10 65 53 13 57 59 50 56 42 80 3 32 19 54 17 80 11 38 23 91 3 3 97 47 
100 66 99 51 71 56 7 66 61 56 77 96 18 2 52 39 98 7 94 20 95 14 77 70 15 87 25 98 25 81 52 63 87 78 40 79 85 26 41 40 31 35 30 78 4 80 65 82 23 4 49 49 11 12 79 77 33 59 17 26 40 77 75 51 75 56 99 33 98 66 52 58 56 21 65 16 59 49 76 95 83 3 66 58 34 69 35 95 76 64 12 98 37 10 58 15 86 63 85 20 64 75 63 100 47 98 20 70 5 77 84 97 52 29 75 97 44 68 58 61 90 45 20 86 51 44 61 38 
83 2 74 30 5 23 88 63 14 22 33 72 6 81 38 20 12 88 8 77 99 69 39 4 79 42 11 16 60 46 65 4 61 9 51 73 60 85 48 92 59 38 63 96 91 4 89 40 76 23 6 67 90 83 19 5 89 88 7 4 48 83 80 7 30 71 89 44 43 2 54 2 83 2 20 32 50 86 42 59 15 74 24 54 48 73 12 99 60 54 81 56 96 45 48 36 33 86 82 92 51 6 60 99 87 46 47 46 7 10 88 37 87 85 91 58 91 39 100 52 1 2 77 17 95 38 56 68 
51 22 18 20 12 13 9 18 18 64 67 60 96 30 49 72 58 36 50 30 4 55 33 27 29 22 63 79 83 90 7 82 12 63 66 17 58 99 64 12 62 38 42 13 19 55 37 40 58 23 100 83 86 62 1 84 72 75 78 100 38 71 56 66 52 75 94 9 66 10 98 16 24 15 41 71 85 81 72 22 75 33 6 16 51 95 62 50 89 34 51 79 30 47 84 89 99 88 14 70 41 54 75 27 34 87 4 39 37 26 46 22 67 53 78 33 66 86 100 48 45 46 6 11 13 58 14 33 
99 81 28 99 47 76 89 44 28 69 70 62 5 82 98 93 18 59 10 88 96 98 98 15 81 17 11 61 88 66 59 43 14 51 46 61 82 76 98 29 42 34 52 82 75 14 29 36 18 10 32 34 50 31 53 8 60 90 9 76 71 70 43 80 21 40 44 80 12 8 24 88 68 43 1 68 63 37 89 44 75 6 23 99 86 8 71 79 43 10 15 96 26 95 20 69 90 39 56 80 43 54 22 59 92 59 41 27 99 58 10 27 99 70 8 37 17 99 56 48 99 14 64 35 3 26 49 44 
60 64 40 43 84 18 56 19 55 91 96 42 41 76 76 43 96 7 3 21 28 8 21 22 13 22 96 64 91 29 12 50 58 48 11 83 68 7 86 74 5 100 27 53 89 57 50 75 34 6 59 76 98 31 70 31 29 1 80 53 89 17 9 85 44 41 58 17 61 93 37 62 7 73 87 71 85 79 58 59 55 60 10 57 19 2 95 44 41 75 46 41 53 75 63 63 81 63 84 6 36 77 34 69 7 83 79 17 12 59 76 27 74 14 63 17 64 96 49 18 6 59 34 5 36 54 75 57 
94 18 41 23 52 47 47 5 61 37 95 37 35 17 89 38 46 27 29 85 92 18 31 89 10 27 85 80 85 82 96 95 61 56 55 67 88 35 41 9 62 2 40 86 36 14 27 65 37 12 77 64 25 6 28 43 74 80 29 5 96 79 86 26 22 43 93 3 51 36 50 88 63 60 71 55 41 50 87 78 47 80 84 70 20 91 51 91 76 97 6 43 33 38 28 100 88 14 13 63 95 66 89 77 55 14 33 15 10 85 88 41 61 40 94 9 93 5 78 82 83 65 18 17 7 10 97 44 
4 72 88 30 79 87 42 85 4 8 69 21 47 51 5 69 54 22 92 95 5 100 46 52 2 82 68 40 47 88 48 48 41 42 12 87 14 71 3 29 2 59 5 62 49 82 56 58 69 96 25 49 50 62 78 37 1 82 76 41 99 7 44 53 97 53 77 92 18 99 6 99 2 53 79 42 35 84 29 68 49 84 42 45 24 75 96 9 85 11 30 86 19 18 34 69 35 87 41 67 74 32 46 4 96 91 16 67 50 6 46 30 31 92 44 2 64 33 4 100 33 26 14 76 21 96 79 67 
85 45 72 83 67 86 72 95 66 59 61 95 84 22 34 18 29 95 2 1 16 4 77 24 45 92 100 72 12 32 67 43 62 30 57 69 59 28 88 33 65 20 21 95 100 25 10 61 3 63 88 5 74 2 97 72 59 46 86 80 94 27 42 65 89 55 76 37 93 4 15 50 67 23 8 19 38 30 67 23 30 51 66 17 54 69 92 97 76 74 30 2 19 91 20 51 76 2 26 41 90 3 10 23 16 33 65 40 12 98 40 51 96 76 8 97 65 79 57 22 59 71 46 2 4 10 17 92 
17 31 66 28 59 52 85 87 17 79 25 32 83 9 69 100 34 94 1 100 25 5 56 67 66 7 92 78 55 61 62 35 79 4 32 34 96 51 1 43 73 2 98 93 8 80 1 67 29 52 80 3 46 69 84 27 42 77 75 25 32 77 28 14 45 89 45 30 67 25 46 80 49 53 44 82 41 71 95 53 53 98 50 17 80 34 91 1 16 45 88 70 87 18 44 63 55 23 83 26 100 23 26 62 42 73 65 66 98 73 88 47 20 45 75 47 85 1 46 65 68 87 38 44 19 46 61 56 
85 13 18 69 95 65 92 39 93 42 21 34 77 38 92 41 27 15 41 27 19 27 13 22 25 1 26 73 28 37 63 2 61 44 74 87 76 68 71 21 11 100 52 72 61 38 20 95 8 83 79 25 80 27 67 46 94 67 87 86 65 56 33 25 61 57 98 53 61 26 3 74 98 94 92 86 2 25 6 28 71 78 53 74 51 92 2 79 16 90 2 3 88 53 61 6 46 63 80 43 84 94 4 52 10 47 2 11 46 86 36 85 83 52 76 46 22 34 94 44 5 77 99 42 54 1 85 82 
60 34 26 42 77 38 63 22 95 1 45 14 67 14 40 67 21 35 93 8 99 74 93 45 87 25 78 35 15 18 73 8 2 17 16 4 89 55 67 66 81 79 30 51 54 48 83 90 78 19 74 67 36 63 38 14 91 98 14 16 93 40 82 37 94 92 79 84 81 72 50 86 100 27 24 1 67 63 61 41 23 29 89 89 3 42 65 19 79 29 58 80 40 71 87 12 51 2 44 60 13 45 28 61 69 89 4 30 89 78 82 30 75 25 22 54 64 100 57 31 78 37 79 14 56 19 88 37 
39 38 95 45 29 56 62 10 42 64 76 86 28 92 86 67 37 62 50 72 22 28 12 54 10 70 41 58 14 25 50 26 10 81 76 72 37 38 92 33 10 49 45 30 62 85 56 51 19 84 57 93 49 81 30 1 92 42 56 89 59 70 66 45 42 9 3 81 77 6 25 67 96 82 76 63 100 99 45 86 23 36 45 82 57 52 91 69 18 36 1 76 72 10 4 8 88 25 12 52 52 74 13 16 4 83 75 42 25 78 6 40 68 98 34 87 4 70 86 79 44 78 61 10 10 43 31 4 
4 61 44 40 21 91 55 24 79 79 97 29 58 69 3 88 60 72 56 21 44 58 51 25 45 50 71 61 93 60 33 97 58 10 91 23 33 18 99 6 4 37 10 99 1 4 8 95 84 97 92 39 65 77 18 1 45 92 39 39 33 49 13 61 74 14 16 57 41 37 70 25 7 59 42 39 34 67 89 76 85 53 65 45 70 9 22 15 85 24 91 52 2 2 70 19 79 100 84 46 91 45 44 7 84 65 41 54 84 57 82 38 42 72 50 29 16 96 80 82 16 89 89 73 84 9 25 14 
38 33 49 71 50 70 34 15 64 82 26 19 52 15 9 76 10 70 3 53 46 59 11 77 55 55 11 47 76 63 72 93 51 33 4 3 85 6 34 25 54 53 65 43 80 7 12 54 8 32 42 52 72 47 81 82 4 70 10 70 62 42 94 53 94 52 59 28 63 36 88 75 17 8 74 27 85 52 1 91 80 13 80 68 47 95 50 11 97 8 98 98 74 96 13 63 100 55 51 13 36 16 7 82 77 59 26 28 92 92 55 10 12 21 51 93 2 83 36 99 76 90 50 30 22 81 11 3 
1 15 79 12 61 84 61 3 90 53 70 27 79 72 94 78 82 28 51 85 19 63 98 77 49 58 86 31 69 2 70 23 46 100 88 71 25 3 18 38 86 73 29 19 18 57 21 43 44 63 40 54 8 12 76 92 22 89 61 74 30 94 6 7 66 9 7 83 16 41 55 10 17 19 74 71 72 52 86 41 92 39 59 66 43 43 48 57 21 43 26 65 88 79 8 69 96 41 81 91 16 78 78 15 54 81 1 88 17 87 9 50 96 58 24 64 85 27 71 35 88 22 39 94 93 99 67 76 
1 62 65 36 37 59 42 23 53 12 9 95 80 89 60 48 8 33 47 78 87 35 46 31 37 68 14 61 70 54 42 67 15 4 67 71 59 98 78 19 11 92 31 60 38 41 70 92 51 82 52 1 84 29 23 53 4 91 61 51 20 93 89 51 39 7 53 79 98 80 16 26 3 8 43 20 44 100 47 29 1 75 87 83 49 56 3 93 12 91 13 47 36 39 57 61 49 61 80 99 52 87 30 17 70 78 88 29 29 60 48 62 94 41 74 28 14 85 35 31 26 30 32 24 10 85 87 83 
80 78 62 4 34 89 99 62 27 48 77 47 7 68 83 10 49 57 17 20 72 7 32 33 94 60 22 40 2 60 46 36 88 94 20 23 11 87 86 50 19 63 52 47 22 39 25 26 94 22 95 11 2 85 1 47 83 81 54 67 40 38 6 82 77 3 31 2 70 17 14 98 10 59 56 18 49 31 10 78 5 82 99 52 28 80 63 22 41 43 100 18 90 41 19 86 54 66 62 55 76 81 29 28 91 41 94 31 12 2 66 34 94 93 63 78 70 95 86 8 37 29 3 43 43 94 20 13 
3 37 93 84 58 56 63 17 69 8 14 98 65 90 57 13 12 14 48 49 91 21 24 39 78 10 38 90 84 35 59 17 57 35 5 88 73 87 80 95 65 98 84 17 4 38 46 35 95 51 78 80 24 69 45 85 35 3 44 82 95 40 44 66 45 30 5 78 27 62 54 2 50 66 38 93 78 97 42 39 72 15 52 51 11 5 31 84 16 86 79 81 38 16 6 25 67 39 48 61 49 26 81 32 84 86 50 26 49 18 90 37 100 84 52 12 65 76 67 27 37 31 10 46 87 37 30 80 
83 24 97 64 38 94 64 71 72 48 67 71 82 42 74 25 97 86 83 30 21 72 47 47 75 97 28 6 25 7 43 20 97 97 64 1 22 80 100 67 64 18 6 91 79 63 33 34 96 95 85 43 69 31 54 59 21 71 73 6 32 27 77 45 29 46 14 30 39 85 69 85 11 80 32 45 67 73 30 2 5 18 72 98 55 3 84 95 15 78 81 85 18 46 10 45 14 76 89 59 40 2 87 76 83 92 62 11 93 92 83 56 41 23 67 7 43 47 73 45 54 83 54 22 12 78 4 72 
74 27 62 77 94 52 37 58 40 16 45 43 17 42 29 43 83 25 7 22 49 11 90 42 61 48 76 36 53 19 66 69 17 53 53 64 73 45 29 24 54 10 6 42 92 20 3 15 97 34 7 25 54 22 67 99 37 7 44 55 79 24 42 87 51 63 32 68 39 1 45 73 13 12 86 63 17 14 52 67 42 95 50 13 49 69 48 21 33 71 86 12 26 64 40 85 65 86 24 7 6 27 69 15 34 93 82 4 72 86 9 22 58 51 70 76 77 48 96 89 80 55 79 94 78 5 77 1 
13 67 94 44 40 61 48 27 94 48 11 77 99 22 100 31 19 57 51 64 44 73 39 39 32 65 30 77 14 2 59 73 25 21 8 11 47 34 94 82 2 31 65 12 15 82 20 33 39 9 14 54 92 3 83 89 13 24 71 74 82 80 81 73 96 19 46 93 59 100 97 20 47 83 2 43 36 62 51 39 52 34 2 48 39 96 22 75 66 4 30 77 32 74 44 9 1 68 58 10 61 63 37 71 63 26 34 51 19 84 87 52 21 74 84 2 80 60 23 38 69 87 38 86 83 73 96 65 
11 63 100 49 14 82 96 37 85 81 75 58 58 66 76 48 46 28 5 9 8 75 64 2 75 81 64 5 46 57 34 16 77 37 28 63 37 88 26 67 6 38 85 27 76 7 12 79 8 92 7 52 92 7 38 72 96 73 66 10 3 69 45 73 22 39 22 67 17 44 20 64 48 7 100 41 52 84 42 16 7 59 2 1 74 72 73 77 72 46 38 97 29 66 25 74 69 62 81 91 29 50 77 2 70 25 93 90 24 77 81 38 19 3 71 61 52 90 17 49 42 75 9 11 61 27 18 27 
39 59 82 40 70 56 67 3 49 60 91 96 29 78 96 10 85 81 42 100 49 74 61 61 8 78 94 6 36 48 93 61 21 7 62 76 74 8 49 83 2 48 4 78 54 72 29 37 33 74 8 30 59 42 77 3 67 42 34 5 27 94 82 60 81 76 11 50 50 33 99 33 19 87 71 45 27 5 62 45 82 53 77 33 21 78 96 16 21 95 40 27 80 24 71 16 82 19 51 16 16 1 16 46 73 53 19 86 69 25 1 87 56 49 77 85 18 60 93 87 41 19 27 93 47 22 76 48 
83 55 76 31 40 33 60 38 76 44 18 47 19 33 13 91 99 3 10 63 68 1 12 32 49 97 28 28 69 61 66 65 69 46 53 72 24 100 88 40 58 19 38 24 43 41 46 83 99 61 87 4 66 3 80 49 56 45 47 72 72 15 60 46 45 3 85 47 17 30 88 97 70 29 66 74 9 42 60 58 31 56 61 29 33 94 15 77 82 91 94 75 37 61 90 3 21 22 48 18 24 47 71 14 54 70 27 57 73 100 28 73 31 78 43 91 74 48 35 10 54 88 67 90 98 54 88 63 
45 33 19 81 39 51 42 39 31 52 49 2 33 65 56 27 58 49 44 42 12 91 30 8 97 76 8 14 98 27 79 37 49 10 55 88 27 15 26 30 52 16 88 89 41 43 70 10 40 36 80 21 48 68 91 37 53 25 10 22 61 58 50 19 66 73 28 58 53 11 59 78 13 88 9 79 48 32 38 80 67 92 31 30 85 85 88 59 100 25 29 29 59 78 24 31 30 6 83 62 37 97 6 8 11 59 78 32 79 95 42 38 50 10 7 78 27 88 6 65 77 87 46 17 86 100 49 75 
92 79 77 14 18 96 85 73 95 46 26 67 36 64 41 64 29 3 76 30 37 38 51 43 32 60 17 12 95 57 55 88 66 81 53 95 89 33 26 94 49 49 8 83 60 42 26 66 92 54 1 64 17 49 83 68 53 5 68 79 24 90 17 37 96 14 42 63 86 54 57 71 20 35 60 1 35 97 43 27 100 59 31 58 80 35 54 47 99 97 59 16 46 81 3 64 100 86 72 62 37 58 58 93 50 86 65 49 14 85 69 86 16 45 37 4 77 84 99 90 69 47 51 15 66 43 77 87 
63 69 8 3 66 71 60 65 50 95 82 31 70 82 42 51 60 40 63 8 61 52 35 52 48 11 45 58 60 26 77 42 51 59 99 5 47 95 62 21 20 52 74 12 28 34 25 43 36 2 3 3 28 82 77 67 11 18 37 94 44 55 88 83 53 27 39 22 99 20 69 12 36 34 39 25 73 5 98 34 59 41 54 52 74 95 44 17 10 50 19 3 28 41 80 72 100 94 75 68 39 74 69 80 43 99 36 100 62 11 17 43 67 72 27 54 8 1 13 51 24 34 20 20 37 9 65 23 
24 90 78 75 83 72 55 27 36 28 94 96 53 67 23 44 55 57 37 12 90 11 64 39 34 67 14 20 12 1 50 29 81 87 89 4 15 4 55 1 19 45 57 91 40 82 83 93 80 66 25 10 86 35 100 42 6 7 83 71 32 17 81 57 50 3 7 56 73 88 99 22 16 93 44 56 44 40 48 22 31 50 77 10 43 68 24 95 97 31 55 35 56 55 97 77 58 94 97 15 83 36 9 36 25 97 42 56 64 51 100 26 72 52 73 36 85 59 64 49 2 26 71 77 59 61 89 16 
53 91 78 3 92 3 4 91 64 62 23 16 7 49 50 46 87 47 72 34 10 25 30 81 84 31 53 36 22 14 94 10 86 84 59 10 71 84 5 59 92 95 95 9 84 84 61 10 96 50 69 57 65 62 77 1 5 84 55 35 38 58 50 24 68 54 45 5 51 15 70 31 63 58 98 16 75 92 54 94 64 9 73 41 70 39 51 1 89 40 28 40 56 5 95 83 37 36 78 81 81 86 67 47 77 69 79 99 80 88 82 37 56 2 12 24 56 48 64 77 48 39 29 19 37 86 87 90 
32 47 37 60 53 11 1 36 23 4 15 67 7 83 99 92 31 91 11 64 17 98 60 100 89 69 25 86 46 62 80 19 62 47 71 41 3 22 32 6 28 3 62 40 83 77 91 69 92 85 87 47 27 73 55 19 39 42 95 99 75 50 86 72 72 98 94 38 77 91 31 19 91 67 29 94 54 96 60 29 9 68 50 30 49 1 51 65 81 25 94 24 29 37 11 87 36 54 91 83 73 85 31 13 53 10 71 82 11 20 25 29 54 20 17 59 36 28 17 57 57 4 57 22 62 55 33 48 
50 2 65 78 55 73 28 63 12 35 6 96 59 75 29 80 33 8 49 58 35 57 26 99 15 79 66 65 56 44 9 67 31 25 12 52 76 14 15 16 38 64 89 65 3 96 93 82 44 63 4 44 8 58 6 73 1 17 96 88 64 34 51 36 19 52 33 82 2 54 24 90 29 28 33 7 96 81 30 49 97 97 68 52 86 47 48 92 31 43 85 77 93 26 3 84 99 50 59 94 36 54 80 77 51 67 55 25 71 30 17 50 26 45 84 61 35 6 55 62 100 14 90 23 65 35 65 98 
45 72 31 29 32 100 24 99 83 99 48 73 35 30 26 18 46 53 14 18 22 47 57 36 84 3 33 61 60 52 80 77 67 100 60 9 37 13 1 89 17 86 82 80 90 95 84 75 82 47 63 55 8 3 89 91 19 91 15 100 15 79 43 82 35 35 43 27 25 30 49 47 20 45 74 7 99 51 5 55 60 98 77 47 52 93 87 82 2 43 36 10 90 99 74 71 40 92 13 72 12 54 32 42 18 78 9 48 36 93 47 27 33 50 43 40 33 44 91 31 6 38 53 62 6 19 78 68 
39 26 7 6 7 52 90 1 6 62 63 40 88 51 28 76 82 98 51 86 13 54 16 14 59 88 12 20 15 85 62 50 89 3 57 34 23 84 47 46 50 3 30 76 69 16 94 27 62 97 91 96 15 79 27 24 10 32 19 61 96 68 45 60 76 96 51 39 19 22 83 29 4 28 85 90 18 16 94 5 71 18 30 79 26 20 77 68 53 53 77 86 6 97 67 100 70 27 15 47 22 13 46 6 2 67 9 45 66 65 29 99 52 9 38 73 4 76 97 100 68 31 85 96 26 62 63 22 
21 56 21 41 18 95 25 36 25 3 43 57 86 70 88 95 18 45 87 17 97 96 34 93 92 83 97 26 85 78 29 84 19 16 28 57 47 24 100 36 29 92 45 9 85 28 96 61 20 26 7 21 58 56 73 47 53 67 83 69 74 91 37 98 38 42 27 16 23 58 56 57 97 64 62 39 45 24 45 96 39 58 19 32 53 98 44 80 49 72 93 31 30 82 2 15 22 64 60 27 88 92 90 68 23 15 43 85 71 3 32 83 69 30 60 64 35 55 7 71 20 34 22 1 12 11 53 27 
64 25 20 1 11 72 15 90 28 91 48 74 72 7 67 7 37 87 43 85 16 14 64 75 72 9 85 35 28 10 72 96 19 31 61 98 26 8 55 52 19 56 6 17 71 90 35 60 63 58 47 74 39 34 17 86 88 25 99 7 34 16 7 1 78 35 53 4 82 82 42 39 65 14 73 31 30 68 76 48 52 90 37 25 41 68 63 73 40 5 66 13 26 90 70 45 90 72 37 59 56 24 18 85 30 78 72 45 79 96 54 98 47 87 74 62 77 34 66 6 83 39 38 52 42 64 57 32 
4 59 15 83 66 22 89 28 25 62 57 58 85 30 24 96 30 2 51 61 30 7 28 87 80 70 52 58 40 52 95 30 26 37 49 86 59 7 39 6 94 73 95 11 61 43 42 16 54 26 45 66 81 65 89 66 94 57 57 8 70 58 90 21 46 20 22 32 88 55 82 85 75 43 85 8 73 8 84 6 8 86 57 29 71 7 24 97 76 4 21 57 43 5 47 55 50 1 37 14 89 9 15 83 18 83 81 40 58 59 7 34 58 41 37 98 27 98 95 91 76 40 64 7 90 17 31 97 
58 1 86 64 76 34 46 9 72 74 38 64 44 74 33 67 61 11 77 20 99 45 19 75 38 3 95 48 6 35 41 93 88 51 24 79 47 62 20 21 11 85 55 15 38 35 55 89 33 76 16 92 82 98 54 97 3 33 33 24 5 72 18 40 2 54 74 41 69 29 79 33 52 96 91 50 91 85 16 57 2 99 57 82 86 62 16 50 78 21 1 1 72 58 48 78 19 53 43 24 96 44 54 68 84 54 8 4 78 44 4 16 42 42 39 33 5 40 72 87 12 35 92 21 32 13 22 15 
57 87 88 91 8 25 84 53 30 94 72 35 2 61 33 53 72 74 61 12 75 21 67 55 72 29 73 29 50 96 34 89 84 32 2 43 29 16 77 4 23 86 13 93 55 23 5 61 94 91 57 81 42 71 27 15 86 27 84 61 85 84 64 58 74 85 85 95 85 2 13 98 28 71 85 83 25 87 81 97 20 90 41 99 5 44 23 34 36 80 13 52 58 38 44 73 100 11 72 98 58 22 4 21 18 3 15 95 92 44 77 85 11 54 34 16 28 49 36 79 96 98 44 66 7 11 69 15 
58 98 94 93 13 43 72 95 17 2 74 52 54 40 25 57 45 21 54 19 5 86 30 72 92 40 13 4 66 5 14 75 5 72 36 64 83 84 46 87 39 78 87 81 69 17 6 62 51 31 54 98 81 91 88 63 62 34 78 16 90 31 37 75 4 7 24 85 56 82 75 21 60 68 45 99 52 98 93 14 74 48 40 8 9 79 26 40 92 81 66 10 78 61 84 94 16 30 17 25 44 90 24 79 47 29 60 16 27 91 90 76 68 99 27 61 98 8 7 82 21 97 70 6 41 51 34 70 
100 83 3 39 2 18 28 87 18 82 92 43 18 95 68 37 43 47 15 56 58 38 3 98 83 21 64 65 32 71 67 10 55 34 91 23 59 56 4 39 77 39 73 92 37 49 38 32 10 6 64 99 66 49 78 86 57 17 78 14 78 72 27 22 15 88 10 6 77 57 44 95 87 24 3 34 95 26 44 11 10 38 9 57 74 44 90 7 52 43 78 9 44 22 13 26 21 56 67 50 42 67 31 84 67 82 22 4 37 78 14 38 17 97 31 71 42 90 58 32 60 62 36 38 76 24 81 5 
72 12 69 50 13 66 84 62 63 63 86 21 80 30 66 42 95 81 69 49 3 68 26 63 53 48 59 73 97 75 42 27 59 44 42 2 58 80 4 78 35 88 37 30 53 62 13 42 90 75 48 32 95 2 57 20 35 81 26 76 45 16 17 47 38 3 72 89 93 22 26 26 36 58 41 16 29 91 27 98 84 50 51 81 23 98 78 64 34 91 82 30 22 73 81 67 57 14 64 37 45 1 65 35 59 3 97 95 38 32 17 18 38 24 94 76 30 28 44 53 57 30 58 81 94 51 40 72 
37 38 28 35 19 40 54 38 90 42 8 87 45 90 21 4 98 72 4 70 56 57 53 22 80 93 17 11 16 69 66 26 48 89 89 85 2 8 60 56 34 77 55 4 52 83 64 1 8 69 51 7 42 40 76 93 16 90 66 32 27 28 72 93 4 64 46 9 4 59 59 21 97 23 3 28 78 28 14 8 66 21 32 49 28 92 71 68 87 19 1 85 26 50 35 57 46 91 25 45 68 27 56 75 46 100 33 61 40 9 14 16 82 1 24 31 8 58 56 83 58 74 24 69 53 52 8 55 
51 2 12 41 69 61 53 57 57 31 72 67 99 12 11 37 8 45 29 63 9 78 60 38 27 10 12 18 66 58 95 51 3 65 78 94 45 97 20 64 1 87 42 58 11 51 42 59 18 68 72 81 73 39 74 38 26 26 55 62 36 70 28 38 22 15 61 81 62 43 87 2 29 73 40 97 2 72 72 62 24 72 56 21 42 54 34 22 85 33 91 27 76 49 83 25 38 2 10 3 80 100 30 6 84 23 49 44 59 81 1 32 92 42 16 35 39 90 24 50 13 67 81 35 32 32 31 17 
55 46 55 52 66 38 29 40 61 63 82 37 77 33 25 21 23 73 27 29 46 41 47 16 97 13 40 81 1 94 45 67 18 47 76 56 13 27 17 56 93 6 49 89 15 43 55 74 54 83 72 40 2 78 88 12 34 97 90 17 75 67 43 79 96 38 21 79 75 57 16 4 75 28 36 33 50 69 5 11 10 16 84 16 41 70 16 46 51 30 69 100 5 74 40 91 44 91 5 98 1 8 78 49 85 3 88 3 10 59 72 91 70 4 61 21 35 97 41 57 1 83 17 93 8 84 43 19 
0.0 1.0 1.0 1.0 1.0 1.0 1.0 1.0 1.0 1.0 1.0 1.0 1.0 1.0 1.0 1.0 1.0 1.0 1.0 1.0 1.0 1.0 1.0 1.0 1.0 1.0 1.0 1.0 1.0 1.0 1.0 1.0 1.0 1.0 1.0 1.0 1.0 1.0 1.0 1.0 1.0 1.0 1.0 1.0 1.0 1.0 1.0 1.0 1.0 1.0 1.0 1.0 1.0 1.0 1.0 1.0 1.0 1.0 1.0 1.0 1.0 1.0 1.0 1.0 1.0 1.0 1.0 1.0 1.0 1.0 1.0 1.0 1.0 1.0 1.0 1.0 1.0 1.0 1.0 1.0 1.0 1.0 1.0 1.0 1.0 1.0 1.0 1.0 1.0 1.0 1.0 1.0 1.0 1.0 1.0 1.0 1.0 1.0 1.0 1.0 1.0 1.0 1.0 1.0 1.0 1.0 1.0 1.0 1.0 1.0 1.0 1.0 1.0 1.0 1.0 1.0 1.0 1.0 1.0 1.0 1.0 1.0 1.0 1.0 1.0 1.0 1.0 1.0 
1.0 0.0 1.0 1.0 1.0 1.0 1.0 1.0 1.0 1.0 1.0 1.0 1.0 1.0 1.0 1.0 1.0 1.0 1.0 1.0 1.0 1.0 1.0 1.0 1.0 1.0 1.0 1.0 1.0 1.0 1.0 1.0 1.0 1.0 1.0 1.0 1.0 1.0 1.0 1.0 1.0 1.0 1.0 1.0 1.0 1.0 1.0 1.0 1.0 1.0 1.0 1.0 1.0 1.0 1.0 1.0 1.0 1.0 1.0 1.0 1.0 1.0 1.0 1.0 1.0 1.0 1.0 1.0 1.0 1.0 1.0 1.0 1.0 1.0 1.0 1.0 1.0 1.0 1.0 1.0 1.0 1.0 1.0 1.0 1.0 1.0 1.0 1.0 1.0 1.0 1.0 1.0 1.0 1.0 1.0 1.0 1.0 1.0 1.0 1.0 1.0 1.0 1.0 1.0 1.0 1.0 1.0 1.0 1.0 1.0 1.0 1.0 1.0 1.0 1.0 1.0 1.0 1.0 1.0 1.0 1.0 1.0 1.0 1.0 1.0 1.0 1.0 1.0 
1.0 1.0 0.0 1.0 1.0 1.0 1.0 1.0 1.0 1.0 1.0 1.0 1.0 1.0 1.0 1.0 1.0 1.0 1.0 1.0 1.0 1.0 1.0 1.0 1.0 1.0 1.0 1.0 1.0 1.0 1.0 1.0 1.0 1.0 1.0 1.0 1.0 1.0 1.0 1.0 1.0 1.0 1.0 1.0 1.0 1.0 1.0 1.0 1.0 1.0 1.0 1.0 1.0 1.0 1.0 1.0 1.0 1.0 1.0 1.0 1.0 1.0 1.0 1.0 1.0 1.0 1.0 1.0 1.0 1.0 1.0 1.0 1.0 1.0 1.0 1.0 1.0 1.0 1.0 1.0 1.0 1.0 1.0 1.0 1.0 1.0 1.0 1.0 1.0 1.0 1.0 1.0 1.0 1.0 1.0 1.0 1.0 1.0 1.0 1.0 1.0 1.0 1.0 1.0 1.0 1.0 1.0 1.0 1.0 1.0 1.0 1.0 1.0 1.0 1.0 1.0 1.0 1.0 1.0 1.0 1.0 1.0 1.0 1.0 1.0 1.0 1.0 1.0 
1.0 1.0 1.0 0.0 1.0 1.0 1.0 1.0 1.0 1.0 1.0 1.0 1.0 1.0 1.0 1.0 1.0 1.0 1.0 1.0 1.0 1.0 1.0 1.0 1.0 1.0 1.0 1.0 1.0 1.0 1.0 1.0 1.0 1.0 1.0 1.0 1.0 1.0 1.0 1.0 1.0 1.0 1.0 1.0 1.0 1.0 1.0 1.0 1.0 1.0 1.0 1.0 1.0 1.0 1.0 1.0 1.0 1.0 1.0 1.0 1.0 1.0 1.0 1.0 1.0 1.0 1.0 1.0 1.0 1.0 1.0 1.0 1.0 1.0 1.0 1.0 1.0 1.0 1.0 1.0 1.0 1.0 1.0 1.0 1.0 1.0 1.0 1.0 1.0 1.0 1.0 1.0 1.0 1.0 1.0 1.0 1.0 1.0 1.0 1.0 1.0 1.0 1.0 1.0 1.0 1.0 1.0 1.0 1.0 1.0 1.0 1.0 1.0 1.0 1.0 1.0 1.0 1.0 1.0 1.0 1.0 1.0 1.0 1.0 1.0 1.0 1.0 1.0 
1.0 1.0 1.0 1.0 0.0 1.0 1.0 1.0 1.0 1.0 1.0 1.0 1.0 1.0 1.0 1.0 1.0 1.0 1.0 1.0 1.0 1.0 1.0 1.0 1.0 1.0 1.0 1.0 1.0 1.0 1.0 1.0 1.0 1.0 1.0 1.0 1.0 1.0 1.0 1.0 1.0 1.0 1.0 1.0 1.0 1.0 1.0 1.0 1.0 1.0 1.0 1.0 1.0 1.0 1.0 1.0 1.0 1.0 1.0 1.0 1.0 1.0 1.0 1.0 1.0 1.0 1.0 1.0 1.0 1.0 1.0 1.0 1.0 1.0 1.0 1.0 1.0 1.0 1.0 1.0 1.0 1.0 1.0 1.0 1.0 1.0 1.0 1.0 1.0 1.0 1.0 1.0 1.0 1.0 1.0 1.0 1.0 1.0 1.0 1.0 1.0 1.0 1.0 1.0 1.0 1.0 1.0 1.0 1.0 1.0 1.0 1.0 1.0 1.0 1.0 1.0 1.0 1.0 1.0 1.0 1.0 1.0 1.0 1.0 1.0 1.0 1.0 1.0 
1.0 1.0 1.0 1.0 1.0 0.0 1.0 1.0 1.0 1.0 1.0 1.0 1.0 1.0 1.0 1.0 1.0 1.0 1.0 1.0 1.0 1.0 1.0 1.0 1.0 1.0 1.0 1.0 1.0 1.0 1.0 1.0 1.0 1.0 1.0 1.0 1.0 1.0 1.0 1.0 1.0 1.0 1.0 1.0 1.0 1.0 1.0 1.0 1.0 1.0 1.0 1.0 1.0 1.0 1.0 1.0 1.0 1.0 1.0 1.0 1.0 1.0 1.0 1.0 1.0 1.0 1.0 1.0 1.0 1.0 1.0 1.0 1.0 1.0 1.0 1.0 1.0 1.0 1.0 1.0 1.0 1.0 1.0 1.0 1.0 1.0 1.0 1.0 1.0 1.0 1.0 1.0 1.0 1.0 1.0 1.0 1.0 1.0 1.0 1.0 1.0 1.0 1.0 1.0 1.0 1.0 1.0 1.0 1.0 1.0 1.0 1.0 1.0 1.0 1.0 1.0 1.0 1.0 1.0 1.0 1.0 1.0 1.0 1.0 1.0 1.0 1.0 1.0 
1.0 1.0 1.0 1.0 1.0 1.0 0.0 1.0 1.0 1.0 1.0 1.0 1.0 1.0 1.0 1.0 1.0 1.0 1.0 1.0 1.0 1.0 1.0 1.0 1.0 1.0 1.0 1.0 1.0 1.0 1.0 1.0 1.0 1.0 1.0 1.0 1.0 1.0 1.0 1.0 1.0 1.0 1.0 1.0 1.0 1.0 1.0 1.0 1.0 1.0 1.0 1.0 1.0 1.0 1.0 1.0 1.0 1.0 1.0 1.0 1.0 1.0 1.0 1.0 1.0 1.0 1.0 1.0 1.0 1.0 1.0 1.0 1.0 1.0 1.0 1.0 1.0 1.0 1.0 1.0 1.0 1.0 1.0 1.0 1.0 1.0 1.0 1.0 1.0 1.0 1.0 1.0 1.0 1.0 1.0 1.0 1.0 1.0 1.0 1.0 1.0 1.0 1.0 1.0 1.0 1.0 1.0 1.0 1.0 1.0 1.0 1.0 1.0 1.0 1.0 1.0 1.0 1.0 1.0 1.0 1.0 1.0 1.0 1.0 1.0 1.0 1.0 1.0 
1.0 1.0 1.0 1.0 1.0 1.0 1.0 0.0 1.0 1.0 1.0 1.0 1.0 1.0 1.0 1.0 1.0 1.0 1.0 1.0 1.0 1.0 1.0 1.0 1.0 1.0 1.0 1.0 1.0 1.0 1.0 1.0 1.0 1.0 1.0 1.0 1.0 1.0 1.0 1.0 1.0 1.0 1.0 1.0 1.0 1.0 1.0 1.0 1.0 1.0 1.0 1.0 1.0 1.0 1.0 1.0 1.0 1.0 1.0 1.0 1.0 1.0 1.0 1.0 1.0 1.0 1.0 1.0 1.0 1.0 1.0 1.0 1.0 1.0 1.0 1.0 1.0 1.0 1.0 1.0 1.0 1.0 1.0 1.0 1.0 1.0 1.0 1.0 1.0 1.0 1.0 1.0 1.0 1.0 1.0 1.0 1.0 1.0 1.0 1.0 1.0 1.0 1.0 1.0 1.0 1.0 1.0 1.0 1.0 1.0 1.0 1.0 1.0 1.0 1.0 1.0 1.0 1.0 1.0 1.0 1.0 1.0 1.0 1.0 1.0 1.0 1.0 1.0 
1.0 1.0 1.0 1.0 1.0 1.0 1.0 1.0 0.0 1.0 1.0 1.0 1.0 1.0 1.0 1.0 1.0 1.0 1.0 1.0 1.0 1.0 1.0 1.0 1.0 1.0 1.0 1.0 1.0 1.0 1.0 1.0 1.0 1.0 1.0 1.0 1.0 1.0 1.0 1.0 1.0 1.0 1.0 1.0 1.0 1.0 1.0 1.0 1.0 1.0 1.0 1.0 1.0 1.0 1.0 1.0 1.0 1.0 1.0 1.0 1.0 1.0 1.0 1.0 1.0 1.0 1.0 1.0 1.0 1.0 1.0 1.0 1.0 1.0 1.0 1.0 1.0 1.0 1.0 1.0 1.0 1.0 1.0 1.0 1.0 1.0 1.0 1.0 1.0 1.0 1.0 1.0 1.0 1.0 1.0 1.0 1.0 1.0 1.0 1.0 1.0 1.0 1.0 1.0 1.0 1.0 1.0 1.0 1.0 1.0 1.0 1.0 1.0 1.0 1.0 1.0 1.0 1.0 1.0 1.0 1.0 1.0 1.0 1.0 1.0 1.0 1.0 1.0 
1.0 1.0 1.0 1.0 1.0 1.0 1.0 1.0 1.0 0.0 1.0 1.0 1.0 1.0 1.0 1.0 1.0 1.0 1.0 1.0 1.0 1.0 1.0 1.0 1.0 1.0 1.0 1.0 1.0 1.0 1.0 1.0 1.0 1.0 1.0 1.0 1.0 1.0 1.0 1.0 1.0 1.0 1.0 1.0 1.0 1.0 1.0 1.0 1.0 1.0 1.0 1.0 1.0 1.0 1.0 1.0 1.0 1.0 1.0 1.0 1.0 1.0 1.0 1.0 1.0 1.0 1.0 1.0 1.0 1.0 1.0 1.0 1.0 1.0 1.0 1.0 1.0 1.0 1.0 1.0 1.0 1.0 1.0 1.0 1.0 1.0 1.0 1.0 1.0 1.0 1.0 1.0 1.0 1.0 1.0 1.0 1.0 1.0 1.0 1.0 1.0 1.0 1.0 1.0 1.0 1.0 1.0 1.0 1.0 1.0 1.0 1.0 1.0 1.0 1.0 1.0 1.0 1.0 1.0 1.0 1.0 1.0 1.0 1.0 1.0 1.0 1.0 1.0 
1.0 1.0 1.0 1.0 1.0 1.0 1.0 1.0 1.0 1.0 0.0 1.0 1.0 1.0 1.0 1.0 1.0 1.0 1.0 1.0 1.0 1.0 1.0 1.0 1.0 1.0 1.0 1.0 1.0 1.0 1.0 1.0 1.0 1.0 1.0 1.0 1.0 1.0 1.0 1.0 1.0 1.0 1.0 1.0 1.0 1.0 1.0 1.0 1.0 1.0 1.0 1.0 1.0 1.0 1.0 1.0 1.0 1.0 1.0 1.0 1.0 1.0 1.0 1.0 1.0 1.0 1.0 1.0 1.0 1.0 1.0 1.0 1.0 1.0 1.0 1.0 1.0 1.0 1.0 1.0 1.0 1.0 1.0 1.0 1.0 1.0 1.0 1.0 1.0 1.0 1.0 1.0 1.0 1.0 1.0 1.0 1.0 1.0 1.0 1.0 1.0 1.0 1.0 1.0 1.0 1.0 1.0 1.0 1.0 1.0 1.0 1.0 1.0 1.0 1.0 1.0 1.0 1.0 1.0 1.0 1.0 1.0 1.0 1.0 1.0 1.0 1.0 1.0 
1.0 1.0 1.0 1.0 1.0 1.0 1.0 1.0 1.0 1.0 1.0 0.0 1.0 1.0 1.0 1.0 1.0 1.0 1.0 1.0 1.0 1.0 1.0 1.0 1.0 1.0 1.0 1.0 1.0 1.0 1.0 1.0 1.0 1.0 1.0 1.0 1.0 1.0 1.0 1.0 1.0 1.0 1.0 1.0 1.0 1.0 1.0 1.0 1.0 1.0 1.0 1.0 1.0 1.0 1.0 1.0 1.0 1.0 1.0 1.0 1.0 1.0 1.0 1.0 1.0 1.0 1.0 1.0 1.0 1.0 1.0 1.0 1.0 1.0 1.0 1.0 1.0 1.0 1.0 1.0 1.0 1.0 1.0 1.0 1.0 1.0 1.0 1.0 1.0 1.0 1.0 1.0 1.0 1.0 1.0 1.0 1.0 1.0 1.0 1.0 1.0 1.0 1.0 1.0 1.0 1.0 1.0 1.0 1.0 1.0 1.0 1.0 1.0 1.0 1.0 1.0 1.0 1.0 1.0 1.0 1.0 1.0 1.0 1.0 1.0 1.0 1.0 1.0 
1.0 1.0 1.0 1.0 1.0 1.0 1.0 1.0 1.0 1.0 1.0 1.0 0.0 1.0 1.0 1.0 1.0 1.0 1.0 1.0 1.0 1.0 1.0 1.0 1.0 1.0 1.0 1.0 1.0 1.0 1.0 1.0 1.0 1.0 1.0 1.0 1.0 1.0 1.0 1.0 1.0 1.0 1.0 1.0 1.0 1.0 1.0 1.0 1.0 1.0 1.0 1.0 1.0 1.0 1.0 1.0 1.0 1.0 1.0 1.0 1.0 1.0 1.0 1.0 1.0 1.0 1.0 1.0 1.0 1.0 1.0 1.0 1.0 1.0 1.0 1.0 1.0 1.0 1.0 1.0 1.0 1.0 1.0 1.0 1.0 1.0 1.0 1.0 1.0 1.0 1.0 1.0 1.0 1.0 1.0 1.0 1.0 1.0 1.0 1.0 1.0 1.0 1.0 1.0 1.0 1.0 1.0 1.0 1.0 1.0 1.0 1.0 1.0 1.0 1.0 1.0 1.0 1.0 1.0 1.0 1.0 1.0 1.0 1.0 1.0 1.0 1.0 1.0 
1.0 1.0 1.0 1.0 1.0 1.0 1.0 1.0 1.0 1.0 1.0 1.0 1.0 0.0 1.0 1.0 1.0 1.0 1.0 1.0 1.0 1.0 1.0 1.0 1.0 1.0 1.0 1.0 1.0 1.0 1.0 1.0 1.0 1.0 1.0 1.0 1.0 1.0 1.0 1.0 1.0 1.0 1.0 1.0 1.0 1.0 1.0 1.0 1.0 1.0 1.0 1.0 1.0 1.0 1.0 1.0 1.0 1.0 1.0 1.0 1.0 1.0 1.0 1.0 1.0 1.0 1.0 1.0 1.0 1.0 1.0 1.0 1.0 1.0 1.0 1.0 1.0 1.0 1.0 1.0 1.0 1.0 1.0 1.0 1.0 1.0 1.0 1.0 1.0 1.0 1.0 1.0 1.0 1.0 1.0 1.0 1.0 1.0 1.0 1.0 1.0 1.0 1.0 1.0 1.0 1.0 1.0 1.0 1.0 1.0 1.0 1.0 1.0 1.0 1.0 1.0 1.0 1.0 1.0 1.0 1.0 1.0 1.0 1.0 1.0 1.0 1.0 1.0 
1.0 1.0 1.0 1.0 1.0 1.0 1.0 1.0 1.0 1.0 1.0 1.0 1.0 1.0 0.0 1.0 1.0 1.0 1.0 1.0 1.0 1.0 1.0 1.0 1.0 1.0 1.0 1.0 1.0 1.0 1.0 1.0 1.0 1.0 1.0 1.0 1.0 1.0 1.0 1.0 1.0 1.0 1.0 1.0 1.0 1.0 1.0 1.0 1.0 1.0 1.0 1.0 1.0 1.0 1.0 1.0 1.0 1.0 1.0 1.0 1.0 1.0 1.0 1.0 1.0 1.0 1.0 1.0 1.0 1.0 1.0 1.0 1.0 1.0 1.0 1.0 1.0 1.0 1.0 1.0 1.0 1.0 1.0 1.0 1.0 1.0 1.0 1.0 1.0 1.0 1.0 1.0 1.0 1.0 1.0 1.0 1.0 1.0 1.0 1.0 1.0 1.0 1.0 1.0 1.0 1.0 1.0 1.0 1.0 1.0 1.0 1.0 1.0 1.0 1.0 1.0 1.0 1.0 1.0 1.0 1.0 1.0 1.0 1.0 1.0 1.0 1.0 1.0 
1.0 1.0 1.0 1.0 1.0 1.0 1.0 1.0 1.0 1.0 1.0 1.0 1.0 1.0 1.0 0.0 1.0 1.0 1.0 1.0 1.0 1.0 1.0 1.0 1.0 1.0 1.0 1.0 1.0 1.0 1.0 1.0 1.0 1.0 1.0 1.0 1.0 1.0 1.0 1.0 1.0 1.0 1.0 1.0 1.0 1.0 1.0 1.0 1.0 1.0 1.0 1.0 1.0 1.0 1.0 1.0 1.0 1.0 1.0 1.0 1.0 1.0 1.0 1.0 1.0 1.0 1.0 1.0 1.0 1.0 1.0 1.0 1.0 1.0 1.0 1.0 1.0 1.0 1.0 1.0 1.0 1.0 1.0 1.0 1.0 1.0 1.0 1.0 1.0 1.0 1.0 1.0 1.0 1.0 1.0 1.0 1.0 1.0 1.0 1.0 1.0 1.0 1.0 1.0 1.0 1.0 1.0 1.0 1.0 1.0 1.0 1.0 1.0 1.0 1.0 1.0 1.0 1.0 1.0 1.0 1.0 1.0 1.0 1.0 1.0 1.0 1.0 1.0 
1.0 1.0 1.0 1.0 1.0 1.0 1.0 1.0 1.0 1.0 1.0 1.0 1.0 1.0 1.0 1.0 0.0 1.0 1.0 1.0 1.0 1.0 1.0 1.0 1.0 1.0 1.0 1.0 1.0 1.0 1.0 1.0 1.0 1.0 1.0 1.0 1.0 1.0 1.0 1.0 1.0 1.0 1.0 1.0 1.0 1.0 1.0 1.0 1.0 1.0 1.0 1.0 1.0 1.0 1.0 1.0 1.0 1.0 1.0 1.0 1.0 1.0 1.0 1.0 1.0 1.0 1.0 1.0 1.0 1.0 1.0 1.0 1.0 1.0 1.0 1.0 1.0 1.0 1.0 1.0 1.0 1.0 1.0 1.0 1.0 1.0 1.0 1.0 1.0 1.0 1.0 1.0 1.0 1.0 1.0 1.0 1.0 1.0 1.0 1.0 1.0 1.0 1.0 1.0 1.0 1.0 1.0 1.0 1.0 1.0 1.0 1.0 1.0 1.0 1.0 1.0 1.0 1.0 1.0 1.0 1.0 1.0 1.0 1.0 1.0 1.0 1.0 1.0 
1.0 1.0 1.0 1.0 1.0 1.0 1.0 1.0 1.0 1.0 1.0 1.0 1.0 1.0 1.0 1.0 1.0 0.0 1.0 1.0 1.0 1.0 1.0 1.0 1.0 1.0 1.0 1.0 1.0 1.0 1.0 1.0 1.0 1.0 1.0 1.0 1.0 1.0 1.0 1.0 1.0 1.0 1.0 1.0 1.0 1.0 1.0 1.0 1.0 1.0 1.0 1.0 1.0 1.0 1.0 1.0 1.0 1.0 1.0 1.0 1.0 1.0 1.0 1.0 1.0 1.0 1.0 1.0 1.0 1.0 1.0 1.0 1.0 1.0 1.0 1.0 1.0 1.0 1.0 1.0 1.0 1.0 1.0 1.0 1.0 1.0 1.0 1.0 1.0 1.0 1.0 1.0 1.0 1.0 1.0 1.0 1.0 1.0 1.0 1.0 1.0 1.0 1.0 1.0 1.0 1.0 1.0 1.0 1.0 1.0 1.0 1.0 1.0 1.0 1.0 1.0 1.0 1.0 1.0 1.0 1.0 1.0 1.0 1.0 1.0 1.0 1.0 1.0 
1.0 1.0 1.0 1.0 1.0 1.0 1.0 1.0 1.0 1.0 1.0 1.0 1.0 1.0 1.0 1.0 1.0 1.0 0.0 1.0 1.0 1.0 1.0 1.0 1.0 1.0 1.0 1.0 1.0 1.0 1.0 1.0 1.0 1.0 1.0 1.0 1.0 1.0 1.0 1.0 1.0 1.0 1.0 1.0 1.0 1.0 1.0 1.0 1.0 1.0 1.0 1.0 1.0 1.0 1.0 1.0 1.0 1.0 1.0 1.0 1.0 1.0 1.0 1.0 1.0 1.0 1.0 1.0 1.0 1.0 1.0 1.0 1.0 1.0 1.0 1.0 1.0 1.0 1.0 1.0 1.0 1.0 1.0 1.0 1.0 1.0 1.0 1.0 1.0 1.0 1.0 1.0 1.0 1.0 1.0 1.0 1.0 1.0 1.0 1.0 1.0 1.0 1.0 1.0 1.0 1.0 1.0 1.0 1.0 1.0 1.0 1.0 1.0 1.0 1.0 1.0 1.0 1.0 1.0 1.0 1.0 1.0 1.0 1.0 1.0 1.0 1.0 1.0 
1.0 1.0 1.0 1.0 1.0 1.0 1.0 1.0 1.0 1.0 1.0 1.0 1.0 1.0 1.0 1.0 1.0 1.0 1.0 0.0 1.0 1.0 1.0 1.0 1.0 1.0 1.0 1.0 1.0 1.0 1.0 1.0 1.0 1.0 1.0 1.0 1.0 1.0 1.0 1.0 1.0 1.0 1.0 1.0 1.0 1.0 1.0 1.0 1.0 1.0 1.0 1.0 1.0 1.0 1.0 1.0 1.0 1.0 1.0 1.0 1.0 1.0 1.0 1.0 1.0 1.0 1.0 1.0 1.0 1.0 1.0 1.0 1.0 1.0 1.0 1.0 1.0 1.0 1.0 1.0 1.0 1.0 1.0 1.0 1.0 1.0 1.0 1.0 1.0 1.0 1.0 1.0 1.0 1.0 1.0 1.0 1.0 1.0 1.0 1.0 1.0 1.0 1.0 1.0 1.0 1.0 1.0 1.0 1.0 1.0 1.0 1.0 1.0 1.0 1.0 1.0 1.0 1.0 1.0 1.0 1.0 1.0 1.0 1.0 1.0 1.0 1.0 1.0 
1.0 1.0 1.0 1.0 1.0 1.0 1.0 1.0 1.0 1.0 1.0 1.0 1.0 1.0 1.0 1.0 1.0 1.0 1.0 1.0 0.0 1.0 1.0 1.0 1.0 1.0 1.0 1.0 1.0 1.0 1.0 1.0 1.0 1.0 1.0 1.0 1.0 1.0 1.0 1.0 1.0 1.0 1.0 1.0 1.0 1.0 1.0 1.0 1.0 1.0 1.0 1.0 1.0 1.0 1.0 1.0 1.0 1.0 1.0 1.0 1.0 1.0 1.0 1.0 1.0 1.0 1.0 1.0 1.0 1.0 1.0 1.0 1.0 1.0 1.0 1.0 1.0 1.0 1.0 1.0 1.0 1.0 1.0 1.0 1.0 1.0 1.0 1.0 1.0 1.0 1.0 1.0 1.0 1.0 1.0 1.0 1.0 1.0 1.0 1.0 1.0 1.0 1.0 1.0 1.0 1.0 1.0 1.0 1.0 1.0 1.0 1.0 1.0 1.0 1.0 1.0 1.0 1.0 1.0 1.0 1.0 1.0 1.0 1.0 1.0 1.0 1.0 1.0 
1.0 1.0 1.0 1.0 1.0 1.0 1.0 1.0 1.0 1.0 1.0 1.0 1.0 1.0 1.0 1.0 1.0 1.0 1.0 1.0 1.0 0.0 1.0 1.0 1.0 1.0 1.0 1.0 1.0 1.0 1.0 1.0 1.0 1.0 1.0 1.0 1.0 1.0 1.0 1.0 1.0 1.0 1.0 1.0 1.0 1.0 1.0 1.0 1.0 1.0 1.0 1.0 1.0 1.0 1.0 1.0 1.0 1.0 1.0 1.0 1.0 1.0 1.0 1.0 1.0 1.0 1.0 1.0 1.0 1.0 1.0 1.0 1.0 1.0 1.0 1.0 1.0 1.0 1.0 1.0 1.0 1.0 1.0 1.0 1.0 1.0 1.0 1.0 1.0 1.0 1.0 1.0 1.0 1.0 1.0 1.0 1.0 1.0 1.0 1.0 1.0 1.0 1.0 1.0 1.0 1.0 1.0 1.0 1.0 1.0 1.0 1.0 1.0 1.0 1.0 1.0 1.0 1.0 1.0 1.0 1.0 1.0 1.0 1.0 1.0 1.0 1.0 1.0 
1.0 1.0 1.0 1.0 1.0 1.0 1.0 1.0 1.0 1.0 1.0 1.0 1.0 1.0 1.0 1.0 1.0 1.0 1.0 1.0 1.0 1.0 0.0 1.0 1.0 1.0 1.0 1.0 1.0 1.0 1.0 1.0 1.0 1.0 1.0 1.0 1.0 1.0 1.0 1.0 1.0 1.0 1.0 1.0 1.0 1.0 1.0 1.0 1.0 1.0 1.0 1.0 1.0 1.0 1.0 1.0 1.0 1.0 1.0 1.0 1.0 1.0 1.0 1.0 1.0 1.0 1.0 1.0 1.0 1.0 1.0 1.0 1.0 1.0 1.0 1.0 1.0 1.0 1.0 1.0 1.0 1.0 1.0 1.0 1.0 1.0 1.0 1.0 1.0 1.0 1.0 1.0 1.0 1.0 1.0 1.0 1.0 1.0 1.0 1.0 1.0 1.0 1.0 1.0 1.0 1.0 1.0 1.0 1.0 1.0 1.0 1.0 1.0 1.0 1.0 1.0 1.0 1.0 1.0 1.0 1.0 1.0 1.0 1.0 1.0 1.0 1.0 1.0 
1.0 1.0 1.0 1.0 1.0 1.0 1.0 1.0 1.0 1.0 1.0 1.0 1.0 1.0 1.0 1.0 1.0 1.0 1.0 1.0 1.0 1.0 1.0 0.0 1.0 1.0 1.0 1.0 1.0 1.0 1.0 1.0 1.0 1.0 1.0 1.0 1.0 1.0 1.0 1.0 1.0 1.0 1.0 1.0 1.0 1.0 1.0 1.0 1.0 1.0 1.0 1.0 1.0 1.0 1.0 1.0 1.0 1.0 1.0 1.0 1.0 1.0 1.0 1.0 1.0 1.0 1.0 1.0 1.0 1.0 1.0 1.0 1.0 1.0 1.0 1.0 1.0 1.0 1.0 1.0 1.0 1.0 1.0 1.0 1.0 1.0 1.0 1.0 1.0 1.0 1.0 1.0 1.0 1.0 1.0 1.0 1.0 1.0 1.0 1.0 1.0 1.0 1.0 1.0 1.0 1.0 1.0 1.0 1.0 1.0 1.0 1.0 1.0 1.0 1.0 1.0 1.0 1.0 1.0 1.0 1.0 1.0 1.0 1.0 1.0 1.0 1.0 1.0 
1.0 1.0 1.0 1.0 1.0 1.0 1.0 1.0 1.0 1.0 1.0 1.0 1.0 1.0 1.0 1.0 1.0 1.0 1.0 1.0 1.0 1.0 1.0 1.0 0.0 1.0 1.0 1.0 1.0 1.0 1.0 1.0 1.0 1.0 1.0 1.0 1.0 1.0 1.0 1.0 1.0 1.0 1.0 1.0 1.0 1.0 1.0 1.0 1.0 1.0 1.0 1.0 1.0 1.0 1.0 1.0 1.0 1.0 1.0 1.0 1.0 1.0 1.0 1.0 1.0 1.0 1.0 1.0 1.0 1.0 1.0 1.0 1.0 1.0 1.0 1.0 1.0 1.0 1.0 1.0 1.0 1.0 1.0 1.0 1.0 1.0 1.0 1.0 1.0 1.0 1.0 1.0 1.0 1.0 1.0 1.0 1.0 1.0 1.0 1.0 1.0 1.0 1.0 1.0 1.0 1.0 1.0 1.0 1.0 1.0 1.0 1.0 1.0 1.0 1.0 1.0 1.0 1.0 1.0 1.0 1.0 1.0 1.0 1.0 1.0 1.0 1.0 1.0 
1.0 1.0 1.0 1.0 1.0 1.0 1.0 1.0 1.0 1.0 1.0 1.0 1.0 1.0 1.0 1.0 1.0 1.0 1.0 1.0 1.0 1.0 1.0 1.0 1.0 0.0 1.0 1.0 1.0 1.0 1.0 1.0 1.0 1.0 1.0 1.0 1.0 1.0 1.0 1.0 1.0 1.0 1.0 1.0 1.0 1.0 1.0 1.0 1.0 1.0 1.0 1.0 1.0 1.0 1.0 1.0 1.0 1.0 1.0 1.0 1.0 1.0 1.0 1.0 1.0 1.0 1.0 1.0 1.0 1.0 1.0 1.0 1.0 1.0 1.0 1.0 1.0 1.0 1.0 1.0 1.0 1.0 1.0 1.0 1.0 1.0 1.0 1.0 1.0 1.0 1.0 1.0 1.0 1.0 1.0 1.0 1.0 1.0 1.0 1.0 1.0 1.0 1.0 1.0 1.0 1.0 1.0 1.0 1.0 1.0 1.0 1.0 1.0 1.0 1.0 1.0 1.0 1.0 1.0 1.0 1.0 1.0 1.0 1.0 1.0 1.0 1.0 1.0 
1.0 1.0 1.0 1.0 1.0 1.0 1.0 1.0 1.0 1.0 1.0 1.0 1.0 1.0 1.0 1.0 1.0 1.0 1.0 1.0 1.0 1.0 1.0 1.0 1.0 1.0 0.0 1.0 1.0 1.0 1.0 1.0 1.0 1.0 1.0 1.0 1.0 1.0 1.0 1.0 1.0 1.0 1.0 1.0 1.0 1.0 1.0 1.0 1.0 1.0 1.0 1.0 1.0 1.0 1.0 1.0 1.0 1.0 1.0 1.0 1.0 1.0 1.0 1.0 1.0 1.0 1.0 1.0 1.0 1.0 1.0 1.0 1.0 1.0 1.0 1.0 1.0 1.0 1.0 1.0 1.0 1.0 1.0 1.0 1.0 1.0 1.0 1.0 1.0 1.0 1.0 1.0 1.0 1.0 1.0 1.0 1.0 1.0 1.0 1.0 1.0 1.0 1.0 1.0 1.0 1.0 1.0 1.0 1.0 1.0 1.0 1.0 1.0 1.0 1.0 1.0 1.0 1.0 1.0 1.0 1.0 1.0 1.0 1.0 1.0 1.0 1.0 1.0 
1.0 1.0 1.0 1.0 1.0 1.0 1.0 1.0 1.0 1.0 1.0 1.0 1.0 1.0 1.0 1.0 1.0 1.0 1.0 1.0 1.0 1.0 1.0 1.0 1.0 1.0 1.0 0.0 1.0 1.0 1.0 1.0 1.0 1.0 1.0 1.0 1.0 1.0 1.0 1.0 1.0 1.0 1.0 1.0 1.0 1.0 1.0 1.0 1.0 1.0 1.0 1.0 1.0 1.0 1.0 1.0 1.0 1.0 1.0 1.0 1.0 1.0 1.0 1.0 1.0 1.0 1.0 1.0 1.0 1.0 1.0 1.0 1.0 1.0 1.0 1.0 1.0 1.0 1.0 1.0 1.0 1.0 1.0 1.0 1.0 1.0 1.0 1.0 1.0 1.0 1.0 1.0 1.0 1.0 1.0 1.0 1.0 1.0 1.0 1.0 1.0 1.0 1.0 1.0 1.0 1.0 1.0 1.0 1.0 1.0 1.0 1.0 1.0 1.0 1.0 1.0 1.0 1.0 1.0 1.0 1.0 1.0 1.0 1.0 1.0 1.0 1.0 1.0 
1.0 1.0 1.0 1.0 1.0 1.0 1.0 1.0 1.0 1.0 1.0 1.0 1.0 1.0 1.0 1.0 1.0 1.0 1.0 1.0 1.0 1.0 1.0 1.0 1.0 1.0 1.0 1.0 0.0 1.0 1.0 1.0 1.0 1.0 1.0 1.0 1.0 1.0 1.0 1.0 1.0 1.0 1.0 1.0 1.0 1.0 1.0 1.0 1.0 1.0 1.0 1.0 1.0 1.0 1.0 1.0 1.0 1.0 1.0 1.0 1.0 1.0 1.0 1.0 1.0 1.0 1.0 1.0 1.0 1.0 1.0 1.0 1.0 1.0 1.0 1.0 1.0 1.0 1.0 1.0 1.0 1.0 1.0 1.0 1.0 1.0 1.0 1.0 1.0 1.0 1.0 1.0 1.0 1.0 1.0 1.0 1.0 1.0 1.0 1.0 1.0 1.0 1.0 1.0 1.0 1.0 1.0 1.0 1.0 1.0 1.0 1.0 1.0 1.0 1.0 1.0 1.0 1.0 1.0 1.0 1.0 1.0 1.0 1.0 1.0 1.0 1.0 1.0 
1.0 1.0 1.0 1.0 1.0 1.0 1.0 1.0 1.0 1.0 1.0 1.0 1.0 1.0 1.0 1.0 1.0 1.0 1.0 1.0 1.0 1.0 1.0 1.0 1.0 1.0 1.0 1.0 1.0 0.0 1.0 1.0 1.0 1.0 1.0 1.0 1.0 1.0 1.0 1.0 1.0 1.0 1.0 1.0 1.0 1.0 1.0 1.0 1.0 1.0 1.0 1.0 1.0 1.0 1.0 1.0 1.0 1.0 1.0 1.0 1.0 1.0 1.0 1.0 1.0 1.0 1.0 1.0 1.0 1.0 1.0 1.0 1.0 1.0 1.0 1.0 1.0 1.0 1.0 1.0 1.0 1.0 1.0 1.0 1.0 1.0 1.0 1.0 1.0 1.0 1.0 1.0 1.0 1.0 1.0 1.0 1.0 1.0 1.0 1.0 1.0 1.0 1.0 1.0 1.0 1.0 1.0 1.0 1.0 1.0 1.0 1.0 1.0 1.0 1.0 1.0 1.0 1.0 1.0 1.0 1.0 1.0 1.0 1.0 1.0 1.0 1.0 1.0 
1.0 1.0 1.0 1.0 1.0 1.0 1.0 1.0 1.0 1.0 1.0 1.0 1.0 1.0 1.0 1.0 1.0 1.0 1.0 1.0 1.0 1.0 1.0 1.0 1.0 1.0 1.0 1.0 1.0 1.0 0.0 1.0 1.0 1.0 1.0 1.0 1.0 1.0 1.0 1.0 1.0 1.0 1.0 1.0 1.0 1.0 1.0 1.0 1.0 1.0 1.0 1.0 1.0 1.0 1.0 1.0 1.0 1.0 1.0 1.0 1.0 1.0 1.0 1.0 1.0 1.0 1.0 1.0 1.0 1.0 1.0 1.0 1.0 1.0 1.0 1.0 1.0 1.0 1.0 1.0 1.0 1.0 1.0 1.0 1.0 1.0 1.0 1.0 1.0 1.0 1.0 1.0 1.0 1.0 1.0 1.0 1.0 1.0 1.0 1.0 1.0 1.0 1.0 1.0 1.0 1.0 1.0 1.0 1.0 1.0 1.0 1.0 1.0 1.0 1.0 1.0 1.0 1.0 1.0 1.0 1.0 1.0 1.0 1.0 1.0 1.0 1.0 1.0 
1.0 1.0 1.0 1.0 1.0 1.0 1.0 1.0 1.0 1.0 1.0 1.0 1.0 1.0 1.0 1.0 1.0 1.0 1.0 1.0 1.0 1.0 1.0 1.0 1.0 1.0 1.0 1.0 1.0 1.0 1.0 0.0 1.0 1.0 1.0 1.0 1.0 1.0 1.0 1.0 1.0 1.0 1.0 1.0 1.0 1.0 1.0 1.0 1.0 1.0 1.0 1.0 1.0 1.0 1.0 1.0 1.0 1.0 1.0 1.0 1.0 1.0 1.0 1.0 1.0 1.0 1.0 1.0 1.0 1.0 1.0 1.0 1.0 1.0 1.0 1.0 1.0 1.0 1.0 1.0 1.0 1.0 1.0 1.0 1.0 1.0 1.0 1.0 1.0 1.0 1.0 1.0 1.0 1.0 1.0 1.0 1.0 1.0 1.0 1.0 1.0 1.0 1.0 1.0 1.0 1.0 1.0 1.0 1.0 1.0 1.0 1.0 1.0 1.0 1.0 1.0 1.0 1.0 1.0 1.0 1.0 1.0 1.0 1.0 1.0 1.0 1.0 1.0 
1.0 1.0 1.0 1.0 1.0 1.0 1.0 1.0 1.0 1.0 1.0 1.0 1.0 1.0 1.0 1.0 1.0 1.0 1.0 1.0 1.0 1.0 1.0 1.0 1.0 1.0 1.0 1.0 1.0 1.0 1.0 1.0 0.0 1.0 1.0 1.0 1.0 1.0 1.0 1.0 1.0 1.0 1.0 1.0 1.0 1.0 1.0 1.0 1.0 1.0 1.0 1.0 1.0 1.0 1.0 1.0 1.0 1.0 1.0 1.0 1.0 1.0 1.0 1.0 1.0 1.0 1.0 1.0 1.0 1.0 1.0 1.0 1.0 1.0 1.0 1.0 1.0 1.0 1.0 1.0 1.0 1.0 1.0 1.0 1.0 1.0 1.0 1.0 1.0 1.0 1.0 1.0 1.0 1.0 1.0 1.0 1.0 1.0 1.0 1.0 1.0 1.0 1.0 1.0 1.0 1.0 1.0 1.0 1.0 1.0 1.0 1.0 1.0 1.0 1.0 1.0 1.0 1.0 1.0 1.0 1.0 1.0 1.0 1.0 1.0 1.0 1.0 1.0 
1.0 1.0 1.0 1.0 1.0 1.0 1.0 1.0 1.0 1.0 1.0 1.0 1.0 1.0 1.0 1.0 1.0 1.0 1.0 1.0 1.0 1.0 1.0 1.0 1.0 1.0 1.0 1.0 1.0 1.0 1.0 1.0 1.0 0.0 1.0 1.0 1.0 1.0 1.0 1.0 1.0 1.0 1.0 1.0 1.0 1.0 1.0 1.0 1.0 1.0 1.0 1.0 1.0 1.0 1.0 1.0 1.0 1.0 1.0 1.0 1.0 1.0 1.0 1.0 1.0 1.0 1.0 1.0 1.0 1.0 1.0 1.0 1.0 1.0 1.0 1.0 1.0 1.0 1.0 1.0 1.0 1.0 1.0 1.0 1.0 1.0 1.0 1.0 1.0 1.0 1.0 1.0 1.0 1.0 1.0 1.0 1.0 1.0 1.0 1.0 1.0 1.0 1.0 1.0 1.0 1.0 1.0 1.0 1.0 1.0 1.0 1.0 1.0 1.0 1.0 1.0 1.0 1.0 1.0 1.0 1.0 1.0 1.0 1.0 1.0 1.0 1.0 1.0 
1.0 1.0 1.0 1.0 1.0 1.0 1.0 1.0 1.0 1.0 1.0 1.0 1.0 1.0 1.0 1.0 1.0 1.0 1.0 1.0 1.0 1.0 1.0 1.0 1.0 1.0 1.0 1.0 1.0 1.0 1.0 1.0 1.0 1.0 0.0 1.0 1.0 1.0 1.0 1.0 1.0 1.0 1.0 1.0 1.0 1.0 1.0 1.0 1.0 1.0 1.0 1.0 1.0 1.0 1.0 1.0 1.0 1.0 1.0 1.0 1.0 1.0 1.0 1.0 1.0 1.0 1.0 1.0 1.0 1.0 1.0 1.0 1.0 1.0 1.0 1.0 1.0 1.0 1.0 1.0 1.0 1.0 1.0 1.0 1.0 1.0 1.0 1.0 1.0 1.0 1.0 1.0 1.0 1.0 1.0 1.0 1.0 1.0 1.0 1.0 1.0 1.0 1.0 1.0 1.0 1.0 1.0 1.0 1.0 1.0 1.0 1.0 1.0 1.0 1.0 1.0 1.0 1.0 1.0 1.0 1.0 1.0 1.0 1.0 1.0 1.0 1.0 1.0 
1.0 1.0 1.0 1.0 1.0 1.0 1.0 1.0 1.0 1.0 1.0 1.0 1.0 1.0 1.0 1.0 1.0 1.0 1.0 1.0 1.0 1.0 1.0 1.0 1.0 1.0 1.0 1.0 1.0 1.0 1.0 1.0 1.0 1.0 1.0 0.0 1.0 1.0 1.0 1.0 1.0 1.0 1.0 1.0 1.0 1.0 1.0 1.0 1.0 1.0 1.0 1.0 1.0 1.0 1.0 1.0 1.0 1.0 1.0 1.0 1.0 1.0 1.0 1.0 1.0 1.0 1.0 1.0 1.0 1.0 1.0 1.0 1.0 1.0 1.0 1.0 1.0 1.0 1.0 1.0 1.0 1.0 1.0 1.0 1.0 1.0 1.0 1.0 1.0 1.0 1.0 1.0 1.0 1.0 1.0 1.0 1.0 1.0 1.0 1.0 1.0 1.0 1.0 1.0 1.0 1.0 1.0 1.0 1.0 1.0 1.0 1.0 1.0 1.0 1.0 1.0 1.0 1.0 1.0 1.0 1.0 1.0 1.0 1.0 1.0 1.0 1.0 1.0 
1.0 1.0 1.0 1.0 1.0 1.0 1.0 1.0 1.0 1.0 1.0 1.0 1.0 1.0 1.0 1.0 1.0 1.0 1.0 1.0 1.0 1.0 1.0 1.0 1.0 1.0 1.0 1.0 1.0 1.0 1.0 1.0 1.0 1.0 1.0 1.0 0.0 1.0 1.0 1.0 1.0 1.0 1.0 1.0 1.0 1.0 1.0 1.0 1.0 1.0 1.0 1.0 1.0 1.0 1.0 1.0 1.0 1.0 1.0 1.0 1.0 1.0 1.0 1.0 1.0 1.0 1.0 1.0 1.0 1.0 1.0 1.0 1.0 1.0 1.0 1.0 1.0 1.0 1.0 1.0 1.0 1.0 1.0 1.0 1.0 1.0 1.0 1.0 1.0 1.0 1.0 1.0 1.0 1.0 1.0 1.0 1.0 1.0 1.0 1.0 1.0 1.0 1.0 1.0 1.0 1.0 1.0 1.0 1.0 1.0 1.0 1.0 1.0 1.0 1.0 1.0 1.0 1.0 1.0 1.0 1.0 1.0 1.0 1.0 1.0 1.0 1.0 1.0 
1.0 1.0 1.0 1.0 1.0 1.0 1.0 1.0 1.0 1.0 1.0 1.0 1.0 1.0 1.0 1.0 1.0 1.0 1.0 1.0 1.0 1.0 1.0 1.0 1.0 1.0 1.0 1.0 1.0 1.0 1.0 1.0 1.0 1.0 1.0 1.0 1.0 0.0 1.0 1.0 1.0 1.0 1.0 1.0 1.0 1.0 1.0 1.0 1.0 1.0 1.0 1.0 1.0 1.0 1.0 1.0 1.0 1.0 1.0 1.0 1.0 1.0 1.0 1.0 1.0 1.0 1.0 1.0 1.0 1.0 1.0 1.0 1.0 1.0 1.0 1.0 1.0 1.0 1.0 1.0 1.0 1.0 1.0 1.0 1.0 1.0 1.0 1.0 1.0 1.0 1.0 1.0 1.0 1.0 1.0 1.0 1.0 1.0 1.0 1.0 1.0 1.0 1.0 1.0 1.0 1.0 1.0 1.0 1.0 1.0 1.0 1.0 1.0 1.0 1.0 1.0 1.0 1.0 1.0 1.0 1.0 1.0 1.0 1.0 1.0 1.0 1.0 1.0 
1.0 1.0 1.0 1.0 1.0 1.0 1.0 1.0 1.0 1.0 1.0 1.0 1.0 1.0 1.0 1.0 1.0 1.0 1.0 1.0 1.0 1.0 1.0 1.0 1.0 1.0 1.0 1.0 1.0 1.0 1.0 1.0 1.0 1.0 1.0 1.0 1.0 1.0 0.0 1.0 1.0 1.0 1.0 1.0 1.0 1.0 1.0 1.0 1.0 1.0 1.0 1.0 1.0 1.0 1.0 1.0 1.0 1.0 1.0 1.0 1.0 1.0 1.0 1.0 1.0 1.0 1.0 1.0 1.0 1.0 1.0 1.0 1.0 1.0 1.0 1.0 1.0 1.0 1.0 1.0 1.0 1.0 1.0 1.0 1.0 1.0 1.0 1.0 1.0 1.0 1.0 1.0 1.0 1.0 1.0 1.0 1.0 1.0 1.0 1.0 1.0 1.0 1.0 1.0 1.0 1.0 1.0 1.0 1.0 1.0 1.0 1.0 1.0 1.0 1.0 1.0 1.0 1.0 1.0 1.0 1.0 1.0 1.0 1.0 1.0 1.0 1.0 1.0 
1.0 1.0 1.0 1.0 1.0 1.0 1.0 1.0 1.0 1.0 1.0 1.0 1.0 1.0 1.0 1.0 1.0 1.0 1.0 1.0 1.0 1.0 1.0 1.0 1.0 1.0 1.0 1.0 1.0 1.0 1.0 1.0 1.0 1.0 1.0 1.0 1.0 1.0 1.0 0.0 1.0 1.0 1.0 1.0 1.0 1.0 1.0 1.0 1.0 1.0 1.0 1.0 1.0 1.0 1.0 1.0 1.0 1.0 1.0 1.0 1.0 1.0 1.0 1.0 1.0 1.0 1.0 1.0 1.0 1.0 1.0 1.0 1.0 1.0 1.0 1.0 1.0 1.0 1.0 1.0 1.0 1.0 1.0 1.0 1.0 1.0 1.0 1.0 1.0 1.0 1.0 1.0 1.0 1.0 1.0 1.0 1.0 1.0 1.0 1.0 1.0 1.0 1.0 1.0 1.0 1.0 1.0 1.0 1.0 1.0 1.0 1.0 1.0 1.0 1.0 1.0 1.0 1.0 1.0 1.0 1.0 1.0 1.0 1.0 1.0 1.0 1.0 1.0 
1.0 1.0 1.0 1.0 1.0 1.0 1.0 1.0 1.0 1.0 1.0 1.0 1.0 1.0 1.0 1.0 1.0 1.0 1.0 1.0 1.0 1.0 1.0 1.0 1.0 1.0 1.0 1.0 1.0 1.0 1.0 1.0 1.0 1.0 1.0 1.0 1.0 1.0 1.0 1.0 0.0 1.0 1.0 1.0 1.0 1.0 1.0 1.0 1.0 1.0 1.0 1.0 1.0 1.0 1.0 1.0 1.0 1.0 1.0 1.0 1.0 1.0 1.0 1.0 1.0 1.0 1.0 1.0 1.0 1.0 1.0 1.0 1.0 1.0 1.0 1.0 1.0 1.0 1.0 1.0 1.0 1.0 1.0 1.0 1.0 1.0 1.0 1.0 1.0 1.0 1.0 1.0 1.0 1.0 1.0 1.0 1.0 1.0 1.0 1.0 1.0 1.0 1.0 1.0 1.0 1.0 1.0 1.0 1.0 1.0 1.0 1.0 1.0 1.0 1.0 1.0 1.0 1.0 1.0 1.0 1.0 1.0 1.0 1.0 1.0 1.0 1.0 1.0 
1.0 1.0 1.0 1.0 1.0 1.0 1.0 1.0 1.0 1.0 1.0 1.0 1.0 1.0 1.0 1.0 1.0 1.0 1.0 1.0 1.0 1.0 1.0 1.0 1.0 1.0 1.0 1.0 1.0 1.0 1.0 1.0 1.0 1.0 1.0 1.0 1.0 1.0 1.0 1.0 1.0 0.0 1.0 1.0 1.0 1.0 1.0 1.0 1.0 1.0 1.0 1.0 1.0 1.0 1.0 1.0 1.0 1.0 1.0 1.0 1.0 1.0 1.0 1.0 1.0 1.0 1.0 1.0 1.0 1.0 1.0 1.0 1.0 1.0 1.0 1.0 1.0 1.0 1.0 1.0 1.0 1.0 1.0 1.0 1.0 1.0 1.0 1.0 1.0 1.0 1.0 1.0 1.0 1.0 1.0 1.0 1.0 1.0 1.0 1.0 1.0 1.0 1.0 1.0 1.0 1.0 1.0 1.0 1.0 1.0 1.0 1.0 1.0 1.0 1.0 1.0 1.0 1.0 1.0 1.0 1.0 1.0 1.0 1.0 1.0 1.0 1.0 1.0 
1.0 1.0 1.0 1.0 1.0 1.0 1.0 1.0 1.0 1.0 1.0 1.0 1.0 1.0 1.0 1.0 1.0 1.0 1.0 1.0 1.0 1.0 1.0 1.0 1.0 1.0 1.0 1.0 1.0 1.0 1.0 1.0 1.0 1.0 1.0 1.0 1.0 1.0 1.0 1.0 1.0 1.0 0.0 1.0 1.0 1.0 1.0 1.0 1.0 1.0 1.0 1.0 1.0 1.0 1.0 1.0 1.0 1.0 1.0 1.0 1.0 1.0 1.0 1.0 1.0 1.0 1.0 1.0 1.0 1.0 1.0 1.0 1.0 1.0 1.0 1.0 1.0 1.0 1.0 1.0 1.0 1.0 1.0 1.0 1.0 1.0 1.0 1.0 1.0 1.0 1.0 1.0 1.0 1.0 1.0 1.0 1.0 1.0 1.0 1.0 1.0 1.0 1.0 1.0 1.0 1.0 1.0 1.0 1.0 1.0 1.0 1.0 1.0 1.0 1.0 1.0 1.0 1.0 1.0 1.0 1.0 1.0 1.0 1.0 1.0 1.0 1.0 1.0 
1.0 1.0 1.0 1.0 1.0 1.0 1.0 1.0 1.0 1.0 1.0 1.0 1.0 1.0 1.0 1.0 1.0 1.0 1.0 1.0 1.0 1.0 1.0 1.0 1.0 1.0 1.0 1.0 1.0 1.0 1.0 1.0 1.0 1.0 1.0 1.0 1.0 1.0 1.0 1.0 1.0 1.0 1.0 0.0 1.0 1.0 1.0 1.0 1.0 1.0 1.0 1.0 1.0 1.0 1.0 1.0 1.0 1.0 1.0 1.0 1.0 1.0 1.0 1.0 1.0 1.0 1.0 1.0 1.0 1.0 1.0 1.0 1.0 1.0 1.0 1.0 1.0 1.0 1.0 1.0 1.0 1.0 1.0 1.0 1.0 1.0 1.0 1.0 1.0 1.0 1.0 1.0 1.0 1.0 1.0 1.0 1.0 1.0 1.0 1.0 1.0 1.0 1.0 1.0 1.0 1.0 1.0 1.0 1.0 1.0 1.0 1.0 1.0 1.0 1.0 1.0 1.0 1.0 1.0 1.0 1.0 1.0 1.0 1.0 1.0 1.0 1.0 1.0 
1.0 1.0 1.0 1.0 1.0 1.0 1.0 1.0 1.0 1.0 1.0 1.0 1.0 1.0 1.0 1.0 1.0 1.0 1.0 1.0 1.0 1.0 1.0 1.0 1.0 1.0 1.0 1.0 1.0 1.0 1.0 1.0 1.0 1.0 1.0 1.0 1.0 1.0 1.0 1.0 1.0 1.0 1.0 1.0 0.0 1.0 1.0 1.0 1.0 1.0 1.0 1.0 1.0 1.0 1.0 1.0 1.0 1.0 1.0 1.0 1.0 1.0 1.0 1.0 1.0 1.0 1.0 1.0 1.0 1.0 1.0 1.0 1.0 1.0 1.0 1.0 1.0 1.0 1.0 1.0 1.0 1.0 1.0 1.0 1.0 1.0 1.0 1.0 1.0 1.0 1.0 1.0 1.0 1.0 1.0 1.0 1.0 1.0 1.0 1.0 1.0 1.0 1.0 1.0 1.0 1.0 1.0 1.0 1.0 1.0 1.0 1.0 1.0 1.0 1.0 1.0 1.0 1.0 1.0 1.0 1.0 1.0 1.0 1.0 1.0 1.0 1.0 1.0 
1.0 1.0 1.0 1.0 1.0 1.0 1.0 1.0 1.0 1.0 1.0 1.0 1.0 1.0 1.0 1.0 1.0 1.0 1.0 1.0 1.0 1.0 1.0 1.0 1.0 1.0 1.0 1.0 1.0 1.0 1.0 1.0 1.0 1.0 1.0 1.0 1.0 1.0 1.0 1.0 1.0 1.0 1.0 1.0 1.0 0.0 1.0 1.0 1.0 1.0 1.0 1.0 1.0 1.0 1.0 1.0 1.0 1.0 1.0 1.0 1.0 1.0 1.0 1.0 1.0 1.0 1.0 1.0 1.0 1.0 1.0 1.0 1.0 1.0 1.0 1.0 1.0 1.0 1.0 1.0 1.0 1.0 1.0 1.0 1.0 1.0 1.0 1.0 1.0 1.0 1.0 1.0 1.0 1.0 1.0 1.0 1.0 1.0 1.0 1.0 1.0 1.0 1.0 1.0 1.0 1.0 1.0 1.0 1.0 1.0 1.0 1.0 1.0 1.0 1.0 1.0 1.0 1.0 1.0 1.0 1.0 1.0 1.0 1.0 1.0 1.0 1.0 1.0 
1.0 1.0 1.0 1.0 1.0 1.0 1.0 1.0 1.0 1.0 1.0 1.0 1.0 1.0 1.0 1.0 1.0 1.0 1.0 1.0 1.0 1.0 1.0 1.0 1.0 1.0 1.0 1.0 1.0 1.0 1.0 1.0 1.0 1.0 1.0 1.0 1.0 1.0 1.0 1.0 1.0 1.0 1.0 1.0 1.0 1.0 0.0 1.0 1.0 1.0 1.0 1.0 1.0 1.0 1.0 1.0 1.0 1.0 1.0 1.0 1.0 1.0 1.0 1.0 1.0 1.0 1.0 1.0 1.0 1.0 1.0 1.0 1.0 1.0 1.0 1.0 1.0 1.0 1.0 1.0 1.0 1.0 1.0 1.0 1.0 1.0 1.0 1.0 1.0 1.0 1.0 1.0 1.0 1.0 1.0 1.0 1.0 1.0 1.0 1.0 1.0 1.0 1.0 1.0 1.0 1.0 1.0 1.0 1.0 1.0 1.0 1.0 1.0 1.0 1.0 1.0 1.0 1.0 1.0 1.0 1.0 1.0 1.0 1.0 1.0 1.0 1.0 1.0 
1.0 1.0 1.0 1.0 1.0 1.0 1.0 1.0 1.0 1.0 1.0 1.0 1.0 1.0 1.0 1.0 1.0 1.0 1.0 1.0 1.0 1.0 1.0 1.0 1.0 1.0 1.0 1.0 1.0 1.0 1.0 1.0 1.0 1.0 1.0 1.0 1.0 1.0 1.0 1.0 1.0 1.0 1.0 1.0 1.0 1.0 1.0 0.0 1.0 1.0 1.0 1.0 1.0 1.0 1.0 1.0 1.0 1.0 1.0 1.0 1.0 1.0 1.0 1.0 1.0 1.0 1.0 1.0 1.0 1.0 1.0 1.0 1.0 1.0 1.0 1.0 1.0 1.0 1.0 1.0 1.0 1.0 1.0 1.0 1.0 1.0 1.0 1.0 1.0 1.0 1.0 1.0 1.0 1.0 1.0 1.0 1.0 1.0 1.0 1.0 1.0 1.0 1.0 1.0 1.0 1.0 1.0 1.0 1.0 1.0 1.0 1.0 1.0 1.0 1.0 1.0 1.0 1.0 1.0 1.0 1.0 1.0 1.0 1.0 1.0 1.0 1.0 1.0 
1.0 1.0 1.0 1.0 1.0 1.0 1.0 1.0 1.0 1.0 1.0 1.0 1.0 1.0 1.0 1.0 1.0 1.0 1.0 1.0 1.0 1.0 1.0 1.0 1.0 1.0 1.0 1.0 1.0 1.0 1.0 1.0 1.0 1.0 1.0 1.0 1.0 1.0 1.0 1.0 1.0 1.0 1.0 1.0 1.0 1.0 1.0 1.0 0.0 1.0 1.0 1.0 1.0 1.0 1.0 1.0 1.0 1.0 1.0 1.0 1.0 1.0 1.0 1.0 1.0 1.0 1.0 1.0 1.0 1.0 1.0 1.0 1.0 1.0 1.0 1.0 1.0 1.0 1.0 1.0 1.0 1.0 1.0 1.0 1.0 1.0 1.0 1.0 1.0 1.0 1.0 1.0 1.0 1.0 1.0 1.0 1.0 1.0 1.0 1.0 1.0 1.0 1.0 1.0 1.0 1.0 1.0 1.0 1.0 1.0 1.0 1.0 1.0 1.0 1.0 1.0 1.0 1.0 1.0 1.0 1.0 1.0 1.0 1.0 1.0 1.0 1.0 1.0 
1.0 1.0 1.0 1.0 1.0 1.0 1.0 1.0 1.0 1.0 1.0 1.0 1.0 1.0 1.0 1.0 1.0 1.0 1.0 1.0 1.0 1.0 1.0 1.0 1.0 1.0 1.0 1.0 1.0 1.0 1.0 1.0 1.0 1.0 1.0 1.0 1.0 1.0 1.0 1.0 1.0 1.0 1.0 1.0 1.0 1.0 1.0 1.0 1.0 0.0 1.0 1.0 1.0 1.0 1.0 1.0 1.0 1.0 1.0 1.0 1.0 1.0 1.0 1.0 1.0 1.0 1.0 1.0 1.0 1.0 1.0 1.0 1.0 1.0 1.0 1.0 1.0 1.0 1.0 1.0 1.0 1.0 1.0 1.0 1.0 1.0 1.0 1.0 1.0 1.0 1.0 1.0 1.0 1.0 1.0 1.0 1.0 1.0 1.0 1.0 1.0 1.0 1.0 1.0 1.0 1.0 1.0 1.0 1.0 1.0 1.0 1.0 1.0 1.0 1.0 1.0 1.0 1.0 1.0 1.0 1.0 1.0 1.0 1.0 1.0 1.0 1.0 1.0 
1.0 1.0 1.0 1.0 1.0 1.0 1.0 1.0 1.0 1.0 1.0 1.0 1.0 1.0 1.0 1.0 1.0 1.0 1.0 1.0 1.0 1.0 1.0 1.0 1.0 1.0 1.0 1.0 1.0 1.0 1.0 1.0 1.0 1.0 1.0 1.0 1.0 1.0 1.0 1.0 1.0 1.0 1.0 1.0 1.0 1.0 1.0 1.0 1.0 1.0 0.0 1.0 1.0 1.0 1.0 1.0 1.0 1.0 1.0 1.0 1.0 1.0 1.0 1.0 1.0 1.0 1.0 1.0 1.0 1.0 1.0 1.0 1.0 1.0 1.0 1.0 1.0 1.0 1.0 1.0 1.0 1.0 1.0 1.0 1.0 1.0 1.0 1.0 1.0 1.0 1.0 1.0 1.0 1.0 1.0 1.0 1.0 1.0 1.0 1.0 1.0 1.0 1.0 1.0 1.0 1.0 1.0 1.0 1.0 1.0 1.0 1.0 1.0 1.0 1.0 1.0 1.0 1.0 1.0 1.0 1.0 1.0 1.0 1.0 1.0 1.0 1.0 1.0 
1.0 1.0 1.0 1.0 1.0 1.0 1.0 1.0 1.0 1.0 1.0 1.0 1.0 1.0 1.0 1.0 1.0 1.0 1.0 1.0 1.0 1.0 1.0 1.0 1.0 1.0 1.0 1.0 1.0 1.0 1.0 1.0 1.0 1.0 1.0 1.0 1.0 1.0 1.0 1.0 1.0 1.0 1.0 1.0 1.0 1.0 1.0 1.0 1.0 1.0 1.0 0.0 1.0 1.0 1.0 1.0 1.0 1.0 1.0 1.0 1.0 1.0 1.0 1.0 1.0 1.0 1.0 1.0 1.0 1.0 1.0 1.0 1.0 1.0 1.0 1.0 1.0 1.0 1.0 1.0 1.0 1.0 1.0 1.0 1.0 1.0 1.0 1.0 1.0 1.0 1.0 1.0 1.0 1.0 1.0 1.0 1.0 1.0 1.0 1.0 1.0 1.0 1.0 1.0 1.0 1.0 1.0 1.0 1.0 1.0 1.0 1.0 1.0 1.0 1.0 1.0 1.0 1.0 1.0 1.0 1.0 1.0 1.0 1.0 1.0 1.0 1.0 1.0 
1.0 1.0 1.0 1.0 1.0 1.0 1.0 1.0 1.0 1.0 1.0 1.0 1.0 1.0 1.0 1.0 1.0 1.0 1.0 1.0 1.0 1.0 1.0 1.0 1.0 1.0 1.0 1.0 1.0 1.0 1.0 1.0 1.0 1.0 1.0 1.0 1.0 1.0 1.0 1.0 1.0 1.0 1.0 1.0 1.0 1.0 1.0 1.0 1.0 1.0 1.0 1.0 0.0 1.0 1.0 1.0 1.0 1.0 1.0 1.0 1.0 1.0 1.0 1.0 1.0 1.0 1.0 1.0 1.0 1.0 1.0 1.0 1.0 1.0 1.0 1.0 1.0 1.0 1.0 1.0 1.0 1.0 1.0 1.0 1.0 1.0 1.0 1.0 1.0 1.0 1.0 1.0 1.0 1.0 1.0 1.0 1.0 1.0 1.0 1.0 1.0 1.0 1.0 1.0 1.0 1.0 1.0 1.0 1.0 1.0 1.0 1.0 1.0 1.0 1.0 1.0 1.0 1.0 1.0 1.0 1.0 1.0 1.0 1.0 1.0 1.0 1.0 1.0 
1.0 1.0 1.0 1.0 1.0 1.0 1.0 1.0 1.0 1.0 1.0 1.0 1.0 1.0 1.0 1.0 1.0 1.0 1.0 1.0 1.0 1.0 1.0 1.0 1.0 1.0 1.0 1.0 1.0 1.0 1.0 1.0 1.0 1.0 1.0 1.0 1.0 1.0 1.0 1.0 1.0 1.0 1.0 1.0 1.0 1.0 1.0 1.0 1.0 1.0 1.0 1.0 1.0 0.0 1.0 1.0 1.0 1.0 1.0 1.0 1.0 1.0 1.0 1.0 1.0 1.0 1.0 1.0 1.0 1.0 1.0 1.0 1.0 1.0 1.0 1.0 1.0 1.0 1.0 1.0 1.0 1.0 1.0 1.0 1.0 1.0 1.0 1.0 1.0 1.0 1.0 1.0 1.0 1.0 1.0 1.0 1.0 1.0 1.0 1.0 1.0 1.0 1.0 1.0 1.0 1.0 1.0 1.0 1.0 1.0 1.0 1.0 1.0 1.0 1.0 1.0 1.0 1.0 1.0 1.0 1.0 1.0 1.0 1.0 1.0 1.0 1.0 1.0 
1.0 1.0 1.0 1.0 1.0 1.0 1.0 1.0 1.0 1.0 1.0 1.0 1.0 1.0 1.0 1.0 1.0 1.0 1.0 1.0 1.0 1.0 1.0 1.0 1.0 1.0 1.0 1.0 1.0 1.0 1.0 1.0 1.0 1.0 1.0 1.0 1.0 1.0 1.0 1.0 1.0 1.0 1.0 1.0 1.0 1.0 1.0 1.0 1.0 1.0 1.0 1.0 1.0 1.0 0.0 1.0 1.0 1.0 1.0 1.0 1.0 1.0 1.0 1.0 1.0 1.0 1.0 1.0 1.0 1.0 1.0 1.0 1.0 1.0 1.0 1.0 1.0 1.0 1.0 1.0 1.0 1.0 1.0 1.0 1.0 1.0 1.0 1.0 1.0 1.0 1.0 1.0 1.0 1.0 1.0 1.0 1.0 1.0 1.0 1.0 1.0 1.0 1.0 1.0 1.0 1.0 1.0 1.0 1.0 1.0 1.0 1.0 1.0 1.0 1.0 1.0 1.0 1.0 1.0 1.0 1.0 1.0 1.0 1.0 1.0 1.0 1.0 1.0 
1.0 1.0 1.0 1.0 1.0 1.0 1.0 1.0 1.0 1.0 1.0 1.0 1.0 1.0 1.0 1.0 1.0 1.0 1.0 1.0 1.0 1.0 1.0 1.0 1.0 1.0 1.0 1.0 1.0 1.0 1.0 1.0 1.0 1.0 1.0 1.0 1.0 1.0 1.0 1.0 1.0 1.0 1.0 1.0 1.0 1.0 1.0 1.0 1.0 1.0 1.0 1.0 1.0 1.0 1.0 0.0 1.0 1.0 1.0 1.0 1.0 1.0 1.0 1.0 1.0 1.0 1.0 1.0 1.0 1.0 1.0 1.0 1.0 1.0 1.0 1.0 1.0 1.0 1.0 1.0 1.0 1.0 1.0 1.0 1.0 1.0 1.0 1.0 1.0 1.0 1.0 1.0 1.0 1.0 1.0 1.0 1.0 1.0 1.0 1.0 1.0 1.0 1.0 1.0 1.0 1.0 1.0 1.0 1.0 1.0 1.0 1.0 1.0 1.0 1.0 1.0 1.0 1.0 1.0 1.0 1.0 1.0 1.0 1.0 1.0 1.0 1.0 1.0 
1.0 1.0 1.0 1.0 1.0 1.0 1.0 1.0 1.0 1.0 1.0 1.0 1.0 1.0 1.0 1.0 1.0 1.0 1.0 1.0 1.0 1.0 1.0 1.0 1.0 1.0 1.0 1.0 1.0 1.0 1.0 1.0 1.0 1.0 1.0 1.0 1.0 1.0 1.0 1.0 1.0 1.0 1.0 1.0 1.0 1.0 1.0 1.0 1.0 1.0 1.0 1.0 1.0 1.0 1.0 1.0 0.0 1.0 1.0 1.0 1.0 1.0 1.0 1.0 1.0 1.0 1.0 1.0 1.0 1.0 1.0 1.0 1.0 1.0 1.0 1.0 1.0 1.0 1.0 1.0 1.0 1.0 1.0 1.0 1.0 1.0 1.0 1.0 1.0 1.0 1.0 1.0 1.0 1.0 1.0 1.0 1.0 1.0 1.0 1.0 1.0 1.0 1.0 1.0 1.0 1.0 1.0 1.0 1.0 1.0 1.0 1.0 1.0 1.0 1.0 1.0 1.0 1.0 1.0 1.0 1.0 1.0 1.0 1.0 1.0 1.0 1.0 1.0 
1.0 1.0 1.0 1.0 1.0 1.0 1.0 1.0 1.0 1.0 1.0 1.0 1.0 1.0 1.0 1.0 1.0 1.0 1.0 1.0 1.0 1.0 1.0 1.0 1.0 1.0 1.0 1.0 1.0 1.0 1.0 1.0 1.0 1.0 1.0 1.0 1.0 1.0 1.0 1.0 1.0 1.0 1.0 1.0 1.0 1.0 1.0 1.0 1.0 1.0 1.0 1.0 1.0 1.0 1.0 1.0 1.0 0.0 1.0 1.0 1.0 1.0 1.0 1.0 1.0 1.0 1.0 1.0 1.0 1.0 1.0 1.0 1.0 1.0 1.0 1.0 1.0 1.0 1.0 1.0 1.0 1.0 1.0 1.0 1.0 1.0 1.0 1.0 1.0 1.0 1.0 1.0 1.0 1.0 1.0 1.0 1.0 1.0 1.0 1.0 1.0 1.0 1.0 1.0 1.0 1.0 1.0 1.0 1.0 1.0 1.0 1.0 1.0 1.0 1.0 1.0 1.0 1.0 1.0 1.0 1.0 1.0 1.0 1.0 1.0 1.0 1.0 1.0 
1.0 1.0 1.0 1.0 1.0 1.0 1.0 1.0 1.0 1.0 1.0 1.0 1.0 1.0 1.0 1.0 1.0 1.0 1.0 1.0 1.0 1.0 1.0 1.0 1.0 1.0 1.0 1.0 1.0 1.0 1.0 1.0 1.0 1.0 1.0 1.0 1.0 1.0 1.0 1.0 1.0 1.0 1.0 1.0 1.0 1.0 1.0 1.0 1.0 1.0 1.0 1.0 1.0 1.0 1.0 1.0 1.0 1.0 0.0 1.0 1.0 1.0 1.0 1.0 1.0 1.0 1.0 1.0 1.0 1.0 1.0 1.0 1.0 1.0 1.0 1.0 1.0 1.0 1.0 1.0 1.0 1.0 1.0 1.0 1.0 1.0 1.0 1.0 1.0 1.0 1.0 1.0 1.0 1.0 1.0 1.0 1.0 1.0 1.0 1.0 1.0 1.0 1.0 1.0 1.0 1.0 1.0 1.0 1.0 1.0 1.0 1.0 1.0 1.0 1.0 1.0 1.0 1.0 1.0 1.0 1.0 1.0 1.0 1.0 1.0 1.0 1.0 1.0 
1.0 1.0 1.0 1.0 1.0 1.0 1.0 1.0 1.0 1.0 1.0 1.0 1.0 1.0 1.0 1.0 1.0 1.0 1.0 1.0 1.0 1.0 1.0 1.0 1.0 1.0 1.0 1.0 1.0 1.0 1.0 1.0 1.0 1.0 1.0 1.0 1.0 1.0 1.0 1.0 1.0 1.0 1.0 1.0 1.0 1.0 1.0 1.0 1.0 1.0 1.0 1.0 1.0 1.0 1.0 1.0 1.0 1.0 1.0 0.0 1.0 1.0 1.0 1.0 1.0 1.0 1.0 1.0 1.0 1.0 1.0 1.0 1.0 1.0 1.0 1.0 1.0 1.0 1.0 1.0 1.0 1.0 1.0 1.0 1.0 1.0 1.0 1.0 1.0 1.0 1.0 1.0 1.0 1.0 1.0 1.0 1.0 1.0 1.0 1.0 1.0 1.0 1.0 1.0 1.0 1.0 1.0 1.0 1.0 1.0 1.0 1.0 1.0 1.0 1.0 1.0 1.0 1.0 1.0 1.0 1.0 1.0 1.0 1.0 1.0 1.0 1.0 1.0 
1.0 1.0 1.0 1.0 1.0 1.0 1.0 1.0 1.0 1.0 1.0 1.0 1.0 1.0 1.0 1.0 1.0 1.0 1.0 1.0 1.0 1.0 1.0 1.0 1.0 1.0 1.0 1.0 1.0 1.0 1.0 1.0 1.0 1.0 1.0 1.0 1.0 1.0 1.0 1.0 1.0 1.0 1.0 1.0 1.0 1.0 1.0 1.0 1.0 1.0 1.0 1.0 1.0 1.0 1.0 1.0 1.0 1.0 1.0 1.0 0.0 1.0 1.0 1.0 1.0 1.0 1.0 1.0 1.0 1.0 1.0 1.0 1.0 1.0 1.0 1.0 1.0 1.0 1.0 1.0 1.0 1.0 1.0 1.0 1.0 1.0 1.0 1.0 1.0 1.0 1.0 1.0 1.0 1.0 1.0 1.0 1.0 1.0 1.0 1.0 1.0 1.0 1.0 1.0 1.0 1.0 1.0 1.0 1.0 1.0 1.0 1.0 1.0 1.0 1.0 1.0 1.0 1.0 1.0 1.0 1.0 1.0 1.0 1.0 1.0 1.0 1.0 1.0 
1.0 1.0 1.0 1.0 1.0 1.0 1.0 1.0 1.0 1.0 1.0 1.0 1.0 1.0 1.0 1.0 1.0 1.0 1.0 1.0 1.0 1.0 1.0 1.0 1.0 1.0 1.0 1.0 1.0 1.0 1.0 1.0 1.0 1.0 1.0 1.0 1.0 1.0 1.0 1.0 1.0 1.0 1.0 1.0 1.0 1.0 1.0 1.0 1.0 1.0 1.0 1.0 1.0 1.0 1.0 1.0 1.0 1.0 1.0 1.0 1.0 0.0 1.0 1.0 1.0 1.0 1.0 1.0 1.0 1.0 1.0 1.0 1.0 1.0 1.0 1.0 1.0 1.0 1.0 1.0 1.0 1.0 1.0 1.0 1.0 1.0 1.0 1.0 1.0 1.0 1.0 1.0 1.0 1.0 1.0 1.0 1.0 1.0 1.0 1.0 1.0 1.0 1.0 1.0 1.0 1.0 1.0 1.0 1.0 1.0 1.0 1.0 1.0 1.0 1.0 1.0 1.0 1.0 1.0 1.0 1.0 1.0 1.0 1.0 1.0 1.0 1.0 1.0 
1.0 1.0 1.0 1.0 1.0 1.0 1.0 1.0 1.0 1.0 1.0 1.0 1.0 1.0 1.0 1.0 1.0 1.0 1.0 1.0 1.0 1.0 1.0 1.0 1.0 1.0 1.0 1.0 1.0 1.0 1.0 1.0 1.0 1.0 1.0 1.0 1.0 1.0 1.0 1.0 1.0 1.0 1.0 1.0 1.0 1.0 1.0 1.0 1.0 1.0 1.0 1.0 1.0 1.0 1.0 1.0 1.0 1.0 1.0 1.0 1.0 1.0 0.0 1.0 1.0 1.0 1.0 1.0 1.0 1.0 1.0 1.0 1.0 1.0 1.0 1.0 1.0 1.0 1.0 1.0 1.0 1.0 1.0 1.0 1.0 1.0 1.0 1.0 1.0 1.0 1.0 1.0 1.0 1.0 1.0 1.0 1.0 1.0 1.0 1.0 1.0 1.0 1.0 1.0 1.0 1.0 1.0 1.0 1.0 1.0 1.0 1.0 1.0 1.0 1.0 1.0 1.0 1.0 1.0 1.0 1.0 1.0 1.0 1.0 1.0 1.0 1.0 1.0 
1.0 1.0 1.0 1.0 1.0 1.0 1.0 1.0 1.0 1.0 1.0 1.0 1.0 1.0 1.0 1.0 1.0 1.0 1.0 1.0 1.0 1.0 1.0 1.0 1.0 1.0 1.0 1.0 1.0 1.0 1.0 1.0 1.0 1.0 1.0 1.0 1.0 1.0 1.0 1.0 1.0 1.0 1.0 1.0 1.0 1.0 1.0 1.0 1.0 1.0 1.0 1.0 1.0 1.0 1.0 1.0 1.0 1.0 1.0 1.0 1.0 1.0 1.0 0.0 1.0 1.0 1.0 1.0 1.0 1.0 1.0 1.0 1.0 1.0 1.0 1.0 1.0 1.0 1.0 1.0 1.0 1.0 1.0 1.0 1.0 1.0 1.0 1.0 1.0 1.0 1.0 1.0 1.0 1.0 1.0 1.0 1.0 1.0 1.0 1.0 1.0 1.0 1.0 1.0 1.0 1.0 1.0 1.0 1.0 1.0 1.0 1.0 1.0 1.0 1.0 1.0 1.0 1.0 1.0 1.0 1.0 1.0 1.0 1.0 1.0 1.0 1.0 1.0 
1.0 1.0 1.0 1.0 1.0 1.0 1.0 1.0 1.0 1.0 1.0 1.0 1.0 1.0 1.0 1.0 1.0 1.0 1.0 1.0 1.0 1.0 1.0 1.0 1.0 1.0 1.0 1.0 1.0 1.0 1.0 1.0 1.0 1.0 1.0 1.0 1.0 1.0 1.0 1.0 1.0 1.0 1.0 1.0 1.0 1.0 1.0 1.0 1.0 1.0 1.0 1.0 1.0 1.0 1.0 1.0 1.0 1.0 1.0 1.0 1.0 1.0 1.0 1.0 0.0 1.0 1.0 1.0 1.0 1.0 1.0 1.0 1.0 1.0 1.0 1.0 1.0 1.0 1.0 1.0 1.0 1.0 1.0 1.0 1.0 1.0 1.0 1.0 1.0 1.0 1.0 1.0 1.0 1.0 1.0 1.0 1.0 1.0 1.0 1.0 1.0 1.0 1.0 1.0 1.0 1.0 1.0 1.0 1.0 1.0 1.0 1.0 1.0 1.0 1.0 1.0 1.0 1.0 1.0 1.0 1.0 1.0 1.0 1.0 1.0 1.0 1.0 1.0 
1.0 1.0 1.0 1.0 1.0 1.0 1.0 1.0 1.0 1.0 1.0 1.0 1.0 1.0 1.0 1.0 1.0 1.0 1.0 1.0 1.0 1.0 1.0 1.0 1.0 1.0 1.0 1.0 1.0 1.0 1.0 1.0 1.0 1.0 1.0 1.0 1.0 1.0 1.0 1.0 1.0 1.0 1.0 1.0 1.0 1.0 1.0 1.0 1.0 1.0 1.0 1.0 1.0 1.0 1.0 1.0 1.0 1.0 1.0 1.0 1.0 1.0 1.0 1.0 1.0 0.0 1.0 1.0 1.0 1.0 1.0 1.0 1.0 1.0 1.0 1.0 1.0 1.0 1.0 1.0 1.0 1.0 1.0 1.0 1.0 1.0 1.0 1.0 1.0 1.0 1.0 1.0 1.0 1.0 1.0 1.0 1.0 1.0 1.0 1.0 1.0 1.0 1.0 1.0 1.0 1.0 1.0 1.0 1.0 1.0 1.0 1.0 1.0 1.0 1.0 1.0 1.0 1.0 1.0 1.0 1.0 1.0 1.0 1.0 1.0 1.0 1.0 1.0 
1.0 1.0 1.0 1.0 1.0 1.0 1.0 1.0 1.0 1.0 1.0 1.0 1.0 1.0 1.0 1.0 1.0 1.0 1.0 1.0 1.0 1.0 1.0 1.0 1.0 1.0 1.0 1.0 1.0 1.0 1.0 1.0 1.0 1.0 1.0 1.0 1.0 1.0 1.0 1.0 1.0 1.0 1.0 1.0 1.0 1.0 1.0 1.0 1.0 1.0 1.0 1.0 1.0 1.0 1.0 1.0 1.0 1.0 1.0 1.0 1.0 1.0 1.0 1.0 1.0 1.0 0.0 1.0 1.0 1.0 1.0 1.0 1.0 1.0 1.0 1.0 1.0 1.0 1.0 1.0 1.0 1.0 1.0 1.0 1.0 1.0 1.0 1.0 1.0 1.0 1.0 1.0 1.0 1.0 1.0 1.0 1.0 1.0 1.0 1.0 1.0 1.0 1.0 1.0 1.0 1.0 1.0 1.0 1.0 1.0 1.0 1.0 1.0 1.0 1.0 1.0 1.0 1.0 1.0 1.0 1.0 1.0 1.0 1.0 1.0 1.0 1.0 1.0 
1.0 1.0 1.0 1.0 1.0 1.0 1.0 1.0 1.0 1.0 1.0 1.0 1.0 1.0 1.0 1.0 1.0 1.0 1.0 1.0 1.0 1.0 1.0 1.0 1.0 1.0 1.0 1.0 1.0 1.0 1.0 1.0 1.0 1.0 1.0 1.0 1.0 1.0 1.0 1.0 1.0 1.0 1.0 1.0 1.0 1.0 1.0 1.0 1.0 1.0 1.0 1.0 1.0 1.0 1.0 1.0 1.0 1.0 1.0 1.0 1.0 1.0 1.0 1.0 1.0 1.0 1.0 0.0 1.0 1.0 1.0 1.0 1.0 1.0 1.0 1.0 1.0 1.0 1.0 1.0 1.0 1.0 1.0 1.0 1.0 1.0 1.0 1.0 1.0 1.0 1.0 1.0 1.0 1.0 1.0 1.0 1.0 1.0 1.0 1.0 1.0 1.0 1.0 1.0 1.0 1.0 1.0 1.0 1.0 1.0 1.0 1.0 1.0 1.0 1.0 1.0 1.0 1.0 1.0 1.0 1.0 1.0 1.0 1.0 1.0 1.0 1.0 1.0 
1.0 1.0 1.0 1.0 1.0 1.0 1.0 1.0 1.0 1.0 1.0 1.0 1.0 1.0 1.0 1.0 1.0 1.0 1.0 1.0 1.0 1.0 1.0 1.0 1.0 1.0 1.0 1.0 1.0 1.0 1.0 1.0 1.0 1.0 1.0 1.0 1.0 1.0 1.0 1.0 1.0 1.0 1.0 1.0 1.0 1.0 1.0 1.0 1.0 1.0 1.0 1.0 1.0 1.0 1.0 1.0 1.0 1.0 1.0 1.0 1.0 1.0 1.0 1.0 1.0 1.0 1.0 1.0 0.0 1.0 1.0 1.0 1.0 1.0 1.0 1.0 1.0 1.0 1.0 1.0 1.0 1.0 1.0 1.0 1.0 1.0 1.0 1.0 1.0 1.0 1.0 1.0 1.0 1.0 1.0 1.0 1.0 1.0 1.0 1.0 1.0 1.0 1.0 1.0 1.0 1.0 1.0 1.0 1.0 1.0 1.0 1.0 1.0 1.0 1.0 1.0 1.0 1.0 1.0 1.0 1.0 1.0 1.0 1.0 1.0 1.0 1.0 1.0 
1.0 1.0 1.0 1.0 1.0 1.0 1.0 1.0 1.0 1.0 1.0 1.0 1.0 1.0 1.0 1.0 1.0 1.0 1.0 1.0 1.0 1.0 1.0 1.0 1.0 1.0 1.0 1.0 1.0 1.0 1.0 1.0 1.0 1.0 1.0 1.0 1.0 1.0 1.0 1.0 1.0 1.0 1.0 1.0 1.0 1.0 1.0 1.0 1.0 1.0 1.0 1.0 1.0 1.0 1.0 1.0 1.0 1.0 1.0 1.0 1.0 1.0 1.0 1.0 1.0 1.0 1.0 1.0 1.0 0.0 1.0 1.0 1.0 1.0 1.0 1.0 1.0 1.0 1.0 1.0 1.0 1.0 1.0 1.0 1.0 1.0 1.0 1.0 1.0 1.0 1.0 1.0 1.0 1.0 1.0 1.0 1.0 1.0 1.0 1.0 1.0 1.0 1.0 1.0 1.0 1.0 1.0 1.0 1.0 1.0 1.0 1.0 1.0 1.0 1.0 1.0 1.0 1.0 1.0 1.0 1.0 1.0 1.0 1.0 1.0 1.0 1.0 1.0 
1.0 1.0 1.0 1.0 1.0 1.0 1.0 1.0 1.0 1.0 1.0 1.0 1.0 1.0 1.0 1.0 1.0 1.0 1.0 1.0 1.0 1.0 1.0 1.0 1.0 1.0 1.0 1.0 1.0 1.0 1.0 1.0 1.0 1.0 1.0 1.0 1.0 1.0 1.0 1.0 1.0 1.0 1.0 1.0 1.0 1.0 1.0 1.0 1.0 1.0 1.0 1.0 1.0 1.0 1.0 1.0 1.0 1.0 1.0 1.0 1.0 1.0 1.0 1.0 1.0 1.0 1.0 1.0 1.0 1.0 0.0 1.0 1.0 1.0 1.0 1.0 1.0 1.0 1.0 1.0 1.0 1.0 1.0 1.0 1.0 1.0 1.0 1.0 1.0 1.0 1.0 1.0 1.0 1.0 1.0 1.0 1.0 1.0 1.0 1.0 1.0 1.0 1.0 1.0 1.0 1.0 1.0 1.0 1.0 1.0 1.0 1.0 1.0 1.0 1.0 1.0 1.0 1.0 1.0 1.0 1.0 1.0 1.0 1.0 1.0 1.0 1.0 1.0 
1.0 1.0 1.0 1.0 1.0 1.0 1.0 1.0 1.0 1.0 1.0 1.0 1.0 1.0 1.0 1.0 1.0 1.0 1.0 1.0 1.0 1.0 1.0 1.0 1.0 1.0 1.0 1.0 1.0 1.0 1.0 1.0 1.0 1.0 1.0 1.0 1.0 1.0 1.0 1.0 1.0 1.0 1.0 1.0 1.0 1.0 1.0 1.0 1.0 1.0 1.0 1.0 1.0 1.0 1.0 1.0 1.0 1.0 1.0 1.0 1.0 1.0 1.0 1.0 1.0 1.0 1.0 1.0 1.0 1.0 1.0 0.0 1.0 1.0 1.0 1.0 1.0 1.0 1.0 1.0 1.0 1.0 1.0 1.0 1.0 1.0 1.0 1.0 1.0 1.0 1.0 1.0 1.0 1.0 1.0 1.0 1.0 1.0 1.0 1.0 1.0 1.0 1.0 1.0 1.0 1.0 1.0 1.0 1.0 1.0 1.0 1.0 1.0 1.0 1.0 1.0 1.0 1.0 1.0 1.0 1.0 1.0 1.0 1.0 1.0 1.0 1.0 1.0 
1.0 1.0 1.0 1.0 1.0 1.0 1.0 1.0 1.0 1.0 1.0 1.0 1.0 1.0 1.0 1.0 1.0 1.0 1.0 1.0 1.0 1.0 1.0 1.0 1.0 1.0 1.0 1.0 1.0 1.0 1.0 1.0 1.0 1.0 1.0 1.0 1.0 1.0 1.0 1.0 1.0 1.0 1.0 1.0 1.0 1.0 1.0 1.0 1.0 1.0 1.0 1.0 1.0 1.0 1.0 1.0 1.0 1.0 1.0 1.0 1.0 1.0 1.0 1.0 1.0 1.0 1.0 1.0 1.0 1.0 1.0 1.0 0.0 1.0 1.0 1.0 1.0 1.0 1.0 1.0 1.0 1.0 1.0 1.0 1.0 1.0 1.0 1.0 1.0 1.0 1.0 1.0 1.0 1.0 1.0 1.0 1.0 1.0 1.0 1.0 1.0 1.0 1.0 1.0 1.0 1.0 1.0 1.0 1.0 1.0 1.0 1.0 1.0 1.0 1.0 1.0 1.0 1.0 1.0 1.0 1.0 1.0 1.0 1.0 1.0 1.0 1.0 1.0 
1.0 1.0 1.0 1.0 1.0 1.0 1.0 1.0 1.0 1.0 1.0 1.0 1.0 1.0 1.0 1.0 1.0 1.0 1.0 1.0 1.0 1.0 1.0 1.0 1.0 1.0 1.0 1.0 1.0 1.0 1.0 1.0 1.0 1.0 1.0 1.0 1.0 1.0 1.0 1.0 1.0 1.0 1.0 1.0 1.0 1.0 1.0 1.0 1.0 1.0 1.0 1.0 1.0 1.0 1.0 1.0 1.0 1.0 1.0 1.0 1.0 1.0 1.0 1.0 1.0 1.0 1.0 1.0 1.0 1.0 1.0 1.0 1.0 0.0 1.0 1.0 1.0 1.0 1.0 1.0 1.0 1.0 1.0 1.0 1.0 1.0 1.0 1.0 1.0 1.0 1.0 1.0 1.0 1.0 1.0 1.0 1.0 1.0 1.0 1.0 1.0 1.0 1.0 1.0 1.0 1.0 1.0 1.0 1.0 1.0 1.0 1.0 1.0 1.0 1.0 1.0 1.0 1.0 1.0 1.0 1.0 1.0 1.0 1.0 1.0 1.0 1.0 1.0 
1.0 1.0 1.0 1.0 1.0 1.0 1.0 1.0 1.0 1.0 1.0 1.0 1.0 1.0 1.0 1.0 1.0 1.0 1.0 1.0 1.0 1.0 1.0 1.0 1.0 1.0 1.0 1.0 1.0 1.0 1.0 1.0 1.0 1.0 1.0 1.0 1.0 1.0 1.0 1.0 1.0 1.0 1.0 1.0 1.0 1.0 1.0 1.0 1.0 1.0 1.0 1.0 1.0 1.0 1.0 1.0 1.0 1.0 1.0 1.0 1.0 1.0 1.0 1.0 1.0 1.0 1.0 1.0 1.0 1.0 1.0 1.0 1.0 1.0 0.0 1.0 1.0 1.0 1.0 1.0 1.0 1.0 1.0 1.0 1.0 1.0 1.0 1.0 1.0 1.0 1.0 1.0 1.0 1.0 1.0 1.0 1.0 1.0 1.0 1.0 1.0 1.0 1.0 1.0 1.0 1.0 1.0 1.0 1.0 1.0 1.0 1.0 1.0 1.0 1.0 1.0 1.0 1.0 1.0 1.0 1.0 1.0 1.0 1.0 1.0 1.0 1.0 1.0 
1.0 1.0 1.0 1.0 1.0 1.0 1.0 1.0 1.0 1.0 1.0 1.0 1.0 1.0 1.0 1.0 1.0 1.0 1.0 1.0 1.0 1.0 1.0 1.0 1.0 1.0 1.0 1.0 1.0 1.0 1.0 1.0 1.0 1.0 1.0 1.0 1.0 1.0 1.0 1.0 1.0 1.0 1.0 1.0 1.0 1.0 1.0 1.0 1.0 1.0 1.0 1.0 1.0 1.0 1.0 1.0 1.0 1.0 1.0 1.0 1.0 1.0 1.0 1.0 1.0 1.0 1.0 1.0 1.0 1.0 1.0 1.0 1.0 1.0 1.0 0.0 1.0 1.0 1.0 1.0 1.0 1.0 1.0 1.0 1.0 1.0 1.0 1.0 1.0 1.0 1.0 1.0 1.0 1.0 1.0 1.0 1.0 1.0 1.0 1.0 1.0 1.0 1.0 1.0 1.0 1.0 1.0 1.0 1.0 1.0 1.0 1.0 1.0 1.0 1.0 1.0 1.0 1.0 1.0 1.0 1.0 1.0 1.0 1.0 1.0 1.0 1.0 1.0 
1.0 1.0 1.0 1.0 1.0 1.0 1.0 1.0 1.0 1.0 1.0 1.0 1.0 1.0 1.0 1.0 1.0 1.0 1.0 1.0 1.0 1.0 1.0 1.0 1.0 1.0 1.0 1.0 1.0 1.0 1.0 1.0 1.0 1.0 1.0 1.0 1.0 1.0 1.0 1.0 1.0 1.0 1.0 1.0 1.0 1.0 1.0 1.0 1.0 1.0 1.0 1.0 1.0 1.0 1.0 1.0 1.0 1.0 1.0 1.0 1.0 1.0 1.0 1.0 1.0 1.0 1.0 1.0 1.0 1.0 1.0 1.0 1.0 1.0 1.0 1.0 0.0 1.0 1.0 1.0 1.0 1.0 1.0 1.0 1.0 1.0 1.0 1.0 1.0 1.0 1.0 1.0 1.0 1.0 1.0 1.0 1.0 1.0 1.0 1.0 1.0 1.0 1.0 1.0 1.0 1.0 1.0 1.0 1.0 1.0 1.0 1.0 1.0 1.0 1.0 1.0 1.0 1.0 1.0 1.0 1.0 1.0 1.0 1.0 1.0 1.0 1.0 1.0 
1.0 1.0 1.0 1.0 1.0 1.0 1.0 1.0 1.0 1.0 1.0 1.0 1.0 1.0 1.0 1.0 1.0 1.0 1.0 1.0 1.0 1.0 1.0 1.0 1.0 1.0 1.0 1.0 1.0 1.0 1.0 1.0 1.0 1.0 1.0 1.0 1.0 1.0 1.0 1.0 1.0 1.0 1.0 1.0 1.0 1.0 1.0 1.0 1.0 1.0 1.0 1.0 1.0 1.0 1.0 1.0 1.0 1.0 1.0 1.0 1.0 1.0 1.0 1.0 1.0 1.0 1.0 1.0 1.0 1.0 1.0 1.0 1.0 1.0 1.0 1.0 1.0 0.0 1.0 1.0 1.0 1.0 1.0 1.0 1.0 1.0 1.0 1.0 1.0 1.0 1.0 1.0 1.0 1.0 1.0 1.0 1.0 1.0 1.0 1.0 1.0 1.0 1.0 1.0 1.0 1.0 1.0 1.0 1.0 1.0 1.0 1.0 1.0 1.0 1.0 1.0 1.0 1.0 1.0 1.0 1.0 1.0 1.0 1.0 1.0 1.0 1.0 1.0 
1.0 1.0 1.0 1.0 1.0 1.0 1.0 1.0 1.0 1.0 1.0 1.0 1.0 1.0 1.0 1.0 1.0 1.0 1.0 1.0 1.0 1.0 1.0 1.0 1.0 1.0 1.0 1.0 1.0 1.0 1.0 1.0 1.0 1.0 1.0 1.0 1.0 1.0 1.0 1.0 1.0 1.0 1.0 1.0 1.0 1.0 1.0 1.0 1.0 1.0 1.0 1.0 1.0 1.0 1.0 1.0 1.0 1.0 1.0 1.0 1.0 1.0 1.0 1.0 1.0 1.0 1.0 1.0 1.0 1.0 1.0 1.0 1.0 1.0 1.0 1.0 1.0 1.0 0.0 1.0 1.0 1.0 1.0 1.0 1.0 1.0 1.0 1.0 1.0 1.0 1.0 1.0 1.0 1.0 1.0 1.0 1.0 1.0 1.0 1.0 1.0 1.0 1.0 1.0 1.0 1.0 1.0 1.0 1.0 1.0 1.0 1.0 1.0 1.0 1.0 1.0 1.0 1.0 1.0 1.0 1.0 1.0 1.0 1.0 1.0 1.0 1.0 1.0 
1.0 1.0 1.0 1.0 1.0 1.0 1.0 1.0 1.0 1.0 1.0 1.0 1.0 1.0 1.0 1.0 1.0 1.0 1.0 1.0 1.0 1.0 1.0 1.0 1.0 1.0 1.0 1.0 1.0 1.0 1.0 1.0 1.0 1.0 1.0 1.0 1.0 1.0 1.0 1.0 1.0 1.0 1.0 1.0 1.0 1.0 1.0 1.0 1.0 1.0 1.0 1.0 1.0 1.0 1.0 1.0 1.0 1.0 1.0 1.0 1.0 1.0 1.0 1.0 1.0 1.0 1.0 1.0 1.0 1.0 1.0 1.0 1.0 1.0 1.0 1.0 1.0 1.0 1.0 0.0 1.0 1.0 1.0 1.0 1.0 1.0 1.0 1.0 1.0 1.0 1.0 1.0 1.0 1.0 1.0 1.0 1.0 1.0 1.0 1.0 1.0 1.0 1.0 1.0 1.0 1.0 1.0 1.0 1.0 1.0 1.0 1.0 1.0 1.0 1.0 1.0 1.0 1.0 1.0 1.0 1.0 1.0 1.0 1.0 1.0 1.0 1.0 1.0 
1.0 1.0 1.0 1.0 1.0 1.0 1.0 1.0 1.0 1.0 1.0 1.0 1.0 1.0 1.0 1.0 1.0 1.0 1.0 1.0 1.0 1.0 1.0 1.0 1.0 1.0 1.0 1.0 1.0 1.0 1.0 1.0 1.0 1.0 1.0 1.0 1.0 1.0 1.0 1.0 1.0 1.0 1.0 1.0 1.0 1.0 1.0 1.0 1.0 1.0 1.0 1.0 1.0 1.0 1.0 1.0 1.0 1.0 1.0 1.0 1.0 1.0 1.0 1.0 1.0 1.0 1.0 1.0 1.0 1.0 1.0 1.0 1.0 1.0 1.0 1.0 1.0 1.0 1.0 1.0 0.0 1.0 1.0 1.0 1.0 1.0 1.0 1.0 1.0 1.0 1.0 1.0 1.0 1.0 1.0 1.0 1.0 1.0 1.0 1.0 1.0 1.0 1.0 1.0 1.0 1.0 1.0 1.0 1.0 1.0 1.0 1.0 1.0 1.0 1.0 1.0 1.0 1.0 1.0 1.0 1.0 1.0 1.0 1.0 1.0 1.0 1.0 1.0 
1.0 1.0 1.0 1.0 1.0 1.0 1.0 1.0 1.0 1.0 1.0 1.0 1.0 1.0 1.0 1.0 1.0 1.0 1.0 1.0 1.0 1.0 1.0 1.0 1.0 1.0 1.0 1.0 1.0 1.0 1.0 1.0 1.0 1.0 1.0 1.0 1.0 1.0 1.0 1.0 1.0 1.0 1.0 1.0 1.0 1.0 1.0 1.0 1.0 1.0 1.0 1.0 1.0 1.0 1.0 1.0 1.0 1.0 1.0 1.0 1.0 1.0 1.0 1.0 1.0 1.0 1.0 1.0 1.0 1.0 1.0 1.0 1.0 1.0 1.0 1.0 1.0 1.0 1.0 1.0 1.0 0.0 1.0 1.0 1.0 1.0 1.0 1.0 1.0 1.0 1.0 1.0 1.0 1.0 1.0 1.0 1.0 1.0 1.0 1.0 1.0 1.0 1.0 1.0 1.0 1.0 1.0 1.0 1.0 1.0 1.0 1.0 1.0 1.0 1.0 1.0 1.0 1.0 1.0 1.0 1.0 1.0 1.0 1.0 1.0 1.0 1.0 1.0 
1.0 1.0 1.0 1.0 1.0 1.0 1.0 1.0 1.0 1.0 1.0 1.0 1.0 1.0 1.0 1.0 1.0 1.0 1.0 1.0 1.0 1.0 1.0 1.0 1.0 1.0 1.0 1.0 1.0 1.0 1.0 1.0 1.0 1.0 1.0 1.0 1.0 1.0 1.0 1.0 1.0 1.0 1.0 1.0 1.0 1.0 1.0 1.0 1.0 1.0 1.0 1.0 1.0 1.0 1.0 1.0 1.0 1.0 1.0 1.0 1.0 1.0 1.0 1.0 1.0 1.0 1.0 1.0 1.0 1.0 1.0 1.0 1.0 1.0 1.0 1.0 1.0 1.0 1.0 1.0 1.0 1.0 0.0 1.0 1.0 1.0 1.0 1.0 1.0 1.0 1.0 1.0 1.0 1.0 1.0 1.0 1.0 1.0 1.0 1.0 1.0 1.0 1.0 1.0 1.0 1.0 1.0 1.0 1.0 1.0 1.0 1.0 1.0 1.0 1.0 1.0 1.0 1.0 1.0 1.0 1.0 1.0 1.0 1.0 1.0 1.0 1.0 1.0 
1.0 1.0 1.0 1.0 1.0 1.0 1.0 1.0 1.0 1.0 1.0 1.0 1.0 1.0 1.0 1.0 1.0 1.0 1.0 1.0 1.0 1.0 1.0 1.0 1.0 1.0 1.0 1.0 1.0 1.0 1.0 1.0 1.0 1.0 1.0 1.0 1.0 1.0 1.0 1.0 1.0 1.0 1.0 1.0 1.0 1.0 1.0 1.0 1.0 1.0 1.0 1.0 1.0 1.0 1.0 1.0 1.0 1.0 1.0 1.0 1.0 1.0 1.0 1.0 1.0 1.0 1.0 1.0 1.0 1.0 1.0 1.0 1.0 1.0 1.0 1.0 1.0 1.0 1.0 1.0 1.0 1.0 1.0 0.0 1.0 1.0 1.0 1.0 1.0 1.0 1.0 1.0 1.0 1.0 1.0 1.0 1.0 1.0 1.0 1.0 1.0 1.0 1.0 1.0 1.0 1.0 1.0 1.0 1.0 1.0 1.0 1.0 1.0 1.0 1.0 1.0 1.0 1.0 1.0 1.0 1.0 1.0 1.0 1.0 1.0 1.0 1.0 1.0 
1.0 1.0 1.0 1.0 1.0 1.0 1.0 1.0 1.0 1.0 1.0 1.0 1.0 1.0 1.0 1.0 1.0 1.0 1.0 1.0 1.0 1.0 1.0 1.0 1.0 1.0 1.0 1.0 1.0 1.0 1.0 1.0 1.0 1.0 1.0 1.0 1.0 1.0 1.0 1.0 1.0 1.0 1.0 1.0 1.0 1.0 1.0 1.0 1.0 1.0 1.0 1.0 1.0 1.0 1.0 1.0 1.0 1.0 1.0 1.0 1.0 1.0 1.0 1.0 1.0 1.0 1.0 1.0 1.0 1.0 1.0 1.0 1.0 1.0 1.0 1.0 1.0 1.0 1.0 1.0 1.0 1.0 1.0 1.0 0.0 1.0 1.0 1.0 1.0 1.0 1.0 1.0 1.0 1.0 1.0 1.0 1.0 1.0 1.0 1.0 1.0 1.0 1.0 1.0 1.0 1.0 1.0 1.0 1.0 1.0 1.0 1.0 1.0 1.0 1.0 1.0 1.0 1.0 1.0 1.0 1.0 1.0 1.0 1.0 1.0 1.0 1.0 1.0 
1.0 1.0 1.0 1.0 1.0 1.0 1.0 1.0 1.0 1.0 1.0 1.0 1.0 1.0 1.0 1.0 1.0 1.0 1.0 1.0 1.0 1.0 1.0 1.0 1.0 1.0 1.0 1.0 1.0 1.0 1.0 1.0 1.0 1.0 1.0 1.0 1.0 1.0 1.0 1.0 1.0 1.0 1.0 1.0 1.0 1.0 1.0 1.0 1.0 1.0 1.0 1.0 1.0 1.0 1.0 1.0 1.0 1.0 1.0 1.0 1.0 1.0 1.0 1.0 1.0 1.0 1.0 1.0 1.0 1.0 1.0 1.0 1.0 1.0 1.0 1.0 1.0 1.0 1.0 1.0 1.0 1.0 1.0 1.0 1.0 0.0 1.0 1.0 1.0 1.0 1.0 1.0 1.0 1.0 1.0 1.0 1.0 1.0 1.0 1.0 1.0 1.0 1.0 1.0 1.0 1.0 1.0 1.0 1.0 1.0 1.0 1.0 1.0 1.0 1.0 1.0 1.0 1.0 1.0 1.0 1.0 1.0 1.0 1.0 1.0 1.0 1.0 1.0 
1.0 1.0 1.0 1.0 1.0 1.0 1.0 1.0 1.0 1.0 1.0 1.0 1.0 1.0 1.0 1.0 1.0 1.0 1.0 1.0 1.0 1.0 1.0 1.0 1.0 1.0 1.0 1.0 1.0 1.0 1.0 1.0 1.0 1.0 1.0 1.0 1.0 1.0 1.0 1.0 1.0 1.0 1.0 1.0 1.0 1.0 1.0 1.0 1.0 1.0 1.0 1.0 1.0 1.0 1.0 1.0 1.0 1.0 1.0 1.0 1.0 1.0 1.0 1.0 1.0 1.0 1.0 1.0 1.0 1.0 1.0 1.0 1.0 1.0 1.0 1.0 1.0 1.0 1.0 1.0 1.0 1.0 1.0 1.0 1.0 1.0 0.0 1.0 1.0 1.0 1.0 1.0 1.0 1.0 1.0 1.0 1.0 1.0 1.0 1.0 1.0 1.0 1.0 1.0 1.0 1.0 1.0 1.0 1.0 1.0 1.0 1.0 1.0 1.0 1.0 1.0 1.0 1.0 1.0 1.0 1.0 1.0 1.0 1.0 1.0 1.0 1.0 1.0 
1.0 1.0 1.0 1.0 1.0 1.0 1.0 1.0 1.0 1.0 1.0 1.0 1.0 1.0 1.0 1.0 1.0 1.0 1.0 1.0 1.0 1.0 1.0 1.0 1.0 1.0 1.0 1.0 1.0 1.0 1.0 1.0 1.0 1.0 1.0 1.0 1.0 1.0 1.0 1.0 1.0 1.0 1.0 1.0 1.0 1.0 1.0 1.0 1.0 1.0 1.0 1.0 1.0 1.0 1.0 1.0 1.0 1.0 1.0 1.0 1.0 1.0 1.0 1.0 1.0 1.0 1.0 1.0 1.0 1.0 1.0 1.0 1.0 1.0 1.0 1.0 1.0 1.0 1.0 1.0 1.0 1.0 1.0 1.0 1.0 1.0 1.0 0.0 1.0 1.0 1.0 1.0 1.0 1.0 1.0 1.0 1.0 1.0 1.0 1.0 1.0 1.0 1.0 1.0 1.0 1.0 1.0 1.0 1.0 1.0 1.0 1.0 1.0 1.0 1.0 1.0 1.0 1.0 1.0 1.0 1.0 1.0 1.0 1.0 1.0 1.0 1.0 1.0 
1.0 1.0 1.0 1.0 1.0 1.0 1.0 1.0 1.0 1.0 1.0 1.0 1.0 1.0 1.0 1.0 1.0 1.0 1.0 1.0 1.0 1.0 1.0 1.0 1.0 1.0 1.0 1.0 1.0 1.0 1.0 1.0 1.0 1.0 1.0 1.0 1.0 1.0 1.0 1.0 1.0 1.0 1.0 1.0 1.0 1.0 1.0 1.0 1.0 1.0 1.0 1.0 1.0 1.0 1.0 1.0 1.0 1.0 1.0 1.0 1.0 1.0 1.0 1.0 1.0 1.0 1.0 1.0 1.0 1.0 1.0 1.0 1.0 1.0 1.0 1.0 1.0 1.0 1.0 1.0 1.0 1.0 1.0 1.0 1.0 1.0 1.0 1.0 0.0 1.0 1.0 1.0 1.0 1.0 1.0 1.0 1.0 1.0 1.0 1.0 1.0 1.0 1.0 1.0 1.0 1.0 1.0 1.0 1.0 1.0 1.0 1.0 1.0 1.0 1.0 1.0 1.0 1.0 1.0 1.0 1.0 1.0 1.0 1.0 1.0 1.0 1.0 1.0 
1.0 1.0 1.0 1.0 1.0 1.0 1.0 1.0 1.0 1.0 1.0 1.0 1.0 1.0 1.0 1.0 1.0 1.0 1.0 1.0 1.0 1.0 1.0 1.0 1.0 1.0 1.0 1.0 1.0 1.0 1.0 1.0 1.0 1.0 1.0 1.0 1.0 1.0 1.0 1.0 1.0 1.0 1.0 1.0 1.0 1.0 1.0 1.0 1.0 1.0 1.0 1.0 1.0 1.0 1.0 1.0 1.0 1.0 1.0 1.0 1.0 1.0 1.0 1.0 1.0 1.0 1.0 1.0 1.0 1.0 1.0 1.0 1.0 1.0 1.0 1.0 1.0 1.0 1.0 1.0 1.0 1.0 1.0 1.0 1.0 1.0 1.0 1.0 1.0 0.0 1.0 1.0 1.0 1.0 1.0 1.0 1.0 1.0 1.0 1.0 1.0 1.0 1.0 1.0 1.0 1.0 1.0 1.0 1.0 1.0 1.0 1.0 1.0 1.0 1.0 1.0 1.0 1.0 1.0 1.0 1.0 1.0 1.0 1.0 1.0 1.0 1.0 1.0 
1.0 1.0 1.0 1.0 1.0 1.0 1.0 1.0 1.0 1.0 1.0 1.0 1.0 1.0 1.0 1.0 1.0 1.0 1.0 1.0 1.0 1.0 1.0 1.0 1.0 1.0 1.0 1.0 1.0 1.0 1.0 1.0 1.0 1.0 1.0 1.0 1.0 1.0 1.0 1.0 1.0 1.0 1.0 1.0 1.0 1.0 1.0 1.0 1.0 1.0 1.0 1.0 1.0 1.0 1.0 1.0 1.0 1.0 1.0 1.0 1.0 1.0 1.0 1.0 1.0 1.0 1.0 1.0 1.0 1.0 1.0 1.0 1.0 1.0 1.0 1.0 1.0 1.0 1.0 1.0 1.0 1.0 1.0 1.0 1.0 1.0 1.0 1.0 1.0 1.0 0.0 1.0 1.0 1.0 1.0 1.0 1.0 1.0 1.0 1.0 1.0 1.0 1.0 1.0 1.0 1.0 1.0 1.0 1.0 1.0 1.0 1.0 1.0 1.0 1.0 1.0 1.0 1.0 1.0 1.0 1.0 1.0 1.0 1.0 1.0 1.0 1.0 1.0 
1.0 1.0 1.0 1.0 1.0 1.0 1.0 1.0 1.0 1.0 1.0 1.0 1.0 1.0 1.0 1.0 1.0 1.0 1.0 1.0 1.0 1.0 1.0 1.0 1.0 1.0 1.0 1.0 1.0 1.0 1.0 1.0 1.0 1.0 1.0 1.0 1.0 1.0 1.0 1.0 1.0 1.0 1.0 1.0 1.0 1.0 1.0 1.0 1.0 1.0 1.0 1.0 1.0 1.0 1.0 1.0 1.0 1.0 1.0 1.0 1.0 1.0 1.0 1.0 1.0 1.0 1.0 1.0 1.0 1.0 1.0 1.0 1.0 1.0 1.0 1.0 1.0 1.0 1.0 1.0 1.0 1.0 1.0 1.0 1.0 1.0 1.0 1.0 1.0 1.0 1.0 0.0 1.0 1.0 1.0 1.0 1.0 1.0 1.0 1.0 1.0 1.0 1.0 1.0 1.0 1.0 1.0 1.0 1.0 1.0 1.0 1.0 1.0 1.0 1.0 1.0 1.0 1.0 1.0 1.0 1.0 1.0 1.0 1.0 1.0 1.0 1.0 1.0 
1.0 1.0 1.0 1.0 1.0 1.0 1.0 1.0 1.0 1.0 1.0 1.0 1.0 1.0 1.0 1.0 1.0 1.0 1.0 1.0 1.0 1.0 1.0 1.0 1.0 1.0 1.0 1.0 1.0 1.0 1.0 1.0 1.0 1.0 1.0 1.0 1.0 1.0 1.0 1.0 1.0 1.0 1.0 1.0 1.0 1.0 1.0 1.0 1.0 1.0 1.0 1.0 1.0 1.0 1.0 1.0 1.0 1.0 1.0 1.0 1.0 1.0 1.0 1.0 1.0 1.0 1.0 1.0 1.0 1.0 1.0 1.0 1.0 1.0 1.0 1.0 1.0 1.0 1.0 1.0 1.0 1.0 1.0 1.0 1.0 1.0 1.0 1.0 1.0 1.0 1.0 1.0 0.0 1.0 1.0 1.0 1.0 1.0 1.0 1.0 1.0 1.0 1.0 1.0 1.0 1.0 1.0 1.0 1.0 1.0 1.0 1.0 1.0 1.0 1.0 1.0 1.0 1.0 1.0 1.0 1.0 1.0 1.0 1.0 1.0 1.0 1.0 1.0 
1.0 1.0 1.0 1.0 1.0 1.0 1.0 1.0 1.0 1.0 1.0 1.0 1.0 1.0 1.0 1.0 1.0 1.0 1.0 1.0 1.0 1.0 1.0 1.0 1.0 1.0 1.0 1.0 1.0 1.0 1.0 1.0 1.0 1.0 1.0 1.0 1.0 1.0 1.0 1.0 1.0 1.0 1.0 1.0 1.0 1.0 1.0 1.0 1.0 1.0 1.0 1.0 1.0 1.0 1.0 1.0 1.0 1.0 1.0 1.0 1.0 1.0 1.0 1.0 1.0 1.0 1.0 1.0 1.0 1.0 1.0 1.0 1.0 1.0 1.0 1.0 1.0 1.0 1.0 1.0 1.0 1.0 1.0 1.0 1.0 1.0 1.0 1.0 1.0 1.0 1.0 1.0 1.0 0.0 1.0 1.0 1.0 1.0 1.0 1.0 1.0 1.0 1.0 1.0 1.0 1.0 1.0 1.0 1.0 1.0 1.0 1.0 1.0 1.0 1.0 1.0 1.0 1.0 1.0 1.0 1.0 1.0 1.0 1.0 1.0 1.0 1.0 1.0 
1.0 1.0 1.0 1.0 1.0 1.0 1.0 1.0 1.0 1.0 1.0 1.0 1.0 1.0 1.0 1.0 1.0 1.0 1.0 1.0 1.0 1.0 1.0 1.0 1.0 1.0 1.0 1.0 1.0 1.0 1.0 1.0 1.0 1.0 1.0 1.0 1.0 1.0 1.0 1.0 1.0 1.0 1.0 1.0 1.0 1.0 1.0 1.0 1.0 1.0 1.0 1.0 1.0 1.0 1.0 1.0 1.0 1.0 1.0 1.0 1.0 1.0 1.0 1.0 1.0 1.0 1.0 1.0 1.0 1.0 1.0 1.0 1.0 1.0 1.0 1.0 1.0 1.0 1.0 1.0 1.0 1.0 1.0 1.0 1.0 1.0 1.0 1.0 1.0 1.0 1.0 1.0 1.0 1.0 0.0 1.0 1.0 1.0 1.0 1.0 1.0 1.0 1.0 1.0 1.0 1.0 1.0 1.0 1.0 1.0 1.0 1.0 1.0 1.0 1.0 1.0 1.0 1.0 1.0 1.0 1.0 1.0 1.0 1.0 1.0 1.0 1.0 1.0 
1.0 1.0 1.0 1.0 1.0 1.0 1.0 1.0 1.0 1.0 1.0 1.0 1.0 1.0 1.0 1.0 1.0 1.0 1.0 1.0 1.0 1.0 1.0 1.0 1.0 1.0 1.0 1.0 1.0 1.0 1.0 1.0 1.0 1.0 1.0 1.0 1.0 1.0 1.0 1.0 1.0 1.0 1.0 1.0 1.0 1.0 1.0 1.0 1.0 1.0 1.0 1.0 1.0 1.0 1.0 1.0 1.0 1.0 1.0 1.0 1.0 1.0 1.0 1.0 1.0 1.0 1.0 1.0 1.0 1.0 1.0 1.0 1.0 1.0 1.0 1.0 1.0 1.0 1.0 1.0 1.0 1.0 1.0 1.0 1.0 1.0 1.0 1.0 1.0 1.0 1.0 1.0 1.0 1.0 1.0 0.0 1.0 1.0 1.0 1.0 1.0 1.0 1.0 1.0 1.0 1.0 1.0 1.0 1.0 1.0 1.0 1.0 1.0 1.0 1.0 1.0 1.0 1.0 1.0 1.0 1.0 1.0 1.0 1.0 1.0 1.0 1.0 1.0 
1.0 1.0 1.0 1.0 1.0 1.0 1.0 1.0 1.0 1.0 1.0 1.0 1.0 1.0 1.0 1.0 1.0 1.0 1.0 1.0 1.0 1.0 1.0 1.0 1.0 1.0 1.0 1.0 1.0 1.0 1.0 1.0 1.0 1.0 1.0 1.0 1.0 1.0 1.0 1.0 1.0 1.0 1.0 1.0 1.0 1.0 1.0 1.0 1.0 1.0 1.0 1.0 1.0 1.0 1.0 1.0 1.0 1.0 1.0 1.0 1.0 1.0 1.0 1.0 1.0 1.0 1.0 1.0 1.0 1.0 1.0 1.0 1.0 1.0 1.0 1.0 1.0 1.0 1.0 1.0 1.0 1.0 1.0 1.0 1.0 1.0 1.0 1.0 1.0 1.0 1.0 1.0 1.0 1.0 1.0 1.0 0.0 1.0 1.0 1.0 1.0 1.0 1.0 1.0 1.0 1.0 1.0 1.0 1.0 1.0 1.0 1.0 1.0 1.0 1.0 1.0 1.0 1.0 1.0 1.0 1.0 1.0 1.0 1.0 1.0 1.0 1.0 1.0 
1.0 1.0 1.0 1.0 1.0 1.0 1.0 1.0 1.0 1.0 1.0 1.0 1.0 1.0 1.0 1.0 1.0 1.0 1.0 1.0 1.0 1.0 1.0 1.0 1.0 1.0 1.0 1.0 1.0 1.0 1.0 1.0 1.0 1.0 1.0 1.0 1.0 1.0 1.0 1.0 1.0 1.0 1.0 1.0 1.0 1.0 1.0 1.0 1.0 1.0 1.0 1.0 1.0 1.0 1.0 1.0 1.0 1.0 1.0 1.0 1.0 1.0 1.0 1.0 1.0 1.0 1.0 1.0 1.0 1.0 1.0 1.0 1.0 1.0 1.0 1.0 1.0 1.0 1.0 1.0 1.0 1.0 1.0 1.0 1.0 1.0 1.0 1.0 1.0 1.0 1.0 1.0 1.0 1.0 1.0 1.0 1.0 0.0 1.0 1.0 1.0 1.0 1.0 1.0 1.0 1.0 1.0 1.0 1.0 1.0 1.0 1.0 1.0 1.0 1.0 1.0 1.0 1.0 1.0 1.0 1.0 1.0 1.0 1.0 1.0 1.0 1.0 1.0 
1.0 1.0 1.0 1.0 1.0 1.0 1.0 1.0 1.0 1.0 1.0 1.0 1.0 1.0 1.0 1.0 1.0 1.0 1.0 1.0 1.0 1.0 1.0 1.0 1.0 1.0 1.0 1.0 1.0 1.0 1.0 1.0 1.0 1.0 1.0 1.0 1.0 1.0 1.0 1.0 1.0 1.0 1.0 1.0 1.0 1.0 1.0 1.0 1.0 1.0 1.0 1.0 1.0 1.0 1.0 1.0 1.0 1.0 1.0 1.0 1.0 1.0 1.0 1.0 1.0 1.0 1.0 1.0 1.0 1.0 1.0 1.0 1.0 1.0 1.0 1.0 1.0 1.0 1.0 1.0 1.0 1.0 1.0 1.0 1.0 1.0 1.0 1.0 1.0 1.0 1.0 1.0 1.0 1.0 1.0 1.0 1.0 1.0 0.0 1.0 1.0 1.0 1.0 1.0 1.0 1.0 1.0 1.0 1.0 1.0 1.0 1.0 1.0 1.0 1.0 1.0 1.0 1.0 1.0 1.0 1.0 1.0 1.0 1.0 1.0 1.0 1.0 1.0 
1.0 1.0 1.0 1.0 1.0 1.0 1.0 1.0 1.0 1.0 1.0 1.0 1.0 1.0 1.0 1.0 1.0 1.0 1.0 1.0 1.0 1.0 1.0 1.0 1.0 1.0 1.0 1.0 1.0 1.0 1.0 1.0 1.0 1.0 1.0 1.0 1.0 1.0 1.0 1.0 1.0 1.0 1.0 1.0 1.0 1.0 1.0 1.0 1.0 1.0 1.0 1.0 1.0 1.0 1.0 1.0 1.0 1.0 1.0 1.0 1.0 1.0 1.0 1.0 1.0 1.0 1.0 1.0 1.0 1.0 1.0 1.0 1.0 1.0 1.0 1.0 1.0 1.0 1.0 1.0 1.0 1.0 1.0 1.0 1.0 1.0 1.0 1.0 1.0 1.0 1.0 1.0 1.0 1.0 1.0 1.0 1.0 1.0 1.0 0.0 1.0 1.0 1.0 1.0 1.0 1.0 1.0 1.0 1.0 1.0 1.0 1.0 1.0 1.0 1.0 1.0 1.0 1.0 1.0 1.0 1.0 1.0 1.0 1.0 1.0 1.0 1.0 1.0 
1.0 1.0 1.0 1.0 1.0 1.0 1.0 1.0 1.0 1.0 1.0 1.0 1.0 1.0 1.0 1.0 1.0 1.0 1.0 1.0 1.0 1.0 1.0 1.0 1.0 1.0 1.0 1.0 1.0 1.0 1.0 1.0 1.0 1.0 1.0 1.0 1.0 1.0 1.0 1.0 1.0 1.0 1.0 1.0 1.0 1.0 1.0 1.0 1.0 1.0 1.0 1.0 1.0 1.0 1.0 1.0 1.0 1.0 1.0 1.0 1.0 1.0 1.0 1.0 1.0 1.0 1.0 1.0 1.0 1.0 1.0 1.0 1.0 1.0 1.0 1.0 1.0 1.0 1.0 1.0 1.0 1.0 1.0 1.0 1.0 1.0 1.0 1.0 1.0 1.0 1.0 1.0 1.0 1.0 1.0 1.0 1.0 1.0 1.0 1.0 0.0 1.0 1.0 1.0 1.0 1.0 1.0 1.0 1.0 1.0 1.0 1.0 1.0 1.0 1.0 1.0 1.0 1.0 1.0 1.0 1.0 1.0 1.0 1.0 1.0 1.0 1.0 1.0 
1.0 1.0 1.0 1.0 1.0 1.0 1.0 1.0 1.0 1.0 1.0 1.0 1.0 1.0 1.0 1.0 1.0 1.0 1.0 1.0 1.0 1.0 1.0 1.0 1.0 1.0 1.0 1.0 1.0 1.0 1.0 1.0 1.0 1.0 1.0 1.0 1.0 1.0 1.0 1.0 1.0 1.0 1.0 1.0 1.0 1.0 1.0 1.0 1.0 1.0 1.0 1.0 1.0 1.0 1.0 1.0 1.0 1.0 1.0 1.0 1.0 1.0 1.0 1.0 1.0 1.0 1.0 1.0 1.0 1.0 1.0 1.0 1.0 1.0 1.0 1.0 1.0 1.0 1.0 1.0 1.0 1.0 1.0 1.0 1.0 1.0 1.0 1.0 1.0 1.0 1.0 1.0 1.0 1.0 1.0 1.0 1.0 1.0 1.0 1.0 1.0 0.0 1.0 1.0 1.0 1.0 1.0 1.0 1.0 1.0 1.0 1.0 1.0 1.0 1.0 1.0 1.0 1.0 1.0 1.0 1.0 1.0 1.0 1.0 1.0 1.0 1.0 1.0 
1.0 1.0 1.0 1.0 1.0 1.0 1.0 1.0 1.0 1.0 1.0 1.0 1.0 1.0 1.0 1.0 1.0 1.0 1.0 1.0 1.0 1.0 1.0 1.0 1.0 1.0 1.0 1.0 1.0 1.0 1.0 1.0 1.0 1.0 1.0 1.0 1.0 1.0 1.0 1.0 1.0 1.0 1.0 1.0 1.0 1.0 1.0 1.0 1.0 1.0 1.0 1.0 1.0 1.0 1.0 1.0 1.0 1.0 1.0 1.0 1.0 1.0 1.0 1.0 1.0 1.0 1.0 1.0 1.0 1.0 1.0 1.0 1.0 1.0 1.0 1.0 1.0 1.0 1.0 1.0 1.0 1.0 1.0 1.0 1.0 1.0 1.0 1.0 1.0 1.0 1.0 1.0 1.0 1.0 1.0 1.0 1.0 1.0 1.0 1.0 1.0 1.0 0.0 1.0 1.0 1.0 1.0 1.0 1.0 1.0 1.0 1.0 1.0 1.0 1.0 1.0 1.0 1.0 1.0 1.0 1.0 1.0 1.0 1.0 1.0 1.0 1.0 1.0 
1.0 1.0 1.0 1.0 1.0 1.0 1.0 1.0 1.0 1.0 1.0 1.0 1.0 1.0 1.0 1.0 1.0 1.0 1.0 1.0 1.0 1.0 1.0 1.0 1.0 1.0 1.0 1.0 1.0 1.0 1.0 1.0 1.0 1.0 1.0 1.0 1.0 1.0 1.0 1.0 1.0 1.0 1.0 1.0 1.0 1.0 1.0 1.0 1.0 1.0 1.0 1.0 1.0 1.0 1.0 1.0 1.0 1.0 1.0 1.0 1.0 1.0 1.0 1.0 1.0 1.0 1.0 1.0 1.0 1.0 1.0 1.0 1.0 1.0 1.0 1.0 1.0 1.0 1.0 1.0 1.0 1.0 1.0 1.0 1.0 1.0 1.0 1.0 1.0 1.0 1.0 1.0 1.0 1.0 1.0 1.0 1.0 1.0 1.0 1.0 1.0 1.0 1.0 0.0 1.0 1.0 1.0 1.0 1.0 1.0 1.0 1.0 1.0 1.0 1.0 1.0 1.0 1.0 1.0 1.0 1.0 1.0 1.0 1.0 1.0 1.0 1.0 1.0 
1.0 1.0 1.0 1.0 1.0 1.0 1.0 1.0 1.0 1.0 1.0 1.0 1.0 1.0 1.0 1.0 1.0 1.0 1.0 1.0 1.0 1.0 1.0 1.0 1.0 1.0 1.0 1.0 1.0 1.0 1.0 1.0 1.0 1.0 1.0 1.0 1.0 1.0 1.0 1.0 1.0 1.0 1.0 1.0 1.0 1.0 1.0 1.0 1.0 1.0 1.0 1.0 1.0 1.0 1.0 1.0 1.0 1.0 1.0 1.0 1.0 1.0 1.0 1.0 1.0 1.0 1.0 1.0 1.0 1.0 1.0 1.0 1.0 1.0 1.0 1.0 1.0 1.0 1.0 1.0 1.0 1.0 1.0 1.0 1.0 1.0 1.0 1.0 1.0 1.0 1.0 1.0 1.0 1.0 1.0 1.0 1.0 1.0 1.0 1.0 1.0 1.0 1.0 1.0 0.0 1.0 1.0 1.0 1.0 1.0 1.0 1.0 1.0 1.0 1.0 1.0 1.0 1.0 1.0 1.0 1.0 1.0 1.0 1.0 1.0 1.0 1.0 1.0 
1.0 1.0 1.0 1.0 1.0 1.0 1.0 1.0 1.0 1.0 1.0 1.0 1.0 1.0 1.0 1.0 1.0 1.0 1.0 1.0 1.0 1.0 1.0 1.0 1.0 1.0 1.0 1.0 1.0 1.0 1.0 1.0 1.0 1.0 1.0 1.0 1.0 1.0 1.0 1.0 1.0 1.0 1.0 1.0 1.0 1.0 1.0 1.0 1.0 1.0 1.0 1.0 1.0 1.0 1.0 1.0 1.0 1.0 1.0 1.0 1.0 1.0 1.0 1.0 1.0 1.0 1.0 1.0 1.0 1.0 1.0 1.0 1.0 1.0 1.0 1.0 1.0 1.0 1.0 1.0 1.0 1.0 1.0 1.0 1.0 1.0 1.0 1.0 1.0 1.0 1.0 1.0 1.0 1.0 1.0 1.0 1.0 1.0 1.0 1.0 1.0 1.0 1.0 1.0 1.0 0.0 1.0 1.0 1.0 1.0 1.0 1.0 1.0 1.0 1.0 1.0 1.0 1.0 1.0 1.0 1.0 1.0 1.0 1.0 1.0 1.0 1.0 1.0 
1.0 1.0 1.0 1.0 1.0 1.0 1.0 1.0 1.0 1.0 1.0 1.0 1.0 1.0 1.0 1.0 1.0 1.0 1.0 1.0 1.0 1.0 1.0 1.0 1.0 1.0 1.0 1.0 1.0 1.0 1.0 1.0 1.0 1.0 1.0 1.0 1.0 1.0 1.0 1.0 1.0 1.0 1.0 1.0 1.0 1.0 1.0 1.0 1.0 1.0 1.0 1.0 1.0 1.0 1.0 1.0 1.0 1.0 1.0 1.0 1.0 1.0 1.0 1.0 1.0 1.0 1.0 1.0 1.0 1.0 1.0 1.0 1.0 1.0 1.0 1.0 1.0 1.0 1.0 1.0 1.0 1.0 1.0 1.0 1.0 1.0 1.0 1.0 1.0 1.0 1.0 1.0 1.0 1.0 1.0 1.0 1.0 1.0 1.0 1.0 1.0 1.0 1.0 1.0 1.0 1.0 0.0 1.0 1.0 1.0 1.0 1.0 1.0 1.0 1.0 1.0 1.0 1.0 1.0 1.0 1.0 1.0 1.0 1.0 1.0 1.0 1.0 1.0 
1.0 1.0 1.0 1.0 1.0 1.0 1.0 1.0 1.0 1.0 1.0 1.0 1.0 1.0 1.0 1.0 1.0 1.0 1.0 1.0 1.0 1.0 1.0 1.0 1.0 1.0 1.0 1.0 1.0 1.0 1.0 1.0 1.0 1.0 1.0 1.0 1.0 1.0 1.0 1.0 1.0 1.0 1.0 1.0 1.0 1.0 1.0 1.0 1.0 1.0 1.0 1.0 1.0 1.0 1.0 1.0 1.0 1.0 1.0 1.0 1.0 1.0 1.0 1.0 1.0 1.0 1.0 1.0 1.0 1.0 1.0 1.0 1.0 1.0 1.0 1.0 1.0 1.0 1.0 1.0 1.0 1.0 1.0 1.0 1.0 1.0 1.0 1.0 1.0 1.0 1.0 1.0 1.0 1.0 1.0 1.0 1.0 1.0 1.0 1.0 1.0 1.0 1.0 1.0 1.0 1.0 1.0 0.0 1.0 1.0 1.0 1.0 1.0 1.0 1.0 1.0 1.0 1.0 1.0 1.0 1.0 1.0 1.0 1.0 1.0 1.0 1.0 1.0 
1.0 1.0 1.0 1.0 1.0 1.0 1.0 1.0 1.0 1.0 1.0 1.0 1.0 1.0 1.0 1.0 1.0 1.0 1.0 1.0 1.0 1.0 1.0 1.0 1.0 1.0 1.0 1.0 1.0 1.0 1.0 1.0 1.0 1.0 1.0 1.0 1.0 1.0 1.0 1.0 1.0 1.0 1.0 1.0 1.0 1.0 1.0 1.0 1.0 1.0 1.0 1.0 1.0 1.0 1.0 1.0 1.0 1.0 1.0 1.0 1.0 1.0 1.0 1.0 1.0 1.0 1.0 1.0 1.0 1.0 1.0 1.0 1.0 1.0 1.0 1.0 1.0 1.0 1.0 1.0 1.0 1.0 1.0 1.0 1.0 1.0 1.0 1.0 1.0 1.0 1.0 1.0 1.0 1.0 1.0 1.0 1.0 1.0 1.0 1.0 1.0 1.0 1.0 1.0 1.0 1.0 1.0 1.0 0.0 1.0 1.0 1.0 1.0 1.0 1.0 1.0 1.0 1.0 1.0 1.0 1.0 1.0 1.0 1.0 1.0 1.0 1.0 1.0 
1.0 1.0 1.0 1.0 1.0 1.0 1.0 1.0 1.0 1.0 1.0 1.0 1.0 1.0 1.0 1.0 1.0 1.0 1.0 1.0 1.0 1.0 1.0 1.0 1.0 1.0 1.0 1.0 1.0 1.0 1.0 1.0 1.0 1.0 1.0 1.0 1.0 1.0 1.0 1.0 1.0 1.0 1.0 1.0 1.0 1.0 1.0 1.0 1.0 1.0 1.0 1.0 1.0 1.0 1.0 1.0 1.0 1.0 1.0 1.0 1.0 1.0 1.0 1.0 1.0 1.0 1.0 1.0 1.0 1.0 1.0 1.0 1.0 1.0 1.0 1.0 1.0 1.0 1.0 1.0 1.0 1.0 1.0 1.0 1.0 1.0 1.0 1.0 1.0 1.0 1.0 1.0 1.0 1.0 1.0 1.0 1.0 1.0 1.0 1.0 1.0 1.0 1.0 1.0 1.0 1.0 1.0 1.0 1.0 0.0 1.0 1.0 1.0 1.0 1.0 1.0 1.0 1.0 1.0 1.0 1.0 1.0 1.0 1.0 1.0 1.0 1.0 1.0 
1.0 1.0 1.0 1.0 1.0 1.0 1.0 1.0 1.0 1.0 1.0 1.0 1.0 1.0 1.0 1.0 1.0 1.0 1.0 1.0 1.0 1.0 1.0 1.0 1.0 1.0 1.0 1.0 1.0 1.0 1.0 1.0 1.0 1.0 1.0 1.0 1.0 1.0 1.0 1.0 1.0 1.0 1.0 1.0 1.0 1.0 1.0 1.0 1.0 1.0 1.0 1.0 1.0 1.0 1.0 1.0 1.0 1.0 1.0 1.0 1.0 1.0 1.0 1.0 1.0 1.0 1.0 1.0 1.0 1.0 1.0 1.0 1.0 1.0 1.0 1.0 1.0 1.0 1.0 1.0 1.0 1.0 1.0 1.0 1.0 1.0 1.0 1.0 1.0 1.0 1.0 1.0 1.0 1.0 1.0 1.0 1.0 1.0 1.0 1.0 1.0 1.0 1.0 1.0 1.0 1.0 1.0 1.0 1.0 1.0 0.0 1.0 1.0 1.0 1.0 1.0 1.0 1.0 1.0 1.0 1.0 1.0 1.0 1.0 1.0 1.0 1.0 1.0 
1.0 1.0 1.0 1.0 1.0 1.0 1.0 1.0 1.0 1.0 1.0 1.0 1.0 1.0 1.0 1.0 1.0 1.0 1.0 1.0 1.0 1.0 1.0 1.0 1.0 1.0 1.0 1.0 1.0 1.0 1.0 1.0 1.0 1.0 1.0 1.0 1.0 1.0 1.0 1.0 1.0 1.0 1.0 1.0 1.0 1.0 1.0 1.0 1.0 1.0 1.0 1.0 1.0 1.0 1.0 1.0 1.0 1.0 1.0 1.0 1.0 1.0 1.0 1.0 1.0 1.0 1.0 1.0 1.0 1.0 1.0 1.0 1.0 1.0 1.0 1.0 1.0 1.0 1.0 1.0 1.0 1.0 1.0 1.0 1.0 1.0 1.0 1.0 1.0 1.0 1.0 1.0 1.0 1.0 1.0 1.0 1.0 1.0 1.0 1.0 1.0 1.0 1.0 1.0 1.0 1.0 1.0 1.0 1.0 1.0 1.0 0.0 1.0 1.0 1.0 1.0 1.0 1.0 1.0 1.0 1.0 1.0 1.0 1.0 1.0 1.0 1.0 1.0 
1.0 1.0 1.0 1.0 1.0 1.0 1.0 1.0 1.0 1.0 1.0 1.0 1.0 1.0 1.0 1.0 1.0 1.0 1.0 1.0 1.0 1.0 1.0 1.0 1.0 1.0 1.0 1.0 1.0 1.0 1.0 1.0 1.0 1.0 1.0 1.0 1.0 1.0 1.0 1.0 1.0 1.0 1.0 1.0 1.0 1.0 1.0 1.0 1.0 1.0 1.0 1.0 1.0 1.0 1.0 1.0 1.0 1.0 1.0 1.0 1.0 1.0 1.0 1.0 1.0 1.0 1.0 1.0 1.0 1.0 1.0 1.0 1.0 1.0 1.0 1.0 1.0 1.0 1.0 1.0 1.0 1.0 1.0 1.0 1.0 1.0 1.0 1.0 1.0 1.0 1.0 1.0 1.0 1.0 1.0 1.0 1.0 1.0 1.0 1.0 1.0 1.0 1.0 1.0 1.0 1.0 1.0 1.0 1.0 1.0 1.0 1.0 0.0 1.0 1.0 1.0 1.0 1.0 1.0 1.0 1.0 1.0 1.0 1.0 1.0 1.0 1.0 1.0 
1.0 1.0 1.0 1.0 1.0 1.0 1.0 1.0 1.0 1.0 1.0 1.0 1.0 1.0 1.0 1.0 1.0 1.0 1.0 1.0 1.0 1.0 1.0 1.0 1.0 1.0 1.0 1.0 1.0 1.0 1.0 1.0 1.0 1.0 1.0 1.0 1.0 1.0 1.0 1.0 1.0 1.0 1.0 1.0 1.0 1.0 1.0 1.0 1.0 1.0 1.0 1.0 1.0 1.0 1.0 1.0 1.0 1.0 1.0 1.0 1.0 1.0 1.0 1.0 1.0 1.0 1.0 1.0 1.0 1.0 1.0 1.0 1.0 1.0 1.0 1.0 1.0 1.0 1.0 1.0 1.0 1.0 1.0 1.0 1.0 1.0 1.0 1.0 1.0 1.0 1.0 1.0 1.0 1.0 1.0 1.0 1.0 1.0 1.0 1.0 1.0 1.0 1.0 1.0 1.0 1.0 1.0 1.0 1.0 1.0 1.0 1.0 1.0 0.0 1.0 1.0 1.0 1.0 1.0 1.0 1.0 1.0 1.0 1.0 1.0 1.0 1.0 1.0 
1.0 1.0 1.0 1.0 1.0 1.0 1.0 1.0 1.0 1.0 1.0 1.0 1.0 1.0 1.0 1.0 1.0 1.0 1.0 1.0 1.0 1.0 1.0 1.0 1.0 1.0 1.0 1.0 1.0 1.0 1.0 1.0 1.0 1.0 1.0 1.0 1.0 1.0 1.0 1.0 1.0 1.0 1.0 1.0 1.0 1.0 1.0 1.0 1.0 1.0 1.0 1.0 1.0 1.0 1.0 1.0 1.0 1.0 1.0 1.0 1.0 1.0 1.0 1.0 1.0 1.0 1.0 1.0 1.0 1.0 1.0 1.0 1.0 1.0 1.0 1.0 1.0 1.0 1.0 1.0 1.0 1.0 1.0 1.0 1.0 1.0 1.0 1.0 1.0 1.0 1.0 1.0 1.0 1.0 1.0 1.0 1.0 1.0 1.0 1.0 1.0 1.0 1.0 1.0 1.0 1.0 1.0 1.0 1.0 1.0 1.0 1.0 1.0 1.0 0.0 1.0 1.0 1.0 1.0 1.0 1.0 1.0 1.0 1.0 1.0 1.0 1.0 1.0 
1.0 1.0 1.0 1.0 1.0 1.0 1.0 1.0 1.0 1.0 1.0 1.0 1.0 1.0 1.0 1.0 1.0 1.0 1.0 1.0 1.0 1.0 1.0 1.0 1.0 1.0 1.0 1.0 1.0 1.0 1.0 1.0 1.0 1.0 1.0 1.0 1.0 1.0 1.0 1.0 1.0 1.0 1.0 1.0 1.0 1.0 1.0 1.0 1.0 1.0 1.0 1.0 1.0 1.0 1.0 1.0 1.0 1.0 1.0 1.0 1.0 1.0 1.0 1.0 1.0 1.0 1.0 1.0 1.0 1.0 1.0 1.0 1.0 1.0 1.0 1.0 1.0 1.0 1.0 1.0 1.0 1.0 1.0 1.0 1.0 1.0 1.0 1.0 1.0 1.0 1.0 1.0 1.0 1.0 1.0 1.0 1.0 1.0 1.0 1.0 1.0 1.0 1.0 1.0 1.0 1.0 1.0 1.0 1.0 1.0 1.0 1.0 1.0 1.0 1.0 0.0 1.0 1.0 1.0 1.0 1.0 1.0 1.0 1.0 1.0 1.0 1.0 1.0 
1.0 1.0 1.0 1.0 1.0 1.0 1.0 1.0 1.0 1.0 1.0 1.0 1.0 1.0 1.0 1.0 1.0 1.0 1.0 1.0 1.0 1.0 1.0 1.0 1.0 1.0 1.0 1.0 1.0 1.0 1.0 1.0 1.0 1.0 1.0 1.0 1.0 1.0 1.0 1.0 1.0 1.0 1.0 1.0 1.0 1.0 1.0 1.0 1.0 1.0 1.0 1.0 1.0 1.0 1.0 1.0 1.0 1.0 1.0 1.0 1.0 1.0 1.0 1.0 1.0 1.0 1.0 1.0 1.0 1.0 1.0 1.0 1.0 1.0 1.0 1.0 1.0 1.0 1.0 1.0 1.0 1.0 1.0 1.0 1.0 1.0 1.0 1.0 1.0 1.0 1.0 1.0 1.0 1.0 1.0 1.0 1.0 1.0 1.0 1.0 1.0 1.0 1.0 1.0 1.0 1.0 1.0 1.0 1.0 1.0 1.0 1.0 1.0 1.0 1.0 1.0 0.0 1.0 1.0 1.0 1.0 1.0 1.0 1.0 1.0 1.0 1.0 1.0 
1.0 1.0 1.0 1.0 1.0 1.0 1.0 1.0 1.0 1.0 1.0 1.0 1.0 1.0 1.0 1.0 1.0 1.0 1.0 1.0 1.0 1.0 1.0 1.0 1.0 1.0 1.0 1.0 1.0 1.0 1.0 1.0 1.0 1.0 1.0 1.0 1.0 1.0 1.0 1.0 1.0 1.0 1.0 1.0 1.0 1.0 1.0 1.0 1.0 1.0 1.0 1.0 1.0 1.0 1.0 1.0 1.0 1.0 1.0 1.0 1.0 1.0 1.0 1.0 1.0 1.0 1.0 1.0 1.0 1.0 1.0 1.0 1.0 1.0 1.0 1.0 1.0 1.0 1.0 1.0 1.0 1.0 1.0 1.0 1.0 1.0 1.0 1.0 1.0 1.0 1.0 1.0 1.0 1.0 1.0 1.0 1.0 1.0 1.0 1.0 1.0 1.0 1.0 1.0 1.0 1.0 1.0 1.0 1.0 1.0 1.0 1.0 1.0 1.0 1.0 1.0 1.0 0.0 1.0 1.0 1.0 1.0 1.0 1.0 1.0 1.0 1.0 1.0 
1.0 1.0 1.0 1.0 1.0 1.0 1.0 1.0 1.0 1.0 1.0 1.0 1.0 1.0 1.0 1.0 1.0 1.0 1.0 1.0 1.0 1.0 1.0 1.0 1.0 1.0 1.0 1.0 1.0 1.0 1.0 1.0 1.0 1.0 1.0 1.0 1.0 1.0 1.0 1.0 1.0 1.0 1.0 1.0 1.0 1.0 1.0 1.0 1.0 1.0 1.0 1.0 1.0 1.0 1.0 1.0 1.0 1.0 1.0 1.0 1.0 1.0 1.0 1.0 1.0 1.0 1.0 1.0 1.0 1.0 1.0 1.0 1.0 1.0 1.0 1.0 1.0 1.0 1.0 1.0 1.0 1.0 1.0 1.0 1.0 1.0 1.0 1.0 1.0 1.0 1.0 1.0 1.0 1.0 1.0 1.0 1.0 1.0 1.0 1.0 1.0 1.0 1.0 1.0 1.0 1.0 1.0 1.0 1.0 1.0 1.0 1.0 1.0 1.0 1.0 1.0 1.0 1.0 0.0 1.0 1.0 1.0 1.0 1.0 1.0 1.0 1.0 1.0 
1.0 1.0 1.0 1.0 1.0 1.0 1.0 1.0 1.0 1.0 1.0 1.0 1.0 1.0 1.0 1.0 1.0 1.0 1.0 1.0 1.0 1.0 1.0 1.0 1.0 1.0 1.0 1.0 1.0 1.0 1.0 1.0 1.0 1.0 1.0 1.0 1.0 1.0 1.0 1.0 1.0 1.0 1.0 1.0 1.0 1.0 1.0 1.0 1.0 1.0 1.0 1.0 1.0 1.0 1.0 1.0 1.0 1.0 1.0 1.0 1.0 1.0 1.0 1.0 1.0 1.0 1.0 1.0 1.0 1.0 1.0 1.0 1.0 1.0 1.0 1.0 1.0 1.0 1.0 1.0 1.0 1.0 1.0 1.0 1.0 1.0 1.0 1.0 1.0 1.0 1.0 1.0 1.0 1.0 1.0 1.0 1.0 1.0 1.0 1.0 1.0 1.0 1.0 1.0 1.0 1.0 1.0 1.0 1.0 1.0 1.0 1.0 1.0 1.0 1.0 1.0 1.0 1.0 1.0 0.0 1.0 1.0 1.0 1.0 1.0 1.0 1.0 1.0 
1.0 1.0 1.0 1.0 1.0 1.0 1.0 1.0 1.0 1.0 1.0 1.0 1.0 1.0 1.0 1.0 1.0 1.0 1.0 1.0 1.0 1.0 1.0 1.0 1.0 1.0 1.0 1.0 1.0 1.0 1.0 1.0 1.0 1.0 1.0 1.0 1.0 1.0 1.0 1.0 1.0 1.0 1.0 1.0 1.0 1.0 1.0 1.0 1.0 1.0 1.0 1.0 1.0 1.0 1.0 1.0 1.0 1.0 1.0 1.0 1.0 1.0 1.0 1.0 1.0 1.0 1.0 1.0 1.0 1.0 1.0 1.0 1.0 1.0 1.0 1.0 1.0 1.0 1.0 1.0 1.0 1.0 1.0 1.0 1.0 1.0 1.0 1.0 1.0 1.0 1.0 1.0 1.0 1.0 1.0 1.0 1.0 1.0 1.0 1.0 1.0 1.0 1.0 1.0 1.0 1.0 1.0 1.0 1.0 1.0 1.0 1.0 1.0 1.0 1.0 1.0 1.0 1.0 1.0 1.0 0.0 1.0 1.0 1.0 1.0 1.0 1.0 1.0 
1.0 1.0 1.0 1.0 1.0 1.0 1.0 1.0 1.0 1.0 1.0 1.0 1.0 1.0 1.0 1.0 1.0 1.0 1.0 1.0 1.0 1.0 1.0 1.0 1.0 1.0 1.0 1.0 1.0 1.0 1.0 1.0 1.0 1.0 1.0 1.0 1.0 1.0 1.0 1.0 1.0 1.0 1.0 1.0 1.0 1.0 1.0 1.0 1.0 1.0 1.0 1.0 1.0 1.0 1.0 1.0 1.0 1.0 1.0 1.0 1.0 1.0 1.0 1.0 1.0 1.0 1.0 1.0 1.0 1.0 1.0 1.0 1.0 1.0 1.0 1.0 1.0 1.0 1.0 1.0 1.0 1.0 1.0 1.0 1.0 1.0 1.0 1.0 1.0 1.0 1.0 1.0 1.0 1.0 1.0 1.0 1.0 1.0 1.0 1.0 1.0 1.0 1.0 1.0 1.0 1.0 1.0 1.0 1.0 1.0 1.0 1.0 1.0 1.0 1.0 1.0 1.0 1.0 1.0 1.0 1.0 0.0 1.0 1.0 1.0 1.0 1.0 1.0 
1.0 1.0 1.0 1.0 1.0 1.0 1.0 1.0 1.0 1.0 1.0 1.0 1.0 1.0 1.0 1.0 1.0 1.0 1.0 1.0 1.0 1.0 1.0 1.0 1.0 1.0 1.0 1.0 1.0 1.0 1.0 1.0 1.0 1.0 1.0 1.0 1.0 1.0 1.0 1.0 1.0 1.0 1.0 1.0 1.0 1.0 1.0 1.0 1.0 1.0 1.0 1.0 1.0 1.0 1.0 1.0 1.0 1.0 1.0 1.0 1.0 1.0 1.0 1.0 1.0 1.0 1.0 1.0 1.0 1.0 1.0 1.0 1.0 1.0 1.0 1.0 1.0 1.0 1.0 1.0 1.0 1.0 1.0 1.0 1.0 1.0 1.0 1.0 1.0 1.0 1.0 1.0 1.0 1.0 1.0 1.0 1.0 1.0 1.0 1.0 1.0 1.0 1.0 1.0 1.0 1.0 1.0 1.0 1.0 1.0 1.0 1.0 1.0 1.0 1.0 1.0 1.0 1.0 1.0 1.0 1.0 1.0 0.0 1.0 1.0 1.0 1.0 1.0 
1.0 1.0 1.0 1.0 1.0 1.0 1.0 1.0 1.0 1.0 1.0 1.0 1.0 1.0 1.0 1.0 1.0 1.0 1.0 1.0 1.0 1.0 1.0 1.0 1.0 1.0 1.0 1.0 1.0 1.0 1.0 1.0 1.0 1.0 1.0 1.0 1.0 1.0 1.0 1.0 1.0 1.0 1.0 1.0 1.0 1.0 1.0 1.0 1.0 1.0 1.0 1.0 1.0 1.0 1.0 1.0 1.0 1.0 1.0 1.0 1.0 1.0 1.0 1.0 1.0 1.0 1.0 1.0 1.0 1.0 1.0 1.0 1.0 1.0 1.0 1.0 1.0 1.0 1.0 1.0 1.0 1.0 1.0 1.0 1.0 1.0 1.0 1.0 1.0 1.0 1.0 1.0 1.0 1.0 1.0 1.0 1.0 1.0 1.0 1.0 1.0 1.0 1.0 1.0 1.0 1.0 1.0 1.0 1.0 1.0 1.0 1.0 1.0 1.0 1.0 1.0 1.0 1.0 1.0 1.0 1.0 1.0 1.0 0.0 1.0 1.0 1.0 1.0 
1.0 1.0 1.0 1.0 1.0 1.0 1.0 1.0 1.0 1.0 1.0 1.0 1.0 1.0 1.0 1.0 1.0 1.0 1.0 1.0 1.0 1.0 1.0 1.0 1.0 1.0 1.0 1.0 1.0 1.0 1.0 1.0 1.0 1.0 1.0 1.0 1.0 1.0 1.0 1.0 1.0 1.0 1.0 1.0 1.0 1.0 1.0 1.0 1.0 1.0 1.0 1.0 1.0 1.0 1.0 1.0 1.0 1.0 1.0 1.0 1.0 1.0 1.0 1.0 1.0 1.0 1.0 1.0 1.0 1.0 1.0 1.0 1.0 1.0 1.0 1.0 1.0 1.0 1.0 1.0 1.0 1.0 1.0 1.0 1.0 1.0 1.0 1.0 1.0 1.0 1.0 1.0 1.0 1.0 1.0 1.0 1.0 1.0 1.0 1.0 1.0 1.0 1.0 1.0 1.0 1.0 1.0 1.0 1.0 1.0 1.0 1.0 1.0 1.0 1.0 1.0 1.0 1.0 1.0 1.0 1.0 1.0 1.0 1.0 0.0 1.0 1.0 1.0 
1.0 1.0 1.0 1.0 1.0 1.0 1.0 1.0 1.0 1.0 1.0 1.0 1.0 1.0 1.0 1.0 1.0 1.0 1.0 1.0 1.0 1.0 1.0 1.0 1.0 1.0 1.0 1.0 1.0 1.0 1.0 1.0 1.0 1.0 1.0 1.0 1.0 1.0 1.0 1.0 1.0 1.0 1.0 1.0 1.0 1.0 1.0 1.0 1.0 1.0 1.0 1.0 1.0 1.0 1.0 1.0 1.0 1.0 1.0 1.0 1.0 1.0 1.0 1.0 1.0 1.0 1.0 1.0 1.0 1.0 1.0 1.0 1.0 1.0 1.0 1.0 1.0 1.0 1.0 1.0 1.0 1.0 1.0 1.0 1.0 1.0 1.0 1.0 1.0 1.0 1.0 1.0 1.0 1.0 1.0 1.0 1.0 1.0 1.0 1.0 1.0 1.0 1.0 1.0 1.0 1.0 1.0 1.0 1.0 1.0 1.0 1.0 1.0 1.0 1.0 1.0 1.0 1.0 1.0 1.0 1.0 1.0 1.0 1.0 1.0 0.0 1.0 1.0 
1.0 1.0 1.0 1.0 1.0 1.0 1.0 1.0 1.0 1.0 1.0 1.0 1.0 1.0 1.0 1.0 1.0 1.0 1.0 1.0 1.0 1.0 1.0 1.0 1.0 1.0 1.0 1.0 1.0 1.0 1.0 1.0 1.0 1.0 1.0 1.0 1.0 1.0 1.0 1.0 1.0 1.0 1.0 1.0 1.0 1.0 1.0 1.0 1.0 1.0 1.0 1.0 1.0 1.0 1.0 1.0 1.0 1.0 1.0 1.0 1.0 1.0 1.0 1.0 1.0 1.0 1.0 1.0 1.0 1.0 1.0 1.0 1.0 1.0 1.0 1.0 1.0 1.0 1.0 1.0 1.0 1.0 1.0 1.0 1.0 1.0 1.0 1.0 1.0 1.0 1.0 1.0 1.0 1.0 1.0 1.0 1.0 1.0 1.0 1.0 1.0 1.0 1.0 1.0 1.0 1.0 1.0 1.0 1.0 1.0 1.0 1.0 1.0 1.0 1.0 1.0 1.0 1.0 1.0 1.0 1.0 1.0 1.0 1.0 1.0 1.0 0.0 1.0 
1.0 1.0 1.0 1.0 1.0 1.0 1.0 1.0 1.0 1.0 1.0 1.0 1.0 1.0 1.0 1.0 1.0 1.0 1.0 1.0 1.0 1.0 1.0 1.0 1.0 1.0 1.0 1.0 1.0 1.0 1.0 1.0 1.0 1.0 1.0 1.0 1.0 1.0 1.0 1.0 1.0 1.0 1.0 1.0 1.0 1.0 1.0 1.0 1.0 1.0 1.0 1.0 1.0 1.0 1.0 1.0 1.0 1.0 1.0 1.0 1.0 1.0 1.0 1.0 1.0 1.0 1.0 1.0 1.0 1.0 1.0 1.0 1.0 1.0 1.0 1.0 1.0 1.0 1.0 1.0 1.0 1.0 1.0 1.0 1.0 1.0 1.0 1.0 1.0 1.0 1.0 1.0 1.0 1.0 1.0 1.0 1.0 1.0 1.0 1.0 1.0 1.0 1.0 1.0 1.0 1.0 1.0 1.0 1.0 1.0 1.0 1.0 1.0 1.0 1.0 1.0 1.0 1.0 1.0 1.0 1.0 1.0 1.0 1.0 1.0 1.0 1.0 0.0 