128
1 9 42 99 85 68 18 37 91 70 4 25 29 51 59 42 40 68 30 77 84 95 40 6 74 11 21 11 99 3 11 76 28 17 72 41 18 11 86 68 21 56 37 1 35 79 73 61 28 33 11 85 87 90 62 54 3 90 12 60 44 72 83 78 95 79 60 58 26 1 61 61 44 80 53 84 90 42 43 1 97 93 34 39 83 50 14 2 97 96 96 93 91 2 56 10 6 91 22 77 50 78 2 27 8 12 7 43 68 62 8 63 72 3 88 6 62 95 12 54 50 11 66 12 66 84 38 62 
29 64 37 8 71 9 49 88 66 8 13 68 19 46 26 40 80 14 15 43 29 71 59 16 20 69 83 64 9 95 38 84 88 35 91 84 52 50 91 18 85 91 9 3 28 73 55 35 62 55 67 79 40 43 85 20 21 80 28 20 67 21 99 9 90 57 46 96 36 92 56 56 85 7 36 9 77 94 27 35 9 10 28 11 40 58 56 62 33 83 52 3 13 2 80 29 75 79 72 83 11 35 58 82 67 7 96 25 64 41 73 77 84 70 14 72 31 8 42 4 47 58 74 3 5 28 89 22 
31 6 1 31 94 9 48 56 5 91 61 47 43 51 75 95 5 66 93 2 91 78 67 54 42 59 91 19 37 70 8 6 25 5 93 60 39 27 21 92 5 99 74 79 38 79 42 47 93 31 32 28 57 41 23 15 10 41 19 36 76 35 35 57 85 14 27 9 25 68 86 96 32 92 28 16 4 15 93 34 75 10 90 58 83 5 22 26 69 68 52 83 36 42 19 87 20 46 24 4 17 73 55 18 89 18 57 20 78 76 78 88 5 56 59 41 46 65 14 33 31 11 31 26 38 58 24 32 
54 25 87 67 24 31 68 80 23 84 40 8 57 88 86 92 58 3 15 27 29 79 51 82 7 65 40 26 38 56 24 24 43 33 57 30 24 16 90 74 17 31 35 21 87 28 93 88 34 72 32 6 48 91 8 67 34 72 81 67 17 1 47 88 28 57 23 69 23 34 56 7 74 13 33 91 97 82 23 43 60 18 76 36 40 14 87 3 95 62 84 65 50 51 39 38 61 14 27 5 19 88 89 77 63 48 6 54 82 83 98 50 53 12 45 25 3 89 28 59 59 74 50 41 26 50 11 3 
64 12 58 42 32 42 66 24 81 73 56 43 93 31 24 24 97 60 18 1 62 20 14 11 62 4 4 16 12 19 28 51 96 42 97 72 12 10 39 75 48 31 90 33 62 48 24 70 65 19 28 51 52 80 8 100 80 6 21 35 62 86 83 17 87 39 86 89 87 27 43 48 100 61 80 27 48 13 68 9 62 75 5 4 13 49 90 80 41 64 74 49 94 85 77 35 51 15 16 72 90 12 95 30 80 13 10 7 79 18 31 64 77 38 90 59 7 89 27 26 31 76 30 32 69 87 90 49 
49 23 62 10 65 26 85 49 52 26 88 19 10 20 17 19 77 68 53 96 4 96 15 65 43 44 24 25 50 88 48 5 95 8 52 14 43 55 37 52 49 94 36 51 78 100 72 75 56 42 65 59 6 56 78 80 67 97 56 30 35 30 31 80 57 50 59 85 12 83 63 76 87 37 65 29 48 33 90 7 85 69 53 79 86 100 14 10 77 13 55 9 57 66 68 58 41 52 92 12 14 68 70 1 10 16 43 52 37 55 15 76 51 74 67 64 59 66 35 88 16 50 54 86 31 22 77 87 
60 31 45 94 63 31 99 87 46 14 31 32 82 71 53 87 80 43 98 29 51 6 55 60 65 11 62 64 17 64 48 27 84 62 45 72 78 25 88 52 28 57 25 20 18 29 46 31 23 91 56 72 3 27 52 38 83 13 49 16 60 78 55 18 13 32 74 19 10 99 57 81 39 69 84 14 1 39 1 57 79 9 23 2 67 35 7 59 42 12 39 41 88 13 9 7 50 56 73 100 35 39 56 93 99 66 58 75 38 43 63 21 53 6 38 11 42 12 47 25 82 87 26 62 1 78 51 80 
42 53 21 54 31 84 99 37 63 11 55 41 36 94 94 64 11 60 91 18 67 86 44 43 100 8 31 58 43 85 41 28 2 39 39 88 90 38 96 58 45 34 64 33 91 53 100 73 40 33 92 79 24 62 89 38 64 67 72 72 48 81 3 1 77 24 10 67 29 39 58 43 86 54 81 97 89 26 81 23 26 95 95 36 56 23 30 29 72 90 31 38 44 13 61 46 5 35 12 17 78 97 5 63 85 28 40 1 41 38 26 87 22 4 5 83 29 34 31 78 57 87 74 40 42 15 51 49 
90 78 99 61 6 44 16 64 86 31 47 1 17 75 94 15 8 82 15 1 8 39 28 29 86 8 97 31 72 43 96 91 81 2 31 52 53 22 2 52 91 34 79 39 85 43 96 84 24 80 26 23 99 89 30 51 73 82 25 17 65 76 20 33 44 79 53 66 99 34 81 25 31 55 82 6 78 30 15 28 100 75 86 65 25 91 75 14 41 83 91 4 63 22 63 27 32 21 7 21 12 58 61 44 28 65 45 7 33 98 74 74 95 13 30 42 32 7 65 86 56 5 74 10 53 13 61 93 
69 80 21 15 9 99 62 21 90 27 49 29 33 23 27 82 14 67 41 65 36 3 33 99 37 61 2 14 41 61 70 16 99 19 50 15 69 16 95 3 75 11 62 41 30 94 16 59 75 100 30 90 100 16 7 64 66 11 8 38 90 90 34 87 98 66 65 35 13 9 93 10 57 74 75 50 33 38 10 69 51 59 1 88 96 68 34 40 22 13 12 67 83 82 50 41 47 55 60 63 49 91 30 6 14 4 34 29 67 94 99 37 9 56 31 95 42 46 36 49 15 73 71 97 42 59 50 34 
63 42 23 99 21 54 10 10 58 16 58 76 13 68 18 7 9 100 95 39 11 54 45 21 5 7 48 78 71 97 92 3 77 83 10 97 76 10 91 72 73 100 1 78 4 12 19 37 11 48 53 42 49 59 72 77 72 7 82 76 80 81 77 66 31 21 19 72 93 39 13 45 42 22 74 38 66 50 1 21 61 20 97 35 21 70 94 13 74 46 70 71 17 12 11 31 93 89 23 80 69 36 31 97 57 29 100 74 74 58 100 49 32 52 8 90 37 24 1 30 91 13 48 57 90 19 71 52 
84 82 74 51 16 24 85 92 62 62 73 51 44 28 54 97 44 82 86 17 70 29 29 57 98 40 80 60 43 49 39 70 35 22 45 98 85 84 34 55 10 10 14 79 25 78 36 50 47 68 73 38 96 69 12 99 95 28 69 10 42 22 9 74 46 6 87 87 70 49 25 43 4 14 49 1 16 17 77 25 16 73 79 50 85 47 81 80 80 63 96 75 41 79 85 49 52 46 45 15 38 73 66 27 1 76 3 90 18 88 84 16 34 55 37 34 2 92 74 69 98 96 46 61 9 16 60 19 
10 92 16 68 88 18 66 7 25 86 59 34 27 88 47 98 26 56 97 84 91 55 36 77 2 41 7 46 6 22 5 16 87 84 29 93 46 47 78 77 26 52 57 92 49 47 46 61 8 100 71 19 83 22 13 16 24 47 52 82 55 66 66 19 63 7 68 38 47 99 95 3 21 53 19 35 40 82 75 96 61 10 37 99 48 50 10 8 48 55 67 90 99 77 51 63 60 86 50 51 19 24 97 16 98 56 13 91 46 90 60 88 25 32 93 83 49 96 68 36 31 62 93 37 94 23 80 12 
56 99 77 28 44 96 26 51 57 79 91 64 91 39 60 88 100 20 18 34 51 27 49 56 87 46 53 43 29 64 86 71 21 74 89 94 12 24 99 81 13 100 7 50 95 25 98 9 90 83 23 22 68 70 69 5 66 70 68 11 60 3 91 58 93 17 94 55 67 20 8 77 56 89 43 64 31 2 13 8 73 96 16 88 82 34 7 65 84 60 67 1 55 17 71 75 39 13 34 93 61 10 8 54 84 48 66 29 54 7 61 92 82 38 86 64 10 21 78 4 36 91 91 48 16 29 99 69 
95 31 77 57 87 41 27 59 29 66 53 59 82 72 82 42 15 61 47 26 59 74 83 75 68 68 82 2 28 69 24 38 14 87 98 63 55 45 66 89 71 55 78 100 13 81 39 10 83 88 42 44 97 1 56 8 67 52 67 75 71 97 16 53 68 36 20 63 97 47 15 95 21 89 79 98 13 27 55 24 86 98 90 39 44 25 49 62 53 22 93 55 93 29 55 74 14 22 85 59 1 38 89 75 63 78 18 9 86 21 4 76 56 40 3 41 22 96 23 30 9 68 72 67 76 24 67 29 
88 38 87 29 98 68 32 17 12 9 57 66 15 43 32 62 57 7 31 80 30 41 88 36 91 45 14 8 57 29 15 33 59 99 21 50 83 67 31 73 52 82 24 65 46 46 64 84 34 79 8 54 81 63 39 60 75 69 86 6 85 23 29 10 53 98 87 54 53 77 6 36 98 42 30 51 20 13 97 67 25 24 60 32 42 71 24 70 96 32 2 16 15 79 13 71 84 55 58 50 32 1 3 67 21 17 80 37 3 64 33 82 36 84 38 43 43 66 35 20 11 30 96 57 69 80 53 37 
73 73 60 7 31 76 79 64 74 80 60 20 13 91 45 96 52 58 16 55 72 87 93 93 82 47 100 86 67 41 16 19 72 81 85 77 34 67 90 14 2 76 10 52 17 10 17 39 17 41 41 18 20 40 95 67 63 42 75 36 28 46 16 81 81 36 75 32 22 81 23 72 100 67 78 60 16 11 26 29 13 10 82 1 29 30 15 3 52 51 88 66 95 8 19 74 65 37 3 30 4 61 26 17 67 47 40 72 80 34 47 40 45 70 34 13 36 74 100 39 49 26 13 13 7 55 34 62 
91 49 77 74 55 28 5 88 65 37 38 31 5 66 86 89 73 43 65 50 41 34 49 33 46 25 71 20 25 22 49 64 10 74 13 5 39 11 5 6 71 32 71 11 16 96 59 48 6 75 13 13 71 27 46 17 88 68 6 40 91 54 81 35 11 52 23 18 58 35 70 64 51 41 40 43 35 82 74 3 20 43 6 15 3 97 46 43 73 47 81 74 25 47 96 78 23 24 37 22 51 17 13 63 7 70 90 56 56 31 73 26 88 36 30 79 62 13 28 83 35 91 63 28 59 4 99 85 
37 83 51 10 13 85 4 62 98 75 67 18 81 3 29 83 36 15 39 41 2 96 38 97 25 39 1 86 55 75 36 35 84 91 27 6 24 4 15 8 34 86 34 57 73 52 29 49 67 3 96 21 38 82 100 47 11 96 31 88 26 96 41 4 1 21 65 11 17 17 53 59 41 94 59 42 26 31 22 20 70 78 92 91 77 57 41 17 24 70 68 43 98 7 46 16 47 38 52 75 62 12 48 89 29 70 90 43 74 66 80 60 83 67 63 54 97 71 20 32 61 77 35 45 87 85 17 71 
21 89 43 25 79 97 45 36 7 27 92 9 56 84 9 55 9 79 81 5 49 58 93 32 91 22 17 62 53 27 42 3 79 95 53 35 68 92 61 17 43 100 93 12 83 100 71 64 9 16 82 29 11 39 19 57 14 48 2 82 21 59 95 82 24 91 88 41 3 29 10 75 32 47 98 88 93 42 33 24 96 94 78 9 65 81 32 22 57 69 24 37 36 43 79 36 88 4 64 69 12 54 29 39 99 28 46 63 65 57 94 18 52 50 88 47 97 2 70 70 90 81 7 44 85 12 82 66 
88 71 97 2 6 86 92 53 16 61 83 95 83 21 57 6 57 36 10 86 86 68 89 27 3 33 40 91 47 75 15 48 45 10 16 63 53 33 22 85 22 59 70 71 89 40 100 2 39 42 8 95 43 85 57 32 96 10 85 89 1 98 25 59 44 99 6 36 82 31 35 38 95 15 3 90 96 58 62 31 28 23 40 22 64 82 96 12 68 13 77 11 70 36 33 4 33 79 44 51 45 30 37 58 59 45 88 65 91 82 46 69 2 55 96 2 57 51 80 26 87 49 45 74 28 29 37 45 
60 19 24 5 83 90 69 60 80 62 5 3 77 80 44 80 59 71 26 13 92 8 53 56 71 83 4 15 61 61 100 31 7 18 21 34 56 90 74 34 94 49 73 56 4 63 85 43 31 8 35 51 94 80 88 92 50 94 70 19 80 16 87 43 79 52 96 82 19 1 23 81 69 97 19 22 10 49 19 28 89 37 28 7 7 43 77 28 77 45 24 70 98 98 92 2 30 78 95 99 78 49 67 18 49 29 45 64 90 23 38 21 44 48 74 55 32 88 28 73 95 96 12 16 11 84 72 79 
52 20 71 96 8 84 67 70 91 70 68 88 89 80 9 33 99 40 33 91 89 28 88 22 83 4 13 74 49 13 70 29 44 51 96 66 73 76 52 87 100 11 97 25 55 12 52 19 86 69 24 48 56 27 44 17 61 92 97 70 37 93 71 31 64 93 96 15 41 3 74 80 32 44 61 33 75 55 88 85 7 56 63 71 5 34 87 79 43 74 49 43 63 14 58 46 68 81 92 66 12 17 77 70 15 42 65 49 36 56 6 48 28 37 70 55 71 70 74 22 56 98 75 37 94 57 85 10 
21 42 86 64 63 37 94 43 29 26 80 65 41 47 96 92 1 14 86 47 27 66 68 78 49 85 100 74 95 68 66 5 25 7 80 46 48 51 4 42 43 50 66 10 81 6 63 52 69 63 34 14 23 90 74 70 13 65 22 54 51 55 80 69 30 60 16 97 92 9 38 94 32 40 23 57 21 46 5 33 65 14 72 56 78 28 83 4 77 33 57 66 4 96 35 9 28 92 67 77 67 17 42 64 9 86 16 67 24 29 98 44 46 17 45 33 63 85 37 81 36 69 10 81 3 66 46 82 
60 16 66 69 83 26 95 52 32 76 33 71 50 16 55 24 44 97 57 99 2 68 66 28 73 90 41 47 86 16 75 47 54 77 76 39 4 10 1 80 100 91 99 96 67 6 97 33 52 100 4 75 87 18 79 84 40 90 38 26 89 50 91 59 77 74 41 98 11 12 18 2 46 65 19 18 75 56 98 17 82 87 18 27 87 14 43 47 42 100 29 47 27 34 13 80 67 18 23 60 33 55 77 16 95 27 67 36 62 46 36 36 20 16 92 2 48 92 54 94 93 69 46 29 59 47 65 84 
26 50 23 32 44 21 17 44 32 54 46 95 10 100 43 22 67 33 38 50 25 13 71 85 34 58 30 23 77 47 23 42 55 22 79 21 23 95 89 80 6 26 59 70 6 29 87 77 10 36 71 23 25 28 4 44 23 8 98 15 20 69 83 59 70 10 49 58 62 85 92 33 7 2 73 78 7 54 8 78 83 74 79 93 4 86 87 76 99 19 7 81 59 18 60 34 84 5 74 97 32 25 22 44 20 76 13 99 32 41 54 47 22 37 86 24 28 94 35 70 30 4 14 6 52 35 80 81 
9 100 12 53 13 25 83 90 58 91 35 50 28 59 20 38 27 56 80 40 50 93 89 80 18 53 59 92 94 98 57 53 49 27 66 60 36 70 61 80 20 36 17 32 61 55 75 12 70 58 68 30 67 27 61 2 38 87 49 32 8 37 75 24 21 51 86 78 41 87 4 12 12 29 30 8 94 66 78 9 82 76 62 74 1 34 51 14 67 75 21 68 93 13 90 30 6 4 90 28 78 15 52 76 5 15 37 53 65 23 63 5 7 59 33 99 81 1 85 46 13 55 12 34 54 30 32 100 
91 100 97 43 29 65 15 79 83 65 33 16 19 53 79 58 46 63 27 35 41 40 24 63 29 25 36 67 51 32 54 96 63 44 58 40 36 24 82 6 29 34 73 54 60 74 94 67 33 76 56 1 17 73 2 95 86 34 41 89 49 96 29 32 84 7 16 93 33 80 32 82 62 65 98 51 83 77 38 81 56 33 28 73 3 83 76 17 53 65 64 24 42 87 65 49 8 90 70 32 60 45 68 93 87 57 1 94 49 25 66 45 40 94 41 2 68 8 2 74 6 31 91 77 63 68 68 48 
50 59 10 3 14 64 51 22 3 81 44 92 22 2 12 38 14 86 44 82 64 8 64 60 18 77 69 5 16 21 93 28 92 13 1 88 82 1 87 83 9 51 39 2 44 23 89 9 1 80 71 84 30 47 22 2 67 45 64 51 98 51 71 45 94 62 56 83 76 26 73 74 59 40 29 70 32 59 79 62 9 73 72 53 96 34 55 36 39 1 34 67 79 9 68 84 60 87 20 31 98 88 81 54 69 72 67 25 63 93 67 75 33 65 86 9 76 57 30 69 61 66 55 19 48 73 96 62 
88 71 6 50 94 51 99 10 29 42 75 71 53 89 17 29 75 54 78 11 72 37 35 29 53 46 17 22 91 20 9 4 5 91 58 58 7 5 22 48 71 40 76 36 57 24 55 47 13 55 73 91 18 15 24 92 93 47 70 62 90 72 51 5 100 61 42 8 52 25 34 47 36 1 55 13 48 80 1 40 54 10 71 12 47 25 15 11 27 29 26 54 74 74 14 59 49 76 86 63 89 40 26 55 21 37 53 8 91 97 80 84 48 16 62 82 83 56 36 27 38 74 36 31 24 59 93 39 
44 57 69 68 57 13 30 96 84 40 24 88 57 81 90 30 96 86 87 95 85 5 3 41 30 21 34 7 87 100 74 55 92 74 12 92 93 39 60 34 26 65 61 58 53 41 48 87 67 8 31 57 32 27 81 56 90 8 59 83 48 16 11 53 45 94 14 21 44 80 77 69 24 35 82 38 32 53 35 66 53 61 1 28 74 60 32 20 75 22 84 49 93 31 69 39 1 20 60 17 53 18 15 66 1 77 31 49 31 12 51 3 87 57 88 87 21 22 25 84 33 2 23 33 88 16 38 19 
49 58 35 73 74 25 34 99 33 7 42 85 64 28 81 62 49 53 41 18 51 6 71 57 89 24 60 16 35 47 36 9 11 91 44 59 21 45 30 41 48 33 9 70 45 66 9 24 83 53 6 24 76 12 26 50 26 79 15 69 93 36 91 19 69 71 49 18 66 71 14 46 10 36 29 92 92 48 6 29 20 71 14 34 82 50 77 82 27 83 18 95 65 96 6 76 87 20 45 36 100 58 92 64 27 79 32 37 29 48 5 18 6 97 65 39 76 33 89 85 1 3 95 92 32 44 58 5 
9 22 97 73 70 77 72 47 84 23 21 92 41 55 92 43 16 81 99 33 68 39 94 35 93 17 22 9 48 21 58 74 12 46 57 22 36 29 4 79 42 88 98 32 100 45 90 23 31 17 75 100 54 33 97 33 5 82 91 24 27 63 15 82 7 45 7 11 17 28 80 3 12 31 62 35 66 3 19 27 15 61 64 74 72 20 77 40 64 77 77 61 85 87 58 90 88 55 96 57 41 54 92 14 19 35 5 94 35 52 28 19 74 1 1 95 33 59 28 31 38 83 83 44 13 18 70 44 
31 42 91 38 38 99 57 68 34 17 20 17 96 77 25 97 55 73 33 63 53 83 85 21 52 36 27 42 27 66 96 50 6 25 56 33 34 80 62 8 10 97 32 81 12 95 53 94 39 96 64 51 35 14 58 93 47 33 74 11 93 87 33 24 49 49 93 99 62 63 66 65 29 64 62 90 47 74 95 48 33 94 89 41 83 92 40 84 14 60 44 57 1 92 18 8 22 75 15 60 75 63 10 34 60 91 49 27 25 76 74 45 30 52 17 34 50 63 73 64 32 11 24 27 5 35 63 38 
27 50 80 2 50 87 68 15 29 32 60 58 75 19 21 13 73 80 60 17 49 40 21 24 89 29 82 8 19 70 7 89 92 44 73 18 7 46 26 11 63 22 47 84 23 67 85 32 93 7 38 1 51 33 88 14 90 44 54 88 23 44 89 34 71 96 39 92 18 94 18 23 7 11 6 19 27 18 99 83 17 16 28 7 23 31 72 45 40 56 12 17 96 71 58 1 85 31 26 45 28 98 15 50 60 56 19 67 94 36 1 48 10 99 13 22 58 66 59 57 13 14 78 46 12 11 92 23 
14 75 17 61 1 89 1 99 52 68 57 87 35 75 61 11 65 23 48 13 35 74 51 87 86 22 35 70 11 77 87 94 52 19 8 23 78 34 12 24 62 66 65 80 93 79 31 64 60 73 8 18 9 55 12 99 52 23 70 48 56 47 34 40 75 94 73 77 25 69 15 75 53 93 27 89 69 37 92 6 32 71 34 23 85 59 10 95 78 44 7 85 3 75 72 62 33 91 82 8 96 22 6 85 8 63 25 87 91 26 91 71 5 58 30 61 54 10 48 57 29 41 46 83 30 48 30 88 
17 96 19 1 31 3 81 66 52 25 58 63 74 6 82 62 26 3 16 36 57 95 45 14 83 55 74 74 41 12 2 36 27 86 4 10 67 84 19 26 5 16 24 63 62 52 81 12 26 63 44 83 96 84 73 6 65 19 90 11 41 39 25 33 66 83 19 15 8 54 63 62 35 81 46 15 75 88 42 66 10 58 16 60 91 15 15 89 87 17 91 72 61 75 55 74 51 29 26 10 72 37 97 75 11 88 13 3 14 58 1 30 42 18 83 89 50 20 91 25 97 66 14 41 68 69 57 55 
75 88 81 73 28 5 33 14 71 27 58 55 86 42 73 32 7 17 10 86 18 5 12 75 59 59 95 39 43 61 36 15 52 35 18 20 39 91 52 62 55 7 69 27 75 42 74 99 16 64 30 83 66 93 50 95 72 25 97 33 47 95 91 51 74 31 95 97 45 78 47 63 67 83 69 81 92 84 57 20 26 34 73 24 97 64 18 48 79 43 42 33 98 1 49 58 16 2 15 33 28 28 98 83 34 30 100 70 70 16 40 47 11 78 89 75 18 93 84 17 28 72 79 40 14 74 8 22 
96 6 17 81 46 92 59 7 72 1 23 76 95 100 32 97 99 27 59 63 82 92 49 37 83 40 79 90 8 41 8 96 8 3 9 44 39 5 7 21 34 35 78 85 72 11 70 36 98 18 70 68 14 20 84 41 64 31 67 3 29 35 2 70 90 58 51 13 78 35 14 22 70 10 20 23 71 77 98 89 93 85 9 95 11 11 59 87 71 83 53 2 5 30 65 63 65 80 39 32 100 63 79 33 50 10 2 29 27 4 10 79 78 77 75 79 81 69 22 37 92 68 50 39 41 8 51 35 
68 52 100 44 40 75 97 62 64 86 64 27 100 76 95 72 8 92 52 54 81 80 74 21 59 47 41 63 56 81 21 66 59 35 32 45 49 98 77 29 64 21 100 31 12 4 30 57 9 80 79 71 68 71 76 79 61 41 58 53 3 37 36 60 24 41 93 54 19 54 87 32 35 47 65 56 48 79 77 36 50 23 43 77 45 65 74 3 69 78 68 3 96 87 10 49 30 16 9 15 10 10 25 1 32 82 92 93 19 25 54 2 44 48 88 47 84 41 79 87 72 55 28 51 18 65 60 62 
28 42 29 4 56 36 26 54 87 76 11 83 59 53 31 92 26 6 26 66 28 54 54 86 47 65 28 76 43 7 91 34 8 17 78 98 22 39 80 4 53 1 63 27 17 7 45 46 27 37 10 11 14 87 19 31 7 57 56 75 28 44 33 90 24 64 22 60 10 89 91 88 37 49 96 63 42 67 11 19 7 30 43 42 35 65 67 71 93 46 30 91 49 83 17 22 99 66 75 58 71 99 8 30 63 61 59 67 8 1 63 30 22 12 76 75 13 78 6 54 16 22 90 64 77 86 61 73 
26 10 13 24 82 88 55 72 22 75 84 37 36 78 32 2 92 77 16 75 39 73 56 68 95 52 67 41 50 98 60 37 7 7 69 68 23 70 86 1 59 49 8 36 2 18 24 75 61 91 48 87 44 94 72 37 92 37 27 70 64 67 11 14 25 75 72 42 99 45 59 97 57 6 69 79 19 52 94 80 27 34 31 86 54 72 53 30 39 34 3 78 72 3 4 83 44 100 71 84 33 46 61 44 64 15 41 63 74 49 92 1 49 98 39 21 93 69 79 14 43 99 14 45 76 81 51 71 
47 8 50 75 61 21 75 14 69 60 74 52 9 52 5 77 29 86 88 73 26 31 84 85 100 100 56 28 33 12 56 24 84 61 46 42 29 66 36 73 93 74 37 45 63 75 11 37 46 91 93 98 52 65 51 13 55 15 47 32 18 66 72 51 87 22 23 84 55 14 12 88 4 23 82 52 29 47 23 57 15 3 65 92 2 59 91 26 3 46 41 74 95 83 23 33 57 87 61 43 62 2 52 68 84 1 30 90 82 32 26 24 12 14 74 83 36 65 1 77 95 44 38 78 85 62 51 24 
75 4 25 55 90 87 27 3 94 26 62 68 82 95 96 72 42 82 10 85 63 94 11 25 90 47 41 100 73 35 89 60 5 44 53 80 44 73 54 72 30 46 71 6 72 95 5 2 89 63 33 81 100 79 48 70 84 64 65 31 73 27 48 97 100 87 93 22 38 68 98 60 55 72 78 30 22 22 60 45 53 84 2 89 41 84 9 52 95 16 66 53 7 36 57 51 11 19 97 15 73 84 19 39 95 21 76 37 57 25 64 29 56 12 8 72 84 84 34 33 11 12 11 35 29 30 53 70 
27 62 18 74 7 36 68 37 84 89 53 98 84 5 4 52 33 5 39 70 19 34 74 97 71 25 3 27 21 96 41 58 14 24 12 51 100 19 39 97 52 23 44 79 76 36 39 7 86 38 68 92 72 70 13 72 46 68 97 22 94 75 26 9 65 72 70 91 31 21 75 75 71 95 49 5 92 68 43 68 87 11 66 27 20 78 86 65 48 86 42 98 87 37 78 35 61 17 23 20 51 61 70 41 4 83 47 68 64 70 11 51 9 18 7 33 43 4 70 61 33 48 57 53 86 16 45 20 
79 12 95 10 72 81 81 19 7 79 78 56 58 66 42 91 91 95 32 77 73 3 30 14 63 75 32 80 5 53 19 10 87 97 53 28 7 2 41 36 92 75 65 19 86 67 1 11 33 50 98 98 92 68 92 72 97 47 80 23 50 68 78 40 63 7 87 90 20 31 60 96 5 17 7 60 82 35 15 99 80 85 39 87 20 50 1 61 42 19 41 77 56 41 43 17 41 51 46 38 40 42 68 61 78 36 79 41 88 24 8 84 32 54 20 35 43 82 16 62 30 77 47 93 75 58 44 30 
48 29 43 97 76 45 77 100 78 32 94 51 85 7 64 4 3 29 56 72 10 63 98 13 15 52 88 38 82 56 64 8 72 70 60 13 98 56 81 7 74 2 13 99 87 62 90 37 74 62 60 56 74 24 98 63 98 14 73 68 66 31 78 37 75 99 63 81 71 59 13 15 48 93 74 65 73 78 87 58 82 90 14 96 24 65 29 24 24 65 66 28 42 99 73 7 37 67 50 83 85 16 92 21 36 3 95 14 88 89 31 95 22 88 51 63 82 41 2 46 14 99 41 14 48 86 15 94 
100 100 67 44 10 41 34 69 63 31 1 10 94 59 69 100 95 80 4 88 96 71 78 38 97 96 89 12 20 56 37 65 98 26 86 78 99 16 73 54 77 56 58 39 71 23 51 12 65 82 98 19 66 49 88 46 95 6 62 26 13 17 96 95 79 21 72 44 54 86 4 1 38 29 27 58 97 26 66 79 3 25 23 56 72 15 71 59 82 40 89 33 92 88 70 18 82 39 95 24 19 97 84 56 48 31 65 68 47 7 54 11 48 1 32 55 1 87 28 22 41 21 54 26 68 21 42 53 
79 18 45 40 42 41 12 85 98 10 53 57 45 49 96 89 94 68 23 59 92 32 81 48 26 86 51 48 59 57 9 20 21 20 60 86 58 45 24 39 51 82 40 20 88 74 53 79 79 86 58 43 35 27 9 99 16 13 68 29 38 84 46 67 24 100 81 73 80 11 29 29 75 80 39 24 89 40 14 56 43 19 16 31 84 15 53 95 87 62 61 37 78 42 95 53 12 46 43 13 79 20 41 90 98 90 3 60 88 33 39 43 57 38 69 28 39 8 80 88 46 70 80 89 40 65 38 56 
96 96 89 15 56 13 27 33 64 18 62 37 79 15 82 78 1 8 22 4 80 40 16 98 55 16 51 43 84 22 49 1 40 6 13 25 3 15 61 17 75 80 67 9 15 97 100 2 64 10 60 8 99 43 12 4 82 29 19 79 59 8 19 89 25 98 79 6 52 50 92 70 53 48 63 90 59 61 77 61 39 96 62 45 98 97 3 45 15 91 96 66 46 41 10 98 3 73 88 66 58 84 14 87 45 23 29 55 79 21 4 70 63 43 95 100 96 90 88 34 94 29 30 79 69 91 18 80 
59 46 73 88 37 13 85 78 17 50 73 25 28 11 85 81 15 74 36 47 32 74 20 61 25 77 47 89 53 60 50 24 63 7 57 74 92 6 79 96 63 94 63 71 82 49 82 61 86 98 6 60 45 48 69 9 76 33 8 26 98 12 24 61 74 25 68 34 20 5 55 27 6 45 100 13 69 12 59 91 17 70 77 91 3 96 48 96 44 28 47 79 95 31 10 25 37 66 93 42 14 75 85 3 13 83 15 71 78 100 48 47 45 72 97 11 85 28 5 82 52 90 60 32 63 64 76 43 
1 81 55 55 73 26 36 85 42 42 95 83 96 27 37 76 84 87 14 18 38 33 18 40 58 97 88 47 85 49 63 30 24 1 31 68 46 16 84 9 44 57 96 91 37 54 85 41 3 39 5 62 89 90 5 50 58 83 26 52 87 98 11 7 98 46 9 74 74 74 81 72 74 93 15 37 75 80 71 36 75 20 5 8 28 25 27 35 38 26 76 93 93 96 80 68 90 40 31 66 86 18 21 3 91 10 69 97 11 22 3 6 2 39 98 4 98 52 23 16 87 6 44 70 49 43 77 20 
50 84 15 3 89 61 47 59 60 58 49 47 10 86 14 51 99 2 36 100 93 100 21 45 78 30 36 30 87 5 53 58 78 83 38 45 78 20 58 17 46 67 48 84 99 98 18 93 43 8 51 92 98 7 57 70 3 90 35 48 35 22 1 69 65 86 78 62 32 83 50 65 90 4 21 68 55 97 39 51 91 57 25 16 12 84 39 54 16 89 87 40 73 95 79 59 28 10 27 85 55 20 93 75 12 71 59 29 10 50 19 46 48 92 97 84 35 87 37 42 73 31 74 66 34 38 19 6 
100 95 50 46 13 11 73 95 81 87 87 79 64 51 51 2 44 47 82 88 99 91 29 78 43 87 93 48 72 91 5 68 67 92 82 82 61 44 24 82 7 90 15 84 9 1 35 55 30 94 97 60 71 8 61 6 30 2 61 64 8 87 63 56 32 76 33 82 71 3 7 75 1 10 92 72 64 58 89 8 77 13 64 9 76 86 25 82 85 49 40 16 13 40 13 47 25 48 70 37 48 67 32 98 34 24 89 34 9 63 66 37 90 75 61 48 48 63 98 15 64 83 54 43 53 89 55 11 
35 93 37 33 55 100 28 56 26 45 13 53 95 89 37 74 57 29 28 72 37 66 67 77 79 25 55 83 29 6 61 50 12 86 83 89 36 52 3 44 50 24 52 69 75 75 22 39 43 31 33 88 51 5 54 11 82 80 96 9 8 13 36 74 67 41 46 76 81 37 16 64 63 92 96 47 53 59 11 96 74 71 42 80 92 12 3 10 68 60 61 43 38 58 98 77 21 53 63 23 80 22 99 27 2 86 20 39 51 74 47 75 67 69 37 10 10 10 3 22 19 83 20 17 6 19 52 27 
8 21 20 86 64 50 21 96 80 96 19 95 59 67 90 57 51 73 73 84 11 31 65 71 76 7 37 59 14 6 13 44 32 94 54 92 90 46 70 93 33 27 10 97 67 22 26 38 87 36 93 56 26 87 87 6 85 15 61 24 54 74 62 93 33 11 11 95 44 58 58 69 100 59 66 64 91 59 33 57 14 1 97 75 32 60 43 88 55 99 25 59 64 62 78 53 57 65 22 56 40 58 27 10 45 7 27 44 65 84 19 93 6 49 16 51 19 19 73 61 82 89 24 82 18 56 87 17 
97 66 36 11 83 5 87 85 38 67 58 85 14 60 66 8 37 78 56 70 85 70 36 67 53 56 16 100 8 95 28 29 1 23 95 89 25 64 48 63 99 88 13 89 66 62 55 99 65 55 96 75 93 81 53 60 33 42 86 44 53 55 55 60 77 32 86 93 55 36 95 43 62 13 34 85 57 99 10 36 19 4 51 18 5 31 57 63 63 48 80 35 71 52 26 66 98 57 6 6 95 22 90 9 27 90 40 27 15 68 63 47 25 89 70 61 33 15 25 94 40 6 28 45 53 64 47 93 
58 97 38 60 52 91 31 20 23 75 53 55 57 1 37 25 15 77 60 27 2 37 88 31 48 21 49 80 70 56 73 10 3 37 73 44 73 22 25 90 91 97 86 68 97 60 36 76 23 5 72 93 90 10 57 42 42 76 29 80 49 10 98 84 16 60 49 86 54 48 79 22 30 72 75 26 87 70 69 73 35 18 64 43 72 14 98 58 58 73 26 32 81 78 92 53 8 23 86 35 30 59 98 11 80 68 18 80 40 35 41 47 7 36 15 42 90 88 33 18 25 66 23 98 68 24 8 12 
96 28 32 99 85 60 91 28 55 59 33 27 82 90 59 15 88 7 47 26 3 79 84 18 68 65 20 52 13 19 95 85 30 41 100 74 35 79 63 30 20 28 96 56 88 32 98 78 81 26 13 37 26 57 98 30 62 9 60 91 26 74 70 20 80 56 97 96 76 31 15 94 59 19 79 89 88 81 63 100 82 84 19 33 72 28 55 28 48 31 94 25 62 31 73 87 32 7 55 26 77 3 94 54 73 6 100 59 40 53 33 71 78 92 70 89 4 63 48 51 74 42 55 92 84 24 56 11 
95 93 94 76 50 13 9 56 75 62 26 35 56 98 41 71 27 64 67 84 11 96 43 99 71 40 4 60 65 72 64 36 3 36 67 40 48 79 55 45 46 1 53 67 92 73 91 66 100 24 66 88 51 21 17 25 43 13 29 73 8 44 26 76 23 28 26 97 5 12 39 34 17 22 55 15 47 27 49 69 73 3 78 30 19 12 48 80 5 86 81 67 49 63 90 54 81 5 72 30 63 32 32 50 74 18 9 60 15 52 94 58 84 100 49 47 7 63 43 70 45 10 29 67 3 77 66 88 
70 45 64 19 78 83 78 7 8 64 66 95 70 31 54 49 33 46 71 11 18 53 72 71 42 26 39 83 37 71 81 3 57 39 29 77 8 49 54 32 76 82 99 75 87 36 97 59 10 30 7 15 9 39 72 40 99 41 77 59 85 50 79 39 71 89 15 67 20 24 33 82 73 82 56 68 31 6 97 88 37 39 5 16 9 84 72 24 82 16 40 50 3 47 19 39 64 98 78 67 96 65 64 92 17 70 76 43 76 21 48 16 2 24 47 69 79 98 28 3 11 48 16 66 96 31 45 79 
8 30 27 95 77 66 36 8 33 1 53 8 96 22 8 46 37 65 19 23 4 4 6 4 7 41 71 4 6 24 6 91 60 66 92 34 53 69 40 93 66 84 54 22 29 77 17 38 14 91 11 57 60 18 39 42 90 62 98 94 91 43 87 28 68 74 22 24 96 36 8 25 24 44 42 95 8 2 71 81 89 92 18 33 25 96 43 51 63 52 21 75 30 50 24 47 96 98 8 66 97 50 98 72 32 67 55 37 32 100 42 75 48 25 78 98 63 53 26 31 78 93 5 57 9 11 70 56 
33 5 39 79 67 68 69 68 62 24 83 6 100 44 95 12 91 79 24 74 50 23 91 61 18 3 92 47 42 23 12 64 21 94 9 5 18 98 29 71 26 10 24 8 21 73 74 32 73 34 56 96 86 66 66 40 1 24 87 91 43 85 80 76 33 15 10 67 96 75 92 43 53 51 31 96 23 81 10 31 23 74 3 40 9 93 4 91 23 64 36 43 83 69 27 42 57 17 18 43 68 72 25 17 72 88 94 92 93 21 42 93 57 7 63 72 91 24 54 12 56 82 79 43 98 100 68 53 
63 41 59 64 29 52 66 55 31 59 53 69 39 99 9 4 19 25 60 4 27 81 92 8 21 92 42 96 2 33 84 63 73 79 92 38 99 42 52 26 25 9 76 63 32 13 13 6 82 58 72 4 5 93 19 3 80 26 5 22 12 30 60 35 45 47 7 10 37 78 71 37 8 93 96 14 29 80 41 78 18 3 81 66 85 81 46 74 4 97 80 45 19 40 12 27 25 92 4 7 73 12 95 53 33 53 100 52 39 22 100 66 14 84 64 28 8 2 64 51 77 89 39 73 13 11 43 46 
60 48 88 74 19 85 5 5 92 95 87 70 90 60 90 16 63 65 70 65 3 92 57 76 40 78 31 58 55 52 38 48 25 45 26 81 27 98 84 13 58 11 88 24 25 64 39 12 25 30 28 52 89 1 9 95 81 18 4 63 23 83 25 84 39 23 53 62 40 91 12 17 93 47 18 55 22 33 69 30 1 9 51 97 17 23 8 40 97 6 76 73 78 52 58 88 47 54 56 40 72 21 43 57 89 12 52 2 97 74 93 39 23 2 78 50 94 100 8 77 94 27 8 96 17 70 40 94 
33 43 70 18 59 47 93 21 49 5 93 1 1 90 58 86 21 36 30 75 99 77 78 36 41 13 4 20 55 77 42 59 85 11 65 72 91 91 61 100 68 13 86 37 10 50 36 61 38 29 80 41 26 32 6 43 80 91 61 95 9 17 35 25 67 43 71 78 72 78 66 98 48 89 99 26 56 72 73 81 73 22 27 42 62 95 60 11 57 81 91 88 8 43 48 13 85 44 4 22 3 4 10 74 30 85 37 77 86 11 54 30 64 92 57 87 76 60 42 50 45 21 43 53 71 44 47 37 
98 53 22 75 1 28 45 70 66 69 91 32 34 85 13 86 60 96 79 97 62 69 100 64 79 91 24 64 48 88 83 24 9 99 57 81 19 47 50 24 3 14 49 12 57 12 1 40 56 82 72 5 9 32 93 59 65 19 93 82 43 47 7 91 55 18 69 73 87 77 29 5 14 81 85 18 1 17 89 88 91 96 16 82 26 49 96 87 83 71 49 62 30 7 18 49 90 54 63 23 64 80 9 62 91 26 43 78 75 39 47 3 64 61 16 13 59 99 8 67 50 80 98 4 60 46 82 16 
45 34 22 28 29 71 42 68 85 62 11 83 100 61 20 31 12 24 37 95 41 27 49 77 68 21 23 10 94 66 51 21 91 40 30 61 87 29 88 72 98 80 94 16 88 77 32 85 74 94 100 65 92 66 46 64 36 100 76 48 95 1 55 70 94 78 37 16 94 44 41 40 59 62 5 44 100 99 5 33 4 52 38 86 29 33 5 21 86 20 68 100 54 65 31 53 74 19 29 63 35 28 76 16 47 65 19 9 5 72 64 27 83 13 23 43 39 92 81 68 97 61 26 85 95 21 26 36 
71 53 52 74 26 71 88 4 89 9 7 83 76 15 95 27 66 63 61 89 8 74 97 45 81 59 9 9 97 62 43 6 73 78 18 55 64 31 80 19 29 49 64 13 78 12 53 56 54 73 70 18 6 47 43 68 97 30 48 76 1 11 28 16 78 11 48 48 72 46 25 55 76 72 61 31 35 68 5 66 77 77 82 54 87 62 71 17 75 63 99 99 75 53 38 61 36 70 97 45 40 95 52 50 82 73 5 94 22 37 27 97 21 17 46 98 76 43 39 68 95 12 40 98 94 41 61 8 
36 31 18 5 39 83 46 88 63 28 91 8 71 4 96 39 93 33 25 23 11 43 19 79 46 76 79 92 22 89 30 81 69 8 28 65 2 66 54 21 96 98 91 37 60 55 3 47 42 79 94 90 22 91 76 82 29 62 86 3 79 15 51 55 69 69 16 82 7 6 12 60 68 56 9 69 69 79 64 50 10 12 14 90 37 83 61 89 48 83 40 37 98 49 83 98 35 9 52 7 58 88 53 73 61 61 98 49 88 40 98 31 54 87 60 98 62 92 2 41 9 39 40 72 4 21 15 75 
11 12 18 17 28 58 85 13 72 77 52 78 81 90 76 69 3 93 42 4 32 100 8 33 20 6 100 90 7 44 56 29 42 82 92 95 4 49 39 9 70 73 57 25 83 86 63 12 80 27 3 66 16 79 58 99 97 54 76 90 34 98 22 41 5 85 12 59 80 73 11 80 66 51 2 89 74 88 65 11 41 61 96 56 82 20 39 28 3 64 93 33 19 8 33 11 30 54 49 27 96 48 71 18 55 78 34 85 67 52 5 8 92 100 37 60 66 66 25 37 12 53 62 99 85 14 24 82 
25 89 12 20 93 85 16 52 66 69 18 100 6 23 43 53 83 67 82 59 71 78 13 80 67 96 33 17 49 78 57 16 96 100 86 38 52 91 55 28 14 76 54 2 59 71 12 24 1 75 18 68 52 94 25 86 75 9 61 74 10 4 74 75 8 68 28 13 86 70 8 47 75 6 75 100 25 4 61 55 54 39 39 40 94 71 13 53 80 8 85 62 47 8 71 44 59 31 97 20 24 65 14 20 51 41 67 58 40 47 15 42 28 100 2 92 73 71 75 46 23 71 49 37 79 53 33 47 
90 72 47 32 66 33 16 41 29 44 46 25 12 72 29 26 84 82 41 58 60 5 25 17 97 56 24 43 35 36 8 62 30 55 3 11 6 89 38 6 57 97 99 92 79 99 20 84 85 7 56 95 100 40 55 48 84 28 83 85 64 37 72 10 49 27 3 73 76 79 60 25 100 17 12 5 8 94 71 51 6 96 80 37 85 1 35 4 3 74 68 46 5 53 84 88 36 94 7 42 2 91 97 77 54 39 37 50 88 51 27 16 88 21 59 70 97 41 9 51 56 80 63 8 71 49 37 6 
16 29 75 86 31 54 98 7 57 45 6 69 50 70 3 39 11 48 69 69 78 43 28 57 1 22 84 12 61 68 5 39 77 87 37 43 39 5 77 7 67 20 56 17 78 41 49 71 79 36 25 80 87 1 66 10 11 9 58 84 2 12 75 53 40 65 77 40 24 36 36 91 42 93 47 66 90 31 64 81 84 55 2 97 54 69 5 31 40 85 26 2 61 87 85 10 44 73 85 75 78 72 38 13 62 7 95 26 52 47 83 86 90 22 85 34 38 31 92 7 53 32 13 75 3 92 52 17 
46 49 12 92 4 15 53 64 18 51 13 94 99 49 39 93 61 32 2 48 18 7 16 23 42 30 48 70 12 87 8 77 79 76 44 86 76 90 93 8 64 88 73 11 82 69 4 27 36 76 32 23 22 60 50 85 58 53 31 91 92 28 57 50 45 19 99 4 35 1 54 2 92 80 67 29 67 16 63 31 100 13 19 38 1 42 87 26 22 52 46 84 15 81 3 35 83 87 52 85 33 29 39 28 37 23 88 88 67 41 27 97 27 12 22 55 30 28 62 89 51 90 63 45 49 59 7 93 
13 54 67 55 21 46 22 35 87 29 55 14 64 97 10 41 78 63 25 8 42 73 67 18 49 83 88 96 39 43 25 52 4 37 44 65 29 44 26 22 72 64 4 74 81 37 32 61 84 67 97 61 56 78 51 2 27 60 41 83 63 76 1 27 40 90 89 30 54 84 97 15 91 33 59 35 35 26 72 32 68 11 54 79 95 15 62 27 1 30 38 56 5 68 78 45 10 2 12 57 97 2 60 36 16 29 22 74 27 70 19 60 17 19 60 75 87 16 38 48 92 30 32 2 53 62 48 24 
37 33 49 49 61 28 99 19 68 16 39 67 32 93 65 30 92 68 16 56 37 96 14 82 17 73 88 16 43 31 97 44 26 17 29 84 23 1 78 2 88 21 50 93 66 38 1 26 32 41 19 85 61 39 40 90 85 67 3 60 51 73 7 70 32 23 4 62 3 80 36 77 90 96 70 10 28 27 53 100 90 65 41 63 25 64 96 72 8 37 7 20 46 28 14 35 90 60 6 35 82 31 42 82 67 97 40 98 75 15 72 7 73 29 19 48 91 42 70 93 14 100 1 77 80 49 48 48 
49 56 87 89 33 68 52 93 61 70 78 80 35 10 4 35 90 58 22 13 65 6 75 22 7 9 67 38 81 9 88 84 93 40 11 65 79 78 36 93 79 74 58 56 56 71 73 41 4 53 46 2 72 43 79 41 95 95 5 48 45 57 25 43 38 80 89 51 57 31 87 17 86 24 6 5 85 46 15 74 30 63 12 5 1 31 76 34 39 72 59 44 6 95 19 61 23 12 17 20 14 20 96 93 52 95 99 40 38 95 8 88 63 97 59 28 53 46 99 70 21 3 43 29 54 74 42 96 
54 39 72 56 35 86 25 63 7 35 86 37 86 64 77 5 40 71 63 1 48 53 73 45 81 62 93 46 12 73 91 5 17 48 38 56 68 100 17 65 39 59 65 71 89 7 71 36 97 47 22 72 32 76 69 63 72 40 83 50 69 86 22 98 10 89 30 29 15 40 50 41 6 54 10 14 47 5 7 3 93 60 89 9 91 10 13 95 93 81 61 85 11 11 54 97 97 75 96 18 46 16 18 60 16 39 93 68 31 11 49 26 85 13 31 14 67 100 90 45 9 81 49 90 4 27 13 74 
15 89 8 27 72 99 15 93 60 100 60 11 74 10 56 79 91 99 85 53 17 75 78 92 99 6 45 60 17 33 71 37 23 54 16 93 98 21 61 30 35 68 54 35 3 5 36 23 4 13 22 99 77 22 60 81 11 13 75 60 58 95 40 16 67 19 51 39 7 27 75 100 4 46 98 24 46 86 64 93 19 85 64 54 15 58 95 52 2 88 82 22 25 88 76 52 89 38 96 54 81 42 44 68 85 95 42 7 44 35 23 18 92 22 26 66 99 32 60 79 31 69 34 34 64 14 3 30 
87 5 6 82 30 81 25 63 97 10 92 32 75 80 29 30 37 2 56 91 51 19 13 77 15 5 21 39 18 36 30 95 11 87 50 51 95 78 49 7 44 39 26 16 17 99 38 30 83 86 93 98 22 93 64 83 69 41 59 53 28 36 50 79 55 93 45 6 75 6 77 59 74 14 41 17 65 83 12 55 8 11 1 44 28 52 5 2 60 50 80 30 40 82 60 99 89 28 84 47 12 44 65 96 53 1 15 55 89 97 22 61 6 73 59 91 64 5 36 22 93 97 91 81 21 19 71 2 
27 66 42 84 80 77 28 22 57 24 31 51 31 2 48 47 45 62 39 27 81 75 34 77 29 28 27 16 90 40 24 29 35 42 94 36 100 17 59 76 85 98 19 16 88 20 29 49 48 93 70 90 41 13 48 57 33 96 49 62 59 73 61 62 9 42 15 100 30 12 65 84 80 54 1 40 63 34 1 66 54 6 19 82 30 22 26 35 16 75 99 70 61 85 15 71 94 4 38 34 51 87 27 80 69 77 9 73 61 36 35 48 88 11 49 18 93 26 99 64 69 100 99 70 47 79 70 4 
4 97 25 22 5 27 28 50 55 84 30 2 67 70 32 32 23 83 81 100 35 14 40 40 87 77 58 25 14 26 21 23 14 57 46 24 100 78 51 43 37 94 87 59 72 15 80 22 100 66 48 69 45 75 64 55 20 35 44 13 98 12 96 90 98 93 7 44 42 85 43 52 7 10 32 37 21 35 24 4 80 81 32 76 8 52 97 89 51 12 5 72 36 50 74 26 49 76 58 12 78 14 5 93 20 84 60 94 42 76 7 78 32 2 49 2 6 86 50 32 86 64 76 2 82 33 84 55 
76 43 74 49 58 98 27 23 1 9 77 91 12 39 48 68 8 39 62 56 32 38 5 88 32 32 32 12 72 95 23 78 93 26 98 9 88 69 85 78 35 94 53 92 78 61 29 66 6 92 34 61 47 50 62 15 58 40 76 30 90 54 47 32 50 72 76 39 32 18 55 42 23 31 89 12 51 58 51 61 60 54 11 36 29 3 36 89 90 36 2 62 95 23 75 10 78 45 93 78 24 44 62 9 54 92 75 36 73 13 97 71 27 13 100 19 67 63 11 75 8 72 50 76 95 30 68 91 
59 50 1 11 19 41 86 59 91 71 91 26 49 15 25 79 94 82 41 47 59 39 94 43 43 4 61 36 28 59 17 99 52 58 18 32 10 80 13 65 77 1 41 24 74 65 1 25 17 51 70 86 23 39 87 53 37 81 29 33 19 72 40 20 5 29 38 31 86 36 83 25 100 51 50 4 22 95 95 66 82 96 53 24 87 66 32 2 3 8 13 74 76 93 66 16 100 64 95 57 64 46 42 39 60 82 38 68 3 24 11 19 99 25 62 31 49 40 38 2 43 31 4 69 51 20 98 35 
37 76 84 60 2 47 33 5 53 49 43 42 80 12 10 65 21 43 54 61 100 87 85 82 69 4 83 31 2 36 74 85 36 49 92 11 24 86 38 54 76 25 21 63 41 17 98 11 3 53 18 26 25 64 33 28 88 80 43 91 66 43 88 22 12 33 73 76 98 10 31 4 82 12 76 3 44 1 56 98 60 88 88 11 18 72 8 9 23 32 97 32 81 80 15 33 75 14 96 89 100 57 51 34 36 15 97 24 7 44 4 67 51 70 19 69 97 2 18 18 14 91 58 87 57 64 41 91 
31 29 47 61 21 71 65 29 4 91 30 32 39 4 2 48 1 68 30 91 8 68 8 62 24 100 78 68 78 90 4 16 85 83 67 58 50 49 54 45 49 72 7 65 50 80 32 46 44 52 22 18 28 81 76 50 28 5 77 39 80 90 2 4 77 35 60 22 55 86 34 64 72 38 49 66 1 30 8 15 37 50 50 60 4 37 85 76 9 25 98 70 40 62 31 26 92 29 77 12 75 86 99 26 29 98 84 9 71 56 46 46 20 64 19 50 82 37 57 27 93 59 36 81 32 66 68 9 
15 32 42 45 22 65 6 88 92 61 70 44 88 23 46 1 69 83 14 15 59 30 39 93 34 91 99 17 31 15 44 90 83 70 30 96 1 44 64 80 83 39 51 56 73 45 74 47 50 30 30 12 82 8 83 77 23 72 1 10 66 32 18 59 20 25 48 57 95 70 10 7 82 40 22 46 70 76 4 36 36 29 2 48 62 92 83 37 8 35 93 46 82 40 11 19 63 49 49 64 27 76 32 4 53 49 98 60 43 93 80 26 95 15 63 26 34 78 58 2 43 23 6 17 14 6 81 80 
69 5 64 4 42 22 18 99 97 12 58 84 13 13 3 31 24 85 69 30 21 56 28 84 8 92 70 34 67 65 23 15 39 36 18 95 53 48 48 23 96 94 63 74 72 49 75 42 82 95 87 50 85 27 14 36 53 38 33 63 89 54 46 51 83 56 74 11 18 14 21 69 53 43 28 1 97 28 74 45 39 30 94 94 36 12 21 33 70 100 23 30 13 73 19 85 42 65 11 6 68 68 76 34 67 76 73 33 37 21 44 82 60 48 47 51 70 27 34 58 20 85 9 36 67 41 17 80 
12 30 90 34 2 20 2 39 93 28 9 3 76 58 36 44 57 7 83 76 22 65 53 97 2 37 44 29 65 40 46 62 96 23 64 63 68 48 14 31 89 51 84 54 20 54 94 14 16 47 100 12 83 82 42 1 3 93 76 32 24 32 50 53 76 26 82 98 77 36 45 44 97 12 28 8 35 16 75 65 26 93 74 1 18 47 97 91 51 20 21 40 83 45 89 97 82 94 100 39 90 55 23 22 81 18 6 93 93 38 57 36 26 66 94 87 77 49 59 51 52 36 78 86 42 79 43 42 
24 48 33 27 90 42 83 95 15 86 27 34 13 29 6 3 27 27 73 77 78 69 66 62 24 66 64 29 28 20 38 96 57 69 2 30 57 27 45 62 67 17 17 5 76 15 72 52 36 80 32 8 45 91 17 11 4 17 26 47 17 98 47 48 41 56 69 78 99 94 27 5 90 84 66 96 53 74 64 84 60 22 55 84 72 12 49 31 49 22 3 65 21 34 27 72 35 6 64 94 30 81 77 31 90 41 11 73 25 5 62 5 90 85 16 86 54 68 8 3 94 39 14 72 95 65 59 87 
95 68 22 4 7 90 92 53 57 48 58 87 73 69 97 59 73 28 59 47 99 47 24 89 12 99 65 25 26 47 29 27 19 75 97 75 39 89 29 88 45 25 42 80 74 28 4 99 29 91 37 21 79 40 74 88 57 34 29 14 2 89 73 73 87 24 97 5 9 83 58 77 18 81 8 73 39 73 37 14 83 46 56 81 49 96 86 54 66 94 38 7 10 2 30 27 98 24 81 54 2 7 63 25 15 89 33 73 4 48 12 34 19 44 6 33 14 33 79 55 67 76 81 90 52 92 33 29 
14 5 21 2 27 76 33 37 6 36 28 79 92 10 33 64 9 94 48 63 17 13 43 73 6 37 3 95 95 18 78 33 25 80 75 3 69 36 44 42 3 61 50 2 1 30 50 33 77 27 16 63 70 85 98 61 72 10 97 93 15 66 64 94 79 19 53 69 81 41 87 98 24 82 50 60 32 49 70 53 78 45 67 75 48 24 49 79 11 54 99 36 35 17 16 15 65 94 83 94 68 64 74 65 20 86 16 4 99 72 29 96 23 40 18 9 52 43 15 79 27 69 95 16 77 19 36 66 
85 50 13 34 53 31 90 19 12 71 15 31 34 52 53 65 68 44 18 15 49 11 92 20 48 7 61 39 10 24 60 87 63 18 43 92 71 79 89 39 81 4 10 81 48 15 92 39 4 82 48 86 17 36 34 84 32 39 100 49 5 99 27 35 61 24 23 29 72 72 96 7 50 80 10 17 94 94 58 59 13 33 65 96 11 3 41 11 18 55 71 23 53 92 37 90 29 81 56 58 74 42 89 77 52 50 55 70 47 75 47 46 5 35 84 41 33 67 51 90 30 58 59 55 80 27 14 9 
85 100 73 42 71 66 88 36 66 32 31 97 16 90 53 83 7 62 92 10 58 91 6 93 30 12 90 72 38 66 97 83 9 5 20 6 99 39 46 71 38 3 8 13 80 92 52 88 87 35 58 89 25 23 57 8 98 8 55 39 49 87 56 73 7 4 42 14 3 59 55 25 41 89 35 97 39 99 37 47 26 66 87 35 42 27 56 1 70 85 91 45 97 68 80 75 84 93 22 97 29 19 78 63 99 11 75 96 7 81 82 95 36 6 9 65 36 82 93 8 7 38 30 91 26 72 30 57 
100 84 24 85 83 89 48 38 87 44 15 58 87 88 26 44 61 49 73 66 30 36 13 71 54 35 19 19 99 26 72 8 59 22 80 12 30 22 53 12 34 17 60 20 50 85 18 45 42 1 100 30 95 13 63 27 95 62 17 26 24 42 2 20 25 52 43 2 73 10 62 79 3 71 18 67 11 1 93 21 47 9 78 83 56 23 53 94 24 48 73 100 74 10 22 43 62 97 70 3 85 36 90 9 52 36 79 71 56 67 64 85 69 30 55 51 58 72 86 51 87 30 43 56 79 62 84 6 
23 98 24 80 28 88 45 63 96 11 94 93 79 76 87 76 60 17 17 85 87 40 18 16 12 17 17 47 72 72 53 44 17 37 45 48 100 84 91 6 81 84 69 87 84 39 47 19 9 24 26 40 62 71 43 16 95 25 71 66 40 55 14 19 60 86 49 74 35 54 11 35 64 43 32 96 42 15 49 31 22 37 57 38 42 84 5 18 74 53 47 11 7 77 30 50 16 15 53 31 61 1 88 10 65 71 13 98 24 99 44 46 81 28 65 82 59 20 49 98 50 24 75 54 32 97 49 61 
27 60 2 91 41 98 75 35 63 9 41 51 52 29 87 84 14 34 61 11 89 6 9 27 43 72 32 30 34 41 1 5 13 79 44 23 32 80 14 36 85 46 83 81 72 5 72 83 63 45 86 79 99 72 71 29 11 100 36 58 86 43 8 26 66 57 51 21 19 86 98 9 24 54 2 63 33 52 61 97 22 43 95 69 90 17 89 63 17 24 44 96 67 65 50 59 12 2 16 48 62 78 59 26 29 3 88 3 70 27 50 73 78 14 56 25 10 76 78 71 50 88 42 32 51 1 60 78 
29 83 55 57 20 43 24 47 8 72 58 62 68 2 88 33 74 72 15 95 43 92 57 11 62 36 66 16 20 84 59 95 9 44 55 40 58 36 66 23 33 44 76 4 66 3 7 24 61 30 9 21 55 7 21 61 91 52 54 84 55 86 71 89 92 54 68 69 59 55 97 8 75 25 91 61 35 50 81 60 50 90 88 96 3 68 40 57 84 97 9 16 7 77 65 42 96 7 77 15 62 82 91 95 77 16 38 52 16 26 87 75 26 93 60 51 75 79 66 44 13 57 78 63 53 78 39 36 
96 34 59 36 20 25 77 57 9 91 29 84 6 34 92 79 30 36 61 26 24 37 65 19 33 73 95 6 37 47 93 65 93 23 1 51 49 25 32 58 81 10 80 45 37 25 51 69 25 12 71 36 59 37 79 50 64 83 47 85 7 82 60 19 19 49 63 2 81 79 29 56 43 9 45 3 3 20 45 33 82 41 7 44 70 24 52 26 76 46 87 75 8 2 15 45 50 33 53 10 94 32 73 1 77 36 9 39 37 22 84 73 58 19 56 100 77 40 23 47 95 93 10 78 90 71 21 83 
49 74 33 2 20 47 22 30 89 45 52 96 90 71 88 81 58 86 18 5 22 28 57 82 61 84 48 37 31 26 43 61 87 25 92 59 34 4 93 61 72 8 89 17 60 19 99 31 72 49 71 22 93 32 80 32 71 10 6 2 64 14 46 80 43 8 25 38 99 18 47 96 52 50 92 17 30 98 1 93 75 78 55 10 61 38 81 9 84 32 38 71 62 58 41 8 98 27 38 85 76 75 78 55 99 36 83 63 71 39 93 65 24 38 2 30 35 96 13 86 68 93 17 55 62 11 7 21 
14 7 57 78 85 7 15 20 52 21 79 73 69 91 72 84 5 96 59 45 81 65 16 65 58 65 28 13 75 81 87 5 51 90 85 2 72 66 46 34 92 64 94 12 10 75 66 38 25 50 100 72 66 85 7 52 90 56 30 87 93 7 42 42 100 90 88 38 68 66 63 22 27 48 84 91 13 52 93 54 48 60 68 66 90 9 78 36 36 80 48 60 30 43 43 22 46 57 88 67 92 15 69 69 77 30 79 40 44 18 61 72 27 83 89 81 67 84 31 12 26 15 43 34 67 50 78 30 
9 66 6 3 62 13 23 99 33 58 46 30 66 82 35 16 98 33 48 92 2 55 10 57 50 16 86 29 3 26 58 32 79 33 27 59 49 10 57 80 50 30 11 12 29 48 34 94 38 52 57 33 87 17 19 29 8 59 93 89 54 91 20 51 32 54 21 41 76 71 77 68 42 95 56 52 30 24 32 70 46 61 41 72 69 38 62 33 61 33 6 46 70 11 28 21 5 58 74 46 1 2 7 84 92 94 55 28 88 8 84 77 18 34 52 41 97 40 56 22 92 25 15 32 36 97 35 44 
39 36 46 59 12 67 69 23 20 48 16 69 5 86 84 31 14 52 87 73 56 29 21 25 57 2 97 23 55 42 22 17 67 88 72 29 71 2 77 44 11 87 52 62 60 74 78 36 83 49 81 92 35 77 100 36 63 88 15 37 53 52 71 25 89 65 94 77 58 71 97 89 66 31 73 12 62 9 1 1 82 86 76 92 86 91 8 99 13 46 70 41 76 18 25 72 41 24 42 50 8 53 28 22 77 62 89 17 59 47 83 50 61 100 65 72 8 24 92 94 100 14 41 76 77 22 55 12 
19 92 38 17 4 57 66 1 63 100 85 19 83 83 99 18 59 65 71 28 51 51 90 8 13 70 40 65 46 8 69 34 22 67 25 62 62 91 87 76 11 100 82 59 59 39 72 95 89 58 28 80 16 54 43 23 90 56 89 36 51 43 64 83 54 69 47 26 84 7 28 81 83 43 51 99 58 9 96 42 63 98 63 58 15 13 100 93 7 69 96 46 13 44 38 86 83 63 47 8 34 36 30 56 48 52 26 51 97 2 58 81 53 72 22 33 85 77 70 37 11 23 3 76 87 38 100 36 
14 10 80 97 59 36 17 69 65 54 17 85 64 97 18 10 27 5 72 58 94 94 88 59 55 22 26 89 32 17 31 70 66 49 77 37 42 36 69 27 88 40 45 51 9 76 61 10 93 11 77 32 53 77 23 10 6 91 94 25 82 92 46 100 31 84 64 66 29 66 47 22 56 56 78 88 3 66 84 59 43 40 15 52 70 14 24 59 34 69 62 4 37 20 92 73 3 50 81 89 83 68 21 54 90 62 41 65 35 11 72 69 40 45 24 84 86 43 67 66 84 8 22 31 68 35 50 57 
66 47 30 55 3 30 15 2 11 66 19 82 39 60 20 42 88 47 59 7 1 11 99 95 53 50 63 32 22 29 32 22 18 82 3 87 39 43 48 57 93 46 56 24 21 86 26 88 93 74 69 69 38 22 17 55 42 25 82 59 33 4 99 9 31 88 42 66 78 90 59 19 81 24 54 65 19 60 39 69 82 10 19 30 72 35 82 53 31 53 60 86 56 71 12 20 91 24 5 99 56 22 14 3 65 53 59 89 74 64 83 30 22 20 89 27 90 83 98 77 19 99 12 37 23 33 100 93 
86 50 32 95 83 37 85 40 51 76 13 34 5 37 69 95 32 18 54 31 34 28 77 17 15 25 42 24 43 84 86 18 94 57 64 4 42 61 16 42 10 89 67 47 11 69 73 26 94 60 22 78 22 81 23 54 32 82 27 94 24 36 45 84 72 61 31 58 59 10 25 38 63 17 6 90 7 70 66 66 77 18 49 17 78 83 20 97 79 34 78 61 51 30 1 46 2 29 81 70 11 55 23 33 63 5 54 57 6 30 31 80 79 98 66 99 65 56 48 17 24 49 51 57 100 39 11 32 
48 44 87 20 54 15 30 94 70 14 42 46 65 50 30 48 42 10 43 77 37 91 31 1 53 12 79 69 21 82 83 47 10 75 94 38 51 12 12 33 89 5 87 51 47 82 72 20 100 78 22 78 83 67 59 30 56 87 41 40 66 100 39 32 53 25 20 42 79 16 56 86 64 11 52 5 22 57 63 16 92 7 61 40 21 57 98 12 27 45 63 23 94 11 93 52 95 54 81 92 23 28 98 30 100 32 99 24 63 52 86 81 71 27 67 83 3 91 39 1 36 45 83 20 71 64 22 56 
14 91 13 2 45 86 2 10 1 27 49 91 6 74 22 49 10 85 84 13 83 37 94 50 35 6 94 57 50 48 33 34 68 37 42 74 27 9 41 66 66 71 31 75 20 77 26 10 43 57 81 42 41 77 8 99 36 61 100 37 100 87 27 98 92 94 35 63 40 40 87 99 31 61 43 46 78 11 89 15 76 43 77 9 89 69 58 86 91 3 18 13 12 28 97 42 16 73 79 90 53 13 86 79 23 96 57 88 96 98 69 97 66 86 22 32 51 38 13 24 60 90 33 70 86 90 25 93 
61 1 13 20 55 25 62 31 69 88 11 90 58 25 63 94 1 57 33 36 45 94 92 81 76 34 58 22 43 74 75 15 52 35 62 32 48 63 13 26 66 81 26 61 21 81 28 20 10 41 91 24 100 45 34 95 52 39 60 38 75 77 82 14 51 13 62 12 34 88 94 86 39 55 32 99 8 10 50 99 80 65 69 45 16 51 96 71 72 22 26 99 51 29 97 73 85 57 80 33 54 25 71 44 53 3 17 30 19 1 67 83 26 39 17 86 89 96 2 32 37 47 47 39 86 34 54 34 
78 71 61 8 7 48 42 22 77 5 69 84 45 37 71 21 95 90 53 57 75 51 41 81 15 71 65 87 9 60 70 33 13 50 51 19 34 16 24 45 55 71 56 64 77 31 76 73 31 82 86 36 64 65 72 74 49 73 61 26 29 72 94 6 18 85 61 6 79 37 23 56 69 33 10 57 32 100 45 62 2 18 67 10 49 57 54 68 61 63 81 10 76 20 3 33 98 23 26 95 91 98 36 86 60 38 19 31 52 84 54 75 88 32 45 5 22 84 18 4 3 58 50 82 36 50 91 20 
79 100 20 40 98 100 88 81 72 17 11 73 73 62 11 36 94 73 82 78 80 2 40 7 27 67 86 9 99 57 96 34 3 32 83 30 87 6 96 60 62 89 2 11 17 21 14 32 55 67 78 86 92 80 86 13 78 100 41 90 83 64 60 20 56 88 30 59 54 42 14 33 33 72 59 18 35 6 70 69 75 35 62 20 35 75 57 22 77 94 56 86 25 81 24 84 90 5 81 56 76 6 74 72 65 69 85 43 1 20 85 69 44 59 36 96 86 85 19 57 4 4 16 14 28 86 49 68 
57 59 57 49 88 46 70 55 5 99 10 75 58 38 92 9 57 10 77 51 37 68 90 92 64 68 77 99 3 89 42 87 9 45 12 3 59 36 97 7 23 42 50 90 55 15 34 94 68 78 13 54 90 94 54 23 65 89 24 28 37 79 40 85 55 39 5 66 90 9 30 38 26 86 69 12 66 23 81 15 48 73 23 45 66 97 24 52 48 62 62 57 11 45 36 53 69 8 82 39 78 81 35 97 4 28 99 90 66 49 62 2 93 37 5 83 11 42 69 43 13 89 15 31 37 33 65 70 
15 39 74 26 26 15 7 29 36 76 94 92 82 98 67 20 99 78 31 79 89 32 89 67 40 77 32 65 62 29 3 74 57 39 89 50 66 41 71 76 75 42 42 75 95 66 62 97 5 68 47 31 65 82 93 24 90 74 14 39 28 45 72 17 75 39 97 15 20 87 100 85 92 85 61 94 88 40 5 56 77 55 44 1 63 98 68 24 61 88 12 48 8 44 43 24 69 59 78 33 79 29 48 53 24 96 15 88 88 100 68 45 50 89 58 94 56 32 33 58 22 37 9 89 17 90 62 86 
60 43 50 77 55 61 27 4 21 5 15 99 20 85 5 50 58 84 9 60 7 41 46 82 40 46 65 8 35 94 12 74 20 32 10 23 100 12 49 90 56 73 71 91 77 84 33 75 11 6 55 58 46 46 38 5 60 70 43 66 62 59 25 71 60 19 1 43 75 22 23 31 13 31 42 73 89 46 8 82 35 55 69 68 73 93 18 46 6 19 34 62 42 14 10 56 52 52 23 97 54 18 72 87 16 25 17 84 67 92 9 45 58 12 19 84 77 93 76 22 55 78 87 47 87 47 78 63 
18 16 23 54 8 40 100 72 64 93 32 83 18 96 24 84 53 78 75 66 4 67 97 61 92 46 13 83 71 69 82 88 77 37 26 55 83 50 29 65 61 83 19 45 31 83 11 83 72 56 28 95 60 51 11 16 100 99 3 2 8 83 41 79 46 13 51 44 51 51 58 32 18 22 4 22 30 26 86 19 49 38 3 81 39 84 26 66 96 97 20 24 52 41 1 67 93 85 89 17 77 4 60 1 98 64 51 15 79 38 87 73 3 47 50 83 77 19 60 60 30 88 53 69 12 74 71 77 
31 96 92 99 67 11 48 45 34 28 85 50 25 54 37 64 66 43 58 89 8 69 65 40 9 24 35 69 5 96 17 46 18 27 25 46 38 79 33 85 15 57 37 86 11 81 12 24 87 49 30 20 73 96 59 9 71 39 67 61 37 26 8 26 81 23 42 22 83 57 79 28 81 7 20 79 28 19 64 32 71 23 14 11 35 12 31 80 58 72 34 22 91 79 64 52 100 75 13 7 97 95 75 71 95 66 84 64 77 72 51 71 60 74 65 100 64 80 39 2 33 93 61 1 55 46 56 35 
80 71 79 57 7 80 94 15 84 100 76 92 53 83 84 73 33 12 12 11 96 52 71 88 71 42 87 13 21 33 72 44 54 66 69 72 67 69 87 95 90 30 25 37 97 39 56 63 30 9 59 16 46 79 15 67 5 11 45 44 56 71 23 95 28 57 19 94 9 13 9 87 34 77 57 78 60 62 49 44 98 19 50 2 22 43 49 59 29 40 21 48 64 45 89 14 17 88 50 55 60 86 4 82 62 52 87 57 37 38 13 28 64 22 44 28 25 10 90 39 99 67 91 18 100 17 72 21 
41 100 70 61 37 14 88 87 84 88 56 5 15 67 89 4 10 19 30 65 58 73 42 81 26 88 52 56 82 100 74 1 36 58 76 74 60 68 50 29 2 60 4 97 98 17 97 31 69 59 99 66 66 97 23 56 30 42 10 39 4 44 88 77 29 52 88 61 64 77 15 4 45 42 74 33 29 74 5 62 26 8 9 87 81 54 6 96 40 10 94 87 39 33 65 10 71 81 26 74 47 16 70 46 57 90 32 12 84 61 98 92 85 77 57 23 75 14 79 87 73 66 40 36 43 68 66 29 
20 58 39 95 15 97 62 87 85 38 86 55 42 62 45 93 50 39 45 41 44 27 88 40 80 87 38 73 50 73 71 88 78 57 87 20 55 32 12 72 87 67 48 19 85 44 13 23 91 18 97 23 76 25 81 62 2 99 5 35 62 79 93 96 84 6 33 91 72 6 94 84 34 17 12 83 49 41 24 52 60 67 22 29 13 55 29 28 9 79 54 4 63 22 65 86 49 28 72 52 90 23 64 83 31 67 49 45 78 6 10 19 29 97 7 72 34 83 78 48 5 98 5 43 100 64 42 3 
43 21 67 44 78 46 64 13 14 97 13 10 24 35 40 15 8 48 58 39 51 96 12 48 11 38 9 80 56 33 21 10 93 7 100 7 21 62 46 69 25 55 65 87 92 57 32 67 99 66 90 64 14 88 9 84 94 17 38 41 39 54 14 74 26 83 73 87 8 75 7 60 32 28 9 20 35 85 58 15 47 35 67 61 40 8 63 23 71 87 69 18 65 44 82 77 5 6 33 75 53 91 83 86 56 18 69 92 63 78 53 97 45 38 83 100 1 5 61 29 75 39 18 45 16 43 10 36 
62 68 97 97 79 3 29 100 15 64 33 71 53 17 24 78 69 24 15 100 23 98 48 1 11 71 90 3 56 92 35 56 22 1 64 7 20 11 79 76 60 96 38 25 41 74 68 63 18 68 53 14 87 36 1 4 1 73 81 26 20 93 6 66 38 6 22 12 88 100 46 20 8 86 88 15 4 57 14 67 37 40 47 60 89 99 8 78 57 72 15 41 13 81 2 68 40 75 17 25 71 32 90 62 7 6 20 70 44 73 61 62 15 8 45 26 99 61 16 99 62 90 47 14 67 34 57 25 
26 84 80 57 63 77 29 41 48 94 2 82 24 83 33 7 60 99 25 25 20 62 48 93 8 32 34 4 68 73 80 22 23 26 1 66 2 59 5 44 60 91 82 38 19 62 30 4 20 47 21 83 46 53 80 89 18 42 9 72 57 70 92 21 59 33 91 61 22 40 89 18 27 82 28 36 37 79 39 84 66 82 39 38 38 15 85 10 71 41 63 49 81 41 41 45 6 12 93 7 84 56 74 63 40 10 84 26 15 20 42 62 27 28 23 27 49 69 78 12 23 72 86 55 90 45 40 99 
56 94 15 6 88 7 54 56 43 50 59 51 68 99 32 48 90 95 55 37 51 55 71 81 78 40 10 50 16 67 83 92 93 93 20 77 48 26 75 65 92 97 62 60 18 57 97 42 73 68 35 58 77 65 13 26 41 15 37 76 89 97 12 1 6 76 68 52 20 25 70 82 50 9 50 20 23 45 82 4 17 92 88 75 17 58 22 21 24 73 13 28 70 94 75 31 20 7 34 78 93 16 19 27 16 6 8 52 93 88 19 47 96 68 45 56 5 5 25 17 93 93 42 6 63 84 72 66 
49 54 7 98 40 78 35 88 70 38 9 18 31 68 23 73 45 25 86 76 96 44 24 67 63 13 78 52 6 31 22 56 69 97 55 65 59 24 23 43 16 94 10 47 84 92 29 9 85 59 55 91 46 92 90 60 45 90 86 50 69 81 100 40 42 92 19 60 100 2 64 74 47 5 78 99 45 73 6 44 1 43 83 63 91 26 44 48 19 89 40 59 70 79 36 23 5 40 21 10 17 16 33 7 47 78 24 51 22 61 42 4 100 48 21 82 12 47 94 42 51 14 63 63 73 58 48 27 
52 35 17 33 14 78 47 18 99 27 81 8 98 86 13 50 59 57 78 10 87 69 33 86 39 63 62 21 85 80 71 37 45 75 15 98 34 62 11 19 91 60 8 40 47 16 10 57 32 89 45 62 55 32 58 32 82 97 87 44 64 69 98 98 42 50 6 46 29 71 67 44 17 62 100 26 54 30 28 74 92 99 98 98 2 85 13 32 15 22 36 95 43 26 25 83 9 84 89 99 41 94 82 67 54 17 91 89 4 11 59 62 97 37 8 5 93 86 44 37 63 77 24 46 45 72 39 33 
47 11 11 55 29 46 35 52 26 74 15 26 11 25 48 83 87 48 62 89 91 90 95 34 25 97 26 59 64 27 44 50 42 59 86 52 55 24 94 18 89 85 49 15 69 54 24 16 24 52 40 38 2 98 25 5 47 17 50 17 13 42 27 90 20 15 96 24 70 93 70 94 82 13 14 25 22 47 73 86 36 31 44 81 38 97 58 70 78 25 62 65 86 2 64 53 62 74 59 70 31 19 33 82 92 69 43 77 7 10 81 42 19 59 19 34 91 51 56 2 78 4 63 5 52 86 32 68 
0.0 1.0 1.0 1.0 1.0 1.0 1.0 1.0 1.0 1.0 1.0 1.0 1.0 1.0 1.0 1.0 1.0 1.0 1.0 1.0 1.0 1.0 1.0 1.0 1.0 1.0 1.0 1.0 1.0 1.0 1.0 1.0 1.0 1.0 1.0 1.0 1.0 1.0 1.0 1.0 1.0 1.0 1.0 1.0 1.0 1.0 1.0 1.0 1.0 1.0 1.0 1.0 1.0 1.0 1.0 1.0 1.0 1.0 1.0 1.0 1.0 1.0 1.0 1.0 1.0 1.0 1.0 1.0 1.0 1.0 1.0 1.0 1.0 1.0 1.0 1.0 1.0 1.0 1.0 1.0 1.0 1.0 1.0 1.0 1.0 1.0 1.0 1.0 1.0 1.0 1.0 1.0 1.0 1.0 1.0 1.0 1.0 1.0 1.0 1.0 1.0 1.0 1.0 1.0 1.0 1.0 1.0 1.0 1.0 1.0 1.0 1.0 1.0 1.0 1.0 1.0 1.0 1.0 1.0 1.0 1.0 1.0 1.0 1.0 1.0 1.0 1.0 1.0 
1.0 0.0 1.0 1.0 1.0 1.0 1.0 1.0 1.0 1.0 1.0 1.0 1.0 1.0 1.0 1.0 1.0 1.0 1.0 1.0 1.0 1.0 1.0 1.0 1.0 1.0 1.0 1.0 1.0 1.0 1.0 1.0 1.0 1.0 1.0 1.0 1.0 1.0 1.0 1.0 1.0 1.0 1.0 1.0 1.0 1.0 1.0 1.0 1.0 1.0 1.0 1.0 1.0 1.0 1.0 1.0 1.0 1.0 1.0 1.0 1.0 1.0 1.0 1.0 1.0 1.0 1.0 1.0 1.0 1.0 1.0 1.0 1.0 1.0 1.0 1.0 1.0 1.0 1.0 1.0 1.0 1.0 1.0 1.0 1.0 1.0 1.0 1.0 1.0 1.0 1.0 1.0 1.0 1.0 1.0 1.0 1.0 1.0 1.0 1.0 1.0 1.0 1.0 1.0 1.0 1.0 1.0 1.0 1.0 1.0 1.0 1.0 1.0 1.0 1.0 1.0 1.0 1.0 1.0 1.0 1.0 1.0 1.0 1.0 1.0 1.0 1.0 1.0 
1.0 1.0 0.0 1.0 1.0 1.0 1.0 1.0 1.0 1.0 1.0 1.0 1.0 1.0 1.0 1.0 1.0 1.0 1.0 1.0 1.0 1.0 1.0 1.0 1.0 1.0 1.0 1.0 1.0 1.0 1.0 1.0 1.0 1.0 1.0 1.0 1.0 1.0 1.0 1.0 1.0 1.0 1.0 1.0 1.0 1.0 1.0 1.0 1.0 1.0 1.0 1.0 1.0 1.0 1.0 1.0 1.0 1.0 1.0 1.0 1.0 1.0 1.0 1.0 1.0 1.0 1.0 1.0 1.0 1.0 1.0 1.0 1.0 1.0 1.0 1.0 1.0 1.0 1.0 1.0 1.0 1.0 1.0 1.0 1.0 1.0 1.0 1.0 1.0 1.0 1.0 1.0 1.0 1.0 1.0 1.0 1.0 1.0 1.0 1.0 1.0 1.0 1.0 1.0 1.0 1.0 1.0 1.0 1.0 1.0 1.0 1.0 1.0 1.0 1.0 1.0 1.0 1.0 1.0 1.0 1.0 1.0 1.0 1.0 1.0 1.0 1.0 1.0 
1.0 1.0 1.0 0.0 1.0 1.0 1.0 1.0 1.0 1.0 1.0 1.0 1.0 1.0 1.0 1.0 1.0 1.0 1.0 1.0 1.0 1.0 1.0 1.0 1.0 1.0 1.0 1.0 1.0 1.0 1.0 1.0 1.0 1.0 1.0 1.0 1.0 1.0 1.0 1.0 1.0 1.0 1.0 1.0 1.0 1.0 1.0 1.0 1.0 1.0 1.0 1.0 1.0 1.0 1.0 1.0 1.0 1.0 1.0 1.0 1.0 1.0 1.0 1.0 1.0 1.0 1.0 1.0 1.0 1.0 1.0 1.0 1.0 1.0 1.0 1.0 1.0 1.0 1.0 1.0 1.0 1.0 1.0 1.0 1.0 1.0 1.0 1.0 1.0 1.0 1.0 1.0 1.0 1.0 1.0 1.0 1.0 1.0 1.0 1.0 1.0 1.0 1.0 1.0 1.0 1.0 1.0 1.0 1.0 1.0 1.0 1.0 1.0 1.0 1.0 1.0 1.0 1.0 1.0 1.0 1.0 1.0 1.0 1.0 1.0 1.0 1.0 1.0 
1.0 1.0 1.0 1.0 0.0 1.0 1.0 1.0 1.0 1.0 1.0 1.0 1.0 1.0 1.0 1.0 1.0 1.0 1.0 1.0 1.0 1.0 1.0 1.0 1.0 1.0 1.0 1.0 1.0 1.0 1.0 1.0 1.0 1.0 1.0 1.0 1.0 1.0 1.0 1.0 1.0 1.0 1.0 1.0 1.0 1.0 1.0 1.0 1.0 1.0 1.0 1.0 1.0 1.0 1.0 1.0 1.0 1.0 1.0 1.0 1.0 1.0 1.0 1.0 1.0 1.0 1.0 1.0 1.0 1.0 1.0 1.0 1.0 1.0 1.0 1.0 1.0 1.0 1.0 1.0 1.0 1.0 1.0 1.0 1.0 1.0 1.0 1.0 1.0 1.0 1.0 1.0 1.0 1.0 1.0 1.0 1.0 1.0 1.0 1.0 1.0 1.0 1.0 1.0 1.0 1.0 1.0 1.0 1.0 1.0 1.0 1.0 1.0 1.0 1.0 1.0 1.0 1.0 1.0 1.0 1.0 1.0 1.0 1.0 1.0 1.0 1.0 1.0 
1.0 1.0 1.0 1.0 1.0 0.0 1.0 1.0 1.0 1.0 1.0 1.0 1.0 1.0 1.0 1.0 1.0 1.0 1.0 1.0 1.0 1.0 1.0 1.0 1.0 1.0 1.0 1.0 1.0 1.0 1.0 1.0 1.0 1.0 1.0 1.0 1.0 1.0 1.0 1.0 1.0 1.0 1.0 1.0 1.0 1.0 1.0 1.0 1.0 1.0 1.0 1.0 1.0 1.0 1.0 1.0 1.0 1.0 1.0 1.0 1.0 1.0 1.0 1.0 1.0 1.0 1.0 1.0 1.0 1.0 1.0 1.0 1.0 1.0 1.0 1.0 1.0 1.0 1.0 1.0 1.0 1.0 1.0 1.0 1.0 1.0 1.0 1.0 1.0 1.0 1.0 1.0 1.0 1.0 1.0 1.0 1.0 1.0 1.0 1.0 1.0 1.0 1.0 1.0 1.0 1.0 1.0 1.0 1.0 1.0 1.0 1.0 1.0 1.0 1.0 1.0 1.0 1.0 1.0 1.0 1.0 1.0 1.0 1.0 1.0 1.0 1.0 1.0 
1.0 1.0 1.0 1.0 1.0 1.0 0.0 1.0 1.0 1.0 1.0 1.0 1.0 1.0 1.0 1.0 1.0 1.0 1.0 1.0 1.0 1.0 1.0 1.0 1.0 1.0 1.0 1.0 1.0 1.0 1.0 1.0 1.0 1.0 1.0 1.0 1.0 1.0 1.0 1.0 1.0 1.0 1.0 1.0 1.0 1.0 1.0 1.0 1.0 1.0 1.0 1.0 1.0 1.0 1.0 1.0 1.0 1.0 1.0 1.0 1.0 1.0 1.0 1.0 1.0 1.0 1.0 1.0 1.0 1.0 1.0 1.0 1.0 1.0 1.0 1.0 1.0 1.0 1.0 1.0 1.0 1.0 1.0 1.0 1.0 1.0 1.0 1.0 1.0 1.0 1.0 1.0 1.0 1.0 1.0 1.0 1.0 1.0 1.0 1.0 1.0 1.0 1.0 1.0 1.0 1.0 1.0 1.0 1.0 1.0 1.0 1.0 1.0 1.0 1.0 1.0 1.0 1.0 1.0 1.0 1.0 1.0 1.0 1.0 1.0 1.0 1.0 1.0 
1.0 1.0 1.0 1.0 1.0 1.0 1.0 0.0 1.0 1.0 1.0 1.0 1.0 1.0 1.0 1.0 1.0 1.0 1.0 1.0 1.0 1.0 1.0 1.0 1.0 1.0 1.0 1.0 1.0 1.0 1.0 1.0 1.0 1.0 1.0 1.0 1.0 1.0 1.0 1.0 1.0 1.0 1.0 1.0 1.0 1.0 1.0 1.0 1.0 1.0 1.0 1.0 1.0 1.0 1.0 1.0 1.0 1.0 1.0 1.0 1.0 1.0 1.0 1.0 1.0 1.0 1.0 1.0 1.0 1.0 1.0 1.0 1.0 1.0 1.0 1.0 1.0 1.0 1.0 1.0 1.0 1.0 1.0 1.0 1.0 1.0 1.0 1.0 1.0 1.0 1.0 1.0 1.0 1.0 1.0 1.0 1.0 1.0 1.0 1.0 1.0 1.0 1.0 1.0 1.0 1.0 1.0 1.0 1.0 1.0 1.0 1.0 1.0 1.0 1.0 1.0 1.0 1.0 1.0 1.0 1.0 1.0 1.0 1.0 1.0 1.0 1.0 1.0 
1.0 1.0 1.0 1.0 1.0 1.0 1.0 1.0 0.0 1.0 1.0 1.0 1.0 1.0 1.0 1.0 1.0 1.0 1.0 1.0 1.0 1.0 1.0 1.0 1.0 1.0 1.0 1.0 1.0 1.0 1.0 1.0 1.0 1.0 1.0 1.0 1.0 1.0 1.0 1.0 1.0 1.0 1.0 1.0 1.0 1.0 1.0 1.0 1.0 1.0 1.0 1.0 1.0 1.0 1.0 1.0 1.0 1.0 1.0 1.0 1.0 1.0 1.0 1.0 1.0 1.0 1.0 1.0 1.0 1.0 1.0 1.0 1.0 1.0 1.0 1.0 1.0 1.0 1.0 1.0 1.0 1.0 1.0 1.0 1.0 1.0 1.0 1.0 1.0 1.0 1.0 1.0 1.0 1.0 1.0 1.0 1.0 1.0 1.0 1.0 1.0 1.0 1.0 1.0 1.0 1.0 1.0 1.0 1.0 1.0 1.0 1.0 1.0 1.0 1.0 1.0 1.0 1.0 1.0 1.0 1.0 1.0 1.0 1.0 1.0 1.0 1.0 1.0 
1.0 1.0 1.0 1.0 1.0 1.0 1.0 1.0 1.0 0.0 1.0 1.0 1.0 1.0 1.0 1.0 1.0 1.0 1.0 1.0 1.0 1.0 1.0 1.0 1.0 1.0 1.0 1.0 1.0 1.0 1.0 1.0 1.0 1.0 1.0 1.0 1.0 1.0 1.0 1.0 1.0 1.0 1.0 1.0 1.0 1.0 1.0 1.0 1.0 1.0 1.0 1.0 1.0 1.0 1.0 1.0 1.0 1.0 1.0 1.0 1.0 1.0 1.0 1.0 1.0 1.0 1.0 1.0 1.0 1.0 1.0 1.0 1.0 1.0 1.0 1.0 1.0 1.0 1.0 1.0 1.0 1.0 1.0 1.0 1.0 1.0 1.0 1.0 1.0 1.0 1.0 1.0 1.0 1.0 1.0 1.0 1.0 1.0 1.0 1.0 1.0 1.0 1.0 1.0 1.0 1.0 1.0 1.0 1.0 1.0 1.0 1.0 1.0 1.0 1.0 1.0 1.0 1.0 1.0 1.0 1.0 1.0 1.0 1.0 1.0 1.0 1.0 1.0 
1.0 1.0 1.0 1.0 1.0 1.0 1.0 1.0 1.0 1.0 0.0 1.0 1.0 1.0 1.0 1.0 1.0 1.0 1.0 1.0 1.0 1.0 1.0 1.0 1.0 1.0 1.0 1.0 1.0 1.0 1.0 1.0 1.0 1.0 1.0 1.0 1.0 1.0 1.0 1.0 1.0 1.0 1.0 1.0 1.0 1.0 1.0 1.0 1.0 1.0 1.0 1.0 1.0 1.0 1.0 1.0 1.0 1.0 1.0 1.0 1.0 1.0 1.0 1.0 1.0 1.0 1.0 1.0 1.0 1.0 1.0 1.0 1.0 1.0 1.0 1.0 1.0 1.0 1.0 1.0 1.0 1.0 1.0 1.0 1.0 1.0 1.0 1.0 1.0 1.0 1.0 1.0 1.0 1.0 1.0 1.0 1.0 1.0 1.0 1.0 1.0 1.0 1.0 1.0 1.0 1.0 1.0 1.0 1.0 1.0 1.0 1.0 1.0 1.0 1.0 1.0 1.0 1.0 1.0 1.0 1.0 1.0 1.0 1.0 1.0 1.0 1.0 1.0 
1.0 1.0 1.0 1.0 1.0 1.0 1.0 1.0 1.0 1.0 1.0 0.0 1.0 1.0 1.0 1.0 1.0 1.0 1.0 1.0 1.0 1.0 1.0 1.0 1.0 1.0 1.0 1.0 1.0 1.0 1.0 1.0 1.0 1.0 1.0 1.0 1.0 1.0 1.0 1.0 1.0 1.0 1.0 1.0 1.0 1.0 1.0 1.0 1.0 1.0 1.0 1.0 1.0 1.0 1.0 1.0 1.0 1.0 1.0 1.0 1.0 1.0 1.0 1.0 1.0 1.0 1.0 1.0 1.0 1.0 1.0 1.0 1.0 1.0 1.0 1.0 1.0 1.0 1.0 1.0 1.0 1.0 1.0 1.0 1.0 1.0 1.0 1.0 1.0 1.0 1.0 1.0 1.0 1.0 1.0 1.0 1.0 1.0 1.0 1.0 1.0 1.0 1.0 1.0 1.0 1.0 1.0 1.0 1.0 1.0 1.0 1.0 1.0 1.0 1.0 1.0 1.0 1.0 1.0 1.0 1.0 1.0 1.0 1.0 1.0 1.0 1.0 1.0 
1.0 1.0 1.0 1.0 1.0 1.0 1.0 1.0 1.0 1.0 1.0 1.0 0.0 1.0 1.0 1.0 1.0 1.0 1.0 1.0 1.0 1.0 1.0 1.0 1.0 1.0 1.0 1.0 1.0 1.0 1.0 1.0 1.0 1.0 1.0 1.0 1.0 1.0 1.0 1.0 1.0 1.0 1.0 1.0 1.0 1.0 1.0 1.0 1.0 1.0 1.0 1.0 1.0 1.0 1.0 1.0 1.0 1.0 1.0 1.0 1.0 1.0 1.0 1.0 1.0 1.0 1.0 1.0 1.0 1.0 1.0 1.0 1.0 1.0 1.0 1.0 1.0 1.0 1.0 1.0 1.0 1.0 1.0 1.0 1.0 1.0 1.0 1.0 1.0 1.0 1.0 1.0 1.0 1.0 1.0 1.0 1.0 1.0 1.0 1.0 1.0 1.0 1.0 1.0 1.0 1.0 1.0 1.0 1.0 1.0 1.0 1.0 1.0 1.0 1.0 1.0 1.0 1.0 1.0 1.0 1.0 1.0 1.0 1.0 1.0 1.0 1.0 1.0 
1.0 1.0 1.0 1.0 1.0 1.0 1.0 1.0 1.0 1.0 1.0 1.0 1.0 0.0 1.0 1.0 1.0 1.0 1.0 1.0 1.0 1.0 1.0 1.0 1.0 1.0 1.0 1.0 1.0 1.0 1.0 1.0 1.0 1.0 1.0 1.0 1.0 1.0 1.0 1.0 1.0 1.0 1.0 1.0 1.0 1.0 1.0 1.0 1.0 1.0 1.0 1.0 1.0 1.0 1.0 1.0 1.0 1.0 1.0 1.0 1.0 1.0 1.0 1.0 1.0 1.0 1.0 1.0 1.0 1.0 1.0 1.0 1.0 1.0 1.0 1.0 1.0 1.0 1.0 1.0 1.0 1.0 1.0 1.0 1.0 1.0 1.0 1.0 1.0 1.0 1.0 1.0 1.0 1.0 1.0 1.0 1.0 1.0 1.0 1.0 1.0 1.0 1.0 1.0 1.0 1.0 1.0 1.0 1.0 1.0 1.0 1.0 1.0 1.0 1.0 1.0 1.0 1.0 1.0 1.0 1.0 1.0 1.0 1.0 1.0 1.0 1.0 1.0 
1.0 1.0 1.0 1.0 1.0 1.0 1.0 1.0 1.0 1.0 1.0 1.0 1.0 1.0 0.0 1.0 1.0 1.0 1.0 1.0 1.0 1.0 1.0 1.0 1.0 1.0 1.0 1.0 1.0 1.0 1.0 1.0 1.0 1.0 1.0 1.0 1.0 1.0 1.0 1.0 1.0 1.0 1.0 1.0 1.0 1.0 1.0 1.0 1.0 1.0 1.0 1.0 1.0 1.0 1.0 1.0 1.0 1.0 1.0 1.0 1.0 1.0 1.0 1.0 1.0 1.0 1.0 1.0 1.0 1.0 1.0 1.0 1.0 1.0 1.0 1.0 1.0 1.0 1.0 1.0 1.0 1.0 1.0 1.0 1.0 1.0 1.0 1.0 1.0 1.0 1.0 1.0 1.0 1.0 1.0 1.0 1.0 1.0 1.0 1.0 1.0 1.0 1.0 1.0 1.0 1.0 1.0 1.0 1.0 1.0 1.0 1.0 1.0 1.0 1.0 1.0 1.0 1.0 1.0 1.0 1.0 1.0 1.0 1.0 1.0 1.0 1.0 1.0 
1.0 1.0 1.0 1.0 1.0 1.0 1.0 1.0 1.0 1.0 1.0 1.0 1.0 1.0 1.0 0.0 1.0 1.0 1.0 1.0 1.0 1.0 1.0 1.0 1.0 1.0 1.0 1.0 1.0 1.0 1.0 1.0 1.0 1.0 1.0 1.0 1.0 1.0 1.0 1.0 1.0 1.0 1.0 1.0 1.0 1.0 1.0 1.0 1.0 1.0 1.0 1.0 1.0 1.0 1.0 1.0 1.0 1.0 1.0 1.0 1.0 1.0 1.0 1.0 1.0 1.0 1.0 1.0 1.0 1.0 1.0 1.0 1.0 1.0 1.0 1.0 1.0 1.0 1.0 1.0 1.0 1.0 1.0 1.0 1.0 1.0 1.0 1.0 1.0 1.0 1.0 1.0 1.0 1.0 1.0 1.0 1.0 1.0 1.0 1.0 1.0 1.0 1.0 1.0 1.0 1.0 1.0 1.0 1.0 1.0 1.0 1.0 1.0 1.0 1.0 1.0 1.0 1.0 1.0 1.0 1.0 1.0 1.0 1.0 1.0 1.0 1.0 1.0 
1.0 1.0 1.0 1.0 1.0 1.0 1.0 1.0 1.0 1.0 1.0 1.0 1.0 1.0 1.0 1.0 0.0 1.0 1.0 1.0 1.0 1.0 1.0 1.0 1.0 1.0 1.0 1.0 1.0 1.0 1.0 1.0 1.0 1.0 1.0 1.0 1.0 1.0 1.0 1.0 1.0 1.0 1.0 1.0 1.0 1.0 1.0 1.0 1.0 1.0 1.0 1.0 1.0 1.0 1.0 1.0 1.0 1.0 1.0 1.0 1.0 1.0 1.0 1.0 1.0 1.0 1.0 1.0 1.0 1.0 1.0 1.0 1.0 1.0 1.0 1.0 1.0 1.0 1.0 1.0 1.0 1.0 1.0 1.0 1.0 1.0 1.0 1.0 1.0 1.0 1.0 1.0 1.0 1.0 1.0 1.0 1.0 1.0 1.0 1.0 1.0 1.0 1.0 1.0 1.0 1.0 1.0 1.0 1.0 1.0 1.0 1.0 1.0 1.0 1.0 1.0 1.0 1.0 1.0 1.0 1.0 1.0 1.0 1.0 1.0 1.0 1.0 1.0 
1.0 1.0 1.0 1.0 1.0 1.0 1.0 1.0 1.0 1.0 1.0 1.0 1.0 1.0 1.0 1.0 1.0 0.0 1.0 1.0 1.0 1.0 1.0 1.0 1.0 1.0 1.0 1.0 1.0 1.0 1.0 1.0 1.0 1.0 1.0 1.0 1.0 1.0 1.0 1.0 1.0 1.0 1.0 1.0 1.0 1.0 1.0 1.0 1.0 1.0 1.0 1.0 1.0 1.0 1.0 1.0 1.0 1.0 1.0 1.0 1.0 1.0 1.0 1.0 1.0 1.0 1.0 1.0 1.0 1.0 1.0 1.0 1.0 1.0 1.0 1.0 1.0 1.0 1.0 1.0 1.0 1.0 1.0 1.0 1.0 1.0 1.0 1.0 1.0 1.0 1.0 1.0 1.0 1.0 1.0 1.0 1.0 1.0 1.0 1.0 1.0 1.0 1.0 1.0 1.0 1.0 1.0 1.0 1.0 1.0 1.0 1.0 1.0 1.0 1.0 1.0 1.0 1.0 1.0 1.0 1.0 1.0 1.0 1.0 1.0 1.0 1.0 1.0 
1.0 1.0 1.0 1.0 1.0 1.0 1.0 1.0 1.0 1.0 1.0 1.0 1.0 1.0 1.0 1.0 1.0 1.0 0.0 1.0 1.0 1.0 1.0 1.0 1.0 1.0 1.0 1.0 1.0 1.0 1.0 1.0 1.0 1.0 1.0 1.0 1.0 1.0 1.0 1.0 1.0 1.0 1.0 1.0 1.0 1.0 1.0 1.0 1.0 1.0 1.0 1.0 1.0 1.0 1.0 1.0 1.0 1.0 1.0 1.0 1.0 1.0 1.0 1.0 1.0 1.0 1.0 1.0 1.0 1.0 1.0 1.0 1.0 1.0 1.0 1.0 1.0 1.0 1.0 1.0 1.0 1.0 1.0 1.0 1.0 1.0 1.0 1.0 1.0 1.0 1.0 1.0 1.0 1.0 1.0 1.0 1.0 1.0 1.0 1.0 1.0 1.0 1.0 1.0 1.0 1.0 1.0 1.0 1.0 1.0 1.0 1.0 1.0 1.0 1.0 1.0 1.0 1.0 1.0 1.0 1.0 1.0 1.0 1.0 1.0 1.0 1.0 1.0 
1.0 1.0 1.0 1.0 1.0 1.0 1.0 1.0 1.0 1.0 1.0 1.0 1.0 1.0 1.0 1.0 1.0 1.0 1.0 0.0 1.0 1.0 1.0 1.0 1.0 1.0 1.0 1.0 1.0 1.0 1.0 1.0 1.0 1.0 1.0 1.0 1.0 1.0 1.0 1.0 1.0 1.0 1.0 1.0 1.0 1.0 1.0 1.0 1.0 1.0 1.0 1.0 1.0 1.0 1.0 1.0 1.0 1.0 1.0 1.0 1.0 1.0 1.0 1.0 1.0 1.0 1.0 1.0 1.0 1.0 1.0 1.0 1.0 1.0 1.0 1.0 1.0 1.0 1.0 1.0 1.0 1.0 1.0 1.0 1.0 1.0 1.0 1.0 1.0 1.0 1.0 1.0 1.0 1.0 1.0 1.0 1.0 1.0 1.0 1.0 1.0 1.0 1.0 1.0 1.0 1.0 1.0 1.0 1.0 1.0 1.0 1.0 1.0 1.0 1.0 1.0 1.0 1.0 1.0 1.0 1.0 1.0 1.0 1.0 1.0 1.0 1.0 1.0 
1.0 1.0 1.0 1.0 1.0 1.0 1.0 1.0 1.0 1.0 1.0 1.0 1.0 1.0 1.0 1.0 1.0 1.0 1.0 1.0 0.0 1.0 1.0 1.0 1.0 1.0 1.0 1.0 1.0 1.0 1.0 1.0 1.0 1.0 1.0 1.0 1.0 1.0 1.0 1.0 1.0 1.0 1.0 1.0 1.0 1.0 1.0 1.0 1.0 1.0 1.0 1.0 1.0 1.0 1.0 1.0 1.0 1.0 1.0 1.0 1.0 1.0 1.0 1.0 1.0 1.0 1.0 1.0 1.0 1.0 1.0 1.0 1.0 1.0 1.0 1.0 1.0 1.0 1.0 1.0 1.0 1.0 1.0 1.0 1.0 1.0 1.0 1.0 1.0 1.0 1.0 1.0 1.0 1.0 1.0 1.0 1.0 1.0 1.0 1.0 1.0 1.0 1.0 1.0 1.0 1.0 1.0 1.0 1.0 1.0 1.0 1.0 1.0 1.0 1.0 1.0 1.0 1.0 1.0 1.0 1.0 1.0 1.0 1.0 1.0 1.0 1.0 1.0 
1.0 1.0 1.0 1.0 1.0 1.0 1.0 1.0 1.0 1.0 1.0 1.0 1.0 1.0 1.0 1.0 1.0 1.0 1.0 1.0 1.0 0.0 1.0 1.0 1.0 1.0 1.0 1.0 1.0 1.0 1.0 1.0 1.0 1.0 1.0 1.0 1.0 1.0 1.0 1.0 1.0 1.0 1.0 1.0 1.0 1.0 1.0 1.0 1.0 1.0 1.0 1.0 1.0 1.0 1.0 1.0 1.0 1.0 1.0 1.0 1.0 1.0 1.0 1.0 1.0 1.0 1.0 1.0 1.0 1.0 1.0 1.0 1.0 1.0 1.0 1.0 1.0 1.0 1.0 1.0 1.0 1.0 1.0 1.0 1.0 1.0 1.0 1.0 1.0 1.0 1.0 1.0 1.0 1.0 1.0 1.0 1.0 1.0 1.0 1.0 1.0 1.0 1.0 1.0 1.0 1.0 1.0 1.0 1.0 1.0 1.0 1.0 1.0 1.0 1.0 1.0 1.0 1.0 1.0 1.0 1.0 1.0 1.0 1.0 1.0 1.0 1.0 1.0 
1.0 1.0 1.0 1.0 1.0 1.0 1.0 1.0 1.0 1.0 1.0 1.0 1.0 1.0 1.0 1.0 1.0 1.0 1.0 1.0 1.0 1.0 0.0 1.0 1.0 1.0 1.0 1.0 1.0 1.0 1.0 1.0 1.0 1.0 1.0 1.0 1.0 1.0 1.0 1.0 1.0 1.0 1.0 1.0 1.0 1.0 1.0 1.0 1.0 1.0 1.0 1.0 1.0 1.0 1.0 1.0 1.0 1.0 1.0 1.0 1.0 1.0 1.0 1.0 1.0 1.0 1.0 1.0 1.0 1.0 1.0 1.0 1.0 1.0 1.0 1.0 1.0 1.0 1.0 1.0 1.0 1.0 1.0 1.0 1.0 1.0 1.0 1.0 1.0 1.0 1.0 1.0 1.0 1.0 1.0 1.0 1.0 1.0 1.0 1.0 1.0 1.0 1.0 1.0 1.0 1.0 1.0 1.0 1.0 1.0 1.0 1.0 1.0 1.0 1.0 1.0 1.0 1.0 1.0 1.0 1.0 1.0 1.0 1.0 1.0 1.0 1.0 1.0 
1.0 1.0 1.0 1.0 1.0 1.0 1.0 1.0 1.0 1.0 1.0 1.0 1.0 1.0 1.0 1.0 1.0 1.0 1.0 1.0 1.0 1.0 1.0 0.0 1.0 1.0 1.0 1.0 1.0 1.0 1.0 1.0 1.0 1.0 1.0 1.0 1.0 1.0 1.0 1.0 1.0 1.0 1.0 1.0 1.0 1.0 1.0 1.0 1.0 1.0 1.0 1.0 1.0 1.0 1.0 1.0 1.0 1.0 1.0 1.0 1.0 1.0 1.0 1.0 1.0 1.0 1.0 1.0 1.0 1.0 1.0 1.0 1.0 1.0 1.0 1.0 1.0 1.0 1.0 1.0 1.0 1.0 1.0 1.0 1.0 1.0 1.0 1.0 1.0 1.0 1.0 1.0 1.0 1.0 1.0 1.0 1.0 1.0 1.0 1.0 1.0 1.0 1.0 1.0 1.0 1.0 1.0 1.0 1.0 1.0 1.0 1.0 1.0 1.0 1.0 1.0 1.0 1.0 1.0 1.0 1.0 1.0 1.0 1.0 1.0 1.0 1.0 1.0 
1.0 1.0 1.0 1.0 1.0 1.0 1.0 1.0 1.0 1.0 1.0 1.0 1.0 1.0 1.0 1.0 1.0 1.0 1.0 1.0 1.0 1.0 1.0 1.0 0.0 1.0 1.0 1.0 1.0 1.0 1.0 1.0 1.0 1.0 1.0 1.0 1.0 1.0 1.0 1.0 1.0 1.0 1.0 1.0 1.0 1.0 1.0 1.0 1.0 1.0 1.0 1.0 1.0 1.0 1.0 1.0 1.0 1.0 1.0 1.0 1.0 1.0 1.0 1.0 1.0 1.0 1.0 1.0 1.0 1.0 1.0 1.0 1.0 1.0 1.0 1.0 1.0 1.0 1.0 1.0 1.0 1.0 1.0 1.0 1.0 1.0 1.0 1.0 1.0 1.0 1.0 1.0 1.0 1.0 1.0 1.0 1.0 1.0 1.0 1.0 1.0 1.0 1.0 1.0 1.0 1.0 1.0 1.0 1.0 1.0 1.0 1.0 1.0 1.0 1.0 1.0 1.0 1.0 1.0 1.0 1.0 1.0 1.0 1.0 1.0 1.0 1.0 1.0 
1.0 1.0 1.0 1.0 1.0 1.0 1.0 1.0 1.0 1.0 1.0 1.0 1.0 1.0 1.0 1.0 1.0 1.0 1.0 1.0 1.0 1.0 1.0 1.0 1.0 0.0 1.0 1.0 1.0 1.0 1.0 1.0 1.0 1.0 1.0 1.0 1.0 1.0 1.0 1.0 1.0 1.0 1.0 1.0 1.0 1.0 1.0 1.0 1.0 1.0 1.0 1.0 1.0 1.0 1.0 1.0 1.0 1.0 1.0 1.0 1.0 1.0 1.0 1.0 1.0 1.0 1.0 1.0 1.0 1.0 1.0 1.0 1.0 1.0 1.0 1.0 1.0 1.0 1.0 1.0 1.0 1.0 1.0 1.0 1.0 1.0 1.0 1.0 1.0 1.0 1.0 1.0 1.0 1.0 1.0 1.0 1.0 1.0 1.0 1.0 1.0 1.0 1.0 1.0 1.0 1.0 1.0 1.0 1.0 1.0 1.0 1.0 1.0 1.0 1.0 1.0 1.0 1.0 1.0 1.0 1.0 1.0 1.0 1.0 1.0 1.0 1.0 1.0 
1.0 1.0 1.0 1.0 1.0 1.0 1.0 1.0 1.0 1.0 1.0 1.0 1.0 1.0 1.0 1.0 1.0 1.0 1.0 1.0 1.0 1.0 1.0 1.0 1.0 1.0 0.0 1.0 1.0 1.0 1.0 1.0 1.0 1.0 1.0 1.0 1.0 1.0 1.0 1.0 1.0 1.0 1.0 1.0 1.0 1.0 1.0 1.0 1.0 1.0 1.0 1.0 1.0 1.0 1.0 1.0 1.0 1.0 1.0 1.0 1.0 1.0 1.0 1.0 1.0 1.0 1.0 1.0 1.0 1.0 1.0 1.0 1.0 1.0 1.0 1.0 1.0 1.0 1.0 1.0 1.0 1.0 1.0 1.0 1.0 1.0 1.0 1.0 1.0 1.0 1.0 1.0 1.0 1.0 1.0 1.0 1.0 1.0 1.0 1.0 1.0 1.0 1.0 1.0 1.0 1.0 1.0 1.0 1.0 1.0 1.0 1.0 1.0 1.0 1.0 1.0 1.0 1.0 1.0 1.0 1.0 1.0 1.0 1.0 1.0 1.0 1.0 1.0 
1.0 1.0 1.0 1.0 1.0 1.0 1.0 1.0 1.0 1.0 1.0 1.0 1.0 1.0 1.0 1.0 1.0 1.0 1.0 1.0 1.0 1.0 1.0 1.0 1.0 1.0 1.0 0.0 1.0 1.0 1.0 1.0 1.0 1.0 1.0 1.0 1.0 1.0 1.0 1.0 1.0 1.0 1.0 1.0 1.0 1.0 1.0 1.0 1.0 1.0 1.0 1.0 1.0 1.0 1.0 1.0 1.0 1.0 1.0 1.0 1.0 1.0 1.0 1.0 1.0 1.0 1.0 1.0 1.0 1.0 1.0 1.0 1.0 1.0 1.0 1.0 1.0 1.0 1.0 1.0 1.0 1.0 1.0 1.0 1.0 1.0 1.0 1.0 1.0 1.0 1.0 1.0 1.0 1.0 1.0 1.0 1.0 1.0 1.0 1.0 1.0 1.0 1.0 1.0 1.0 1.0 1.0 1.0 1.0 1.0 1.0 1.0 1.0 1.0 1.0 1.0 1.0 1.0 1.0 1.0 1.0 1.0 1.0 1.0 1.0 1.0 1.0 1.0 
1.0 1.0 1.0 1.0 1.0 1.0 1.0 1.0 1.0 1.0 1.0 1.0 1.0 1.0 1.0 1.0 1.0 1.0 1.0 1.0 1.0 1.0 1.0 1.0 1.0 1.0 1.0 1.0 0.0 1.0 1.0 1.0 1.0 1.0 1.0 1.0 1.0 1.0 1.0 1.0 1.0 1.0 1.0 1.0 1.0 1.0 1.0 1.0 1.0 1.0 1.0 1.0 1.0 1.0 1.0 1.0 1.0 1.0 1.0 1.0 1.0 1.0 1.0 1.0 1.0 1.0 1.0 1.0 1.0 1.0 1.0 1.0 1.0 1.0 1.0 1.0 1.0 1.0 1.0 1.0 1.0 1.0 1.0 1.0 1.0 1.0 1.0 1.0 1.0 1.0 1.0 1.0 1.0 1.0 1.0 1.0 1.0 1.0 1.0 1.0 1.0 1.0 1.0 1.0 1.0 1.0 1.0 1.0 1.0 1.0 1.0 1.0 1.0 1.0 1.0 1.0 1.0 1.0 1.0 1.0 1.0 1.0 1.0 1.0 1.0 1.0 1.0 1.0 
1.0 1.0 1.0 1.0 1.0 1.0 1.0 1.0 1.0 1.0 1.0 1.0 1.0 1.0 1.0 1.0 1.0 1.0 1.0 1.0 1.0 1.0 1.0 1.0 1.0 1.0 1.0 1.0 1.0 0.0 1.0 1.0 1.0 1.0 1.0 1.0 1.0 1.0 1.0 1.0 1.0 1.0 1.0 1.0 1.0 1.0 1.0 1.0 1.0 1.0 1.0 1.0 1.0 1.0 1.0 1.0 1.0 1.0 1.0 1.0 1.0 1.0 1.0 1.0 1.0 1.0 1.0 1.0 1.0 1.0 1.0 1.0 1.0 1.0 1.0 1.0 1.0 1.0 1.0 1.0 1.0 1.0 1.0 1.0 1.0 1.0 1.0 1.0 1.0 1.0 1.0 1.0 1.0 1.0 1.0 1.0 1.0 1.0 1.0 1.0 1.0 1.0 1.0 1.0 1.0 1.0 1.0 1.0 1.0 1.0 1.0 1.0 1.0 1.0 1.0 1.0 1.0 1.0 1.0 1.0 1.0 1.0 1.0 1.0 1.0 1.0 1.0 1.0 
1.0 1.0 1.0 1.0 1.0 1.0 1.0 1.0 1.0 1.0 1.0 1.0 1.0 1.0 1.0 1.0 1.0 1.0 1.0 1.0 1.0 1.0 1.0 1.0 1.0 1.0 1.0 1.0 1.0 1.0 0.0 1.0 1.0 1.0 1.0 1.0 1.0 1.0 1.0 1.0 1.0 1.0 1.0 1.0 1.0 1.0 1.0 1.0 1.0 1.0 1.0 1.0 1.0 1.0 1.0 1.0 1.0 1.0 1.0 1.0 1.0 1.0 1.0 1.0 1.0 1.0 1.0 1.0 1.0 1.0 1.0 1.0 1.0 1.0 1.0 1.0 1.0 1.0 1.0 1.0 1.0 1.0 1.0 1.0 1.0 1.0 1.0 1.0 1.0 1.0 1.0 1.0 1.0 1.0 1.0 1.0 1.0 1.0 1.0 1.0 1.0 1.0 1.0 1.0 1.0 1.0 1.0 1.0 1.0 1.0 1.0 1.0 1.0 1.0 1.0 1.0 1.0 1.0 1.0 1.0 1.0 1.0 1.0 1.0 1.0 1.0 1.0 1.0 
1.0 1.0 1.0 1.0 1.0 1.0 1.0 1.0 1.0 1.0 1.0 1.0 1.0 1.0 1.0 1.0 1.0 1.0 1.0 1.0 1.0 1.0 1.0 1.0 1.0 1.0 1.0 1.0 1.0 1.0 1.0 0.0 1.0 1.0 1.0 1.0 1.0 1.0 1.0 1.0 1.0 1.0 1.0 1.0 1.0 1.0 1.0 1.0 1.0 1.0 1.0 1.0 1.0 1.0 1.0 1.0 1.0 1.0 1.0 1.0 1.0 1.0 1.0 1.0 1.0 1.0 1.0 1.0 1.0 1.0 1.0 1.0 1.0 1.0 1.0 1.0 1.0 1.0 1.0 1.0 1.0 1.0 1.0 1.0 1.0 1.0 1.0 1.0 1.0 1.0 1.0 1.0 1.0 1.0 1.0 1.0 1.0 1.0 1.0 1.0 1.0 1.0 1.0 1.0 1.0 1.0 1.0 1.0 1.0 1.0 1.0 1.0 1.0 1.0 1.0 1.0 1.0 1.0 1.0 1.0 1.0 1.0 1.0 1.0 1.0 1.0 1.0 1.0 
1.0 1.0 1.0 1.0 1.0 1.0 1.0 1.0 1.0 1.0 1.0 1.0 1.0 1.0 1.0 1.0 1.0 1.0 1.0 1.0 1.0 1.0 1.0 1.0 1.0 1.0 1.0 1.0 1.0 1.0 1.0 1.0 0.0 1.0 1.0 1.0 1.0 1.0 1.0 1.0 1.0 1.0 1.0 1.0 1.0 1.0 1.0 1.0 1.0 1.0 1.0 1.0 1.0 1.0 1.0 1.0 1.0 1.0 1.0 1.0 1.0 1.0 1.0 1.0 1.0 1.0 1.0 1.0 1.0 1.0 1.0 1.0 1.0 1.0 1.0 1.0 1.0 1.0 1.0 1.0 1.0 1.0 1.0 1.0 1.0 1.0 1.0 1.0 1.0 1.0 1.0 1.0 1.0 1.0 1.0 1.0 1.0 1.0 1.0 1.0 1.0 1.0 1.0 1.0 1.0 1.0 1.0 1.0 1.0 1.0 1.0 1.0 1.0 1.0 1.0 1.0 1.0 1.0 1.0 1.0 1.0 1.0 1.0 1.0 1.0 1.0 1.0 1.0 
1.0 1.0 1.0 1.0 1.0 1.0 1.0 1.0 1.0 1.0 1.0 1.0 1.0 1.0 1.0 1.0 1.0 1.0 1.0 1.0 1.0 1.0 1.0 1.0 1.0 1.0 1.0 1.0 1.0 1.0 1.0 1.0 1.0 0.0 1.0 1.0 1.0 1.0 1.0 1.0 1.0 1.0 1.0 1.0 1.0 1.0 1.0 1.0 1.0 1.0 1.0 1.0 1.0 1.0 1.0 1.0 1.0 1.0 1.0 1.0 1.0 1.0 1.0 1.0 1.0 1.0 1.0 1.0 1.0 1.0 1.0 1.0 1.0 1.0 1.0 1.0 1.0 1.0 1.0 1.0 1.0 1.0 1.0 1.0 1.0 1.0 1.0 1.0 1.0 1.0 1.0 1.0 1.0 1.0 1.0 1.0 1.0 1.0 1.0 1.0 1.0 1.0 1.0 1.0 1.0 1.0 1.0 1.0 1.0 1.0 1.0 1.0 1.0 1.0 1.0 1.0 1.0 1.0 1.0 1.0 1.0 1.0 1.0 1.0 1.0 1.0 1.0 1.0 
1.0 1.0 1.0 1.0 1.0 1.0 1.0 1.0 1.0 1.0 1.0 1.0 1.0 1.0 1.0 1.0 1.0 1.0 1.0 1.0 1.0 1.0 1.0 1.0 1.0 1.0 1.0 1.0 1.0 1.0 1.0 1.0 1.0 1.0 0.0 1.0 1.0 1.0 1.0 1.0 1.0 1.0 1.0 1.0 1.0 1.0 1.0 1.0 1.0 1.0 1.0 1.0 1.0 1.0 1.0 1.0 1.0 1.0 1.0 1.0 1.0 1.0 1.0 1.0 1.0 1.0 1.0 1.0 1.0 1.0 1.0 1.0 1.0 1.0 1.0 1.0 1.0 1.0 1.0 1.0 1.0 1.0 1.0 1.0 1.0 1.0 1.0 1.0 1.0 1.0 1.0 1.0 1.0 1.0 1.0 1.0 1.0 1.0 1.0 1.0 1.0 1.0 1.0 1.0 1.0 1.0 1.0 1.0 1.0 1.0 1.0 1.0 1.0 1.0 1.0 1.0 1.0 1.0 1.0 1.0 1.0 1.0 1.0 1.0 1.0 1.0 1.0 1.0 
1.0 1.0 1.0 1.0 1.0 1.0 1.0 1.0 1.0 1.0 1.0 1.0 1.0 1.0 1.0 1.0 1.0 1.0 1.0 1.0 1.0 1.0 1.0 1.0 1.0 1.0 1.0 1.0 1.0 1.0 1.0 1.0 1.0 1.0 1.0 0.0 1.0 1.0 1.0 1.0 1.0 1.0 1.0 1.0 1.0 1.0 1.0 1.0 1.0 1.0 1.0 1.0 1.0 1.0 1.0 1.0 1.0 1.0 1.0 1.0 1.0 1.0 1.0 1.0 1.0 1.0 1.0 1.0 1.0 1.0 1.0 1.0 1.0 1.0 1.0 1.0 1.0 1.0 1.0 1.0 1.0 1.0 1.0 1.0 1.0 1.0 1.0 1.0 1.0 1.0 1.0 1.0 1.0 1.0 1.0 1.0 1.0 1.0 1.0 1.0 1.0 1.0 1.0 1.0 1.0 1.0 1.0 1.0 1.0 1.0 1.0 1.0 1.0 1.0 1.0 1.0 1.0 1.0 1.0 1.0 1.0 1.0 1.0 1.0 1.0 1.0 1.0 1.0 
1.0 1.0 1.0 1.0 1.0 1.0 1.0 1.0 1.0 1.0 1.0 1.0 1.0 1.0 1.0 1.0 1.0 1.0 1.0 1.0 1.0 1.0 1.0 1.0 1.0 1.0 1.0 1.0 1.0 1.0 1.0 1.0 1.0 1.0 1.0 1.0 0.0 1.0 1.0 1.0 1.0 1.0 1.0 1.0 1.0 1.0 1.0 1.0 1.0 1.0 1.0 1.0 1.0 1.0 1.0 1.0 1.0 1.0 1.0 1.0 1.0 1.0 1.0 1.0 1.0 1.0 1.0 1.0 1.0 1.0 1.0 1.0 1.0 1.0 1.0 1.0 1.0 1.0 1.0 1.0 1.0 1.0 1.0 1.0 1.0 1.0 1.0 1.0 1.0 1.0 1.0 1.0 1.0 1.0 1.0 1.0 1.0 1.0 1.0 1.0 1.0 1.0 1.0 1.0 1.0 1.0 1.0 1.0 1.0 1.0 1.0 1.0 1.0 1.0 1.0 1.0 1.0 1.0 1.0 1.0 1.0 1.0 1.0 1.0 1.0 1.0 1.0 1.0 
1.0 1.0 1.0 1.0 1.0 1.0 1.0 1.0 1.0 1.0 1.0 1.0 1.0 1.0 1.0 1.0 1.0 1.0 1.0 1.0 1.0 1.0 1.0 1.0 1.0 1.0 1.0 1.0 1.0 1.0 1.0 1.0 1.0 1.0 1.0 1.0 1.0 0.0 1.0 1.0 1.0 1.0 1.0 1.0 1.0 1.0 1.0 1.0 1.0 1.0 1.0 1.0 1.0 1.0 1.0 1.0 1.0 1.0 1.0 1.0 1.0 1.0 1.0 1.0 1.0 1.0 1.0 1.0 1.0 1.0 1.0 1.0 1.0 1.0 1.0 1.0 1.0 1.0 1.0 1.0 1.0 1.0 1.0 1.0 1.0 1.0 1.0 1.0 1.0 1.0 1.0 1.0 1.0 1.0 1.0 1.0 1.0 1.0 1.0 1.0 1.0 1.0 1.0 1.0 1.0 1.0 1.0 1.0 1.0 1.0 1.0 1.0 1.0 1.0 1.0 1.0 1.0 1.0 1.0 1.0 1.0 1.0 1.0 1.0 1.0 1.0 1.0 1.0 
1.0 1.0 1.0 1.0 1.0 1.0 1.0 1.0 1.0 1.0 1.0 1.0 1.0 1.0 1.0 1.0 1.0 1.0 1.0 1.0 1.0 1.0 1.0 1.0 1.0 1.0 1.0 1.0 1.0 1.0 1.0 1.0 1.0 1.0 1.0 1.0 1.0 1.0 0.0 1.0 1.0 1.0 1.0 1.0 1.0 1.0 1.0 1.0 1.0 1.0 1.0 1.0 1.0 1.0 1.0 1.0 1.0 1.0 1.0 1.0 1.0 1.0 1.0 1.0 1.0 1.0 1.0 1.0 1.0 1.0 1.0 1.0 1.0 1.0 1.0 1.0 1.0 1.0 1.0 1.0 1.0 1.0 1.0 1.0 1.0 1.0 1.0 1.0 1.0 1.0 1.0 1.0 1.0 1.0 1.0 1.0 1.0 1.0 1.0 1.0 1.0 1.0 1.0 1.0 1.0 1.0 1.0 1.0 1.0 1.0 1.0 1.0 1.0 1.0 1.0 1.0 1.0 1.0 1.0 1.0 1.0 1.0 1.0 1.0 1.0 1.0 1.0 1.0 
1.0 1.0 1.0 1.0 1.0 1.0 1.0 1.0 1.0 1.0 1.0 1.0 1.0 1.0 1.0 1.0 1.0 1.0 1.0 1.0 1.0 1.0 1.0 1.0 1.0 1.0 1.0 1.0 1.0 1.0 1.0 1.0 1.0 1.0 1.0 1.0 1.0 1.0 1.0 0.0 1.0 1.0 1.0 1.0 1.0 1.0 1.0 1.0 1.0 1.0 1.0 1.0 1.0 1.0 1.0 1.0 1.0 1.0 1.0 1.0 1.0 1.0 1.0 1.0 1.0 1.0 1.0 1.0 1.0 1.0 1.0 1.0 1.0 1.0 1.0 1.0 1.0 1.0 1.0 1.0 1.0 1.0 1.0 1.0 1.0 1.0 1.0 1.0 1.0 1.0 1.0 1.0 1.0 1.0 1.0 1.0 1.0 1.0 1.0 1.0 1.0 1.0 1.0 1.0 1.0 1.0 1.0 1.0 1.0 1.0 1.0 1.0 1.0 1.0 1.0 1.0 1.0 1.0 1.0 1.0 1.0 1.0 1.0 1.0 1.0 1.0 1.0 1.0 
1.0 1.0 1.0 1.0 1.0 1.0 1.0 1.0 1.0 1.0 1.0 1.0 1.0 1.0 1.0 1.0 1.0 1.0 1.0 1.0 1.0 1.0 1.0 1.0 1.0 1.0 1.0 1.0 1.0 1.0 1.0 1.0 1.0 1.0 1.0 1.0 1.0 1.0 1.0 1.0 0.0 1.0 1.0 1.0 1.0 1.0 1.0 1.0 1.0 1.0 1.0 1.0 1.0 1.0 1.0 1.0 1.0 1.0 1.0 1.0 1.0 1.0 1.0 1.0 1.0 1.0 1.0 1.0 1.0 1.0 1.0 1.0 1.0 1.0 1.0 1.0 1.0 1.0 1.0 1.0 1.0 1.0 1.0 1.0 1.0 1.0 1.0 1.0 1.0 1.0 1.0 1.0 1.0 1.0 1.0 1.0 1.0 1.0 1.0 1.0 1.0 1.0 1.0 1.0 1.0 1.0 1.0 1.0 1.0 1.0 1.0 1.0 1.0 1.0 1.0 1.0 1.0 1.0 1.0 1.0 1.0 1.0 1.0 1.0 1.0 1.0 1.0 1.0 
1.0 1.0 1.0 1.0 1.0 1.0 1.0 1.0 1.0 1.0 1.0 1.0 1.0 1.0 1.0 1.0 1.0 1.0 1.0 1.0 1.0 1.0 1.0 1.0 1.0 1.0 1.0 1.0 1.0 1.0 1.0 1.0 1.0 1.0 1.0 1.0 1.0 1.0 1.0 1.0 1.0 0.0 1.0 1.0 1.0 1.0 1.0 1.0 1.0 1.0 1.0 1.0 1.0 1.0 1.0 1.0 1.0 1.0 1.0 1.0 1.0 1.0 1.0 1.0 1.0 1.0 1.0 1.0 1.0 1.0 1.0 1.0 1.0 1.0 1.0 1.0 1.0 1.0 1.0 1.0 1.0 1.0 1.0 1.0 1.0 1.0 1.0 1.0 1.0 1.0 1.0 1.0 1.0 1.0 1.0 1.0 1.0 1.0 1.0 1.0 1.0 1.0 1.0 1.0 1.0 1.0 1.0 1.0 1.0 1.0 1.0 1.0 1.0 1.0 1.0 1.0 1.0 1.0 1.0 1.0 1.0 1.0 1.0 1.0 1.0 1.0 1.0 1.0 
1.0 1.0 1.0 1.0 1.0 1.0 1.0 1.0 1.0 1.0 1.0 1.0 1.0 1.0 1.0 1.0 1.0 1.0 1.0 1.0 1.0 1.0 1.0 1.0 1.0 1.0 1.0 1.0 1.0 1.0 1.0 1.0 1.0 1.0 1.0 1.0 1.0 1.0 1.0 1.0 1.0 1.0 0.0 1.0 1.0 1.0 1.0 1.0 1.0 1.0 1.0 1.0 1.0 1.0 1.0 1.0 1.0 1.0 1.0 1.0 1.0 1.0 1.0 1.0 1.0 1.0 1.0 1.0 1.0 1.0 1.0 1.0 1.0 1.0 1.0 1.0 1.0 1.0 1.0 1.0 1.0 1.0 1.0 1.0 1.0 1.0 1.0 1.0 1.0 1.0 1.0 1.0 1.0 1.0 1.0 1.0 1.0 1.0 1.0 1.0 1.0 1.0 1.0 1.0 1.0 1.0 1.0 1.0 1.0 1.0 1.0 1.0 1.0 1.0 1.0 1.0 1.0 1.0 1.0 1.0 1.0 1.0 1.0 1.0 1.0 1.0 1.0 1.0 
1.0 1.0 1.0 1.0 1.0 1.0 1.0 1.0 1.0 1.0 1.0 1.0 1.0 1.0 1.0 1.0 1.0 1.0 1.0 1.0 1.0 1.0 1.0 1.0 1.0 1.0 1.0 1.0 1.0 1.0 1.0 1.0 1.0 1.0 1.0 1.0 1.0 1.0 1.0 1.0 1.0 1.0 1.0 0.0 1.0 1.0 1.0 1.0 1.0 1.0 1.0 1.0 1.0 1.0 1.0 1.0 1.0 1.0 1.0 1.0 1.0 1.0 1.0 1.0 1.0 1.0 1.0 1.0 1.0 1.0 1.0 1.0 1.0 1.0 1.0 1.0 1.0 1.0 1.0 1.0 1.0 1.0 1.0 1.0 1.0 1.0 1.0 1.0 1.0 1.0 1.0 1.0 1.0 1.0 1.0 1.0 1.0 1.0 1.0 1.0 1.0 1.0 1.0 1.0 1.0 1.0 1.0 1.0 1.0 1.0 1.0 1.0 1.0 1.0 1.0 1.0 1.0 1.0 1.0 1.0 1.0 1.0 1.0 1.0 1.0 1.0 1.0 1.0 
1.0 1.0 1.0 1.0 1.0 1.0 1.0 1.0 1.0 1.0 1.0 1.0 1.0 1.0 1.0 1.0 1.0 1.0 1.0 1.0 1.0 1.0 1.0 1.0 1.0 1.0 1.0 1.0 1.0 1.0 1.0 1.0 1.0 1.0 1.0 1.0 1.0 1.0 1.0 1.0 1.0 1.0 1.0 1.0 0.0 1.0 1.0 1.0 1.0 1.0 1.0 1.0 1.0 1.0 1.0 1.0 1.0 1.0 1.0 1.0 1.0 1.0 1.0 1.0 1.0 1.0 1.0 1.0 1.0 1.0 1.0 1.0 1.0 1.0 1.0 1.0 1.0 1.0 1.0 1.0 1.0 1.0 1.0 1.0 1.0 1.0 1.0 1.0 1.0 1.0 1.0 1.0 1.0 1.0 1.0 1.0 1.0 1.0 1.0 1.0 1.0 1.0 1.0 1.0 1.0 1.0 1.0 1.0 1.0 1.0 1.0 1.0 1.0 1.0 1.0 1.0 1.0 1.0 1.0 1.0 1.0 1.0 1.0 1.0 1.0 1.0 1.0 1.0 
1.0 1.0 1.0 1.0 1.0 1.0 1.0 1.0 1.0 1.0 1.0 1.0 1.0 1.0 1.0 1.0 1.0 1.0 1.0 1.0 1.0 1.0 1.0 1.0 1.0 1.0 1.0 1.0 1.0 1.0 1.0 1.0 1.0 1.0 1.0 1.0 1.0 1.0 1.0 1.0 1.0 1.0 1.0 1.0 1.0 0.0 1.0 1.0 1.0 1.0 1.0 1.0 1.0 1.0 1.0 1.0 1.0 1.0 1.0 1.0 1.0 1.0 1.0 1.0 1.0 1.0 1.0 1.0 1.0 1.0 1.0 1.0 1.0 1.0 1.0 1.0 1.0 1.0 1.0 1.0 1.0 1.0 1.0 1.0 1.0 1.0 1.0 1.0 1.0 1.0 1.0 1.0 1.0 1.0 1.0 1.0 1.0 1.0 1.0 1.0 1.0 1.0 1.0 1.0 1.0 1.0 1.0 1.0 1.0 1.0 1.0 1.0 1.0 1.0 1.0 1.0 1.0 1.0 1.0 1.0 1.0 1.0 1.0 1.0 1.0 1.0 1.0 1.0 
1.0 1.0 1.0 1.0 1.0 1.0 1.0 1.0 1.0 1.0 1.0 1.0 1.0 1.0 1.0 1.0 1.0 1.0 1.0 1.0 1.0 1.0 1.0 1.0 1.0 1.0 1.0 1.0 1.0 1.0 1.0 1.0 1.0 1.0 1.0 1.0 1.0 1.0 1.0 1.0 1.0 1.0 1.0 1.0 1.0 1.0 0.0 1.0 1.0 1.0 1.0 1.0 1.0 1.0 1.0 1.0 1.0 1.0 1.0 1.0 1.0 1.0 1.0 1.0 1.0 1.0 1.0 1.0 1.0 1.0 1.0 1.0 1.0 1.0 1.0 1.0 1.0 1.0 1.0 1.0 1.0 1.0 1.0 1.0 1.0 1.0 1.0 1.0 1.0 1.0 1.0 1.0 1.0 1.0 1.0 1.0 1.0 1.0 1.0 1.0 1.0 1.0 1.0 1.0 1.0 1.0 1.0 1.0 1.0 1.0 1.0 1.0 1.0 1.0 1.0 1.0 1.0 1.0 1.0 1.0 1.0 1.0 1.0 1.0 1.0 1.0 1.0 1.0 
1.0 1.0 1.0 1.0 1.0 1.0 1.0 1.0 1.0 1.0 1.0 1.0 1.0 1.0 1.0 1.0 1.0 1.0 1.0 1.0 1.0 1.0 1.0 1.0 1.0 1.0 1.0 1.0 1.0 1.0 1.0 1.0 1.0 1.0 1.0 1.0 1.0 1.0 1.0 1.0 1.0 1.0 1.0 1.0 1.0 1.0 1.0 0.0 1.0 1.0 1.0 1.0 1.0 1.0 1.0 1.0 1.0 1.0 1.0 1.0 1.0 1.0 1.0 1.0 1.0 1.0 1.0 1.0 1.0 1.0 1.0 1.0 1.0 1.0 1.0 1.0 1.0 1.0 1.0 1.0 1.0 1.0 1.0 1.0 1.0 1.0 1.0 1.0 1.0 1.0 1.0 1.0 1.0 1.0 1.0 1.0 1.0 1.0 1.0 1.0 1.0 1.0 1.0 1.0 1.0 1.0 1.0 1.0 1.0 1.0 1.0 1.0 1.0 1.0 1.0 1.0 1.0 1.0 1.0 1.0 1.0 1.0 1.0 1.0 1.0 1.0 1.0 1.0 
1.0 1.0 1.0 1.0 1.0 1.0 1.0 1.0 1.0 1.0 1.0 1.0 1.0 1.0 1.0 1.0 1.0 1.0 1.0 1.0 1.0 1.0 1.0 1.0 1.0 1.0 1.0 1.0 1.0 1.0 1.0 1.0 1.0 1.0 1.0 1.0 1.0 1.0 1.0 1.0 1.0 1.0 1.0 1.0 1.0 1.0 1.0 1.0 0.0 1.0 1.0 1.0 1.0 1.0 1.0 1.0 1.0 1.0 1.0 1.0 1.0 1.0 1.0 1.0 1.0 1.0 1.0 1.0 1.0 1.0 1.0 1.0 1.0 1.0 1.0 1.0 1.0 1.0 1.0 1.0 1.0 1.0 1.0 1.0 1.0 1.0 1.0 1.0 1.0 1.0 1.0 1.0 1.0 1.0 1.0 1.0 1.0 1.0 1.0 1.0 1.0 1.0 1.0 1.0 1.0 1.0 1.0 1.0 1.0 1.0 1.0 1.0 1.0 1.0 1.0 1.0 1.0 1.0 1.0 1.0 1.0 1.0 1.0 1.0 1.0 1.0 1.0 1.0 
1.0 1.0 1.0 1.0 1.0 1.0 1.0 1.0 1.0 1.0 1.0 1.0 1.0 1.0 1.0 1.0 1.0 1.0 1.0 1.0 1.0 1.0 1.0 1.0 1.0 1.0 1.0 1.0 1.0 1.0 1.0 1.0 1.0 1.0 1.0 1.0 1.0 1.0 1.0 1.0 1.0 1.0 1.0 1.0 1.0 1.0 1.0 1.0 1.0 0.0 1.0 1.0 1.0 1.0 1.0 1.0 1.0 1.0 1.0 1.0 1.0 1.0 1.0 1.0 1.0 1.0 1.0 1.0 1.0 1.0 1.0 1.0 1.0 1.0 1.0 1.0 1.0 1.0 1.0 1.0 1.0 1.0 1.0 1.0 1.0 1.0 1.0 1.0 1.0 1.0 1.0 1.0 1.0 1.0 1.0 1.0 1.0 1.0 1.0 1.0 1.0 1.0 1.0 1.0 1.0 1.0 1.0 1.0 1.0 1.0 1.0 1.0 1.0 1.0 1.0 1.0 1.0 1.0 1.0 1.0 1.0 1.0 1.0 1.0 1.0 1.0 1.0 1.0 
1.0 1.0 1.0 1.0 1.0 1.0 1.0 1.0 1.0 1.0 1.0 1.0 1.0 1.0 1.0 1.0 1.0 1.0 1.0 1.0 1.0 1.0 1.0 1.0 1.0 1.0 1.0 1.0 1.0 1.0 1.0 1.0 1.0 1.0 1.0 1.0 1.0 1.0 1.0 1.0 1.0 1.0 1.0 1.0 1.0 1.0 1.0 1.0 1.0 1.0 0.0 1.0 1.0 1.0 1.0 1.0 1.0 1.0 1.0 1.0 1.0 1.0 1.0 1.0 1.0 1.0 1.0 1.0 1.0 1.0 1.0 1.0 1.0 1.0 1.0 1.0 1.0 1.0 1.0 1.0 1.0 1.0 1.0 1.0 1.0 1.0 1.0 1.0 1.0 1.0 1.0 1.0 1.0 1.0 1.0 1.0 1.0 1.0 1.0 1.0 1.0 1.0 1.0 1.0 1.0 1.0 1.0 1.0 1.0 1.0 1.0 1.0 1.0 1.0 1.0 1.0 1.0 1.0 1.0 1.0 1.0 1.0 1.0 1.0 1.0 1.0 1.0 1.0 
1.0 1.0 1.0 1.0 1.0 1.0 1.0 1.0 1.0 1.0 1.0 1.0 1.0 1.0 1.0 1.0 1.0 1.0 1.0 1.0 1.0 1.0 1.0 1.0 1.0 1.0 1.0 1.0 1.0 1.0 1.0 1.0 1.0 1.0 1.0 1.0 1.0 1.0 1.0 1.0 1.0 1.0 1.0 1.0 1.0 1.0 1.0 1.0 1.0 1.0 1.0 0.0 1.0 1.0 1.0 1.0 1.0 1.0 1.0 1.0 1.0 1.0 1.0 1.0 1.0 1.0 1.0 1.0 1.0 1.0 1.0 1.0 1.0 1.0 1.0 1.0 1.0 1.0 1.0 1.0 1.0 1.0 1.0 1.0 1.0 1.0 1.0 1.0 1.0 1.0 1.0 1.0 1.0 1.0 1.0 1.0 1.0 1.0 1.0 1.0 1.0 1.0 1.0 1.0 1.0 1.0 1.0 1.0 1.0 1.0 1.0 1.0 1.0 1.0 1.0 1.0 1.0 1.0 1.0 1.0 1.0 1.0 1.0 1.0 1.0 1.0 1.0 1.0 
1.0 1.0 1.0 1.0 1.0 1.0 1.0 1.0 1.0 1.0 1.0 1.0 1.0 1.0 1.0 1.0 1.0 1.0 1.0 1.0 1.0 1.0 1.0 1.0 1.0 1.0 1.0 1.0 1.0 1.0 1.0 1.0 1.0 1.0 1.0 1.0 1.0 1.0 1.0 1.0 1.0 1.0 1.0 1.0 1.0 1.0 1.0 1.0 1.0 1.0 1.0 1.0 0.0 1.0 1.0 1.0 1.0 1.0 1.0 1.0 1.0 1.0 1.0 1.0 1.0 1.0 1.0 1.0 1.0 1.0 1.0 1.0 1.0 1.0 1.0 1.0 1.0 1.0 1.0 1.0 1.0 1.0 1.0 1.0 1.0 1.0 1.0 1.0 1.0 1.0 1.0 1.0 1.0 1.0 1.0 1.0 1.0 1.0 1.0 1.0 1.0 1.0 1.0 1.0 1.0 1.0 1.0 1.0 1.0 1.0 1.0 1.0 1.0 1.0 1.0 1.0 1.0 1.0 1.0 1.0 1.0 1.0 1.0 1.0 1.0 1.0 1.0 1.0 
1.0 1.0 1.0 1.0 1.0 1.0 1.0 1.0 1.0 1.0 1.0 1.0 1.0 1.0 1.0 1.0 1.0 1.0 1.0 1.0 1.0 1.0 1.0 1.0 1.0 1.0 1.0 1.0 1.0 1.0 1.0 1.0 1.0 1.0 1.0 1.0 1.0 1.0 1.0 1.0 1.0 1.0 1.0 1.0 1.0 1.0 1.0 1.0 1.0 1.0 1.0 1.0 1.0 0.0 1.0 1.0 1.0 1.0 1.0 1.0 1.0 1.0 1.0 1.0 1.0 1.0 1.0 1.0 1.0 1.0 1.0 1.0 1.0 1.0 1.0 1.0 1.0 1.0 1.0 1.0 1.0 1.0 1.0 1.0 1.0 1.0 1.0 1.0 1.0 1.0 1.0 1.0 1.0 1.0 1.0 1.0 1.0 1.0 1.0 1.0 1.0 1.0 1.0 1.0 1.0 1.0 1.0 1.0 1.0 1.0 1.0 1.0 1.0 1.0 1.0 1.0 1.0 1.0 1.0 1.0 1.0 1.0 1.0 1.0 1.0 1.0 1.0 1.0 
1.0 1.0 1.0 1.0 1.0 1.0 1.0 1.0 1.0 1.0 1.0 1.0 1.0 1.0 1.0 1.0 1.0 1.0 1.0 1.0 1.0 1.0 1.0 1.0 1.0 1.0 1.0 1.0 1.0 1.0 1.0 1.0 1.0 1.0 1.0 1.0 1.0 1.0 1.0 1.0 1.0 1.0 1.0 1.0 1.0 1.0 1.0 1.0 1.0 1.0 1.0 1.0 1.0 1.0 0.0 1.0 1.0 1.0 1.0 1.0 1.0 1.0 1.0 1.0 1.0 1.0 1.0 1.0 1.0 1.0 1.0 1.0 1.0 1.0 1.0 1.0 1.0 1.0 1.0 1.0 1.0 1.0 1.0 1.0 1.0 1.0 1.0 1.0 1.0 1.0 1.0 1.0 1.0 1.0 1.0 1.0 1.0 1.0 1.0 1.0 1.0 1.0 1.0 1.0 1.0 1.0 1.0 1.0 1.0 1.0 1.0 1.0 1.0 1.0 1.0 1.0 1.0 1.0 1.0 1.0 1.0 1.0 1.0 1.0 1.0 1.0 1.0 1.0 
1.0 1.0 1.0 1.0 1.0 1.0 1.0 1.0 1.0 1.0 1.0 1.0 1.0 1.0 1.0 1.0 1.0 1.0 1.0 1.0 1.0 1.0 1.0 1.0 1.0 1.0 1.0 1.0 1.0 1.0 1.0 1.0 1.0 1.0 1.0 1.0 1.0 1.0 1.0 1.0 1.0 1.0 1.0 1.0 1.0 1.0 1.0 1.0 1.0 1.0 1.0 1.0 1.0 1.0 1.0 0.0 1.0 1.0 1.0 1.0 1.0 1.0 1.0 1.0 1.0 1.0 1.0 1.0 1.0 1.0 1.0 1.0 1.0 1.0 1.0 1.0 1.0 1.0 1.0 1.0 1.0 1.0 1.0 1.0 1.0 1.0 1.0 1.0 1.0 1.0 1.0 1.0 1.0 1.0 1.0 1.0 1.0 1.0 1.0 1.0 1.0 1.0 1.0 1.0 1.0 1.0 1.0 1.0 1.0 1.0 1.0 1.0 1.0 1.0 1.0 1.0 1.0 1.0 1.0 1.0 1.0 1.0 1.0 1.0 1.0 1.0 1.0 1.0 
1.0 1.0 1.0 1.0 1.0 1.0 1.0 1.0 1.0 1.0 1.0 1.0 1.0 1.0 1.0 1.0 1.0 1.0 1.0 1.0 1.0 1.0 1.0 1.0 1.0 1.0 1.0 1.0 1.0 1.0 1.0 1.0 1.0 1.0 1.0 1.0 1.0 1.0 1.0 1.0 1.0 1.0 1.0 1.0 1.0 1.0 1.0 1.0 1.0 1.0 1.0 1.0 1.0 1.0 1.0 1.0 0.0 1.0 1.0 1.0 1.0 1.0 1.0 1.0 1.0 1.0 1.0 1.0 1.0 1.0 1.0 1.0 1.0 1.0 1.0 1.0 1.0 1.0 1.0 1.0 1.0 1.0 1.0 1.0 1.0 1.0 1.0 1.0 1.0 1.0 1.0 1.0 1.0 1.0 1.0 1.0 1.0 1.0 1.0 1.0 1.0 1.0 1.0 1.0 1.0 1.0 1.0 1.0 1.0 1.0 1.0 1.0 1.0 1.0 1.0 1.0 1.0 1.0 1.0 1.0 1.0 1.0 1.0 1.0 1.0 1.0 1.0 1.0 
1.0 1.0 1.0 1.0 1.0 1.0 1.0 1.0 1.0 1.0 1.0 1.0 1.0 1.0 1.0 1.0 1.0 1.0 1.0 1.0 1.0 1.0 1.0 1.0 1.0 1.0 1.0 1.0 1.0 1.0 1.0 1.0 1.0 1.0 1.0 1.0 1.0 1.0 1.0 1.0 1.0 1.0 1.0 1.0 1.0 1.0 1.0 1.0 1.0 1.0 1.0 1.0 1.0 1.0 1.0 1.0 1.0 0.0 1.0 1.0 1.0 1.0 1.0 1.0 1.0 1.0 1.0 1.0 1.0 1.0 1.0 1.0 1.0 1.0 1.0 1.0 1.0 1.0 1.0 1.0 1.0 1.0 1.0 1.0 1.0 1.0 1.0 1.0 1.0 1.0 1.0 1.0 1.0 1.0 1.0 1.0 1.0 1.0 1.0 1.0 1.0 1.0 1.0 1.0 1.0 1.0 1.0 1.0 1.0 1.0 1.0 1.0 1.0 1.0 1.0 1.0 1.0 1.0 1.0 1.0 1.0 1.0 1.0 1.0 1.0 1.0 1.0 1.0 
1.0 1.0 1.0 1.0 1.0 1.0 1.0 1.0 1.0 1.0 1.0 1.0 1.0 1.0 1.0 1.0 1.0 1.0 1.0 1.0 1.0 1.0 1.0 1.0 1.0 1.0 1.0 1.0 1.0 1.0 1.0 1.0 1.0 1.0 1.0 1.0 1.0 1.0 1.0 1.0 1.0 1.0 1.0 1.0 1.0 1.0 1.0 1.0 1.0 1.0 1.0 1.0 1.0 1.0 1.0 1.0 1.0 1.0 0.0 1.0 1.0 1.0 1.0 1.0 1.0 1.0 1.0 1.0 1.0 1.0 1.0 1.0 1.0 1.0 1.0 1.0 1.0 1.0 1.0 1.0 1.0 1.0 1.0 1.0 1.0 1.0 1.0 1.0 1.0 1.0 1.0 1.0 1.0 1.0 1.0 1.0 1.0 1.0 1.0 1.0 1.0 1.0 1.0 1.0 1.0 1.0 1.0 1.0 1.0 1.0 1.0 1.0 1.0 1.0 1.0 1.0 1.0 1.0 1.0 1.0 1.0 1.0 1.0 1.0 1.0 1.0 1.0 1.0 
1.0 1.0 1.0 1.0 1.0 1.0 1.0 1.0 1.0 1.0 1.0 1.0 1.0 1.0 1.0 1.0 1.0 1.0 1.0 1.0 1.0 1.0 1.0 1.0 1.0 1.0 1.0 1.0 1.0 1.0 1.0 1.0 1.0 1.0 1.0 1.0 1.0 1.0 1.0 1.0 1.0 1.0 1.0 1.0 1.0 1.0 1.0 1.0 1.0 1.0 1.0 1.0 1.0 1.0 1.0 1.0 1.0 1.0 1.0 0.0 1.0 1.0 1.0 1.0 1.0 1.0 1.0 1.0 1.0 1.0 1.0 1.0 1.0 1.0 1.0 1.0 1.0 1.0 1.0 1.0 1.0 1.0 1.0 1.0 1.0 1.0 1.0 1.0 1.0 1.0 1.0 1.0 1.0 1.0 1.0 1.0 1.0 1.0 1.0 1.0 1.0 1.0 1.0 1.0 1.0 1.0 1.0 1.0 1.0 1.0 1.0 1.0 1.0 1.0 1.0 1.0 1.0 1.0 1.0 1.0 1.0 1.0 1.0 1.0 1.0 1.0 1.0 1.0 
1.0 1.0 1.0 1.0 1.0 1.0 1.0 1.0 1.0 1.0 1.0 1.0 1.0 1.0 1.0 1.0 1.0 1.0 1.0 1.0 1.0 1.0 1.0 1.0 1.0 1.0 1.0 1.0 1.0 1.0 1.0 1.0 1.0 1.0 1.0 1.0 1.0 1.0 1.0 1.0 1.0 1.0 1.0 1.0 1.0 1.0 1.0 1.0 1.0 1.0 1.0 1.0 1.0 1.0 1.0 1.0 1.0 1.0 1.0 1.0 0.0 1.0 1.0 1.0 1.0 1.0 1.0 1.0 1.0 1.0 1.0 1.0 1.0 1.0 1.0 1.0 1.0 1.0 1.0 1.0 1.0 1.0 1.0 1.0 1.0 1.0 1.0 1.0 1.0 1.0 1.0 1.0 1.0 1.0 1.0 1.0 1.0 1.0 1.0 1.0 1.0 1.0 1.0 1.0 1.0 1.0 1.0 1.0 1.0 1.0 1.0 1.0 1.0 1.0 1.0 1.0 1.0 1.0 1.0 1.0 1.0 1.0 1.0 1.0 1.0 1.0 1.0 1.0 
1.0 1.0 1.0 1.0 1.0 1.0 1.0 1.0 1.0 1.0 1.0 1.0 1.0 1.0 1.0 1.0 1.0 1.0 1.0 1.0 1.0 1.0 1.0 1.0 1.0 1.0 1.0 1.0 1.0 1.0 1.0 1.0 1.0 1.0 1.0 1.0 1.0 1.0 1.0 1.0 1.0 1.0 1.0 1.0 1.0 1.0 1.0 1.0 1.0 1.0 1.0 1.0 1.0 1.0 1.0 1.0 1.0 1.0 1.0 1.0 1.0 0.0 1.0 1.0 1.0 1.0 1.0 1.0 1.0 1.0 1.0 1.0 1.0 1.0 1.0 1.0 1.0 1.0 1.0 1.0 1.0 1.0 1.0 1.0 1.0 1.0 1.0 1.0 1.0 1.0 1.0 1.0 1.0 1.0 1.0 1.0 1.0 1.0 1.0 1.0 1.0 1.0 1.0 1.0 1.0 1.0 1.0 1.0 1.0 1.0 1.0 1.0 1.0 1.0 1.0 1.0 1.0 1.0 1.0 1.0 1.0 1.0 1.0 1.0 1.0 1.0 1.0 1.0 
1.0 1.0 1.0 1.0 1.0 1.0 1.0 1.0 1.0 1.0 1.0 1.0 1.0 1.0 1.0 1.0 1.0 1.0 1.0 1.0 1.0 1.0 1.0 1.0 1.0 1.0 1.0 1.0 1.0 1.0 1.0 1.0 1.0 1.0 1.0 1.0 1.0 1.0 1.0 1.0 1.0 1.0 1.0 1.0 1.0 1.0 1.0 1.0 1.0 1.0 1.0 1.0 1.0 1.0 1.0 1.0 1.0 1.0 1.0 1.0 1.0 1.0 0.0 1.0 1.0 1.0 1.0 1.0 1.0 1.0 1.0 1.0 1.0 1.0 1.0 1.0 1.0 1.0 1.0 1.0 1.0 1.0 1.0 1.0 1.0 1.0 1.0 1.0 1.0 1.0 1.0 1.0 1.0 1.0 1.0 1.0 1.0 1.0 1.0 1.0 1.0 1.0 1.0 1.0 1.0 1.0 1.0 1.0 1.0 1.0 1.0 1.0 1.0 1.0 1.0 1.0 1.0 1.0 1.0 1.0 1.0 1.0 1.0 1.0 1.0 1.0 1.0 1.0 
1.0 1.0 1.0 1.0 1.0 1.0 1.0 1.0 1.0 1.0 1.0 1.0 1.0 1.0 1.0 1.0 1.0 1.0 1.0 1.0 1.0 1.0 1.0 1.0 1.0 1.0 1.0 1.0 1.0 1.0 1.0 1.0 1.0 1.0 1.0 1.0 1.0 1.0 1.0 1.0 1.0 1.0 1.0 1.0 1.0 1.0 1.0 1.0 1.0 1.0 1.0 1.0 1.0 1.0 1.0 1.0 1.0 1.0 1.0 1.0 1.0 1.0 1.0 0.0 1.0 1.0 1.0 1.0 1.0 1.0 1.0 1.0 1.0 1.0 1.0 1.0 1.0 1.0 1.0 1.0 1.0 1.0 1.0 1.0 1.0 1.0 1.0 1.0 1.0 1.0 1.0 1.0 1.0 1.0 1.0 1.0 1.0 1.0 1.0 1.0 1.0 1.0 1.0 1.0 1.0 1.0 1.0 1.0 1.0 1.0 1.0 1.0 1.0 1.0 1.0 1.0 1.0 1.0 1.0 1.0 1.0 1.0 1.0 1.0 1.0 1.0 1.0 1.0 
1.0 1.0 1.0 1.0 1.0 1.0 1.0 1.0 1.0 1.0 1.0 1.0 1.0 1.0 1.0 1.0 1.0 1.0 1.0 1.0 1.0 1.0 1.0 1.0 1.0 1.0 1.0 1.0 1.0 1.0 1.0 1.0 1.0 1.0 1.0 1.0 1.0 1.0 1.0 1.0 1.0 1.0 1.0 1.0 1.0 1.0 1.0 1.0 1.0 1.0 1.0 1.0 1.0 1.0 1.0 1.0 1.0 1.0 1.0 1.0 1.0 1.0 1.0 1.0 0.0 1.0 1.0 1.0 1.0 1.0 1.0 1.0 1.0 1.0 1.0 1.0 1.0 1.0 1.0 1.0 1.0 1.0 1.0 1.0 1.0 1.0 1.0 1.0 1.0 1.0 1.0 1.0 1.0 1.0 1.0 1.0 1.0 1.0 1.0 1.0 1.0 1.0 1.0 1.0 1.0 1.0 1.0 1.0 1.0 1.0 1.0 1.0 1.0 1.0 1.0 1.0 1.0 1.0 1.0 1.0 1.0 1.0 1.0 1.0 1.0 1.0 1.0 1.0 
1.0 1.0 1.0 1.0 1.0 1.0 1.0 1.0 1.0 1.0 1.0 1.0 1.0 1.0 1.0 1.0 1.0 1.0 1.0 1.0 1.0 1.0 1.0 1.0 1.0 1.0 1.0 1.0 1.0 1.0 1.0 1.0 1.0 1.0 1.0 1.0 1.0 1.0 1.0 1.0 1.0 1.0 1.0 1.0 1.0 1.0 1.0 1.0 1.0 1.0 1.0 1.0 1.0 1.0 1.0 1.0 1.0 1.0 1.0 1.0 1.0 1.0 1.0 1.0 1.0 0.0 1.0 1.0 1.0 1.0 1.0 1.0 1.0 1.0 1.0 1.0 1.0 1.0 1.0 1.0 1.0 1.0 1.0 1.0 1.0 1.0 1.0 1.0 1.0 1.0 1.0 1.0 1.0 1.0 1.0 1.0 1.0 1.0 1.0 1.0 1.0 1.0 1.0 1.0 1.0 1.0 1.0 1.0 1.0 1.0 1.0 1.0 1.0 1.0 1.0 1.0 1.0 1.0 1.0 1.0 1.0 1.0 1.0 1.0 1.0 1.0 1.0 1.0 
1.0 1.0 1.0 1.0 1.0 1.0 1.0 1.0 1.0 1.0 1.0 1.0 1.0 1.0 1.0 1.0 1.0 1.0 1.0 1.0 1.0 1.0 1.0 1.0 1.0 1.0 1.0 1.0 1.0 1.0 1.0 1.0 1.0 1.0 1.0 1.0 1.0 1.0 1.0 1.0 1.0 1.0 1.0 1.0 1.0 1.0 1.0 1.0 1.0 1.0 1.0 1.0 1.0 1.0 1.0 1.0 1.0 1.0 1.0 1.0 1.0 1.0 1.0 1.0 1.0 1.0 0.0 1.0 1.0 1.0 1.0 1.0 1.0 1.0 1.0 1.0 1.0 1.0 1.0 1.0 1.0 1.0 1.0 1.0 1.0 1.0 1.0 1.0 1.0 1.0 1.0 1.0 1.0 1.0 1.0 1.0 1.0 1.0 1.0 1.0 1.0 1.0 1.0 1.0 1.0 1.0 1.0 1.0 1.0 1.0 1.0 1.0 1.0 1.0 1.0 1.0 1.0 1.0 1.0 1.0 1.0 1.0 1.0 1.0 1.0 1.0 1.0 1.0 
1.0 1.0 1.0 1.0 1.0 1.0 1.0 1.0 1.0 1.0 1.0 1.0 1.0 1.0 1.0 1.0 1.0 1.0 1.0 1.0 1.0 1.0 1.0 1.0 1.0 1.0 1.0 1.0 1.0 1.0 1.0 1.0 1.0 1.0 1.0 1.0 1.0 1.0 1.0 1.0 1.0 1.0 1.0 1.0 1.0 1.0 1.0 1.0 1.0 1.0 1.0 1.0 1.0 1.0 1.0 1.0 1.0 1.0 1.0 1.0 1.0 1.0 1.0 1.0 1.0 1.0 1.0 0.0 1.0 1.0 1.0 1.0 1.0 1.0 1.0 1.0 1.0 1.0 1.0 1.0 1.0 1.0 1.0 1.0 1.0 1.0 1.0 1.0 1.0 1.0 1.0 1.0 1.0 1.0 1.0 1.0 1.0 1.0 1.0 1.0 1.0 1.0 1.0 1.0 1.0 1.0 1.0 1.0 1.0 1.0 1.0 1.0 1.0 1.0 1.0 1.0 1.0 1.0 1.0 1.0 1.0 1.0 1.0 1.0 1.0 1.0 1.0 1.0 
1.0 1.0 1.0 1.0 1.0 1.0 1.0 1.0 1.0 1.0 1.0 1.0 1.0 1.0 1.0 1.0 1.0 1.0 1.0 1.0 1.0 1.0 1.0 1.0 1.0 1.0 1.0 1.0 1.0 1.0 1.0 1.0 1.0 1.0 1.0 1.0 1.0 1.0 1.0 1.0 1.0 1.0 1.0 1.0 1.0 1.0 1.0 1.0 1.0 1.0 1.0 1.0 1.0 1.0 1.0 1.0 1.0 1.0 1.0 1.0 1.0 1.0 1.0 1.0 1.0 1.0 1.0 1.0 0.0 1.0 1.0 1.0 1.0 1.0 1.0 1.0 1.0 1.0 1.0 1.0 1.0 1.0 1.0 1.0 1.0 1.0 1.0 1.0 1.0 1.0 1.0 1.0 1.0 1.0 1.0 1.0 1.0 1.0 1.0 1.0 1.0 1.0 1.0 1.0 1.0 1.0 1.0 1.0 1.0 1.0 1.0 1.0 1.0 1.0 1.0 1.0 1.0 1.0 1.0 1.0 1.0 1.0 1.0 1.0 1.0 1.0 1.0 1.0 
1.0 1.0 1.0 1.0 1.0 1.0 1.0 1.0 1.0 1.0 1.0 1.0 1.0 1.0 1.0 1.0 1.0 1.0 1.0 1.0 1.0 1.0 1.0 1.0 1.0 1.0 1.0 1.0 1.0 1.0 1.0 1.0 1.0 1.0 1.0 1.0 1.0 1.0 1.0 1.0 1.0 1.0 1.0 1.0 1.0 1.0 1.0 1.0 1.0 1.0 1.0 1.0 1.0 1.0 1.0 1.0 1.0 1.0 1.0 1.0 1.0 1.0 1.0 1.0 1.0 1.0 1.0 1.0 1.0 0.0 1.0 1.0 1.0 1.0 1.0 1.0 1.0 1.0 1.0 1.0 1.0 1.0 1.0 1.0 1.0 1.0 1.0 1.0 1.0 1.0 1.0 1.0 1.0 1.0 1.0 1.0 1.0 1.0 1.0 1.0 1.0 1.0 1.0 1.0 1.0 1.0 1.0 1.0 1.0 1.0 1.0 1.0 1.0 1.0 1.0 1.0 1.0 1.0 1.0 1.0 1.0 1.0 1.0 1.0 1.0 1.0 1.0 1.0 
1.0 1.0 1.0 1.0 1.0 1.0 1.0 1.0 1.0 1.0 1.0 1.0 1.0 1.0 1.0 1.0 1.0 1.0 1.0 1.0 1.0 1.0 1.0 1.0 1.0 1.0 1.0 1.0 1.0 1.0 1.0 1.0 1.0 1.0 1.0 1.0 1.0 1.0 1.0 1.0 1.0 1.0 1.0 1.0 1.0 1.0 1.0 1.0 1.0 1.0 1.0 1.0 1.0 1.0 1.0 1.0 1.0 1.0 1.0 1.0 1.0 1.0 1.0 1.0 1.0 1.0 1.0 1.0 1.0 1.0 0.0 1.0 1.0 1.0 1.0 1.0 1.0 1.0 1.0 1.0 1.0 1.0 1.0 1.0 1.0 1.0 1.0 1.0 1.0 1.0 1.0 1.0 1.0 1.0 1.0 1.0 1.0 1.0 1.0 1.0 1.0 1.0 1.0 1.0 1.0 1.0 1.0 1.0 1.0 1.0 1.0 1.0 1.0 1.0 1.0 1.0 1.0 1.0 1.0 1.0 1.0 1.0 1.0 1.0 1.0 1.0 1.0 1.0 
1.0 1.0 1.0 1.0 1.0 1.0 1.0 1.0 1.0 1.0 1.0 1.0 1.0 1.0 1.0 1.0 1.0 1.0 1.0 1.0 1.0 1.0 1.0 1.0 1.0 1.0 1.0 1.0 1.0 1.0 1.0 1.0 1.0 1.0 1.0 1.0 1.0 1.0 1.0 1.0 1.0 1.0 1.0 1.0 1.0 1.0 1.0 1.0 1.0 1.0 1.0 1.0 1.0 1.0 1.0 1.0 1.0 1.0 1.0 1.0 1.0 1.0 1.0 1.0 1.0 1.0 1.0 1.0 1.0 1.0 1.0 0.0 1.0 1.0 1.0 1.0 1.0 1.0 1.0 1.0 1.0 1.0 1.0 1.0 1.0 1.0 1.0 1.0 1.0 1.0 1.0 1.0 1.0 1.0 1.0 1.0 1.0 1.0 1.0 1.0 1.0 1.0 1.0 1.0 1.0 1.0 1.0 1.0 1.0 1.0 1.0 1.0 1.0 1.0 1.0 1.0 1.0 1.0 1.0 1.0 1.0 1.0 1.0 1.0 1.0 1.0 1.0 1.0 
1.0 1.0 1.0 1.0 1.0 1.0 1.0 1.0 1.0 1.0 1.0 1.0 1.0 1.0 1.0 1.0 1.0 1.0 1.0 1.0 1.0 1.0 1.0 1.0 1.0 1.0 1.0 1.0 1.0 1.0 1.0 1.0 1.0 1.0 1.0 1.0 1.0 1.0 1.0 1.0 1.0 1.0 1.0 1.0 1.0 1.0 1.0 1.0 1.0 1.0 1.0 1.0 1.0 1.0 1.0 1.0 1.0 1.0 1.0 1.0 1.0 1.0 1.0 1.0 1.0 1.0 1.0 1.0 1.0 1.0 1.0 1.0 0.0 1.0 1.0 1.0 1.0 1.0 1.0 1.0 1.0 1.0 1.0 1.0 1.0 1.0 1.0 1.0 1.0 1.0 1.0 1.0 1.0 1.0 1.0 1.0 1.0 1.0 1.0 1.0 1.0 1.0 1.0 1.0 1.0 1.0 1.0 1.0 1.0 1.0 1.0 1.0 1.0 1.0 1.0 1.0 1.0 1.0 1.0 1.0 1.0 1.0 1.0 1.0 1.0 1.0 1.0 1.0 
1.0 1.0 1.0 1.0 1.0 1.0 1.0 1.0 1.0 1.0 1.0 1.0 1.0 1.0 1.0 1.0 1.0 1.0 1.0 1.0 1.0 1.0 1.0 1.0 1.0 1.0 1.0 1.0 1.0 1.0 1.0 1.0 1.0 1.0 1.0 1.0 1.0 1.0 1.0 1.0 1.0 1.0 1.0 1.0 1.0 1.0 1.0 1.0 1.0 1.0 1.0 1.0 1.0 1.0 1.0 1.0 1.0 1.0 1.0 1.0 1.0 1.0 1.0 1.0 1.0 1.0 1.0 1.0 1.0 1.0 1.0 1.0 1.0 0.0 1.0 1.0 1.0 1.0 1.0 1.0 1.0 1.0 1.0 1.0 1.0 1.0 1.0 1.0 1.0 1.0 1.0 1.0 1.0 1.0 1.0 1.0 1.0 1.0 1.0 1.0 1.0 1.0 1.0 1.0 1.0 1.0 1.0 1.0 1.0 1.0 1.0 1.0 1.0 1.0 1.0 1.0 1.0 1.0 1.0 1.0 1.0 1.0 1.0 1.0 1.0 1.0 1.0 1.0 
1.0 1.0 1.0 1.0 1.0 1.0 1.0 1.0 1.0 1.0 1.0 1.0 1.0 1.0 1.0 1.0 1.0 1.0 1.0 1.0 1.0 1.0 1.0 1.0 1.0 1.0 1.0 1.0 1.0 1.0 1.0 1.0 1.0 1.0 1.0 1.0 1.0 1.0 1.0 1.0 1.0 1.0 1.0 1.0 1.0 1.0 1.0 1.0 1.0 1.0 1.0 1.0 1.0 1.0 1.0 1.0 1.0 1.0 1.0 1.0 1.0 1.0 1.0 1.0 1.0 1.0 1.0 1.0 1.0 1.0 1.0 1.0 1.0 1.0 0.0 1.0 1.0 1.0 1.0 1.0 1.0 1.0 1.0 1.0 1.0 1.0 1.0 1.0 1.0 1.0 1.0 1.0 1.0 1.0 1.0 1.0 1.0 1.0 1.0 1.0 1.0 1.0 1.0 1.0 1.0 1.0 1.0 1.0 1.0 1.0 1.0 1.0 1.0 1.0 1.0 1.0 1.0 1.0 1.0 1.0 1.0 1.0 1.0 1.0 1.0 1.0 1.0 1.0 
1.0 1.0 1.0 1.0 1.0 1.0 1.0 1.0 1.0 1.0 1.0 1.0 1.0 1.0 1.0 1.0 1.0 1.0 1.0 1.0 1.0 1.0 1.0 1.0 1.0 1.0 1.0 1.0 1.0 1.0 1.0 1.0 1.0 1.0 1.0 1.0 1.0 1.0 1.0 1.0 1.0 1.0 1.0 1.0 1.0 1.0 1.0 1.0 1.0 1.0 1.0 1.0 1.0 1.0 1.0 1.0 1.0 1.0 1.0 1.0 1.0 1.0 1.0 1.0 1.0 1.0 1.0 1.0 1.0 1.0 1.0 1.0 1.0 1.0 1.0 0.0 1.0 1.0 1.0 1.0 1.0 1.0 1.0 1.0 1.0 1.0 1.0 1.0 1.0 1.0 1.0 1.0 1.0 1.0 1.0 1.0 1.0 1.0 1.0 1.0 1.0 1.0 1.0 1.0 1.0 1.0 1.0 1.0 1.0 1.0 1.0 1.0 1.0 1.0 1.0 1.0 1.0 1.0 1.0 1.0 1.0 1.0 1.0 1.0 1.0 1.0 1.0 1.0 
1.0 1.0 1.0 1.0 1.0 1.0 1.0 1.0 1.0 1.0 1.0 1.0 1.0 1.0 1.0 1.0 1.0 1.0 1.0 1.0 1.0 1.0 1.0 1.0 1.0 1.0 1.0 1.0 1.0 1.0 1.0 1.0 1.0 1.0 1.0 1.0 1.0 1.0 1.0 1.0 1.0 1.0 1.0 1.0 1.0 1.0 1.0 1.0 1.0 1.0 1.0 1.0 1.0 1.0 1.0 1.0 1.0 1.0 1.0 1.0 1.0 1.0 1.0 1.0 1.0 1.0 1.0 1.0 1.0 1.0 1.0 1.0 1.0 1.0 1.0 1.0 0.0 1.0 1.0 1.0 1.0 1.0 1.0 1.0 1.0 1.0 1.0 1.0 1.0 1.0 1.0 1.0 1.0 1.0 1.0 1.0 1.0 1.0 1.0 1.0 1.0 1.0 1.0 1.0 1.0 1.0 1.0 1.0 1.0 1.0 1.0 1.0 1.0 1.0 1.0 1.0 1.0 1.0 1.0 1.0 1.0 1.0 1.0 1.0 1.0 1.0 1.0 1.0 
1.0 1.0 1.0 1.0 1.0 1.0 1.0 1.0 1.0 1.0 1.0 1.0 1.0 1.0 1.0 1.0 1.0 1.0 1.0 1.0 1.0 1.0 1.0 1.0 1.0 1.0 1.0 1.0 1.0 1.0 1.0 1.0 1.0 1.0 1.0 1.0 1.0 1.0 1.0 1.0 1.0 1.0 1.0 1.0 1.0 1.0 1.0 1.0 1.0 1.0 1.0 1.0 1.0 1.0 1.0 1.0 1.0 1.0 1.0 1.0 1.0 1.0 1.0 1.0 1.0 1.0 1.0 1.0 1.0 1.0 1.0 1.0 1.0 1.0 1.0 1.0 1.0 0.0 1.0 1.0 1.0 1.0 1.0 1.0 1.0 1.0 1.0 1.0 1.0 1.0 1.0 1.0 1.0 1.0 1.0 1.0 1.0 1.0 1.0 1.0 1.0 1.0 1.0 1.0 1.0 1.0 1.0 1.0 1.0 1.0 1.0 1.0 1.0 1.0 1.0 1.0 1.0 1.0 1.0 1.0 1.0 1.0 1.0 1.0 1.0 1.0 1.0 1.0 
1.0 1.0 1.0 1.0 1.0 1.0 1.0 1.0 1.0 1.0 1.0 1.0 1.0 1.0 1.0 1.0 1.0 1.0 1.0 1.0 1.0 1.0 1.0 1.0 1.0 1.0 1.0 1.0 1.0 1.0 1.0 1.0 1.0 1.0 1.0 1.0 1.0 1.0 1.0 1.0 1.0 1.0 1.0 1.0 1.0 1.0 1.0 1.0 1.0 1.0 1.0 1.0 1.0 1.0 1.0 1.0 1.0 1.0 1.0 1.0 1.0 1.0 1.0 1.0 1.0 1.0 1.0 1.0 1.0 1.0 1.0 1.0 1.0 1.0 1.0 1.0 1.0 1.0 0.0 1.0 1.0 1.0 1.0 1.0 1.0 1.0 1.0 1.0 1.0 1.0 1.0 1.0 1.0 1.0 1.0 1.0 1.0 1.0 1.0 1.0 1.0 1.0 1.0 1.0 1.0 1.0 1.0 1.0 1.0 1.0 1.0 1.0 1.0 1.0 1.0 1.0 1.0 1.0 1.0 1.0 1.0 1.0 1.0 1.0 1.0 1.0 1.0 1.0 
1.0 1.0 1.0 1.0 1.0 1.0 1.0 1.0 1.0 1.0 1.0 1.0 1.0 1.0 1.0 1.0 1.0 1.0 1.0 1.0 1.0 1.0 1.0 1.0 1.0 1.0 1.0 1.0 1.0 1.0 1.0 1.0 1.0 1.0 1.0 1.0 1.0 1.0 1.0 1.0 1.0 1.0 1.0 1.0 1.0 1.0 1.0 1.0 1.0 1.0 1.0 1.0 1.0 1.0 1.0 1.0 1.0 1.0 1.0 1.0 1.0 1.0 1.0 1.0 1.0 1.0 1.0 1.0 1.0 1.0 1.0 1.0 1.0 1.0 1.0 1.0 1.0 1.0 1.0 0.0 1.0 1.0 1.0 1.0 1.0 1.0 1.0 1.0 1.0 1.0 1.0 1.0 1.0 1.0 1.0 1.0 1.0 1.0 1.0 1.0 1.0 1.0 1.0 1.0 1.0 1.0 1.0 1.0 1.0 1.0 1.0 1.0 1.0 1.0 1.0 1.0 1.0 1.0 1.0 1.0 1.0 1.0 1.0 1.0 1.0 1.0 1.0 1.0 
1.0 1.0 1.0 1.0 1.0 1.0 1.0 1.0 1.0 1.0 1.0 1.0 1.0 1.0 1.0 1.0 1.0 1.0 1.0 1.0 1.0 1.0 1.0 1.0 1.0 1.0 1.0 1.0 1.0 1.0 1.0 1.0 1.0 1.0 1.0 1.0 1.0 1.0 1.0 1.0 1.0 1.0 1.0 1.0 1.0 1.0 1.0 1.0 1.0 1.0 1.0 1.0 1.0 1.0 1.0 1.0 1.0 1.0 1.0 1.0 1.0 1.0 1.0 1.0 1.0 1.0 1.0 1.0 1.0 1.0 1.0 1.0 1.0 1.0 1.0 1.0 1.0 1.0 1.0 1.0 0.0 1.0 1.0 1.0 1.0 1.0 1.0 1.0 1.0 1.0 1.0 1.0 1.0 1.0 1.0 1.0 1.0 1.0 1.0 1.0 1.0 1.0 1.0 1.0 1.0 1.0 1.0 1.0 1.0 1.0 1.0 1.0 1.0 1.0 1.0 1.0 1.0 1.0 1.0 1.0 1.0 1.0 1.0 1.0 1.0 1.0 1.0 1.0 
1.0 1.0 1.0 1.0 1.0 1.0 1.0 1.0 1.0 1.0 1.0 1.0 1.0 1.0 1.0 1.0 1.0 1.0 1.0 1.0 1.0 1.0 1.0 1.0 1.0 1.0 1.0 1.0 1.0 1.0 1.0 1.0 1.0 1.0 1.0 1.0 1.0 1.0 1.0 1.0 1.0 1.0 1.0 1.0 1.0 1.0 1.0 1.0 1.0 1.0 1.0 1.0 1.0 1.0 1.0 1.0 1.0 1.0 1.0 1.0 1.0 1.0 1.0 1.0 1.0 1.0 1.0 1.0 1.0 1.0 1.0 1.0 1.0 1.0 1.0 1.0 1.0 1.0 1.0 1.0 1.0 0.0 1.0 1.0 1.0 1.0 1.0 1.0 1.0 1.0 1.0 1.0 1.0 1.0 1.0 1.0 1.0 1.0 1.0 1.0 1.0 1.0 1.0 1.0 1.0 1.0 1.0 1.0 1.0 1.0 1.0 1.0 1.0 1.0 1.0 1.0 1.0 1.0 1.0 1.0 1.0 1.0 1.0 1.0 1.0 1.0 1.0 1.0 
1.0 1.0 1.0 1.0 1.0 1.0 1.0 1.0 1.0 1.0 1.0 1.0 1.0 1.0 1.0 1.0 1.0 1.0 1.0 1.0 1.0 1.0 1.0 1.0 1.0 1.0 1.0 1.0 1.0 1.0 1.0 1.0 1.0 1.0 1.0 1.0 1.0 1.0 1.0 1.0 1.0 1.0 1.0 1.0 1.0 1.0 1.0 1.0 1.0 1.0 1.0 1.0 1.0 1.0 1.0 1.0 1.0 1.0 1.0 1.0 1.0 1.0 1.0 1.0 1.0 1.0 1.0 1.0 1.0 1.0 1.0 1.0 1.0 1.0 1.0 1.0 1.0 1.0 1.0 1.0 1.0 1.0 0.0 1.0 1.0 1.0 1.0 1.0 1.0 1.0 1.0 1.0 1.0 1.0 1.0 1.0 1.0 1.0 1.0 1.0 1.0 1.0 1.0 1.0 1.0 1.0 1.0 1.0 1.0 1.0 1.0 1.0 1.0 1.0 1.0 1.0 1.0 1.0 1.0 1.0 1.0 1.0 1.0 1.0 1.0 1.0 1.0 1.0 
1.0 1.0 1.0 1.0 1.0 1.0 1.0 1.0 1.0 1.0 1.0 1.0 1.0 1.0 1.0 1.0 1.0 1.0 1.0 1.0 1.0 1.0 1.0 1.0 1.0 1.0 1.0 1.0 1.0 1.0 1.0 1.0 1.0 1.0 1.0 1.0 1.0 1.0 1.0 1.0 1.0 1.0 1.0 1.0 1.0 1.0 1.0 1.0 1.0 1.0 1.0 1.0 1.0 1.0 1.0 1.0 1.0 1.0 1.0 1.0 1.0 1.0 1.0 1.0 1.0 1.0 1.0 1.0 1.0 1.0 1.0 1.0 1.0 1.0 1.0 1.0 1.0 1.0 1.0 1.0 1.0 1.0 1.0 0.0 1.0 1.0 1.0 1.0 1.0 1.0 1.0 1.0 1.0 1.0 1.0 1.0 1.0 1.0 1.0 1.0 1.0 1.0 1.0 1.0 1.0 1.0 1.0 1.0 1.0 1.0 1.0 1.0 1.0 1.0 1.0 1.0 1.0 1.0 1.0 1.0 1.0 1.0 1.0 1.0 1.0 1.0 1.0 1.0 
1.0 1.0 1.0 1.0 1.0 1.0 1.0 1.0 1.0 1.0 1.0 1.0 1.0 1.0 1.0 1.0 1.0 1.0 1.0 1.0 1.0 1.0 1.0 1.0 1.0 1.0 1.0 1.0 1.0 1.0 1.0 1.0 1.0 1.0 1.0 1.0 1.0 1.0 1.0 1.0 1.0 1.0 1.0 1.0 1.0 1.0 1.0 1.0 1.0 1.0 1.0 1.0 1.0 1.0 1.0 1.0 1.0 1.0 1.0 1.0 1.0 1.0 1.0 1.0 1.0 1.0 1.0 1.0 1.0 1.0 1.0 1.0 1.0 1.0 1.0 1.0 1.0 1.0 1.0 1.0 1.0 1.0 1.0 1.0 0.0 1.0 1.0 1.0 1.0 1.0 1.0 1.0 1.0 1.0 1.0 1.0 1.0 1.0 1.0 1.0 1.0 1.0 1.0 1.0 1.0 1.0 1.0 1.0 1.0 1.0 1.0 1.0 1.0 1.0 1.0 1.0 1.0 1.0 1.0 1.0 1.0 1.0 1.0 1.0 1.0 1.0 1.0 1.0 
1.0 1.0 1.0 1.0 1.0 1.0 1.0 1.0 1.0 1.0 1.0 1.0 1.0 1.0 1.0 1.0 1.0 1.0 1.0 1.0 1.0 1.0 1.0 1.0 1.0 1.0 1.0 1.0 1.0 1.0 1.0 1.0 1.0 1.0 1.0 1.0 1.0 1.0 1.0 1.0 1.0 1.0 1.0 1.0 1.0 1.0 1.0 1.0 1.0 1.0 1.0 1.0 1.0 1.0 1.0 1.0 1.0 1.0 1.0 1.0 1.0 1.0 1.0 1.0 1.0 1.0 1.0 1.0 1.0 1.0 1.0 1.0 1.0 1.0 1.0 1.0 1.0 1.0 1.0 1.0 1.0 1.0 1.0 1.0 1.0 0.0 1.0 1.0 1.0 1.0 1.0 1.0 1.0 1.0 1.0 1.0 1.0 1.0 1.0 1.0 1.0 1.0 1.0 1.0 1.0 1.0 1.0 1.0 1.0 1.0 1.0 1.0 1.0 1.0 1.0 1.0 1.0 1.0 1.0 1.0 1.0 1.0 1.0 1.0 1.0 1.0 1.0 1.0 
1.0 1.0 1.0 1.0 1.0 1.0 1.0 1.0 1.0 1.0 1.0 1.0 1.0 1.0 1.0 1.0 1.0 1.0 1.0 1.0 1.0 1.0 1.0 1.0 1.0 1.0 1.0 1.0 1.0 1.0 1.0 1.0 1.0 1.0 1.0 1.0 1.0 1.0 1.0 1.0 1.0 1.0 1.0 1.0 1.0 1.0 1.0 1.0 1.0 1.0 1.0 1.0 1.0 1.0 1.0 1.0 1.0 1.0 1.0 1.0 1.0 1.0 1.0 1.0 1.0 1.0 1.0 1.0 1.0 1.0 1.0 1.0 1.0 1.0 1.0 1.0 1.0 1.0 1.0 1.0 1.0 1.0 1.0 1.0 1.0 1.0 0.0 1.0 1.0 1.0 1.0 1.0 1.0 1.0 1.0 1.0 1.0 1.0 1.0 1.0 1.0 1.0 1.0 1.0 1.0 1.0 1.0 1.0 1.0 1.0 1.0 1.0 1.0 1.0 1.0 1.0 1.0 1.0 1.0 1.0 1.0 1.0 1.0 1.0 1.0 1.0 1.0 1.0 
1.0 1.0 1.0 1.0 1.0 1.0 1.0 1.0 1.0 1.0 1.0 1.0 1.0 1.0 1.0 1.0 1.0 1.0 1.0 1.0 1.0 1.0 1.0 1.0 1.0 1.0 1.0 1.0 1.0 1.0 1.0 1.0 1.0 1.0 1.0 1.0 1.0 1.0 1.0 1.0 1.0 1.0 1.0 1.0 1.0 1.0 1.0 1.0 1.0 1.0 1.0 1.0 1.0 1.0 1.0 1.0 1.0 1.0 1.0 1.0 1.0 1.0 1.0 1.0 1.0 1.0 1.0 1.0 1.0 1.0 1.0 1.0 1.0 1.0 1.0 1.0 1.0 1.0 1.0 1.0 1.0 1.0 1.0 1.0 1.0 1.0 1.0 0.0 1.0 1.0 1.0 1.0 1.0 1.0 1.0 1.0 1.0 1.0 1.0 1.0 1.0 1.0 1.0 1.0 1.0 1.0 1.0 1.0 1.0 1.0 1.0 1.0 1.0 1.0 1.0 1.0 1.0 1.0 1.0 1.0 1.0 1.0 1.0 1.0 1.0 1.0 1.0 1.0 
1.0 1.0 1.0 1.0 1.0 1.0 1.0 1.0 1.0 1.0 1.0 1.0 1.0 1.0 1.0 1.0 1.0 1.0 1.0 1.0 1.0 1.0 1.0 1.0 1.0 1.0 1.0 1.0 1.0 1.0 1.0 1.0 1.0 1.0 1.0 1.0 1.0 1.0 1.0 1.0 1.0 1.0 1.0 1.0 1.0 1.0 1.0 1.0 1.0 1.0 1.0 1.0 1.0 1.0 1.0 1.0 1.0 1.0 1.0 1.0 1.0 1.0 1.0 1.0 1.0 1.0 1.0 1.0 1.0 1.0 1.0 1.0 1.0 1.0 1.0 1.0 1.0 1.0 1.0 1.0 1.0 1.0 1.0 1.0 1.0 1.0 1.0 1.0 0.0 1.0 1.0 1.0 1.0 1.0 1.0 1.0 1.0 1.0 1.0 1.0 1.0 1.0 1.0 1.0 1.0 1.0 1.0 1.0 1.0 1.0 1.0 1.0 1.0 1.0 1.0 1.0 1.0 1.0 1.0 1.0 1.0 1.0 1.0 1.0 1.0 1.0 1.0 1.0 
1.0 1.0 1.0 1.0 1.0 1.0 1.0 1.0 1.0 1.0 1.0 1.0 1.0 1.0 1.0 1.0 1.0 1.0 1.0 1.0 1.0 1.0 1.0 1.0 1.0 1.0 1.0 1.0 1.0 1.0 1.0 1.0 1.0 1.0 1.0 1.0 1.0 1.0 1.0 1.0 1.0 1.0 1.0 1.0 1.0 1.0 1.0 1.0 1.0 1.0 1.0 1.0 1.0 1.0 1.0 1.0 1.0 1.0 1.0 1.0 1.0 1.0 1.0 1.0 1.0 1.0 1.0 1.0 1.0 1.0 1.0 1.0 1.0 1.0 1.0 1.0 1.0 1.0 1.0 1.0 1.0 1.0 1.0 1.0 1.0 1.0 1.0 1.0 1.0 0.0 1.0 1.0 1.0 1.0 1.0 1.0 1.0 1.0 1.0 1.0 1.0 1.0 1.0 1.0 1.0 1.0 1.0 1.0 1.0 1.0 1.0 1.0 1.0 1.0 1.0 1.0 1.0 1.0 1.0 1.0 1.0 1.0 1.0 1.0 1.0 1.0 1.0 1.0 
1.0 1.0 1.0 1.0 1.0 1.0 1.0 1.0 1.0 1.0 1.0 1.0 1.0 1.0 1.0 1.0 1.0 1.0 1.0 1.0 1.0 1.0 1.0 1.0 1.0 1.0 1.0 1.0 1.0 1.0 1.0 1.0 1.0 1.0 1.0 1.0 1.0 1.0 1.0 1.0 1.0 1.0 1.0 1.0 1.0 1.0 1.0 1.0 1.0 1.0 1.0 1.0 1.0 1.0 1.0 1.0 1.0 1.0 1.0 1.0 1.0 1.0 1.0 1.0 1.0 1.0 1.0 1.0 1.0 1.0 1.0 1.0 1.0 1.0 1.0 1.0 1.0 1.0 1.0 1.0 1.0 1.0 1.0 1.0 1.0 1.0 1.0 1.0 1.0 1.0 0.0 1.0 1.0 1.0 1.0 1.0 1.0 1.0 1.0 1.0 1.0 1.0 1.0 1.0 1.0 1.0 1.0 1.0 1.0 1.0 1.0 1.0 1.0 1.0 1.0 1.0 1.0 1.0 1.0 1.0 1.0 1.0 1.0 1.0 1.0 1.0 1.0 1.0 
1.0 1.0 1.0 1.0 1.0 1.0 1.0 1.0 1.0 1.0 1.0 1.0 1.0 1.0 1.0 1.0 1.0 1.0 1.0 1.0 1.0 1.0 1.0 1.0 1.0 1.0 1.0 1.0 1.0 1.0 1.0 1.0 1.0 1.0 1.0 1.0 1.0 1.0 1.0 1.0 1.0 1.0 1.0 1.0 1.0 1.0 1.0 1.0 1.0 1.0 1.0 1.0 1.0 1.0 1.0 1.0 1.0 1.0 1.0 1.0 1.0 1.0 1.0 1.0 1.0 1.0 1.0 1.0 1.0 1.0 1.0 1.0 1.0 1.0 1.0 1.0 1.0 1.0 1.0 1.0 1.0 1.0 1.0 1.0 1.0 1.0 1.0 1.0 1.0 1.0 1.0 0.0 1.0 1.0 1.0 1.0 1.0 1.0 1.0 1.0 1.0 1.0 1.0 1.0 1.0 1.0 1.0 1.0 1.0 1.0 1.0 1.0 1.0 1.0 1.0 1.0 1.0 1.0 1.0 1.0 1.0 1.0 1.0 1.0 1.0 1.0 1.0 1.0 
1.0 1.0 1.0 1.0 1.0 1.0 1.0 1.0 1.0 1.0 1.0 1.0 1.0 1.0 1.0 1.0 1.0 1.0 1.0 1.0 1.0 1.0 1.0 1.0 1.0 1.0 1.0 1.0 1.0 1.0 1.0 1.0 1.0 1.0 1.0 1.0 1.0 1.0 1.0 1.0 1.0 1.0 1.0 1.0 1.0 1.0 1.0 1.0 1.0 1.0 1.0 1.0 1.0 1.0 1.0 1.0 1.0 1.0 1.0 1.0 1.0 1.0 1.0 1.0 1.0 1.0 1.0 1.0 1.0 1.0 1.0 1.0 1.0 1.0 1.0 1.0 1.0 1.0 1.0 1.0 1.0 1.0 1.0 1.0 1.0 1.0 1.0 1.0 1.0 1.0 1.0 1.0 0.0 1.0 1.0 1.0 1.0 1.0 1.0 1.0 1.0 1.0 1.0 1.0 1.0 1.0 1.0 1.0 1.0 1.0 1.0 1.0 1.0 1.0 1.0 1.0 1.0 1.0 1.0 1.0 1.0 1.0 1.0 1.0 1.0 1.0 1.0 1.0 
1.0 1.0 1.0 1.0 1.0 1.0 1.0 1.0 1.0 1.0 1.0 1.0 1.0 1.0 1.0 1.0 1.0 1.0 1.0 1.0 1.0 1.0 1.0 1.0 1.0 1.0 1.0 1.0 1.0 1.0 1.0 1.0 1.0 1.0 1.0 1.0 1.0 1.0 1.0 1.0 1.0 1.0 1.0 1.0 1.0 1.0 1.0 1.0 1.0 1.0 1.0 1.0 1.0 1.0 1.0 1.0 1.0 1.0 1.0 1.0 1.0 1.0 1.0 1.0 1.0 1.0 1.0 1.0 1.0 1.0 1.0 1.0 1.0 1.0 1.0 1.0 1.0 1.0 1.0 1.0 1.0 1.0 1.0 1.0 1.0 1.0 1.0 1.0 1.0 1.0 1.0 1.0 1.0 0.0 1.0 1.0 1.0 1.0 1.0 1.0 1.0 1.0 1.0 1.0 1.0 1.0 1.0 1.0 1.0 1.0 1.0 1.0 1.0 1.0 1.0 1.0 1.0 1.0 1.0 1.0 1.0 1.0 1.0 1.0 1.0 1.0 1.0 1.0 
1.0 1.0 1.0 1.0 1.0 1.0 1.0 1.0 1.0 1.0 1.0 1.0 1.0 1.0 1.0 1.0 1.0 1.0 1.0 1.0 1.0 1.0 1.0 1.0 1.0 1.0 1.0 1.0 1.0 1.0 1.0 1.0 1.0 1.0 1.0 1.0 1.0 1.0 1.0 1.0 1.0 1.0 1.0 1.0 1.0 1.0 1.0 1.0 1.0 1.0 1.0 1.0 1.0 1.0 1.0 1.0 1.0 1.0 1.0 1.0 1.0 1.0 1.0 1.0 1.0 1.0 1.0 1.0 1.0 1.0 1.0 1.0 1.0 1.0 1.0 1.0 1.0 1.0 1.0 1.0 1.0 1.0 1.0 1.0 1.0 1.0 1.0 1.0 1.0 1.0 1.0 1.0 1.0 1.0 0.0 1.0 1.0 1.0 1.0 1.0 1.0 1.0 1.0 1.0 1.0 1.0 1.0 1.0 1.0 1.0 1.0 1.0 1.0 1.0 1.0 1.0 1.0 1.0 1.0 1.0 1.0 1.0 1.0 1.0 1.0 1.0 1.0 1.0 
1.0 1.0 1.0 1.0 1.0 1.0 1.0 1.0 1.0 1.0 1.0 1.0 1.0 1.0 1.0 1.0 1.0 1.0 1.0 1.0 1.0 1.0 1.0 1.0 1.0 1.0 1.0 1.0 1.0 1.0 1.0 1.0 1.0 1.0 1.0 1.0 1.0 1.0 1.0 1.0 1.0 1.0 1.0 1.0 1.0 1.0 1.0 1.0 1.0 1.0 1.0 1.0 1.0 1.0 1.0 1.0 1.0 1.0 1.0 1.0 1.0 1.0 1.0 1.0 1.0 1.0 1.0 1.0 1.0 1.0 1.0 1.0 1.0 1.0 1.0 1.0 1.0 1.0 1.0 1.0 1.0 1.0 1.0 1.0 1.0 1.0 1.0 1.0 1.0 1.0 1.0 1.0 1.0 1.0 1.0 0.0 1.0 1.0 1.0 1.0 1.0 1.0 1.0 1.0 1.0 1.0 1.0 1.0 1.0 1.0 1.0 1.0 1.0 1.0 1.0 1.0 1.0 1.0 1.0 1.0 1.0 1.0 1.0 1.0 1.0 1.0 1.0 1.0 
1.0 1.0 1.0 1.0 1.0 1.0 1.0 1.0 1.0 1.0 1.0 1.0 1.0 1.0 1.0 1.0 1.0 1.0 1.0 1.0 1.0 1.0 1.0 1.0 1.0 1.0 1.0 1.0 1.0 1.0 1.0 1.0 1.0 1.0 1.0 1.0 1.0 1.0 1.0 1.0 1.0 1.0 1.0 1.0 1.0 1.0 1.0 1.0 1.0 1.0 1.0 1.0 1.0 1.0 1.0 1.0 1.0 1.0 1.0 1.0 1.0 1.0 1.0 1.0 1.0 1.0 1.0 1.0 1.0 1.0 1.0 1.0 1.0 1.0 1.0 1.0 1.0 1.0 1.0 1.0 1.0 1.0 1.0 1.0 1.0 1.0 1.0 1.0 1.0 1.0 1.0 1.0 1.0 1.0 1.0 1.0 0.0 1.0 1.0 1.0 1.0 1.0 1.0 1.0 1.0 1.0 1.0 1.0 1.0 1.0 1.0 1.0 1.0 1.0 1.0 1.0 1.0 1.0 1.0 1.0 1.0 1.0 1.0 1.0 1.0 1.0 1.0 1.0 
1.0 1.0 1.0 1.0 1.0 1.0 1.0 1.0 1.0 1.0 1.0 1.0 1.0 1.0 1.0 1.0 1.0 1.0 1.0 1.0 1.0 1.0 1.0 1.0 1.0 1.0 1.0 1.0 1.0 1.0 1.0 1.0 1.0 1.0 1.0 1.0 1.0 1.0 1.0 1.0 1.0 1.0 1.0 1.0 1.0 1.0 1.0 1.0 1.0 1.0 1.0 1.0 1.0 1.0 1.0 1.0 1.0 1.0 1.0 1.0 1.0 1.0 1.0 1.0 1.0 1.0 1.0 1.0 1.0 1.0 1.0 1.0 1.0 1.0 1.0 1.0 1.0 1.0 1.0 1.0 1.0 1.0 1.0 1.0 1.0 1.0 1.0 1.0 1.0 1.0 1.0 1.0 1.0 1.0 1.0 1.0 1.0 0.0 1.0 1.0 1.0 1.0 1.0 1.0 1.0 1.0 1.0 1.0 1.0 1.0 1.0 1.0 1.0 1.0 1.0 1.0 1.0 1.0 1.0 1.0 1.0 1.0 1.0 1.0 1.0 1.0 1.0 1.0 
1.0 1.0 1.0 1.0 1.0 1.0 1.0 1.0 1.0 1.0 1.0 1.0 1.0 1.0 1.0 1.0 1.0 1.0 1.0 1.0 1.0 1.0 1.0 1.0 1.0 1.0 1.0 1.0 1.0 1.0 1.0 1.0 1.0 1.0 1.0 1.0 1.0 1.0 1.0 1.0 1.0 1.0 1.0 1.0 1.0 1.0 1.0 1.0 1.0 1.0 1.0 1.0 1.0 1.0 1.0 1.0 1.0 1.0 1.0 1.0 1.0 1.0 1.0 1.0 1.0 1.0 1.0 1.0 1.0 1.0 1.0 1.0 1.0 1.0 1.0 1.0 1.0 1.0 1.0 1.0 1.0 1.0 1.0 1.0 1.0 1.0 1.0 1.0 1.0 1.0 1.0 1.0 1.0 1.0 1.0 1.0 1.0 1.0 0.0 1.0 1.0 1.0 1.0 1.0 1.0 1.0 1.0 1.0 1.0 1.0 1.0 1.0 1.0 1.0 1.0 1.0 1.0 1.0 1.0 1.0 1.0 1.0 1.0 1.0 1.0 1.0 1.0 1.0 
1.0 1.0 1.0 1.0 1.0 1.0 1.0 1.0 1.0 1.0 1.0 1.0 1.0 1.0 1.0 1.0 1.0 1.0 1.0 1.0 1.0 1.0 1.0 1.0 1.0 1.0 1.0 1.0 1.0 1.0 1.0 1.0 1.0 1.0 1.0 1.0 1.0 1.0 1.0 1.0 1.0 1.0 1.0 1.0 1.0 1.0 1.0 1.0 1.0 1.0 1.0 1.0 1.0 1.0 1.0 1.0 1.0 1.0 1.0 1.0 1.0 1.0 1.0 1.0 1.0 1.0 1.0 1.0 1.0 1.0 1.0 1.0 1.0 1.0 1.0 1.0 1.0 1.0 1.0 1.0 1.0 1.0 1.0 1.0 1.0 1.0 1.0 1.0 1.0 1.0 1.0 1.0 1.0 1.0 1.0 1.0 1.0 1.0 1.0 0.0 1.0 1.0 1.0 1.0 1.0 1.0 1.0 1.0 1.0 1.0 1.0 1.0 1.0 1.0 1.0 1.0 1.0 1.0 1.0 1.0 1.0 1.0 1.0 1.0 1.0 1.0 1.0 1.0 
1.0 1.0 1.0 1.0 1.0 1.0 1.0 1.0 1.0 1.0 1.0 1.0 1.0 1.0 1.0 1.0 1.0 1.0 1.0 1.0 1.0 1.0 1.0 1.0 1.0 1.0 1.0 1.0 1.0 1.0 1.0 1.0 1.0 1.0 1.0 1.0 1.0 1.0 1.0 1.0 1.0 1.0 1.0 1.0 1.0 1.0 1.0 1.0 1.0 1.0 1.0 1.0 1.0 1.0 1.0 1.0 1.0 1.0 1.0 1.0 1.0 1.0 1.0 1.0 1.0 1.0 1.0 1.0 1.0 1.0 1.0 1.0 1.0 1.0 1.0 1.0 1.0 1.0 1.0 1.0 1.0 1.0 1.0 1.0 1.0 1.0 1.0 1.0 1.0 1.0 1.0 1.0 1.0 1.0 1.0 1.0 1.0 1.0 1.0 1.0 0.0 1.0 1.0 1.0 1.0 1.0 1.0 1.0 1.0 1.0 1.0 1.0 1.0 1.0 1.0 1.0 1.0 1.0 1.0 1.0 1.0 1.0 1.0 1.0 1.0 1.0 1.0 1.0 
1.0 1.0 1.0 1.0 1.0 1.0 1.0 1.0 1.0 1.0 1.0 1.0 1.0 1.0 1.0 1.0 1.0 1.0 1.0 1.0 1.0 1.0 1.0 1.0 1.0 1.0 1.0 1.0 1.0 1.0 1.0 1.0 1.0 1.0 1.0 1.0 1.0 1.0 1.0 1.0 1.0 1.0 1.0 1.0 1.0 1.0 1.0 1.0 1.0 1.0 1.0 1.0 1.0 1.0 1.0 1.0 1.0 1.0 1.0 1.0 1.0 1.0 1.0 1.0 1.0 1.0 1.0 1.0 1.0 1.0 1.0 1.0 1.0 1.0 1.0 1.0 1.0 1.0 1.0 1.0 1.0 1.0 1.0 1.0 1.0 1.0 1.0 1.0 1.0 1.0 1.0 1.0 1.0 1.0 1.0 1.0 1.0 1.0 1.0 1.0 1.0 0.0 1.0 1.0 1.0 1.0 1.0 1.0 1.0 1.0 1.0 1.0 1.0 1.0 1.0 1.0 1.0 1.0 1.0 1.0 1.0 1.0 1.0 1.0 1.0 1.0 1.0 1.0 
1.0 1.0 1.0 1.0 1.0 1.0 1.0 1.0 1.0 1.0 1.0 1.0 1.0 1.0 1.0 1.0 1.0 1.0 1.0 1.0 1.0 1.0 1.0 1.0 1.0 1.0 1.0 1.0 1.0 1.0 1.0 1.0 1.0 1.0 1.0 1.0 1.0 1.0 1.0 1.0 1.0 1.0 1.0 1.0 1.0 1.0 1.0 1.0 1.0 1.0 1.0 1.0 1.0 1.0 1.0 1.0 1.0 1.0 1.0 1.0 1.0 1.0 1.0 1.0 1.0 1.0 1.0 1.0 1.0 1.0 1.0 1.0 1.0 1.0 1.0 1.0 1.0 1.0 1.0 1.0 1.0 1.0 1.0 1.0 1.0 1.0 1.0 1.0 1.0 1.0 1.0 1.0 1.0 1.0 1.0 1.0 1.0 1.0 1.0 1.0 1.0 1.0 0.0 1.0 1.0 1.0 1.0 1.0 1.0 1.0 1.0 1.0 1.0 1.0 1.0 1.0 1.0 1.0 1.0 1.0 1.0 1.0 1.0 1.0 1.0 1.0 1.0 1.0 
1.0 1.0 1.0 1.0 1.0 1.0 1.0 1.0 1.0 1.0 1.0 1.0 1.0 1.0 1.0 1.0 1.0 1.0 1.0 1.0 1.0 1.0 1.0 1.0 1.0 1.0 1.0 1.0 1.0 1.0 1.0 1.0 1.0 1.0 1.0 1.0 1.0 1.0 1.0 1.0 1.0 1.0 1.0 1.0 1.0 1.0 1.0 1.0 1.0 1.0 1.0 1.0 1.0 1.0 1.0 1.0 1.0 1.0 1.0 1.0 1.0 1.0 1.0 1.0 1.0 1.0 1.0 1.0 1.0 1.0 1.0 1.0 1.0 1.0 1.0 1.0 1.0 1.0 1.0 1.0 1.0 1.0 1.0 1.0 1.0 1.0 1.0 1.0 1.0 1.0 1.0 1.0 1.0 1.0 1.0 1.0 1.0 1.0 1.0 1.0 1.0 1.0 1.0 0.0 1.0 1.0 1.0 1.0 1.0 1.0 1.0 1.0 1.0 1.0 1.0 1.0 1.0 1.0 1.0 1.0 1.0 1.0 1.0 1.0 1.0 1.0 1.0 1.0 
1.0 1.0 1.0 1.0 1.0 1.0 1.0 1.0 1.0 1.0 1.0 1.0 1.0 1.0 1.0 1.0 1.0 1.0 1.0 1.0 1.0 1.0 1.0 1.0 1.0 1.0 1.0 1.0 1.0 1.0 1.0 1.0 1.0 1.0 1.0 1.0 1.0 1.0 1.0 1.0 1.0 1.0 1.0 1.0 1.0 1.0 1.0 1.0 1.0 1.0 1.0 1.0 1.0 1.0 1.0 1.0 1.0 1.0 1.0 1.0 1.0 1.0 1.0 1.0 1.0 1.0 1.0 1.0 1.0 1.0 1.0 1.0 1.0 1.0 1.0 1.0 1.0 1.0 1.0 1.0 1.0 1.0 1.0 1.0 1.0 1.0 1.0 1.0 1.0 1.0 1.0 1.0 1.0 1.0 1.0 1.0 1.0 1.0 1.0 1.0 1.0 1.0 1.0 1.0 0.0 1.0 1.0 1.0 1.0 1.0 1.0 1.0 1.0 1.0 1.0 1.0 1.0 1.0 1.0 1.0 1.0 1.0 1.0 1.0 1.0 1.0 1.0 1.0 
1.0 1.0 1.0 1.0 1.0 1.0 1.0 1.0 1.0 1.0 1.0 1.0 1.0 1.0 1.0 1.0 1.0 1.0 1.0 1.0 1.0 1.0 1.0 1.0 1.0 1.0 1.0 1.0 1.0 1.0 1.0 1.0 1.0 1.0 1.0 1.0 1.0 1.0 1.0 1.0 1.0 1.0 1.0 1.0 1.0 1.0 1.0 1.0 1.0 1.0 1.0 1.0 1.0 1.0 1.0 1.0 1.0 1.0 1.0 1.0 1.0 1.0 1.0 1.0 1.0 1.0 1.0 1.0 1.0 1.0 1.0 1.0 1.0 1.0 1.0 1.0 1.0 1.0 1.0 1.0 1.0 1.0 1.0 1.0 1.0 1.0 1.0 1.0 1.0 1.0 1.0 1.0 1.0 1.0 1.0 1.0 1.0 1.0 1.0 1.0 1.0 1.0 1.0 1.0 1.0 0.0 1.0 1.0 1.0 1.0 1.0 1.0 1.0 1.0 1.0 1.0 1.0 1.0 1.0 1.0 1.0 1.0 1.0 1.0 1.0 1.0 1.0 1.0 
1.0 1.0 1.0 1.0 1.0 1.0 1.0 1.0 1.0 1.0 1.0 1.0 1.0 1.0 1.0 1.0 1.0 1.0 1.0 1.0 1.0 1.0 1.0 1.0 1.0 1.0 1.0 1.0 1.0 1.0 1.0 1.0 1.0 1.0 1.0 1.0 1.0 1.0 1.0 1.0 1.0 1.0 1.0 1.0 1.0 1.0 1.0 1.0 1.0 1.0 1.0 1.0 1.0 1.0 1.0 1.0 1.0 1.0 1.0 1.0 1.0 1.0 1.0 1.0 1.0 1.0 1.0 1.0 1.0 1.0 1.0 1.0 1.0 1.0 1.0 1.0 1.0 1.0 1.0 1.0 1.0 1.0 1.0 1.0 1.0 1.0 1.0 1.0 1.0 1.0 1.0 1.0 1.0 1.0 1.0 1.0 1.0 1.0 1.0 1.0 1.0 1.0 1.0 1.0 1.0 1.0 0.0 1.0 1.0 1.0 1.0 1.0 1.0 1.0 1.0 1.0 1.0 1.0 1.0 1.0 1.0 1.0 1.0 1.0 1.0 1.0 1.0 1.0 
1.0 1.0 1.0 1.0 1.0 1.0 1.0 1.0 1.0 1.0 1.0 1.0 1.0 1.0 1.0 1.0 1.0 1.0 1.0 1.0 1.0 1.0 1.0 1.0 1.0 1.0 1.0 1.0 1.0 1.0 1.0 1.0 1.0 1.0 1.0 1.0 1.0 1.0 1.0 1.0 1.0 1.0 1.0 1.0 1.0 1.0 1.0 1.0 1.0 1.0 1.0 1.0 1.0 1.0 1.0 1.0 1.0 1.0 1.0 1.0 1.0 1.0 1.0 1.0 1.0 1.0 1.0 1.0 1.0 1.0 1.0 1.0 1.0 1.0 1.0 1.0 1.0 1.0 1.0 1.0 1.0 1.0 1.0 1.0 1.0 1.0 1.0 1.0 1.0 1.0 1.0 1.0 1.0 1.0 1.0 1.0 1.0 1.0 1.0 1.0 1.0 1.0 1.0 1.0 1.0 1.0 1.0 0.0 1.0 1.0 1.0 1.0 1.0 1.0 1.0 1.0 1.0 1.0 1.0 1.0 1.0 1.0 1.0 1.0 1.0 1.0 1.0 1.0 
1.0 1.0 1.0 1.0 1.0 1.0 1.0 1.0 1.0 1.0 1.0 1.0 1.0 1.0 1.0 1.0 1.0 1.0 1.0 1.0 1.0 1.0 1.0 1.0 1.0 1.0 1.0 1.0 1.0 1.0 1.0 1.0 1.0 1.0 1.0 1.0 1.0 1.0 1.0 1.0 1.0 1.0 1.0 1.0 1.0 1.0 1.0 1.0 1.0 1.0 1.0 1.0 1.0 1.0 1.0 1.0 1.0 1.0 1.0 1.0 1.0 1.0 1.0 1.0 1.0 1.0 1.0 1.0 1.0 1.0 1.0 1.0 1.0 1.0 1.0 1.0 1.0 1.0 1.0 1.0 1.0 1.0 1.0 1.0 1.0 1.0 1.0 1.0 1.0 1.0 1.0 1.0 1.0 1.0 1.0 1.0 1.0 1.0 1.0 1.0 1.0 1.0 1.0 1.0 1.0 1.0 1.0 1.0 0.0 1.0 1.0 1.0 1.0 1.0 1.0 1.0 1.0 1.0 1.0 1.0 1.0 1.0 1.0 1.0 1.0 1.0 1.0 1.0 
1.0 1.0 1.0 1.0 1.0 1.0 1.0 1.0 1.0 1.0 1.0 1.0 1.0 1.0 1.0 1.0 1.0 1.0 1.0 1.0 1.0 1.0 1.0 1.0 1.0 1.0 1.0 1.0 1.0 1.0 1.0 1.0 1.0 1.0 1.0 1.0 1.0 1.0 1.0 1.0 1.0 1.0 1.0 1.0 1.0 1.0 1.0 1.0 1.0 1.0 1.0 1.0 1.0 1.0 1.0 1.0 1.0 1.0 1.0 1.0 1.0 1.0 1.0 1.0 1.0 1.0 1.0 1.0 1.0 1.0 1.0 1.0 1.0 1.0 1.0 1.0 1.0 1.0 1.0 1.0 1.0 1.0 1.0 1.0 1.0 1.0 1.0 1.0 1.0 1.0 1.0 1.0 1.0 1.0 1.0 1.0 1.0 1.0 1.0 1.0 1.0 1.0 1.0 1.0 1.0 1.0 1.0 1.0 1.0 0.0 1.0 1.0 1.0 1.0 1.0 1.0 1.0 1.0 1.0 1.0 1.0 1.0 1.0 1.0 1.0 1.0 1.0 1.0 
1.0 1.0 1.0 1.0 1.0 1.0 1.0 1.0 1.0 1.0 1.0 1.0 1.0 1.0 1.0 1.0 1.0 1.0 1.0 1.0 1.0 1.0 1.0 1.0 1.0 1.0 1.0 1.0 1.0 1.0 1.0 1.0 1.0 1.0 1.0 1.0 1.0 1.0 1.0 1.0 1.0 1.0 1.0 1.0 1.0 1.0 1.0 1.0 1.0 1.0 1.0 1.0 1.0 1.0 1.0 1.0 1.0 1.0 1.0 1.0 1.0 1.0 1.0 1.0 1.0 1.0 1.0 1.0 1.0 1.0 1.0 1.0 1.0 1.0 1.0 1.0 1.0 1.0 1.0 1.0 1.0 1.0 1.0 1.0 1.0 1.0 1.0 1.0 1.0 1.0 1.0 1.0 1.0 1.0 1.0 1.0 1.0 1.0 1.0 1.0 1.0 1.0 1.0 1.0 1.0 1.0 1.0 1.0 1.0 1.0 0.0 1.0 1.0 1.0 1.0 1.0 1.0 1.0 1.0 1.0 1.0 1.0 1.0 1.0 1.0 1.0 1.0 1.0 
1.0 1.0 1.0 1.0 1.0 1.0 1.0 1.0 1.0 1.0 1.0 1.0 1.0 1.0 1.0 1.0 1.0 1.0 1.0 1.0 1.0 1.0 1.0 1.0 1.0 1.0 1.0 1.0 1.0 1.0 1.0 1.0 1.0 1.0 1.0 1.0 1.0 1.0 1.0 1.0 1.0 1.0 1.0 1.0 1.0 1.0 1.0 1.0 1.0 1.0 1.0 1.0 1.0 1.0 1.0 1.0 1.0 1.0 1.0 1.0 1.0 1.0 1.0 1.0 1.0 1.0 1.0 1.0 1.0 1.0 1.0 1.0 1.0 1.0 1.0 1.0 1.0 1.0 1.0 1.0 1.0 1.0 1.0 1.0 1.0 1.0 1.0 1.0 1.0 1.0 1.0 1.0 1.0 1.0 1.0 1.0 1.0 1.0 1.0 1.0 1.0 1.0 1.0 1.0 1.0 1.0 1.0 1.0 1.0 1.0 1.0 0.0 1.0 1.0 1.0 1.0 1.0 1.0 1.0 1.0 1.0 1.0 1.0 1.0 1.0 1.0 1.0 1.0 
1.0 1.0 1.0 1.0 1.0 1.0 1.0 1.0 1.0 1.0 1.0 1.0 1.0 1.0 1.0 1.0 1.0 1.0 1.0 1.0 1.0 1.0 1.0 1.0 1.0 1.0 1.0 1.0 1.0 1.0 1.0 1.0 1.0 1.0 1.0 1.0 1.0 1.0 1.0 1.0 1.0 1.0 1.0 1.0 1.0 1.0 1.0 1.0 1.0 1.0 1.0 1.0 1.0 1.0 1.0 1.0 1.0 1.0 1.0 1.0 1.0 1.0 1.0 1.0 1.0 1.0 1.0 1.0 1.0 1.0 1.0 1.0 1.0 1.0 1.0 1.0 1.0 1.0 1.0 1.0 1.0 1.0 1.0 1.0 1.0 1.0 1.0 1.0 1.0 1.0 1.0 1.0 1.0 1.0 1.0 1.0 1.0 1.0 1.0 1.0 1.0 1.0 1.0 1.0 1.0 1.0 1.0 1.0 1.0 1.0 1.0 1.0 0.0 1.0 1.0 1.0 1.0 1.0 1.0 1.0 1.0 1.0 1.0 1.0 1.0 1.0 1.0 1.0 
1.0 1.0 1.0 1.0 1.0 1.0 1.0 1.0 1.0 1.0 1.0 1.0 1.0 1.0 1.0 1.0 1.0 1.0 1.0 1.0 1.0 1.0 1.0 1.0 1.0 1.0 1.0 1.0 1.0 1.0 1.0 1.0 1.0 1.0 1.0 1.0 1.0 1.0 1.0 1.0 1.0 1.0 1.0 1.0 1.0 1.0 1.0 1.0 1.0 1.0 1.0 1.0 1.0 1.0 1.0 1.0 1.0 1.0 1.0 1.0 1.0 1.0 1.0 1.0 1.0 1.0 1.0 1.0 1.0 1.0 1.0 1.0 1.0 1.0 1.0 1.0 1.0 1.0 1.0 1.0 1.0 1.0 1.0 1.0 1.0 1.0 1.0 1.0 1.0 1.0 1.0 1.0 1.0 1.0 1.0 1.0 1.0 1.0 1.0 1.0 1.0 1.0 1.0 1.0 1.0 1.0 1.0 1.0 1.0 1.0 1.0 1.0 1.0 0.0 1.0 1.0 1.0 1.0 1.0 1.0 1.0 1.0 1.0 1.0 1.0 1.0 1.0 1.0 
1.0 1.0 1.0 1.0 1.0 1.0 1.0 1.0 1.0 1.0 1.0 1.0 1.0 1.0 1.0 1.0 1.0 1.0 1.0 1.0 1.0 1.0 1.0 1.0 1.0 1.0 1.0 1.0 1.0 1.0 1.0 1.0 1.0 1.0 1.0 1.0 1.0 1.0 1.0 1.0 1.0 1.0 1.0 1.0 1.0 1.0 1.0 1.0 1.0 1.0 1.0 1.0 1.0 1.0 1.0 1.0 1.0 1.0 1.0 1.0 1.0 1.0 1.0 1.0 1.0 1.0 1.0 1.0 1.0 1.0 1.0 1.0 1.0 1.0 1.0 1.0 1.0 1.0 1.0 1.0 1.0 1.0 1.0 1.0 1.0 1.0 1.0 1.0 1.0 1.0 1.0 1.0 1.0 1.0 1.0 1.0 1.0 1.0 1.0 1.0 1.0 1.0 1.0 1.0 1.0 1.0 1.0 1.0 1.0 1.0 1.0 1.0 1.0 1.0 0.0 1.0 1.0 1.0 1.0 1.0 1.0 1.0 1.0 1.0 1.0 1.0 1.0 1.0 
1.0 1.0 1.0 1.0 1.0 1.0 1.0 1.0 1.0 1.0 1.0 1.0 1.0 1.0 1.0 1.0 1.0 1.0 1.0 1.0 1.0 1.0 1.0 1.0 1.0 1.0 1.0 1.0 1.0 1.0 1.0 1.0 1.0 1.0 1.0 1.0 1.0 1.0 1.0 1.0 1.0 1.0 1.0 1.0 1.0 1.0 1.0 1.0 1.0 1.0 1.0 1.0 1.0 1.0 1.0 1.0 1.0 1.0 1.0 1.0 1.0 1.0 1.0 1.0 1.0 1.0 1.0 1.0 1.0 1.0 1.0 1.0 1.0 1.0 1.0 1.0 1.0 1.0 1.0 1.0 1.0 1.0 1.0 1.0 1.0 1.0 1.0 1.0 1.0 1.0 1.0 1.0 1.0 1.0 1.0 1.0 1.0 1.0 1.0 1.0 1.0 1.0 1.0 1.0 1.0 1.0 1.0 1.0 1.0 1.0 1.0 1.0 1.0 1.0 1.0 0.0 1.0 1.0 1.0 1.0 1.0 1.0 1.0 1.0 1.0 1.0 1.0 1.0 
1.0 1.0 1.0 1.0 1.0 1.0 1.0 1.0 1.0 1.0 1.0 1.0 1.0 1.0 1.0 1.0 1.0 1.0 1.0 1.0 1.0 1.0 1.0 1.0 1.0 1.0 1.0 1.0 1.0 1.0 1.0 1.0 1.0 1.0 1.0 1.0 1.0 1.0 1.0 1.0 1.0 1.0 1.0 1.0 1.0 1.0 1.0 1.0 1.0 1.0 1.0 1.0 1.0 1.0 1.0 1.0 1.0 1.0 1.0 1.0 1.0 1.0 1.0 1.0 1.0 1.0 1.0 1.0 1.0 1.0 1.0 1.0 1.0 1.0 1.0 1.0 1.0 1.0 1.0 1.0 1.0 1.0 1.0 1.0 1.0 1.0 1.0 1.0 1.0 1.0 1.0 1.0 1.0 1.0 1.0 1.0 1.0 1.0 1.0 1.0 1.0 1.0 1.0 1.0 1.0 1.0 1.0 1.0 1.0 1.0 1.0 1.0 1.0 1.0 1.0 1.0 0.0 1.0 1.0 1.0 1.0 1.0 1.0 1.0 1.0 1.0 1.0 1.0 
1.0 1.0 1.0 1.0 1.0 1.0 1.0 1.0 1.0 1.0 1.0 1.0 1.0 1.0 1.0 1.0 1.0 1.0 1.0 1.0 1.0 1.0 1.0 1.0 1.0 1.0 1.0 1.0 1.0 1.0 1.0 1.0 1.0 1.0 1.0 1.0 1.0 1.0 1.0 1.0 1.0 1.0 1.0 1.0 1.0 1.0 1.0 1.0 1.0 1.0 1.0 1.0 1.0 1.0 1.0 1.0 1.0 1.0 1.0 1.0 1.0 1.0 1.0 1.0 1.0 1.0 1.0 1.0 1.0 1.0 1.0 1.0 1.0 1.0 1.0 1.0 1.0 1.0 1.0 1.0 1.0 1.0 1.0 1.0 1.0 1.0 1.0 1.0 1.0 1.0 1.0 1.0 1.0 1.0 1.0 1.0 1.0 1.0 1.0 1.0 1.0 1.0 1.0 1.0 1.0 1.0 1.0 1.0 1.0 1.0 1.0 1.0 1.0 1.0 1.0 1.0 1.0 0.0 1.0 1.0 1.0 1.0 1.0 1.0 1.0 1.0 1.0 1.0 
1.0 1.0 1.0 1.0 1.0 1.0 1.0 1.0 1.0 1.0 1.0 1.0 1.0 1.0 1.0 1.0 1.0 1.0 1.0 1.0 1.0 1.0 1.0 1.0 1.0 1.0 1.0 1.0 1.0 1.0 1.0 1.0 1.0 1.0 1.0 1.0 1.0 1.0 1.0 1.0 1.0 1.0 1.0 1.0 1.0 1.0 1.0 1.0 1.0 1.0 1.0 1.0 1.0 1.0 1.0 1.0 1.0 1.0 1.0 1.0 1.0 1.0 1.0 1.0 1.0 1.0 1.0 1.0 1.0 1.0 1.0 1.0 1.0 1.0 1.0 1.0 1.0 1.0 1.0 1.0 1.0 1.0 1.0 1.0 1.0 1.0 1.0 1.0 1.0 1.0 1.0 1.0 1.0 1.0 1.0 1.0 1.0 1.0 1.0 1.0 1.0 1.0 1.0 1.0 1.0 1.0 1.0 1.0 1.0 1.0 1.0 1.0 1.0 1.0 1.0 1.0 1.0 1.0 0.0 1.0 1.0 1.0 1.0 1.0 1.0 1.0 1.0 1.0 
1.0 1.0 1.0 1.0 1.0 1.0 1.0 1.0 1.0 1.0 1.0 1.0 1.0 1.0 1.0 1.0 1.0 1.0 1.0 1.0 1.0 1.0 1.0 1.0 1.0 1.0 1.0 1.0 1.0 1.0 1.0 1.0 1.0 1.0 1.0 1.0 1.0 1.0 1.0 1.0 1.0 1.0 1.0 1.0 1.0 1.0 1.0 1.0 1.0 1.0 1.0 1.0 1.0 1.0 1.0 1.0 1.0 1.0 1.0 1.0 1.0 1.0 1.0 1.0 1.0 1.0 1.0 1.0 1.0 1.0 1.0 1.0 1.0 1.0 1.0 1.0 1.0 1.0 1.0 1.0 1.0 1.0 1.0 1.0 1.0 1.0 1.0 1.0 1.0 1.0 1.0 1.0 1.0 1.0 1.0 1.0 1.0 1.0 1.0 1.0 1.0 1.0 1.0 1.0 1.0 1.0 1.0 1.0 1.0 1.0 1.0 1.0 1.0 1.0 1.0 1.0 1.0 1.0 1.0 0.0 1.0 1.0 1.0 1.0 1.0 1.0 1.0 1.0 
1.0 1.0 1.0 1.0 1.0 1.0 1.0 1.0 1.0 1.0 1.0 1.0 1.0 1.0 1.0 1.0 1.0 1.0 1.0 1.0 1.0 1.0 1.0 1.0 1.0 1.0 1.0 1.0 1.0 1.0 1.0 1.0 1.0 1.0 1.0 1.0 1.0 1.0 1.0 1.0 1.0 1.0 1.0 1.0 1.0 1.0 1.0 1.0 1.0 1.0 1.0 1.0 1.0 1.0 1.0 1.0 1.0 1.0 1.0 1.0 1.0 1.0 1.0 1.0 1.0 1.0 1.0 1.0 1.0 1.0 1.0 1.0 1.0 1.0 1.0 1.0 1.0 1.0 1.0 1.0 1.0 1.0 1.0 1.0 1.0 1.0 1.0 1.0 1.0 1.0 1.0 1.0 1.0 1.0 1.0 1.0 1.0 1.0 1.0 1.0 1.0 1.0 1.0 1.0 1.0 1.0 1.0 1.0 1.0 1.0 1.0 1.0 1.0 1.0 1.0 1.0 1.0 1.0 1.0 1.0 0.0 1.0 1.0 1.0 1.0 1.0 1.0 1.0 
1.0 1.0 1.0 1.0 1.0 1.0 1.0 1.0 1.0 1.0 1.0 1.0 1.0 1.0 1.0 1.0 1.0 1.0 1.0 1.0 1.0 1.0 1.0 1.0 1.0 1.0 1.0 1.0 1.0 1.0 1.0 1.0 1.0 1.0 1.0 1.0 1.0 1.0 1.0 1.0 1.0 1.0 1.0 1.0 1.0 1.0 1.0 1.0 1.0 1.0 1.0 1.0 1.0 1.0 1.0 1.0 1.0 1.0 1.0 1.0 1.0 1.0 1.0 1.0 1.0 1.0 1.0 1.0 1.0 1.0 1.0 1.0 1.0 1.0 1.0 1.0 1.0 1.0 1.0 1.0 1.0 1.0 1.0 1.0 1.0 1.0 1.0 1.0 1.0 1.0 1.0 1.0 1.0 1.0 1.0 1.0 1.0 1.0 1.0 1.0 1.0 1.0 1.0 1.0 1.0 1.0 1.0 1.0 1.0 1.0 1.0 1.0 1.0 1.0 1.0 1.0 1.0 1.0 1.0 1.0 1.0 0.0 1.0 1.0 1.0 1.0 1.0 1.0 
1.0 1.0 1.0 1.0 1.0 1.0 1.0 1.0 1.0 1.0 1.0 1.0 1.0 1.0 1.0 1.0 1.0 1.0 1.0 1.0 1.0 1.0 1.0 1.0 1.0 1.0 1.0 1.0 1.0 1.0 1.0 1.0 1.0 1.0 1.0 1.0 1.0 1.0 1.0 1.0 1.0 1.0 1.0 1.0 1.0 1.0 1.0 1.0 1.0 1.0 1.0 1.0 1.0 1.0 1.0 1.0 1.0 1.0 1.0 1.0 1.0 1.0 1.0 1.0 1.0 1.0 1.0 1.0 1.0 1.0 1.0 1.0 1.0 1.0 1.0 1.0 1.0 1.0 1.0 1.0 1.0 1.0 1.0 1.0 1.0 1.0 1.0 1.0 1.0 1.0 1.0 1.0 1.0 1.0 1.0 1.0 1.0 1.0 1.0 1.0 1.0 1.0 1.0 1.0 1.0 1.0 1.0 1.0 1.0 1.0 1.0 1.0 1.0 1.0 1.0 1.0 1.0 1.0 1.0 1.0 1.0 1.0 0.0 1.0 1.0 1.0 1.0 1.0 
1.0 1.0 1.0 1.0 1.0 1.0 1.0 1.0 1.0 1.0 1.0 1.0 1.0 1.0 1.0 1.0 1.0 1.0 1.0 1.0 1.0 1.0 1.0 1.0 1.0 1.0 1.0 1.0 1.0 1.0 1.0 1.0 1.0 1.0 1.0 1.0 1.0 1.0 1.0 1.0 1.0 1.0 1.0 1.0 1.0 1.0 1.0 1.0 1.0 1.0 1.0 1.0 1.0 1.0 1.0 1.0 1.0 1.0 1.0 1.0 1.0 1.0 1.0 1.0 1.0 1.0 1.0 1.0 1.0 1.0 1.0 1.0 1.0 1.0 1.0 1.0 1.0 1.0 1.0 1.0 1.0 1.0 1.0 1.0 1.0 1.0 1.0 1.0 1.0 1.0 1.0 1.0 1.0 1.0 1.0 1.0 1.0 1.0 1.0 1.0 1.0 1.0 1.0 1.0 1.0 1.0 1.0 1.0 1.0 1.0 1.0 1.0 1.0 1.0 1.0 1.0 1.0 1.0 1.0 1.0 1.0 1.0 1.0 0.0 1.0 1.0 1.0 1.0 
1.0 1.0 1.0 1.0 1.0 1.0 1.0 1.0 1.0 1.0 1.0 1.0 1.0 1.0 1.0 1.0 1.0 1.0 1.0 1.0 1.0 1.0 1.0 1.0 1.0 1.0 1.0 1.0 1.0 1.0 1.0 1.0 1.0 1.0 1.0 1.0 1.0 1.0 1.0 1.0 1.0 1.0 1.0 1.0 1.0 1.0 1.0 1.0 1.0 1.0 1.0 1.0 1.0 1.0 1.0 1.0 1.0 1.0 1.0 1.0 1.0 1.0 1.0 1.0 1.0 1.0 1.0 1.0 1.0 1.0 1.0 1.0 1.0 1.0 1.0 1.0 1.0 1.0 1.0 1.0 1.0 1.0 1.0 1.0 1.0 1.0 1.0 1.0 1.0 1.0 1.0 1.0 1.0 1.0 1.0 1.0 1.0 1.0 1.0 1.0 1.0 1.0 1.0 1.0 1.0 1.0 1.0 1.0 1.0 1.0 1.0 1.0 1.0 1.0 1.0 1.0 1.0 1.0 1.0 1.0 1.0 1.0 1.0 1.0 0.0 1.0 1.0 1.0 
1.0 1.0 1.0 1.0 1.0 1.0 1.0 1.0 1.0 1.0 1.0 1.0 1.0 1.0 1.0 1.0 1.0 1.0 1.0 1.0 1.0 1.0 1.0 1.0 1.0 1.0 1.0 1.0 1.0 1.0 1.0 1.0 1.0 1.0 1.0 1.0 1.0 1.0 1.0 1.0 1.0 1.0 1.0 1.0 1.0 1.0 1.0 1.0 1.0 1.0 1.0 1.0 1.0 1.0 1.0 1.0 1.0 1.0 1.0 1.0 1.0 1.0 1.0 1.0 1.0 1.0 1.0 1.0 1.0 1.0 1.0 1.0 1.0 1.0 1.0 1.0 1.0 1.0 1.0 1.0 1.0 1.0 1.0 1.0 1.0 1.0 1.0 1.0 1.0 1.0 1.0 1.0 1.0 1.0 1.0 1.0 1.0 1.0 1.0 1.0 1.0 1.0 1.0 1.0 1.0 1.0 1.0 1.0 1.0 1.0 1.0 1.0 1.0 1.0 1.0 1.0 1.0 1.0 1.0 1.0 1.0 1.0 1.0 1.0 1.0 0.0 1.0 1.0 
1.0 1.0 1.0 1.0 1.0 1.0 1.0 1.0 1.0 1.0 1.0 1.0 1.0 1.0 1.0 1.0 1.0 1.0 1.0 1.0 1.0 1.0 1.0 1.0 1.0 1.0 1.0 1.0 1.0 1.0 1.0 1.0 1.0 1.0 1.0 1.0 1.0 1.0 1.0 1.0 1.0 1.0 1.0 1.0 1.0 1.0 1.0 1.0 1.0 1.0 1.0 1.0 1.0 1.0 1.0 1.0 1.0 1.0 1.0 1.0 1.0 1.0 1.0 1.0 1.0 1.0 1.0 1.0 1.0 1.0 1.0 1.0 1.0 1.0 1.0 1.0 1.0 1.0 1.0 1.0 1.0 1.0 1.0 1.0 1.0 1.0 1.0 1.0 1.0 1.0 1.0 1.0 1.0 1.0 1.0 1.0 1.0 1.0 1.0 1.0 1.0 1.0 1.0 1.0 1.0 1.0 1.0 1.0 1.0 1.0 1.0 1.0 1.0 1.0 1.0 1.0 1.0 1.0 1.0 1.0 1.0 1.0 1.0 1.0 1.0 1.0 0.0 1.0 
1.0 1.0 1.0 1.0 1.0 1.0 1.0 1.0 1.0 1.0 1.0 1.0 1.0 1.0 1.0 1.0 1.0 1.0 1.0 1.0 1.0 1.0 1.0 1.0 1.0 1.0 1.0 1.0 1.0 1.0 1.0 1.0 1.0 1.0 1.0 1.0 1.0 1.0 1.0 1.0 1.0 1.0 1.0 1.0 1.0 1.0 1.0 1.0 1.0 1.0 1.0 1.0 1.0 1.0 1.0 1.0 1.0 1.0 1.0 1.0 1.0 1.0 1.0 1.0 1.0 1.0 1.0 1.0 1.0 1.0 1.0 1.0 1.0 1.0 1.0 1.0 1.0 1.0 1.0 1.0 1.0 1.0 1.0 1.0 1.0 1.0 1.0 1.0 1.0 1.0 1.0 1.0 1.0 1.0 1.0 1.0 1.0 1.0 1.0 1.0 1.0 1.0 1.0 1.0 1.0 1.0 1.0 1.0 1.0 1.0 1.0 1.0 1.0 1.0 1.0 1.0 1.0 1.0 1.0 1.0 1.0 1.0 1.0 1.0 1.0 1.0 1.0 0.0 