128
98 42 93 90 24 66 54 88 27 40 52 19 64 23 71 64 49 94 8 57 87 74 79 62 70 88 92 14 62 31 62 58 1 47 2 13 88 61 38 30 33 100 73 40 59 47 46 49 62 59 74 37 6 35 85 21 99 28 56 12 41 5 21 11 10 55 100 77 98 36 54 97 9 79 96 50 79 82 54 20 71 69 36 62 18 70 76 2 75 49 20 83 49 73 54 99 5 78 65 84 79 61 67 35 1 16 62 14 63 29 95 100 31 90 94 44 90 79 74 70 57 54 45 36 60 4 22 96 
45 7 64 100 94 95 97 50 48 99 34 61 78 91 11 86 52 49 98 34 92 74 24 86 12 31 67 72 44 75 48 69 61 6 68 19 41 84 18 43 84 74 98 88 41 24 57 24 77 70 80 9 5 80 55 85 97 87 47 7 77 93 24 80 21 21 80 84 9 59 53 72 63 78 39 60 35 32 11 63 79 77 21 20 62 85 46 5 91 55 10 82 63 52 89 28 7 62 32 37 89 98 1 37 62 72 41 57 25 31 18 93 68 46 61 20 90 35 69 68 30 79 48 35 97 82 31 94 
44 93 87 86 72 69 96 94 73 76 52 23 58 59 18 80 6 53 36 9 50 20 65 20 39 65 16 50 30 77 18 16 56 64 54 10 67 27 11 5 15 42 71 21 94 97 14 19 56 10 8 69 46 37 91 99 88 49 23 42 7 64 1 84 59 67 45 1 91 14 61 12 48 77 48 85 33 96 32 39 87 11 24 79 44 25 66 48 97 37 13 33 79 27 2 65 75 77 2 78 67 17 13 91 8 100 30 48 88 81 57 64 29 20 49 97 36 34 11 20 71 4 19 94 79 69 40 86 
26 71 61 3 35 90 90 58 15 46 31 14 92 60 35 92 89 29 55 75 18 18 17 37 58 24 74 47 98 13 12 92 46 95 47 28 38 65 88 14 50 97 15 89 15 93 55 28 73 36 66 25 22 93 69 54 89 42 27 31 74 77 54 80 84 33 26 95 6 12 25 43 31 95 30 67 45 27 35 12 81 25 27 65 78 48 61 88 11 50 97 12 89 69 23 1 12 31 54 78 21 1 21 12 52 73 13 91 38 78 23 3 35 30 9 93 73 97 13 74 73 96 91 83 29 8 56 96 
3 87 3 13 33 30 39 55 9 16 32 54 46 97 70 28 68 96 72 90 72 91 73 40 68 24 90 56 39 99 6 29 16 59 55 10 63 60 100 49 85 4 82 36 84 25 41 47 27 24 15 95 68 92 67 41 68 38 28 96 85 97 35 30 88 53 90 100 68 61 47 61 95 5 18 77 96 39 17 65 57 9 5 33 59 58 82 42 40 83 69 91 88 57 2 81 44 90 86 42 79 30 52 6 73 8 34 56 85 50 53 100 51 79 63 99 46 24 27 23 31 13 91 67 84 98 39 50 
33 47 39 5 90 27 25 25 37 89 42 13 69 57 89 83 88 50 19 76 72 67 14 29 36 91 16 26 88 22 95 36 68 36 36 76 6 20 7 86 16 73 50 71 48 40 8 81 93 91 49 60 89 29 7 11 92 22 79 48 52 94 74 33 80 34 15 48 13 21 44 15 69 34 14 26 49 57 85 62 85 11 89 62 22 76 92 50 35 4 6 5 14 48 93 88 22 46 32 74 20 51 83 60 73 39 92 14 71 61 21 83 74 60 16 45 67 7 86 9 48 44 97 87 70 14 38 6 
45 77 49 99 27 38 53 7 72 8 36 33 42 13 18 29 83 46 12 1 37 68 54 84 97 87 4 56 32 56 13 19 68 66 22 93 12 62 31 2 91 92 87 22 4 27 73 48 82 78 66 19 92 33 48 20 29 18 97 24 53 38 57 48 60 24 9 37 96 16 28 16 55 37 6 60 95 37 22 56 59 75 73 66 18 25 37 40 22 37 97 56 37 49 23 26 24 13 20 47 81 11 57 90 66 77 14 71 41 35 83 41 57 31 46 31 90 70 5 93 3 25 9 10 28 8 97 43 
27 34 95 97 86 28 84 32 81 74 14 24 48 90 96 70 25 29 37 70 87 1 87 21 48 87 1 84 55 48 69 71 45 52 67 84 31 22 81 48 68 19 46 17 20 74 59 45 30 52 17 88 3 9 100 100 85 77 23 22 77 64 33 94 23 18 85 36 60 33 77 5 79 13 37 100 89 24 50 95 1 58 88 83 63 27 15 97 36 72 56 89 8 38 12 96 67 65 68 77 52 42 62 9 82 50 29 88 55 51 5 44 82 2 75 85 81 45 46 11 26 24 79 68 50 14 79 27 
48 21 30 74 63 45 51 73 43 74 77 26 46 3 53 85 96 58 38 77 28 98 65 33 38 48 45 48 31 55 96 17 2 35 73 78 64 28 12 77 24 97 43 21 60 54 55 36 48 54 7 41 84 71 97 37 5 9 63 87 69 47 62 79 37 47 2 12 81 63 30 69 16 62 50 13 97 57 100 13 54 15 65 97 81 92 75 84 17 82 86 65 68 57 33 97 56 51 90 12 83 77 41 48 46 77 3 13 67 29 74 8 53 45 56 98 55 39 64 23 95 11 81 81 67 45 20 93 
44 58 100 96 27 98 13 7 77 51 37 28 54 11 69 80 95 50 97 99 46 4 26 87 3 38 12 20 50 88 31 98 94 88 70 24 45 35 1 58 65 94 60 51 67 8 4 35 40 21 54 42 15 37 26 65 35 11 16 83 43 64 5 24 78 4 1 59 36 8 29 54 69 26 22 43 43 69 15 10 45 85 89 46 46 21 50 49 85 35 48 93 1 100 74 71 88 10 4 32 10 90 71 29 87 94 33 91 53 99 67 36 35 27 41 67 71 6 14 17 37 17 48 60 11 49 51 30 
40 1 82 12 16 32 62 86 73 22 87 25 93 22 30 36 95 42 87 53 74 21 73 51 6 13 43 71 32 45 84 90 85 56 63 56 80 8 87 75 19 63 70 69 41 4 86 8 11 19 13 74 51 31 89 25 23 65 71 88 60 52 89 59 64 12 53 61 14 34 3 66 63 24 29 71 2 96 1 87 43 80 15 78 62 50 41 47 71 17 54 8 55 84 93 37 88 25 71 34 8 70 77 26 16 91 16 8 90 93 44 3 46 16 22 9 74 96 51 51 96 68 54 78 70 86 85 64 
76 67 54 49 87 63 90 63 92 28 43 22 86 98 9 33 44 36 10 93 86 72 52 6 54 93 3 73 66 85 24 77 95 58 94 85 79 54 69 21 40 80 15 16 33 78 31 29 67 93 12 65 8 57 48 95 25 56 43 16 12 12 6 26 75 57 11 54 91 71 48 96 18 11 7 31 41 16 10 58 12 15 59 3 67 25 79 27 28 69 60 86 19 23 40 3 89 36 84 6 86 33 38 14 87 88 92 94 34 42 18 30 27 58 57 41 65 64 82 63 6 87 13 29 10 5 6 67 
83 78 90 50 81 6 18 55 54 26 40 46 96 44 96 34 15 47 9 77 96 2 13 66 12 59 92 16 80 41 56 45 35 48 26 49 89 49 41 49 37 86 88 22 79 69 1 30 25 68 73 73 61 73 58 81 88 90 93 15 31 64 97 73 1 29 98 26 61 91 80 93 76 87 13 88 87 11 84 55 26 34 24 9 45 48 68 98 19 27 3 16 52 18 36 48 53 23 52 67 21 7 92 62 72 32 69 16 77 57 22 46 10 10 44 65 90 80 29 10 78 79 93 79 52 88 55 89 
43 39 45 15 68 42 23 99 39 46 18 99 44 72 47 45 32 46 43 26 72 77 21 38 35 42 39 81 50 48 55 4 83 59 50 59 91 40 71 43 74 4 7 39 86 94 79 68 82 55 82 86 78 29 99 60 65 15 16 66 25 78 39 82 91 2 17 25 12 90 39 21 57 89 98 32 85 77 14 99 41 99 30 36 62 83 49 70 35 52 29 33 12 31 74 43 58 16 21 5 13 43 51 97 36 53 74 90 21 46 27 70 76 54 85 51 87 76 1 46 13 77 25 15 71 23 36 49 
77 54 71 33 100 30 33 32 90 99 11 83 60 63 68 34 33 51 36 40 73 80 53 60 25 54 50 91 77 100 24 68 10 19 49 58 70 44 44 91 38 26 86 23 16 79 73 10 43 47 14 58 36 93 78 68 88 59 34 34 13 39 12 62 46 10 96 56 57 46 68 25 19 22 88 78 27 25 52 13 91 85 78 84 45 6 100 94 51 34 98 11 25 93 80 17 37 48 31 45 50 16 1 59 82 39 28 52 9 52 3 90 10 28 76 4 3 92 37 35 56 89 24 12 77 15 22 80 
89 41 33 84 8 96 78 28 75 36 19 18 48 96 45 93 73 95 12 79 97 72 52 55 52 85 79 62 46 30 11 1 96 29 15 79 28 48 53 11 8 5 43 59 60 87 69 56 21 87 32 19 10 96 11 19 56 5 25 82 63 46 51 2 80 47 56 39 27 62 32 98 17 13 38 39 58 16 55 30 50 56 3 22 92 95 69 95 6 57 68 9 53 93 83 41 48 7 21 28 39 94 73 62 9 53 69 70 97 42 80 53 23 56 46 53 69 71 5 43 2 43 76 9 58 72 65 75 
90 21 51 48 5 13 55 3 55 19 11 92 37 6 19 87 32 77 48 14 1 50 71 99 95 60 81 50 8 7 67 76 47 1 12 63 89 45 54 85 47 57 91 46 47 12 36 53 16 30 80 14 4 23 44 38 50 23 16 94 44 83 99 44 22 13 21 44 85 60 49 2 84 83 37 34 72 63 24 89 88 70 14 56 69 5 5 33 81 37 74 76 5 72 68 42 56 98 12 44 28 57 54 79 77 15 49 61 36 80 67 90 78 6 28 55 63 78 30 35 86 54 82 39 100 64 74 96 
34 23 100 8 51 33 44 1 11 33 87 36 16 36 23 19 66 17 70 14 12 23 35 57 33 73 49 11 48 41 27 64 31 62 6 60 13 83 43 4 17 80 32 25 8 43 28 64 2 84 75 30 86 47 76 48 18 76 60 73 10 12 81 45 16 55 100 75 52 5 8 14 26 1 30 73 37 60 20 77 43 67 1 6 67 77 42 32 10 53 93 45 19 9 16 28 11 9 78 54 64 19 74 5 27 85 96 57 48 32 47 79 32 94 17 29 24 63 15 55 49 77 21 23 98 36 21 42 
4 88 75 8 59 17 6 55 38 69 13 33 46 30 72 46 2 96 71 91 78 76 37 32 8 9 51 62 10 89 75 59 47 38 47 39 61 45 25 17 91 41 57 55 92 59 42 1 27 85 51 79 4 59 2 11 7 54 31 20 96 80 14 84 3 25 22 19 98 88 100 35 4 32 93 2 14 67 68 96 67 59 75 29 39 11 55 65 70 91 38 26 9 38 11 2 19 37 23 47 42 89 30 34 60 56 16 10 71 26 70 36 1 55 8 19 36 87 92 5 41 99 87 80 80 76 99 83 
96 48 49 85 23 79 37 37 36 41 90 11 7 45 27 67 35 41 96 4 24 29 49 24 70 93 92 81 49 56 12 74 97 2 78 52 14 87 83 53 5 54 38 13 4 24 42 73 6 87 52 76 59 15 60 84 27 82 79 31 46 67 10 13 83 46 16 3 20 49 25 21 20 56 1 73 25 27 10 16 46 96 61 52 7 49 28 85 42 86 98 81 47 98 21 60 12 82 38 26 4 63 73 95 29 19 54 30 95 94 87 59 13 30 96 95 55 94 100 19 86 98 87 89 76 70 36 83 
82 4 78 64 48 96 44 28 44 6 33 6 82 34 44 58 67 21 9 5 42 52 36 33 57 32 86 40 10 18 68 97 92 44 69 21 59 12 76 25 75 85 11 13 85 34 52 67 97 17 10 87 10 79 19 94 71 19 78 6 39 53 76 9 14 93 69 45 28 68 54 62 50 92 70 63 42 26 31 76 37 82 16 62 15 53 95 69 75 83 60 10 77 97 97 95 98 72 54 16 89 21 21 72 70 88 2 80 74 31 86 83 78 97 45 100 68 36 63 45 81 96 62 59 64 50 86 70 
76 84 2 75 63 29 38 93 70 20 34 7 83 66 58 78 17 88 81 79 37 52 25 45 32 65 69 31 59 22 52 67 67 14 29 94 55 100 85 5 1 34 13 82 59 71 81 29 13 85 48 58 50 44 74 23 31 51 42 84 16 8 41 59 25 92 94 23 23 64 17 49 42 79 10 84 62 8 98 63 60 4 6 8 53 69 22 14 23 54 3 29 22 13 29 1 85 36 100 73 5 27 44 8 92 58 23 7 3 83 30 90 90 12 76 92 75 71 74 33 90 4 11 27 23 64 27 27 
51 89 84 83 57 21 52 77 3 99 52 97 49 63 95 91 42 12 19 41 18 69 4 47 80 38 75 53 35 80 14 43 20 45 18 6 75 67 74 92 6 65 58 5 4 65 58 4 72 9 2 29 29 19 49 81 40 72 93 25 54 45 53 42 13 18 59 63 76 55 55 56 75 10 73 76 14 35 93 61 58 15 10 41 73 75 78 75 51 83 17 37 46 18 64 68 72 68 97 61 83 60 79 43 59 73 51 14 92 96 76 91 26 44 43 39 73 45 76 6 79 21 7 70 30 77 3 41 
2 17 47 98 91 53 94 24 3 62 65 24 3 72 72 66 54 71 17 39 44 74 97 28 84 31 18 20 41 62 20 98 21 62 14 71 98 63 75 86 26 17 41 78 21 81 46 57 91 77 62 21 94 49 74 93 8 37 62 68 18 2 47 41 26 59 87 64 87 22 80 34 14 75 49 85 17 61 94 19 85 56 1 6 48 52 55 11 38 4 77 100 60 68 35 47 98 26 1 28 95 64 55 4 76 86 48 55 48 72 29 16 67 62 30 41 11 41 61 8 9 87 57 27 86 37 69 10 
25 2 87 46 98 55 13 44 65 5 79 35 92 13 20 84 79 1 38 32 3 44 15 16 95 80 48 48 21 94 56 70 34 40 24 76 24 11 77 15 93 63 100 48 8 100 18 95 54 92 50 82 95 16 87 56 68 1 10 27 78 26 94 67 42 16 11 22 49 51 85 13 45 30 65 7 49 60 47 94 94 69 35 86 44 74 47 83 82 24 15 63 30 65 88 82 38 81 16 50 97 59 67 81 96 93 44 66 91 16 89 100 3 46 57 52 74 56 44 67 24 4 91 49 91 12 55 61 
46 70 100 31 49 89 3 2 87 22 99 73 84 24 44 97 81 13 7 11 75 23 99 69 59 31 56 37 84 21 98 53 36 64 24 91 49 54 75 73 87 29 79 36 76 43 52 26 21 94 3 79 51 11 64 5 88 12 84 98 61 16 51 9 45 56 58 35 29 30 91 56 33 54 85 93 95 61 21 67 51 72 78 39 15 1 6 44 6 38 24 89 66 4 59 54 38 46 72 84 21 42 39 54 58 38 45 74 95 60 66 100 45 80 10 29 41 83 12 76 21 11 20 44 95 96 57 2 
80 78 93 36 85 82 32 34 71 31 38 33 34 68 64 66 80 87 80 8 77 31 82 96 27 29 72 64 100 59 37 29 14 51 30 83 34 5 18 54 1 63 17 56 18 38 72 11 79 18 100 84 42 2 67 96 34 52 27 37 69 98 6 32 84 65 91 11 73 35 97 82 48 26 27 68 34 85 21 67 21 8 27 71 17 32 89 26 60 96 5 52 57 45 34 93 34 98 64 58 52 15 3 87 66 68 30 46 30 17 31 32 10 7 53 28 43 84 12 31 59 13 81 3 4 5 7 64 
52 57 70 58 31 79 39 38 46 40 95 86 21 41 93 80 87 57 80 83 37 48 12 42 99 12 56 19 9 10 84 78 36 5 36 40 18 99 50 95 24 100 19 20 6 39 18 27 28 36 74 65 60 45 10 45 87 93 8 38 92 2 83 28 60 42 81 43 96 73 7 20 49 85 55 81 71 11 94 34 33 36 33 79 75 89 26 83 61 71 61 89 48 2 62 56 76 38 59 83 9 29 71 31 44 95 24 88 14 75 54 60 4 3 55 8 54 54 73 60 4 57 49 5 10 26 8 19 
4 21 26 46 9 20 45 84 55 100 62 70 97 71 81 13 42 70 60 48 13 30 31 98 46 77 58 22 38 53 82 71 85 17 70 4 15 8 40 68 69 96 46 66 87 1 45 10 33 74 13 15 81 6 77 17 53 62 60 61 86 96 42 100 96 29 93 39 64 66 81 93 85 50 47 77 97 7 96 6 53 72 64 26 81 35 15 11 60 30 86 77 78 11 7 15 23 94 98 44 83 2 22 8 27 3 59 4 57 80 42 51 32 47 8 89 70 53 17 77 62 86 34 49 3 94 39 56 
52 53 72 55 39 82 69 40 42 23 77 98 11 30 70 18 27 100 13 62 77 71 31 5 52 15 76 34 42 62 80 26 52 39 69 9 43 25 79 52 6 63 69 30 52 40 77 88 61 69 95 69 99 99 30 6 67 30 47 37 39 10 5 86 25 78 35 25 93 63 45 80 99 70 61 54 97 45 76 72 76 10 86 21 2 100 77 47 43 39 32 60 21 32 11 74 81 88 85 58 34 48 82 45 94 61 82 72 82 37 31 29 75 82 42 68 35 45 57 17 78 74 34 40 33 11 59 43 
44 52 43 76 64 24 65 51 23 70 64 43 77 58 23 76 38 4 23 17 29 32 13 88 71 18 81 13 7 58 26 48 68 100 11 71 84 19 46 74 26 51 42 52 3 47 52 90 96 84 70 9 52 5 92 37 6 8 39 76 18 25 6 13 62 60 92 29 93 7 55 97 83 65 16 48 22 17 49 60 1 92 74 95 44 67 40 57 48 70 69 45 80 91 84 82 16 32 48 45 87 94 87 38 95 70 74 96 71 62 40 89 31 91 27 76 8 65 18 53 69 8 73 79 20 99 67 4 
86 35 61 2 58 57 7 18 32 3 65 71 37 62 45 60 34 72 79 46 4 80 74 24 4 16 58 14 94 75 65 79 72 1 97 65 69 12 71 98 38 27 99 20 82 31 34 57 77 55 99 93 51 4 62 7 95 92 59 42 100 48 58 81 40 72 93 18 71 8 5 48 25 25 58 12 42 42 16 69 11 36 33 34 75 87 41 95 4 64 78 91 13 77 76 63 21 48 2 22 9 40 48 42 99 83 26 39 69 18 96 25 22 75 21 53 23 44 77 5 61 75 87 80 94 12 91 2 
36 44 90 74 32 73 56 72 71 15 73 74 22 66 50 56 64 90 66 19 67 66 71 83 57 65 40 43 27 90 80 16 58 41 98 12 56 71 4 9 52 50 10 43 59 72 93 80 36 65 59 78 84 31 79 20 33 89 35 84 32 23 56 53 28 81 65 47 80 60 42 15 44 53 97 100 12 6 83 78 43 12 88 20 64 2 92 27 51 52 14 55 33 75 14 84 20 99 23 32 75 8 2 2 32 41 83 23 1 95 87 100 18 36 32 67 78 71 8 67 53 45 59 44 71 84 42 34 
26 30 9 4 66 63 71 70 36 10 19 29 16 7 5 74 95 33 70 94 74 95 88 72 90 71 36 93 89 91 100 95 63 98 64 58 53 79 23 91 2 35 27 24 71 20 3 5 46 16 40 6 28 92 80 39 40 20 40 21 14 16 78 10 51 49 93 76 70 29 27 3 25 76 89 18 12 58 85 70 12 73 39 99 19 87 97 67 21 13 33 55 79 4 29 73 7 32 59 77 14 94 80 50 56 65 55 51 85 76 45 54 89 84 69 65 6 94 84 89 4 57 31 95 45 52 4 78 
98 48 32 19 53 67 63 3 94 39 69 57 64 84 10 92 52 95 96 36 50 71 89 20 45 68 47 32 6 37 6 83 59 50 29 98 11 78 1 51 97 17 100 70 16 39 77 15 81 75 59 89 78 88 17 95 4 85 10 61 15 28 42 9 26 60 85 67 66 43 14 45 71 30 20 23 59 96 59 3 23 25 76 80 50 50 97 25 23 69 26 100 85 83 81 84 25 6 68 38 77 37 77 95 96 43 26 5 11 12 13 39 57 14 36 55 73 7 8 92 38 73 69 60 6 68 6 61 
49 24 44 92 28 92 38 23 70 54 85 80 90 37 40 59 37 79 45 68 5 96 72 55 31 36 60 35 67 5 31 54 46 27 16 1 85 16 61 16 82 24 77 76 38 51 87 81 77 85 25 69 6 21 55 49 56 40 31 80 24 71 37 11 60 63 65 7 7 91 19 23 7 5 65 3 13 23 94 4 20 20 1 41 66 58 96 98 5 89 87 4 26 74 22 4 55 62 62 45 48 69 63 56 92 71 98 56 87 4 68 49 80 46 59 36 63 78 78 82 49 15 34 44 28 44 46 89 
63 66 63 94 86 95 10 31 2 4 4 32 82 32 25 99 32 97 60 97 54 99 62 12 23 51 64 91 7 65 25 97 94 89 12 24 42 58 32 100 42 24 97 14 95 87 28 34 60 74 31 98 50 76 41 30 7 42 16 71 89 21 81 68 29 15 31 100 96 43 14 32 75 10 32 21 80 8 45 27 56 85 21 6 64 11 17 51 25 72 34 47 75 45 16 46 15 75 13 83 30 81 13 60 56 38 67 80 5 45 10 8 97 47 91 79 71 38 49 87 72 92 50 32 78 55 80 94 
49 77 53 72 12 14 31 27 98 5 74 40 26 62 74 6 45 73 81 91 92 90 35 95 3 22 85 39 62 32 96 51 22 61 89 46 92 39 87 58 42 53 87 67 22 20 68 10 90 94 57 82 65 30 99 74 8 60 63 31 48 72 20 56 100 5 77 13 100 15 62 77 87 55 85 53 89 25 14 3 9 96 3 98 50 56 52 24 16 48 12 14 68 92 51 44 89 34 55 37 8 56 86 11 18 100 72 62 80 64 88 54 12 79 39 47 52 79 52 99 45 44 8 29 54 89 12 38 
9 45 82 31 94 95 38 33 7 37 69 80 21 86 73 22 96 32 38 60 73 20 27 90 12 16 60 36 53 2 8 69 51 91 98 55 54 69 77 17 79 40 30 52 47 45 97 71 65 51 19 37 61 68 12 79 41 62 90 58 62 89 37 100 18 38 49 86 18 97 86 59 2 64 92 21 56 53 70 28 75 38 19 33 75 43 94 77 52 20 31 55 21 45 40 91 38 71 74 19 16 44 79 43 26 65 25 50 75 63 78 41 57 50 98 90 38 45 86 99 62 30 54 57 55 15 32 3 
29 67 96 18 31 51 46 90 6 76 61 80 13 84 28 10 92 1 9 75 70 60 30 62 27 40 11 31 19 76 7 63 16 32 43 7 11 31 57 52 36 61 53 44 82 56 76 22 2 17 33 91 95 81 4 77 40 87 36 20 68 74 52 99 39 7 34 20 69 31 25 36 21 100 11 51 75 97 40 4 6 77 20 71 73 9 26 73 87 94 100 31 72 78 82 63 68 32 26 8 39 98 32 62 34 80 39 66 17 50 30 1 48 71 41 23 45 21 11 14 27 53 23 1 3 30 56 73 
76 20 84 77 98 93 55 62 33 81 18 74 52 20 91 66 34 62 6 30 40 19 17 4 69 10 38 95 98 54 96 82 39 68 80 39 53 62 32 43 93 40 100 84 30 31 35 86 46 41 73 48 78 55 68 33 34 30 45 19 64 17 7 66 21 57 78 20 67 20 80 23 52 26 18 32 86 10 12 38 20 99 68 72 77 98 32 36 25 43 29 37 55 74 29 61 26 83 48 69 13 7 42 67 9 13 95 98 93 51 40 45 3 64 88 72 77 45 36 62 68 97 54 38 26 4 78 33 
5 93 72 69 8 15 51 62 79 45 91 84 71 28 69 5 81 95 93 60 99 28 14 36 83 52 55 55 38 100 45 83 76 67 79 33 42 8 1 55 42 79 100 37 75 37 29 28 18 71 96 94 40 67 81 41 73 10 20 37 94 100 7 44 93 48 77 81 43 78 96 77 15 28 57 50 99 13 52 61 94 94 62 70 26 7 55 91 70 74 49 12 80 4 49 98 95 38 67 40 20 56 73 76 41 14 84 95 90 91 22 55 20 48 99 13 62 43 70 62 16 48 63 85 5 10 82 13 
65 75 74 96 37 98 13 76 85 97 19 67 42 92 91 32 23 36 95 50 54 51 3 9 47 8 57 68 39 18 63 63 19 14 99 18 90 19 1 72 37 4 71 47 38 26 56 23 72 7 27 17 2 78 24 42 47 34 50 39 4 61 86 17 9 35 5 34 30 84 56 77 5 79 24 71 58 74 29 18 72 39 91 93 38 56 88 65 2 18 45 16 86 66 55 65 51 32 64 99 51 85 52 29 39 44 97 38 17 66 89 13 43 9 24 3 59 14 27 10 39 22 87 62 21 20 5 84 
37 26 99 60 33 64 11 5 41 33 15 83 100 55 79 25 53 37 46 99 93 78 51 3 25 64 36 19 61 19 63 61 53 40 21 75 26 29 38 76 5 21 12 46 42 45 10 81 3 63 35 58 75 78 59 37 15 68 57 82 32 34 66 40 78 100 71 96 21 62 42 18 63 11 73 57 22 97 36 27 79 44 87 13 38 76 27 78 94 33 88 20 100 7 12 28 100 10 25 26 100 30 29 74 89 12 28 8 86 55 85 65 57 60 48 88 14 78 84 65 14 49 30 87 41 7 94 72 
80 4 69 19 93 24 66 46 12 64 57 96 14 65 85 76 51 42 70 1 99 100 32 23 6 45 11 52 71 28 6 11 58 16 9 64 56 27 5 14 41 12 47 7 77 11 34 65 73 87 49 70 31 54 42 37 57 87 97 87 57 18 68 97 92 11 1 91 4 17 35 40 7 38 29 82 88 3 55 64 65 13 3 42 37 74 15 83 6 59 2 63 84 52 88 39 43 56 56 85 29 83 79 86 28 5 5 20 97 65 79 51 3 55 48 15 100 4 23 53 19 12 8 29 25 10 94 88 
2 28 14 72 14 59 76 20 69 12 76 82 7 75 96 38 59 80 96 45 19 76 20 33 32 67 61 54 18 36 2 87 10 62 90 33 94 17 64 52 80 89 100 52 20 89 27 78 87 42 87 23 26 80 10 75 87 98 6 57 100 15 28 76 36 15 93 53 20 17 32 11 73 66 39 53 25 42 54 85 15 99 60 50 98 52 24 92 82 75 41 81 69 65 56 47 79 37 26 77 85 70 76 61 10 86 22 2 40 61 46 42 71 98 73 8 51 34 73 61 80 65 85 45 44 27 47 80 
97 54 53 94 22 71 18 4 23 61 46 47 89 72 59 26 25 20 45 80 36 2 23 40 39 23 75 55 11 51 66 56 32 6 49 58 43 81 87 78 1 25 86 96 94 80 19 75 16 84 55 95 37 62 33 15 70 25 23 82 98 3 87 66 86 7 84 19 85 34 98 36 88 80 5 91 58 84 31 91 3 77 92 65 43 89 93 30 68 60 61 69 33 35 79 14 57 71 48 57 85 99 3 48 13 55 28 38 100 31 68 36 29 42 24 43 2 76 36 87 63 94 99 73 84 92 48 47 
33 84 24 24 22 51 49 25 33 41 47 35 91 57 72 67 70 77 31 9 79 67 82 50 3 82 14 91 15 75 20 44 3 32 89 15 3 21 71 68 46 58 66 46 79 6 72 77 16 5 34 63 9 14 49 37 41 58 51 100 7 38 8 91 22 77 42 39 92 74 70 42 24 23 18 50 30 11 9 18 73 84 12 47 46 6 86 41 85 52 26 10 55 67 93 16 24 79 1 4 52 93 71 28 3 81 65 9 76 72 65 60 62 79 95 14 46 67 99 84 77 67 17 85 60 56 36 33 
20 38 62 43 35 56 28 5 5 21 23 50 29 98 58 60 7 55 71 79 55 62 1 59 92 78 12 11 29 78 9 55 7 29 9 78 28 75 100 43 31 39 54 29 96 54 26 99 76 61 61 42 76 63 62 17 38 7 29 58 59 98 44 56 68 2 72 73 50 32 93 50 45 13 38 71 54 6 3 31 64 2 12 81 98 79 10 19 94 70 23 90 60 44 61 96 90 34 16 88 48 50 10 37 88 65 68 15 81 97 22 16 28 93 46 70 79 54 13 73 81 15 13 80 42 64 58 33 
19 58 72 19 68 97 10 49 1 11 48 68 5 49 11 90 9 21 6 23 97 26 53 12 18 95 4 80 4 84 77 79 38 43 4 84 24 32 97 30 59 56 72 14 72 17 89 26 41 40 60 89 57 97 51 9 63 44 56 40 47 34 90 24 34 20 33 93 25 69 60 64 92 24 73 92 66 12 48 63 33 53 17 33 25 47 17 4 45 31 41 22 43 54 11 37 99 6 65 59 11 59 85 33 57 79 48 4 95 66 50 65 4 97 68 11 48 9 59 60 58 77 64 32 23 3 82 14 
2 44 99 5 100 34 39 25 55 3 63 20 90 81 65 74 28 53 2 48 59 82 37 20 62 4 87 97 90 92 36 85 92 25 25 42 85 52 1 54 58 30 16 21 69 35 98 35 14 50 44 11 87 34 73 95 60 3 10 47 84 5 48 6 89 52 95 57 19 33 73 6 98 36 69 58 37 84 34 16 52 29 42 67 64 49 53 98 48 69 51 31 68 13 80 39 49 100 98 25 67 52 63 97 13 19 34 84 45 47 88 70 49 67 31 73 71 44 82 39 54 86 37 56 43 91 94 29 
66 72 82 38 76 11 74 42 86 53 47 4 8 29 45 28 83 94 40 24 19 23 63 42 41 36 72 38 89 22 78 84 13 80 75 51 97 31 14 98 39 91 32 83 25 82 3 42 31 44 48 28 47 95 51 61 100 56 71 31 26 83 81 25 10 47 9 37 100 60 26 68 74 30 72 63 81 17 46 72 43 57 6 30 93 9 5 63 79 75 84 2 73 23 1 67 28 73 84 3 60 73 85 42 9 14 40 38 97 72 89 100 33 84 67 92 48 29 23 91 27 66 92 65 59 98 85 23 
5 72 76 31 79 95 64 74 12 81 87 30 44 32 70 32 45 31 75 44 74 30 85 11 36 25 44 70 37 13 84 31 13 81 99 24 50 88 88 28 66 87 36 42 32 9 60 7 64 66 18 52 92 51 51 81 90 9 81 90 45 36 32 34 52 87 5 48 38 79 21 54 6 56 92 1 5 50 76 8 28 83 42 35 55 52 95 89 17 17 63 73 35 72 9 70 57 17 68 54 100 17 47 67 30 56 88 14 6 18 3 68 62 5 23 80 3 6 29 33 66 97 1 4 27 30 58 65 
5 68 10 20 41 80 94 7 29 76 61 69 48 18 92 27 48 27 55 56 31 65 11 48 73 93 93 67 12 60 21 44 63 65 68 6 25 89 17 2 20 71 34 44 35 50 11 51 79 40 65 37 18 34 29 47 96 43 14 12 84 33 10 17 84 86 54 32 49 61 58 74 76 45 78 43 17 55 56 100 94 61 15 29 77 36 77 56 95 15 29 74 8 27 42 23 19 80 24 66 25 63 38 62 47 54 20 47 20 52 12 44 45 80 32 88 18 63 89 48 50 42 95 42 62 55 73 22 
54 76 18 2 95 96 100 7 97 47 17 50 22 34 8 11 18 100 62 69 4 27 21 75 46 59 24 43 33 86 49 36 98 86 16 90 89 69 64 54 41 100 44 11 100 47 19 51 91 80 76 47 27 100 98 29 13 29 88 66 54 27 25 59 49 95 31 70 84 29 34 17 51 84 82 71 34 94 87 44 64 88 54 15 25 21 36 27 16 2 82 78 94 16 24 72 86 53 6 40 87 97 26 73 35 8 18 80 9 79 56 91 86 15 36 42 94 67 82 15 18 95 37 16 20 65 48 52 
97 33 61 13 83 63 43 79 60 80 60 31 87 27 17 77 67 84 27 80 98 95 24 56 62 64 52 57 2 99 54 86 88 56 13 5 76 13 8 11 68 56 98 63 66 30 23 20 22 52 49 58 36 59 57 73 66 44 69 51 16 95 8 80 37 73 18 16 9 83 9 44 72 33 66 89 76 1 22 88 67 61 64 31 7 62 43 93 8 47 8 89 58 95 97 21 58 27 8 15 13 54 87 79 52 84 83 29 21 21 24 3 64 76 3 51 60 14 36 90 31 24 34 17 46 54 54 51 
68 53 27 32 90 70 48 63 96 51 27 67 100 46 4 5 15 9 38 43 90 52 51 76 11 99 72 89 10 93 28 42 24 32 66 58 54 92 31 89 92 73 65 94 25 83 64 56 38 51 25 23 25 73 29 24 35 74 6 36 30 51 53 45 63 70 84 78 9 24 29 71 78 62 44 18 42 49 14 12 99 73 32 83 18 13 29 52 85 24 81 44 40 70 58 23 63 57 29 48 24 12 52 3 99 83 18 62 57 10 88 93 32 69 43 27 17 14 84 93 94 40 41 76 47 39 54 74 
61 2 55 91 10 42 40 94 36 75 51 54 13 25 11 5 17 85 33 27 73 33 81 10 43 76 30 20 90 49 41 39 56 45 83 21 88 52 79 14 8 29 6 41 96 35 38 83 47 82 3 91 13 12 12 11 58 58 2 43 31 54 7 59 91 49 73 80 54 91 1 46 27 54 98 57 57 29 19 52 66 53 57 74 53 14 95 99 20 85 35 62 73 56 90 40 21 68 69 67 30 70 65 4 73 5 71 80 34 92 89 87 95 26 65 3 57 16 38 49 83 72 44 82 19 35 100 19 
6 95 86 25 77 65 95 7 49 1 7 56 10 38 12 33 70 53 11 21 22 52 72 65 65 3 7 30 23 97 84 53 46 91 30 10 62 26 95 42 1 67 73 15 83 67 42 31 66 61 9 20 3 61 90 93 21 10 55 59 1 67 16 73 41 54 63 56 26 29 40 77 59 4 78 8 24 18 30 89 1 66 22 21 17 42 67 75 94 42 94 56 9 46 96 34 46 36 83 67 7 97 57 70 56 28 23 60 78 81 75 15 40 88 71 11 79 88 56 64 14 19 68 18 52 38 52 67 
75 52 26 74 87 12 6 94 28 91 98 100 81 8 20 9 58 87 9 35 82 44 100 72 70 38 30 35 75 66 16 11 73 3 22 54 46 23 86 91 32 70 63 25 26 18 81 6 78 84 37 43 38 37 84 95 5 4 25 50 73 29 10 33 45 17 63 28 64 1 25 34 95 26 72 4 11 22 97 55 2 30 63 59 35 9 13 16 21 58 70 26 74 91 78 40 29 59 62 39 32 45 5 54 38 3 8 69 91 39 97 81 55 94 5 14 88 71 53 93 89 86 58 24 47 9 27 11 
57 92 4 24 91 83 49 62 35 75 8 42 11 68 31 86 83 60 24 8 9 8 39 54 71 86 16 21 73 43 78 16 98 2 82 70 17 31 66 89 99 98 34 90 54 25 78 38 31 2 56 93 1 53 83 29 11 73 72 56 96 20 32 7 98 10 50 33 100 38 54 78 8 68 88 4 39 77 89 13 16 55 11 41 5 7 50 50 46 24 3 72 31 2 22 75 71 30 3 52 55 12 2 70 83 26 29 24 15 80 22 32 74 59 60 60 51 52 92 36 85 43 74 81 71 57 99 11 
77 21 73 1 62 72 62 17 94 87 85 49 96 47 80 16 51 91 71 58 10 77 94 6 15 66 89 14 46 27 82 14 16 62 56 67 54 97 28 97 97 16 1 67 86 100 4 57 16 99 4 7 56 89 25 22 20 5 48 57 32 1 55 62 62 75 96 70 96 100 92 6 20 28 42 15 89 21 58 35 37 17 9 42 6 66 46 75 29 74 85 79 68 24 28 54 58 36 1 38 53 39 51 4 9 54 18 81 83 92 34 81 69 57 14 82 95 90 73 87 41 85 86 50 94 75 19 73 
20 69 62 56 36 80 33 88 96 90 22 34 26 1 29 93 18 31 26 83 18 43 86 62 82 43 18 17 89 58 62 23 58 1 12 38 49 28 85 21 99 42 5 48 80 4 11 60 94 67 40 5 23 82 96 77 55 54 12 10 27 33 94 2 78 67 63 49 6 96 35 90 73 34 54 74 78 64 93 74 83 74 58 42 48 72 23 7 18 92 30 60 2 24 16 80 19 38 46 10 13 48 26 8 85 98 88 55 96 81 23 70 9 4 9 11 95 64 63 15 72 40 37 71 31 65 1 91 
27 32 12 47 95 49 63 8 95 49 25 62 83 93 46 48 71 93 14 83 35 50 35 50 8 46 73 88 32 16 78 47 52 38 33 69 77 72 21 4 90 20 69 80 90 100 48 15 30 15 54 52 6 75 89 39 12 61 68 49 6 12 27 65 81 8 75 40 88 19 75 43 21 63 82 7 98 30 23 40 72 54 85 95 41 10 3 10 100 50 16 97 48 97 67 83 75 28 17 61 73 47 90 30 8 84 17 25 39 76 32 78 17 9 13 54 67 93 35 87 46 5 23 58 31 40 99 18 
48 80 25 61 4 78 67 71 1 15 25 90 87 23 16 91 96 17 74 37 46 12 73 58 29 29 54 78 4 74 57 37 28 95 13 96 58 76 46 49 4 3 36 37 15 49 63 25 29 46 77 31 96 71 6 4 29 74 43 71 6 64 24 44 57 76 33 95 36 47 80 38 11 32 86 82 21 72 3 89 27 75 46 19 90 39 14 18 64 86 95 10 97 78 82 63 50 91 98 89 63 56 29 66 19 14 88 2 70 57 61 26 10 48 79 69 56 91 52 39 33 100 99 72 11 60 99 37 
66 53 81 97 66 48 57 100 46 51 30 11 32 4 22 39 38 55 69 90 54 19 90 44 20 23 77 65 33 3 78 65 96 54 66 2 84 52 46 98 31 63 42 2 62 30 74 92 15 31 7 7 47 23 57 31 36 24 4 84 24 53 93 14 59 88 14 19 86 48 81 74 36 100 6 24 37 39 34 89 75 81 36 44 55 51 62 93 91 4 13 54 25 83 3 39 50 69 89 1 94 66 55 56 73 60 77 53 89 37 79 33 29 5 4 31 6 52 98 95 8 52 98 8 29 90 92 79 
94 92 13 25 18 73 33 85 13 34 75 5 45 90 77 69 21 89 93 97 63 27 35 9 17 56 98 5 75 80 25 81 79 81 92 36 84 2 89 27 15 31 69 12 70 60 99 83 32 1 71 51 1 50 39 42 46 45 18 69 96 56 6 85 83 19 48 77 15 39 20 44 68 86 3 54 52 65 2 56 78 14 13 37 31 79 88 4 1 67 78 77 65 59 64 12 32 5 55 49 82 48 1 37 38 34 61 96 21 22 26 10 44 82 4 40 20 9 23 50 30 48 3 66 81 24 44 40 
41 71 48 37 21 23 35 89 34 20 3 69 8 34 67 29 29 4 98 30 46 13 39 59 85 40 14 97 60 61 87 72 78 93 68 52 55 71 68 69 25 54 84 80 92 70 39 33 35 62 82 94 39 16 68 43 47 91 67 53 26 93 52 34 51 80 80 27 51 96 93 12 81 71 85 17 59 36 63 39 47 96 14 27 79 57 95 53 67 69 10 52 19 88 89 52 36 58 77 86 79 51 58 68 63 39 72 16 60 32 17 40 64 78 17 20 94 64 91 62 34 19 90 3 33 2 36 45 
36 70 94 54 41 3 47 20 100 85 46 61 42 76 6 63 52 32 37 85 30 80 56 96 24 47 93 1 98 37 43 81 82 36 43 68 95 39 55 29 7 8 93 40 2 97 27 82 48 25 42 46 96 22 68 54 92 73 4 36 7 34 92 18 32 55 37 39 67 85 76 61 35 31 2 17 9 56 57 90 87 4 62 53 54 61 11 15 37 84 40 87 94 21 10 57 5 79 14 30 7 6 19 14 79 88 22 100 8 85 94 97 86 51 85 8 91 5 10 93 39 1 90 25 59 94 100 48 
68 33 78 39 25 46 43 62 45 42 95 60 16 46 97 73 65 81 79 96 25 10 59 55 60 25 44 45 20 18 70 65 32 58 6 14 88 88 93 13 52 86 37 13 96 85 20 71 2 97 77 95 85 66 100 65 38 50 39 13 25 16 72 26 42 27 65 12 60 23 59 58 48 17 67 31 98 31 30 73 18 11 94 29 34 27 35 18 37 78 71 23 62 78 84 17 82 85 12 38 12 69 52 30 7 66 25 30 44 87 95 46 15 92 77 56 5 51 40 35 86 90 28 69 16 42 16 80 
4 29 38 12 69 34 66 91 8 24 35 11 2 3 81 17 39 15 95 5 7 88 16 71 5 12 80 43 14 82 93 87 28 100 53 33 90 86 91 13 54 10 35 78 91 56 59 32 95 78 5 91 15 92 70 75 91 46 5 88 66 20 39 45 94 94 68 80 57 19 21 2 2 92 16 75 67 15 69 25 23 22 40 34 16 61 31 79 15 1 45 42 36 20 40 28 51 53 38 95 14 42 92 27 36 30 45 25 55 84 47 10 96 97 21 44 83 23 45 47 16 13 7 44 9 93 81 46 
19 72 15 13 88 16 58 95 88 7 70 91 83 28 29 56 21 10 68 92 38 67 98 35 21 49 51 38 44 54 60 15 95 65 75 71 60 54 97 67 27 15 95 53 7 85 27 41 49 18 36 69 74 36 40 59 74 69 28 60 17 18 86 8 54 93 21 30 66 84 50 28 22 90 68 97 48 97 85 44 100 13 5 34 16 7 54 75 8 59 69 62 87 28 43 81 59 55 11 86 48 46 57 49 5 7 52 20 53 81 68 78 79 53 98 80 17 70 43 78 74 82 8 74 92 75 49 21 
31 16 75 3 65 1 9 65 4 39 6 74 60 73 42 98 65 55 24 75 30 77 67 87 5 62 52 94 38 56 94 67 19 13 4 78 25 31 98 63 58 27 99 71 44 95 63 94 16 99 33 37 18 87 3 53 35 68 35 39 7 1 52 83 99 50 35 96 35 28 35 91 7 12 47 54 5 96 15 93 19 93 71 48 56 35 15 15 5 86 86 50 18 64 3 88 20 10 62 21 81 27 82 4 40 41 4 96 50 95 65 25 13 99 22 97 13 99 100 16 63 35 28 70 59 63 38 55 
86 23 15 12 61 21 39 86 92 26 48 45 24 86 46 25 97 46 58 49 18 1 34 27 15 74 12 16 9 10 14 56 20 16 17 5 42 49 72 91 100 38 5 55 97 46 41 2 28 61 7 17 5 77 80 34 48 25 12 77 11 83 25 50 22 84 25 57 49 43 6 66 10 76 18 28 19 89 60 60 80 15 12 77 17 81 66 3 10 31 56 97 70 28 12 60 74 10 8 100 100 96 21 12 31 19 16 14 60 8 2 84 11 75 66 31 26 65 28 54 58 8 35 89 34 94 36 24 
62 68 56 78 88 2 96 7 41 89 55 44 51 18 6 93 46 65 69 84 26 59 81 46 99 19 96 21 98 39 54 64 16 26 27 20 88 14 28 74 69 29 17 9 77 82 48 43 10 72 45 8 34 94 70 14 16 86 84 72 45 28 85 96 60 67 65 15 4 12 47 61 11 3 84 73 75 64 57 8 2 35 98 53 1 19 52 53 92 67 53 34 24 57 94 80 79 22 56 4 56 67 53 97 84 90 100 91 96 46 54 24 38 19 25 61 24 36 85 33 63 29 68 70 92 29 33 96 
85 25 66 40 57 49 12 44 80 95 85 81 87 27 37 45 58 53 16 44 37 92 54 26 25 25 20 70 67 86 9 38 72 36 11 86 83 9 51 38 22 45 71 31 87 77 2 2 71 8 48 30 100 84 6 14 9 61 65 9 42 37 100 100 71 91 8 16 14 87 70 35 63 58 87 32 36 52 98 86 54 81 68 72 34 9 63 19 11 95 88 35 32 69 36 57 79 77 66 56 81 5 69 24 71 1 27 92 30 18 90 11 99 21 97 15 16 27 80 82 31 21 8 54 26 61 80 16 
89 80 72 60 77 95 12 29 3 67 18 38 23 94 34 31 76 61 85 64 31 34 40 69 5 91 70 19 61 71 56 5 1 46 48 74 5 82 58 67 15 99 90 93 87 96 5 4 7 3 75 46 18 58 99 59 74 23 98 17 39 45 57 33 53 84 41 52 54 66 63 39 65 15 30 7 57 6 10 70 45 85 78 70 45 45 62 37 4 51 37 83 73 15 77 60 17 69 90 64 86 2 46 3 69 58 17 56 74 93 32 45 78 15 28 79 43 51 25 69 29 57 61 75 63 10 3 99 
34 82 1 50 24 91 43 99 82 24 73 99 4 92 18 56 66 17 39 86 24 45 4 90 76 78 94 84 11 54 96 66 71 48 66 40 52 52 100 36 85 55 40 42 99 55 7 33 71 35 87 53 57 66 29 84 68 93 91 64 97 76 97 46 9 72 15 73 70 59 67 88 35 82 90 25 46 19 51 52 73 36 47 11 34 89 49 12 14 3 70 20 63 35 87 76 61 30 46 32 99 18 72 44 53 27 32 71 15 17 34 5 67 95 72 43 17 58 24 75 89 64 73 23 47 65 32 91 
14 61 60 49 58 92 9 78 23 20 38 64 37 67 60 8 21 11 75 70 66 96 11 67 14 57 50 92 26 22 16 66 54 14 2 8 69 84 77 14 53 33 97 89 72 43 83 90 39 80 7 2 27 75 66 25 9 66 47 10 32 63 13 47 7 39 80 79 52 90 3 50 98 73 86 39 89 11 51 1 72 89 91 19 13 46 75 31 59 84 60 62 57 87 3 79 79 45 23 9 79 59 80 74 14 99 62 85 21 31 80 4 63 5 18 87 26 27 73 76 75 44 10 100 82 95 6 56 
30 51 34 40 96 35 51 70 99 68 10 46 26 56 40 40 12 73 22 68 37 71 76 67 85 64 29 47 31 89 33 79 74 41 17 92 27 54 59 99 35 44 49 3 36 31 36 11 31 89 32 28 38 81 96 57 84 37 93 63 25 92 89 75 20 79 25 42 57 42 69 99 83 17 18 90 35 68 47 68 1 34 22 40 76 19 100 5 93 43 21 12 3 17 2 46 7 87 60 52 80 70 72 9 83 33 52 68 65 82 54 81 60 48 56 4 85 91 64 63 34 27 80 90 70 74 5 20 
70 94 67 76 25 94 18 27 70 20 3 95 42 57 26 65 76 2 85 70 98 93 75 39 57 38 75 89 54 7 23 45 37 2 97 73 33 22 18 94 31 37 16 41 97 69 33 11 66 60 71 45 2 71 72 45 22 9 79 65 16 93 77 73 76 33 3 34 36 98 12 72 77 76 24 50 26 42 40 69 93 32 68 74 50 69 76 5 16 14 36 70 54 29 55 8 99 94 43 79 44 63 82 26 98 93 41 40 98 97 99 19 61 21 60 98 17 73 85 1 5 87 95 94 37 100 69 69 
41 53 100 68 64 49 74 12 36 93 60 81 48 83 25 100 73 54 59 62 86 44 70 73 65 14 81 12 29 67 53 33 89 16 9 62 58 53 100 95 46 86 2 93 52 26 34 79 29 10 11 15 25 11 7 29 86 98 23 3 52 85 93 47 83 45 95 22 60 65 4 14 33 38 71 85 3 44 56 68 81 57 96 86 30 73 61 48 54 98 80 83 55 40 59 11 21 90 29 21 11 4 18 44 98 35 34 100 57 32 14 2 7 1 92 56 59 20 53 60 34 24 38 99 82 32 56 8 
3 75 3 89 6 53 6 5 28 2 39 37 64 82 90 7 13 35 81 24 55 24 55 38 3 33 82 46 5 64 13 27 54 64 19 33 19 17 14 20 52 84 93 71 76 6 11 71 84 52 75 56 85 65 88 64 86 52 50 93 21 91 65 28 44 56 66 10 57 37 26 63 1 55 6 20 35 24 81 23 64 47 73 10 4 44 79 24 12 82 95 42 77 37 40 35 24 44 44 35 17 38 87 64 86 57 50 61 53 82 4 21 60 92 57 29 76 67 4 40 21 62 92 54 27 92 5 8 
70 53 36 1 21 4 61 13 24 16 77 71 9 87 65 52 40 54 62 71 25 33 64 78 6 97 68 4 68 70 83 95 37 56 49 86 63 97 77 48 10 81 6 36 79 25 17 49 19 39 83 28 79 26 86 100 15 72 42 97 2 23 73 7 73 60 70 50 64 42 74 69 1 35 41 9 63 65 93 23 78 67 11 98 36 84 86 22 88 31 14 9 85 97 35 90 13 93 36 48 61 53 55 53 28 70 94 58 6 68 29 89 3 23 90 71 83 20 46 5 3 19 72 87 65 83 19 11 
40 8 74 4 8 57 16 39 79 17 7 32 83 30 31 37 65 48 91 84 63 72 32 36 73 3 14 21 49 55 60 27 84 53 38 53 89 14 26 53 77 61 47 54 70 14 10 21 7 81 52 58 67 92 58 28 72 64 74 37 44 42 28 60 53 31 16 92 65 74 94 87 39 50 96 22 53 66 84 83 86 57 72 11 69 21 100 38 15 83 81 9 76 55 93 56 6 75 11 8 97 39 36 46 26 5 44 96 17 37 61 41 58 11 81 54 49 13 59 79 68 28 11 17 10 24 82 34 
71 39 47 40 97 3 24 75 45 75 43 34 13 95 13 44 16 55 82 43 33 42 63 24 63 42 95 88 32 92 11 21 22 98 57 47 8 77 91 89 30 61 30 30 64 84 66 45 26 21 26 86 29 64 27 51 37 22 20 73 24 40 43 37 33 94 69 36 85 89 71 67 25 59 84 34 20 88 18 52 93 75 57 32 38 18 13 20 89 4 98 99 68 20 69 69 36 36 82 91 18 100 61 24 22 91 74 37 82 65 64 96 26 13 35 53 22 5 29 49 47 22 86 18 7 71 20 10 
66 50 80 71 3 26 20 68 23 17 25 38 30 37 80 8 72 100 58 15 57 8 92 64 17 88 41 14 12 77 59 16 81 31 75 31 49 98 71 94 55 27 21 39 89 69 1 56 44 82 96 1 48 74 62 74 30 27 15 28 38 7 79 69 35 95 32 29 64 56 85 43 55 40 87 78 84 35 94 70 3 66 52 32 70 61 69 78 90 64 88 69 62 85 51 74 84 47 97 86 22 40 1 51 24 8 50 44 22 80 13 60 74 39 48 43 100 75 58 79 47 20 44 47 4 19 95 32 
56 25 26 78 52 58 71 93 90 94 29 43 90 35 83 66 52 97 33 62 64 61 3 80 54 3 73 82 74 95 22 73 72 84 48 49 90 67 5 83 11 57 28 19 8 58 73 5 35 37 28 22 41 68 55 62 43 64 19 39 66 30 52 67 39 67 28 79 34 3 57 88 59 38 48 25 57 59 84 88 37 49 44 32 48 31 50 50 93 82 2 50 98 60 80 95 44 52 64 19 39 40 66 46 69 11 86 18 37 7 85 61 44 18 89 63 51 76 76 39 100 57 77 54 32 82 64 2 
84 62 4 33 58 26 8 56 91 54 35 88 51 22 22 13 95 33 12 90 14 66 88 1 100 64 99 21 45 63 40 1 65 75 58 26 83 25 54 97 60 43 42 98 1 21 31 74 52 24 47 29 94 50 12 35 17 64 27 66 31 88 88 99 27 3 65 50 38 40 47 18 66 25 56 30 71 15 7 90 9 81 63 35 55 28 89 7 17 74 24 58 44 3 27 28 19 34 25 4 90 83 43 80 66 18 2 31 28 8 35 58 84 49 97 77 53 56 25 16 39 99 35 98 35 6 91 35 
11 76 51 87 83 73 9 15 64 99 92 37 71 31 33 17 25 60 43 54 54 83 33 72 41 69 97 28 24 36 27 9 16 76 13 12 93 35 2 76 27 9 46 18 97 55 42 13 19 93 19 2 65 36 89 24 47 14 67 77 33 61 9 38 33 33 24 87 59 29 11 83 37 13 14 35 35 36 20 7 1 97 5 24 29 35 66 33 92 19 65 31 21 12 41 14 81 79 86 44 16 81 89 39 64 9 70 74 100 21 98 38 21 14 48 56 83 13 67 50 24 36 94 78 68 97 66 14 
14 85 68 77 86 18 2 2 6 16 18 52 75 15 3 60 17 24 42 89 66 21 4 100 29 23 53 100 43 38 61 23 67 38 9 7 91 37 11 31 3 3 15 20 3 8 54 9 34 1 99 93 31 20 61 77 21 16 96 10 18 15 39 83 58 6 27 19 35 8 30 65 44 7 18 84 7 98 91 100 43 1 12 66 84 27 28 59 69 87 51 33 42 66 74 21 95 73 26 65 2 12 10 94 41 69 63 81 10 6 32 27 85 25 8 23 80 71 84 15 5 45 1 93 15 10 56 8 
49 45 63 71 40 9 42 61 100 77 9 39 53 88 41 23 15 91 3 10 76 1 73 75 30 25 99 7 83 40 91 16 19 47 14 82 14 59 56 38 93 66 8 2 66 58 69 48 52 61 93 17 52 76 78 49 67 99 25 72 52 66 11 22 25 11 56 64 87 96 49 72 80 67 36 56 29 97 6 10 83 59 16 87 11 79 45 72 25 97 74 52 23 58 44 19 69 11 54 36 51 29 42 8 83 6 24 57 53 25 73 70 95 18 9 58 61 50 45 25 68 41 78 80 42 32 82 28 
61 52 14 14 42 83 87 75 52 45 23 77 56 14 52 69 99 50 82 61 60 44 69 20 86 47 14 99 48 81 97 26 27 98 24 93 92 61 66 31 9 74 48 99 35 62 31 67 95 96 14 43 76 13 54 46 94 86 64 58 56 55 10 50 78 21 24 48 43 79 58 91 6 68 53 25 42 36 4 40 70 97 14 7 95 11 26 68 19 44 11 27 60 18 57 1 36 61 19 56 34 92 1 72 48 5 5 5 95 80 46 2 3 18 98 42 65 23 21 82 38 38 83 95 31 56 81 14 
75 64 33 61 12 94 5 36 22 94 42 62 61 12 42 76 100 95 49 52 88 23 20 29 52 1 36 26 97 11 69 68 30 77 24 30 92 13 81 38 44 14 5 21 2 6 22 50 79 56 3 55 2 35 99 58 73 69 25 74 44 23 27 31 24 11 92 27 5 44 61 7 17 22 72 67 38 46 28 13 6 72 83 66 42 79 65 88 88 76 94 81 12 38 41 33 4 13 2 12 62 17 51 85 15 20 58 29 34 42 21 56 81 94 100 59 20 57 60 88 98 19 94 77 8 57 74 95 
10 7 82 63 8 61 17 56 42 85 80 66 95 49 4 21 100 5 91 71 75 27 29 49 32 63 81 1 10 65 66 38 13 79 88 26 31 68 67 54 42 96 1 88 5 80 11 72 24 12 88 91 38 39 71 84 84 52 15 76 1 37 55 80 27 71 74 14 17 28 25 39 38 47 63 27 88 40 49 8 51 98 87 84 80 79 71 98 87 85 87 78 58 71 10 37 76 85 60 34 72 69 19 12 60 98 58 27 16 40 23 88 93 80 71 94 50 36 1 20 50 63 50 7 53 39 41 41 
23 41 35 52 15 29 32 43 58 62 34 31 78 19 94 5 57 72 34 54 55 21 63 10 78 88 55 53 31 82 76 15 76 60 78 15 55 29 3 79 78 68 36 98 59 72 69 14 6 43 39 75 2 40 79 35 59 30 59 46 41 15 91 42 16 64 91 50 68 46 34 16 65 28 39 85 71 48 98 74 3 43 17 45 48 4 79 9 82 34 68 97 45 41 58 38 55 20 95 97 57 49 44 56 15 8 33 64 22 12 29 82 31 55 34 16 50 65 25 83 7 17 89 15 66 72 67 99 
64 13 32 88 4 58 79 30 53 79 35 44 67 2 22 46 20 42 69 79 78 9 15 80 1 82 43 78 20 81 65 36 22 7 26 58 42 81 30 14 78 41 1 18 2 8 85 90 86 4 12 31 29 50 49 34 64 48 57 38 97 2 95 92 18 25 67 57 39 29 50 44 54 3 39 63 9 15 71 80 91 79 66 58 80 27 48 97 70 68 19 16 4 73 70 41 33 54 75 60 30 4 12 48 31 68 99 16 74 79 91 90 7 30 85 100 34 96 47 25 32 14 54 37 12 94 6 22 
97 62 60 11 38 46 87 29 87 3 67 5 57 52 44 3 72 6 6 50 54 92 91 78 81 58 65 30 96 7 97 26 100 76 48 77 82 77 67 77 65 58 15 52 52 76 34 13 70 74 17 34 75 1 71 26 41 77 23 67 100 27 38 76 3 2 43 57 80 12 50 45 60 19 42 95 15 55 9 62 67 98 86 20 4 41 4 32 66 16 40 87 47 37 46 91 84 1 57 15 70 12 38 57 28 74 88 24 66 95 45 56 59 41 97 49 43 41 34 68 6 26 76 63 63 94 95 35 
53 5 68 14 66 58 64 71 52 82 47 60 87 2 8 75 25 4 94 90 73 57 22 24 98 40 84 62 83 28 65 86 26 23 9 88 34 85 94 76 52 8 94 9 2 69 31 29 23 55 56 46 90 79 22 46 87 70 35 35 14 40 34 75 61 56 60 13 92 80 1 54 32 55 6 26 51 8 30 50 11 2 69 14 16 53 5 85 30 68 87 93 34 56 48 74 42 62 81 47 28 99 63 50 34 63 72 56 82 38 81 12 66 25 92 66 73 22 45 42 15 39 52 73 16 80 31 89 
60 39 42 72 30 59 40 68 59 85 37 76 51 98 21 41 66 22 55 49 67 21 89 100 62 31 11 45 33 22 89 7 49 83 78 18 69 47 31 60 26 1 5 23 55 1 48 89 17 97 94 66 48 58 74 75 12 16 97 36 21 6 98 24 48 15 64 3 98 17 26 8 6 93 74 35 55 26 20 89 73 5 60 46 97 23 39 5 17 44 61 92 62 88 34 52 39 59 60 35 85 88 100 37 60 70 96 45 2 77 61 93 25 84 90 7 13 23 5 80 91 100 90 71 14 7 10 74 
76 4 53 91 53 98 84 8 86 58 75 70 8 78 60 29 81 18 73 57 92 35 48 43 60 11 63 23 6 51 47 74 90 18 69 99 66 3 71 87 11 99 97 91 30 69 74 68 96 80 60 12 25 82 93 81 65 41 73 9 70 73 59 71 3 77 76 83 23 72 100 85 97 85 3 26 46 70 45 98 63 89 51 78 56 83 7 86 34 93 81 46 60 40 38 25 27 53 48 54 64 64 65 27 93 55 28 7 60 74 4 59 61 76 76 49 23 11 58 8 25 83 4 4 49 37 90 65 
62 52 49 88 9 7 85 33 65 54 11 15 41 71 54 12 29 39 54 45 85 34 81 94 14 61 41 67 2 19 31 36 75 81 59 46 34 70 94 11 66 68 88 69 42 18 38 99 25 76 67 7 30 18 9 46 88 31 42 18 63 42 19 81 89 95 88 8 49 3 42 84 97 3 96 59 35 24 40 57 5 29 39 78 91 7 63 82 26 45 45 17 55 27 43 96 99 45 60 34 68 87 34 52 42 69 22 80 57 40 65 68 99 42 49 71 37 16 91 3 87 68 55 3 75 23 2 79 
39 51 45 52 70 88 56 4 44 66 77 97 6 64 14 90 31 57 81 85 68 17 12 96 29 36 62 70 75 5 10 31 37 12 67 25 20 44 65 13 16 63 47 27 62 69 58 29 96 97 2 93 63 54 48 71 50 53 49 77 3 32 80 31 18 42 97 52 54 69 61 75 46 67 43 33 90 59 27 39 59 79 55 58 74 69 44 91 36 96 89 52 23 68 97 3 16 18 80 28 34 76 89 38 33 56 91 21 85 6 75 95 73 24 44 74 34 34 10 32 8 8 73 72 23 88 32 78 
49 63 24 89 37 91 34 17 32 20 59 99 65 53 4 14 49 96 18 23 82 89 62 36 22 72 74 99 61 25 33 100 66 64 66 89 21 79 88 20 18 56 3 37 66 33 10 35 37 39 13 28 26 67 94 89 90 94 21 91 98 5 47 71 1 3 44 87 14 14 99 70 52 53 86 94 98 25 80 19 86 72 45 9 78 84 19 91 68 90 77 25 98 9 77 21 16 79 92 19 7 68 11 13 67 12 99 77 100 10 21 95 18 18 82 57 32 63 51 84 7 8 20 78 23 45 85 4 
38 9 64 25 43 17 92 72 18 89 37 39 35 52 90 79 4 53 45 61 87 21 68 91 100 35 9 45 96 54 11 88 65 36 35 41 77 84 91 44 12 15 95 75 86 30 28 44 59 13 22 70 87 28 37 85 54 96 58 19 55 96 40 75 5 40 60 40 63 3 92 37 31 88 22 86 9 86 24 34 69 52 84 12 46 53 95 92 8 1 53 34 49 48 57 89 73 19 32 67 50 29 25 26 67 67 64 24 15 17 74 61 54 79 9 14 17 5 26 56 53 62 49 69 4 68 89 21 
91 78 14 26 70 87 13 10 39 75 76 85 3 40 54 98 66 15 93 42 73 17 73 25 71 77 10 62 88 47 78 40 43 11 58 90 19 18 15 87 38 31 13 49 99 46 90 30 91 95 71 27 90 63 18 38 61 80 91 57 46 34 94 87 69 51 15 29 4 92 1 91 6 4 22 75 100 27 73 20 5 26 23 28 10 56 91 35 25 96 30 63 48 60 3 11 73 55 7 18 65 84 60 75 6 91 71 69 19 45 51 51 15 26 47 84 28 52 35 46 70 86 37 12 1 6 19 5 
43 89 82 56 55 97 32 45 64 42 68 69 97 2 36 27 77 4 14 35 15 11 13 81 2 21 65 30 25 48 10 13 20 61 18 93 72 84 59 15 86 18 53 26 23 43 46 2 53 2 2 20 8 76 63 64 85 92 62 67 75 99 48 27 49 66 16 25 90 70 65 45 38 23 12 91 48 2 94 77 83 32 69 49 73 46 5 18 20 61 34 63 55 38 27 88 67 11 49 41 18 98 39 32 4 11 98 44 42 82 13 25 12 5 13 96 13 4 79 35 53 44 2 19 20 86 35 100 
94 8 19 93 44 65 61 24 87 57 53 31 82 93 11 91 46 68 41 28 76 78 81 27 19 78 57 46 67 83 52 31 13 73 40 66 33 38 22 35 44 50 59 21 70 51 82 15 80 73 7 19 21 33 39 77 83 80 21 90 22 56 25 88 21 68 59 96 11 33 84 82 2 54 33 33 80 97 96 87 48 6 2 71 61 52 18 71 93 58 23 12 7 9 36 71 83 87 25 12 30 14 35 67 98 67 25 68 17 66 55 20 63 48 42 67 19 49 20 65 8 82 84 3 90 71 51 63 
100 91 14 2 34 31 62 37 86 99 96 73 91 4 2 6 26 33 94 40 43 53 67 85 55 3 55 64 72 19 84 45 37 63 21 36 17 66 76 75 74 11 76 40 78 100 52 13 93 68 27 78 57 81 76 93 12 96 83 51 8 19 32 82 38 23 66 16 21 67 69 89 86 3 63 56 82 9 50 16 4 73 86 95 19 35 96 43 3 15 15 92 84 40 32 20 69 70 52 49 70 22 72 93 90 22 96 19 7 52 29 75 35 55 42 59 75 56 49 82 19 36 26 61 96 76 60 35 
68 5 9 7 81 86 12 86 65 8 60 14 13 81 79 10 56 42 99 23 67 92 18 97 27 99 91 3 68 87 36 4 85 55 72 37 67 35 18 19 65 14 73 30 23 31 99 77 15 87 47 74 23 62 99 83 95 16 72 31 22 63 21 67 52 9 83 22 51 61 16 78 83 52 44 84 65 21 60 83 88 74 4 48 53 66 48 71 46 29 25 77 92 19 38 47 68 75 66 6 17 49 50 55 53 67 46 85 35 88 26 39 38 50 88 88 12 8 53 31 35 75 30 49 97 61 67 27 
26 32 82 5 66 33 83 9 7 84 26 50 20 12 5 31 95 12 29 70 95 77 42 17 48 83 18 51 53 67 44 78 61 51 100 63 89 84 56 25 33 34 52 59 3 15 34 62 69 18 82 72 58 66 45 55 45 6 41 61 46 56 20 12 15 97 71 63 78 32 35 14 50 14 56 16 1 34 11 23 65 24 75 14 14 37 27 77 85 50 41 54 25 84 2 24 2 87 96 85 95 48 92 44 77 50 8 17 79 10 87 26 73 73 49 6 17 32 37 94 51 5 31 64 69 6 72 68 
80 71 21 86 20 51 70 89 77 13 6 53 41 19 73 1 77 89 55 33 77 71 25 81 20 26 74 12 73 24 35 30 47 52 72 65 41 49 52 20 57 62 83 4 67 28 59 59 6 73 62 61 26 69 92 22 43 43 26 10 24 19 11 23 91 42 2 11 41 40 46 36 58 17 9 12 27 43 56 39 75 20 31 15 76 17 68 28 94 73 76 70 41 61 96 92 52 75 34 64 88 14 15 17 44 60 63 35 81 38 66 89 92 82 49 82 58 31 79 11 15 51 62 36 44 19 8 86 
20 46 50 42 94 20 15 27 56 17 25 59 60 6 18 22 8 13 25 6 73 4 50 26 83 41 67 10 54 73 48 13 61 72 26 16 14 27 20 28 87 68 44 51 78 57 25 68 11 33 15 21 92 21 7 89 19 62 23 29 73 46 5 58 22 37 98 10 11 92 28 28 75 61 91 14 49 63 90 7 41 74 90 22 60 2 19 86 25 16 80 10 55 88 63 61 31 62 36 80 77 28 14 1 29 69 100 93 86 93 79 50 55 76 74 28 92 61 61 64 29 59 86 49 22 70 87 78 
65 34 70 1 86 88 95 17 90 12 28 35 64 91 34 51 31 79 26 19 40 72 84 10 15 16 44 99 100 47 37 3 54 26 52 50 33 21 91 22 27 81 86 61 13 25 61 29 46 85 6 97 90 58 79 36 63 47 79 72 89 19 58 19 78 23 9 81 86 22 11 65 54 99 42 64 92 66 82 97 78 76 20 81 38 99 46 81 36 39 89 36 43 5 2 23 61 26 95 17 100 24 56 95 72 66 51 28 68 81 93 94 97 100 22 39 4 22 78 46 43 78 90 32 99 72 70 36 
93 62 22 59 32 18 89 31 18 13 25 28 57 74 90 3 33 8 92 70 76 36 10 96 37 15 38 96 94 13 39 49 29 10 23 43 17 25 77 51 9 14 41 17 91 29 82 73 41 76 99 70 83 42 36 78 80 70 62 52 76 94 82 36 55 24 12 11 6 1 17 28 98 100 89 21 35 61 92 19 67 9 90 57 2 83 39 23 35 94 53 92 93 53 53 17 76 2 8 60 76 61 48 41 27 8 89 60 11 43 53 79 53 50 31 21 79 96 60 36 1 37 38 42 37 31 20 12 
49 58 81 40 10 32 79 93 59 42 42 36 53 43 36 61 17 75 11 23 31 36 97 3 39 71 27 100 83 41 60 62 4 31 92 79 46 26 5 7 16 23 89 41 45 19 87 2 86 14 44 3 38 42 88 55 93 70 98 5 30 98 73 55 36 37 96 5 97 85 22 76 65 10 11 77 43 13 4 62 95 84 36 59 6 67 40 12 45 51 96 74 6 22 36 39 32 100 81 56 77 33 12 25 95 34 89 20 11 49 73 7 13 69 32 6 40 84 93 38 67 6 52 96 99 96 24 73 
10 70 37 58 56 16 72 91 62 81 33 21 73 59 4 74 40 66 42 67 47 27 99 52 86 13 4 66 5 93 99 72 65 69 87 94 37 93 54 91 41 14 67 75 63 3 61 78 6 43 96 30 90 100 41 56 15 80 42 26 41 27 77 93 84 17 49 13 62 8 27 23 75 70 79 32 1 94 1 32 23 24 62 25 6 85 58 5 94 52 31 73 96 65 93 11 48 14 27 51 77 67 17 66 31 81 36 69 93 88 35 2 33 84 22 33 94 6 31 24 90 34 35 71 95 50 17 86 
76 58 22 21 89 95 67 71 26 76 84 99 66 4 74 7 85 63 42 84 84 18 68 29 19 45 50 90 91 18 44 35 31 90 4 75 20 82 22 47 80 71 47 3 10 35 45 87 6 93 73 16 59 26 88 23 54 74 72 70 8 80 6 24 30 15 29 95 65 23 68 1 2 61 52 55 90 3 15 84 72 68 76 41 75 11 33 76 37 76 38 39 21 12 14 84 70 87 62 38 9 47 79 51 16 91 25 10 92 98 59 61 21 27 59 7 88 12 30 38 57 61 8 90 58 48 58 22 
18 88 37 67 76 58 7 68 52 71 76 25 11 93 20 73 90 14 6 89 83 30 89 31 63 8 87 4 26 85 15 33 77 95 88 50 3 95 10 57 35 28 51 23 15 4 49 1 11 83 73 85 2 61 49 53 67 46 66 77 27 23 82 97 42 58 10 85 84 55 12 12 24 67 88 84 32 8 58 38 100 14 59 66 86 59 16 100 76 22 23 52 96 49 74 89 89 24 81 98 48 65 82 69 91 41 85 18 91 45 31 50 72 15 19 42 77 57 48 61 94 18 46 56 23 83 55 88 
33 4 5 70 67 85 70 66 22 66 14 30 18 4 19 23 71 19 15 93 93 93 24 15 72 31 64 8 60 19 11 29 53 62 8 43 70 63 63 58 11 71 13 56 51 46 71 6 64 84 98 68 7 61 38 3 61 77 36 67 25 100 75 40 57 72 36 6 68 89 76 78 28 25 74 64 61 86 29 32 71 86 51 40 4 76 99 38 35 3 73 93 22 83 5 44 47 82 100 7 93 92 7 52 95 73 24 55 83 56 82 66 37 81 77 60 7 89 6 37 80 81 13 68 74 19 79 4 
42 3 31 86 87 8 84 90 77 26 42 8 30 76 100 53 43 9 91 70 85 70 46 35 6 1 99 67 68 15 95 64 28 69 97 17 33 74 78 19 65 70 74 65 4 76 10 15 44 48 85 57 26 57 66 76 28 7 58 92 19 89 13 57 3 7 43 53 90 59 97 41 80 28 94 48 92 31 89 27 23 38 42 44 57 32 11 83 25 6 53 16 64 87 27 14 60 39 60 37 50 2 68 29 19 32 59 43 87 85 12 2 95 33 26 29 47 56 45 23 42 98 97 30 25 80 2 30 
9 16 29 68 83 91 44 68 89 80 90 41 16 9 8 35 68 13 35 16 2 94 75 43 30 43 51 70 11 71 69 85 36 32 67 88 43 7 93 16 45 44 62 40 51 12 14 75 52 2 92 56 92 8 24 82 79 54 93 26 16 58 97 45 62 24 80 91 97 42 82 66 56 89 49 17 79 58 43 20 77 97 23 8 81 36 48 86 77 74 78 33 40 40 89 27 75 40 90 65 7 86 67 90 36 52 15 13 62 82 23 53 3 4 63 3 47 26 14 55 2 74 85 37 45 55 81 26 
71 34 14 60 48 30 95 26 98 67 10 46 37 32 37 75 59 14 22 31 18 95 14 1 33 65 36 55 50 10 82 63 50 65 97 44 54 37 6 78 34 50 74 3 68 15 44 44 25 2 22 72 14 97 7 5 94 83 30 19 49 6 42 79 45 20 49 22 16 100 75 27 86 40 2 54 48 3 39 92 25 98 88 62 11 19 41 31 85 96 98 7 61 84 42 17 48 73 4 82 17 82 34 44 58 19 68 57 91 14 6 6 65 96 32 64 100 41 63 61 77 63 89 60 67 30 53 41 
89 67 88 46 77 81 94 36 91 9 13 62 71 29 46 18 5 66 91 55 48 55 70 55 42 35 8 50 73 4 61 94 38 52 5 64 99 77 84 90 55 45 93 3 56 78 18 82 73 35 31 10 59 1 63 95 25 60 12 73 89 87 58 96 54 22 97 48 60 93 85 66 59 27 30 54 95 41 82 36 93 79 3 30 75 68 39 59 65 2 4 80 43 68 78 98 56 45 21 3 52 67 68 37 35 11 34 100 82 24 7 95 33 36 35 67 84 19 17 4 21 24 60 50 55 73 49 48 
46 24 85 3 19 88 73 82 65 67 55 1 92 49 17 15 2 52 11 97 74 89 6 99 70 100 92 62 38 29 17 79 21 20 8 89 41 94 68 53 22 7 10 32 31 31 14 61 38 79 21 70 17 96 52 95 36 48 55 4 66 68 48 41 15 65 8 60 33 18 89 90 65 6 88 77 63 32 30 13 96 14 22 71 15 93 35 18 2 52 84 85 39 93 91 74 95 92 73 25 55 92 23 61 76 34 73 62 64 80 92 90 52 82 60 80 83 85 26 98 59 95 9 18 93 3 86 74 
99 90 76 3 36 99 24 28 81 20 88 82 47 77 83 37 73 22 96 99 43 22 78 33 29 41 91 55 52 36 45 36 92 16 2 93 8 65 70 64 84 54 14 17 33 74 24 20 12 1 69 26 86 62 19 72 54 3 40 60 16 91 84 21 63 86 50 60 64 50 47 67 57 11 88 65 81 95 10 76 39 72 2 36 99 25 87 58 40 95 28 10 82 20 77 94 19 12 9 8 27 68 62 22 29 70 89 58 5 44 41 33 1 66 1 81 48 56 66 61 32 11 35 58 12 8 15 53 
9 26 71 89 85 45 15 68 75 81 92 16 62 16 73 60 97 39 85 1 13 71 92 19 97 13 26 5 26 20 83 5 79 80 5 7 16 74 67 56 1 46 2 86 47 51 91 12 97 91 68 67 97 70 6 37 19 30 3 74 71 41 27 18 37 48 95 100 17 93 14 21 69 62 61 23 25 76 87 43 5 47 14 92 77 33 88 25 10 92 82 59 37 82 70 76 98 82 10 54 73 67 9 62 43 6 57 33 57 25 18 10 92 10 51 22 47 39 9 75 48 26 12 27 42 95 71 82 
48 63 89 53 68 57 23 46 32 7 52 70 41 56 79 92 30 22 53 31 75 65 81 79 49 43 72 90 62 72 15 55 97 95 45 97 66 22 14 84 87 63 39 78 64 30 21 26 18 1 8 1 27 1 53 64 69 11 18 48 50 96 4 10 42 37 93 100 44 46 50 88 85 39 100 68 99 47 20 75 49 52 86 41 39 72 10 43 6 84 60 17 48 64 48 7 59 37 36 51 44 98 19 4 7 32 95 32 40 10 77 84 48 5 40 29 77 9 28 17 63 94 52 15 83 19 83 12 
0.0 1.0 1.0 1.0 1.0 1.0 1.0 1.0 1.0 1.0 1.0 1.0 1.0 1.0 1.0 1.0 1.0 1.0 1.0 1.0 1.0 1.0 1.0 1.0 1.0 1.0 1.0 1.0 1.0 1.0 1.0 1.0 1.0 1.0 1.0 1.0 1.0 1.0 1.0 1.0 1.0 1.0 1.0 1.0 1.0 1.0 1.0 1.0 1.0 1.0 1.0 1.0 1.0 1.0 1.0 1.0 1.0 1.0 1.0 1.0 1.0 1.0 1.0 1.0 1.0 1.0 1.0 1.0 1.0 1.0 1.0 1.0 1.0 1.0 1.0 1.0 1.0 1.0 1.0 1.0 1.0 1.0 1.0 1.0 1.0 1.0 1.0 1.0 1.0 1.0 1.0 1.0 1.0 1.0 1.0 1.0 1.0 1.0 1.0 1.0 1.0 1.0 1.0 1.0 1.0 1.0 1.0 1.0 1.0 1.0 1.0 1.0 1.0 1.0 1.0 1.0 1.0 1.0 1.0 1.0 1.0 1.0 1.0 1.0 1.0 1.0 1.0 1.0 
1.0 0.0 1.0 1.0 1.0 1.0 1.0 1.0 1.0 1.0 1.0 1.0 1.0 1.0 1.0 1.0 1.0 1.0 1.0 1.0 1.0 1.0 1.0 1.0 1.0 1.0 1.0 1.0 1.0 1.0 1.0 1.0 1.0 1.0 1.0 1.0 1.0 1.0 1.0 1.0 1.0 1.0 1.0 1.0 1.0 1.0 1.0 1.0 1.0 1.0 1.0 1.0 1.0 1.0 1.0 1.0 1.0 1.0 1.0 1.0 1.0 1.0 1.0 1.0 1.0 1.0 1.0 1.0 1.0 1.0 1.0 1.0 1.0 1.0 1.0 1.0 1.0 1.0 1.0 1.0 1.0 1.0 1.0 1.0 1.0 1.0 1.0 1.0 1.0 1.0 1.0 1.0 1.0 1.0 1.0 1.0 1.0 1.0 1.0 1.0 1.0 1.0 1.0 1.0 1.0 1.0 1.0 1.0 1.0 1.0 1.0 1.0 1.0 1.0 1.0 1.0 1.0 1.0 1.0 1.0 1.0 1.0 1.0 1.0 1.0 1.0 1.0 1.0 
1.0 1.0 0.0 1.0 1.0 1.0 1.0 1.0 1.0 1.0 1.0 1.0 1.0 1.0 1.0 1.0 1.0 1.0 1.0 1.0 1.0 1.0 1.0 1.0 1.0 1.0 1.0 1.0 1.0 1.0 1.0 1.0 1.0 1.0 1.0 1.0 1.0 1.0 1.0 1.0 1.0 1.0 1.0 1.0 1.0 1.0 1.0 1.0 1.0 1.0 1.0 1.0 1.0 1.0 1.0 1.0 1.0 1.0 1.0 1.0 1.0 1.0 1.0 1.0 1.0 1.0 1.0 1.0 1.0 1.0 1.0 1.0 1.0 1.0 1.0 1.0 1.0 1.0 1.0 1.0 1.0 1.0 1.0 1.0 1.0 1.0 1.0 1.0 1.0 1.0 1.0 1.0 1.0 1.0 1.0 1.0 1.0 1.0 1.0 1.0 1.0 1.0 1.0 1.0 1.0 1.0 1.0 1.0 1.0 1.0 1.0 1.0 1.0 1.0 1.0 1.0 1.0 1.0 1.0 1.0 1.0 1.0 1.0 1.0 1.0 1.0 1.0 1.0 
1.0 1.0 1.0 0.0 1.0 1.0 1.0 1.0 1.0 1.0 1.0 1.0 1.0 1.0 1.0 1.0 1.0 1.0 1.0 1.0 1.0 1.0 1.0 1.0 1.0 1.0 1.0 1.0 1.0 1.0 1.0 1.0 1.0 1.0 1.0 1.0 1.0 1.0 1.0 1.0 1.0 1.0 1.0 1.0 1.0 1.0 1.0 1.0 1.0 1.0 1.0 1.0 1.0 1.0 1.0 1.0 1.0 1.0 1.0 1.0 1.0 1.0 1.0 1.0 1.0 1.0 1.0 1.0 1.0 1.0 1.0 1.0 1.0 1.0 1.0 1.0 1.0 1.0 1.0 1.0 1.0 1.0 1.0 1.0 1.0 1.0 1.0 1.0 1.0 1.0 1.0 1.0 1.0 1.0 1.0 1.0 1.0 1.0 1.0 1.0 1.0 1.0 1.0 1.0 1.0 1.0 1.0 1.0 1.0 1.0 1.0 1.0 1.0 1.0 1.0 1.0 1.0 1.0 1.0 1.0 1.0 1.0 1.0 1.0 1.0 1.0 1.0 1.0 
1.0 1.0 1.0 1.0 0.0 1.0 1.0 1.0 1.0 1.0 1.0 1.0 1.0 1.0 1.0 1.0 1.0 1.0 1.0 1.0 1.0 1.0 1.0 1.0 1.0 1.0 1.0 1.0 1.0 1.0 1.0 1.0 1.0 1.0 1.0 1.0 1.0 1.0 1.0 1.0 1.0 1.0 1.0 1.0 1.0 1.0 1.0 1.0 1.0 1.0 1.0 1.0 1.0 1.0 1.0 1.0 1.0 1.0 1.0 1.0 1.0 1.0 1.0 1.0 1.0 1.0 1.0 1.0 1.0 1.0 1.0 1.0 1.0 1.0 1.0 1.0 1.0 1.0 1.0 1.0 1.0 1.0 1.0 1.0 1.0 1.0 1.0 1.0 1.0 1.0 1.0 1.0 1.0 1.0 1.0 1.0 1.0 1.0 1.0 1.0 1.0 1.0 1.0 1.0 1.0 1.0 1.0 1.0 1.0 1.0 1.0 1.0 1.0 1.0 1.0 1.0 1.0 1.0 1.0 1.0 1.0 1.0 1.0 1.0 1.0 1.0 1.0 1.0 
1.0 1.0 1.0 1.0 1.0 0.0 1.0 1.0 1.0 1.0 1.0 1.0 1.0 1.0 1.0 1.0 1.0 1.0 1.0 1.0 1.0 1.0 1.0 1.0 1.0 1.0 1.0 1.0 1.0 1.0 1.0 1.0 1.0 1.0 1.0 1.0 1.0 1.0 1.0 1.0 1.0 1.0 1.0 1.0 1.0 1.0 1.0 1.0 1.0 1.0 1.0 1.0 1.0 1.0 1.0 1.0 1.0 1.0 1.0 1.0 1.0 1.0 1.0 1.0 1.0 1.0 1.0 1.0 1.0 1.0 1.0 1.0 1.0 1.0 1.0 1.0 1.0 1.0 1.0 1.0 1.0 1.0 1.0 1.0 1.0 1.0 1.0 1.0 1.0 1.0 1.0 1.0 1.0 1.0 1.0 1.0 1.0 1.0 1.0 1.0 1.0 1.0 1.0 1.0 1.0 1.0 1.0 1.0 1.0 1.0 1.0 1.0 1.0 1.0 1.0 1.0 1.0 1.0 1.0 1.0 1.0 1.0 1.0 1.0 1.0 1.0 1.0 1.0 
1.0 1.0 1.0 1.0 1.0 1.0 0.0 1.0 1.0 1.0 1.0 1.0 1.0 1.0 1.0 1.0 1.0 1.0 1.0 1.0 1.0 1.0 1.0 1.0 1.0 1.0 1.0 1.0 1.0 1.0 1.0 1.0 1.0 1.0 1.0 1.0 1.0 1.0 1.0 1.0 1.0 1.0 1.0 1.0 1.0 1.0 1.0 1.0 1.0 1.0 1.0 1.0 1.0 1.0 1.0 1.0 1.0 1.0 1.0 1.0 1.0 1.0 1.0 1.0 1.0 1.0 1.0 1.0 1.0 1.0 1.0 1.0 1.0 1.0 1.0 1.0 1.0 1.0 1.0 1.0 1.0 1.0 1.0 1.0 1.0 1.0 1.0 1.0 1.0 1.0 1.0 1.0 1.0 1.0 1.0 1.0 1.0 1.0 1.0 1.0 1.0 1.0 1.0 1.0 1.0 1.0 1.0 1.0 1.0 1.0 1.0 1.0 1.0 1.0 1.0 1.0 1.0 1.0 1.0 1.0 1.0 1.0 1.0 1.0 1.0 1.0 1.0 1.0 
1.0 1.0 1.0 1.0 1.0 1.0 1.0 0.0 1.0 1.0 1.0 1.0 1.0 1.0 1.0 1.0 1.0 1.0 1.0 1.0 1.0 1.0 1.0 1.0 1.0 1.0 1.0 1.0 1.0 1.0 1.0 1.0 1.0 1.0 1.0 1.0 1.0 1.0 1.0 1.0 1.0 1.0 1.0 1.0 1.0 1.0 1.0 1.0 1.0 1.0 1.0 1.0 1.0 1.0 1.0 1.0 1.0 1.0 1.0 1.0 1.0 1.0 1.0 1.0 1.0 1.0 1.0 1.0 1.0 1.0 1.0 1.0 1.0 1.0 1.0 1.0 1.0 1.0 1.0 1.0 1.0 1.0 1.0 1.0 1.0 1.0 1.0 1.0 1.0 1.0 1.0 1.0 1.0 1.0 1.0 1.0 1.0 1.0 1.0 1.0 1.0 1.0 1.0 1.0 1.0 1.0 1.0 1.0 1.0 1.0 1.0 1.0 1.0 1.0 1.0 1.0 1.0 1.0 1.0 1.0 1.0 1.0 1.0 1.0 1.0 1.0 1.0 1.0 
1.0 1.0 1.0 1.0 1.0 1.0 1.0 1.0 0.0 1.0 1.0 1.0 1.0 1.0 1.0 1.0 1.0 1.0 1.0 1.0 1.0 1.0 1.0 1.0 1.0 1.0 1.0 1.0 1.0 1.0 1.0 1.0 1.0 1.0 1.0 1.0 1.0 1.0 1.0 1.0 1.0 1.0 1.0 1.0 1.0 1.0 1.0 1.0 1.0 1.0 1.0 1.0 1.0 1.0 1.0 1.0 1.0 1.0 1.0 1.0 1.0 1.0 1.0 1.0 1.0 1.0 1.0 1.0 1.0 1.0 1.0 1.0 1.0 1.0 1.0 1.0 1.0 1.0 1.0 1.0 1.0 1.0 1.0 1.0 1.0 1.0 1.0 1.0 1.0 1.0 1.0 1.0 1.0 1.0 1.0 1.0 1.0 1.0 1.0 1.0 1.0 1.0 1.0 1.0 1.0 1.0 1.0 1.0 1.0 1.0 1.0 1.0 1.0 1.0 1.0 1.0 1.0 1.0 1.0 1.0 1.0 1.0 1.0 1.0 1.0 1.0 1.0 1.0 
1.0 1.0 1.0 1.0 1.0 1.0 1.0 1.0 1.0 0.0 1.0 1.0 1.0 1.0 1.0 1.0 1.0 1.0 1.0 1.0 1.0 1.0 1.0 1.0 1.0 1.0 1.0 1.0 1.0 1.0 1.0 1.0 1.0 1.0 1.0 1.0 1.0 1.0 1.0 1.0 1.0 1.0 1.0 1.0 1.0 1.0 1.0 1.0 1.0 1.0 1.0 1.0 1.0 1.0 1.0 1.0 1.0 1.0 1.0 1.0 1.0 1.0 1.0 1.0 1.0 1.0 1.0 1.0 1.0 1.0 1.0 1.0 1.0 1.0 1.0 1.0 1.0 1.0 1.0 1.0 1.0 1.0 1.0 1.0 1.0 1.0 1.0 1.0 1.0 1.0 1.0 1.0 1.0 1.0 1.0 1.0 1.0 1.0 1.0 1.0 1.0 1.0 1.0 1.0 1.0 1.0 1.0 1.0 1.0 1.0 1.0 1.0 1.0 1.0 1.0 1.0 1.0 1.0 1.0 1.0 1.0 1.0 1.0 1.0 1.0 1.0 1.0 1.0 
1.0 1.0 1.0 1.0 1.0 1.0 1.0 1.0 1.0 1.0 0.0 1.0 1.0 1.0 1.0 1.0 1.0 1.0 1.0 1.0 1.0 1.0 1.0 1.0 1.0 1.0 1.0 1.0 1.0 1.0 1.0 1.0 1.0 1.0 1.0 1.0 1.0 1.0 1.0 1.0 1.0 1.0 1.0 1.0 1.0 1.0 1.0 1.0 1.0 1.0 1.0 1.0 1.0 1.0 1.0 1.0 1.0 1.0 1.0 1.0 1.0 1.0 1.0 1.0 1.0 1.0 1.0 1.0 1.0 1.0 1.0 1.0 1.0 1.0 1.0 1.0 1.0 1.0 1.0 1.0 1.0 1.0 1.0 1.0 1.0 1.0 1.0 1.0 1.0 1.0 1.0 1.0 1.0 1.0 1.0 1.0 1.0 1.0 1.0 1.0 1.0 1.0 1.0 1.0 1.0 1.0 1.0 1.0 1.0 1.0 1.0 1.0 1.0 1.0 1.0 1.0 1.0 1.0 1.0 1.0 1.0 1.0 1.0 1.0 1.0 1.0 1.0 1.0 
1.0 1.0 1.0 1.0 1.0 1.0 1.0 1.0 1.0 1.0 1.0 0.0 1.0 1.0 1.0 1.0 1.0 1.0 1.0 1.0 1.0 1.0 1.0 1.0 1.0 1.0 1.0 1.0 1.0 1.0 1.0 1.0 1.0 1.0 1.0 1.0 1.0 1.0 1.0 1.0 1.0 1.0 1.0 1.0 1.0 1.0 1.0 1.0 1.0 1.0 1.0 1.0 1.0 1.0 1.0 1.0 1.0 1.0 1.0 1.0 1.0 1.0 1.0 1.0 1.0 1.0 1.0 1.0 1.0 1.0 1.0 1.0 1.0 1.0 1.0 1.0 1.0 1.0 1.0 1.0 1.0 1.0 1.0 1.0 1.0 1.0 1.0 1.0 1.0 1.0 1.0 1.0 1.0 1.0 1.0 1.0 1.0 1.0 1.0 1.0 1.0 1.0 1.0 1.0 1.0 1.0 1.0 1.0 1.0 1.0 1.0 1.0 1.0 1.0 1.0 1.0 1.0 1.0 1.0 1.0 1.0 1.0 1.0 1.0 1.0 1.0 1.0 1.0 
1.0 1.0 1.0 1.0 1.0 1.0 1.0 1.0 1.0 1.0 1.0 1.0 0.0 1.0 1.0 1.0 1.0 1.0 1.0 1.0 1.0 1.0 1.0 1.0 1.0 1.0 1.0 1.0 1.0 1.0 1.0 1.0 1.0 1.0 1.0 1.0 1.0 1.0 1.0 1.0 1.0 1.0 1.0 1.0 1.0 1.0 1.0 1.0 1.0 1.0 1.0 1.0 1.0 1.0 1.0 1.0 1.0 1.0 1.0 1.0 1.0 1.0 1.0 1.0 1.0 1.0 1.0 1.0 1.0 1.0 1.0 1.0 1.0 1.0 1.0 1.0 1.0 1.0 1.0 1.0 1.0 1.0 1.0 1.0 1.0 1.0 1.0 1.0 1.0 1.0 1.0 1.0 1.0 1.0 1.0 1.0 1.0 1.0 1.0 1.0 1.0 1.0 1.0 1.0 1.0 1.0 1.0 1.0 1.0 1.0 1.0 1.0 1.0 1.0 1.0 1.0 1.0 1.0 1.0 1.0 1.0 1.0 1.0 1.0 1.0 1.0 1.0 1.0 
1.0 1.0 1.0 1.0 1.0 1.0 1.0 1.0 1.0 1.0 1.0 1.0 1.0 0.0 1.0 1.0 1.0 1.0 1.0 1.0 1.0 1.0 1.0 1.0 1.0 1.0 1.0 1.0 1.0 1.0 1.0 1.0 1.0 1.0 1.0 1.0 1.0 1.0 1.0 1.0 1.0 1.0 1.0 1.0 1.0 1.0 1.0 1.0 1.0 1.0 1.0 1.0 1.0 1.0 1.0 1.0 1.0 1.0 1.0 1.0 1.0 1.0 1.0 1.0 1.0 1.0 1.0 1.0 1.0 1.0 1.0 1.0 1.0 1.0 1.0 1.0 1.0 1.0 1.0 1.0 1.0 1.0 1.0 1.0 1.0 1.0 1.0 1.0 1.0 1.0 1.0 1.0 1.0 1.0 1.0 1.0 1.0 1.0 1.0 1.0 1.0 1.0 1.0 1.0 1.0 1.0 1.0 1.0 1.0 1.0 1.0 1.0 1.0 1.0 1.0 1.0 1.0 1.0 1.0 1.0 1.0 1.0 1.0 1.0 1.0 1.0 1.0 1.0 
1.0 1.0 1.0 1.0 1.0 1.0 1.0 1.0 1.0 1.0 1.0 1.0 1.0 1.0 0.0 1.0 1.0 1.0 1.0 1.0 1.0 1.0 1.0 1.0 1.0 1.0 1.0 1.0 1.0 1.0 1.0 1.0 1.0 1.0 1.0 1.0 1.0 1.0 1.0 1.0 1.0 1.0 1.0 1.0 1.0 1.0 1.0 1.0 1.0 1.0 1.0 1.0 1.0 1.0 1.0 1.0 1.0 1.0 1.0 1.0 1.0 1.0 1.0 1.0 1.0 1.0 1.0 1.0 1.0 1.0 1.0 1.0 1.0 1.0 1.0 1.0 1.0 1.0 1.0 1.0 1.0 1.0 1.0 1.0 1.0 1.0 1.0 1.0 1.0 1.0 1.0 1.0 1.0 1.0 1.0 1.0 1.0 1.0 1.0 1.0 1.0 1.0 1.0 1.0 1.0 1.0 1.0 1.0 1.0 1.0 1.0 1.0 1.0 1.0 1.0 1.0 1.0 1.0 1.0 1.0 1.0 1.0 1.0 1.0 1.0 1.0 1.0 1.0 
1.0 1.0 1.0 1.0 1.0 1.0 1.0 1.0 1.0 1.0 1.0 1.0 1.0 1.0 1.0 0.0 1.0 1.0 1.0 1.0 1.0 1.0 1.0 1.0 1.0 1.0 1.0 1.0 1.0 1.0 1.0 1.0 1.0 1.0 1.0 1.0 1.0 1.0 1.0 1.0 1.0 1.0 1.0 1.0 1.0 1.0 1.0 1.0 1.0 1.0 1.0 1.0 1.0 1.0 1.0 1.0 1.0 1.0 1.0 1.0 1.0 1.0 1.0 1.0 1.0 1.0 1.0 1.0 1.0 1.0 1.0 1.0 1.0 1.0 1.0 1.0 1.0 1.0 1.0 1.0 1.0 1.0 1.0 1.0 1.0 1.0 1.0 1.0 1.0 1.0 1.0 1.0 1.0 1.0 1.0 1.0 1.0 1.0 1.0 1.0 1.0 1.0 1.0 1.0 1.0 1.0 1.0 1.0 1.0 1.0 1.0 1.0 1.0 1.0 1.0 1.0 1.0 1.0 1.0 1.0 1.0 1.0 1.0 1.0 1.0 1.0 1.0 1.0 
1.0 1.0 1.0 1.0 1.0 1.0 1.0 1.0 1.0 1.0 1.0 1.0 1.0 1.0 1.0 1.0 0.0 1.0 1.0 1.0 1.0 1.0 1.0 1.0 1.0 1.0 1.0 1.0 1.0 1.0 1.0 1.0 1.0 1.0 1.0 1.0 1.0 1.0 1.0 1.0 1.0 1.0 1.0 1.0 1.0 1.0 1.0 1.0 1.0 1.0 1.0 1.0 1.0 1.0 1.0 1.0 1.0 1.0 1.0 1.0 1.0 1.0 1.0 1.0 1.0 1.0 1.0 1.0 1.0 1.0 1.0 1.0 1.0 1.0 1.0 1.0 1.0 1.0 1.0 1.0 1.0 1.0 1.0 1.0 1.0 1.0 1.0 1.0 1.0 1.0 1.0 1.0 1.0 1.0 1.0 1.0 1.0 1.0 1.0 1.0 1.0 1.0 1.0 1.0 1.0 1.0 1.0 1.0 1.0 1.0 1.0 1.0 1.0 1.0 1.0 1.0 1.0 1.0 1.0 1.0 1.0 1.0 1.0 1.0 1.0 1.0 1.0 1.0 
1.0 1.0 1.0 1.0 1.0 1.0 1.0 1.0 1.0 1.0 1.0 1.0 1.0 1.0 1.0 1.0 1.0 0.0 1.0 1.0 1.0 1.0 1.0 1.0 1.0 1.0 1.0 1.0 1.0 1.0 1.0 1.0 1.0 1.0 1.0 1.0 1.0 1.0 1.0 1.0 1.0 1.0 1.0 1.0 1.0 1.0 1.0 1.0 1.0 1.0 1.0 1.0 1.0 1.0 1.0 1.0 1.0 1.0 1.0 1.0 1.0 1.0 1.0 1.0 1.0 1.0 1.0 1.0 1.0 1.0 1.0 1.0 1.0 1.0 1.0 1.0 1.0 1.0 1.0 1.0 1.0 1.0 1.0 1.0 1.0 1.0 1.0 1.0 1.0 1.0 1.0 1.0 1.0 1.0 1.0 1.0 1.0 1.0 1.0 1.0 1.0 1.0 1.0 1.0 1.0 1.0 1.0 1.0 1.0 1.0 1.0 1.0 1.0 1.0 1.0 1.0 1.0 1.0 1.0 1.0 1.0 1.0 1.0 1.0 1.0 1.0 1.0 1.0 
1.0 1.0 1.0 1.0 1.0 1.0 1.0 1.0 1.0 1.0 1.0 1.0 1.0 1.0 1.0 1.0 1.0 1.0 0.0 1.0 1.0 1.0 1.0 1.0 1.0 1.0 1.0 1.0 1.0 1.0 1.0 1.0 1.0 1.0 1.0 1.0 1.0 1.0 1.0 1.0 1.0 1.0 1.0 1.0 1.0 1.0 1.0 1.0 1.0 1.0 1.0 1.0 1.0 1.0 1.0 1.0 1.0 1.0 1.0 1.0 1.0 1.0 1.0 1.0 1.0 1.0 1.0 1.0 1.0 1.0 1.0 1.0 1.0 1.0 1.0 1.0 1.0 1.0 1.0 1.0 1.0 1.0 1.0 1.0 1.0 1.0 1.0 1.0 1.0 1.0 1.0 1.0 1.0 1.0 1.0 1.0 1.0 1.0 1.0 1.0 1.0 1.0 1.0 1.0 1.0 1.0 1.0 1.0 1.0 1.0 1.0 1.0 1.0 1.0 1.0 1.0 1.0 1.0 1.0 1.0 1.0 1.0 1.0 1.0 1.0 1.0 1.0 1.0 
1.0 1.0 1.0 1.0 1.0 1.0 1.0 1.0 1.0 1.0 1.0 1.0 1.0 1.0 1.0 1.0 1.0 1.0 1.0 0.0 1.0 1.0 1.0 1.0 1.0 1.0 1.0 1.0 1.0 1.0 1.0 1.0 1.0 1.0 1.0 1.0 1.0 1.0 1.0 1.0 1.0 1.0 1.0 1.0 1.0 1.0 1.0 1.0 1.0 1.0 1.0 1.0 1.0 1.0 1.0 1.0 1.0 1.0 1.0 1.0 1.0 1.0 1.0 1.0 1.0 1.0 1.0 1.0 1.0 1.0 1.0 1.0 1.0 1.0 1.0 1.0 1.0 1.0 1.0 1.0 1.0 1.0 1.0 1.0 1.0 1.0 1.0 1.0 1.0 1.0 1.0 1.0 1.0 1.0 1.0 1.0 1.0 1.0 1.0 1.0 1.0 1.0 1.0 1.0 1.0 1.0 1.0 1.0 1.0 1.0 1.0 1.0 1.0 1.0 1.0 1.0 1.0 1.0 1.0 1.0 1.0 1.0 1.0 1.0 1.0 1.0 1.0 1.0 
1.0 1.0 1.0 1.0 1.0 1.0 1.0 1.0 1.0 1.0 1.0 1.0 1.0 1.0 1.0 1.0 1.0 1.0 1.0 1.0 0.0 1.0 1.0 1.0 1.0 1.0 1.0 1.0 1.0 1.0 1.0 1.0 1.0 1.0 1.0 1.0 1.0 1.0 1.0 1.0 1.0 1.0 1.0 1.0 1.0 1.0 1.0 1.0 1.0 1.0 1.0 1.0 1.0 1.0 1.0 1.0 1.0 1.0 1.0 1.0 1.0 1.0 1.0 1.0 1.0 1.0 1.0 1.0 1.0 1.0 1.0 1.0 1.0 1.0 1.0 1.0 1.0 1.0 1.0 1.0 1.0 1.0 1.0 1.0 1.0 1.0 1.0 1.0 1.0 1.0 1.0 1.0 1.0 1.0 1.0 1.0 1.0 1.0 1.0 1.0 1.0 1.0 1.0 1.0 1.0 1.0 1.0 1.0 1.0 1.0 1.0 1.0 1.0 1.0 1.0 1.0 1.0 1.0 1.0 1.0 1.0 1.0 1.0 1.0 1.0 1.0 1.0 1.0 
1.0 1.0 1.0 1.0 1.0 1.0 1.0 1.0 1.0 1.0 1.0 1.0 1.0 1.0 1.0 1.0 1.0 1.0 1.0 1.0 1.0 0.0 1.0 1.0 1.0 1.0 1.0 1.0 1.0 1.0 1.0 1.0 1.0 1.0 1.0 1.0 1.0 1.0 1.0 1.0 1.0 1.0 1.0 1.0 1.0 1.0 1.0 1.0 1.0 1.0 1.0 1.0 1.0 1.0 1.0 1.0 1.0 1.0 1.0 1.0 1.0 1.0 1.0 1.0 1.0 1.0 1.0 1.0 1.0 1.0 1.0 1.0 1.0 1.0 1.0 1.0 1.0 1.0 1.0 1.0 1.0 1.0 1.0 1.0 1.0 1.0 1.0 1.0 1.0 1.0 1.0 1.0 1.0 1.0 1.0 1.0 1.0 1.0 1.0 1.0 1.0 1.0 1.0 1.0 1.0 1.0 1.0 1.0 1.0 1.0 1.0 1.0 1.0 1.0 1.0 1.0 1.0 1.0 1.0 1.0 1.0 1.0 1.0 1.0 1.0 1.0 1.0 1.0 
1.0 1.0 1.0 1.0 1.0 1.0 1.0 1.0 1.0 1.0 1.0 1.0 1.0 1.0 1.0 1.0 1.0 1.0 1.0 1.0 1.0 1.0 0.0 1.0 1.0 1.0 1.0 1.0 1.0 1.0 1.0 1.0 1.0 1.0 1.0 1.0 1.0 1.0 1.0 1.0 1.0 1.0 1.0 1.0 1.0 1.0 1.0 1.0 1.0 1.0 1.0 1.0 1.0 1.0 1.0 1.0 1.0 1.0 1.0 1.0 1.0 1.0 1.0 1.0 1.0 1.0 1.0 1.0 1.0 1.0 1.0 1.0 1.0 1.0 1.0 1.0 1.0 1.0 1.0 1.0 1.0 1.0 1.0 1.0 1.0 1.0 1.0 1.0 1.0 1.0 1.0 1.0 1.0 1.0 1.0 1.0 1.0 1.0 1.0 1.0 1.0 1.0 1.0 1.0 1.0 1.0 1.0 1.0 1.0 1.0 1.0 1.0 1.0 1.0 1.0 1.0 1.0 1.0 1.0 1.0 1.0 1.0 1.0 1.0 1.0 1.0 1.0 1.0 
1.0 1.0 1.0 1.0 1.0 1.0 1.0 1.0 1.0 1.0 1.0 1.0 1.0 1.0 1.0 1.0 1.0 1.0 1.0 1.0 1.0 1.0 1.0 0.0 1.0 1.0 1.0 1.0 1.0 1.0 1.0 1.0 1.0 1.0 1.0 1.0 1.0 1.0 1.0 1.0 1.0 1.0 1.0 1.0 1.0 1.0 1.0 1.0 1.0 1.0 1.0 1.0 1.0 1.0 1.0 1.0 1.0 1.0 1.0 1.0 1.0 1.0 1.0 1.0 1.0 1.0 1.0 1.0 1.0 1.0 1.0 1.0 1.0 1.0 1.0 1.0 1.0 1.0 1.0 1.0 1.0 1.0 1.0 1.0 1.0 1.0 1.0 1.0 1.0 1.0 1.0 1.0 1.0 1.0 1.0 1.0 1.0 1.0 1.0 1.0 1.0 1.0 1.0 1.0 1.0 1.0 1.0 1.0 1.0 1.0 1.0 1.0 1.0 1.0 1.0 1.0 1.0 1.0 1.0 1.0 1.0 1.0 1.0 1.0 1.0 1.0 1.0 1.0 
1.0 1.0 1.0 1.0 1.0 1.0 1.0 1.0 1.0 1.0 1.0 1.0 1.0 1.0 1.0 1.0 1.0 1.0 1.0 1.0 1.0 1.0 1.0 1.0 0.0 1.0 1.0 1.0 1.0 1.0 1.0 1.0 1.0 1.0 1.0 1.0 1.0 1.0 1.0 1.0 1.0 1.0 1.0 1.0 1.0 1.0 1.0 1.0 1.0 1.0 1.0 1.0 1.0 1.0 1.0 1.0 1.0 1.0 1.0 1.0 1.0 1.0 1.0 1.0 1.0 1.0 1.0 1.0 1.0 1.0 1.0 1.0 1.0 1.0 1.0 1.0 1.0 1.0 1.0 1.0 1.0 1.0 1.0 1.0 1.0 1.0 1.0 1.0 1.0 1.0 1.0 1.0 1.0 1.0 1.0 1.0 1.0 1.0 1.0 1.0 1.0 1.0 1.0 1.0 1.0 1.0 1.0 1.0 1.0 1.0 1.0 1.0 1.0 1.0 1.0 1.0 1.0 1.0 1.0 1.0 1.0 1.0 1.0 1.0 1.0 1.0 1.0 1.0 
1.0 1.0 1.0 1.0 1.0 1.0 1.0 1.0 1.0 1.0 1.0 1.0 1.0 1.0 1.0 1.0 1.0 1.0 1.0 1.0 1.0 1.0 1.0 1.0 1.0 0.0 1.0 1.0 1.0 1.0 1.0 1.0 1.0 1.0 1.0 1.0 1.0 1.0 1.0 1.0 1.0 1.0 1.0 1.0 1.0 1.0 1.0 1.0 1.0 1.0 1.0 1.0 1.0 1.0 1.0 1.0 1.0 1.0 1.0 1.0 1.0 1.0 1.0 1.0 1.0 1.0 1.0 1.0 1.0 1.0 1.0 1.0 1.0 1.0 1.0 1.0 1.0 1.0 1.0 1.0 1.0 1.0 1.0 1.0 1.0 1.0 1.0 1.0 1.0 1.0 1.0 1.0 1.0 1.0 1.0 1.0 1.0 1.0 1.0 1.0 1.0 1.0 1.0 1.0 1.0 1.0 1.0 1.0 1.0 1.0 1.0 1.0 1.0 1.0 1.0 1.0 1.0 1.0 1.0 1.0 1.0 1.0 1.0 1.0 1.0 1.0 1.0 1.0 
1.0 1.0 1.0 1.0 1.0 1.0 1.0 1.0 1.0 1.0 1.0 1.0 1.0 1.0 1.0 1.0 1.0 1.0 1.0 1.0 1.0 1.0 1.0 1.0 1.0 1.0 0.0 1.0 1.0 1.0 1.0 1.0 1.0 1.0 1.0 1.0 1.0 1.0 1.0 1.0 1.0 1.0 1.0 1.0 1.0 1.0 1.0 1.0 1.0 1.0 1.0 1.0 1.0 1.0 1.0 1.0 1.0 1.0 1.0 1.0 1.0 1.0 1.0 1.0 1.0 1.0 1.0 1.0 1.0 1.0 1.0 1.0 1.0 1.0 1.0 1.0 1.0 1.0 1.0 1.0 1.0 1.0 1.0 1.0 1.0 1.0 1.0 1.0 1.0 1.0 1.0 1.0 1.0 1.0 1.0 1.0 1.0 1.0 1.0 1.0 1.0 1.0 1.0 1.0 1.0 1.0 1.0 1.0 1.0 1.0 1.0 1.0 1.0 1.0 1.0 1.0 1.0 1.0 1.0 1.0 1.0 1.0 1.0 1.0 1.0 1.0 1.0 1.0 
1.0 1.0 1.0 1.0 1.0 1.0 1.0 1.0 1.0 1.0 1.0 1.0 1.0 1.0 1.0 1.0 1.0 1.0 1.0 1.0 1.0 1.0 1.0 1.0 1.0 1.0 1.0 0.0 1.0 1.0 1.0 1.0 1.0 1.0 1.0 1.0 1.0 1.0 1.0 1.0 1.0 1.0 1.0 1.0 1.0 1.0 1.0 1.0 1.0 1.0 1.0 1.0 1.0 1.0 1.0 1.0 1.0 1.0 1.0 1.0 1.0 1.0 1.0 1.0 1.0 1.0 1.0 1.0 1.0 1.0 1.0 1.0 1.0 1.0 1.0 1.0 1.0 1.0 1.0 1.0 1.0 1.0 1.0 1.0 1.0 1.0 1.0 1.0 1.0 1.0 1.0 1.0 1.0 1.0 1.0 1.0 1.0 1.0 1.0 1.0 1.0 1.0 1.0 1.0 1.0 1.0 1.0 1.0 1.0 1.0 1.0 1.0 1.0 1.0 1.0 1.0 1.0 1.0 1.0 1.0 1.0 1.0 1.0 1.0 1.0 1.0 1.0 1.0 
1.0 1.0 1.0 1.0 1.0 1.0 1.0 1.0 1.0 1.0 1.0 1.0 1.0 1.0 1.0 1.0 1.0 1.0 1.0 1.0 1.0 1.0 1.0 1.0 1.0 1.0 1.0 1.0 0.0 1.0 1.0 1.0 1.0 1.0 1.0 1.0 1.0 1.0 1.0 1.0 1.0 1.0 1.0 1.0 1.0 1.0 1.0 1.0 1.0 1.0 1.0 1.0 1.0 1.0 1.0 1.0 1.0 1.0 1.0 1.0 1.0 1.0 1.0 1.0 1.0 1.0 1.0 1.0 1.0 1.0 1.0 1.0 1.0 1.0 1.0 1.0 1.0 1.0 1.0 1.0 1.0 1.0 1.0 1.0 1.0 1.0 1.0 1.0 1.0 1.0 1.0 1.0 1.0 1.0 1.0 1.0 1.0 1.0 1.0 1.0 1.0 1.0 1.0 1.0 1.0 1.0 1.0 1.0 1.0 1.0 1.0 1.0 1.0 1.0 1.0 1.0 1.0 1.0 1.0 1.0 1.0 1.0 1.0 1.0 1.0 1.0 1.0 1.0 
1.0 1.0 1.0 1.0 1.0 1.0 1.0 1.0 1.0 1.0 1.0 1.0 1.0 1.0 1.0 1.0 1.0 1.0 1.0 1.0 1.0 1.0 1.0 1.0 1.0 1.0 1.0 1.0 1.0 0.0 1.0 1.0 1.0 1.0 1.0 1.0 1.0 1.0 1.0 1.0 1.0 1.0 1.0 1.0 1.0 1.0 1.0 1.0 1.0 1.0 1.0 1.0 1.0 1.0 1.0 1.0 1.0 1.0 1.0 1.0 1.0 1.0 1.0 1.0 1.0 1.0 1.0 1.0 1.0 1.0 1.0 1.0 1.0 1.0 1.0 1.0 1.0 1.0 1.0 1.0 1.0 1.0 1.0 1.0 1.0 1.0 1.0 1.0 1.0 1.0 1.0 1.0 1.0 1.0 1.0 1.0 1.0 1.0 1.0 1.0 1.0 1.0 1.0 1.0 1.0 1.0 1.0 1.0 1.0 1.0 1.0 1.0 1.0 1.0 1.0 1.0 1.0 1.0 1.0 1.0 1.0 1.0 1.0 1.0 1.0 1.0 1.0 1.0 
1.0 1.0 1.0 1.0 1.0 1.0 1.0 1.0 1.0 1.0 1.0 1.0 1.0 1.0 1.0 1.0 1.0 1.0 1.0 1.0 1.0 1.0 1.0 1.0 1.0 1.0 1.0 1.0 1.0 1.0 0.0 1.0 1.0 1.0 1.0 1.0 1.0 1.0 1.0 1.0 1.0 1.0 1.0 1.0 1.0 1.0 1.0 1.0 1.0 1.0 1.0 1.0 1.0 1.0 1.0 1.0 1.0 1.0 1.0 1.0 1.0 1.0 1.0 1.0 1.0 1.0 1.0 1.0 1.0 1.0 1.0 1.0 1.0 1.0 1.0 1.0 1.0 1.0 1.0 1.0 1.0 1.0 1.0 1.0 1.0 1.0 1.0 1.0 1.0 1.0 1.0 1.0 1.0 1.0 1.0 1.0 1.0 1.0 1.0 1.0 1.0 1.0 1.0 1.0 1.0 1.0 1.0 1.0 1.0 1.0 1.0 1.0 1.0 1.0 1.0 1.0 1.0 1.0 1.0 1.0 1.0 1.0 1.0 1.0 1.0 1.0 1.0 1.0 
1.0 1.0 1.0 1.0 1.0 1.0 1.0 1.0 1.0 1.0 1.0 1.0 1.0 1.0 1.0 1.0 1.0 1.0 1.0 1.0 1.0 1.0 1.0 1.0 1.0 1.0 1.0 1.0 1.0 1.0 1.0 0.0 1.0 1.0 1.0 1.0 1.0 1.0 1.0 1.0 1.0 1.0 1.0 1.0 1.0 1.0 1.0 1.0 1.0 1.0 1.0 1.0 1.0 1.0 1.0 1.0 1.0 1.0 1.0 1.0 1.0 1.0 1.0 1.0 1.0 1.0 1.0 1.0 1.0 1.0 1.0 1.0 1.0 1.0 1.0 1.0 1.0 1.0 1.0 1.0 1.0 1.0 1.0 1.0 1.0 1.0 1.0 1.0 1.0 1.0 1.0 1.0 1.0 1.0 1.0 1.0 1.0 1.0 1.0 1.0 1.0 1.0 1.0 1.0 1.0 1.0 1.0 1.0 1.0 1.0 1.0 1.0 1.0 1.0 1.0 1.0 1.0 1.0 1.0 1.0 1.0 1.0 1.0 1.0 1.0 1.0 1.0 1.0 
1.0 1.0 1.0 1.0 1.0 1.0 1.0 1.0 1.0 1.0 1.0 1.0 1.0 1.0 1.0 1.0 1.0 1.0 1.0 1.0 1.0 1.0 1.0 1.0 1.0 1.0 1.0 1.0 1.0 1.0 1.0 1.0 0.0 1.0 1.0 1.0 1.0 1.0 1.0 1.0 1.0 1.0 1.0 1.0 1.0 1.0 1.0 1.0 1.0 1.0 1.0 1.0 1.0 1.0 1.0 1.0 1.0 1.0 1.0 1.0 1.0 1.0 1.0 1.0 1.0 1.0 1.0 1.0 1.0 1.0 1.0 1.0 1.0 1.0 1.0 1.0 1.0 1.0 1.0 1.0 1.0 1.0 1.0 1.0 1.0 1.0 1.0 1.0 1.0 1.0 1.0 1.0 1.0 1.0 1.0 1.0 1.0 1.0 1.0 1.0 1.0 1.0 1.0 1.0 1.0 1.0 1.0 1.0 1.0 1.0 1.0 1.0 1.0 1.0 1.0 1.0 1.0 1.0 1.0 1.0 1.0 1.0 1.0 1.0 1.0 1.0 1.0 1.0 
1.0 1.0 1.0 1.0 1.0 1.0 1.0 1.0 1.0 1.0 1.0 1.0 1.0 1.0 1.0 1.0 1.0 1.0 1.0 1.0 1.0 1.0 1.0 1.0 1.0 1.0 1.0 1.0 1.0 1.0 1.0 1.0 1.0 0.0 1.0 1.0 1.0 1.0 1.0 1.0 1.0 1.0 1.0 1.0 1.0 1.0 1.0 1.0 1.0 1.0 1.0 1.0 1.0 1.0 1.0 1.0 1.0 1.0 1.0 1.0 1.0 1.0 1.0 1.0 1.0 1.0 1.0 1.0 1.0 1.0 1.0 1.0 1.0 1.0 1.0 1.0 1.0 1.0 1.0 1.0 1.0 1.0 1.0 1.0 1.0 1.0 1.0 1.0 1.0 1.0 1.0 1.0 1.0 1.0 1.0 1.0 1.0 1.0 1.0 1.0 1.0 1.0 1.0 1.0 1.0 1.0 1.0 1.0 1.0 1.0 1.0 1.0 1.0 1.0 1.0 1.0 1.0 1.0 1.0 1.0 1.0 1.0 1.0 1.0 1.0 1.0 1.0 1.0 
1.0 1.0 1.0 1.0 1.0 1.0 1.0 1.0 1.0 1.0 1.0 1.0 1.0 1.0 1.0 1.0 1.0 1.0 1.0 1.0 1.0 1.0 1.0 1.0 1.0 1.0 1.0 1.0 1.0 1.0 1.0 1.0 1.0 1.0 0.0 1.0 1.0 1.0 1.0 1.0 1.0 1.0 1.0 1.0 1.0 1.0 1.0 1.0 1.0 1.0 1.0 1.0 1.0 1.0 1.0 1.0 1.0 1.0 1.0 1.0 1.0 1.0 1.0 1.0 1.0 1.0 1.0 1.0 1.0 1.0 1.0 1.0 1.0 1.0 1.0 1.0 1.0 1.0 1.0 1.0 1.0 1.0 1.0 1.0 1.0 1.0 1.0 1.0 1.0 1.0 1.0 1.0 1.0 1.0 1.0 1.0 1.0 1.0 1.0 1.0 1.0 1.0 1.0 1.0 1.0 1.0 1.0 1.0 1.0 1.0 1.0 1.0 1.0 1.0 1.0 1.0 1.0 1.0 1.0 1.0 1.0 1.0 1.0 1.0 1.0 1.0 1.0 1.0 
1.0 1.0 1.0 1.0 1.0 1.0 1.0 1.0 1.0 1.0 1.0 1.0 1.0 1.0 1.0 1.0 1.0 1.0 1.0 1.0 1.0 1.0 1.0 1.0 1.0 1.0 1.0 1.0 1.0 1.0 1.0 1.0 1.0 1.0 1.0 0.0 1.0 1.0 1.0 1.0 1.0 1.0 1.0 1.0 1.0 1.0 1.0 1.0 1.0 1.0 1.0 1.0 1.0 1.0 1.0 1.0 1.0 1.0 1.0 1.0 1.0 1.0 1.0 1.0 1.0 1.0 1.0 1.0 1.0 1.0 1.0 1.0 1.0 1.0 1.0 1.0 1.0 1.0 1.0 1.0 1.0 1.0 1.0 1.0 1.0 1.0 1.0 1.0 1.0 1.0 1.0 1.0 1.0 1.0 1.0 1.0 1.0 1.0 1.0 1.0 1.0 1.0 1.0 1.0 1.0 1.0 1.0 1.0 1.0 1.0 1.0 1.0 1.0 1.0 1.0 1.0 1.0 1.0 1.0 1.0 1.0 1.0 1.0 1.0 1.0 1.0 1.0 1.0 
1.0 1.0 1.0 1.0 1.0 1.0 1.0 1.0 1.0 1.0 1.0 1.0 1.0 1.0 1.0 1.0 1.0 1.0 1.0 1.0 1.0 1.0 1.0 1.0 1.0 1.0 1.0 1.0 1.0 1.0 1.0 1.0 1.0 1.0 1.0 1.0 0.0 1.0 1.0 1.0 1.0 1.0 1.0 1.0 1.0 1.0 1.0 1.0 1.0 1.0 1.0 1.0 1.0 1.0 1.0 1.0 1.0 1.0 1.0 1.0 1.0 1.0 1.0 1.0 1.0 1.0 1.0 1.0 1.0 1.0 1.0 1.0 1.0 1.0 1.0 1.0 1.0 1.0 1.0 1.0 1.0 1.0 1.0 1.0 1.0 1.0 1.0 1.0 1.0 1.0 1.0 1.0 1.0 1.0 1.0 1.0 1.0 1.0 1.0 1.0 1.0 1.0 1.0 1.0 1.0 1.0 1.0 1.0 1.0 1.0 1.0 1.0 1.0 1.0 1.0 1.0 1.0 1.0 1.0 1.0 1.0 1.0 1.0 1.0 1.0 1.0 1.0 1.0 
1.0 1.0 1.0 1.0 1.0 1.0 1.0 1.0 1.0 1.0 1.0 1.0 1.0 1.0 1.0 1.0 1.0 1.0 1.0 1.0 1.0 1.0 1.0 1.0 1.0 1.0 1.0 1.0 1.0 1.0 1.0 1.0 1.0 1.0 1.0 1.0 1.0 0.0 1.0 1.0 1.0 1.0 1.0 1.0 1.0 1.0 1.0 1.0 1.0 1.0 1.0 1.0 1.0 1.0 1.0 1.0 1.0 1.0 1.0 1.0 1.0 1.0 1.0 1.0 1.0 1.0 1.0 1.0 1.0 1.0 1.0 1.0 1.0 1.0 1.0 1.0 1.0 1.0 1.0 1.0 1.0 1.0 1.0 1.0 1.0 1.0 1.0 1.0 1.0 1.0 1.0 1.0 1.0 1.0 1.0 1.0 1.0 1.0 1.0 1.0 1.0 1.0 1.0 1.0 1.0 1.0 1.0 1.0 1.0 1.0 1.0 1.0 1.0 1.0 1.0 1.0 1.0 1.0 1.0 1.0 1.0 1.0 1.0 1.0 1.0 1.0 1.0 1.0 
1.0 1.0 1.0 1.0 1.0 1.0 1.0 1.0 1.0 1.0 1.0 1.0 1.0 1.0 1.0 1.0 1.0 1.0 1.0 1.0 1.0 1.0 1.0 1.0 1.0 1.0 1.0 1.0 1.0 1.0 1.0 1.0 1.0 1.0 1.0 1.0 1.0 1.0 0.0 1.0 1.0 1.0 1.0 1.0 1.0 1.0 1.0 1.0 1.0 1.0 1.0 1.0 1.0 1.0 1.0 1.0 1.0 1.0 1.0 1.0 1.0 1.0 1.0 1.0 1.0 1.0 1.0 1.0 1.0 1.0 1.0 1.0 1.0 1.0 1.0 1.0 1.0 1.0 1.0 1.0 1.0 1.0 1.0 1.0 1.0 1.0 1.0 1.0 1.0 1.0 1.0 1.0 1.0 1.0 1.0 1.0 1.0 1.0 1.0 1.0 1.0 1.0 1.0 1.0 1.0 1.0 1.0 1.0 1.0 1.0 1.0 1.0 1.0 1.0 1.0 1.0 1.0 1.0 1.0 1.0 1.0 1.0 1.0 1.0 1.0 1.0 1.0 1.0 
1.0 1.0 1.0 1.0 1.0 1.0 1.0 1.0 1.0 1.0 1.0 1.0 1.0 1.0 1.0 1.0 1.0 1.0 1.0 1.0 1.0 1.0 1.0 1.0 1.0 1.0 1.0 1.0 1.0 1.0 1.0 1.0 1.0 1.0 1.0 1.0 1.0 1.0 1.0 0.0 1.0 1.0 1.0 1.0 1.0 1.0 1.0 1.0 1.0 1.0 1.0 1.0 1.0 1.0 1.0 1.0 1.0 1.0 1.0 1.0 1.0 1.0 1.0 1.0 1.0 1.0 1.0 1.0 1.0 1.0 1.0 1.0 1.0 1.0 1.0 1.0 1.0 1.0 1.0 1.0 1.0 1.0 1.0 1.0 1.0 1.0 1.0 1.0 1.0 1.0 1.0 1.0 1.0 1.0 1.0 1.0 1.0 1.0 1.0 1.0 1.0 1.0 1.0 1.0 1.0 1.0 1.0 1.0 1.0 1.0 1.0 1.0 1.0 1.0 1.0 1.0 1.0 1.0 1.0 1.0 1.0 1.0 1.0 1.0 1.0 1.0 1.0 1.0 
1.0 1.0 1.0 1.0 1.0 1.0 1.0 1.0 1.0 1.0 1.0 1.0 1.0 1.0 1.0 1.0 1.0 1.0 1.0 1.0 1.0 1.0 1.0 1.0 1.0 1.0 1.0 1.0 1.0 1.0 1.0 1.0 1.0 1.0 1.0 1.0 1.0 1.0 1.0 1.0 0.0 1.0 1.0 1.0 1.0 1.0 1.0 1.0 1.0 1.0 1.0 1.0 1.0 1.0 1.0 1.0 1.0 1.0 1.0 1.0 1.0 1.0 1.0 1.0 1.0 1.0 1.0 1.0 1.0 1.0 1.0 1.0 1.0 1.0 1.0 1.0 1.0 1.0 1.0 1.0 1.0 1.0 1.0 1.0 1.0 1.0 1.0 1.0 1.0 1.0 1.0 1.0 1.0 1.0 1.0 1.0 1.0 1.0 1.0 1.0 1.0 1.0 1.0 1.0 1.0 1.0 1.0 1.0 1.0 1.0 1.0 1.0 1.0 1.0 1.0 1.0 1.0 1.0 1.0 1.0 1.0 1.0 1.0 1.0 1.0 1.0 1.0 1.0 
1.0 1.0 1.0 1.0 1.0 1.0 1.0 1.0 1.0 1.0 1.0 1.0 1.0 1.0 1.0 1.0 1.0 1.0 1.0 1.0 1.0 1.0 1.0 1.0 1.0 1.0 1.0 1.0 1.0 1.0 1.0 1.0 1.0 1.0 1.0 1.0 1.0 1.0 1.0 1.0 1.0 0.0 1.0 1.0 1.0 1.0 1.0 1.0 1.0 1.0 1.0 1.0 1.0 1.0 1.0 1.0 1.0 1.0 1.0 1.0 1.0 1.0 1.0 1.0 1.0 1.0 1.0 1.0 1.0 1.0 1.0 1.0 1.0 1.0 1.0 1.0 1.0 1.0 1.0 1.0 1.0 1.0 1.0 1.0 1.0 1.0 1.0 1.0 1.0 1.0 1.0 1.0 1.0 1.0 1.0 1.0 1.0 1.0 1.0 1.0 1.0 1.0 1.0 1.0 1.0 1.0 1.0 1.0 1.0 1.0 1.0 1.0 1.0 1.0 1.0 1.0 1.0 1.0 1.0 1.0 1.0 1.0 1.0 1.0 1.0 1.0 1.0 1.0 
1.0 1.0 1.0 1.0 1.0 1.0 1.0 1.0 1.0 1.0 1.0 1.0 1.0 1.0 1.0 1.0 1.0 1.0 1.0 1.0 1.0 1.0 1.0 1.0 1.0 1.0 1.0 1.0 1.0 1.0 1.0 1.0 1.0 1.0 1.0 1.0 1.0 1.0 1.0 1.0 1.0 1.0 0.0 1.0 1.0 1.0 1.0 1.0 1.0 1.0 1.0 1.0 1.0 1.0 1.0 1.0 1.0 1.0 1.0 1.0 1.0 1.0 1.0 1.0 1.0 1.0 1.0 1.0 1.0 1.0 1.0 1.0 1.0 1.0 1.0 1.0 1.0 1.0 1.0 1.0 1.0 1.0 1.0 1.0 1.0 1.0 1.0 1.0 1.0 1.0 1.0 1.0 1.0 1.0 1.0 1.0 1.0 1.0 1.0 1.0 1.0 1.0 1.0 1.0 1.0 1.0 1.0 1.0 1.0 1.0 1.0 1.0 1.0 1.0 1.0 1.0 1.0 1.0 1.0 1.0 1.0 1.0 1.0 1.0 1.0 1.0 1.0 1.0 
1.0 1.0 1.0 1.0 1.0 1.0 1.0 1.0 1.0 1.0 1.0 1.0 1.0 1.0 1.0 1.0 1.0 1.0 1.0 1.0 1.0 1.0 1.0 1.0 1.0 1.0 1.0 1.0 1.0 1.0 1.0 1.0 1.0 1.0 1.0 1.0 1.0 1.0 1.0 1.0 1.0 1.0 1.0 0.0 1.0 1.0 1.0 1.0 1.0 1.0 1.0 1.0 1.0 1.0 1.0 1.0 1.0 1.0 1.0 1.0 1.0 1.0 1.0 1.0 1.0 1.0 1.0 1.0 1.0 1.0 1.0 1.0 1.0 1.0 1.0 1.0 1.0 1.0 1.0 1.0 1.0 1.0 1.0 1.0 1.0 1.0 1.0 1.0 1.0 1.0 1.0 1.0 1.0 1.0 1.0 1.0 1.0 1.0 1.0 1.0 1.0 1.0 1.0 1.0 1.0 1.0 1.0 1.0 1.0 1.0 1.0 1.0 1.0 1.0 1.0 1.0 1.0 1.0 1.0 1.0 1.0 1.0 1.0 1.0 1.0 1.0 1.0 1.0 
1.0 1.0 1.0 1.0 1.0 1.0 1.0 1.0 1.0 1.0 1.0 1.0 1.0 1.0 1.0 1.0 1.0 1.0 1.0 1.0 1.0 1.0 1.0 1.0 1.0 1.0 1.0 1.0 1.0 1.0 1.0 1.0 1.0 1.0 1.0 1.0 1.0 1.0 1.0 1.0 1.0 1.0 1.0 1.0 0.0 1.0 1.0 1.0 1.0 1.0 1.0 1.0 1.0 1.0 1.0 1.0 1.0 1.0 1.0 1.0 1.0 1.0 1.0 1.0 1.0 1.0 1.0 1.0 1.0 1.0 1.0 1.0 1.0 1.0 1.0 1.0 1.0 1.0 1.0 1.0 1.0 1.0 1.0 1.0 1.0 1.0 1.0 1.0 1.0 1.0 1.0 1.0 1.0 1.0 1.0 1.0 1.0 1.0 1.0 1.0 1.0 1.0 1.0 1.0 1.0 1.0 1.0 1.0 1.0 1.0 1.0 1.0 1.0 1.0 1.0 1.0 1.0 1.0 1.0 1.0 1.0 1.0 1.0 1.0 1.0 1.0 1.0 1.0 
1.0 1.0 1.0 1.0 1.0 1.0 1.0 1.0 1.0 1.0 1.0 1.0 1.0 1.0 1.0 1.0 1.0 1.0 1.0 1.0 1.0 1.0 1.0 1.0 1.0 1.0 1.0 1.0 1.0 1.0 1.0 1.0 1.0 1.0 1.0 1.0 1.0 1.0 1.0 1.0 1.0 1.0 1.0 1.0 1.0 0.0 1.0 1.0 1.0 1.0 1.0 1.0 1.0 1.0 1.0 1.0 1.0 1.0 1.0 1.0 1.0 1.0 1.0 1.0 1.0 1.0 1.0 1.0 1.0 1.0 1.0 1.0 1.0 1.0 1.0 1.0 1.0 1.0 1.0 1.0 1.0 1.0 1.0 1.0 1.0 1.0 1.0 1.0 1.0 1.0 1.0 1.0 1.0 1.0 1.0 1.0 1.0 1.0 1.0 1.0 1.0 1.0 1.0 1.0 1.0 1.0 1.0 1.0 1.0 1.0 1.0 1.0 1.0 1.0 1.0 1.0 1.0 1.0 1.0 1.0 1.0 1.0 1.0 1.0 1.0 1.0 1.0 1.0 
1.0 1.0 1.0 1.0 1.0 1.0 1.0 1.0 1.0 1.0 1.0 1.0 1.0 1.0 1.0 1.0 1.0 1.0 1.0 1.0 1.0 1.0 1.0 1.0 1.0 1.0 1.0 1.0 1.0 1.0 1.0 1.0 1.0 1.0 1.0 1.0 1.0 1.0 1.0 1.0 1.0 1.0 1.0 1.0 1.0 1.0 0.0 1.0 1.0 1.0 1.0 1.0 1.0 1.0 1.0 1.0 1.0 1.0 1.0 1.0 1.0 1.0 1.0 1.0 1.0 1.0 1.0 1.0 1.0 1.0 1.0 1.0 1.0 1.0 1.0 1.0 1.0 1.0 1.0 1.0 1.0 1.0 1.0 1.0 1.0 1.0 1.0 1.0 1.0 1.0 1.0 1.0 1.0 1.0 1.0 1.0 1.0 1.0 1.0 1.0 1.0 1.0 1.0 1.0 1.0 1.0 1.0 1.0 1.0 1.0 1.0 1.0 1.0 1.0 1.0 1.0 1.0 1.0 1.0 1.0 1.0 1.0 1.0 1.0 1.0 1.0 1.0 1.0 
1.0 1.0 1.0 1.0 1.0 1.0 1.0 1.0 1.0 1.0 1.0 1.0 1.0 1.0 1.0 1.0 1.0 1.0 1.0 1.0 1.0 1.0 1.0 1.0 1.0 1.0 1.0 1.0 1.0 1.0 1.0 1.0 1.0 1.0 1.0 1.0 1.0 1.0 1.0 1.0 1.0 1.0 1.0 1.0 1.0 1.0 1.0 0.0 1.0 1.0 1.0 1.0 1.0 1.0 1.0 1.0 1.0 1.0 1.0 1.0 1.0 1.0 1.0 1.0 1.0 1.0 1.0 1.0 1.0 1.0 1.0 1.0 1.0 1.0 1.0 1.0 1.0 1.0 1.0 1.0 1.0 1.0 1.0 1.0 1.0 1.0 1.0 1.0 1.0 1.0 1.0 1.0 1.0 1.0 1.0 1.0 1.0 1.0 1.0 1.0 1.0 1.0 1.0 1.0 1.0 1.0 1.0 1.0 1.0 1.0 1.0 1.0 1.0 1.0 1.0 1.0 1.0 1.0 1.0 1.0 1.0 1.0 1.0 1.0 1.0 1.0 1.0 1.0 
1.0 1.0 1.0 1.0 1.0 1.0 1.0 1.0 1.0 1.0 1.0 1.0 1.0 1.0 1.0 1.0 1.0 1.0 1.0 1.0 1.0 1.0 1.0 1.0 1.0 1.0 1.0 1.0 1.0 1.0 1.0 1.0 1.0 1.0 1.0 1.0 1.0 1.0 1.0 1.0 1.0 1.0 1.0 1.0 1.0 1.0 1.0 1.0 0.0 1.0 1.0 1.0 1.0 1.0 1.0 1.0 1.0 1.0 1.0 1.0 1.0 1.0 1.0 1.0 1.0 1.0 1.0 1.0 1.0 1.0 1.0 1.0 1.0 1.0 1.0 1.0 1.0 1.0 1.0 1.0 1.0 1.0 1.0 1.0 1.0 1.0 1.0 1.0 1.0 1.0 1.0 1.0 1.0 1.0 1.0 1.0 1.0 1.0 1.0 1.0 1.0 1.0 1.0 1.0 1.0 1.0 1.0 1.0 1.0 1.0 1.0 1.0 1.0 1.0 1.0 1.0 1.0 1.0 1.0 1.0 1.0 1.0 1.0 1.0 1.0 1.0 1.0 1.0 
1.0 1.0 1.0 1.0 1.0 1.0 1.0 1.0 1.0 1.0 1.0 1.0 1.0 1.0 1.0 1.0 1.0 1.0 1.0 1.0 1.0 1.0 1.0 1.0 1.0 1.0 1.0 1.0 1.0 1.0 1.0 1.0 1.0 1.0 1.0 1.0 1.0 1.0 1.0 1.0 1.0 1.0 1.0 1.0 1.0 1.0 1.0 1.0 1.0 0.0 1.0 1.0 1.0 1.0 1.0 1.0 1.0 1.0 1.0 1.0 1.0 1.0 1.0 1.0 1.0 1.0 1.0 1.0 1.0 1.0 1.0 1.0 1.0 1.0 1.0 1.0 1.0 1.0 1.0 1.0 1.0 1.0 1.0 1.0 1.0 1.0 1.0 1.0 1.0 1.0 1.0 1.0 1.0 1.0 1.0 1.0 1.0 1.0 1.0 1.0 1.0 1.0 1.0 1.0 1.0 1.0 1.0 1.0 1.0 1.0 1.0 1.0 1.0 1.0 1.0 1.0 1.0 1.0 1.0 1.0 1.0 1.0 1.0 1.0 1.0 1.0 1.0 1.0 
1.0 1.0 1.0 1.0 1.0 1.0 1.0 1.0 1.0 1.0 1.0 1.0 1.0 1.0 1.0 1.0 1.0 1.0 1.0 1.0 1.0 1.0 1.0 1.0 1.0 1.0 1.0 1.0 1.0 1.0 1.0 1.0 1.0 1.0 1.0 1.0 1.0 1.0 1.0 1.0 1.0 1.0 1.0 1.0 1.0 1.0 1.0 1.0 1.0 1.0 0.0 1.0 1.0 1.0 1.0 1.0 1.0 1.0 1.0 1.0 1.0 1.0 1.0 1.0 1.0 1.0 1.0 1.0 1.0 1.0 1.0 1.0 1.0 1.0 1.0 1.0 1.0 1.0 1.0 1.0 1.0 1.0 1.0 1.0 1.0 1.0 1.0 1.0 1.0 1.0 1.0 1.0 1.0 1.0 1.0 1.0 1.0 1.0 1.0 1.0 1.0 1.0 1.0 1.0 1.0 1.0 1.0 1.0 1.0 1.0 1.0 1.0 1.0 1.0 1.0 1.0 1.0 1.0 1.0 1.0 1.0 1.0 1.0 1.0 1.0 1.0 1.0 1.0 
1.0 1.0 1.0 1.0 1.0 1.0 1.0 1.0 1.0 1.0 1.0 1.0 1.0 1.0 1.0 1.0 1.0 1.0 1.0 1.0 1.0 1.0 1.0 1.0 1.0 1.0 1.0 1.0 1.0 1.0 1.0 1.0 1.0 1.0 1.0 1.0 1.0 1.0 1.0 1.0 1.0 1.0 1.0 1.0 1.0 1.0 1.0 1.0 1.0 1.0 1.0 0.0 1.0 1.0 1.0 1.0 1.0 1.0 1.0 1.0 1.0 1.0 1.0 1.0 1.0 1.0 1.0 1.0 1.0 1.0 1.0 1.0 1.0 1.0 1.0 1.0 1.0 1.0 1.0 1.0 1.0 1.0 1.0 1.0 1.0 1.0 1.0 1.0 1.0 1.0 1.0 1.0 1.0 1.0 1.0 1.0 1.0 1.0 1.0 1.0 1.0 1.0 1.0 1.0 1.0 1.0 1.0 1.0 1.0 1.0 1.0 1.0 1.0 1.0 1.0 1.0 1.0 1.0 1.0 1.0 1.0 1.0 1.0 1.0 1.0 1.0 1.0 1.0 
1.0 1.0 1.0 1.0 1.0 1.0 1.0 1.0 1.0 1.0 1.0 1.0 1.0 1.0 1.0 1.0 1.0 1.0 1.0 1.0 1.0 1.0 1.0 1.0 1.0 1.0 1.0 1.0 1.0 1.0 1.0 1.0 1.0 1.0 1.0 1.0 1.0 1.0 1.0 1.0 1.0 1.0 1.0 1.0 1.0 1.0 1.0 1.0 1.0 1.0 1.0 1.0 0.0 1.0 1.0 1.0 1.0 1.0 1.0 1.0 1.0 1.0 1.0 1.0 1.0 1.0 1.0 1.0 1.0 1.0 1.0 1.0 1.0 1.0 1.0 1.0 1.0 1.0 1.0 1.0 1.0 1.0 1.0 1.0 1.0 1.0 1.0 1.0 1.0 1.0 1.0 1.0 1.0 1.0 1.0 1.0 1.0 1.0 1.0 1.0 1.0 1.0 1.0 1.0 1.0 1.0 1.0 1.0 1.0 1.0 1.0 1.0 1.0 1.0 1.0 1.0 1.0 1.0 1.0 1.0 1.0 1.0 1.0 1.0 1.0 1.0 1.0 1.0 
1.0 1.0 1.0 1.0 1.0 1.0 1.0 1.0 1.0 1.0 1.0 1.0 1.0 1.0 1.0 1.0 1.0 1.0 1.0 1.0 1.0 1.0 1.0 1.0 1.0 1.0 1.0 1.0 1.0 1.0 1.0 1.0 1.0 1.0 1.0 1.0 1.0 1.0 1.0 1.0 1.0 1.0 1.0 1.0 1.0 1.0 1.0 1.0 1.0 1.0 1.0 1.0 1.0 0.0 1.0 1.0 1.0 1.0 1.0 1.0 1.0 1.0 1.0 1.0 1.0 1.0 1.0 1.0 1.0 1.0 1.0 1.0 1.0 1.0 1.0 1.0 1.0 1.0 1.0 1.0 1.0 1.0 1.0 1.0 1.0 1.0 1.0 1.0 1.0 1.0 1.0 1.0 1.0 1.0 1.0 1.0 1.0 1.0 1.0 1.0 1.0 1.0 1.0 1.0 1.0 1.0 1.0 1.0 1.0 1.0 1.0 1.0 1.0 1.0 1.0 1.0 1.0 1.0 1.0 1.0 1.0 1.0 1.0 1.0 1.0 1.0 1.0 1.0 
1.0 1.0 1.0 1.0 1.0 1.0 1.0 1.0 1.0 1.0 1.0 1.0 1.0 1.0 1.0 1.0 1.0 1.0 1.0 1.0 1.0 1.0 1.0 1.0 1.0 1.0 1.0 1.0 1.0 1.0 1.0 1.0 1.0 1.0 1.0 1.0 1.0 1.0 1.0 1.0 1.0 1.0 1.0 1.0 1.0 1.0 1.0 1.0 1.0 1.0 1.0 1.0 1.0 1.0 0.0 1.0 1.0 1.0 1.0 1.0 1.0 1.0 1.0 1.0 1.0 1.0 1.0 1.0 1.0 1.0 1.0 1.0 1.0 1.0 1.0 1.0 1.0 1.0 1.0 1.0 1.0 1.0 1.0 1.0 1.0 1.0 1.0 1.0 1.0 1.0 1.0 1.0 1.0 1.0 1.0 1.0 1.0 1.0 1.0 1.0 1.0 1.0 1.0 1.0 1.0 1.0 1.0 1.0 1.0 1.0 1.0 1.0 1.0 1.0 1.0 1.0 1.0 1.0 1.0 1.0 1.0 1.0 1.0 1.0 1.0 1.0 1.0 1.0 
1.0 1.0 1.0 1.0 1.0 1.0 1.0 1.0 1.0 1.0 1.0 1.0 1.0 1.0 1.0 1.0 1.0 1.0 1.0 1.0 1.0 1.0 1.0 1.0 1.0 1.0 1.0 1.0 1.0 1.0 1.0 1.0 1.0 1.0 1.0 1.0 1.0 1.0 1.0 1.0 1.0 1.0 1.0 1.0 1.0 1.0 1.0 1.0 1.0 1.0 1.0 1.0 1.0 1.0 1.0 0.0 1.0 1.0 1.0 1.0 1.0 1.0 1.0 1.0 1.0 1.0 1.0 1.0 1.0 1.0 1.0 1.0 1.0 1.0 1.0 1.0 1.0 1.0 1.0 1.0 1.0 1.0 1.0 1.0 1.0 1.0 1.0 1.0 1.0 1.0 1.0 1.0 1.0 1.0 1.0 1.0 1.0 1.0 1.0 1.0 1.0 1.0 1.0 1.0 1.0 1.0 1.0 1.0 1.0 1.0 1.0 1.0 1.0 1.0 1.0 1.0 1.0 1.0 1.0 1.0 1.0 1.0 1.0 1.0 1.0 1.0 1.0 1.0 
1.0 1.0 1.0 1.0 1.0 1.0 1.0 1.0 1.0 1.0 1.0 1.0 1.0 1.0 1.0 1.0 1.0 1.0 1.0 1.0 1.0 1.0 1.0 1.0 1.0 1.0 1.0 1.0 1.0 1.0 1.0 1.0 1.0 1.0 1.0 1.0 1.0 1.0 1.0 1.0 1.0 1.0 1.0 1.0 1.0 1.0 1.0 1.0 1.0 1.0 1.0 1.0 1.0 1.0 1.0 1.0 0.0 1.0 1.0 1.0 1.0 1.0 1.0 1.0 1.0 1.0 1.0 1.0 1.0 1.0 1.0 1.0 1.0 1.0 1.0 1.0 1.0 1.0 1.0 1.0 1.0 1.0 1.0 1.0 1.0 1.0 1.0 1.0 1.0 1.0 1.0 1.0 1.0 1.0 1.0 1.0 1.0 1.0 1.0 1.0 1.0 1.0 1.0 1.0 1.0 1.0 1.0 1.0 1.0 1.0 1.0 1.0 1.0 1.0 1.0 1.0 1.0 1.0 1.0 1.0 1.0 1.0 1.0 1.0 1.0 1.0 1.0 1.0 
1.0 1.0 1.0 1.0 1.0 1.0 1.0 1.0 1.0 1.0 1.0 1.0 1.0 1.0 1.0 1.0 1.0 1.0 1.0 1.0 1.0 1.0 1.0 1.0 1.0 1.0 1.0 1.0 1.0 1.0 1.0 1.0 1.0 1.0 1.0 1.0 1.0 1.0 1.0 1.0 1.0 1.0 1.0 1.0 1.0 1.0 1.0 1.0 1.0 1.0 1.0 1.0 1.0 1.0 1.0 1.0 1.0 0.0 1.0 1.0 1.0 1.0 1.0 1.0 1.0 1.0 1.0 1.0 1.0 1.0 1.0 1.0 1.0 1.0 1.0 1.0 1.0 1.0 1.0 1.0 1.0 1.0 1.0 1.0 1.0 1.0 1.0 1.0 1.0 1.0 1.0 1.0 1.0 1.0 1.0 1.0 1.0 1.0 1.0 1.0 1.0 1.0 1.0 1.0 1.0 1.0 1.0 1.0 1.0 1.0 1.0 1.0 1.0 1.0 1.0 1.0 1.0 1.0 1.0 1.0 1.0 1.0 1.0 1.0 1.0 1.0 1.0 1.0 
1.0 1.0 1.0 1.0 1.0 1.0 1.0 1.0 1.0 1.0 1.0 1.0 1.0 1.0 1.0 1.0 1.0 1.0 1.0 1.0 1.0 1.0 1.0 1.0 1.0 1.0 1.0 1.0 1.0 1.0 1.0 1.0 1.0 1.0 1.0 1.0 1.0 1.0 1.0 1.0 1.0 1.0 1.0 1.0 1.0 1.0 1.0 1.0 1.0 1.0 1.0 1.0 1.0 1.0 1.0 1.0 1.0 1.0 0.0 1.0 1.0 1.0 1.0 1.0 1.0 1.0 1.0 1.0 1.0 1.0 1.0 1.0 1.0 1.0 1.0 1.0 1.0 1.0 1.0 1.0 1.0 1.0 1.0 1.0 1.0 1.0 1.0 1.0 1.0 1.0 1.0 1.0 1.0 1.0 1.0 1.0 1.0 1.0 1.0 1.0 1.0 1.0 1.0 1.0 1.0 1.0 1.0 1.0 1.0 1.0 1.0 1.0 1.0 1.0 1.0 1.0 1.0 1.0 1.0 1.0 1.0 1.0 1.0 1.0 1.0 1.0 1.0 1.0 
1.0 1.0 1.0 1.0 1.0 1.0 1.0 1.0 1.0 1.0 1.0 1.0 1.0 1.0 1.0 1.0 1.0 1.0 1.0 1.0 1.0 1.0 1.0 1.0 1.0 1.0 1.0 1.0 1.0 1.0 1.0 1.0 1.0 1.0 1.0 1.0 1.0 1.0 1.0 1.0 1.0 1.0 1.0 1.0 1.0 1.0 1.0 1.0 1.0 1.0 1.0 1.0 1.0 1.0 1.0 1.0 1.0 1.0 1.0 0.0 1.0 1.0 1.0 1.0 1.0 1.0 1.0 1.0 1.0 1.0 1.0 1.0 1.0 1.0 1.0 1.0 1.0 1.0 1.0 1.0 1.0 1.0 1.0 1.0 1.0 1.0 1.0 1.0 1.0 1.0 1.0 1.0 1.0 1.0 1.0 1.0 1.0 1.0 1.0 1.0 1.0 1.0 1.0 1.0 1.0 1.0 1.0 1.0 1.0 1.0 1.0 1.0 1.0 1.0 1.0 1.0 1.0 1.0 1.0 1.0 1.0 1.0 1.0 1.0 1.0 1.0 1.0 1.0 
1.0 1.0 1.0 1.0 1.0 1.0 1.0 1.0 1.0 1.0 1.0 1.0 1.0 1.0 1.0 1.0 1.0 1.0 1.0 1.0 1.0 1.0 1.0 1.0 1.0 1.0 1.0 1.0 1.0 1.0 1.0 1.0 1.0 1.0 1.0 1.0 1.0 1.0 1.0 1.0 1.0 1.0 1.0 1.0 1.0 1.0 1.0 1.0 1.0 1.0 1.0 1.0 1.0 1.0 1.0 1.0 1.0 1.0 1.0 1.0 0.0 1.0 1.0 1.0 1.0 1.0 1.0 1.0 1.0 1.0 1.0 1.0 1.0 1.0 1.0 1.0 1.0 1.0 1.0 1.0 1.0 1.0 1.0 1.0 1.0 1.0 1.0 1.0 1.0 1.0 1.0 1.0 1.0 1.0 1.0 1.0 1.0 1.0 1.0 1.0 1.0 1.0 1.0 1.0 1.0 1.0 1.0 1.0 1.0 1.0 1.0 1.0 1.0 1.0 1.0 1.0 1.0 1.0 1.0 1.0 1.0 1.0 1.0 1.0 1.0 1.0 1.0 1.0 
1.0 1.0 1.0 1.0 1.0 1.0 1.0 1.0 1.0 1.0 1.0 1.0 1.0 1.0 1.0 1.0 1.0 1.0 1.0 1.0 1.0 1.0 1.0 1.0 1.0 1.0 1.0 1.0 1.0 1.0 1.0 1.0 1.0 1.0 1.0 1.0 1.0 1.0 1.0 1.0 1.0 1.0 1.0 1.0 1.0 1.0 1.0 1.0 1.0 1.0 1.0 1.0 1.0 1.0 1.0 1.0 1.0 1.0 1.0 1.0 1.0 0.0 1.0 1.0 1.0 1.0 1.0 1.0 1.0 1.0 1.0 1.0 1.0 1.0 1.0 1.0 1.0 1.0 1.0 1.0 1.0 1.0 1.0 1.0 1.0 1.0 1.0 1.0 1.0 1.0 1.0 1.0 1.0 1.0 1.0 1.0 1.0 1.0 1.0 1.0 1.0 1.0 1.0 1.0 1.0 1.0 1.0 1.0 1.0 1.0 1.0 1.0 1.0 1.0 1.0 1.0 1.0 1.0 1.0 1.0 1.0 1.0 1.0 1.0 1.0 1.0 1.0 1.0 
1.0 1.0 1.0 1.0 1.0 1.0 1.0 1.0 1.0 1.0 1.0 1.0 1.0 1.0 1.0 1.0 1.0 1.0 1.0 1.0 1.0 1.0 1.0 1.0 1.0 1.0 1.0 1.0 1.0 1.0 1.0 1.0 1.0 1.0 1.0 1.0 1.0 1.0 1.0 1.0 1.0 1.0 1.0 1.0 1.0 1.0 1.0 1.0 1.0 1.0 1.0 1.0 1.0 1.0 1.0 1.0 1.0 1.0 1.0 1.0 1.0 1.0 0.0 1.0 1.0 1.0 1.0 1.0 1.0 1.0 1.0 1.0 1.0 1.0 1.0 1.0 1.0 1.0 1.0 1.0 1.0 1.0 1.0 1.0 1.0 1.0 1.0 1.0 1.0 1.0 1.0 1.0 1.0 1.0 1.0 1.0 1.0 1.0 1.0 1.0 1.0 1.0 1.0 1.0 1.0 1.0 1.0 1.0 1.0 1.0 1.0 1.0 1.0 1.0 1.0 1.0 1.0 1.0 1.0 1.0 1.0 1.0 1.0 1.0 1.0 1.0 1.0 1.0 
1.0 1.0 1.0 1.0 1.0 1.0 1.0 1.0 1.0 1.0 1.0 1.0 1.0 1.0 1.0 1.0 1.0 1.0 1.0 1.0 1.0 1.0 1.0 1.0 1.0 1.0 1.0 1.0 1.0 1.0 1.0 1.0 1.0 1.0 1.0 1.0 1.0 1.0 1.0 1.0 1.0 1.0 1.0 1.0 1.0 1.0 1.0 1.0 1.0 1.0 1.0 1.0 1.0 1.0 1.0 1.0 1.0 1.0 1.0 1.0 1.0 1.0 1.0 0.0 1.0 1.0 1.0 1.0 1.0 1.0 1.0 1.0 1.0 1.0 1.0 1.0 1.0 1.0 1.0 1.0 1.0 1.0 1.0 1.0 1.0 1.0 1.0 1.0 1.0 1.0 1.0 1.0 1.0 1.0 1.0 1.0 1.0 1.0 1.0 1.0 1.0 1.0 1.0 1.0 1.0 1.0 1.0 1.0 1.0 1.0 1.0 1.0 1.0 1.0 1.0 1.0 1.0 1.0 1.0 1.0 1.0 1.0 1.0 1.0 1.0 1.0 1.0 1.0 
1.0 1.0 1.0 1.0 1.0 1.0 1.0 1.0 1.0 1.0 1.0 1.0 1.0 1.0 1.0 1.0 1.0 1.0 1.0 1.0 1.0 1.0 1.0 1.0 1.0 1.0 1.0 1.0 1.0 1.0 1.0 1.0 1.0 1.0 1.0 1.0 1.0 1.0 1.0 1.0 1.0 1.0 1.0 1.0 1.0 1.0 1.0 1.0 1.0 1.0 1.0 1.0 1.0 1.0 1.0 1.0 1.0 1.0 1.0 1.0 1.0 1.0 1.0 1.0 0.0 1.0 1.0 1.0 1.0 1.0 1.0 1.0 1.0 1.0 1.0 1.0 1.0 1.0 1.0 1.0 1.0 1.0 1.0 1.0 1.0 1.0 1.0 1.0 1.0 1.0 1.0 1.0 1.0 1.0 1.0 1.0 1.0 1.0 1.0 1.0 1.0 1.0 1.0 1.0 1.0 1.0 1.0 1.0 1.0 1.0 1.0 1.0 1.0 1.0 1.0 1.0 1.0 1.0 1.0 1.0 1.0 1.0 1.0 1.0 1.0 1.0 1.0 1.0 
1.0 1.0 1.0 1.0 1.0 1.0 1.0 1.0 1.0 1.0 1.0 1.0 1.0 1.0 1.0 1.0 1.0 1.0 1.0 1.0 1.0 1.0 1.0 1.0 1.0 1.0 1.0 1.0 1.0 1.0 1.0 1.0 1.0 1.0 1.0 1.0 1.0 1.0 1.0 1.0 1.0 1.0 1.0 1.0 1.0 1.0 1.0 1.0 1.0 1.0 1.0 1.0 1.0 1.0 1.0 1.0 1.0 1.0 1.0 1.0 1.0 1.0 1.0 1.0 1.0 0.0 1.0 1.0 1.0 1.0 1.0 1.0 1.0 1.0 1.0 1.0 1.0 1.0 1.0 1.0 1.0 1.0 1.0 1.0 1.0 1.0 1.0 1.0 1.0 1.0 1.0 1.0 1.0 1.0 1.0 1.0 1.0 1.0 1.0 1.0 1.0 1.0 1.0 1.0 1.0 1.0 1.0 1.0 1.0 1.0 1.0 1.0 1.0 1.0 1.0 1.0 1.0 1.0 1.0 1.0 1.0 1.0 1.0 1.0 1.0 1.0 1.0 1.0 
1.0 1.0 1.0 1.0 1.0 1.0 1.0 1.0 1.0 1.0 1.0 1.0 1.0 1.0 1.0 1.0 1.0 1.0 1.0 1.0 1.0 1.0 1.0 1.0 1.0 1.0 1.0 1.0 1.0 1.0 1.0 1.0 1.0 1.0 1.0 1.0 1.0 1.0 1.0 1.0 1.0 1.0 1.0 1.0 1.0 1.0 1.0 1.0 1.0 1.0 1.0 1.0 1.0 1.0 1.0 1.0 1.0 1.0 1.0 1.0 1.0 1.0 1.0 1.0 1.0 1.0 0.0 1.0 1.0 1.0 1.0 1.0 1.0 1.0 1.0 1.0 1.0 1.0 1.0 1.0 1.0 1.0 1.0 1.0 1.0 1.0 1.0 1.0 1.0 1.0 1.0 1.0 1.0 1.0 1.0 1.0 1.0 1.0 1.0 1.0 1.0 1.0 1.0 1.0 1.0 1.0 1.0 1.0 1.0 1.0 1.0 1.0 1.0 1.0 1.0 1.0 1.0 1.0 1.0 1.0 1.0 1.0 1.0 1.0 1.0 1.0 1.0 1.0 
1.0 1.0 1.0 1.0 1.0 1.0 1.0 1.0 1.0 1.0 1.0 1.0 1.0 1.0 1.0 1.0 1.0 1.0 1.0 1.0 1.0 1.0 1.0 1.0 1.0 1.0 1.0 1.0 1.0 1.0 1.0 1.0 1.0 1.0 1.0 1.0 1.0 1.0 1.0 1.0 1.0 1.0 1.0 1.0 1.0 1.0 1.0 1.0 1.0 1.0 1.0 1.0 1.0 1.0 1.0 1.0 1.0 1.0 1.0 1.0 1.0 1.0 1.0 1.0 1.0 1.0 1.0 0.0 1.0 1.0 1.0 1.0 1.0 1.0 1.0 1.0 1.0 1.0 1.0 1.0 1.0 1.0 1.0 1.0 1.0 1.0 1.0 1.0 1.0 1.0 1.0 1.0 1.0 1.0 1.0 1.0 1.0 1.0 1.0 1.0 1.0 1.0 1.0 1.0 1.0 1.0 1.0 1.0 1.0 1.0 1.0 1.0 1.0 1.0 1.0 1.0 1.0 1.0 1.0 1.0 1.0 1.0 1.0 1.0 1.0 1.0 1.0 1.0 
1.0 1.0 1.0 1.0 1.0 1.0 1.0 1.0 1.0 1.0 1.0 1.0 1.0 1.0 1.0 1.0 1.0 1.0 1.0 1.0 1.0 1.0 1.0 1.0 1.0 1.0 1.0 1.0 1.0 1.0 1.0 1.0 1.0 1.0 1.0 1.0 1.0 1.0 1.0 1.0 1.0 1.0 1.0 1.0 1.0 1.0 1.0 1.0 1.0 1.0 1.0 1.0 1.0 1.0 1.0 1.0 1.0 1.0 1.0 1.0 1.0 1.0 1.0 1.0 1.0 1.0 1.0 1.0 0.0 1.0 1.0 1.0 1.0 1.0 1.0 1.0 1.0 1.0 1.0 1.0 1.0 1.0 1.0 1.0 1.0 1.0 1.0 1.0 1.0 1.0 1.0 1.0 1.0 1.0 1.0 1.0 1.0 1.0 1.0 1.0 1.0 1.0 1.0 1.0 1.0 1.0 1.0 1.0 1.0 1.0 1.0 1.0 1.0 1.0 1.0 1.0 1.0 1.0 1.0 1.0 1.0 1.0 1.0 1.0 1.0 1.0 1.0 1.0 
1.0 1.0 1.0 1.0 1.0 1.0 1.0 1.0 1.0 1.0 1.0 1.0 1.0 1.0 1.0 1.0 1.0 1.0 1.0 1.0 1.0 1.0 1.0 1.0 1.0 1.0 1.0 1.0 1.0 1.0 1.0 1.0 1.0 1.0 1.0 1.0 1.0 1.0 1.0 1.0 1.0 1.0 1.0 1.0 1.0 1.0 1.0 1.0 1.0 1.0 1.0 1.0 1.0 1.0 1.0 1.0 1.0 1.0 1.0 1.0 1.0 1.0 1.0 1.0 1.0 1.0 1.0 1.0 1.0 0.0 1.0 1.0 1.0 1.0 1.0 1.0 1.0 1.0 1.0 1.0 1.0 1.0 1.0 1.0 1.0 1.0 1.0 1.0 1.0 1.0 1.0 1.0 1.0 1.0 1.0 1.0 1.0 1.0 1.0 1.0 1.0 1.0 1.0 1.0 1.0 1.0 1.0 1.0 1.0 1.0 1.0 1.0 1.0 1.0 1.0 1.0 1.0 1.0 1.0 1.0 1.0 1.0 1.0 1.0 1.0 1.0 1.0 1.0 
1.0 1.0 1.0 1.0 1.0 1.0 1.0 1.0 1.0 1.0 1.0 1.0 1.0 1.0 1.0 1.0 1.0 1.0 1.0 1.0 1.0 1.0 1.0 1.0 1.0 1.0 1.0 1.0 1.0 1.0 1.0 1.0 1.0 1.0 1.0 1.0 1.0 1.0 1.0 1.0 1.0 1.0 1.0 1.0 1.0 1.0 1.0 1.0 1.0 1.0 1.0 1.0 1.0 1.0 1.0 1.0 1.0 1.0 1.0 1.0 1.0 1.0 1.0 1.0 1.0 1.0 1.0 1.0 1.0 1.0 0.0 1.0 1.0 1.0 1.0 1.0 1.0 1.0 1.0 1.0 1.0 1.0 1.0 1.0 1.0 1.0 1.0 1.0 1.0 1.0 1.0 1.0 1.0 1.0 1.0 1.0 1.0 1.0 1.0 1.0 1.0 1.0 1.0 1.0 1.0 1.0 1.0 1.0 1.0 1.0 1.0 1.0 1.0 1.0 1.0 1.0 1.0 1.0 1.0 1.0 1.0 1.0 1.0 1.0 1.0 1.0 1.0 1.0 
1.0 1.0 1.0 1.0 1.0 1.0 1.0 1.0 1.0 1.0 1.0 1.0 1.0 1.0 1.0 1.0 1.0 1.0 1.0 1.0 1.0 1.0 1.0 1.0 1.0 1.0 1.0 1.0 1.0 1.0 1.0 1.0 1.0 1.0 1.0 1.0 1.0 1.0 1.0 1.0 1.0 1.0 1.0 1.0 1.0 1.0 1.0 1.0 1.0 1.0 1.0 1.0 1.0 1.0 1.0 1.0 1.0 1.0 1.0 1.0 1.0 1.0 1.0 1.0 1.0 1.0 1.0 1.0 1.0 1.0 1.0 0.0 1.0 1.0 1.0 1.0 1.0 1.0 1.0 1.0 1.0 1.0 1.0 1.0 1.0 1.0 1.0 1.0 1.0 1.0 1.0 1.0 1.0 1.0 1.0 1.0 1.0 1.0 1.0 1.0 1.0 1.0 1.0 1.0 1.0 1.0 1.0 1.0 1.0 1.0 1.0 1.0 1.0 1.0 1.0 1.0 1.0 1.0 1.0 1.0 1.0 1.0 1.0 1.0 1.0 1.0 1.0 1.0 
1.0 1.0 1.0 1.0 1.0 1.0 1.0 1.0 1.0 1.0 1.0 1.0 1.0 1.0 1.0 1.0 1.0 1.0 1.0 1.0 1.0 1.0 1.0 1.0 1.0 1.0 1.0 1.0 1.0 1.0 1.0 1.0 1.0 1.0 1.0 1.0 1.0 1.0 1.0 1.0 1.0 1.0 1.0 1.0 1.0 1.0 1.0 1.0 1.0 1.0 1.0 1.0 1.0 1.0 1.0 1.0 1.0 1.0 1.0 1.0 1.0 1.0 1.0 1.0 1.0 1.0 1.0 1.0 1.0 1.0 1.0 1.0 0.0 1.0 1.0 1.0 1.0 1.0 1.0 1.0 1.0 1.0 1.0 1.0 1.0 1.0 1.0 1.0 1.0 1.0 1.0 1.0 1.0 1.0 1.0 1.0 1.0 1.0 1.0 1.0 1.0 1.0 1.0 1.0 1.0 1.0 1.0 1.0 1.0 1.0 1.0 1.0 1.0 1.0 1.0 1.0 1.0 1.0 1.0 1.0 1.0 1.0 1.0 1.0 1.0 1.0 1.0 1.0 
1.0 1.0 1.0 1.0 1.0 1.0 1.0 1.0 1.0 1.0 1.0 1.0 1.0 1.0 1.0 1.0 1.0 1.0 1.0 1.0 1.0 1.0 1.0 1.0 1.0 1.0 1.0 1.0 1.0 1.0 1.0 1.0 1.0 1.0 1.0 1.0 1.0 1.0 1.0 1.0 1.0 1.0 1.0 1.0 1.0 1.0 1.0 1.0 1.0 1.0 1.0 1.0 1.0 1.0 1.0 1.0 1.0 1.0 1.0 1.0 1.0 1.0 1.0 1.0 1.0 1.0 1.0 1.0 1.0 1.0 1.0 1.0 1.0 0.0 1.0 1.0 1.0 1.0 1.0 1.0 1.0 1.0 1.0 1.0 1.0 1.0 1.0 1.0 1.0 1.0 1.0 1.0 1.0 1.0 1.0 1.0 1.0 1.0 1.0 1.0 1.0 1.0 1.0 1.0 1.0 1.0 1.0 1.0 1.0 1.0 1.0 1.0 1.0 1.0 1.0 1.0 1.0 1.0 1.0 1.0 1.0 1.0 1.0 1.0 1.0 1.0 1.0 1.0 
1.0 1.0 1.0 1.0 1.0 1.0 1.0 1.0 1.0 1.0 1.0 1.0 1.0 1.0 1.0 1.0 1.0 1.0 1.0 1.0 1.0 1.0 1.0 1.0 1.0 1.0 1.0 1.0 1.0 1.0 1.0 1.0 1.0 1.0 1.0 1.0 1.0 1.0 1.0 1.0 1.0 1.0 1.0 1.0 1.0 1.0 1.0 1.0 1.0 1.0 1.0 1.0 1.0 1.0 1.0 1.0 1.0 1.0 1.0 1.0 1.0 1.0 1.0 1.0 1.0 1.0 1.0 1.0 1.0 1.0 1.0 1.0 1.0 1.0 0.0 1.0 1.0 1.0 1.0 1.0 1.0 1.0 1.0 1.0 1.0 1.0 1.0 1.0 1.0 1.0 1.0 1.0 1.0 1.0 1.0 1.0 1.0 1.0 1.0 1.0 1.0 1.0 1.0 1.0 1.0 1.0 1.0 1.0 1.0 1.0 1.0 1.0 1.0 1.0 1.0 1.0 1.0 1.0 1.0 1.0 1.0 1.0 1.0 1.0 1.0 1.0 1.0 1.0 
1.0 1.0 1.0 1.0 1.0 1.0 1.0 1.0 1.0 1.0 1.0 1.0 1.0 1.0 1.0 1.0 1.0 1.0 1.0 1.0 1.0 1.0 1.0 1.0 1.0 1.0 1.0 1.0 1.0 1.0 1.0 1.0 1.0 1.0 1.0 1.0 1.0 1.0 1.0 1.0 1.0 1.0 1.0 1.0 1.0 1.0 1.0 1.0 1.0 1.0 1.0 1.0 1.0 1.0 1.0 1.0 1.0 1.0 1.0 1.0 1.0 1.0 1.0 1.0 1.0 1.0 1.0 1.0 1.0 1.0 1.0 1.0 1.0 1.0 1.0 0.0 1.0 1.0 1.0 1.0 1.0 1.0 1.0 1.0 1.0 1.0 1.0 1.0 1.0 1.0 1.0 1.0 1.0 1.0 1.0 1.0 1.0 1.0 1.0 1.0 1.0 1.0 1.0 1.0 1.0 1.0 1.0 1.0 1.0 1.0 1.0 1.0 1.0 1.0 1.0 1.0 1.0 1.0 1.0 1.0 1.0 1.0 1.0 1.0 1.0 1.0 1.0 1.0 
1.0 1.0 1.0 1.0 1.0 1.0 1.0 1.0 1.0 1.0 1.0 1.0 1.0 1.0 1.0 1.0 1.0 1.0 1.0 1.0 1.0 1.0 1.0 1.0 1.0 1.0 1.0 1.0 1.0 1.0 1.0 1.0 1.0 1.0 1.0 1.0 1.0 1.0 1.0 1.0 1.0 1.0 1.0 1.0 1.0 1.0 1.0 1.0 1.0 1.0 1.0 1.0 1.0 1.0 1.0 1.0 1.0 1.0 1.0 1.0 1.0 1.0 1.0 1.0 1.0 1.0 1.0 1.0 1.0 1.0 1.0 1.0 1.0 1.0 1.0 1.0 0.0 1.0 1.0 1.0 1.0 1.0 1.0 1.0 1.0 1.0 1.0 1.0 1.0 1.0 1.0 1.0 1.0 1.0 1.0 1.0 1.0 1.0 1.0 1.0 1.0 1.0 1.0 1.0 1.0 1.0 1.0 1.0 1.0 1.0 1.0 1.0 1.0 1.0 1.0 1.0 1.0 1.0 1.0 1.0 1.0 1.0 1.0 1.0 1.0 1.0 1.0 1.0 
1.0 1.0 1.0 1.0 1.0 1.0 1.0 1.0 1.0 1.0 1.0 1.0 1.0 1.0 1.0 1.0 1.0 1.0 1.0 1.0 1.0 1.0 1.0 1.0 1.0 1.0 1.0 1.0 1.0 1.0 1.0 1.0 1.0 1.0 1.0 1.0 1.0 1.0 1.0 1.0 1.0 1.0 1.0 1.0 1.0 1.0 1.0 1.0 1.0 1.0 1.0 1.0 1.0 1.0 1.0 1.0 1.0 1.0 1.0 1.0 1.0 1.0 1.0 1.0 1.0 1.0 1.0 1.0 1.0 1.0 1.0 1.0 1.0 1.0 1.0 1.0 1.0 0.0 1.0 1.0 1.0 1.0 1.0 1.0 1.0 1.0 1.0 1.0 1.0 1.0 1.0 1.0 1.0 1.0 1.0 1.0 1.0 1.0 1.0 1.0 1.0 1.0 1.0 1.0 1.0 1.0 1.0 1.0 1.0 1.0 1.0 1.0 1.0 1.0 1.0 1.0 1.0 1.0 1.0 1.0 1.0 1.0 1.0 1.0 1.0 1.0 1.0 1.0 
1.0 1.0 1.0 1.0 1.0 1.0 1.0 1.0 1.0 1.0 1.0 1.0 1.0 1.0 1.0 1.0 1.0 1.0 1.0 1.0 1.0 1.0 1.0 1.0 1.0 1.0 1.0 1.0 1.0 1.0 1.0 1.0 1.0 1.0 1.0 1.0 1.0 1.0 1.0 1.0 1.0 1.0 1.0 1.0 1.0 1.0 1.0 1.0 1.0 1.0 1.0 1.0 1.0 1.0 1.0 1.0 1.0 1.0 1.0 1.0 1.0 1.0 1.0 1.0 1.0 1.0 1.0 1.0 1.0 1.0 1.0 1.0 1.0 1.0 1.0 1.0 1.0 1.0 0.0 1.0 1.0 1.0 1.0 1.0 1.0 1.0 1.0 1.0 1.0 1.0 1.0 1.0 1.0 1.0 1.0 1.0 1.0 1.0 1.0 1.0 1.0 1.0 1.0 1.0 1.0 1.0 1.0 1.0 1.0 1.0 1.0 1.0 1.0 1.0 1.0 1.0 1.0 1.0 1.0 1.0 1.0 1.0 1.0 1.0 1.0 1.0 1.0 1.0 
1.0 1.0 1.0 1.0 1.0 1.0 1.0 1.0 1.0 1.0 1.0 1.0 1.0 1.0 1.0 1.0 1.0 1.0 1.0 1.0 1.0 1.0 1.0 1.0 1.0 1.0 1.0 1.0 1.0 1.0 1.0 1.0 1.0 1.0 1.0 1.0 1.0 1.0 1.0 1.0 1.0 1.0 1.0 1.0 1.0 1.0 1.0 1.0 1.0 1.0 1.0 1.0 1.0 1.0 1.0 1.0 1.0 1.0 1.0 1.0 1.0 1.0 1.0 1.0 1.0 1.0 1.0 1.0 1.0 1.0 1.0 1.0 1.0 1.0 1.0 1.0 1.0 1.0 1.0 0.0 1.0 1.0 1.0 1.0 1.0 1.0 1.0 1.0 1.0 1.0 1.0 1.0 1.0 1.0 1.0 1.0 1.0 1.0 1.0 1.0 1.0 1.0 1.0 1.0 1.0 1.0 1.0 1.0 1.0 1.0 1.0 1.0 1.0 1.0 1.0 1.0 1.0 1.0 1.0 1.0 1.0 1.0 1.0 1.0 1.0 1.0 1.0 1.0 
1.0 1.0 1.0 1.0 1.0 1.0 1.0 1.0 1.0 1.0 1.0 1.0 1.0 1.0 1.0 1.0 1.0 1.0 1.0 1.0 1.0 1.0 1.0 1.0 1.0 1.0 1.0 1.0 1.0 1.0 1.0 1.0 1.0 1.0 1.0 1.0 1.0 1.0 1.0 1.0 1.0 1.0 1.0 1.0 1.0 1.0 1.0 1.0 1.0 1.0 1.0 1.0 1.0 1.0 1.0 1.0 1.0 1.0 1.0 1.0 1.0 1.0 1.0 1.0 1.0 1.0 1.0 1.0 1.0 1.0 1.0 1.0 1.0 1.0 1.0 1.0 1.0 1.0 1.0 1.0 0.0 1.0 1.0 1.0 1.0 1.0 1.0 1.0 1.0 1.0 1.0 1.0 1.0 1.0 1.0 1.0 1.0 1.0 1.0 1.0 1.0 1.0 1.0 1.0 1.0 1.0 1.0 1.0 1.0 1.0 1.0 1.0 1.0 1.0 1.0 1.0 1.0 1.0 1.0 1.0 1.0 1.0 1.0 1.0 1.0 1.0 1.0 1.0 
1.0 1.0 1.0 1.0 1.0 1.0 1.0 1.0 1.0 1.0 1.0 1.0 1.0 1.0 1.0 1.0 1.0 1.0 1.0 1.0 1.0 1.0 1.0 1.0 1.0 1.0 1.0 1.0 1.0 1.0 1.0 1.0 1.0 1.0 1.0 1.0 1.0 1.0 1.0 1.0 1.0 1.0 1.0 1.0 1.0 1.0 1.0 1.0 1.0 1.0 1.0 1.0 1.0 1.0 1.0 1.0 1.0 1.0 1.0 1.0 1.0 1.0 1.0 1.0 1.0 1.0 1.0 1.0 1.0 1.0 1.0 1.0 1.0 1.0 1.0 1.0 1.0 1.0 1.0 1.0 1.0 0.0 1.0 1.0 1.0 1.0 1.0 1.0 1.0 1.0 1.0 1.0 1.0 1.0 1.0 1.0 1.0 1.0 1.0 1.0 1.0 1.0 1.0 1.0 1.0 1.0 1.0 1.0 1.0 1.0 1.0 1.0 1.0 1.0 1.0 1.0 1.0 1.0 1.0 1.0 1.0 1.0 1.0 1.0 1.0 1.0 1.0 1.0 
1.0 1.0 1.0 1.0 1.0 1.0 1.0 1.0 1.0 1.0 1.0 1.0 1.0 1.0 1.0 1.0 1.0 1.0 1.0 1.0 1.0 1.0 1.0 1.0 1.0 1.0 1.0 1.0 1.0 1.0 1.0 1.0 1.0 1.0 1.0 1.0 1.0 1.0 1.0 1.0 1.0 1.0 1.0 1.0 1.0 1.0 1.0 1.0 1.0 1.0 1.0 1.0 1.0 1.0 1.0 1.0 1.0 1.0 1.0 1.0 1.0 1.0 1.0 1.0 1.0 1.0 1.0 1.0 1.0 1.0 1.0 1.0 1.0 1.0 1.0 1.0 1.0 1.0 1.0 1.0 1.0 1.0 0.0 1.0 1.0 1.0 1.0 1.0 1.0 1.0 1.0 1.0 1.0 1.0 1.0 1.0 1.0 1.0 1.0 1.0 1.0 1.0 1.0 1.0 1.0 1.0 1.0 1.0 1.0 1.0 1.0 1.0 1.0 1.0 1.0 1.0 1.0 1.0 1.0 1.0 1.0 1.0 1.0 1.0 1.0 1.0 1.0 1.0 
1.0 1.0 1.0 1.0 1.0 1.0 1.0 1.0 1.0 1.0 1.0 1.0 1.0 1.0 1.0 1.0 1.0 1.0 1.0 1.0 1.0 1.0 1.0 1.0 1.0 1.0 1.0 1.0 1.0 1.0 1.0 1.0 1.0 1.0 1.0 1.0 1.0 1.0 1.0 1.0 1.0 1.0 1.0 1.0 1.0 1.0 1.0 1.0 1.0 1.0 1.0 1.0 1.0 1.0 1.0 1.0 1.0 1.0 1.0 1.0 1.0 1.0 1.0 1.0 1.0 1.0 1.0 1.0 1.0 1.0 1.0 1.0 1.0 1.0 1.0 1.0 1.0 1.0 1.0 1.0 1.0 1.0 1.0 0.0 1.0 1.0 1.0 1.0 1.0 1.0 1.0 1.0 1.0 1.0 1.0 1.0 1.0 1.0 1.0 1.0 1.0 1.0 1.0 1.0 1.0 1.0 1.0 1.0 1.0 1.0 1.0 1.0 1.0 1.0 1.0 1.0 1.0 1.0 1.0 1.0 1.0 1.0 1.0 1.0 1.0 1.0 1.0 1.0 
1.0 1.0 1.0 1.0 1.0 1.0 1.0 1.0 1.0 1.0 1.0 1.0 1.0 1.0 1.0 1.0 1.0 1.0 1.0 1.0 1.0 1.0 1.0 1.0 1.0 1.0 1.0 1.0 1.0 1.0 1.0 1.0 1.0 1.0 1.0 1.0 1.0 1.0 1.0 1.0 1.0 1.0 1.0 1.0 1.0 1.0 1.0 1.0 1.0 1.0 1.0 1.0 1.0 1.0 1.0 1.0 1.0 1.0 1.0 1.0 1.0 1.0 1.0 1.0 1.0 1.0 1.0 1.0 1.0 1.0 1.0 1.0 1.0 1.0 1.0 1.0 1.0 1.0 1.0 1.0 1.0 1.0 1.0 1.0 0.0 1.0 1.0 1.0 1.0 1.0 1.0 1.0 1.0 1.0 1.0 1.0 1.0 1.0 1.0 1.0 1.0 1.0 1.0 1.0 1.0 1.0 1.0 1.0 1.0 1.0 1.0 1.0 1.0 1.0 1.0 1.0 1.0 1.0 1.0 1.0 1.0 1.0 1.0 1.0 1.0 1.0 1.0 1.0 
1.0 1.0 1.0 1.0 1.0 1.0 1.0 1.0 1.0 1.0 1.0 1.0 1.0 1.0 1.0 1.0 1.0 1.0 1.0 1.0 1.0 1.0 1.0 1.0 1.0 1.0 1.0 1.0 1.0 1.0 1.0 1.0 1.0 1.0 1.0 1.0 1.0 1.0 1.0 1.0 1.0 1.0 1.0 1.0 1.0 1.0 1.0 1.0 1.0 1.0 1.0 1.0 1.0 1.0 1.0 1.0 1.0 1.0 1.0 1.0 1.0 1.0 1.0 1.0 1.0 1.0 1.0 1.0 1.0 1.0 1.0 1.0 1.0 1.0 1.0 1.0 1.0 1.0 1.0 1.0 1.0 1.0 1.0 1.0 1.0 0.0 1.0 1.0 1.0 1.0 1.0 1.0 1.0 1.0 1.0 1.0 1.0 1.0 1.0 1.0 1.0 1.0 1.0 1.0 1.0 1.0 1.0 1.0 1.0 1.0 1.0 1.0 1.0 1.0 1.0 1.0 1.0 1.0 1.0 1.0 1.0 1.0 1.0 1.0 1.0 1.0 1.0 1.0 
1.0 1.0 1.0 1.0 1.0 1.0 1.0 1.0 1.0 1.0 1.0 1.0 1.0 1.0 1.0 1.0 1.0 1.0 1.0 1.0 1.0 1.0 1.0 1.0 1.0 1.0 1.0 1.0 1.0 1.0 1.0 1.0 1.0 1.0 1.0 1.0 1.0 1.0 1.0 1.0 1.0 1.0 1.0 1.0 1.0 1.0 1.0 1.0 1.0 1.0 1.0 1.0 1.0 1.0 1.0 1.0 1.0 1.0 1.0 1.0 1.0 1.0 1.0 1.0 1.0 1.0 1.0 1.0 1.0 1.0 1.0 1.0 1.0 1.0 1.0 1.0 1.0 1.0 1.0 1.0 1.0 1.0 1.0 1.0 1.0 1.0 0.0 1.0 1.0 1.0 1.0 1.0 1.0 1.0 1.0 1.0 1.0 1.0 1.0 1.0 1.0 1.0 1.0 1.0 1.0 1.0 1.0 1.0 1.0 1.0 1.0 1.0 1.0 1.0 1.0 1.0 1.0 1.0 1.0 1.0 1.0 1.0 1.0 1.0 1.0 1.0 1.0 1.0 
1.0 1.0 1.0 1.0 1.0 1.0 1.0 1.0 1.0 1.0 1.0 1.0 1.0 1.0 1.0 1.0 1.0 1.0 1.0 1.0 1.0 1.0 1.0 1.0 1.0 1.0 1.0 1.0 1.0 1.0 1.0 1.0 1.0 1.0 1.0 1.0 1.0 1.0 1.0 1.0 1.0 1.0 1.0 1.0 1.0 1.0 1.0 1.0 1.0 1.0 1.0 1.0 1.0 1.0 1.0 1.0 1.0 1.0 1.0 1.0 1.0 1.0 1.0 1.0 1.0 1.0 1.0 1.0 1.0 1.0 1.0 1.0 1.0 1.0 1.0 1.0 1.0 1.0 1.0 1.0 1.0 1.0 1.0 1.0 1.0 1.0 1.0 0.0 1.0 1.0 1.0 1.0 1.0 1.0 1.0 1.0 1.0 1.0 1.0 1.0 1.0 1.0 1.0 1.0 1.0 1.0 1.0 1.0 1.0 1.0 1.0 1.0 1.0 1.0 1.0 1.0 1.0 1.0 1.0 1.0 1.0 1.0 1.0 1.0 1.0 1.0 1.0 1.0 
1.0 1.0 1.0 1.0 1.0 1.0 1.0 1.0 1.0 1.0 1.0 1.0 1.0 1.0 1.0 1.0 1.0 1.0 1.0 1.0 1.0 1.0 1.0 1.0 1.0 1.0 1.0 1.0 1.0 1.0 1.0 1.0 1.0 1.0 1.0 1.0 1.0 1.0 1.0 1.0 1.0 1.0 1.0 1.0 1.0 1.0 1.0 1.0 1.0 1.0 1.0 1.0 1.0 1.0 1.0 1.0 1.0 1.0 1.0 1.0 1.0 1.0 1.0 1.0 1.0 1.0 1.0 1.0 1.0 1.0 1.0 1.0 1.0 1.0 1.0 1.0 1.0 1.0 1.0 1.0 1.0 1.0 1.0 1.0 1.0 1.0 1.0 1.0 0.0 1.0 1.0 1.0 1.0 1.0 1.0 1.0 1.0 1.0 1.0 1.0 1.0 1.0 1.0 1.0 1.0 1.0 1.0 1.0 1.0 1.0 1.0 1.0 1.0 1.0 1.0 1.0 1.0 1.0 1.0 1.0 1.0 1.0 1.0 1.0 1.0 1.0 1.0 1.0 
1.0 1.0 1.0 1.0 1.0 1.0 1.0 1.0 1.0 1.0 1.0 1.0 1.0 1.0 1.0 1.0 1.0 1.0 1.0 1.0 1.0 1.0 1.0 1.0 1.0 1.0 1.0 1.0 1.0 1.0 1.0 1.0 1.0 1.0 1.0 1.0 1.0 1.0 1.0 1.0 1.0 1.0 1.0 1.0 1.0 1.0 1.0 1.0 1.0 1.0 1.0 1.0 1.0 1.0 1.0 1.0 1.0 1.0 1.0 1.0 1.0 1.0 1.0 1.0 1.0 1.0 1.0 1.0 1.0 1.0 1.0 1.0 1.0 1.0 1.0 1.0 1.0 1.0 1.0 1.0 1.0 1.0 1.0 1.0 1.0 1.0 1.0 1.0 1.0 0.0 1.0 1.0 1.0 1.0 1.0 1.0 1.0 1.0 1.0 1.0 1.0 1.0 1.0 1.0 1.0 1.0 1.0 1.0 1.0 1.0 1.0 1.0 1.0 1.0 1.0 1.0 1.0 1.0 1.0 1.0 1.0 1.0 1.0 1.0 1.0 1.0 1.0 1.0 
1.0 1.0 1.0 1.0 1.0 1.0 1.0 1.0 1.0 1.0 1.0 1.0 1.0 1.0 1.0 1.0 1.0 1.0 1.0 1.0 1.0 1.0 1.0 1.0 1.0 1.0 1.0 1.0 1.0 1.0 1.0 1.0 1.0 1.0 1.0 1.0 1.0 1.0 1.0 1.0 1.0 1.0 1.0 1.0 1.0 1.0 1.0 1.0 1.0 1.0 1.0 1.0 1.0 1.0 1.0 1.0 1.0 1.0 1.0 1.0 1.0 1.0 1.0 1.0 1.0 1.0 1.0 1.0 1.0 1.0 1.0 1.0 1.0 1.0 1.0 1.0 1.0 1.0 1.0 1.0 1.0 1.0 1.0 1.0 1.0 1.0 1.0 1.0 1.0 1.0 0.0 1.0 1.0 1.0 1.0 1.0 1.0 1.0 1.0 1.0 1.0 1.0 1.0 1.0 1.0 1.0 1.0 1.0 1.0 1.0 1.0 1.0 1.0 1.0 1.0 1.0 1.0 1.0 1.0 1.0 1.0 1.0 1.0 1.0 1.0 1.0 1.0 1.0 
1.0 1.0 1.0 1.0 1.0 1.0 1.0 1.0 1.0 1.0 1.0 1.0 1.0 1.0 1.0 1.0 1.0 1.0 1.0 1.0 1.0 1.0 1.0 1.0 1.0 1.0 1.0 1.0 1.0 1.0 1.0 1.0 1.0 1.0 1.0 1.0 1.0 1.0 1.0 1.0 1.0 1.0 1.0 1.0 1.0 1.0 1.0 1.0 1.0 1.0 1.0 1.0 1.0 1.0 1.0 1.0 1.0 1.0 1.0 1.0 1.0 1.0 1.0 1.0 1.0 1.0 1.0 1.0 1.0 1.0 1.0 1.0 1.0 1.0 1.0 1.0 1.0 1.0 1.0 1.0 1.0 1.0 1.0 1.0 1.0 1.0 1.0 1.0 1.0 1.0 1.0 0.0 1.0 1.0 1.0 1.0 1.0 1.0 1.0 1.0 1.0 1.0 1.0 1.0 1.0 1.0 1.0 1.0 1.0 1.0 1.0 1.0 1.0 1.0 1.0 1.0 1.0 1.0 1.0 1.0 1.0 1.0 1.0 1.0 1.0 1.0 1.0 1.0 
1.0 1.0 1.0 1.0 1.0 1.0 1.0 1.0 1.0 1.0 1.0 1.0 1.0 1.0 1.0 1.0 1.0 1.0 1.0 1.0 1.0 1.0 1.0 1.0 1.0 1.0 1.0 1.0 1.0 1.0 1.0 1.0 1.0 1.0 1.0 1.0 1.0 1.0 1.0 1.0 1.0 1.0 1.0 1.0 1.0 1.0 1.0 1.0 1.0 1.0 1.0 1.0 1.0 1.0 1.0 1.0 1.0 1.0 1.0 1.0 1.0 1.0 1.0 1.0 1.0 1.0 1.0 1.0 1.0 1.0 1.0 1.0 1.0 1.0 1.0 1.0 1.0 1.0 1.0 1.0 1.0 1.0 1.0 1.0 1.0 1.0 1.0 1.0 1.0 1.0 1.0 1.0 0.0 1.0 1.0 1.0 1.0 1.0 1.0 1.0 1.0 1.0 1.0 1.0 1.0 1.0 1.0 1.0 1.0 1.0 1.0 1.0 1.0 1.0 1.0 1.0 1.0 1.0 1.0 1.0 1.0 1.0 1.0 1.0 1.0 1.0 1.0 1.0 
1.0 1.0 1.0 1.0 1.0 1.0 1.0 1.0 1.0 1.0 1.0 1.0 1.0 1.0 1.0 1.0 1.0 1.0 1.0 1.0 1.0 1.0 1.0 1.0 1.0 1.0 1.0 1.0 1.0 1.0 1.0 1.0 1.0 1.0 1.0 1.0 1.0 1.0 1.0 1.0 1.0 1.0 1.0 1.0 1.0 1.0 1.0 1.0 1.0 1.0 1.0 1.0 1.0 1.0 1.0 1.0 1.0 1.0 1.0 1.0 1.0 1.0 1.0 1.0 1.0 1.0 1.0 1.0 1.0 1.0 1.0 1.0 1.0 1.0 1.0 1.0 1.0 1.0 1.0 1.0 1.0 1.0 1.0 1.0 1.0 1.0 1.0 1.0 1.0 1.0 1.0 1.0 1.0 0.0 1.0 1.0 1.0 1.0 1.0 1.0 1.0 1.0 1.0 1.0 1.0 1.0 1.0 1.0 1.0 1.0 1.0 1.0 1.0 1.0 1.0 1.0 1.0 1.0 1.0 1.0 1.0 1.0 1.0 1.0 1.0 1.0 1.0 1.0 
1.0 1.0 1.0 1.0 1.0 1.0 1.0 1.0 1.0 1.0 1.0 1.0 1.0 1.0 1.0 1.0 1.0 1.0 1.0 1.0 1.0 1.0 1.0 1.0 1.0 1.0 1.0 1.0 1.0 1.0 1.0 1.0 1.0 1.0 1.0 1.0 1.0 1.0 1.0 1.0 1.0 1.0 1.0 1.0 1.0 1.0 1.0 1.0 1.0 1.0 1.0 1.0 1.0 1.0 1.0 1.0 1.0 1.0 1.0 1.0 1.0 1.0 1.0 1.0 1.0 1.0 1.0 1.0 1.0 1.0 1.0 1.0 1.0 1.0 1.0 1.0 1.0 1.0 1.0 1.0 1.0 1.0 1.0 1.0 1.0 1.0 1.0 1.0 1.0 1.0 1.0 1.0 1.0 1.0 0.0 1.0 1.0 1.0 1.0 1.0 1.0 1.0 1.0 1.0 1.0 1.0 1.0 1.0 1.0 1.0 1.0 1.0 1.0 1.0 1.0 1.0 1.0 1.0 1.0 1.0 1.0 1.0 1.0 1.0 1.0 1.0 1.0 1.0 
1.0 1.0 1.0 1.0 1.0 1.0 1.0 1.0 1.0 1.0 1.0 1.0 1.0 1.0 1.0 1.0 1.0 1.0 1.0 1.0 1.0 1.0 1.0 1.0 1.0 1.0 1.0 1.0 1.0 1.0 1.0 1.0 1.0 1.0 1.0 1.0 1.0 1.0 1.0 1.0 1.0 1.0 1.0 1.0 1.0 1.0 1.0 1.0 1.0 1.0 1.0 1.0 1.0 1.0 1.0 1.0 1.0 1.0 1.0 1.0 1.0 1.0 1.0 1.0 1.0 1.0 1.0 1.0 1.0 1.0 1.0 1.0 1.0 1.0 1.0 1.0 1.0 1.0 1.0 1.0 1.0 1.0 1.0 1.0 1.0 1.0 1.0 1.0 1.0 1.0 1.0 1.0 1.0 1.0 1.0 0.0 1.0 1.0 1.0 1.0 1.0 1.0 1.0 1.0 1.0 1.0 1.0 1.0 1.0 1.0 1.0 1.0 1.0 1.0 1.0 1.0 1.0 1.0 1.0 1.0 1.0 1.0 1.0 1.0 1.0 1.0 1.0 1.0 
1.0 1.0 1.0 1.0 1.0 1.0 1.0 1.0 1.0 1.0 1.0 1.0 1.0 1.0 1.0 1.0 1.0 1.0 1.0 1.0 1.0 1.0 1.0 1.0 1.0 1.0 1.0 1.0 1.0 1.0 1.0 1.0 1.0 1.0 1.0 1.0 1.0 1.0 1.0 1.0 1.0 1.0 1.0 1.0 1.0 1.0 1.0 1.0 1.0 1.0 1.0 1.0 1.0 1.0 1.0 1.0 1.0 1.0 1.0 1.0 1.0 1.0 1.0 1.0 1.0 1.0 1.0 1.0 1.0 1.0 1.0 1.0 1.0 1.0 1.0 1.0 1.0 1.0 1.0 1.0 1.0 1.0 1.0 1.0 1.0 1.0 1.0 1.0 1.0 1.0 1.0 1.0 1.0 1.0 1.0 1.0 0.0 1.0 1.0 1.0 1.0 1.0 1.0 1.0 1.0 1.0 1.0 1.0 1.0 1.0 1.0 1.0 1.0 1.0 1.0 1.0 1.0 1.0 1.0 1.0 1.0 1.0 1.0 1.0 1.0 1.0 1.0 1.0 
1.0 1.0 1.0 1.0 1.0 1.0 1.0 1.0 1.0 1.0 1.0 1.0 1.0 1.0 1.0 1.0 1.0 1.0 1.0 1.0 1.0 1.0 1.0 1.0 1.0 1.0 1.0 1.0 1.0 1.0 1.0 1.0 1.0 1.0 1.0 1.0 1.0 1.0 1.0 1.0 1.0 1.0 1.0 1.0 1.0 1.0 1.0 1.0 1.0 1.0 1.0 1.0 1.0 1.0 1.0 1.0 1.0 1.0 1.0 1.0 1.0 1.0 1.0 1.0 1.0 1.0 1.0 1.0 1.0 1.0 1.0 1.0 1.0 1.0 1.0 1.0 1.0 1.0 1.0 1.0 1.0 1.0 1.0 1.0 1.0 1.0 1.0 1.0 1.0 1.0 1.0 1.0 1.0 1.0 1.0 1.0 1.0 0.0 1.0 1.0 1.0 1.0 1.0 1.0 1.0 1.0 1.0 1.0 1.0 1.0 1.0 1.0 1.0 1.0 1.0 1.0 1.0 1.0 1.0 1.0 1.0 1.0 1.0 1.0 1.0 1.0 1.0 1.0 
1.0 1.0 1.0 1.0 1.0 1.0 1.0 1.0 1.0 1.0 1.0 1.0 1.0 1.0 1.0 1.0 1.0 1.0 1.0 1.0 1.0 1.0 1.0 1.0 1.0 1.0 1.0 1.0 1.0 1.0 1.0 1.0 1.0 1.0 1.0 1.0 1.0 1.0 1.0 1.0 1.0 1.0 1.0 1.0 1.0 1.0 1.0 1.0 1.0 1.0 1.0 1.0 1.0 1.0 1.0 1.0 1.0 1.0 1.0 1.0 1.0 1.0 1.0 1.0 1.0 1.0 1.0 1.0 1.0 1.0 1.0 1.0 1.0 1.0 1.0 1.0 1.0 1.0 1.0 1.0 1.0 1.0 1.0 1.0 1.0 1.0 1.0 1.0 1.0 1.0 1.0 1.0 1.0 1.0 1.0 1.0 1.0 1.0 0.0 1.0 1.0 1.0 1.0 1.0 1.0 1.0 1.0 1.0 1.0 1.0 1.0 1.0 1.0 1.0 1.0 1.0 1.0 1.0 1.0 1.0 1.0 1.0 1.0 1.0 1.0 1.0 1.0 1.0 
1.0 1.0 1.0 1.0 1.0 1.0 1.0 1.0 1.0 1.0 1.0 1.0 1.0 1.0 1.0 1.0 1.0 1.0 1.0 1.0 1.0 1.0 1.0 1.0 1.0 1.0 1.0 1.0 1.0 1.0 1.0 1.0 1.0 1.0 1.0 1.0 1.0 1.0 1.0 1.0 1.0 1.0 1.0 1.0 1.0 1.0 1.0 1.0 1.0 1.0 1.0 1.0 1.0 1.0 1.0 1.0 1.0 1.0 1.0 1.0 1.0 1.0 1.0 1.0 1.0 1.0 1.0 1.0 1.0 1.0 1.0 1.0 1.0 1.0 1.0 1.0 1.0 1.0 1.0 1.0 1.0 1.0 1.0 1.0 1.0 1.0 1.0 1.0 1.0 1.0 1.0 1.0 1.0 1.0 1.0 1.0 1.0 1.0 1.0 0.0 1.0 1.0 1.0 1.0 1.0 1.0 1.0 1.0 1.0 1.0 1.0 1.0 1.0 1.0 1.0 1.0 1.0 1.0 1.0 1.0 1.0 1.0 1.0 1.0 1.0 1.0 1.0 1.0 
1.0 1.0 1.0 1.0 1.0 1.0 1.0 1.0 1.0 1.0 1.0 1.0 1.0 1.0 1.0 1.0 1.0 1.0 1.0 1.0 1.0 1.0 1.0 1.0 1.0 1.0 1.0 1.0 1.0 1.0 1.0 1.0 1.0 1.0 1.0 1.0 1.0 1.0 1.0 1.0 1.0 1.0 1.0 1.0 1.0 1.0 1.0 1.0 1.0 1.0 1.0 1.0 1.0 1.0 1.0 1.0 1.0 1.0 1.0 1.0 1.0 1.0 1.0 1.0 1.0 1.0 1.0 1.0 1.0 1.0 1.0 1.0 1.0 1.0 1.0 1.0 1.0 1.0 1.0 1.0 1.0 1.0 1.0 1.0 1.0 1.0 1.0 1.0 1.0 1.0 1.0 1.0 1.0 1.0 1.0 1.0 1.0 1.0 1.0 1.0 0.0 1.0 1.0 1.0 1.0 1.0 1.0 1.0 1.0 1.0 1.0 1.0 1.0 1.0 1.0 1.0 1.0 1.0 1.0 1.0 1.0 1.0 1.0 1.0 1.0 1.0 1.0 1.0 
1.0 1.0 1.0 1.0 1.0 1.0 1.0 1.0 1.0 1.0 1.0 1.0 1.0 1.0 1.0 1.0 1.0 1.0 1.0 1.0 1.0 1.0 1.0 1.0 1.0 1.0 1.0 1.0 1.0 1.0 1.0 1.0 1.0 1.0 1.0 1.0 1.0 1.0 1.0 1.0 1.0 1.0 1.0 1.0 1.0 1.0 1.0 1.0 1.0 1.0 1.0 1.0 1.0 1.0 1.0 1.0 1.0 1.0 1.0 1.0 1.0 1.0 1.0 1.0 1.0 1.0 1.0 1.0 1.0 1.0 1.0 1.0 1.0 1.0 1.0 1.0 1.0 1.0 1.0 1.0 1.0 1.0 1.0 1.0 1.0 1.0 1.0 1.0 1.0 1.0 1.0 1.0 1.0 1.0 1.0 1.0 1.0 1.0 1.0 1.0 1.0 0.0 1.0 1.0 1.0 1.0 1.0 1.0 1.0 1.0 1.0 1.0 1.0 1.0 1.0 1.0 1.0 1.0 1.0 1.0 1.0 1.0 1.0 1.0 1.0 1.0 1.0 1.0 
1.0 1.0 1.0 1.0 1.0 1.0 1.0 1.0 1.0 1.0 1.0 1.0 1.0 1.0 1.0 1.0 1.0 1.0 1.0 1.0 1.0 1.0 1.0 1.0 1.0 1.0 1.0 1.0 1.0 1.0 1.0 1.0 1.0 1.0 1.0 1.0 1.0 1.0 1.0 1.0 1.0 1.0 1.0 1.0 1.0 1.0 1.0 1.0 1.0 1.0 1.0 1.0 1.0 1.0 1.0 1.0 1.0 1.0 1.0 1.0 1.0 1.0 1.0 1.0 1.0 1.0 1.0 1.0 1.0 1.0 1.0 1.0 1.0 1.0 1.0 1.0 1.0 1.0 1.0 1.0 1.0 1.0 1.0 1.0 1.0 1.0 1.0 1.0 1.0 1.0 1.0 1.0 1.0 1.0 1.0 1.0 1.0 1.0 1.0 1.0 1.0 1.0 0.0 1.0 1.0 1.0 1.0 1.0 1.0 1.0 1.0 1.0 1.0 1.0 1.0 1.0 1.0 1.0 1.0 1.0 1.0 1.0 1.0 1.0 1.0 1.0 1.0 1.0 
1.0 1.0 1.0 1.0 1.0 1.0 1.0 1.0 1.0 1.0 1.0 1.0 1.0 1.0 1.0 1.0 1.0 1.0 1.0 1.0 1.0 1.0 1.0 1.0 1.0 1.0 1.0 1.0 1.0 1.0 1.0 1.0 1.0 1.0 1.0 1.0 1.0 1.0 1.0 1.0 1.0 1.0 1.0 1.0 1.0 1.0 1.0 1.0 1.0 1.0 1.0 1.0 1.0 1.0 1.0 1.0 1.0 1.0 1.0 1.0 1.0 1.0 1.0 1.0 1.0 1.0 1.0 1.0 1.0 1.0 1.0 1.0 1.0 1.0 1.0 1.0 1.0 1.0 1.0 1.0 1.0 1.0 1.0 1.0 1.0 1.0 1.0 1.0 1.0 1.0 1.0 1.0 1.0 1.0 1.0 1.0 1.0 1.0 1.0 1.0 1.0 1.0 1.0 0.0 1.0 1.0 1.0 1.0 1.0 1.0 1.0 1.0 1.0 1.0 1.0 1.0 1.0 1.0 1.0 1.0 1.0 1.0 1.0 1.0 1.0 1.0 1.0 1.0 
1.0 1.0 1.0 1.0 1.0 1.0 1.0 1.0 1.0 1.0 1.0 1.0 1.0 1.0 1.0 1.0 1.0 1.0 1.0 1.0 1.0 1.0 1.0 1.0 1.0 1.0 1.0 1.0 1.0 1.0 1.0 1.0 1.0 1.0 1.0 1.0 1.0 1.0 1.0 1.0 1.0 1.0 1.0 1.0 1.0 1.0 1.0 1.0 1.0 1.0 1.0 1.0 1.0 1.0 1.0 1.0 1.0 1.0 1.0 1.0 1.0 1.0 1.0 1.0 1.0 1.0 1.0 1.0 1.0 1.0 1.0 1.0 1.0 1.0 1.0 1.0 1.0 1.0 1.0 1.0 1.0 1.0 1.0 1.0 1.0 1.0 1.0 1.0 1.0 1.0 1.0 1.0 1.0 1.0 1.0 1.0 1.0 1.0 1.0 1.0 1.0 1.0 1.0 1.0 0.0 1.0 1.0 1.0 1.0 1.0 1.0 1.0 1.0 1.0 1.0 1.0 1.0 1.0 1.0 1.0 1.0 1.0 1.0 1.0 1.0 1.0 1.0 1.0 
1.0 1.0 1.0 1.0 1.0 1.0 1.0 1.0 1.0 1.0 1.0 1.0 1.0 1.0 1.0 1.0 1.0 1.0 1.0 1.0 1.0 1.0 1.0 1.0 1.0 1.0 1.0 1.0 1.0 1.0 1.0 1.0 1.0 1.0 1.0 1.0 1.0 1.0 1.0 1.0 1.0 1.0 1.0 1.0 1.0 1.0 1.0 1.0 1.0 1.0 1.0 1.0 1.0 1.0 1.0 1.0 1.0 1.0 1.0 1.0 1.0 1.0 1.0 1.0 1.0 1.0 1.0 1.0 1.0 1.0 1.0 1.0 1.0 1.0 1.0 1.0 1.0 1.0 1.0 1.0 1.0 1.0 1.0 1.0 1.0 1.0 1.0 1.0 1.0 1.0 1.0 1.0 1.0 1.0 1.0 1.0 1.0 1.0 1.0 1.0 1.0 1.0 1.0 1.0 1.0 0.0 1.0 1.0 1.0 1.0 1.0 1.0 1.0 1.0 1.0 1.0 1.0 1.0 1.0 1.0 1.0 1.0 1.0 1.0 1.0 1.0 1.0 1.0 
1.0 1.0 1.0 1.0 1.0 1.0 1.0 1.0 1.0 1.0 1.0 1.0 1.0 1.0 1.0 1.0 1.0 1.0 1.0 1.0 1.0 1.0 1.0 1.0 1.0 1.0 1.0 1.0 1.0 1.0 1.0 1.0 1.0 1.0 1.0 1.0 1.0 1.0 1.0 1.0 1.0 1.0 1.0 1.0 1.0 1.0 1.0 1.0 1.0 1.0 1.0 1.0 1.0 1.0 1.0 1.0 1.0 1.0 1.0 1.0 1.0 1.0 1.0 1.0 1.0 1.0 1.0 1.0 1.0 1.0 1.0 1.0 1.0 1.0 1.0 1.0 1.0 1.0 1.0 1.0 1.0 1.0 1.0 1.0 1.0 1.0 1.0 1.0 1.0 1.0 1.0 1.0 1.0 1.0 1.0 1.0 1.0 1.0 1.0 1.0 1.0 1.0 1.0 1.0 1.0 1.0 0.0 1.0 1.0 1.0 1.0 1.0 1.0 1.0 1.0 1.0 1.0 1.0 1.0 1.0 1.0 1.0 1.0 1.0 1.0 1.0 1.0 1.0 
1.0 1.0 1.0 1.0 1.0 1.0 1.0 1.0 1.0 1.0 1.0 1.0 1.0 1.0 1.0 1.0 1.0 1.0 1.0 1.0 1.0 1.0 1.0 1.0 1.0 1.0 1.0 1.0 1.0 1.0 1.0 1.0 1.0 1.0 1.0 1.0 1.0 1.0 1.0 1.0 1.0 1.0 1.0 1.0 1.0 1.0 1.0 1.0 1.0 1.0 1.0 1.0 1.0 1.0 1.0 1.0 1.0 1.0 1.0 1.0 1.0 1.0 1.0 1.0 1.0 1.0 1.0 1.0 1.0 1.0 1.0 1.0 1.0 1.0 1.0 1.0 1.0 1.0 1.0 1.0 1.0 1.0 1.0 1.0 1.0 1.0 1.0 1.0 1.0 1.0 1.0 1.0 1.0 1.0 1.0 1.0 1.0 1.0 1.0 1.0 1.0 1.0 1.0 1.0 1.0 1.0 1.0 0.0 1.0 1.0 1.0 1.0 1.0 1.0 1.0 1.0 1.0 1.0 1.0 1.0 1.0 1.0 1.0 1.0 1.0 1.0 1.0 1.0 
1.0 1.0 1.0 1.0 1.0 1.0 1.0 1.0 1.0 1.0 1.0 1.0 1.0 1.0 1.0 1.0 1.0 1.0 1.0 1.0 1.0 1.0 1.0 1.0 1.0 1.0 1.0 1.0 1.0 1.0 1.0 1.0 1.0 1.0 1.0 1.0 1.0 1.0 1.0 1.0 1.0 1.0 1.0 1.0 1.0 1.0 1.0 1.0 1.0 1.0 1.0 1.0 1.0 1.0 1.0 1.0 1.0 1.0 1.0 1.0 1.0 1.0 1.0 1.0 1.0 1.0 1.0 1.0 1.0 1.0 1.0 1.0 1.0 1.0 1.0 1.0 1.0 1.0 1.0 1.0 1.0 1.0 1.0 1.0 1.0 1.0 1.0 1.0 1.0 1.0 1.0 1.0 1.0 1.0 1.0 1.0 1.0 1.0 1.0 1.0 1.0 1.0 1.0 1.0 1.0 1.0 1.0 1.0 0.0 1.0 1.0 1.0 1.0 1.0 1.0 1.0 1.0 1.0 1.0 1.0 1.0 1.0 1.0 1.0 1.0 1.0 1.0 1.0 
1.0 1.0 1.0 1.0 1.0 1.0 1.0 1.0 1.0 1.0 1.0 1.0 1.0 1.0 1.0 1.0 1.0 1.0 1.0 1.0 1.0 1.0 1.0 1.0 1.0 1.0 1.0 1.0 1.0 1.0 1.0 1.0 1.0 1.0 1.0 1.0 1.0 1.0 1.0 1.0 1.0 1.0 1.0 1.0 1.0 1.0 1.0 1.0 1.0 1.0 1.0 1.0 1.0 1.0 1.0 1.0 1.0 1.0 1.0 1.0 1.0 1.0 1.0 1.0 1.0 1.0 1.0 1.0 1.0 1.0 1.0 1.0 1.0 1.0 1.0 1.0 1.0 1.0 1.0 1.0 1.0 1.0 1.0 1.0 1.0 1.0 1.0 1.0 1.0 1.0 1.0 1.0 1.0 1.0 1.0 1.0 1.0 1.0 1.0 1.0 1.0 1.0 1.0 1.0 1.0 1.0 1.0 1.0 1.0 0.0 1.0 1.0 1.0 1.0 1.0 1.0 1.0 1.0 1.0 1.0 1.0 1.0 1.0 1.0 1.0 1.0 1.0 1.0 
1.0 1.0 1.0 1.0 1.0 1.0 1.0 1.0 1.0 1.0 1.0 1.0 1.0 1.0 1.0 1.0 1.0 1.0 1.0 1.0 1.0 1.0 1.0 1.0 1.0 1.0 1.0 1.0 1.0 1.0 1.0 1.0 1.0 1.0 1.0 1.0 1.0 1.0 1.0 1.0 1.0 1.0 1.0 1.0 1.0 1.0 1.0 1.0 1.0 1.0 1.0 1.0 1.0 1.0 1.0 1.0 1.0 1.0 1.0 1.0 1.0 1.0 1.0 1.0 1.0 1.0 1.0 1.0 1.0 1.0 1.0 1.0 1.0 1.0 1.0 1.0 1.0 1.0 1.0 1.0 1.0 1.0 1.0 1.0 1.0 1.0 1.0 1.0 1.0 1.0 1.0 1.0 1.0 1.0 1.0 1.0 1.0 1.0 1.0 1.0 1.0 1.0 1.0 1.0 1.0 1.0 1.0 1.0 1.0 1.0 0.0 1.0 1.0 1.0 1.0 1.0 1.0 1.0 1.0 1.0 1.0 1.0 1.0 1.0 1.0 1.0 1.0 1.0 
1.0 1.0 1.0 1.0 1.0 1.0 1.0 1.0 1.0 1.0 1.0 1.0 1.0 1.0 1.0 1.0 1.0 1.0 1.0 1.0 1.0 1.0 1.0 1.0 1.0 1.0 1.0 1.0 1.0 1.0 1.0 1.0 1.0 1.0 1.0 1.0 1.0 1.0 1.0 1.0 1.0 1.0 1.0 1.0 1.0 1.0 1.0 1.0 1.0 1.0 1.0 1.0 1.0 1.0 1.0 1.0 1.0 1.0 1.0 1.0 1.0 1.0 1.0 1.0 1.0 1.0 1.0 1.0 1.0 1.0 1.0 1.0 1.0 1.0 1.0 1.0 1.0 1.0 1.0 1.0 1.0 1.0 1.0 1.0 1.0 1.0 1.0 1.0 1.0 1.0 1.0 1.0 1.0 1.0 1.0 1.0 1.0 1.0 1.0 1.0 1.0 1.0 1.0 1.0 1.0 1.0 1.0 1.0 1.0 1.0 1.0 0.0 1.0 1.0 1.0 1.0 1.0 1.0 1.0 1.0 1.0 1.0 1.0 1.0 1.0 1.0 1.0 1.0 
1.0 1.0 1.0 1.0 1.0 1.0 1.0 1.0 1.0 1.0 1.0 1.0 1.0 1.0 1.0 1.0 1.0 1.0 1.0 1.0 1.0 1.0 1.0 1.0 1.0 1.0 1.0 1.0 1.0 1.0 1.0 1.0 1.0 1.0 1.0 1.0 1.0 1.0 1.0 1.0 1.0 1.0 1.0 1.0 1.0 1.0 1.0 1.0 1.0 1.0 1.0 1.0 1.0 1.0 1.0 1.0 1.0 1.0 1.0 1.0 1.0 1.0 1.0 1.0 1.0 1.0 1.0 1.0 1.0 1.0 1.0 1.0 1.0 1.0 1.0 1.0 1.0 1.0 1.0 1.0 1.0 1.0 1.0 1.0 1.0 1.0 1.0 1.0 1.0 1.0 1.0 1.0 1.0 1.0 1.0 1.0 1.0 1.0 1.0 1.0 1.0 1.0 1.0 1.0 1.0 1.0 1.0 1.0 1.0 1.0 1.0 1.0 0.0 1.0 1.0 1.0 1.0 1.0 1.0 1.0 1.0 1.0 1.0 1.0 1.0 1.0 1.0 1.0 
1.0 1.0 1.0 1.0 1.0 1.0 1.0 1.0 1.0 1.0 1.0 1.0 1.0 1.0 1.0 1.0 1.0 1.0 1.0 1.0 1.0 1.0 1.0 1.0 1.0 1.0 1.0 1.0 1.0 1.0 1.0 1.0 1.0 1.0 1.0 1.0 1.0 1.0 1.0 1.0 1.0 1.0 1.0 1.0 1.0 1.0 1.0 1.0 1.0 1.0 1.0 1.0 1.0 1.0 1.0 1.0 1.0 1.0 1.0 1.0 1.0 1.0 1.0 1.0 1.0 1.0 1.0 1.0 1.0 1.0 1.0 1.0 1.0 1.0 1.0 1.0 1.0 1.0 1.0 1.0 1.0 1.0 1.0 1.0 1.0 1.0 1.0 1.0 1.0 1.0 1.0 1.0 1.0 1.0 1.0 1.0 1.0 1.0 1.0 1.0 1.0 1.0 1.0 1.0 1.0 1.0 1.0 1.0 1.0 1.0 1.0 1.0 1.0 0.0 1.0 1.0 1.0 1.0 1.0 1.0 1.0 1.0 1.0 1.0 1.0 1.0 1.0 1.0 
1.0 1.0 1.0 1.0 1.0 1.0 1.0 1.0 1.0 1.0 1.0 1.0 1.0 1.0 1.0 1.0 1.0 1.0 1.0 1.0 1.0 1.0 1.0 1.0 1.0 1.0 1.0 1.0 1.0 1.0 1.0 1.0 1.0 1.0 1.0 1.0 1.0 1.0 1.0 1.0 1.0 1.0 1.0 1.0 1.0 1.0 1.0 1.0 1.0 1.0 1.0 1.0 1.0 1.0 1.0 1.0 1.0 1.0 1.0 1.0 1.0 1.0 1.0 1.0 1.0 1.0 1.0 1.0 1.0 1.0 1.0 1.0 1.0 1.0 1.0 1.0 1.0 1.0 1.0 1.0 1.0 1.0 1.0 1.0 1.0 1.0 1.0 1.0 1.0 1.0 1.0 1.0 1.0 1.0 1.0 1.0 1.0 1.0 1.0 1.0 1.0 1.0 1.0 1.0 1.0 1.0 1.0 1.0 1.0 1.0 1.0 1.0 1.0 1.0 0.0 1.0 1.0 1.0 1.0 1.0 1.0 1.0 1.0 1.0 1.0 1.0 1.0 1.0 
1.0 1.0 1.0 1.0 1.0 1.0 1.0 1.0 1.0 1.0 1.0 1.0 1.0 1.0 1.0 1.0 1.0 1.0 1.0 1.0 1.0 1.0 1.0 1.0 1.0 1.0 1.0 1.0 1.0 1.0 1.0 1.0 1.0 1.0 1.0 1.0 1.0 1.0 1.0 1.0 1.0 1.0 1.0 1.0 1.0 1.0 1.0 1.0 1.0 1.0 1.0 1.0 1.0 1.0 1.0 1.0 1.0 1.0 1.0 1.0 1.0 1.0 1.0 1.0 1.0 1.0 1.0 1.0 1.0 1.0 1.0 1.0 1.0 1.0 1.0 1.0 1.0 1.0 1.0 1.0 1.0 1.0 1.0 1.0 1.0 1.0 1.0 1.0 1.0 1.0 1.0 1.0 1.0 1.0 1.0 1.0 1.0 1.0 1.0 1.0 1.0 1.0 1.0 1.0 1.0 1.0 1.0 1.0 1.0 1.0 1.0 1.0 1.0 1.0 1.0 0.0 1.0 1.0 1.0 1.0 1.0 1.0 1.0 1.0 1.0 1.0 1.0 1.0 
1.0 1.0 1.0 1.0 1.0 1.0 1.0 1.0 1.0 1.0 1.0 1.0 1.0 1.0 1.0 1.0 1.0 1.0 1.0 1.0 1.0 1.0 1.0 1.0 1.0 1.0 1.0 1.0 1.0 1.0 1.0 1.0 1.0 1.0 1.0 1.0 1.0 1.0 1.0 1.0 1.0 1.0 1.0 1.0 1.0 1.0 1.0 1.0 1.0 1.0 1.0 1.0 1.0 1.0 1.0 1.0 1.0 1.0 1.0 1.0 1.0 1.0 1.0 1.0 1.0 1.0 1.0 1.0 1.0 1.0 1.0 1.0 1.0 1.0 1.0 1.0 1.0 1.0 1.0 1.0 1.0 1.0 1.0 1.0 1.0 1.0 1.0 1.0 1.0 1.0 1.0 1.0 1.0 1.0 1.0 1.0 1.0 1.0 1.0 1.0 1.0 1.0 1.0 1.0 1.0 1.0 1.0 1.0 1.0 1.0 1.0 1.0 1.0 1.0 1.0 1.0 0.0 1.0 1.0 1.0 1.0 1.0 1.0 1.0 1.0 1.0 1.0 1.0 
1.0 1.0 1.0 1.0 1.0 1.0 1.0 1.0 1.0 1.0 1.0 1.0 1.0 1.0 1.0 1.0 1.0 1.0 1.0 1.0 1.0 1.0 1.0 1.0 1.0 1.0 1.0 1.0 1.0 1.0 1.0 1.0 1.0 1.0 1.0 1.0 1.0 1.0 1.0 1.0 1.0 1.0 1.0 1.0 1.0 1.0 1.0 1.0 1.0 1.0 1.0 1.0 1.0 1.0 1.0 1.0 1.0 1.0 1.0 1.0 1.0 1.0 1.0 1.0 1.0 1.0 1.0 1.0 1.0 1.0 1.0 1.0 1.0 1.0 1.0 1.0 1.0 1.0 1.0 1.0 1.0 1.0 1.0 1.0 1.0 1.0 1.0 1.0 1.0 1.0 1.0 1.0 1.0 1.0 1.0 1.0 1.0 1.0 1.0 1.0 1.0 1.0 1.0 1.0 1.0 1.0 1.0 1.0 1.0 1.0 1.0 1.0 1.0 1.0 1.0 1.0 1.0 0.0 1.0 1.0 1.0 1.0 1.0 1.0 1.0 1.0 1.0 1.0 
1.0 1.0 1.0 1.0 1.0 1.0 1.0 1.0 1.0 1.0 1.0 1.0 1.0 1.0 1.0 1.0 1.0 1.0 1.0 1.0 1.0 1.0 1.0 1.0 1.0 1.0 1.0 1.0 1.0 1.0 1.0 1.0 1.0 1.0 1.0 1.0 1.0 1.0 1.0 1.0 1.0 1.0 1.0 1.0 1.0 1.0 1.0 1.0 1.0 1.0 1.0 1.0 1.0 1.0 1.0 1.0 1.0 1.0 1.0 1.0 1.0 1.0 1.0 1.0 1.0 1.0 1.0 1.0 1.0 1.0 1.0 1.0 1.0 1.0 1.0 1.0 1.0 1.0 1.0 1.0 1.0 1.0 1.0 1.0 1.0 1.0 1.0 1.0 1.0 1.0 1.0 1.0 1.0 1.0 1.0 1.0 1.0 1.0 1.0 1.0 1.0 1.0 1.0 1.0 1.0 1.0 1.0 1.0 1.0 1.0 1.0 1.0 1.0 1.0 1.0 1.0 1.0 1.0 0.0 1.0 1.0 1.0 1.0 1.0 1.0 1.0 1.0 1.0 
1.0 1.0 1.0 1.0 1.0 1.0 1.0 1.0 1.0 1.0 1.0 1.0 1.0 1.0 1.0 1.0 1.0 1.0 1.0 1.0 1.0 1.0 1.0 1.0 1.0 1.0 1.0 1.0 1.0 1.0 1.0 1.0 1.0 1.0 1.0 1.0 1.0 1.0 1.0 1.0 1.0 1.0 1.0 1.0 1.0 1.0 1.0 1.0 1.0 1.0 1.0 1.0 1.0 1.0 1.0 1.0 1.0 1.0 1.0 1.0 1.0 1.0 1.0 1.0 1.0 1.0 1.0 1.0 1.0 1.0 1.0 1.0 1.0 1.0 1.0 1.0 1.0 1.0 1.0 1.0 1.0 1.0 1.0 1.0 1.0 1.0 1.0 1.0 1.0 1.0 1.0 1.0 1.0 1.0 1.0 1.0 1.0 1.0 1.0 1.0 1.0 1.0 1.0 1.0 1.0 1.0 1.0 1.0 1.0 1.0 1.0 1.0 1.0 1.0 1.0 1.0 1.0 1.0 1.0 0.0 1.0 1.0 1.0 1.0 1.0 1.0 1.0 1.0 
1.0 1.0 1.0 1.0 1.0 1.0 1.0 1.0 1.0 1.0 1.0 1.0 1.0 1.0 1.0 1.0 1.0 1.0 1.0 1.0 1.0 1.0 1.0 1.0 1.0 1.0 1.0 1.0 1.0 1.0 1.0 1.0 1.0 1.0 1.0 1.0 1.0 1.0 1.0 1.0 1.0 1.0 1.0 1.0 1.0 1.0 1.0 1.0 1.0 1.0 1.0 1.0 1.0 1.0 1.0 1.0 1.0 1.0 1.0 1.0 1.0 1.0 1.0 1.0 1.0 1.0 1.0 1.0 1.0 1.0 1.0 1.0 1.0 1.0 1.0 1.0 1.0 1.0 1.0 1.0 1.0 1.0 1.0 1.0 1.0 1.0 1.0 1.0 1.0 1.0 1.0 1.0 1.0 1.0 1.0 1.0 1.0 1.0 1.0 1.0 1.0 1.0 1.0 1.0 1.0 1.0 1.0 1.0 1.0 1.0 1.0 1.0 1.0 1.0 1.0 1.0 1.0 1.0 1.0 1.0 0.0 1.0 1.0 1.0 1.0 1.0 1.0 1.0 
1.0 1.0 1.0 1.0 1.0 1.0 1.0 1.0 1.0 1.0 1.0 1.0 1.0 1.0 1.0 1.0 1.0 1.0 1.0 1.0 1.0 1.0 1.0 1.0 1.0 1.0 1.0 1.0 1.0 1.0 1.0 1.0 1.0 1.0 1.0 1.0 1.0 1.0 1.0 1.0 1.0 1.0 1.0 1.0 1.0 1.0 1.0 1.0 1.0 1.0 1.0 1.0 1.0 1.0 1.0 1.0 1.0 1.0 1.0 1.0 1.0 1.0 1.0 1.0 1.0 1.0 1.0 1.0 1.0 1.0 1.0 1.0 1.0 1.0 1.0 1.0 1.0 1.0 1.0 1.0 1.0 1.0 1.0 1.0 1.0 1.0 1.0 1.0 1.0 1.0 1.0 1.0 1.0 1.0 1.0 1.0 1.0 1.0 1.0 1.0 1.0 1.0 1.0 1.0 1.0 1.0 1.0 1.0 1.0 1.0 1.0 1.0 1.0 1.0 1.0 1.0 1.0 1.0 1.0 1.0 1.0 0.0 1.0 1.0 1.0 1.0 1.0 1.0 
1.0 1.0 1.0 1.0 1.0 1.0 1.0 1.0 1.0 1.0 1.0 1.0 1.0 1.0 1.0 1.0 1.0 1.0 1.0 1.0 1.0 1.0 1.0 1.0 1.0 1.0 1.0 1.0 1.0 1.0 1.0 1.0 1.0 1.0 1.0 1.0 1.0 1.0 1.0 1.0 1.0 1.0 1.0 1.0 1.0 1.0 1.0 1.0 1.0 1.0 1.0 1.0 1.0 1.0 1.0 1.0 1.0 1.0 1.0 1.0 1.0 1.0 1.0 1.0 1.0 1.0 1.0 1.0 1.0 1.0 1.0 1.0 1.0 1.0 1.0 1.0 1.0 1.0 1.0 1.0 1.0 1.0 1.0 1.0 1.0 1.0 1.0 1.0 1.0 1.0 1.0 1.0 1.0 1.0 1.0 1.0 1.0 1.0 1.0 1.0 1.0 1.0 1.0 1.0 1.0 1.0 1.0 1.0 1.0 1.0 1.0 1.0 1.0 1.0 1.0 1.0 1.0 1.0 1.0 1.0 1.0 1.0 0.0 1.0 1.0 1.0 1.0 1.0 
1.0 1.0 1.0 1.0 1.0 1.0 1.0 1.0 1.0 1.0 1.0 1.0 1.0 1.0 1.0 1.0 1.0 1.0 1.0 1.0 1.0 1.0 1.0 1.0 1.0 1.0 1.0 1.0 1.0 1.0 1.0 1.0 1.0 1.0 1.0 1.0 1.0 1.0 1.0 1.0 1.0 1.0 1.0 1.0 1.0 1.0 1.0 1.0 1.0 1.0 1.0 1.0 1.0 1.0 1.0 1.0 1.0 1.0 1.0 1.0 1.0 1.0 1.0 1.0 1.0 1.0 1.0 1.0 1.0 1.0 1.0 1.0 1.0 1.0 1.0 1.0 1.0 1.0 1.0 1.0 1.0 1.0 1.0 1.0 1.0 1.0 1.0 1.0 1.0 1.0 1.0 1.0 1.0 1.0 1.0 1.0 1.0 1.0 1.0 1.0 1.0 1.0 1.0 1.0 1.0 1.0 1.0 1.0 1.0 1.0 1.0 1.0 1.0 1.0 1.0 1.0 1.0 1.0 1.0 1.0 1.0 1.0 1.0 0.0 1.0 1.0 1.0 1.0 
1.0 1.0 1.0 1.0 1.0 1.0 1.0 1.0 1.0 1.0 1.0 1.0 1.0 1.0 1.0 1.0 1.0 1.0 1.0 1.0 1.0 1.0 1.0 1.0 1.0 1.0 1.0 1.0 1.0 1.0 1.0 1.0 1.0 1.0 1.0 1.0 1.0 1.0 1.0 1.0 1.0 1.0 1.0 1.0 1.0 1.0 1.0 1.0 1.0 1.0 1.0 1.0 1.0 1.0 1.0 1.0 1.0 1.0 1.0 1.0 1.0 1.0 1.0 1.0 1.0 1.0 1.0 1.0 1.0 1.0 1.0 1.0 1.0 1.0 1.0 1.0 1.0 1.0 1.0 1.0 1.0 1.0 1.0 1.0 1.0 1.0 1.0 1.0 1.0 1.0 1.0 1.0 1.0 1.0 1.0 1.0 1.0 1.0 1.0 1.0 1.0 1.0 1.0 1.0 1.0 1.0 1.0 1.0 1.0 1.0 1.0 1.0 1.0 1.0 1.0 1.0 1.0 1.0 1.0 1.0 1.0 1.0 1.0 1.0 0.0 1.0 1.0 1.0 
1.0 1.0 1.0 1.0 1.0 1.0 1.0 1.0 1.0 1.0 1.0 1.0 1.0 1.0 1.0 1.0 1.0 1.0 1.0 1.0 1.0 1.0 1.0 1.0 1.0 1.0 1.0 1.0 1.0 1.0 1.0 1.0 1.0 1.0 1.0 1.0 1.0 1.0 1.0 1.0 1.0 1.0 1.0 1.0 1.0 1.0 1.0 1.0 1.0 1.0 1.0 1.0 1.0 1.0 1.0 1.0 1.0 1.0 1.0 1.0 1.0 1.0 1.0 1.0 1.0 1.0 1.0 1.0 1.0 1.0 1.0 1.0 1.0 1.0 1.0 1.0 1.0 1.0 1.0 1.0 1.0 1.0 1.0 1.0 1.0 1.0 1.0 1.0 1.0 1.0 1.0 1.0 1.0 1.0 1.0 1.0 1.0 1.0 1.0 1.0 1.0 1.0 1.0 1.0 1.0 1.0 1.0 1.0 1.0 1.0 1.0 1.0 1.0 1.0 1.0 1.0 1.0 1.0 1.0 1.0 1.0 1.0 1.0 1.0 1.0 0.0 1.0 1.0 
1.0 1.0 1.0 1.0 1.0 1.0 1.0 1.0 1.0 1.0 1.0 1.0 1.0 1.0 1.0 1.0 1.0 1.0 1.0 1.0 1.0 1.0 1.0 1.0 1.0 1.0 1.0 1.0 1.0 1.0 1.0 1.0 1.0 1.0 1.0 1.0 1.0 1.0 1.0 1.0 1.0 1.0 1.0 1.0 1.0 1.0 1.0 1.0 1.0 1.0 1.0 1.0 1.0 1.0 1.0 1.0 1.0 1.0 1.0 1.0 1.0 1.0 1.0 1.0 1.0 1.0 1.0 1.0 1.0 1.0 1.0 1.0 1.0 1.0 1.0 1.0 1.0 1.0 1.0 1.0 1.0 1.0 1.0 1.0 1.0 1.0 1.0 1.0 1.0 1.0 1.0 1.0 1.0 1.0 1.0 1.0 1.0 1.0 1.0 1.0 1.0 1.0 1.0 1.0 1.0 1.0 1.0 1.0 1.0 1.0 1.0 1.0 1.0 1.0 1.0 1.0 1.0 1.0 1.0 1.0 1.0 1.0 1.0 1.0 1.0 1.0 0.0 1.0 
1.0 1.0 1.0 1.0 1.0 1.0 1.0 1.0 1.0 1.0 1.0 1.0 1.0 1.0 1.0 1.0 1.0 1.0 1.0 1.0 1.0 1.0 1.0 1.0 1.0 1.0 1.0 1.0 1.0 1.0 1.0 1.0 1.0 1.0 1.0 1.0 1.0 1.0 1.0 1.0 1.0 1.0 1.0 1.0 1.0 1.0 1.0 1.0 1.0 1.0 1.0 1.0 1.0 1.0 1.0 1.0 1.0 1.0 1.0 1.0 1.0 1.0 1.0 1.0 1.0 1.0 1.0 1.0 1.0 1.0 1.0 1.0 1.0 1.0 1.0 1.0 1.0 1.0 1.0 1.0 1.0 1.0 1.0 1.0 1.0 1.0 1.0 1.0 1.0 1.0 1.0 1.0 1.0 1.0 1.0 1.0 1.0 1.0 1.0 1.0 1.0 1.0 1.0 1.0 1.0 1.0 1.0 1.0 1.0 1.0 1.0 1.0 1.0 1.0 1.0 1.0 1.0 1.0 1.0 1.0 1.0 1.0 1.0 1.0 1.0 1.0 1.0 0.0 