128
22 50 86 32 80 64 10 70 52 51 66 22 27 35 83 26 45 10 2 61 68 17 75 60 32 86 70 2 3 8 34 20 13 23 23 10 36 83 82 81 50 38 58 38 91 49 55 69 93 52 41 77 72 79 59 88 69 79 57 98 26 65 47 65 46 84 96 92 55 8 51 16 70 87 91 34 21 88 19 82 99 61 52 69 45 72 15 81 41 74 82 6 1 19 93 100 11 89 46 15 53 29 67 35 81 47 85 36 57 19 81 22 27 32 7 20 94 33 52 28 81 25 77 69 42 3 5 44 
66 6 35 1 35 73 70 61 39 89 30 66 20 56 3 92 50 20 1 61 59 16 62 98 46 53 92 70 40 17 96 59 55 3 13 3 47 1 99 50 60 33 43 9 60 62 79 57 99 56 12 9 76 50 73 92 37 66 23 55 48 49 71 69 72 42 28 16 91 14 31 22 76 24 34 15 22 80 39 98 94 99 87 38 81 64 98 73 9 98 62 98 35 82 64 57 1 93 58 90 3 65 53 90 66 15 92 71 83 20 85 79 73 35 10 11 73 22 87 6 93 58 80 75 44 46 19 53 
41 18 36 58 29 57 92 50 19 93 23 13 63 42 56 55 18 92 96 100 59 35 66 11 6 67 3 77 15 32 51 37 6 41 13 85 78 44 19 92 76 24 17 56 38 35 84 4 98 73 97 4 92 53 19 12 99 10 76 34 71 30 84 42 100 100 53 99 86 64 29 54 22 40 72 90 2 63 55 9 72 97 97 72 65 66 17 44 44 82 24 34 17 84 98 50 44 20 73 82 84 80 58 97 10 11 48 39 46 86 91 62 44 81 83 42 45 25 16 69 40 23 73 70 14 57 2 38 
57 74 25 47 72 84 57 53 52 30 87 33 87 7 80 90 24 54 72 26 62 70 27 13 92 47 98 28 24 90 83 72 88 66 87 47 62 51 81 87 17 75 5 31 40 83 76 26 69 44 81 89 52 75 62 17 3 48 45 23 23 17 98 62 84 97 54 50 72 35 97 58 35 7 70 31 97 1 22 73 75 64 53 90 79 23 29 40 50 71 82 99 72 22 89 18 79 59 3 22 45 29 72 81 95 16 32 9 8 49 56 61 42 7 52 6 34 19 68 9 48 87 83 55 45 38 58 81 
59 62 45 2 86 84 94 81 69 67 46 19 28 26 32 70 58 31 100 31 75 49 6 96 65 72 77 83 95 74 90 49 9 70 72 67 55 10 82 6 85 76 92 98 5 43 79 39 66 82 10 8 6 9 17 57 52 3 69 20 22 30 96 38 80 87 8 92 80 20 18 45 64 29 40 36 42 3 74 27 42 40 97 23 9 36 64 28 76 26 96 31 54 55 4 37 7 28 6 35 47 3 18 11 40 32 60 82 94 67 30 13 92 33 82 3 56 13 37 75 12 21 8 91 36 95 50 72 
21 47 79 45 16 38 7 50 63 47 11 71 30 90 95 10 28 18 33 38 51 70 94 12 54 38 5 21 67 33 44 11 37 95 45 31 51 49 21 98 29 72 28 76 70 42 36 55 64 59 36 29 72 12 36 100 64 8 78 68 50 5 89 62 23 29 15 35 49 59 53 41 5 63 97 90 67 82 67 57 8 21 1 56 18 17 84 97 6 35 15 10 65 70 80 76 8 100 99 10 14 72 44 32 60 73 40 50 10 49 77 14 58 89 83 91 22 54 33 17 56 15 30 60 4 76 7 70 
45 23 37 51 29 98 65 98 25 87 24 71 35 76 15 30 12 85 35 89 19 66 18 89 7 48 42 38 85 4 60 36 50 48 56 87 70 8 18 4 53 86 72 29 18 34 16 52 100 40 53 8 75 85 53 74 38 6 37 9 30 28 97 22 99 55 35 82 75 40 56 70 35 28 97 1 76 81 63 4 74 74 74 9 45 27 11 38 29 86 19 32 36 68 38 90 8 89 95 58 86 56 16 72 82 95 9 82 3 11 70 25 93 91 71 96 58 85 48 19 61 63 21 96 63 34 24 17 
74 46 75 79 48 52 74 96 7 82 62 84 51 55 71 20 30 31 38 23 46 96 13 32 32 53 26 71 35 65 94 22 37 40 43 12 24 56 41 47 83 71 18 84 11 15 30 7 18 31 93 11 66 76 32 40 11 57 58 52 27 42 59 60 5 52 71 100 22 76 100 67 17 14 61 47 29 37 49 83 36 16 39 98 93 81 64 3 55 47 38 40 52 43 49 78 92 25 89 18 23 64 96 7 41 39 8 35 69 63 98 20 79 56 11 81 69 69 53 95 92 80 50 56 35 34 5 41 
52 56 47 59 35 5 86 5 17 49 72 82 25 7 100 40 84 4 37 58 99 4 26 18 32 34 29 46 82 86 9 12 100 29 64 85 83 13 52 87 11 14 40 78 51 1 45 40 5 99 48 32 4 93 85 99 78 98 72 52 61 69 52 43 64 63 8 14 95 33 93 49 46 16 50 40 85 35 78 80 36 36 74 36 57 71 95 43 35 87 99 98 75 50 40 53 58 44 81 85 27 28 76 81 74 96 4 31 89 43 70 39 19 30 1 94 44 69 14 7 95 40 93 50 56 14 86 23 
97 86 57 19 38 71 80 4 22 60 98 19 81 66 50 87 75 12 52 24 27 69 4 46 1 85 91 66 12 69 92 95 16 11 70 5 87 37 52 16 75 23 11 9 26 23 80 50 27 35 44 61 53 5 14 53 46 97 70 15 93 93 31 10 67 50 57 97 79 36 1 79 17 79 98 56 28 62 16 27 80 79 17 56 37 5 11 93 17 6 90 89 57 45 77 11 8 58 58 95 41 77 20 91 34 83 3 24 88 17 12 2 76 59 77 91 80 6 53 82 48 99 18 47 49 67 69 1 
89 55 24 6 97 51 29 40 61 47 29 12 80 73 99 6 40 88 58 72 25 22 43 75 87 54 14 6 21 31 58 40 54 100 62 74 21 69 15 91 89 35 98 61 2 95 34 74 48 72 99 43 68 21 59 83 40 100 77 32 71 77 37 96 30 29 49 5 34 55 92 58 52 80 44 47 81 45 80 44 96 54 9 60 34 23 66 21 37 43 62 82 37 56 46 94 7 15 80 62 9 34 41 60 36 81 5 1 48 68 38 79 39 7 2 3 1 70 93 83 71 12 90 62 22 57 34 71 
100 10 83 44 7 22 53 99 96 85 37 43 51 85 24 64 65 17 87 75 68 90 87 4 97 62 5 98 87 67 15 77 54 81 73 4 6 31 57 48 38 98 54 27 55 91 30 58 13 62 73 61 55 49 58 19 41 1 10 55 18 4 98 62 3 66 94 28 78 60 30 76 65 65 72 18 14 34 52 27 68 60 58 99 27 73 84 82 9 28 36 34 6 80 69 49 94 57 49 68 89 51 65 29 5 38 87 48 27 52 31 81 58 10 71 41 61 88 2 72 36 49 73 78 82 49 15 28 
53 100 35 96 79 25 15 15 67 87 22 99 16 12 97 62 40 46 48 96 32 93 93 58 96 14 22 11 2 75 67 31 39 83 78 42 82 77 25 24 43 96 85 46 41 62 39 76 80 39 35 27 79 67 89 39 61 16 36 41 48 73 10 9 96 85 28 76 72 39 97 86 9 59 29 80 72 96 85 57 37 11 96 98 36 24 91 76 99 89 96 39 100 66 45 30 72 26 78 35 31 82 42 26 2 28 85 68 71 16 12 85 39 80 40 37 88 89 78 14 20 57 54 94 64 23 95 33 
33 87 66 70 85 51 85 72 72 85 14 81 46 68 91 58 15 72 4 48 51 82 45 11 74 75 94 80 27 37 42 4 1 22 91 63 2 20 71 78 66 28 69 91 53 48 81 4 78 37 44 45 34 80 89 10 40 22 49 35 14 41 28 70 79 18 92 13 87 60 91 63 39 87 76 86 6 37 4 57 36 49 70 97 36 54 63 36 28 33 66 4 25 6 76 16 85 52 4 60 18 50 81 100 49 33 26 72 42 65 71 56 90 27 100 86 32 37 95 100 21 85 86 33 19 68 20 46 
88 76 28 16 26 95 59 50 66 97 3 73 93 2 26 5 13 41 53 86 25 37 64 72 56 67 81 7 26 1 13 14 2 97 81 83 66 100 39 40 90 73 98 40 97 49 43 94 6 92 83 48 93 40 14 64 35 5 58 18 100 61 48 53 57 50 34 48 89 43 29 82 27 86 29 26 55 58 64 100 60 46 26 26 80 3 21 84 74 97 98 61 79 69 26 26 89 16 25 21 31 23 15 6 33 42 68 20 25 46 65 1 82 36 65 31 8 97 58 69 43 98 60 33 16 38 29 13 
54 52 52 69 43 86 9 62 5 88 56 3 51 39 88 56 81 22 99 48 50 12 31 14 59 63 40 56 53 88 50 76 3 65 4 69 70 71 88 18 23 61 18 44 68 38 48 61 42 77 75 38 62 16 23 32 5 28 44 70 75 10 59 54 96 1 68 94 81 5 38 85 4 3 89 49 100 48 57 81 68 68 65 52 75 20 63 56 94 90 89 61 33 52 20 60 65 100 25 4 97 61 10 87 19 34 27 62 72 6 71 86 78 33 33 52 60 28 66 9 80 99 21 59 36 87 65 35 
91 66 3 40 6 94 32 68 21 86 95 40 23 83 50 30 88 39 46 46 82 82 81 9 93 37 73 7 74 79 86 92 96 19 37 80 49 53 78 70 65 55 51 91 22 25 75 100 30 57 3 57 33 78 14 24 40 59 33 73 56 49 7 83 43 12 44 100 1 71 86 33 92 64 31 29 35 16 83 48 99 80 14 11 77 57 13 39 98 21 58 15 60 7 50 96 30 55 39 97 49 90 78 10 4 61 21 96 36 47 16 16 35 40 72 75 46 94 92 9 30 78 29 10 97 57 58 3 
71 32 11 16 74 25 16 9 57 69 82 25 38 27 56 48 18 34 86 93 97 33 42 59 57 12 100 46 96 40 90 78 25 39 17 23 62 82 48 11 45 48 99 7 55 70 78 96 21 37 10 12 100 88 94 10 8 99 90 69 80 86 37 49 3 51 86 65 34 89 44 47 51 58 4 13 31 1 34 81 18 35 32 32 15 79 94 48 26 89 7 64 53 7 4 35 4 65 53 28 100 49 60 82 99 55 64 91 51 31 22 59 56 6 52 12 96 38 12 35 53 28 63 38 28 69 19 3 
94 32 28 25 50 58 90 47 58 66 31 61 57 57 80 28 34 93 85 72 2 90 49 62 43 67 54 39 33 97 8 2 50 72 88 70 12 27 64 15 74 22 55 90 42 52 11 61 11 74 2 57 91 87 86 38 9 18 21 90 15 10 35 90 35 45 26 87 81 83 37 22 61 15 26 17 26 57 88 13 45 70 53 99 43 66 22 81 36 90 58 94 41 82 3 94 12 68 39 53 18 96 30 80 21 58 80 61 6 18 36 74 4 42 13 56 38 6 17 92 76 51 82 85 43 48 97 78 
73 29 18 88 91 53 72 62 89 15 87 32 22 81 30 76 12 98 54 12 28 61 39 79 10 27 99 69 22 29 29 99 2 8 71 89 87 10 75 49 63 7 72 96 79 62 39 86 9 77 76 67 52 57 28 58 24 12 4 2 35 68 54 37 80 28 26 76 54 81 83 72 75 6 27 49 29 65 80 9 68 65 82 79 95 69 99 49 62 67 91 35 26 22 12 20 86 51 60 63 34 13 20 93 7 73 100 10 78 38 36 67 8 75 26 77 57 1 18 6 16 91 34 89 6 38 73 86 
3 24 12 16 57 55 74 76 85 20 17 9 47 71 25 86 84 34 61 68 48 47 26 82 56 2 22 69 100 13 67 64 47 50 65 53 30 86 22 8 61 80 51 78 11 98 37 33 51 24 48 1 99 82 84 12 82 76 20 26 51 64 51 57 87 4 27 30 8 88 12 62 75 56 56 43 74 63 25 3 47 45 100 70 10 10 84 91 45 42 11 78 86 94 43 55 28 15 71 35 5 89 76 13 99 79 66 39 18 22 33 7 39 21 14 44 8 44 18 98 59 99 58 50 37 2 29 4 
41 19 41 90 10 18 92 37 42 100 40 35 6 77 20 48 82 61 38 46 12 6 73 76 26 10 42 78 86 39 39 56 82 62 21 6 68 84 80 11 29 16 21 35 78 15 65 95 51 88 98 50 89 6 72 87 46 69 100 67 72 63 21 49 96 74 33 61 29 38 81 74 12 53 53 30 77 5 10 78 15 46 64 85 22 80 23 86 30 51 10 31 25 47 2 99 56 49 88 20 11 56 28 75 9 71 48 23 5 67 64 52 48 20 18 58 13 55 94 21 31 100 67 4 92 100 47 65 
54 38 92 82 88 91 55 79 40 81 16 64 27 59 29 68 39 37 33 41 93 36 77 84 92 94 74 30 94 20 80 47 91 37 100 52 41 78 48 1 78 3 17 65 70 6 37 41 95 91 18 42 78 39 65 70 27 76 46 76 5 34 60 1 66 26 30 77 100 44 97 6 19 1 92 74 31 61 28 46 35 23 4 69 50 92 6 14 61 11 6 85 22 100 65 56 26 36 95 51 68 56 28 27 72 85 94 85 53 76 83 71 87 84 18 62 37 46 89 10 29 43 52 1 69 50 48 85 
70 4 29 50 76 52 29 55 99 10 40 59 31 60 40 26 32 95 94 55 27 51 67 20 85 73 84 49 55 42 54 34 50 76 100 42 56 33 51 62 25 19 72 7 20 84 2 62 49 86 83 97 23 61 31 80 43 62 67 93 3 60 49 13 36 39 69 76 85 85 69 93 82 42 1 57 56 98 17 15 6 82 87 23 22 70 86 17 56 22 44 2 21 28 36 41 88 16 73 76 48 80 39 85 58 30 43 6 61 76 69 21 17 51 23 63 61 13 3 3 30 14 95 44 45 49 63 47 
40 63 39 40 78 13 86 51 10 79 86 78 16 41 5 95 94 1 4 60 97 95 96 83 57 32 4 66 5 8 9 87 5 59 35 99 64 29 41 88 43 10 42 68 58 91 44 93 34 82 13 18 72 86 96 91 94 38 68 93 25 30 57 84 77 54 15 49 73 93 66 41 97 81 90 88 72 77 76 53 41 20 91 100 65 33 66 45 63 24 14 38 63 52 12 41 45 92 85 79 11 26 62 27 40 6 2 93 71 94 68 61 47 56 87 20 83 42 60 79 73 10 88 2 60 79 4 21 
20 74 54 96 29 26 63 35 80 84 99 29 68 90 40 61 72 73 64 4 6 94 55 77 88 69 54 32 11 3 45 70 57 83 60 36 39 89 30 35 27 25 12 47 78 45 67 6 3 35 57 77 12 10 97 57 85 55 39 40 18 11 45 67 29 69 46 89 84 18 85 18 29 60 4 1 33 24 25 59 11 89 36 76 68 93 8 44 83 87 9 8 57 46 95 51 31 33 87 32 90 29 60 40 76 99 51 35 35 78 99 59 50 84 87 81 61 63 46 10 36 22 76 41 30 21 36 28 
21 37 1 80 20 57 51 53 50 17 27 82 73 1 53 20 95 85 89 91 27 71 73 47 14 69 25 91 38 41 79 82 82 9 65 33 59 45 84 49 69 10 81 32 47 82 65 24 75 88 38 12 94 87 84 88 52 90 16 82 31 60 2 96 24 94 13 59 11 89 94 19 71 33 44 5 42 81 8 79 92 1 84 87 96 28 27 11 16 19 87 84 37 9 56 85 18 94 79 93 89 41 84 6 89 7 21 98 31 27 68 95 20 38 97 27 86 26 91 75 24 46 58 36 26 84 7 21 
90 38 25 97 70 50 98 3 32 57 12 50 3 32 61 17 35 63 19 56 39 39 99 53 60 2 83 93 63 77 64 68 88 68 39 31 23 12 58 5 20 8 21 84 72 95 31 10 14 6 68 48 77 49 51 25 43 16 99 17 41 98 98 44 4 11 74 6 48 3 98 82 28 83 1 3 71 50 29 87 27 31 80 12 6 37 54 14 32 66 75 67 78 91 90 72 34 89 57 20 80 22 64 20 63 82 21 44 75 26 64 47 56 100 62 81 75 50 44 79 74 92 55 47 96 100 100 81 
57 34 13 64 95 47 76 49 45 100 27 73 60 84 59 64 41 64 69 34 79 69 77 31 7 85 55 69 70 37 69 39 16 14 45 7 59 6 57 9 14 60 15 80 93 50 24 76 54 57 48 27 25 1 31 63 11 20 52 61 13 33 68 64 33 17 14 23 87 87 62 76 35 50 97 47 44 21 77 56 52 28 39 53 7 80 8 36 60 9 6 19 25 30 60 5 95 43 82 22 46 91 54 86 24 43 42 46 98 77 37 10 13 1 21 29 39 51 84 30 82 54 21 88 74 70 88 95 
58 25 89 75 23 84 38 58 81 83 16 39 73 82 74 99 85 32 6 27 66 61 40 28 52 35 59 62 73 67 65 25 59 99 69 32 63 55 83 48 74 33 68 58 87 47 50 91 45 19 90 71 73 28 10 79 82 4 64 68 71 67 47 51 60 35 33 28 28 48 5 40 80 41 95 62 88 34 69 83 28 21 40 29 95 97 74 44 70 25 65 79 66 37 56 14 83 97 95 32 72 21 27 8 75 32 38 61 10 36 55 54 12 24 87 27 87 13 97 58 62 73 30 88 43 62 86 42 
80 16 55 93 73 30 7 67 46 81 8 7 53 68 75 27 40 38 12 30 42 74 22 52 65 3 25 58 93 24 13 30 34 10 66 25 64 32 96 97 83 87 6 87 8 65 45 75 33 88 71 31 1 50 69 42 11 10 94 81 20 89 58 71 29 10 51 76 18 32 84 79 45 22 46 52 24 57 62 38 22 55 47 82 17 34 36 42 60 68 55 74 73 16 16 17 75 56 16 2 95 15 17 59 83 8 100 98 50 64 92 63 77 57 27 45 14 52 28 27 45 17 55 47 33 81 89 4 
46 75 59 74 90 100 70 39 88 89 42 86 99 10 78 29 80 52 29 22 20 64 50 46 98 53 93 26 67 25 77 58 41 68 57 2 76 99 46 9 4 42 16 3 3 69 76 10 61 55 4 23 65 14 84 45 73 31 9 86 33 24 74 68 61 10 32 90 28 31 27 81 80 26 35 55 73 100 85 99 51 55 50 46 50 91 18 32 87 68 24 90 47 37 89 17 60 52 52 14 80 65 20 82 61 95 67 54 55 81 50 46 6 82 42 22 65 29 21 81 42 3 13 96 6 79 18 46 
23 33 95 72 71 66 29 5 5 93 8 43 23 39 11 12 79 67 77 62 43 17 68 98 67 71 87 95 93 87 66 21 9 49 70 100 30 97 84 14 34 28 45 62 76 99 100 75 15 53 8 85 8 46 92 11 99 28 52 48 9 11 21 1 69 78 74 49 81 27 72 15 2 23 9 67 61 82 22 4 99 96 90 70 37 74 33 60 51 87 52 65 7 98 14 19 47 97 21 15 42 34 23 53 81 92 53 70 93 3 15 100 60 88 48 48 7 15 54 51 16 1 35 33 38 50 51 4 
52 43 97 5 38 24 11 91 34 13 9 67 13 39 94 98 90 86 89 94 98 60 49 1 58 88 94 96 95 11 1 35 29 48 27 16 38 33 19 36 44 84 9 91 72 23 57 10 19 76 20 49 49 5 3 4 44 39 96 49 79 89 55 9 22 46 51 43 41 13 65 73 73 15 47 77 55 35 18 40 69 25 77 75 66 83 80 61 31 9 66 91 86 55 53 77 88 93 9 70 69 25 29 49 56 23 2 73 77 47 81 76 90 33 8 71 80 74 64 97 20 62 50 88 14 57 70 90 
5 45 61 71 20 23 82 89 7 38 21 25 35 10 62 40 18 18 100 55 57 43 31 51 91 39 38 38 64 44 34 57 1 28 95 32 12 2 85 7 74 35 68 35 21 97 47 34 66 50 36 18 70 80 10 58 40 84 52 84 22 5 44 44 12 70 13 100 35 46 53 35 23 16 22 43 74 16 10 14 5 90 28 17 18 48 49 95 85 44 39 56 52 61 96 75 54 91 81 1 56 14 38 11 87 5 54 20 79 61 20 83 86 39 11 81 66 22 35 18 26 61 39 68 85 4 94 33 
25 49 3 45 70 57 42 88 56 24 50 89 35 30 22 16 39 69 52 38 94 47 22 46 58 50 7 81 95 22 63 22 77 8 63 66 31 62 99 63 71 68 54 53 11 24 34 69 75 10 20 57 27 100 24 37 99 44 39 12 57 39 68 13 99 87 80 40 70 21 60 4 50 91 82 58 78 71 51 8 4 80 38 6 44 14 3 92 2 80 33 66 10 9 47 69 50 76 8 1 91 13 22 64 81 69 49 39 46 52 58 99 59 79 75 68 5 31 71 90 20 62 89 56 33 47 47 23 
2 19 82 56 100 46 46 83 80 59 58 55 21 14 81 31 68 56 63 24 69 39 48 17 2 37 87 5 69 17 67 65 3 64 77 67 49 94 80 29 23 92 76 6 1 97 7 3 82 62 6 56 31 3 99 26 2 11 99 74 78 25 4 100 90 51 29 93 69 97 70 53 28 27 67 9 15 59 63 67 53 14 67 33 11 59 61 74 81 61 16 84 11 60 82 73 19 8 44 71 9 91 73 64 72 80 42 35 9 93 34 15 67 9 10 78 8 57 81 49 44 37 58 77 51 44 23 51 
42 73 6 73 26 62 52 11 91 55 38 6 21 99 64 24 43 30 26 59 54 51 61 4 90 19 33 24 29 24 35 91 49 76 96 28 24 25 2 49 14 27 73 74 62 26 14 64 9 37 36 22 99 60 73 4 20 26 5 21 91 26 56 57 46 5 69 31 67 69 6 86 56 77 80 33 82 36 60 22 69 76 99 15 77 62 1 6 69 30 10 7 23 89 51 51 35 2 88 86 96 45 58 3 89 81 5 91 63 35 58 1 24 29 5 57 18 90 59 3 92 14 50 68 60 50 7 16 
5 39 46 90 44 68 9 29 24 92 52 92 57 90 26 50 13 27 25 87 79 21 31 8 11 86 36 55 72 79 22 49 69 44 55 63 41 18 46 76 95 86 84 22 14 56 22 12 23 87 11 85 86 69 43 88 17 51 41 90 17 77 42 54 70 34 48 15 11 61 79 4 29 45 13 38 26 17 78 36 85 73 76 2 58 91 51 25 63 93 74 40 56 9 44 15 53 23 38 4 67 40 43 34 92 88 11 100 98 92 69 75 34 75 53 87 85 62 86 89 24 65 52 26 4 48 29 52 
4 81 8 70 30 71 66 90 81 9 20 43 15 61 4 65 53 99 62 80 38 36 97 66 98 50 24 18 60 82 92 25 91 49 2 61 47 86 71 86 28 88 88 24 79 55 86 71 75 93 97 80 93 22 13 52 7 57 31 88 44 3 15 45 8 39 1 52 35 62 77 2 66 40 2 55 76 55 12 9 73 77 88 65 77 7 34 55 55 20 73 62 71 7 65 22 30 60 4 87 78 21 92 34 19 82 18 73 68 11 84 89 71 43 8 57 49 39 26 84 21 17 96 20 64 34 15 45 
64 92 78 55 58 34 19 58 62 36 33 78 69 16 9 32 22 39 90 86 56 66 20 66 86 53 24 18 32 68 82 49 85 76 37 15 62 41 4 40 90 83 57 30 77 40 30 78 69 36 35 13 59 5 95 84 40 9 15 69 2 99 75 34 55 16 14 32 86 59 75 42 27 94 62 41 60 99 31 20 90 26 68 57 48 3 42 92 79 49 81 7 10 97 62 53 56 85 33 95 36 2 95 46 36 50 41 27 43 28 54 37 83 27 55 16 23 42 79 18 63 56 40 55 15 98 48 37 
86 55 35 70 62 50 78 42 22 24 8 87 50 4 31 7 40 52 6 51 2 22 20 38 36 80 9 84 27 4 49 2 61 40 28 14 32 37 61 50 93 68 38 61 78 89 6 10 10 65 71 97 13 15 81 65 22 16 46 7 73 1 94 56 5 38 82 44 20 50 47 95 18 92 100 99 79 63 21 15 1 88 10 50 32 65 47 64 5 60 46 85 98 40 96 41 74 49 96 8 39 55 2 78 85 34 94 88 35 10 73 30 16 74 83 70 65 54 30 44 30 68 21 49 50 39 55 5 
96 32 25 62 15 70 58 68 22 42 94 46 24 22 23 100 48 68 26 11 59 20 10 47 61 5 40 74 38 62 37 74 75 8 8 86 68 11 31 33 61 60 92 83 12 61 58 17 24 76 95 72 50 69 51 95 47 68 39 77 56 17 14 55 47 97 70 88 29 68 13 93 39 87 100 17 18 56 57 8 61 51 93 44 18 24 80 94 43 96 80 91 58 88 53 11 38 74 46 34 26 33 13 47 73 87 34 32 15 24 3 24 88 70 9 54 65 7 13 70 43 73 16 74 9 62 46 97 
71 78 45 58 60 93 67 87 23 55 42 18 55 43 23 37 56 55 92 23 51 20 7 28 7 45 40 62 58 98 83 37 38 18 43 84 33 92 75 48 5 78 30 28 16 89 41 17 2 50 22 71 84 56 78 29 32 17 21 71 85 99 34 35 82 60 6 38 50 96 32 97 65 81 77 32 4 90 34 36 68 8 25 21 96 11 9 32 84 3 63 67 5 37 84 64 55 5 11 93 36 38 16 64 57 3 83 2 61 65 56 48 27 14 78 46 18 1 11 78 18 70 34 11 19 4 67 67 
16 28 51 1 54 63 30 37 58 51 64 71 72 57 39 93 31 53 78 35 93 18 86 57 65 54 55 17 15 39 96 31 88 59 72 18 57 92 38 3 17 8 82 21 27 21 78 82 99 19 4 42 12 20 61 56 12 70 99 16 60 72 11 35 55 44 2 28 26 39 68 46 6 23 20 15 41 78 11 67 34 59 47 94 24 44 56 10 45 34 73 48 78 56 5 99 70 25 28 60 23 70 55 3 12 74 49 26 59 34 72 73 36 54 53 14 61 98 92 15 38 6 51 32 8 98 49 21 
82 28 70 17 64 86 39 59 49 87 4 93 18 46 23 72 32 63 66 18 67 91 94 69 26 40 17 77 28 59 76 89 89 55 50 58 36 43 16 37 78 49 32 30 100 62 13 39 89 4 27 91 21 17 41 18 41 91 12 18 58 89 90 36 2 30 75 32 26 54 92 24 18 91 65 15 73 66 91 68 3 62 24 3 59 23 36 90 97 40 37 11 63 87 3 87 81 64 47 38 31 61 62 63 53 6 84 82 68 61 3 11 75 67 79 99 70 52 34 88 5 26 47 53 18 53 51 17 
7 48 57 70 35 50 73 53 61 93 50 18 9 57 60 89 32 21 68 29 64 62 64 26 4 1 24 69 61 10 95 69 47 55 78 48 80 8 85 81 98 71 64 17 17 34 99 87 8 71 3 94 26 25 12 47 38 96 61 61 36 34 64 53 93 90 49 90 13 89 77 73 94 86 31 8 12 7 71 88 46 96 12 96 72 71 2 48 53 84 68 73 100 55 78 97 88 53 28 88 3 13 76 74 12 96 28 22 78 38 71 85 48 56 32 79 9 10 38 65 45 93 27 28 77 79 7 10 
48 35 62 81 86 10 54 86 17 80 70 74 63 86 6 49 66 98 42 42 90 72 34 82 18 15 83 80 28 41 46 22 90 33 43 30 49 39 70 33 44 42 1 86 18 13 82 47 5 35 63 65 63 42 2 53 11 28 87 85 32 53 39 73 58 27 29 53 92 20 70 61 64 26 72 78 91 96 54 80 95 72 20 42 24 15 35 70 62 65 75 61 92 11 1 39 51 25 82 50 59 46 49 46 73 93 39 84 71 84 58 52 34 9 89 50 10 58 36 83 18 9 47 20 25 13 40 18 
100 57 94 56 9 5 67 21 52 75 46 16 41 45 53 93 95 39 97 83 41 67 52 53 30 63 47 4 65 81 48 73 12 27 52 13 58 40 47 69 1 54 93 96 56 92 41 61 55 55 15 1 57 32 24 63 65 32 80 86 17 30 80 53 73 95 39 9 92 73 88 30 70 75 90 81 67 50 64 100 67 98 62 83 3 38 28 37 4 50 2 82 54 86 35 17 49 39 2 55 71 35 58 40 13 100 5 1 47 58 6 71 35 43 53 4 58 70 98 71 20 4 9 100 10 85 29 79 
59 52 45 42 78 83 25 8 26 27 8 9 74 25 60 17 35 44 12 58 68 56 6 1 20 48 58 98 97 40 34 2 5 38 10 49 21 79 52 77 40 82 26 69 77 5 82 14 28 81 72 44 86 85 37 89 65 59 92 23 73 71 86 10 54 15 15 57 12 29 81 8 54 64 32 66 81 73 97 21 99 11 85 28 78 68 63 53 2 100 4 30 71 38 21 57 82 41 91 15 80 11 26 6 50 38 92 21 62 53 54 9 22 29 93 83 35 93 26 97 16 65 46 90 68 49 23 89 
48 68 42 96 62 17 77 30 28 10 60 8 68 27 92 55 53 35 53 36 29 74 6 27 76 89 22 12 72 19 92 50 12 80 82 81 37 60 78 58 69 21 94 62 20 73 75 26 67 95 31 16 64 26 22 55 41 28 2 67 38 68 41 35 25 94 9 42 34 68 82 81 23 1 51 31 82 57 63 95 36 22 28 16 79 85 70 3 15 72 98 65 100 1 91 49 59 15 26 50 21 28 100 10 57 55 89 99 42 7 49 17 99 86 9 88 81 92 18 63 64 50 66 17 92 64 11 40 
55 18 11 45 38 96 68 38 52 79 27 51 54 66 51 86 89 7 63 62 20 44 23 42 28 49 59 91 41 98 69 73 13 86 63 87 32 100 14 79 13 54 82 38 16 64 56 27 68 88 34 70 50 35 60 83 76 31 7 19 17 60 91 45 36 86 7 36 57 82 64 76 78 94 94 86 67 12 62 95 1 55 68 19 15 56 70 23 20 71 54 40 43 86 48 48 67 78 66 98 95 85 69 44 70 17 4 61 79 4 31 41 19 45 74 40 23 32 91 65 53 59 41 67 89 62 9 6 
98 88 13 24 73 62 90 78 11 89 62 20 46 31 46 9 32 71 13 65 21 95 38 27 57 77 55 74 62 72 20 90 70 20 22 69 1 71 83 87 94 60 87 40 72 50 57 50 47 7 82 6 17 48 56 98 80 30 1 58 84 55 81 30 62 26 3 16 82 62 18 96 26 39 86 4 60 56 94 2 4 5 97 31 75 47 8 68 43 43 70 94 72 89 64 99 42 97 54 64 39 24 55 6 19 76 31 50 73 59 97 12 28 77 36 21 83 58 3 77 71 33 96 74 84 57 58 18 
75 62 88 49 51 67 6 80 43 99 79 38 90 88 93 66 28 18 65 74 56 48 41 67 92 4 64 62 97 70 29 92 37 1 39 30 72 38 5 37 51 84 16 51 11 4 37 20 70 96 50 91 49 17 53 61 15 53 29 27 63 16 5 78 3 23 45 51 78 97 50 97 45 7 7 67 100 27 14 40 9 17 68 35 84 81 36 2 87 70 1 71 94 15 65 3 83 29 45 97 86 90 74 30 96 40 19 76 21 76 52 30 57 66 46 40 72 55 19 9 90 45 33 3 19 44 57 57 
93 12 66 9 75 57 57 77 80 41 27 3 59 32 83 65 26 41 24 39 93 89 1 93 60 15 77 67 85 77 54 59 40 54 32 30 21 55 56 14 100 84 46 65 38 86 31 60 12 56 95 29 7 45 84 53 27 56 13 33 55 36 47 47 77 23 50 55 59 97 76 28 41 17 55 15 54 95 5 25 27 71 78 47 13 38 39 87 11 38 94 20 3 35 76 2 37 45 60 44 87 49 11 97 62 77 13 70 25 5 96 92 8 99 78 66 38 57 14 23 93 59 24 45 50 41 12 80 
46 28 58 1 71 31 98 18 8 39 38 91 58 18 64 99 8 58 13 88 95 58 54 25 37 48 57 19 26 86 54 89 25 6 73 88 88 54 11 68 62 6 62 73 81 61 62 21 73 9 82 73 17 80 27 57 41 61 58 96 81 41 1 48 58 21 7 55 61 84 17 2 26 52 75 89 55 19 52 50 51 67 6 13 52 68 70 74 38 6 50 79 73 92 34 58 28 69 64 8 96 31 6 32 97 5 59 89 91 35 37 63 28 6 84 41 47 97 47 89 37 72 43 31 6 33 23 68 
32 44 14 49 75 13 51 7 83 30 40 2 8 25 66 36 39 11 3 94 15 39 95 96 65 81 9 42 80 19 49 93 15 31 78 74 73 7 71 70 70 11 61 54 98 56 56 48 87 17 5 40 83 68 80 24 45 20 37 37 64 40 78 21 19 87 60 15 58 86 46 55 85 76 12 60 91 84 10 67 93 92 98 76 83 12 51 14 74 63 8 33 63 44 41 10 85 65 57 70 57 54 18 78 42 54 13 82 16 70 48 13 80 97 23 22 81 48 88 31 34 63 9 92 47 79 21 6 
50 5 29 62 95 36 25 66 60 38 55 77 68 97 83 3 90 9 12 78 91 37 32 35 28 21 31 53 12 73 70 6 51 100 76 32 89 7 30 41 16 56 52 36 39 90 24 72 72 33 17 75 87 93 23 25 86 42 19 17 54 22 31 28 22 91 18 26 2 62 47 41 44 14 25 90 24 80 19 73 21 48 45 92 10 40 24 64 44 97 51 75 54 82 24 72 81 97 21 36 33 38 63 35 99 9 20 84 10 41 61 73 61 25 26 76 49 57 20 74 11 90 35 89 74 16 71 48 
75 89 27 31 13 68 8 45 89 81 100 27 78 1 83 99 66 83 61 13 52 91 88 70 81 90 93 56 73 29 56 77 36 70 60 98 67 27 100 39 61 88 65 10 94 48 5 65 63 7 90 16 14 53 51 72 70 4 74 73 17 74 96 9 55 96 49 38 68 68 16 15 22 48 96 71 85 7 1 56 9 44 54 99 36 84 78 87 31 16 9 98 90 76 50 29 72 61 68 9 43 62 99 23 49 98 32 87 83 19 8 14 4 72 95 34 71 85 87 70 32 97 45 87 21 73 93 32 
80 17 50 95 17 90 93 80 56 97 73 74 81 87 74 68 8 35 7 38 45 24 100 100 18 16 73 15 57 15 100 97 44 70 3 49 56 84 6 91 45 67 98 33 20 89 70 75 94 82 96 97 78 55 72 10 43 97 62 12 70 67 1 61 45 81 69 86 84 90 75 76 53 5 49 46 67 70 1 49 20 10 52 61 2 14 30 72 41 18 39 61 13 29 47 85 82 1 9 69 60 26 92 93 3 30 68 52 7 88 22 98 67 33 84 52 55 4 74 4 22 42 80 72 35 43 2 1 
1 7 93 73 42 55 56 6 20 42 81 48 88 96 83 87 13 96 80 85 15 44 57 75 77 64 7 82 80 14 26 59 27 59 16 7 31 43 86 79 50 58 94 44 32 89 76 77 85 58 40 99 2 98 14 20 80 35 18 4 32 20 27 50 87 47 46 31 33 34 33 34 10 41 66 27 88 6 76 54 43 59 41 8 47 32 66 73 70 12 10 84 82 98 14 94 38 23 42 70 41 25 78 93 7 62 29 10 67 39 19 95 61 63 55 81 63 91 70 80 86 80 37 55 87 98 4 53 
99 50 69 50 96 36 14 94 27 7 78 95 72 7 37 46 5 10 46 20 82 70 44 91 76 34 54 29 5 63 68 72 14 18 20 91 18 31 33 65 18 18 64 50 23 31 52 1 31 66 24 60 31 6 55 41 44 12 4 72 6 15 39 83 43 15 51 53 50 67 33 58 41 44 62 25 34 70 4 2 65 99 39 24 62 81 42 64 20 53 10 45 4 73 72 82 79 40 1 88 86 95 22 12 69 79 22 20 51 69 48 53 83 40 68 82 14 15 11 47 36 48 28 33 7 34 25 34 
29 76 11 15 61 63 99 79 78 61 1 77 53 96 26 37 93 93 44 22 57 96 59 9 76 57 43 17 20 62 59 95 64 10 15 99 51 75 23 35 3 77 84 19 85 53 96 40 93 75 22 71 24 98 5 75 27 8 34 43 18 35 68 92 44 30 53 64 23 73 15 47 12 57 14 80 91 33 81 66 40 70 89 41 98 59 89 71 46 89 56 47 78 75 35 74 15 40 23 30 16 75 16 12 9 96 71 82 7 10 53 96 80 2 84 43 2 23 69 88 47 9 59 18 38 41 95 74 
20 91 16 52 14 24 14 15 71 22 98 12 9 46 22 78 89 44 87 96 17 37 98 95 100 58 8 68 48 42 50 18 79 4 61 37 73 77 69 45 94 43 18 100 78 19 81 6 62 9 31 64 27 59 49 5 38 22 91 86 35 47 74 24 25 92 92 11 2 21 4 43 16 26 44 41 77 32 98 78 94 21 88 4 64 45 87 70 54 96 64 4 31 87 84 61 63 69 62 32 12 90 83 38 72 27 89 17 24 35 37 27 90 10 70 39 11 38 78 60 98 3 49 58 9 13 21 70 
16 56 66 36 37 10 95 63 80 37 27 24 53 61 90 58 97 85 10 29 4 47 32 35 49 34 79 45 21 18 41 59 26 24 90 43 67 33 95 52 13 35 71 59 31 12 62 98 57 67 61 60 16 30 20 50 2 79 33 36 15 68 20 44 75 33 12 91 68 3 61 26 45 61 26 73 59 100 77 23 93 43 29 41 45 21 46 82 60 52 78 6 48 24 15 75 82 93 8 100 79 40 81 83 44 24 65 49 84 22 81 7 20 99 11 11 94 9 11 73 29 78 32 34 98 3 5 42 
35 92 43 81 18 100 77 47 55 60 24 11 58 58 73 94 96 42 97 19 5 80 62 64 57 99 3 28 25 22 4 21 19 23 60 58 15 24 70 48 6 39 68 15 6 2 42 19 41 58 28 13 2 40 90 21 87 49 100 6 63 79 39 6 96 37 20 61 77 89 44 10 47 50 84 38 45 12 43 94 50 66 33 30 96 6 36 56 25 54 38 6 54 45 45 43 47 49 61 65 27 19 84 55 19 54 32 4 95 69 50 44 47 53 59 44 95 34 88 84 23 56 26 44 83 71 83 20 
41 86 11 52 10 62 44 22 52 73 41 75 82 93 54 74 98 63 63 9 47 82 9 87 25 12 35 22 49 10 97 14 28 89 1 58 16 6 52 71 7 60 39 30 43 64 95 9 87 63 21 50 76 15 7 77 40 82 95 18 81 63 32 86 24 4 31 91 84 41 45 27 36 16 50 73 75 83 25 33 51 100 63 96 70 2 61 62 4 12 29 74 7 17 97 66 79 48 41 74 23 16 69 58 81 70 7 25 16 59 61 67 23 7 76 11 96 86 51 90 45 9 61 64 24 99 82 35 
78 13 95 96 26 75 85 32 65 53 72 49 13 12 88 29 9 87 10 19 56 45 82 40 1 67 55 63 6 66 88 21 16 60 53 64 9 3 17 34 3 62 18 79 78 11 75 89 83 3 89 95 23 75 14 100 78 76 59 74 70 87 64 41 44 9 50 74 91 9 57 48 50 47 100 94 77 17 58 53 69 81 47 79 40 47 21 96 16 46 78 66 13 83 68 48 51 36 67 62 44 31 61 4 23 70 40 95 6 39 56 25 88 94 82 70 6 38 78 55 54 11 4 47 13 30 42 7 
5 66 20 71 88 47 17 56 4 26 100 29 48 21 65 81 70 17 97 15 37 32 1 28 79 13 13 70 52 81 45 55 37 36 24 41 91 17 6 50 87 32 95 94 56 82 95 18 26 39 11 13 70 24 39 79 67 24 80 49 31 87 86 84 82 28 67 41 21 59 64 72 52 55 7 48 68 31 80 3 90 6 60 18 88 34 99 34 77 30 82 36 16 38 12 42 26 4 95 32 17 40 60 21 21 61 11 4 88 89 90 95 56 78 81 77 48 31 11 22 82 42 32 68 37 24 73 84 
33 80 28 39 73 18 7 93 24 79 71 47 65 91 85 68 75 29 50 64 47 100 53 13 82 46 77 26 57 11 18 36 69 29 40 9 1 20 83 48 8 43 48 61 92 15 56 43 5 20 60 55 32 43 56 19 91 35 13 33 22 27 10 96 12 64 42 31 66 23 20 60 58 76 72 30 55 74 83 48 29 86 92 4 11 26 75 40 55 100 75 85 25 6 84 4 37 69 94 45 88 11 87 30 66 86 95 66 28 86 32 51 9 62 84 6 9 67 59 39 62 55 87 37 51 57 70 37 
80 50 3 65 95 36 55 50 41 57 12 52 92 96 83 10 22 51 19 97 75 62 33 91 98 94 14 44 64 38 35 9 49 58 63 85 3 85 48 45 85 7 39 75 62 68 12 13 24 29 45 62 77 87 66 13 7 4 2 90 6 50 3 9 84 48 39 30 75 38 61 69 62 29 18 41 71 84 59 55 3 7 97 80 47 47 40 70 93 70 60 64 67 94 65 63 35 10 25 39 81 52 2 97 69 60 33 35 88 40 84 82 97 96 68 37 77 78 53 40 38 36 91 96 75 51 36 83 
36 59 73 69 28 12 5 58 67 65 80 27 35 79 10 55 19 44 77 87 18 90 65 50 48 46 65 34 48 65 67 28 20 72 21 98 2 54 59 19 98 5 90 97 71 14 50 87 25 74 67 68 32 99 42 3 13 13 91 62 64 30 43 12 47 54 43 72 95 83 77 7 7 15 36 78 62 69 1 1 15 99 28 78 11 31 86 18 85 79 82 18 80 89 28 40 14 16 50 74 91 25 55 18 4 56 32 60 91 33 74 30 9 15 69 60 27 1 23 74 65 73 60 54 19 62 85 62 
88 58 93 5 96 40 59 24 50 58 57 90 59 62 36 17 25 18 78 66 89 86 96 89 97 5 70 67 21 58 67 35 41 66 70 8 46 60 76 26 94 17 55 28 87 80 96 75 10 31 5 69 19 97 16 77 22 53 90 28 85 66 63 15 45 96 69 38 7 97 91 32 80 42 81 68 26 25 13 90 67 71 1 58 30 8 73 81 87 55 74 69 21 75 57 80 33 91 100 18 52 38 8 86 1 4 80 17 78 65 87 36 66 66 30 7 5 69 52 12 40 84 86 57 84 60 20 9 
60 82 14 98 97 56 62 11 19 82 97 36 18 24 93 24 73 31 45 13 28 51 16 22 5 70 3 5 1 25 41 24 11 75 41 21 69 37 66 92 43 21 18 91 67 53 31 33 41 7 88 50 93 4 54 7 48 13 45 95 33 26 64 27 100 86 100 40 89 33 91 55 40 36 66 94 29 46 28 16 39 96 91 94 80 100 62 60 79 74 21 99 2 46 37 41 99 70 60 33 11 43 19 32 4 76 3 16 62 98 56 54 1 46 90 75 47 80 29 5 27 81 33 99 78 36 23 65 
100 10 5 23 43 17 13 60 29 25 24 32 51 21 66 27 26 39 75 13 51 3 83 11 33 14 95 76 20 43 41 93 28 8 1 44 9 89 94 27 61 39 85 63 81 55 93 59 85 34 16 30 70 71 86 17 63 45 2 96 66 75 69 61 37 50 2 44 20 25 26 61 9 98 66 62 44 86 55 10 86 67 29 29 68 63 57 56 82 41 32 55 90 73 53 87 21 76 50 69 10 67 35 59 24 79 55 70 91 13 33 55 51 67 96 12 7 1 26 100 93 98 3 6 96 18 7 81 
62 12 82 61 49 3 47 34 41 48 84 2 37 41 92 28 62 89 72 74 95 39 61 43 60 83 94 10 85 88 6 16 61 58 46 81 91 15 87 10 52 18 21 54 92 81 53 14 26 26 34 52 4 61 82 67 36 12 29 77 91 91 76 15 97 2 62 31 96 55 14 62 48 30 77 10 93 34 79 49 33 45 58 45 6 52 67 20 46 92 59 46 48 23 60 19 95 57 31 8 12 53 16 92 80 26 72 74 45 65 79 63 45 35 75 79 83 77 45 38 46 91 73 27 33 70 87 15 
81 61 12 50 34 21 87 80 58 52 55 15 51 39 5 42 84 49 72 39 71 77 91 76 26 19 12 35 60 11 96 40 41 70 21 96 3 30 7 60 68 52 43 25 20 67 17 34 45 86 71 81 87 76 12 91 15 95 69 36 76 96 50 17 31 8 4 22 26 99 63 23 4 31 74 86 68 59 28 90 43 27 78 49 46 64 59 11 93 53 11 68 27 37 65 93 1 89 39 24 73 22 34 98 70 84 25 90 21 48 69 97 77 82 96 76 66 75 52 14 100 66 61 33 57 90 63 85 
56 61 55 38 11 1 33 73 43 52 54 3 79 16 11 38 67 64 56 19 35 75 23 32 61 9 46 84 11 70 79 84 1 12 40 49 95 20 50 73 29 90 82 3 8 12 52 94 3 79 82 9 88 63 64 14 82 7 74 33 49 84 30 76 9 19 67 50 46 93 25 52 16 94 74 21 91 72 93 63 43 87 31 43 33 70 23 30 18 72 21 56 7 69 53 99 8 30 7 63 89 36 38 10 16 9 20 40 89 10 73 59 61 26 33 60 71 33 74 12 29 24 8 63 29 98 14 73 
63 18 49 35 25 15 69 16 33 71 36 88 99 81 10 26 58 80 18 68 7 17 2 21 4 40 36 51 8 46 26 42 85 52 33 71 96 9 1 63 100 61 77 26 4 93 88 100 76 76 8 56 74 10 53 28 13 6 86 55 71 45 69 46 90 81 43 9 23 66 43 31 89 81 82 82 5 55 65 64 61 55 42 71 81 23 96 60 63 58 4 35 10 50 61 36 73 23 68 38 1 59 20 84 38 100 44 33 41 81 16 77 57 63 79 21 24 100 94 57 46 42 16 97 56 99 29 60 
8 72 57 64 38 6 65 42 43 1 21 6 55 38 17 16 34 88 90 16 44 39 3 21 54 69 44 36 61 1 11 47 84 68 62 11 81 27 37 80 91 98 70 86 39 83 27 69 92 52 48 19 8 90 90 64 45 62 87 71 4 9 6 33 3 73 13 87 34 49 68 36 26 4 12 17 54 84 36 15 5 15 11 80 4 29 82 24 38 52 95 96 73 26 42 68 79 2 70 38 100 16 36 45 7 64 65 61 37 96 96 38 41 21 16 18 80 64 22 6 15 10 27 94 91 28 90 35 
18 73 26 45 3 15 22 62 77 20 75 50 84 19 74 9 94 73 76 95 14 61 42 57 74 34 39 31 79 66 48 21 41 41 55 38 21 32 10 57 72 68 65 95 97 54 72 97 82 50 69 36 95 27 63 36 64 73 96 5 19 50 25 37 51 10 81 20 87 85 79 36 16 27 30 94 48 46 1 3 63 27 67 57 6 37 82 10 85 68 87 37 15 56 98 68 65 28 34 31 49 98 85 38 7 52 10 76 61 62 84 35 95 2 32 19 60 43 89 44 8 34 2 79 23 11 33 23 
80 37 53 87 81 59 7 38 40 87 27 68 15 12 59 65 51 66 76 61 17 81 26 45 20 40 53 44 1 25 88 38 39 41 57 88 43 64 35 44 91 34 59 88 41 9 8 4 72 93 34 71 14 62 82 69 61 100 21 57 63 1 35 6 36 40 91 18 88 94 93 9 83 7 77 100 11 32 87 84 5 20 9 72 54 99 3 66 73 33 33 34 79 88 47 59 23 92 32 10 78 99 94 1 17 29 42 66 97 43 15 46 55 22 76 82 89 42 29 34 32 60 74 2 10 44 88 74 
65 67 84 94 7 22 60 3 22 48 73 73 26 86 87 89 62 40 51 84 25 86 93 47 42 66 77 22 8 7 19 68 2 66 59 62 1 5 85 6 50 29 32 16 11 96 72 96 83 73 44 96 11 64 74 13 66 20 30 26 94 44 85 82 20 68 1 5 68 33 70 15 81 43 93 98 10 30 14 22 91 47 67 100 2 21 48 48 59 61 62 48 4 90 100 49 67 13 41 53 12 13 83 85 13 98 15 6 42 22 42 25 57 26 72 65 71 23 63 36 72 68 61 2 93 50 27 29 
16 38 80 79 68 80 59 98 62 98 46 4 46 77 59 11 43 69 90 49 24 61 60 64 78 46 59 61 59 57 13 28 71 1 31 41 93 9 3 85 37 66 86 2 1 16 34 97 65 33 52 16 38 77 62 25 76 7 71 30 85 71 74 69 42 78 29 62 45 99 98 69 35 43 73 94 86 73 81 77 28 96 98 53 97 17 62 38 83 47 44 95 12 63 23 96 12 55 22 38 22 75 31 88 75 10 85 29 77 14 20 98 65 49 52 58 66 81 90 19 73 16 17 13 53 91 18 40 
38 90 82 83 79 15 72 38 75 73 65 80 3 24 60 21 13 99 70 35 62 92 12 71 56 2 2 16 47 7 35 54 69 71 12 44 100 48 98 36 29 50 57 86 94 62 50 85 10 74 84 45 99 29 35 75 28 23 94 77 92 66 18 32 24 24 45 50 38 44 13 5 2 62 56 19 41 7 95 14 26 38 77 3 87 22 56 43 20 51 75 74 21 94 12 30 49 19 59 28 51 42 91 47 65 19 19 20 56 68 32 63 49 81 51 27 42 50 80 44 25 17 68 80 39 56 63 38 
78 1 37 38 68 76 94 97 65 57 4 92 79 90 35 86 10 40 56 68 10 53 76 84 74 30 72 94 61 94 54 100 3 86 26 71 97 46 79 22 100 63 74 69 20 61 22 96 7 92 70 60 74 77 89 30 44 73 46 79 3 84 81 35 19 52 38 45 25 68 52 17 8 14 63 2 77 77 21 65 75 91 22 6 79 83 97 22 70 21 3 18 22 17 5 72 15 65 36 73 60 7 54 87 21 7 8 17 23 65 15 59 49 96 96 4 56 18 75 80 81 97 85 80 56 52 56 12 
28 67 1 16 43 17 84 77 7 67 89 21 35 26 37 80 9 26 54 6 91 85 32 21 25 59 74 19 55 87 75 26 47 49 65 91 98 84 96 53 9 41 82 71 89 30 24 11 26 96 11 39 29 27 55 1 37 35 73 81 9 38 90 29 6 87 94 65 18 25 90 75 1 23 18 1 99 92 87 66 75 10 26 58 70 98 63 99 36 87 19 80 90 93 65 52 2 92 15 25 100 95 14 55 58 22 77 76 58 35 26 64 8 91 79 30 92 45 49 50 12 31 75 81 98 64 89 72 
28 46 18 76 96 66 64 98 84 34 88 61 26 94 38 25 63 15 82 92 85 3 81 53 88 39 8 91 48 4 17 46 19 95 89 94 48 98 65 100 17 52 92 67 28 39 6 3 42 60 76 77 3 1 47 66 67 71 99 72 68 98 19 23 72 42 63 35 45 48 3 72 96 73 54 83 5 28 19 47 14 95 16 12 8 55 13 43 78 32 47 41 13 39 57 61 53 53 2 75 83 98 43 24 32 83 21 36 16 13 10 61 89 52 38 69 81 1 13 80 3 8 20 59 45 28 68 97 
94 7 95 40 71 76 72 98 38 70 15 34 21 50 9 59 57 50 81 63 68 88 70 55 14 12 6 90 100 63 45 5 23 54 14 38 80 2 47 2 41 69 16 11 34 41 48 62 61 11 27 43 61 13 40 57 55 68 83 83 57 78 45 6 29 10 79 58 77 56 5 58 95 1 89 6 40 24 48 86 47 73 10 79 88 55 6 70 86 57 18 30 44 92 20 42 29 59 29 71 21 88 70 56 46 37 90 91 8 77 51 50 47 28 45 7 36 6 35 87 98 67 94 88 82 95 83 19 
54 21 50 69 43 2 96 36 84 26 6 62 3 44 26 21 6 86 21 50 60 13 68 20 4 45 73 39 50 24 2 24 24 95 5 16 75 3 35 54 64 46 9 61 43 2 15 45 35 46 79 84 99 18 44 34 47 17 74 1 90 82 97 28 92 9 57 62 73 70 68 1 12 61 35 57 12 98 17 55 23 59 100 3 45 3 4 60 36 65 6 6 7 95 25 66 89 24 35 69 50 65 26 56 28 79 1 3 13 17 70 54 18 28 89 62 5 88 19 70 22 93 41 30 29 48 26 5 
30 85 51 57 15 79 24 53 5 36 38 24 87 8 50 1 3 68 10 49 48 62 61 53 29 49 57 50 19 27 55 23 72 59 55 33 21 68 17 74 37 18 81 94 66 63 29 56 6 26 2 28 80 98 59 93 88 59 15 65 53 7 67 68 46 55 22 78 50 38 17 92 1 17 79 20 2 37 1 21 77 59 35 95 95 59 43 67 81 36 15 60 59 13 27 58 48 34 62 65 100 98 54 9 96 31 34 26 5 74 28 93 92 96 29 91 81 73 44 53 96 75 43 82 72 26 32 32 
36 87 54 49 88 28 72 6 65 95 29 68 45 28 15 89 73 6 24 23 98 13 87 98 75 45 7 70 41 62 35 15 59 53 34 73 88 77 79 31 9 33 8 34 68 83 79 90 79 43 17 46 99 59 49 26 79 26 68 45 83 29 68 52 60 95 67 63 46 80 95 89 15 47 51 58 5 18 83 89 62 19 72 69 48 36 95 71 23 14 10 80 61 50 84 89 63 60 38 96 40 5 57 43 86 5 86 18 40 87 58 68 95 24 65 80 3 49 29 85 6 74 71 54 100 9 73 37 
86 22 23 51 3 95 90 86 95 88 31 12 62 71 79 90 45 30 99 8 57 37 69 80 89 58 11 19 65 42 40 95 13 22 97 49 2 32 63 5 91 81 74 48 30 32 17 99 55 20 64 19 71 92 26 45 46 22 75 75 59 45 61 93 30 98 48 13 75 25 63 54 89 21 46 45 82 78 50 17 61 59 94 98 24 89 52 49 36 53 64 77 2 97 10 49 99 66 64 93 94 14 30 10 39 27 58 46 98 75 81 68 13 88 100 12 82 27 58 24 66 57 42 53 69 40 57 21 
5 60 41 36 94 100 19 6 54 46 23 68 35 51 95 91 38 52 21 79 21 9 45 13 97 18 7 87 5 96 27 30 98 36 60 41 99 21 51 50 50 52 24 15 36 96 91 12 44 37 99 48 27 51 13 55 14 39 96 21 31 69 18 35 54 44 99 15 39 87 92 74 41 97 2 80 44 30 12 31 62 82 53 73 36 13 13 64 72 65 80 83 94 46 28 27 67 79 68 80 58 72 86 79 98 68 99 49 6 20 81 82 33 14 98 27 25 54 62 40 97 51 67 8 27 94 45 92 
7 56 14 29 58 82 82 2 17 87 78 36 84 77 51 64 59 56 44 60 81 21 35 72 17 55 55 27 90 62 13 60 94 53 44 32 15 70 73 62 47 38 42 10 55 60 76 12 56 52 28 78 3 8 28 28 16 75 77 41 88 76 42 31 72 72 69 90 27 12 26 34 63 54 47 76 10 43 92 56 9 66 85 31 97 29 40 14 61 48 56 69 48 19 29 48 93 29 59 15 12 43 79 18 72 80 48 72 77 21 86 25 99 75 70 31 18 64 71 21 20 67 40 13 2 58 21 1 
63 27 25 35 27 61 76 62 82 42 43 63 30 17 72 17 100 57 7 100 37 80 63 13 70 86 56 27 82 52 76 71 54 46 87 21 84 63 99 39 11 91 91 42 42 44 18 57 95 52 20 70 92 97 34 33 44 31 72 80 17 11 66 1 90 86 81 90 60 49 65 30 44 49 51 5 62 11 2 8 11 43 99 63 72 30 52 79 99 41 4 85 54 72 95 93 81 91 56 67 55 22 36 46 47 91 81 52 61 42 93 80 86 71 82 48 68 75 93 6 6 22 81 88 78 71 5 41 
72 2 75 39 100 44 92 39 21 29 66 36 99 8 85 9 25 90 83 27 67 12 53 68 41 30 40 89 84 99 83 39 75 63 55 46 47 74 14 74 90 56 85 17 3 29 93 9 46 17 41 4 7 25 58 67 73 90 50 9 68 26 74 92 9 1 98 15 11 58 40 90 86 89 15 11 67 29 26 83 81 96 15 87 46 25 36 44 97 35 24 5 36 25 71 37 23 1 11 40 9 78 97 80 58 31 15 50 100 12 62 54 26 76 57 25 90 38 90 79 71 36 90 34 36 51 15 66 
87 85 90 63 45 42 62 82 72 8 50 97 41 17 6 10 32 19 16 29 22 38 21 89 66 48 92 57 82 36 87 85 76 36 31 67 3 7 6 47 8 11 4 87 3 33 22 35 41 90 99 50 19 74 66 52 19 25 12 50 59 43 31 57 62 45 7 63 35 38 88 89 57 82 45 54 27 82 17 5 54 15 47 9 6 64 77 28 4 24 96 38 37 27 92 72 71 52 74 28 16 16 35 78 75 35 85 92 52 64 43 21 89 37 65 43 49 12 91 46 53 9 16 96 90 74 54 61 
94 23 37 17 49 67 57 39 37 88 22 27 72 76 22 14 8 100 64 3 22 74 59 91 100 34 76 45 51 38 27 78 79 95 15 25 100 67 34 71 33 24 84 14 42 77 62 14 59 54 69 1 1 70 26 92 95 24 75 92 36 91 79 68 4 31 4 76 2 98 98 24 3 99 15 42 16 90 79 12 58 81 18 56 76 52 79 22 76 71 4 42 85 10 23 7 91 38 77 78 9 35 30 50 1 24 2 97 57 89 75 48 2 11 57 64 95 8 21 90 38 91 70 16 25 2 58 87 
31 49 27 6 60 18 3 51 5 84 29 6 12 69 26 64 5 10 40 51 97 14 39 77 44 79 22 100 2 65 3 30 39 49 65 87 38 12 84 92 83 75 3 34 54 90 73 62 14 49 44 64 55 63 19 15 22 49 91 69 76 55 91 25 54 62 25 74 75 13 41 61 17 93 84 27 69 1 50 33 61 52 77 49 20 88 31 12 42 13 73 19 82 12 4 82 2 14 89 77 53 90 68 75 62 95 57 44 43 30 75 8 12 19 6 56 26 95 51 79 16 4 60 37 29 9 95 94 
19 2 6 22 53 45 53 97 60 2 5 67 1 79 79 16 63 16 95 2 59 85 30 58 61 53 90 50 65 14 26 37 81 66 35 19 67 51 62 30 10 37 84 65 18 27 87 63 9 10 74 72 31 64 54 72 13 89 8 25 59 55 7 6 22 12 47 54 9 31 21 59 24 24 48 61 46 41 67 59 55 51 67 44 10 23 100 100 96 16 7 56 53 78 95 63 3 80 70 71 95 42 27 93 1 76 20 100 93 45 5 9 44 39 19 26 95 34 1 92 25 29 11 36 25 54 14 90 
65 94 49 81 68 67 59 30 58 94 97 12 10 27 7 90 55 65 42 66 9 63 29 96 67 78 18 46 63 50 5 60 1 77 62 36 10 19 39 74 20 49 84 73 86 94 100 35 18 58 9 81 60 17 45 71 94 55 92 72 34 23 32 58 45 65 39 19 30 85 46 89 28 17 23 46 4 93 24 30 27 36 65 98 36 30 29 2 62 42 38 59 63 23 24 80 36 25 53 43 62 99 37 54 47 14 72 79 33 14 61 91 64 35 75 28 94 54 86 45 11 33 8 32 9 94 56 9 
60 19 13 7 21 73 100 65 82 92 94 84 63 42 35 56 32 93 6 93 59 65 72 1 45 13 93 71 3 81 13 93 60 60 90 97 72 57 18 23 49 17 96 21 79 71 81 10 99 24 19 99 7 60 14 64 18 80 94 84 58 23 30 87 93 52 43 80 41 90 27 28 32 87 2 41 58 32 46 10 14 78 76 2 55 99 88 24 35 98 47 4 70 72 40 82 11 86 17 75 26 79 44 93 26 77 37 48 100 50 63 84 86 41 52 39 39 66 29 95 100 45 52 23 49 94 57 97 
43 74 22 30 95 36 32 89 13 55 10 78 88 20 94 86 9 90 17 55 53 71 72 62 61 31 70 16 51 50 23 90 68 20 27 50 26 87 44 51 3 7 18 100 65 98 6 81 56 91 97 15 29 56 43 24 30 23 75 67 93 72 10 87 80 77 71 70 51 43 82 86 73 45 76 24 30 17 69 93 48 96 12 90 65 28 85 79 100 74 38 61 6 18 58 54 25 49 4 25 66 88 95 18 11 71 48 69 93 22 78 76 88 82 63 40 62 73 95 83 36 62 18 33 35 42 63 54 
72 37 95 81 18 30 9 40 37 66 82 71 19 33 74 89 93 29 36 33 62 23 46 96 84 43 1 79 87 90 58 11 90 59 56 48 58 39 28 84 92 27 83 33 94 70 34 12 14 57 16 44 91 74 8 76 60 33 38 2 17 21 90 78 49 5 29 22 94 30 36 100 31 31 68 53 77 66 48 10 67 12 46 63 17 49 21 51 5 34 28 34 73 29 94 81 54 55 40 12 81 28 59 33 3 65 71 31 22 82 16 28 32 17 42 68 93 29 46 98 42 48 82 1 2 24 77 63 
1 5 64 80 12 38 34 50 51 23 49 11 83 62 89 67 38 54 73 9 47 82 40 72 41 11 57 32 41 19 54 18 9 95 74 81 26 6 26 92 69 93 28 57 48 67 10 23 37 59 87 55 51 32 69 69 49 73 67 19 46 13 49 36 87 94 65 61 7 47 92 2 25 43 28 5 83 92 37 9 76 23 9 87 20 94 68 10 4 37 22 16 56 51 29 100 65 83 95 51 8 29 16 93 32 27 1 62 73 18 5 1 97 87 99 10 82 93 29 37 87 45 76 36 44 63 34 53 
87 5 5 65 64 62 76 15 33 67 40 67 8 54 63 77 86 23 56 67 70 69 52 48 52 82 3 46 22 27 13 8 96 69 49 73 90 17 81 30 69 14 51 87 19 49 90 99 86 27 20 89 25 72 93 93 58 76 83 89 11 51 21 21 59 19 7 88 46 67 93 10 27 88 5 15 13 61 81 24 24 87 10 19 69 1 22 42 50 53 4 43 2 68 37 90 39 64 49 7 28 44 20 70 79 45 68 40 51 25 47 64 69 24 34 29 76 48 35 23 17 80 47 25 65 17 34 46 
57 94 72 1 95 23 9 54 24 22 18 81 52 78 32 36 13 89 80 42 34 65 8 17 51 71 19 71 7 30 76 26 64 86 93 74 98 32 19 33 96 98 57 5 39 34 2 13 10 37 24 42 5 56 52 2 13 83 85 55 33 37 17 19 12 1 93 4 33 6 93 23 95 57 69 5 47 84 31 57 58 34 20 49 34 83 99 25 14 55 46 15 73 45 81 29 85 7 23 86 1 56 27 96 3 40 27 32 14 25 36 52 51 59 27 43 36 27 94 20 86 47 16 18 24 60 4 97 
58 63 55 87 53 32 3 26 14 22 32 47 64 69 78 59 40 65 18 88 29 91 87 42 76 9 70 58 26 28 41 4 48 5 100 70 63 35 4 76 45 63 83 44 51 83 61 55 86 59 73 2 61 79 19 51 86 75 24 7 80 39 76 13 47 28 18 90 43 3 37 70 11 32 82 9 51 14 10 16 83 14 48 11 55 55 13 100 26 34 21 37 65 73 86 32 75 29 26 70 37 91 24 78 7 36 100 63 55 16 47 77 80 30 91 68 86 30 43 54 64 83 33 65 64 83 58 72 
4 62 24 66 44 79 5 37 14 66 48 67 33 42 75 52 74 74 28 86 55 8 3 33 63 20 38 10 70 32 53 100 2 98 90 87 65 24 6 80 28 57 94 7 55 74 35 69 60 58 31 98 72 52 90 73 34 62 16 20 65 53 33 11 51 71 54 85 85 56 52 10 59 68 20 98 93 83 28 25 93 73 48 34 15 17 92 79 59 21 84 82 50 95 38 12 70 99 90 48 53 62 20 70 18 86 95 96 70 80 9 40 5 17 99 47 74 35 98 54 93 77 76 22 86 65 20 14 
99 58 48 98 91 72 52 100 99 50 83 88 68 40 96 48 49 57 22 54 12 44 80 43 48 7 40 68 9 72 61 19 48 11 39 49 57 70 60 38 98 4 86 93 71 83 9 53 89 13 100 68 93 25 26 2 44 54 72 57 52 77 22 59 98 74 23 4 43 13 95 78 52 10 97 99 36 11 87 54 26 21 87 43 27 25 86 82 66 89 65 7 30 93 89 37 76 51 48 41 86 17 42 56 25 93 38 40 2 6 72 24 48 7 72 45 75 49 10 23 51 61 83 38 91 96 2 30 
95 77 82 56 87 92 96 21 98 18 17 57 23 96 21 42 97 56 5 86 16 78 72 26 31 21 72 77 26 1 7 48 98 5 21 68 33 39 42 57 77 41 50 27 80 42 99 52 32 23 40 3 50 56 75 25 27 45 11 43 37 89 26 18 89 43 51 52 76 2 39 16 32 24 1 49 70 19 64 23 56 67 86 58 80 46 56 98 45 19 95 93 89 7 35 71 95 6 76 71 27 74 66 93 44 46 68 6 89 73 43 92 25 59 19 7 6 38 82 98 28 41 31 53 67 40 45 52 
12 41 24 24 9 18 29 92 73 11 67 14 30 20 95 45 54 3 37 73 17 72 50 56 84 22 3 58 99 84 56 51 60 73 29 26 83 3 15 6 65 74 52 82 61 71 7 83 7 71 58 26 85 57 20 45 29 45 99 68 77 67 74 17 50 38 74 71 25 99 50 81 22 51 68 62 59 60 39 57 86 54 26 17 75 26 96 51 1 54 32 81 17 28 25 95 47 35 79 27 4 33 97 66 65 38 69 56 29 88 75 46 97 16 23 44 74 75 82 91 44 37 41 57 11 4 14 45 
60 5 74 40 73 18 20 72 12 79 63 24 65 65 41 82 68 86 30 48 91 49 17 52 60 33 69 100 41 39 82 92 91 55 9 10 84 39 31 31 60 76 19 60 59 50 86 66 49 23 20 70 11 35 50 83 23 30 15 47 88 94 24 24 50 21 9 64 24 90 44 75 4 13 89 72 42 51 65 96 55 16 12 71 77 64 4 89 58 93 60 11 7 98 49 12 44 89 97 89 24 98 26 59 61 69 57 85 57 71 30 72 7 24 85 13 15 48 42 25 74 98 75 2 86 38 78 42 
16 13 47 26 94 69 86 74 6 7 70 85 68 53 30 41 74 84 72 26 25 76 22 81 20 59 24 70 88 59 3 1 25 29 11 45 54 47 99 24 70 63 29 71 66 8 57 95 81 15 87 31 92 37 12 60 20 24 81 91 76 75 22 27 93 49 79 69 21 52 33 47 50 7 36 33 39 73 39 40 34 87 60 19 69 57 84 63 34 14 80 5 60 87 16 13 38 9 8 9 44 74 93 45 4 41 41 47 94 40 22 7 1 89 98 32 78 78 29 11 30 71 23 4 44 94 69 23 
78 41 32 53 32 94 55 81 18 11 44 17 53 14 42 61 36 18 41 22 70 51 52 44 53 40 31 64 39 64 72 16 8 3 95 54 30 19 50 23 40 94 54 26 14 92 74 81 30 30 81 99 16 84 22 12 42 72 24 11 97 6 69 21 26 85 40 76 86 46 11 45 40 76 42 17 48 3 77 85 82 59 25 12 10 20 62 43 29 68 37 47 73 71 87 58 90 96 31 99 3 22 64 23 53 54 47 45 61 7 31 83 46 12 43 72 73 7 50 81 68 15 32 72 45 76 16 65 
23 35 96 92 28 59 22 68 40 17 68 83 92 51 17 44 63 16 85 16 53 76 97 91 34 97 83 6 37 48 42 34 28 94 87 74 19 36 10 9 89 46 11 28 38 98 72 62 7 37 56 90 98 21 78 70 73 49 52 25 3 69 44 35 62 29 51 60 39 64 61 91 39 12 53 65 31 79 57 10 41 49 62 35 67 96 40 75 90 85 11 23 33 54 89 84 42 93 51 91 46 58 3 63 20 12 90 61 9 72 89 26 32 14 34 2 96 53 64 44 4 92 29 46 66 89 2 51 
49 61 16 90 30 34 80 51 29 61 39 72 11 25 95 72 90 52 80 97 49 38 50 79 26 100 58 35 7 17 93 12 76 76 19 16 72 73 31 99 39 50 66 41 98 24 89 90 18 41 49 84 8 75 95 41 64 95 31 47 63 87 30 41 71 86 95 56 45 24 11 86 57 74 78 66 21 71 71 63 100 74 56 69 47 76 33 33 42 35 4 95 40 57 42 15 50 9 85 39 84 80 20 64 63 85 60 36 38 41 77 43 76 63 50 78 2 85 30 25 50 11 78 88 8 43 74 79 
52 20 4 39 69 57 41 48 42 51 65 39 40 66 86 51 79 90 30 6 83 87 58 70 92 41 25 48 85 5 47 93 38 45 25 94 100 53 68 19 65 91 47 85 28 32 22 92 99 13 19 85 41 16 20 68 10 99 29 90 63 19 55 68 34 54 69 88 32 44 68 7 70 42 81 90 89 27 65 61 97 32 70 20 76 54 52 69 16 70 20 5 33 30 65 85 66 89 46 22 83 36 33 5 16 75 17 33 61 11 51 88 93 30 83 41 46 76 73 25 50 97 55 4 44 93 43 50 
97 48 4 3 71 14 87 51 31 11 7 20 34 25 77 39 45 84 4 86 31 56 11 47 2 40 59 51 40 11 67 49 67 39 77 54 80 59 49 91 96 6 46 85 83 12 66 26 9 66 58 92 38 11 73 19 84 3 72 8 75 79 35 80 42 45 66 19 7 45 94 78 95 47 61 44 15 40 15 49 29 27 77 92 39 83 92 36 38 93 42 8 5 50 86 63 63 73 81 51 78 42 76 35 29 100 71 62 4 99 28 15 52 9 97 33 92 93 84 17 73 77 55 76 48 32 87 61 
23 57 35 95 92 99 65 65 28 1 14 82 5 90 86 43 78 31 84 61 35 84 43 79 21 44 95 96 98 41 11 32 94 9 23 73 44 33 67 57 72 8 18 39 42 12 23 76 34 89 43 46 57 2 56 17 42 18 68 90 92 69 57 79 60 73 46 21 26 75 99 77 14 100 18 27 76 82 39 39 59 6 89 23 56 96 97 33 18 18 69 42 43 79 76 51 95 92 61 99 22 24 96 34 55 50 48 24 79 19 36 15 89 42 26 100 90 36 2 76 41 43 67 54 94 5 93 65 
3 75 17 5 37 34 20 61 50 75 30 23 80 24 84 27 75 42 33 39 22 80 56 4 69 87 71 65 9 58 66 36 42 1 64 46 1 51 92 87 83 31 65 57 91 68 43 42 81 37 36 3 22 92 70 91 3 94 94 83 58 8 23 78 76 23 21 98 89 2 58 40 40 65 1 57 15 69 39 64 37 33 37 14 57 19 1 2 38 40 17 15 7 94 70 2 99 91 55 91 64 32 90 100 82 92 10 82 66 50 36 3 32 11 70 100 6 43 63 70 18 79 22 91 77 89 62 92 
76 87 23 34 93 83 59 99 56 8 50 68 29 38 35 44 20 8 51 55 30 30 2 77 83 54 36 79 81 56 83 87 6 9 29 53 77 4 59 50 86 29 85 14 88 82 45 48 67 9 61 31 44 49 56 46 2 61 59 29 82 66 58 63 74 13 89 21 95 58 32 60 44 76 76 72 84 23 67 34 29 13 20 46 91 52 31 46 53 68 6 79 68 56 20 10 56 32 2 3 29 33 75 14 7 22 73 72 51 84 89 100 48 38 25 87 26 64 33 38 12 46 96 33 8 12 45 6 
62 54 23 36 13 94 70 2 95 62 86 52 95 78 36 23 94 69 31 31 18 54 99 25 21 54 46 47 90 7 90 85 39 30 10 18 93 96 99 5 39 29 70 11 7 89 43 68 40 56 38 89 10 55 63 47 64 89 1 12 8 80 27 61 39 88 25 35 77 59 29 29 29 67 17 21 81 40 56 32 96 43 5 36 18 84 4 19 76 75 59 61 38 38 78 88 75 29 18 41 37 19 67 60 64 75 17 3 88 78 100 16 96 51 98 82 99 69 10 32 24 60 66 57 100 68 39 17 
97 37 81 80 97 51 76 15 22 38 3 82 75 2 85 20 6 77 89 3 77 75 41 55 55 5 60 62 8 2 37 58 56 44 35 13 72 42 49 13 14 27 12 91 53 65 3 12 81 25 2 77 5 98 51 14 96 80 29 19 39 22 54 80 3 97 1 46 97 69 93 69 21 69 39 81 38 38 34 82 65 33 27 39 54 56 23 70 59 86 6 15 54 48 83 71 37 23 25 72 27 28 18 19 48 23 39 92 58 89 8 99 31 27 23 32 73 87 41 45 69 38 63 62 86 98 48 33 
31 7 97 43 100 76 83 39 27 67 61 99 2 22 23 27 79 10 42 98 12 96 70 54 51 75 34 37 72 29 16 85 23 29 33 67 83 89 35 48 65 74 38 15 27 93 14 9 68 57 62 49 18 34 48 33 49 71 81 20 71 21 49 49 75 21 46 71 97 31 19 16 73 63 68 52 33 25 26 95 53 9 87 95 41 75 33 1 70 51 96 98 18 6 61 65 4 26 43 8 31 62 56 46 60 49 64 73 7 75 65 22 97 51 61 69 54 21 12 94 42 89 32 100 84 88 78 52 
77 26 19 99 38 26 64 49 82 74 97 50 52 45 9 14 54 12 21 68 34 100 81 2 67 2 10 100 55 29 86 34 85 48 15 37 28 32 87 64 2 28 7 32 89 76 60 68 60 66 8 65 85 83 10 57 17 90 11 55 93 98 56 84 49 79 23 35 18 35 75 63 80 68 81 51 98 29 31 70 84 17 44 33 17 34 62 11 41 59 23 100 15 80 62 57 24 3 48 6 60 48 66 14 59 98 94 99 37 85 71 76 80 95 36 85 94 40 18 73 37 77 37 100 98 46 79 94 
1 97 18 44 74 84 84 28 35 35 53 36 19 86 9 40 26 92 43 5 43 43 40 92 86 8 47 48 41 36 42 79 79 12 49 87 37 60 17 1 37 50 11 83 14 86 30 50 3 47 25 95 71 54 44 91 53 77 6 55 16 3 58 46 45 41 35 16 22 38 32 68 76 54 32 25 14 83 75 82 6 99 77 90 81 25 92 89 63 77 10 29 65 27 39 37 33 83 92 15 40 97 60 40 87 65 66 64 85 4 73 66 5 87 28 79 18 51 3 45 29 80 48 6 33 51 21 99 
0.0 1.0 1.0 1.0 1.0 1.0 1.0 1.0 1.0 1.0 1.0 1.0 1.0 1.0 1.0 1.0 1.0 1.0 1.0 1.0 1.0 1.0 1.0 1.0 1.0 1.0 1.0 1.0 1.0 1.0 1.0 1.0 1.0 1.0 1.0 1.0 1.0 1.0 1.0 1.0 1.0 1.0 1.0 1.0 1.0 1.0 1.0 1.0 1.0 1.0 1.0 1.0 1.0 1.0 1.0 1.0 1.0 1.0 1.0 1.0 1.0 1.0 1.0 1.0 1.0 1.0 1.0 1.0 1.0 1.0 1.0 1.0 1.0 1.0 1.0 1.0 1.0 1.0 1.0 1.0 1.0 1.0 1.0 1.0 1.0 1.0 1.0 1.0 1.0 1.0 1.0 1.0 1.0 1.0 1.0 1.0 1.0 1.0 1.0 1.0 1.0 1.0 1.0 1.0 1.0 1.0 1.0 1.0 1.0 1.0 1.0 1.0 1.0 1.0 1.0 1.0 1.0 1.0 1.0 1.0 1.0 1.0 1.0 1.0 1.0 1.0 1.0 1.0 
1.0 0.0 1.0 1.0 1.0 1.0 1.0 1.0 1.0 1.0 1.0 1.0 1.0 1.0 1.0 1.0 1.0 1.0 1.0 1.0 1.0 1.0 1.0 1.0 1.0 1.0 1.0 1.0 1.0 1.0 1.0 1.0 1.0 1.0 1.0 1.0 1.0 1.0 1.0 1.0 1.0 1.0 1.0 1.0 1.0 1.0 1.0 1.0 1.0 1.0 1.0 1.0 1.0 1.0 1.0 1.0 1.0 1.0 1.0 1.0 1.0 1.0 1.0 1.0 1.0 1.0 1.0 1.0 1.0 1.0 1.0 1.0 1.0 1.0 1.0 1.0 1.0 1.0 1.0 1.0 1.0 1.0 1.0 1.0 1.0 1.0 1.0 1.0 1.0 1.0 1.0 1.0 1.0 1.0 1.0 1.0 1.0 1.0 1.0 1.0 1.0 1.0 1.0 1.0 1.0 1.0 1.0 1.0 1.0 1.0 1.0 1.0 1.0 1.0 1.0 1.0 1.0 1.0 1.0 1.0 1.0 1.0 1.0 1.0 1.0 1.0 1.0 1.0 
1.0 1.0 0.0 1.0 1.0 1.0 1.0 1.0 1.0 1.0 1.0 1.0 1.0 1.0 1.0 1.0 1.0 1.0 1.0 1.0 1.0 1.0 1.0 1.0 1.0 1.0 1.0 1.0 1.0 1.0 1.0 1.0 1.0 1.0 1.0 1.0 1.0 1.0 1.0 1.0 1.0 1.0 1.0 1.0 1.0 1.0 1.0 1.0 1.0 1.0 1.0 1.0 1.0 1.0 1.0 1.0 1.0 1.0 1.0 1.0 1.0 1.0 1.0 1.0 1.0 1.0 1.0 1.0 1.0 1.0 1.0 1.0 1.0 1.0 1.0 1.0 1.0 1.0 1.0 1.0 1.0 1.0 1.0 1.0 1.0 1.0 1.0 1.0 1.0 1.0 1.0 1.0 1.0 1.0 1.0 1.0 1.0 1.0 1.0 1.0 1.0 1.0 1.0 1.0 1.0 1.0 1.0 1.0 1.0 1.0 1.0 1.0 1.0 1.0 1.0 1.0 1.0 1.0 1.0 1.0 1.0 1.0 1.0 1.0 1.0 1.0 1.0 1.0 
1.0 1.0 1.0 0.0 1.0 1.0 1.0 1.0 1.0 1.0 1.0 1.0 1.0 1.0 1.0 1.0 1.0 1.0 1.0 1.0 1.0 1.0 1.0 1.0 1.0 1.0 1.0 1.0 1.0 1.0 1.0 1.0 1.0 1.0 1.0 1.0 1.0 1.0 1.0 1.0 1.0 1.0 1.0 1.0 1.0 1.0 1.0 1.0 1.0 1.0 1.0 1.0 1.0 1.0 1.0 1.0 1.0 1.0 1.0 1.0 1.0 1.0 1.0 1.0 1.0 1.0 1.0 1.0 1.0 1.0 1.0 1.0 1.0 1.0 1.0 1.0 1.0 1.0 1.0 1.0 1.0 1.0 1.0 1.0 1.0 1.0 1.0 1.0 1.0 1.0 1.0 1.0 1.0 1.0 1.0 1.0 1.0 1.0 1.0 1.0 1.0 1.0 1.0 1.0 1.0 1.0 1.0 1.0 1.0 1.0 1.0 1.0 1.0 1.0 1.0 1.0 1.0 1.0 1.0 1.0 1.0 1.0 1.0 1.0 1.0 1.0 1.0 1.0 
1.0 1.0 1.0 1.0 0.0 1.0 1.0 1.0 1.0 1.0 1.0 1.0 1.0 1.0 1.0 1.0 1.0 1.0 1.0 1.0 1.0 1.0 1.0 1.0 1.0 1.0 1.0 1.0 1.0 1.0 1.0 1.0 1.0 1.0 1.0 1.0 1.0 1.0 1.0 1.0 1.0 1.0 1.0 1.0 1.0 1.0 1.0 1.0 1.0 1.0 1.0 1.0 1.0 1.0 1.0 1.0 1.0 1.0 1.0 1.0 1.0 1.0 1.0 1.0 1.0 1.0 1.0 1.0 1.0 1.0 1.0 1.0 1.0 1.0 1.0 1.0 1.0 1.0 1.0 1.0 1.0 1.0 1.0 1.0 1.0 1.0 1.0 1.0 1.0 1.0 1.0 1.0 1.0 1.0 1.0 1.0 1.0 1.0 1.0 1.0 1.0 1.0 1.0 1.0 1.0 1.0 1.0 1.0 1.0 1.0 1.0 1.0 1.0 1.0 1.0 1.0 1.0 1.0 1.0 1.0 1.0 1.0 1.0 1.0 1.0 1.0 1.0 1.0 
1.0 1.0 1.0 1.0 1.0 0.0 1.0 1.0 1.0 1.0 1.0 1.0 1.0 1.0 1.0 1.0 1.0 1.0 1.0 1.0 1.0 1.0 1.0 1.0 1.0 1.0 1.0 1.0 1.0 1.0 1.0 1.0 1.0 1.0 1.0 1.0 1.0 1.0 1.0 1.0 1.0 1.0 1.0 1.0 1.0 1.0 1.0 1.0 1.0 1.0 1.0 1.0 1.0 1.0 1.0 1.0 1.0 1.0 1.0 1.0 1.0 1.0 1.0 1.0 1.0 1.0 1.0 1.0 1.0 1.0 1.0 1.0 1.0 1.0 1.0 1.0 1.0 1.0 1.0 1.0 1.0 1.0 1.0 1.0 1.0 1.0 1.0 1.0 1.0 1.0 1.0 1.0 1.0 1.0 1.0 1.0 1.0 1.0 1.0 1.0 1.0 1.0 1.0 1.0 1.0 1.0 1.0 1.0 1.0 1.0 1.0 1.0 1.0 1.0 1.0 1.0 1.0 1.0 1.0 1.0 1.0 1.0 1.0 1.0 1.0 1.0 1.0 1.0 
1.0 1.0 1.0 1.0 1.0 1.0 0.0 1.0 1.0 1.0 1.0 1.0 1.0 1.0 1.0 1.0 1.0 1.0 1.0 1.0 1.0 1.0 1.0 1.0 1.0 1.0 1.0 1.0 1.0 1.0 1.0 1.0 1.0 1.0 1.0 1.0 1.0 1.0 1.0 1.0 1.0 1.0 1.0 1.0 1.0 1.0 1.0 1.0 1.0 1.0 1.0 1.0 1.0 1.0 1.0 1.0 1.0 1.0 1.0 1.0 1.0 1.0 1.0 1.0 1.0 1.0 1.0 1.0 1.0 1.0 1.0 1.0 1.0 1.0 1.0 1.0 1.0 1.0 1.0 1.0 1.0 1.0 1.0 1.0 1.0 1.0 1.0 1.0 1.0 1.0 1.0 1.0 1.0 1.0 1.0 1.0 1.0 1.0 1.0 1.0 1.0 1.0 1.0 1.0 1.0 1.0 1.0 1.0 1.0 1.0 1.0 1.0 1.0 1.0 1.0 1.0 1.0 1.0 1.0 1.0 1.0 1.0 1.0 1.0 1.0 1.0 1.0 1.0 
1.0 1.0 1.0 1.0 1.0 1.0 1.0 0.0 1.0 1.0 1.0 1.0 1.0 1.0 1.0 1.0 1.0 1.0 1.0 1.0 1.0 1.0 1.0 1.0 1.0 1.0 1.0 1.0 1.0 1.0 1.0 1.0 1.0 1.0 1.0 1.0 1.0 1.0 1.0 1.0 1.0 1.0 1.0 1.0 1.0 1.0 1.0 1.0 1.0 1.0 1.0 1.0 1.0 1.0 1.0 1.0 1.0 1.0 1.0 1.0 1.0 1.0 1.0 1.0 1.0 1.0 1.0 1.0 1.0 1.0 1.0 1.0 1.0 1.0 1.0 1.0 1.0 1.0 1.0 1.0 1.0 1.0 1.0 1.0 1.0 1.0 1.0 1.0 1.0 1.0 1.0 1.0 1.0 1.0 1.0 1.0 1.0 1.0 1.0 1.0 1.0 1.0 1.0 1.0 1.0 1.0 1.0 1.0 1.0 1.0 1.0 1.0 1.0 1.0 1.0 1.0 1.0 1.0 1.0 1.0 1.0 1.0 1.0 1.0 1.0 1.0 1.0 1.0 
1.0 1.0 1.0 1.0 1.0 1.0 1.0 1.0 0.0 1.0 1.0 1.0 1.0 1.0 1.0 1.0 1.0 1.0 1.0 1.0 1.0 1.0 1.0 1.0 1.0 1.0 1.0 1.0 1.0 1.0 1.0 1.0 1.0 1.0 1.0 1.0 1.0 1.0 1.0 1.0 1.0 1.0 1.0 1.0 1.0 1.0 1.0 1.0 1.0 1.0 1.0 1.0 1.0 1.0 1.0 1.0 1.0 1.0 1.0 1.0 1.0 1.0 1.0 1.0 1.0 1.0 1.0 1.0 1.0 1.0 1.0 1.0 1.0 1.0 1.0 1.0 1.0 1.0 1.0 1.0 1.0 1.0 1.0 1.0 1.0 1.0 1.0 1.0 1.0 1.0 1.0 1.0 1.0 1.0 1.0 1.0 1.0 1.0 1.0 1.0 1.0 1.0 1.0 1.0 1.0 1.0 1.0 1.0 1.0 1.0 1.0 1.0 1.0 1.0 1.0 1.0 1.0 1.0 1.0 1.0 1.0 1.0 1.0 1.0 1.0 1.0 1.0 1.0 
1.0 1.0 1.0 1.0 1.0 1.0 1.0 1.0 1.0 0.0 1.0 1.0 1.0 1.0 1.0 1.0 1.0 1.0 1.0 1.0 1.0 1.0 1.0 1.0 1.0 1.0 1.0 1.0 1.0 1.0 1.0 1.0 1.0 1.0 1.0 1.0 1.0 1.0 1.0 1.0 1.0 1.0 1.0 1.0 1.0 1.0 1.0 1.0 1.0 1.0 1.0 1.0 1.0 1.0 1.0 1.0 1.0 1.0 1.0 1.0 1.0 1.0 1.0 1.0 1.0 1.0 1.0 1.0 1.0 1.0 1.0 1.0 1.0 1.0 1.0 1.0 1.0 1.0 1.0 1.0 1.0 1.0 1.0 1.0 1.0 1.0 1.0 1.0 1.0 1.0 1.0 1.0 1.0 1.0 1.0 1.0 1.0 1.0 1.0 1.0 1.0 1.0 1.0 1.0 1.0 1.0 1.0 1.0 1.0 1.0 1.0 1.0 1.0 1.0 1.0 1.0 1.0 1.0 1.0 1.0 1.0 1.0 1.0 1.0 1.0 1.0 1.0 1.0 
1.0 1.0 1.0 1.0 1.0 1.0 1.0 1.0 1.0 1.0 0.0 1.0 1.0 1.0 1.0 1.0 1.0 1.0 1.0 1.0 1.0 1.0 1.0 1.0 1.0 1.0 1.0 1.0 1.0 1.0 1.0 1.0 1.0 1.0 1.0 1.0 1.0 1.0 1.0 1.0 1.0 1.0 1.0 1.0 1.0 1.0 1.0 1.0 1.0 1.0 1.0 1.0 1.0 1.0 1.0 1.0 1.0 1.0 1.0 1.0 1.0 1.0 1.0 1.0 1.0 1.0 1.0 1.0 1.0 1.0 1.0 1.0 1.0 1.0 1.0 1.0 1.0 1.0 1.0 1.0 1.0 1.0 1.0 1.0 1.0 1.0 1.0 1.0 1.0 1.0 1.0 1.0 1.0 1.0 1.0 1.0 1.0 1.0 1.0 1.0 1.0 1.0 1.0 1.0 1.0 1.0 1.0 1.0 1.0 1.0 1.0 1.0 1.0 1.0 1.0 1.0 1.0 1.0 1.0 1.0 1.0 1.0 1.0 1.0 1.0 1.0 1.0 1.0 
1.0 1.0 1.0 1.0 1.0 1.0 1.0 1.0 1.0 1.0 1.0 0.0 1.0 1.0 1.0 1.0 1.0 1.0 1.0 1.0 1.0 1.0 1.0 1.0 1.0 1.0 1.0 1.0 1.0 1.0 1.0 1.0 1.0 1.0 1.0 1.0 1.0 1.0 1.0 1.0 1.0 1.0 1.0 1.0 1.0 1.0 1.0 1.0 1.0 1.0 1.0 1.0 1.0 1.0 1.0 1.0 1.0 1.0 1.0 1.0 1.0 1.0 1.0 1.0 1.0 1.0 1.0 1.0 1.0 1.0 1.0 1.0 1.0 1.0 1.0 1.0 1.0 1.0 1.0 1.0 1.0 1.0 1.0 1.0 1.0 1.0 1.0 1.0 1.0 1.0 1.0 1.0 1.0 1.0 1.0 1.0 1.0 1.0 1.0 1.0 1.0 1.0 1.0 1.0 1.0 1.0 1.0 1.0 1.0 1.0 1.0 1.0 1.0 1.0 1.0 1.0 1.0 1.0 1.0 1.0 1.0 1.0 1.0 1.0 1.0 1.0 1.0 1.0 
1.0 1.0 1.0 1.0 1.0 1.0 1.0 1.0 1.0 1.0 1.0 1.0 0.0 1.0 1.0 1.0 1.0 1.0 1.0 1.0 1.0 1.0 1.0 1.0 1.0 1.0 1.0 1.0 1.0 1.0 1.0 1.0 1.0 1.0 1.0 1.0 1.0 1.0 1.0 1.0 1.0 1.0 1.0 1.0 1.0 1.0 1.0 1.0 1.0 1.0 1.0 1.0 1.0 1.0 1.0 1.0 1.0 1.0 1.0 1.0 1.0 1.0 1.0 1.0 1.0 1.0 1.0 1.0 1.0 1.0 1.0 1.0 1.0 1.0 1.0 1.0 1.0 1.0 1.0 1.0 1.0 1.0 1.0 1.0 1.0 1.0 1.0 1.0 1.0 1.0 1.0 1.0 1.0 1.0 1.0 1.0 1.0 1.0 1.0 1.0 1.0 1.0 1.0 1.0 1.0 1.0 1.0 1.0 1.0 1.0 1.0 1.0 1.0 1.0 1.0 1.0 1.0 1.0 1.0 1.0 1.0 1.0 1.0 1.0 1.0 1.0 1.0 1.0 
1.0 1.0 1.0 1.0 1.0 1.0 1.0 1.0 1.0 1.0 1.0 1.0 1.0 0.0 1.0 1.0 1.0 1.0 1.0 1.0 1.0 1.0 1.0 1.0 1.0 1.0 1.0 1.0 1.0 1.0 1.0 1.0 1.0 1.0 1.0 1.0 1.0 1.0 1.0 1.0 1.0 1.0 1.0 1.0 1.0 1.0 1.0 1.0 1.0 1.0 1.0 1.0 1.0 1.0 1.0 1.0 1.0 1.0 1.0 1.0 1.0 1.0 1.0 1.0 1.0 1.0 1.0 1.0 1.0 1.0 1.0 1.0 1.0 1.0 1.0 1.0 1.0 1.0 1.0 1.0 1.0 1.0 1.0 1.0 1.0 1.0 1.0 1.0 1.0 1.0 1.0 1.0 1.0 1.0 1.0 1.0 1.0 1.0 1.0 1.0 1.0 1.0 1.0 1.0 1.0 1.0 1.0 1.0 1.0 1.0 1.0 1.0 1.0 1.0 1.0 1.0 1.0 1.0 1.0 1.0 1.0 1.0 1.0 1.0 1.0 1.0 1.0 1.0 
1.0 1.0 1.0 1.0 1.0 1.0 1.0 1.0 1.0 1.0 1.0 1.0 1.0 1.0 0.0 1.0 1.0 1.0 1.0 1.0 1.0 1.0 1.0 1.0 1.0 1.0 1.0 1.0 1.0 1.0 1.0 1.0 1.0 1.0 1.0 1.0 1.0 1.0 1.0 1.0 1.0 1.0 1.0 1.0 1.0 1.0 1.0 1.0 1.0 1.0 1.0 1.0 1.0 1.0 1.0 1.0 1.0 1.0 1.0 1.0 1.0 1.0 1.0 1.0 1.0 1.0 1.0 1.0 1.0 1.0 1.0 1.0 1.0 1.0 1.0 1.0 1.0 1.0 1.0 1.0 1.0 1.0 1.0 1.0 1.0 1.0 1.0 1.0 1.0 1.0 1.0 1.0 1.0 1.0 1.0 1.0 1.0 1.0 1.0 1.0 1.0 1.0 1.0 1.0 1.0 1.0 1.0 1.0 1.0 1.0 1.0 1.0 1.0 1.0 1.0 1.0 1.0 1.0 1.0 1.0 1.0 1.0 1.0 1.0 1.0 1.0 1.0 1.0 
1.0 1.0 1.0 1.0 1.0 1.0 1.0 1.0 1.0 1.0 1.0 1.0 1.0 1.0 1.0 0.0 1.0 1.0 1.0 1.0 1.0 1.0 1.0 1.0 1.0 1.0 1.0 1.0 1.0 1.0 1.0 1.0 1.0 1.0 1.0 1.0 1.0 1.0 1.0 1.0 1.0 1.0 1.0 1.0 1.0 1.0 1.0 1.0 1.0 1.0 1.0 1.0 1.0 1.0 1.0 1.0 1.0 1.0 1.0 1.0 1.0 1.0 1.0 1.0 1.0 1.0 1.0 1.0 1.0 1.0 1.0 1.0 1.0 1.0 1.0 1.0 1.0 1.0 1.0 1.0 1.0 1.0 1.0 1.0 1.0 1.0 1.0 1.0 1.0 1.0 1.0 1.0 1.0 1.0 1.0 1.0 1.0 1.0 1.0 1.0 1.0 1.0 1.0 1.0 1.0 1.0 1.0 1.0 1.0 1.0 1.0 1.0 1.0 1.0 1.0 1.0 1.0 1.0 1.0 1.0 1.0 1.0 1.0 1.0 1.0 1.0 1.0 1.0 
1.0 1.0 1.0 1.0 1.0 1.0 1.0 1.0 1.0 1.0 1.0 1.0 1.0 1.0 1.0 1.0 0.0 1.0 1.0 1.0 1.0 1.0 1.0 1.0 1.0 1.0 1.0 1.0 1.0 1.0 1.0 1.0 1.0 1.0 1.0 1.0 1.0 1.0 1.0 1.0 1.0 1.0 1.0 1.0 1.0 1.0 1.0 1.0 1.0 1.0 1.0 1.0 1.0 1.0 1.0 1.0 1.0 1.0 1.0 1.0 1.0 1.0 1.0 1.0 1.0 1.0 1.0 1.0 1.0 1.0 1.0 1.0 1.0 1.0 1.0 1.0 1.0 1.0 1.0 1.0 1.0 1.0 1.0 1.0 1.0 1.0 1.0 1.0 1.0 1.0 1.0 1.0 1.0 1.0 1.0 1.0 1.0 1.0 1.0 1.0 1.0 1.0 1.0 1.0 1.0 1.0 1.0 1.0 1.0 1.0 1.0 1.0 1.0 1.0 1.0 1.0 1.0 1.0 1.0 1.0 1.0 1.0 1.0 1.0 1.0 1.0 1.0 1.0 
1.0 1.0 1.0 1.0 1.0 1.0 1.0 1.0 1.0 1.0 1.0 1.0 1.0 1.0 1.0 1.0 1.0 0.0 1.0 1.0 1.0 1.0 1.0 1.0 1.0 1.0 1.0 1.0 1.0 1.0 1.0 1.0 1.0 1.0 1.0 1.0 1.0 1.0 1.0 1.0 1.0 1.0 1.0 1.0 1.0 1.0 1.0 1.0 1.0 1.0 1.0 1.0 1.0 1.0 1.0 1.0 1.0 1.0 1.0 1.0 1.0 1.0 1.0 1.0 1.0 1.0 1.0 1.0 1.0 1.0 1.0 1.0 1.0 1.0 1.0 1.0 1.0 1.0 1.0 1.0 1.0 1.0 1.0 1.0 1.0 1.0 1.0 1.0 1.0 1.0 1.0 1.0 1.0 1.0 1.0 1.0 1.0 1.0 1.0 1.0 1.0 1.0 1.0 1.0 1.0 1.0 1.0 1.0 1.0 1.0 1.0 1.0 1.0 1.0 1.0 1.0 1.0 1.0 1.0 1.0 1.0 1.0 1.0 1.0 1.0 1.0 1.0 1.0 
1.0 1.0 1.0 1.0 1.0 1.0 1.0 1.0 1.0 1.0 1.0 1.0 1.0 1.0 1.0 1.0 1.0 1.0 0.0 1.0 1.0 1.0 1.0 1.0 1.0 1.0 1.0 1.0 1.0 1.0 1.0 1.0 1.0 1.0 1.0 1.0 1.0 1.0 1.0 1.0 1.0 1.0 1.0 1.0 1.0 1.0 1.0 1.0 1.0 1.0 1.0 1.0 1.0 1.0 1.0 1.0 1.0 1.0 1.0 1.0 1.0 1.0 1.0 1.0 1.0 1.0 1.0 1.0 1.0 1.0 1.0 1.0 1.0 1.0 1.0 1.0 1.0 1.0 1.0 1.0 1.0 1.0 1.0 1.0 1.0 1.0 1.0 1.0 1.0 1.0 1.0 1.0 1.0 1.0 1.0 1.0 1.0 1.0 1.0 1.0 1.0 1.0 1.0 1.0 1.0 1.0 1.0 1.0 1.0 1.0 1.0 1.0 1.0 1.0 1.0 1.0 1.0 1.0 1.0 1.0 1.0 1.0 1.0 1.0 1.0 1.0 1.0 1.0 
1.0 1.0 1.0 1.0 1.0 1.0 1.0 1.0 1.0 1.0 1.0 1.0 1.0 1.0 1.0 1.0 1.0 1.0 1.0 0.0 1.0 1.0 1.0 1.0 1.0 1.0 1.0 1.0 1.0 1.0 1.0 1.0 1.0 1.0 1.0 1.0 1.0 1.0 1.0 1.0 1.0 1.0 1.0 1.0 1.0 1.0 1.0 1.0 1.0 1.0 1.0 1.0 1.0 1.0 1.0 1.0 1.0 1.0 1.0 1.0 1.0 1.0 1.0 1.0 1.0 1.0 1.0 1.0 1.0 1.0 1.0 1.0 1.0 1.0 1.0 1.0 1.0 1.0 1.0 1.0 1.0 1.0 1.0 1.0 1.0 1.0 1.0 1.0 1.0 1.0 1.0 1.0 1.0 1.0 1.0 1.0 1.0 1.0 1.0 1.0 1.0 1.0 1.0 1.0 1.0 1.0 1.0 1.0 1.0 1.0 1.0 1.0 1.0 1.0 1.0 1.0 1.0 1.0 1.0 1.0 1.0 1.0 1.0 1.0 1.0 1.0 1.0 1.0 
1.0 1.0 1.0 1.0 1.0 1.0 1.0 1.0 1.0 1.0 1.0 1.0 1.0 1.0 1.0 1.0 1.0 1.0 1.0 1.0 0.0 1.0 1.0 1.0 1.0 1.0 1.0 1.0 1.0 1.0 1.0 1.0 1.0 1.0 1.0 1.0 1.0 1.0 1.0 1.0 1.0 1.0 1.0 1.0 1.0 1.0 1.0 1.0 1.0 1.0 1.0 1.0 1.0 1.0 1.0 1.0 1.0 1.0 1.0 1.0 1.0 1.0 1.0 1.0 1.0 1.0 1.0 1.0 1.0 1.0 1.0 1.0 1.0 1.0 1.0 1.0 1.0 1.0 1.0 1.0 1.0 1.0 1.0 1.0 1.0 1.0 1.0 1.0 1.0 1.0 1.0 1.0 1.0 1.0 1.0 1.0 1.0 1.0 1.0 1.0 1.0 1.0 1.0 1.0 1.0 1.0 1.0 1.0 1.0 1.0 1.0 1.0 1.0 1.0 1.0 1.0 1.0 1.0 1.0 1.0 1.0 1.0 1.0 1.0 1.0 1.0 1.0 1.0 
1.0 1.0 1.0 1.0 1.0 1.0 1.0 1.0 1.0 1.0 1.0 1.0 1.0 1.0 1.0 1.0 1.0 1.0 1.0 1.0 1.0 0.0 1.0 1.0 1.0 1.0 1.0 1.0 1.0 1.0 1.0 1.0 1.0 1.0 1.0 1.0 1.0 1.0 1.0 1.0 1.0 1.0 1.0 1.0 1.0 1.0 1.0 1.0 1.0 1.0 1.0 1.0 1.0 1.0 1.0 1.0 1.0 1.0 1.0 1.0 1.0 1.0 1.0 1.0 1.0 1.0 1.0 1.0 1.0 1.0 1.0 1.0 1.0 1.0 1.0 1.0 1.0 1.0 1.0 1.0 1.0 1.0 1.0 1.0 1.0 1.0 1.0 1.0 1.0 1.0 1.0 1.0 1.0 1.0 1.0 1.0 1.0 1.0 1.0 1.0 1.0 1.0 1.0 1.0 1.0 1.0 1.0 1.0 1.0 1.0 1.0 1.0 1.0 1.0 1.0 1.0 1.0 1.0 1.0 1.0 1.0 1.0 1.0 1.0 1.0 1.0 1.0 1.0 
1.0 1.0 1.0 1.0 1.0 1.0 1.0 1.0 1.0 1.0 1.0 1.0 1.0 1.0 1.0 1.0 1.0 1.0 1.0 1.0 1.0 1.0 0.0 1.0 1.0 1.0 1.0 1.0 1.0 1.0 1.0 1.0 1.0 1.0 1.0 1.0 1.0 1.0 1.0 1.0 1.0 1.0 1.0 1.0 1.0 1.0 1.0 1.0 1.0 1.0 1.0 1.0 1.0 1.0 1.0 1.0 1.0 1.0 1.0 1.0 1.0 1.0 1.0 1.0 1.0 1.0 1.0 1.0 1.0 1.0 1.0 1.0 1.0 1.0 1.0 1.0 1.0 1.0 1.0 1.0 1.0 1.0 1.0 1.0 1.0 1.0 1.0 1.0 1.0 1.0 1.0 1.0 1.0 1.0 1.0 1.0 1.0 1.0 1.0 1.0 1.0 1.0 1.0 1.0 1.0 1.0 1.0 1.0 1.0 1.0 1.0 1.0 1.0 1.0 1.0 1.0 1.0 1.0 1.0 1.0 1.0 1.0 1.0 1.0 1.0 1.0 1.0 1.0 
1.0 1.0 1.0 1.0 1.0 1.0 1.0 1.0 1.0 1.0 1.0 1.0 1.0 1.0 1.0 1.0 1.0 1.0 1.0 1.0 1.0 1.0 1.0 0.0 1.0 1.0 1.0 1.0 1.0 1.0 1.0 1.0 1.0 1.0 1.0 1.0 1.0 1.0 1.0 1.0 1.0 1.0 1.0 1.0 1.0 1.0 1.0 1.0 1.0 1.0 1.0 1.0 1.0 1.0 1.0 1.0 1.0 1.0 1.0 1.0 1.0 1.0 1.0 1.0 1.0 1.0 1.0 1.0 1.0 1.0 1.0 1.0 1.0 1.0 1.0 1.0 1.0 1.0 1.0 1.0 1.0 1.0 1.0 1.0 1.0 1.0 1.0 1.0 1.0 1.0 1.0 1.0 1.0 1.0 1.0 1.0 1.0 1.0 1.0 1.0 1.0 1.0 1.0 1.0 1.0 1.0 1.0 1.0 1.0 1.0 1.0 1.0 1.0 1.0 1.0 1.0 1.0 1.0 1.0 1.0 1.0 1.0 1.0 1.0 1.0 1.0 1.0 1.0 
1.0 1.0 1.0 1.0 1.0 1.0 1.0 1.0 1.0 1.0 1.0 1.0 1.0 1.0 1.0 1.0 1.0 1.0 1.0 1.0 1.0 1.0 1.0 1.0 0.0 1.0 1.0 1.0 1.0 1.0 1.0 1.0 1.0 1.0 1.0 1.0 1.0 1.0 1.0 1.0 1.0 1.0 1.0 1.0 1.0 1.0 1.0 1.0 1.0 1.0 1.0 1.0 1.0 1.0 1.0 1.0 1.0 1.0 1.0 1.0 1.0 1.0 1.0 1.0 1.0 1.0 1.0 1.0 1.0 1.0 1.0 1.0 1.0 1.0 1.0 1.0 1.0 1.0 1.0 1.0 1.0 1.0 1.0 1.0 1.0 1.0 1.0 1.0 1.0 1.0 1.0 1.0 1.0 1.0 1.0 1.0 1.0 1.0 1.0 1.0 1.0 1.0 1.0 1.0 1.0 1.0 1.0 1.0 1.0 1.0 1.0 1.0 1.0 1.0 1.0 1.0 1.0 1.0 1.0 1.0 1.0 1.0 1.0 1.0 1.0 1.0 1.0 1.0 
1.0 1.0 1.0 1.0 1.0 1.0 1.0 1.0 1.0 1.0 1.0 1.0 1.0 1.0 1.0 1.0 1.0 1.0 1.0 1.0 1.0 1.0 1.0 1.0 1.0 0.0 1.0 1.0 1.0 1.0 1.0 1.0 1.0 1.0 1.0 1.0 1.0 1.0 1.0 1.0 1.0 1.0 1.0 1.0 1.0 1.0 1.0 1.0 1.0 1.0 1.0 1.0 1.0 1.0 1.0 1.0 1.0 1.0 1.0 1.0 1.0 1.0 1.0 1.0 1.0 1.0 1.0 1.0 1.0 1.0 1.0 1.0 1.0 1.0 1.0 1.0 1.0 1.0 1.0 1.0 1.0 1.0 1.0 1.0 1.0 1.0 1.0 1.0 1.0 1.0 1.0 1.0 1.0 1.0 1.0 1.0 1.0 1.0 1.0 1.0 1.0 1.0 1.0 1.0 1.0 1.0 1.0 1.0 1.0 1.0 1.0 1.0 1.0 1.0 1.0 1.0 1.0 1.0 1.0 1.0 1.0 1.0 1.0 1.0 1.0 1.0 1.0 1.0 
1.0 1.0 1.0 1.0 1.0 1.0 1.0 1.0 1.0 1.0 1.0 1.0 1.0 1.0 1.0 1.0 1.0 1.0 1.0 1.0 1.0 1.0 1.0 1.0 1.0 1.0 0.0 1.0 1.0 1.0 1.0 1.0 1.0 1.0 1.0 1.0 1.0 1.0 1.0 1.0 1.0 1.0 1.0 1.0 1.0 1.0 1.0 1.0 1.0 1.0 1.0 1.0 1.0 1.0 1.0 1.0 1.0 1.0 1.0 1.0 1.0 1.0 1.0 1.0 1.0 1.0 1.0 1.0 1.0 1.0 1.0 1.0 1.0 1.0 1.0 1.0 1.0 1.0 1.0 1.0 1.0 1.0 1.0 1.0 1.0 1.0 1.0 1.0 1.0 1.0 1.0 1.0 1.0 1.0 1.0 1.0 1.0 1.0 1.0 1.0 1.0 1.0 1.0 1.0 1.0 1.0 1.0 1.0 1.0 1.0 1.0 1.0 1.0 1.0 1.0 1.0 1.0 1.0 1.0 1.0 1.0 1.0 1.0 1.0 1.0 1.0 1.0 1.0 
1.0 1.0 1.0 1.0 1.0 1.0 1.0 1.0 1.0 1.0 1.0 1.0 1.0 1.0 1.0 1.0 1.0 1.0 1.0 1.0 1.0 1.0 1.0 1.0 1.0 1.0 1.0 0.0 1.0 1.0 1.0 1.0 1.0 1.0 1.0 1.0 1.0 1.0 1.0 1.0 1.0 1.0 1.0 1.0 1.0 1.0 1.0 1.0 1.0 1.0 1.0 1.0 1.0 1.0 1.0 1.0 1.0 1.0 1.0 1.0 1.0 1.0 1.0 1.0 1.0 1.0 1.0 1.0 1.0 1.0 1.0 1.0 1.0 1.0 1.0 1.0 1.0 1.0 1.0 1.0 1.0 1.0 1.0 1.0 1.0 1.0 1.0 1.0 1.0 1.0 1.0 1.0 1.0 1.0 1.0 1.0 1.0 1.0 1.0 1.0 1.0 1.0 1.0 1.0 1.0 1.0 1.0 1.0 1.0 1.0 1.0 1.0 1.0 1.0 1.0 1.0 1.0 1.0 1.0 1.0 1.0 1.0 1.0 1.0 1.0 1.0 1.0 1.0 
1.0 1.0 1.0 1.0 1.0 1.0 1.0 1.0 1.0 1.0 1.0 1.0 1.0 1.0 1.0 1.0 1.0 1.0 1.0 1.0 1.0 1.0 1.0 1.0 1.0 1.0 1.0 1.0 0.0 1.0 1.0 1.0 1.0 1.0 1.0 1.0 1.0 1.0 1.0 1.0 1.0 1.0 1.0 1.0 1.0 1.0 1.0 1.0 1.0 1.0 1.0 1.0 1.0 1.0 1.0 1.0 1.0 1.0 1.0 1.0 1.0 1.0 1.0 1.0 1.0 1.0 1.0 1.0 1.0 1.0 1.0 1.0 1.0 1.0 1.0 1.0 1.0 1.0 1.0 1.0 1.0 1.0 1.0 1.0 1.0 1.0 1.0 1.0 1.0 1.0 1.0 1.0 1.0 1.0 1.0 1.0 1.0 1.0 1.0 1.0 1.0 1.0 1.0 1.0 1.0 1.0 1.0 1.0 1.0 1.0 1.0 1.0 1.0 1.0 1.0 1.0 1.0 1.0 1.0 1.0 1.0 1.0 1.0 1.0 1.0 1.0 1.0 1.0 
1.0 1.0 1.0 1.0 1.0 1.0 1.0 1.0 1.0 1.0 1.0 1.0 1.0 1.0 1.0 1.0 1.0 1.0 1.0 1.0 1.0 1.0 1.0 1.0 1.0 1.0 1.0 1.0 1.0 0.0 1.0 1.0 1.0 1.0 1.0 1.0 1.0 1.0 1.0 1.0 1.0 1.0 1.0 1.0 1.0 1.0 1.0 1.0 1.0 1.0 1.0 1.0 1.0 1.0 1.0 1.0 1.0 1.0 1.0 1.0 1.0 1.0 1.0 1.0 1.0 1.0 1.0 1.0 1.0 1.0 1.0 1.0 1.0 1.0 1.0 1.0 1.0 1.0 1.0 1.0 1.0 1.0 1.0 1.0 1.0 1.0 1.0 1.0 1.0 1.0 1.0 1.0 1.0 1.0 1.0 1.0 1.0 1.0 1.0 1.0 1.0 1.0 1.0 1.0 1.0 1.0 1.0 1.0 1.0 1.0 1.0 1.0 1.0 1.0 1.0 1.0 1.0 1.0 1.0 1.0 1.0 1.0 1.0 1.0 1.0 1.0 1.0 1.0 
1.0 1.0 1.0 1.0 1.0 1.0 1.0 1.0 1.0 1.0 1.0 1.0 1.0 1.0 1.0 1.0 1.0 1.0 1.0 1.0 1.0 1.0 1.0 1.0 1.0 1.0 1.0 1.0 1.0 1.0 0.0 1.0 1.0 1.0 1.0 1.0 1.0 1.0 1.0 1.0 1.0 1.0 1.0 1.0 1.0 1.0 1.0 1.0 1.0 1.0 1.0 1.0 1.0 1.0 1.0 1.0 1.0 1.0 1.0 1.0 1.0 1.0 1.0 1.0 1.0 1.0 1.0 1.0 1.0 1.0 1.0 1.0 1.0 1.0 1.0 1.0 1.0 1.0 1.0 1.0 1.0 1.0 1.0 1.0 1.0 1.0 1.0 1.0 1.0 1.0 1.0 1.0 1.0 1.0 1.0 1.0 1.0 1.0 1.0 1.0 1.0 1.0 1.0 1.0 1.0 1.0 1.0 1.0 1.0 1.0 1.0 1.0 1.0 1.0 1.0 1.0 1.0 1.0 1.0 1.0 1.0 1.0 1.0 1.0 1.0 1.0 1.0 1.0 
1.0 1.0 1.0 1.0 1.0 1.0 1.0 1.0 1.0 1.0 1.0 1.0 1.0 1.0 1.0 1.0 1.0 1.0 1.0 1.0 1.0 1.0 1.0 1.0 1.0 1.0 1.0 1.0 1.0 1.0 1.0 0.0 1.0 1.0 1.0 1.0 1.0 1.0 1.0 1.0 1.0 1.0 1.0 1.0 1.0 1.0 1.0 1.0 1.0 1.0 1.0 1.0 1.0 1.0 1.0 1.0 1.0 1.0 1.0 1.0 1.0 1.0 1.0 1.0 1.0 1.0 1.0 1.0 1.0 1.0 1.0 1.0 1.0 1.0 1.0 1.0 1.0 1.0 1.0 1.0 1.0 1.0 1.0 1.0 1.0 1.0 1.0 1.0 1.0 1.0 1.0 1.0 1.0 1.0 1.0 1.0 1.0 1.0 1.0 1.0 1.0 1.0 1.0 1.0 1.0 1.0 1.0 1.0 1.0 1.0 1.0 1.0 1.0 1.0 1.0 1.0 1.0 1.0 1.0 1.0 1.0 1.0 1.0 1.0 1.0 1.0 1.0 1.0 
1.0 1.0 1.0 1.0 1.0 1.0 1.0 1.0 1.0 1.0 1.0 1.0 1.0 1.0 1.0 1.0 1.0 1.0 1.0 1.0 1.0 1.0 1.0 1.0 1.0 1.0 1.0 1.0 1.0 1.0 1.0 1.0 0.0 1.0 1.0 1.0 1.0 1.0 1.0 1.0 1.0 1.0 1.0 1.0 1.0 1.0 1.0 1.0 1.0 1.0 1.0 1.0 1.0 1.0 1.0 1.0 1.0 1.0 1.0 1.0 1.0 1.0 1.0 1.0 1.0 1.0 1.0 1.0 1.0 1.0 1.0 1.0 1.0 1.0 1.0 1.0 1.0 1.0 1.0 1.0 1.0 1.0 1.0 1.0 1.0 1.0 1.0 1.0 1.0 1.0 1.0 1.0 1.0 1.0 1.0 1.0 1.0 1.0 1.0 1.0 1.0 1.0 1.0 1.0 1.0 1.0 1.0 1.0 1.0 1.0 1.0 1.0 1.0 1.0 1.0 1.0 1.0 1.0 1.0 1.0 1.0 1.0 1.0 1.0 1.0 1.0 1.0 1.0 
1.0 1.0 1.0 1.0 1.0 1.0 1.0 1.0 1.0 1.0 1.0 1.0 1.0 1.0 1.0 1.0 1.0 1.0 1.0 1.0 1.0 1.0 1.0 1.0 1.0 1.0 1.0 1.0 1.0 1.0 1.0 1.0 1.0 0.0 1.0 1.0 1.0 1.0 1.0 1.0 1.0 1.0 1.0 1.0 1.0 1.0 1.0 1.0 1.0 1.0 1.0 1.0 1.0 1.0 1.0 1.0 1.0 1.0 1.0 1.0 1.0 1.0 1.0 1.0 1.0 1.0 1.0 1.0 1.0 1.0 1.0 1.0 1.0 1.0 1.0 1.0 1.0 1.0 1.0 1.0 1.0 1.0 1.0 1.0 1.0 1.0 1.0 1.0 1.0 1.0 1.0 1.0 1.0 1.0 1.0 1.0 1.0 1.0 1.0 1.0 1.0 1.0 1.0 1.0 1.0 1.0 1.0 1.0 1.0 1.0 1.0 1.0 1.0 1.0 1.0 1.0 1.0 1.0 1.0 1.0 1.0 1.0 1.0 1.0 1.0 1.0 1.0 1.0 
1.0 1.0 1.0 1.0 1.0 1.0 1.0 1.0 1.0 1.0 1.0 1.0 1.0 1.0 1.0 1.0 1.0 1.0 1.0 1.0 1.0 1.0 1.0 1.0 1.0 1.0 1.0 1.0 1.0 1.0 1.0 1.0 1.0 1.0 0.0 1.0 1.0 1.0 1.0 1.0 1.0 1.0 1.0 1.0 1.0 1.0 1.0 1.0 1.0 1.0 1.0 1.0 1.0 1.0 1.0 1.0 1.0 1.0 1.0 1.0 1.0 1.0 1.0 1.0 1.0 1.0 1.0 1.0 1.0 1.0 1.0 1.0 1.0 1.0 1.0 1.0 1.0 1.0 1.0 1.0 1.0 1.0 1.0 1.0 1.0 1.0 1.0 1.0 1.0 1.0 1.0 1.0 1.0 1.0 1.0 1.0 1.0 1.0 1.0 1.0 1.0 1.0 1.0 1.0 1.0 1.0 1.0 1.0 1.0 1.0 1.0 1.0 1.0 1.0 1.0 1.0 1.0 1.0 1.0 1.0 1.0 1.0 1.0 1.0 1.0 1.0 1.0 1.0 
1.0 1.0 1.0 1.0 1.0 1.0 1.0 1.0 1.0 1.0 1.0 1.0 1.0 1.0 1.0 1.0 1.0 1.0 1.0 1.0 1.0 1.0 1.0 1.0 1.0 1.0 1.0 1.0 1.0 1.0 1.0 1.0 1.0 1.0 1.0 0.0 1.0 1.0 1.0 1.0 1.0 1.0 1.0 1.0 1.0 1.0 1.0 1.0 1.0 1.0 1.0 1.0 1.0 1.0 1.0 1.0 1.0 1.0 1.0 1.0 1.0 1.0 1.0 1.0 1.0 1.0 1.0 1.0 1.0 1.0 1.0 1.0 1.0 1.0 1.0 1.0 1.0 1.0 1.0 1.0 1.0 1.0 1.0 1.0 1.0 1.0 1.0 1.0 1.0 1.0 1.0 1.0 1.0 1.0 1.0 1.0 1.0 1.0 1.0 1.0 1.0 1.0 1.0 1.0 1.0 1.0 1.0 1.0 1.0 1.0 1.0 1.0 1.0 1.0 1.0 1.0 1.0 1.0 1.0 1.0 1.0 1.0 1.0 1.0 1.0 1.0 1.0 1.0 
1.0 1.0 1.0 1.0 1.0 1.0 1.0 1.0 1.0 1.0 1.0 1.0 1.0 1.0 1.0 1.0 1.0 1.0 1.0 1.0 1.0 1.0 1.0 1.0 1.0 1.0 1.0 1.0 1.0 1.0 1.0 1.0 1.0 1.0 1.0 1.0 0.0 1.0 1.0 1.0 1.0 1.0 1.0 1.0 1.0 1.0 1.0 1.0 1.0 1.0 1.0 1.0 1.0 1.0 1.0 1.0 1.0 1.0 1.0 1.0 1.0 1.0 1.0 1.0 1.0 1.0 1.0 1.0 1.0 1.0 1.0 1.0 1.0 1.0 1.0 1.0 1.0 1.0 1.0 1.0 1.0 1.0 1.0 1.0 1.0 1.0 1.0 1.0 1.0 1.0 1.0 1.0 1.0 1.0 1.0 1.0 1.0 1.0 1.0 1.0 1.0 1.0 1.0 1.0 1.0 1.0 1.0 1.0 1.0 1.0 1.0 1.0 1.0 1.0 1.0 1.0 1.0 1.0 1.0 1.0 1.0 1.0 1.0 1.0 1.0 1.0 1.0 1.0 
1.0 1.0 1.0 1.0 1.0 1.0 1.0 1.0 1.0 1.0 1.0 1.0 1.0 1.0 1.0 1.0 1.0 1.0 1.0 1.0 1.0 1.0 1.0 1.0 1.0 1.0 1.0 1.0 1.0 1.0 1.0 1.0 1.0 1.0 1.0 1.0 1.0 0.0 1.0 1.0 1.0 1.0 1.0 1.0 1.0 1.0 1.0 1.0 1.0 1.0 1.0 1.0 1.0 1.0 1.0 1.0 1.0 1.0 1.0 1.0 1.0 1.0 1.0 1.0 1.0 1.0 1.0 1.0 1.0 1.0 1.0 1.0 1.0 1.0 1.0 1.0 1.0 1.0 1.0 1.0 1.0 1.0 1.0 1.0 1.0 1.0 1.0 1.0 1.0 1.0 1.0 1.0 1.0 1.0 1.0 1.0 1.0 1.0 1.0 1.0 1.0 1.0 1.0 1.0 1.0 1.0 1.0 1.0 1.0 1.0 1.0 1.0 1.0 1.0 1.0 1.0 1.0 1.0 1.0 1.0 1.0 1.0 1.0 1.0 1.0 1.0 1.0 1.0 
1.0 1.0 1.0 1.0 1.0 1.0 1.0 1.0 1.0 1.0 1.0 1.0 1.0 1.0 1.0 1.0 1.0 1.0 1.0 1.0 1.0 1.0 1.0 1.0 1.0 1.0 1.0 1.0 1.0 1.0 1.0 1.0 1.0 1.0 1.0 1.0 1.0 1.0 0.0 1.0 1.0 1.0 1.0 1.0 1.0 1.0 1.0 1.0 1.0 1.0 1.0 1.0 1.0 1.0 1.0 1.0 1.0 1.0 1.0 1.0 1.0 1.0 1.0 1.0 1.0 1.0 1.0 1.0 1.0 1.0 1.0 1.0 1.0 1.0 1.0 1.0 1.0 1.0 1.0 1.0 1.0 1.0 1.0 1.0 1.0 1.0 1.0 1.0 1.0 1.0 1.0 1.0 1.0 1.0 1.0 1.0 1.0 1.0 1.0 1.0 1.0 1.0 1.0 1.0 1.0 1.0 1.0 1.0 1.0 1.0 1.0 1.0 1.0 1.0 1.0 1.0 1.0 1.0 1.0 1.0 1.0 1.0 1.0 1.0 1.0 1.0 1.0 1.0 
1.0 1.0 1.0 1.0 1.0 1.0 1.0 1.0 1.0 1.0 1.0 1.0 1.0 1.0 1.0 1.0 1.0 1.0 1.0 1.0 1.0 1.0 1.0 1.0 1.0 1.0 1.0 1.0 1.0 1.0 1.0 1.0 1.0 1.0 1.0 1.0 1.0 1.0 1.0 0.0 1.0 1.0 1.0 1.0 1.0 1.0 1.0 1.0 1.0 1.0 1.0 1.0 1.0 1.0 1.0 1.0 1.0 1.0 1.0 1.0 1.0 1.0 1.0 1.0 1.0 1.0 1.0 1.0 1.0 1.0 1.0 1.0 1.0 1.0 1.0 1.0 1.0 1.0 1.0 1.0 1.0 1.0 1.0 1.0 1.0 1.0 1.0 1.0 1.0 1.0 1.0 1.0 1.0 1.0 1.0 1.0 1.0 1.0 1.0 1.0 1.0 1.0 1.0 1.0 1.0 1.0 1.0 1.0 1.0 1.0 1.0 1.0 1.0 1.0 1.0 1.0 1.0 1.0 1.0 1.0 1.0 1.0 1.0 1.0 1.0 1.0 1.0 1.0 
1.0 1.0 1.0 1.0 1.0 1.0 1.0 1.0 1.0 1.0 1.0 1.0 1.0 1.0 1.0 1.0 1.0 1.0 1.0 1.0 1.0 1.0 1.0 1.0 1.0 1.0 1.0 1.0 1.0 1.0 1.0 1.0 1.0 1.0 1.0 1.0 1.0 1.0 1.0 1.0 0.0 1.0 1.0 1.0 1.0 1.0 1.0 1.0 1.0 1.0 1.0 1.0 1.0 1.0 1.0 1.0 1.0 1.0 1.0 1.0 1.0 1.0 1.0 1.0 1.0 1.0 1.0 1.0 1.0 1.0 1.0 1.0 1.0 1.0 1.0 1.0 1.0 1.0 1.0 1.0 1.0 1.0 1.0 1.0 1.0 1.0 1.0 1.0 1.0 1.0 1.0 1.0 1.0 1.0 1.0 1.0 1.0 1.0 1.0 1.0 1.0 1.0 1.0 1.0 1.0 1.0 1.0 1.0 1.0 1.0 1.0 1.0 1.0 1.0 1.0 1.0 1.0 1.0 1.0 1.0 1.0 1.0 1.0 1.0 1.0 1.0 1.0 1.0 
1.0 1.0 1.0 1.0 1.0 1.0 1.0 1.0 1.0 1.0 1.0 1.0 1.0 1.0 1.0 1.0 1.0 1.0 1.0 1.0 1.0 1.0 1.0 1.0 1.0 1.0 1.0 1.0 1.0 1.0 1.0 1.0 1.0 1.0 1.0 1.0 1.0 1.0 1.0 1.0 1.0 0.0 1.0 1.0 1.0 1.0 1.0 1.0 1.0 1.0 1.0 1.0 1.0 1.0 1.0 1.0 1.0 1.0 1.0 1.0 1.0 1.0 1.0 1.0 1.0 1.0 1.0 1.0 1.0 1.0 1.0 1.0 1.0 1.0 1.0 1.0 1.0 1.0 1.0 1.0 1.0 1.0 1.0 1.0 1.0 1.0 1.0 1.0 1.0 1.0 1.0 1.0 1.0 1.0 1.0 1.0 1.0 1.0 1.0 1.0 1.0 1.0 1.0 1.0 1.0 1.0 1.0 1.0 1.0 1.0 1.0 1.0 1.0 1.0 1.0 1.0 1.0 1.0 1.0 1.0 1.0 1.0 1.0 1.0 1.0 1.0 1.0 1.0 
1.0 1.0 1.0 1.0 1.0 1.0 1.0 1.0 1.0 1.0 1.0 1.0 1.0 1.0 1.0 1.0 1.0 1.0 1.0 1.0 1.0 1.0 1.0 1.0 1.0 1.0 1.0 1.0 1.0 1.0 1.0 1.0 1.0 1.0 1.0 1.0 1.0 1.0 1.0 1.0 1.0 1.0 0.0 1.0 1.0 1.0 1.0 1.0 1.0 1.0 1.0 1.0 1.0 1.0 1.0 1.0 1.0 1.0 1.0 1.0 1.0 1.0 1.0 1.0 1.0 1.0 1.0 1.0 1.0 1.0 1.0 1.0 1.0 1.0 1.0 1.0 1.0 1.0 1.0 1.0 1.0 1.0 1.0 1.0 1.0 1.0 1.0 1.0 1.0 1.0 1.0 1.0 1.0 1.0 1.0 1.0 1.0 1.0 1.0 1.0 1.0 1.0 1.0 1.0 1.0 1.0 1.0 1.0 1.0 1.0 1.0 1.0 1.0 1.0 1.0 1.0 1.0 1.0 1.0 1.0 1.0 1.0 1.0 1.0 1.0 1.0 1.0 1.0 
1.0 1.0 1.0 1.0 1.0 1.0 1.0 1.0 1.0 1.0 1.0 1.0 1.0 1.0 1.0 1.0 1.0 1.0 1.0 1.0 1.0 1.0 1.0 1.0 1.0 1.0 1.0 1.0 1.0 1.0 1.0 1.0 1.0 1.0 1.0 1.0 1.0 1.0 1.0 1.0 1.0 1.0 1.0 0.0 1.0 1.0 1.0 1.0 1.0 1.0 1.0 1.0 1.0 1.0 1.0 1.0 1.0 1.0 1.0 1.0 1.0 1.0 1.0 1.0 1.0 1.0 1.0 1.0 1.0 1.0 1.0 1.0 1.0 1.0 1.0 1.0 1.0 1.0 1.0 1.0 1.0 1.0 1.0 1.0 1.0 1.0 1.0 1.0 1.0 1.0 1.0 1.0 1.0 1.0 1.0 1.0 1.0 1.0 1.0 1.0 1.0 1.0 1.0 1.0 1.0 1.0 1.0 1.0 1.0 1.0 1.0 1.0 1.0 1.0 1.0 1.0 1.0 1.0 1.0 1.0 1.0 1.0 1.0 1.0 1.0 1.0 1.0 1.0 
1.0 1.0 1.0 1.0 1.0 1.0 1.0 1.0 1.0 1.0 1.0 1.0 1.0 1.0 1.0 1.0 1.0 1.0 1.0 1.0 1.0 1.0 1.0 1.0 1.0 1.0 1.0 1.0 1.0 1.0 1.0 1.0 1.0 1.0 1.0 1.0 1.0 1.0 1.0 1.0 1.0 1.0 1.0 1.0 0.0 1.0 1.0 1.0 1.0 1.0 1.0 1.0 1.0 1.0 1.0 1.0 1.0 1.0 1.0 1.0 1.0 1.0 1.0 1.0 1.0 1.0 1.0 1.0 1.0 1.0 1.0 1.0 1.0 1.0 1.0 1.0 1.0 1.0 1.0 1.0 1.0 1.0 1.0 1.0 1.0 1.0 1.0 1.0 1.0 1.0 1.0 1.0 1.0 1.0 1.0 1.0 1.0 1.0 1.0 1.0 1.0 1.0 1.0 1.0 1.0 1.0 1.0 1.0 1.0 1.0 1.0 1.0 1.0 1.0 1.0 1.0 1.0 1.0 1.0 1.0 1.0 1.0 1.0 1.0 1.0 1.0 1.0 1.0 
1.0 1.0 1.0 1.0 1.0 1.0 1.0 1.0 1.0 1.0 1.0 1.0 1.0 1.0 1.0 1.0 1.0 1.0 1.0 1.0 1.0 1.0 1.0 1.0 1.0 1.0 1.0 1.0 1.0 1.0 1.0 1.0 1.0 1.0 1.0 1.0 1.0 1.0 1.0 1.0 1.0 1.0 1.0 1.0 1.0 0.0 1.0 1.0 1.0 1.0 1.0 1.0 1.0 1.0 1.0 1.0 1.0 1.0 1.0 1.0 1.0 1.0 1.0 1.0 1.0 1.0 1.0 1.0 1.0 1.0 1.0 1.0 1.0 1.0 1.0 1.0 1.0 1.0 1.0 1.0 1.0 1.0 1.0 1.0 1.0 1.0 1.0 1.0 1.0 1.0 1.0 1.0 1.0 1.0 1.0 1.0 1.0 1.0 1.0 1.0 1.0 1.0 1.0 1.0 1.0 1.0 1.0 1.0 1.0 1.0 1.0 1.0 1.0 1.0 1.0 1.0 1.0 1.0 1.0 1.0 1.0 1.0 1.0 1.0 1.0 1.0 1.0 1.0 
1.0 1.0 1.0 1.0 1.0 1.0 1.0 1.0 1.0 1.0 1.0 1.0 1.0 1.0 1.0 1.0 1.0 1.0 1.0 1.0 1.0 1.0 1.0 1.0 1.0 1.0 1.0 1.0 1.0 1.0 1.0 1.0 1.0 1.0 1.0 1.0 1.0 1.0 1.0 1.0 1.0 1.0 1.0 1.0 1.0 1.0 0.0 1.0 1.0 1.0 1.0 1.0 1.0 1.0 1.0 1.0 1.0 1.0 1.0 1.0 1.0 1.0 1.0 1.0 1.0 1.0 1.0 1.0 1.0 1.0 1.0 1.0 1.0 1.0 1.0 1.0 1.0 1.0 1.0 1.0 1.0 1.0 1.0 1.0 1.0 1.0 1.0 1.0 1.0 1.0 1.0 1.0 1.0 1.0 1.0 1.0 1.0 1.0 1.0 1.0 1.0 1.0 1.0 1.0 1.0 1.0 1.0 1.0 1.0 1.0 1.0 1.0 1.0 1.0 1.0 1.0 1.0 1.0 1.0 1.0 1.0 1.0 1.0 1.0 1.0 1.0 1.0 1.0 
1.0 1.0 1.0 1.0 1.0 1.0 1.0 1.0 1.0 1.0 1.0 1.0 1.0 1.0 1.0 1.0 1.0 1.0 1.0 1.0 1.0 1.0 1.0 1.0 1.0 1.0 1.0 1.0 1.0 1.0 1.0 1.0 1.0 1.0 1.0 1.0 1.0 1.0 1.0 1.0 1.0 1.0 1.0 1.0 1.0 1.0 1.0 0.0 1.0 1.0 1.0 1.0 1.0 1.0 1.0 1.0 1.0 1.0 1.0 1.0 1.0 1.0 1.0 1.0 1.0 1.0 1.0 1.0 1.0 1.0 1.0 1.0 1.0 1.0 1.0 1.0 1.0 1.0 1.0 1.0 1.0 1.0 1.0 1.0 1.0 1.0 1.0 1.0 1.0 1.0 1.0 1.0 1.0 1.0 1.0 1.0 1.0 1.0 1.0 1.0 1.0 1.0 1.0 1.0 1.0 1.0 1.0 1.0 1.0 1.0 1.0 1.0 1.0 1.0 1.0 1.0 1.0 1.0 1.0 1.0 1.0 1.0 1.0 1.0 1.0 1.0 1.0 1.0 
1.0 1.0 1.0 1.0 1.0 1.0 1.0 1.0 1.0 1.0 1.0 1.0 1.0 1.0 1.0 1.0 1.0 1.0 1.0 1.0 1.0 1.0 1.0 1.0 1.0 1.0 1.0 1.0 1.0 1.0 1.0 1.0 1.0 1.0 1.0 1.0 1.0 1.0 1.0 1.0 1.0 1.0 1.0 1.0 1.0 1.0 1.0 1.0 0.0 1.0 1.0 1.0 1.0 1.0 1.0 1.0 1.0 1.0 1.0 1.0 1.0 1.0 1.0 1.0 1.0 1.0 1.0 1.0 1.0 1.0 1.0 1.0 1.0 1.0 1.0 1.0 1.0 1.0 1.0 1.0 1.0 1.0 1.0 1.0 1.0 1.0 1.0 1.0 1.0 1.0 1.0 1.0 1.0 1.0 1.0 1.0 1.0 1.0 1.0 1.0 1.0 1.0 1.0 1.0 1.0 1.0 1.0 1.0 1.0 1.0 1.0 1.0 1.0 1.0 1.0 1.0 1.0 1.0 1.0 1.0 1.0 1.0 1.0 1.0 1.0 1.0 1.0 1.0 
1.0 1.0 1.0 1.0 1.0 1.0 1.0 1.0 1.0 1.0 1.0 1.0 1.0 1.0 1.0 1.0 1.0 1.0 1.0 1.0 1.0 1.0 1.0 1.0 1.0 1.0 1.0 1.0 1.0 1.0 1.0 1.0 1.0 1.0 1.0 1.0 1.0 1.0 1.0 1.0 1.0 1.0 1.0 1.0 1.0 1.0 1.0 1.0 1.0 0.0 1.0 1.0 1.0 1.0 1.0 1.0 1.0 1.0 1.0 1.0 1.0 1.0 1.0 1.0 1.0 1.0 1.0 1.0 1.0 1.0 1.0 1.0 1.0 1.0 1.0 1.0 1.0 1.0 1.0 1.0 1.0 1.0 1.0 1.0 1.0 1.0 1.0 1.0 1.0 1.0 1.0 1.0 1.0 1.0 1.0 1.0 1.0 1.0 1.0 1.0 1.0 1.0 1.0 1.0 1.0 1.0 1.0 1.0 1.0 1.0 1.0 1.0 1.0 1.0 1.0 1.0 1.0 1.0 1.0 1.0 1.0 1.0 1.0 1.0 1.0 1.0 1.0 1.0 
1.0 1.0 1.0 1.0 1.0 1.0 1.0 1.0 1.0 1.0 1.0 1.0 1.0 1.0 1.0 1.0 1.0 1.0 1.0 1.0 1.0 1.0 1.0 1.0 1.0 1.0 1.0 1.0 1.0 1.0 1.0 1.0 1.0 1.0 1.0 1.0 1.0 1.0 1.0 1.0 1.0 1.0 1.0 1.0 1.0 1.0 1.0 1.0 1.0 1.0 0.0 1.0 1.0 1.0 1.0 1.0 1.0 1.0 1.0 1.0 1.0 1.0 1.0 1.0 1.0 1.0 1.0 1.0 1.0 1.0 1.0 1.0 1.0 1.0 1.0 1.0 1.0 1.0 1.0 1.0 1.0 1.0 1.0 1.0 1.0 1.0 1.0 1.0 1.0 1.0 1.0 1.0 1.0 1.0 1.0 1.0 1.0 1.0 1.0 1.0 1.0 1.0 1.0 1.0 1.0 1.0 1.0 1.0 1.0 1.0 1.0 1.0 1.0 1.0 1.0 1.0 1.0 1.0 1.0 1.0 1.0 1.0 1.0 1.0 1.0 1.0 1.0 1.0 
1.0 1.0 1.0 1.0 1.0 1.0 1.0 1.0 1.0 1.0 1.0 1.0 1.0 1.0 1.0 1.0 1.0 1.0 1.0 1.0 1.0 1.0 1.0 1.0 1.0 1.0 1.0 1.0 1.0 1.0 1.0 1.0 1.0 1.0 1.0 1.0 1.0 1.0 1.0 1.0 1.0 1.0 1.0 1.0 1.0 1.0 1.0 1.0 1.0 1.0 1.0 0.0 1.0 1.0 1.0 1.0 1.0 1.0 1.0 1.0 1.0 1.0 1.0 1.0 1.0 1.0 1.0 1.0 1.0 1.0 1.0 1.0 1.0 1.0 1.0 1.0 1.0 1.0 1.0 1.0 1.0 1.0 1.0 1.0 1.0 1.0 1.0 1.0 1.0 1.0 1.0 1.0 1.0 1.0 1.0 1.0 1.0 1.0 1.0 1.0 1.0 1.0 1.0 1.0 1.0 1.0 1.0 1.0 1.0 1.0 1.0 1.0 1.0 1.0 1.0 1.0 1.0 1.0 1.0 1.0 1.0 1.0 1.0 1.0 1.0 1.0 1.0 1.0 
1.0 1.0 1.0 1.0 1.0 1.0 1.0 1.0 1.0 1.0 1.0 1.0 1.0 1.0 1.0 1.0 1.0 1.0 1.0 1.0 1.0 1.0 1.0 1.0 1.0 1.0 1.0 1.0 1.0 1.0 1.0 1.0 1.0 1.0 1.0 1.0 1.0 1.0 1.0 1.0 1.0 1.0 1.0 1.0 1.0 1.0 1.0 1.0 1.0 1.0 1.0 1.0 0.0 1.0 1.0 1.0 1.0 1.0 1.0 1.0 1.0 1.0 1.0 1.0 1.0 1.0 1.0 1.0 1.0 1.0 1.0 1.0 1.0 1.0 1.0 1.0 1.0 1.0 1.0 1.0 1.0 1.0 1.0 1.0 1.0 1.0 1.0 1.0 1.0 1.0 1.0 1.0 1.0 1.0 1.0 1.0 1.0 1.0 1.0 1.0 1.0 1.0 1.0 1.0 1.0 1.0 1.0 1.0 1.0 1.0 1.0 1.0 1.0 1.0 1.0 1.0 1.0 1.0 1.0 1.0 1.0 1.0 1.0 1.0 1.0 1.0 1.0 1.0 
1.0 1.0 1.0 1.0 1.0 1.0 1.0 1.0 1.0 1.0 1.0 1.0 1.0 1.0 1.0 1.0 1.0 1.0 1.0 1.0 1.0 1.0 1.0 1.0 1.0 1.0 1.0 1.0 1.0 1.0 1.0 1.0 1.0 1.0 1.0 1.0 1.0 1.0 1.0 1.0 1.0 1.0 1.0 1.0 1.0 1.0 1.0 1.0 1.0 1.0 1.0 1.0 1.0 0.0 1.0 1.0 1.0 1.0 1.0 1.0 1.0 1.0 1.0 1.0 1.0 1.0 1.0 1.0 1.0 1.0 1.0 1.0 1.0 1.0 1.0 1.0 1.0 1.0 1.0 1.0 1.0 1.0 1.0 1.0 1.0 1.0 1.0 1.0 1.0 1.0 1.0 1.0 1.0 1.0 1.0 1.0 1.0 1.0 1.0 1.0 1.0 1.0 1.0 1.0 1.0 1.0 1.0 1.0 1.0 1.0 1.0 1.0 1.0 1.0 1.0 1.0 1.0 1.0 1.0 1.0 1.0 1.0 1.0 1.0 1.0 1.0 1.0 1.0 
1.0 1.0 1.0 1.0 1.0 1.0 1.0 1.0 1.0 1.0 1.0 1.0 1.0 1.0 1.0 1.0 1.0 1.0 1.0 1.0 1.0 1.0 1.0 1.0 1.0 1.0 1.0 1.0 1.0 1.0 1.0 1.0 1.0 1.0 1.0 1.0 1.0 1.0 1.0 1.0 1.0 1.0 1.0 1.0 1.0 1.0 1.0 1.0 1.0 1.0 1.0 1.0 1.0 1.0 0.0 1.0 1.0 1.0 1.0 1.0 1.0 1.0 1.0 1.0 1.0 1.0 1.0 1.0 1.0 1.0 1.0 1.0 1.0 1.0 1.0 1.0 1.0 1.0 1.0 1.0 1.0 1.0 1.0 1.0 1.0 1.0 1.0 1.0 1.0 1.0 1.0 1.0 1.0 1.0 1.0 1.0 1.0 1.0 1.0 1.0 1.0 1.0 1.0 1.0 1.0 1.0 1.0 1.0 1.0 1.0 1.0 1.0 1.0 1.0 1.0 1.0 1.0 1.0 1.0 1.0 1.0 1.0 1.0 1.0 1.0 1.0 1.0 1.0 
1.0 1.0 1.0 1.0 1.0 1.0 1.0 1.0 1.0 1.0 1.0 1.0 1.0 1.0 1.0 1.0 1.0 1.0 1.0 1.0 1.0 1.0 1.0 1.0 1.0 1.0 1.0 1.0 1.0 1.0 1.0 1.0 1.0 1.0 1.0 1.0 1.0 1.0 1.0 1.0 1.0 1.0 1.0 1.0 1.0 1.0 1.0 1.0 1.0 1.0 1.0 1.0 1.0 1.0 1.0 0.0 1.0 1.0 1.0 1.0 1.0 1.0 1.0 1.0 1.0 1.0 1.0 1.0 1.0 1.0 1.0 1.0 1.0 1.0 1.0 1.0 1.0 1.0 1.0 1.0 1.0 1.0 1.0 1.0 1.0 1.0 1.0 1.0 1.0 1.0 1.0 1.0 1.0 1.0 1.0 1.0 1.0 1.0 1.0 1.0 1.0 1.0 1.0 1.0 1.0 1.0 1.0 1.0 1.0 1.0 1.0 1.0 1.0 1.0 1.0 1.0 1.0 1.0 1.0 1.0 1.0 1.0 1.0 1.0 1.0 1.0 1.0 1.0 
1.0 1.0 1.0 1.0 1.0 1.0 1.0 1.0 1.0 1.0 1.0 1.0 1.0 1.0 1.0 1.0 1.0 1.0 1.0 1.0 1.0 1.0 1.0 1.0 1.0 1.0 1.0 1.0 1.0 1.0 1.0 1.0 1.0 1.0 1.0 1.0 1.0 1.0 1.0 1.0 1.0 1.0 1.0 1.0 1.0 1.0 1.0 1.0 1.0 1.0 1.0 1.0 1.0 1.0 1.0 1.0 0.0 1.0 1.0 1.0 1.0 1.0 1.0 1.0 1.0 1.0 1.0 1.0 1.0 1.0 1.0 1.0 1.0 1.0 1.0 1.0 1.0 1.0 1.0 1.0 1.0 1.0 1.0 1.0 1.0 1.0 1.0 1.0 1.0 1.0 1.0 1.0 1.0 1.0 1.0 1.0 1.0 1.0 1.0 1.0 1.0 1.0 1.0 1.0 1.0 1.0 1.0 1.0 1.0 1.0 1.0 1.0 1.0 1.0 1.0 1.0 1.0 1.0 1.0 1.0 1.0 1.0 1.0 1.0 1.0 1.0 1.0 1.0 
1.0 1.0 1.0 1.0 1.0 1.0 1.0 1.0 1.0 1.0 1.0 1.0 1.0 1.0 1.0 1.0 1.0 1.0 1.0 1.0 1.0 1.0 1.0 1.0 1.0 1.0 1.0 1.0 1.0 1.0 1.0 1.0 1.0 1.0 1.0 1.0 1.0 1.0 1.0 1.0 1.0 1.0 1.0 1.0 1.0 1.0 1.0 1.0 1.0 1.0 1.0 1.0 1.0 1.0 1.0 1.0 1.0 0.0 1.0 1.0 1.0 1.0 1.0 1.0 1.0 1.0 1.0 1.0 1.0 1.0 1.0 1.0 1.0 1.0 1.0 1.0 1.0 1.0 1.0 1.0 1.0 1.0 1.0 1.0 1.0 1.0 1.0 1.0 1.0 1.0 1.0 1.0 1.0 1.0 1.0 1.0 1.0 1.0 1.0 1.0 1.0 1.0 1.0 1.0 1.0 1.0 1.0 1.0 1.0 1.0 1.0 1.0 1.0 1.0 1.0 1.0 1.0 1.0 1.0 1.0 1.0 1.0 1.0 1.0 1.0 1.0 1.0 1.0 
1.0 1.0 1.0 1.0 1.0 1.0 1.0 1.0 1.0 1.0 1.0 1.0 1.0 1.0 1.0 1.0 1.0 1.0 1.0 1.0 1.0 1.0 1.0 1.0 1.0 1.0 1.0 1.0 1.0 1.0 1.0 1.0 1.0 1.0 1.0 1.0 1.0 1.0 1.0 1.0 1.0 1.0 1.0 1.0 1.0 1.0 1.0 1.0 1.0 1.0 1.0 1.0 1.0 1.0 1.0 1.0 1.0 1.0 0.0 1.0 1.0 1.0 1.0 1.0 1.0 1.0 1.0 1.0 1.0 1.0 1.0 1.0 1.0 1.0 1.0 1.0 1.0 1.0 1.0 1.0 1.0 1.0 1.0 1.0 1.0 1.0 1.0 1.0 1.0 1.0 1.0 1.0 1.0 1.0 1.0 1.0 1.0 1.0 1.0 1.0 1.0 1.0 1.0 1.0 1.0 1.0 1.0 1.0 1.0 1.0 1.0 1.0 1.0 1.0 1.0 1.0 1.0 1.0 1.0 1.0 1.0 1.0 1.0 1.0 1.0 1.0 1.0 1.0 
1.0 1.0 1.0 1.0 1.0 1.0 1.0 1.0 1.0 1.0 1.0 1.0 1.0 1.0 1.0 1.0 1.0 1.0 1.0 1.0 1.0 1.0 1.0 1.0 1.0 1.0 1.0 1.0 1.0 1.0 1.0 1.0 1.0 1.0 1.0 1.0 1.0 1.0 1.0 1.0 1.0 1.0 1.0 1.0 1.0 1.0 1.0 1.0 1.0 1.0 1.0 1.0 1.0 1.0 1.0 1.0 1.0 1.0 1.0 0.0 1.0 1.0 1.0 1.0 1.0 1.0 1.0 1.0 1.0 1.0 1.0 1.0 1.0 1.0 1.0 1.0 1.0 1.0 1.0 1.0 1.0 1.0 1.0 1.0 1.0 1.0 1.0 1.0 1.0 1.0 1.0 1.0 1.0 1.0 1.0 1.0 1.0 1.0 1.0 1.0 1.0 1.0 1.0 1.0 1.0 1.0 1.0 1.0 1.0 1.0 1.0 1.0 1.0 1.0 1.0 1.0 1.0 1.0 1.0 1.0 1.0 1.0 1.0 1.0 1.0 1.0 1.0 1.0 
1.0 1.0 1.0 1.0 1.0 1.0 1.0 1.0 1.0 1.0 1.0 1.0 1.0 1.0 1.0 1.0 1.0 1.0 1.0 1.0 1.0 1.0 1.0 1.0 1.0 1.0 1.0 1.0 1.0 1.0 1.0 1.0 1.0 1.0 1.0 1.0 1.0 1.0 1.0 1.0 1.0 1.0 1.0 1.0 1.0 1.0 1.0 1.0 1.0 1.0 1.0 1.0 1.0 1.0 1.0 1.0 1.0 1.0 1.0 1.0 0.0 1.0 1.0 1.0 1.0 1.0 1.0 1.0 1.0 1.0 1.0 1.0 1.0 1.0 1.0 1.0 1.0 1.0 1.0 1.0 1.0 1.0 1.0 1.0 1.0 1.0 1.0 1.0 1.0 1.0 1.0 1.0 1.0 1.0 1.0 1.0 1.0 1.0 1.0 1.0 1.0 1.0 1.0 1.0 1.0 1.0 1.0 1.0 1.0 1.0 1.0 1.0 1.0 1.0 1.0 1.0 1.0 1.0 1.0 1.0 1.0 1.0 1.0 1.0 1.0 1.0 1.0 1.0 
1.0 1.0 1.0 1.0 1.0 1.0 1.0 1.0 1.0 1.0 1.0 1.0 1.0 1.0 1.0 1.0 1.0 1.0 1.0 1.0 1.0 1.0 1.0 1.0 1.0 1.0 1.0 1.0 1.0 1.0 1.0 1.0 1.0 1.0 1.0 1.0 1.0 1.0 1.0 1.0 1.0 1.0 1.0 1.0 1.0 1.0 1.0 1.0 1.0 1.0 1.0 1.0 1.0 1.0 1.0 1.0 1.0 1.0 1.0 1.0 1.0 0.0 1.0 1.0 1.0 1.0 1.0 1.0 1.0 1.0 1.0 1.0 1.0 1.0 1.0 1.0 1.0 1.0 1.0 1.0 1.0 1.0 1.0 1.0 1.0 1.0 1.0 1.0 1.0 1.0 1.0 1.0 1.0 1.0 1.0 1.0 1.0 1.0 1.0 1.0 1.0 1.0 1.0 1.0 1.0 1.0 1.0 1.0 1.0 1.0 1.0 1.0 1.0 1.0 1.0 1.0 1.0 1.0 1.0 1.0 1.0 1.0 1.0 1.0 1.0 1.0 1.0 1.0 
1.0 1.0 1.0 1.0 1.0 1.0 1.0 1.0 1.0 1.0 1.0 1.0 1.0 1.0 1.0 1.0 1.0 1.0 1.0 1.0 1.0 1.0 1.0 1.0 1.0 1.0 1.0 1.0 1.0 1.0 1.0 1.0 1.0 1.0 1.0 1.0 1.0 1.0 1.0 1.0 1.0 1.0 1.0 1.0 1.0 1.0 1.0 1.0 1.0 1.0 1.0 1.0 1.0 1.0 1.0 1.0 1.0 1.0 1.0 1.0 1.0 1.0 0.0 1.0 1.0 1.0 1.0 1.0 1.0 1.0 1.0 1.0 1.0 1.0 1.0 1.0 1.0 1.0 1.0 1.0 1.0 1.0 1.0 1.0 1.0 1.0 1.0 1.0 1.0 1.0 1.0 1.0 1.0 1.0 1.0 1.0 1.0 1.0 1.0 1.0 1.0 1.0 1.0 1.0 1.0 1.0 1.0 1.0 1.0 1.0 1.0 1.0 1.0 1.0 1.0 1.0 1.0 1.0 1.0 1.0 1.0 1.0 1.0 1.0 1.0 1.0 1.0 1.0 
1.0 1.0 1.0 1.0 1.0 1.0 1.0 1.0 1.0 1.0 1.0 1.0 1.0 1.0 1.0 1.0 1.0 1.0 1.0 1.0 1.0 1.0 1.0 1.0 1.0 1.0 1.0 1.0 1.0 1.0 1.0 1.0 1.0 1.0 1.0 1.0 1.0 1.0 1.0 1.0 1.0 1.0 1.0 1.0 1.0 1.0 1.0 1.0 1.0 1.0 1.0 1.0 1.0 1.0 1.0 1.0 1.0 1.0 1.0 1.0 1.0 1.0 1.0 0.0 1.0 1.0 1.0 1.0 1.0 1.0 1.0 1.0 1.0 1.0 1.0 1.0 1.0 1.0 1.0 1.0 1.0 1.0 1.0 1.0 1.0 1.0 1.0 1.0 1.0 1.0 1.0 1.0 1.0 1.0 1.0 1.0 1.0 1.0 1.0 1.0 1.0 1.0 1.0 1.0 1.0 1.0 1.0 1.0 1.0 1.0 1.0 1.0 1.0 1.0 1.0 1.0 1.0 1.0 1.0 1.0 1.0 1.0 1.0 1.0 1.0 1.0 1.0 1.0 
1.0 1.0 1.0 1.0 1.0 1.0 1.0 1.0 1.0 1.0 1.0 1.0 1.0 1.0 1.0 1.0 1.0 1.0 1.0 1.0 1.0 1.0 1.0 1.0 1.0 1.0 1.0 1.0 1.0 1.0 1.0 1.0 1.0 1.0 1.0 1.0 1.0 1.0 1.0 1.0 1.0 1.0 1.0 1.0 1.0 1.0 1.0 1.0 1.0 1.0 1.0 1.0 1.0 1.0 1.0 1.0 1.0 1.0 1.0 1.0 1.0 1.0 1.0 1.0 0.0 1.0 1.0 1.0 1.0 1.0 1.0 1.0 1.0 1.0 1.0 1.0 1.0 1.0 1.0 1.0 1.0 1.0 1.0 1.0 1.0 1.0 1.0 1.0 1.0 1.0 1.0 1.0 1.0 1.0 1.0 1.0 1.0 1.0 1.0 1.0 1.0 1.0 1.0 1.0 1.0 1.0 1.0 1.0 1.0 1.0 1.0 1.0 1.0 1.0 1.0 1.0 1.0 1.0 1.0 1.0 1.0 1.0 1.0 1.0 1.0 1.0 1.0 1.0 
1.0 1.0 1.0 1.0 1.0 1.0 1.0 1.0 1.0 1.0 1.0 1.0 1.0 1.0 1.0 1.0 1.0 1.0 1.0 1.0 1.0 1.0 1.0 1.0 1.0 1.0 1.0 1.0 1.0 1.0 1.0 1.0 1.0 1.0 1.0 1.0 1.0 1.0 1.0 1.0 1.0 1.0 1.0 1.0 1.0 1.0 1.0 1.0 1.0 1.0 1.0 1.0 1.0 1.0 1.0 1.0 1.0 1.0 1.0 1.0 1.0 1.0 1.0 1.0 1.0 0.0 1.0 1.0 1.0 1.0 1.0 1.0 1.0 1.0 1.0 1.0 1.0 1.0 1.0 1.0 1.0 1.0 1.0 1.0 1.0 1.0 1.0 1.0 1.0 1.0 1.0 1.0 1.0 1.0 1.0 1.0 1.0 1.0 1.0 1.0 1.0 1.0 1.0 1.0 1.0 1.0 1.0 1.0 1.0 1.0 1.0 1.0 1.0 1.0 1.0 1.0 1.0 1.0 1.0 1.0 1.0 1.0 1.0 1.0 1.0 1.0 1.0 1.0 
1.0 1.0 1.0 1.0 1.0 1.0 1.0 1.0 1.0 1.0 1.0 1.0 1.0 1.0 1.0 1.0 1.0 1.0 1.0 1.0 1.0 1.0 1.0 1.0 1.0 1.0 1.0 1.0 1.0 1.0 1.0 1.0 1.0 1.0 1.0 1.0 1.0 1.0 1.0 1.0 1.0 1.0 1.0 1.0 1.0 1.0 1.0 1.0 1.0 1.0 1.0 1.0 1.0 1.0 1.0 1.0 1.0 1.0 1.0 1.0 1.0 1.0 1.0 1.0 1.0 1.0 0.0 1.0 1.0 1.0 1.0 1.0 1.0 1.0 1.0 1.0 1.0 1.0 1.0 1.0 1.0 1.0 1.0 1.0 1.0 1.0 1.0 1.0 1.0 1.0 1.0 1.0 1.0 1.0 1.0 1.0 1.0 1.0 1.0 1.0 1.0 1.0 1.0 1.0 1.0 1.0 1.0 1.0 1.0 1.0 1.0 1.0 1.0 1.0 1.0 1.0 1.0 1.0 1.0 1.0 1.0 1.0 1.0 1.0 1.0 1.0 1.0 1.0 
1.0 1.0 1.0 1.0 1.0 1.0 1.0 1.0 1.0 1.0 1.0 1.0 1.0 1.0 1.0 1.0 1.0 1.0 1.0 1.0 1.0 1.0 1.0 1.0 1.0 1.0 1.0 1.0 1.0 1.0 1.0 1.0 1.0 1.0 1.0 1.0 1.0 1.0 1.0 1.0 1.0 1.0 1.0 1.0 1.0 1.0 1.0 1.0 1.0 1.0 1.0 1.0 1.0 1.0 1.0 1.0 1.0 1.0 1.0 1.0 1.0 1.0 1.0 1.0 1.0 1.0 1.0 0.0 1.0 1.0 1.0 1.0 1.0 1.0 1.0 1.0 1.0 1.0 1.0 1.0 1.0 1.0 1.0 1.0 1.0 1.0 1.0 1.0 1.0 1.0 1.0 1.0 1.0 1.0 1.0 1.0 1.0 1.0 1.0 1.0 1.0 1.0 1.0 1.0 1.0 1.0 1.0 1.0 1.0 1.0 1.0 1.0 1.0 1.0 1.0 1.0 1.0 1.0 1.0 1.0 1.0 1.0 1.0 1.0 1.0 1.0 1.0 1.0 
1.0 1.0 1.0 1.0 1.0 1.0 1.0 1.0 1.0 1.0 1.0 1.0 1.0 1.0 1.0 1.0 1.0 1.0 1.0 1.0 1.0 1.0 1.0 1.0 1.0 1.0 1.0 1.0 1.0 1.0 1.0 1.0 1.0 1.0 1.0 1.0 1.0 1.0 1.0 1.0 1.0 1.0 1.0 1.0 1.0 1.0 1.0 1.0 1.0 1.0 1.0 1.0 1.0 1.0 1.0 1.0 1.0 1.0 1.0 1.0 1.0 1.0 1.0 1.0 1.0 1.0 1.0 1.0 0.0 1.0 1.0 1.0 1.0 1.0 1.0 1.0 1.0 1.0 1.0 1.0 1.0 1.0 1.0 1.0 1.0 1.0 1.0 1.0 1.0 1.0 1.0 1.0 1.0 1.0 1.0 1.0 1.0 1.0 1.0 1.0 1.0 1.0 1.0 1.0 1.0 1.0 1.0 1.0 1.0 1.0 1.0 1.0 1.0 1.0 1.0 1.0 1.0 1.0 1.0 1.0 1.0 1.0 1.0 1.0 1.0 1.0 1.0 1.0 
1.0 1.0 1.0 1.0 1.0 1.0 1.0 1.0 1.0 1.0 1.0 1.0 1.0 1.0 1.0 1.0 1.0 1.0 1.0 1.0 1.0 1.0 1.0 1.0 1.0 1.0 1.0 1.0 1.0 1.0 1.0 1.0 1.0 1.0 1.0 1.0 1.0 1.0 1.0 1.0 1.0 1.0 1.0 1.0 1.0 1.0 1.0 1.0 1.0 1.0 1.0 1.0 1.0 1.0 1.0 1.0 1.0 1.0 1.0 1.0 1.0 1.0 1.0 1.0 1.0 1.0 1.0 1.0 1.0 0.0 1.0 1.0 1.0 1.0 1.0 1.0 1.0 1.0 1.0 1.0 1.0 1.0 1.0 1.0 1.0 1.0 1.0 1.0 1.0 1.0 1.0 1.0 1.0 1.0 1.0 1.0 1.0 1.0 1.0 1.0 1.0 1.0 1.0 1.0 1.0 1.0 1.0 1.0 1.0 1.0 1.0 1.0 1.0 1.0 1.0 1.0 1.0 1.0 1.0 1.0 1.0 1.0 1.0 1.0 1.0 1.0 1.0 1.0 
1.0 1.0 1.0 1.0 1.0 1.0 1.0 1.0 1.0 1.0 1.0 1.0 1.0 1.0 1.0 1.0 1.0 1.0 1.0 1.0 1.0 1.0 1.0 1.0 1.0 1.0 1.0 1.0 1.0 1.0 1.0 1.0 1.0 1.0 1.0 1.0 1.0 1.0 1.0 1.0 1.0 1.0 1.0 1.0 1.0 1.0 1.0 1.0 1.0 1.0 1.0 1.0 1.0 1.0 1.0 1.0 1.0 1.0 1.0 1.0 1.0 1.0 1.0 1.0 1.0 1.0 1.0 1.0 1.0 1.0 0.0 1.0 1.0 1.0 1.0 1.0 1.0 1.0 1.0 1.0 1.0 1.0 1.0 1.0 1.0 1.0 1.0 1.0 1.0 1.0 1.0 1.0 1.0 1.0 1.0 1.0 1.0 1.0 1.0 1.0 1.0 1.0 1.0 1.0 1.0 1.0 1.0 1.0 1.0 1.0 1.0 1.0 1.0 1.0 1.0 1.0 1.0 1.0 1.0 1.0 1.0 1.0 1.0 1.0 1.0 1.0 1.0 1.0 
1.0 1.0 1.0 1.0 1.0 1.0 1.0 1.0 1.0 1.0 1.0 1.0 1.0 1.0 1.0 1.0 1.0 1.0 1.0 1.0 1.0 1.0 1.0 1.0 1.0 1.0 1.0 1.0 1.0 1.0 1.0 1.0 1.0 1.0 1.0 1.0 1.0 1.0 1.0 1.0 1.0 1.0 1.0 1.0 1.0 1.0 1.0 1.0 1.0 1.0 1.0 1.0 1.0 1.0 1.0 1.0 1.0 1.0 1.0 1.0 1.0 1.0 1.0 1.0 1.0 1.0 1.0 1.0 1.0 1.0 1.0 0.0 1.0 1.0 1.0 1.0 1.0 1.0 1.0 1.0 1.0 1.0 1.0 1.0 1.0 1.0 1.0 1.0 1.0 1.0 1.0 1.0 1.0 1.0 1.0 1.0 1.0 1.0 1.0 1.0 1.0 1.0 1.0 1.0 1.0 1.0 1.0 1.0 1.0 1.0 1.0 1.0 1.0 1.0 1.0 1.0 1.0 1.0 1.0 1.0 1.0 1.0 1.0 1.0 1.0 1.0 1.0 1.0 
1.0 1.0 1.0 1.0 1.0 1.0 1.0 1.0 1.0 1.0 1.0 1.0 1.0 1.0 1.0 1.0 1.0 1.0 1.0 1.0 1.0 1.0 1.0 1.0 1.0 1.0 1.0 1.0 1.0 1.0 1.0 1.0 1.0 1.0 1.0 1.0 1.0 1.0 1.0 1.0 1.0 1.0 1.0 1.0 1.0 1.0 1.0 1.0 1.0 1.0 1.0 1.0 1.0 1.0 1.0 1.0 1.0 1.0 1.0 1.0 1.0 1.0 1.0 1.0 1.0 1.0 1.0 1.0 1.0 1.0 1.0 1.0 0.0 1.0 1.0 1.0 1.0 1.0 1.0 1.0 1.0 1.0 1.0 1.0 1.0 1.0 1.0 1.0 1.0 1.0 1.0 1.0 1.0 1.0 1.0 1.0 1.0 1.0 1.0 1.0 1.0 1.0 1.0 1.0 1.0 1.0 1.0 1.0 1.0 1.0 1.0 1.0 1.0 1.0 1.0 1.0 1.0 1.0 1.0 1.0 1.0 1.0 1.0 1.0 1.0 1.0 1.0 1.0 
1.0 1.0 1.0 1.0 1.0 1.0 1.0 1.0 1.0 1.0 1.0 1.0 1.0 1.0 1.0 1.0 1.0 1.0 1.0 1.0 1.0 1.0 1.0 1.0 1.0 1.0 1.0 1.0 1.0 1.0 1.0 1.0 1.0 1.0 1.0 1.0 1.0 1.0 1.0 1.0 1.0 1.0 1.0 1.0 1.0 1.0 1.0 1.0 1.0 1.0 1.0 1.0 1.0 1.0 1.0 1.0 1.0 1.0 1.0 1.0 1.0 1.0 1.0 1.0 1.0 1.0 1.0 1.0 1.0 1.0 1.0 1.0 1.0 0.0 1.0 1.0 1.0 1.0 1.0 1.0 1.0 1.0 1.0 1.0 1.0 1.0 1.0 1.0 1.0 1.0 1.0 1.0 1.0 1.0 1.0 1.0 1.0 1.0 1.0 1.0 1.0 1.0 1.0 1.0 1.0 1.0 1.0 1.0 1.0 1.0 1.0 1.0 1.0 1.0 1.0 1.0 1.0 1.0 1.0 1.0 1.0 1.0 1.0 1.0 1.0 1.0 1.0 1.0 
1.0 1.0 1.0 1.0 1.0 1.0 1.0 1.0 1.0 1.0 1.0 1.0 1.0 1.0 1.0 1.0 1.0 1.0 1.0 1.0 1.0 1.0 1.0 1.0 1.0 1.0 1.0 1.0 1.0 1.0 1.0 1.0 1.0 1.0 1.0 1.0 1.0 1.0 1.0 1.0 1.0 1.0 1.0 1.0 1.0 1.0 1.0 1.0 1.0 1.0 1.0 1.0 1.0 1.0 1.0 1.0 1.0 1.0 1.0 1.0 1.0 1.0 1.0 1.0 1.0 1.0 1.0 1.0 1.0 1.0 1.0 1.0 1.0 1.0 0.0 1.0 1.0 1.0 1.0 1.0 1.0 1.0 1.0 1.0 1.0 1.0 1.0 1.0 1.0 1.0 1.0 1.0 1.0 1.0 1.0 1.0 1.0 1.0 1.0 1.0 1.0 1.0 1.0 1.0 1.0 1.0 1.0 1.0 1.0 1.0 1.0 1.0 1.0 1.0 1.0 1.0 1.0 1.0 1.0 1.0 1.0 1.0 1.0 1.0 1.0 1.0 1.0 1.0 
1.0 1.0 1.0 1.0 1.0 1.0 1.0 1.0 1.0 1.0 1.0 1.0 1.0 1.0 1.0 1.0 1.0 1.0 1.0 1.0 1.0 1.0 1.0 1.0 1.0 1.0 1.0 1.0 1.0 1.0 1.0 1.0 1.0 1.0 1.0 1.0 1.0 1.0 1.0 1.0 1.0 1.0 1.0 1.0 1.0 1.0 1.0 1.0 1.0 1.0 1.0 1.0 1.0 1.0 1.0 1.0 1.0 1.0 1.0 1.0 1.0 1.0 1.0 1.0 1.0 1.0 1.0 1.0 1.0 1.0 1.0 1.0 1.0 1.0 1.0 0.0 1.0 1.0 1.0 1.0 1.0 1.0 1.0 1.0 1.0 1.0 1.0 1.0 1.0 1.0 1.0 1.0 1.0 1.0 1.0 1.0 1.0 1.0 1.0 1.0 1.0 1.0 1.0 1.0 1.0 1.0 1.0 1.0 1.0 1.0 1.0 1.0 1.0 1.0 1.0 1.0 1.0 1.0 1.0 1.0 1.0 1.0 1.0 1.0 1.0 1.0 1.0 1.0 
1.0 1.0 1.0 1.0 1.0 1.0 1.0 1.0 1.0 1.0 1.0 1.0 1.0 1.0 1.0 1.0 1.0 1.0 1.0 1.0 1.0 1.0 1.0 1.0 1.0 1.0 1.0 1.0 1.0 1.0 1.0 1.0 1.0 1.0 1.0 1.0 1.0 1.0 1.0 1.0 1.0 1.0 1.0 1.0 1.0 1.0 1.0 1.0 1.0 1.0 1.0 1.0 1.0 1.0 1.0 1.0 1.0 1.0 1.0 1.0 1.0 1.0 1.0 1.0 1.0 1.0 1.0 1.0 1.0 1.0 1.0 1.0 1.0 1.0 1.0 1.0 0.0 1.0 1.0 1.0 1.0 1.0 1.0 1.0 1.0 1.0 1.0 1.0 1.0 1.0 1.0 1.0 1.0 1.0 1.0 1.0 1.0 1.0 1.0 1.0 1.0 1.0 1.0 1.0 1.0 1.0 1.0 1.0 1.0 1.0 1.0 1.0 1.0 1.0 1.0 1.0 1.0 1.0 1.0 1.0 1.0 1.0 1.0 1.0 1.0 1.0 1.0 1.0 
1.0 1.0 1.0 1.0 1.0 1.0 1.0 1.0 1.0 1.0 1.0 1.0 1.0 1.0 1.0 1.0 1.0 1.0 1.0 1.0 1.0 1.0 1.0 1.0 1.0 1.0 1.0 1.0 1.0 1.0 1.0 1.0 1.0 1.0 1.0 1.0 1.0 1.0 1.0 1.0 1.0 1.0 1.0 1.0 1.0 1.0 1.0 1.0 1.0 1.0 1.0 1.0 1.0 1.0 1.0 1.0 1.0 1.0 1.0 1.0 1.0 1.0 1.0 1.0 1.0 1.0 1.0 1.0 1.0 1.0 1.0 1.0 1.0 1.0 1.0 1.0 1.0 0.0 1.0 1.0 1.0 1.0 1.0 1.0 1.0 1.0 1.0 1.0 1.0 1.0 1.0 1.0 1.0 1.0 1.0 1.0 1.0 1.0 1.0 1.0 1.0 1.0 1.0 1.0 1.0 1.0 1.0 1.0 1.0 1.0 1.0 1.0 1.0 1.0 1.0 1.0 1.0 1.0 1.0 1.0 1.0 1.0 1.0 1.0 1.0 1.0 1.0 1.0 
1.0 1.0 1.0 1.0 1.0 1.0 1.0 1.0 1.0 1.0 1.0 1.0 1.0 1.0 1.0 1.0 1.0 1.0 1.0 1.0 1.0 1.0 1.0 1.0 1.0 1.0 1.0 1.0 1.0 1.0 1.0 1.0 1.0 1.0 1.0 1.0 1.0 1.0 1.0 1.0 1.0 1.0 1.0 1.0 1.0 1.0 1.0 1.0 1.0 1.0 1.0 1.0 1.0 1.0 1.0 1.0 1.0 1.0 1.0 1.0 1.0 1.0 1.0 1.0 1.0 1.0 1.0 1.0 1.0 1.0 1.0 1.0 1.0 1.0 1.0 1.0 1.0 1.0 0.0 1.0 1.0 1.0 1.0 1.0 1.0 1.0 1.0 1.0 1.0 1.0 1.0 1.0 1.0 1.0 1.0 1.0 1.0 1.0 1.0 1.0 1.0 1.0 1.0 1.0 1.0 1.0 1.0 1.0 1.0 1.0 1.0 1.0 1.0 1.0 1.0 1.0 1.0 1.0 1.0 1.0 1.0 1.0 1.0 1.0 1.0 1.0 1.0 1.0 
1.0 1.0 1.0 1.0 1.0 1.0 1.0 1.0 1.0 1.0 1.0 1.0 1.0 1.0 1.0 1.0 1.0 1.0 1.0 1.0 1.0 1.0 1.0 1.0 1.0 1.0 1.0 1.0 1.0 1.0 1.0 1.0 1.0 1.0 1.0 1.0 1.0 1.0 1.0 1.0 1.0 1.0 1.0 1.0 1.0 1.0 1.0 1.0 1.0 1.0 1.0 1.0 1.0 1.0 1.0 1.0 1.0 1.0 1.0 1.0 1.0 1.0 1.0 1.0 1.0 1.0 1.0 1.0 1.0 1.0 1.0 1.0 1.0 1.0 1.0 1.0 1.0 1.0 1.0 0.0 1.0 1.0 1.0 1.0 1.0 1.0 1.0 1.0 1.0 1.0 1.0 1.0 1.0 1.0 1.0 1.0 1.0 1.0 1.0 1.0 1.0 1.0 1.0 1.0 1.0 1.0 1.0 1.0 1.0 1.0 1.0 1.0 1.0 1.0 1.0 1.0 1.0 1.0 1.0 1.0 1.0 1.0 1.0 1.0 1.0 1.0 1.0 1.0 
1.0 1.0 1.0 1.0 1.0 1.0 1.0 1.0 1.0 1.0 1.0 1.0 1.0 1.0 1.0 1.0 1.0 1.0 1.0 1.0 1.0 1.0 1.0 1.0 1.0 1.0 1.0 1.0 1.0 1.0 1.0 1.0 1.0 1.0 1.0 1.0 1.0 1.0 1.0 1.0 1.0 1.0 1.0 1.0 1.0 1.0 1.0 1.0 1.0 1.0 1.0 1.0 1.0 1.0 1.0 1.0 1.0 1.0 1.0 1.0 1.0 1.0 1.0 1.0 1.0 1.0 1.0 1.0 1.0 1.0 1.0 1.0 1.0 1.0 1.0 1.0 1.0 1.0 1.0 1.0 0.0 1.0 1.0 1.0 1.0 1.0 1.0 1.0 1.0 1.0 1.0 1.0 1.0 1.0 1.0 1.0 1.0 1.0 1.0 1.0 1.0 1.0 1.0 1.0 1.0 1.0 1.0 1.0 1.0 1.0 1.0 1.0 1.0 1.0 1.0 1.0 1.0 1.0 1.0 1.0 1.0 1.0 1.0 1.0 1.0 1.0 1.0 1.0 
1.0 1.0 1.0 1.0 1.0 1.0 1.0 1.0 1.0 1.0 1.0 1.0 1.0 1.0 1.0 1.0 1.0 1.0 1.0 1.0 1.0 1.0 1.0 1.0 1.0 1.0 1.0 1.0 1.0 1.0 1.0 1.0 1.0 1.0 1.0 1.0 1.0 1.0 1.0 1.0 1.0 1.0 1.0 1.0 1.0 1.0 1.0 1.0 1.0 1.0 1.0 1.0 1.0 1.0 1.0 1.0 1.0 1.0 1.0 1.0 1.0 1.0 1.0 1.0 1.0 1.0 1.0 1.0 1.0 1.0 1.0 1.0 1.0 1.0 1.0 1.0 1.0 1.0 1.0 1.0 1.0 0.0 1.0 1.0 1.0 1.0 1.0 1.0 1.0 1.0 1.0 1.0 1.0 1.0 1.0 1.0 1.0 1.0 1.0 1.0 1.0 1.0 1.0 1.0 1.0 1.0 1.0 1.0 1.0 1.0 1.0 1.0 1.0 1.0 1.0 1.0 1.0 1.0 1.0 1.0 1.0 1.0 1.0 1.0 1.0 1.0 1.0 1.0 
1.0 1.0 1.0 1.0 1.0 1.0 1.0 1.0 1.0 1.0 1.0 1.0 1.0 1.0 1.0 1.0 1.0 1.0 1.0 1.0 1.0 1.0 1.0 1.0 1.0 1.0 1.0 1.0 1.0 1.0 1.0 1.0 1.0 1.0 1.0 1.0 1.0 1.0 1.0 1.0 1.0 1.0 1.0 1.0 1.0 1.0 1.0 1.0 1.0 1.0 1.0 1.0 1.0 1.0 1.0 1.0 1.0 1.0 1.0 1.0 1.0 1.0 1.0 1.0 1.0 1.0 1.0 1.0 1.0 1.0 1.0 1.0 1.0 1.0 1.0 1.0 1.0 1.0 1.0 1.0 1.0 1.0 0.0 1.0 1.0 1.0 1.0 1.0 1.0 1.0 1.0 1.0 1.0 1.0 1.0 1.0 1.0 1.0 1.0 1.0 1.0 1.0 1.0 1.0 1.0 1.0 1.0 1.0 1.0 1.0 1.0 1.0 1.0 1.0 1.0 1.0 1.0 1.0 1.0 1.0 1.0 1.0 1.0 1.0 1.0 1.0 1.0 1.0 
1.0 1.0 1.0 1.0 1.0 1.0 1.0 1.0 1.0 1.0 1.0 1.0 1.0 1.0 1.0 1.0 1.0 1.0 1.0 1.0 1.0 1.0 1.0 1.0 1.0 1.0 1.0 1.0 1.0 1.0 1.0 1.0 1.0 1.0 1.0 1.0 1.0 1.0 1.0 1.0 1.0 1.0 1.0 1.0 1.0 1.0 1.0 1.0 1.0 1.0 1.0 1.0 1.0 1.0 1.0 1.0 1.0 1.0 1.0 1.0 1.0 1.0 1.0 1.0 1.0 1.0 1.0 1.0 1.0 1.0 1.0 1.0 1.0 1.0 1.0 1.0 1.0 1.0 1.0 1.0 1.0 1.0 1.0 0.0 1.0 1.0 1.0 1.0 1.0 1.0 1.0 1.0 1.0 1.0 1.0 1.0 1.0 1.0 1.0 1.0 1.0 1.0 1.0 1.0 1.0 1.0 1.0 1.0 1.0 1.0 1.0 1.0 1.0 1.0 1.0 1.0 1.0 1.0 1.0 1.0 1.0 1.0 1.0 1.0 1.0 1.0 1.0 1.0 
1.0 1.0 1.0 1.0 1.0 1.0 1.0 1.0 1.0 1.0 1.0 1.0 1.0 1.0 1.0 1.0 1.0 1.0 1.0 1.0 1.0 1.0 1.0 1.0 1.0 1.0 1.0 1.0 1.0 1.0 1.0 1.0 1.0 1.0 1.0 1.0 1.0 1.0 1.0 1.0 1.0 1.0 1.0 1.0 1.0 1.0 1.0 1.0 1.0 1.0 1.0 1.0 1.0 1.0 1.0 1.0 1.0 1.0 1.0 1.0 1.0 1.0 1.0 1.0 1.0 1.0 1.0 1.0 1.0 1.0 1.0 1.0 1.0 1.0 1.0 1.0 1.0 1.0 1.0 1.0 1.0 1.0 1.0 1.0 0.0 1.0 1.0 1.0 1.0 1.0 1.0 1.0 1.0 1.0 1.0 1.0 1.0 1.0 1.0 1.0 1.0 1.0 1.0 1.0 1.0 1.0 1.0 1.0 1.0 1.0 1.0 1.0 1.0 1.0 1.0 1.0 1.0 1.0 1.0 1.0 1.0 1.0 1.0 1.0 1.0 1.0 1.0 1.0 
1.0 1.0 1.0 1.0 1.0 1.0 1.0 1.0 1.0 1.0 1.0 1.0 1.0 1.0 1.0 1.0 1.0 1.0 1.0 1.0 1.0 1.0 1.0 1.0 1.0 1.0 1.0 1.0 1.0 1.0 1.0 1.0 1.0 1.0 1.0 1.0 1.0 1.0 1.0 1.0 1.0 1.0 1.0 1.0 1.0 1.0 1.0 1.0 1.0 1.0 1.0 1.0 1.0 1.0 1.0 1.0 1.0 1.0 1.0 1.0 1.0 1.0 1.0 1.0 1.0 1.0 1.0 1.0 1.0 1.0 1.0 1.0 1.0 1.0 1.0 1.0 1.0 1.0 1.0 1.0 1.0 1.0 1.0 1.0 1.0 0.0 1.0 1.0 1.0 1.0 1.0 1.0 1.0 1.0 1.0 1.0 1.0 1.0 1.0 1.0 1.0 1.0 1.0 1.0 1.0 1.0 1.0 1.0 1.0 1.0 1.0 1.0 1.0 1.0 1.0 1.0 1.0 1.0 1.0 1.0 1.0 1.0 1.0 1.0 1.0 1.0 1.0 1.0 
1.0 1.0 1.0 1.0 1.0 1.0 1.0 1.0 1.0 1.0 1.0 1.0 1.0 1.0 1.0 1.0 1.0 1.0 1.0 1.0 1.0 1.0 1.0 1.0 1.0 1.0 1.0 1.0 1.0 1.0 1.0 1.0 1.0 1.0 1.0 1.0 1.0 1.0 1.0 1.0 1.0 1.0 1.0 1.0 1.0 1.0 1.0 1.0 1.0 1.0 1.0 1.0 1.0 1.0 1.0 1.0 1.0 1.0 1.0 1.0 1.0 1.0 1.0 1.0 1.0 1.0 1.0 1.0 1.0 1.0 1.0 1.0 1.0 1.0 1.0 1.0 1.0 1.0 1.0 1.0 1.0 1.0 1.0 1.0 1.0 1.0 0.0 1.0 1.0 1.0 1.0 1.0 1.0 1.0 1.0 1.0 1.0 1.0 1.0 1.0 1.0 1.0 1.0 1.0 1.0 1.0 1.0 1.0 1.0 1.0 1.0 1.0 1.0 1.0 1.0 1.0 1.0 1.0 1.0 1.0 1.0 1.0 1.0 1.0 1.0 1.0 1.0 1.0 
1.0 1.0 1.0 1.0 1.0 1.0 1.0 1.0 1.0 1.0 1.0 1.0 1.0 1.0 1.0 1.0 1.0 1.0 1.0 1.0 1.0 1.0 1.0 1.0 1.0 1.0 1.0 1.0 1.0 1.0 1.0 1.0 1.0 1.0 1.0 1.0 1.0 1.0 1.0 1.0 1.0 1.0 1.0 1.0 1.0 1.0 1.0 1.0 1.0 1.0 1.0 1.0 1.0 1.0 1.0 1.0 1.0 1.0 1.0 1.0 1.0 1.0 1.0 1.0 1.0 1.0 1.0 1.0 1.0 1.0 1.0 1.0 1.0 1.0 1.0 1.0 1.0 1.0 1.0 1.0 1.0 1.0 1.0 1.0 1.0 1.0 1.0 0.0 1.0 1.0 1.0 1.0 1.0 1.0 1.0 1.0 1.0 1.0 1.0 1.0 1.0 1.0 1.0 1.0 1.0 1.0 1.0 1.0 1.0 1.0 1.0 1.0 1.0 1.0 1.0 1.0 1.0 1.0 1.0 1.0 1.0 1.0 1.0 1.0 1.0 1.0 1.0 1.0 
1.0 1.0 1.0 1.0 1.0 1.0 1.0 1.0 1.0 1.0 1.0 1.0 1.0 1.0 1.0 1.0 1.0 1.0 1.0 1.0 1.0 1.0 1.0 1.0 1.0 1.0 1.0 1.0 1.0 1.0 1.0 1.0 1.0 1.0 1.0 1.0 1.0 1.0 1.0 1.0 1.0 1.0 1.0 1.0 1.0 1.0 1.0 1.0 1.0 1.0 1.0 1.0 1.0 1.0 1.0 1.0 1.0 1.0 1.0 1.0 1.0 1.0 1.0 1.0 1.0 1.0 1.0 1.0 1.0 1.0 1.0 1.0 1.0 1.0 1.0 1.0 1.0 1.0 1.0 1.0 1.0 1.0 1.0 1.0 1.0 1.0 1.0 1.0 0.0 1.0 1.0 1.0 1.0 1.0 1.0 1.0 1.0 1.0 1.0 1.0 1.0 1.0 1.0 1.0 1.0 1.0 1.0 1.0 1.0 1.0 1.0 1.0 1.0 1.0 1.0 1.0 1.0 1.0 1.0 1.0 1.0 1.0 1.0 1.0 1.0 1.0 1.0 1.0 
1.0 1.0 1.0 1.0 1.0 1.0 1.0 1.0 1.0 1.0 1.0 1.0 1.0 1.0 1.0 1.0 1.0 1.0 1.0 1.0 1.0 1.0 1.0 1.0 1.0 1.0 1.0 1.0 1.0 1.0 1.0 1.0 1.0 1.0 1.0 1.0 1.0 1.0 1.0 1.0 1.0 1.0 1.0 1.0 1.0 1.0 1.0 1.0 1.0 1.0 1.0 1.0 1.0 1.0 1.0 1.0 1.0 1.0 1.0 1.0 1.0 1.0 1.0 1.0 1.0 1.0 1.0 1.0 1.0 1.0 1.0 1.0 1.0 1.0 1.0 1.0 1.0 1.0 1.0 1.0 1.0 1.0 1.0 1.0 1.0 1.0 1.0 1.0 1.0 0.0 1.0 1.0 1.0 1.0 1.0 1.0 1.0 1.0 1.0 1.0 1.0 1.0 1.0 1.0 1.0 1.0 1.0 1.0 1.0 1.0 1.0 1.0 1.0 1.0 1.0 1.0 1.0 1.0 1.0 1.0 1.0 1.0 1.0 1.0 1.0 1.0 1.0 1.0 
1.0 1.0 1.0 1.0 1.0 1.0 1.0 1.0 1.0 1.0 1.0 1.0 1.0 1.0 1.0 1.0 1.0 1.0 1.0 1.0 1.0 1.0 1.0 1.0 1.0 1.0 1.0 1.0 1.0 1.0 1.0 1.0 1.0 1.0 1.0 1.0 1.0 1.0 1.0 1.0 1.0 1.0 1.0 1.0 1.0 1.0 1.0 1.0 1.0 1.0 1.0 1.0 1.0 1.0 1.0 1.0 1.0 1.0 1.0 1.0 1.0 1.0 1.0 1.0 1.0 1.0 1.0 1.0 1.0 1.0 1.0 1.0 1.0 1.0 1.0 1.0 1.0 1.0 1.0 1.0 1.0 1.0 1.0 1.0 1.0 1.0 1.0 1.0 1.0 1.0 0.0 1.0 1.0 1.0 1.0 1.0 1.0 1.0 1.0 1.0 1.0 1.0 1.0 1.0 1.0 1.0 1.0 1.0 1.0 1.0 1.0 1.0 1.0 1.0 1.0 1.0 1.0 1.0 1.0 1.0 1.0 1.0 1.0 1.0 1.0 1.0 1.0 1.0 
1.0 1.0 1.0 1.0 1.0 1.0 1.0 1.0 1.0 1.0 1.0 1.0 1.0 1.0 1.0 1.0 1.0 1.0 1.0 1.0 1.0 1.0 1.0 1.0 1.0 1.0 1.0 1.0 1.0 1.0 1.0 1.0 1.0 1.0 1.0 1.0 1.0 1.0 1.0 1.0 1.0 1.0 1.0 1.0 1.0 1.0 1.0 1.0 1.0 1.0 1.0 1.0 1.0 1.0 1.0 1.0 1.0 1.0 1.0 1.0 1.0 1.0 1.0 1.0 1.0 1.0 1.0 1.0 1.0 1.0 1.0 1.0 1.0 1.0 1.0 1.0 1.0 1.0 1.0 1.0 1.0 1.0 1.0 1.0 1.0 1.0 1.0 1.0 1.0 1.0 1.0 0.0 1.0 1.0 1.0 1.0 1.0 1.0 1.0 1.0 1.0 1.0 1.0 1.0 1.0 1.0 1.0 1.0 1.0 1.0 1.0 1.0 1.0 1.0 1.0 1.0 1.0 1.0 1.0 1.0 1.0 1.0 1.0 1.0 1.0 1.0 1.0 1.0 
1.0 1.0 1.0 1.0 1.0 1.0 1.0 1.0 1.0 1.0 1.0 1.0 1.0 1.0 1.0 1.0 1.0 1.0 1.0 1.0 1.0 1.0 1.0 1.0 1.0 1.0 1.0 1.0 1.0 1.0 1.0 1.0 1.0 1.0 1.0 1.0 1.0 1.0 1.0 1.0 1.0 1.0 1.0 1.0 1.0 1.0 1.0 1.0 1.0 1.0 1.0 1.0 1.0 1.0 1.0 1.0 1.0 1.0 1.0 1.0 1.0 1.0 1.0 1.0 1.0 1.0 1.0 1.0 1.0 1.0 1.0 1.0 1.0 1.0 1.0 1.0 1.0 1.0 1.0 1.0 1.0 1.0 1.0 1.0 1.0 1.0 1.0 1.0 1.0 1.0 1.0 1.0 0.0 1.0 1.0 1.0 1.0 1.0 1.0 1.0 1.0 1.0 1.0 1.0 1.0 1.0 1.0 1.0 1.0 1.0 1.0 1.0 1.0 1.0 1.0 1.0 1.0 1.0 1.0 1.0 1.0 1.0 1.0 1.0 1.0 1.0 1.0 1.0 
1.0 1.0 1.0 1.0 1.0 1.0 1.0 1.0 1.0 1.0 1.0 1.0 1.0 1.0 1.0 1.0 1.0 1.0 1.0 1.0 1.0 1.0 1.0 1.0 1.0 1.0 1.0 1.0 1.0 1.0 1.0 1.0 1.0 1.0 1.0 1.0 1.0 1.0 1.0 1.0 1.0 1.0 1.0 1.0 1.0 1.0 1.0 1.0 1.0 1.0 1.0 1.0 1.0 1.0 1.0 1.0 1.0 1.0 1.0 1.0 1.0 1.0 1.0 1.0 1.0 1.0 1.0 1.0 1.0 1.0 1.0 1.0 1.0 1.0 1.0 1.0 1.0 1.0 1.0 1.0 1.0 1.0 1.0 1.0 1.0 1.0 1.0 1.0 1.0 1.0 1.0 1.0 1.0 0.0 1.0 1.0 1.0 1.0 1.0 1.0 1.0 1.0 1.0 1.0 1.0 1.0 1.0 1.0 1.0 1.0 1.0 1.0 1.0 1.0 1.0 1.0 1.0 1.0 1.0 1.0 1.0 1.0 1.0 1.0 1.0 1.0 1.0 1.0 
1.0 1.0 1.0 1.0 1.0 1.0 1.0 1.0 1.0 1.0 1.0 1.0 1.0 1.0 1.0 1.0 1.0 1.0 1.0 1.0 1.0 1.0 1.0 1.0 1.0 1.0 1.0 1.0 1.0 1.0 1.0 1.0 1.0 1.0 1.0 1.0 1.0 1.0 1.0 1.0 1.0 1.0 1.0 1.0 1.0 1.0 1.0 1.0 1.0 1.0 1.0 1.0 1.0 1.0 1.0 1.0 1.0 1.0 1.0 1.0 1.0 1.0 1.0 1.0 1.0 1.0 1.0 1.0 1.0 1.0 1.0 1.0 1.0 1.0 1.0 1.0 1.0 1.0 1.0 1.0 1.0 1.0 1.0 1.0 1.0 1.0 1.0 1.0 1.0 1.0 1.0 1.0 1.0 1.0 0.0 1.0 1.0 1.0 1.0 1.0 1.0 1.0 1.0 1.0 1.0 1.0 1.0 1.0 1.0 1.0 1.0 1.0 1.0 1.0 1.0 1.0 1.0 1.0 1.0 1.0 1.0 1.0 1.0 1.0 1.0 1.0 1.0 1.0 
1.0 1.0 1.0 1.0 1.0 1.0 1.0 1.0 1.0 1.0 1.0 1.0 1.0 1.0 1.0 1.0 1.0 1.0 1.0 1.0 1.0 1.0 1.0 1.0 1.0 1.0 1.0 1.0 1.0 1.0 1.0 1.0 1.0 1.0 1.0 1.0 1.0 1.0 1.0 1.0 1.0 1.0 1.0 1.0 1.0 1.0 1.0 1.0 1.0 1.0 1.0 1.0 1.0 1.0 1.0 1.0 1.0 1.0 1.0 1.0 1.0 1.0 1.0 1.0 1.0 1.0 1.0 1.0 1.0 1.0 1.0 1.0 1.0 1.0 1.0 1.0 1.0 1.0 1.0 1.0 1.0 1.0 1.0 1.0 1.0 1.0 1.0 1.0 1.0 1.0 1.0 1.0 1.0 1.0 1.0 0.0 1.0 1.0 1.0 1.0 1.0 1.0 1.0 1.0 1.0 1.0 1.0 1.0 1.0 1.0 1.0 1.0 1.0 1.0 1.0 1.0 1.0 1.0 1.0 1.0 1.0 1.0 1.0 1.0 1.0 1.0 1.0 1.0 
1.0 1.0 1.0 1.0 1.0 1.0 1.0 1.0 1.0 1.0 1.0 1.0 1.0 1.0 1.0 1.0 1.0 1.0 1.0 1.0 1.0 1.0 1.0 1.0 1.0 1.0 1.0 1.0 1.0 1.0 1.0 1.0 1.0 1.0 1.0 1.0 1.0 1.0 1.0 1.0 1.0 1.0 1.0 1.0 1.0 1.0 1.0 1.0 1.0 1.0 1.0 1.0 1.0 1.0 1.0 1.0 1.0 1.0 1.0 1.0 1.0 1.0 1.0 1.0 1.0 1.0 1.0 1.0 1.0 1.0 1.0 1.0 1.0 1.0 1.0 1.0 1.0 1.0 1.0 1.0 1.0 1.0 1.0 1.0 1.0 1.0 1.0 1.0 1.0 1.0 1.0 1.0 1.0 1.0 1.0 1.0 0.0 1.0 1.0 1.0 1.0 1.0 1.0 1.0 1.0 1.0 1.0 1.0 1.0 1.0 1.0 1.0 1.0 1.0 1.0 1.0 1.0 1.0 1.0 1.0 1.0 1.0 1.0 1.0 1.0 1.0 1.0 1.0 
1.0 1.0 1.0 1.0 1.0 1.0 1.0 1.0 1.0 1.0 1.0 1.0 1.0 1.0 1.0 1.0 1.0 1.0 1.0 1.0 1.0 1.0 1.0 1.0 1.0 1.0 1.0 1.0 1.0 1.0 1.0 1.0 1.0 1.0 1.0 1.0 1.0 1.0 1.0 1.0 1.0 1.0 1.0 1.0 1.0 1.0 1.0 1.0 1.0 1.0 1.0 1.0 1.0 1.0 1.0 1.0 1.0 1.0 1.0 1.0 1.0 1.0 1.0 1.0 1.0 1.0 1.0 1.0 1.0 1.0 1.0 1.0 1.0 1.0 1.0 1.0 1.0 1.0 1.0 1.0 1.0 1.0 1.0 1.0 1.0 1.0 1.0 1.0 1.0 1.0 1.0 1.0 1.0 1.0 1.0 1.0 1.0 0.0 1.0 1.0 1.0 1.0 1.0 1.0 1.0 1.0 1.0 1.0 1.0 1.0 1.0 1.0 1.0 1.0 1.0 1.0 1.0 1.0 1.0 1.0 1.0 1.0 1.0 1.0 1.0 1.0 1.0 1.0 
1.0 1.0 1.0 1.0 1.0 1.0 1.0 1.0 1.0 1.0 1.0 1.0 1.0 1.0 1.0 1.0 1.0 1.0 1.0 1.0 1.0 1.0 1.0 1.0 1.0 1.0 1.0 1.0 1.0 1.0 1.0 1.0 1.0 1.0 1.0 1.0 1.0 1.0 1.0 1.0 1.0 1.0 1.0 1.0 1.0 1.0 1.0 1.0 1.0 1.0 1.0 1.0 1.0 1.0 1.0 1.0 1.0 1.0 1.0 1.0 1.0 1.0 1.0 1.0 1.0 1.0 1.0 1.0 1.0 1.0 1.0 1.0 1.0 1.0 1.0 1.0 1.0 1.0 1.0 1.0 1.0 1.0 1.0 1.0 1.0 1.0 1.0 1.0 1.0 1.0 1.0 1.0 1.0 1.0 1.0 1.0 1.0 1.0 0.0 1.0 1.0 1.0 1.0 1.0 1.0 1.0 1.0 1.0 1.0 1.0 1.0 1.0 1.0 1.0 1.0 1.0 1.0 1.0 1.0 1.0 1.0 1.0 1.0 1.0 1.0 1.0 1.0 1.0 
1.0 1.0 1.0 1.0 1.0 1.0 1.0 1.0 1.0 1.0 1.0 1.0 1.0 1.0 1.0 1.0 1.0 1.0 1.0 1.0 1.0 1.0 1.0 1.0 1.0 1.0 1.0 1.0 1.0 1.0 1.0 1.0 1.0 1.0 1.0 1.0 1.0 1.0 1.0 1.0 1.0 1.0 1.0 1.0 1.0 1.0 1.0 1.0 1.0 1.0 1.0 1.0 1.0 1.0 1.0 1.0 1.0 1.0 1.0 1.0 1.0 1.0 1.0 1.0 1.0 1.0 1.0 1.0 1.0 1.0 1.0 1.0 1.0 1.0 1.0 1.0 1.0 1.0 1.0 1.0 1.0 1.0 1.0 1.0 1.0 1.0 1.0 1.0 1.0 1.0 1.0 1.0 1.0 1.0 1.0 1.0 1.0 1.0 1.0 0.0 1.0 1.0 1.0 1.0 1.0 1.0 1.0 1.0 1.0 1.0 1.0 1.0 1.0 1.0 1.0 1.0 1.0 1.0 1.0 1.0 1.0 1.0 1.0 1.0 1.0 1.0 1.0 1.0 
1.0 1.0 1.0 1.0 1.0 1.0 1.0 1.0 1.0 1.0 1.0 1.0 1.0 1.0 1.0 1.0 1.0 1.0 1.0 1.0 1.0 1.0 1.0 1.0 1.0 1.0 1.0 1.0 1.0 1.0 1.0 1.0 1.0 1.0 1.0 1.0 1.0 1.0 1.0 1.0 1.0 1.0 1.0 1.0 1.0 1.0 1.0 1.0 1.0 1.0 1.0 1.0 1.0 1.0 1.0 1.0 1.0 1.0 1.0 1.0 1.0 1.0 1.0 1.0 1.0 1.0 1.0 1.0 1.0 1.0 1.0 1.0 1.0 1.0 1.0 1.0 1.0 1.0 1.0 1.0 1.0 1.0 1.0 1.0 1.0 1.0 1.0 1.0 1.0 1.0 1.0 1.0 1.0 1.0 1.0 1.0 1.0 1.0 1.0 1.0 0.0 1.0 1.0 1.0 1.0 1.0 1.0 1.0 1.0 1.0 1.0 1.0 1.0 1.0 1.0 1.0 1.0 1.0 1.0 1.0 1.0 1.0 1.0 1.0 1.0 1.0 1.0 1.0 
1.0 1.0 1.0 1.0 1.0 1.0 1.0 1.0 1.0 1.0 1.0 1.0 1.0 1.0 1.0 1.0 1.0 1.0 1.0 1.0 1.0 1.0 1.0 1.0 1.0 1.0 1.0 1.0 1.0 1.0 1.0 1.0 1.0 1.0 1.0 1.0 1.0 1.0 1.0 1.0 1.0 1.0 1.0 1.0 1.0 1.0 1.0 1.0 1.0 1.0 1.0 1.0 1.0 1.0 1.0 1.0 1.0 1.0 1.0 1.0 1.0 1.0 1.0 1.0 1.0 1.0 1.0 1.0 1.0 1.0 1.0 1.0 1.0 1.0 1.0 1.0 1.0 1.0 1.0 1.0 1.0 1.0 1.0 1.0 1.0 1.0 1.0 1.0 1.0 1.0 1.0 1.0 1.0 1.0 1.0 1.0 1.0 1.0 1.0 1.0 1.0 0.0 1.0 1.0 1.0 1.0 1.0 1.0 1.0 1.0 1.0 1.0 1.0 1.0 1.0 1.0 1.0 1.0 1.0 1.0 1.0 1.0 1.0 1.0 1.0 1.0 1.0 1.0 
1.0 1.0 1.0 1.0 1.0 1.0 1.0 1.0 1.0 1.0 1.0 1.0 1.0 1.0 1.0 1.0 1.0 1.0 1.0 1.0 1.0 1.0 1.0 1.0 1.0 1.0 1.0 1.0 1.0 1.0 1.0 1.0 1.0 1.0 1.0 1.0 1.0 1.0 1.0 1.0 1.0 1.0 1.0 1.0 1.0 1.0 1.0 1.0 1.0 1.0 1.0 1.0 1.0 1.0 1.0 1.0 1.0 1.0 1.0 1.0 1.0 1.0 1.0 1.0 1.0 1.0 1.0 1.0 1.0 1.0 1.0 1.0 1.0 1.0 1.0 1.0 1.0 1.0 1.0 1.0 1.0 1.0 1.0 1.0 1.0 1.0 1.0 1.0 1.0 1.0 1.0 1.0 1.0 1.0 1.0 1.0 1.0 1.0 1.0 1.0 1.0 1.0 0.0 1.0 1.0 1.0 1.0 1.0 1.0 1.0 1.0 1.0 1.0 1.0 1.0 1.0 1.0 1.0 1.0 1.0 1.0 1.0 1.0 1.0 1.0 1.0 1.0 1.0 
1.0 1.0 1.0 1.0 1.0 1.0 1.0 1.0 1.0 1.0 1.0 1.0 1.0 1.0 1.0 1.0 1.0 1.0 1.0 1.0 1.0 1.0 1.0 1.0 1.0 1.0 1.0 1.0 1.0 1.0 1.0 1.0 1.0 1.0 1.0 1.0 1.0 1.0 1.0 1.0 1.0 1.0 1.0 1.0 1.0 1.0 1.0 1.0 1.0 1.0 1.0 1.0 1.0 1.0 1.0 1.0 1.0 1.0 1.0 1.0 1.0 1.0 1.0 1.0 1.0 1.0 1.0 1.0 1.0 1.0 1.0 1.0 1.0 1.0 1.0 1.0 1.0 1.0 1.0 1.0 1.0 1.0 1.0 1.0 1.0 1.0 1.0 1.0 1.0 1.0 1.0 1.0 1.0 1.0 1.0 1.0 1.0 1.0 1.0 1.0 1.0 1.0 1.0 0.0 1.0 1.0 1.0 1.0 1.0 1.0 1.0 1.0 1.0 1.0 1.0 1.0 1.0 1.0 1.0 1.0 1.0 1.0 1.0 1.0 1.0 1.0 1.0 1.0 
1.0 1.0 1.0 1.0 1.0 1.0 1.0 1.0 1.0 1.0 1.0 1.0 1.0 1.0 1.0 1.0 1.0 1.0 1.0 1.0 1.0 1.0 1.0 1.0 1.0 1.0 1.0 1.0 1.0 1.0 1.0 1.0 1.0 1.0 1.0 1.0 1.0 1.0 1.0 1.0 1.0 1.0 1.0 1.0 1.0 1.0 1.0 1.0 1.0 1.0 1.0 1.0 1.0 1.0 1.0 1.0 1.0 1.0 1.0 1.0 1.0 1.0 1.0 1.0 1.0 1.0 1.0 1.0 1.0 1.0 1.0 1.0 1.0 1.0 1.0 1.0 1.0 1.0 1.0 1.0 1.0 1.0 1.0 1.0 1.0 1.0 1.0 1.0 1.0 1.0 1.0 1.0 1.0 1.0 1.0 1.0 1.0 1.0 1.0 1.0 1.0 1.0 1.0 1.0 0.0 1.0 1.0 1.0 1.0 1.0 1.0 1.0 1.0 1.0 1.0 1.0 1.0 1.0 1.0 1.0 1.0 1.0 1.0 1.0 1.0 1.0 1.0 1.0 
1.0 1.0 1.0 1.0 1.0 1.0 1.0 1.0 1.0 1.0 1.0 1.0 1.0 1.0 1.0 1.0 1.0 1.0 1.0 1.0 1.0 1.0 1.0 1.0 1.0 1.0 1.0 1.0 1.0 1.0 1.0 1.0 1.0 1.0 1.0 1.0 1.0 1.0 1.0 1.0 1.0 1.0 1.0 1.0 1.0 1.0 1.0 1.0 1.0 1.0 1.0 1.0 1.0 1.0 1.0 1.0 1.0 1.0 1.0 1.0 1.0 1.0 1.0 1.0 1.0 1.0 1.0 1.0 1.0 1.0 1.0 1.0 1.0 1.0 1.0 1.0 1.0 1.0 1.0 1.0 1.0 1.0 1.0 1.0 1.0 1.0 1.0 1.0 1.0 1.0 1.0 1.0 1.0 1.0 1.0 1.0 1.0 1.0 1.0 1.0 1.0 1.0 1.0 1.0 1.0 0.0 1.0 1.0 1.0 1.0 1.0 1.0 1.0 1.0 1.0 1.0 1.0 1.0 1.0 1.0 1.0 1.0 1.0 1.0 1.0 1.0 1.0 1.0 
1.0 1.0 1.0 1.0 1.0 1.0 1.0 1.0 1.0 1.0 1.0 1.0 1.0 1.0 1.0 1.0 1.0 1.0 1.0 1.0 1.0 1.0 1.0 1.0 1.0 1.0 1.0 1.0 1.0 1.0 1.0 1.0 1.0 1.0 1.0 1.0 1.0 1.0 1.0 1.0 1.0 1.0 1.0 1.0 1.0 1.0 1.0 1.0 1.0 1.0 1.0 1.0 1.0 1.0 1.0 1.0 1.0 1.0 1.0 1.0 1.0 1.0 1.0 1.0 1.0 1.0 1.0 1.0 1.0 1.0 1.0 1.0 1.0 1.0 1.0 1.0 1.0 1.0 1.0 1.0 1.0 1.0 1.0 1.0 1.0 1.0 1.0 1.0 1.0 1.0 1.0 1.0 1.0 1.0 1.0 1.0 1.0 1.0 1.0 1.0 1.0 1.0 1.0 1.0 1.0 1.0 0.0 1.0 1.0 1.0 1.0 1.0 1.0 1.0 1.0 1.0 1.0 1.0 1.0 1.0 1.0 1.0 1.0 1.0 1.0 1.0 1.0 1.0 
1.0 1.0 1.0 1.0 1.0 1.0 1.0 1.0 1.0 1.0 1.0 1.0 1.0 1.0 1.0 1.0 1.0 1.0 1.0 1.0 1.0 1.0 1.0 1.0 1.0 1.0 1.0 1.0 1.0 1.0 1.0 1.0 1.0 1.0 1.0 1.0 1.0 1.0 1.0 1.0 1.0 1.0 1.0 1.0 1.0 1.0 1.0 1.0 1.0 1.0 1.0 1.0 1.0 1.0 1.0 1.0 1.0 1.0 1.0 1.0 1.0 1.0 1.0 1.0 1.0 1.0 1.0 1.0 1.0 1.0 1.0 1.0 1.0 1.0 1.0 1.0 1.0 1.0 1.0 1.0 1.0 1.0 1.0 1.0 1.0 1.0 1.0 1.0 1.0 1.0 1.0 1.0 1.0 1.0 1.0 1.0 1.0 1.0 1.0 1.0 1.0 1.0 1.0 1.0 1.0 1.0 1.0 0.0 1.0 1.0 1.0 1.0 1.0 1.0 1.0 1.0 1.0 1.0 1.0 1.0 1.0 1.0 1.0 1.0 1.0 1.0 1.0 1.0 
1.0 1.0 1.0 1.0 1.0 1.0 1.0 1.0 1.0 1.0 1.0 1.0 1.0 1.0 1.0 1.0 1.0 1.0 1.0 1.0 1.0 1.0 1.0 1.0 1.0 1.0 1.0 1.0 1.0 1.0 1.0 1.0 1.0 1.0 1.0 1.0 1.0 1.0 1.0 1.0 1.0 1.0 1.0 1.0 1.0 1.0 1.0 1.0 1.0 1.0 1.0 1.0 1.0 1.0 1.0 1.0 1.0 1.0 1.0 1.0 1.0 1.0 1.0 1.0 1.0 1.0 1.0 1.0 1.0 1.0 1.0 1.0 1.0 1.0 1.0 1.0 1.0 1.0 1.0 1.0 1.0 1.0 1.0 1.0 1.0 1.0 1.0 1.0 1.0 1.0 1.0 1.0 1.0 1.0 1.0 1.0 1.0 1.0 1.0 1.0 1.0 1.0 1.0 1.0 1.0 1.0 1.0 1.0 0.0 1.0 1.0 1.0 1.0 1.0 1.0 1.0 1.0 1.0 1.0 1.0 1.0 1.0 1.0 1.0 1.0 1.0 1.0 1.0 
1.0 1.0 1.0 1.0 1.0 1.0 1.0 1.0 1.0 1.0 1.0 1.0 1.0 1.0 1.0 1.0 1.0 1.0 1.0 1.0 1.0 1.0 1.0 1.0 1.0 1.0 1.0 1.0 1.0 1.0 1.0 1.0 1.0 1.0 1.0 1.0 1.0 1.0 1.0 1.0 1.0 1.0 1.0 1.0 1.0 1.0 1.0 1.0 1.0 1.0 1.0 1.0 1.0 1.0 1.0 1.0 1.0 1.0 1.0 1.0 1.0 1.0 1.0 1.0 1.0 1.0 1.0 1.0 1.0 1.0 1.0 1.0 1.0 1.0 1.0 1.0 1.0 1.0 1.0 1.0 1.0 1.0 1.0 1.0 1.0 1.0 1.0 1.0 1.0 1.0 1.0 1.0 1.0 1.0 1.0 1.0 1.0 1.0 1.0 1.0 1.0 1.0 1.0 1.0 1.0 1.0 1.0 1.0 1.0 0.0 1.0 1.0 1.0 1.0 1.0 1.0 1.0 1.0 1.0 1.0 1.0 1.0 1.0 1.0 1.0 1.0 1.0 1.0 
1.0 1.0 1.0 1.0 1.0 1.0 1.0 1.0 1.0 1.0 1.0 1.0 1.0 1.0 1.0 1.0 1.0 1.0 1.0 1.0 1.0 1.0 1.0 1.0 1.0 1.0 1.0 1.0 1.0 1.0 1.0 1.0 1.0 1.0 1.0 1.0 1.0 1.0 1.0 1.0 1.0 1.0 1.0 1.0 1.0 1.0 1.0 1.0 1.0 1.0 1.0 1.0 1.0 1.0 1.0 1.0 1.0 1.0 1.0 1.0 1.0 1.0 1.0 1.0 1.0 1.0 1.0 1.0 1.0 1.0 1.0 1.0 1.0 1.0 1.0 1.0 1.0 1.0 1.0 1.0 1.0 1.0 1.0 1.0 1.0 1.0 1.0 1.0 1.0 1.0 1.0 1.0 1.0 1.0 1.0 1.0 1.0 1.0 1.0 1.0 1.0 1.0 1.0 1.0 1.0 1.0 1.0 1.0 1.0 1.0 0.0 1.0 1.0 1.0 1.0 1.0 1.0 1.0 1.0 1.0 1.0 1.0 1.0 1.0 1.0 1.0 1.0 1.0 
1.0 1.0 1.0 1.0 1.0 1.0 1.0 1.0 1.0 1.0 1.0 1.0 1.0 1.0 1.0 1.0 1.0 1.0 1.0 1.0 1.0 1.0 1.0 1.0 1.0 1.0 1.0 1.0 1.0 1.0 1.0 1.0 1.0 1.0 1.0 1.0 1.0 1.0 1.0 1.0 1.0 1.0 1.0 1.0 1.0 1.0 1.0 1.0 1.0 1.0 1.0 1.0 1.0 1.0 1.0 1.0 1.0 1.0 1.0 1.0 1.0 1.0 1.0 1.0 1.0 1.0 1.0 1.0 1.0 1.0 1.0 1.0 1.0 1.0 1.0 1.0 1.0 1.0 1.0 1.0 1.0 1.0 1.0 1.0 1.0 1.0 1.0 1.0 1.0 1.0 1.0 1.0 1.0 1.0 1.0 1.0 1.0 1.0 1.0 1.0 1.0 1.0 1.0 1.0 1.0 1.0 1.0 1.0 1.0 1.0 1.0 0.0 1.0 1.0 1.0 1.0 1.0 1.0 1.0 1.0 1.0 1.0 1.0 1.0 1.0 1.0 1.0 1.0 
1.0 1.0 1.0 1.0 1.0 1.0 1.0 1.0 1.0 1.0 1.0 1.0 1.0 1.0 1.0 1.0 1.0 1.0 1.0 1.0 1.0 1.0 1.0 1.0 1.0 1.0 1.0 1.0 1.0 1.0 1.0 1.0 1.0 1.0 1.0 1.0 1.0 1.0 1.0 1.0 1.0 1.0 1.0 1.0 1.0 1.0 1.0 1.0 1.0 1.0 1.0 1.0 1.0 1.0 1.0 1.0 1.0 1.0 1.0 1.0 1.0 1.0 1.0 1.0 1.0 1.0 1.0 1.0 1.0 1.0 1.0 1.0 1.0 1.0 1.0 1.0 1.0 1.0 1.0 1.0 1.0 1.0 1.0 1.0 1.0 1.0 1.0 1.0 1.0 1.0 1.0 1.0 1.0 1.0 1.0 1.0 1.0 1.0 1.0 1.0 1.0 1.0 1.0 1.0 1.0 1.0 1.0 1.0 1.0 1.0 1.0 1.0 0.0 1.0 1.0 1.0 1.0 1.0 1.0 1.0 1.0 1.0 1.0 1.0 1.0 1.0 1.0 1.0 
1.0 1.0 1.0 1.0 1.0 1.0 1.0 1.0 1.0 1.0 1.0 1.0 1.0 1.0 1.0 1.0 1.0 1.0 1.0 1.0 1.0 1.0 1.0 1.0 1.0 1.0 1.0 1.0 1.0 1.0 1.0 1.0 1.0 1.0 1.0 1.0 1.0 1.0 1.0 1.0 1.0 1.0 1.0 1.0 1.0 1.0 1.0 1.0 1.0 1.0 1.0 1.0 1.0 1.0 1.0 1.0 1.0 1.0 1.0 1.0 1.0 1.0 1.0 1.0 1.0 1.0 1.0 1.0 1.0 1.0 1.0 1.0 1.0 1.0 1.0 1.0 1.0 1.0 1.0 1.0 1.0 1.0 1.0 1.0 1.0 1.0 1.0 1.0 1.0 1.0 1.0 1.0 1.0 1.0 1.0 1.0 1.0 1.0 1.0 1.0 1.0 1.0 1.0 1.0 1.0 1.0 1.0 1.0 1.0 1.0 1.0 1.0 1.0 0.0 1.0 1.0 1.0 1.0 1.0 1.0 1.0 1.0 1.0 1.0 1.0 1.0 1.0 1.0 
1.0 1.0 1.0 1.0 1.0 1.0 1.0 1.0 1.0 1.0 1.0 1.0 1.0 1.0 1.0 1.0 1.0 1.0 1.0 1.0 1.0 1.0 1.0 1.0 1.0 1.0 1.0 1.0 1.0 1.0 1.0 1.0 1.0 1.0 1.0 1.0 1.0 1.0 1.0 1.0 1.0 1.0 1.0 1.0 1.0 1.0 1.0 1.0 1.0 1.0 1.0 1.0 1.0 1.0 1.0 1.0 1.0 1.0 1.0 1.0 1.0 1.0 1.0 1.0 1.0 1.0 1.0 1.0 1.0 1.0 1.0 1.0 1.0 1.0 1.0 1.0 1.0 1.0 1.0 1.0 1.0 1.0 1.0 1.0 1.0 1.0 1.0 1.0 1.0 1.0 1.0 1.0 1.0 1.0 1.0 1.0 1.0 1.0 1.0 1.0 1.0 1.0 1.0 1.0 1.0 1.0 1.0 1.0 1.0 1.0 1.0 1.0 1.0 1.0 0.0 1.0 1.0 1.0 1.0 1.0 1.0 1.0 1.0 1.0 1.0 1.0 1.0 1.0 
1.0 1.0 1.0 1.0 1.0 1.0 1.0 1.0 1.0 1.0 1.0 1.0 1.0 1.0 1.0 1.0 1.0 1.0 1.0 1.0 1.0 1.0 1.0 1.0 1.0 1.0 1.0 1.0 1.0 1.0 1.0 1.0 1.0 1.0 1.0 1.0 1.0 1.0 1.0 1.0 1.0 1.0 1.0 1.0 1.0 1.0 1.0 1.0 1.0 1.0 1.0 1.0 1.0 1.0 1.0 1.0 1.0 1.0 1.0 1.0 1.0 1.0 1.0 1.0 1.0 1.0 1.0 1.0 1.0 1.0 1.0 1.0 1.0 1.0 1.0 1.0 1.0 1.0 1.0 1.0 1.0 1.0 1.0 1.0 1.0 1.0 1.0 1.0 1.0 1.0 1.0 1.0 1.0 1.0 1.0 1.0 1.0 1.0 1.0 1.0 1.0 1.0 1.0 1.0 1.0 1.0 1.0 1.0 1.0 1.0 1.0 1.0 1.0 1.0 1.0 0.0 1.0 1.0 1.0 1.0 1.0 1.0 1.0 1.0 1.0 1.0 1.0 1.0 
1.0 1.0 1.0 1.0 1.0 1.0 1.0 1.0 1.0 1.0 1.0 1.0 1.0 1.0 1.0 1.0 1.0 1.0 1.0 1.0 1.0 1.0 1.0 1.0 1.0 1.0 1.0 1.0 1.0 1.0 1.0 1.0 1.0 1.0 1.0 1.0 1.0 1.0 1.0 1.0 1.0 1.0 1.0 1.0 1.0 1.0 1.0 1.0 1.0 1.0 1.0 1.0 1.0 1.0 1.0 1.0 1.0 1.0 1.0 1.0 1.0 1.0 1.0 1.0 1.0 1.0 1.0 1.0 1.0 1.0 1.0 1.0 1.0 1.0 1.0 1.0 1.0 1.0 1.0 1.0 1.0 1.0 1.0 1.0 1.0 1.0 1.0 1.0 1.0 1.0 1.0 1.0 1.0 1.0 1.0 1.0 1.0 1.0 1.0 1.0 1.0 1.0 1.0 1.0 1.0 1.0 1.0 1.0 1.0 1.0 1.0 1.0 1.0 1.0 1.0 1.0 0.0 1.0 1.0 1.0 1.0 1.0 1.0 1.0 1.0 1.0 1.0 1.0 
1.0 1.0 1.0 1.0 1.0 1.0 1.0 1.0 1.0 1.0 1.0 1.0 1.0 1.0 1.0 1.0 1.0 1.0 1.0 1.0 1.0 1.0 1.0 1.0 1.0 1.0 1.0 1.0 1.0 1.0 1.0 1.0 1.0 1.0 1.0 1.0 1.0 1.0 1.0 1.0 1.0 1.0 1.0 1.0 1.0 1.0 1.0 1.0 1.0 1.0 1.0 1.0 1.0 1.0 1.0 1.0 1.0 1.0 1.0 1.0 1.0 1.0 1.0 1.0 1.0 1.0 1.0 1.0 1.0 1.0 1.0 1.0 1.0 1.0 1.0 1.0 1.0 1.0 1.0 1.0 1.0 1.0 1.0 1.0 1.0 1.0 1.0 1.0 1.0 1.0 1.0 1.0 1.0 1.0 1.0 1.0 1.0 1.0 1.0 1.0 1.0 1.0 1.0 1.0 1.0 1.0 1.0 1.0 1.0 1.0 1.0 1.0 1.0 1.0 1.0 1.0 1.0 0.0 1.0 1.0 1.0 1.0 1.0 1.0 1.0 1.0 1.0 1.0 
1.0 1.0 1.0 1.0 1.0 1.0 1.0 1.0 1.0 1.0 1.0 1.0 1.0 1.0 1.0 1.0 1.0 1.0 1.0 1.0 1.0 1.0 1.0 1.0 1.0 1.0 1.0 1.0 1.0 1.0 1.0 1.0 1.0 1.0 1.0 1.0 1.0 1.0 1.0 1.0 1.0 1.0 1.0 1.0 1.0 1.0 1.0 1.0 1.0 1.0 1.0 1.0 1.0 1.0 1.0 1.0 1.0 1.0 1.0 1.0 1.0 1.0 1.0 1.0 1.0 1.0 1.0 1.0 1.0 1.0 1.0 1.0 1.0 1.0 1.0 1.0 1.0 1.0 1.0 1.0 1.0 1.0 1.0 1.0 1.0 1.0 1.0 1.0 1.0 1.0 1.0 1.0 1.0 1.0 1.0 1.0 1.0 1.0 1.0 1.0 1.0 1.0 1.0 1.0 1.0 1.0 1.0 1.0 1.0 1.0 1.0 1.0 1.0 1.0 1.0 1.0 1.0 1.0 0.0 1.0 1.0 1.0 1.0 1.0 1.0 1.0 1.0 1.0 
1.0 1.0 1.0 1.0 1.0 1.0 1.0 1.0 1.0 1.0 1.0 1.0 1.0 1.0 1.0 1.0 1.0 1.0 1.0 1.0 1.0 1.0 1.0 1.0 1.0 1.0 1.0 1.0 1.0 1.0 1.0 1.0 1.0 1.0 1.0 1.0 1.0 1.0 1.0 1.0 1.0 1.0 1.0 1.0 1.0 1.0 1.0 1.0 1.0 1.0 1.0 1.0 1.0 1.0 1.0 1.0 1.0 1.0 1.0 1.0 1.0 1.0 1.0 1.0 1.0 1.0 1.0 1.0 1.0 1.0 1.0 1.0 1.0 1.0 1.0 1.0 1.0 1.0 1.0 1.0 1.0 1.0 1.0 1.0 1.0 1.0 1.0 1.0 1.0 1.0 1.0 1.0 1.0 1.0 1.0 1.0 1.0 1.0 1.0 1.0 1.0 1.0 1.0 1.0 1.0 1.0 1.0 1.0 1.0 1.0 1.0 1.0 1.0 1.0 1.0 1.0 1.0 1.0 1.0 0.0 1.0 1.0 1.0 1.0 1.0 1.0 1.0 1.0 
1.0 1.0 1.0 1.0 1.0 1.0 1.0 1.0 1.0 1.0 1.0 1.0 1.0 1.0 1.0 1.0 1.0 1.0 1.0 1.0 1.0 1.0 1.0 1.0 1.0 1.0 1.0 1.0 1.0 1.0 1.0 1.0 1.0 1.0 1.0 1.0 1.0 1.0 1.0 1.0 1.0 1.0 1.0 1.0 1.0 1.0 1.0 1.0 1.0 1.0 1.0 1.0 1.0 1.0 1.0 1.0 1.0 1.0 1.0 1.0 1.0 1.0 1.0 1.0 1.0 1.0 1.0 1.0 1.0 1.0 1.0 1.0 1.0 1.0 1.0 1.0 1.0 1.0 1.0 1.0 1.0 1.0 1.0 1.0 1.0 1.0 1.0 1.0 1.0 1.0 1.0 1.0 1.0 1.0 1.0 1.0 1.0 1.0 1.0 1.0 1.0 1.0 1.0 1.0 1.0 1.0 1.0 1.0 1.0 1.0 1.0 1.0 1.0 1.0 1.0 1.0 1.0 1.0 1.0 1.0 0.0 1.0 1.0 1.0 1.0 1.0 1.0 1.0 
1.0 1.0 1.0 1.0 1.0 1.0 1.0 1.0 1.0 1.0 1.0 1.0 1.0 1.0 1.0 1.0 1.0 1.0 1.0 1.0 1.0 1.0 1.0 1.0 1.0 1.0 1.0 1.0 1.0 1.0 1.0 1.0 1.0 1.0 1.0 1.0 1.0 1.0 1.0 1.0 1.0 1.0 1.0 1.0 1.0 1.0 1.0 1.0 1.0 1.0 1.0 1.0 1.0 1.0 1.0 1.0 1.0 1.0 1.0 1.0 1.0 1.0 1.0 1.0 1.0 1.0 1.0 1.0 1.0 1.0 1.0 1.0 1.0 1.0 1.0 1.0 1.0 1.0 1.0 1.0 1.0 1.0 1.0 1.0 1.0 1.0 1.0 1.0 1.0 1.0 1.0 1.0 1.0 1.0 1.0 1.0 1.0 1.0 1.0 1.0 1.0 1.0 1.0 1.0 1.0 1.0 1.0 1.0 1.0 1.0 1.0 1.0 1.0 1.0 1.0 1.0 1.0 1.0 1.0 1.0 1.0 0.0 1.0 1.0 1.0 1.0 1.0 1.0 
1.0 1.0 1.0 1.0 1.0 1.0 1.0 1.0 1.0 1.0 1.0 1.0 1.0 1.0 1.0 1.0 1.0 1.0 1.0 1.0 1.0 1.0 1.0 1.0 1.0 1.0 1.0 1.0 1.0 1.0 1.0 1.0 1.0 1.0 1.0 1.0 1.0 1.0 1.0 1.0 1.0 1.0 1.0 1.0 1.0 1.0 1.0 1.0 1.0 1.0 1.0 1.0 1.0 1.0 1.0 1.0 1.0 1.0 1.0 1.0 1.0 1.0 1.0 1.0 1.0 1.0 1.0 1.0 1.0 1.0 1.0 1.0 1.0 1.0 1.0 1.0 1.0 1.0 1.0 1.0 1.0 1.0 1.0 1.0 1.0 1.0 1.0 1.0 1.0 1.0 1.0 1.0 1.0 1.0 1.0 1.0 1.0 1.0 1.0 1.0 1.0 1.0 1.0 1.0 1.0 1.0 1.0 1.0 1.0 1.0 1.0 1.0 1.0 1.0 1.0 1.0 1.0 1.0 1.0 1.0 1.0 1.0 0.0 1.0 1.0 1.0 1.0 1.0 
1.0 1.0 1.0 1.0 1.0 1.0 1.0 1.0 1.0 1.0 1.0 1.0 1.0 1.0 1.0 1.0 1.0 1.0 1.0 1.0 1.0 1.0 1.0 1.0 1.0 1.0 1.0 1.0 1.0 1.0 1.0 1.0 1.0 1.0 1.0 1.0 1.0 1.0 1.0 1.0 1.0 1.0 1.0 1.0 1.0 1.0 1.0 1.0 1.0 1.0 1.0 1.0 1.0 1.0 1.0 1.0 1.0 1.0 1.0 1.0 1.0 1.0 1.0 1.0 1.0 1.0 1.0 1.0 1.0 1.0 1.0 1.0 1.0 1.0 1.0 1.0 1.0 1.0 1.0 1.0 1.0 1.0 1.0 1.0 1.0 1.0 1.0 1.0 1.0 1.0 1.0 1.0 1.0 1.0 1.0 1.0 1.0 1.0 1.0 1.0 1.0 1.0 1.0 1.0 1.0 1.0 1.0 1.0 1.0 1.0 1.0 1.0 1.0 1.0 1.0 1.0 1.0 1.0 1.0 1.0 1.0 1.0 1.0 0.0 1.0 1.0 1.0 1.0 
1.0 1.0 1.0 1.0 1.0 1.0 1.0 1.0 1.0 1.0 1.0 1.0 1.0 1.0 1.0 1.0 1.0 1.0 1.0 1.0 1.0 1.0 1.0 1.0 1.0 1.0 1.0 1.0 1.0 1.0 1.0 1.0 1.0 1.0 1.0 1.0 1.0 1.0 1.0 1.0 1.0 1.0 1.0 1.0 1.0 1.0 1.0 1.0 1.0 1.0 1.0 1.0 1.0 1.0 1.0 1.0 1.0 1.0 1.0 1.0 1.0 1.0 1.0 1.0 1.0 1.0 1.0 1.0 1.0 1.0 1.0 1.0 1.0 1.0 1.0 1.0 1.0 1.0 1.0 1.0 1.0 1.0 1.0 1.0 1.0 1.0 1.0 1.0 1.0 1.0 1.0 1.0 1.0 1.0 1.0 1.0 1.0 1.0 1.0 1.0 1.0 1.0 1.0 1.0 1.0 1.0 1.0 1.0 1.0 1.0 1.0 1.0 1.0 1.0 1.0 1.0 1.0 1.0 1.0 1.0 1.0 1.0 1.0 1.0 0.0 1.0 1.0 1.0 
1.0 1.0 1.0 1.0 1.0 1.0 1.0 1.0 1.0 1.0 1.0 1.0 1.0 1.0 1.0 1.0 1.0 1.0 1.0 1.0 1.0 1.0 1.0 1.0 1.0 1.0 1.0 1.0 1.0 1.0 1.0 1.0 1.0 1.0 1.0 1.0 1.0 1.0 1.0 1.0 1.0 1.0 1.0 1.0 1.0 1.0 1.0 1.0 1.0 1.0 1.0 1.0 1.0 1.0 1.0 1.0 1.0 1.0 1.0 1.0 1.0 1.0 1.0 1.0 1.0 1.0 1.0 1.0 1.0 1.0 1.0 1.0 1.0 1.0 1.0 1.0 1.0 1.0 1.0 1.0 1.0 1.0 1.0 1.0 1.0 1.0 1.0 1.0 1.0 1.0 1.0 1.0 1.0 1.0 1.0 1.0 1.0 1.0 1.0 1.0 1.0 1.0 1.0 1.0 1.0 1.0 1.0 1.0 1.0 1.0 1.0 1.0 1.0 1.0 1.0 1.0 1.0 1.0 1.0 1.0 1.0 1.0 1.0 1.0 1.0 0.0 1.0 1.0 
1.0 1.0 1.0 1.0 1.0 1.0 1.0 1.0 1.0 1.0 1.0 1.0 1.0 1.0 1.0 1.0 1.0 1.0 1.0 1.0 1.0 1.0 1.0 1.0 1.0 1.0 1.0 1.0 1.0 1.0 1.0 1.0 1.0 1.0 1.0 1.0 1.0 1.0 1.0 1.0 1.0 1.0 1.0 1.0 1.0 1.0 1.0 1.0 1.0 1.0 1.0 1.0 1.0 1.0 1.0 1.0 1.0 1.0 1.0 1.0 1.0 1.0 1.0 1.0 1.0 1.0 1.0 1.0 1.0 1.0 1.0 1.0 1.0 1.0 1.0 1.0 1.0 1.0 1.0 1.0 1.0 1.0 1.0 1.0 1.0 1.0 1.0 1.0 1.0 1.0 1.0 1.0 1.0 1.0 1.0 1.0 1.0 1.0 1.0 1.0 1.0 1.0 1.0 1.0 1.0 1.0 1.0 1.0 1.0 1.0 1.0 1.0 1.0 1.0 1.0 1.0 1.0 1.0 1.0 1.0 1.0 1.0 1.0 1.0 1.0 1.0 0.0 1.0 
1.0 1.0 1.0 1.0 1.0 1.0 1.0 1.0 1.0 1.0 1.0 1.0 1.0 1.0 1.0 1.0 1.0 1.0 1.0 1.0 1.0 1.0 1.0 1.0 1.0 1.0 1.0 1.0 1.0 1.0 1.0 1.0 1.0 1.0 1.0 1.0 1.0 1.0 1.0 1.0 1.0 1.0 1.0 1.0 1.0 1.0 1.0 1.0 1.0 1.0 1.0 1.0 1.0 1.0 1.0 1.0 1.0 1.0 1.0 1.0 1.0 1.0 1.0 1.0 1.0 1.0 1.0 1.0 1.0 1.0 1.0 1.0 1.0 1.0 1.0 1.0 1.0 1.0 1.0 1.0 1.0 1.0 1.0 1.0 1.0 1.0 1.0 1.0 1.0 1.0 1.0 1.0 1.0 1.0 1.0 1.0 1.0 1.0 1.0 1.0 1.0 1.0 1.0 1.0 1.0 1.0 1.0 1.0 1.0 1.0 1.0 1.0 1.0 1.0 1.0 1.0 1.0 1.0 1.0 1.0 1.0 1.0 1.0 1.0 1.0 1.0 1.0 0.0 