128
38 83 35 30 18 86 2 86 45 60 3 56 95 7 86 75 55 41 98 40 77 42 91 36 75 86 25 36 21 20 64 8 51 56 34 40 41 88 69 53 90 46 82 26 89 41 94 92 13 16 97 88 67 46 75 32 33 19 33 78 5 73 78 64 17 6 59 42 98 28 15 58 35 75 16 74 12 10 4 76 33 17 24 66 91 76 53 18 71 27 92 61 72 41 14 96 50 53 50 3 42 33 6 68 27 84 60 63 45 71 27 63 90 73 15 9 87 68 55 2 10 52 78 65 54 38 98 83 
84 81 44 95 94 92 100 16 61 70 98 79 18 78 70 35 96 62 26 36 14 80 8 22 95 74 55 2 7 69 27 12 27 81 69 81 62 94 64 18 17 27 57 60 48 88 75 28 76 85 91 18 2 34 40 6 77 16 95 51 57 14 66 45 59 57 42 25 13 24 45 94 57 67 18 74 57 23 100 80 61 56 35 4 68 25 36 67 91 83 28 64 63 46 14 95 37 6 63 23 44 44 96 45 69 98 65 93 94 99 95 5 46 6 87 20 97 79 71 36 37 3 80 59 87 16 87 53 
42 35 14 23 63 99 79 23 80 78 1 8 88 90 64 29 74 47 77 81 17 56 72 54 49 89 42 62 2 20 82 58 38 61 82 93 83 97 17 86 21 66 31 85 47 33 11 78 70 95 85 47 74 47 24 37 66 20 71 63 25 81 75 6 51 22 68 78 23 49 14 26 52 76 16 18 28 91 22 24 40 86 79 41 35 87 35 80 92 74 18 29 79 18 100 51 78 16 32 36 27 48 47 21 62 76 62 69 80 6 86 56 30 46 76 98 90 91 24 43 74 17 51 60 60 10 46 2 
83 90 97 58 72 42 52 1 14 15 96 26 99 5 66 30 2 51 13 19 36 19 22 49 86 12 70 1 15 92 86 34 51 95 94 77 2 77 44 2 83 28 99 57 50 84 6 50 35 20 74 73 36 2 24 60 93 78 83 92 42 38 68 7 55 64 15 44 100 55 75 60 36 22 6 72 7 32 40 59 27 49 77 62 61 8 53 49 90 47 63 28 75 35 100 2 89 41 85 77 11 83 12 67 45 76 4 73 10 51 47 3 96 68 46 5 17 40 55 4 23 5 14 75 21 93 82 33 
90 76 86 62 39 69 99 55 78 65 79 9 89 85 38 51 52 5 70 46 26 63 81 72 32 14 54 22 15 6 31 81 40 47 34 63 25 36 31 79 65 51 10 46 99 46 56 22 64 63 23 32 95 77 63 25 17 55 16 78 98 33 40 92 86 88 37 78 40 23 28 78 98 8 21 51 16 17 56 6 44 93 76 71 37 12 35 47 77 51 45 82 7 80 29 52 85 60 27 12 86 66 6 83 33 68 86 48 36 1 82 64 43 13 74 53 10 82 80 1 91 12 47 47 88 90 40 93 
80 82 70 20 58 21 43 30 25 33 98 50 38 69 28 20 34 54 29 77 39 50 15 86 64 88 63 28 27 42 57 10 35 64 22 78 66 23 27 80 31 8 47 48 72 4 84 79 74 86 8 71 74 28 71 18 81 82 57 23 30 80 65 92 52 72 34 23 67 36 15 84 93 83 66 45 88 84 82 86 51 49 3 46 7 43 34 14 24 97 1 31 14 4 94 7 53 22 50 70 15 53 53 12 21 33 79 63 36 65 95 74 4 54 52 89 29 23 79 19 85 59 49 97 55 90 53 32 
78 45 54 34 98 77 88 96 36 92 55 19 38 8 27 37 47 66 82 67 63 91 55 100 15 84 29 63 9 11 66 73 51 84 65 12 83 36 48 85 48 35 88 27 64 90 27 68 17 75 49 39 99 87 85 41 24 14 16 83 25 100 52 76 76 74 79 18 68 64 51 67 40 39 91 9 46 35 60 86 30 14 23 54 16 14 1 86 86 2 10 56 41 64 23 51 49 50 55 47 72 7 66 31 52 87 28 57 64 33 68 64 60 24 70 2 83 66 64 65 35 23 66 81 1 7 74 70 
45 32 50 44 91 38 57 8 78 26 77 98 64 22 35 19 35 14 81 7 84 75 39 49 49 18 19 36 89 22 10 18 71 74 75 30 15 15 11 4 70 87 59 33 45 68 100 80 80 12 62 77 59 67 29 48 71 3 50 51 39 53 17 81 35 75 4 98 87 24 57 19 20 57 67 11 56 73 7 57 59 84 29 55 82 40 20 75 16 11 6 93 86 10 85 2 59 96 49 74 21 27 23 32 93 94 63 34 62 81 52 9 95 45 50 32 65 94 92 52 68 28 5 27 68 58 28 28 
60 94 2 11 70 83 27 12 73 27 11 89 63 83 68 86 98 100 48 24 31 27 20 99 30 28 34 76 19 99 16 87 49 42 72 63 67 77 45 29 74 86 36 81 99 79 14 51 36 17 34 57 52 54 96 91 67 12 89 5 82 28 81 70 94 64 74 35 21 58 99 43 7 98 89 90 95 32 46 8 43 56 39 61 22 63 50 24 90 54 94 85 88 100 81 8 83 87 44 93 15 63 80 90 96 90 16 64 79 85 29 78 79 88 53 53 71 48 84 51 86 46 5 49 39 87 64 94 
1 66 58 48 86 20 91 89 85 94 76 34 27 96 25 58 33 63 51 96 8 40 7 63 75 1 41 26 12 80 60 74 84 5 54 53 32 39 18 92 62 38 43 91 10 79 18 27 90 68 33 46 80 78 59 71 54 28 10 54 26 27 4 4 56 86 48 42 11 53 95 32 69 73 56 31 7 39 18 57 100 21 44 36 77 25 58 41 54 94 78 43 29 82 26 100 86 27 14 99 59 85 60 73 79 89 100 66 4 84 87 91 88 87 14 34 57 14 3 82 85 100 85 65 74 42 1 42 
89 82 19 50 50 97 29 28 24 97 2 100 68 48 100 83 83 77 42 43 92 58 12 48 25 69 69 3 20 75 26 64 8 99 90 32 17 74 23 17 31 7 59 90 22 7 74 72 94 21 47 54 75 77 43 66 52 55 60 72 70 69 30 65 38 69 70 88 40 93 99 59 87 15 42 3 94 5 28 68 5 53 91 55 39 66 98 5 17 67 20 43 46 90 85 69 49 7 20 5 66 4 61 82 86 75 96 63 12 36 28 62 32 10 84 26 64 64 38 16 62 81 42 1 31 35 71 10 
82 16 36 30 30 55 33 98 73 82 6 66 93 78 73 94 66 36 95 36 49 65 37 6 91 11 78 25 46 37 56 52 74 38 59 41 49 69 73 56 8 36 62 18 50 70 58 33 85 10 18 92 86 26 86 57 46 4 97 35 89 57 74 56 42 29 54 40 89 84 24 1 83 13 63 83 36 5 72 42 8 16 27 54 31 45 9 82 81 61 95 86 4 23 40 77 3 45 65 25 33 99 77 82 19 57 67 83 4 40 49 45 9 7 2 56 26 7 22 15 29 72 76 34 7 62 77 49 
7 62 46 28 15 8 49 37 2 93 98 44 35 60 13 60 62 89 86 36 13 86 50 48 47 27 93 57 98 65 59 73 66 70 39 83 89 21 20 79 89 85 85 95 13 65 68 27 38 88 73 57 27 61 18 39 58 60 46 79 28 41 82 56 74 39 73 5 92 87 93 90 76 12 38 31 51 31 65 80 92 100 78 97 74 64 26 77 77 8 22 88 70 3 61 81 29 43 60 74 77 83 4 80 61 68 79 42 56 78 32 58 56 35 40 74 5 94 78 69 81 99 84 41 99 25 32 88 
70 68 88 79 9 17 35 78 56 64 86 24 60 95 19 96 53 79 65 5 25 88 74 16 57 97 4 9 50 41 49 36 24 40 35 61 70 44 74 52 77 73 24 8 69 3 36 88 85 94 100 79 6 3 80 52 29 68 12 11 98 79 58 9 52 37 74 97 77 91 24 50 24 19 35 92 24 78 54 77 50 85 11 78 58 73 13 5 70 52 68 44 45 39 1 50 89 80 32 87 64 88 69 65 92 76 27 54 49 51 12 19 51 64 26 76 19 60 14 85 90 90 19 2 2 89 52 47 
33 99 70 46 96 48 73 89 27 81 81 30 94 70 88 89 47 68 14 53 100 5 56 5 90 33 53 65 44 80 68 50 62 37 1 22 33 66 44 52 87 50 30 3 43 37 51 22 50 69 83 86 2 90 76 90 4 60 89 69 73 77 29 11 55 90 16 78 14 97 68 60 87 71 92 29 33 13 34 75 88 48 9 62 7 71 80 12 11 27 40 69 86 73 28 48 75 64 88 90 79 88 2 41 52 76 61 43 67 96 83 39 94 20 27 30 48 5 88 41 80 56 5 37 77 42 37 44 
14 18 77 53 56 61 11 86 15 6 78 34 15 44 44 55 73 50 56 85 12 59 64 2 29 2 2 48 32 35 84 45 36 41 47 40 75 42 57 55 88 26 96 42 83 44 12 7 1 12 56 53 72 90 88 58 58 72 26 49 79 62 43 17 65 66 73 36 14 97 9 66 30 9 86 43 63 25 54 45 78 54 97 91 7 24 43 33 67 11 56 48 81 7 25 72 44 27 32 8 14 70 97 45 49 18 44 98 10 73 45 48 15 19 73 94 47 51 82 20 23 81 38 96 53 60 73 40 
53 55 9 24 45 12 2 58 4 46 75 88 32 2 84 74 27 28 8 31 53 52 58 40 66 8 49 40 14 79 24 37 74 71 8 35 28 99 40 69 44 80 16 32 66 72 18 77 18 7 27 78 11 36 4 31 23 98 38 62 39 91 52 86 46 68 91 58 13 74 73 19 48 94 22 15 86 23 30 21 2 36 72 18 45 83 83 84 14 66 35 97 6 95 30 60 98 73 93 89 44 6 14 95 43 100 66 36 26 46 20 69 89 82 60 52 10 42 100 10 94 62 30 22 8 45 50 69 
27 50 67 50 55 37 32 59 86 36 22 40 53 52 14 64 52 41 59 27 44 84 70 57 78 90 40 37 5 43 20 41 28 30 78 81 52 98 99 45 92 96 18 15 16 57 6 80 64 95 37 15 77 40 76 94 90 35 13 7 13 97 35 41 61 46 53 50 8 93 52 80 71 15 57 50 79 98 9 14 85 89 91 18 10 70 52 84 34 75 88 57 73 2 19 52 89 31 40 19 25 88 6 18 23 19 32 88 69 77 57 27 9 55 40 52 6 36 57 15 96 96 38 1 60 46 66 77 
35 27 29 16 62 28 20 84 6 23 74 10 3 22 3 72 57 61 10 51 24 93 100 19 1 25 4 4 82 59 85 87 73 83 53 29 21 77 48 48 33 40 31 92 63 90 3 58 52 19 85 93 39 61 76 62 26 15 89 46 3 51 62 15 27 18 58 33 85 85 68 70 8 87 72 78 9 64 31 93 46 23 81 90 16 7 43 2 28 39 90 42 2 11 84 16 74 58 65 43 83 63 31 64 75 44 78 76 79 5 77 26 69 18 41 56 75 81 79 12 29 11 100 95 12 59 22 17 
97 65 42 4 67 83 70 76 58 99 9 54 84 12 61 73 94 26 19 33 58 91 63 84 64 60 15 57 26 68 23 93 13 75 91 39 7 31 11 53 61 8 48 81 63 43 24 85 90 85 59 52 64 10 50 68 31 95 53 5 11 40 57 86 26 35 50 44 21 2 55 64 41 78 14 87 99 18 26 42 2 2 42 71 83 39 73 79 48 19 74 42 66 91 97 64 6 63 50 100 40 7 92 56 59 88 24 38 96 25 94 98 30 30 21 30 10 10 51 75 13 20 47 87 52 73 90 11 
56 99 17 84 65 42 46 72 59 95 29 88 30 48 81 15 21 67 59 88 10 52 38 16 52 44 84 21 10 37 81 11 43 95 52 1 82 32 78 85 68 73 52 2 88 94 55 34 26 98 6 46 33 58 31 60 54 11 88 28 74 43 5 41 45 86 31 91 16 89 40 29 57 33 1 83 27 37 89 13 24 45 85 81 98 11 82 99 22 78 48 41 40 6 65 89 79 86 5 52 2 35 10 33 45 48 61 65 83 41 34 61 28 3 85 73 62 62 78 83 46 87 42 16 89 95 10 41 
99 98 9 55 90 76 78 5 49 89 100 49 2 62 36 6 11 87 21 4 17 24 68 44 96 47 13 29 25 88 70 97 57 63 75 40 38 39 28 61 71 10 62 58 20 3 5 66 72 54 65 71 88 15 44 27 13 48 3 78 93 61 69 11 1 90 90 64 75 85 35 11 7 17 68 8 44 58 52 71 47 85 7 35 16 85 72 57 84 52 90 89 98 19 57 57 84 10 43 73 70 42 12 30 6 15 15 69 87 35 15 14 55 25 27 73 44 62 87 29 86 5 59 88 67 23 82 60 
86 56 90 73 79 13 64 8 92 26 80 34 74 57 23 28 67 43 53 27 4 10 99 89 83 57 74 9 55 68 74 90 95 55 62 9 16 91 17 5 4 15 16 57 34 25 38 35 55 89 11 14 90 53 66 89 90 60 64 99 89 9 92 81 96 34 15 34 90 45 8 81 27 66 90 50 5 67 28 23 61 55 74 14 1 50 56 99 12 89 89 77 76 94 24 2 99 50 85 13 39 72 4 66 88 80 48 69 38 46 21 2 68 95 67 38 13 39 85 15 90 78 100 87 54 92 9 43 
35 5 80 9 33 81 18 86 19 20 65 66 35 40 78 67 92 66 66 55 99 52 66 80 48 43 68 43 12 35 83 23 63 38 30 25 36 9 20 87 65 63 59 26 42 44 57 15 56 48 16 56 69 6 58 25 40 17 11 48 100 65 90 62 84 91 47 29 96 85 95 64 82 59 46 70 23 21 49 35 48 82 16 71 55 12 88 62 8 71 42 11 52 46 80 10 86 50 77 48 89 60 40 89 24 90 2 61 11 81 79 14 67 29 66 48 10 55 22 41 76 9 87 43 92 55 21 57 
21 35 8 51 5 95 19 6 70 36 3 8 63 6 26 5 81 39 27 30 59 2 49 15 96 62 60 41 83 93 62 24 77 33 52 14 15 38 7 3 72 43 22 89 87 57 12 21 46 63 63 72 47 30 44 26 75 21 6 72 92 44 5 49 35 14 36 90 65 62 19 7 87 36 34 63 39 33 4 98 64 40 60 79 77 13 90 46 8 3 95 29 60 99 41 16 26 28 59 3 23 21 11 89 92 1 77 97 55 12 50 87 95 66 13 46 32 91 54 72 59 26 58 31 37 32 14 57 
34 30 28 93 39 33 13 19 66 29 30 57 59 25 14 88 10 38 98 18 29 54 61 52 19 63 2 41 91 5 54 56 72 3 60 41 93 83 69 44 44 49 95 19 65 31 44 49 95 16 100 99 34 64 65 88 2 9 33 37 10 10 17 57 66 2 12 39 16 76 75 36 13 87 80 29 13 16 94 77 36 18 80 5 68 16 76 19 86 64 36 81 22 12 21 40 69 33 61 83 24 84 14 73 78 11 26 39 13 42 61 35 50 19 4 11 72 68 4 7 78 61 48 58 59 50 23 20 
82 74 36 2 17 44 100 49 77 86 92 76 62 62 31 57 91 88 23 97 17 97 100 44 79 71 29 39 16 90 93 1 86 73 74 84 96 53 20 45 54 95 84 25 12 86 81 37 87 80 2 10 46 3 84 61 38 83 59 64 29 69 84 62 69 64 16 25 32 8 27 41 67 19 22 15 85 91 60 100 80 54 21 82 96 77 17 88 42 94 83 13 51 23 52 79 59 26 35 76 15 77 58 59 68 29 44 17 26 60 60 19 47 92 15 22 1 89 14 40 87 61 41 97 95 87 55 6 
14 6 93 91 9 53 77 95 80 71 31 43 30 2 35 21 24 20 73 47 43 100 48 5 20 58 75 28 21 37 2 6 33 79 65 16 37 19 33 47 33 5 12 52 23 87 77 53 43 7 9 83 66 61 38 33 64 71 12 62 18 19 52 49 73 62 95 96 82 82 92 8 60 44 37 19 23 45 71 53 67 14 6 1 96 6 27 14 84 41 60 40 7 21 98 30 10 73 9 22 14 96 68 61 45 80 40 93 2 35 8 75 13 89 44 17 89 77 13 93 66 79 18 46 58 68 21 24 
9 92 91 3 32 33 72 74 42 17 50 26 66 37 89 55 58 13 50 56 20 73 99 11 45 48 27 71 82 75 57 47 31 81 35 68 39 72 89 59 64 26 65 89 2 66 39 49 64 54 20 21 94 80 37 12 83 61 13 38 57 41 88 51 7 37 27 86 68 5 5 61 54 89 42 100 87 94 17 44 30 24 57 67 64 30 97 77 1 40 88 87 49 30 44 58 98 98 37 20 69 91 100 27 50 99 84 33 76 19 48 15 65 60 32 71 73 64 39 69 23 54 68 43 10 67 28 65 
90 23 1 38 100 41 41 34 79 3 55 98 2 29 34 36 64 34 2 88 83 34 87 64 58 87 89 10 71 8 43 63 13 52 95 8 51 33 48 66 31 35 50 9 88 32 59 33 86 60 37 91 32 40 39 11 52 82 67 82 16 45 97 59 77 31 53 87 100 32 28 54 91 94 67 51 78 46 1 34 51 38 88 34 59 68 45 28 21 5 30 68 55 23 37 76 39 44 48 75 84 82 91 34 89 11 77 95 33 69 93 24 19 68 29 20 72 21 90 57 25 13 64 11 55 41 83 84 
34 77 30 9 41 96 34 62 53 69 52 100 93 61 88 58 100 15 80 14 60 42 16 16 33 48 19 1 28 44 64 9 65 77 14 26 46 17 36 58 8 38 81 27 34 93 40 30 24 100 83 88 15 7 74 76 19 18 53 21 32 88 32 70 66 97 44 98 91 36 89 16 98 18 69 80 15 22 76 35 12 11 41 16 20 21 78 52 23 37 43 90 70 97 2 22 90 60 6 9 76 24 3 14 15 89 95 57 83 3 13 64 55 79 76 82 93 17 75 15 71 4 33 38 37 14 78 34 
70 33 59 8 58 69 90 33 22 64 89 88 72 96 27 82 68 3 96 21 8 15 92 34 47 18 6 36 5 33 55 18 17 61 24 97 55 85 27 50 30 45 37 88 4 85 86 58 4 31 70 49 99 19 89 91 21 92 37 83 37 71 69 33 74 73 87 69 96 61 50 15 88 85 51 55 31 19 72 8 59 43 53 8 87 57 57 72 16 56 76 87 72 96 64 23 50 37 93 21 16 89 67 42 87 47 27 46 99 73 68 82 39 22 99 30 66 40 11 4 66 25 29 67 54 9 20 15 
26 65 88 40 48 45 15 71 85 80 97 89 25 41 50 97 77 48 7 8 14 29 12 30 79 79 10 29 12 84 90 83 13 95 46 60 47 55 43 47 64 46 99 42 5 45 86 41 85 92 62 24 23 6 36 33 80 65 11 14 84 61 59 77 20 82 88 60 77 52 7 3 72 95 69 74 29 80 61 89 76 10 2 33 58 72 60 78 59 60 6 72 98 50 17 45 12 69 12 8 76 8 6 86 96 49 76 94 27 75 86 32 54 16 30 25 56 2 77 82 23 74 39 40 25 14 68 37 
14 58 8 72 19 21 88 84 84 6 97 53 93 18 53 3 18 43 45 82 11 11 30 44 93 3 63 66 49 82 69 32 28 57 70 90 95 63 37 8 70 25 9 6 86 94 22 62 51 98 42 96 92 15 60 71 21 19 52 43 81 59 77 13 63 27 82 55 13 25 27 39 48 52 40 22 49 50 19 17 97 17 90 74 64 10 27 87 88 92 2 75 49 7 89 20 24 35 96 96 67 28 84 54 35 3 98 69 58 66 48 25 46 9 73 32 93 99 67 37 2 49 7 15 23 17 20 7 
63 55 14 12 34 15 77 16 3 50 59 68 12 47 57 59 84 64 83 89 9 14 93 43 79 12 75 7 83 62 81 73 46 76 19 54 51 12 40 45 64 5 58 16 62 66 54 26 58 50 99 83 62 97 61 6 80 38 98 32 50 65 86 65 65 16 21 47 56 11 27 3 80 83 69 21 88 52 16 38 89 66 15 44 16 95 7 16 86 7 48 24 4 4 15 8 64 94 80 51 33 72 64 75 7 23 13 91 44 92 45 2 35 78 13 12 18 72 35 83 12 27 82 91 7 66 98 100 
3 70 63 28 8 51 61 78 30 41 92 62 86 93 9 87 43 52 49 92 49 21 18 78 54 23 35 34 28 33 75 8 6 34 46 26 10 14 8 75 81 85 21 64 83 96 83 5 43 78 43 14 29 26 80 97 93 7 32 24 96 69 32 50 17 90 58 15 13 82 8 59 5 39 54 53 57 37 89 68 45 27 51 5 58 28 89 75 61 2 99 41 1 87 39 28 22 8 57 46 29 78 2 28 2 93 34 42 52 7 65 20 84 94 75 43 7 97 94 52 49 16 100 48 5 87 41 76 
68 2 44 40 69 21 32 6 15 70 49 61 86 83 28 72 41 15 66 78 97 6 14 51 58 97 25 86 20 61 20 44 34 30 70 81 82 56 11 67 59 62 32 43 57 84 84 20 46 8 100 65 23 62 70 47 84 62 63 3 8 36 85 1 93 82 83 96 49 58 40 74 47 80 31 32 40 16 17 2 32 22 27 81 90 2 41 13 82 42 63 4 50 82 30 62 90 47 38 60 54 20 25 17 1 62 12 46 20 79 43 97 25 55 17 60 97 17 21 28 33 94 77 66 100 90 13 57 
67 14 52 81 70 23 16 44 63 85 42 83 55 32 100 67 61 12 47 30 82 50 7 71 43 100 22 9 23 76 66 10 60 8 91 19 17 11 88 92 4 9 50 85 6 43 41 1 95 13 27 41 51 51 73 57 34 36 25 41 27 24 30 75 95 42 19 45 88 3 5 75 17 44 91 75 95 9 70 94 1 81 24 63 60 83 9 9 19 90 30 40 48 63 79 62 36 44 78 6 32 40 28 37 96 84 24 69 86 33 14 82 7 57 73 24 34 70 37 54 23 42 94 1 76 100 28 35 
87 40 34 76 8 90 46 59 100 35 27 33 74 10 26 94 81 20 18 91 36 45 74 69 16 100 12 39 89 94 5 36 67 12 93 47 8 99 79 96 2 74 13 9 15 36 90 86 79 59 95 4 29 21 19 100 61 86 93 90 75 77 27 22 92 26 74 79 66 16 61 77 96 24 59 85 44 97 37 48 14 83 83 80 89 11 14 29 22 74 98 50 34 37 42 10 77 33 55 72 79 72 70 52 4 32 91 30 34 86 8 71 11 10 3 44 70 11 66 52 95 57 44 88 25 83 91 97 
44 63 3 44 32 40 60 34 19 65 98 90 15 37 89 18 91 13 14 98 81 9 36 16 93 69 27 74 30 27 52 96 47 12 59 22 87 98 66 99 16 39 56 29 25 59 22 24 28 53 44 68 73 24 14 46 17 20 50 69 81 28 51 39 57 49 47 47 54 3 21 27 77 65 61 85 33 81 33 23 74 10 36 84 35 76 9 61 78 62 50 42 50 16 71 46 93 66 72 35 54 77 26 54 73 6 79 50 7 17 82 62 44 94 54 40 67 63 70 38 34 89 39 34 2 91 99 93 
28 48 49 94 50 83 18 66 77 32 80 55 75 91 92 38 13 37 70 53 11 39 33 63 100 4 80 37 21 9 24 44 24 84 100 58 32 23 21 53 1 17 49 76 85 49 64 34 70 1 3 97 35 93 88 36 43 38 34 27 91 56 53 35 11 64 88 18 97 71 14 7 79 91 76 31 53 93 49 63 97 97 20 62 24 39 23 25 11 23 18 6 81 71 67 30 76 92 98 4 10 51 92 28 68 98 15 1 46 46 87 73 95 55 73 57 39 34 14 30 8 69 84 23 3 12 19 74 
96 59 29 45 28 18 74 29 76 56 50 57 50 66 32 74 91 79 90 98 68 9 51 94 30 42 73 30 7 9 96 26 18 18 94 61 53 13 31 3 30 19 77 89 67 20 37 36 32 71 31 95 74 81 61 72 6 74 81 2 82 53 7 41 31 19 58 99 61 52 5 25 78 21 82 9 2 95 40 39 83 16 66 50 57 76 58 75 50 48 70 88 34 10 37 81 100 98 85 84 82 56 24 14 99 41 46 24 10 90 31 6 6 5 29 90 75 88 73 44 96 29 3 52 35 62 75 94 
83 57 94 37 40 71 31 57 98 88 63 4 44 93 5 5 13 1 50 20 47 7 69 22 76 56 2 71 5 27 36 44 99 1 50 30 84 71 20 97 93 19 73 74 61 69 68 89 40 100 31 12 20 32 13 3 7 7 8 59 50 15 53 60 48 33 89 55 49 83 56 99 18 100 78 7 52 10 41 69 88 47 64 92 29 49 37 18 97 49 17 10 96 92 77 98 74 47 31 28 47 41 87 41 13 45 60 57 56 66 14 87 51 38 61 85 84 15 100 46 95 65 86 39 20 100 52 41 
11 29 20 86 70 85 21 94 62 44 20 18 61 57 96 68 63 31 11 34 11 68 84 25 75 28 75 100 43 2 13 77 79 71 19 85 93 44 79 75 17 14 91 94 70 20 69 16 51 68 15 73 58 49 22 68 79 34 96 81 22 14 33 21 85 97 90 91 40 92 36 100 62 31 17 84 21 60 26 82 7 84 50 20 76 7 64 97 30 35 92 99 85 30 76 72 53 20 37 48 3 71 23 92 24 7 74 98 33 97 30 26 33 58 50 67 59 30 100 19 62 16 61 5 23 24 41 77 
86 73 51 72 45 68 55 73 88 22 82 64 70 4 86 11 54 91 14 38 69 34 55 99 57 40 47 10 98 44 12 76 89 64 17 14 76 63 57 75 98 72 40 33 1 49 2 35 94 49 8 68 50 27 1 54 17 77 66 11 64 6 24 53 27 5 11 56 39 58 96 68 42 47 74 16 59 88 21 29 22 61 11 66 97 96 3 86 98 36 59 41 67 60 89 79 56 68 17 67 89 77 50 5 32 98 30 6 37 24 59 37 74 40 24 61 74 17 44 97 16 50 39 10 28 68 33 6 
37 18 2 46 83 61 74 6 98 2 49 49 100 95 14 8 65 47 20 44 38 81 90 64 28 78 45 72 75 92 1 8 71 23 58 99 18 3 57 68 39 92 37 72 45 94 99 86 3 35 87 4 5 42 83 81 77 24 57 56 77 28 97 55 95 38 6 33 68 57 57 87 13 21 18 80 75 61 81 19 44 12 53 51 64 99 60 69 42 25 65 92 59 29 57 95 45 94 22 15 31 83 6 80 68 57 5 61 74 31 58 65 100 94 33 63 33 13 92 55 72 20 17 54 84 11 92 98 
27 15 64 96 75 12 73 12 81 82 26 52 44 76 23 27 37 12 59 28 37 1 60 46 41 16 39 64 39 76 7 95 72 38 88 100 20 3 63 35 63 4 3 70 46 32 43 78 58 60 95 39 8 57 93 1 79 99 32 16 26 96 13 68 86 72 84 7 98 81 8 98 87 42 49 31 70 7 82 12 42 89 65 32 98 27 26 46 64 14 95 10 21 33 51 53 65 44 50 27 88 81 46 7 10 81 33 9 35 81 62 14 45 24 54 86 87 73 65 11 16 78 59 55 80 95 84 38 
11 42 25 33 87 16 13 91 81 71 96 67 79 21 54 48 92 5 49 11 13 39 9 100 45 70 32 70 39 95 75 76 55 89 58 82 4 11 75 4 72 2 77 32 92 20 79 42 78 52 23 76 10 22 99 34 26 74 9 66 11 44 19 53 63 54 50 77 70 90 66 69 83 80 89 86 14 53 70 78 34 18 42 17 20 46 41 91 99 1 75 97 11 55 44 28 41 25 63 56 54 78 83 97 46 82 8 16 22 61 24 100 8 55 53 83 5 100 34 51 93 87 65 87 56 31 100 3 
72 15 83 18 68 76 85 30 13 45 61 48 41 13 12 94 81 8 89 85 40 63 84 19 8 13 36 83 74 10 73 31 36 88 97 70 33 18 22 93 47 49 60 89 73 83 44 48 90 86 16 29 3 77 10 97 75 67 72 89 54 82 82 12 37 96 95 74 93 33 24 84 16 31 85 60 77 100 74 38 70 32 25 45 22 97 43 49 79 55 55 60 77 4 55 39 67 87 27 75 5 14 25 3 22 17 14 8 91 72 32 11 61 16 6 72 44 75 22 12 18 5 70 38 14 10 45 96 
2 4 35 69 43 26 58 9 6 23 62 97 57 96 42 50 28 1 77 16 99 75 18 70 94 27 84 61 81 26 30 36 26 69 80 100 74 75 81 36 55 40 88 83 92 23 36 55 12 75 30 95 51 24 78 54 50 46 89 93 16 14 35 19 82 91 90 35 63 17 54 97 26 10 70 33 78 29 39 93 72 94 14 2 47 66 66 24 35 89 71 84 24 28 94 93 94 63 75 83 33 22 25 42 5 72 90 100 17 27 35 93 30 40 11 96 41 26 68 48 92 92 47 46 57 4 12 32 
38 89 36 67 59 82 63 31 28 22 21 77 29 1 44 59 22 55 76 64 46 1 12 30 19 16 86 14 43 16 57 17 74 66 38 52 75 43 43 56 99 76 45 78 9 42 49 6 49 42 48 37 24 25 85 81 84 53 25 64 82 63 17 65 93 64 23 40 19 99 79 63 40 63 25 65 100 2 3 47 92 45 17 4 52 27 6 77 72 41 80 35 24 96 30 3 37 50 51 35 74 80 34 46 24 58 99 26 57 49 44 32 92 66 81 74 27 91 95 15 94 53 32 79 61 58 12 68 
31 30 41 5 80 99 15 31 100 18 33 88 90 81 86 81 54 12 79 38 11 54 62 48 45 96 71 10 89 92 4 87 81 6 70 49 34 48 42 96 20 85 35 29 42 10 89 64 7 87 10 96 88 13 45 28 46 44 33 30 82 20 90 78 66 63 78 65 18 36 16 38 80 23 88 84 93 12 60 8 100 20 11 74 9 5 59 70 60 44 19 16 45 94 86 41 72 79 34 42 39 91 11 3 23 32 84 87 25 77 6 78 37 76 38 100 13 4 36 75 20 67 37 41 41 80 16 38 
47 86 35 96 96 54 95 31 93 8 39 66 15 65 31 7 43 60 44 43 83 52 32 27 60 40 3 95 72 2 61 19 46 97 15 100 38 47 69 34 95 51 59 91 16 14 83 68 40 29 71 22 94 89 84 54 42 7 65 94 75 9 66 26 10 34 28 34 21 15 69 16 14 48 96 42 3 19 91 32 41 41 30 24 88 25 16 37 80 44 52 56 99 91 94 36 86 32 50 38 5 13 47 18 27 82 85 10 83 48 9 67 42 82 84 53 58 84 20 59 20 34 100 7 9 13 53 44 
51 42 23 58 100 42 55 53 86 12 80 12 34 36 51 14 9 46 27 85 81 55 88 33 43 52 5 34 99 4 94 50 10 69 59 31 18 9 93 52 53 94 82 97 22 92 27 7 13 68 29 58 41 10 10 24 51 27 4 53 85 22 23 80 83 70 33 45 71 6 10 83 30 45 74 76 21 39 75 18 87 30 18 46 96 36 93 23 44 37 49 30 44 71 92 72 29 15 88 32 45 43 32 27 65 75 79 57 58 90 69 78 12 70 48 24 36 81 41 78 80 96 89 24 7 57 16 10 
29 46 16 36 21 88 6 50 54 13 97 9 9 91 28 71 58 27 37 99 93 42 98 50 65 46 32 19 72 100 57 85 10 4 55 16 57 94 81 22 93 61 29 65 82 89 50 100 80 41 51 73 15 52 62 56 55 93 4 63 20 19 60 53 83 63 54 36 40 73 68 22 6 5 49 66 59 18 1 78 38 9 72 21 75 59 74 77 80 66 8 99 29 33 48 40 14 68 43 47 8 96 38 8 87 27 42 4 65 48 40 63 23 36 31 4 17 38 52 59 53 57 51 64 92 6 31 42 
40 6 28 15 7 14 99 43 72 28 69 58 99 36 55 17 86 74 36 95 28 46 11 35 58 61 5 41 51 3 29 88 80 64 70 76 14 53 61 41 53 75 20 11 81 20 46 23 61 2 40 31 5 48 50 69 42 30 11 56 33 80 61 47 30 98 84 79 22 38 62 24 89 20 36 68 22 53 100 37 100 99 55 87 83 98 29 82 64 1 3 53 9 42 10 80 73 14 95 33 52 42 24 95 91 36 51 66 44 48 22 20 74 32 64 53 18 35 94 78 28 50 25 29 79 93 7 13 
74 9 53 88 14 14 3 24 72 88 57 6 24 51 67 52 28 82 31 29 20 85 20 66 2 44 97 70 89 16 35 70 95 46 59 35 48 40 36 9 87 64 57 89 59 16 60 61 85 60 100 76 88 79 21 72 81 40 42 51 24 24 6 95 58 67 19 42 38 50 76 22 47 20 97 80 34 16 21 86 41 7 91 50 20 46 72 50 72 21 86 62 13 88 16 86 83 83 55 68 58 62 45 3 59 33 78 4 96 73 73 33 90 9 96 27 97 79 10 77 64 56 39 61 78 59 94 63 
90 80 95 98 43 65 91 40 71 54 29 2 70 35 52 4 47 31 76 30 15 53 58 40 17 13 70 7 48 67 43 90 91 5 82 79 4 40 2 55 17 7 88 29 78 1 11 4 90 39 62 21 13 79 50 96 88 76 12 52 60 76 46 89 26 1 8 47 80 35 97 39 17 74 84 41 18 96 19 45 64 56 27 99 2 53 51 96 40 35 29 28 100 56 80 55 18 21 34 92 14 47 15 46 46 23 28 68 77 74 16 13 84 45 49 93 39 97 29 96 58 48 98 20 87 53 34 41 
8 56 69 85 43 66 14 88 51 37 71 21 35 78 65 23 25 62 43 68 21 17 6 28 5 93 19 44 29 50 51 23 46 56 42 10 49 84 7 33 18 88 83 24 93 54 62 6 5 80 85 16 48 8 32 44 27 79 84 35 70 44 4 97 54 27 40 21 66 5 62 30 49 10 64 8 81 71 74 69 16 41 35 92 84 15 92 73 17 55 80 66 7 24 87 44 34 60 12 65 76 98 94 25 50 1 81 15 10 34 64 75 30 31 24 89 88 86 86 41 98 27 91 73 76 88 18 96 
66 51 18 48 40 16 3 55 37 32 50 92 32 47 97 5 73 11 65 97 53 17 27 17 26 74 83 9 63 85 47 92 34 27 78 27 72 36 54 42 28 28 26 55 38 56 98 76 15 44 61 52 19 17 97 12 33 16 57 79 29 28 14 32 52 22 2 18 36 89 78 77 23 23 12 52 56 76 42 42 80 80 3 73 74 99 97 6 28 45 23 71 6 30 54 57 79 20 96 29 56 47 84 93 62 86 11 37 82 20 84 15 77 93 80 86 7 2 6 65 11 9 45 31 65 75 78 76 
35 71 74 90 26 53 33 63 96 57 43 16 95 13 44 43 34 79 22 76 54 35 46 53 60 80 22 76 10 54 22 34 9 13 60 26 64 72 20 52 8 2 74 35 92 9 66 44 51 95 6 65 87 91 28 97 66 86 26 55 39 16 18 96 23 87 53 58 28 34 8 30 92 21 83 64 49 73 89 31 72 91 6 58 72 16 34 24 94 10 15 75 78 58 8 65 14 98 12 2 60 92 51 5 68 31 94 35 98 21 49 18 70 77 14 13 47 13 67 43 55 51 67 19 24 48 51 33 
62 88 77 27 4 100 83 29 26 38 70 40 72 37 13 57 12 52 96 91 29 22 47 8 70 79 50 72 89 86 43 42 52 31 38 11 87 7 98 26 85 27 47 36 3 92 16 31 68 27 38 3 18 96 55 35 100 94 6 29 48 14 46 91 79 29 91 23 26 5 5 4 33 59 84 25 78 74 16 57 56 100 40 64 66 38 39 56 79 60 71 72 15 23 13 19 84 44 20 15 6 64 26 62 72 47 81 78 84 43 81 41 56 70 3 37 92 98 45 65 68 13 10 62 62 26 64 97 
66 57 38 73 19 39 34 88 9 5 48 6 51 90 42 40 70 36 20 40 3 63 16 75 39 54 55 48 87 33 100 30 12 88 9 37 67 34 48 5 54 39 23 73 97 10 59 2 38 86 27 76 95 58 34 69 56 76 60 74 55 61 88 3 61 47 47 8 44 78 47 31 2 16 25 36 5 87 44 82 72 84 14 6 55 3 59 95 82 80 18 75 48 69 39 75 49 77 30 84 35 84 60 55 5 34 9 27 34 27 84 91 27 18 56 56 31 63 77 2 62 69 62 69 86 94 1 26 
18 52 73 57 38 82 24 48 45 33 22 40 92 74 40 86 8 4 82 36 14 90 86 57 50 94 39 18 53 8 70 99 4 13 59 67 14 80 37 22 18 5 36 20 28 2 43 89 56 57 26 59 94 42 81 83 33 48 68 99 52 84 25 66 24 67 40 13 84 40 40 31 11 5 45 42 70 10 24 97 16 15 53 64 96 92 77 19 31 87 88 85 96 2 46 16 29 95 75 48 52 51 27 81 56 66 94 57 51 94 8 90 3 51 46 26 75 86 49 80 89 70 71 14 4 88 13 67 
84 41 93 76 91 64 14 59 14 76 67 35 34 72 17 8 50 26 32 42 58 69 77 38 100 86 46 99 35 17 56 88 40 45 99 25 48 92 61 94 70 1 54 67 32 13 89 8 49 43 48 18 40 38 48 98 66 73 22 13 9 54 65 73 63 94 25 61 36 88 54 87 10 98 82 52 22 3 33 61 39 93 93 41 2 40 72 34 29 32 68 40 91 41 30 68 94 76 64 67 46 46 20 40 46 45 27 41 2 68 79 11 84 84 60 31 27 18 8 44 2 44 97 21 75 55 73 71 
25 93 41 36 26 87 88 14 93 77 51 9 88 2 13 62 15 60 77 77 8 66 95 10 38 92 79 42 67 36 59 72 17 42 69 54 75 70 48 65 56 10 99 99 70 99 42 35 96 20 53 84 11 78 92 74 53 28 22 7 96 76 62 59 58 67 53 25 90 88 60 99 31 22 43 52 55 7 60 92 34 39 4 69 61 29 72 72 14 48 48 87 6 54 86 92 83 5 13 30 49 77 66 32 32 29 63 49 73 58 57 52 70 26 70 10 70 70 96 9 37 71 44 98 25 56 50 69 
63 57 67 6 100 85 88 63 73 96 84 91 16 67 24 37 88 43 65 96 68 61 62 22 76 3 35 58 73 100 22 17 36 69 74 46 38 39 31 16 73 17 13 80 31 73 30 54 27 22 71 66 69 46 23 19 41 90 17 64 30 85 85 86 48 98 26 33 70 7 56 31 90 59 34 96 93 15 70 18 41 90 72 4 59 12 90 16 63 56 31 25 63 4 43 100 49 92 60 68 44 1 98 30 40 7 82 4 83 31 63 51 78 97 56 77 47 12 97 18 34 53 72 29 6 15 86 53 
21 10 43 81 83 45 77 69 14 51 23 3 83 64 59 31 25 90 28 21 88 9 51 82 40 54 17 31 12 80 72 30 19 97 71 58 52 9 50 37 61 87 90 28 96 19 36 81 1 64 13 21 95 20 50 39 77 26 48 18 62 83 83 26 76 13 98 73 99 3 50 8 9 67 28 35 14 57 82 45 21 68 25 32 43 47 28 93 42 78 17 45 80 58 67 100 98 5 29 97 37 72 34 59 33 75 39 81 47 48 7 41 21 46 66 19 43 9 91 46 92 50 62 40 66 15 41 40 
56 7 16 32 8 81 29 63 46 58 33 44 10 41 70 15 62 38 77 4 53 50 19 2 92 92 82 68 39 66 51 92 53 62 48 15 93 48 4 49 6 19 83 63 37 10 76 34 25 58 15 87 1 100 68 53 56 99 9 8 63 54 51 74 100 32 50 58 40 68 59 50 34 93 3 93 47 91 69 18 43 55 11 83 53 68 29 64 22 51 13 65 98 35 77 45 50 47 82 82 14 77 1 19 10 78 72 36 100 60 36 10 58 65 97 16 32 68 98 9 68 10 22 85 48 11 61 17 
99 59 89 5 93 95 66 13 87 15 98 67 12 79 4 73 34 83 50 35 77 31 87 37 5 84 51 8 47 57 22 14 30 31 12 55 4 5 91 55 26 45 95 92 77 61 66 30 1 82 22 10 18 2 58 54 41 17 96 69 31 62 17 11 19 15 94 60 97 62 58 87 39 80 98 11 84 38 20 92 59 10 12 89 100 96 26 54 95 35 14 29 1 93 96 43 46 64 35 46 25 33 53 73 29 37 34 72 64 100 65 38 51 67 60 5 27 92 23 64 59 5 52 33 8 9 40 42 
57 49 35 14 43 91 7 15 42 33 23 51 28 100 18 19 90 85 41 17 93 5 59 63 53 39 95 88 88 43 60 95 71 1 25 93 12 65 12 21 16 96 28 74 56 79 61 57 60 85 8 96 25 21 46 10 89 71 18 40 8 43 55 38 19 97 67 11 5 11 55 19 61 68 69 58 2 15 50 10 70 42 48 88 66 5 69 56 36 51 77 50 91 90 73 74 51 52 74 1 7 4 3 75 39 70 82 4 56 94 15 37 5 69 83 28 94 35 81 86 9 47 39 59 31 25 23 78 
95 58 81 39 31 58 22 59 99 89 43 83 28 54 15 25 11 24 66 68 84 3 71 81 17 3 30 89 15 6 37 34 17 24 86 17 18 67 62 25 75 57 4 91 86 80 90 82 72 63 99 49 28 59 4 57 56 84 93 24 52 69 1 99 34 53 7 25 51 27 58 58 69 15 89 58 67 63 59 35 98 74 81 16 96 32 73 72 55 48 32 51 11 69 42 49 77 61 22 43 62 96 2 10 10 93 31 98 30 17 2 45 82 66 38 85 22 70 72 51 87 57 30 76 3 18 30 75 
10 8 12 12 54 24 34 94 66 73 58 85 99 54 41 93 93 81 46 89 88 70 92 50 55 55 74 97 85 16 87 5 87 23 32 54 90 87 47 87 7 36 88 75 65 60 56 23 87 97 94 2 3 17 97 78 80 58 14 73 42 89 98 38 6 99 53 78 37 95 13 34 85 31 10 42 40 50 63 95 67 22 48 20 63 35 19 51 89 41 64 96 8 51 37 76 20 86 3 34 91 43 60 8 7 91 43 13 42 41 45 74 99 46 74 41 41 12 80 53 96 48 32 71 4 49 12 2 
97 95 39 69 46 28 43 54 42 68 16 56 34 71 34 43 45 51 45 80 7 31 4 100 79 39 65 72 11 75 81 98 49 34 10 33 7 29 5 7 29 37 71 10 3 18 97 81 20 30 48 35 16 33 34 100 11 21 5 59 98 66 14 49 66 74 69 68 37 80 83 5 44 31 67 30 74 19 80 38 98 33 17 93 64 85 18 65 46 35 94 4 71 10 57 81 98 14 66 78 12 29 86 16 64 58 45 48 11 53 49 10 35 73 51 4 98 51 99 63 9 22 30 4 20 66 26 71 
97 68 7 67 18 15 68 19 16 50 62 31 40 99 85 73 4 62 96 51 16 62 91 27 57 91 40 82 6 52 88 31 91 49 85 60 52 29 83 7 18 6 11 86 58 26 59 18 60 42 95 14 31 17 27 61 34 64 31 80 85 86 29 13 62 50 95 93 76 28 31 60 69 85 4 5 17 54 1 22 92 47 19 100 80 1 28 41 63 78 70 53 31 79 36 8 73 49 73 31 58 53 26 59 67 89 77 60 89 90 37 91 1 23 23 55 60 57 46 67 48 33 81 98 76 46 59 46 
59 65 41 79 20 12 23 79 53 62 5 82 35 66 9 34 21 72 51 88 48 86 83 65 35 47 70 67 22 22 25 60 26 41 10 1 43 10 50 68 99 59 36 19 35 51 46 72 51 43 60 84 32 61 5 93 73 62 86 86 44 50 33 42 9 21 37 92 16 42 13 66 91 55 90 83 75 89 74 52 58 10 99 90 35 52 82 31 7 57 66 82 94 26 24 53 59 98 85 99 55 39 62 68 94 79 8 54 80 47 76 31 26 51 63 69 83 59 44 91 42 35 63 68 53 84 9 92 
3 54 94 96 59 61 7 76 89 43 25 95 23 6 30 7 71 79 13 63 10 64 52 11 83 7 72 62 93 52 43 22 49 33 36 52 46 55 85 95 95 21 57 12 13 96 51 16 2 15 75 13 61 53 46 10 68 72 27 74 66 40 75 79 52 42 92 7 47 43 12 85 33 32 4 31 78 81 67 96 62 84 52 57 75 66 98 24 7 70 63 62 31 33 100 93 51 49 15 61 35 88 69 21 20 94 35 56 29 93 1 63 83 35 78 42 23 56 65 63 82 87 31 24 48 21 7 44 
37 10 60 73 20 85 67 84 89 99 61 15 45 74 15 20 54 9 90 98 56 9 11 34 45 63 96 92 81 58 2 82 84 83 89 25 56 82 72 42 40 45 95 12 3 67 3 8 27 54 45 6 17 41 29 14 26 30 32 4 96 27 20 55 35 3 86 78 21 99 58 1 90 63 81 16 55 29 37 95 71 13 33 30 13 50 5 92 56 98 26 50 91 96 17 81 61 28 63 13 65 11 67 7 58 65 32 47 83 12 56 46 32 18 83 90 19 56 80 60 15 69 24 75 61 63 22 97 
49 86 12 43 94 40 96 11 42 30 5 30 90 71 4 80 85 23 21 22 28 81 42 16 1 12 94 46 95 66 54 81 73 56 9 10 71 100 28 79 75 74 13 92 68 8 67 21 42 53 23 99 24 78 3 90 67 63 48 82 3 45 73 83 52 32 98 9 99 78 35 49 26 99 95 28 53 2 63 80 68 50 77 88 60 32 26 28 50 35 10 91 68 79 100 51 46 36 79 14 10 39 26 53 27 66 35 39 52 8 40 57 90 61 42 6 57 77 2 16 5 89 3 33 96 64 12 20 
41 12 81 57 32 90 24 42 31 17 86 37 31 54 55 5 47 65 69 46 27 26 2 3 83 61 20 23 57 86 38 35 88 6 41 23 15 26 44 74 48 79 58 26 13 12 6 90 28 60 12 5 100 80 18 85 86 100 55 31 1 34 1 59 56 18 13 69 88 43 69 84 9 33 91 71 77 100 74 32 79 2 41 24 11 69 23 63 72 69 84 28 100 54 49 62 37 94 19 100 6 77 56 55 88 1 79 27 79 22 25 21 97 92 34 30 73 45 40 61 29 29 19 46 57 90 40 36 
30 4 16 56 81 99 100 48 92 86 41 63 45 67 30 42 56 75 28 45 34 71 63 57 97 41 55 68 30 43 78 4 25 61 45 57 76 100 41 80 100 96 74 99 81 69 34 45 66 86 32 96 91 71 95 86 4 80 47 23 5 83 39 84 96 55 24 15 5 65 22 28 47 20 89 56 70 94 31 37 47 33 89 1 92 59 75 13 46 14 63 47 8 95 59 47 33 19 91 71 11 27 51 43 59 81 40 38 77 91 14 77 16 39 30 73 45 42 24 38 14 49 71 19 29 71 41 50 
75 18 16 6 88 8 56 4 80 34 33 70 53 3 16 2 9 58 5 70 34 17 25 98 89 63 78 72 54 49 59 56 20 48 33 5 81 41 26 94 23 7 8 8 94 31 37 30 7 58 99 79 48 19 23 75 13 34 53 72 34 34 64 67 42 96 9 94 23 31 78 58 58 99 86 16 95 34 51 6 30 49 97 74 19 65 34 89 65 84 57 2 26 91 35 61 64 13 89 92 38 45 61 77 56 90 56 64 75 88 66 70 40 56 33 32 86 8 72 98 68 77 37 30 88 10 14 65 
18 17 53 45 29 71 71 67 85 62 49 32 69 23 86 52 81 99 85 7 40 51 4 86 2 60 52 64 9 74 89 56 72 22 19 56 26 58 62 59 66 74 62 32 21 58 20 98 58 48 84 35 23 29 49 56 37 39 20 77 97 87 48 45 29 61 82 2 2 98 17 76 30 1 32 33 23 89 16 29 66 26 20 47 87 28 76 6 74 31 81 43 99 70 98 85 48 65 84 26 31 40 43 8 86 80 38 86 60 91 100 80 92 74 70 85 61 46 7 85 55 39 96 45 39 44 15 80 
14 75 97 69 28 54 52 60 51 35 1 85 66 79 74 46 64 37 63 33 76 60 40 83 54 48 79 75 28 96 26 6 37 72 37 27 74 80 36 8 26 90 32 22 5 4 11 56 26 6 55 62 66 73 68 16 64 82 4 5 25 50 42 70 69 38 42 1 99 3 54 51 68 27 86 53 9 64 33 44 70 79 72 15 83 39 74 92 80 51 85 88 13 74 28 88 40 67 70 92 39 40 82 4 86 41 34 16 90 64 71 75 64 46 2 69 91 17 40 95 71 57 7 89 6 62 87 10 
72 36 79 52 17 100 62 27 36 86 62 12 91 63 57 6 47 67 87 8 88 83 85 82 98 95 19 2 25 89 70 43 81 80 45 91 23 7 58 56 36 42 65 25 83 57 3 48 46 38 61 18 54 73 4 8 90 67 73 73 28 72 5 29 66 69 80 5 89 48 56 29 66 37 57 49 65 97 50 2 98 100 17 20 29 89 25 53 53 96 49 29 27 65 17 27 18 53 1 78 67 6 92 11 46 76 96 98 56 77 29 48 77 91 85 22 3 95 58 55 47 97 61 15 56 30 81 59 
88 76 20 93 48 42 55 17 18 17 41 11 20 65 5 22 8 97 97 12 9 9 77 84 67 62 27 78 65 50 35 7 30 19 59 8 16 51 43 1 96 43 77 7 96 57 26 29 12 1 11 3 84 66 23 92 15 23 27 85 76 37 53 15 33 39 20 12 73 28 73 90 95 34 88 47 64 44 24 37 81 51 22 18 76 37 26 5 35 13 96 52 86 95 89 89 60 73 74 55 39 99 33 22 61 89 23 98 74 91 67 29 57 67 13 90 91 13 78 6 93 43 25 92 41 86 95 18 
51 26 93 15 4 78 26 71 50 25 1 17 56 90 7 38 84 58 26 84 94 93 6 78 72 84 9 72 47 81 72 76 60 58 29 87 98 39 12 81 35 60 16 70 43 29 40 7 68 32 83 90 13 21 21 88 7 77 86 15 59 46 54 74 13 10 99 52 91 68 72 78 44 84 85 75 72 46 54 93 75 1 67 60 89 97 23 22 42 49 8 58 1 52 11 69 7 84 74 77 1 4 35 44 12 66 81 10 59 18 29 56 14 18 73 62 64 37 65 87 39 11 22 55 89 91 4 66 
43 92 89 94 71 81 2 4 92 25 36 83 31 59 71 1 32 75 27 16 59 48 50 47 90 37 57 30 77 10 31 11 87 49 27 96 75 2 37 29 94 59 95 85 21 60 2 30 6 91 22 72 17 50 57 52 52 23 19 9 9 98 61 53 77 46 31 28 58 73 86 30 53 27 35 23 1 50 76 88 73 1 30 85 70 60 56 76 59 10 83 43 51 3 41 25 19 62 6 4 67 98 77 63 59 22 31 55 78 85 72 79 59 76 99 71 95 56 71 7 9 19 61 63 36 18 44 61 
7 52 24 53 71 81 61 38 94 40 88 59 14 22 24 55 2 27 6 45 22 57 58 45 85 33 30 55 9 96 2 62 71 23 37 62 5 16 47 88 55 49 42 31 69 97 45 82 34 52 66 51 10 36 71 12 95 8 83 43 31 3 28 62 65 76 53 12 58 38 97 12 31 97 68 26 90 83 27 48 4 80 6 67 73 9 72 11 96 34 32 82 3 8 52 48 45 79 100 89 46 34 61 97 16 62 23 93 21 68 100 63 77 59 2 84 91 37 62 6 89 59 61 63 17 84 94 47 
16 27 5 45 68 76 29 99 95 89 73 1 80 8 2 6 62 67 58 30 72 46 15 49 80 58 65 98 21 95 25 40 20 98 58 30 79 6 85 64 12 83 49 82 69 51 52 53 89 64 59 16 27 97 21 47 86 47 83 89 17 72 27 38 16 85 7 71 56 6 74 23 71 29 76 66 91 47 13 5 49 100 73 94 97 88 99 14 67 51 17 13 7 61 9 22 2 58 64 66 14 53 9 52 38 79 80 33 4 81 18 70 10 10 97 51 26 34 38 53 30 55 45 65 100 63 16 99 
18 22 94 59 24 59 6 9 60 21 26 1 74 31 12 11 24 77 83 54 61 13 14 5 5 92 16 49 7 26 91 18 15 100 17 76 50 11 63 36 27 87 73 36 79 32 92 72 27 96 51 65 67 78 2 64 54 22 8 28 14 86 43 88 45 37 96 17 4 11 33 2 27 2 52 30 100 66 7 30 95 51 37 11 72 82 77 67 8 44 11 22 55 56 71 73 5 12 56 75 66 19 13 91 31 6 97 36 51 78 21 15 38 54 14 88 44 93 65 100 14 14 60 1 90 26 41 70 
12 98 97 41 84 57 94 29 72 46 48 14 76 77 99 14 66 55 17 27 55 78 3 29 52 35 14 19 37 50 19 78 92 86 64 76 82 1 82 94 13 9 22 36 93 50 46 64 45 23 41 1 65 15 88 32 61 84 12 13 1 17 22 65 83 42 3 4 46 91 12 13 36 20 47 97 99 56 40 97 80 35 11 2 66 83 95 79 16 4 74 63 20 67 49 26 50 58 79 16 17 3 46 63 67 63 100 14 45 11 47 89 92 31 77 38 23 78 38 56 21 35 80 22 18 83 38 32 
23 68 59 46 13 71 72 32 56 13 40 97 7 96 12 98 73 96 19 19 12 17 77 8 96 72 78 51 19 96 77 98 12 52 1 49 12 79 28 94 57 26 20 80 85 49 91 31 7 46 72 53 32 13 87 67 51 85 49 58 92 36 54 27 3 31 12 79 1 7 62 51 23 25 47 85 34 60 91 93 42 69 48 98 75 73 88 32 28 80 22 7 75 12 24 48 95 86 18 65 70 27 6 30 18 44 65 69 1 22 67 46 91 21 96 100 91 90 26 97 83 8 15 4 14 57 93 96 
22 96 57 48 51 88 74 25 29 35 48 51 44 7 51 25 1 49 16 34 64 15 21 7 43 17 31 91 29 54 23 6 40 44 1 18 1 7 5 74 81 99 48 36 96 19 52 29 83 33 60 93 11 57 66 23 28 73 54 26 36 65 44 27 96 60 63 22 41 37 75 45 86 92 96 19 55 35 34 93 95 96 76 24 27 83 99 27 33 14 95 11 91 74 13 34 9 100 27 99 70 76 59 83 1 5 39 67 50 79 37 36 91 38 64 59 22 4 78 81 96 12 100 84 88 11 56 28 
87 39 33 71 71 63 30 76 98 30 96 50 7 69 43 85 71 19 28 8 43 46 6 44 95 2 64 62 56 25 94 50 47 38 33 67 61 10 68 97 80 53 11 19 83 61 6 69 1 50 56 78 48 69 100 81 46 78 39 72 33 26 9 19 82 65 21 54 58 22 88 5 55 5 31 19 4 30 4 12 67 24 91 34 15 51 43 91 26 27 85 83 80 67 77 70 84 27 40 58 17 81 100 71 73 22 35 78 77 22 41 11 13 40 7 46 75 2 10 80 18 94 95 6 87 64 91 99 
60 80 86 32 2 52 63 65 27 86 35 64 80 43 13 49 84 86 20 4 86 35 46 34 46 38 81 16 52 20 76 51 78 76 42 51 37 66 40 51 62 51 19 51 14 63 76 61 56 64 61 10 70 36 58 11 26 41 18 44 46 34 61 83 89 77 18 23 35 21 67 24 50 97 85 95 71 25 47 94 69 28 61 93 5 48 57 63 41 22 60 80 91 82 31 18 15 92 95 50 95 92 88 55 99 57 8 52 62 13 94 73 61 27 50 41 13 37 13 13 72 73 3 3 45 74 78 38 
87 35 8 21 42 13 43 86 29 62 76 24 43 52 92 24 32 67 58 75 40 19 69 43 70 58 85 3 69 47 38 29 3 7 23 51 78 61 75 69 22 35 62 65 62 37 45 25 17 58 32 14 59 35 62 24 6 95 77 82 38 74 94 25 19 46 18 91 39 51 98 38 12 96 52 100 40 77 43 90 11 88 88 45 35 13 80 67 22 41 51 45 20 7 86 61 47 12 42 34 77 79 33 21 44 19 63 100 26 85 96 1 75 12 96 59 23 99 14 8 60 74 34 22 54 88 80 39 
11 20 17 68 84 92 10 71 6 17 84 46 40 91 4 89 71 35 46 7 20 85 53 63 92 21 98 42 69 42 41 62 74 27 19 85 73 85 60 87 81 92 97 70 12 14 2 67 83 42 20 95 80 56 47 43 32 83 14 69 1 27 52 84 90 37 53 16 73 42 64 31 41 85 66 91 25 83 4 98 21 30 60 61 21 21 29 48 52 59 24 70 31 52 22 21 93 80 13 64 32 89 52 76 17 64 65 96 9 16 80 88 12 89 32 9 47 20 5 5 38 13 35 22 55 21 20 55 
89 51 51 54 40 6 51 25 19 56 47 59 59 33 98 36 16 48 78 87 42 28 51 74 62 25 65 80 94 1 40 41 60 16 81 42 15 57 69 58 44 63 8 55 18 54 72 34 13 82 21 45 68 76 26 36 78 22 62 30 32 80 57 28 92 76 30 60 20 80 7 27 83 91 85 42 33 57 6 23 75 5 23 80 54 12 17 34 5 69 82 10 70 4 9 84 63 52 48 82 10 60 12 34 63 10 95 33 23 63 72 73 84 57 86 57 51 67 14 8 20 94 34 41 51 9 34 42 
90 60 64 26 36 90 58 80 98 30 23 75 41 47 79 61 6 85 100 79 43 73 57 65 27 49 13 3 41 77 12 21 39 35 18 78 57 74 13 73 82 16 81 97 48 16 61 25 58 14 66 40 17 37 9 57 90 43 69 89 10 52 22 26 4 29 36 70 36 78 60 36 46 11 37 4 10 1 16 10 17 60 10 31 59 78 48 64 88 96 84 73 6 93 16 16 75 82 29 75 56 50 20 100 1 12 34 15 66 23 86 26 56 10 73 89 81 41 52 91 98 6 3 2 39 80 27 35 
30 72 88 48 20 84 46 56 43 65 67 37 86 98 19 30 34 64 82 98 7 69 25 62 93 58 78 55 67 10 87 17 94 3 92 13 30 89 10 20 88 64 2 84 49 35 94 33 91 1 64 11 49 48 5 8 66 77 16 85 97 16 47 100 11 58 70 92 60 31 5 54 78 2 63 85 21 79 99 46 32 15 4 70 45 92 25 93 18 55 72 94 14 100 100 97 92 58 7 87 72 16 54 42 38 32 70 100 83 89 87 100 84 58 59 25 14 5 9 80 71 85 25 31 70 57 63 9 
92 32 95 84 89 21 70 97 55 2 47 56 89 27 86 10 1 7 99 5 51 78 13 78 57 92 11 86 34 44 45 4 24 14 26 5 85 22 87 25 87 10 25 77 46 59 39 20 71 17 36 85 27 7 63 67 48 57 9 27 25 2 1 64 42 82 45 25 16 79 27 12 85 35 25 67 84 22 49 67 83 74 1 34 38 79 85 100 49 67 72 53 78 55 67 44 6 74 28 64 91 3 49 46 18 78 8 61 82 87 40 6 20 44 60 72 99 8 100 56 1 84 7 12 46 59 25 3 
77 83 22 78 81 10 80 13 63 13 51 53 59 6 38 89 19 89 35 51 48 23 71 56 35 100 45 45 22 89 51 64 71 64 47 38 70 52 96 96 50 97 5 39 41 88 60 5 24 62 28 91 17 36 48 67 92 57 11 68 66 23 54 17 45 80 61 52 7 9 82 12 60 95 49 65 13 47 26 39 69 26 45 68 16 40 12 7 68 45 33 61 2 81 57 10 29 76 64 89 79 73 69 14 17 25 28 16 63 37 92 92 15 75 78 67 14 35 51 32 55 86 16 74 53 67 88 71 
33 18 45 17 21 85 74 62 88 15 90 15 44 11 2 3 97 43 49 48 92 45 32 27 3 75 17 34 7 57 48 65 86 83 28 37 65 71 96 71 44 99 86 1 33 32 12 60 18 49 81 53 86 57 78 3 98 75 97 40 51 51 38 47 88 27 97 98 57 66 82 7 12 35 45 70 40 87 72 41 23 41 80 41 29 93 86 13 53 86 70 20 74 15 19 13 41 51 16 11 74 41 58 44 68 89 77 18 56 51 66 87 78 58 81 12 14 89 13 36 18 27 58 65 48 12 42 20 
20 71 86 6 9 59 25 6 28 39 32 95 2 3 27 43 13 100 91 23 97 91 20 98 74 30 75 50 84 2 46 49 60 29 76 55 63 61 49 94 10 61 80 74 15 43 54 74 89 99 54 47 58 18 78 54 50 52 7 16 28 56 60 28 78 24 49 49 43 83 40 83 27 46 31 17 46 16 79 6 23 18 44 52 69 79 33 6 52 11 26 76 85 96 41 99 6 17 55 14 49 33 83 14 45 19 85 45 94 13 2 9 44 73 11 69 61 59 85 47 90 34 100 34 72 28 42 97 
31 4 30 74 68 98 83 85 75 34 29 58 49 75 51 86 53 71 5 44 34 7 42 72 5 96 91 94 38 53 97 76 80 10 78 60 89 66 42 26 50 88 35 53 51 47 7 4 54 95 47 37 2 38 15 98 47 79 14 51 49 74 48 58 69 93 77 97 96 88 100 82 10 23 27 68 12 97 66 52 49 62 98 71 100 50 28 87 34 30 98 70 88 66 49 11 38 75 22 8 22 72 51 53 61 21 3 100 39 33 63 50 94 2 63 1 10 93 27 12 18 13 87 64 13 74 13 60 
75 16 99 24 36 62 82 53 53 36 63 1 45 74 15 32 41 15 62 62 60 86 91 57 5 10 79 89 25 72 10 87 21 29 17 2 34 36 99 25 37 14 79 55 80 83 75 85 88 98 56 19 26 77 65 79 41 61 90 7 32 12 55 90 66 85 62 37 1 20 10 47 43 38 100 18 75 72 74 61 17 96 70 84 62 82 47 18 22 99 81 71 99 45 80 52 34 29 40 14 83 57 5 97 83 99 83 45 92 16 51 39 35 74 45 82 77 66 6 21 13 89 1 86 92 59 28 98 
33 47 10 79 66 42 84 85 19 94 41 48 77 41 42 90 9 81 12 83 18 3 25 72 27 9 79 71 14 66 46 64 7 47 63 18 93 28 29 19 33 41 24 80 6 100 87 54 100 77 10 67 87 96 89 73 56 44 39 89 72 95 56 24 9 74 98 85 66 54 53 85 23 56 79 45 7 67 2 85 82 77 75 70 56 69 51 11 7 56 97 89 61 13 57 73 27 58 44 24 61 49 92 92 84 4 57 78 63 57 74 48 35 20 20 7 45 59 87 33 23 61 60 58 1 57 69 26 
71 7 14 92 28 19 44 31 89 69 60 16 25 22 17 80 34 81 9 76 6 7 48 5 15 13 35 8 16 42 66 56 95 78 33 5 1 52 14 6 97 23 39 51 11 8 55 11 43 41 60 84 66 59 1 59 91 56 94 57 58 65 20 72 99 30 86 11 89 34 72 95 99 99 99 51 97 73 44 84 36 96 19 50 6 83 28 79 87 31 59 51 25 100 94 95 99 89 60 52 12 64 12 47 27 31 94 78 83 59 53 99 83 35 89 63 2 60 57 89 95 24 15 99 88 68 19 80 
77 92 78 42 95 20 37 40 73 53 60 19 68 58 2 96 24 11 87 15 10 4 63 70 54 60 33 51 99 34 87 4 49 63 83 34 88 88 53 68 52 92 34 64 43 31 45 94 30 42 97 35 78 71 54 3 96 40 87 47 64 98 89 3 47 54 46 59 98 43 89 80 4 41 42 99 91 1 11 51 59 69 90 89 66 80 67 76 4 18 6 51 69 96 76 44 34 20 47 97 48 73 75 85 31 47 100 76 47 83 39 27 98 17 32 6 93 78 39 48 40 78 64 25 21 55 17 51 
91 26 68 50 71 84 16 66 4 97 8 22 25 6 40 88 65 21 22 18 47 64 69 84 71 31 30 57 31 38 94 2 56 4 93 56 83 15 8 64 71 68 42 76 45 96 82 37 41 51 89 6 23 90 47 8 32 29 11 43 22 17 13 5 39 58 26 44 18 37 88 81 73 50 48 50 78 19 42 24 75 68 2 49 88 58 99 28 72 63 3 21 81 70 57 82 28 85 90 79 62 84 56 23 36 1 50 91 89 34 73 24 4 13 92 57 24 34 92 66 86 70 25 78 86 3 21 91 
41 58 79 63 36 32 50 20 44 97 61 37 90 75 82 68 19 22 31 85 7 64 34 18 48 44 77 75 90 19 51 64 97 78 29 59 81 8 7 1 77 4 90 29 82 97 81 26 52 74 75 74 78 99 58 47 72 29 32 32 22 14 100 76 93 9 55 5 32 34 49 75 50 2 48 47 43 36 33 34 70 10 92 72 68 80 57 79 34 21 10 66 42 60 81 34 11 99 16 9 76 26 28 78 97 74 18 69 97 57 89 49 83 30 2 98 47 53 83 15 7 49 1 66 10 36 95 59 
96 63 61 72 68 52 76 11 64 45 21 51 6 16 68 79 42 57 42 56 2 33 16 48 94 100 85 13 18 60 66 36 75 1 75 27 2 42 51 83 82 43 57 68 5 26 49 59 76 42 71 95 12 88 3 97 57 3 94 57 52 93 37 89 44 22 37 89 40 11 52 70 79 31 88 54 69 80 2 52 87 15 52 15 35 9 1 70 41 18 11 28 43 80 53 87 22 31 92 95 25 65 87 81 40 46 1 61 77 31 79 70 88 80 81 69 17 91 77 21 58 82 92 45 11 84 30 95 
85 4 64 32 48 65 65 37 99 53 73 9 94 61 60 70 46 85 80 75 81 65 52 56 75 80 6 25 33 2 54 97 25 33 9 71 52 41 12 4 3 88 94 66 19 51 61 40 65 7 44 86 60 29 100 97 69 92 53 66 44 58 17 7 80 80 73 64 60 89 58 73 93 67 5 92 67 32 79 66 73 1 40 90 39 40 41 90 78 46 84 92 93 23 48 87 32 94 10 66 66 41 89 64 67 95 32 23 69 77 45 33 70 68 38 20 100 12 92 90 42 3 56 66 94 17 50 62 
18 16 17 81 75 1 44 82 38 74 90 48 98 96 73 47 55 73 99 67 35 47 5 28 3 74 76 25 95 48 83 95 33 86 69 3 97 64 3 3 98 47 38 44 57 69 31 53 43 1 37 20 90 89 65 22 28 35 76 19 73 80 28 82 75 88 65 9 17 80 14 59 18 50 27 78 88 40 67 81 56 18 33 4 81 72 89 61 95 86 46 12 22 4 36 27 73 19 23 29 88 41 28 58 56 59 28 64 65 48 56 69 11 57 40 92 74 3 92 34 30 55 33 82 44 45 49 49 
1 100 31 5 56 21 17 66 18 80 98 92 60 55 10 18 99 46 40 17 72 88 20 85 75 13 8 30 70 59 17 12 60 81 84 39 99 52 14 81 74 37 9 80 32 31 4 29 98 35 1 42 23 84 16 95 59 45 82 38 16 96 37 86 19 72 71 82 90 39 31 4 5 79 27 27 100 1 82 49 95 5 51 77 11 10 36 1 87 89 88 13 6 33 90 12 44 89 74 78 27 25 80 70 76 14 51 5 56 45 73 33 20 27 26 12 32 99 51 35 65 83 87 35 61 32 18 63 
70 3 77 6 10 18 91 39 60 57 95 56 37 49 15 10 97 76 16 12 9 94 40 67 50 17 49 97 8 22 46 22 78 45 7 100 52 77 56 53 46 15 8 33 36 75 52 39 54 45 93 85 19 68 29 90 88 2 43 27 25 75 15 21 31 48 80 56 19 81 80 48 76 87 29 68 49 64 71 88 81 70 69 47 25 62 59 27 2 63 78 79 34 59 42 1 47 54 4 23 83 41 41 80 46 65 74 100 23 42 52 77 75 10 50 14 48 23 43 70 28 56 19 12 6 39 49 26 
1 24 4 94 22 37 23 46 42 68 59 45 11 44 59 86 92 11 18 76 32 56 88 81 57 30 18 87 79 11 66 61 58 52 6 56 77 3 79 1 2 16 42 5 80 2 86 84 70 87 9 100 92 93 59 91 8 20 64 80 10 17 60 61 51 92 76 42 67 19 87 47 48 38 68 47 53 83 74 74 15 30 8 53 84 49 70 93 33 49 41 24 95 40 77 91 63 21 46 2 86 51 43 26 70 45 26 53 100 41 91 27 4 58 63 1 29 75 22 97 18 13 59 84 20 36 67 6 
15 60 11 9 43 35 1 98 24 8 61 2 23 94 77 95 18 54 31 73 50 17 60 18 16 52 95 47 28 69 26 42 64 37 77 2 99 79 69 35 92 44 17 25 32 57 73 10 75 53 91 34 39 32 65 87 42 25 35 60 60 21 53 42 21 43 61 88 66 9 4 5 70 17 76 43 96 62 2 93 58 88 61 10 90 39 25 42 15 97 62 53 3 92 52 15 69 89 94 2 34 16 69 19 94 37 52 85 21 76 18 99 73 100 10 14 99 100 37 58 100 71 61 73 86 34 94 74 
61 46 1 16 18 10 51 80 61 87 84 28 92 21 52 28 79 1 80 61 51 80 69 86 95 57 15 94 57 52 63 32 95 91 28 32 40 89 66 87 62 91 41 58 5 63 42 73 56 75 87 87 52 40 58 2 59 81 29 60 82 41 41 2 18 93 37 38 11 30 85 96 98 75 43 83 47 99 6 60 12 84 20 30 73 49 20 32 86 57 91 30 30 10 86 43 17 28 76 98 6 38 6 42 28 75 4 49 57 24 52 31 25 52 62 3 90 21 79 4 4 84 100 14 53 95 43 86 
65 23 30 46 63 95 5 84 92 56 51 84 31 75 55 91 90 68 14 34 94 26 89 30 1 25 52 66 32 56 100 17 55 76 12 21 58 85 7 57 47 16 69 55 51 12 12 58 71 38 47 50 34 74 5 16 51 4 35 38 48 67 98 61 67 45 96 2 87 25 19 63 56 70 54 53 96 20 69 12 2 97 71 5 44 70 78 89 75 88 4 97 42 3 58 77 71 50 7 85 90 59 83 43 95 99 70 89 88 27 45 83 4 36 76 70 48 97 37 9 8 27 36 73 14 96 87 51 
78 2 76 68 2 6 99 18 30 48 91 100 24 100 26 49 32 95 34 96 43 72 31 17 86 31 92 85 9 54 27 93 37 95 94 98 23 64 73 61 72 55 68 28 52 54 99 34 17 51 32 46 82 62 61 66 71 94 96 55 92 37 42 7 70 50 67 21 34 31 54 53 63 23 19 32 36 45 62 55 90 58 19 97 44 62 73 46 48 95 25 42 59 95 55 52 32 49 26 13 59 43 95 86 54 23 56 40 42 44 80 89 8 84 37 31 7 84 89 29 54 56 34 88 89 64 6 85 
30 10 100 2 35 19 99 24 88 46 30 61 64 38 76 19 19 19 55 41 60 100 99 10 59 91 80 1 56 24 65 13 20 56 97 47 68 13 24 8 63 19 85 70 63 28 77 37 23 42 86 97 61 61 64 71 73 24 39 5 66 58 80 38 56 53 18 28 56 39 18 18 90 88 5 100 98 87 52 28 33 51 97 67 78 57 37 55 7 42 83 2 32 42 60 38 94 51 5 45 98 72 34 70 83 46 12 30 52 8 17 32 10 3 20 15 96 25 11 22 54 82 76 6 20 4 2 93 
28 61 91 43 30 25 40 43 76 100 67 49 54 38 73 79 97 10 7 42 35 19 1 92 93 28 74 52 33 72 19 56 63 90 25 12 83 69 58 74 69 1 39 52 20 67 57 84 40 69 35 64 12 89 43 99 53 72 57 11 71 24 24 81 35 99 97 92 65 15 85 100 3 65 65 67 100 15 1 43 22 18 8 65 46 81 21 51 94 46 96 8 8 77 60 68 42 67 89 95 66 26 1 60 36 90 67 78 56 14 80 83 3 71 11 76 33 55 42 46 15 54 34 95 57 31 72 14 
55 8 15 39 73 4 64 30 42 33 36 64 3 1 36 8 28 92 29 56 100 60 31 13 79 52 36 9 28 51 13 94 52 86 31 39 5 63 38 39 60 62 47 41 40 85 100 64 55 77 78 57 29 16 30 22 38 43 36 17 87 68 45 25 8 81 54 89 18 12 63 39 47 67 59 80 16 94 22 5 85 40 21 54 83 13 93 83 77 90 73 80 73 19 54 26 44 11 72 35 19 12 9 19 9 58 11 10 75 4 2 46 99 10 88 46 4 46 86 17 11 10 8 16 88 20 28 82 
20 24 67 37 14 6 81 71 32 62 58 52 95 39 100 56 71 81 33 87 81 26 81 77 5 2 15 15 42 85 7 2 17 76 46 23 19 50 97 5 54 100 54 17 80 65 39 4 80 55 83 20 33 98 63 65 70 44 85 68 22 46 8 96 71 53 48 76 87 22 73 7 20 39 76 76 85 28 79 93 69 13 33 38 81 72 77 71 75 79 5 45 74 33 31 5 100 54 20 85 50 48 34 82 70 8 49 66 44 52 85 89 100 21 32 72 23 9 60 10 34 64 26 99 87 83 5 40 
6 48 43 44 17 27 3 94 5 1 74 78 26 78 90 69 94 30 74 95 62 15 13 6 38 19 73 23 75 51 94 20 61 79 77 46 61 10 77 68 6 53 29 78 67 12 39 21 89 16 58 18 96 24 20 9 1 63 8 97 68 89 29 29 79 2 50 69 99 36 27 28 11 85 97 86 59 11 78 84 10 95 44 56 64 41 97 13 86 42 87 64 26 30 83 89 58 39 42 49 6 58 94 50 1 45 7 85 23 70 46 96 76 40 87 90 34 1 17 70 91 64 72 14 98 64 100 9 
86 58 95 94 52 13 46 73 72 31 86 43 54 53 3 20 12 44 62 14 43 69 91 81 82 33 43 33 47 54 28 36 91 89 3 23 5 54 51 14 2 51 34 81 84 85 56 79 5 97 13 24 61 10 13 99 19 80 7 19 38 33 77 42 14 9 25 56 6 29 96 93 96 74 86 89 39 21 59 9 14 24 68 53 62 11 21 83 18 33 5 48 12 33 99 3 81 10 77 37 69 84 24 77 82 37 82 15 100 53 34 2 40 39 53 100 75 74 39 77 68 94 54 12 44 2 7 80 
0.0 1.0 1.0 1.0 1.0 1.0 1.0 1.0 1.0 1.0 1.0 1.0 1.0 1.0 1.0 1.0 1.0 1.0 1.0 1.0 1.0 1.0 1.0 1.0 1.0 1.0 1.0 1.0 1.0 1.0 1.0 1.0 1.0 1.0 1.0 1.0 1.0 1.0 1.0 1.0 1.0 1.0 1.0 1.0 1.0 1.0 1.0 1.0 1.0 1.0 1.0 1.0 1.0 1.0 1.0 1.0 1.0 1.0 1.0 1.0 1.0 1.0 1.0 1.0 1.0 1.0 1.0 1.0 1.0 1.0 1.0 1.0 1.0 1.0 1.0 1.0 1.0 1.0 1.0 1.0 1.0 1.0 1.0 1.0 1.0 1.0 1.0 1.0 1.0 1.0 1.0 1.0 1.0 1.0 1.0 1.0 1.0 1.0 1.0 1.0 1.0 1.0 1.0 1.0 1.0 1.0 1.0 1.0 1.0 1.0 1.0 1.0 1.0 1.0 1.0 1.0 1.0 1.0 1.0 1.0 1.0 1.0 1.0 1.0 1.0 1.0 1.0 1.0 
1.0 0.0 1.0 1.0 1.0 1.0 1.0 1.0 1.0 1.0 1.0 1.0 1.0 1.0 1.0 1.0 1.0 1.0 1.0 1.0 1.0 1.0 1.0 1.0 1.0 1.0 1.0 1.0 1.0 1.0 1.0 1.0 1.0 1.0 1.0 1.0 1.0 1.0 1.0 1.0 1.0 1.0 1.0 1.0 1.0 1.0 1.0 1.0 1.0 1.0 1.0 1.0 1.0 1.0 1.0 1.0 1.0 1.0 1.0 1.0 1.0 1.0 1.0 1.0 1.0 1.0 1.0 1.0 1.0 1.0 1.0 1.0 1.0 1.0 1.0 1.0 1.0 1.0 1.0 1.0 1.0 1.0 1.0 1.0 1.0 1.0 1.0 1.0 1.0 1.0 1.0 1.0 1.0 1.0 1.0 1.0 1.0 1.0 1.0 1.0 1.0 1.0 1.0 1.0 1.0 1.0 1.0 1.0 1.0 1.0 1.0 1.0 1.0 1.0 1.0 1.0 1.0 1.0 1.0 1.0 1.0 1.0 1.0 1.0 1.0 1.0 1.0 1.0 
1.0 1.0 0.0 1.0 1.0 1.0 1.0 1.0 1.0 1.0 1.0 1.0 1.0 1.0 1.0 1.0 1.0 1.0 1.0 1.0 1.0 1.0 1.0 1.0 1.0 1.0 1.0 1.0 1.0 1.0 1.0 1.0 1.0 1.0 1.0 1.0 1.0 1.0 1.0 1.0 1.0 1.0 1.0 1.0 1.0 1.0 1.0 1.0 1.0 1.0 1.0 1.0 1.0 1.0 1.0 1.0 1.0 1.0 1.0 1.0 1.0 1.0 1.0 1.0 1.0 1.0 1.0 1.0 1.0 1.0 1.0 1.0 1.0 1.0 1.0 1.0 1.0 1.0 1.0 1.0 1.0 1.0 1.0 1.0 1.0 1.0 1.0 1.0 1.0 1.0 1.0 1.0 1.0 1.0 1.0 1.0 1.0 1.0 1.0 1.0 1.0 1.0 1.0 1.0 1.0 1.0 1.0 1.0 1.0 1.0 1.0 1.0 1.0 1.0 1.0 1.0 1.0 1.0 1.0 1.0 1.0 1.0 1.0 1.0 1.0 1.0 1.0 1.0 
1.0 1.0 1.0 0.0 1.0 1.0 1.0 1.0 1.0 1.0 1.0 1.0 1.0 1.0 1.0 1.0 1.0 1.0 1.0 1.0 1.0 1.0 1.0 1.0 1.0 1.0 1.0 1.0 1.0 1.0 1.0 1.0 1.0 1.0 1.0 1.0 1.0 1.0 1.0 1.0 1.0 1.0 1.0 1.0 1.0 1.0 1.0 1.0 1.0 1.0 1.0 1.0 1.0 1.0 1.0 1.0 1.0 1.0 1.0 1.0 1.0 1.0 1.0 1.0 1.0 1.0 1.0 1.0 1.0 1.0 1.0 1.0 1.0 1.0 1.0 1.0 1.0 1.0 1.0 1.0 1.0 1.0 1.0 1.0 1.0 1.0 1.0 1.0 1.0 1.0 1.0 1.0 1.0 1.0 1.0 1.0 1.0 1.0 1.0 1.0 1.0 1.0 1.0 1.0 1.0 1.0 1.0 1.0 1.0 1.0 1.0 1.0 1.0 1.0 1.0 1.0 1.0 1.0 1.0 1.0 1.0 1.0 1.0 1.0 1.0 1.0 1.0 1.0 
1.0 1.0 1.0 1.0 0.0 1.0 1.0 1.0 1.0 1.0 1.0 1.0 1.0 1.0 1.0 1.0 1.0 1.0 1.0 1.0 1.0 1.0 1.0 1.0 1.0 1.0 1.0 1.0 1.0 1.0 1.0 1.0 1.0 1.0 1.0 1.0 1.0 1.0 1.0 1.0 1.0 1.0 1.0 1.0 1.0 1.0 1.0 1.0 1.0 1.0 1.0 1.0 1.0 1.0 1.0 1.0 1.0 1.0 1.0 1.0 1.0 1.0 1.0 1.0 1.0 1.0 1.0 1.0 1.0 1.0 1.0 1.0 1.0 1.0 1.0 1.0 1.0 1.0 1.0 1.0 1.0 1.0 1.0 1.0 1.0 1.0 1.0 1.0 1.0 1.0 1.0 1.0 1.0 1.0 1.0 1.0 1.0 1.0 1.0 1.0 1.0 1.0 1.0 1.0 1.0 1.0 1.0 1.0 1.0 1.0 1.0 1.0 1.0 1.0 1.0 1.0 1.0 1.0 1.0 1.0 1.0 1.0 1.0 1.0 1.0 1.0 1.0 1.0 
1.0 1.0 1.0 1.0 1.0 0.0 1.0 1.0 1.0 1.0 1.0 1.0 1.0 1.0 1.0 1.0 1.0 1.0 1.0 1.0 1.0 1.0 1.0 1.0 1.0 1.0 1.0 1.0 1.0 1.0 1.0 1.0 1.0 1.0 1.0 1.0 1.0 1.0 1.0 1.0 1.0 1.0 1.0 1.0 1.0 1.0 1.0 1.0 1.0 1.0 1.0 1.0 1.0 1.0 1.0 1.0 1.0 1.0 1.0 1.0 1.0 1.0 1.0 1.0 1.0 1.0 1.0 1.0 1.0 1.0 1.0 1.0 1.0 1.0 1.0 1.0 1.0 1.0 1.0 1.0 1.0 1.0 1.0 1.0 1.0 1.0 1.0 1.0 1.0 1.0 1.0 1.0 1.0 1.0 1.0 1.0 1.0 1.0 1.0 1.0 1.0 1.0 1.0 1.0 1.0 1.0 1.0 1.0 1.0 1.0 1.0 1.0 1.0 1.0 1.0 1.0 1.0 1.0 1.0 1.0 1.0 1.0 1.0 1.0 1.0 1.0 1.0 1.0 
1.0 1.0 1.0 1.0 1.0 1.0 0.0 1.0 1.0 1.0 1.0 1.0 1.0 1.0 1.0 1.0 1.0 1.0 1.0 1.0 1.0 1.0 1.0 1.0 1.0 1.0 1.0 1.0 1.0 1.0 1.0 1.0 1.0 1.0 1.0 1.0 1.0 1.0 1.0 1.0 1.0 1.0 1.0 1.0 1.0 1.0 1.0 1.0 1.0 1.0 1.0 1.0 1.0 1.0 1.0 1.0 1.0 1.0 1.0 1.0 1.0 1.0 1.0 1.0 1.0 1.0 1.0 1.0 1.0 1.0 1.0 1.0 1.0 1.0 1.0 1.0 1.0 1.0 1.0 1.0 1.0 1.0 1.0 1.0 1.0 1.0 1.0 1.0 1.0 1.0 1.0 1.0 1.0 1.0 1.0 1.0 1.0 1.0 1.0 1.0 1.0 1.0 1.0 1.0 1.0 1.0 1.0 1.0 1.0 1.0 1.0 1.0 1.0 1.0 1.0 1.0 1.0 1.0 1.0 1.0 1.0 1.0 1.0 1.0 1.0 1.0 1.0 1.0 
1.0 1.0 1.0 1.0 1.0 1.0 1.0 0.0 1.0 1.0 1.0 1.0 1.0 1.0 1.0 1.0 1.0 1.0 1.0 1.0 1.0 1.0 1.0 1.0 1.0 1.0 1.0 1.0 1.0 1.0 1.0 1.0 1.0 1.0 1.0 1.0 1.0 1.0 1.0 1.0 1.0 1.0 1.0 1.0 1.0 1.0 1.0 1.0 1.0 1.0 1.0 1.0 1.0 1.0 1.0 1.0 1.0 1.0 1.0 1.0 1.0 1.0 1.0 1.0 1.0 1.0 1.0 1.0 1.0 1.0 1.0 1.0 1.0 1.0 1.0 1.0 1.0 1.0 1.0 1.0 1.0 1.0 1.0 1.0 1.0 1.0 1.0 1.0 1.0 1.0 1.0 1.0 1.0 1.0 1.0 1.0 1.0 1.0 1.0 1.0 1.0 1.0 1.0 1.0 1.0 1.0 1.0 1.0 1.0 1.0 1.0 1.0 1.0 1.0 1.0 1.0 1.0 1.0 1.0 1.0 1.0 1.0 1.0 1.0 1.0 1.0 1.0 1.0 
1.0 1.0 1.0 1.0 1.0 1.0 1.0 1.0 0.0 1.0 1.0 1.0 1.0 1.0 1.0 1.0 1.0 1.0 1.0 1.0 1.0 1.0 1.0 1.0 1.0 1.0 1.0 1.0 1.0 1.0 1.0 1.0 1.0 1.0 1.0 1.0 1.0 1.0 1.0 1.0 1.0 1.0 1.0 1.0 1.0 1.0 1.0 1.0 1.0 1.0 1.0 1.0 1.0 1.0 1.0 1.0 1.0 1.0 1.0 1.0 1.0 1.0 1.0 1.0 1.0 1.0 1.0 1.0 1.0 1.0 1.0 1.0 1.0 1.0 1.0 1.0 1.0 1.0 1.0 1.0 1.0 1.0 1.0 1.0 1.0 1.0 1.0 1.0 1.0 1.0 1.0 1.0 1.0 1.0 1.0 1.0 1.0 1.0 1.0 1.0 1.0 1.0 1.0 1.0 1.0 1.0 1.0 1.0 1.0 1.0 1.0 1.0 1.0 1.0 1.0 1.0 1.0 1.0 1.0 1.0 1.0 1.0 1.0 1.0 1.0 1.0 1.0 1.0 
1.0 1.0 1.0 1.0 1.0 1.0 1.0 1.0 1.0 0.0 1.0 1.0 1.0 1.0 1.0 1.0 1.0 1.0 1.0 1.0 1.0 1.0 1.0 1.0 1.0 1.0 1.0 1.0 1.0 1.0 1.0 1.0 1.0 1.0 1.0 1.0 1.0 1.0 1.0 1.0 1.0 1.0 1.0 1.0 1.0 1.0 1.0 1.0 1.0 1.0 1.0 1.0 1.0 1.0 1.0 1.0 1.0 1.0 1.0 1.0 1.0 1.0 1.0 1.0 1.0 1.0 1.0 1.0 1.0 1.0 1.0 1.0 1.0 1.0 1.0 1.0 1.0 1.0 1.0 1.0 1.0 1.0 1.0 1.0 1.0 1.0 1.0 1.0 1.0 1.0 1.0 1.0 1.0 1.0 1.0 1.0 1.0 1.0 1.0 1.0 1.0 1.0 1.0 1.0 1.0 1.0 1.0 1.0 1.0 1.0 1.0 1.0 1.0 1.0 1.0 1.0 1.0 1.0 1.0 1.0 1.0 1.0 1.0 1.0 1.0 1.0 1.0 1.0 
1.0 1.0 1.0 1.0 1.0 1.0 1.0 1.0 1.0 1.0 0.0 1.0 1.0 1.0 1.0 1.0 1.0 1.0 1.0 1.0 1.0 1.0 1.0 1.0 1.0 1.0 1.0 1.0 1.0 1.0 1.0 1.0 1.0 1.0 1.0 1.0 1.0 1.0 1.0 1.0 1.0 1.0 1.0 1.0 1.0 1.0 1.0 1.0 1.0 1.0 1.0 1.0 1.0 1.0 1.0 1.0 1.0 1.0 1.0 1.0 1.0 1.0 1.0 1.0 1.0 1.0 1.0 1.0 1.0 1.0 1.0 1.0 1.0 1.0 1.0 1.0 1.0 1.0 1.0 1.0 1.0 1.0 1.0 1.0 1.0 1.0 1.0 1.0 1.0 1.0 1.0 1.0 1.0 1.0 1.0 1.0 1.0 1.0 1.0 1.0 1.0 1.0 1.0 1.0 1.0 1.0 1.0 1.0 1.0 1.0 1.0 1.0 1.0 1.0 1.0 1.0 1.0 1.0 1.0 1.0 1.0 1.0 1.0 1.0 1.0 1.0 1.0 1.0 
1.0 1.0 1.0 1.0 1.0 1.0 1.0 1.0 1.0 1.0 1.0 0.0 1.0 1.0 1.0 1.0 1.0 1.0 1.0 1.0 1.0 1.0 1.0 1.0 1.0 1.0 1.0 1.0 1.0 1.0 1.0 1.0 1.0 1.0 1.0 1.0 1.0 1.0 1.0 1.0 1.0 1.0 1.0 1.0 1.0 1.0 1.0 1.0 1.0 1.0 1.0 1.0 1.0 1.0 1.0 1.0 1.0 1.0 1.0 1.0 1.0 1.0 1.0 1.0 1.0 1.0 1.0 1.0 1.0 1.0 1.0 1.0 1.0 1.0 1.0 1.0 1.0 1.0 1.0 1.0 1.0 1.0 1.0 1.0 1.0 1.0 1.0 1.0 1.0 1.0 1.0 1.0 1.0 1.0 1.0 1.0 1.0 1.0 1.0 1.0 1.0 1.0 1.0 1.0 1.0 1.0 1.0 1.0 1.0 1.0 1.0 1.0 1.0 1.0 1.0 1.0 1.0 1.0 1.0 1.0 1.0 1.0 1.0 1.0 1.0 1.0 1.0 1.0 
1.0 1.0 1.0 1.0 1.0 1.0 1.0 1.0 1.0 1.0 1.0 1.0 0.0 1.0 1.0 1.0 1.0 1.0 1.0 1.0 1.0 1.0 1.0 1.0 1.0 1.0 1.0 1.0 1.0 1.0 1.0 1.0 1.0 1.0 1.0 1.0 1.0 1.0 1.0 1.0 1.0 1.0 1.0 1.0 1.0 1.0 1.0 1.0 1.0 1.0 1.0 1.0 1.0 1.0 1.0 1.0 1.0 1.0 1.0 1.0 1.0 1.0 1.0 1.0 1.0 1.0 1.0 1.0 1.0 1.0 1.0 1.0 1.0 1.0 1.0 1.0 1.0 1.0 1.0 1.0 1.0 1.0 1.0 1.0 1.0 1.0 1.0 1.0 1.0 1.0 1.0 1.0 1.0 1.0 1.0 1.0 1.0 1.0 1.0 1.0 1.0 1.0 1.0 1.0 1.0 1.0 1.0 1.0 1.0 1.0 1.0 1.0 1.0 1.0 1.0 1.0 1.0 1.0 1.0 1.0 1.0 1.0 1.0 1.0 1.0 1.0 1.0 1.0 
1.0 1.0 1.0 1.0 1.0 1.0 1.0 1.0 1.0 1.0 1.0 1.0 1.0 0.0 1.0 1.0 1.0 1.0 1.0 1.0 1.0 1.0 1.0 1.0 1.0 1.0 1.0 1.0 1.0 1.0 1.0 1.0 1.0 1.0 1.0 1.0 1.0 1.0 1.0 1.0 1.0 1.0 1.0 1.0 1.0 1.0 1.0 1.0 1.0 1.0 1.0 1.0 1.0 1.0 1.0 1.0 1.0 1.0 1.0 1.0 1.0 1.0 1.0 1.0 1.0 1.0 1.0 1.0 1.0 1.0 1.0 1.0 1.0 1.0 1.0 1.0 1.0 1.0 1.0 1.0 1.0 1.0 1.0 1.0 1.0 1.0 1.0 1.0 1.0 1.0 1.0 1.0 1.0 1.0 1.0 1.0 1.0 1.0 1.0 1.0 1.0 1.0 1.0 1.0 1.0 1.0 1.0 1.0 1.0 1.0 1.0 1.0 1.0 1.0 1.0 1.0 1.0 1.0 1.0 1.0 1.0 1.0 1.0 1.0 1.0 1.0 1.0 1.0 
1.0 1.0 1.0 1.0 1.0 1.0 1.0 1.0 1.0 1.0 1.0 1.0 1.0 1.0 0.0 1.0 1.0 1.0 1.0 1.0 1.0 1.0 1.0 1.0 1.0 1.0 1.0 1.0 1.0 1.0 1.0 1.0 1.0 1.0 1.0 1.0 1.0 1.0 1.0 1.0 1.0 1.0 1.0 1.0 1.0 1.0 1.0 1.0 1.0 1.0 1.0 1.0 1.0 1.0 1.0 1.0 1.0 1.0 1.0 1.0 1.0 1.0 1.0 1.0 1.0 1.0 1.0 1.0 1.0 1.0 1.0 1.0 1.0 1.0 1.0 1.0 1.0 1.0 1.0 1.0 1.0 1.0 1.0 1.0 1.0 1.0 1.0 1.0 1.0 1.0 1.0 1.0 1.0 1.0 1.0 1.0 1.0 1.0 1.0 1.0 1.0 1.0 1.0 1.0 1.0 1.0 1.0 1.0 1.0 1.0 1.0 1.0 1.0 1.0 1.0 1.0 1.0 1.0 1.0 1.0 1.0 1.0 1.0 1.0 1.0 1.0 1.0 1.0 
1.0 1.0 1.0 1.0 1.0 1.0 1.0 1.0 1.0 1.0 1.0 1.0 1.0 1.0 1.0 0.0 1.0 1.0 1.0 1.0 1.0 1.0 1.0 1.0 1.0 1.0 1.0 1.0 1.0 1.0 1.0 1.0 1.0 1.0 1.0 1.0 1.0 1.0 1.0 1.0 1.0 1.0 1.0 1.0 1.0 1.0 1.0 1.0 1.0 1.0 1.0 1.0 1.0 1.0 1.0 1.0 1.0 1.0 1.0 1.0 1.0 1.0 1.0 1.0 1.0 1.0 1.0 1.0 1.0 1.0 1.0 1.0 1.0 1.0 1.0 1.0 1.0 1.0 1.0 1.0 1.0 1.0 1.0 1.0 1.0 1.0 1.0 1.0 1.0 1.0 1.0 1.0 1.0 1.0 1.0 1.0 1.0 1.0 1.0 1.0 1.0 1.0 1.0 1.0 1.0 1.0 1.0 1.0 1.0 1.0 1.0 1.0 1.0 1.0 1.0 1.0 1.0 1.0 1.0 1.0 1.0 1.0 1.0 1.0 1.0 1.0 1.0 1.0 
1.0 1.0 1.0 1.0 1.0 1.0 1.0 1.0 1.0 1.0 1.0 1.0 1.0 1.0 1.0 1.0 0.0 1.0 1.0 1.0 1.0 1.0 1.0 1.0 1.0 1.0 1.0 1.0 1.0 1.0 1.0 1.0 1.0 1.0 1.0 1.0 1.0 1.0 1.0 1.0 1.0 1.0 1.0 1.0 1.0 1.0 1.0 1.0 1.0 1.0 1.0 1.0 1.0 1.0 1.0 1.0 1.0 1.0 1.0 1.0 1.0 1.0 1.0 1.0 1.0 1.0 1.0 1.0 1.0 1.0 1.0 1.0 1.0 1.0 1.0 1.0 1.0 1.0 1.0 1.0 1.0 1.0 1.0 1.0 1.0 1.0 1.0 1.0 1.0 1.0 1.0 1.0 1.0 1.0 1.0 1.0 1.0 1.0 1.0 1.0 1.0 1.0 1.0 1.0 1.0 1.0 1.0 1.0 1.0 1.0 1.0 1.0 1.0 1.0 1.0 1.0 1.0 1.0 1.0 1.0 1.0 1.0 1.0 1.0 1.0 1.0 1.0 1.0 
1.0 1.0 1.0 1.0 1.0 1.0 1.0 1.0 1.0 1.0 1.0 1.0 1.0 1.0 1.0 1.0 1.0 0.0 1.0 1.0 1.0 1.0 1.0 1.0 1.0 1.0 1.0 1.0 1.0 1.0 1.0 1.0 1.0 1.0 1.0 1.0 1.0 1.0 1.0 1.0 1.0 1.0 1.0 1.0 1.0 1.0 1.0 1.0 1.0 1.0 1.0 1.0 1.0 1.0 1.0 1.0 1.0 1.0 1.0 1.0 1.0 1.0 1.0 1.0 1.0 1.0 1.0 1.0 1.0 1.0 1.0 1.0 1.0 1.0 1.0 1.0 1.0 1.0 1.0 1.0 1.0 1.0 1.0 1.0 1.0 1.0 1.0 1.0 1.0 1.0 1.0 1.0 1.0 1.0 1.0 1.0 1.0 1.0 1.0 1.0 1.0 1.0 1.0 1.0 1.0 1.0 1.0 1.0 1.0 1.0 1.0 1.0 1.0 1.0 1.0 1.0 1.0 1.0 1.0 1.0 1.0 1.0 1.0 1.0 1.0 1.0 1.0 1.0 
1.0 1.0 1.0 1.0 1.0 1.0 1.0 1.0 1.0 1.0 1.0 1.0 1.0 1.0 1.0 1.0 1.0 1.0 0.0 1.0 1.0 1.0 1.0 1.0 1.0 1.0 1.0 1.0 1.0 1.0 1.0 1.0 1.0 1.0 1.0 1.0 1.0 1.0 1.0 1.0 1.0 1.0 1.0 1.0 1.0 1.0 1.0 1.0 1.0 1.0 1.0 1.0 1.0 1.0 1.0 1.0 1.0 1.0 1.0 1.0 1.0 1.0 1.0 1.0 1.0 1.0 1.0 1.0 1.0 1.0 1.0 1.0 1.0 1.0 1.0 1.0 1.0 1.0 1.0 1.0 1.0 1.0 1.0 1.0 1.0 1.0 1.0 1.0 1.0 1.0 1.0 1.0 1.0 1.0 1.0 1.0 1.0 1.0 1.0 1.0 1.0 1.0 1.0 1.0 1.0 1.0 1.0 1.0 1.0 1.0 1.0 1.0 1.0 1.0 1.0 1.0 1.0 1.0 1.0 1.0 1.0 1.0 1.0 1.0 1.0 1.0 1.0 1.0 
1.0 1.0 1.0 1.0 1.0 1.0 1.0 1.0 1.0 1.0 1.0 1.0 1.0 1.0 1.0 1.0 1.0 1.0 1.0 0.0 1.0 1.0 1.0 1.0 1.0 1.0 1.0 1.0 1.0 1.0 1.0 1.0 1.0 1.0 1.0 1.0 1.0 1.0 1.0 1.0 1.0 1.0 1.0 1.0 1.0 1.0 1.0 1.0 1.0 1.0 1.0 1.0 1.0 1.0 1.0 1.0 1.0 1.0 1.0 1.0 1.0 1.0 1.0 1.0 1.0 1.0 1.0 1.0 1.0 1.0 1.0 1.0 1.0 1.0 1.0 1.0 1.0 1.0 1.0 1.0 1.0 1.0 1.0 1.0 1.0 1.0 1.0 1.0 1.0 1.0 1.0 1.0 1.0 1.0 1.0 1.0 1.0 1.0 1.0 1.0 1.0 1.0 1.0 1.0 1.0 1.0 1.0 1.0 1.0 1.0 1.0 1.0 1.0 1.0 1.0 1.0 1.0 1.0 1.0 1.0 1.0 1.0 1.0 1.0 1.0 1.0 1.0 1.0 
1.0 1.0 1.0 1.0 1.0 1.0 1.0 1.0 1.0 1.0 1.0 1.0 1.0 1.0 1.0 1.0 1.0 1.0 1.0 1.0 0.0 1.0 1.0 1.0 1.0 1.0 1.0 1.0 1.0 1.0 1.0 1.0 1.0 1.0 1.0 1.0 1.0 1.0 1.0 1.0 1.0 1.0 1.0 1.0 1.0 1.0 1.0 1.0 1.0 1.0 1.0 1.0 1.0 1.0 1.0 1.0 1.0 1.0 1.0 1.0 1.0 1.0 1.0 1.0 1.0 1.0 1.0 1.0 1.0 1.0 1.0 1.0 1.0 1.0 1.0 1.0 1.0 1.0 1.0 1.0 1.0 1.0 1.0 1.0 1.0 1.0 1.0 1.0 1.0 1.0 1.0 1.0 1.0 1.0 1.0 1.0 1.0 1.0 1.0 1.0 1.0 1.0 1.0 1.0 1.0 1.0 1.0 1.0 1.0 1.0 1.0 1.0 1.0 1.0 1.0 1.0 1.0 1.0 1.0 1.0 1.0 1.0 1.0 1.0 1.0 1.0 1.0 1.0 
1.0 1.0 1.0 1.0 1.0 1.0 1.0 1.0 1.0 1.0 1.0 1.0 1.0 1.0 1.0 1.0 1.0 1.0 1.0 1.0 1.0 0.0 1.0 1.0 1.0 1.0 1.0 1.0 1.0 1.0 1.0 1.0 1.0 1.0 1.0 1.0 1.0 1.0 1.0 1.0 1.0 1.0 1.0 1.0 1.0 1.0 1.0 1.0 1.0 1.0 1.0 1.0 1.0 1.0 1.0 1.0 1.0 1.0 1.0 1.0 1.0 1.0 1.0 1.0 1.0 1.0 1.0 1.0 1.0 1.0 1.0 1.0 1.0 1.0 1.0 1.0 1.0 1.0 1.0 1.0 1.0 1.0 1.0 1.0 1.0 1.0 1.0 1.0 1.0 1.0 1.0 1.0 1.0 1.0 1.0 1.0 1.0 1.0 1.0 1.0 1.0 1.0 1.0 1.0 1.0 1.0 1.0 1.0 1.0 1.0 1.0 1.0 1.0 1.0 1.0 1.0 1.0 1.0 1.0 1.0 1.0 1.0 1.0 1.0 1.0 1.0 1.0 1.0 
1.0 1.0 1.0 1.0 1.0 1.0 1.0 1.0 1.0 1.0 1.0 1.0 1.0 1.0 1.0 1.0 1.0 1.0 1.0 1.0 1.0 1.0 0.0 1.0 1.0 1.0 1.0 1.0 1.0 1.0 1.0 1.0 1.0 1.0 1.0 1.0 1.0 1.0 1.0 1.0 1.0 1.0 1.0 1.0 1.0 1.0 1.0 1.0 1.0 1.0 1.0 1.0 1.0 1.0 1.0 1.0 1.0 1.0 1.0 1.0 1.0 1.0 1.0 1.0 1.0 1.0 1.0 1.0 1.0 1.0 1.0 1.0 1.0 1.0 1.0 1.0 1.0 1.0 1.0 1.0 1.0 1.0 1.0 1.0 1.0 1.0 1.0 1.0 1.0 1.0 1.0 1.0 1.0 1.0 1.0 1.0 1.0 1.0 1.0 1.0 1.0 1.0 1.0 1.0 1.0 1.0 1.0 1.0 1.0 1.0 1.0 1.0 1.0 1.0 1.0 1.0 1.0 1.0 1.0 1.0 1.0 1.0 1.0 1.0 1.0 1.0 1.0 1.0 
1.0 1.0 1.0 1.0 1.0 1.0 1.0 1.0 1.0 1.0 1.0 1.0 1.0 1.0 1.0 1.0 1.0 1.0 1.0 1.0 1.0 1.0 1.0 0.0 1.0 1.0 1.0 1.0 1.0 1.0 1.0 1.0 1.0 1.0 1.0 1.0 1.0 1.0 1.0 1.0 1.0 1.0 1.0 1.0 1.0 1.0 1.0 1.0 1.0 1.0 1.0 1.0 1.0 1.0 1.0 1.0 1.0 1.0 1.0 1.0 1.0 1.0 1.0 1.0 1.0 1.0 1.0 1.0 1.0 1.0 1.0 1.0 1.0 1.0 1.0 1.0 1.0 1.0 1.0 1.0 1.0 1.0 1.0 1.0 1.0 1.0 1.0 1.0 1.0 1.0 1.0 1.0 1.0 1.0 1.0 1.0 1.0 1.0 1.0 1.0 1.0 1.0 1.0 1.0 1.0 1.0 1.0 1.0 1.0 1.0 1.0 1.0 1.0 1.0 1.0 1.0 1.0 1.0 1.0 1.0 1.0 1.0 1.0 1.0 1.0 1.0 1.0 1.0 
1.0 1.0 1.0 1.0 1.0 1.0 1.0 1.0 1.0 1.0 1.0 1.0 1.0 1.0 1.0 1.0 1.0 1.0 1.0 1.0 1.0 1.0 1.0 1.0 0.0 1.0 1.0 1.0 1.0 1.0 1.0 1.0 1.0 1.0 1.0 1.0 1.0 1.0 1.0 1.0 1.0 1.0 1.0 1.0 1.0 1.0 1.0 1.0 1.0 1.0 1.0 1.0 1.0 1.0 1.0 1.0 1.0 1.0 1.0 1.0 1.0 1.0 1.0 1.0 1.0 1.0 1.0 1.0 1.0 1.0 1.0 1.0 1.0 1.0 1.0 1.0 1.0 1.0 1.0 1.0 1.0 1.0 1.0 1.0 1.0 1.0 1.0 1.0 1.0 1.0 1.0 1.0 1.0 1.0 1.0 1.0 1.0 1.0 1.0 1.0 1.0 1.0 1.0 1.0 1.0 1.0 1.0 1.0 1.0 1.0 1.0 1.0 1.0 1.0 1.0 1.0 1.0 1.0 1.0 1.0 1.0 1.0 1.0 1.0 1.0 1.0 1.0 1.0 
1.0 1.0 1.0 1.0 1.0 1.0 1.0 1.0 1.0 1.0 1.0 1.0 1.0 1.0 1.0 1.0 1.0 1.0 1.0 1.0 1.0 1.0 1.0 1.0 1.0 0.0 1.0 1.0 1.0 1.0 1.0 1.0 1.0 1.0 1.0 1.0 1.0 1.0 1.0 1.0 1.0 1.0 1.0 1.0 1.0 1.0 1.0 1.0 1.0 1.0 1.0 1.0 1.0 1.0 1.0 1.0 1.0 1.0 1.0 1.0 1.0 1.0 1.0 1.0 1.0 1.0 1.0 1.0 1.0 1.0 1.0 1.0 1.0 1.0 1.0 1.0 1.0 1.0 1.0 1.0 1.0 1.0 1.0 1.0 1.0 1.0 1.0 1.0 1.0 1.0 1.0 1.0 1.0 1.0 1.0 1.0 1.0 1.0 1.0 1.0 1.0 1.0 1.0 1.0 1.0 1.0 1.0 1.0 1.0 1.0 1.0 1.0 1.0 1.0 1.0 1.0 1.0 1.0 1.0 1.0 1.0 1.0 1.0 1.0 1.0 1.0 1.0 1.0 
1.0 1.0 1.0 1.0 1.0 1.0 1.0 1.0 1.0 1.0 1.0 1.0 1.0 1.0 1.0 1.0 1.0 1.0 1.0 1.0 1.0 1.0 1.0 1.0 1.0 1.0 0.0 1.0 1.0 1.0 1.0 1.0 1.0 1.0 1.0 1.0 1.0 1.0 1.0 1.0 1.0 1.0 1.0 1.0 1.0 1.0 1.0 1.0 1.0 1.0 1.0 1.0 1.0 1.0 1.0 1.0 1.0 1.0 1.0 1.0 1.0 1.0 1.0 1.0 1.0 1.0 1.0 1.0 1.0 1.0 1.0 1.0 1.0 1.0 1.0 1.0 1.0 1.0 1.0 1.0 1.0 1.0 1.0 1.0 1.0 1.0 1.0 1.0 1.0 1.0 1.0 1.0 1.0 1.0 1.0 1.0 1.0 1.0 1.0 1.0 1.0 1.0 1.0 1.0 1.0 1.0 1.0 1.0 1.0 1.0 1.0 1.0 1.0 1.0 1.0 1.0 1.0 1.0 1.0 1.0 1.0 1.0 1.0 1.0 1.0 1.0 1.0 1.0 
1.0 1.0 1.0 1.0 1.0 1.0 1.0 1.0 1.0 1.0 1.0 1.0 1.0 1.0 1.0 1.0 1.0 1.0 1.0 1.0 1.0 1.0 1.0 1.0 1.0 1.0 1.0 0.0 1.0 1.0 1.0 1.0 1.0 1.0 1.0 1.0 1.0 1.0 1.0 1.0 1.0 1.0 1.0 1.0 1.0 1.0 1.0 1.0 1.0 1.0 1.0 1.0 1.0 1.0 1.0 1.0 1.0 1.0 1.0 1.0 1.0 1.0 1.0 1.0 1.0 1.0 1.0 1.0 1.0 1.0 1.0 1.0 1.0 1.0 1.0 1.0 1.0 1.0 1.0 1.0 1.0 1.0 1.0 1.0 1.0 1.0 1.0 1.0 1.0 1.0 1.0 1.0 1.0 1.0 1.0 1.0 1.0 1.0 1.0 1.0 1.0 1.0 1.0 1.0 1.0 1.0 1.0 1.0 1.0 1.0 1.0 1.0 1.0 1.0 1.0 1.0 1.0 1.0 1.0 1.0 1.0 1.0 1.0 1.0 1.0 1.0 1.0 1.0 
1.0 1.0 1.0 1.0 1.0 1.0 1.0 1.0 1.0 1.0 1.0 1.0 1.0 1.0 1.0 1.0 1.0 1.0 1.0 1.0 1.0 1.0 1.0 1.0 1.0 1.0 1.0 1.0 0.0 1.0 1.0 1.0 1.0 1.0 1.0 1.0 1.0 1.0 1.0 1.0 1.0 1.0 1.0 1.0 1.0 1.0 1.0 1.0 1.0 1.0 1.0 1.0 1.0 1.0 1.0 1.0 1.0 1.0 1.0 1.0 1.0 1.0 1.0 1.0 1.0 1.0 1.0 1.0 1.0 1.0 1.0 1.0 1.0 1.0 1.0 1.0 1.0 1.0 1.0 1.0 1.0 1.0 1.0 1.0 1.0 1.0 1.0 1.0 1.0 1.0 1.0 1.0 1.0 1.0 1.0 1.0 1.0 1.0 1.0 1.0 1.0 1.0 1.0 1.0 1.0 1.0 1.0 1.0 1.0 1.0 1.0 1.0 1.0 1.0 1.0 1.0 1.0 1.0 1.0 1.0 1.0 1.0 1.0 1.0 1.0 1.0 1.0 1.0 
1.0 1.0 1.0 1.0 1.0 1.0 1.0 1.0 1.0 1.0 1.0 1.0 1.0 1.0 1.0 1.0 1.0 1.0 1.0 1.0 1.0 1.0 1.0 1.0 1.0 1.0 1.0 1.0 1.0 0.0 1.0 1.0 1.0 1.0 1.0 1.0 1.0 1.0 1.0 1.0 1.0 1.0 1.0 1.0 1.0 1.0 1.0 1.0 1.0 1.0 1.0 1.0 1.0 1.0 1.0 1.0 1.0 1.0 1.0 1.0 1.0 1.0 1.0 1.0 1.0 1.0 1.0 1.0 1.0 1.0 1.0 1.0 1.0 1.0 1.0 1.0 1.0 1.0 1.0 1.0 1.0 1.0 1.0 1.0 1.0 1.0 1.0 1.0 1.0 1.0 1.0 1.0 1.0 1.0 1.0 1.0 1.0 1.0 1.0 1.0 1.0 1.0 1.0 1.0 1.0 1.0 1.0 1.0 1.0 1.0 1.0 1.0 1.0 1.0 1.0 1.0 1.0 1.0 1.0 1.0 1.0 1.0 1.0 1.0 1.0 1.0 1.0 1.0 
1.0 1.0 1.0 1.0 1.0 1.0 1.0 1.0 1.0 1.0 1.0 1.0 1.0 1.0 1.0 1.0 1.0 1.0 1.0 1.0 1.0 1.0 1.0 1.0 1.0 1.0 1.0 1.0 1.0 1.0 0.0 1.0 1.0 1.0 1.0 1.0 1.0 1.0 1.0 1.0 1.0 1.0 1.0 1.0 1.0 1.0 1.0 1.0 1.0 1.0 1.0 1.0 1.0 1.0 1.0 1.0 1.0 1.0 1.0 1.0 1.0 1.0 1.0 1.0 1.0 1.0 1.0 1.0 1.0 1.0 1.0 1.0 1.0 1.0 1.0 1.0 1.0 1.0 1.0 1.0 1.0 1.0 1.0 1.0 1.0 1.0 1.0 1.0 1.0 1.0 1.0 1.0 1.0 1.0 1.0 1.0 1.0 1.0 1.0 1.0 1.0 1.0 1.0 1.0 1.0 1.0 1.0 1.0 1.0 1.0 1.0 1.0 1.0 1.0 1.0 1.0 1.0 1.0 1.0 1.0 1.0 1.0 1.0 1.0 1.0 1.0 1.0 1.0 
1.0 1.0 1.0 1.0 1.0 1.0 1.0 1.0 1.0 1.0 1.0 1.0 1.0 1.0 1.0 1.0 1.0 1.0 1.0 1.0 1.0 1.0 1.0 1.0 1.0 1.0 1.0 1.0 1.0 1.0 1.0 0.0 1.0 1.0 1.0 1.0 1.0 1.0 1.0 1.0 1.0 1.0 1.0 1.0 1.0 1.0 1.0 1.0 1.0 1.0 1.0 1.0 1.0 1.0 1.0 1.0 1.0 1.0 1.0 1.0 1.0 1.0 1.0 1.0 1.0 1.0 1.0 1.0 1.0 1.0 1.0 1.0 1.0 1.0 1.0 1.0 1.0 1.0 1.0 1.0 1.0 1.0 1.0 1.0 1.0 1.0 1.0 1.0 1.0 1.0 1.0 1.0 1.0 1.0 1.0 1.0 1.0 1.0 1.0 1.0 1.0 1.0 1.0 1.0 1.0 1.0 1.0 1.0 1.0 1.0 1.0 1.0 1.0 1.0 1.0 1.0 1.0 1.0 1.0 1.0 1.0 1.0 1.0 1.0 1.0 1.0 1.0 1.0 
1.0 1.0 1.0 1.0 1.0 1.0 1.0 1.0 1.0 1.0 1.0 1.0 1.0 1.0 1.0 1.0 1.0 1.0 1.0 1.0 1.0 1.0 1.0 1.0 1.0 1.0 1.0 1.0 1.0 1.0 1.0 1.0 0.0 1.0 1.0 1.0 1.0 1.0 1.0 1.0 1.0 1.0 1.0 1.0 1.0 1.0 1.0 1.0 1.0 1.0 1.0 1.0 1.0 1.0 1.0 1.0 1.0 1.0 1.0 1.0 1.0 1.0 1.0 1.0 1.0 1.0 1.0 1.0 1.0 1.0 1.0 1.0 1.0 1.0 1.0 1.0 1.0 1.0 1.0 1.0 1.0 1.0 1.0 1.0 1.0 1.0 1.0 1.0 1.0 1.0 1.0 1.0 1.0 1.0 1.0 1.0 1.0 1.0 1.0 1.0 1.0 1.0 1.0 1.0 1.0 1.0 1.0 1.0 1.0 1.0 1.0 1.0 1.0 1.0 1.0 1.0 1.0 1.0 1.0 1.0 1.0 1.0 1.0 1.0 1.0 1.0 1.0 1.0 
1.0 1.0 1.0 1.0 1.0 1.0 1.0 1.0 1.0 1.0 1.0 1.0 1.0 1.0 1.0 1.0 1.0 1.0 1.0 1.0 1.0 1.0 1.0 1.0 1.0 1.0 1.0 1.0 1.0 1.0 1.0 1.0 1.0 0.0 1.0 1.0 1.0 1.0 1.0 1.0 1.0 1.0 1.0 1.0 1.0 1.0 1.0 1.0 1.0 1.0 1.0 1.0 1.0 1.0 1.0 1.0 1.0 1.0 1.0 1.0 1.0 1.0 1.0 1.0 1.0 1.0 1.0 1.0 1.0 1.0 1.0 1.0 1.0 1.0 1.0 1.0 1.0 1.0 1.0 1.0 1.0 1.0 1.0 1.0 1.0 1.0 1.0 1.0 1.0 1.0 1.0 1.0 1.0 1.0 1.0 1.0 1.0 1.0 1.0 1.0 1.0 1.0 1.0 1.0 1.0 1.0 1.0 1.0 1.0 1.0 1.0 1.0 1.0 1.0 1.0 1.0 1.0 1.0 1.0 1.0 1.0 1.0 1.0 1.0 1.0 1.0 1.0 1.0 
1.0 1.0 1.0 1.0 1.0 1.0 1.0 1.0 1.0 1.0 1.0 1.0 1.0 1.0 1.0 1.0 1.0 1.0 1.0 1.0 1.0 1.0 1.0 1.0 1.0 1.0 1.0 1.0 1.0 1.0 1.0 1.0 1.0 1.0 0.0 1.0 1.0 1.0 1.0 1.0 1.0 1.0 1.0 1.0 1.0 1.0 1.0 1.0 1.0 1.0 1.0 1.0 1.0 1.0 1.0 1.0 1.0 1.0 1.0 1.0 1.0 1.0 1.0 1.0 1.0 1.0 1.0 1.0 1.0 1.0 1.0 1.0 1.0 1.0 1.0 1.0 1.0 1.0 1.0 1.0 1.0 1.0 1.0 1.0 1.0 1.0 1.0 1.0 1.0 1.0 1.0 1.0 1.0 1.0 1.0 1.0 1.0 1.0 1.0 1.0 1.0 1.0 1.0 1.0 1.0 1.0 1.0 1.0 1.0 1.0 1.0 1.0 1.0 1.0 1.0 1.0 1.0 1.0 1.0 1.0 1.0 1.0 1.0 1.0 1.0 1.0 1.0 1.0 
1.0 1.0 1.0 1.0 1.0 1.0 1.0 1.0 1.0 1.0 1.0 1.0 1.0 1.0 1.0 1.0 1.0 1.0 1.0 1.0 1.0 1.0 1.0 1.0 1.0 1.0 1.0 1.0 1.0 1.0 1.0 1.0 1.0 1.0 1.0 0.0 1.0 1.0 1.0 1.0 1.0 1.0 1.0 1.0 1.0 1.0 1.0 1.0 1.0 1.0 1.0 1.0 1.0 1.0 1.0 1.0 1.0 1.0 1.0 1.0 1.0 1.0 1.0 1.0 1.0 1.0 1.0 1.0 1.0 1.0 1.0 1.0 1.0 1.0 1.0 1.0 1.0 1.0 1.0 1.0 1.0 1.0 1.0 1.0 1.0 1.0 1.0 1.0 1.0 1.0 1.0 1.0 1.0 1.0 1.0 1.0 1.0 1.0 1.0 1.0 1.0 1.0 1.0 1.0 1.0 1.0 1.0 1.0 1.0 1.0 1.0 1.0 1.0 1.0 1.0 1.0 1.0 1.0 1.0 1.0 1.0 1.0 1.0 1.0 1.0 1.0 1.0 1.0 
1.0 1.0 1.0 1.0 1.0 1.0 1.0 1.0 1.0 1.0 1.0 1.0 1.0 1.0 1.0 1.0 1.0 1.0 1.0 1.0 1.0 1.0 1.0 1.0 1.0 1.0 1.0 1.0 1.0 1.0 1.0 1.0 1.0 1.0 1.0 1.0 0.0 1.0 1.0 1.0 1.0 1.0 1.0 1.0 1.0 1.0 1.0 1.0 1.0 1.0 1.0 1.0 1.0 1.0 1.0 1.0 1.0 1.0 1.0 1.0 1.0 1.0 1.0 1.0 1.0 1.0 1.0 1.0 1.0 1.0 1.0 1.0 1.0 1.0 1.0 1.0 1.0 1.0 1.0 1.0 1.0 1.0 1.0 1.0 1.0 1.0 1.0 1.0 1.0 1.0 1.0 1.0 1.0 1.0 1.0 1.0 1.0 1.0 1.0 1.0 1.0 1.0 1.0 1.0 1.0 1.0 1.0 1.0 1.0 1.0 1.0 1.0 1.0 1.0 1.0 1.0 1.0 1.0 1.0 1.0 1.0 1.0 1.0 1.0 1.0 1.0 1.0 1.0 
1.0 1.0 1.0 1.0 1.0 1.0 1.0 1.0 1.0 1.0 1.0 1.0 1.0 1.0 1.0 1.0 1.0 1.0 1.0 1.0 1.0 1.0 1.0 1.0 1.0 1.0 1.0 1.0 1.0 1.0 1.0 1.0 1.0 1.0 1.0 1.0 1.0 0.0 1.0 1.0 1.0 1.0 1.0 1.0 1.0 1.0 1.0 1.0 1.0 1.0 1.0 1.0 1.0 1.0 1.0 1.0 1.0 1.0 1.0 1.0 1.0 1.0 1.0 1.0 1.0 1.0 1.0 1.0 1.0 1.0 1.0 1.0 1.0 1.0 1.0 1.0 1.0 1.0 1.0 1.0 1.0 1.0 1.0 1.0 1.0 1.0 1.0 1.0 1.0 1.0 1.0 1.0 1.0 1.0 1.0 1.0 1.0 1.0 1.0 1.0 1.0 1.0 1.0 1.0 1.0 1.0 1.0 1.0 1.0 1.0 1.0 1.0 1.0 1.0 1.0 1.0 1.0 1.0 1.0 1.0 1.0 1.0 1.0 1.0 1.0 1.0 1.0 1.0 
1.0 1.0 1.0 1.0 1.0 1.0 1.0 1.0 1.0 1.0 1.0 1.0 1.0 1.0 1.0 1.0 1.0 1.0 1.0 1.0 1.0 1.0 1.0 1.0 1.0 1.0 1.0 1.0 1.0 1.0 1.0 1.0 1.0 1.0 1.0 1.0 1.0 1.0 0.0 1.0 1.0 1.0 1.0 1.0 1.0 1.0 1.0 1.0 1.0 1.0 1.0 1.0 1.0 1.0 1.0 1.0 1.0 1.0 1.0 1.0 1.0 1.0 1.0 1.0 1.0 1.0 1.0 1.0 1.0 1.0 1.0 1.0 1.0 1.0 1.0 1.0 1.0 1.0 1.0 1.0 1.0 1.0 1.0 1.0 1.0 1.0 1.0 1.0 1.0 1.0 1.0 1.0 1.0 1.0 1.0 1.0 1.0 1.0 1.0 1.0 1.0 1.0 1.0 1.0 1.0 1.0 1.0 1.0 1.0 1.0 1.0 1.0 1.0 1.0 1.0 1.0 1.0 1.0 1.0 1.0 1.0 1.0 1.0 1.0 1.0 1.0 1.0 1.0 
1.0 1.0 1.0 1.0 1.0 1.0 1.0 1.0 1.0 1.0 1.0 1.0 1.0 1.0 1.0 1.0 1.0 1.0 1.0 1.0 1.0 1.0 1.0 1.0 1.0 1.0 1.0 1.0 1.0 1.0 1.0 1.0 1.0 1.0 1.0 1.0 1.0 1.0 1.0 0.0 1.0 1.0 1.0 1.0 1.0 1.0 1.0 1.0 1.0 1.0 1.0 1.0 1.0 1.0 1.0 1.0 1.0 1.0 1.0 1.0 1.0 1.0 1.0 1.0 1.0 1.0 1.0 1.0 1.0 1.0 1.0 1.0 1.0 1.0 1.0 1.0 1.0 1.0 1.0 1.0 1.0 1.0 1.0 1.0 1.0 1.0 1.0 1.0 1.0 1.0 1.0 1.0 1.0 1.0 1.0 1.0 1.0 1.0 1.0 1.0 1.0 1.0 1.0 1.0 1.0 1.0 1.0 1.0 1.0 1.0 1.0 1.0 1.0 1.0 1.0 1.0 1.0 1.0 1.0 1.0 1.0 1.0 1.0 1.0 1.0 1.0 1.0 1.0 
1.0 1.0 1.0 1.0 1.0 1.0 1.0 1.0 1.0 1.0 1.0 1.0 1.0 1.0 1.0 1.0 1.0 1.0 1.0 1.0 1.0 1.0 1.0 1.0 1.0 1.0 1.0 1.0 1.0 1.0 1.0 1.0 1.0 1.0 1.0 1.0 1.0 1.0 1.0 1.0 0.0 1.0 1.0 1.0 1.0 1.0 1.0 1.0 1.0 1.0 1.0 1.0 1.0 1.0 1.0 1.0 1.0 1.0 1.0 1.0 1.0 1.0 1.0 1.0 1.0 1.0 1.0 1.0 1.0 1.0 1.0 1.0 1.0 1.0 1.0 1.0 1.0 1.0 1.0 1.0 1.0 1.0 1.0 1.0 1.0 1.0 1.0 1.0 1.0 1.0 1.0 1.0 1.0 1.0 1.0 1.0 1.0 1.0 1.0 1.0 1.0 1.0 1.0 1.0 1.0 1.0 1.0 1.0 1.0 1.0 1.0 1.0 1.0 1.0 1.0 1.0 1.0 1.0 1.0 1.0 1.0 1.0 1.0 1.0 1.0 1.0 1.0 1.0 
1.0 1.0 1.0 1.0 1.0 1.0 1.0 1.0 1.0 1.0 1.0 1.0 1.0 1.0 1.0 1.0 1.0 1.0 1.0 1.0 1.0 1.0 1.0 1.0 1.0 1.0 1.0 1.0 1.0 1.0 1.0 1.0 1.0 1.0 1.0 1.0 1.0 1.0 1.0 1.0 1.0 0.0 1.0 1.0 1.0 1.0 1.0 1.0 1.0 1.0 1.0 1.0 1.0 1.0 1.0 1.0 1.0 1.0 1.0 1.0 1.0 1.0 1.0 1.0 1.0 1.0 1.0 1.0 1.0 1.0 1.0 1.0 1.0 1.0 1.0 1.0 1.0 1.0 1.0 1.0 1.0 1.0 1.0 1.0 1.0 1.0 1.0 1.0 1.0 1.0 1.0 1.0 1.0 1.0 1.0 1.0 1.0 1.0 1.0 1.0 1.0 1.0 1.0 1.0 1.0 1.0 1.0 1.0 1.0 1.0 1.0 1.0 1.0 1.0 1.0 1.0 1.0 1.0 1.0 1.0 1.0 1.0 1.0 1.0 1.0 1.0 1.0 1.0 
1.0 1.0 1.0 1.0 1.0 1.0 1.0 1.0 1.0 1.0 1.0 1.0 1.0 1.0 1.0 1.0 1.0 1.0 1.0 1.0 1.0 1.0 1.0 1.0 1.0 1.0 1.0 1.0 1.0 1.0 1.0 1.0 1.0 1.0 1.0 1.0 1.0 1.0 1.0 1.0 1.0 1.0 0.0 1.0 1.0 1.0 1.0 1.0 1.0 1.0 1.0 1.0 1.0 1.0 1.0 1.0 1.0 1.0 1.0 1.0 1.0 1.0 1.0 1.0 1.0 1.0 1.0 1.0 1.0 1.0 1.0 1.0 1.0 1.0 1.0 1.0 1.0 1.0 1.0 1.0 1.0 1.0 1.0 1.0 1.0 1.0 1.0 1.0 1.0 1.0 1.0 1.0 1.0 1.0 1.0 1.0 1.0 1.0 1.0 1.0 1.0 1.0 1.0 1.0 1.0 1.0 1.0 1.0 1.0 1.0 1.0 1.0 1.0 1.0 1.0 1.0 1.0 1.0 1.0 1.0 1.0 1.0 1.0 1.0 1.0 1.0 1.0 1.0 
1.0 1.0 1.0 1.0 1.0 1.0 1.0 1.0 1.0 1.0 1.0 1.0 1.0 1.0 1.0 1.0 1.0 1.0 1.0 1.0 1.0 1.0 1.0 1.0 1.0 1.0 1.0 1.0 1.0 1.0 1.0 1.0 1.0 1.0 1.0 1.0 1.0 1.0 1.0 1.0 1.0 1.0 1.0 0.0 1.0 1.0 1.0 1.0 1.0 1.0 1.0 1.0 1.0 1.0 1.0 1.0 1.0 1.0 1.0 1.0 1.0 1.0 1.0 1.0 1.0 1.0 1.0 1.0 1.0 1.0 1.0 1.0 1.0 1.0 1.0 1.0 1.0 1.0 1.0 1.0 1.0 1.0 1.0 1.0 1.0 1.0 1.0 1.0 1.0 1.0 1.0 1.0 1.0 1.0 1.0 1.0 1.0 1.0 1.0 1.0 1.0 1.0 1.0 1.0 1.0 1.0 1.0 1.0 1.0 1.0 1.0 1.0 1.0 1.0 1.0 1.0 1.0 1.0 1.0 1.0 1.0 1.0 1.0 1.0 1.0 1.0 1.0 1.0 
1.0 1.0 1.0 1.0 1.0 1.0 1.0 1.0 1.0 1.0 1.0 1.0 1.0 1.0 1.0 1.0 1.0 1.0 1.0 1.0 1.0 1.0 1.0 1.0 1.0 1.0 1.0 1.0 1.0 1.0 1.0 1.0 1.0 1.0 1.0 1.0 1.0 1.0 1.0 1.0 1.0 1.0 1.0 1.0 0.0 1.0 1.0 1.0 1.0 1.0 1.0 1.0 1.0 1.0 1.0 1.0 1.0 1.0 1.0 1.0 1.0 1.0 1.0 1.0 1.0 1.0 1.0 1.0 1.0 1.0 1.0 1.0 1.0 1.0 1.0 1.0 1.0 1.0 1.0 1.0 1.0 1.0 1.0 1.0 1.0 1.0 1.0 1.0 1.0 1.0 1.0 1.0 1.0 1.0 1.0 1.0 1.0 1.0 1.0 1.0 1.0 1.0 1.0 1.0 1.0 1.0 1.0 1.0 1.0 1.0 1.0 1.0 1.0 1.0 1.0 1.0 1.0 1.0 1.0 1.0 1.0 1.0 1.0 1.0 1.0 1.0 1.0 1.0 
1.0 1.0 1.0 1.0 1.0 1.0 1.0 1.0 1.0 1.0 1.0 1.0 1.0 1.0 1.0 1.0 1.0 1.0 1.0 1.0 1.0 1.0 1.0 1.0 1.0 1.0 1.0 1.0 1.0 1.0 1.0 1.0 1.0 1.0 1.0 1.0 1.0 1.0 1.0 1.0 1.0 1.0 1.0 1.0 1.0 0.0 1.0 1.0 1.0 1.0 1.0 1.0 1.0 1.0 1.0 1.0 1.0 1.0 1.0 1.0 1.0 1.0 1.0 1.0 1.0 1.0 1.0 1.0 1.0 1.0 1.0 1.0 1.0 1.0 1.0 1.0 1.0 1.0 1.0 1.0 1.0 1.0 1.0 1.0 1.0 1.0 1.0 1.0 1.0 1.0 1.0 1.0 1.0 1.0 1.0 1.0 1.0 1.0 1.0 1.0 1.0 1.0 1.0 1.0 1.0 1.0 1.0 1.0 1.0 1.0 1.0 1.0 1.0 1.0 1.0 1.0 1.0 1.0 1.0 1.0 1.0 1.0 1.0 1.0 1.0 1.0 1.0 1.0 
1.0 1.0 1.0 1.0 1.0 1.0 1.0 1.0 1.0 1.0 1.0 1.0 1.0 1.0 1.0 1.0 1.0 1.0 1.0 1.0 1.0 1.0 1.0 1.0 1.0 1.0 1.0 1.0 1.0 1.0 1.0 1.0 1.0 1.0 1.0 1.0 1.0 1.0 1.0 1.0 1.0 1.0 1.0 1.0 1.0 1.0 0.0 1.0 1.0 1.0 1.0 1.0 1.0 1.0 1.0 1.0 1.0 1.0 1.0 1.0 1.0 1.0 1.0 1.0 1.0 1.0 1.0 1.0 1.0 1.0 1.0 1.0 1.0 1.0 1.0 1.0 1.0 1.0 1.0 1.0 1.0 1.0 1.0 1.0 1.0 1.0 1.0 1.0 1.0 1.0 1.0 1.0 1.0 1.0 1.0 1.0 1.0 1.0 1.0 1.0 1.0 1.0 1.0 1.0 1.0 1.0 1.0 1.0 1.0 1.0 1.0 1.0 1.0 1.0 1.0 1.0 1.0 1.0 1.0 1.0 1.0 1.0 1.0 1.0 1.0 1.0 1.0 1.0 
1.0 1.0 1.0 1.0 1.0 1.0 1.0 1.0 1.0 1.0 1.0 1.0 1.0 1.0 1.0 1.0 1.0 1.0 1.0 1.0 1.0 1.0 1.0 1.0 1.0 1.0 1.0 1.0 1.0 1.0 1.0 1.0 1.0 1.0 1.0 1.0 1.0 1.0 1.0 1.0 1.0 1.0 1.0 1.0 1.0 1.0 1.0 0.0 1.0 1.0 1.0 1.0 1.0 1.0 1.0 1.0 1.0 1.0 1.0 1.0 1.0 1.0 1.0 1.0 1.0 1.0 1.0 1.0 1.0 1.0 1.0 1.0 1.0 1.0 1.0 1.0 1.0 1.0 1.0 1.0 1.0 1.0 1.0 1.0 1.0 1.0 1.0 1.0 1.0 1.0 1.0 1.0 1.0 1.0 1.0 1.0 1.0 1.0 1.0 1.0 1.0 1.0 1.0 1.0 1.0 1.0 1.0 1.0 1.0 1.0 1.0 1.0 1.0 1.0 1.0 1.0 1.0 1.0 1.0 1.0 1.0 1.0 1.0 1.0 1.0 1.0 1.0 1.0 
1.0 1.0 1.0 1.0 1.0 1.0 1.0 1.0 1.0 1.0 1.0 1.0 1.0 1.0 1.0 1.0 1.0 1.0 1.0 1.0 1.0 1.0 1.0 1.0 1.0 1.0 1.0 1.0 1.0 1.0 1.0 1.0 1.0 1.0 1.0 1.0 1.0 1.0 1.0 1.0 1.0 1.0 1.0 1.0 1.0 1.0 1.0 1.0 0.0 1.0 1.0 1.0 1.0 1.0 1.0 1.0 1.0 1.0 1.0 1.0 1.0 1.0 1.0 1.0 1.0 1.0 1.0 1.0 1.0 1.0 1.0 1.0 1.0 1.0 1.0 1.0 1.0 1.0 1.0 1.0 1.0 1.0 1.0 1.0 1.0 1.0 1.0 1.0 1.0 1.0 1.0 1.0 1.0 1.0 1.0 1.0 1.0 1.0 1.0 1.0 1.0 1.0 1.0 1.0 1.0 1.0 1.0 1.0 1.0 1.0 1.0 1.0 1.0 1.0 1.0 1.0 1.0 1.0 1.0 1.0 1.0 1.0 1.0 1.0 1.0 1.0 1.0 1.0 
1.0 1.0 1.0 1.0 1.0 1.0 1.0 1.0 1.0 1.0 1.0 1.0 1.0 1.0 1.0 1.0 1.0 1.0 1.0 1.0 1.0 1.0 1.0 1.0 1.0 1.0 1.0 1.0 1.0 1.0 1.0 1.0 1.0 1.0 1.0 1.0 1.0 1.0 1.0 1.0 1.0 1.0 1.0 1.0 1.0 1.0 1.0 1.0 1.0 0.0 1.0 1.0 1.0 1.0 1.0 1.0 1.0 1.0 1.0 1.0 1.0 1.0 1.0 1.0 1.0 1.0 1.0 1.0 1.0 1.0 1.0 1.0 1.0 1.0 1.0 1.0 1.0 1.0 1.0 1.0 1.0 1.0 1.0 1.0 1.0 1.0 1.0 1.0 1.0 1.0 1.0 1.0 1.0 1.0 1.0 1.0 1.0 1.0 1.0 1.0 1.0 1.0 1.0 1.0 1.0 1.0 1.0 1.0 1.0 1.0 1.0 1.0 1.0 1.0 1.0 1.0 1.0 1.0 1.0 1.0 1.0 1.0 1.0 1.0 1.0 1.0 1.0 1.0 
1.0 1.0 1.0 1.0 1.0 1.0 1.0 1.0 1.0 1.0 1.0 1.0 1.0 1.0 1.0 1.0 1.0 1.0 1.0 1.0 1.0 1.0 1.0 1.0 1.0 1.0 1.0 1.0 1.0 1.0 1.0 1.0 1.0 1.0 1.0 1.0 1.0 1.0 1.0 1.0 1.0 1.0 1.0 1.0 1.0 1.0 1.0 1.0 1.0 1.0 0.0 1.0 1.0 1.0 1.0 1.0 1.0 1.0 1.0 1.0 1.0 1.0 1.0 1.0 1.0 1.0 1.0 1.0 1.0 1.0 1.0 1.0 1.0 1.0 1.0 1.0 1.0 1.0 1.0 1.0 1.0 1.0 1.0 1.0 1.0 1.0 1.0 1.0 1.0 1.0 1.0 1.0 1.0 1.0 1.0 1.0 1.0 1.0 1.0 1.0 1.0 1.0 1.0 1.0 1.0 1.0 1.0 1.0 1.0 1.0 1.0 1.0 1.0 1.0 1.0 1.0 1.0 1.0 1.0 1.0 1.0 1.0 1.0 1.0 1.0 1.0 1.0 1.0 
1.0 1.0 1.0 1.0 1.0 1.0 1.0 1.0 1.0 1.0 1.0 1.0 1.0 1.0 1.0 1.0 1.0 1.0 1.0 1.0 1.0 1.0 1.0 1.0 1.0 1.0 1.0 1.0 1.0 1.0 1.0 1.0 1.0 1.0 1.0 1.0 1.0 1.0 1.0 1.0 1.0 1.0 1.0 1.0 1.0 1.0 1.0 1.0 1.0 1.0 1.0 0.0 1.0 1.0 1.0 1.0 1.0 1.0 1.0 1.0 1.0 1.0 1.0 1.0 1.0 1.0 1.0 1.0 1.0 1.0 1.0 1.0 1.0 1.0 1.0 1.0 1.0 1.0 1.0 1.0 1.0 1.0 1.0 1.0 1.0 1.0 1.0 1.0 1.0 1.0 1.0 1.0 1.0 1.0 1.0 1.0 1.0 1.0 1.0 1.0 1.0 1.0 1.0 1.0 1.0 1.0 1.0 1.0 1.0 1.0 1.0 1.0 1.0 1.0 1.0 1.0 1.0 1.0 1.0 1.0 1.0 1.0 1.0 1.0 1.0 1.0 1.0 1.0 
1.0 1.0 1.0 1.0 1.0 1.0 1.0 1.0 1.0 1.0 1.0 1.0 1.0 1.0 1.0 1.0 1.0 1.0 1.0 1.0 1.0 1.0 1.0 1.0 1.0 1.0 1.0 1.0 1.0 1.0 1.0 1.0 1.0 1.0 1.0 1.0 1.0 1.0 1.0 1.0 1.0 1.0 1.0 1.0 1.0 1.0 1.0 1.0 1.0 1.0 1.0 1.0 0.0 1.0 1.0 1.0 1.0 1.0 1.0 1.0 1.0 1.0 1.0 1.0 1.0 1.0 1.0 1.0 1.0 1.0 1.0 1.0 1.0 1.0 1.0 1.0 1.0 1.0 1.0 1.0 1.0 1.0 1.0 1.0 1.0 1.0 1.0 1.0 1.0 1.0 1.0 1.0 1.0 1.0 1.0 1.0 1.0 1.0 1.0 1.0 1.0 1.0 1.0 1.0 1.0 1.0 1.0 1.0 1.0 1.0 1.0 1.0 1.0 1.0 1.0 1.0 1.0 1.0 1.0 1.0 1.0 1.0 1.0 1.0 1.0 1.0 1.0 1.0 
1.0 1.0 1.0 1.0 1.0 1.0 1.0 1.0 1.0 1.0 1.0 1.0 1.0 1.0 1.0 1.0 1.0 1.0 1.0 1.0 1.0 1.0 1.0 1.0 1.0 1.0 1.0 1.0 1.0 1.0 1.0 1.0 1.0 1.0 1.0 1.0 1.0 1.0 1.0 1.0 1.0 1.0 1.0 1.0 1.0 1.0 1.0 1.0 1.0 1.0 1.0 1.0 1.0 0.0 1.0 1.0 1.0 1.0 1.0 1.0 1.0 1.0 1.0 1.0 1.0 1.0 1.0 1.0 1.0 1.0 1.0 1.0 1.0 1.0 1.0 1.0 1.0 1.0 1.0 1.0 1.0 1.0 1.0 1.0 1.0 1.0 1.0 1.0 1.0 1.0 1.0 1.0 1.0 1.0 1.0 1.0 1.0 1.0 1.0 1.0 1.0 1.0 1.0 1.0 1.0 1.0 1.0 1.0 1.0 1.0 1.0 1.0 1.0 1.0 1.0 1.0 1.0 1.0 1.0 1.0 1.0 1.0 1.0 1.0 1.0 1.0 1.0 1.0 
1.0 1.0 1.0 1.0 1.0 1.0 1.0 1.0 1.0 1.0 1.0 1.0 1.0 1.0 1.0 1.0 1.0 1.0 1.0 1.0 1.0 1.0 1.0 1.0 1.0 1.0 1.0 1.0 1.0 1.0 1.0 1.0 1.0 1.0 1.0 1.0 1.0 1.0 1.0 1.0 1.0 1.0 1.0 1.0 1.0 1.0 1.0 1.0 1.0 1.0 1.0 1.0 1.0 1.0 0.0 1.0 1.0 1.0 1.0 1.0 1.0 1.0 1.0 1.0 1.0 1.0 1.0 1.0 1.0 1.0 1.0 1.0 1.0 1.0 1.0 1.0 1.0 1.0 1.0 1.0 1.0 1.0 1.0 1.0 1.0 1.0 1.0 1.0 1.0 1.0 1.0 1.0 1.0 1.0 1.0 1.0 1.0 1.0 1.0 1.0 1.0 1.0 1.0 1.0 1.0 1.0 1.0 1.0 1.0 1.0 1.0 1.0 1.0 1.0 1.0 1.0 1.0 1.0 1.0 1.0 1.0 1.0 1.0 1.0 1.0 1.0 1.0 1.0 
1.0 1.0 1.0 1.0 1.0 1.0 1.0 1.0 1.0 1.0 1.0 1.0 1.0 1.0 1.0 1.0 1.0 1.0 1.0 1.0 1.0 1.0 1.0 1.0 1.0 1.0 1.0 1.0 1.0 1.0 1.0 1.0 1.0 1.0 1.0 1.0 1.0 1.0 1.0 1.0 1.0 1.0 1.0 1.0 1.0 1.0 1.0 1.0 1.0 1.0 1.0 1.0 1.0 1.0 1.0 0.0 1.0 1.0 1.0 1.0 1.0 1.0 1.0 1.0 1.0 1.0 1.0 1.0 1.0 1.0 1.0 1.0 1.0 1.0 1.0 1.0 1.0 1.0 1.0 1.0 1.0 1.0 1.0 1.0 1.0 1.0 1.0 1.0 1.0 1.0 1.0 1.0 1.0 1.0 1.0 1.0 1.0 1.0 1.0 1.0 1.0 1.0 1.0 1.0 1.0 1.0 1.0 1.0 1.0 1.0 1.0 1.0 1.0 1.0 1.0 1.0 1.0 1.0 1.0 1.0 1.0 1.0 1.0 1.0 1.0 1.0 1.0 1.0 
1.0 1.0 1.0 1.0 1.0 1.0 1.0 1.0 1.0 1.0 1.0 1.0 1.0 1.0 1.0 1.0 1.0 1.0 1.0 1.0 1.0 1.0 1.0 1.0 1.0 1.0 1.0 1.0 1.0 1.0 1.0 1.0 1.0 1.0 1.0 1.0 1.0 1.0 1.0 1.0 1.0 1.0 1.0 1.0 1.0 1.0 1.0 1.0 1.0 1.0 1.0 1.0 1.0 1.0 1.0 1.0 0.0 1.0 1.0 1.0 1.0 1.0 1.0 1.0 1.0 1.0 1.0 1.0 1.0 1.0 1.0 1.0 1.0 1.0 1.0 1.0 1.0 1.0 1.0 1.0 1.0 1.0 1.0 1.0 1.0 1.0 1.0 1.0 1.0 1.0 1.0 1.0 1.0 1.0 1.0 1.0 1.0 1.0 1.0 1.0 1.0 1.0 1.0 1.0 1.0 1.0 1.0 1.0 1.0 1.0 1.0 1.0 1.0 1.0 1.0 1.0 1.0 1.0 1.0 1.0 1.0 1.0 1.0 1.0 1.0 1.0 1.0 1.0 
1.0 1.0 1.0 1.0 1.0 1.0 1.0 1.0 1.0 1.0 1.0 1.0 1.0 1.0 1.0 1.0 1.0 1.0 1.0 1.0 1.0 1.0 1.0 1.0 1.0 1.0 1.0 1.0 1.0 1.0 1.0 1.0 1.0 1.0 1.0 1.0 1.0 1.0 1.0 1.0 1.0 1.0 1.0 1.0 1.0 1.0 1.0 1.0 1.0 1.0 1.0 1.0 1.0 1.0 1.0 1.0 1.0 0.0 1.0 1.0 1.0 1.0 1.0 1.0 1.0 1.0 1.0 1.0 1.0 1.0 1.0 1.0 1.0 1.0 1.0 1.0 1.0 1.0 1.0 1.0 1.0 1.0 1.0 1.0 1.0 1.0 1.0 1.0 1.0 1.0 1.0 1.0 1.0 1.0 1.0 1.0 1.0 1.0 1.0 1.0 1.0 1.0 1.0 1.0 1.0 1.0 1.0 1.0 1.0 1.0 1.0 1.0 1.0 1.0 1.0 1.0 1.0 1.0 1.0 1.0 1.0 1.0 1.0 1.0 1.0 1.0 1.0 1.0 
1.0 1.0 1.0 1.0 1.0 1.0 1.0 1.0 1.0 1.0 1.0 1.0 1.0 1.0 1.0 1.0 1.0 1.0 1.0 1.0 1.0 1.0 1.0 1.0 1.0 1.0 1.0 1.0 1.0 1.0 1.0 1.0 1.0 1.0 1.0 1.0 1.0 1.0 1.0 1.0 1.0 1.0 1.0 1.0 1.0 1.0 1.0 1.0 1.0 1.0 1.0 1.0 1.0 1.0 1.0 1.0 1.0 1.0 0.0 1.0 1.0 1.0 1.0 1.0 1.0 1.0 1.0 1.0 1.0 1.0 1.0 1.0 1.0 1.0 1.0 1.0 1.0 1.0 1.0 1.0 1.0 1.0 1.0 1.0 1.0 1.0 1.0 1.0 1.0 1.0 1.0 1.0 1.0 1.0 1.0 1.0 1.0 1.0 1.0 1.0 1.0 1.0 1.0 1.0 1.0 1.0 1.0 1.0 1.0 1.0 1.0 1.0 1.0 1.0 1.0 1.0 1.0 1.0 1.0 1.0 1.0 1.0 1.0 1.0 1.0 1.0 1.0 1.0 
1.0 1.0 1.0 1.0 1.0 1.0 1.0 1.0 1.0 1.0 1.0 1.0 1.0 1.0 1.0 1.0 1.0 1.0 1.0 1.0 1.0 1.0 1.0 1.0 1.0 1.0 1.0 1.0 1.0 1.0 1.0 1.0 1.0 1.0 1.0 1.0 1.0 1.0 1.0 1.0 1.0 1.0 1.0 1.0 1.0 1.0 1.0 1.0 1.0 1.0 1.0 1.0 1.0 1.0 1.0 1.0 1.0 1.0 1.0 0.0 1.0 1.0 1.0 1.0 1.0 1.0 1.0 1.0 1.0 1.0 1.0 1.0 1.0 1.0 1.0 1.0 1.0 1.0 1.0 1.0 1.0 1.0 1.0 1.0 1.0 1.0 1.0 1.0 1.0 1.0 1.0 1.0 1.0 1.0 1.0 1.0 1.0 1.0 1.0 1.0 1.0 1.0 1.0 1.0 1.0 1.0 1.0 1.0 1.0 1.0 1.0 1.0 1.0 1.0 1.0 1.0 1.0 1.0 1.0 1.0 1.0 1.0 1.0 1.0 1.0 1.0 1.0 1.0 
1.0 1.0 1.0 1.0 1.0 1.0 1.0 1.0 1.0 1.0 1.0 1.0 1.0 1.0 1.0 1.0 1.0 1.0 1.0 1.0 1.0 1.0 1.0 1.0 1.0 1.0 1.0 1.0 1.0 1.0 1.0 1.0 1.0 1.0 1.0 1.0 1.0 1.0 1.0 1.0 1.0 1.0 1.0 1.0 1.0 1.0 1.0 1.0 1.0 1.0 1.0 1.0 1.0 1.0 1.0 1.0 1.0 1.0 1.0 1.0 0.0 1.0 1.0 1.0 1.0 1.0 1.0 1.0 1.0 1.0 1.0 1.0 1.0 1.0 1.0 1.0 1.0 1.0 1.0 1.0 1.0 1.0 1.0 1.0 1.0 1.0 1.0 1.0 1.0 1.0 1.0 1.0 1.0 1.0 1.0 1.0 1.0 1.0 1.0 1.0 1.0 1.0 1.0 1.0 1.0 1.0 1.0 1.0 1.0 1.0 1.0 1.0 1.0 1.0 1.0 1.0 1.0 1.0 1.0 1.0 1.0 1.0 1.0 1.0 1.0 1.0 1.0 1.0 
1.0 1.0 1.0 1.0 1.0 1.0 1.0 1.0 1.0 1.0 1.0 1.0 1.0 1.0 1.0 1.0 1.0 1.0 1.0 1.0 1.0 1.0 1.0 1.0 1.0 1.0 1.0 1.0 1.0 1.0 1.0 1.0 1.0 1.0 1.0 1.0 1.0 1.0 1.0 1.0 1.0 1.0 1.0 1.0 1.0 1.0 1.0 1.0 1.0 1.0 1.0 1.0 1.0 1.0 1.0 1.0 1.0 1.0 1.0 1.0 1.0 0.0 1.0 1.0 1.0 1.0 1.0 1.0 1.0 1.0 1.0 1.0 1.0 1.0 1.0 1.0 1.0 1.0 1.0 1.0 1.0 1.0 1.0 1.0 1.0 1.0 1.0 1.0 1.0 1.0 1.0 1.0 1.0 1.0 1.0 1.0 1.0 1.0 1.0 1.0 1.0 1.0 1.0 1.0 1.0 1.0 1.0 1.0 1.0 1.0 1.0 1.0 1.0 1.0 1.0 1.0 1.0 1.0 1.0 1.0 1.0 1.0 1.0 1.0 1.0 1.0 1.0 1.0 
1.0 1.0 1.0 1.0 1.0 1.0 1.0 1.0 1.0 1.0 1.0 1.0 1.0 1.0 1.0 1.0 1.0 1.0 1.0 1.0 1.0 1.0 1.0 1.0 1.0 1.0 1.0 1.0 1.0 1.0 1.0 1.0 1.0 1.0 1.0 1.0 1.0 1.0 1.0 1.0 1.0 1.0 1.0 1.0 1.0 1.0 1.0 1.0 1.0 1.0 1.0 1.0 1.0 1.0 1.0 1.0 1.0 1.0 1.0 1.0 1.0 1.0 0.0 1.0 1.0 1.0 1.0 1.0 1.0 1.0 1.0 1.0 1.0 1.0 1.0 1.0 1.0 1.0 1.0 1.0 1.0 1.0 1.0 1.0 1.0 1.0 1.0 1.0 1.0 1.0 1.0 1.0 1.0 1.0 1.0 1.0 1.0 1.0 1.0 1.0 1.0 1.0 1.0 1.0 1.0 1.0 1.0 1.0 1.0 1.0 1.0 1.0 1.0 1.0 1.0 1.0 1.0 1.0 1.0 1.0 1.0 1.0 1.0 1.0 1.0 1.0 1.0 1.0 
1.0 1.0 1.0 1.0 1.0 1.0 1.0 1.0 1.0 1.0 1.0 1.0 1.0 1.0 1.0 1.0 1.0 1.0 1.0 1.0 1.0 1.0 1.0 1.0 1.0 1.0 1.0 1.0 1.0 1.0 1.0 1.0 1.0 1.0 1.0 1.0 1.0 1.0 1.0 1.0 1.0 1.0 1.0 1.0 1.0 1.0 1.0 1.0 1.0 1.0 1.0 1.0 1.0 1.0 1.0 1.0 1.0 1.0 1.0 1.0 1.0 1.0 1.0 0.0 1.0 1.0 1.0 1.0 1.0 1.0 1.0 1.0 1.0 1.0 1.0 1.0 1.0 1.0 1.0 1.0 1.0 1.0 1.0 1.0 1.0 1.0 1.0 1.0 1.0 1.0 1.0 1.0 1.0 1.0 1.0 1.0 1.0 1.0 1.0 1.0 1.0 1.0 1.0 1.0 1.0 1.0 1.0 1.0 1.0 1.0 1.0 1.0 1.0 1.0 1.0 1.0 1.0 1.0 1.0 1.0 1.0 1.0 1.0 1.0 1.0 1.0 1.0 1.0 
1.0 1.0 1.0 1.0 1.0 1.0 1.0 1.0 1.0 1.0 1.0 1.0 1.0 1.0 1.0 1.0 1.0 1.0 1.0 1.0 1.0 1.0 1.0 1.0 1.0 1.0 1.0 1.0 1.0 1.0 1.0 1.0 1.0 1.0 1.0 1.0 1.0 1.0 1.0 1.0 1.0 1.0 1.0 1.0 1.0 1.0 1.0 1.0 1.0 1.0 1.0 1.0 1.0 1.0 1.0 1.0 1.0 1.0 1.0 1.0 1.0 1.0 1.0 1.0 0.0 1.0 1.0 1.0 1.0 1.0 1.0 1.0 1.0 1.0 1.0 1.0 1.0 1.0 1.0 1.0 1.0 1.0 1.0 1.0 1.0 1.0 1.0 1.0 1.0 1.0 1.0 1.0 1.0 1.0 1.0 1.0 1.0 1.0 1.0 1.0 1.0 1.0 1.0 1.0 1.0 1.0 1.0 1.0 1.0 1.0 1.0 1.0 1.0 1.0 1.0 1.0 1.0 1.0 1.0 1.0 1.0 1.0 1.0 1.0 1.0 1.0 1.0 1.0 
1.0 1.0 1.0 1.0 1.0 1.0 1.0 1.0 1.0 1.0 1.0 1.0 1.0 1.0 1.0 1.0 1.0 1.0 1.0 1.0 1.0 1.0 1.0 1.0 1.0 1.0 1.0 1.0 1.0 1.0 1.0 1.0 1.0 1.0 1.0 1.0 1.0 1.0 1.0 1.0 1.0 1.0 1.0 1.0 1.0 1.0 1.0 1.0 1.0 1.0 1.0 1.0 1.0 1.0 1.0 1.0 1.0 1.0 1.0 1.0 1.0 1.0 1.0 1.0 1.0 0.0 1.0 1.0 1.0 1.0 1.0 1.0 1.0 1.0 1.0 1.0 1.0 1.0 1.0 1.0 1.0 1.0 1.0 1.0 1.0 1.0 1.0 1.0 1.0 1.0 1.0 1.0 1.0 1.0 1.0 1.0 1.0 1.0 1.0 1.0 1.0 1.0 1.0 1.0 1.0 1.0 1.0 1.0 1.0 1.0 1.0 1.0 1.0 1.0 1.0 1.0 1.0 1.0 1.0 1.0 1.0 1.0 1.0 1.0 1.0 1.0 1.0 1.0 
1.0 1.0 1.0 1.0 1.0 1.0 1.0 1.0 1.0 1.0 1.0 1.0 1.0 1.0 1.0 1.0 1.0 1.0 1.0 1.0 1.0 1.0 1.0 1.0 1.0 1.0 1.0 1.0 1.0 1.0 1.0 1.0 1.0 1.0 1.0 1.0 1.0 1.0 1.0 1.0 1.0 1.0 1.0 1.0 1.0 1.0 1.0 1.0 1.0 1.0 1.0 1.0 1.0 1.0 1.0 1.0 1.0 1.0 1.0 1.0 1.0 1.0 1.0 1.0 1.0 1.0 0.0 1.0 1.0 1.0 1.0 1.0 1.0 1.0 1.0 1.0 1.0 1.0 1.0 1.0 1.0 1.0 1.0 1.0 1.0 1.0 1.0 1.0 1.0 1.0 1.0 1.0 1.0 1.0 1.0 1.0 1.0 1.0 1.0 1.0 1.0 1.0 1.0 1.0 1.0 1.0 1.0 1.0 1.0 1.0 1.0 1.0 1.0 1.0 1.0 1.0 1.0 1.0 1.0 1.0 1.0 1.0 1.0 1.0 1.0 1.0 1.0 1.0 
1.0 1.0 1.0 1.0 1.0 1.0 1.0 1.0 1.0 1.0 1.0 1.0 1.0 1.0 1.0 1.0 1.0 1.0 1.0 1.0 1.0 1.0 1.0 1.0 1.0 1.0 1.0 1.0 1.0 1.0 1.0 1.0 1.0 1.0 1.0 1.0 1.0 1.0 1.0 1.0 1.0 1.0 1.0 1.0 1.0 1.0 1.0 1.0 1.0 1.0 1.0 1.0 1.0 1.0 1.0 1.0 1.0 1.0 1.0 1.0 1.0 1.0 1.0 1.0 1.0 1.0 1.0 0.0 1.0 1.0 1.0 1.0 1.0 1.0 1.0 1.0 1.0 1.0 1.0 1.0 1.0 1.0 1.0 1.0 1.0 1.0 1.0 1.0 1.0 1.0 1.0 1.0 1.0 1.0 1.0 1.0 1.0 1.0 1.0 1.0 1.0 1.0 1.0 1.0 1.0 1.0 1.0 1.0 1.0 1.0 1.0 1.0 1.0 1.0 1.0 1.0 1.0 1.0 1.0 1.0 1.0 1.0 1.0 1.0 1.0 1.0 1.0 1.0 
1.0 1.0 1.0 1.0 1.0 1.0 1.0 1.0 1.0 1.0 1.0 1.0 1.0 1.0 1.0 1.0 1.0 1.0 1.0 1.0 1.0 1.0 1.0 1.0 1.0 1.0 1.0 1.0 1.0 1.0 1.0 1.0 1.0 1.0 1.0 1.0 1.0 1.0 1.0 1.0 1.0 1.0 1.0 1.0 1.0 1.0 1.0 1.0 1.0 1.0 1.0 1.0 1.0 1.0 1.0 1.0 1.0 1.0 1.0 1.0 1.0 1.0 1.0 1.0 1.0 1.0 1.0 1.0 0.0 1.0 1.0 1.0 1.0 1.0 1.0 1.0 1.0 1.0 1.0 1.0 1.0 1.0 1.0 1.0 1.0 1.0 1.0 1.0 1.0 1.0 1.0 1.0 1.0 1.0 1.0 1.0 1.0 1.0 1.0 1.0 1.0 1.0 1.0 1.0 1.0 1.0 1.0 1.0 1.0 1.0 1.0 1.0 1.0 1.0 1.0 1.0 1.0 1.0 1.0 1.0 1.0 1.0 1.0 1.0 1.0 1.0 1.0 1.0 
1.0 1.0 1.0 1.0 1.0 1.0 1.0 1.0 1.0 1.0 1.0 1.0 1.0 1.0 1.0 1.0 1.0 1.0 1.0 1.0 1.0 1.0 1.0 1.0 1.0 1.0 1.0 1.0 1.0 1.0 1.0 1.0 1.0 1.0 1.0 1.0 1.0 1.0 1.0 1.0 1.0 1.0 1.0 1.0 1.0 1.0 1.0 1.0 1.0 1.0 1.0 1.0 1.0 1.0 1.0 1.0 1.0 1.0 1.0 1.0 1.0 1.0 1.0 1.0 1.0 1.0 1.0 1.0 1.0 0.0 1.0 1.0 1.0 1.0 1.0 1.0 1.0 1.0 1.0 1.0 1.0 1.0 1.0 1.0 1.0 1.0 1.0 1.0 1.0 1.0 1.0 1.0 1.0 1.0 1.0 1.0 1.0 1.0 1.0 1.0 1.0 1.0 1.0 1.0 1.0 1.0 1.0 1.0 1.0 1.0 1.0 1.0 1.0 1.0 1.0 1.0 1.0 1.0 1.0 1.0 1.0 1.0 1.0 1.0 1.0 1.0 1.0 1.0 
1.0 1.0 1.0 1.0 1.0 1.0 1.0 1.0 1.0 1.0 1.0 1.0 1.0 1.0 1.0 1.0 1.0 1.0 1.0 1.0 1.0 1.0 1.0 1.0 1.0 1.0 1.0 1.0 1.0 1.0 1.0 1.0 1.0 1.0 1.0 1.0 1.0 1.0 1.0 1.0 1.0 1.0 1.0 1.0 1.0 1.0 1.0 1.0 1.0 1.0 1.0 1.0 1.0 1.0 1.0 1.0 1.0 1.0 1.0 1.0 1.0 1.0 1.0 1.0 1.0 1.0 1.0 1.0 1.0 1.0 0.0 1.0 1.0 1.0 1.0 1.0 1.0 1.0 1.0 1.0 1.0 1.0 1.0 1.0 1.0 1.0 1.0 1.0 1.0 1.0 1.0 1.0 1.0 1.0 1.0 1.0 1.0 1.0 1.0 1.0 1.0 1.0 1.0 1.0 1.0 1.0 1.0 1.0 1.0 1.0 1.0 1.0 1.0 1.0 1.0 1.0 1.0 1.0 1.0 1.0 1.0 1.0 1.0 1.0 1.0 1.0 1.0 1.0 
1.0 1.0 1.0 1.0 1.0 1.0 1.0 1.0 1.0 1.0 1.0 1.0 1.0 1.0 1.0 1.0 1.0 1.0 1.0 1.0 1.0 1.0 1.0 1.0 1.0 1.0 1.0 1.0 1.0 1.0 1.0 1.0 1.0 1.0 1.0 1.0 1.0 1.0 1.0 1.0 1.0 1.0 1.0 1.0 1.0 1.0 1.0 1.0 1.0 1.0 1.0 1.0 1.0 1.0 1.0 1.0 1.0 1.0 1.0 1.0 1.0 1.0 1.0 1.0 1.0 1.0 1.0 1.0 1.0 1.0 1.0 0.0 1.0 1.0 1.0 1.0 1.0 1.0 1.0 1.0 1.0 1.0 1.0 1.0 1.0 1.0 1.0 1.0 1.0 1.0 1.0 1.0 1.0 1.0 1.0 1.0 1.0 1.0 1.0 1.0 1.0 1.0 1.0 1.0 1.0 1.0 1.0 1.0 1.0 1.0 1.0 1.0 1.0 1.0 1.0 1.0 1.0 1.0 1.0 1.0 1.0 1.0 1.0 1.0 1.0 1.0 1.0 1.0 
1.0 1.0 1.0 1.0 1.0 1.0 1.0 1.0 1.0 1.0 1.0 1.0 1.0 1.0 1.0 1.0 1.0 1.0 1.0 1.0 1.0 1.0 1.0 1.0 1.0 1.0 1.0 1.0 1.0 1.0 1.0 1.0 1.0 1.0 1.0 1.0 1.0 1.0 1.0 1.0 1.0 1.0 1.0 1.0 1.0 1.0 1.0 1.0 1.0 1.0 1.0 1.0 1.0 1.0 1.0 1.0 1.0 1.0 1.0 1.0 1.0 1.0 1.0 1.0 1.0 1.0 1.0 1.0 1.0 1.0 1.0 1.0 0.0 1.0 1.0 1.0 1.0 1.0 1.0 1.0 1.0 1.0 1.0 1.0 1.0 1.0 1.0 1.0 1.0 1.0 1.0 1.0 1.0 1.0 1.0 1.0 1.0 1.0 1.0 1.0 1.0 1.0 1.0 1.0 1.0 1.0 1.0 1.0 1.0 1.0 1.0 1.0 1.0 1.0 1.0 1.0 1.0 1.0 1.0 1.0 1.0 1.0 1.0 1.0 1.0 1.0 1.0 1.0 
1.0 1.0 1.0 1.0 1.0 1.0 1.0 1.0 1.0 1.0 1.0 1.0 1.0 1.0 1.0 1.0 1.0 1.0 1.0 1.0 1.0 1.0 1.0 1.0 1.0 1.0 1.0 1.0 1.0 1.0 1.0 1.0 1.0 1.0 1.0 1.0 1.0 1.0 1.0 1.0 1.0 1.0 1.0 1.0 1.0 1.0 1.0 1.0 1.0 1.0 1.0 1.0 1.0 1.0 1.0 1.0 1.0 1.0 1.0 1.0 1.0 1.0 1.0 1.0 1.0 1.0 1.0 1.0 1.0 1.0 1.0 1.0 1.0 0.0 1.0 1.0 1.0 1.0 1.0 1.0 1.0 1.0 1.0 1.0 1.0 1.0 1.0 1.0 1.0 1.0 1.0 1.0 1.0 1.0 1.0 1.0 1.0 1.0 1.0 1.0 1.0 1.0 1.0 1.0 1.0 1.0 1.0 1.0 1.0 1.0 1.0 1.0 1.0 1.0 1.0 1.0 1.0 1.0 1.0 1.0 1.0 1.0 1.0 1.0 1.0 1.0 1.0 1.0 
1.0 1.0 1.0 1.0 1.0 1.0 1.0 1.0 1.0 1.0 1.0 1.0 1.0 1.0 1.0 1.0 1.0 1.0 1.0 1.0 1.0 1.0 1.0 1.0 1.0 1.0 1.0 1.0 1.0 1.0 1.0 1.0 1.0 1.0 1.0 1.0 1.0 1.0 1.0 1.0 1.0 1.0 1.0 1.0 1.0 1.0 1.0 1.0 1.0 1.0 1.0 1.0 1.0 1.0 1.0 1.0 1.0 1.0 1.0 1.0 1.0 1.0 1.0 1.0 1.0 1.0 1.0 1.0 1.0 1.0 1.0 1.0 1.0 1.0 0.0 1.0 1.0 1.0 1.0 1.0 1.0 1.0 1.0 1.0 1.0 1.0 1.0 1.0 1.0 1.0 1.0 1.0 1.0 1.0 1.0 1.0 1.0 1.0 1.0 1.0 1.0 1.0 1.0 1.0 1.0 1.0 1.0 1.0 1.0 1.0 1.0 1.0 1.0 1.0 1.0 1.0 1.0 1.0 1.0 1.0 1.0 1.0 1.0 1.0 1.0 1.0 1.0 1.0 
1.0 1.0 1.0 1.0 1.0 1.0 1.0 1.0 1.0 1.0 1.0 1.0 1.0 1.0 1.0 1.0 1.0 1.0 1.0 1.0 1.0 1.0 1.0 1.0 1.0 1.0 1.0 1.0 1.0 1.0 1.0 1.0 1.0 1.0 1.0 1.0 1.0 1.0 1.0 1.0 1.0 1.0 1.0 1.0 1.0 1.0 1.0 1.0 1.0 1.0 1.0 1.0 1.0 1.0 1.0 1.0 1.0 1.0 1.0 1.0 1.0 1.0 1.0 1.0 1.0 1.0 1.0 1.0 1.0 1.0 1.0 1.0 1.0 1.0 1.0 0.0 1.0 1.0 1.0 1.0 1.0 1.0 1.0 1.0 1.0 1.0 1.0 1.0 1.0 1.0 1.0 1.0 1.0 1.0 1.0 1.0 1.0 1.0 1.0 1.0 1.0 1.0 1.0 1.0 1.0 1.0 1.0 1.0 1.0 1.0 1.0 1.0 1.0 1.0 1.0 1.0 1.0 1.0 1.0 1.0 1.0 1.0 1.0 1.0 1.0 1.0 1.0 1.0 
1.0 1.0 1.0 1.0 1.0 1.0 1.0 1.0 1.0 1.0 1.0 1.0 1.0 1.0 1.0 1.0 1.0 1.0 1.0 1.0 1.0 1.0 1.0 1.0 1.0 1.0 1.0 1.0 1.0 1.0 1.0 1.0 1.0 1.0 1.0 1.0 1.0 1.0 1.0 1.0 1.0 1.0 1.0 1.0 1.0 1.0 1.0 1.0 1.0 1.0 1.0 1.0 1.0 1.0 1.0 1.0 1.0 1.0 1.0 1.0 1.0 1.0 1.0 1.0 1.0 1.0 1.0 1.0 1.0 1.0 1.0 1.0 1.0 1.0 1.0 1.0 0.0 1.0 1.0 1.0 1.0 1.0 1.0 1.0 1.0 1.0 1.0 1.0 1.0 1.0 1.0 1.0 1.0 1.0 1.0 1.0 1.0 1.0 1.0 1.0 1.0 1.0 1.0 1.0 1.0 1.0 1.0 1.0 1.0 1.0 1.0 1.0 1.0 1.0 1.0 1.0 1.0 1.0 1.0 1.0 1.0 1.0 1.0 1.0 1.0 1.0 1.0 1.0 
1.0 1.0 1.0 1.0 1.0 1.0 1.0 1.0 1.0 1.0 1.0 1.0 1.0 1.0 1.0 1.0 1.0 1.0 1.0 1.0 1.0 1.0 1.0 1.0 1.0 1.0 1.0 1.0 1.0 1.0 1.0 1.0 1.0 1.0 1.0 1.0 1.0 1.0 1.0 1.0 1.0 1.0 1.0 1.0 1.0 1.0 1.0 1.0 1.0 1.0 1.0 1.0 1.0 1.0 1.0 1.0 1.0 1.0 1.0 1.0 1.0 1.0 1.0 1.0 1.0 1.0 1.0 1.0 1.0 1.0 1.0 1.0 1.0 1.0 1.0 1.0 1.0 0.0 1.0 1.0 1.0 1.0 1.0 1.0 1.0 1.0 1.0 1.0 1.0 1.0 1.0 1.0 1.0 1.0 1.0 1.0 1.0 1.0 1.0 1.0 1.0 1.0 1.0 1.0 1.0 1.0 1.0 1.0 1.0 1.0 1.0 1.0 1.0 1.0 1.0 1.0 1.0 1.0 1.0 1.0 1.0 1.0 1.0 1.0 1.0 1.0 1.0 1.0 
1.0 1.0 1.0 1.0 1.0 1.0 1.0 1.0 1.0 1.0 1.0 1.0 1.0 1.0 1.0 1.0 1.0 1.0 1.0 1.0 1.0 1.0 1.0 1.0 1.0 1.0 1.0 1.0 1.0 1.0 1.0 1.0 1.0 1.0 1.0 1.0 1.0 1.0 1.0 1.0 1.0 1.0 1.0 1.0 1.0 1.0 1.0 1.0 1.0 1.0 1.0 1.0 1.0 1.0 1.0 1.0 1.0 1.0 1.0 1.0 1.0 1.0 1.0 1.0 1.0 1.0 1.0 1.0 1.0 1.0 1.0 1.0 1.0 1.0 1.0 1.0 1.0 1.0 0.0 1.0 1.0 1.0 1.0 1.0 1.0 1.0 1.0 1.0 1.0 1.0 1.0 1.0 1.0 1.0 1.0 1.0 1.0 1.0 1.0 1.0 1.0 1.0 1.0 1.0 1.0 1.0 1.0 1.0 1.0 1.0 1.0 1.0 1.0 1.0 1.0 1.0 1.0 1.0 1.0 1.0 1.0 1.0 1.0 1.0 1.0 1.0 1.0 1.0 
1.0 1.0 1.0 1.0 1.0 1.0 1.0 1.0 1.0 1.0 1.0 1.0 1.0 1.0 1.0 1.0 1.0 1.0 1.0 1.0 1.0 1.0 1.0 1.0 1.0 1.0 1.0 1.0 1.0 1.0 1.0 1.0 1.0 1.0 1.0 1.0 1.0 1.0 1.0 1.0 1.0 1.0 1.0 1.0 1.0 1.0 1.0 1.0 1.0 1.0 1.0 1.0 1.0 1.0 1.0 1.0 1.0 1.0 1.0 1.0 1.0 1.0 1.0 1.0 1.0 1.0 1.0 1.0 1.0 1.0 1.0 1.0 1.0 1.0 1.0 1.0 1.0 1.0 1.0 0.0 1.0 1.0 1.0 1.0 1.0 1.0 1.0 1.0 1.0 1.0 1.0 1.0 1.0 1.0 1.0 1.0 1.0 1.0 1.0 1.0 1.0 1.0 1.0 1.0 1.0 1.0 1.0 1.0 1.0 1.0 1.0 1.0 1.0 1.0 1.0 1.0 1.0 1.0 1.0 1.0 1.0 1.0 1.0 1.0 1.0 1.0 1.0 1.0 
1.0 1.0 1.0 1.0 1.0 1.0 1.0 1.0 1.0 1.0 1.0 1.0 1.0 1.0 1.0 1.0 1.0 1.0 1.0 1.0 1.0 1.0 1.0 1.0 1.0 1.0 1.0 1.0 1.0 1.0 1.0 1.0 1.0 1.0 1.0 1.0 1.0 1.0 1.0 1.0 1.0 1.0 1.0 1.0 1.0 1.0 1.0 1.0 1.0 1.0 1.0 1.0 1.0 1.0 1.0 1.0 1.0 1.0 1.0 1.0 1.0 1.0 1.0 1.0 1.0 1.0 1.0 1.0 1.0 1.0 1.0 1.0 1.0 1.0 1.0 1.0 1.0 1.0 1.0 1.0 0.0 1.0 1.0 1.0 1.0 1.0 1.0 1.0 1.0 1.0 1.0 1.0 1.0 1.0 1.0 1.0 1.0 1.0 1.0 1.0 1.0 1.0 1.0 1.0 1.0 1.0 1.0 1.0 1.0 1.0 1.0 1.0 1.0 1.0 1.0 1.0 1.0 1.0 1.0 1.0 1.0 1.0 1.0 1.0 1.0 1.0 1.0 1.0 
1.0 1.0 1.0 1.0 1.0 1.0 1.0 1.0 1.0 1.0 1.0 1.0 1.0 1.0 1.0 1.0 1.0 1.0 1.0 1.0 1.0 1.0 1.0 1.0 1.0 1.0 1.0 1.0 1.0 1.0 1.0 1.0 1.0 1.0 1.0 1.0 1.0 1.0 1.0 1.0 1.0 1.0 1.0 1.0 1.0 1.0 1.0 1.0 1.0 1.0 1.0 1.0 1.0 1.0 1.0 1.0 1.0 1.0 1.0 1.0 1.0 1.0 1.0 1.0 1.0 1.0 1.0 1.0 1.0 1.0 1.0 1.0 1.0 1.0 1.0 1.0 1.0 1.0 1.0 1.0 1.0 0.0 1.0 1.0 1.0 1.0 1.0 1.0 1.0 1.0 1.0 1.0 1.0 1.0 1.0 1.0 1.0 1.0 1.0 1.0 1.0 1.0 1.0 1.0 1.0 1.0 1.0 1.0 1.0 1.0 1.0 1.0 1.0 1.0 1.0 1.0 1.0 1.0 1.0 1.0 1.0 1.0 1.0 1.0 1.0 1.0 1.0 1.0 
1.0 1.0 1.0 1.0 1.0 1.0 1.0 1.0 1.0 1.0 1.0 1.0 1.0 1.0 1.0 1.0 1.0 1.0 1.0 1.0 1.0 1.0 1.0 1.0 1.0 1.0 1.0 1.0 1.0 1.0 1.0 1.0 1.0 1.0 1.0 1.0 1.0 1.0 1.0 1.0 1.0 1.0 1.0 1.0 1.0 1.0 1.0 1.0 1.0 1.0 1.0 1.0 1.0 1.0 1.0 1.0 1.0 1.0 1.0 1.0 1.0 1.0 1.0 1.0 1.0 1.0 1.0 1.0 1.0 1.0 1.0 1.0 1.0 1.0 1.0 1.0 1.0 1.0 1.0 1.0 1.0 1.0 0.0 1.0 1.0 1.0 1.0 1.0 1.0 1.0 1.0 1.0 1.0 1.0 1.0 1.0 1.0 1.0 1.0 1.0 1.0 1.0 1.0 1.0 1.0 1.0 1.0 1.0 1.0 1.0 1.0 1.0 1.0 1.0 1.0 1.0 1.0 1.0 1.0 1.0 1.0 1.0 1.0 1.0 1.0 1.0 1.0 1.0 
1.0 1.0 1.0 1.0 1.0 1.0 1.0 1.0 1.0 1.0 1.0 1.0 1.0 1.0 1.0 1.0 1.0 1.0 1.0 1.0 1.0 1.0 1.0 1.0 1.0 1.0 1.0 1.0 1.0 1.0 1.0 1.0 1.0 1.0 1.0 1.0 1.0 1.0 1.0 1.0 1.0 1.0 1.0 1.0 1.0 1.0 1.0 1.0 1.0 1.0 1.0 1.0 1.0 1.0 1.0 1.0 1.0 1.0 1.0 1.0 1.0 1.0 1.0 1.0 1.0 1.0 1.0 1.0 1.0 1.0 1.0 1.0 1.0 1.0 1.0 1.0 1.0 1.0 1.0 1.0 1.0 1.0 1.0 0.0 1.0 1.0 1.0 1.0 1.0 1.0 1.0 1.0 1.0 1.0 1.0 1.0 1.0 1.0 1.0 1.0 1.0 1.0 1.0 1.0 1.0 1.0 1.0 1.0 1.0 1.0 1.0 1.0 1.0 1.0 1.0 1.0 1.0 1.0 1.0 1.0 1.0 1.0 1.0 1.0 1.0 1.0 1.0 1.0 
1.0 1.0 1.0 1.0 1.0 1.0 1.0 1.0 1.0 1.0 1.0 1.0 1.0 1.0 1.0 1.0 1.0 1.0 1.0 1.0 1.0 1.0 1.0 1.0 1.0 1.0 1.0 1.0 1.0 1.0 1.0 1.0 1.0 1.0 1.0 1.0 1.0 1.0 1.0 1.0 1.0 1.0 1.0 1.0 1.0 1.0 1.0 1.0 1.0 1.0 1.0 1.0 1.0 1.0 1.0 1.0 1.0 1.0 1.0 1.0 1.0 1.0 1.0 1.0 1.0 1.0 1.0 1.0 1.0 1.0 1.0 1.0 1.0 1.0 1.0 1.0 1.0 1.0 1.0 1.0 1.0 1.0 1.0 1.0 0.0 1.0 1.0 1.0 1.0 1.0 1.0 1.0 1.0 1.0 1.0 1.0 1.0 1.0 1.0 1.0 1.0 1.0 1.0 1.0 1.0 1.0 1.0 1.0 1.0 1.0 1.0 1.0 1.0 1.0 1.0 1.0 1.0 1.0 1.0 1.0 1.0 1.0 1.0 1.0 1.0 1.0 1.0 1.0 
1.0 1.0 1.0 1.0 1.0 1.0 1.0 1.0 1.0 1.0 1.0 1.0 1.0 1.0 1.0 1.0 1.0 1.0 1.0 1.0 1.0 1.0 1.0 1.0 1.0 1.0 1.0 1.0 1.0 1.0 1.0 1.0 1.0 1.0 1.0 1.0 1.0 1.0 1.0 1.0 1.0 1.0 1.0 1.0 1.0 1.0 1.0 1.0 1.0 1.0 1.0 1.0 1.0 1.0 1.0 1.0 1.0 1.0 1.0 1.0 1.0 1.0 1.0 1.0 1.0 1.0 1.0 1.0 1.0 1.0 1.0 1.0 1.0 1.0 1.0 1.0 1.0 1.0 1.0 1.0 1.0 1.0 1.0 1.0 1.0 0.0 1.0 1.0 1.0 1.0 1.0 1.0 1.0 1.0 1.0 1.0 1.0 1.0 1.0 1.0 1.0 1.0 1.0 1.0 1.0 1.0 1.0 1.0 1.0 1.0 1.0 1.0 1.0 1.0 1.0 1.0 1.0 1.0 1.0 1.0 1.0 1.0 1.0 1.0 1.0 1.0 1.0 1.0 
1.0 1.0 1.0 1.0 1.0 1.0 1.0 1.0 1.0 1.0 1.0 1.0 1.0 1.0 1.0 1.0 1.0 1.0 1.0 1.0 1.0 1.0 1.0 1.0 1.0 1.0 1.0 1.0 1.0 1.0 1.0 1.0 1.0 1.0 1.0 1.0 1.0 1.0 1.0 1.0 1.0 1.0 1.0 1.0 1.0 1.0 1.0 1.0 1.0 1.0 1.0 1.0 1.0 1.0 1.0 1.0 1.0 1.0 1.0 1.0 1.0 1.0 1.0 1.0 1.0 1.0 1.0 1.0 1.0 1.0 1.0 1.0 1.0 1.0 1.0 1.0 1.0 1.0 1.0 1.0 1.0 1.0 1.0 1.0 1.0 1.0 0.0 1.0 1.0 1.0 1.0 1.0 1.0 1.0 1.0 1.0 1.0 1.0 1.0 1.0 1.0 1.0 1.0 1.0 1.0 1.0 1.0 1.0 1.0 1.0 1.0 1.0 1.0 1.0 1.0 1.0 1.0 1.0 1.0 1.0 1.0 1.0 1.0 1.0 1.0 1.0 1.0 1.0 
1.0 1.0 1.0 1.0 1.0 1.0 1.0 1.0 1.0 1.0 1.0 1.0 1.0 1.0 1.0 1.0 1.0 1.0 1.0 1.0 1.0 1.0 1.0 1.0 1.0 1.0 1.0 1.0 1.0 1.0 1.0 1.0 1.0 1.0 1.0 1.0 1.0 1.0 1.0 1.0 1.0 1.0 1.0 1.0 1.0 1.0 1.0 1.0 1.0 1.0 1.0 1.0 1.0 1.0 1.0 1.0 1.0 1.0 1.0 1.0 1.0 1.0 1.0 1.0 1.0 1.0 1.0 1.0 1.0 1.0 1.0 1.0 1.0 1.0 1.0 1.0 1.0 1.0 1.0 1.0 1.0 1.0 1.0 1.0 1.0 1.0 1.0 0.0 1.0 1.0 1.0 1.0 1.0 1.0 1.0 1.0 1.0 1.0 1.0 1.0 1.0 1.0 1.0 1.0 1.0 1.0 1.0 1.0 1.0 1.0 1.0 1.0 1.0 1.0 1.0 1.0 1.0 1.0 1.0 1.0 1.0 1.0 1.0 1.0 1.0 1.0 1.0 1.0 
1.0 1.0 1.0 1.0 1.0 1.0 1.0 1.0 1.0 1.0 1.0 1.0 1.0 1.0 1.0 1.0 1.0 1.0 1.0 1.0 1.0 1.0 1.0 1.0 1.0 1.0 1.0 1.0 1.0 1.0 1.0 1.0 1.0 1.0 1.0 1.0 1.0 1.0 1.0 1.0 1.0 1.0 1.0 1.0 1.0 1.0 1.0 1.0 1.0 1.0 1.0 1.0 1.0 1.0 1.0 1.0 1.0 1.0 1.0 1.0 1.0 1.0 1.0 1.0 1.0 1.0 1.0 1.0 1.0 1.0 1.0 1.0 1.0 1.0 1.0 1.0 1.0 1.0 1.0 1.0 1.0 1.0 1.0 1.0 1.0 1.0 1.0 1.0 0.0 1.0 1.0 1.0 1.0 1.0 1.0 1.0 1.0 1.0 1.0 1.0 1.0 1.0 1.0 1.0 1.0 1.0 1.0 1.0 1.0 1.0 1.0 1.0 1.0 1.0 1.0 1.0 1.0 1.0 1.0 1.0 1.0 1.0 1.0 1.0 1.0 1.0 1.0 1.0 
1.0 1.0 1.0 1.0 1.0 1.0 1.0 1.0 1.0 1.0 1.0 1.0 1.0 1.0 1.0 1.0 1.0 1.0 1.0 1.0 1.0 1.0 1.0 1.0 1.0 1.0 1.0 1.0 1.0 1.0 1.0 1.0 1.0 1.0 1.0 1.0 1.0 1.0 1.0 1.0 1.0 1.0 1.0 1.0 1.0 1.0 1.0 1.0 1.0 1.0 1.0 1.0 1.0 1.0 1.0 1.0 1.0 1.0 1.0 1.0 1.0 1.0 1.0 1.0 1.0 1.0 1.0 1.0 1.0 1.0 1.0 1.0 1.0 1.0 1.0 1.0 1.0 1.0 1.0 1.0 1.0 1.0 1.0 1.0 1.0 1.0 1.0 1.0 1.0 0.0 1.0 1.0 1.0 1.0 1.0 1.0 1.0 1.0 1.0 1.0 1.0 1.0 1.0 1.0 1.0 1.0 1.0 1.0 1.0 1.0 1.0 1.0 1.0 1.0 1.0 1.0 1.0 1.0 1.0 1.0 1.0 1.0 1.0 1.0 1.0 1.0 1.0 1.0 
1.0 1.0 1.0 1.0 1.0 1.0 1.0 1.0 1.0 1.0 1.0 1.0 1.0 1.0 1.0 1.0 1.0 1.0 1.0 1.0 1.0 1.0 1.0 1.0 1.0 1.0 1.0 1.0 1.0 1.0 1.0 1.0 1.0 1.0 1.0 1.0 1.0 1.0 1.0 1.0 1.0 1.0 1.0 1.0 1.0 1.0 1.0 1.0 1.0 1.0 1.0 1.0 1.0 1.0 1.0 1.0 1.0 1.0 1.0 1.0 1.0 1.0 1.0 1.0 1.0 1.0 1.0 1.0 1.0 1.0 1.0 1.0 1.0 1.0 1.0 1.0 1.0 1.0 1.0 1.0 1.0 1.0 1.0 1.0 1.0 1.0 1.0 1.0 1.0 1.0 0.0 1.0 1.0 1.0 1.0 1.0 1.0 1.0 1.0 1.0 1.0 1.0 1.0 1.0 1.0 1.0 1.0 1.0 1.0 1.0 1.0 1.0 1.0 1.0 1.0 1.0 1.0 1.0 1.0 1.0 1.0 1.0 1.0 1.0 1.0 1.0 1.0 1.0 
1.0 1.0 1.0 1.0 1.0 1.0 1.0 1.0 1.0 1.0 1.0 1.0 1.0 1.0 1.0 1.0 1.0 1.0 1.0 1.0 1.0 1.0 1.0 1.0 1.0 1.0 1.0 1.0 1.0 1.0 1.0 1.0 1.0 1.0 1.0 1.0 1.0 1.0 1.0 1.0 1.0 1.0 1.0 1.0 1.0 1.0 1.0 1.0 1.0 1.0 1.0 1.0 1.0 1.0 1.0 1.0 1.0 1.0 1.0 1.0 1.0 1.0 1.0 1.0 1.0 1.0 1.0 1.0 1.0 1.0 1.0 1.0 1.0 1.0 1.0 1.0 1.0 1.0 1.0 1.0 1.0 1.0 1.0 1.0 1.0 1.0 1.0 1.0 1.0 1.0 1.0 0.0 1.0 1.0 1.0 1.0 1.0 1.0 1.0 1.0 1.0 1.0 1.0 1.0 1.0 1.0 1.0 1.0 1.0 1.0 1.0 1.0 1.0 1.0 1.0 1.0 1.0 1.0 1.0 1.0 1.0 1.0 1.0 1.0 1.0 1.0 1.0 1.0 
1.0 1.0 1.0 1.0 1.0 1.0 1.0 1.0 1.0 1.0 1.0 1.0 1.0 1.0 1.0 1.0 1.0 1.0 1.0 1.0 1.0 1.0 1.0 1.0 1.0 1.0 1.0 1.0 1.0 1.0 1.0 1.0 1.0 1.0 1.0 1.0 1.0 1.0 1.0 1.0 1.0 1.0 1.0 1.0 1.0 1.0 1.0 1.0 1.0 1.0 1.0 1.0 1.0 1.0 1.0 1.0 1.0 1.0 1.0 1.0 1.0 1.0 1.0 1.0 1.0 1.0 1.0 1.0 1.0 1.0 1.0 1.0 1.0 1.0 1.0 1.0 1.0 1.0 1.0 1.0 1.0 1.0 1.0 1.0 1.0 1.0 1.0 1.0 1.0 1.0 1.0 1.0 0.0 1.0 1.0 1.0 1.0 1.0 1.0 1.0 1.0 1.0 1.0 1.0 1.0 1.0 1.0 1.0 1.0 1.0 1.0 1.0 1.0 1.0 1.0 1.0 1.0 1.0 1.0 1.0 1.0 1.0 1.0 1.0 1.0 1.0 1.0 1.0 
1.0 1.0 1.0 1.0 1.0 1.0 1.0 1.0 1.0 1.0 1.0 1.0 1.0 1.0 1.0 1.0 1.0 1.0 1.0 1.0 1.0 1.0 1.0 1.0 1.0 1.0 1.0 1.0 1.0 1.0 1.0 1.0 1.0 1.0 1.0 1.0 1.0 1.0 1.0 1.0 1.0 1.0 1.0 1.0 1.0 1.0 1.0 1.0 1.0 1.0 1.0 1.0 1.0 1.0 1.0 1.0 1.0 1.0 1.0 1.0 1.0 1.0 1.0 1.0 1.0 1.0 1.0 1.0 1.0 1.0 1.0 1.0 1.0 1.0 1.0 1.0 1.0 1.0 1.0 1.0 1.0 1.0 1.0 1.0 1.0 1.0 1.0 1.0 1.0 1.0 1.0 1.0 1.0 0.0 1.0 1.0 1.0 1.0 1.0 1.0 1.0 1.0 1.0 1.0 1.0 1.0 1.0 1.0 1.0 1.0 1.0 1.0 1.0 1.0 1.0 1.0 1.0 1.0 1.0 1.0 1.0 1.0 1.0 1.0 1.0 1.0 1.0 1.0 
1.0 1.0 1.0 1.0 1.0 1.0 1.0 1.0 1.0 1.0 1.0 1.0 1.0 1.0 1.0 1.0 1.0 1.0 1.0 1.0 1.0 1.0 1.0 1.0 1.0 1.0 1.0 1.0 1.0 1.0 1.0 1.0 1.0 1.0 1.0 1.0 1.0 1.0 1.0 1.0 1.0 1.0 1.0 1.0 1.0 1.0 1.0 1.0 1.0 1.0 1.0 1.0 1.0 1.0 1.0 1.0 1.0 1.0 1.0 1.0 1.0 1.0 1.0 1.0 1.0 1.0 1.0 1.0 1.0 1.0 1.0 1.0 1.0 1.0 1.0 1.0 1.0 1.0 1.0 1.0 1.0 1.0 1.0 1.0 1.0 1.0 1.0 1.0 1.0 1.0 1.0 1.0 1.0 1.0 0.0 1.0 1.0 1.0 1.0 1.0 1.0 1.0 1.0 1.0 1.0 1.0 1.0 1.0 1.0 1.0 1.0 1.0 1.0 1.0 1.0 1.0 1.0 1.0 1.0 1.0 1.0 1.0 1.0 1.0 1.0 1.0 1.0 1.0 
1.0 1.0 1.0 1.0 1.0 1.0 1.0 1.0 1.0 1.0 1.0 1.0 1.0 1.0 1.0 1.0 1.0 1.0 1.0 1.0 1.0 1.0 1.0 1.0 1.0 1.0 1.0 1.0 1.0 1.0 1.0 1.0 1.0 1.0 1.0 1.0 1.0 1.0 1.0 1.0 1.0 1.0 1.0 1.0 1.0 1.0 1.0 1.0 1.0 1.0 1.0 1.0 1.0 1.0 1.0 1.0 1.0 1.0 1.0 1.0 1.0 1.0 1.0 1.0 1.0 1.0 1.0 1.0 1.0 1.0 1.0 1.0 1.0 1.0 1.0 1.0 1.0 1.0 1.0 1.0 1.0 1.0 1.0 1.0 1.0 1.0 1.0 1.0 1.0 1.0 1.0 1.0 1.0 1.0 1.0 0.0 1.0 1.0 1.0 1.0 1.0 1.0 1.0 1.0 1.0 1.0 1.0 1.0 1.0 1.0 1.0 1.0 1.0 1.0 1.0 1.0 1.0 1.0 1.0 1.0 1.0 1.0 1.0 1.0 1.0 1.0 1.0 1.0 
1.0 1.0 1.0 1.0 1.0 1.0 1.0 1.0 1.0 1.0 1.0 1.0 1.0 1.0 1.0 1.0 1.0 1.0 1.0 1.0 1.0 1.0 1.0 1.0 1.0 1.0 1.0 1.0 1.0 1.0 1.0 1.0 1.0 1.0 1.0 1.0 1.0 1.0 1.0 1.0 1.0 1.0 1.0 1.0 1.0 1.0 1.0 1.0 1.0 1.0 1.0 1.0 1.0 1.0 1.0 1.0 1.0 1.0 1.0 1.0 1.0 1.0 1.0 1.0 1.0 1.0 1.0 1.0 1.0 1.0 1.0 1.0 1.0 1.0 1.0 1.0 1.0 1.0 1.0 1.0 1.0 1.0 1.0 1.0 1.0 1.0 1.0 1.0 1.0 1.0 1.0 1.0 1.0 1.0 1.0 1.0 0.0 1.0 1.0 1.0 1.0 1.0 1.0 1.0 1.0 1.0 1.0 1.0 1.0 1.0 1.0 1.0 1.0 1.0 1.0 1.0 1.0 1.0 1.0 1.0 1.0 1.0 1.0 1.0 1.0 1.0 1.0 1.0 
1.0 1.0 1.0 1.0 1.0 1.0 1.0 1.0 1.0 1.0 1.0 1.0 1.0 1.0 1.0 1.0 1.0 1.0 1.0 1.0 1.0 1.0 1.0 1.0 1.0 1.0 1.0 1.0 1.0 1.0 1.0 1.0 1.0 1.0 1.0 1.0 1.0 1.0 1.0 1.0 1.0 1.0 1.0 1.0 1.0 1.0 1.0 1.0 1.0 1.0 1.0 1.0 1.0 1.0 1.0 1.0 1.0 1.0 1.0 1.0 1.0 1.0 1.0 1.0 1.0 1.0 1.0 1.0 1.0 1.0 1.0 1.0 1.0 1.0 1.0 1.0 1.0 1.0 1.0 1.0 1.0 1.0 1.0 1.0 1.0 1.0 1.0 1.0 1.0 1.0 1.0 1.0 1.0 1.0 1.0 1.0 1.0 0.0 1.0 1.0 1.0 1.0 1.0 1.0 1.0 1.0 1.0 1.0 1.0 1.0 1.0 1.0 1.0 1.0 1.0 1.0 1.0 1.0 1.0 1.0 1.0 1.0 1.0 1.0 1.0 1.0 1.0 1.0 
1.0 1.0 1.0 1.0 1.0 1.0 1.0 1.0 1.0 1.0 1.0 1.0 1.0 1.0 1.0 1.0 1.0 1.0 1.0 1.0 1.0 1.0 1.0 1.0 1.0 1.0 1.0 1.0 1.0 1.0 1.0 1.0 1.0 1.0 1.0 1.0 1.0 1.0 1.0 1.0 1.0 1.0 1.0 1.0 1.0 1.0 1.0 1.0 1.0 1.0 1.0 1.0 1.0 1.0 1.0 1.0 1.0 1.0 1.0 1.0 1.0 1.0 1.0 1.0 1.0 1.0 1.0 1.0 1.0 1.0 1.0 1.0 1.0 1.0 1.0 1.0 1.0 1.0 1.0 1.0 1.0 1.0 1.0 1.0 1.0 1.0 1.0 1.0 1.0 1.0 1.0 1.0 1.0 1.0 1.0 1.0 1.0 1.0 0.0 1.0 1.0 1.0 1.0 1.0 1.0 1.0 1.0 1.0 1.0 1.0 1.0 1.0 1.0 1.0 1.0 1.0 1.0 1.0 1.0 1.0 1.0 1.0 1.0 1.0 1.0 1.0 1.0 1.0 
1.0 1.0 1.0 1.0 1.0 1.0 1.0 1.0 1.0 1.0 1.0 1.0 1.0 1.0 1.0 1.0 1.0 1.0 1.0 1.0 1.0 1.0 1.0 1.0 1.0 1.0 1.0 1.0 1.0 1.0 1.0 1.0 1.0 1.0 1.0 1.0 1.0 1.0 1.0 1.0 1.0 1.0 1.0 1.0 1.0 1.0 1.0 1.0 1.0 1.0 1.0 1.0 1.0 1.0 1.0 1.0 1.0 1.0 1.0 1.0 1.0 1.0 1.0 1.0 1.0 1.0 1.0 1.0 1.0 1.0 1.0 1.0 1.0 1.0 1.0 1.0 1.0 1.0 1.0 1.0 1.0 1.0 1.0 1.0 1.0 1.0 1.0 1.0 1.0 1.0 1.0 1.0 1.0 1.0 1.0 1.0 1.0 1.0 1.0 0.0 1.0 1.0 1.0 1.0 1.0 1.0 1.0 1.0 1.0 1.0 1.0 1.0 1.0 1.0 1.0 1.0 1.0 1.0 1.0 1.0 1.0 1.0 1.0 1.0 1.0 1.0 1.0 1.0 
1.0 1.0 1.0 1.0 1.0 1.0 1.0 1.0 1.0 1.0 1.0 1.0 1.0 1.0 1.0 1.0 1.0 1.0 1.0 1.0 1.0 1.0 1.0 1.0 1.0 1.0 1.0 1.0 1.0 1.0 1.0 1.0 1.0 1.0 1.0 1.0 1.0 1.0 1.0 1.0 1.0 1.0 1.0 1.0 1.0 1.0 1.0 1.0 1.0 1.0 1.0 1.0 1.0 1.0 1.0 1.0 1.0 1.0 1.0 1.0 1.0 1.0 1.0 1.0 1.0 1.0 1.0 1.0 1.0 1.0 1.0 1.0 1.0 1.0 1.0 1.0 1.0 1.0 1.0 1.0 1.0 1.0 1.0 1.0 1.0 1.0 1.0 1.0 1.0 1.0 1.0 1.0 1.0 1.0 1.0 1.0 1.0 1.0 1.0 1.0 0.0 1.0 1.0 1.0 1.0 1.0 1.0 1.0 1.0 1.0 1.0 1.0 1.0 1.0 1.0 1.0 1.0 1.0 1.0 1.0 1.0 1.0 1.0 1.0 1.0 1.0 1.0 1.0 
1.0 1.0 1.0 1.0 1.0 1.0 1.0 1.0 1.0 1.0 1.0 1.0 1.0 1.0 1.0 1.0 1.0 1.0 1.0 1.0 1.0 1.0 1.0 1.0 1.0 1.0 1.0 1.0 1.0 1.0 1.0 1.0 1.0 1.0 1.0 1.0 1.0 1.0 1.0 1.0 1.0 1.0 1.0 1.0 1.0 1.0 1.0 1.0 1.0 1.0 1.0 1.0 1.0 1.0 1.0 1.0 1.0 1.0 1.0 1.0 1.0 1.0 1.0 1.0 1.0 1.0 1.0 1.0 1.0 1.0 1.0 1.0 1.0 1.0 1.0 1.0 1.0 1.0 1.0 1.0 1.0 1.0 1.0 1.0 1.0 1.0 1.0 1.0 1.0 1.0 1.0 1.0 1.0 1.0 1.0 1.0 1.0 1.0 1.0 1.0 1.0 0.0 1.0 1.0 1.0 1.0 1.0 1.0 1.0 1.0 1.0 1.0 1.0 1.0 1.0 1.0 1.0 1.0 1.0 1.0 1.0 1.0 1.0 1.0 1.0 1.0 1.0 1.0 
1.0 1.0 1.0 1.0 1.0 1.0 1.0 1.0 1.0 1.0 1.0 1.0 1.0 1.0 1.0 1.0 1.0 1.0 1.0 1.0 1.0 1.0 1.0 1.0 1.0 1.0 1.0 1.0 1.0 1.0 1.0 1.0 1.0 1.0 1.0 1.0 1.0 1.0 1.0 1.0 1.0 1.0 1.0 1.0 1.0 1.0 1.0 1.0 1.0 1.0 1.0 1.0 1.0 1.0 1.0 1.0 1.0 1.0 1.0 1.0 1.0 1.0 1.0 1.0 1.0 1.0 1.0 1.0 1.0 1.0 1.0 1.0 1.0 1.0 1.0 1.0 1.0 1.0 1.0 1.0 1.0 1.0 1.0 1.0 1.0 1.0 1.0 1.0 1.0 1.0 1.0 1.0 1.0 1.0 1.0 1.0 1.0 1.0 1.0 1.0 1.0 1.0 0.0 1.0 1.0 1.0 1.0 1.0 1.0 1.0 1.0 1.0 1.0 1.0 1.0 1.0 1.0 1.0 1.0 1.0 1.0 1.0 1.0 1.0 1.0 1.0 1.0 1.0 
1.0 1.0 1.0 1.0 1.0 1.0 1.0 1.0 1.0 1.0 1.0 1.0 1.0 1.0 1.0 1.0 1.0 1.0 1.0 1.0 1.0 1.0 1.0 1.0 1.0 1.0 1.0 1.0 1.0 1.0 1.0 1.0 1.0 1.0 1.0 1.0 1.0 1.0 1.0 1.0 1.0 1.0 1.0 1.0 1.0 1.0 1.0 1.0 1.0 1.0 1.0 1.0 1.0 1.0 1.0 1.0 1.0 1.0 1.0 1.0 1.0 1.0 1.0 1.0 1.0 1.0 1.0 1.0 1.0 1.0 1.0 1.0 1.0 1.0 1.0 1.0 1.0 1.0 1.0 1.0 1.0 1.0 1.0 1.0 1.0 1.0 1.0 1.0 1.0 1.0 1.0 1.0 1.0 1.0 1.0 1.0 1.0 1.0 1.0 1.0 1.0 1.0 1.0 0.0 1.0 1.0 1.0 1.0 1.0 1.0 1.0 1.0 1.0 1.0 1.0 1.0 1.0 1.0 1.0 1.0 1.0 1.0 1.0 1.0 1.0 1.0 1.0 1.0 
1.0 1.0 1.0 1.0 1.0 1.0 1.0 1.0 1.0 1.0 1.0 1.0 1.0 1.0 1.0 1.0 1.0 1.0 1.0 1.0 1.0 1.0 1.0 1.0 1.0 1.0 1.0 1.0 1.0 1.0 1.0 1.0 1.0 1.0 1.0 1.0 1.0 1.0 1.0 1.0 1.0 1.0 1.0 1.0 1.0 1.0 1.0 1.0 1.0 1.0 1.0 1.0 1.0 1.0 1.0 1.0 1.0 1.0 1.0 1.0 1.0 1.0 1.0 1.0 1.0 1.0 1.0 1.0 1.0 1.0 1.0 1.0 1.0 1.0 1.0 1.0 1.0 1.0 1.0 1.0 1.0 1.0 1.0 1.0 1.0 1.0 1.0 1.0 1.0 1.0 1.0 1.0 1.0 1.0 1.0 1.0 1.0 1.0 1.0 1.0 1.0 1.0 1.0 1.0 0.0 1.0 1.0 1.0 1.0 1.0 1.0 1.0 1.0 1.0 1.0 1.0 1.0 1.0 1.0 1.0 1.0 1.0 1.0 1.0 1.0 1.0 1.0 1.0 
1.0 1.0 1.0 1.0 1.0 1.0 1.0 1.0 1.0 1.0 1.0 1.0 1.0 1.0 1.0 1.0 1.0 1.0 1.0 1.0 1.0 1.0 1.0 1.0 1.0 1.0 1.0 1.0 1.0 1.0 1.0 1.0 1.0 1.0 1.0 1.0 1.0 1.0 1.0 1.0 1.0 1.0 1.0 1.0 1.0 1.0 1.0 1.0 1.0 1.0 1.0 1.0 1.0 1.0 1.0 1.0 1.0 1.0 1.0 1.0 1.0 1.0 1.0 1.0 1.0 1.0 1.0 1.0 1.0 1.0 1.0 1.0 1.0 1.0 1.0 1.0 1.0 1.0 1.0 1.0 1.0 1.0 1.0 1.0 1.0 1.0 1.0 1.0 1.0 1.0 1.0 1.0 1.0 1.0 1.0 1.0 1.0 1.0 1.0 1.0 1.0 1.0 1.0 1.0 1.0 0.0 1.0 1.0 1.0 1.0 1.0 1.0 1.0 1.0 1.0 1.0 1.0 1.0 1.0 1.0 1.0 1.0 1.0 1.0 1.0 1.0 1.0 1.0 
1.0 1.0 1.0 1.0 1.0 1.0 1.0 1.0 1.0 1.0 1.0 1.0 1.0 1.0 1.0 1.0 1.0 1.0 1.0 1.0 1.0 1.0 1.0 1.0 1.0 1.0 1.0 1.0 1.0 1.0 1.0 1.0 1.0 1.0 1.0 1.0 1.0 1.0 1.0 1.0 1.0 1.0 1.0 1.0 1.0 1.0 1.0 1.0 1.0 1.0 1.0 1.0 1.0 1.0 1.0 1.0 1.0 1.0 1.0 1.0 1.0 1.0 1.0 1.0 1.0 1.0 1.0 1.0 1.0 1.0 1.0 1.0 1.0 1.0 1.0 1.0 1.0 1.0 1.0 1.0 1.0 1.0 1.0 1.0 1.0 1.0 1.0 1.0 1.0 1.0 1.0 1.0 1.0 1.0 1.0 1.0 1.0 1.0 1.0 1.0 1.0 1.0 1.0 1.0 1.0 1.0 0.0 1.0 1.0 1.0 1.0 1.0 1.0 1.0 1.0 1.0 1.0 1.0 1.0 1.0 1.0 1.0 1.0 1.0 1.0 1.0 1.0 1.0 
1.0 1.0 1.0 1.0 1.0 1.0 1.0 1.0 1.0 1.0 1.0 1.0 1.0 1.0 1.0 1.0 1.0 1.0 1.0 1.0 1.0 1.0 1.0 1.0 1.0 1.0 1.0 1.0 1.0 1.0 1.0 1.0 1.0 1.0 1.0 1.0 1.0 1.0 1.0 1.0 1.0 1.0 1.0 1.0 1.0 1.0 1.0 1.0 1.0 1.0 1.0 1.0 1.0 1.0 1.0 1.0 1.0 1.0 1.0 1.0 1.0 1.0 1.0 1.0 1.0 1.0 1.0 1.0 1.0 1.0 1.0 1.0 1.0 1.0 1.0 1.0 1.0 1.0 1.0 1.0 1.0 1.0 1.0 1.0 1.0 1.0 1.0 1.0 1.0 1.0 1.0 1.0 1.0 1.0 1.0 1.0 1.0 1.0 1.0 1.0 1.0 1.0 1.0 1.0 1.0 1.0 1.0 0.0 1.0 1.0 1.0 1.0 1.0 1.0 1.0 1.0 1.0 1.0 1.0 1.0 1.0 1.0 1.0 1.0 1.0 1.0 1.0 1.0 
1.0 1.0 1.0 1.0 1.0 1.0 1.0 1.0 1.0 1.0 1.0 1.0 1.0 1.0 1.0 1.0 1.0 1.0 1.0 1.0 1.0 1.0 1.0 1.0 1.0 1.0 1.0 1.0 1.0 1.0 1.0 1.0 1.0 1.0 1.0 1.0 1.0 1.0 1.0 1.0 1.0 1.0 1.0 1.0 1.0 1.0 1.0 1.0 1.0 1.0 1.0 1.0 1.0 1.0 1.0 1.0 1.0 1.0 1.0 1.0 1.0 1.0 1.0 1.0 1.0 1.0 1.0 1.0 1.0 1.0 1.0 1.0 1.0 1.0 1.0 1.0 1.0 1.0 1.0 1.0 1.0 1.0 1.0 1.0 1.0 1.0 1.0 1.0 1.0 1.0 1.0 1.0 1.0 1.0 1.0 1.0 1.0 1.0 1.0 1.0 1.0 1.0 1.0 1.0 1.0 1.0 1.0 1.0 0.0 1.0 1.0 1.0 1.0 1.0 1.0 1.0 1.0 1.0 1.0 1.0 1.0 1.0 1.0 1.0 1.0 1.0 1.0 1.0 
1.0 1.0 1.0 1.0 1.0 1.0 1.0 1.0 1.0 1.0 1.0 1.0 1.0 1.0 1.0 1.0 1.0 1.0 1.0 1.0 1.0 1.0 1.0 1.0 1.0 1.0 1.0 1.0 1.0 1.0 1.0 1.0 1.0 1.0 1.0 1.0 1.0 1.0 1.0 1.0 1.0 1.0 1.0 1.0 1.0 1.0 1.0 1.0 1.0 1.0 1.0 1.0 1.0 1.0 1.0 1.0 1.0 1.0 1.0 1.0 1.0 1.0 1.0 1.0 1.0 1.0 1.0 1.0 1.0 1.0 1.0 1.0 1.0 1.0 1.0 1.0 1.0 1.0 1.0 1.0 1.0 1.0 1.0 1.0 1.0 1.0 1.0 1.0 1.0 1.0 1.0 1.0 1.0 1.0 1.0 1.0 1.0 1.0 1.0 1.0 1.0 1.0 1.0 1.0 1.0 1.0 1.0 1.0 1.0 0.0 1.0 1.0 1.0 1.0 1.0 1.0 1.0 1.0 1.0 1.0 1.0 1.0 1.0 1.0 1.0 1.0 1.0 1.0 
1.0 1.0 1.0 1.0 1.0 1.0 1.0 1.0 1.0 1.0 1.0 1.0 1.0 1.0 1.0 1.0 1.0 1.0 1.0 1.0 1.0 1.0 1.0 1.0 1.0 1.0 1.0 1.0 1.0 1.0 1.0 1.0 1.0 1.0 1.0 1.0 1.0 1.0 1.0 1.0 1.0 1.0 1.0 1.0 1.0 1.0 1.0 1.0 1.0 1.0 1.0 1.0 1.0 1.0 1.0 1.0 1.0 1.0 1.0 1.0 1.0 1.0 1.0 1.0 1.0 1.0 1.0 1.0 1.0 1.0 1.0 1.0 1.0 1.0 1.0 1.0 1.0 1.0 1.0 1.0 1.0 1.0 1.0 1.0 1.0 1.0 1.0 1.0 1.0 1.0 1.0 1.0 1.0 1.0 1.0 1.0 1.0 1.0 1.0 1.0 1.0 1.0 1.0 1.0 1.0 1.0 1.0 1.0 1.0 1.0 0.0 1.0 1.0 1.0 1.0 1.0 1.0 1.0 1.0 1.0 1.0 1.0 1.0 1.0 1.0 1.0 1.0 1.0 
1.0 1.0 1.0 1.0 1.0 1.0 1.0 1.0 1.0 1.0 1.0 1.0 1.0 1.0 1.0 1.0 1.0 1.0 1.0 1.0 1.0 1.0 1.0 1.0 1.0 1.0 1.0 1.0 1.0 1.0 1.0 1.0 1.0 1.0 1.0 1.0 1.0 1.0 1.0 1.0 1.0 1.0 1.0 1.0 1.0 1.0 1.0 1.0 1.0 1.0 1.0 1.0 1.0 1.0 1.0 1.0 1.0 1.0 1.0 1.0 1.0 1.0 1.0 1.0 1.0 1.0 1.0 1.0 1.0 1.0 1.0 1.0 1.0 1.0 1.0 1.0 1.0 1.0 1.0 1.0 1.0 1.0 1.0 1.0 1.0 1.0 1.0 1.0 1.0 1.0 1.0 1.0 1.0 1.0 1.0 1.0 1.0 1.0 1.0 1.0 1.0 1.0 1.0 1.0 1.0 1.0 1.0 1.0 1.0 1.0 1.0 0.0 1.0 1.0 1.0 1.0 1.0 1.0 1.0 1.0 1.0 1.0 1.0 1.0 1.0 1.0 1.0 1.0 
1.0 1.0 1.0 1.0 1.0 1.0 1.0 1.0 1.0 1.0 1.0 1.0 1.0 1.0 1.0 1.0 1.0 1.0 1.0 1.0 1.0 1.0 1.0 1.0 1.0 1.0 1.0 1.0 1.0 1.0 1.0 1.0 1.0 1.0 1.0 1.0 1.0 1.0 1.0 1.0 1.0 1.0 1.0 1.0 1.0 1.0 1.0 1.0 1.0 1.0 1.0 1.0 1.0 1.0 1.0 1.0 1.0 1.0 1.0 1.0 1.0 1.0 1.0 1.0 1.0 1.0 1.0 1.0 1.0 1.0 1.0 1.0 1.0 1.0 1.0 1.0 1.0 1.0 1.0 1.0 1.0 1.0 1.0 1.0 1.0 1.0 1.0 1.0 1.0 1.0 1.0 1.0 1.0 1.0 1.0 1.0 1.0 1.0 1.0 1.0 1.0 1.0 1.0 1.0 1.0 1.0 1.0 1.0 1.0 1.0 1.0 1.0 0.0 1.0 1.0 1.0 1.0 1.0 1.0 1.0 1.0 1.0 1.0 1.0 1.0 1.0 1.0 1.0 
1.0 1.0 1.0 1.0 1.0 1.0 1.0 1.0 1.0 1.0 1.0 1.0 1.0 1.0 1.0 1.0 1.0 1.0 1.0 1.0 1.0 1.0 1.0 1.0 1.0 1.0 1.0 1.0 1.0 1.0 1.0 1.0 1.0 1.0 1.0 1.0 1.0 1.0 1.0 1.0 1.0 1.0 1.0 1.0 1.0 1.0 1.0 1.0 1.0 1.0 1.0 1.0 1.0 1.0 1.0 1.0 1.0 1.0 1.0 1.0 1.0 1.0 1.0 1.0 1.0 1.0 1.0 1.0 1.0 1.0 1.0 1.0 1.0 1.0 1.0 1.0 1.0 1.0 1.0 1.0 1.0 1.0 1.0 1.0 1.0 1.0 1.0 1.0 1.0 1.0 1.0 1.0 1.0 1.0 1.0 1.0 1.0 1.0 1.0 1.0 1.0 1.0 1.0 1.0 1.0 1.0 1.0 1.0 1.0 1.0 1.0 1.0 1.0 0.0 1.0 1.0 1.0 1.0 1.0 1.0 1.0 1.0 1.0 1.0 1.0 1.0 1.0 1.0 
1.0 1.0 1.0 1.0 1.0 1.0 1.0 1.0 1.0 1.0 1.0 1.0 1.0 1.0 1.0 1.0 1.0 1.0 1.0 1.0 1.0 1.0 1.0 1.0 1.0 1.0 1.0 1.0 1.0 1.0 1.0 1.0 1.0 1.0 1.0 1.0 1.0 1.0 1.0 1.0 1.0 1.0 1.0 1.0 1.0 1.0 1.0 1.0 1.0 1.0 1.0 1.0 1.0 1.0 1.0 1.0 1.0 1.0 1.0 1.0 1.0 1.0 1.0 1.0 1.0 1.0 1.0 1.0 1.0 1.0 1.0 1.0 1.0 1.0 1.0 1.0 1.0 1.0 1.0 1.0 1.0 1.0 1.0 1.0 1.0 1.0 1.0 1.0 1.0 1.0 1.0 1.0 1.0 1.0 1.0 1.0 1.0 1.0 1.0 1.0 1.0 1.0 1.0 1.0 1.0 1.0 1.0 1.0 1.0 1.0 1.0 1.0 1.0 1.0 0.0 1.0 1.0 1.0 1.0 1.0 1.0 1.0 1.0 1.0 1.0 1.0 1.0 1.0 
1.0 1.0 1.0 1.0 1.0 1.0 1.0 1.0 1.0 1.0 1.0 1.0 1.0 1.0 1.0 1.0 1.0 1.0 1.0 1.0 1.0 1.0 1.0 1.0 1.0 1.0 1.0 1.0 1.0 1.0 1.0 1.0 1.0 1.0 1.0 1.0 1.0 1.0 1.0 1.0 1.0 1.0 1.0 1.0 1.0 1.0 1.0 1.0 1.0 1.0 1.0 1.0 1.0 1.0 1.0 1.0 1.0 1.0 1.0 1.0 1.0 1.0 1.0 1.0 1.0 1.0 1.0 1.0 1.0 1.0 1.0 1.0 1.0 1.0 1.0 1.0 1.0 1.0 1.0 1.0 1.0 1.0 1.0 1.0 1.0 1.0 1.0 1.0 1.0 1.0 1.0 1.0 1.0 1.0 1.0 1.0 1.0 1.0 1.0 1.0 1.0 1.0 1.0 1.0 1.0 1.0 1.0 1.0 1.0 1.0 1.0 1.0 1.0 1.0 1.0 0.0 1.0 1.0 1.0 1.0 1.0 1.0 1.0 1.0 1.0 1.0 1.0 1.0 
1.0 1.0 1.0 1.0 1.0 1.0 1.0 1.0 1.0 1.0 1.0 1.0 1.0 1.0 1.0 1.0 1.0 1.0 1.0 1.0 1.0 1.0 1.0 1.0 1.0 1.0 1.0 1.0 1.0 1.0 1.0 1.0 1.0 1.0 1.0 1.0 1.0 1.0 1.0 1.0 1.0 1.0 1.0 1.0 1.0 1.0 1.0 1.0 1.0 1.0 1.0 1.0 1.0 1.0 1.0 1.0 1.0 1.0 1.0 1.0 1.0 1.0 1.0 1.0 1.0 1.0 1.0 1.0 1.0 1.0 1.0 1.0 1.0 1.0 1.0 1.0 1.0 1.0 1.0 1.0 1.0 1.0 1.0 1.0 1.0 1.0 1.0 1.0 1.0 1.0 1.0 1.0 1.0 1.0 1.0 1.0 1.0 1.0 1.0 1.0 1.0 1.0 1.0 1.0 1.0 1.0 1.0 1.0 1.0 1.0 1.0 1.0 1.0 1.0 1.0 1.0 0.0 1.0 1.0 1.0 1.0 1.0 1.0 1.0 1.0 1.0 1.0 1.0 
1.0 1.0 1.0 1.0 1.0 1.0 1.0 1.0 1.0 1.0 1.0 1.0 1.0 1.0 1.0 1.0 1.0 1.0 1.0 1.0 1.0 1.0 1.0 1.0 1.0 1.0 1.0 1.0 1.0 1.0 1.0 1.0 1.0 1.0 1.0 1.0 1.0 1.0 1.0 1.0 1.0 1.0 1.0 1.0 1.0 1.0 1.0 1.0 1.0 1.0 1.0 1.0 1.0 1.0 1.0 1.0 1.0 1.0 1.0 1.0 1.0 1.0 1.0 1.0 1.0 1.0 1.0 1.0 1.0 1.0 1.0 1.0 1.0 1.0 1.0 1.0 1.0 1.0 1.0 1.0 1.0 1.0 1.0 1.0 1.0 1.0 1.0 1.0 1.0 1.0 1.0 1.0 1.0 1.0 1.0 1.0 1.0 1.0 1.0 1.0 1.0 1.0 1.0 1.0 1.0 1.0 1.0 1.0 1.0 1.0 1.0 1.0 1.0 1.0 1.0 1.0 1.0 0.0 1.0 1.0 1.0 1.0 1.0 1.0 1.0 1.0 1.0 1.0 
1.0 1.0 1.0 1.0 1.0 1.0 1.0 1.0 1.0 1.0 1.0 1.0 1.0 1.0 1.0 1.0 1.0 1.0 1.0 1.0 1.0 1.0 1.0 1.0 1.0 1.0 1.0 1.0 1.0 1.0 1.0 1.0 1.0 1.0 1.0 1.0 1.0 1.0 1.0 1.0 1.0 1.0 1.0 1.0 1.0 1.0 1.0 1.0 1.0 1.0 1.0 1.0 1.0 1.0 1.0 1.0 1.0 1.0 1.0 1.0 1.0 1.0 1.0 1.0 1.0 1.0 1.0 1.0 1.0 1.0 1.0 1.0 1.0 1.0 1.0 1.0 1.0 1.0 1.0 1.0 1.0 1.0 1.0 1.0 1.0 1.0 1.0 1.0 1.0 1.0 1.0 1.0 1.0 1.0 1.0 1.0 1.0 1.0 1.0 1.0 1.0 1.0 1.0 1.0 1.0 1.0 1.0 1.0 1.0 1.0 1.0 1.0 1.0 1.0 1.0 1.0 1.0 1.0 0.0 1.0 1.0 1.0 1.0 1.0 1.0 1.0 1.0 1.0 
1.0 1.0 1.0 1.0 1.0 1.0 1.0 1.0 1.0 1.0 1.0 1.0 1.0 1.0 1.0 1.0 1.0 1.0 1.0 1.0 1.0 1.0 1.0 1.0 1.0 1.0 1.0 1.0 1.0 1.0 1.0 1.0 1.0 1.0 1.0 1.0 1.0 1.0 1.0 1.0 1.0 1.0 1.0 1.0 1.0 1.0 1.0 1.0 1.0 1.0 1.0 1.0 1.0 1.0 1.0 1.0 1.0 1.0 1.0 1.0 1.0 1.0 1.0 1.0 1.0 1.0 1.0 1.0 1.0 1.0 1.0 1.0 1.0 1.0 1.0 1.0 1.0 1.0 1.0 1.0 1.0 1.0 1.0 1.0 1.0 1.0 1.0 1.0 1.0 1.0 1.0 1.0 1.0 1.0 1.0 1.0 1.0 1.0 1.0 1.0 1.0 1.0 1.0 1.0 1.0 1.0 1.0 1.0 1.0 1.0 1.0 1.0 1.0 1.0 1.0 1.0 1.0 1.0 1.0 0.0 1.0 1.0 1.0 1.0 1.0 1.0 1.0 1.0 
1.0 1.0 1.0 1.0 1.0 1.0 1.0 1.0 1.0 1.0 1.0 1.0 1.0 1.0 1.0 1.0 1.0 1.0 1.0 1.0 1.0 1.0 1.0 1.0 1.0 1.0 1.0 1.0 1.0 1.0 1.0 1.0 1.0 1.0 1.0 1.0 1.0 1.0 1.0 1.0 1.0 1.0 1.0 1.0 1.0 1.0 1.0 1.0 1.0 1.0 1.0 1.0 1.0 1.0 1.0 1.0 1.0 1.0 1.0 1.0 1.0 1.0 1.0 1.0 1.0 1.0 1.0 1.0 1.0 1.0 1.0 1.0 1.0 1.0 1.0 1.0 1.0 1.0 1.0 1.0 1.0 1.0 1.0 1.0 1.0 1.0 1.0 1.0 1.0 1.0 1.0 1.0 1.0 1.0 1.0 1.0 1.0 1.0 1.0 1.0 1.0 1.0 1.0 1.0 1.0 1.0 1.0 1.0 1.0 1.0 1.0 1.0 1.0 1.0 1.0 1.0 1.0 1.0 1.0 1.0 0.0 1.0 1.0 1.0 1.0 1.0 1.0 1.0 
1.0 1.0 1.0 1.0 1.0 1.0 1.0 1.0 1.0 1.0 1.0 1.0 1.0 1.0 1.0 1.0 1.0 1.0 1.0 1.0 1.0 1.0 1.0 1.0 1.0 1.0 1.0 1.0 1.0 1.0 1.0 1.0 1.0 1.0 1.0 1.0 1.0 1.0 1.0 1.0 1.0 1.0 1.0 1.0 1.0 1.0 1.0 1.0 1.0 1.0 1.0 1.0 1.0 1.0 1.0 1.0 1.0 1.0 1.0 1.0 1.0 1.0 1.0 1.0 1.0 1.0 1.0 1.0 1.0 1.0 1.0 1.0 1.0 1.0 1.0 1.0 1.0 1.0 1.0 1.0 1.0 1.0 1.0 1.0 1.0 1.0 1.0 1.0 1.0 1.0 1.0 1.0 1.0 1.0 1.0 1.0 1.0 1.0 1.0 1.0 1.0 1.0 1.0 1.0 1.0 1.0 1.0 1.0 1.0 1.0 1.0 1.0 1.0 1.0 1.0 1.0 1.0 1.0 1.0 1.0 1.0 0.0 1.0 1.0 1.0 1.0 1.0 1.0 
1.0 1.0 1.0 1.0 1.0 1.0 1.0 1.0 1.0 1.0 1.0 1.0 1.0 1.0 1.0 1.0 1.0 1.0 1.0 1.0 1.0 1.0 1.0 1.0 1.0 1.0 1.0 1.0 1.0 1.0 1.0 1.0 1.0 1.0 1.0 1.0 1.0 1.0 1.0 1.0 1.0 1.0 1.0 1.0 1.0 1.0 1.0 1.0 1.0 1.0 1.0 1.0 1.0 1.0 1.0 1.0 1.0 1.0 1.0 1.0 1.0 1.0 1.0 1.0 1.0 1.0 1.0 1.0 1.0 1.0 1.0 1.0 1.0 1.0 1.0 1.0 1.0 1.0 1.0 1.0 1.0 1.0 1.0 1.0 1.0 1.0 1.0 1.0 1.0 1.0 1.0 1.0 1.0 1.0 1.0 1.0 1.0 1.0 1.0 1.0 1.0 1.0 1.0 1.0 1.0 1.0 1.0 1.0 1.0 1.0 1.0 1.0 1.0 1.0 1.0 1.0 1.0 1.0 1.0 1.0 1.0 1.0 0.0 1.0 1.0 1.0 1.0 1.0 
1.0 1.0 1.0 1.0 1.0 1.0 1.0 1.0 1.0 1.0 1.0 1.0 1.0 1.0 1.0 1.0 1.0 1.0 1.0 1.0 1.0 1.0 1.0 1.0 1.0 1.0 1.0 1.0 1.0 1.0 1.0 1.0 1.0 1.0 1.0 1.0 1.0 1.0 1.0 1.0 1.0 1.0 1.0 1.0 1.0 1.0 1.0 1.0 1.0 1.0 1.0 1.0 1.0 1.0 1.0 1.0 1.0 1.0 1.0 1.0 1.0 1.0 1.0 1.0 1.0 1.0 1.0 1.0 1.0 1.0 1.0 1.0 1.0 1.0 1.0 1.0 1.0 1.0 1.0 1.0 1.0 1.0 1.0 1.0 1.0 1.0 1.0 1.0 1.0 1.0 1.0 1.0 1.0 1.0 1.0 1.0 1.0 1.0 1.0 1.0 1.0 1.0 1.0 1.0 1.0 1.0 1.0 1.0 1.0 1.0 1.0 1.0 1.0 1.0 1.0 1.0 1.0 1.0 1.0 1.0 1.0 1.0 1.0 0.0 1.0 1.0 1.0 1.0 
1.0 1.0 1.0 1.0 1.0 1.0 1.0 1.0 1.0 1.0 1.0 1.0 1.0 1.0 1.0 1.0 1.0 1.0 1.0 1.0 1.0 1.0 1.0 1.0 1.0 1.0 1.0 1.0 1.0 1.0 1.0 1.0 1.0 1.0 1.0 1.0 1.0 1.0 1.0 1.0 1.0 1.0 1.0 1.0 1.0 1.0 1.0 1.0 1.0 1.0 1.0 1.0 1.0 1.0 1.0 1.0 1.0 1.0 1.0 1.0 1.0 1.0 1.0 1.0 1.0 1.0 1.0 1.0 1.0 1.0 1.0 1.0 1.0 1.0 1.0 1.0 1.0 1.0 1.0 1.0 1.0 1.0 1.0 1.0 1.0 1.0 1.0 1.0 1.0 1.0 1.0 1.0 1.0 1.0 1.0 1.0 1.0 1.0 1.0 1.0 1.0 1.0 1.0 1.0 1.0 1.0 1.0 1.0 1.0 1.0 1.0 1.0 1.0 1.0 1.0 1.0 1.0 1.0 1.0 1.0 1.0 1.0 1.0 1.0 0.0 1.0 1.0 1.0 
1.0 1.0 1.0 1.0 1.0 1.0 1.0 1.0 1.0 1.0 1.0 1.0 1.0 1.0 1.0 1.0 1.0 1.0 1.0 1.0 1.0 1.0 1.0 1.0 1.0 1.0 1.0 1.0 1.0 1.0 1.0 1.0 1.0 1.0 1.0 1.0 1.0 1.0 1.0 1.0 1.0 1.0 1.0 1.0 1.0 1.0 1.0 1.0 1.0 1.0 1.0 1.0 1.0 1.0 1.0 1.0 1.0 1.0 1.0 1.0 1.0 1.0 1.0 1.0 1.0 1.0 1.0 1.0 1.0 1.0 1.0 1.0 1.0 1.0 1.0 1.0 1.0 1.0 1.0 1.0 1.0 1.0 1.0 1.0 1.0 1.0 1.0 1.0 1.0 1.0 1.0 1.0 1.0 1.0 1.0 1.0 1.0 1.0 1.0 1.0 1.0 1.0 1.0 1.0 1.0 1.0 1.0 1.0 1.0 1.0 1.0 1.0 1.0 1.0 1.0 1.0 1.0 1.0 1.0 1.0 1.0 1.0 1.0 1.0 1.0 0.0 1.0 1.0 
1.0 1.0 1.0 1.0 1.0 1.0 1.0 1.0 1.0 1.0 1.0 1.0 1.0 1.0 1.0 1.0 1.0 1.0 1.0 1.0 1.0 1.0 1.0 1.0 1.0 1.0 1.0 1.0 1.0 1.0 1.0 1.0 1.0 1.0 1.0 1.0 1.0 1.0 1.0 1.0 1.0 1.0 1.0 1.0 1.0 1.0 1.0 1.0 1.0 1.0 1.0 1.0 1.0 1.0 1.0 1.0 1.0 1.0 1.0 1.0 1.0 1.0 1.0 1.0 1.0 1.0 1.0 1.0 1.0 1.0 1.0 1.0 1.0 1.0 1.0 1.0 1.0 1.0 1.0 1.0 1.0 1.0 1.0 1.0 1.0 1.0 1.0 1.0 1.0 1.0 1.0 1.0 1.0 1.0 1.0 1.0 1.0 1.0 1.0 1.0 1.0 1.0 1.0 1.0 1.0 1.0 1.0 1.0 1.0 1.0 1.0 1.0 1.0 1.0 1.0 1.0 1.0 1.0 1.0 1.0 1.0 1.0 1.0 1.0 1.0 1.0 0.0 1.0 
1.0 1.0 1.0 1.0 1.0 1.0 1.0 1.0 1.0 1.0 1.0 1.0 1.0 1.0 1.0 1.0 1.0 1.0 1.0 1.0 1.0 1.0 1.0 1.0 1.0 1.0 1.0 1.0 1.0 1.0 1.0 1.0 1.0 1.0 1.0 1.0 1.0 1.0 1.0 1.0 1.0 1.0 1.0 1.0 1.0 1.0 1.0 1.0 1.0 1.0 1.0 1.0 1.0 1.0 1.0 1.0 1.0 1.0 1.0 1.0 1.0 1.0 1.0 1.0 1.0 1.0 1.0 1.0 1.0 1.0 1.0 1.0 1.0 1.0 1.0 1.0 1.0 1.0 1.0 1.0 1.0 1.0 1.0 1.0 1.0 1.0 1.0 1.0 1.0 1.0 1.0 1.0 1.0 1.0 1.0 1.0 1.0 1.0 1.0 1.0 1.0 1.0 1.0 1.0 1.0 1.0 1.0 1.0 1.0 1.0 1.0 1.0 1.0 1.0 1.0 1.0 1.0 1.0 1.0 1.0 1.0 1.0 1.0 1.0 1.0 1.0 1.0 0.0 