128
35 55 6 1 30 53 66 32 78 68 36 53 48 94 97 55 89 13 31 71 59 57 18 82 2 35 80 24 27 84 55 18 19 51 11 85 63 90 10 86 97 4 30 65 37 3 44 73 77 25 85 28 7 61 57 53 74 51 82 8 99 86 64 11 59 75 79 7 34 7 97 33 82 30 30 94 89 75 68 64 18 28 79 41 62 76 67 56 18 40 62 18 38 35 79 27 34 32 39 59 59 62 71 24 47 35 17 16 83 38 43 23 88 18 93 53 51 2 49 19 38 28 94 47 100 59 30 10 
28 37 15 89 39 70 78 56 81 30 72 59 56 58 65 72 33 83 20 23 96 95 91 28 7 67 5 21 19 8 70 98 61 1 42 98 31 65 60 21 77 57 85 39 51 83 81 34 44 86 58 88 8 61 27 42 38 2 7 57 99 48 3 86 58 25 47 17 45 76 97 30 88 40 18 98 85 69 47 64 36 99 43 35 90 43 7 53 93 29 13 7 42 30 93 40 37 19 96 3 43 95 55 100 32 47 47 7 75 14 83 48 85 1 87 52 28 83 41 65 86 45 68 29 57 51 35 76 
84 99 64 73 42 88 26 64 35 28 52 2 41 4 90 3 45 93 18 42 87 48 26 22 4 34 19 43 24 11 85 28 25 78 89 33 68 13 57 45 30 19 43 95 68 25 9 69 14 12 56 17 10 43 60 76 17 15 4 45 64 39 61 93 35 16 95 92 60 46 70 3 83 54 93 54 17 54 30 12 70 59 78 87 67 84 88 65 69 90 79 6 6 61 48 47 54 84 47 17 12 92 72 21 77 51 72 47 19 56 50 97 47 74 19 79 23 28 91 57 59 44 96 99 26 14 87 14 
66 64 2 54 2 73 63 34 27 70 95 2 95 44 100 2 72 74 8 65 13 35 33 65 8 43 72 55 4 89 63 88 68 91 83 9 95 66 78 78 82 37 76 83 83 74 84 77 98 92 45 93 19 22 4 49 19 4 13 37 17 97 20 10 91 58 77 11 4 74 24 26 81 36 29 14 6 72 47 16 36 45 37 44 62 38 3 40 50 67 48 87 35 73 21 44 84 87 90 89 56 15 28 30 30 16 9 82 40 18 59 35 16 29 97 63 61 94 41 88 52 19 70 93 16 84 20 57 
39 89 20 19 12 36 23 81 23 100 31 2 6 98 58 18 75 71 48 72 99 69 5 98 97 49 92 24 1 86 47 61 100 53 63 57 88 98 51 65 68 13 36 41 13 3 100 5 14 61 83 37 32 78 46 86 91 55 7 44 11 20 21 55 66 77 69 80 66 88 13 13 5 63 19 44 71 43 31 34 86 61 41 34 32 92 41 34 5 70 46 39 20 96 63 81 13 16 50 81 71 37 76 72 90 92 91 73 27 29 41 25 69 58 73 35 68 39 43 82 37 32 72 67 61 52 74 49 
94 11 29 95 66 99 8 5 93 5 68 50 37 28 35 47 12 67 75 15 81 53 85 54 25 89 77 71 40 71 32 42 72 42 49 67 13 51 91 18 100 68 19 25 46 35 71 97 24 76 43 68 49 79 11 41 30 11 31 57 21 52 46 60 75 41 95 60 86 8 13 5 44 4 85 30 49 97 3 54 69 83 91 100 31 25 51 18 83 92 13 100 80 79 9 89 37 60 31 87 82 28 96 65 98 24 37 95 29 69 61 3 7 92 39 39 69 5 10 34 37 2 69 11 60 97 41 44 
95 39 41 76 51 86 6 91 37 58 79 62 23 93 41 35 44 61 89 39 55 5 90 36 35 62 88 23 14 53 86 90 98 39 92 51 52 17 35 27 27 16 64 93 42 94 94 18 2 90 41 10 16 1 96 6 8 79 21 60 8 16 73 41 34 17 39 93 20 100 59 39 84 5 49 47 84 30 58 88 56 51 23 100 25 85 81 75 35 70 48 87 66 59 72 83 27 28 74 7 62 38 96 77 6 86 7 42 53 38 23 96 21 18 52 9 10 97 73 82 82 95 62 91 66 45 79 37 
90 68 27 44 29 25 71 14 46 96 32 9 33 39 68 71 36 24 40 97 44 55 43 32 57 36 36 43 79 60 32 18 40 73 48 78 72 27 57 70 12 10 99 93 16 89 76 66 96 34 58 64 33 42 62 98 56 33 47 95 89 52 71 52 39 40 96 74 7 90 11 58 68 46 40 94 73 14 66 82 53 58 57 14 48 20 21 5 60 50 88 21 12 93 29 53 77 83 77 18 95 82 52 10 46 25 10 81 100 52 92 35 16 29 27 79 53 26 13 2 29 36 77 72 39 15 48 55 
29 51 33 78 29 73 60 22 82 80 26 78 68 94 20 23 41 59 99 58 69 83 24 18 97 75 29 86 52 42 92 23 57 94 39 62 30 61 98 98 7 72 5 55 27 69 97 37 74 44 31 8 54 1 1 92 83 95 52 64 63 92 10 55 87 19 41 51 93 74 14 50 88 59 81 19 72 76 94 35 23 60 72 94 22 61 50 37 79 67 74 10 41 68 46 78 67 22 59 99 31 88 79 100 49 97 8 45 38 67 23 32 97 93 22 80 68 99 84 34 71 100 9 47 62 30 26 40 
98 90 2 31 49 74 36 7 39 76 19 31 6 96 12 54 29 17 34 56 76 23 7 71 78 51 42 77 85 88 58 79 2 65 14 55 56 46 33 73 12 39 78 8 1 21 84 57 50 99 35 42 75 44 35 98 50 53 75 12 83 86 46 32 44 93 26 93 76 73 40 69 68 61 17 99 12 28 21 74 79 76 97 61 33 10 92 9 70 96 92 94 88 43 16 32 49 95 61 54 71 44 48 12 65 80 95 26 13 34 91 64 78 55 98 90 36 90 75 59 6 91 28 23 98 40 45 72 
66 42 57 67 61 46 80 5 41 76 11 51 41 79 8 42 54 84 23 42 57 75 59 40 36 4 84 46 9 67 13 22 42 14 47 18 97 37 25 2 78 54 36 51 39 70 3 62 92 84 21 3 99 93 65 1 72 78 7 81 84 64 37 46 21 11 27 13 42 92 34 57 99 96 71 69 84 65 73 55 9 78 81 59 19 74 85 66 10 85 41 99 58 86 42 33 10 8 28 48 31 66 57 30 10 91 14 91 61 8 7 57 10 65 80 3 23 39 5 91 9 68 60 20 22 55 74 41 
59 61 91 31 56 28 58 38 59 21 88 17 85 57 82 90 80 2 94 87 94 91 55 80 46 67 6 52 61 56 37 68 32 26 18 40 98 84 31 67 21 45 35 31 38 52 97 78 45 84 39 13 32 54 21 73 56 92 91 39 80 83 58 28 8 60 61 11 92 94 13 4 82 32 36 25 76 98 54 66 83 30 94 13 62 14 6 99 46 46 55 38 33 48 2 21 77 47 98 6 98 45 17 39 2 77 45 69 100 47 57 37 79 90 24 93 57 38 33 54 39 66 22 10 99 57 89 58 
7 70 48 27 1 38 60 99 65 21 41 81 72 89 73 50 98 1 43 8 100 37 53 56 76 19 4 56 53 83 26 79 74 4 61 49 67 52 90 43 52 76 26 92 14 95 10 67 21 57 27 20 74 25 71 32 94 70 62 13 19 5 65 97 12 62 31 34 68 19 60 28 60 89 9 60 67 73 6 60 42 24 20 67 22 21 44 20 9 62 68 62 25 86 20 60 8 69 5 62 40 90 19 37 79 33 34 55 100 2 52 9 92 2 80 24 42 72 80 80 78 45 82 51 86 51 25 56 
100 85 48 98 45 27 23 70 87 47 40 32 25 96 2 11 55 80 74 83 97 65 39 19 72 82 88 52 33 20 75 40 25 25 70 6 11 17 93 30 40 35 81 82 94 85 69 48 44 72 86 48 36 29 30 56 19 92 65 29 48 59 36 59 28 51 72 2 35 1 85 23 30 10 25 35 14 22 81 84 63 52 38 10 82 87 29 78 72 76 1 14 4 55 68 40 69 85 93 72 24 17 57 69 25 51 90 99 78 89 59 86 7 22 85 1 87 26 46 70 78 53 57 32 17 16 16 66 
3 70 79 31 55 61 94 26 38 72 98 78 32 51 68 42 84 83 94 53 87 94 62 82 6 96 42 22 82 16 95 37 22 7 33 23 35 40 95 55 78 31 12 62 78 71 89 86 19 98 13 59 82 90 71 89 52 34 89 87 24 87 45 1 42 19 28 49 79 93 79 13 67 1 23 6 90 62 13 26 78 11 11 59 79 48 79 54 93 53 54 48 30 21 99 60 85 67 32 19 98 4 51 8 25 76 53 27 19 10 71 56 7 81 77 23 94 2 70 83 64 42 20 51 100 21 10 22 
94 64 94 51 8 91 61 30 90 9 38 27 62 12 62 36 61 16 91 37 32 1 57 96 70 4 6 31 52 44 74 35 93 93 45 3 89 40 10 87 93 9 7 61 43 79 63 57 14 88 60 97 35 86 50 33 25 56 60 82 72 65 90 31 92 33 1 56 93 21 6 80 31 61 7 50 78 6 80 55 49 65 38 85 27 4 54 31 70 20 87 9 53 8 5 68 96 26 100 56 64 48 88 31 27 26 41 98 78 28 33 52 13 5 43 86 58 7 96 97 27 36 15 61 7 78 5 36 
78 87 76 52 28 6 98 94 63 67 90 1 26 21 44 57 44 91 23 70 43 69 8 33 51 80 92 53 7 17 90 66 100 89 76 69 97 59 66 29 79 51 98 48 74 75 8 63 1 65 46 15 45 6 15 36 50 91 4 75 25 39 78 13 50 48 35 47 41 18 91 99 48 96 86 76 32 2 30 64 87 96 10 89 29 63 69 8 53 69 65 59 85 97 6 98 14 44 96 100 56 35 46 87 64 2 81 91 46 63 24 15 7 98 22 9 76 77 77 61 22 58 90 9 76 32 9 65 
53 50 29 96 96 16 5 61 14 23 49 98 91 68 99 49 55 28 42 48 15 19 59 75 99 9 22 21 54 49 50 87 47 65 89 45 44 50 38 98 24 46 55 41 29 2 42 71 25 13 22 40 14 5 41 46 6 79 54 54 94 13 57 9 31 72 30 96 62 87 14 17 5 55 89 31 79 18 90 56 78 77 77 53 69 25 94 67 4 89 100 68 61 55 28 57 44 92 25 60 8 77 24 82 42 16 72 36 29 22 69 85 53 31 43 89 3 3 51 37 18 71 10 75 10 49 51 18 
36 32 3 69 64 97 74 85 94 70 23 33 43 97 56 99 93 79 55 41 71 91 48 65 42 14 71 81 84 6 84 31 21 11 13 23 74 51 82 26 65 78 25 43 62 71 3 34 76 33 62 77 20 26 61 21 81 39 99 17 67 100 93 31 1 9 68 15 85 34 36 6 83 73 98 97 64 94 61 17 69 42 24 86 56 81 14 18 98 65 74 43 97 79 77 31 67 88 22 40 26 10 67 81 41 59 83 36 38 67 62 62 49 46 93 18 45 35 18 23 26 100 97 44 95 24 68 75 
7 21 35 94 30 9 36 69 27 80 60 90 18 44 44 54 10 28 49 3 3 51 78 1 41 65 3 42 79 27 40 97 99 85 77 26 10 68 89 2 77 32 49 70 58 42 44 15 75 79 100 59 10 95 80 67 74 98 25 48 87 21 29 13 86 65 93 81 78 54 23 77 65 82 64 86 73 83 88 81 18 47 83 70 60 12 47 87 3 36 42 66 20 46 47 24 48 6 79 47 75 89 98 29 18 69 47 49 18 97 5 39 47 15 72 29 42 60 89 40 91 57 14 28 55 56 18 9 
74 41 64 92 85 93 80 56 100 28 12 86 17 99 56 44 71 28 78 32 28 45 80 93 66 26 30 64 4 33 12 57 64 45 10 60 30 100 83 73 93 45 36 38 94 5 54 25 9 93 72 77 57 54 40 83 84 22 55 54 6 13 87 84 74 4 67 14 73 24 99 20 11 48 13 2 69 87 6 78 10 54 11 84 52 86 30 13 11 44 32 71 36 66 34 99 13 97 37 46 28 12 41 86 37 14 57 76 24 4 48 18 84 71 64 28 97 83 88 10 11 42 83 55 52 76 19 36 
44 88 72 96 74 39 99 49 52 53 86 22 75 27 75 100 45 42 45 53 49 83 75 22 26 49 13 81 93 22 34 39 1 94 36 38 93 72 96 76 97 76 44 35 18 42 54 85 20 9 9 41 19 40 37 4 74 81 35 73 75 54 25 63 28 4 69 99 27 57 100 2 94 27 67 48 18 33 9 42 93 90 46 13 73 60 98 70 7 64 78 1 66 42 85 23 60 26 78 43 58 44 60 35 14 42 5 49 13 97 73 66 53 2 10 65 57 38 75 43 49 43 91 23 66 20 45 31 
68 34 27 57 4 12 27 3 71 48 28 48 23 94 54 92 19 24 78 53 97 71 3 63 77 96 35 99 82 35 92 80 72 82 22 12 56 97 15 5 83 20 93 56 56 77 3 96 84 15 44 86 77 86 90 21 89 23 35 30 89 2 19 90 25 72 19 95 47 53 38 52 72 1 60 39 14 95 58 69 79 18 92 11 70 51 47 17 30 79 59 45 22 86 98 5 84 75 46 87 54 22 98 66 53 40 44 82 71 99 89 44 29 97 7 81 36 97 37 86 29 31 11 1 100 39 60 87 
60 46 1 37 26 14 57 31 45 55 32 51 60 92 1 6 58 68 32 49 27 97 83 48 24 49 98 16 51 93 37 20 21 23 37 10 6 25 44 7 99 89 95 22 86 67 67 30 80 15 98 38 3 28 15 95 76 75 43 96 82 83 12 60 71 60 72 93 95 80 44 2 7 43 5 39 95 44 11 41 70 17 41 86 41 68 7 36 97 16 15 16 100 78 87 56 25 45 33 39 73 72 10 68 17 55 91 94 37 58 46 90 27 21 3 56 27 79 78 7 46 1 94 69 76 78 2 32 
44 60 69 66 33 100 27 43 52 29 69 51 15 76 45 21 7 72 18 98 77 30 4 67 23 8 31 89 4 6 29 10 39 28 31 15 72 8 31 46 99 83 48 12 69 7 96 78 96 64 5 94 29 59 86 64 30 10 12 95 2 95 15 91 27 88 65 23 1 88 59 99 60 9 38 4 24 79 87 44 81 17 79 79 46 88 1 88 46 10 61 30 31 75 43 5 46 50 18 9 94 26 39 43 71 11 3 100 94 86 72 9 71 44 64 37 63 66 88 28 98 31 16 11 15 47 9 64 
75 26 6 24 12 32 31 56 15 48 90 16 37 27 40 2 7 80 74 58 31 91 26 93 63 100 8 62 40 36 18 1 20 51 97 40 94 95 10 94 44 86 5 55 27 6 58 61 47 29 32 1 53 51 51 82 20 12 87 50 52 30 24 60 63 43 5 53 87 50 61 36 7 76 85 34 53 1 32 49 6 8 14 40 41 29 82 56 80 93 72 61 63 51 77 85 46 59 46 38 76 64 48 31 38 71 98 66 99 12 51 1 23 9 9 3 2 72 64 80 58 10 79 58 55 92 64 26 
27 44 2 78 90 44 72 65 43 37 96 14 14 17 62 90 87 34 76 25 4 12 50 100 72 4 72 14 74 15 49 12 40 54 20 54 67 53 91 80 17 25 91 60 69 87 84 36 73 51 1 5 7 70 95 66 32 86 100 56 87 57 4 15 66 8 33 2 72 25 17 1 85 80 28 1 27 16 56 67 97 81 62 6 1 1 6 6 46 2 87 29 67 29 61 51 52 41 20 80 90 20 43 43 77 29 15 100 89 93 87 52 26 49 91 13 66 75 75 56 64 88 2 69 60 33 1 97 
82 63 25 41 22 87 100 90 48 72 13 16 56 39 36 68 56 65 100 46 56 58 82 11 37 54 99 23 71 97 91 68 55 34 18 56 74 80 48 47 35 17 90 57 91 39 6 17 77 68 84 3 24 27 12 33 66 71 80 45 8 64 43 100 25 15 33 23 70 33 81 48 36 78 67 1 9 25 100 3 56 81 99 71 60 39 73 60 43 69 7 67 51 27 15 25 28 20 83 22 73 66 21 9 12 95 51 97 24 91 24 32 70 87 95 63 49 76 30 6 76 51 73 26 67 39 32 41 
45 82 86 77 77 10 50 82 71 25 100 52 39 84 38 60 29 94 40 95 5 57 97 10 75 15 64 91 3 14 100 70 53 45 2 57 43 14 20 25 55 7 62 25 28 52 64 16 4 41 6 91 89 48 73 42 67 39 5 92 26 89 36 2 77 23 36 55 89 80 76 61 84 24 66 27 46 93 39 57 100 31 70 61 11 63 3 66 34 47 3 98 71 75 1 65 22 59 69 68 57 95 65 93 40 62 39 33 5 26 1 73 46 80 6 43 55 12 35 26 13 23 29 6 99 70 40 66 
25 26 31 41 79 40 67 84 88 52 29 30 100 10 75 92 20 50 63 68 72 64 23 85 72 2 51 44 28 12 70 12 57 41 37 57 60 55 41 70 68 80 37 49 96 4 49 70 35 60 77 13 91 28 31 87 58 13 9 8 55 76 96 27 6 17 41 47 69 98 51 60 4 20 48 92 83 31 23 39 7 22 20 19 13 87 100 55 88 87 28 64 80 40 94 25 60 81 22 58 94 95 58 77 17 71 44 58 66 48 76 90 26 33 68 5 22 4 83 20 57 45 72 71 82 97 87 3 
33 4 36 82 49 24 91 83 9 63 75 100 71 21 22 11 94 46 41 95 27 53 73 85 46 6 12 24 59 57 60 88 51 89 82 70 45 100 17 85 24 1 97 3 29 96 29 15 25 11 10 27 17 78 7 29 59 67 40 23 56 64 61 73 29 90 54 67 90 53 27 23 95 88 34 9 84 12 15 65 23 70 74 29 45 15 66 11 15 66 26 9 68 40 77 78 24 22 61 6 62 62 94 7 65 60 96 26 34 72 54 64 16 83 28 1 79 2 43 94 100 25 94 71 74 10 46 10 
42 53 20 88 11 54 79 24 25 83 73 74 59 53 50 16 26 94 69 57 18 96 48 94 93 19 94 44 26 56 79 38 27 26 30 50 14 70 34 26 25 69 80 68 66 28 75 61 68 49 4 14 100 23 36 44 36 74 52 32 62 11 38 87 36 53 79 68 32 6 98 77 87 31 64 64 71 95 24 50 54 43 35 90 1 80 42 43 2 42 16 43 26 10 50 52 6 41 9 100 52 84 75 44 7 34 20 86 76 34 81 53 70 52 32 41 30 38 98 50 95 50 48 29 69 98 6 79 
22 98 67 28 12 20 73 64 74 34 85 39 63 14 75 48 42 80 33 51 42 90 28 69 91 74 81 33 73 43 64 73 12 21 81 44 75 79 61 29 58 30 80 61 67 64 17 97 53 78 19 39 66 24 70 42 25 23 42 100 46 73 24 44 39 80 33 40 47 77 17 25 30 21 28 81 28 54 48 3 76 76 54 100 16 10 14 44 87 7 55 97 65 82 54 77 57 95 11 71 19 64 96 76 57 53 21 98 90 5 41 22 16 20 86 23 37 82 67 98 42 13 36 51 45 94 37 55 
64 92 23 92 53 99 6 39 70 42 13 64 100 34 32 39 46 68 49 45 48 79 8 100 44 17 61 11 25 66 79 85 76 75 69 5 18 5 17 64 61 58 9 53 75 2 95 86 85 7 95 83 44 93 91 24 13 91 12 83 7 62 85 3 89 17 80 64 12 19 77 42 55 2 10 30 94 55 92 98 6 50 66 81 97 19 76 39 31 40 58 39 61 57 25 90 31 34 54 81 72 30 65 8 25 58 21 70 65 44 6 77 60 24 88 8 14 33 77 32 55 34 46 3 2 2 71 16 
21 81 86 77 23 71 12 4 87 13 14 76 56 18 12 75 97 97 43 73 97 1 5 90 70 67 51 80 44 50 95 24 80 68 54 11 42 38 57 73 58 14 30 37 62 7 1 13 95 50 30 56 46 45 8 90 69 64 64 51 4 2 7 81 5 60 97 75 69 17 78 75 36 67 41 42 46 71 24 62 72 50 31 78 68 92 96 99 38 11 93 22 44 58 58 18 42 98 95 71 37 36 41 5 24 55 7 23 34 20 94 4 83 37 99 81 10 71 8 34 50 1 96 92 66 71 42 98 
13 71 86 81 65 28 21 1 36 15 55 87 4 43 38 43 31 34 97 29 89 57 12 81 82 42 18 6 85 82 29 56 7 73 47 75 90 50 10 67 22 89 24 90 86 82 96 3 70 75 60 84 38 19 70 25 42 7 26 5 52 90 76 35 84 70 63 34 17 38 63 32 51 61 61 77 93 42 77 40 32 10 64 83 55 1 8 43 23 64 36 73 17 76 12 8 100 57 28 23 65 88 10 80 64 18 98 29 88 99 98 88 33 95 67 61 34 76 1 24 23 83 96 58 71 48 65 60 
68 95 60 58 56 31 30 98 35 98 67 44 28 76 88 16 27 69 92 22 10 53 56 59 92 94 32 6 53 31 58 39 52 34 74 50 53 67 80 69 44 72 82 72 59 45 4 24 58 48 61 86 19 68 17 84 56 63 100 38 34 18 17 54 73 100 46 78 89 43 46 4 78 50 32 45 90 70 96 77 51 95 96 64 94 13 45 30 14 66 63 8 88 78 68 47 81 8 95 65 84 20 9 5 8 11 85 42 80 40 79 39 24 25 67 48 29 47 15 1 59 4 78 52 88 27 26 30 
65 66 67 22 44 90 99 15 18 80 53 14 84 55 91 80 39 40 80 48 45 85 56 17 78 63 94 40 26 41 21 26 49 58 44 82 98 22 76 20 22 76 78 74 79 4 81 29 6 59 64 13 94 5 41 75 4 100 4 52 60 5 69 23 64 19 50 67 36 85 66 50 79 35 91 89 95 1 15 23 55 67 89 72 33 89 30 59 92 58 72 45 12 30 72 76 90 3 29 69 93 41 70 69 80 90 39 88 47 53 83 78 74 23 14 97 95 52 18 28 53 38 7 48 63 95 8 98 
1 99 96 90 34 84 69 74 80 33 58 78 36 94 71 79 21 16 44 52 8 38 31 85 59 82 81 50 50 74 54 53 1 63 22 29 89 85 88 83 49 48 82 61 48 41 80 4 44 26 71 97 13 21 26 86 55 2 49 23 99 2 37 62 27 54 55 50 98 68 12 49 62 53 9 15 95 69 34 46 56 49 72 83 64 94 78 87 49 2 9 57 34 58 43 17 14 40 63 6 51 88 6 26 87 98 81 30 15 15 46 72 13 23 91 16 53 21 73 69 93 34 92 78 70 64 44 23 
88 39 6 66 56 28 86 21 56 8 10 87 8 51 30 22 16 75 37 11 55 32 50 7 48 47 77 92 88 99 41 18 79 37 47 41 76 35 85 81 33 46 59 2 43 20 79 99 29 44 9 87 66 5 37 25 83 71 30 23 96 22 38 41 55 24 83 62 20 6 65 10 38 67 27 91 44 22 26 62 7 82 74 54 47 58 29 22 56 45 49 58 6 98 1 27 67 63 40 80 92 37 41 15 36 87 14 79 64 47 15 86 53 12 19 1 72 99 86 42 39 71 37 25 50 98 68 50 
19 3 100 10 55 55 96 92 99 81 44 76 3 47 28 99 78 25 71 21 23 80 4 4 96 70 52 65 48 23 96 69 89 21 45 94 36 91 13 66 6 88 72 91 36 22 55 38 75 3 90 20 63 58 9 25 34 9 58 77 42 88 27 29 20 48 54 34 77 69 65 57 73 7 80 71 24 84 32 39 23 38 1 99 96 3 42 20 42 97 58 86 1 56 43 5 84 77 43 57 67 84 23 66 6 25 96 13 66 40 21 2 96 19 69 30 54 27 54 91 25 6 42 81 41 74 61 92 
61 41 42 22 55 23 77 49 28 90 24 86 84 97 88 16 28 22 58 50 62 33 45 78 18 89 79 38 26 85 23 30 23 48 80 6 37 77 17 97 20 82 25 17 14 99 29 65 60 55 12 58 8 95 82 98 26 9 89 45 22 28 7 24 19 68 17 56 12 81 84 2 1 50 97 60 99 10 7 82 84 52 70 88 55 7 93 90 70 62 3 41 57 87 39 17 18 82 50 75 21 25 18 20 24 84 1 10 88 72 66 14 19 8 73 4 25 19 25 80 92 33 22 34 96 27 75 3 
84 66 77 38 38 31 18 69 55 40 84 62 66 41 59 32 91 54 1 21 29 52 71 98 29 44 56 68 98 52 90 68 72 19 95 66 86 98 13 41 23 66 72 19 99 90 5 20 94 24 38 25 15 51 26 22 78 32 96 61 53 14 98 36 80 42 25 3 25 72 35 50 26 80 99 70 78 94 73 36 77 43 26 27 77 23 94 15 11 97 4 41 73 15 60 65 61 99 29 83 50 29 19 7 18 90 35 24 62 67 12 71 94 93 90 86 14 25 82 52 58 2 86 78 54 38 29 78 
31 12 22 63 31 25 21 43 19 89 62 48 55 48 63 56 3 48 47 89 76 97 52 32 78 14 22 17 47 83 82 38 70 58 16 48 24 66 80 75 43 70 74 79 6 3 94 54 43 2 58 91 15 18 84 53 71 57 24 43 15 84 100 53 44 97 35 47 55 25 98 36 37 69 73 58 57 85 40 13 46 100 46 16 100 79 12 68 3 2 10 34 33 86 39 34 99 6 77 69 76 3 9 54 92 9 98 94 66 98 23 8 4 89 42 60 16 69 86 19 1 16 15 42 2 69 58 49 
8 49 75 37 63 29 25 74 20 25 59 61 24 49 53 58 42 73 26 69 9 46 38 47 7 31 73 1 61 89 38 8 45 85 92 98 75 4 83 83 83 14 18 39 18 87 80 8 50 37 55 12 61 12 83 39 11 26 83 18 29 52 3 27 90 8 100 64 74 53 39 96 62 17 75 100 70 72 86 2 69 59 96 12 9 9 61 71 88 55 5 70 61 68 10 43 1 40 41 50 69 89 47 97 81 14 33 47 57 8 62 29 31 21 48 44 9 98 72 38 96 22 16 18 23 21 51 84 
94 34 77 72 88 61 45 91 37 80 20 62 25 79 55 33 22 62 8 79 91 96 1 76 78 15 42 30 94 86 53 68 68 18 61 88 52 93 77 21 78 56 7 99 52 78 12 41 26 2 29 9 39 91 41 72 1 28 59 83 81 87 13 22 76 11 4 98 89 23 5 99 34 87 97 73 49 83 7 81 5 51 95 88 80 60 50 73 94 63 22 97 48 87 26 13 95 4 45 86 70 22 55 8 90 75 68 81 30 60 55 97 80 88 43 63 82 62 60 83 71 40 87 98 38 82 96 7 
19 47 7 33 65 45 26 46 21 84 22 26 40 90 73 39 100 15 51 63 93 46 31 55 31 53 22 71 82 33 4 63 98 38 53 30 13 34 83 1 27 74 60 25 81 83 73 47 35 2 69 53 2 94 27 86 13 47 81 11 88 81 89 2 48 17 90 95 28 94 78 20 47 16 58 27 86 12 51 24 35 19 3 1 41 93 82 31 94 68 92 80 9 38 64 74 67 39 68 35 90 32 24 64 1 24 45 74 38 74 25 47 15 28 78 44 98 18 9 23 98 15 8 21 9 88 81 99 
29 52 66 1 16 98 18 95 76 79 26 2 63 82 49 30 40 35 62 9 40 44 76 94 4 21 20 75 69 72 56 91 72 100 6 29 4 34 45 85 76 78 57 44 89 9 23 91 30 16 89 2 63 94 71 24 60 12 23 63 49 54 67 4 6 98 38 78 44 3 47 92 22 89 51 90 10 45 87 91 33 85 49 95 34 36 72 51 4 93 41 91 6 27 57 80 34 86 81 52 10 65 61 16 30 66 61 86 41 14 25 7 46 45 33 20 44 82 80 81 6 39 18 23 11 49 64 7 
12 90 13 8 35 2 74 97 10 90 47 5 22 54 37 86 10 82 10 17 19 51 21 92 4 9 46 93 21 35 53 77 18 53 23 75 46 37 40 71 28 42 10 88 29 76 20 81 3 81 21 53 16 18 9 66 3 16 60 93 71 20 30 44 7 20 52 50 27 77 5 16 16 94 45 58 68 1 9 10 6 39 12 9 76 72 59 82 92 82 21 74 8 84 83 45 80 75 91 79 36 93 71 47 20 84 47 97 91 40 60 60 6 97 47 37 81 84 33 78 35 87 94 89 32 14 96 36 
76 26 76 37 3 81 64 62 63 10 49 59 22 60 68 49 30 3 27 83 11 41 33 54 89 49 62 59 27 56 83 37 62 64 95 78 100 51 21 21 70 20 48 20 87 78 37 80 3 96 34 91 72 86 38 76 19 11 70 48 17 1 9 33 9 99 50 91 90 53 75 91 20 32 60 4 70 43 25 4 18 21 79 79 46 35 41 2 75 92 35 14 88 72 84 43 78 5 53 50 92 1 46 32 36 96 96 44 21 43 50 90 78 50 31 14 27 84 73 13 63 73 26 65 42 22 94 25 
79 19 98 32 60 69 9 19 76 99 24 31 88 71 26 44 98 26 67 41 48 35 33 28 42 1 60 81 32 45 20 91 33 98 69 11 34 84 14 47 54 85 67 33 13 93 18 61 45 86 60 94 88 58 64 69 66 66 98 87 54 80 4 67 32 60 94 95 99 16 45 9 24 11 21 60 83 97 100 44 6 21 45 95 20 39 64 85 22 61 38 64 55 72 63 41 100 75 95 57 72 91 95 62 38 55 27 95 45 36 25 29 71 41 79 69 81 6 87 18 45 19 9 71 49 37 8 39 
69 23 48 78 30 94 97 88 56 82 17 93 96 37 98 22 55 44 8 52 71 46 7 96 3 31 80 29 28 55 1 15 52 70 39 39 56 67 51 100 78 47 22 71 75 90 61 58 60 16 54 78 39 33 96 70 67 53 95 41 50 1 16 29 96 86 79 98 44 73 20 43 73 93 41 48 76 77 79 98 46 12 93 63 81 25 20 36 9 26 35 25 18 33 14 29 79 99 23 91 3 47 24 61 6 6 88 27 5 67 41 48 22 27 30 92 16 39 47 80 57 43 4 25 79 64 92 23 
54 8 88 72 40 11 60 32 1 87 92 66 21 17 80 96 48 95 96 47 34 99 9 50 33 16 95 76 38 27 81 93 20 59 46 70 3 7 28 83 96 59 55 5 24 76 2 75 27 100 30 65 77 90 86 99 90 74 52 47 66 64 53 93 23 74 26 60 99 74 92 25 55 4 6 53 27 71 59 42 54 71 88 83 67 24 38 44 91 83 11 64 6 11 79 19 63 42 75 14 57 22 83 91 80 30 99 54 96 33 62 49 37 3 40 54 11 72 94 30 25 58 32 75 63 41 71 70 
11 35 27 13 55 5 82 87 46 26 41 92 27 30 71 25 25 6 51 68 79 4 91 49 90 31 97 54 21 41 80 64 59 79 49 11 68 47 10 10 60 6 67 54 4 86 63 91 53 30 89 23 45 26 41 32 82 60 8 60 98 40 5 5 90 24 74 63 8 97 70 35 48 97 66 16 68 1 73 84 30 97 62 24 70 22 61 23 5 100 68 33 32 60 58 83 97 60 40 88 2 8 46 40 9 95 23 31 26 33 51 40 46 80 57 66 100 37 14 19 93 22 33 16 28 3 19 89 
30 87 95 69 68 14 78 19 98 51 55 2 19 60 12 63 99 100 40 40 84 14 81 23 70 6 94 28 50 33 47 46 41 27 90 8 68 61 90 13 17 40 16 68 27 8 55 45 10 15 35 35 29 24 25 94 14 58 18 51 24 20 71 96 43 34 77 100 79 20 39 11 46 40 7 50 92 75 69 38 97 46 70 65 85 59 58 53 78 21 70 52 12 41 34 97 32 54 60 61 95 49 27 60 91 73 12 32 99 74 32 70 94 10 82 21 76 89 71 7 13 86 26 26 23 65 46 21 
65 27 5 84 28 53 44 63 53 87 55 97 44 72 51 38 8 9 85 41 78 100 24 11 66 33 72 74 67 24 99 61 42 21 78 10 38 98 16 42 98 48 47 44 66 9 57 71 22 69 86 71 97 20 49 2 45 85 73 57 73 33 60 84 3 10 30 36 74 34 71 68 7 28 60 23 42 22 48 63 18 9 45 99 99 99 89 30 83 26 100 25 74 80 89 6 86 30 86 86 63 69 99 99 36 78 90 54 30 87 22 43 9 25 67 100 69 8 39 52 24 94 90 19 76 98 26 10 
26 73 48 21 28 19 72 64 57 16 84 19 34 49 64 55 7 77 5 64 70 66 39 97 67 17 24 91 26 77 6 62 62 47 53 56 30 44 26 11 90 27 10 5 51 74 93 20 20 99 33 48 24 42 21 44 8 16 91 95 45 82 7 72 3 16 9 38 63 22 48 97 88 55 81 38 88 83 80 60 25 44 14 18 89 47 62 47 66 4 68 1 8 14 45 81 17 25 47 51 52 22 74 34 47 29 55 69 54 44 14 65 95 98 8 80 28 56 52 47 5 28 68 10 84 69 1 97 
68 84 24 50 63 61 57 6 29 3 81 40 35 63 79 43 83 4 60 50 19 98 67 67 80 73 97 96 90 70 75 45 2 72 94 86 32 58 87 23 9 38 65 5 13 43 92 73 39 55 71 68 28 48 86 99 6 4 29 72 81 61 8 23 51 52 73 82 91 1 87 28 52 30 6 95 16 12 43 6 57 24 80 54 62 48 69 55 2 58 90 44 66 61 50 56 40 27 99 1 100 52 6 1 52 74 86 10 60 1 17 92 63 5 48 29 31 9 34 58 92 31 23 69 72 85 8 75 
28 72 35 7 66 71 26 10 66 83 28 19 78 23 98 68 79 81 76 16 98 73 73 37 25 23 60 88 41 42 52 92 81 81 8 3 86 70 61 87 94 38 37 90 28 53 66 49 20 23 90 70 74 60 79 55 63 55 86 66 33 12 11 29 39 86 20 47 81 31 16 66 15 7 99 90 36 30 54 40 5 14 8 3 23 39 88 34 92 76 22 62 90 76 63 15 38 42 68 89 70 91 74 58 67 67 76 96 4 58 72 89 49 66 51 60 85 71 75 42 29 36 12 2 11 26 80 91 
55 70 4 97 81 55 73 2 84 37 59 26 63 60 27 80 12 30 75 45 78 36 61 29 93 10 59 70 61 50 99 78 86 40 75 65 99 39 70 57 88 56 43 51 77 54 93 14 68 69 30 58 85 17 42 84 32 5 38 17 77 58 6 57 29 32 70 3 59 81 62 20 74 91 34 80 98 71 84 85 52 53 25 91 61 4 71 50 52 1 97 57 48 47 24 30 47 82 10 89 80 81 83 5 38 72 45 31 94 41 96 2 4 14 76 79 55 23 49 71 29 56 78 3 86 14 29 9 
14 24 81 47 91 45 34 33 91 94 1 58 6 90 3 45 46 45 2 23 6 77 96 63 16 64 60 81 24 2 66 89 100 82 69 98 85 15 79 50 89 45 14 90 32 44 18 23 10 5 24 78 34 36 30 71 35 56 46 57 75 57 11 19 28 74 84 33 78 67 58 67 55 28 40 45 84 96 90 11 58 80 71 3 72 13 11 98 12 42 49 14 26 26 70 51 43 89 36 77 81 15 48 38 75 32 33 68 7 85 76 70 29 93 58 10 97 62 34 11 67 3 90 13 42 15 13 43 
64 89 97 75 60 28 9 12 46 60 2 24 65 81 85 59 45 99 38 90 41 84 12 34 17 12 89 88 81 36 34 47 21 48 98 45 91 80 71 36 28 73 22 55 3 55 38 55 6 32 95 60 71 42 83 36 61 81 97 41 52 86 12 98 63 41 33 70 84 89 70 37 56 11 77 60 79 39 18 98 22 30 21 100 37 52 3 78 21 43 66 2 87 16 94 1 73 74 81 99 60 45 52 86 95 26 28 68 85 83 18 92 58 4 84 49 20 89 87 55 70 3 8 14 43 2 26 54 
72 97 3 49 5 22 4 14 11 90 14 4 71 44 44 84 61 81 23 48 57 28 33 13 84 70 35 84 38 25 40 81 12 47 26 99 94 63 76 43 34 70 1 46 39 9 49 94 100 44 56 45 94 53 87 95 28 18 35 98 10 82 40 1 51 24 58 73 8 59 38 29 96 24 66 28 58 94 6 36 77 22 43 63 51 20 19 31 62 77 9 52 41 26 10 55 6 65 71 17 28 50 38 8 30 7 30 23 28 21 47 30 42 31 21 19 68 89 43 17 94 48 48 47 93 36 2 19 
48 40 74 66 27 78 93 100 86 22 47 19 100 45 4 18 91 51 69 21 44 19 70 29 5 4 60 26 32 72 28 13 8 87 90 22 59 37 76 69 71 59 60 18 98 91 58 80 64 66 51 64 18 49 83 24 62 82 31 87 10 85 26 62 77 23 9 29 66 84 36 40 91 12 10 39 51 46 4 74 63 33 70 5 88 1 76 18 6 65 98 65 88 74 41 67 63 100 89 17 49 87 46 33 6 72 3 15 21 57 25 84 58 17 74 93 1 63 65 15 92 19 45 73 4 8 9 88 
51 63 22 24 94 96 19 64 11 8 6 11 66 36 39 46 72 74 84 1 77 11 97 81 79 31 24 64 3 20 54 60 76 58 20 80 37 10 2 50 63 90 43 49 14 58 81 21 84 23 84 96 5 92 79 73 34 40 94 43 20 38 33 49 59 5 51 7 3 49 67 12 3 21 67 87 46 9 41 22 30 19 44 35 25 23 37 58 7 27 36 17 4 100 50 52 1 25 54 85 72 63 57 72 51 45 68 94 36 77 53 23 52 32 96 13 49 7 86 65 30 40 25 13 44 83 92 19 
73 73 93 15 2 30 8 41 45 21 90 44 10 2 17 90 38 7 62 96 88 12 61 22 43 92 43 43 16 86 68 87 92 32 59 55 27 57 21 12 5 60 39 21 1 85 6 61 68 16 91 96 74 64 29 90 62 57 75 100 84 28 84 18 14 98 11 70 54 64 19 2 17 51 29 79 50 95 41 65 10 53 39 69 95 75 3 58 8 11 83 72 79 53 18 90 51 85 50 44 58 69 90 67 5 95 30 93 78 43 39 29 29 99 30 12 79 36 50 95 24 13 13 28 63 74 17 59 
14 2 85 98 15 65 42 94 79 28 21 29 30 98 30 53 59 27 42 86 81 28 27 42 81 90 31 74 78 46 97 90 18 71 29 74 27 35 31 70 25 50 73 1 37 45 58 94 63 77 12 98 2 46 8 92 22 32 33 71 38 84 91 95 35 99 54 18 7 72 54 4 67 48 33 2 55 22 78 60 42 11 9 94 63 20 52 19 43 86 23 26 39 83 5 88 49 29 23 16 25 30 98 37 68 18 90 89 90 96 29 17 23 32 36 84 16 62 36 44 12 16 5 68 73 91 13 80 
28 8 68 4 92 36 46 57 27 25 87 17 44 61 70 90 88 40 36 51 67 8 55 3 85 28 29 78 36 51 6 30 8 75 45 60 31 53 47 55 5 73 61 2 4 12 14 96 52 50 35 21 81 78 10 70 40 49 98 46 36 96 44 95 6 99 13 11 97 27 11 61 50 12 70 42 43 23 35 32 15 15 54 75 17 53 92 43 85 100 3 72 58 31 94 63 70 67 74 32 63 42 50 27 64 61 85 61 10 86 59 45 76 14 70 24 32 78 86 27 15 11 31 16 78 56 3 17 
98 16 36 30 61 100 13 84 35 88 84 48 68 51 35 32 29 93 71 77 32 98 100 52 87 75 33 73 44 52 32 28 19 74 78 86 99 60 33 88 64 16 10 32 2 96 95 25 58 96 85 47 47 67 90 5 34 72 95 19 1 88 47 18 64 51 90 44 5 24 37 42 48 49 77 91 10 4 85 39 18 15 8 75 48 82 90 38 19 47 17 28 16 69 40 58 67 42 92 52 53 83 15 49 45 28 17 9 17 42 9 22 11 28 47 90 50 20 10 86 22 3 56 21 29 13 40 96 
6 76 37 98 37 73 87 17 13 11 33 83 1 11 52 60 2 65 65 18 62 4 98 61 38 41 86 80 97 89 58 25 67 70 100 72 47 58 73 53 92 47 25 61 13 67 40 93 92 34 14 89 96 94 58 88 39 74 56 82 54 18 13 3 23 63 37 97 48 1 89 10 99 45 51 100 31 65 13 77 12 48 93 54 79 88 90 95 18 65 58 42 16 13 36 24 94 59 67 93 2 47 87 5 78 5 16 10 66 27 66 4 79 86 71 37 65 33 39 87 82 33 51 53 38 42 89 8 
91 66 99 25 97 28 32 64 55 51 98 64 11 55 89 18 41 64 74 100 24 28 63 29 40 13 24 99 91 47 54 59 54 35 7 14 67 88 22 85 76 26 90 65 17 26 69 61 55 99 21 61 6 11 28 52 73 13 35 2 89 67 11 86 18 11 30 32 7 46 76 72 70 6 52 37 46 69 19 53 94 59 78 27 100 80 21 41 76 43 66 72 37 69 20 6 3 41 56 12 29 48 38 47 88 41 16 23 74 71 2 54 87 93 61 1 79 45 13 52 59 52 13 8 59 60 59 76 
25 44 33 71 83 54 72 83 55 24 39 53 66 26 63 66 4 65 47 15 36 28 56 54 58 74 92 30 11 64 3 21 79 56 37 38 89 61 90 74 24 5 55 61 53 70 1 1 1 41 3 91 75 88 66 25 25 32 6 14 99 52 21 41 28 6 89 59 96 81 42 73 41 69 85 38 56 61 16 75 42 49 66 9 66 100 97 90 77 27 30 81 82 42 33 76 15 23 9 82 60 87 26 85 89 33 73 20 27 80 82 81 26 96 11 83 15 64 17 66 26 57 14 43 41 51 74 16 
63 69 1 76 11 25 41 54 26 45 88 93 32 93 37 65 63 53 10 47 74 63 67 71 98 88 85 86 42 76 92 5 75 39 16 2 32 57 91 60 88 87 42 97 75 55 94 31 34 81 47 71 18 84 93 11 27 98 75 17 40 44 35 64 9 7 79 83 27 84 78 80 84 18 25 10 79 63 26 98 56 81 97 8 33 60 36 68 13 17 98 69 11 85 2 25 74 87 57 51 73 28 21 68 91 44 91 45 1 41 66 17 65 71 12 35 38 27 74 14 81 88 53 21 36 23 28 47 
58 94 88 60 46 4 59 52 87 100 52 100 16 86 28 37 76 93 11 92 41 42 41 7 25 94 80 20 28 39 62 97 93 56 6 83 4 68 31 72 55 7 85 52 82 84 52 16 28 15 11 31 22 16 81 41 59 77 25 99 92 83 32 71 85 83 43 57 57 25 95 50 95 46 10 22 84 74 69 34 13 25 35 77 69 88 91 75 27 70 22 91 81 41 31 14 78 90 20 62 19 100 17 33 28 69 100 82 21 14 42 74 16 29 8 77 37 65 75 25 56 17 26 6 53 40 90 28 
57 29 55 18 11 94 35 14 76 58 21 82 62 90 39 55 35 88 75 39 53 78 20 30 72 19 95 98 85 48 50 49 1 90 78 54 91 3 52 29 39 79 99 87 74 68 3 84 23 13 57 39 51 59 48 88 15 4 18 66 39 24 39 12 31 9 9 96 40 1 75 80 21 80 28 6 77 19 79 67 50 12 99 15 85 61 59 94 46 48 17 26 8 64 20 38 45 11 69 20 53 56 60 65 99 14 63 58 1 69 63 41 40 44 80 1 73 98 66 37 92 81 64 44 39 54 21 6 
74 87 20 57 8 60 64 10 64 8 91 16 31 45 67 5 74 40 78 43 53 8 28 40 4 28 53 8 38 66 78 94 96 54 65 47 59 57 30 31 33 77 54 32 66 100 85 87 35 55 65 99 32 88 47 5 41 30 76 51 10 7 97 33 56 36 41 7 28 28 66 40 1 65 16 19 81 91 90 44 58 14 74 65 60 44 65 52 63 30 6 89 40 21 10 69 36 60 40 93 88 95 50 83 44 82 37 47 78 69 85 84 53 15 32 33 55 29 5 65 80 30 11 86 85 58 54 93 
13 4 72 48 19 63 70 2 60 98 81 35 79 67 90 81 29 28 31 12 32 93 38 73 47 95 73 4 94 55 53 17 67 96 85 19 79 95 71 42 68 32 92 95 30 77 4 47 12 23 56 54 94 38 18 71 5 12 97 52 27 97 5 92 93 92 13 21 79 53 47 12 76 27 46 93 31 77 91 93 93 53 6 98 62 23 97 76 70 94 39 66 51 67 31 83 10 29 81 56 32 86 50 97 74 22 90 80 63 8 73 26 35 36 93 65 56 97 4 67 72 69 24 25 91 14 88 86 
6 85 1 52 24 68 7 57 90 92 24 60 77 92 6 95 69 72 38 23 93 55 61 12 62 65 41 55 100 6 85 62 85 67 62 46 16 77 82 16 19 53 48 22 61 13 52 65 4 55 19 15 29 81 94 29 43 76 12 56 24 44 49 44 12 79 86 14 5 67 47 59 27 71 60 41 4 15 28 57 81 47 67 37 20 35 12 41 18 76 71 73 85 2 75 60 19 17 57 14 49 65 57 80 38 83 32 47 69 55 68 16 25 31 42 80 17 83 24 3 21 94 59 49 22 98 82 39 
54 64 94 98 11 26 72 36 3 86 12 53 25 71 65 48 61 2 60 67 5 97 15 41 17 89 11 59 28 71 100 75 49 49 49 60 64 40 26 86 37 78 84 53 63 14 33 4 16 2 3 98 79 9 3 57 43 48 93 60 21 19 6 6 29 1 22 11 81 21 12 15 51 89 12 42 81 21 84 74 2 37 56 50 9 18 37 94 79 94 100 53 96 67 60 59 11 89 41 6 70 13 4 62 38 13 65 46 39 62 3 67 33 30 13 37 1 100 7 81 32 36 83 96 13 43 17 38 
39 15 69 13 95 48 43 83 96 90 24 77 11 60 23 85 94 22 35 75 72 72 86 1 91 54 55 91 65 46 85 10 94 21 92 69 58 33 52 11 53 84 51 72 9 73 99 32 26 20 71 58 61 61 40 62 82 27 82 50 68 86 50 90 62 19 12 71 54 84 67 93 56 97 24 17 24 88 28 19 26 92 40 60 35 91 97 31 12 84 77 84 33 87 62 10 56 30 59 70 90 100 13 39 59 74 7 74 78 3 77 55 13 72 14 56 36 70 73 20 19 69 26 21 10 25 89 28 
32 49 39 39 42 61 13 53 99 1 37 1 24 94 61 87 13 86 55 89 93 17 36 59 50 85 83 62 52 3 19 33 59 20 26 92 3 22 91 81 51 69 13 70 2 50 56 1 39 67 61 32 73 98 87 7 23 90 21 74 67 90 2 47 10 18 25 9 20 58 23 72 95 29 46 69 74 34 10 22 63 34 18 88 98 45 90 12 2 13 94 8 49 32 34 59 89 22 40 19 11 49 10 100 35 98 59 96 27 93 51 25 44 22 13 65 9 95 37 51 71 69 15 29 23 65 27 96 
64 14 51 18 74 84 52 46 56 52 90 84 69 67 43 31 87 48 46 14 60 83 20 84 9 4 33 3 73 29 41 26 9 87 49 34 23 43 56 50 93 19 59 51 97 27 40 60 72 15 46 4 74 23 27 61 40 3 20 35 39 33 50 13 96 70 29 15 56 43 45 93 85 97 25 70 2 62 66 42 100 52 45 15 2 27 59 49 38 41 100 18 71 72 4 7 69 92 62 95 77 79 21 55 61 87 27 97 25 31 25 51 22 35 69 10 8 26 47 82 6 59 74 69 56 5 94 27 
63 43 40 3 31 75 7 85 21 44 43 34 83 45 12 18 48 93 42 57 23 31 95 1 45 90 6 31 61 69 80 7 73 18 24 46 19 13 84 47 65 32 79 90 51 93 47 47 13 50 16 92 17 13 52 80 1 41 93 25 55 92 32 63 85 67 54 20 72 84 14 35 17 32 20 91 61 1 3 24 73 17 33 67 13 76 59 61 75 28 21 79 35 29 44 52 87 46 56 45 79 47 27 55 69 31 48 51 93 70 59 72 15 3 58 84 34 37 26 38 6 3 31 90 52 64 36 17 
61 25 18 68 8 50 62 27 56 72 60 55 16 72 26 44 22 97 46 26 62 7 78 69 67 99 17 2 1 63 16 49 8 49 2 28 87 60 43 15 22 22 43 84 1 77 31 41 97 58 29 43 99 43 39 36 27 38 64 14 74 60 24 51 24 80 14 28 49 81 7 50 30 40 48 81 97 60 100 82 77 75 89 25 24 95 17 22 98 56 53 17 30 50 61 14 50 24 36 8 35 96 12 95 95 73 28 78 100 56 74 50 16 73 91 95 78 48 46 53 10 17 93 13 36 11 18 46 
97 54 60 52 4 54 54 45 34 91 98 33 13 36 60 32 24 14 46 15 50 32 77 51 77 87 52 25 81 17 47 91 23 84 8 9 59 24 9 34 12 23 95 41 53 47 74 14 58 54 65 46 2 97 86 46 63 33 47 3 79 64 13 32 80 52 76 21 12 97 4 94 14 84 57 27 9 3 31 65 22 49 59 3 70 98 99 11 54 7 87 35 51 35 20 43 59 79 87 13 40 87 43 57 85 26 90 14 7 15 23 23 35 58 32 38 59 98 78 75 49 14 95 12 47 84 26 87 
84 41 58 92 81 83 55 47 1 29 94 7 73 75 13 18 18 96 24 44 15 91 11 46 71 73 97 9 85 41 17 76 90 18 52 55 17 98 53 85 64 29 22 1 65 52 96 52 53 70 32 32 98 33 59 86 93 38 18 79 3 94 22 92 89 57 89 72 40 24 21 98 98 71 50 52 2 68 38 42 51 34 46 98 42 10 40 67 29 8 24 39 38 77 49 86 79 38 90 77 41 78 26 77 47 96 43 29 24 3 96 50 70 41 85 85 50 100 2 51 80 41 51 100 22 67 52 12 
72 11 92 21 67 47 96 47 20 35 85 82 56 45 85 40 56 77 11 26 17 65 95 17 57 65 23 53 61 30 3 87 16 83 96 84 97 12 41 30 68 34 77 29 5 96 47 55 10 31 13 60 12 66 32 57 63 82 81 32 70 38 74 29 22 12 1 52 5 49 4 81 50 83 93 85 43 88 65 91 40 13 46 99 42 76 2 80 82 57 11 42 1 26 35 38 96 57 61 70 24 50 69 8 93 60 86 70 44 34 66 84 34 26 65 18 74 71 65 58 38 89 66 7 5 65 45 59 
60 75 30 32 19 48 20 68 65 34 60 45 70 48 100 22 37 41 16 11 46 73 3 27 6 51 30 59 23 22 64 62 92 46 60 34 94 74 6 40 31 16 26 82 60 63 52 62 99 79 86 88 100 73 6 98 88 80 45 25 38 95 20 68 77 53 46 13 88 40 90 86 39 87 55 54 30 33 53 60 91 53 96 62 35 98 9 42 9 36 45 48 19 90 85 4 86 46 42 28 55 42 39 59 70 5 70 36 53 78 51 96 46 30 28 53 75 63 71 87 38 100 57 32 48 24 81 11 
67 52 14 99 62 88 66 95 91 95 19 25 90 79 11 36 56 80 61 40 97 88 49 50 69 16 90 74 58 69 89 48 79 16 39 69 90 81 75 5 38 8 86 72 67 47 68 87 25 98 92 76 40 49 56 83 61 15 77 41 10 84 36 81 89 24 16 93 46 92 83 11 78 47 42 62 51 42 36 40 34 34 57 53 96 77 9 45 7 93 70 71 97 44 57 66 19 96 21 29 56 13 59 85 41 49 59 67 76 61 40 5 13 11 78 3 81 50 23 22 88 53 85 6 34 37 45 23 
72 51 97 2 31 71 88 36 41 74 97 20 22 45 70 15 25 39 18 100 44 75 38 60 88 52 51 66 36 45 12 10 27 12 10 5 26 11 14 42 78 23 48 72 4 89 53 82 16 88 46 35 73 11 84 1 81 22 80 69 13 16 69 57 10 86 45 49 5 5 70 13 11 55 87 33 67 100 93 22 92 6 52 26 72 43 59 12 79 62 17 93 82 21 25 89 50 100 5 20 15 42 23 71 46 14 64 48 59 84 14 7 25 26 61 77 54 85 75 34 82 48 90 79 38 90 69 24 
69 46 24 48 34 79 4 25 50 44 92 58 86 70 68 94 45 68 68 44 81 81 77 40 94 100 27 37 42 74 88 92 96 42 46 99 72 49 51 22 75 7 6 46 50 97 60 74 54 85 32 24 2 80 16 9 89 33 35 39 85 88 65 24 41 82 70 22 82 53 50 42 43 60 5 76 85 99 51 68 48 6 79 76 7 3 28 4 84 19 53 16 46 90 9 89 24 12 34 100 76 20 63 93 32 50 55 94 97 46 99 26 55 91 24 51 5 49 91 33 2 90 59 16 61 60 29 7 
75 15 71 62 99 90 31 81 10 82 30 88 76 31 46 65 97 10 94 35 78 80 72 83 35 50 10 95 94 36 22 21 80 59 51 36 17 31 96 100 87 68 94 34 49 10 14 11 84 35 61 54 69 10 60 71 15 65 45 98 45 44 19 44 7 37 29 78 47 36 3 53 28 15 33 5 23 63 57 89 44 39 68 60 63 64 96 80 41 19 49 100 98 16 94 81 10 69 72 24 49 66 7 51 17 65 56 52 22 89 87 66 92 2 78 30 78 100 46 12 4 85 21 59 52 52 32 8 
74 36 56 29 43 1 97 92 26 90 46 43 36 77 30 69 55 11 47 98 89 64 95 25 93 43 46 69 32 34 50 40 36 71 22 86 82 23 37 94 24 55 35 63 34 89 90 83 65 85 96 36 67 59 94 90 7 17 42 84 93 32 97 46 19 78 67 53 44 32 71 64 13 34 93 43 99 71 76 25 20 52 28 10 65 6 19 76 70 84 58 92 79 49 43 93 53 34 69 75 83 42 85 73 15 35 98 68 16 82 72 67 5 61 97 5 27 56 1 94 68 32 53 63 59 95 71 50 
77 48 31 72 84 5 30 83 16 73 32 58 52 59 60 99 100 36 19 36 10 73 99 18 87 33 87 30 53 36 39 88 31 78 43 3 99 48 54 63 26 70 50 79 43 81 43 30 22 98 54 44 50 68 74 67 74 48 60 6 57 54 56 48 45 38 46 94 14 71 29 70 74 12 47 49 58 83 2 42 44 52 5 80 99 38 96 86 10 95 45 45 94 57 94 46 12 22 34 83 100 12 25 53 63 31 33 79 53 34 45 27 20 73 55 94 16 68 46 71 58 97 32 80 43 46 54 34 
7 2 85 35 29 72 54 83 52 9 27 48 89 17 72 20 86 55 14 63 13 70 31 9 57 62 13 59 2 53 72 60 3 88 76 65 13 28 17 74 87 95 38 63 75 83 68 64 37 89 16 16 48 29 22 88 97 18 85 4 62 24 11 49 53 13 81 91 75 47 92 100 12 76 48 83 98 96 21 45 59 95 14 24 49 5 58 6 65 81 14 78 30 6 2 40 25 50 18 50 79 60 48 58 6 96 46 97 53 28 57 22 66 95 86 18 100 13 90 71 20 94 11 37 28 29 97 88 
55 27 52 16 73 12 59 22 42 19 6 97 50 28 83 24 33 35 86 20 6 6 57 81 15 81 26 67 12 83 9 49 62 26 72 36 73 1 81 100 100 60 92 20 100 11 34 32 16 6 92 85 23 72 10 17 24 36 94 64 82 12 34 3 34 2 20 80 76 55 95 65 20 63 46 27 72 25 20 33 36 47 59 34 8 39 98 100 9 54 13 14 4 60 30 82 53 25 39 41 83 85 39 59 67 51 42 75 35 72 42 45 84 54 16 53 52 12 60 19 51 13 64 45 99 82 6 78 
96 73 20 62 80 88 56 46 7 15 46 28 36 10 39 45 49 23 16 37 31 4 12 5 35 93 57 66 54 29 71 75 93 39 35 77 26 80 41 15 9 79 23 7 56 14 38 96 88 38 53 27 60 10 100 34 21 90 30 84 17 90 13 38 14 86 89 40 96 7 79 66 53 28 20 2 69 88 45 82 58 68 54 36 10 15 7 55 73 10 100 56 55 37 17 2 62 79 55 88 40 99 26 64 47 89 47 86 33 92 40 14 63 36 49 11 48 89 10 75 22 17 68 39 30 73 57 1 
10 66 97 77 38 59 21 46 36 90 89 21 23 61 90 89 87 63 18 61 73 28 70 1 50 83 91 64 98 29 11 29 36 43 66 43 72 96 94 79 51 70 94 46 55 45 34 2 33 66 2 48 63 29 77 35 50 52 25 47 41 58 63 41 8 61 47 35 76 39 47 22 48 85 34 18 62 56 46 56 73 43 55 25 32 32 79 30 7 21 15 63 31 63 32 29 49 16 98 4 52 44 82 30 36 13 88 50 46 78 74 84 33 32 39 91 70 28 64 58 27 6 17 74 57 42 63 16 
72 25 100 39 96 44 94 79 57 19 83 57 13 84 20 26 86 43 49 92 63 72 65 80 72 67 59 7 14 39 30 8 96 43 82 31 56 41 13 43 24 5 57 33 81 4 16 49 13 78 10 38 7 15 73 16 56 58 81 86 82 81 51 68 100 13 49 80 36 28 95 16 75 38 96 63 53 45 84 2 6 81 42 19 27 78 95 61 70 66 6 7 78 26 15 77 45 42 77 56 4 10 45 55 13 36 100 43 22 51 41 59 3 31 59 85 17 15 54 23 66 59 92 73 68 22 90 56 
50 60 17 72 9 46 9 65 14 53 75 29 18 13 74 99 62 28 20 21 25 45 60 50 80 64 90 72 92 78 88 25 56 91 7 83 12 48 38 53 12 23 96 97 1 38 57 8 83 9 12 99 14 34 97 77 41 64 44 29 23 87 88 86 38 55 81 41 45 5 55 2 5 88 90 28 77 77 65 21 36 90 97 46 75 38 63 20 33 11 1 84 2 71 77 66 96 20 76 9 14 80 70 2 62 53 62 5 3 58 74 32 23 39 23 89 10 1 55 39 2 74 56 43 71 1 38 81 
92 2 79 35 18 68 61 59 37 33 20 32 33 16 85 50 31 22 59 91 22 30 3 4 63 50 56 46 29 60 3 81 32 63 96 34 73 45 8 10 64 75 33 2 83 62 83 99 62 82 29 10 35 14 11 92 91 10 3 37 85 41 75 42 22 60 37 95 72 39 15 35 47 24 82 88 67 38 78 33 30 39 28 14 64 21 89 77 64 15 90 3 99 26 100 74 12 66 23 98 21 29 6 63 48 74 70 70 71 95 59 80 39 16 99 53 18 3 7 39 4 21 50 89 72 18 27 20 
90 20 34 92 96 33 46 93 96 56 97 13 15 27 54 25 84 76 27 36 1 92 59 72 11 65 19 35 57 22 48 11 90 94 76 23 25 99 91 70 18 82 94 33 53 89 72 72 25 32 28 6 14 4 37 85 73 13 80 99 16 34 14 24 8 97 53 18 52 42 5 61 99 31 45 62 97 15 2 34 84 8 67 10 42 80 85 45 18 13 68 21 54 92 78 73 66 22 6 46 59 51 7 29 85 31 48 61 59 96 70 65 45 11 18 14 7 33 28 49 84 81 22 9 55 89 44 17 
1 43 65 74 3 19 78 18 25 37 46 81 35 19 19 30 39 73 85 81 5 62 20 59 45 47 51 42 98 6 81 13 92 61 16 46 37 20 43 44 26 12 20 7 9 48 75 36 10 85 59 31 31 14 49 59 53 42 2 13 25 5 77 75 6 79 24 71 16 42 54 42 10 24 81 18 25 63 41 2 24 37 93 12 44 91 93 27 3 72 74 61 96 6 5 15 7 32 46 80 82 100 81 53 74 72 35 59 22 86 89 87 87 5 100 2 14 22 95 49 10 17 87 61 56 8 70 80 
86 22 8 7 1 50 20 76 3 29 62 50 39 16 92 59 4 50 32 16 48 45 21 28 20 49 9 1 88 77 99 94 91 45 33 18 30 69 81 61 53 68 23 94 18 44 91 71 90 47 23 32 52 89 2 4 30 19 87 78 17 41 55 2 94 75 96 18 68 64 76 93 95 34 10 52 52 73 43 63 8 51 92 61 26 11 34 61 5 51 28 94 44 7 83 89 62 77 87 15 53 9 74 98 23 3 73 8 5 59 27 38 11 58 82 23 18 99 13 92 53 66 8 74 94 42 70 79 
91 85 69 82 36 42 62 53 17 64 21 34 91 49 92 2 76 46 95 47 14 43 21 58 1 95 44 67 22 5 38 74 69 13 81 11 37 59 81 37 12 54 45 100 46 32 92 94 16 28 39 29 93 28 61 25 37 61 68 78 44 4 61 70 49 1 68 23 3 32 30 94 44 25 48 44 65 27 27 24 30 88 21 7 86 31 56 85 95 15 81 83 89 4 40 16 29 43 49 25 17 25 86 26 80 32 57 19 62 40 85 21 32 33 81 2 92 27 85 64 91 47 93 55 98 48 93 89 
96 50 70 6 17 25 65 98 65 21 50 47 26 97 21 61 55 80 11 55 38 9 25 6 24 14 100 33 2 52 84 53 59 11 28 78 66 75 29 40 63 39 35 50 75 95 26 25 18 44 77 47 73 35 63 97 84 54 54 69 51 87 93 35 71 18 3 29 25 34 85 47 51 26 54 59 91 63 85 43 8 49 72 42 73 4 78 42 73 86 64 27 63 46 50 7 5 69 27 73 5 49 96 32 70 86 49 77 22 87 64 94 27 25 39 95 96 80 55 23 98 15 19 28 85 92 68 38 
12 23 36 44 63 69 26 55 34 68 57 9 2 16 80 49 76 84 10 71 36 35 47 54 78 93 34 87 8 18 19 39 5 8 53 25 24 22 41 91 7 51 1 31 58 59 99 36 29 61 52 73 91 56 60 19 59 60 92 99 94 68 8 36 29 29 33 3 9 54 14 23 76 43 30 91 69 77 96 25 65 70 38 66 94 36 34 83 29 71 21 78 94 2 65 20 38 64 7 71 43 100 65 62 78 46 55 88 21 40 17 92 52 30 91 34 5 3 97 32 85 24 49 21 67 100 33 32 
6 53 1 75 59 61 61 41 92 82 50 30 17 61 71 66 2 87 17 69 84 99 6 23 40 3 28 19 91 11 20 58 40 58 94 77 2 49 72 2 51 14 78 65 59 22 64 66 5 62 45 14 77 54 13 13 89 21 86 41 10 77 78 86 58 21 63 25 55 50 86 47 90 76 93 21 94 2 75 59 68 42 13 63 100 64 41 66 12 8 58 84 78 51 3 41 53 4 3 44 59 60 42 70 73 24 63 20 71 77 76 73 27 24 4 1 61 32 17 2 93 10 98 77 53 89 76 41 
81 26 9 67 39 40 87 17 49 67 97 98 75 89 30 4 20 28 72 62 35 89 97 99 97 34 78 74 77 75 70 65 67 90 91 7 65 17 96 46 53 14 97 95 20 53 67 76 95 2 83 66 21 47 46 21 65 79 17 1 75 100 69 21 41 60 1 95 7 4 15 38 79 100 77 93 57 43 73 16 87 4 8 72 64 7 60 46 84 52 29 68 18 96 58 69 30 69 65 91 64 44 45 82 85 81 14 26 50 16 27 43 61 92 30 60 51 4 2 73 13 73 49 59 93 67 10 28 
67 64 3 25 34 57 17 72 25 62 5 92 92 26 88 46 51 44 84 10 79 21 72 89 10 15 60 64 69 49 60 65 51 94 34 62 15 6 19 12 66 73 32 56 95 2 96 56 53 32 74 64 74 3 86 68 94 44 44 79 20 26 32 98 3 37 45 61 73 60 28 32 65 14 58 74 63 52 97 5 25 56 72 72 29 91 88 31 23 10 62 34 19 29 42 78 48 85 98 40 50 9 12 5 18 84 77 5 62 54 45 25 77 37 20 52 10 34 60 82 98 42 100 52 4 31 41 96 
61 39 87 18 8 30 50 93 21 14 74 12 49 90 28 33 58 29 14 95 36 24 37 48 20 71 13 14 87 19 77 31 25 37 86 39 65 97 51 21 15 52 83 61 68 62 37 53 52 23 30 20 67 100 11 97 26 61 54 29 9 30 51 57 56 50 5 36 70 14 9 62 83 38 72 57 100 87 97 96 59 58 66 20 78 73 10 57 25 21 87 78 33 84 98 66 79 39 64 37 22 69 6 67 49 20 11 1 97 99 15 14 19 18 3 63 83 82 2 68 90 82 89 10 29 100 100 7 
71 55 96 46 71 88 30 89 57 8 65 18 15 90 44 22 6 52 41 61 91 31 64 18 3 34 29 60 56 41 24 3 5 39 5 55 69 49 31 6 15 55 33 95 34 97 77 16 61 79 88 62 54 7 32 71 74 99 16 61 6 28 37 57 42 28 4 54 20 30 18 38 92 65 33 55 97 34 95 56 96 78 100 80 7 28 42 76 74 76 70 31 48 88 74 27 84 5 18 76 60 80 39 45 42 62 82 86 18 96 93 34 17 29 72 46 19 54 94 20 7 9 95 29 87 26 44 73 
45 5 39 6 38 7 23 94 26 94 73 54 56 39 24 52 3 38 48 46 82 51 62 1 20 79 5 85 25 59 86 71 27 36 92 91 21 85 99 77 41 20 46 43 100 41 22 91 12 41 12 69 62 48 100 3 21 15 94 9 10 77 6 94 11 62 92 28 27 58 61 12 33 31 95 15 74 35 83 98 33 10 57 80 84 33 45 7 87 55 61 43 50 94 11 61 46 49 21 52 96 53 63 89 55 5 17 14 62 39 98 66 3 60 27 25 19 72 99 9 27 46 57 44 84 72 43 14 
73 71 71 10 66 77 87 37 81 20 5 37 94 95 62 47 82 55 55 73 36 20 30 34 78 38 72 38 73 24 89 59 30 61 64 69 77 43 90 83 43 32 86 74 66 9 22 29 98 77 23 37 90 9 95 68 39 98 99 2 26 76 55 16 6 28 89 31 79 67 17 54 99 27 11 79 39 47 33 84 57 46 9 72 87 84 46 14 86 32 100 93 53 9 70 8 40 6 65 78 30 55 18 82 63 33 52 39 27 78 68 35 82 91 19 42 78 99 32 14 48 15 94 77 56 36 37 61 
6 13 57 84 92 97 73 4 60 97 68 60 92 2 20 45 1 73 55 96 51 31 62 59 8 19 100 95 25 42 82 51 93 18 11 28 79 30 37 10 46 36 2 74 96 15 88 6 44 70 81 38 59 12 13 63 85 48 35 49 72 67 30 2 96 91 21 30 64 21 9 51 60 70 94 51 7 99 52 22 84 8 62 61 21 31 61 41 83 36 7 39 83 28 79 85 54 28 69 89 1 48 51 15 93 58 34 2 86 19 71 19 30 11 24 35 4 15 90 16 29 73 25 85 34 35 46 36 
20 38 98 34 92 36 4 94 48 43 43 33 90 96 65 78 14 48 29 17 31 42 95 96 25 34 26 39 97 90 22 97 68 19 41 37 45 40 8 32 7 68 75 63 19 90 25 45 89 66 36 5 95 64 32 30 52 31 67 78 20 98 10 9 18 77 6 34 52 57 51 23 5 52 96 84 87 39 86 9 62 78 48 73 54 22 92 21 26 37 48 86 71 10 94 99 67 93 88 99 100 86 56 98 33 57 15 38 30 39 19 28 16 38 40 26 96 81 23 97 17 78 69 36 59 46 40 54 
68 28 56 53 86 49 17 52 4 88 89 80 77 67 84 39 46 98 76 55 93 23 36 7 43 27 22 80 44 63 14 6 97 84 56 98 59 32 74 58 63 53 47 13 10 93 87 11 56 44 53 26 30 33 51 12 1 17 99 76 64 34 49 8 4 97 15 54 38 30 72 4 29 6 28 2 95 67 32 40 56 38 63 64 8 42 17 96 29 30 20 40 89 47 83 23 62 6 28 24 65 24 74 45 38 88 15 89 55 67 86 24 78 51 72 69 31 98 69 35 51 73 56 47 35 91 24 96 
27 72 46 86 81 22 45 43 91 72 56 1 90 75 45 39 94 35 32 66 58 39 44 19 23 35 52 82 55 63 19 1 7 2 31 40 66 99 93 59 85 57 68 40 80 14 24 62 72 40 3 95 66 94 24 25 20 92 17 9 30 29 48 58 70 48 47 13 2 14 97 39 57 43 33 13 52 35 67 23 63 86 68 2 1 98 76 73 86 86 73 82 80 86 21 6 46 100 76 42 2 82 19 53 61 99 12 18 31 8 8 21 74 30 36 2 10 49 29 9 35 65 19 16 56 84 47 64 
41 95 100 79 12 98 19 36 26 56 45 25 49 41 77 97 27 7 60 67 54 44 69 76 28 31 98 25 79 54 37 54 19 15 58 85 55 22 55 49 89 94 60 75 10 68 8 95 81 59 14 47 50 58 20 49 55 29 85 2 89 79 10 20 59 38 2 88 58 47 54 40 76 81 10 65 39 3 97 5 43 83 53 56 7 17 4 21 74 82 72 71 11 36 1 20 45 29 62 5 26 10 49 32 47 20 55 9 73 83 98 88 60 8 21 87 49 85 78 38 3 72 39 43 80 11 71 58 
72 68 11 27 72 90 14 93 13 38 41 78 48 63 6 28 84 38 50 54 36 13 20 30 18 23 57 97 81 60 46 71 79 97 72 47 4 38 97 52 16 61 66 28 7 99 90 99 41 18 15 48 19 98 27 62 55 7 49 51 59 26 62 39 36 44 79 4 47 43 100 5 85 25 49 45 42 100 100 48 34 59 25 88 62 66 89 53 88 49 98 33 96 8 65 22 95 71 99 69 80 41 22 23 18 5 5 62 14 49 36 12 20 9 74 52 80 64 89 4 93 23 41 65 82 54 92 46 
12 4 10 29 16 85 89 77 60 29 76 47 85 16 22 96 36 8 53 48 81 88 17 43 80 100 60 71 50 77 24 100 77 78 96 2 58 23 80 63 42 84 57 13 27 84 84 59 41 60 34 87 58 83 7 35 57 12 59 27 80 47 51 94 97 68 9 38 89 77 29 92 60 16 17 27 42 63 74 85 29 78 89 63 74 58 61 48 65 18 87 80 34 75 89 19 45 56 35 63 45 6 16 34 12 20 50 22 50 89 36 5 99 92 27 92 33 85 47 54 14 26 10 31 67 52 44 84 
61 23 33 10 56 44 41 76 28 87 90 78 32 62 19 90 4 77 35 21 42 68 80 46 100 53 37 92 44 58 8 31 43 65 72 30 5 66 27 45 38 35 33 95 51 38 72 56 69 5 71 35 89 54 42 26 20 60 30 52 76 43 28 59 89 86 88 95 45 19 80 34 84 31 93 78 19 87 48 52 75 85 97 8 5 97 6 72 6 53 53 44 44 13 55 61 43 29 54 34 1 65 36 19 94 77 59 84 96 18 37 73 32 27 77 99 71 95 37 26 11 17 88 19 4 85 75 76 
38 42 90 85 17 10 59 97 34 59 85 52 60 9 34 56 3 61 86 61 94 11 87 49 60 47 72 5 89 12 40 49 66 97 18 62 3 29 40 32 27 82 42 79 83 40 35 17 60 26 27 20 17 29 39 60 11 39 35 43 7 27 1 7 3 60 68 32 16 48 28 46 75 64 12 65 28 16 59 59 23 100 55 22 66 4 87 2 78 73 97 82 100 15 33 88 79 68 41 37 2 44 6 90 89 86 64 54 48 58 18 90 90 20 46 73 89 53 51 28 88 42 78 6 94 13 43 9 
10 72 3 82 96 46 17 99 95 73 88 26 11 72 4 58 48 34 24 90 1 52 22 55 20 45 74 97 74 92 80 39 9 33 63 90 69 96 2 4 79 18 32 97 38 43 79 25 90 42 6 27 26 71 31 71 36 73 88 20 36 87 73 52 94 71 25 92 14 62 23 66 35 60 22 4 86 27 87 32 20 22 19 65 33 92 72 22 52 86 65 86 39 56 27 73 89 33 60 47 44 59 65 57 4 57 11 100 77 97 32 56 50 9 72 90 61 99 15 94 71 19 16 73 90 7 22 89 
34 51 2 6 37 65 67 54 56 14 64 45 11 27 48 57 50 24 54 81 34 63 39 88 34 33 5 62 57 81 69 9 52 6 49 85 76 13 9 35 12 55 83 59 68 69 17 85 23 68 48 52 35 100 59 37 25 8 7 34 88 53 35 43 15 63 5 43 91 37 31 71 7 27 86 57 93 38 32 54 65 81 47 99 77 43 36 82 22 85 15 1 67 31 57 86 70 76 27 71 21 99 33 53 49 26 70 46 37 76 96 84 10 65 80 78 54 24 77 24 27 43 83 82 95 35 97 34 
89 100 17 82 6 23 42 18 36 93 56 51 42 59 100 81 89 11 25 71 13 49 1 31 5 53 88 17 72 36 16 7 1 15 43 21 86 92 37 25 29 21 69 49 10 24 47 19 65 56 73 85 93 41 9 37 32 57 73 5 68 65 78 33 75 95 91 93 56 72 15 79 69 37 76 22 13 10 43 24 34 42 50 32 77 82 70 76 44 58 63 22 29 18 56 61 78 48 33 84 68 20 99 52 26 6 80 44 36 67 100 75 50 11 15 15 47 78 15 35 29 46 92 94 80 68 84 96 
93 31 77 95 51 54 63 25 10 65 35 39 38 34 67 69 10 80 46 22 85 20 51 80 58 96 50 47 80 87 47 57 62 11 2 18 89 46 26 30 51 25 52 53 26 72 2 77 54 31 70 58 4 41 12 94 46 50 76 71 6 71 30 80 3 95 15 59 58 20 20 30 2 51 79 5 75 59 87 31 66 75 37 9 51 93 100 17 55 77 20 29 83 81 45 91 22 57 12 20 1 55 7 36 29 61 53 69 36 47 69 3 29 20 36 19 100 1 81 5 6 46 37 71 60 37 71 92 
20 37 30 91 95 33 68 44 88 79 22 66 90 10 65 67 6 62 74 54 6 40 100 73 66 87 58 32 97 36 30 35 34 21 74 1 100 62 71 86 45 38 86 56 32 17 39 64 60 15 47 60 19 77 5 68 1 53 36 98 33 83 91 34 6 33 57 97 33 1 80 100 21 65 76 49 85 67 40 63 52 95 100 45 19 66 78 94 31 98 63 92 67 29 50 62 76 50 4 66 76 71 22 31 15 11 94 97 38 4 95 21 17 85 20 54 68 30 58 12 40 77 96 98 54 93 45 63 
0.0 1.0 1.0 1.0 1.0 1.0 1.0 1.0 1.0 1.0 1.0 1.0 1.0 1.0 1.0 1.0 1.0 1.0 1.0 1.0 1.0 1.0 1.0 1.0 1.0 1.0 1.0 1.0 1.0 1.0 1.0 1.0 1.0 1.0 1.0 1.0 1.0 1.0 1.0 1.0 1.0 1.0 1.0 1.0 1.0 1.0 1.0 1.0 1.0 1.0 1.0 1.0 1.0 1.0 1.0 1.0 1.0 1.0 1.0 1.0 1.0 1.0 1.0 1.0 1.0 1.0 1.0 1.0 1.0 1.0 1.0 1.0 1.0 1.0 1.0 1.0 1.0 1.0 1.0 1.0 1.0 1.0 1.0 1.0 1.0 1.0 1.0 1.0 1.0 1.0 1.0 1.0 1.0 1.0 1.0 1.0 1.0 1.0 1.0 1.0 1.0 1.0 1.0 1.0 1.0 1.0 1.0 1.0 1.0 1.0 1.0 1.0 1.0 1.0 1.0 1.0 1.0 1.0 1.0 1.0 1.0 1.0 1.0 1.0 1.0 1.0 1.0 1.0 
1.0 0.0 1.0 1.0 1.0 1.0 1.0 1.0 1.0 1.0 1.0 1.0 1.0 1.0 1.0 1.0 1.0 1.0 1.0 1.0 1.0 1.0 1.0 1.0 1.0 1.0 1.0 1.0 1.0 1.0 1.0 1.0 1.0 1.0 1.0 1.0 1.0 1.0 1.0 1.0 1.0 1.0 1.0 1.0 1.0 1.0 1.0 1.0 1.0 1.0 1.0 1.0 1.0 1.0 1.0 1.0 1.0 1.0 1.0 1.0 1.0 1.0 1.0 1.0 1.0 1.0 1.0 1.0 1.0 1.0 1.0 1.0 1.0 1.0 1.0 1.0 1.0 1.0 1.0 1.0 1.0 1.0 1.0 1.0 1.0 1.0 1.0 1.0 1.0 1.0 1.0 1.0 1.0 1.0 1.0 1.0 1.0 1.0 1.0 1.0 1.0 1.0 1.0 1.0 1.0 1.0 1.0 1.0 1.0 1.0 1.0 1.0 1.0 1.0 1.0 1.0 1.0 1.0 1.0 1.0 1.0 1.0 1.0 1.0 1.0 1.0 1.0 1.0 
1.0 1.0 0.0 1.0 1.0 1.0 1.0 1.0 1.0 1.0 1.0 1.0 1.0 1.0 1.0 1.0 1.0 1.0 1.0 1.0 1.0 1.0 1.0 1.0 1.0 1.0 1.0 1.0 1.0 1.0 1.0 1.0 1.0 1.0 1.0 1.0 1.0 1.0 1.0 1.0 1.0 1.0 1.0 1.0 1.0 1.0 1.0 1.0 1.0 1.0 1.0 1.0 1.0 1.0 1.0 1.0 1.0 1.0 1.0 1.0 1.0 1.0 1.0 1.0 1.0 1.0 1.0 1.0 1.0 1.0 1.0 1.0 1.0 1.0 1.0 1.0 1.0 1.0 1.0 1.0 1.0 1.0 1.0 1.0 1.0 1.0 1.0 1.0 1.0 1.0 1.0 1.0 1.0 1.0 1.0 1.0 1.0 1.0 1.0 1.0 1.0 1.0 1.0 1.0 1.0 1.0 1.0 1.0 1.0 1.0 1.0 1.0 1.0 1.0 1.0 1.0 1.0 1.0 1.0 1.0 1.0 1.0 1.0 1.0 1.0 1.0 1.0 1.0 
1.0 1.0 1.0 0.0 1.0 1.0 1.0 1.0 1.0 1.0 1.0 1.0 1.0 1.0 1.0 1.0 1.0 1.0 1.0 1.0 1.0 1.0 1.0 1.0 1.0 1.0 1.0 1.0 1.0 1.0 1.0 1.0 1.0 1.0 1.0 1.0 1.0 1.0 1.0 1.0 1.0 1.0 1.0 1.0 1.0 1.0 1.0 1.0 1.0 1.0 1.0 1.0 1.0 1.0 1.0 1.0 1.0 1.0 1.0 1.0 1.0 1.0 1.0 1.0 1.0 1.0 1.0 1.0 1.0 1.0 1.0 1.0 1.0 1.0 1.0 1.0 1.0 1.0 1.0 1.0 1.0 1.0 1.0 1.0 1.0 1.0 1.0 1.0 1.0 1.0 1.0 1.0 1.0 1.0 1.0 1.0 1.0 1.0 1.0 1.0 1.0 1.0 1.0 1.0 1.0 1.0 1.0 1.0 1.0 1.0 1.0 1.0 1.0 1.0 1.0 1.0 1.0 1.0 1.0 1.0 1.0 1.0 1.0 1.0 1.0 1.0 1.0 1.0 
1.0 1.0 1.0 1.0 0.0 1.0 1.0 1.0 1.0 1.0 1.0 1.0 1.0 1.0 1.0 1.0 1.0 1.0 1.0 1.0 1.0 1.0 1.0 1.0 1.0 1.0 1.0 1.0 1.0 1.0 1.0 1.0 1.0 1.0 1.0 1.0 1.0 1.0 1.0 1.0 1.0 1.0 1.0 1.0 1.0 1.0 1.0 1.0 1.0 1.0 1.0 1.0 1.0 1.0 1.0 1.0 1.0 1.0 1.0 1.0 1.0 1.0 1.0 1.0 1.0 1.0 1.0 1.0 1.0 1.0 1.0 1.0 1.0 1.0 1.0 1.0 1.0 1.0 1.0 1.0 1.0 1.0 1.0 1.0 1.0 1.0 1.0 1.0 1.0 1.0 1.0 1.0 1.0 1.0 1.0 1.0 1.0 1.0 1.0 1.0 1.0 1.0 1.0 1.0 1.0 1.0 1.0 1.0 1.0 1.0 1.0 1.0 1.0 1.0 1.0 1.0 1.0 1.0 1.0 1.0 1.0 1.0 1.0 1.0 1.0 1.0 1.0 1.0 
1.0 1.0 1.0 1.0 1.0 0.0 1.0 1.0 1.0 1.0 1.0 1.0 1.0 1.0 1.0 1.0 1.0 1.0 1.0 1.0 1.0 1.0 1.0 1.0 1.0 1.0 1.0 1.0 1.0 1.0 1.0 1.0 1.0 1.0 1.0 1.0 1.0 1.0 1.0 1.0 1.0 1.0 1.0 1.0 1.0 1.0 1.0 1.0 1.0 1.0 1.0 1.0 1.0 1.0 1.0 1.0 1.0 1.0 1.0 1.0 1.0 1.0 1.0 1.0 1.0 1.0 1.0 1.0 1.0 1.0 1.0 1.0 1.0 1.0 1.0 1.0 1.0 1.0 1.0 1.0 1.0 1.0 1.0 1.0 1.0 1.0 1.0 1.0 1.0 1.0 1.0 1.0 1.0 1.0 1.0 1.0 1.0 1.0 1.0 1.0 1.0 1.0 1.0 1.0 1.0 1.0 1.0 1.0 1.0 1.0 1.0 1.0 1.0 1.0 1.0 1.0 1.0 1.0 1.0 1.0 1.0 1.0 1.0 1.0 1.0 1.0 1.0 1.0 
1.0 1.0 1.0 1.0 1.0 1.0 0.0 1.0 1.0 1.0 1.0 1.0 1.0 1.0 1.0 1.0 1.0 1.0 1.0 1.0 1.0 1.0 1.0 1.0 1.0 1.0 1.0 1.0 1.0 1.0 1.0 1.0 1.0 1.0 1.0 1.0 1.0 1.0 1.0 1.0 1.0 1.0 1.0 1.0 1.0 1.0 1.0 1.0 1.0 1.0 1.0 1.0 1.0 1.0 1.0 1.0 1.0 1.0 1.0 1.0 1.0 1.0 1.0 1.0 1.0 1.0 1.0 1.0 1.0 1.0 1.0 1.0 1.0 1.0 1.0 1.0 1.0 1.0 1.0 1.0 1.0 1.0 1.0 1.0 1.0 1.0 1.0 1.0 1.0 1.0 1.0 1.0 1.0 1.0 1.0 1.0 1.0 1.0 1.0 1.0 1.0 1.0 1.0 1.0 1.0 1.0 1.0 1.0 1.0 1.0 1.0 1.0 1.0 1.0 1.0 1.0 1.0 1.0 1.0 1.0 1.0 1.0 1.0 1.0 1.0 1.0 1.0 1.0 
1.0 1.0 1.0 1.0 1.0 1.0 1.0 0.0 1.0 1.0 1.0 1.0 1.0 1.0 1.0 1.0 1.0 1.0 1.0 1.0 1.0 1.0 1.0 1.0 1.0 1.0 1.0 1.0 1.0 1.0 1.0 1.0 1.0 1.0 1.0 1.0 1.0 1.0 1.0 1.0 1.0 1.0 1.0 1.0 1.0 1.0 1.0 1.0 1.0 1.0 1.0 1.0 1.0 1.0 1.0 1.0 1.0 1.0 1.0 1.0 1.0 1.0 1.0 1.0 1.0 1.0 1.0 1.0 1.0 1.0 1.0 1.0 1.0 1.0 1.0 1.0 1.0 1.0 1.0 1.0 1.0 1.0 1.0 1.0 1.0 1.0 1.0 1.0 1.0 1.0 1.0 1.0 1.0 1.0 1.0 1.0 1.0 1.0 1.0 1.0 1.0 1.0 1.0 1.0 1.0 1.0 1.0 1.0 1.0 1.0 1.0 1.0 1.0 1.0 1.0 1.0 1.0 1.0 1.0 1.0 1.0 1.0 1.0 1.0 1.0 1.0 1.0 1.0 
1.0 1.0 1.0 1.0 1.0 1.0 1.0 1.0 0.0 1.0 1.0 1.0 1.0 1.0 1.0 1.0 1.0 1.0 1.0 1.0 1.0 1.0 1.0 1.0 1.0 1.0 1.0 1.0 1.0 1.0 1.0 1.0 1.0 1.0 1.0 1.0 1.0 1.0 1.0 1.0 1.0 1.0 1.0 1.0 1.0 1.0 1.0 1.0 1.0 1.0 1.0 1.0 1.0 1.0 1.0 1.0 1.0 1.0 1.0 1.0 1.0 1.0 1.0 1.0 1.0 1.0 1.0 1.0 1.0 1.0 1.0 1.0 1.0 1.0 1.0 1.0 1.0 1.0 1.0 1.0 1.0 1.0 1.0 1.0 1.0 1.0 1.0 1.0 1.0 1.0 1.0 1.0 1.0 1.0 1.0 1.0 1.0 1.0 1.0 1.0 1.0 1.0 1.0 1.0 1.0 1.0 1.0 1.0 1.0 1.0 1.0 1.0 1.0 1.0 1.0 1.0 1.0 1.0 1.0 1.0 1.0 1.0 1.0 1.0 1.0 1.0 1.0 1.0 
1.0 1.0 1.0 1.0 1.0 1.0 1.0 1.0 1.0 0.0 1.0 1.0 1.0 1.0 1.0 1.0 1.0 1.0 1.0 1.0 1.0 1.0 1.0 1.0 1.0 1.0 1.0 1.0 1.0 1.0 1.0 1.0 1.0 1.0 1.0 1.0 1.0 1.0 1.0 1.0 1.0 1.0 1.0 1.0 1.0 1.0 1.0 1.0 1.0 1.0 1.0 1.0 1.0 1.0 1.0 1.0 1.0 1.0 1.0 1.0 1.0 1.0 1.0 1.0 1.0 1.0 1.0 1.0 1.0 1.0 1.0 1.0 1.0 1.0 1.0 1.0 1.0 1.0 1.0 1.0 1.0 1.0 1.0 1.0 1.0 1.0 1.0 1.0 1.0 1.0 1.0 1.0 1.0 1.0 1.0 1.0 1.0 1.0 1.0 1.0 1.0 1.0 1.0 1.0 1.0 1.0 1.0 1.0 1.0 1.0 1.0 1.0 1.0 1.0 1.0 1.0 1.0 1.0 1.0 1.0 1.0 1.0 1.0 1.0 1.0 1.0 1.0 1.0 
1.0 1.0 1.0 1.0 1.0 1.0 1.0 1.0 1.0 1.0 0.0 1.0 1.0 1.0 1.0 1.0 1.0 1.0 1.0 1.0 1.0 1.0 1.0 1.0 1.0 1.0 1.0 1.0 1.0 1.0 1.0 1.0 1.0 1.0 1.0 1.0 1.0 1.0 1.0 1.0 1.0 1.0 1.0 1.0 1.0 1.0 1.0 1.0 1.0 1.0 1.0 1.0 1.0 1.0 1.0 1.0 1.0 1.0 1.0 1.0 1.0 1.0 1.0 1.0 1.0 1.0 1.0 1.0 1.0 1.0 1.0 1.0 1.0 1.0 1.0 1.0 1.0 1.0 1.0 1.0 1.0 1.0 1.0 1.0 1.0 1.0 1.0 1.0 1.0 1.0 1.0 1.0 1.0 1.0 1.0 1.0 1.0 1.0 1.0 1.0 1.0 1.0 1.0 1.0 1.0 1.0 1.0 1.0 1.0 1.0 1.0 1.0 1.0 1.0 1.0 1.0 1.0 1.0 1.0 1.0 1.0 1.0 1.0 1.0 1.0 1.0 1.0 1.0 
1.0 1.0 1.0 1.0 1.0 1.0 1.0 1.0 1.0 1.0 1.0 0.0 1.0 1.0 1.0 1.0 1.0 1.0 1.0 1.0 1.0 1.0 1.0 1.0 1.0 1.0 1.0 1.0 1.0 1.0 1.0 1.0 1.0 1.0 1.0 1.0 1.0 1.0 1.0 1.0 1.0 1.0 1.0 1.0 1.0 1.0 1.0 1.0 1.0 1.0 1.0 1.0 1.0 1.0 1.0 1.0 1.0 1.0 1.0 1.0 1.0 1.0 1.0 1.0 1.0 1.0 1.0 1.0 1.0 1.0 1.0 1.0 1.0 1.0 1.0 1.0 1.0 1.0 1.0 1.0 1.0 1.0 1.0 1.0 1.0 1.0 1.0 1.0 1.0 1.0 1.0 1.0 1.0 1.0 1.0 1.0 1.0 1.0 1.0 1.0 1.0 1.0 1.0 1.0 1.0 1.0 1.0 1.0 1.0 1.0 1.0 1.0 1.0 1.0 1.0 1.0 1.0 1.0 1.0 1.0 1.0 1.0 1.0 1.0 1.0 1.0 1.0 1.0 
1.0 1.0 1.0 1.0 1.0 1.0 1.0 1.0 1.0 1.0 1.0 1.0 0.0 1.0 1.0 1.0 1.0 1.0 1.0 1.0 1.0 1.0 1.0 1.0 1.0 1.0 1.0 1.0 1.0 1.0 1.0 1.0 1.0 1.0 1.0 1.0 1.0 1.0 1.0 1.0 1.0 1.0 1.0 1.0 1.0 1.0 1.0 1.0 1.0 1.0 1.0 1.0 1.0 1.0 1.0 1.0 1.0 1.0 1.0 1.0 1.0 1.0 1.0 1.0 1.0 1.0 1.0 1.0 1.0 1.0 1.0 1.0 1.0 1.0 1.0 1.0 1.0 1.0 1.0 1.0 1.0 1.0 1.0 1.0 1.0 1.0 1.0 1.0 1.0 1.0 1.0 1.0 1.0 1.0 1.0 1.0 1.0 1.0 1.0 1.0 1.0 1.0 1.0 1.0 1.0 1.0 1.0 1.0 1.0 1.0 1.0 1.0 1.0 1.0 1.0 1.0 1.0 1.0 1.0 1.0 1.0 1.0 1.0 1.0 1.0 1.0 1.0 1.0 
1.0 1.0 1.0 1.0 1.0 1.0 1.0 1.0 1.0 1.0 1.0 1.0 1.0 0.0 1.0 1.0 1.0 1.0 1.0 1.0 1.0 1.0 1.0 1.0 1.0 1.0 1.0 1.0 1.0 1.0 1.0 1.0 1.0 1.0 1.0 1.0 1.0 1.0 1.0 1.0 1.0 1.0 1.0 1.0 1.0 1.0 1.0 1.0 1.0 1.0 1.0 1.0 1.0 1.0 1.0 1.0 1.0 1.0 1.0 1.0 1.0 1.0 1.0 1.0 1.0 1.0 1.0 1.0 1.0 1.0 1.0 1.0 1.0 1.0 1.0 1.0 1.0 1.0 1.0 1.0 1.0 1.0 1.0 1.0 1.0 1.0 1.0 1.0 1.0 1.0 1.0 1.0 1.0 1.0 1.0 1.0 1.0 1.0 1.0 1.0 1.0 1.0 1.0 1.0 1.0 1.0 1.0 1.0 1.0 1.0 1.0 1.0 1.0 1.0 1.0 1.0 1.0 1.0 1.0 1.0 1.0 1.0 1.0 1.0 1.0 1.0 1.0 1.0 
1.0 1.0 1.0 1.0 1.0 1.0 1.0 1.0 1.0 1.0 1.0 1.0 1.0 1.0 0.0 1.0 1.0 1.0 1.0 1.0 1.0 1.0 1.0 1.0 1.0 1.0 1.0 1.0 1.0 1.0 1.0 1.0 1.0 1.0 1.0 1.0 1.0 1.0 1.0 1.0 1.0 1.0 1.0 1.0 1.0 1.0 1.0 1.0 1.0 1.0 1.0 1.0 1.0 1.0 1.0 1.0 1.0 1.0 1.0 1.0 1.0 1.0 1.0 1.0 1.0 1.0 1.0 1.0 1.0 1.0 1.0 1.0 1.0 1.0 1.0 1.0 1.0 1.0 1.0 1.0 1.0 1.0 1.0 1.0 1.0 1.0 1.0 1.0 1.0 1.0 1.0 1.0 1.0 1.0 1.0 1.0 1.0 1.0 1.0 1.0 1.0 1.0 1.0 1.0 1.0 1.0 1.0 1.0 1.0 1.0 1.0 1.0 1.0 1.0 1.0 1.0 1.0 1.0 1.0 1.0 1.0 1.0 1.0 1.0 1.0 1.0 1.0 1.0 
1.0 1.0 1.0 1.0 1.0 1.0 1.0 1.0 1.0 1.0 1.0 1.0 1.0 1.0 1.0 0.0 1.0 1.0 1.0 1.0 1.0 1.0 1.0 1.0 1.0 1.0 1.0 1.0 1.0 1.0 1.0 1.0 1.0 1.0 1.0 1.0 1.0 1.0 1.0 1.0 1.0 1.0 1.0 1.0 1.0 1.0 1.0 1.0 1.0 1.0 1.0 1.0 1.0 1.0 1.0 1.0 1.0 1.0 1.0 1.0 1.0 1.0 1.0 1.0 1.0 1.0 1.0 1.0 1.0 1.0 1.0 1.0 1.0 1.0 1.0 1.0 1.0 1.0 1.0 1.0 1.0 1.0 1.0 1.0 1.0 1.0 1.0 1.0 1.0 1.0 1.0 1.0 1.0 1.0 1.0 1.0 1.0 1.0 1.0 1.0 1.0 1.0 1.0 1.0 1.0 1.0 1.0 1.0 1.0 1.0 1.0 1.0 1.0 1.0 1.0 1.0 1.0 1.0 1.0 1.0 1.0 1.0 1.0 1.0 1.0 1.0 1.0 1.0 
1.0 1.0 1.0 1.0 1.0 1.0 1.0 1.0 1.0 1.0 1.0 1.0 1.0 1.0 1.0 1.0 0.0 1.0 1.0 1.0 1.0 1.0 1.0 1.0 1.0 1.0 1.0 1.0 1.0 1.0 1.0 1.0 1.0 1.0 1.0 1.0 1.0 1.0 1.0 1.0 1.0 1.0 1.0 1.0 1.0 1.0 1.0 1.0 1.0 1.0 1.0 1.0 1.0 1.0 1.0 1.0 1.0 1.0 1.0 1.0 1.0 1.0 1.0 1.0 1.0 1.0 1.0 1.0 1.0 1.0 1.0 1.0 1.0 1.0 1.0 1.0 1.0 1.0 1.0 1.0 1.0 1.0 1.0 1.0 1.0 1.0 1.0 1.0 1.0 1.0 1.0 1.0 1.0 1.0 1.0 1.0 1.0 1.0 1.0 1.0 1.0 1.0 1.0 1.0 1.0 1.0 1.0 1.0 1.0 1.0 1.0 1.0 1.0 1.0 1.0 1.0 1.0 1.0 1.0 1.0 1.0 1.0 1.0 1.0 1.0 1.0 1.0 1.0 
1.0 1.0 1.0 1.0 1.0 1.0 1.0 1.0 1.0 1.0 1.0 1.0 1.0 1.0 1.0 1.0 1.0 0.0 1.0 1.0 1.0 1.0 1.0 1.0 1.0 1.0 1.0 1.0 1.0 1.0 1.0 1.0 1.0 1.0 1.0 1.0 1.0 1.0 1.0 1.0 1.0 1.0 1.0 1.0 1.0 1.0 1.0 1.0 1.0 1.0 1.0 1.0 1.0 1.0 1.0 1.0 1.0 1.0 1.0 1.0 1.0 1.0 1.0 1.0 1.0 1.0 1.0 1.0 1.0 1.0 1.0 1.0 1.0 1.0 1.0 1.0 1.0 1.0 1.0 1.0 1.0 1.0 1.0 1.0 1.0 1.0 1.0 1.0 1.0 1.0 1.0 1.0 1.0 1.0 1.0 1.0 1.0 1.0 1.0 1.0 1.0 1.0 1.0 1.0 1.0 1.0 1.0 1.0 1.0 1.0 1.0 1.0 1.0 1.0 1.0 1.0 1.0 1.0 1.0 1.0 1.0 1.0 1.0 1.0 1.0 1.0 1.0 1.0 
1.0 1.0 1.0 1.0 1.0 1.0 1.0 1.0 1.0 1.0 1.0 1.0 1.0 1.0 1.0 1.0 1.0 1.0 0.0 1.0 1.0 1.0 1.0 1.0 1.0 1.0 1.0 1.0 1.0 1.0 1.0 1.0 1.0 1.0 1.0 1.0 1.0 1.0 1.0 1.0 1.0 1.0 1.0 1.0 1.0 1.0 1.0 1.0 1.0 1.0 1.0 1.0 1.0 1.0 1.0 1.0 1.0 1.0 1.0 1.0 1.0 1.0 1.0 1.0 1.0 1.0 1.0 1.0 1.0 1.0 1.0 1.0 1.0 1.0 1.0 1.0 1.0 1.0 1.0 1.0 1.0 1.0 1.0 1.0 1.0 1.0 1.0 1.0 1.0 1.0 1.0 1.0 1.0 1.0 1.0 1.0 1.0 1.0 1.0 1.0 1.0 1.0 1.0 1.0 1.0 1.0 1.0 1.0 1.0 1.0 1.0 1.0 1.0 1.0 1.0 1.0 1.0 1.0 1.0 1.0 1.0 1.0 1.0 1.0 1.0 1.0 1.0 1.0 
1.0 1.0 1.0 1.0 1.0 1.0 1.0 1.0 1.0 1.0 1.0 1.0 1.0 1.0 1.0 1.0 1.0 1.0 1.0 0.0 1.0 1.0 1.0 1.0 1.0 1.0 1.0 1.0 1.0 1.0 1.0 1.0 1.0 1.0 1.0 1.0 1.0 1.0 1.0 1.0 1.0 1.0 1.0 1.0 1.0 1.0 1.0 1.0 1.0 1.0 1.0 1.0 1.0 1.0 1.0 1.0 1.0 1.0 1.0 1.0 1.0 1.0 1.0 1.0 1.0 1.0 1.0 1.0 1.0 1.0 1.0 1.0 1.0 1.0 1.0 1.0 1.0 1.0 1.0 1.0 1.0 1.0 1.0 1.0 1.0 1.0 1.0 1.0 1.0 1.0 1.0 1.0 1.0 1.0 1.0 1.0 1.0 1.0 1.0 1.0 1.0 1.0 1.0 1.0 1.0 1.0 1.0 1.0 1.0 1.0 1.0 1.0 1.0 1.0 1.0 1.0 1.0 1.0 1.0 1.0 1.0 1.0 1.0 1.0 1.0 1.0 1.0 1.0 
1.0 1.0 1.0 1.0 1.0 1.0 1.0 1.0 1.0 1.0 1.0 1.0 1.0 1.0 1.0 1.0 1.0 1.0 1.0 1.0 0.0 1.0 1.0 1.0 1.0 1.0 1.0 1.0 1.0 1.0 1.0 1.0 1.0 1.0 1.0 1.0 1.0 1.0 1.0 1.0 1.0 1.0 1.0 1.0 1.0 1.0 1.0 1.0 1.0 1.0 1.0 1.0 1.0 1.0 1.0 1.0 1.0 1.0 1.0 1.0 1.0 1.0 1.0 1.0 1.0 1.0 1.0 1.0 1.0 1.0 1.0 1.0 1.0 1.0 1.0 1.0 1.0 1.0 1.0 1.0 1.0 1.0 1.0 1.0 1.0 1.0 1.0 1.0 1.0 1.0 1.0 1.0 1.0 1.0 1.0 1.0 1.0 1.0 1.0 1.0 1.0 1.0 1.0 1.0 1.0 1.0 1.0 1.0 1.0 1.0 1.0 1.0 1.0 1.0 1.0 1.0 1.0 1.0 1.0 1.0 1.0 1.0 1.0 1.0 1.0 1.0 1.0 1.0 
1.0 1.0 1.0 1.0 1.0 1.0 1.0 1.0 1.0 1.0 1.0 1.0 1.0 1.0 1.0 1.0 1.0 1.0 1.0 1.0 1.0 0.0 1.0 1.0 1.0 1.0 1.0 1.0 1.0 1.0 1.0 1.0 1.0 1.0 1.0 1.0 1.0 1.0 1.0 1.0 1.0 1.0 1.0 1.0 1.0 1.0 1.0 1.0 1.0 1.0 1.0 1.0 1.0 1.0 1.0 1.0 1.0 1.0 1.0 1.0 1.0 1.0 1.0 1.0 1.0 1.0 1.0 1.0 1.0 1.0 1.0 1.0 1.0 1.0 1.0 1.0 1.0 1.0 1.0 1.0 1.0 1.0 1.0 1.0 1.0 1.0 1.0 1.0 1.0 1.0 1.0 1.0 1.0 1.0 1.0 1.0 1.0 1.0 1.0 1.0 1.0 1.0 1.0 1.0 1.0 1.0 1.0 1.0 1.0 1.0 1.0 1.0 1.0 1.0 1.0 1.0 1.0 1.0 1.0 1.0 1.0 1.0 1.0 1.0 1.0 1.0 1.0 1.0 
1.0 1.0 1.0 1.0 1.0 1.0 1.0 1.0 1.0 1.0 1.0 1.0 1.0 1.0 1.0 1.0 1.0 1.0 1.0 1.0 1.0 1.0 0.0 1.0 1.0 1.0 1.0 1.0 1.0 1.0 1.0 1.0 1.0 1.0 1.0 1.0 1.0 1.0 1.0 1.0 1.0 1.0 1.0 1.0 1.0 1.0 1.0 1.0 1.0 1.0 1.0 1.0 1.0 1.0 1.0 1.0 1.0 1.0 1.0 1.0 1.0 1.0 1.0 1.0 1.0 1.0 1.0 1.0 1.0 1.0 1.0 1.0 1.0 1.0 1.0 1.0 1.0 1.0 1.0 1.0 1.0 1.0 1.0 1.0 1.0 1.0 1.0 1.0 1.0 1.0 1.0 1.0 1.0 1.0 1.0 1.0 1.0 1.0 1.0 1.0 1.0 1.0 1.0 1.0 1.0 1.0 1.0 1.0 1.0 1.0 1.0 1.0 1.0 1.0 1.0 1.0 1.0 1.0 1.0 1.0 1.0 1.0 1.0 1.0 1.0 1.0 1.0 1.0 
1.0 1.0 1.0 1.0 1.0 1.0 1.0 1.0 1.0 1.0 1.0 1.0 1.0 1.0 1.0 1.0 1.0 1.0 1.0 1.0 1.0 1.0 1.0 0.0 1.0 1.0 1.0 1.0 1.0 1.0 1.0 1.0 1.0 1.0 1.0 1.0 1.0 1.0 1.0 1.0 1.0 1.0 1.0 1.0 1.0 1.0 1.0 1.0 1.0 1.0 1.0 1.0 1.0 1.0 1.0 1.0 1.0 1.0 1.0 1.0 1.0 1.0 1.0 1.0 1.0 1.0 1.0 1.0 1.0 1.0 1.0 1.0 1.0 1.0 1.0 1.0 1.0 1.0 1.0 1.0 1.0 1.0 1.0 1.0 1.0 1.0 1.0 1.0 1.0 1.0 1.0 1.0 1.0 1.0 1.0 1.0 1.0 1.0 1.0 1.0 1.0 1.0 1.0 1.0 1.0 1.0 1.0 1.0 1.0 1.0 1.0 1.0 1.0 1.0 1.0 1.0 1.0 1.0 1.0 1.0 1.0 1.0 1.0 1.0 1.0 1.0 1.0 1.0 
1.0 1.0 1.0 1.0 1.0 1.0 1.0 1.0 1.0 1.0 1.0 1.0 1.0 1.0 1.0 1.0 1.0 1.0 1.0 1.0 1.0 1.0 1.0 1.0 0.0 1.0 1.0 1.0 1.0 1.0 1.0 1.0 1.0 1.0 1.0 1.0 1.0 1.0 1.0 1.0 1.0 1.0 1.0 1.0 1.0 1.0 1.0 1.0 1.0 1.0 1.0 1.0 1.0 1.0 1.0 1.0 1.0 1.0 1.0 1.0 1.0 1.0 1.0 1.0 1.0 1.0 1.0 1.0 1.0 1.0 1.0 1.0 1.0 1.0 1.0 1.0 1.0 1.0 1.0 1.0 1.0 1.0 1.0 1.0 1.0 1.0 1.0 1.0 1.0 1.0 1.0 1.0 1.0 1.0 1.0 1.0 1.0 1.0 1.0 1.0 1.0 1.0 1.0 1.0 1.0 1.0 1.0 1.0 1.0 1.0 1.0 1.0 1.0 1.0 1.0 1.0 1.0 1.0 1.0 1.0 1.0 1.0 1.0 1.0 1.0 1.0 1.0 1.0 
1.0 1.0 1.0 1.0 1.0 1.0 1.0 1.0 1.0 1.0 1.0 1.0 1.0 1.0 1.0 1.0 1.0 1.0 1.0 1.0 1.0 1.0 1.0 1.0 1.0 0.0 1.0 1.0 1.0 1.0 1.0 1.0 1.0 1.0 1.0 1.0 1.0 1.0 1.0 1.0 1.0 1.0 1.0 1.0 1.0 1.0 1.0 1.0 1.0 1.0 1.0 1.0 1.0 1.0 1.0 1.0 1.0 1.0 1.0 1.0 1.0 1.0 1.0 1.0 1.0 1.0 1.0 1.0 1.0 1.0 1.0 1.0 1.0 1.0 1.0 1.0 1.0 1.0 1.0 1.0 1.0 1.0 1.0 1.0 1.0 1.0 1.0 1.0 1.0 1.0 1.0 1.0 1.0 1.0 1.0 1.0 1.0 1.0 1.0 1.0 1.0 1.0 1.0 1.0 1.0 1.0 1.0 1.0 1.0 1.0 1.0 1.0 1.0 1.0 1.0 1.0 1.0 1.0 1.0 1.0 1.0 1.0 1.0 1.0 1.0 1.0 1.0 1.0 
1.0 1.0 1.0 1.0 1.0 1.0 1.0 1.0 1.0 1.0 1.0 1.0 1.0 1.0 1.0 1.0 1.0 1.0 1.0 1.0 1.0 1.0 1.0 1.0 1.0 1.0 0.0 1.0 1.0 1.0 1.0 1.0 1.0 1.0 1.0 1.0 1.0 1.0 1.0 1.0 1.0 1.0 1.0 1.0 1.0 1.0 1.0 1.0 1.0 1.0 1.0 1.0 1.0 1.0 1.0 1.0 1.0 1.0 1.0 1.0 1.0 1.0 1.0 1.0 1.0 1.0 1.0 1.0 1.0 1.0 1.0 1.0 1.0 1.0 1.0 1.0 1.0 1.0 1.0 1.0 1.0 1.0 1.0 1.0 1.0 1.0 1.0 1.0 1.0 1.0 1.0 1.0 1.0 1.0 1.0 1.0 1.0 1.0 1.0 1.0 1.0 1.0 1.0 1.0 1.0 1.0 1.0 1.0 1.0 1.0 1.0 1.0 1.0 1.0 1.0 1.0 1.0 1.0 1.0 1.0 1.0 1.0 1.0 1.0 1.0 1.0 1.0 1.0 
1.0 1.0 1.0 1.0 1.0 1.0 1.0 1.0 1.0 1.0 1.0 1.0 1.0 1.0 1.0 1.0 1.0 1.0 1.0 1.0 1.0 1.0 1.0 1.0 1.0 1.0 1.0 0.0 1.0 1.0 1.0 1.0 1.0 1.0 1.0 1.0 1.0 1.0 1.0 1.0 1.0 1.0 1.0 1.0 1.0 1.0 1.0 1.0 1.0 1.0 1.0 1.0 1.0 1.0 1.0 1.0 1.0 1.0 1.0 1.0 1.0 1.0 1.0 1.0 1.0 1.0 1.0 1.0 1.0 1.0 1.0 1.0 1.0 1.0 1.0 1.0 1.0 1.0 1.0 1.0 1.0 1.0 1.0 1.0 1.0 1.0 1.0 1.0 1.0 1.0 1.0 1.0 1.0 1.0 1.0 1.0 1.0 1.0 1.0 1.0 1.0 1.0 1.0 1.0 1.0 1.0 1.0 1.0 1.0 1.0 1.0 1.0 1.0 1.0 1.0 1.0 1.0 1.0 1.0 1.0 1.0 1.0 1.0 1.0 1.0 1.0 1.0 1.0 
1.0 1.0 1.0 1.0 1.0 1.0 1.0 1.0 1.0 1.0 1.0 1.0 1.0 1.0 1.0 1.0 1.0 1.0 1.0 1.0 1.0 1.0 1.0 1.0 1.0 1.0 1.0 1.0 0.0 1.0 1.0 1.0 1.0 1.0 1.0 1.0 1.0 1.0 1.0 1.0 1.0 1.0 1.0 1.0 1.0 1.0 1.0 1.0 1.0 1.0 1.0 1.0 1.0 1.0 1.0 1.0 1.0 1.0 1.0 1.0 1.0 1.0 1.0 1.0 1.0 1.0 1.0 1.0 1.0 1.0 1.0 1.0 1.0 1.0 1.0 1.0 1.0 1.0 1.0 1.0 1.0 1.0 1.0 1.0 1.0 1.0 1.0 1.0 1.0 1.0 1.0 1.0 1.0 1.0 1.0 1.0 1.0 1.0 1.0 1.0 1.0 1.0 1.0 1.0 1.0 1.0 1.0 1.0 1.0 1.0 1.0 1.0 1.0 1.0 1.0 1.0 1.0 1.0 1.0 1.0 1.0 1.0 1.0 1.0 1.0 1.0 1.0 1.0 
1.0 1.0 1.0 1.0 1.0 1.0 1.0 1.0 1.0 1.0 1.0 1.0 1.0 1.0 1.0 1.0 1.0 1.0 1.0 1.0 1.0 1.0 1.0 1.0 1.0 1.0 1.0 1.0 1.0 0.0 1.0 1.0 1.0 1.0 1.0 1.0 1.0 1.0 1.0 1.0 1.0 1.0 1.0 1.0 1.0 1.0 1.0 1.0 1.0 1.0 1.0 1.0 1.0 1.0 1.0 1.0 1.0 1.0 1.0 1.0 1.0 1.0 1.0 1.0 1.0 1.0 1.0 1.0 1.0 1.0 1.0 1.0 1.0 1.0 1.0 1.0 1.0 1.0 1.0 1.0 1.0 1.0 1.0 1.0 1.0 1.0 1.0 1.0 1.0 1.0 1.0 1.0 1.0 1.0 1.0 1.0 1.0 1.0 1.0 1.0 1.0 1.0 1.0 1.0 1.0 1.0 1.0 1.0 1.0 1.0 1.0 1.0 1.0 1.0 1.0 1.0 1.0 1.0 1.0 1.0 1.0 1.0 1.0 1.0 1.0 1.0 1.0 1.0 
1.0 1.0 1.0 1.0 1.0 1.0 1.0 1.0 1.0 1.0 1.0 1.0 1.0 1.0 1.0 1.0 1.0 1.0 1.0 1.0 1.0 1.0 1.0 1.0 1.0 1.0 1.0 1.0 1.0 1.0 0.0 1.0 1.0 1.0 1.0 1.0 1.0 1.0 1.0 1.0 1.0 1.0 1.0 1.0 1.0 1.0 1.0 1.0 1.0 1.0 1.0 1.0 1.0 1.0 1.0 1.0 1.0 1.0 1.0 1.0 1.0 1.0 1.0 1.0 1.0 1.0 1.0 1.0 1.0 1.0 1.0 1.0 1.0 1.0 1.0 1.0 1.0 1.0 1.0 1.0 1.0 1.0 1.0 1.0 1.0 1.0 1.0 1.0 1.0 1.0 1.0 1.0 1.0 1.0 1.0 1.0 1.0 1.0 1.0 1.0 1.0 1.0 1.0 1.0 1.0 1.0 1.0 1.0 1.0 1.0 1.0 1.0 1.0 1.0 1.0 1.0 1.0 1.0 1.0 1.0 1.0 1.0 1.0 1.0 1.0 1.0 1.0 1.0 
1.0 1.0 1.0 1.0 1.0 1.0 1.0 1.0 1.0 1.0 1.0 1.0 1.0 1.0 1.0 1.0 1.0 1.0 1.0 1.0 1.0 1.0 1.0 1.0 1.0 1.0 1.0 1.0 1.0 1.0 1.0 0.0 1.0 1.0 1.0 1.0 1.0 1.0 1.0 1.0 1.0 1.0 1.0 1.0 1.0 1.0 1.0 1.0 1.0 1.0 1.0 1.0 1.0 1.0 1.0 1.0 1.0 1.0 1.0 1.0 1.0 1.0 1.0 1.0 1.0 1.0 1.0 1.0 1.0 1.0 1.0 1.0 1.0 1.0 1.0 1.0 1.0 1.0 1.0 1.0 1.0 1.0 1.0 1.0 1.0 1.0 1.0 1.0 1.0 1.0 1.0 1.0 1.0 1.0 1.0 1.0 1.0 1.0 1.0 1.0 1.0 1.0 1.0 1.0 1.0 1.0 1.0 1.0 1.0 1.0 1.0 1.0 1.0 1.0 1.0 1.0 1.0 1.0 1.0 1.0 1.0 1.0 1.0 1.0 1.0 1.0 1.0 1.0 
1.0 1.0 1.0 1.0 1.0 1.0 1.0 1.0 1.0 1.0 1.0 1.0 1.0 1.0 1.0 1.0 1.0 1.0 1.0 1.0 1.0 1.0 1.0 1.0 1.0 1.0 1.0 1.0 1.0 1.0 1.0 1.0 0.0 1.0 1.0 1.0 1.0 1.0 1.0 1.0 1.0 1.0 1.0 1.0 1.0 1.0 1.0 1.0 1.0 1.0 1.0 1.0 1.0 1.0 1.0 1.0 1.0 1.0 1.0 1.0 1.0 1.0 1.0 1.0 1.0 1.0 1.0 1.0 1.0 1.0 1.0 1.0 1.0 1.0 1.0 1.0 1.0 1.0 1.0 1.0 1.0 1.0 1.0 1.0 1.0 1.0 1.0 1.0 1.0 1.0 1.0 1.0 1.0 1.0 1.0 1.0 1.0 1.0 1.0 1.0 1.0 1.0 1.0 1.0 1.0 1.0 1.0 1.0 1.0 1.0 1.0 1.0 1.0 1.0 1.0 1.0 1.0 1.0 1.0 1.0 1.0 1.0 1.0 1.0 1.0 1.0 1.0 1.0 
1.0 1.0 1.0 1.0 1.0 1.0 1.0 1.0 1.0 1.0 1.0 1.0 1.0 1.0 1.0 1.0 1.0 1.0 1.0 1.0 1.0 1.0 1.0 1.0 1.0 1.0 1.0 1.0 1.0 1.0 1.0 1.0 1.0 0.0 1.0 1.0 1.0 1.0 1.0 1.0 1.0 1.0 1.0 1.0 1.0 1.0 1.0 1.0 1.0 1.0 1.0 1.0 1.0 1.0 1.0 1.0 1.0 1.0 1.0 1.0 1.0 1.0 1.0 1.0 1.0 1.0 1.0 1.0 1.0 1.0 1.0 1.0 1.0 1.0 1.0 1.0 1.0 1.0 1.0 1.0 1.0 1.0 1.0 1.0 1.0 1.0 1.0 1.0 1.0 1.0 1.0 1.0 1.0 1.0 1.0 1.0 1.0 1.0 1.0 1.0 1.0 1.0 1.0 1.0 1.0 1.0 1.0 1.0 1.0 1.0 1.0 1.0 1.0 1.0 1.0 1.0 1.0 1.0 1.0 1.0 1.0 1.0 1.0 1.0 1.0 1.0 1.0 1.0 
1.0 1.0 1.0 1.0 1.0 1.0 1.0 1.0 1.0 1.0 1.0 1.0 1.0 1.0 1.0 1.0 1.0 1.0 1.0 1.0 1.0 1.0 1.0 1.0 1.0 1.0 1.0 1.0 1.0 1.0 1.0 1.0 1.0 1.0 0.0 1.0 1.0 1.0 1.0 1.0 1.0 1.0 1.0 1.0 1.0 1.0 1.0 1.0 1.0 1.0 1.0 1.0 1.0 1.0 1.0 1.0 1.0 1.0 1.0 1.0 1.0 1.0 1.0 1.0 1.0 1.0 1.0 1.0 1.0 1.0 1.0 1.0 1.0 1.0 1.0 1.0 1.0 1.0 1.0 1.0 1.0 1.0 1.0 1.0 1.0 1.0 1.0 1.0 1.0 1.0 1.0 1.0 1.0 1.0 1.0 1.0 1.0 1.0 1.0 1.0 1.0 1.0 1.0 1.0 1.0 1.0 1.0 1.0 1.0 1.0 1.0 1.0 1.0 1.0 1.0 1.0 1.0 1.0 1.0 1.0 1.0 1.0 1.0 1.0 1.0 1.0 1.0 1.0 
1.0 1.0 1.0 1.0 1.0 1.0 1.0 1.0 1.0 1.0 1.0 1.0 1.0 1.0 1.0 1.0 1.0 1.0 1.0 1.0 1.0 1.0 1.0 1.0 1.0 1.0 1.0 1.0 1.0 1.0 1.0 1.0 1.0 1.0 1.0 0.0 1.0 1.0 1.0 1.0 1.0 1.0 1.0 1.0 1.0 1.0 1.0 1.0 1.0 1.0 1.0 1.0 1.0 1.0 1.0 1.0 1.0 1.0 1.0 1.0 1.0 1.0 1.0 1.0 1.0 1.0 1.0 1.0 1.0 1.0 1.0 1.0 1.0 1.0 1.0 1.0 1.0 1.0 1.0 1.0 1.0 1.0 1.0 1.0 1.0 1.0 1.0 1.0 1.0 1.0 1.0 1.0 1.0 1.0 1.0 1.0 1.0 1.0 1.0 1.0 1.0 1.0 1.0 1.0 1.0 1.0 1.0 1.0 1.0 1.0 1.0 1.0 1.0 1.0 1.0 1.0 1.0 1.0 1.0 1.0 1.0 1.0 1.0 1.0 1.0 1.0 1.0 1.0 
1.0 1.0 1.0 1.0 1.0 1.0 1.0 1.0 1.0 1.0 1.0 1.0 1.0 1.0 1.0 1.0 1.0 1.0 1.0 1.0 1.0 1.0 1.0 1.0 1.0 1.0 1.0 1.0 1.0 1.0 1.0 1.0 1.0 1.0 1.0 1.0 0.0 1.0 1.0 1.0 1.0 1.0 1.0 1.0 1.0 1.0 1.0 1.0 1.0 1.0 1.0 1.0 1.0 1.0 1.0 1.0 1.0 1.0 1.0 1.0 1.0 1.0 1.0 1.0 1.0 1.0 1.0 1.0 1.0 1.0 1.0 1.0 1.0 1.0 1.0 1.0 1.0 1.0 1.0 1.0 1.0 1.0 1.0 1.0 1.0 1.0 1.0 1.0 1.0 1.0 1.0 1.0 1.0 1.0 1.0 1.0 1.0 1.0 1.0 1.0 1.0 1.0 1.0 1.0 1.0 1.0 1.0 1.0 1.0 1.0 1.0 1.0 1.0 1.0 1.0 1.0 1.0 1.0 1.0 1.0 1.0 1.0 1.0 1.0 1.0 1.0 1.0 1.0 
1.0 1.0 1.0 1.0 1.0 1.0 1.0 1.0 1.0 1.0 1.0 1.0 1.0 1.0 1.0 1.0 1.0 1.0 1.0 1.0 1.0 1.0 1.0 1.0 1.0 1.0 1.0 1.0 1.0 1.0 1.0 1.0 1.0 1.0 1.0 1.0 1.0 0.0 1.0 1.0 1.0 1.0 1.0 1.0 1.0 1.0 1.0 1.0 1.0 1.0 1.0 1.0 1.0 1.0 1.0 1.0 1.0 1.0 1.0 1.0 1.0 1.0 1.0 1.0 1.0 1.0 1.0 1.0 1.0 1.0 1.0 1.0 1.0 1.0 1.0 1.0 1.0 1.0 1.0 1.0 1.0 1.0 1.0 1.0 1.0 1.0 1.0 1.0 1.0 1.0 1.0 1.0 1.0 1.0 1.0 1.0 1.0 1.0 1.0 1.0 1.0 1.0 1.0 1.0 1.0 1.0 1.0 1.0 1.0 1.0 1.0 1.0 1.0 1.0 1.0 1.0 1.0 1.0 1.0 1.0 1.0 1.0 1.0 1.0 1.0 1.0 1.0 1.0 
1.0 1.0 1.0 1.0 1.0 1.0 1.0 1.0 1.0 1.0 1.0 1.0 1.0 1.0 1.0 1.0 1.0 1.0 1.0 1.0 1.0 1.0 1.0 1.0 1.0 1.0 1.0 1.0 1.0 1.0 1.0 1.0 1.0 1.0 1.0 1.0 1.0 1.0 0.0 1.0 1.0 1.0 1.0 1.0 1.0 1.0 1.0 1.0 1.0 1.0 1.0 1.0 1.0 1.0 1.0 1.0 1.0 1.0 1.0 1.0 1.0 1.0 1.0 1.0 1.0 1.0 1.0 1.0 1.0 1.0 1.0 1.0 1.0 1.0 1.0 1.0 1.0 1.0 1.0 1.0 1.0 1.0 1.0 1.0 1.0 1.0 1.0 1.0 1.0 1.0 1.0 1.0 1.0 1.0 1.0 1.0 1.0 1.0 1.0 1.0 1.0 1.0 1.0 1.0 1.0 1.0 1.0 1.0 1.0 1.0 1.0 1.0 1.0 1.0 1.0 1.0 1.0 1.0 1.0 1.0 1.0 1.0 1.0 1.0 1.0 1.0 1.0 1.0 
1.0 1.0 1.0 1.0 1.0 1.0 1.0 1.0 1.0 1.0 1.0 1.0 1.0 1.0 1.0 1.0 1.0 1.0 1.0 1.0 1.0 1.0 1.0 1.0 1.0 1.0 1.0 1.0 1.0 1.0 1.0 1.0 1.0 1.0 1.0 1.0 1.0 1.0 1.0 0.0 1.0 1.0 1.0 1.0 1.0 1.0 1.0 1.0 1.0 1.0 1.0 1.0 1.0 1.0 1.0 1.0 1.0 1.0 1.0 1.0 1.0 1.0 1.0 1.0 1.0 1.0 1.0 1.0 1.0 1.0 1.0 1.0 1.0 1.0 1.0 1.0 1.0 1.0 1.0 1.0 1.0 1.0 1.0 1.0 1.0 1.0 1.0 1.0 1.0 1.0 1.0 1.0 1.0 1.0 1.0 1.0 1.0 1.0 1.0 1.0 1.0 1.0 1.0 1.0 1.0 1.0 1.0 1.0 1.0 1.0 1.0 1.0 1.0 1.0 1.0 1.0 1.0 1.0 1.0 1.0 1.0 1.0 1.0 1.0 1.0 1.0 1.0 1.0 
1.0 1.0 1.0 1.0 1.0 1.0 1.0 1.0 1.0 1.0 1.0 1.0 1.0 1.0 1.0 1.0 1.0 1.0 1.0 1.0 1.0 1.0 1.0 1.0 1.0 1.0 1.0 1.0 1.0 1.0 1.0 1.0 1.0 1.0 1.0 1.0 1.0 1.0 1.0 1.0 0.0 1.0 1.0 1.0 1.0 1.0 1.0 1.0 1.0 1.0 1.0 1.0 1.0 1.0 1.0 1.0 1.0 1.0 1.0 1.0 1.0 1.0 1.0 1.0 1.0 1.0 1.0 1.0 1.0 1.0 1.0 1.0 1.0 1.0 1.0 1.0 1.0 1.0 1.0 1.0 1.0 1.0 1.0 1.0 1.0 1.0 1.0 1.0 1.0 1.0 1.0 1.0 1.0 1.0 1.0 1.0 1.0 1.0 1.0 1.0 1.0 1.0 1.0 1.0 1.0 1.0 1.0 1.0 1.0 1.0 1.0 1.0 1.0 1.0 1.0 1.0 1.0 1.0 1.0 1.0 1.0 1.0 1.0 1.0 1.0 1.0 1.0 1.0 
1.0 1.0 1.0 1.0 1.0 1.0 1.0 1.0 1.0 1.0 1.0 1.0 1.0 1.0 1.0 1.0 1.0 1.0 1.0 1.0 1.0 1.0 1.0 1.0 1.0 1.0 1.0 1.0 1.0 1.0 1.0 1.0 1.0 1.0 1.0 1.0 1.0 1.0 1.0 1.0 1.0 0.0 1.0 1.0 1.0 1.0 1.0 1.0 1.0 1.0 1.0 1.0 1.0 1.0 1.0 1.0 1.0 1.0 1.0 1.0 1.0 1.0 1.0 1.0 1.0 1.0 1.0 1.0 1.0 1.0 1.0 1.0 1.0 1.0 1.0 1.0 1.0 1.0 1.0 1.0 1.0 1.0 1.0 1.0 1.0 1.0 1.0 1.0 1.0 1.0 1.0 1.0 1.0 1.0 1.0 1.0 1.0 1.0 1.0 1.0 1.0 1.0 1.0 1.0 1.0 1.0 1.0 1.0 1.0 1.0 1.0 1.0 1.0 1.0 1.0 1.0 1.0 1.0 1.0 1.0 1.0 1.0 1.0 1.0 1.0 1.0 1.0 1.0 
1.0 1.0 1.0 1.0 1.0 1.0 1.0 1.0 1.0 1.0 1.0 1.0 1.0 1.0 1.0 1.0 1.0 1.0 1.0 1.0 1.0 1.0 1.0 1.0 1.0 1.0 1.0 1.0 1.0 1.0 1.0 1.0 1.0 1.0 1.0 1.0 1.0 1.0 1.0 1.0 1.0 1.0 0.0 1.0 1.0 1.0 1.0 1.0 1.0 1.0 1.0 1.0 1.0 1.0 1.0 1.0 1.0 1.0 1.0 1.0 1.0 1.0 1.0 1.0 1.0 1.0 1.0 1.0 1.0 1.0 1.0 1.0 1.0 1.0 1.0 1.0 1.0 1.0 1.0 1.0 1.0 1.0 1.0 1.0 1.0 1.0 1.0 1.0 1.0 1.0 1.0 1.0 1.0 1.0 1.0 1.0 1.0 1.0 1.0 1.0 1.0 1.0 1.0 1.0 1.0 1.0 1.0 1.0 1.0 1.0 1.0 1.0 1.0 1.0 1.0 1.0 1.0 1.0 1.0 1.0 1.0 1.0 1.0 1.0 1.0 1.0 1.0 1.0 
1.0 1.0 1.0 1.0 1.0 1.0 1.0 1.0 1.0 1.0 1.0 1.0 1.0 1.0 1.0 1.0 1.0 1.0 1.0 1.0 1.0 1.0 1.0 1.0 1.0 1.0 1.0 1.0 1.0 1.0 1.0 1.0 1.0 1.0 1.0 1.0 1.0 1.0 1.0 1.0 1.0 1.0 1.0 0.0 1.0 1.0 1.0 1.0 1.0 1.0 1.0 1.0 1.0 1.0 1.0 1.0 1.0 1.0 1.0 1.0 1.0 1.0 1.0 1.0 1.0 1.0 1.0 1.0 1.0 1.0 1.0 1.0 1.0 1.0 1.0 1.0 1.0 1.0 1.0 1.0 1.0 1.0 1.0 1.0 1.0 1.0 1.0 1.0 1.0 1.0 1.0 1.0 1.0 1.0 1.0 1.0 1.0 1.0 1.0 1.0 1.0 1.0 1.0 1.0 1.0 1.0 1.0 1.0 1.0 1.0 1.0 1.0 1.0 1.0 1.0 1.0 1.0 1.0 1.0 1.0 1.0 1.0 1.0 1.0 1.0 1.0 1.0 1.0 
1.0 1.0 1.0 1.0 1.0 1.0 1.0 1.0 1.0 1.0 1.0 1.0 1.0 1.0 1.0 1.0 1.0 1.0 1.0 1.0 1.0 1.0 1.0 1.0 1.0 1.0 1.0 1.0 1.0 1.0 1.0 1.0 1.0 1.0 1.0 1.0 1.0 1.0 1.0 1.0 1.0 1.0 1.0 1.0 0.0 1.0 1.0 1.0 1.0 1.0 1.0 1.0 1.0 1.0 1.0 1.0 1.0 1.0 1.0 1.0 1.0 1.0 1.0 1.0 1.0 1.0 1.0 1.0 1.0 1.0 1.0 1.0 1.0 1.0 1.0 1.0 1.0 1.0 1.0 1.0 1.0 1.0 1.0 1.0 1.0 1.0 1.0 1.0 1.0 1.0 1.0 1.0 1.0 1.0 1.0 1.0 1.0 1.0 1.0 1.0 1.0 1.0 1.0 1.0 1.0 1.0 1.0 1.0 1.0 1.0 1.0 1.0 1.0 1.0 1.0 1.0 1.0 1.0 1.0 1.0 1.0 1.0 1.0 1.0 1.0 1.0 1.0 1.0 
1.0 1.0 1.0 1.0 1.0 1.0 1.0 1.0 1.0 1.0 1.0 1.0 1.0 1.0 1.0 1.0 1.0 1.0 1.0 1.0 1.0 1.0 1.0 1.0 1.0 1.0 1.0 1.0 1.0 1.0 1.0 1.0 1.0 1.0 1.0 1.0 1.0 1.0 1.0 1.0 1.0 1.0 1.0 1.0 1.0 0.0 1.0 1.0 1.0 1.0 1.0 1.0 1.0 1.0 1.0 1.0 1.0 1.0 1.0 1.0 1.0 1.0 1.0 1.0 1.0 1.0 1.0 1.0 1.0 1.0 1.0 1.0 1.0 1.0 1.0 1.0 1.0 1.0 1.0 1.0 1.0 1.0 1.0 1.0 1.0 1.0 1.0 1.0 1.0 1.0 1.0 1.0 1.0 1.0 1.0 1.0 1.0 1.0 1.0 1.0 1.0 1.0 1.0 1.0 1.0 1.0 1.0 1.0 1.0 1.0 1.0 1.0 1.0 1.0 1.0 1.0 1.0 1.0 1.0 1.0 1.0 1.0 1.0 1.0 1.0 1.0 1.0 1.0 
1.0 1.0 1.0 1.0 1.0 1.0 1.0 1.0 1.0 1.0 1.0 1.0 1.0 1.0 1.0 1.0 1.0 1.0 1.0 1.0 1.0 1.0 1.0 1.0 1.0 1.0 1.0 1.0 1.0 1.0 1.0 1.0 1.0 1.0 1.0 1.0 1.0 1.0 1.0 1.0 1.0 1.0 1.0 1.0 1.0 1.0 0.0 1.0 1.0 1.0 1.0 1.0 1.0 1.0 1.0 1.0 1.0 1.0 1.0 1.0 1.0 1.0 1.0 1.0 1.0 1.0 1.0 1.0 1.0 1.0 1.0 1.0 1.0 1.0 1.0 1.0 1.0 1.0 1.0 1.0 1.0 1.0 1.0 1.0 1.0 1.0 1.0 1.0 1.0 1.0 1.0 1.0 1.0 1.0 1.0 1.0 1.0 1.0 1.0 1.0 1.0 1.0 1.0 1.0 1.0 1.0 1.0 1.0 1.0 1.0 1.0 1.0 1.0 1.0 1.0 1.0 1.0 1.0 1.0 1.0 1.0 1.0 1.0 1.0 1.0 1.0 1.0 1.0 
1.0 1.0 1.0 1.0 1.0 1.0 1.0 1.0 1.0 1.0 1.0 1.0 1.0 1.0 1.0 1.0 1.0 1.0 1.0 1.0 1.0 1.0 1.0 1.0 1.0 1.0 1.0 1.0 1.0 1.0 1.0 1.0 1.0 1.0 1.0 1.0 1.0 1.0 1.0 1.0 1.0 1.0 1.0 1.0 1.0 1.0 1.0 0.0 1.0 1.0 1.0 1.0 1.0 1.0 1.0 1.0 1.0 1.0 1.0 1.0 1.0 1.0 1.0 1.0 1.0 1.0 1.0 1.0 1.0 1.0 1.0 1.0 1.0 1.0 1.0 1.0 1.0 1.0 1.0 1.0 1.0 1.0 1.0 1.0 1.0 1.0 1.0 1.0 1.0 1.0 1.0 1.0 1.0 1.0 1.0 1.0 1.0 1.0 1.0 1.0 1.0 1.0 1.0 1.0 1.0 1.0 1.0 1.0 1.0 1.0 1.0 1.0 1.0 1.0 1.0 1.0 1.0 1.0 1.0 1.0 1.0 1.0 1.0 1.0 1.0 1.0 1.0 1.0 
1.0 1.0 1.0 1.0 1.0 1.0 1.0 1.0 1.0 1.0 1.0 1.0 1.0 1.0 1.0 1.0 1.0 1.0 1.0 1.0 1.0 1.0 1.0 1.0 1.0 1.0 1.0 1.0 1.0 1.0 1.0 1.0 1.0 1.0 1.0 1.0 1.0 1.0 1.0 1.0 1.0 1.0 1.0 1.0 1.0 1.0 1.0 1.0 0.0 1.0 1.0 1.0 1.0 1.0 1.0 1.0 1.0 1.0 1.0 1.0 1.0 1.0 1.0 1.0 1.0 1.0 1.0 1.0 1.0 1.0 1.0 1.0 1.0 1.0 1.0 1.0 1.0 1.0 1.0 1.0 1.0 1.0 1.0 1.0 1.0 1.0 1.0 1.0 1.0 1.0 1.0 1.0 1.0 1.0 1.0 1.0 1.0 1.0 1.0 1.0 1.0 1.0 1.0 1.0 1.0 1.0 1.0 1.0 1.0 1.0 1.0 1.0 1.0 1.0 1.0 1.0 1.0 1.0 1.0 1.0 1.0 1.0 1.0 1.0 1.0 1.0 1.0 1.0 
1.0 1.0 1.0 1.0 1.0 1.0 1.0 1.0 1.0 1.0 1.0 1.0 1.0 1.0 1.0 1.0 1.0 1.0 1.0 1.0 1.0 1.0 1.0 1.0 1.0 1.0 1.0 1.0 1.0 1.0 1.0 1.0 1.0 1.0 1.0 1.0 1.0 1.0 1.0 1.0 1.0 1.0 1.0 1.0 1.0 1.0 1.0 1.0 1.0 0.0 1.0 1.0 1.0 1.0 1.0 1.0 1.0 1.0 1.0 1.0 1.0 1.0 1.0 1.0 1.0 1.0 1.0 1.0 1.0 1.0 1.0 1.0 1.0 1.0 1.0 1.0 1.0 1.0 1.0 1.0 1.0 1.0 1.0 1.0 1.0 1.0 1.0 1.0 1.0 1.0 1.0 1.0 1.0 1.0 1.0 1.0 1.0 1.0 1.0 1.0 1.0 1.0 1.0 1.0 1.0 1.0 1.0 1.0 1.0 1.0 1.0 1.0 1.0 1.0 1.0 1.0 1.0 1.0 1.0 1.0 1.0 1.0 1.0 1.0 1.0 1.0 1.0 1.0 
1.0 1.0 1.0 1.0 1.0 1.0 1.0 1.0 1.0 1.0 1.0 1.0 1.0 1.0 1.0 1.0 1.0 1.0 1.0 1.0 1.0 1.0 1.0 1.0 1.0 1.0 1.0 1.0 1.0 1.0 1.0 1.0 1.0 1.0 1.0 1.0 1.0 1.0 1.0 1.0 1.0 1.0 1.0 1.0 1.0 1.0 1.0 1.0 1.0 1.0 0.0 1.0 1.0 1.0 1.0 1.0 1.0 1.0 1.0 1.0 1.0 1.0 1.0 1.0 1.0 1.0 1.0 1.0 1.0 1.0 1.0 1.0 1.0 1.0 1.0 1.0 1.0 1.0 1.0 1.0 1.0 1.0 1.0 1.0 1.0 1.0 1.0 1.0 1.0 1.0 1.0 1.0 1.0 1.0 1.0 1.0 1.0 1.0 1.0 1.0 1.0 1.0 1.0 1.0 1.0 1.0 1.0 1.0 1.0 1.0 1.0 1.0 1.0 1.0 1.0 1.0 1.0 1.0 1.0 1.0 1.0 1.0 1.0 1.0 1.0 1.0 1.0 1.0 
1.0 1.0 1.0 1.0 1.0 1.0 1.0 1.0 1.0 1.0 1.0 1.0 1.0 1.0 1.0 1.0 1.0 1.0 1.0 1.0 1.0 1.0 1.0 1.0 1.0 1.0 1.0 1.0 1.0 1.0 1.0 1.0 1.0 1.0 1.0 1.0 1.0 1.0 1.0 1.0 1.0 1.0 1.0 1.0 1.0 1.0 1.0 1.0 1.0 1.0 1.0 0.0 1.0 1.0 1.0 1.0 1.0 1.0 1.0 1.0 1.0 1.0 1.0 1.0 1.0 1.0 1.0 1.0 1.0 1.0 1.0 1.0 1.0 1.0 1.0 1.0 1.0 1.0 1.0 1.0 1.0 1.0 1.0 1.0 1.0 1.0 1.0 1.0 1.0 1.0 1.0 1.0 1.0 1.0 1.0 1.0 1.0 1.0 1.0 1.0 1.0 1.0 1.0 1.0 1.0 1.0 1.0 1.0 1.0 1.0 1.0 1.0 1.0 1.0 1.0 1.0 1.0 1.0 1.0 1.0 1.0 1.0 1.0 1.0 1.0 1.0 1.0 1.0 
1.0 1.0 1.0 1.0 1.0 1.0 1.0 1.0 1.0 1.0 1.0 1.0 1.0 1.0 1.0 1.0 1.0 1.0 1.0 1.0 1.0 1.0 1.0 1.0 1.0 1.0 1.0 1.0 1.0 1.0 1.0 1.0 1.0 1.0 1.0 1.0 1.0 1.0 1.0 1.0 1.0 1.0 1.0 1.0 1.0 1.0 1.0 1.0 1.0 1.0 1.0 1.0 0.0 1.0 1.0 1.0 1.0 1.0 1.0 1.0 1.0 1.0 1.0 1.0 1.0 1.0 1.0 1.0 1.0 1.0 1.0 1.0 1.0 1.0 1.0 1.0 1.0 1.0 1.0 1.0 1.0 1.0 1.0 1.0 1.0 1.0 1.0 1.0 1.0 1.0 1.0 1.0 1.0 1.0 1.0 1.0 1.0 1.0 1.0 1.0 1.0 1.0 1.0 1.0 1.0 1.0 1.0 1.0 1.0 1.0 1.0 1.0 1.0 1.0 1.0 1.0 1.0 1.0 1.0 1.0 1.0 1.0 1.0 1.0 1.0 1.0 1.0 1.0 
1.0 1.0 1.0 1.0 1.0 1.0 1.0 1.0 1.0 1.0 1.0 1.0 1.0 1.0 1.0 1.0 1.0 1.0 1.0 1.0 1.0 1.0 1.0 1.0 1.0 1.0 1.0 1.0 1.0 1.0 1.0 1.0 1.0 1.0 1.0 1.0 1.0 1.0 1.0 1.0 1.0 1.0 1.0 1.0 1.0 1.0 1.0 1.0 1.0 1.0 1.0 1.0 1.0 0.0 1.0 1.0 1.0 1.0 1.0 1.0 1.0 1.0 1.0 1.0 1.0 1.0 1.0 1.0 1.0 1.0 1.0 1.0 1.0 1.0 1.0 1.0 1.0 1.0 1.0 1.0 1.0 1.0 1.0 1.0 1.0 1.0 1.0 1.0 1.0 1.0 1.0 1.0 1.0 1.0 1.0 1.0 1.0 1.0 1.0 1.0 1.0 1.0 1.0 1.0 1.0 1.0 1.0 1.0 1.0 1.0 1.0 1.0 1.0 1.0 1.0 1.0 1.0 1.0 1.0 1.0 1.0 1.0 1.0 1.0 1.0 1.0 1.0 1.0 
1.0 1.0 1.0 1.0 1.0 1.0 1.0 1.0 1.0 1.0 1.0 1.0 1.0 1.0 1.0 1.0 1.0 1.0 1.0 1.0 1.0 1.0 1.0 1.0 1.0 1.0 1.0 1.0 1.0 1.0 1.0 1.0 1.0 1.0 1.0 1.0 1.0 1.0 1.0 1.0 1.0 1.0 1.0 1.0 1.0 1.0 1.0 1.0 1.0 1.0 1.0 1.0 1.0 1.0 0.0 1.0 1.0 1.0 1.0 1.0 1.0 1.0 1.0 1.0 1.0 1.0 1.0 1.0 1.0 1.0 1.0 1.0 1.0 1.0 1.0 1.0 1.0 1.0 1.0 1.0 1.0 1.0 1.0 1.0 1.0 1.0 1.0 1.0 1.0 1.0 1.0 1.0 1.0 1.0 1.0 1.0 1.0 1.0 1.0 1.0 1.0 1.0 1.0 1.0 1.0 1.0 1.0 1.0 1.0 1.0 1.0 1.0 1.0 1.0 1.0 1.0 1.0 1.0 1.0 1.0 1.0 1.0 1.0 1.0 1.0 1.0 1.0 1.0 
1.0 1.0 1.0 1.0 1.0 1.0 1.0 1.0 1.0 1.0 1.0 1.0 1.0 1.0 1.0 1.0 1.0 1.0 1.0 1.0 1.0 1.0 1.0 1.0 1.0 1.0 1.0 1.0 1.0 1.0 1.0 1.0 1.0 1.0 1.0 1.0 1.0 1.0 1.0 1.0 1.0 1.0 1.0 1.0 1.0 1.0 1.0 1.0 1.0 1.0 1.0 1.0 1.0 1.0 1.0 0.0 1.0 1.0 1.0 1.0 1.0 1.0 1.0 1.0 1.0 1.0 1.0 1.0 1.0 1.0 1.0 1.0 1.0 1.0 1.0 1.0 1.0 1.0 1.0 1.0 1.0 1.0 1.0 1.0 1.0 1.0 1.0 1.0 1.0 1.0 1.0 1.0 1.0 1.0 1.0 1.0 1.0 1.0 1.0 1.0 1.0 1.0 1.0 1.0 1.0 1.0 1.0 1.0 1.0 1.0 1.0 1.0 1.0 1.0 1.0 1.0 1.0 1.0 1.0 1.0 1.0 1.0 1.0 1.0 1.0 1.0 1.0 1.0 
1.0 1.0 1.0 1.0 1.0 1.0 1.0 1.0 1.0 1.0 1.0 1.0 1.0 1.0 1.0 1.0 1.0 1.0 1.0 1.0 1.0 1.0 1.0 1.0 1.0 1.0 1.0 1.0 1.0 1.0 1.0 1.0 1.0 1.0 1.0 1.0 1.0 1.0 1.0 1.0 1.0 1.0 1.0 1.0 1.0 1.0 1.0 1.0 1.0 1.0 1.0 1.0 1.0 1.0 1.0 1.0 0.0 1.0 1.0 1.0 1.0 1.0 1.0 1.0 1.0 1.0 1.0 1.0 1.0 1.0 1.0 1.0 1.0 1.0 1.0 1.0 1.0 1.0 1.0 1.0 1.0 1.0 1.0 1.0 1.0 1.0 1.0 1.0 1.0 1.0 1.0 1.0 1.0 1.0 1.0 1.0 1.0 1.0 1.0 1.0 1.0 1.0 1.0 1.0 1.0 1.0 1.0 1.0 1.0 1.0 1.0 1.0 1.0 1.0 1.0 1.0 1.0 1.0 1.0 1.0 1.0 1.0 1.0 1.0 1.0 1.0 1.0 1.0 
1.0 1.0 1.0 1.0 1.0 1.0 1.0 1.0 1.0 1.0 1.0 1.0 1.0 1.0 1.0 1.0 1.0 1.0 1.0 1.0 1.0 1.0 1.0 1.0 1.0 1.0 1.0 1.0 1.0 1.0 1.0 1.0 1.0 1.0 1.0 1.0 1.0 1.0 1.0 1.0 1.0 1.0 1.0 1.0 1.0 1.0 1.0 1.0 1.0 1.0 1.0 1.0 1.0 1.0 1.0 1.0 1.0 0.0 1.0 1.0 1.0 1.0 1.0 1.0 1.0 1.0 1.0 1.0 1.0 1.0 1.0 1.0 1.0 1.0 1.0 1.0 1.0 1.0 1.0 1.0 1.0 1.0 1.0 1.0 1.0 1.0 1.0 1.0 1.0 1.0 1.0 1.0 1.0 1.0 1.0 1.0 1.0 1.0 1.0 1.0 1.0 1.0 1.0 1.0 1.0 1.0 1.0 1.0 1.0 1.0 1.0 1.0 1.0 1.0 1.0 1.0 1.0 1.0 1.0 1.0 1.0 1.0 1.0 1.0 1.0 1.0 1.0 1.0 
1.0 1.0 1.0 1.0 1.0 1.0 1.0 1.0 1.0 1.0 1.0 1.0 1.0 1.0 1.0 1.0 1.0 1.0 1.0 1.0 1.0 1.0 1.0 1.0 1.0 1.0 1.0 1.0 1.0 1.0 1.0 1.0 1.0 1.0 1.0 1.0 1.0 1.0 1.0 1.0 1.0 1.0 1.0 1.0 1.0 1.0 1.0 1.0 1.0 1.0 1.0 1.0 1.0 1.0 1.0 1.0 1.0 1.0 0.0 1.0 1.0 1.0 1.0 1.0 1.0 1.0 1.0 1.0 1.0 1.0 1.0 1.0 1.0 1.0 1.0 1.0 1.0 1.0 1.0 1.0 1.0 1.0 1.0 1.0 1.0 1.0 1.0 1.0 1.0 1.0 1.0 1.0 1.0 1.0 1.0 1.0 1.0 1.0 1.0 1.0 1.0 1.0 1.0 1.0 1.0 1.0 1.0 1.0 1.0 1.0 1.0 1.0 1.0 1.0 1.0 1.0 1.0 1.0 1.0 1.0 1.0 1.0 1.0 1.0 1.0 1.0 1.0 1.0 
1.0 1.0 1.0 1.0 1.0 1.0 1.0 1.0 1.0 1.0 1.0 1.0 1.0 1.0 1.0 1.0 1.0 1.0 1.0 1.0 1.0 1.0 1.0 1.0 1.0 1.0 1.0 1.0 1.0 1.0 1.0 1.0 1.0 1.0 1.0 1.0 1.0 1.0 1.0 1.0 1.0 1.0 1.0 1.0 1.0 1.0 1.0 1.0 1.0 1.0 1.0 1.0 1.0 1.0 1.0 1.0 1.0 1.0 1.0 0.0 1.0 1.0 1.0 1.0 1.0 1.0 1.0 1.0 1.0 1.0 1.0 1.0 1.0 1.0 1.0 1.0 1.0 1.0 1.0 1.0 1.0 1.0 1.0 1.0 1.0 1.0 1.0 1.0 1.0 1.0 1.0 1.0 1.0 1.0 1.0 1.0 1.0 1.0 1.0 1.0 1.0 1.0 1.0 1.0 1.0 1.0 1.0 1.0 1.0 1.0 1.0 1.0 1.0 1.0 1.0 1.0 1.0 1.0 1.0 1.0 1.0 1.0 1.0 1.0 1.0 1.0 1.0 1.0 
1.0 1.0 1.0 1.0 1.0 1.0 1.0 1.0 1.0 1.0 1.0 1.0 1.0 1.0 1.0 1.0 1.0 1.0 1.0 1.0 1.0 1.0 1.0 1.0 1.0 1.0 1.0 1.0 1.0 1.0 1.0 1.0 1.0 1.0 1.0 1.0 1.0 1.0 1.0 1.0 1.0 1.0 1.0 1.0 1.0 1.0 1.0 1.0 1.0 1.0 1.0 1.0 1.0 1.0 1.0 1.0 1.0 1.0 1.0 1.0 0.0 1.0 1.0 1.0 1.0 1.0 1.0 1.0 1.0 1.0 1.0 1.0 1.0 1.0 1.0 1.0 1.0 1.0 1.0 1.0 1.0 1.0 1.0 1.0 1.0 1.0 1.0 1.0 1.0 1.0 1.0 1.0 1.0 1.0 1.0 1.0 1.0 1.0 1.0 1.0 1.0 1.0 1.0 1.0 1.0 1.0 1.0 1.0 1.0 1.0 1.0 1.0 1.0 1.0 1.0 1.0 1.0 1.0 1.0 1.0 1.0 1.0 1.0 1.0 1.0 1.0 1.0 1.0 
1.0 1.0 1.0 1.0 1.0 1.0 1.0 1.0 1.0 1.0 1.0 1.0 1.0 1.0 1.0 1.0 1.0 1.0 1.0 1.0 1.0 1.0 1.0 1.0 1.0 1.0 1.0 1.0 1.0 1.0 1.0 1.0 1.0 1.0 1.0 1.0 1.0 1.0 1.0 1.0 1.0 1.0 1.0 1.0 1.0 1.0 1.0 1.0 1.0 1.0 1.0 1.0 1.0 1.0 1.0 1.0 1.0 1.0 1.0 1.0 1.0 0.0 1.0 1.0 1.0 1.0 1.0 1.0 1.0 1.0 1.0 1.0 1.0 1.0 1.0 1.0 1.0 1.0 1.0 1.0 1.0 1.0 1.0 1.0 1.0 1.0 1.0 1.0 1.0 1.0 1.0 1.0 1.0 1.0 1.0 1.0 1.0 1.0 1.0 1.0 1.0 1.0 1.0 1.0 1.0 1.0 1.0 1.0 1.0 1.0 1.0 1.0 1.0 1.0 1.0 1.0 1.0 1.0 1.0 1.0 1.0 1.0 1.0 1.0 1.0 1.0 1.0 1.0 
1.0 1.0 1.0 1.0 1.0 1.0 1.0 1.0 1.0 1.0 1.0 1.0 1.0 1.0 1.0 1.0 1.0 1.0 1.0 1.0 1.0 1.0 1.0 1.0 1.0 1.0 1.0 1.0 1.0 1.0 1.0 1.0 1.0 1.0 1.0 1.0 1.0 1.0 1.0 1.0 1.0 1.0 1.0 1.0 1.0 1.0 1.0 1.0 1.0 1.0 1.0 1.0 1.0 1.0 1.0 1.0 1.0 1.0 1.0 1.0 1.0 1.0 0.0 1.0 1.0 1.0 1.0 1.0 1.0 1.0 1.0 1.0 1.0 1.0 1.0 1.0 1.0 1.0 1.0 1.0 1.0 1.0 1.0 1.0 1.0 1.0 1.0 1.0 1.0 1.0 1.0 1.0 1.0 1.0 1.0 1.0 1.0 1.0 1.0 1.0 1.0 1.0 1.0 1.0 1.0 1.0 1.0 1.0 1.0 1.0 1.0 1.0 1.0 1.0 1.0 1.0 1.0 1.0 1.0 1.0 1.0 1.0 1.0 1.0 1.0 1.0 1.0 1.0 
1.0 1.0 1.0 1.0 1.0 1.0 1.0 1.0 1.0 1.0 1.0 1.0 1.0 1.0 1.0 1.0 1.0 1.0 1.0 1.0 1.0 1.0 1.0 1.0 1.0 1.0 1.0 1.0 1.0 1.0 1.0 1.0 1.0 1.0 1.0 1.0 1.0 1.0 1.0 1.0 1.0 1.0 1.0 1.0 1.0 1.0 1.0 1.0 1.0 1.0 1.0 1.0 1.0 1.0 1.0 1.0 1.0 1.0 1.0 1.0 1.0 1.0 1.0 0.0 1.0 1.0 1.0 1.0 1.0 1.0 1.0 1.0 1.0 1.0 1.0 1.0 1.0 1.0 1.0 1.0 1.0 1.0 1.0 1.0 1.0 1.0 1.0 1.0 1.0 1.0 1.0 1.0 1.0 1.0 1.0 1.0 1.0 1.0 1.0 1.0 1.0 1.0 1.0 1.0 1.0 1.0 1.0 1.0 1.0 1.0 1.0 1.0 1.0 1.0 1.0 1.0 1.0 1.0 1.0 1.0 1.0 1.0 1.0 1.0 1.0 1.0 1.0 1.0 
1.0 1.0 1.0 1.0 1.0 1.0 1.0 1.0 1.0 1.0 1.0 1.0 1.0 1.0 1.0 1.0 1.0 1.0 1.0 1.0 1.0 1.0 1.0 1.0 1.0 1.0 1.0 1.0 1.0 1.0 1.0 1.0 1.0 1.0 1.0 1.0 1.0 1.0 1.0 1.0 1.0 1.0 1.0 1.0 1.0 1.0 1.0 1.0 1.0 1.0 1.0 1.0 1.0 1.0 1.0 1.0 1.0 1.0 1.0 1.0 1.0 1.0 1.0 1.0 0.0 1.0 1.0 1.0 1.0 1.0 1.0 1.0 1.0 1.0 1.0 1.0 1.0 1.0 1.0 1.0 1.0 1.0 1.0 1.0 1.0 1.0 1.0 1.0 1.0 1.0 1.0 1.0 1.0 1.0 1.0 1.0 1.0 1.0 1.0 1.0 1.0 1.0 1.0 1.0 1.0 1.0 1.0 1.0 1.0 1.0 1.0 1.0 1.0 1.0 1.0 1.0 1.0 1.0 1.0 1.0 1.0 1.0 1.0 1.0 1.0 1.0 1.0 1.0 
1.0 1.0 1.0 1.0 1.0 1.0 1.0 1.0 1.0 1.0 1.0 1.0 1.0 1.0 1.0 1.0 1.0 1.0 1.0 1.0 1.0 1.0 1.0 1.0 1.0 1.0 1.0 1.0 1.0 1.0 1.0 1.0 1.0 1.0 1.0 1.0 1.0 1.0 1.0 1.0 1.0 1.0 1.0 1.0 1.0 1.0 1.0 1.0 1.0 1.0 1.0 1.0 1.0 1.0 1.0 1.0 1.0 1.0 1.0 1.0 1.0 1.0 1.0 1.0 1.0 0.0 1.0 1.0 1.0 1.0 1.0 1.0 1.0 1.0 1.0 1.0 1.0 1.0 1.0 1.0 1.0 1.0 1.0 1.0 1.0 1.0 1.0 1.0 1.0 1.0 1.0 1.0 1.0 1.0 1.0 1.0 1.0 1.0 1.0 1.0 1.0 1.0 1.0 1.0 1.0 1.0 1.0 1.0 1.0 1.0 1.0 1.0 1.0 1.0 1.0 1.0 1.0 1.0 1.0 1.0 1.0 1.0 1.0 1.0 1.0 1.0 1.0 1.0 
1.0 1.0 1.0 1.0 1.0 1.0 1.0 1.0 1.0 1.0 1.0 1.0 1.0 1.0 1.0 1.0 1.0 1.0 1.0 1.0 1.0 1.0 1.0 1.0 1.0 1.0 1.0 1.0 1.0 1.0 1.0 1.0 1.0 1.0 1.0 1.0 1.0 1.0 1.0 1.0 1.0 1.0 1.0 1.0 1.0 1.0 1.0 1.0 1.0 1.0 1.0 1.0 1.0 1.0 1.0 1.0 1.0 1.0 1.0 1.0 1.0 1.0 1.0 1.0 1.0 1.0 0.0 1.0 1.0 1.0 1.0 1.0 1.0 1.0 1.0 1.0 1.0 1.0 1.0 1.0 1.0 1.0 1.0 1.0 1.0 1.0 1.0 1.0 1.0 1.0 1.0 1.0 1.0 1.0 1.0 1.0 1.0 1.0 1.0 1.0 1.0 1.0 1.0 1.0 1.0 1.0 1.0 1.0 1.0 1.0 1.0 1.0 1.0 1.0 1.0 1.0 1.0 1.0 1.0 1.0 1.0 1.0 1.0 1.0 1.0 1.0 1.0 1.0 
1.0 1.0 1.0 1.0 1.0 1.0 1.0 1.0 1.0 1.0 1.0 1.0 1.0 1.0 1.0 1.0 1.0 1.0 1.0 1.0 1.0 1.0 1.0 1.0 1.0 1.0 1.0 1.0 1.0 1.0 1.0 1.0 1.0 1.0 1.0 1.0 1.0 1.0 1.0 1.0 1.0 1.0 1.0 1.0 1.0 1.0 1.0 1.0 1.0 1.0 1.0 1.0 1.0 1.0 1.0 1.0 1.0 1.0 1.0 1.0 1.0 1.0 1.0 1.0 1.0 1.0 1.0 0.0 1.0 1.0 1.0 1.0 1.0 1.0 1.0 1.0 1.0 1.0 1.0 1.0 1.0 1.0 1.0 1.0 1.0 1.0 1.0 1.0 1.0 1.0 1.0 1.0 1.0 1.0 1.0 1.0 1.0 1.0 1.0 1.0 1.0 1.0 1.0 1.0 1.0 1.0 1.0 1.0 1.0 1.0 1.0 1.0 1.0 1.0 1.0 1.0 1.0 1.0 1.0 1.0 1.0 1.0 1.0 1.0 1.0 1.0 1.0 1.0 
1.0 1.0 1.0 1.0 1.0 1.0 1.0 1.0 1.0 1.0 1.0 1.0 1.0 1.0 1.0 1.0 1.0 1.0 1.0 1.0 1.0 1.0 1.0 1.0 1.0 1.0 1.0 1.0 1.0 1.0 1.0 1.0 1.0 1.0 1.0 1.0 1.0 1.0 1.0 1.0 1.0 1.0 1.0 1.0 1.0 1.0 1.0 1.0 1.0 1.0 1.0 1.0 1.0 1.0 1.0 1.0 1.0 1.0 1.0 1.0 1.0 1.0 1.0 1.0 1.0 1.0 1.0 1.0 0.0 1.0 1.0 1.0 1.0 1.0 1.0 1.0 1.0 1.0 1.0 1.0 1.0 1.0 1.0 1.0 1.0 1.0 1.0 1.0 1.0 1.0 1.0 1.0 1.0 1.0 1.0 1.0 1.0 1.0 1.0 1.0 1.0 1.0 1.0 1.0 1.0 1.0 1.0 1.0 1.0 1.0 1.0 1.0 1.0 1.0 1.0 1.0 1.0 1.0 1.0 1.0 1.0 1.0 1.0 1.0 1.0 1.0 1.0 1.0 
1.0 1.0 1.0 1.0 1.0 1.0 1.0 1.0 1.0 1.0 1.0 1.0 1.0 1.0 1.0 1.0 1.0 1.0 1.0 1.0 1.0 1.0 1.0 1.0 1.0 1.0 1.0 1.0 1.0 1.0 1.0 1.0 1.0 1.0 1.0 1.0 1.0 1.0 1.0 1.0 1.0 1.0 1.0 1.0 1.0 1.0 1.0 1.0 1.0 1.0 1.0 1.0 1.0 1.0 1.0 1.0 1.0 1.0 1.0 1.0 1.0 1.0 1.0 1.0 1.0 1.0 1.0 1.0 1.0 0.0 1.0 1.0 1.0 1.0 1.0 1.0 1.0 1.0 1.0 1.0 1.0 1.0 1.0 1.0 1.0 1.0 1.0 1.0 1.0 1.0 1.0 1.0 1.0 1.0 1.0 1.0 1.0 1.0 1.0 1.0 1.0 1.0 1.0 1.0 1.0 1.0 1.0 1.0 1.0 1.0 1.0 1.0 1.0 1.0 1.0 1.0 1.0 1.0 1.0 1.0 1.0 1.0 1.0 1.0 1.0 1.0 1.0 1.0 
1.0 1.0 1.0 1.0 1.0 1.0 1.0 1.0 1.0 1.0 1.0 1.0 1.0 1.0 1.0 1.0 1.0 1.0 1.0 1.0 1.0 1.0 1.0 1.0 1.0 1.0 1.0 1.0 1.0 1.0 1.0 1.0 1.0 1.0 1.0 1.0 1.0 1.0 1.0 1.0 1.0 1.0 1.0 1.0 1.0 1.0 1.0 1.0 1.0 1.0 1.0 1.0 1.0 1.0 1.0 1.0 1.0 1.0 1.0 1.0 1.0 1.0 1.0 1.0 1.0 1.0 1.0 1.0 1.0 1.0 0.0 1.0 1.0 1.0 1.0 1.0 1.0 1.0 1.0 1.0 1.0 1.0 1.0 1.0 1.0 1.0 1.0 1.0 1.0 1.0 1.0 1.0 1.0 1.0 1.0 1.0 1.0 1.0 1.0 1.0 1.0 1.0 1.0 1.0 1.0 1.0 1.0 1.0 1.0 1.0 1.0 1.0 1.0 1.0 1.0 1.0 1.0 1.0 1.0 1.0 1.0 1.0 1.0 1.0 1.0 1.0 1.0 1.0 
1.0 1.0 1.0 1.0 1.0 1.0 1.0 1.0 1.0 1.0 1.0 1.0 1.0 1.0 1.0 1.0 1.0 1.0 1.0 1.0 1.0 1.0 1.0 1.0 1.0 1.0 1.0 1.0 1.0 1.0 1.0 1.0 1.0 1.0 1.0 1.0 1.0 1.0 1.0 1.0 1.0 1.0 1.0 1.0 1.0 1.0 1.0 1.0 1.0 1.0 1.0 1.0 1.0 1.0 1.0 1.0 1.0 1.0 1.0 1.0 1.0 1.0 1.0 1.0 1.0 1.0 1.0 1.0 1.0 1.0 1.0 0.0 1.0 1.0 1.0 1.0 1.0 1.0 1.0 1.0 1.0 1.0 1.0 1.0 1.0 1.0 1.0 1.0 1.0 1.0 1.0 1.0 1.0 1.0 1.0 1.0 1.0 1.0 1.0 1.0 1.0 1.0 1.0 1.0 1.0 1.0 1.0 1.0 1.0 1.0 1.0 1.0 1.0 1.0 1.0 1.0 1.0 1.0 1.0 1.0 1.0 1.0 1.0 1.0 1.0 1.0 1.0 1.0 
1.0 1.0 1.0 1.0 1.0 1.0 1.0 1.0 1.0 1.0 1.0 1.0 1.0 1.0 1.0 1.0 1.0 1.0 1.0 1.0 1.0 1.0 1.0 1.0 1.0 1.0 1.0 1.0 1.0 1.0 1.0 1.0 1.0 1.0 1.0 1.0 1.0 1.0 1.0 1.0 1.0 1.0 1.0 1.0 1.0 1.0 1.0 1.0 1.0 1.0 1.0 1.0 1.0 1.0 1.0 1.0 1.0 1.0 1.0 1.0 1.0 1.0 1.0 1.0 1.0 1.0 1.0 1.0 1.0 1.0 1.0 1.0 0.0 1.0 1.0 1.0 1.0 1.0 1.0 1.0 1.0 1.0 1.0 1.0 1.0 1.0 1.0 1.0 1.0 1.0 1.0 1.0 1.0 1.0 1.0 1.0 1.0 1.0 1.0 1.0 1.0 1.0 1.0 1.0 1.0 1.0 1.0 1.0 1.0 1.0 1.0 1.0 1.0 1.0 1.0 1.0 1.0 1.0 1.0 1.0 1.0 1.0 1.0 1.0 1.0 1.0 1.0 1.0 
1.0 1.0 1.0 1.0 1.0 1.0 1.0 1.0 1.0 1.0 1.0 1.0 1.0 1.0 1.0 1.0 1.0 1.0 1.0 1.0 1.0 1.0 1.0 1.0 1.0 1.0 1.0 1.0 1.0 1.0 1.0 1.0 1.0 1.0 1.0 1.0 1.0 1.0 1.0 1.0 1.0 1.0 1.0 1.0 1.0 1.0 1.0 1.0 1.0 1.0 1.0 1.0 1.0 1.0 1.0 1.0 1.0 1.0 1.0 1.0 1.0 1.0 1.0 1.0 1.0 1.0 1.0 1.0 1.0 1.0 1.0 1.0 1.0 0.0 1.0 1.0 1.0 1.0 1.0 1.0 1.0 1.0 1.0 1.0 1.0 1.0 1.0 1.0 1.0 1.0 1.0 1.0 1.0 1.0 1.0 1.0 1.0 1.0 1.0 1.0 1.0 1.0 1.0 1.0 1.0 1.0 1.0 1.0 1.0 1.0 1.0 1.0 1.0 1.0 1.0 1.0 1.0 1.0 1.0 1.0 1.0 1.0 1.0 1.0 1.0 1.0 1.0 1.0 
1.0 1.0 1.0 1.0 1.0 1.0 1.0 1.0 1.0 1.0 1.0 1.0 1.0 1.0 1.0 1.0 1.0 1.0 1.0 1.0 1.0 1.0 1.0 1.0 1.0 1.0 1.0 1.0 1.0 1.0 1.0 1.0 1.0 1.0 1.0 1.0 1.0 1.0 1.0 1.0 1.0 1.0 1.0 1.0 1.0 1.0 1.0 1.0 1.0 1.0 1.0 1.0 1.0 1.0 1.0 1.0 1.0 1.0 1.0 1.0 1.0 1.0 1.0 1.0 1.0 1.0 1.0 1.0 1.0 1.0 1.0 1.0 1.0 1.0 0.0 1.0 1.0 1.0 1.0 1.0 1.0 1.0 1.0 1.0 1.0 1.0 1.0 1.0 1.0 1.0 1.0 1.0 1.0 1.0 1.0 1.0 1.0 1.0 1.0 1.0 1.0 1.0 1.0 1.0 1.0 1.0 1.0 1.0 1.0 1.0 1.0 1.0 1.0 1.0 1.0 1.0 1.0 1.0 1.0 1.0 1.0 1.0 1.0 1.0 1.0 1.0 1.0 1.0 
1.0 1.0 1.0 1.0 1.0 1.0 1.0 1.0 1.0 1.0 1.0 1.0 1.0 1.0 1.0 1.0 1.0 1.0 1.0 1.0 1.0 1.0 1.0 1.0 1.0 1.0 1.0 1.0 1.0 1.0 1.0 1.0 1.0 1.0 1.0 1.0 1.0 1.0 1.0 1.0 1.0 1.0 1.0 1.0 1.0 1.0 1.0 1.0 1.0 1.0 1.0 1.0 1.0 1.0 1.0 1.0 1.0 1.0 1.0 1.0 1.0 1.0 1.0 1.0 1.0 1.0 1.0 1.0 1.0 1.0 1.0 1.0 1.0 1.0 1.0 0.0 1.0 1.0 1.0 1.0 1.0 1.0 1.0 1.0 1.0 1.0 1.0 1.0 1.0 1.0 1.0 1.0 1.0 1.0 1.0 1.0 1.0 1.0 1.0 1.0 1.0 1.0 1.0 1.0 1.0 1.0 1.0 1.0 1.0 1.0 1.0 1.0 1.0 1.0 1.0 1.0 1.0 1.0 1.0 1.0 1.0 1.0 1.0 1.0 1.0 1.0 1.0 1.0 
1.0 1.0 1.0 1.0 1.0 1.0 1.0 1.0 1.0 1.0 1.0 1.0 1.0 1.0 1.0 1.0 1.0 1.0 1.0 1.0 1.0 1.0 1.0 1.0 1.0 1.0 1.0 1.0 1.0 1.0 1.0 1.0 1.0 1.0 1.0 1.0 1.0 1.0 1.0 1.0 1.0 1.0 1.0 1.0 1.0 1.0 1.0 1.0 1.0 1.0 1.0 1.0 1.0 1.0 1.0 1.0 1.0 1.0 1.0 1.0 1.0 1.0 1.0 1.0 1.0 1.0 1.0 1.0 1.0 1.0 1.0 1.0 1.0 1.0 1.0 1.0 0.0 1.0 1.0 1.0 1.0 1.0 1.0 1.0 1.0 1.0 1.0 1.0 1.0 1.0 1.0 1.0 1.0 1.0 1.0 1.0 1.0 1.0 1.0 1.0 1.0 1.0 1.0 1.0 1.0 1.0 1.0 1.0 1.0 1.0 1.0 1.0 1.0 1.0 1.0 1.0 1.0 1.0 1.0 1.0 1.0 1.0 1.0 1.0 1.0 1.0 1.0 1.0 
1.0 1.0 1.0 1.0 1.0 1.0 1.0 1.0 1.0 1.0 1.0 1.0 1.0 1.0 1.0 1.0 1.0 1.0 1.0 1.0 1.0 1.0 1.0 1.0 1.0 1.0 1.0 1.0 1.0 1.0 1.0 1.0 1.0 1.0 1.0 1.0 1.0 1.0 1.0 1.0 1.0 1.0 1.0 1.0 1.0 1.0 1.0 1.0 1.0 1.0 1.0 1.0 1.0 1.0 1.0 1.0 1.0 1.0 1.0 1.0 1.0 1.0 1.0 1.0 1.0 1.0 1.0 1.0 1.0 1.0 1.0 1.0 1.0 1.0 1.0 1.0 1.0 0.0 1.0 1.0 1.0 1.0 1.0 1.0 1.0 1.0 1.0 1.0 1.0 1.0 1.0 1.0 1.0 1.0 1.0 1.0 1.0 1.0 1.0 1.0 1.0 1.0 1.0 1.0 1.0 1.0 1.0 1.0 1.0 1.0 1.0 1.0 1.0 1.0 1.0 1.0 1.0 1.0 1.0 1.0 1.0 1.0 1.0 1.0 1.0 1.0 1.0 1.0 
1.0 1.0 1.0 1.0 1.0 1.0 1.0 1.0 1.0 1.0 1.0 1.0 1.0 1.0 1.0 1.0 1.0 1.0 1.0 1.0 1.0 1.0 1.0 1.0 1.0 1.0 1.0 1.0 1.0 1.0 1.0 1.0 1.0 1.0 1.0 1.0 1.0 1.0 1.0 1.0 1.0 1.0 1.0 1.0 1.0 1.0 1.0 1.0 1.0 1.0 1.0 1.0 1.0 1.0 1.0 1.0 1.0 1.0 1.0 1.0 1.0 1.0 1.0 1.0 1.0 1.0 1.0 1.0 1.0 1.0 1.0 1.0 1.0 1.0 1.0 1.0 1.0 1.0 0.0 1.0 1.0 1.0 1.0 1.0 1.0 1.0 1.0 1.0 1.0 1.0 1.0 1.0 1.0 1.0 1.0 1.0 1.0 1.0 1.0 1.0 1.0 1.0 1.0 1.0 1.0 1.0 1.0 1.0 1.0 1.0 1.0 1.0 1.0 1.0 1.0 1.0 1.0 1.0 1.0 1.0 1.0 1.0 1.0 1.0 1.0 1.0 1.0 1.0 
1.0 1.0 1.0 1.0 1.0 1.0 1.0 1.0 1.0 1.0 1.0 1.0 1.0 1.0 1.0 1.0 1.0 1.0 1.0 1.0 1.0 1.0 1.0 1.0 1.0 1.0 1.0 1.0 1.0 1.0 1.0 1.0 1.0 1.0 1.0 1.0 1.0 1.0 1.0 1.0 1.0 1.0 1.0 1.0 1.0 1.0 1.0 1.0 1.0 1.0 1.0 1.0 1.0 1.0 1.0 1.0 1.0 1.0 1.0 1.0 1.0 1.0 1.0 1.0 1.0 1.0 1.0 1.0 1.0 1.0 1.0 1.0 1.0 1.0 1.0 1.0 1.0 1.0 1.0 0.0 1.0 1.0 1.0 1.0 1.0 1.0 1.0 1.0 1.0 1.0 1.0 1.0 1.0 1.0 1.0 1.0 1.0 1.0 1.0 1.0 1.0 1.0 1.0 1.0 1.0 1.0 1.0 1.0 1.0 1.0 1.0 1.0 1.0 1.0 1.0 1.0 1.0 1.0 1.0 1.0 1.0 1.0 1.0 1.0 1.0 1.0 1.0 1.0 
1.0 1.0 1.0 1.0 1.0 1.0 1.0 1.0 1.0 1.0 1.0 1.0 1.0 1.0 1.0 1.0 1.0 1.0 1.0 1.0 1.0 1.0 1.0 1.0 1.0 1.0 1.0 1.0 1.0 1.0 1.0 1.0 1.0 1.0 1.0 1.0 1.0 1.0 1.0 1.0 1.0 1.0 1.0 1.0 1.0 1.0 1.0 1.0 1.0 1.0 1.0 1.0 1.0 1.0 1.0 1.0 1.0 1.0 1.0 1.0 1.0 1.0 1.0 1.0 1.0 1.0 1.0 1.0 1.0 1.0 1.0 1.0 1.0 1.0 1.0 1.0 1.0 1.0 1.0 1.0 0.0 1.0 1.0 1.0 1.0 1.0 1.0 1.0 1.0 1.0 1.0 1.0 1.0 1.0 1.0 1.0 1.0 1.0 1.0 1.0 1.0 1.0 1.0 1.0 1.0 1.0 1.0 1.0 1.0 1.0 1.0 1.0 1.0 1.0 1.0 1.0 1.0 1.0 1.0 1.0 1.0 1.0 1.0 1.0 1.0 1.0 1.0 1.0 
1.0 1.0 1.0 1.0 1.0 1.0 1.0 1.0 1.0 1.0 1.0 1.0 1.0 1.0 1.0 1.0 1.0 1.0 1.0 1.0 1.0 1.0 1.0 1.0 1.0 1.0 1.0 1.0 1.0 1.0 1.0 1.0 1.0 1.0 1.0 1.0 1.0 1.0 1.0 1.0 1.0 1.0 1.0 1.0 1.0 1.0 1.0 1.0 1.0 1.0 1.0 1.0 1.0 1.0 1.0 1.0 1.0 1.0 1.0 1.0 1.0 1.0 1.0 1.0 1.0 1.0 1.0 1.0 1.0 1.0 1.0 1.0 1.0 1.0 1.0 1.0 1.0 1.0 1.0 1.0 1.0 0.0 1.0 1.0 1.0 1.0 1.0 1.0 1.0 1.0 1.0 1.0 1.0 1.0 1.0 1.0 1.0 1.0 1.0 1.0 1.0 1.0 1.0 1.0 1.0 1.0 1.0 1.0 1.0 1.0 1.0 1.0 1.0 1.0 1.0 1.0 1.0 1.0 1.0 1.0 1.0 1.0 1.0 1.0 1.0 1.0 1.0 1.0 
1.0 1.0 1.0 1.0 1.0 1.0 1.0 1.0 1.0 1.0 1.0 1.0 1.0 1.0 1.0 1.0 1.0 1.0 1.0 1.0 1.0 1.0 1.0 1.0 1.0 1.0 1.0 1.0 1.0 1.0 1.0 1.0 1.0 1.0 1.0 1.0 1.0 1.0 1.0 1.0 1.0 1.0 1.0 1.0 1.0 1.0 1.0 1.0 1.0 1.0 1.0 1.0 1.0 1.0 1.0 1.0 1.0 1.0 1.0 1.0 1.0 1.0 1.0 1.0 1.0 1.0 1.0 1.0 1.0 1.0 1.0 1.0 1.0 1.0 1.0 1.0 1.0 1.0 1.0 1.0 1.0 1.0 0.0 1.0 1.0 1.0 1.0 1.0 1.0 1.0 1.0 1.0 1.0 1.0 1.0 1.0 1.0 1.0 1.0 1.0 1.0 1.0 1.0 1.0 1.0 1.0 1.0 1.0 1.0 1.0 1.0 1.0 1.0 1.0 1.0 1.0 1.0 1.0 1.0 1.0 1.0 1.0 1.0 1.0 1.0 1.0 1.0 1.0 
1.0 1.0 1.0 1.0 1.0 1.0 1.0 1.0 1.0 1.0 1.0 1.0 1.0 1.0 1.0 1.0 1.0 1.0 1.0 1.0 1.0 1.0 1.0 1.0 1.0 1.0 1.0 1.0 1.0 1.0 1.0 1.0 1.0 1.0 1.0 1.0 1.0 1.0 1.0 1.0 1.0 1.0 1.0 1.0 1.0 1.0 1.0 1.0 1.0 1.0 1.0 1.0 1.0 1.0 1.0 1.0 1.0 1.0 1.0 1.0 1.0 1.0 1.0 1.0 1.0 1.0 1.0 1.0 1.0 1.0 1.0 1.0 1.0 1.0 1.0 1.0 1.0 1.0 1.0 1.0 1.0 1.0 1.0 0.0 1.0 1.0 1.0 1.0 1.0 1.0 1.0 1.0 1.0 1.0 1.0 1.0 1.0 1.0 1.0 1.0 1.0 1.0 1.0 1.0 1.0 1.0 1.0 1.0 1.0 1.0 1.0 1.0 1.0 1.0 1.0 1.0 1.0 1.0 1.0 1.0 1.0 1.0 1.0 1.0 1.0 1.0 1.0 1.0 
1.0 1.0 1.0 1.0 1.0 1.0 1.0 1.0 1.0 1.0 1.0 1.0 1.0 1.0 1.0 1.0 1.0 1.0 1.0 1.0 1.0 1.0 1.0 1.0 1.0 1.0 1.0 1.0 1.0 1.0 1.0 1.0 1.0 1.0 1.0 1.0 1.0 1.0 1.0 1.0 1.0 1.0 1.0 1.0 1.0 1.0 1.0 1.0 1.0 1.0 1.0 1.0 1.0 1.0 1.0 1.0 1.0 1.0 1.0 1.0 1.0 1.0 1.0 1.0 1.0 1.0 1.0 1.0 1.0 1.0 1.0 1.0 1.0 1.0 1.0 1.0 1.0 1.0 1.0 1.0 1.0 1.0 1.0 1.0 0.0 1.0 1.0 1.0 1.0 1.0 1.0 1.0 1.0 1.0 1.0 1.0 1.0 1.0 1.0 1.0 1.0 1.0 1.0 1.0 1.0 1.0 1.0 1.0 1.0 1.0 1.0 1.0 1.0 1.0 1.0 1.0 1.0 1.0 1.0 1.0 1.0 1.0 1.0 1.0 1.0 1.0 1.0 1.0 
1.0 1.0 1.0 1.0 1.0 1.0 1.0 1.0 1.0 1.0 1.0 1.0 1.0 1.0 1.0 1.0 1.0 1.0 1.0 1.0 1.0 1.0 1.0 1.0 1.0 1.0 1.0 1.0 1.0 1.0 1.0 1.0 1.0 1.0 1.0 1.0 1.0 1.0 1.0 1.0 1.0 1.0 1.0 1.0 1.0 1.0 1.0 1.0 1.0 1.0 1.0 1.0 1.0 1.0 1.0 1.0 1.0 1.0 1.0 1.0 1.0 1.0 1.0 1.0 1.0 1.0 1.0 1.0 1.0 1.0 1.0 1.0 1.0 1.0 1.0 1.0 1.0 1.0 1.0 1.0 1.0 1.0 1.0 1.0 1.0 0.0 1.0 1.0 1.0 1.0 1.0 1.0 1.0 1.0 1.0 1.0 1.0 1.0 1.0 1.0 1.0 1.0 1.0 1.0 1.0 1.0 1.0 1.0 1.0 1.0 1.0 1.0 1.0 1.0 1.0 1.0 1.0 1.0 1.0 1.0 1.0 1.0 1.0 1.0 1.0 1.0 1.0 1.0 
1.0 1.0 1.0 1.0 1.0 1.0 1.0 1.0 1.0 1.0 1.0 1.0 1.0 1.0 1.0 1.0 1.0 1.0 1.0 1.0 1.0 1.0 1.0 1.0 1.0 1.0 1.0 1.0 1.0 1.0 1.0 1.0 1.0 1.0 1.0 1.0 1.0 1.0 1.0 1.0 1.0 1.0 1.0 1.0 1.0 1.0 1.0 1.0 1.0 1.0 1.0 1.0 1.0 1.0 1.0 1.0 1.0 1.0 1.0 1.0 1.0 1.0 1.0 1.0 1.0 1.0 1.0 1.0 1.0 1.0 1.0 1.0 1.0 1.0 1.0 1.0 1.0 1.0 1.0 1.0 1.0 1.0 1.0 1.0 1.0 1.0 0.0 1.0 1.0 1.0 1.0 1.0 1.0 1.0 1.0 1.0 1.0 1.0 1.0 1.0 1.0 1.0 1.0 1.0 1.0 1.0 1.0 1.0 1.0 1.0 1.0 1.0 1.0 1.0 1.0 1.0 1.0 1.0 1.0 1.0 1.0 1.0 1.0 1.0 1.0 1.0 1.0 1.0 
1.0 1.0 1.0 1.0 1.0 1.0 1.0 1.0 1.0 1.0 1.0 1.0 1.0 1.0 1.0 1.0 1.0 1.0 1.0 1.0 1.0 1.0 1.0 1.0 1.0 1.0 1.0 1.0 1.0 1.0 1.0 1.0 1.0 1.0 1.0 1.0 1.0 1.0 1.0 1.0 1.0 1.0 1.0 1.0 1.0 1.0 1.0 1.0 1.0 1.0 1.0 1.0 1.0 1.0 1.0 1.0 1.0 1.0 1.0 1.0 1.0 1.0 1.0 1.0 1.0 1.0 1.0 1.0 1.0 1.0 1.0 1.0 1.0 1.0 1.0 1.0 1.0 1.0 1.0 1.0 1.0 1.0 1.0 1.0 1.0 1.0 1.0 0.0 1.0 1.0 1.0 1.0 1.0 1.0 1.0 1.0 1.0 1.0 1.0 1.0 1.0 1.0 1.0 1.0 1.0 1.0 1.0 1.0 1.0 1.0 1.0 1.0 1.0 1.0 1.0 1.0 1.0 1.0 1.0 1.0 1.0 1.0 1.0 1.0 1.0 1.0 1.0 1.0 
1.0 1.0 1.0 1.0 1.0 1.0 1.0 1.0 1.0 1.0 1.0 1.0 1.0 1.0 1.0 1.0 1.0 1.0 1.0 1.0 1.0 1.0 1.0 1.0 1.0 1.0 1.0 1.0 1.0 1.0 1.0 1.0 1.0 1.0 1.0 1.0 1.0 1.0 1.0 1.0 1.0 1.0 1.0 1.0 1.0 1.0 1.0 1.0 1.0 1.0 1.0 1.0 1.0 1.0 1.0 1.0 1.0 1.0 1.0 1.0 1.0 1.0 1.0 1.0 1.0 1.0 1.0 1.0 1.0 1.0 1.0 1.0 1.0 1.0 1.0 1.0 1.0 1.0 1.0 1.0 1.0 1.0 1.0 1.0 1.0 1.0 1.0 1.0 0.0 1.0 1.0 1.0 1.0 1.0 1.0 1.0 1.0 1.0 1.0 1.0 1.0 1.0 1.0 1.0 1.0 1.0 1.0 1.0 1.0 1.0 1.0 1.0 1.0 1.0 1.0 1.0 1.0 1.0 1.0 1.0 1.0 1.0 1.0 1.0 1.0 1.0 1.0 1.0 
1.0 1.0 1.0 1.0 1.0 1.0 1.0 1.0 1.0 1.0 1.0 1.0 1.0 1.0 1.0 1.0 1.0 1.0 1.0 1.0 1.0 1.0 1.0 1.0 1.0 1.0 1.0 1.0 1.0 1.0 1.0 1.0 1.0 1.0 1.0 1.0 1.0 1.0 1.0 1.0 1.0 1.0 1.0 1.0 1.0 1.0 1.0 1.0 1.0 1.0 1.0 1.0 1.0 1.0 1.0 1.0 1.0 1.0 1.0 1.0 1.0 1.0 1.0 1.0 1.0 1.0 1.0 1.0 1.0 1.0 1.0 1.0 1.0 1.0 1.0 1.0 1.0 1.0 1.0 1.0 1.0 1.0 1.0 1.0 1.0 1.0 1.0 1.0 1.0 0.0 1.0 1.0 1.0 1.0 1.0 1.0 1.0 1.0 1.0 1.0 1.0 1.0 1.0 1.0 1.0 1.0 1.0 1.0 1.0 1.0 1.0 1.0 1.0 1.0 1.0 1.0 1.0 1.0 1.0 1.0 1.0 1.0 1.0 1.0 1.0 1.0 1.0 1.0 
1.0 1.0 1.0 1.0 1.0 1.0 1.0 1.0 1.0 1.0 1.0 1.0 1.0 1.0 1.0 1.0 1.0 1.0 1.0 1.0 1.0 1.0 1.0 1.0 1.0 1.0 1.0 1.0 1.0 1.0 1.0 1.0 1.0 1.0 1.0 1.0 1.0 1.0 1.0 1.0 1.0 1.0 1.0 1.0 1.0 1.0 1.0 1.0 1.0 1.0 1.0 1.0 1.0 1.0 1.0 1.0 1.0 1.0 1.0 1.0 1.0 1.0 1.0 1.0 1.0 1.0 1.0 1.0 1.0 1.0 1.0 1.0 1.0 1.0 1.0 1.0 1.0 1.0 1.0 1.0 1.0 1.0 1.0 1.0 1.0 1.0 1.0 1.0 1.0 1.0 0.0 1.0 1.0 1.0 1.0 1.0 1.0 1.0 1.0 1.0 1.0 1.0 1.0 1.0 1.0 1.0 1.0 1.0 1.0 1.0 1.0 1.0 1.0 1.0 1.0 1.0 1.0 1.0 1.0 1.0 1.0 1.0 1.0 1.0 1.0 1.0 1.0 1.0 
1.0 1.0 1.0 1.0 1.0 1.0 1.0 1.0 1.0 1.0 1.0 1.0 1.0 1.0 1.0 1.0 1.0 1.0 1.0 1.0 1.0 1.0 1.0 1.0 1.0 1.0 1.0 1.0 1.0 1.0 1.0 1.0 1.0 1.0 1.0 1.0 1.0 1.0 1.0 1.0 1.0 1.0 1.0 1.0 1.0 1.0 1.0 1.0 1.0 1.0 1.0 1.0 1.0 1.0 1.0 1.0 1.0 1.0 1.0 1.0 1.0 1.0 1.0 1.0 1.0 1.0 1.0 1.0 1.0 1.0 1.0 1.0 1.0 1.0 1.0 1.0 1.0 1.0 1.0 1.0 1.0 1.0 1.0 1.0 1.0 1.0 1.0 1.0 1.0 1.0 1.0 0.0 1.0 1.0 1.0 1.0 1.0 1.0 1.0 1.0 1.0 1.0 1.0 1.0 1.0 1.0 1.0 1.0 1.0 1.0 1.0 1.0 1.0 1.0 1.0 1.0 1.0 1.0 1.0 1.0 1.0 1.0 1.0 1.0 1.0 1.0 1.0 1.0 
1.0 1.0 1.0 1.0 1.0 1.0 1.0 1.0 1.0 1.0 1.0 1.0 1.0 1.0 1.0 1.0 1.0 1.0 1.0 1.0 1.0 1.0 1.0 1.0 1.0 1.0 1.0 1.0 1.0 1.0 1.0 1.0 1.0 1.0 1.0 1.0 1.0 1.0 1.0 1.0 1.0 1.0 1.0 1.0 1.0 1.0 1.0 1.0 1.0 1.0 1.0 1.0 1.0 1.0 1.0 1.0 1.0 1.0 1.0 1.0 1.0 1.0 1.0 1.0 1.0 1.0 1.0 1.0 1.0 1.0 1.0 1.0 1.0 1.0 1.0 1.0 1.0 1.0 1.0 1.0 1.0 1.0 1.0 1.0 1.0 1.0 1.0 1.0 1.0 1.0 1.0 1.0 0.0 1.0 1.0 1.0 1.0 1.0 1.0 1.0 1.0 1.0 1.0 1.0 1.0 1.0 1.0 1.0 1.0 1.0 1.0 1.0 1.0 1.0 1.0 1.0 1.0 1.0 1.0 1.0 1.0 1.0 1.0 1.0 1.0 1.0 1.0 1.0 
1.0 1.0 1.0 1.0 1.0 1.0 1.0 1.0 1.0 1.0 1.0 1.0 1.0 1.0 1.0 1.0 1.0 1.0 1.0 1.0 1.0 1.0 1.0 1.0 1.0 1.0 1.0 1.0 1.0 1.0 1.0 1.0 1.0 1.0 1.0 1.0 1.0 1.0 1.0 1.0 1.0 1.0 1.0 1.0 1.0 1.0 1.0 1.0 1.0 1.0 1.0 1.0 1.0 1.0 1.0 1.0 1.0 1.0 1.0 1.0 1.0 1.0 1.0 1.0 1.0 1.0 1.0 1.0 1.0 1.0 1.0 1.0 1.0 1.0 1.0 1.0 1.0 1.0 1.0 1.0 1.0 1.0 1.0 1.0 1.0 1.0 1.0 1.0 1.0 1.0 1.0 1.0 1.0 0.0 1.0 1.0 1.0 1.0 1.0 1.0 1.0 1.0 1.0 1.0 1.0 1.0 1.0 1.0 1.0 1.0 1.0 1.0 1.0 1.0 1.0 1.0 1.0 1.0 1.0 1.0 1.0 1.0 1.0 1.0 1.0 1.0 1.0 1.0 
1.0 1.0 1.0 1.0 1.0 1.0 1.0 1.0 1.0 1.0 1.0 1.0 1.0 1.0 1.0 1.0 1.0 1.0 1.0 1.0 1.0 1.0 1.0 1.0 1.0 1.0 1.0 1.0 1.0 1.0 1.0 1.0 1.0 1.0 1.0 1.0 1.0 1.0 1.0 1.0 1.0 1.0 1.0 1.0 1.0 1.0 1.0 1.0 1.0 1.0 1.0 1.0 1.0 1.0 1.0 1.0 1.0 1.0 1.0 1.0 1.0 1.0 1.0 1.0 1.0 1.0 1.0 1.0 1.0 1.0 1.0 1.0 1.0 1.0 1.0 1.0 1.0 1.0 1.0 1.0 1.0 1.0 1.0 1.0 1.0 1.0 1.0 1.0 1.0 1.0 1.0 1.0 1.0 1.0 0.0 1.0 1.0 1.0 1.0 1.0 1.0 1.0 1.0 1.0 1.0 1.0 1.0 1.0 1.0 1.0 1.0 1.0 1.0 1.0 1.0 1.0 1.0 1.0 1.0 1.0 1.0 1.0 1.0 1.0 1.0 1.0 1.0 1.0 
1.0 1.0 1.0 1.0 1.0 1.0 1.0 1.0 1.0 1.0 1.0 1.0 1.0 1.0 1.0 1.0 1.0 1.0 1.0 1.0 1.0 1.0 1.0 1.0 1.0 1.0 1.0 1.0 1.0 1.0 1.0 1.0 1.0 1.0 1.0 1.0 1.0 1.0 1.0 1.0 1.0 1.0 1.0 1.0 1.0 1.0 1.0 1.0 1.0 1.0 1.0 1.0 1.0 1.0 1.0 1.0 1.0 1.0 1.0 1.0 1.0 1.0 1.0 1.0 1.0 1.0 1.0 1.0 1.0 1.0 1.0 1.0 1.0 1.0 1.0 1.0 1.0 1.0 1.0 1.0 1.0 1.0 1.0 1.0 1.0 1.0 1.0 1.0 1.0 1.0 1.0 1.0 1.0 1.0 1.0 0.0 1.0 1.0 1.0 1.0 1.0 1.0 1.0 1.0 1.0 1.0 1.0 1.0 1.0 1.0 1.0 1.0 1.0 1.0 1.0 1.0 1.0 1.0 1.0 1.0 1.0 1.0 1.0 1.0 1.0 1.0 1.0 1.0 
1.0 1.0 1.0 1.0 1.0 1.0 1.0 1.0 1.0 1.0 1.0 1.0 1.0 1.0 1.0 1.0 1.0 1.0 1.0 1.0 1.0 1.0 1.0 1.0 1.0 1.0 1.0 1.0 1.0 1.0 1.0 1.0 1.0 1.0 1.0 1.0 1.0 1.0 1.0 1.0 1.0 1.0 1.0 1.0 1.0 1.0 1.0 1.0 1.0 1.0 1.0 1.0 1.0 1.0 1.0 1.0 1.0 1.0 1.0 1.0 1.0 1.0 1.0 1.0 1.0 1.0 1.0 1.0 1.0 1.0 1.0 1.0 1.0 1.0 1.0 1.0 1.0 1.0 1.0 1.0 1.0 1.0 1.0 1.0 1.0 1.0 1.0 1.0 1.0 1.0 1.0 1.0 1.0 1.0 1.0 1.0 0.0 1.0 1.0 1.0 1.0 1.0 1.0 1.0 1.0 1.0 1.0 1.0 1.0 1.0 1.0 1.0 1.0 1.0 1.0 1.0 1.0 1.0 1.0 1.0 1.0 1.0 1.0 1.0 1.0 1.0 1.0 1.0 
1.0 1.0 1.0 1.0 1.0 1.0 1.0 1.0 1.0 1.0 1.0 1.0 1.0 1.0 1.0 1.0 1.0 1.0 1.0 1.0 1.0 1.0 1.0 1.0 1.0 1.0 1.0 1.0 1.0 1.0 1.0 1.0 1.0 1.0 1.0 1.0 1.0 1.0 1.0 1.0 1.0 1.0 1.0 1.0 1.0 1.0 1.0 1.0 1.0 1.0 1.0 1.0 1.0 1.0 1.0 1.0 1.0 1.0 1.0 1.0 1.0 1.0 1.0 1.0 1.0 1.0 1.0 1.0 1.0 1.0 1.0 1.0 1.0 1.0 1.0 1.0 1.0 1.0 1.0 1.0 1.0 1.0 1.0 1.0 1.0 1.0 1.0 1.0 1.0 1.0 1.0 1.0 1.0 1.0 1.0 1.0 1.0 0.0 1.0 1.0 1.0 1.0 1.0 1.0 1.0 1.0 1.0 1.0 1.0 1.0 1.0 1.0 1.0 1.0 1.0 1.0 1.0 1.0 1.0 1.0 1.0 1.0 1.0 1.0 1.0 1.0 1.0 1.0 
1.0 1.0 1.0 1.0 1.0 1.0 1.0 1.0 1.0 1.0 1.0 1.0 1.0 1.0 1.0 1.0 1.0 1.0 1.0 1.0 1.0 1.0 1.0 1.0 1.0 1.0 1.0 1.0 1.0 1.0 1.0 1.0 1.0 1.0 1.0 1.0 1.0 1.0 1.0 1.0 1.0 1.0 1.0 1.0 1.0 1.0 1.0 1.0 1.0 1.0 1.0 1.0 1.0 1.0 1.0 1.0 1.0 1.0 1.0 1.0 1.0 1.0 1.0 1.0 1.0 1.0 1.0 1.0 1.0 1.0 1.0 1.0 1.0 1.0 1.0 1.0 1.0 1.0 1.0 1.0 1.0 1.0 1.0 1.0 1.0 1.0 1.0 1.0 1.0 1.0 1.0 1.0 1.0 1.0 1.0 1.0 1.0 1.0 0.0 1.0 1.0 1.0 1.0 1.0 1.0 1.0 1.0 1.0 1.0 1.0 1.0 1.0 1.0 1.0 1.0 1.0 1.0 1.0 1.0 1.0 1.0 1.0 1.0 1.0 1.0 1.0 1.0 1.0 
1.0 1.0 1.0 1.0 1.0 1.0 1.0 1.0 1.0 1.0 1.0 1.0 1.0 1.0 1.0 1.0 1.0 1.0 1.0 1.0 1.0 1.0 1.0 1.0 1.0 1.0 1.0 1.0 1.0 1.0 1.0 1.0 1.0 1.0 1.0 1.0 1.0 1.0 1.0 1.0 1.0 1.0 1.0 1.0 1.0 1.0 1.0 1.0 1.0 1.0 1.0 1.0 1.0 1.0 1.0 1.0 1.0 1.0 1.0 1.0 1.0 1.0 1.0 1.0 1.0 1.0 1.0 1.0 1.0 1.0 1.0 1.0 1.0 1.0 1.0 1.0 1.0 1.0 1.0 1.0 1.0 1.0 1.0 1.0 1.0 1.0 1.0 1.0 1.0 1.0 1.0 1.0 1.0 1.0 1.0 1.0 1.0 1.0 1.0 0.0 1.0 1.0 1.0 1.0 1.0 1.0 1.0 1.0 1.0 1.0 1.0 1.0 1.0 1.0 1.0 1.0 1.0 1.0 1.0 1.0 1.0 1.0 1.0 1.0 1.0 1.0 1.0 1.0 
1.0 1.0 1.0 1.0 1.0 1.0 1.0 1.0 1.0 1.0 1.0 1.0 1.0 1.0 1.0 1.0 1.0 1.0 1.0 1.0 1.0 1.0 1.0 1.0 1.0 1.0 1.0 1.0 1.0 1.0 1.0 1.0 1.0 1.0 1.0 1.0 1.0 1.0 1.0 1.0 1.0 1.0 1.0 1.0 1.0 1.0 1.0 1.0 1.0 1.0 1.0 1.0 1.0 1.0 1.0 1.0 1.0 1.0 1.0 1.0 1.0 1.0 1.0 1.0 1.0 1.0 1.0 1.0 1.0 1.0 1.0 1.0 1.0 1.0 1.0 1.0 1.0 1.0 1.0 1.0 1.0 1.0 1.0 1.0 1.0 1.0 1.0 1.0 1.0 1.0 1.0 1.0 1.0 1.0 1.0 1.0 1.0 1.0 1.0 1.0 0.0 1.0 1.0 1.0 1.0 1.0 1.0 1.0 1.0 1.0 1.0 1.0 1.0 1.0 1.0 1.0 1.0 1.0 1.0 1.0 1.0 1.0 1.0 1.0 1.0 1.0 1.0 1.0 
1.0 1.0 1.0 1.0 1.0 1.0 1.0 1.0 1.0 1.0 1.0 1.0 1.0 1.0 1.0 1.0 1.0 1.0 1.0 1.0 1.0 1.0 1.0 1.0 1.0 1.0 1.0 1.0 1.0 1.0 1.0 1.0 1.0 1.0 1.0 1.0 1.0 1.0 1.0 1.0 1.0 1.0 1.0 1.0 1.0 1.0 1.0 1.0 1.0 1.0 1.0 1.0 1.0 1.0 1.0 1.0 1.0 1.0 1.0 1.0 1.0 1.0 1.0 1.0 1.0 1.0 1.0 1.0 1.0 1.0 1.0 1.0 1.0 1.0 1.0 1.0 1.0 1.0 1.0 1.0 1.0 1.0 1.0 1.0 1.0 1.0 1.0 1.0 1.0 1.0 1.0 1.0 1.0 1.0 1.0 1.0 1.0 1.0 1.0 1.0 1.0 0.0 1.0 1.0 1.0 1.0 1.0 1.0 1.0 1.0 1.0 1.0 1.0 1.0 1.0 1.0 1.0 1.0 1.0 1.0 1.0 1.0 1.0 1.0 1.0 1.0 1.0 1.0 
1.0 1.0 1.0 1.0 1.0 1.0 1.0 1.0 1.0 1.0 1.0 1.0 1.0 1.0 1.0 1.0 1.0 1.0 1.0 1.0 1.0 1.0 1.0 1.0 1.0 1.0 1.0 1.0 1.0 1.0 1.0 1.0 1.0 1.0 1.0 1.0 1.0 1.0 1.0 1.0 1.0 1.0 1.0 1.0 1.0 1.0 1.0 1.0 1.0 1.0 1.0 1.0 1.0 1.0 1.0 1.0 1.0 1.0 1.0 1.0 1.0 1.0 1.0 1.0 1.0 1.0 1.0 1.0 1.0 1.0 1.0 1.0 1.0 1.0 1.0 1.0 1.0 1.0 1.0 1.0 1.0 1.0 1.0 1.0 1.0 1.0 1.0 1.0 1.0 1.0 1.0 1.0 1.0 1.0 1.0 1.0 1.0 1.0 1.0 1.0 1.0 1.0 0.0 1.0 1.0 1.0 1.0 1.0 1.0 1.0 1.0 1.0 1.0 1.0 1.0 1.0 1.0 1.0 1.0 1.0 1.0 1.0 1.0 1.0 1.0 1.0 1.0 1.0 
1.0 1.0 1.0 1.0 1.0 1.0 1.0 1.0 1.0 1.0 1.0 1.0 1.0 1.0 1.0 1.0 1.0 1.0 1.0 1.0 1.0 1.0 1.0 1.0 1.0 1.0 1.0 1.0 1.0 1.0 1.0 1.0 1.0 1.0 1.0 1.0 1.0 1.0 1.0 1.0 1.0 1.0 1.0 1.0 1.0 1.0 1.0 1.0 1.0 1.0 1.0 1.0 1.0 1.0 1.0 1.0 1.0 1.0 1.0 1.0 1.0 1.0 1.0 1.0 1.0 1.0 1.0 1.0 1.0 1.0 1.0 1.0 1.0 1.0 1.0 1.0 1.0 1.0 1.0 1.0 1.0 1.0 1.0 1.0 1.0 1.0 1.0 1.0 1.0 1.0 1.0 1.0 1.0 1.0 1.0 1.0 1.0 1.0 1.0 1.0 1.0 1.0 1.0 0.0 1.0 1.0 1.0 1.0 1.0 1.0 1.0 1.0 1.0 1.0 1.0 1.0 1.0 1.0 1.0 1.0 1.0 1.0 1.0 1.0 1.0 1.0 1.0 1.0 
1.0 1.0 1.0 1.0 1.0 1.0 1.0 1.0 1.0 1.0 1.0 1.0 1.0 1.0 1.0 1.0 1.0 1.0 1.0 1.0 1.0 1.0 1.0 1.0 1.0 1.0 1.0 1.0 1.0 1.0 1.0 1.0 1.0 1.0 1.0 1.0 1.0 1.0 1.0 1.0 1.0 1.0 1.0 1.0 1.0 1.0 1.0 1.0 1.0 1.0 1.0 1.0 1.0 1.0 1.0 1.0 1.0 1.0 1.0 1.0 1.0 1.0 1.0 1.0 1.0 1.0 1.0 1.0 1.0 1.0 1.0 1.0 1.0 1.0 1.0 1.0 1.0 1.0 1.0 1.0 1.0 1.0 1.0 1.0 1.0 1.0 1.0 1.0 1.0 1.0 1.0 1.0 1.0 1.0 1.0 1.0 1.0 1.0 1.0 1.0 1.0 1.0 1.0 1.0 0.0 1.0 1.0 1.0 1.0 1.0 1.0 1.0 1.0 1.0 1.0 1.0 1.0 1.0 1.0 1.0 1.0 1.0 1.0 1.0 1.0 1.0 1.0 1.0 
1.0 1.0 1.0 1.0 1.0 1.0 1.0 1.0 1.0 1.0 1.0 1.0 1.0 1.0 1.0 1.0 1.0 1.0 1.0 1.0 1.0 1.0 1.0 1.0 1.0 1.0 1.0 1.0 1.0 1.0 1.0 1.0 1.0 1.0 1.0 1.0 1.0 1.0 1.0 1.0 1.0 1.0 1.0 1.0 1.0 1.0 1.0 1.0 1.0 1.0 1.0 1.0 1.0 1.0 1.0 1.0 1.0 1.0 1.0 1.0 1.0 1.0 1.0 1.0 1.0 1.0 1.0 1.0 1.0 1.0 1.0 1.0 1.0 1.0 1.0 1.0 1.0 1.0 1.0 1.0 1.0 1.0 1.0 1.0 1.0 1.0 1.0 1.0 1.0 1.0 1.0 1.0 1.0 1.0 1.0 1.0 1.0 1.0 1.0 1.0 1.0 1.0 1.0 1.0 1.0 0.0 1.0 1.0 1.0 1.0 1.0 1.0 1.0 1.0 1.0 1.0 1.0 1.0 1.0 1.0 1.0 1.0 1.0 1.0 1.0 1.0 1.0 1.0 
1.0 1.0 1.0 1.0 1.0 1.0 1.0 1.0 1.0 1.0 1.0 1.0 1.0 1.0 1.0 1.0 1.0 1.0 1.0 1.0 1.0 1.0 1.0 1.0 1.0 1.0 1.0 1.0 1.0 1.0 1.0 1.0 1.0 1.0 1.0 1.0 1.0 1.0 1.0 1.0 1.0 1.0 1.0 1.0 1.0 1.0 1.0 1.0 1.0 1.0 1.0 1.0 1.0 1.0 1.0 1.0 1.0 1.0 1.0 1.0 1.0 1.0 1.0 1.0 1.0 1.0 1.0 1.0 1.0 1.0 1.0 1.0 1.0 1.0 1.0 1.0 1.0 1.0 1.0 1.0 1.0 1.0 1.0 1.0 1.0 1.0 1.0 1.0 1.0 1.0 1.0 1.0 1.0 1.0 1.0 1.0 1.0 1.0 1.0 1.0 1.0 1.0 1.0 1.0 1.0 1.0 0.0 1.0 1.0 1.0 1.0 1.0 1.0 1.0 1.0 1.0 1.0 1.0 1.0 1.0 1.0 1.0 1.0 1.0 1.0 1.0 1.0 1.0 
1.0 1.0 1.0 1.0 1.0 1.0 1.0 1.0 1.0 1.0 1.0 1.0 1.0 1.0 1.0 1.0 1.0 1.0 1.0 1.0 1.0 1.0 1.0 1.0 1.0 1.0 1.0 1.0 1.0 1.0 1.0 1.0 1.0 1.0 1.0 1.0 1.0 1.0 1.0 1.0 1.0 1.0 1.0 1.0 1.0 1.0 1.0 1.0 1.0 1.0 1.0 1.0 1.0 1.0 1.0 1.0 1.0 1.0 1.0 1.0 1.0 1.0 1.0 1.0 1.0 1.0 1.0 1.0 1.0 1.0 1.0 1.0 1.0 1.0 1.0 1.0 1.0 1.0 1.0 1.0 1.0 1.0 1.0 1.0 1.0 1.0 1.0 1.0 1.0 1.0 1.0 1.0 1.0 1.0 1.0 1.0 1.0 1.0 1.0 1.0 1.0 1.0 1.0 1.0 1.0 1.0 1.0 0.0 1.0 1.0 1.0 1.0 1.0 1.0 1.0 1.0 1.0 1.0 1.0 1.0 1.0 1.0 1.0 1.0 1.0 1.0 1.0 1.0 
1.0 1.0 1.0 1.0 1.0 1.0 1.0 1.0 1.0 1.0 1.0 1.0 1.0 1.0 1.0 1.0 1.0 1.0 1.0 1.0 1.0 1.0 1.0 1.0 1.0 1.0 1.0 1.0 1.0 1.0 1.0 1.0 1.0 1.0 1.0 1.0 1.0 1.0 1.0 1.0 1.0 1.0 1.0 1.0 1.0 1.0 1.0 1.0 1.0 1.0 1.0 1.0 1.0 1.0 1.0 1.0 1.0 1.0 1.0 1.0 1.0 1.0 1.0 1.0 1.0 1.0 1.0 1.0 1.0 1.0 1.0 1.0 1.0 1.0 1.0 1.0 1.0 1.0 1.0 1.0 1.0 1.0 1.0 1.0 1.0 1.0 1.0 1.0 1.0 1.0 1.0 1.0 1.0 1.0 1.0 1.0 1.0 1.0 1.0 1.0 1.0 1.0 1.0 1.0 1.0 1.0 1.0 1.0 0.0 1.0 1.0 1.0 1.0 1.0 1.0 1.0 1.0 1.0 1.0 1.0 1.0 1.0 1.0 1.0 1.0 1.0 1.0 1.0 
1.0 1.0 1.0 1.0 1.0 1.0 1.0 1.0 1.0 1.0 1.0 1.0 1.0 1.0 1.0 1.0 1.0 1.0 1.0 1.0 1.0 1.0 1.0 1.0 1.0 1.0 1.0 1.0 1.0 1.0 1.0 1.0 1.0 1.0 1.0 1.0 1.0 1.0 1.0 1.0 1.0 1.0 1.0 1.0 1.0 1.0 1.0 1.0 1.0 1.0 1.0 1.0 1.0 1.0 1.0 1.0 1.0 1.0 1.0 1.0 1.0 1.0 1.0 1.0 1.0 1.0 1.0 1.0 1.0 1.0 1.0 1.0 1.0 1.0 1.0 1.0 1.0 1.0 1.0 1.0 1.0 1.0 1.0 1.0 1.0 1.0 1.0 1.0 1.0 1.0 1.0 1.0 1.0 1.0 1.0 1.0 1.0 1.0 1.0 1.0 1.0 1.0 1.0 1.0 1.0 1.0 1.0 1.0 1.0 0.0 1.0 1.0 1.0 1.0 1.0 1.0 1.0 1.0 1.0 1.0 1.0 1.0 1.0 1.0 1.0 1.0 1.0 1.0 
1.0 1.0 1.0 1.0 1.0 1.0 1.0 1.0 1.0 1.0 1.0 1.0 1.0 1.0 1.0 1.0 1.0 1.0 1.0 1.0 1.0 1.0 1.0 1.0 1.0 1.0 1.0 1.0 1.0 1.0 1.0 1.0 1.0 1.0 1.0 1.0 1.0 1.0 1.0 1.0 1.0 1.0 1.0 1.0 1.0 1.0 1.0 1.0 1.0 1.0 1.0 1.0 1.0 1.0 1.0 1.0 1.0 1.0 1.0 1.0 1.0 1.0 1.0 1.0 1.0 1.0 1.0 1.0 1.0 1.0 1.0 1.0 1.0 1.0 1.0 1.0 1.0 1.0 1.0 1.0 1.0 1.0 1.0 1.0 1.0 1.0 1.0 1.0 1.0 1.0 1.0 1.0 1.0 1.0 1.0 1.0 1.0 1.0 1.0 1.0 1.0 1.0 1.0 1.0 1.0 1.0 1.0 1.0 1.0 1.0 0.0 1.0 1.0 1.0 1.0 1.0 1.0 1.0 1.0 1.0 1.0 1.0 1.0 1.0 1.0 1.0 1.0 1.0 
1.0 1.0 1.0 1.0 1.0 1.0 1.0 1.0 1.0 1.0 1.0 1.0 1.0 1.0 1.0 1.0 1.0 1.0 1.0 1.0 1.0 1.0 1.0 1.0 1.0 1.0 1.0 1.0 1.0 1.0 1.0 1.0 1.0 1.0 1.0 1.0 1.0 1.0 1.0 1.0 1.0 1.0 1.0 1.0 1.0 1.0 1.0 1.0 1.0 1.0 1.0 1.0 1.0 1.0 1.0 1.0 1.0 1.0 1.0 1.0 1.0 1.0 1.0 1.0 1.0 1.0 1.0 1.0 1.0 1.0 1.0 1.0 1.0 1.0 1.0 1.0 1.0 1.0 1.0 1.0 1.0 1.0 1.0 1.0 1.0 1.0 1.0 1.0 1.0 1.0 1.0 1.0 1.0 1.0 1.0 1.0 1.0 1.0 1.0 1.0 1.0 1.0 1.0 1.0 1.0 1.0 1.0 1.0 1.0 1.0 1.0 0.0 1.0 1.0 1.0 1.0 1.0 1.0 1.0 1.0 1.0 1.0 1.0 1.0 1.0 1.0 1.0 1.0 
1.0 1.0 1.0 1.0 1.0 1.0 1.0 1.0 1.0 1.0 1.0 1.0 1.0 1.0 1.0 1.0 1.0 1.0 1.0 1.0 1.0 1.0 1.0 1.0 1.0 1.0 1.0 1.0 1.0 1.0 1.0 1.0 1.0 1.0 1.0 1.0 1.0 1.0 1.0 1.0 1.0 1.0 1.0 1.0 1.0 1.0 1.0 1.0 1.0 1.0 1.0 1.0 1.0 1.0 1.0 1.0 1.0 1.0 1.0 1.0 1.0 1.0 1.0 1.0 1.0 1.0 1.0 1.0 1.0 1.0 1.0 1.0 1.0 1.0 1.0 1.0 1.0 1.0 1.0 1.0 1.0 1.0 1.0 1.0 1.0 1.0 1.0 1.0 1.0 1.0 1.0 1.0 1.0 1.0 1.0 1.0 1.0 1.0 1.0 1.0 1.0 1.0 1.0 1.0 1.0 1.0 1.0 1.0 1.0 1.0 1.0 1.0 0.0 1.0 1.0 1.0 1.0 1.0 1.0 1.0 1.0 1.0 1.0 1.0 1.0 1.0 1.0 1.0 
1.0 1.0 1.0 1.0 1.0 1.0 1.0 1.0 1.0 1.0 1.0 1.0 1.0 1.0 1.0 1.0 1.0 1.0 1.0 1.0 1.0 1.0 1.0 1.0 1.0 1.0 1.0 1.0 1.0 1.0 1.0 1.0 1.0 1.0 1.0 1.0 1.0 1.0 1.0 1.0 1.0 1.0 1.0 1.0 1.0 1.0 1.0 1.0 1.0 1.0 1.0 1.0 1.0 1.0 1.0 1.0 1.0 1.0 1.0 1.0 1.0 1.0 1.0 1.0 1.0 1.0 1.0 1.0 1.0 1.0 1.0 1.0 1.0 1.0 1.0 1.0 1.0 1.0 1.0 1.0 1.0 1.0 1.0 1.0 1.0 1.0 1.0 1.0 1.0 1.0 1.0 1.0 1.0 1.0 1.0 1.0 1.0 1.0 1.0 1.0 1.0 1.0 1.0 1.0 1.0 1.0 1.0 1.0 1.0 1.0 1.0 1.0 1.0 0.0 1.0 1.0 1.0 1.0 1.0 1.0 1.0 1.0 1.0 1.0 1.0 1.0 1.0 1.0 
1.0 1.0 1.0 1.0 1.0 1.0 1.0 1.0 1.0 1.0 1.0 1.0 1.0 1.0 1.0 1.0 1.0 1.0 1.0 1.0 1.0 1.0 1.0 1.0 1.0 1.0 1.0 1.0 1.0 1.0 1.0 1.0 1.0 1.0 1.0 1.0 1.0 1.0 1.0 1.0 1.0 1.0 1.0 1.0 1.0 1.0 1.0 1.0 1.0 1.0 1.0 1.0 1.0 1.0 1.0 1.0 1.0 1.0 1.0 1.0 1.0 1.0 1.0 1.0 1.0 1.0 1.0 1.0 1.0 1.0 1.0 1.0 1.0 1.0 1.0 1.0 1.0 1.0 1.0 1.0 1.0 1.0 1.0 1.0 1.0 1.0 1.0 1.0 1.0 1.0 1.0 1.0 1.0 1.0 1.0 1.0 1.0 1.0 1.0 1.0 1.0 1.0 1.0 1.0 1.0 1.0 1.0 1.0 1.0 1.0 1.0 1.0 1.0 1.0 0.0 1.0 1.0 1.0 1.0 1.0 1.0 1.0 1.0 1.0 1.0 1.0 1.0 1.0 
1.0 1.0 1.0 1.0 1.0 1.0 1.0 1.0 1.0 1.0 1.0 1.0 1.0 1.0 1.0 1.0 1.0 1.0 1.0 1.0 1.0 1.0 1.0 1.0 1.0 1.0 1.0 1.0 1.0 1.0 1.0 1.0 1.0 1.0 1.0 1.0 1.0 1.0 1.0 1.0 1.0 1.0 1.0 1.0 1.0 1.0 1.0 1.0 1.0 1.0 1.0 1.0 1.0 1.0 1.0 1.0 1.0 1.0 1.0 1.0 1.0 1.0 1.0 1.0 1.0 1.0 1.0 1.0 1.0 1.0 1.0 1.0 1.0 1.0 1.0 1.0 1.0 1.0 1.0 1.0 1.0 1.0 1.0 1.0 1.0 1.0 1.0 1.0 1.0 1.0 1.0 1.0 1.0 1.0 1.0 1.0 1.0 1.0 1.0 1.0 1.0 1.0 1.0 1.0 1.0 1.0 1.0 1.0 1.0 1.0 1.0 1.0 1.0 1.0 1.0 0.0 1.0 1.0 1.0 1.0 1.0 1.0 1.0 1.0 1.0 1.0 1.0 1.0 
1.0 1.0 1.0 1.0 1.0 1.0 1.0 1.0 1.0 1.0 1.0 1.0 1.0 1.0 1.0 1.0 1.0 1.0 1.0 1.0 1.0 1.0 1.0 1.0 1.0 1.0 1.0 1.0 1.0 1.0 1.0 1.0 1.0 1.0 1.0 1.0 1.0 1.0 1.0 1.0 1.0 1.0 1.0 1.0 1.0 1.0 1.0 1.0 1.0 1.0 1.0 1.0 1.0 1.0 1.0 1.0 1.0 1.0 1.0 1.0 1.0 1.0 1.0 1.0 1.0 1.0 1.0 1.0 1.0 1.0 1.0 1.0 1.0 1.0 1.0 1.0 1.0 1.0 1.0 1.0 1.0 1.0 1.0 1.0 1.0 1.0 1.0 1.0 1.0 1.0 1.0 1.0 1.0 1.0 1.0 1.0 1.0 1.0 1.0 1.0 1.0 1.0 1.0 1.0 1.0 1.0 1.0 1.0 1.0 1.0 1.0 1.0 1.0 1.0 1.0 1.0 0.0 1.0 1.0 1.0 1.0 1.0 1.0 1.0 1.0 1.0 1.0 1.0 
1.0 1.0 1.0 1.0 1.0 1.0 1.0 1.0 1.0 1.0 1.0 1.0 1.0 1.0 1.0 1.0 1.0 1.0 1.0 1.0 1.0 1.0 1.0 1.0 1.0 1.0 1.0 1.0 1.0 1.0 1.0 1.0 1.0 1.0 1.0 1.0 1.0 1.0 1.0 1.0 1.0 1.0 1.0 1.0 1.0 1.0 1.0 1.0 1.0 1.0 1.0 1.0 1.0 1.0 1.0 1.0 1.0 1.0 1.0 1.0 1.0 1.0 1.0 1.0 1.0 1.0 1.0 1.0 1.0 1.0 1.0 1.0 1.0 1.0 1.0 1.0 1.0 1.0 1.0 1.0 1.0 1.0 1.0 1.0 1.0 1.0 1.0 1.0 1.0 1.0 1.0 1.0 1.0 1.0 1.0 1.0 1.0 1.0 1.0 1.0 1.0 1.0 1.0 1.0 1.0 1.0 1.0 1.0 1.0 1.0 1.0 1.0 1.0 1.0 1.0 1.0 1.0 0.0 1.0 1.0 1.0 1.0 1.0 1.0 1.0 1.0 1.0 1.0 
1.0 1.0 1.0 1.0 1.0 1.0 1.0 1.0 1.0 1.0 1.0 1.0 1.0 1.0 1.0 1.0 1.0 1.0 1.0 1.0 1.0 1.0 1.0 1.0 1.0 1.0 1.0 1.0 1.0 1.0 1.0 1.0 1.0 1.0 1.0 1.0 1.0 1.0 1.0 1.0 1.0 1.0 1.0 1.0 1.0 1.0 1.0 1.0 1.0 1.0 1.0 1.0 1.0 1.0 1.0 1.0 1.0 1.0 1.0 1.0 1.0 1.0 1.0 1.0 1.0 1.0 1.0 1.0 1.0 1.0 1.0 1.0 1.0 1.0 1.0 1.0 1.0 1.0 1.0 1.0 1.0 1.0 1.0 1.0 1.0 1.0 1.0 1.0 1.0 1.0 1.0 1.0 1.0 1.0 1.0 1.0 1.0 1.0 1.0 1.0 1.0 1.0 1.0 1.0 1.0 1.0 1.0 1.0 1.0 1.0 1.0 1.0 1.0 1.0 1.0 1.0 1.0 1.0 0.0 1.0 1.0 1.0 1.0 1.0 1.0 1.0 1.0 1.0 
1.0 1.0 1.0 1.0 1.0 1.0 1.0 1.0 1.0 1.0 1.0 1.0 1.0 1.0 1.0 1.0 1.0 1.0 1.0 1.0 1.0 1.0 1.0 1.0 1.0 1.0 1.0 1.0 1.0 1.0 1.0 1.0 1.0 1.0 1.0 1.0 1.0 1.0 1.0 1.0 1.0 1.0 1.0 1.0 1.0 1.0 1.0 1.0 1.0 1.0 1.0 1.0 1.0 1.0 1.0 1.0 1.0 1.0 1.0 1.0 1.0 1.0 1.0 1.0 1.0 1.0 1.0 1.0 1.0 1.0 1.0 1.0 1.0 1.0 1.0 1.0 1.0 1.0 1.0 1.0 1.0 1.0 1.0 1.0 1.0 1.0 1.0 1.0 1.0 1.0 1.0 1.0 1.0 1.0 1.0 1.0 1.0 1.0 1.0 1.0 1.0 1.0 1.0 1.0 1.0 1.0 1.0 1.0 1.0 1.0 1.0 1.0 1.0 1.0 1.0 1.0 1.0 1.0 1.0 0.0 1.0 1.0 1.0 1.0 1.0 1.0 1.0 1.0 
1.0 1.0 1.0 1.0 1.0 1.0 1.0 1.0 1.0 1.0 1.0 1.0 1.0 1.0 1.0 1.0 1.0 1.0 1.0 1.0 1.0 1.0 1.0 1.0 1.0 1.0 1.0 1.0 1.0 1.0 1.0 1.0 1.0 1.0 1.0 1.0 1.0 1.0 1.0 1.0 1.0 1.0 1.0 1.0 1.0 1.0 1.0 1.0 1.0 1.0 1.0 1.0 1.0 1.0 1.0 1.0 1.0 1.0 1.0 1.0 1.0 1.0 1.0 1.0 1.0 1.0 1.0 1.0 1.0 1.0 1.0 1.0 1.0 1.0 1.0 1.0 1.0 1.0 1.0 1.0 1.0 1.0 1.0 1.0 1.0 1.0 1.0 1.0 1.0 1.0 1.0 1.0 1.0 1.0 1.0 1.0 1.0 1.0 1.0 1.0 1.0 1.0 1.0 1.0 1.0 1.0 1.0 1.0 1.0 1.0 1.0 1.0 1.0 1.0 1.0 1.0 1.0 1.0 1.0 1.0 0.0 1.0 1.0 1.0 1.0 1.0 1.0 1.0 
1.0 1.0 1.0 1.0 1.0 1.0 1.0 1.0 1.0 1.0 1.0 1.0 1.0 1.0 1.0 1.0 1.0 1.0 1.0 1.0 1.0 1.0 1.0 1.0 1.0 1.0 1.0 1.0 1.0 1.0 1.0 1.0 1.0 1.0 1.0 1.0 1.0 1.0 1.0 1.0 1.0 1.0 1.0 1.0 1.0 1.0 1.0 1.0 1.0 1.0 1.0 1.0 1.0 1.0 1.0 1.0 1.0 1.0 1.0 1.0 1.0 1.0 1.0 1.0 1.0 1.0 1.0 1.0 1.0 1.0 1.0 1.0 1.0 1.0 1.0 1.0 1.0 1.0 1.0 1.0 1.0 1.0 1.0 1.0 1.0 1.0 1.0 1.0 1.0 1.0 1.0 1.0 1.0 1.0 1.0 1.0 1.0 1.0 1.0 1.0 1.0 1.0 1.0 1.0 1.0 1.0 1.0 1.0 1.0 1.0 1.0 1.0 1.0 1.0 1.0 1.0 1.0 1.0 1.0 1.0 1.0 0.0 1.0 1.0 1.0 1.0 1.0 1.0 
1.0 1.0 1.0 1.0 1.0 1.0 1.0 1.0 1.0 1.0 1.0 1.0 1.0 1.0 1.0 1.0 1.0 1.0 1.0 1.0 1.0 1.0 1.0 1.0 1.0 1.0 1.0 1.0 1.0 1.0 1.0 1.0 1.0 1.0 1.0 1.0 1.0 1.0 1.0 1.0 1.0 1.0 1.0 1.0 1.0 1.0 1.0 1.0 1.0 1.0 1.0 1.0 1.0 1.0 1.0 1.0 1.0 1.0 1.0 1.0 1.0 1.0 1.0 1.0 1.0 1.0 1.0 1.0 1.0 1.0 1.0 1.0 1.0 1.0 1.0 1.0 1.0 1.0 1.0 1.0 1.0 1.0 1.0 1.0 1.0 1.0 1.0 1.0 1.0 1.0 1.0 1.0 1.0 1.0 1.0 1.0 1.0 1.0 1.0 1.0 1.0 1.0 1.0 1.0 1.0 1.0 1.0 1.0 1.0 1.0 1.0 1.0 1.0 1.0 1.0 1.0 1.0 1.0 1.0 1.0 1.0 1.0 0.0 1.0 1.0 1.0 1.0 1.0 
1.0 1.0 1.0 1.0 1.0 1.0 1.0 1.0 1.0 1.0 1.0 1.0 1.0 1.0 1.0 1.0 1.0 1.0 1.0 1.0 1.0 1.0 1.0 1.0 1.0 1.0 1.0 1.0 1.0 1.0 1.0 1.0 1.0 1.0 1.0 1.0 1.0 1.0 1.0 1.0 1.0 1.0 1.0 1.0 1.0 1.0 1.0 1.0 1.0 1.0 1.0 1.0 1.0 1.0 1.0 1.0 1.0 1.0 1.0 1.0 1.0 1.0 1.0 1.0 1.0 1.0 1.0 1.0 1.0 1.0 1.0 1.0 1.0 1.0 1.0 1.0 1.0 1.0 1.0 1.0 1.0 1.0 1.0 1.0 1.0 1.0 1.0 1.0 1.0 1.0 1.0 1.0 1.0 1.0 1.0 1.0 1.0 1.0 1.0 1.0 1.0 1.0 1.0 1.0 1.0 1.0 1.0 1.0 1.0 1.0 1.0 1.0 1.0 1.0 1.0 1.0 1.0 1.0 1.0 1.0 1.0 1.0 1.0 0.0 1.0 1.0 1.0 1.0 
1.0 1.0 1.0 1.0 1.0 1.0 1.0 1.0 1.0 1.0 1.0 1.0 1.0 1.0 1.0 1.0 1.0 1.0 1.0 1.0 1.0 1.0 1.0 1.0 1.0 1.0 1.0 1.0 1.0 1.0 1.0 1.0 1.0 1.0 1.0 1.0 1.0 1.0 1.0 1.0 1.0 1.0 1.0 1.0 1.0 1.0 1.0 1.0 1.0 1.0 1.0 1.0 1.0 1.0 1.0 1.0 1.0 1.0 1.0 1.0 1.0 1.0 1.0 1.0 1.0 1.0 1.0 1.0 1.0 1.0 1.0 1.0 1.0 1.0 1.0 1.0 1.0 1.0 1.0 1.0 1.0 1.0 1.0 1.0 1.0 1.0 1.0 1.0 1.0 1.0 1.0 1.0 1.0 1.0 1.0 1.0 1.0 1.0 1.0 1.0 1.0 1.0 1.0 1.0 1.0 1.0 1.0 1.0 1.0 1.0 1.0 1.0 1.0 1.0 1.0 1.0 1.0 1.0 1.0 1.0 1.0 1.0 1.0 1.0 0.0 1.0 1.0 1.0 
1.0 1.0 1.0 1.0 1.0 1.0 1.0 1.0 1.0 1.0 1.0 1.0 1.0 1.0 1.0 1.0 1.0 1.0 1.0 1.0 1.0 1.0 1.0 1.0 1.0 1.0 1.0 1.0 1.0 1.0 1.0 1.0 1.0 1.0 1.0 1.0 1.0 1.0 1.0 1.0 1.0 1.0 1.0 1.0 1.0 1.0 1.0 1.0 1.0 1.0 1.0 1.0 1.0 1.0 1.0 1.0 1.0 1.0 1.0 1.0 1.0 1.0 1.0 1.0 1.0 1.0 1.0 1.0 1.0 1.0 1.0 1.0 1.0 1.0 1.0 1.0 1.0 1.0 1.0 1.0 1.0 1.0 1.0 1.0 1.0 1.0 1.0 1.0 1.0 1.0 1.0 1.0 1.0 1.0 1.0 1.0 1.0 1.0 1.0 1.0 1.0 1.0 1.0 1.0 1.0 1.0 1.0 1.0 1.0 1.0 1.0 1.0 1.0 1.0 1.0 1.0 1.0 1.0 1.0 1.0 1.0 1.0 1.0 1.0 1.0 0.0 1.0 1.0 
1.0 1.0 1.0 1.0 1.0 1.0 1.0 1.0 1.0 1.0 1.0 1.0 1.0 1.0 1.0 1.0 1.0 1.0 1.0 1.0 1.0 1.0 1.0 1.0 1.0 1.0 1.0 1.0 1.0 1.0 1.0 1.0 1.0 1.0 1.0 1.0 1.0 1.0 1.0 1.0 1.0 1.0 1.0 1.0 1.0 1.0 1.0 1.0 1.0 1.0 1.0 1.0 1.0 1.0 1.0 1.0 1.0 1.0 1.0 1.0 1.0 1.0 1.0 1.0 1.0 1.0 1.0 1.0 1.0 1.0 1.0 1.0 1.0 1.0 1.0 1.0 1.0 1.0 1.0 1.0 1.0 1.0 1.0 1.0 1.0 1.0 1.0 1.0 1.0 1.0 1.0 1.0 1.0 1.0 1.0 1.0 1.0 1.0 1.0 1.0 1.0 1.0 1.0 1.0 1.0 1.0 1.0 1.0 1.0 1.0 1.0 1.0 1.0 1.0 1.0 1.0 1.0 1.0 1.0 1.0 1.0 1.0 1.0 1.0 1.0 1.0 0.0 1.0 
1.0 1.0 1.0 1.0 1.0 1.0 1.0 1.0 1.0 1.0 1.0 1.0 1.0 1.0 1.0 1.0 1.0 1.0 1.0 1.0 1.0 1.0 1.0 1.0 1.0 1.0 1.0 1.0 1.0 1.0 1.0 1.0 1.0 1.0 1.0 1.0 1.0 1.0 1.0 1.0 1.0 1.0 1.0 1.0 1.0 1.0 1.0 1.0 1.0 1.0 1.0 1.0 1.0 1.0 1.0 1.0 1.0 1.0 1.0 1.0 1.0 1.0 1.0 1.0 1.0 1.0 1.0 1.0 1.0 1.0 1.0 1.0 1.0 1.0 1.0 1.0 1.0 1.0 1.0 1.0 1.0 1.0 1.0 1.0 1.0 1.0 1.0 1.0 1.0 1.0 1.0 1.0 1.0 1.0 1.0 1.0 1.0 1.0 1.0 1.0 1.0 1.0 1.0 1.0 1.0 1.0 1.0 1.0 1.0 1.0 1.0 1.0 1.0 1.0 1.0 1.0 1.0 1.0 1.0 1.0 1.0 1.0 1.0 1.0 1.0 1.0 1.0 0.0 