128
36 63 36 80 83 82 22 89 30 2 86 98 61 64 23 25 81 33 91 60 49 56 57 58 30 46 66 66 90 42 87 92 83 34 74 5 31 86 17 5 4 76 97 45 17 75 72 79 67 53 8 90 35 42 99 23 31 13 19 22 36 34 23 21 12 38 14 45 46 89 69 52 2 2 48 85 82 59 92 46 4 67 35 21 99 49 72 68 44 77 25 15 96 29 6 23 26 81 94 79 75 64 59 43 33 6 76 48 99 12 2 12 41 47 12 69 4 88 95 8 68 92 78 18 81 83 75 64 
51 44 82 43 28 49 48 85 46 25 66 72 9 31 91 5 95 100 12 43 13 92 37 32 61 18 88 70 32 61 6 45 4 43 46 11 13 43 19 65 36 75 51 46 14 43 82 60 54 100 35 47 23 85 90 35 27 77 54 5 74 90 60 26 67 99 55 27 45 49 53 5 79 37 97 70 56 5 8 44 84 97 36 10 39 64 95 60 1 84 29 42 98 47 68 64 67 21 99 4 85 27 96 11 87 82 4 26 51 50 26 37 11 62 43 8 71 46 19 29 12 7 22 20 38 86 48 64 
77 90 41 76 61 67 27 64 36 59 3 75 80 25 8 82 24 16 69 95 86 20 6 56 20 89 6 46 98 46 77 72 36 84 97 10 89 76 71 77 66 77 38 60 63 93 21 54 6 44 69 2 40 37 27 44 6 31 37 57 85 28 94 45 9 75 37 11 82 62 59 83 15 64 90 15 31 26 33 25 53 35 10 76 24 21 16 46 74 83 88 6 70 62 86 78 16 4 84 86 92 26 86 42 36 22 95 81 50 2 13 94 73 30 57 65 6 99 86 25 92 80 9 55 45 57 41 71 
75 14 88 81 63 9 22 19 81 88 33 31 3 94 6 16 85 25 66 58 20 67 35 100 52 55 91 68 4 69 25 33 65 95 99 47 43 74 18 98 75 88 54 60 94 21 42 29 83 31 85 55 85 74 31 11 70 47 91 9 20 67 61 21 58 27 47 85 51 6 19 81 1 4 76 95 53 87 97 8 24 52 19 94 11 86 70 28 29 60 48 42 14 20 42 77 84 71 33 57 26 78 71 9 94 31 27 88 57 93 47 75 97 19 64 3 58 40 47 35 75 48 18 68 89 94 45 54 
90 80 41 43 22 100 51 35 75 78 35 5 3 41 48 39 70 90 67 22 29 68 51 24 99 35 89 52 37 16 49 98 2 100 22 20 41 66 97 18 95 85 55 21 78 69 96 72 17 6 57 20 43 71 62 34 40 74 17 64 51 75 52 76 11 8 18 20 18 80 23 56 17 47 51 80 26 83 100 66 86 67 95 85 14 8 28 88 7 54 34 3 82 59 80 19 15 59 14 31 12 100 30 80 22 5 3 61 1 78 92 50 26 68 92 47 3 90 79 9 69 15 25 5 76 32 96 99 
72 11 16 42 39 99 51 72 33 29 12 70 4 20 43 84 19 65 94 65 29 70 23 53 31 26 67 19 46 32 41 5 48 23 71 2 27 87 12 21 32 84 73 77 29 79 17 58 83 74 85 79 77 32 47 90 8 96 9 39 92 20 41 93 61 7 41 81 42 43 99 83 49 100 77 44 2 21 84 48 57 52 88 68 79 85 74 94 7 46 4 8 86 23 99 13 94 65 94 83 72 4 7 60 16 64 8 28 34 88 57 57 5 59 17 86 87 41 97 44 25 79 92 30 54 42 13 61 
74 45 2 4 91 72 87 9 91 96 32 59 35 2 98 7 50 89 64 78 40 42 98 84 25 33 56 99 23 2 89 65 58 17 93 1 17 61 67 98 9 58 66 47 41 38 6 91 35 63 11 95 23 41 53 54 48 82 27 44 31 39 60 46 94 98 20 66 81 62 99 32 61 75 80 71 96 70 31 85 79 20 21 98 15 54 82 94 43 7 80 62 73 75 95 1 46 25 4 69 68 93 21 17 64 77 45 84 22 9 84 29 96 80 54 3 17 62 51 34 74 78 23 9 48 22 33 27 
44 79 31 94 89 75 96 78 80 61 79 52 91 81 30 28 67 33 81 76 92 37 92 74 42 27 51 2 66 76 12 40 76 88 19 94 34 74 64 42 63 32 90 99 80 91 24 3 6 1 5 93 40 58 38 65 58 90 99 72 88 26 82 25 65 2 53 81 17 65 38 76 85 57 45 20 94 47 26 86 18 27 42 20 2 22 16 76 89 5 96 73 1 22 54 3 61 57 33 81 50 50 11 45 55 97 9 10 20 58 84 2 76 67 41 4 57 11 25 67 95 90 52 60 15 24 33 95 
33 99 7 79 95 85 79 38 31 44 100 60 4 83 40 10 6 65 22 7 92 12 39 22 77 60 90 48 8 47 94 32 24 62 86 96 66 75 56 23 4 62 68 46 75 81 60 55 63 91 29 91 60 45 46 20 35 41 53 78 73 50 55 25 23 29 46 92 45 41 36 83 39 54 84 33 7 18 43 52 2 57 60 35 59 29 85 56 78 74 46 61 74 84 34 29 93 65 32 36 85 52 11 84 16 53 93 73 42 9 46 41 43 76 53 42 19 64 12 59 93 97 40 54 13 52 46 80 
28 8 97 89 83 22 68 65 7 66 45 94 64 33 3 27 7 3 33 25 81 31 6 74 67 85 68 42 28 24 32 68 20 90 51 76 30 66 80 4 86 17 22 7 82 75 87 86 8 54 87 88 9 28 24 18 12 13 42 36 5 99 67 9 65 75 8 67 26 74 7 76 37 67 58 21 27 1 47 45 99 31 58 50 49 90 14 18 6 66 99 35 81 26 16 45 69 27 44 86 11 10 77 68 69 26 70 63 30 15 71 7 82 85 54 18 55 92 59 90 22 2 23 18 14 98 37 69 
12 77 35 44 45 6 41 5 41 83 23 91 31 87 82 3 43 45 74 21 30 57 28 75 75 79 40 4 93 26 56 26 1 65 68 49 20 12 93 25 12 80 56 79 64 12 14 81 63 68 69 15 87 91 15 79 57 27 30 46 2 14 10 65 69 72 71 28 49 12 54 4 85 7 91 13 49 13 52 78 90 54 34 52 26 78 44 52 78 36 44 36 81 62 26 94 91 43 27 70 46 92 84 7 77 47 35 27 86 16 84 9 91 28 79 91 55 14 59 92 36 99 76 41 5 84 55 47 
73 69 82 69 74 74 93 94 88 92 92 95 54 4 96 31 15 78 23 42 46 64 86 14 94 1 63 95 35 16 44 56 47 23 34 48 25 49 79 95 64 30 36 39 95 41 98 75 48 48 30 15 84 83 39 68 29 73 15 10 18 59 89 18 95 84 47 52 22 46 63 82 75 45 57 55 59 66 70 85 4 6 20 61 8 28 66 86 45 3 55 61 25 19 88 64 41 16 98 68 25 93 71 90 36 87 98 47 47 49 75 92 48 65 83 89 35 71 21 89 60 51 93 42 85 57 28 63 
19 51 75 75 70 28 92 79 19 7 98 18 24 99 78 16 45 61 100 61 44 87 93 75 84 96 47 12 40 23 96 36 84 30 18 1 64 10 82 17 12 70 19 42 60 69 7 58 78 22 18 65 42 27 66 78 73 83 8 47 39 77 15 1 37 4 74 66 100 77 18 57 32 14 90 20 80 62 99 29 78 77 61 80 2 88 40 73 59 74 5 65 46 60 96 49 8 68 8 70 44 16 54 98 43 91 3 75 93 75 55 96 55 79 62 61 32 75 27 34 15 58 92 72 68 59 55 79 
17 68 11 51 88 48 46 43 90 5 9 27 24 50 36 39 33 27 100 46 1 85 69 45 54 41 88 21 53 56 82 75 28 66 95 76 61 7 59 36 29 24 74 67 53 51 73 18 33 14 63 52 72 16 18 63 37 10 99 27 94 45 31 61 44 99 47 37 61 54 80 76 23 43 25 21 18 72 14 93 70 25 92 27 28 9 84 57 14 75 90 45 16 11 25 93 44 20 4 14 56 80 55 6 100 34 35 80 92 26 30 9 89 84 18 85 66 14 10 50 92 4 39 51 39 16 74 63 
93 93 38 57 14 46 69 19 11 64 93 81 60 49 79 12 21 88 74 15 35 79 53 76 94 22 43 88 6 70 68 98 37 46 40 37 24 88 25 23 1 18 57 4 8 96 16 38 100 55 74 100 82 68 47 22 26 4 69 89 40 20 56 91 40 67 70 65 63 8 12 47 91 31 31 45 66 57 40 84 35 8 30 95 14 74 29 1 47 32 43 25 97 59 32 11 49 63 85 36 78 21 48 46 57 60 72 65 68 1 94 65 29 19 29 14 63 85 33 11 35 100 23 6 46 52 36 20 
50 70 44 41 100 98 96 56 52 67 50 5 70 48 70 67 12 58 85 65 73 25 80 82 100 14 26 23 92 90 78 42 22 77 51 68 60 57 96 38 39 66 21 94 25 16 87 82 41 98 78 85 28 3 6 8 68 74 70 91 39 33 39 81 36 99 64 59 76 52 72 81 99 97 92 95 22 39 88 20 73 61 85 61 19 86 56 34 84 31 91 16 85 79 86 76 45 87 43 91 95 50 92 17 58 10 17 87 34 71 54 4 31 70 31 8 22 33 90 66 6 32 93 87 53 51 69 97 
76 75 11 99 27 59 53 74 69 68 84 89 63 50 24 88 6 80 5 40 36 5 55 53 57 9 25 9 78 84 63 63 39 91 54 62 99 53 8 72 96 86 38 20 95 16 50 32 25 81 51 40 84 2 69 17 7 89 93 67 80 62 63 59 25 79 80 80 40 21 35 40 58 29 85 52 34 8 61 44 99 41 27 15 5 3 84 27 57 63 66 15 5 55 91 54 49 7 32 45 57 17 52 80 43 40 81 97 68 38 18 72 3 47 62 80 44 4 38 18 89 16 58 18 36 6 65 3 
39 100 6 80 30 13 28 77 7 42 60 90 56 39 35 58 39 12 51 84 68 4 47 15 13 58 88 66 53 81 17 45 86 41 14 76 35 58 35 97 97 23 18 98 79 94 1 22 5 11 70 51 60 19 8 41 67 47 72 81 44 95 97 80 41 41 9 19 61 17 88 39 59 57 46 46 5 67 75 50 26 29 89 31 70 96 58 6 30 55 62 18 19 56 60 74 41 52 93 15 18 100 19 87 26 30 16 77 22 47 9 17 13 38 81 64 38 98 63 36 38 99 37 44 90 26 63 36 
8 74 13 75 4 86 79 38 5 55 99 12 13 1 96 31 7 27 67 3 24 44 86 8 65 52 50 22 10 78 71 55 67 67 12 64 81 18 67 82 5 72 55 89 46 47 100 54 22 14 23 80 29 34 77 61 15 13 81 87 39 87 9 16 13 7 21 77 15 39 18 59 26 52 69 96 95 91 50 52 6 36 1 32 16 68 41 49 45 34 68 69 38 17 33 47 5 67 97 27 71 37 22 91 56 8 34 90 65 13 99 41 25 21 33 80 44 96 5 34 42 50 42 91 96 83 90 32 
60 72 92 82 52 85 9 52 7 11 22 37 60 95 38 100 24 48 78 40 17 48 3 90 6 65 92 62 39 57 100 74 64 32 81 6 57 2 52 45 48 82 22 71 53 83 61 43 76 78 58 46 95 93 7 3 63 37 34 13 94 15 22 90 27 1 23 25 27 99 56 13 16 65 37 90 48 77 34 100 58 88 23 42 44 96 34 7 89 71 70 8 4 93 100 65 100 67 94 35 34 68 45 23 75 49 81 30 56 30 4 2 90 34 72 92 21 76 4 95 48 10 34 83 57 46 80 39 
31 71 68 80 44 36 58 91 100 61 30 63 65 44 46 18 58 78 29 22 59 79 41 26 30 10 61 79 7 58 82 18 61 10 8 3 5 96 13 2 73 100 30 43 73 66 86 71 59 89 93 63 82 79 5 26 52 74 71 50 78 70 33 45 72 53 95 76 25 82 88 29 66 61 4 21 60 30 31 95 60 76 38 6 89 42 83 45 74 58 70 82 95 47 26 64 89 43 87 90 80 78 86 78 89 28 44 51 27 8 49 18 74 66 13 92 21 46 94 81 76 41 57 68 26 28 13 43 
93 1 10 91 49 18 66 97 45 96 99 69 77 87 12 69 27 89 85 32 59 87 3 19 40 85 1 49 24 10 72 2 54 28 56 86 78 4 54 26 92 7 30 18 2 13 22 19 85 44 51 24 44 4 51 46 70 72 20 88 20 20 67 75 63 31 65 29 41 48 74 45 29 1 95 22 34 2 57 93 24 21 79 70 92 2 73 18 4 74 86 50 37 24 77 42 59 73 58 7 9 99 6 12 17 5 59 17 53 90 8 96 81 88 79 81 95 10 78 11 47 14 2 9 90 78 23 63 
90 16 3 48 44 43 91 51 34 99 61 24 8 81 25 43 27 3 80 51 56 99 96 49 15 57 61 5 53 74 43 38 94 42 16 84 89 2 48 44 63 73 59 39 89 56 68 35 63 59 82 20 42 63 80 51 73 69 24 30 75 78 99 62 96 44 30 57 36 5 6 94 64 23 67 17 39 64 23 52 94 51 68 94 37 1 71 29 55 33 10 88 76 69 83 57 80 70 17 77 19 21 86 77 20 16 57 53 49 26 1 92 98 7 56 54 41 59 82 51 70 8 33 27 17 19 25 29 
41 85 10 35 15 44 76 93 71 20 27 62 34 33 41 6 34 8 39 84 67 40 78 75 66 8 95 47 9 9 39 88 22 23 70 3 72 68 10 98 31 6 10 66 5 98 23 28 73 94 7 39 89 62 89 52 25 62 30 11 28 52 35 69 5 5 25 36 31 67 75 51 76 6 53 70 95 25 66 16 73 49 69 89 48 97 26 24 76 75 70 78 94 20 3 67 1 7 39 68 1 21 66 21 90 30 95 45 98 31 89 23 11 87 15 5 73 50 84 97 51 20 18 84 79 87 9 54 
91 78 96 21 29 78 22 98 72 56 42 98 23 79 64 70 29 31 37 13 57 24 31 80 88 9 35 20 67 49 39 77 15 46 99 77 56 2 39 5 17 10 98 44 19 74 48 28 44 82 92 93 66 62 13 65 91 66 6 38 49 79 49 26 88 27 90 66 37 91 88 92 23 93 61 69 97 46 47 48 84 1 92 85 36 44 41 75 68 35 59 11 82 77 50 28 50 22 14 26 73 60 53 29 47 38 35 26 2 33 78 76 27 18 67 67 21 69 89 17 56 35 95 66 88 76 1 21 
26 49 91 15 56 20 61 22 80 59 66 99 85 38 63 18 36 74 93 87 10 34 83 66 63 6 24 81 16 90 62 74 19 42 62 52 47 87 97 74 90 68 53 37 100 83 79 35 97 13 53 9 11 42 69 75 10 66 3 14 4 11 27 100 1 9 77 85 37 97 26 19 33 15 77 26 75 77 75 33 70 45 19 65 48 71 50 73 22 25 13 90 28 37 85 26 80 32 61 37 72 41 66 82 6 1 71 71 43 24 78 64 84 90 58 60 57 65 42 53 29 12 16 78 55 38 48 87 
96 38 37 1 14 50 81 12 31 56 55 16 9 1 68 23 33 97 1 85 35 78 46 82 67 62 59 8 21 99 77 53 3 19 75 12 51 95 69 75 21 63 79 26 20 89 65 95 38 86 88 94 53 88 39 60 85 92 78 51 49 87 39 7 12 23 57 1 32 51 95 59 88 33 28 10 44 40 23 55 87 31 65 51 36 10 82 49 5 90 96 43 66 83 89 9 35 12 92 22 95 87 46 82 49 46 20 98 45 35 74 71 89 92 72 54 44 42 20 53 15 38 10 3 11 46 57 8 
95 50 62 56 83 14 21 98 51 71 36 47 47 39 70 27 23 32 12 40 31 28 34 36 24 61 61 2 99 62 73 18 88 57 83 1 33 82 71 46 98 21 25 97 4 6 59 17 13 14 49 95 98 70 55 68 46 3 45 60 92 64 18 50 48 9 72 45 46 92 6 60 96 76 35 29 55 92 21 60 23 23 32 56 67 70 83 22 11 47 24 63 34 81 97 47 59 42 70 93 80 31 13 97 20 58 67 79 45 51 15 62 34 88 85 87 99 75 38 66 65 23 85 81 82 84 10 98 
35 88 7 18 89 52 67 38 41 86 24 69 85 25 78 53 52 8 71 61 7 48 26 23 11 48 36 61 73 93 53 87 94 89 69 69 86 19 34 54 19 18 65 78 82 67 18 11 1 8 23 54 88 79 42 89 8 45 27 53 14 96 85 81 91 94 32 71 85 79 96 25 18 79 35 14 36 59 7 61 51 62 71 24 83 40 5 83 90 23 23 96 94 89 24 81 64 21 61 64 3 29 66 85 30 58 42 34 20 48 68 76 81 9 31 94 74 100 25 19 62 47 29 21 94 100 8 46 
88 68 3 6 35 47 39 71 30 19 36 38 68 44 10 54 58 48 93 37 25 70 14 69 12 26 36 48 89 78 35 85 35 19 72 51 56 91 56 78 86 30 36 54 91 93 59 74 92 83 89 6 37 52 73 14 3 29 31 2 8 46 88 59 47 37 18 60 65 95 43 31 13 73 35 84 12 31 24 38 82 9 25 61 65 19 62 18 89 25 17 35 71 92 26 60 100 80 96 49 2 66 56 1 47 93 80 55 46 39 90 53 51 9 36 16 19 10 3 65 27 13 6 51 26 93 57 26 
59 5 54 28 61 79 65 95 4 99 28 29 77 10 99 17 89 15 6 96 73 68 30 11 93 57 25 55 56 59 10 33 58 66 98 59 35 97 21 82 22 51 89 50 95 46 44 84 31 76 19 87 49 92 63 42 91 61 31 68 29 4 44 20 35 30 59 71 64 1 73 58 70 53 84 97 42 5 50 53 52 27 92 8 38 91 61 9 29 95 35 76 56 16 85 83 7 25 84 8 48 42 56 62 89 4 21 24 87 100 43 91 93 99 31 22 19 6 63 19 25 4 13 70 97 43 96 95 
26 58 54 3 2 48 58 52 66 27 6 46 18 37 41 75 85 28 60 36 54 98 31 31 13 6 32 65 68 61 5 32 81 59 49 63 90 72 91 9 6 68 4 35 12 11 46 35 51 76 94 85 91 2 85 25 78 99 63 55 88 71 48 59 51 87 14 96 90 88 62 13 78 43 90 7 86 1 62 8 73 30 79 97 41 43 56 9 42 32 92 16 43 64 38 7 11 96 76 38 28 47 84 94 37 28 15 9 30 81 4 63 22 31 68 68 7 69 51 77 49 22 95 78 87 19 52 81 
42 25 48 19 80 20 36 84 19 20 58 82 42 51 70 73 25 45 64 20 61 33 69 93 47 93 55 67 90 2 66 99 84 4 35 38 67 12 20 76 23 14 77 26 69 17 48 40 47 13 4 79 1 34 86 73 73 49 4 96 28 84 87 43 83 57 50 57 42 89 96 32 94 68 51 30 69 78 97 55 20 80 41 50 15 43 77 24 77 65 6 35 69 16 74 33 94 14 60 81 55 78 68 73 50 51 78 53 95 90 21 20 96 83 30 53 13 18 16 75 49 70 27 21 98 5 83 59 
19 92 32 76 53 18 84 81 16 12 61 48 55 98 3 93 12 88 36 55 100 59 61 87 92 54 57 75 91 40 69 58 63 86 5 90 1 9 53 11 65 87 71 15 80 85 71 39 18 82 35 20 31 42 59 23 73 100 86 54 6 74 93 60 75 82 83 25 89 95 32 22 66 35 67 25 81 40 55 80 57 68 86 70 91 59 85 34 71 76 39 54 23 80 3 42 52 35 46 39 47 43 16 61 34 43 50 94 73 16 71 88 88 67 77 7 46 16 1 19 77 99 25 81 36 9 19 8 
46 92 74 63 95 68 6 29 100 89 20 27 91 70 16 82 28 54 45 93 16 49 69 34 98 5 98 72 84 3 54 15 35 41 77 76 63 34 87 92 37 30 8 14 86 11 76 40 69 61 91 52 47 98 71 84 62 3 64 91 1 9 63 85 33 54 17 15 44 65 94 58 15 10 63 8 21 74 25 62 97 24 93 18 60 35 79 27 96 26 100 8 4 60 49 74 58 66 74 85 48 46 35 3 66 5 38 57 42 37 78 47 55 45 92 10 98 8 98 22 61 2 35 14 62 13 71 99 
71 78 67 31 19 64 2 56 4 55 80 85 49 90 8 70 52 15 60 38 70 34 35 98 95 14 33 37 77 87 96 74 82 87 75 7 75 96 50 7 21 71 51 20 35 62 28 88 61 99 31 46 9 9 39 30 57 61 91 82 31 28 90 71 53 60 17 56 97 5 96 26 38 28 64 1 91 78 65 47 16 2 61 47 57 67 54 73 87 91 47 49 96 78 48 79 8 88 39 82 77 97 67 87 86 59 92 23 17 76 77 69 30 35 9 92 66 84 17 81 99 93 83 95 62 74 94 26 
42 31 37 35 45 6 24 18 9 39 41 71 96 50 14 51 44 36 45 95 77 42 50 25 25 43 65 36 91 57 29 98 70 92 80 4 20 32 61 38 31 85 13 32 99 14 48 81 27 68 15 16 86 34 90 16 15 23 32 12 70 21 18 97 2 20 42 46 32 43 29 4 77 98 90 53 35 30 24 46 1 28 1 5 42 40 97 53 5 48 74 51 21 39 29 43 86 46 8 4 27 69 43 63 15 25 84 54 94 7 40 37 30 91 45 66 54 1 31 71 35 100 50 58 13 53 93 20 
98 13 70 59 14 13 79 16 41 90 60 16 100 58 41 20 39 43 61 67 43 69 74 32 33 57 28 93 69 15 18 85 48 42 74 44 44 7 89 21 79 3 18 76 44 73 56 48 20 34 74 90 31 83 28 86 83 5 40 39 81 91 21 95 37 51 85 13 86 72 73 69 11 91 89 68 98 68 32 45 81 2 83 52 65 3 48 99 100 73 45 7 76 60 65 12 81 74 40 36 82 47 60 13 49 69 70 10 6 86 62 31 12 21 62 45 89 81 31 76 81 51 19 1 92 35 41 52 
30 66 48 93 85 49 36 81 25 3 55 16 32 68 1 23 60 47 25 12 82 34 55 77 61 51 54 3 69 76 7 68 10 99 70 1 66 30 13 7 100 57 66 55 43 85 23 19 3 89 81 95 43 31 43 33 45 51 61 92 54 21 38 39 95 37 83 28 64 10 91 75 61 31 90 15 80 60 80 98 78 58 9 18 4 53 98 24 83 61 79 42 1 29 60 48 2 11 53 44 31 60 68 49 79 58 13 8 5 52 84 85 83 8 92 34 21 4 94 19 18 92 85 69 18 34 35 15 
31 86 45 29 26 70 57 99 95 99 49 65 39 31 43 72 58 42 1 8 36 58 38 91 55 59 14 57 46 34 95 68 34 93 96 93 67 83 3 57 38 92 67 73 25 20 70 65 15 70 42 16 59 42 71 92 21 54 84 96 70 30 68 8 10 50 84 27 4 43 91 29 60 89 54 4 48 75 46 88 65 92 77 46 49 12 49 31 88 9 17 38 67 78 11 46 6 68 79 11 28 76 91 39 96 34 76 78 75 17 86 12 33 94 1 42 11 86 67 59 61 6 84 67 75 44 12 69 
13 96 15 26 71 71 82 25 16 9 95 37 93 3 79 69 70 30 33 43 68 65 38 76 53 75 100 86 88 13 72 53 77 81 81 32 73 50 59 7 23 50 67 84 89 1 99 52 12 24 89 60 48 52 40 48 9 5 95 53 39 6 30 12 37 23 33 64 55 17 22 82 20 23 55 40 11 20 83 18 70 70 28 59 98 44 45 8 97 35 1 82 96 11 10 16 32 26 79 87 34 41 85 59 55 2 27 47 43 37 11 30 49 13 97 14 64 15 28 44 60 60 73 47 62 6 62 51 
57 86 36 89 37 54 10 95 73 69 47 96 88 64 64 61 73 81 59 41 90 97 5 29 56 95 3 39 71 82 100 18 2 82 47 85 85 50 62 96 43 20 65 50 86 92 12 5 10 27 33 36 65 44 56 83 38 51 3 5 11 26 76 46 95 49 44 67 63 77 32 47 80 95 98 88 20 62 15 100 36 96 92 3 38 46 87 60 92 60 68 10 86 40 37 33 68 70 51 100 42 86 82 66 75 79 89 16 31 17 96 2 2 77 8 3 85 27 97 64 10 44 88 7 62 49 25 69 
36 40 75 80 85 44 44 55 93 44 91 38 49 54 27 45 60 11 95 50 91 22 40 81 46 29 26 28 8 64 49 85 47 87 84 10 44 19 97 49 31 61 38 27 94 25 8 15 84 38 84 12 16 6 73 70 33 74 39 89 69 53 58 56 51 90 34 96 63 24 47 32 76 29 68 5 6 93 77 93 17 8 9 31 61 24 41 72 78 98 11 37 85 63 53 85 34 44 73 73 31 3 9 60 6 50 16 31 80 11 86 22 18 90 34 81 53 28 28 48 59 28 8 5 40 26 41 11 
4 50 90 40 74 19 72 98 60 87 59 68 3 93 20 100 43 38 25 61 4 2 67 7 56 3 77 48 92 99 42 99 63 11 81 22 71 35 48 57 87 14 26 13 71 68 11 14 34 70 76 20 20 80 26 81 8 100 40 9 33 89 8 84 59 58 90 33 62 90 74 44 21 71 9 94 71 98 43 91 66 48 83 64 54 40 26 18 35 53 81 39 89 73 53 76 21 26 26 33 87 40 3 27 35 41 18 15 57 75 25 47 42 35 43 22 98 67 82 68 84 92 91 94 51 1 9 59 
63 77 82 64 58 4 72 63 76 23 26 30 44 29 8 5 61 92 1 95 98 71 47 83 77 79 80 69 42 38 18 91 33 32 72 32 85 25 78 38 77 12 65 53 3 80 36 83 64 48 7 66 69 79 69 99 86 13 6 62 24 35 75 84 2 32 89 61 21 30 68 85 56 67 36 20 35 82 8 59 63 36 55 93 71 26 95 91 36 44 82 44 17 21 84 8 37 100 11 90 66 51 64 99 11 8 28 82 32 79 29 57 69 15 12 8 20 10 94 98 25 1 58 27 100 87 39 90 
71 30 36 17 40 8 34 74 32 19 100 36 34 49 32 10 30 68 26 77 9 22 33 50 22 67 30 73 6 76 7 99 36 22 95 97 21 48 72 23 69 43 15 69 54 39 84 57 86 82 33 68 69 52 77 58 12 28 72 94 82 99 90 20 30 55 52 62 65 69 81 12 9 18 89 86 79 32 27 45 26 92 94 43 39 10 89 66 62 19 86 56 90 33 70 12 38 82 82 9 59 80 80 28 38 29 9 13 82 49 31 3 62 96 97 28 100 69 21 76 33 75 68 9 41 60 54 1 
44 42 22 31 78 62 44 16 57 65 81 11 87 73 36 28 3 75 89 85 87 42 41 70 33 60 11 27 13 25 88 95 3 11 55 77 54 78 62 98 65 31 73 95 80 13 95 8 17 25 34 77 87 25 33 47 87 43 79 83 11 56 70 80 8 10 70 5 31 26 6 30 58 60 8 11 90 47 23 23 20 90 86 2 23 3 17 75 3 16 67 26 67 36 23 85 77 47 39 68 15 83 70 69 54 91 95 65 96 67 34 43 98 41 26 94 84 97 95 87 67 3 18 61 24 36 37 68 
17 65 14 29 29 44 33 73 69 100 56 51 26 77 17 16 55 23 54 35 39 96 68 20 50 52 22 47 12 33 61 7 81 42 8 57 36 96 59 21 9 52 65 84 24 33 40 28 35 59 64 12 41 22 87 15 93 69 46 29 95 56 43 45 40 11 20 75 95 47 84 63 33 70 48 31 8 43 79 66 3 38 70 3 15 76 66 96 32 2 82 39 73 52 51 68 82 20 68 49 88 40 66 27 88 76 24 7 56 84 57 47 62 43 5 25 48 97 88 1 74 68 23 61 31 67 45 7 
57 83 24 35 59 68 16 50 19 20 92 67 23 2 100 98 66 7 17 90 27 92 64 46 85 92 6 69 64 43 35 15 68 65 64 55 49 73 91 21 18 72 62 37 88 11 89 1 29 29 45 49 18 7 88 64 99 77 59 85 76 38 83 39 82 60 14 39 80 1 68 73 18 71 18 26 43 15 66 30 29 67 70 85 100 11 98 7 41 23 91 13 80 39 75 49 4 57 96 48 67 46 7 86 10 61 59 78 71 56 22 88 62 91 32 80 34 19 66 96 35 97 74 52 35 18 51 44 
32 86 14 35 92 66 24 71 92 31 44 80 20 30 99 52 79 87 87 18 8 42 36 100 84 37 17 85 100 6 45 31 92 86 73 9 42 56 68 17 19 3 4 45 60 29 4 63 51 60 17 81 91 21 2 28 72 4 54 22 91 36 63 51 12 94 14 14 52 17 68 48 82 87 56 42 5 41 67 66 50 43 68 59 69 47 90 80 82 10 11 14 82 69 49 12 45 87 55 73 79 7 35 93 12 92 91 85 38 89 34 78 80 84 40 52 47 80 55 21 70 20 44 11 37 69 39 6 
89 64 11 86 9 23 8 78 7 40 96 26 6 59 10 3 67 91 1 67 1 82 55 47 27 26 43 43 5 89 88 45 35 23 98 61 56 18 8 96 65 51 72 59 92 35 12 51 11 86 51 34 8 47 63 9 80 21 56 20 27 29 3 40 82 9 94 69 76 16 95 83 26 3 54 73 93 55 28 54 24 7 94 30 45 19 58 29 57 43 58 99 69 14 54 19 32 25 42 44 45 22 32 52 69 21 27 7 30 41 90 65 20 79 76 1 44 42 23 83 52 41 59 41 61 98 36 33 
6 52 27 66 77 74 17 84 39 21 24 66 2 76 62 73 52 9 52 20 36 34 44 60 64 59 33 3 88 2 28 49 55 53 77 44 24 82 89 67 88 43 68 90 43 17 30 56 36 48 98 82 30 52 92 12 19 11 20 27 84 76 99 1 12 83 73 38 99 53 19 54 78 1 96 73 8 85 81 24 80 51 33 37 38 98 44 26 84 29 99 22 8 33 87 45 8 70 8 91 36 22 56 64 96 21 45 30 72 58 51 70 63 72 39 21 87 37 83 82 33 46 33 13 77 53 84 26 
42 43 53 71 73 54 81 28 35 91 76 14 42 13 36 44 50 25 29 69 80 62 77 80 17 52 13 32 100 9 74 28 91 1 10 94 14 65 64 1 20 75 79 97 54 74 61 41 27 61 49 60 85 69 82 7 47 76 24 66 80 8 74 9 42 53 8 43 66 78 21 93 43 69 11 8 51 46 22 6 33 96 16 1 97 9 52 53 48 13 57 88 80 89 44 55 56 77 6 70 86 15 55 60 57 97 53 51 29 79 62 65 63 26 64 94 85 3 78 82 30 12 7 61 22 44 1 55 
90 78 86 18 32 97 19 76 69 63 84 63 22 92 96 70 62 10 31 49 68 84 47 83 65 22 60 42 92 72 42 12 20 35 63 45 100 51 37 91 59 72 22 45 69 15 21 60 98 21 2 10 98 36 58 53 57 51 93 66 42 2 45 70 68 37 3 45 35 48 87 75 8 20 55 83 70 47 80 99 87 94 74 7 27 76 74 52 43 22 1 20 27 68 21 33 32 51 2 33 81 83 27 85 6 60 92 76 60 21 37 49 97 68 19 11 2 62 17 74 11 64 87 29 85 79 32 21 
99 67 39 43 2 53 98 36 69 100 48 62 3 80 52 62 37 46 98 49 19 70 98 49 63 16 49 27 62 10 62 15 69 59 22 38 1 34 52 77 12 14 65 85 81 14 24 32 77 78 85 50 58 13 68 90 3 62 96 28 21 14 21 52 96 83 88 16 33 65 7 59 11 21 68 55 20 33 74 68 4 62 29 50 87 15 14 85 76 31 33 56 79 6 5 20 11 33 85 36 44 3 81 57 39 3 87 25 47 62 75 89 76 38 49 52 67 67 24 99 57 6 7 64 8 84 81 15 
47 63 71 19 89 76 86 86 60 16 41 21 34 53 29 13 49 25 14 59 35 55 89 80 44 56 10 30 79 41 65 67 54 26 2 98 68 40 34 36 84 53 6 95 53 93 27 39 92 44 91 19 40 76 4 36 60 28 15 83 53 54 34 17 19 45 69 5 4 4 13 62 72 22 37 21 33 15 87 84 75 56 40 50 47 50 76 29 82 19 83 79 100 11 90 74 66 82 53 30 37 25 67 72 90 68 2 42 69 32 24 62 58 6 78 8 29 12 28 73 48 30 18 74 79 33 74 78 
42 10 91 65 68 67 80 92 18 38 5 89 54 31 21 89 69 77 99 67 19 26 83 16 18 88 31 17 22 12 89 48 66 99 79 7 46 72 20 83 11 41 36 28 55 47 86 82 38 43 40 70 63 24 15 91 69 61 20 28 77 36 3 64 40 89 48 3 48 81 95 25 60 47 66 52 18 83 12 93 75 10 86 87 7 79 60 4 33 27 32 90 16 19 27 48 29 88 49 20 9 43 41 21 91 17 73 73 82 37 15 81 24 11 56 19 33 86 37 51 60 92 56 100 24 57 91 54 
100 57 64 54 40 54 10 50 95 84 72 48 90 57 53 97 66 91 7 78 40 56 20 70 21 4 95 44 1 64 38 33 34 99 11 43 95 72 3 63 84 32 4 95 16 32 9 24 98 20 100 35 42 42 35 55 53 58 41 41 85 46 17 68 43 45 27 12 29 85 31 55 82 63 87 51 81 63 36 72 68 83 99 43 50 96 76 14 75 72 33 98 52 82 13 41 6 63 72 29 8 80 14 42 31 40 8 47 26 64 42 36 57 85 57 56 96 2 77 20 13 46 12 23 35 24 81 91 
32 16 18 73 96 56 89 32 16 46 58 40 78 36 32 97 85 34 73 84 8 98 73 40 1 8 56 98 50 81 16 67 74 32 72 87 30 28 42 35 12 44 94 13 36 80 49 75 13 68 68 14 14 18 55 48 70 96 23 22 10 22 38 5 41 38 62 73 61 36 26 7 56 98 33 57 70 90 67 86 5 34 72 17 86 69 16 99 29 28 100 38 56 85 45 19 64 21 90 46 27 33 17 62 67 67 84 11 12 81 92 46 69 97 67 60 88 85 13 77 75 8 96 23 40 90 41 53 
10 79 62 25 18 88 5 60 57 32 37 52 92 71 91 75 20 19 6 35 81 96 1 64 86 51 28 32 71 1 91 28 32 57 44 79 3 19 100 55 12 24 78 57 6 73 52 65 84 65 90 66 20 6 75 66 26 100 28 29 80 9 90 48 43 70 45 18 6 79 35 54 8 21 21 57 78 66 3 9 61 62 31 89 4 34 97 30 99 60 34 66 69 99 60 34 58 26 46 54 68 37 89 54 43 80 82 98 80 85 48 66 23 18 76 9 36 1 89 10 27 37 46 61 66 96 2 59 
48 20 73 95 38 79 49 54 75 77 69 34 13 77 50 84 14 97 37 20 44 28 96 92 77 10 33 52 37 48 2 62 88 74 88 31 92 20 59 28 13 47 60 16 52 57 2 58 9 49 85 21 30 27 5 7 43 26 74 89 3 8 94 41 34 82 97 88 89 51 27 83 59 73 98 93 46 52 9 69 17 76 32 38 33 59 61 77 36 65 58 95 35 99 49 50 53 4 59 55 93 18 78 22 2 88 38 44 78 5 41 28 93 72 60 5 41 90 80 4 3 74 73 64 75 50 12 36 
78 48 46 85 35 9 32 58 60 95 56 84 35 49 79 29 2 61 54 90 94 36 79 5 86 73 82 24 10 56 20 9 76 18 6 70 8 68 48 38 59 10 45 78 83 1 15 84 11 63 61 99 46 14 100 40 69 14 75 3 97 23 5 82 82 13 27 6 90 19 70 85 51 3 28 47 91 27 68 72 23 44 26 43 9 80 43 49 62 62 100 70 92 46 87 86 46 51 14 62 59 67 58 26 65 94 72 8 61 58 67 81 64 64 51 18 76 10 87 69 97 64 21 4 84 95 89 81 
8 11 20 84 65 34 90 60 33 74 31 99 99 62 46 94 50 3 49 73 72 22 70 80 24 15 2 37 37 19 54 44 43 27 87 74 60 30 93 8 66 65 1 4 70 91 98 7 65 45 94 18 71 67 23 53 94 56 76 96 71 55 47 95 12 6 78 1 90 63 14 33 71 97 94 51 72 17 78 98 39 5 37 74 10 67 46 44 85 55 37 41 34 100 71 94 61 45 54 86 37 61 33 11 32 57 66 98 97 33 75 34 35 43 99 59 9 33 18 38 91 13 38 65 8 75 7 68 
75 85 70 78 49 100 50 11 56 41 46 72 55 32 69 20 99 48 5 11 32 28 74 25 60 37 40 2 49 96 23 51 1 19 52 64 33 43 17 28 79 19 69 41 41 67 11 99 32 27 94 76 89 32 71 58 52 33 86 9 26 60 97 90 50 20 34 65 19 10 13 80 14 39 56 69 84 54 9 4 53 5 48 83 16 10 41 84 13 69 3 84 93 79 52 100 22 30 30 90 84 64 76 43 19 29 77 91 90 18 60 87 12 34 5 88 37 31 43 62 20 94 33 6 58 97 78 71 
37 53 31 21 89 28 33 85 67 65 36 22 72 32 89 11 98 40 37 30 91 48 76 95 53 46 29 33 26 97 58 93 64 19 65 34 16 23 70 39 32 78 55 15 90 87 50 5 97 72 40 73 72 24 2 28 64 78 86 48 80 73 11 50 63 35 96 94 7 81 89 29 86 39 25 58 94 70 40 65 78 26 4 54 87 64 45 27 2 21 93 21 53 27 40 97 79 63 29 99 53 61 74 39 68 25 23 84 55 51 1 47 65 47 15 20 39 33 6 37 21 60 31 27 89 24 97 9 
56 61 62 66 48 81 36 24 97 30 33 36 62 25 52 42 40 26 58 23 55 100 83 1 9 37 57 5 54 35 30 26 59 80 50 63 11 37 42 100 8 84 39 17 19 13 30 98 40 59 73 69 65 66 47 99 59 14 31 99 7 44 85 42 90 90 40 53 36 23 60 26 68 86 24 39 75 6 2 15 15 40 2 35 67 44 69 64 19 96 19 55 97 7 3 11 50 54 32 36 95 65 29 67 29 43 40 97 86 47 23 64 50 38 80 47 3 32 98 42 91 49 95 83 71 13 74 92 
71 9 45 63 20 24 98 35 90 60 15 61 57 45 31 3 39 62 61 13 70 56 60 70 31 39 43 52 84 83 36 18 97 68 73 10 22 73 7 44 85 93 58 9 38 37 45 64 82 91 36 3 10 67 44 98 74 7 6 97 79 85 26 42 14 20 45 28 35 24 14 49 48 99 27 64 71 63 1 11 95 70 38 33 64 76 90 21 83 44 79 63 96 81 72 53 40 62 97 45 86 100 41 61 48 49 24 22 80 98 94 48 44 95 5 16 93 14 76 24 2 77 40 91 15 85 42 96 
23 79 50 66 16 3 2 19 15 46 37 17 18 14 47 91 57 46 4 68 3 25 94 69 76 32 73 90 74 37 22 46 54 49 28 28 7 73 67 49 12 74 93 9 46 83 49 49 54 25 69 29 4 50 75 39 46 50 69 4 9 32 45 90 35 49 65 6 83 74 82 29 94 1 24 3 53 47 27 8 83 83 66 54 25 36 34 18 29 76 88 25 59 46 96 24 13 53 40 65 76 90 83 53 28 68 29 87 87 64 16 24 5 66 49 71 95 30 26 40 55 48 22 97 17 83 81 32 
44 16 64 8 67 7 54 44 82 81 83 48 36 13 38 25 69 21 88 35 72 28 97 54 36 73 70 40 84 42 18 1 13 70 27 63 60 64 77 73 12 48 91 18 78 62 36 71 29 32 48 19 28 70 46 95 96 44 73 72 46 80 18 64 5 37 23 51 58 38 57 32 86 23 98 36 69 23 82 24 70 90 15 30 99 31 12 73 3 4 15 26 13 22 7 33 15 21 12 49 43 63 36 86 63 18 82 93 95 36 85 100 41 24 78 78 74 55 83 72 6 7 79 79 6 36 37 80 
26 78 51 61 18 45 73 31 54 22 54 90 50 42 31 99 4 54 15 28 87 61 45 28 46 9 76 39 70 28 53 12 62 8 77 21 22 95 68 100 9 59 41 36 10 43 89 33 66 31 73 7 45 26 76 68 66 89 57 56 53 71 30 25 84 79 43 40 8 28 63 60 56 15 60 96 18 59 100 27 80 64 92 16 31 33 97 76 97 8 62 85 98 53 35 35 2 68 69 95 74 65 76 7 42 51 18 45 70 60 10 35 69 75 95 59 4 71 11 34 57 92 62 26 92 32 100 97 
4 47 32 29 66 41 62 89 25 62 16 6 55 60 57 85 21 57 96 22 25 80 76 26 74 55 44 80 55 78 32 74 33 4 37 100 11 50 40 6 64 92 37 62 73 30 71 52 34 3 91 26 27 36 40 43 51 59 50 49 64 34 94 92 37 70 96 42 91 17 19 58 39 48 1 56 96 20 46 47 45 99 52 26 81 66 82 67 1 14 53 19 61 23 51 28 77 9 47 100 43 1 38 92 25 74 38 63 69 87 89 22 52 89 38 92 62 43 36 92 61 46 26 88 98 56 10 80 
81 84 58 15 42 86 39 59 52 89 41 52 41 32 8 40 7 75 3 18 97 22 75 21 13 20 76 13 85 96 4 93 17 66 16 20 34 3 32 100 43 74 91 22 69 79 89 70 51 55 52 93 69 18 54 23 53 10 64 67 31 6 21 84 74 81 2 69 59 83 44 69 73 64 59 52 69 12 87 16 76 18 28 24 79 20 66 78 18 20 30 27 5 28 26 78 71 97 78 46 57 87 54 77 94 11 23 44 95 53 56 78 30 14 21 45 94 33 40 15 23 42 80 10 28 14 21 19 
58 8 4 99 58 19 58 80 26 39 28 56 82 51 24 42 6 84 19 30 51 85 58 92 38 15 54 84 30 12 32 36 30 71 4 75 66 49 26 41 25 81 11 84 46 79 89 85 94 8 8 58 14 32 28 75 51 48 83 42 95 84 15 44 18 42 43 85 25 6 97 72 61 12 26 67 100 44 83 95 90 37 6 79 99 17 22 51 56 59 76 33 17 26 67 73 43 3 91 22 44 69 88 69 82 56 44 94 71 80 35 87 31 15 21 58 42 27 52 12 36 95 78 6 34 41 45 9 
16 90 87 53 42 4 9 76 35 62 87 79 63 78 87 58 10 52 69 99 31 55 51 39 86 69 44 93 24 89 17 7 51 32 4 22 32 65 59 72 92 32 94 74 90 15 50 20 9 1 5 13 8 36 20 74 23 38 11 85 87 48 60 22 53 5 62 36 91 91 7 25 69 92 41 83 87 88 86 52 82 71 68 22 22 18 7 98 57 4 72 95 76 50 44 92 42 39 18 20 78 39 22 26 34 71 38 95 19 12 92 15 20 20 50 89 76 67 91 71 20 81 5 72 14 73 1 17 
83 98 27 59 58 21 61 6 69 17 45 41 6 72 52 79 99 64 77 70 84 65 98 71 54 27 32 78 98 23 16 66 6 18 32 17 41 59 26 69 66 66 78 12 42 22 90 68 95 91 85 70 8 79 83 96 78 34 10 51 80 55 67 100 39 70 58 18 33 27 88 17 75 62 50 60 98 30 55 20 81 43 49 21 26 82 40 53 5 84 47 26 38 83 39 37 72 75 82 83 2 34 18 99 56 38 32 90 69 99 72 86 99 19 19 78 74 16 37 45 4 45 37 91 99 20 33 7 
77 28 44 7 29 98 44 68 25 71 43 45 63 82 42 30 31 32 47 93 7 27 20 78 52 100 41 70 54 22 9 93 90 7 34 25 40 96 96 9 26 45 15 27 94 54 19 70 45 62 78 98 86 7 72 84 69 14 79 20 68 86 59 69 41 23 75 66 7 50 46 39 19 62 64 23 5 92 73 18 31 12 25 70 75 7 32 2 86 28 46 75 47 22 71 34 99 97 15 66 81 95 33 46 4 63 92 96 100 97 72 65 25 62 13 12 77 83 89 33 69 65 14 85 15 15 26 59 
36 40 20 23 58 73 39 99 95 82 20 16 36 16 69 73 68 71 60 57 95 7 82 74 38 68 73 82 29 89 7 59 45 51 92 63 62 54 8 5 77 39 95 77 80 98 64 81 72 35 43 75 72 11 6 91 50 44 86 27 91 39 40 65 86 59 51 45 64 68 2 73 89 59 77 41 53 53 64 44 49 6 36 9 13 52 44 71 78 61 78 28 9 96 18 77 42 96 34 52 57 62 8 33 77 77 87 13 89 49 21 18 79 54 25 30 3 91 29 51 66 13 20 10 81 14 67 23 
60 75 49 28 67 92 96 78 88 2 56 32 28 62 93 51 48 23 57 57 17 51 29 1 66 31 21 96 28 73 50 56 53 78 71 52 30 48 57 10 63 41 93 87 68 53 89 23 32 23 77 82 63 85 10 31 58 12 94 96 90 80 60 44 21 6 19 56 69 90 16 88 1 82 24 36 4 56 29 63 76 33 19 20 48 35 50 60 74 52 60 38 8 11 82 79 90 66 34 52 7 85 17 32 94 21 20 10 20 70 9 80 3 34 1 49 96 90 94 5 13 41 87 72 58 38 68 11 
85 84 12 96 40 90 72 85 59 71 69 60 53 94 26 59 29 53 3 36 25 2 19 36 18 56 53 86 1 97 62 44 50 84 95 41 40 33 80 88 74 94 84 81 3 47 78 5 37 48 9 86 14 64 82 13 5 22 32 54 39 84 57 53 2 39 68 49 59 66 45 83 43 65 52 26 84 100 49 13 13 97 26 65 84 58 24 8 49 39 7 43 9 23 61 91 39 88 69 61 45 88 5 60 72 19 10 60 29 61 79 25 7 23 88 52 68 48 17 80 59 96 66 33 42 84 73 24 
67 43 33 50 88 28 91 50 97 65 62 14 57 51 65 75 40 7 21 24 65 8 5 30 7 1 62 58 20 76 62 37 96 51 8 76 75 39 60 28 69 77 40 100 75 38 48 49 94 45 63 20 3 20 57 12 15 65 2 28 85 1 42 59 74 38 82 74 70 18 71 46 37 22 78 28 4 98 96 86 27 89 19 67 95 17 52 17 60 65 72 22 86 44 34 48 92 75 67 31 94 85 20 2 88 71 54 2 90 86 81 90 52 95 53 39 41 27 43 34 3 88 19 15 5 100 85 49 
75 7 19 48 73 43 23 13 19 54 17 70 42 19 22 47 80 23 96 48 84 35 18 38 23 10 50 12 30 85 17 48 75 27 50 25 39 34 57 65 43 68 43 81 61 27 1 99 25 7 19 3 28 32 79 11 7 2 92 77 23 31 39 93 71 67 17 83 77 82 17 58 49 37 19 41 2 38 60 90 82 15 40 93 19 61 94 85 26 83 68 53 74 62 51 83 22 12 33 55 96 94 1 48 46 54 78 11 59 40 50 33 38 67 3 61 6 20 51 11 19 65 11 9 49 93 70 17 
86 83 5 24 28 90 56 64 80 80 90 74 39 98 47 79 32 9 25 59 14 80 94 72 60 82 91 76 42 80 19 35 76 15 75 50 29 89 40 61 15 85 91 93 4 69 17 94 88 66 61 18 35 10 8 98 63 44 99 85 95 43 19 45 100 13 68 44 93 28 24 27 83 45 17 15 100 31 73 89 5 3 86 71 15 53 51 70 95 10 72 42 53 37 28 97 12 82 1 2 94 56 7 91 50 45 48 66 100 18 26 8 47 33 14 69 29 76 66 62 41 10 8 52 6 100 33 7 
15 65 36 11 71 95 40 68 70 72 84 82 79 60 42 94 21 33 15 81 24 68 15 86 3 69 40 64 46 16 46 71 40 36 82 93 29 47 5 68 31 40 48 12 31 2 66 37 4 54 90 60 51 97 64 52 1 89 64 31 14 20 78 85 88 86 90 4 33 48 94 38 76 91 12 21 12 67 14 3 75 75 2 9 65 78 67 96 36 59 2 89 30 24 47 91 27 25 20 19 43 97 58 92 56 45 6 57 14 70 64 70 15 29 11 98 16 66 8 8 22 76 13 28 37 56 86 62 
35 26 83 7 37 95 57 48 87 3 67 1 34 34 72 66 68 70 24 22 11 93 62 24 20 27 36 43 54 90 10 78 53 66 79 68 2 35 46 97 65 52 49 26 86 50 47 13 29 87 100 67 42 16 50 55 85 89 5 9 19 88 33 88 9 8 52 38 61 32 7 45 71 69 94 17 77 54 6 84 66 78 85 49 36 55 87 33 60 14 46 11 40 2 28 55 45 69 10 73 6 56 21 75 4 25 18 58 27 56 30 74 85 6 83 23 46 63 98 39 92 35 21 49 6 4 98 91 
60 27 47 18 69 61 79 71 4 59 75 19 80 15 30 87 1 71 5 73 59 92 50 51 45 43 89 36 31 26 71 40 64 83 95 82 33 79 100 97 61 3 35 27 54 98 81 17 91 9 21 84 81 69 38 46 73 61 29 19 34 66 45 89 23 43 31 13 40 30 2 3 10 7 97 12 75 82 49 20 73 14 72 52 15 37 84 35 60 98 2 85 68 51 30 35 26 19 26 11 94 12 62 28 31 25 40 54 4 83 68 5 49 11 74 46 32 26 23 58 46 42 30 49 33 24 93 44 
72 91 2 71 63 65 46 19 9 95 3 68 36 22 100 59 54 87 76 57 58 76 33 15 34 40 25 74 23 51 70 85 54 1 47 9 28 11 22 50 77 64 85 90 37 44 8 16 38 32 100 20 26 49 51 43 75 50 43 79 84 66 96 78 82 87 92 41 60 13 89 54 77 3 23 8 16 91 34 28 46 22 22 97 79 84 99 38 26 4 80 17 34 74 16 58 55 23 10 39 33 12 49 28 2 38 23 58 100 37 42 26 52 48 75 5 61 34 63 58 14 44 54 28 40 87 68 44 
96 55 18 38 53 18 11 23 95 51 90 99 28 12 84 91 35 72 85 24 76 15 82 2 12 69 31 82 93 21 75 59 49 89 88 32 26 65 61 52 70 88 26 37 37 45 47 92 7 1 84 89 7 82 60 3 80 40 82 73 63 100 56 98 22 55 31 42 18 50 17 21 87 57 31 5 31 43 36 35 48 30 35 84 11 87 74 88 84 100 3 20 41 64 26 41 7 53 92 6 88 97 7 1 66 51 6 24 4 34 32 65 21 13 89 6 62 47 63 22 86 63 85 31 64 19 48 17 
40 64 57 48 5 22 97 41 73 31 69 7 14 73 28 52 74 42 13 46 57 70 27 76 22 49 7 73 96 16 17 56 89 24 88 22 63 83 96 17 92 31 2 10 88 98 14 3 48 58 42 27 34 17 76 51 44 29 81 63 83 47 11 6 20 1 32 70 94 76 12 72 52 13 80 82 86 40 30 19 98 62 47 40 78 35 15 90 91 21 83 52 2 78 10 91 22 61 88 60 58 15 50 81 51 10 44 94 29 53 68 50 72 54 89 35 83 5 15 2 90 65 82 74 29 69 71 30 
3 17 21 30 84 99 60 95 79 35 75 47 4 90 18 69 29 27 98 82 19 44 36 13 49 75 97 74 18 84 7 91 3 55 36 31 17 14 79 37 19 37 74 87 1 38 9 94 60 47 17 4 34 18 23 53 56 11 13 34 94 74 37 38 23 73 19 71 46 76 96 79 33 46 99 8 48 51 75 5 65 82 35 44 64 29 82 70 37 54 97 11 51 54 43 77 51 40 77 75 44 69 77 10 55 97 64 81 80 44 6 58 75 12 98 41 62 34 7 18 78 75 51 68 92 20 72 21 
11 84 58 85 96 12 91 95 33 56 59 50 75 13 50 40 52 79 1 70 49 14 39 2 81 76 23 50 71 38 61 92 18 28 47 56 86 7 32 69 81 20 87 68 33 27 47 27 4 38 69 55 76 34 43 45 28 94 67 39 48 93 30 80 69 57 44 90 57 30 73 95 23 22 48 98 63 12 93 57 19 76 88 71 82 53 74 5 63 71 16 69 99 85 60 16 24 9 57 7 100 70 5 46 27 70 12 35 26 51 28 24 28 36 54 17 12 10 87 9 6 67 25 21 40 66 42 72 
83 100 31 100 57 46 8 86 70 3 23 90 85 90 20 91 5 17 49 81 75 69 13 90 8 96 75 19 78 15 40 34 26 98 43 55 50 24 54 34 87 1 80 41 5 32 23 50 21 82 97 17 53 6 56 4 41 81 41 41 31 19 37 22 62 84 76 35 79 30 89 13 64 4 69 54 76 11 36 86 23 14 34 3 42 15 75 70 54 15 3 63 41 41 54 85 34 64 83 87 23 87 91 37 13 95 75 44 23 54 97 66 39 11 63 17 6 96 4 21 37 85 64 91 41 16 93 71 
67 35 74 47 34 38 79 99 85 4 44 100 1 99 67 69 7 16 74 76 59 48 49 13 99 73 84 40 45 19 38 39 48 57 89 77 95 28 63 12 82 99 95 80 76 83 82 48 93 70 98 7 34 14 69 4 55 38 27 10 98 55 18 44 16 11 98 73 93 92 36 36 16 63 62 67 74 48 3 54 16 19 43 41 19 87 21 36 20 68 59 15 39 91 78 47 67 54 33 26 16 30 11 36 57 1 33 75 21 3 31 29 21 51 26 58 60 54 16 18 2 39 91 84 20 41 82 13 
28 24 72 64 51 84 24 12 18 55 6 14 29 22 91 63 44 4 49 83 23 17 11 25 13 1 47 65 63 63 52 80 89 93 69 70 75 60 57 78 72 4 24 16 55 94 42 9 3 36 49 75 15 40 36 41 77 83 61 71 16 36 11 61 26 67 85 18 62 65 4 7 82 64 91 59 81 1 95 44 26 57 49 17 65 31 3 54 61 95 95 98 18 52 24 71 60 44 1 76 39 6 77 66 10 74 94 54 8 25 43 12 73 98 91 84 37 40 76 64 94 53 12 18 63 69 87 9 
29 80 87 69 83 34 28 89 25 42 99 18 77 77 2 80 60 76 5 56 8 73 57 27 51 41 46 90 93 90 32 70 42 55 100 79 33 42 31 28 25 48 72 12 85 81 33 92 80 96 84 33 17 72 1 35 31 91 27 97 14 1 40 89 73 12 47 57 1 95 79 65 7 85 5 77 64 43 16 63 92 63 67 93 42 56 10 33 87 73 86 51 29 28 16 26 100 99 19 31 3 100 51 20 66 40 44 82 63 15 55 41 64 90 49 23 39 40 46 26 69 91 14 88 94 32 17 21 
94 27 23 23 48 55 3 11 24 58 65 67 23 63 97 58 2 62 37 48 32 45 2 60 97 41 76 59 37 23 80 70 87 39 23 36 10 2 21 26 12 14 58 87 32 25 62 91 96 21 22 34 49 77 54 10 74 53 25 43 35 20 89 33 94 94 82 35 95 56 54 91 33 5 77 78 69 3 88 38 77 79 59 17 94 72 84 94 19 13 56 14 84 53 30 57 23 13 9 38 96 45 27 54 67 13 91 92 92 19 13 75 11 60 21 50 7 95 8 19 3 75 28 43 50 77 47 13 
3 1 70 32 93 7 37 59 79 4 18 88 58 45 95 53 29 59 53 34 15 5 84 89 68 35 3 38 1 72 9 14 77 54 26 15 5 85 76 55 13 91 35 82 56 29 30 58 73 55 43 97 66 94 78 81 8 4 44 18 6 14 54 3 41 62 82 28 22 66 68 17 11 62 37 31 75 1 98 95 57 19 64 83 92 32 31 22 60 14 67 6 75 80 46 92 34 51 6 71 42 88 1 45 3 12 70 25 26 85 94 25 52 23 24 43 46 14 50 86 16 51 100 56 60 77 3 32 
83 76 5 84 32 95 94 39 19 49 11 9 16 27 36 77 18 67 5 64 48 71 90 25 50 39 12 28 63 49 21 9 38 40 3 22 32 70 11 23 73 17 52 4 5 3 55 39 97 83 44 99 6 80 12 32 93 36 88 60 49 10 23 88 98 68 46 39 74 61 2 76 85 11 76 95 93 9 75 30 77 64 97 5 78 21 93 61 27 33 57 41 61 31 31 57 51 67 84 86 77 99 36 53 82 1 42 51 43 97 100 10 47 17 54 76 14 69 16 67 25 70 72 54 2 84 82 15 
69 30 81 87 7 100 94 91 25 75 11 88 53 97 63 65 30 12 77 25 7 63 17 56 73 84 36 99 99 40 10 35 86 92 49 28 53 92 49 31 41 51 34 50 36 45 31 88 52 50 46 60 84 52 87 82 60 85 62 34 77 23 63 50 59 78 36 97 45 71 90 2 33 80 83 11 33 16 16 14 100 46 1 72 100 88 80 12 84 20 37 27 10 43 75 61 73 53 44 72 42 53 70 84 10 99 31 70 76 27 15 13 7 62 49 33 17 82 92 68 26 45 58 16 74 33 73 42 
53 60 45 86 65 28 93 84 92 9 64 53 93 49 99 63 98 26 97 47 12 92 18 83 89 43 6 24 32 55 90 64 61 63 65 80 89 55 27 18 8 37 44 48 40 38 84 85 35 65 39 95 2 48 89 84 56 82 7 3 76 52 22 30 50 38 76 22 97 55 99 38 66 80 42 14 64 77 77 16 25 54 59 22 92 21 23 85 17 85 78 4 91 38 91 43 71 1 67 38 55 73 94 21 81 53 34 81 57 39 75 5 5 97 14 95 2 98 58 75 85 77 11 87 66 72 50 29 
20 70 50 95 44 58 27 82 91 88 51 8 55 17 11 71 62 75 93 64 72 49 39 50 18 18 67 59 33 14 43 45 33 8 54 9 17 96 8 16 78 80 61 91 48 14 42 82 26 94 21 100 71 100 85 100 57 39 66 78 49 86 25 1 9 73 79 68 100 57 85 49 3 91 56 72 88 29 71 22 100 5 61 35 93 69 90 43 60 65 41 90 1 58 58 96 8 93 5 60 60 18 11 61 64 23 67 80 30 77 71 74 81 44 90 84 27 1 57 35 57 85 63 69 74 87 96 5 
3 88 25 97 38 81 58 34 92 70 52 1 28 22 29 83 71 76 34 27 100 11 2 76 92 34 94 87 71 36 82 9 31 8 32 34 30 88 34 53 72 15 54 31 83 92 43 99 12 85 92 96 48 33 82 79 28 15 14 4 41 87 75 48 10 71 31 50 75 51 99 71 1 1 37 94 38 29 3 24 32 26 67 40 89 34 70 71 98 18 2 38 45 80 70 90 16 34 36 32 45 15 97 73 3 84 80 84 32 44 58 22 86 36 10 74 27 15 98 10 5 51 66 23 21 27 18 57 
52 27 37 74 78 47 67 78 53 63 61 60 38 22 8 71 2 43 62 56 86 48 33 30 22 74 4 31 8 86 12 55 34 53 56 44 29 79 21 55 75 62 95 28 100 37 12 72 83 54 72 77 96 34 26 65 41 57 83 25 24 88 63 94 92 52 31 21 89 31 76 57 7 20 60 65 6 28 34 88 23 67 40 35 56 48 83 11 60 27 46 56 79 85 88 27 57 90 91 2 97 14 14 38 32 39 79 98 17 37 91 58 91 11 50 91 22 28 83 7 41 99 5 18 68 74 25 77 
23 66 61 7 29 98 12 82 59 31 1 37 76 53 91 62 100 48 81 18 30 88 86 6 5 100 19 97 5 39 50 39 80 63 98 88 100 49 89 84 18 23 13 27 66 26 79 38 13 76 71 98 63 40 41 65 51 7 2 12 69 95 62 86 58 29 29 85 20 72 2 70 55 98 57 34 96 19 80 86 7 80 37 4 21 36 100 68 99 29 62 94 41 14 76 5 31 8 41 49 37 71 74 4 77 43 24 21 69 44 91 18 76 58 41 55 6 66 86 36 60 69 69 37 52 22 92 64 
59 20 39 15 19 86 21 87 50 27 8 68 65 78 36 33 36 36 71 5 53 26 11 82 88 21 49 26 99 26 98 57 81 38 92 38 33 22 7 13 79 17 9 90 55 98 73 52 17 8 86 41 82 54 85 43 86 31 61 21 75 74 4 65 27 20 93 80 70 13 43 54 35 75 34 54 8 87 60 13 58 30 9 56 64 52 56 100 27 79 20 43 87 68 1 61 74 91 95 12 76 39 94 86 34 56 51 90 8 93 64 61 5 14 19 26 18 95 8 87 81 69 58 15 67 63 58 34 
38 6 7 6 82 81 60 46 52 67 3 36 24 52 71 42 81 78 72 8 41 1 22 48 46 32 100 38 18 19 87 97 77 65 98 94 1 51 95 68 30 73 61 55 61 99 25 39 28 9 2 95 46 65 31 15 13 88 98 62 32 41 15 49 72 14 22 56 28 25 70 30 54 43 14 90 67 66 2 50 71 6 58 67 43 46 61 65 84 4 49 89 23 74 58 39 80 65 86 59 15 97 78 89 89 59 33 89 52 79 45 30 68 52 22 76 58 94 68 16 39 61 48 21 88 7 50 9 
76 88 9 20 91 13 10 81 80 81 55 12 68 63 9 77 93 47 19 10 95 60 27 30 42 96 78 95 23 20 12 73 60 59 88 1 23 84 35 29 61 10 60 42 97 100 85 11 3 69 62 98 11 34 54 52 21 56 84 89 32 1 45 38 52 24 45 27 25 21 24 59 7 13 34 31 83 94 31 17 3 45 7 4 45 13 2 91 59 48 40 99 38 83 43 36 84 84 68 43 83 22 23 64 73 52 16 78 8 90 27 48 26 80 17 28 68 12 97 14 88 91 67 77 86 83 65 95 
93 76 60 48 42 17 99 16 61 25 63 62 70 75 72 13 18 44 1 86 81 65 39 24 57 57 66 97 78 45 56 14 46 25 24 15 59 48 54 6 20 90 28 25 18 6 16 85 6 25 52 38 11 19 56 45 20 75 69 75 33 1 89 32 62 74 86 59 67 75 61 68 39 63 65 58 97 44 61 50 3 44 88 57 41 43 19 94 41 51 88 76 20 54 61 33 71 2 3 91 93 44 67 51 100 38 68 65 89 30 72 81 82 37 36 34 79 52 80 83 1 70 82 80 21 48 2 62 
88 19 78 36 7 39 61 45 54 61 40 71 70 97 52 3 67 56 11 25 61 66 72 24 72 49 18 66 29 30 15 93 9 18 1 53 40 66 36 44 52 9 43 13 69 51 88 74 85 14 36 31 2 76 56 43 66 30 37 62 87 15 75 65 35 3 56 84 6 28 31 93 73 87 38 88 55 5 75 96 92 74 15 96 61 16 39 85 83 90 3 78 63 3 34 49 82 11 49 70 90 75 15 45 45 82 23 43 73 84 18 14 30 68 39 48 77 94 24 10 75 40 68 91 87 67 27 72 
21 86 54 70 21 69 96 5 77 65 64 66 36 75 73 14 74 10 72 6 82 55 73 28 1 8 48 59 9 98 52 61 78 43 99 92 42 88 46 31 69 99 67 17 49 32 22 10 17 15 1 34 50 64 35 87 26 27 17 21 78 73 58 92 83 99 15 39 100 86 98 91 97 96 63 55 62 85 45 7 83 34 95 65 16 69 50 77 23 49 84 55 28 9 16 42 68 17 87 68 6 47 27 18 94 67 16 34 36 76 8 57 18 39 8 39 92 30 89 23 27 35 52 45 21 89 62 83 
93 96 52 77 58 9 59 41 5 5 88 8 90 89 66 74 6 95 56 32 90 7 41 7 40 91 81 65 35 99 59 79 93 91 27 15 72 27 20 53 77 82 74 43 56 3 1 80 10 89 8 73 32 83 91 75 15 35 69 19 85 5 33 7 92 83 61 37 93 79 18 27 8 42 77 1 7 85 46 86 86 82 41 85 88 26 30 54 52 76 65 55 11 10 95 8 91 13 72 96 69 82 71 58 28 72 17 79 64 17 91 15 87 41 16 87 23 46 84 39 62 78 41 85 2 79 36 16 
12 88 25 10 64 5 66 97 46 55 87 18 9 39 32 40 95 96 83 96 34 88 80 22 11 66 35 22 88 9 92 35 19 62 9 69 15 96 3 3 16 41 98 91 10 28 58 27 37 93 71 95 29 45 9 51 17 34 87 13 31 74 77 92 74 38 68 55 40 64 95 33 99 74 45 31 7 76 47 27 91 68 7 60 12 42 96 19 95 4 56 6 1 21 52 16 21 4 67 30 32 99 65 20 52 81 90 35 30 35 34 70 5 23 80 12 82 80 34 21 66 34 75 84 35 80 25 10 
48 85 30 55 81 3 75 73 1 22 88 53 83 79 34 80 34 84 38 10 17 66 88 73 65 81 65 59 4 34 79 83 65 98 7 33 73 14 37 7 16 87 63 79 12 82 42 13 52 63 23 90 16 43 85 72 73 96 16 73 9 79 57 7 80 98 42 4 49 7 77 82 77 78 72 82 70 86 37 36 86 5 8 92 38 43 51 6 3 5 53 58 99 64 1 25 27 31 66 77 64 6 81 4 67 49 88 55 53 93 79 74 89 72 74 22 78 74 31 71 29 41 12 25 48 71 73 9 
19 61 9 30 41 75 75 24 71 12 17 74 39 53 22 4 84 8 59 95 72 50 31 67 43 70 97 94 4 50 46 93 20 35 71 80 92 59 87 9 91 9 49 60 15 8 8 69 12 22 48 85 36 87 5 71 22 71 71 60 89 23 73 55 37 98 99 89 71 14 2 60 76 28 58 84 32 99 71 49 56 71 30 98 92 3 82 82 65 27 54 73 11 46 90 15 36 71 71 3 24 51 73 69 80 25 79 40 50 98 27 1 52 88 35 80 41 33 52 94 2 44 82 49 53 75 49 34 
87 26 58 33 90 2 57 19 27 4 34 73 44 78 4 94 49 40 88 81 32 4 57 23 21 14 35 96 34 2 12 95 31 14 62 21 69 18 36 53 19 33 21 81 67 5 62 21 95 44 16 21 53 5 76 33 20 41 50 32 89 2 60 57 87 21 65 5 68 97 83 82 33 17 72 32 14 87 32 99 7 43 49 43 93 48 78 76 39 94 98 75 66 79 36 30 88 4 5 56 6 11 58 93 9 24 23 81 35 14 88 75 76 10 73 84 92 60 67 39 5 72 15 77 5 72 15 76 
19 75 9 69 54 23 61 54 2 79 51 11 57 39 99 61 56 70 27 72 95 87 93 33 54 21 83 52 46 65 29 41 2 72 73 21 78 50 40 8 88 82 70 95 88 27 27 83 2 94 13 100 8 29 76 38 68 90 89 81 51 34 64 21 95 80 23 34 44 29 29 69 19 90 28 20 67 68 79 29 90 13 36 61 38 16 14 92 98 91 73 10 24 51 9 55 23 4 82 93 10 18 21 70 99 74 15 42 79 24 70 30 27 90 23 59 11 71 69 75 63 22 46 66 50 30 57 17 
28 43 2 31 45 65 29 40 68 85 9 56 86 44 95 30 13 26 96 86 78 21 4 36 14 51 91 41 56 74 9 37 90 51 78 84 31 85 21 52 61 77 39 58 95 57 30 7 61 78 71 3 71 14 38 9 3 65 34 30 31 20 92 88 87 12 39 50 29 89 44 26 56 23 97 94 39 29 4 13 4 33 24 23 34 86 14 48 18 40 20 77 66 50 25 90 57 35 4 32 6 40 56 20 4 23 84 73 2 9 67 85 23 43 63 48 56 97 93 65 62 31 23 2 67 2 18 26 
88 11 88 92 83 68 87 64 35 67 63 66 81 74 66 17 73 49 94 88 30 36 50 93 22 49 42 30 79 64 89 45 34 22 28 24 53 29 19 94 81 39 9 67 25 100 91 46 90 69 43 40 32 9 51 30 85 24 4 14 10 73 69 37 77 74 66 1 2 11 33 26 91 13 85 55 2 59 4 66 53 63 49 33 3 60 63 86 22 91 31 49 13 64 56 82 67 18 68 84 100 67 29 39 33 30 62 66 27 56 51 58 89 66 40 50 62 21 73 99 57 93 86 49 72 1 24 26 
70 67 18 82 7 97 3 66 80 28 86 43 55 39 46 53 93 13 46 58 46 87 71 43 55 62 5 20 6 49 28 27 38 62 77 29 40 98 48 36 34 34 17 58 99 3 9 72 36 13 35 38 55 77 53 78 56 88 44 50 35 83 91 3 25 38 5 85 4 24 36 60 89 60 86 99 60 84 73 58 4 5 57 50 71 60 30 95 68 48 75 43 39 16 97 2 100 41 52 74 61 56 22 92 6 37 42 8 58 20 18 6 14 8 87 67 17 31 2 97 4 25 21 28 82 8 90 94 
62 48 76 62 5 50 48 12 24 36 88 54 62 21 81 82 12 86 87 57 5 53 31 87 2 66 3 66 37 87 63 61 70 15 24 3 83 31 94 27 24 49 48 70 43 15 50 57 86 75 22 68 6 27 57 100 57 13 25 2 53 54 80 67 17 11 78 58 75 12 21 70 9 83 73 84 50 51 53 25 93 67 5 3 35 97 67 80 52 11 12 100 37 32 21 45 87 6 97 64 41 35 98 80 61 48 15 48 29 33 80 91 70 22 99 36 99 51 34 70 36 1 82 65 42 34 38 90 
48 74 37 79 22 43 63 55 99 62 39 7 35 6 45 41 6 51 28 96 6 66 72 7 100 41 60 94 93 80 11 33 89 43 27 11 73 14 67 59 95 53 21 12 69 88 83 93 71 82 66 8 38 80 1 45 30 96 49 84 10 83 66 72 36 93 12 41 71 98 83 86 67 78 1 6 66 60 65 86 67 17 63 99 74 43 20 60 52 40 64 92 55 41 5 23 50 25 12 66 24 62 54 6 93 90 89 93 100 1 18 84 44 6 92 84 23 23 56 63 61 70 89 43 29 15 84 60 
59 21 36 59 32 77 61 82 55 85 6 56 73 17 87 29 52 65 36 70 34 52 44 88 58 54 34 58 28 98 25 89 5 14 32 59 69 65 26 70 97 18 20 69 55 61 96 37 24 93 93 13 53 82 13 91 7 66 81 22 74 53 70 32 18 58 59 4 90 64 38 78 25 80 18 5 55 34 15 45 81 80 12 90 19 46 1 35 42 6 48 12 46 43 15 52 34 55 36 95 53 80 42 39 53 58 24 53 36 45 69 28 57 75 75 90 50 87 22 16 36 36 58 91 19 54 8 62 
24 73 85 75 82 26 78 88 88 28 57 91 46 41 80 29 59 72 70 3 51 40 69 20 96 15 46 60 61 94 20 53 55 13 43 15 82 57 1 57 30 22 15 53 71 43 10 40 34 58 57 12 69 42 77 95 52 39 75 54 43 9 99 63 54 33 62 30 44 78 64 99 24 8 64 71 12 82 96 33 81 79 90 55 3 29 43 78 53 54 20 41 1 64 92 35 84 10 7 91 34 16 24 59 29 46 7 45 77 53 40 21 97 43 69 25 66 58 16 52 80 74 95 3 73 48 82 92 
33 56 2 62 48 68 42 32 25 21 80 33 49 57 50 41 73 51 56 74 31 58 27 32 20 98 55 58 26 59 40 67 61 59 59 44 99 11 90 59 74 24 79 21 19 3 66 90 61 10 2 61 12 50 50 99 91 13 99 79 85 38 23 48 32 75 58 20 44 39 70 85 68 30 87 67 61 26 33 63 36 80 28 97 12 54 71 49 13 54 89 84 51 28 72 73 1 82 58 12 70 71 67 3 39 52 22 29 91 42 46 96 8 77 18 15 67 35 26 28 4 98 85 2 75 54 51 54 
69 13 75 82 71 20 84 6 71 20 22 73 58 31 4 86 25 23 1 61 100 83 45 77 84 73 44 100 1 62 81 48 95 61 38 71 96 68 43 68 13 45 48 32 65 53 67 69 96 47 5 44 100 84 54 8 17 96 56 49 65 50 84 41 83 3 97 45 10 8 68 25 77 80 65 5 67 58 13 52 27 33 44 70 22 57 23 23 83 72 70 16 23 30 58 74 10 67 99 56 46 21 15 84 34 34 26 85 16 60 60 66 42 95 54 71 18 9 95 44 61 82 87 70 97 14 20 51 
66 45 60 96 44 25 57 42 3 58 69 97 91 94 70 13 79 24 61 47 17 33 25 52 62 69 79 20 47 70 75 86 70 58 84 54 40 84 47 70 83 61 68 73 2 78 87 54 64 48 41 98 16 59 49 9 74 66 61 17 24 16 59 96 41 60 56 54 88 67 14 80 34 47 22 90 13 11 35 21 83 88 2 20 6 72 72 43 90 98 39 95 22 31 95 38 72 94 50 81 7 74 68 12 56 48 68 7 39 42 27 86 62 7 81 69 73 51 9 11 23 42 76 39 41 77 6 47 
11 56 11 19 73 92 54 98 54 37 89 16 39 88 93 42 71 76 26 91 100 31 72 40 87 82 38 55 30 70 69 52 17 63 35 28 3 31 34 40 58 70 14 63 40 61 43 56 48 89 61 77 10 43 20 46 50 37 17 78 8 83 21 60 91 31 56 10 1 77 80 27 19 56 22 56 61 28 83 76 59 4 54 55 39 5 29 11 95 73 5 92 19 48 98 6 80 40 76 17 99 74 62 96 11 21 72 8 3 38 22 69 87 35 85 76 80 40 95 50 54 42 14 47 8 48 60 83 
22 45 80 21 2 43 20 54 15 79 81 90 93 74 2 63 75 9 52 98 39 8 48 38 58 64 89 14 61 1 21 27 65 8 47 59 59 35 31 60 42 46 61 35 35 96 89 15 62 85 33 64 41 4 73 19 24 57 31 25 27 100 96 92 14 35 65 98 15 5 8 66 16 74 80 40 73 12 77 67 5 96 15 93 54 76 77 32 2 87 18 64 30 29 42 81 45 67 11 84 76 53 17 49 71 43 25 56 82 46 63 49 49 92 99 30 60 38 15 45 95 95 35 19 91 76 57 84 
6 24 70 63 27 59 89 37 96 50 51 60 12 76 41 89 46 84 9 3 8 56 70 75 52 53 64 49 3 56 2 100 75 96 45 92 11 30 7 15 92 100 42 78 99 41 91 79 83 38 1 87 60 36 9 43 83 52 94 74 74 92 88 29 34 29 89 30 20 19 76 87 89 7 3 41 75 19 56 73 88 50 84 15 36 60 64 39 60 53 39 92 14 75 14 57 27 34 80 6 35 82 82 95 11 84 55 97 58 50 64 78 83 32 28 38 13 92 38 79 41 88 78 96 2 54 12 40 
0.0 1.0 2.0 3.0 4.0 5.0 6.0 7.0 8.0 9.0 10.0 11.0 12.0 13.0 14.0 15.0 16.0 17.0 18.0 19.0 20.0 21.0 22.0 23.0 24.0 25.0 26.0 27.0 28.0 29.0 30.0 31.0 32.0 33.0 34.0 35.0 36.0 37.0 38.0 39.0 40.0 41.0 42.0 43.0 44.0 45.0 46.0 47.0 48.0 49.0 50.0 51.0 52.0 53.0 54.0 55.0 56.0 57.0 58.0 59.0 60.0 61.0 62.0 63.0 64.0 63.0 62.0 61.0 60.0 59.0 58.0 57.0 56.0 55.0 54.0 53.0 52.0 51.0 50.0 49.0 48.0 47.0 46.0 45.0 44.0 43.0 42.0 41.0 40.0 39.0 38.0 37.0 36.0 35.0 34.0 33.0 32.0 31.0 30.0 29.0 28.0 27.0 26.0 25.0 24.0 23.0 22.0 21.0 20.0 19.0 18.0 17.0 16.0 15.0 14.0 13.0 12.0 11.0 10.0 9.0 8.0 7.0 6.0 5.0 4.0 3.0 2.0 1.0 
1.0 0.0 1.0 2.0 3.0 4.0 5.0 6.0 7.0 8.0 9.0 10.0 11.0 12.0 13.0 14.0 15.0 16.0 17.0 18.0 19.0 20.0 21.0 22.0 23.0 24.0 25.0 26.0 27.0 28.0 29.0 30.0 31.0 32.0 33.0 34.0 35.0 36.0 37.0 38.0 39.0 40.0 41.0 42.0 43.0 44.0 45.0 46.0 47.0 48.0 49.0 50.0 51.0 52.0 53.0 54.0 55.0 56.0 57.0 58.0 59.0 60.0 61.0 62.0 63.0 64.0 63.0 62.0 61.0 60.0 59.0 58.0 57.0 56.0 55.0 54.0 53.0 52.0 51.0 50.0 49.0 48.0 47.0 46.0 45.0 44.0 43.0 42.0 41.0 40.0 39.0 38.0 37.0 36.0 35.0 34.0 33.0 32.0 31.0 30.0 29.0 28.0 27.0 26.0 25.0 24.0 23.0 22.0 21.0 20.0 19.0 18.0 17.0 16.0 15.0 14.0 13.0 12.0 11.0 10.0 9.0 8.0 7.0 6.0 5.0 4.0 3.0 2.0 
2.0 1.0 0.0 1.0 2.0 3.0 4.0 5.0 6.0 7.0 8.0 9.0 10.0 11.0 12.0 13.0 14.0 15.0 16.0 17.0 18.0 19.0 20.0 21.0 22.0 23.0 24.0 25.0 26.0 27.0 28.0 29.0 30.0 31.0 32.0 33.0 34.0 35.0 36.0 37.0 38.0 39.0 40.0 41.0 42.0 43.0 44.0 45.0 46.0 47.0 48.0 49.0 50.0 51.0 52.0 53.0 54.0 55.0 56.0 57.0 58.0 59.0 60.0 61.0 62.0 63.0 64.0 63.0 62.0 61.0 60.0 59.0 58.0 57.0 56.0 55.0 54.0 53.0 52.0 51.0 50.0 49.0 48.0 47.0 46.0 45.0 44.0 43.0 42.0 41.0 40.0 39.0 38.0 37.0 36.0 35.0 34.0 33.0 32.0 31.0 30.0 29.0 28.0 27.0 26.0 25.0 24.0 23.0 22.0 21.0 20.0 19.0 18.0 17.0 16.0 15.0 14.0 13.0 12.0 11.0 10.0 9.0 8.0 7.0 6.0 5.0 4.0 3.0 
3.0 2.0 1.0 0.0 1.0 2.0 3.0 4.0 5.0 6.0 7.0 8.0 9.0 10.0 11.0 12.0 13.0 14.0 15.0 16.0 17.0 18.0 19.0 20.0 21.0 22.0 23.0 24.0 25.0 26.0 27.0 28.0 29.0 30.0 31.0 32.0 33.0 34.0 35.0 36.0 37.0 38.0 39.0 40.0 41.0 42.0 43.0 44.0 45.0 46.0 47.0 48.0 49.0 50.0 51.0 52.0 53.0 54.0 55.0 56.0 57.0 58.0 59.0 60.0 61.0 62.0 63.0 64.0 63.0 62.0 61.0 60.0 59.0 58.0 57.0 56.0 55.0 54.0 53.0 52.0 51.0 50.0 49.0 48.0 47.0 46.0 45.0 44.0 43.0 42.0 41.0 40.0 39.0 38.0 37.0 36.0 35.0 34.0 33.0 32.0 31.0 30.0 29.0 28.0 27.0 26.0 25.0 24.0 23.0 22.0 21.0 20.0 19.0 18.0 17.0 16.0 15.0 14.0 13.0 12.0 11.0 10.0 9.0 8.0 7.0 6.0 5.0 4.0 
4.0 3.0 2.0 1.0 0.0 1.0 2.0 3.0 4.0 5.0 6.0 7.0 8.0 9.0 10.0 11.0 12.0 13.0 14.0 15.0 16.0 17.0 18.0 19.0 20.0 21.0 22.0 23.0 24.0 25.0 26.0 27.0 28.0 29.0 30.0 31.0 32.0 33.0 34.0 35.0 36.0 37.0 38.0 39.0 40.0 41.0 42.0 43.0 44.0 45.0 46.0 47.0 48.0 49.0 50.0 51.0 52.0 53.0 54.0 55.0 56.0 57.0 58.0 59.0 60.0 61.0 62.0 63.0 64.0 63.0 62.0 61.0 60.0 59.0 58.0 57.0 56.0 55.0 54.0 53.0 52.0 51.0 50.0 49.0 48.0 47.0 46.0 45.0 44.0 43.0 42.0 41.0 40.0 39.0 38.0 37.0 36.0 35.0 34.0 33.0 32.0 31.0 30.0 29.0 28.0 27.0 26.0 25.0 24.0 23.0 22.0 21.0 20.0 19.0 18.0 17.0 16.0 15.0 14.0 13.0 12.0 11.0 10.0 9.0 8.0 7.0 6.0 5.0 
5.0 4.0 3.0 2.0 1.0 0.0 1.0 2.0 3.0 4.0 5.0 6.0 7.0 8.0 9.0 10.0 11.0 12.0 13.0 14.0 15.0 16.0 17.0 18.0 19.0 20.0 21.0 22.0 23.0 24.0 25.0 26.0 27.0 28.0 29.0 30.0 31.0 32.0 33.0 34.0 35.0 36.0 37.0 38.0 39.0 40.0 41.0 42.0 43.0 44.0 45.0 46.0 47.0 48.0 49.0 50.0 51.0 52.0 53.0 54.0 55.0 56.0 57.0 58.0 59.0 60.0 61.0 62.0 63.0 64.0 63.0 62.0 61.0 60.0 59.0 58.0 57.0 56.0 55.0 54.0 53.0 52.0 51.0 50.0 49.0 48.0 47.0 46.0 45.0 44.0 43.0 42.0 41.0 40.0 39.0 38.0 37.0 36.0 35.0 34.0 33.0 32.0 31.0 30.0 29.0 28.0 27.0 26.0 25.0 24.0 23.0 22.0 21.0 20.0 19.0 18.0 17.0 16.0 15.0 14.0 13.0 12.0 11.0 10.0 9.0 8.0 7.0 6.0 
6.0 5.0 4.0 3.0 2.0 1.0 0.0 1.0 2.0 3.0 4.0 5.0 6.0 7.0 8.0 9.0 10.0 11.0 12.0 13.0 14.0 15.0 16.0 17.0 18.0 19.0 20.0 21.0 22.0 23.0 24.0 25.0 26.0 27.0 28.0 29.0 30.0 31.0 32.0 33.0 34.0 35.0 36.0 37.0 38.0 39.0 40.0 41.0 42.0 43.0 44.0 45.0 46.0 47.0 48.0 49.0 50.0 51.0 52.0 53.0 54.0 55.0 56.0 57.0 58.0 59.0 60.0 61.0 62.0 63.0 64.0 63.0 62.0 61.0 60.0 59.0 58.0 57.0 56.0 55.0 54.0 53.0 52.0 51.0 50.0 49.0 48.0 47.0 46.0 45.0 44.0 43.0 42.0 41.0 40.0 39.0 38.0 37.0 36.0 35.0 34.0 33.0 32.0 31.0 30.0 29.0 28.0 27.0 26.0 25.0 24.0 23.0 22.0 21.0 20.0 19.0 18.0 17.0 16.0 15.0 14.0 13.0 12.0 11.0 10.0 9.0 8.0 7.0 
7.0 6.0 5.0 4.0 3.0 2.0 1.0 0.0 1.0 2.0 3.0 4.0 5.0 6.0 7.0 8.0 9.0 10.0 11.0 12.0 13.0 14.0 15.0 16.0 17.0 18.0 19.0 20.0 21.0 22.0 23.0 24.0 25.0 26.0 27.0 28.0 29.0 30.0 31.0 32.0 33.0 34.0 35.0 36.0 37.0 38.0 39.0 40.0 41.0 42.0 43.0 44.0 45.0 46.0 47.0 48.0 49.0 50.0 51.0 52.0 53.0 54.0 55.0 56.0 57.0 58.0 59.0 60.0 61.0 62.0 63.0 64.0 63.0 62.0 61.0 60.0 59.0 58.0 57.0 56.0 55.0 54.0 53.0 52.0 51.0 50.0 49.0 48.0 47.0 46.0 45.0 44.0 43.0 42.0 41.0 40.0 39.0 38.0 37.0 36.0 35.0 34.0 33.0 32.0 31.0 30.0 29.0 28.0 27.0 26.0 25.0 24.0 23.0 22.0 21.0 20.0 19.0 18.0 17.0 16.0 15.0 14.0 13.0 12.0 11.0 10.0 9.0 8.0 
8.0 7.0 6.0 5.0 4.0 3.0 2.0 1.0 0.0 1.0 2.0 3.0 4.0 5.0 6.0 7.0 8.0 9.0 10.0 11.0 12.0 13.0 14.0 15.0 16.0 17.0 18.0 19.0 20.0 21.0 22.0 23.0 24.0 25.0 26.0 27.0 28.0 29.0 30.0 31.0 32.0 33.0 34.0 35.0 36.0 37.0 38.0 39.0 40.0 41.0 42.0 43.0 44.0 45.0 46.0 47.0 48.0 49.0 50.0 51.0 52.0 53.0 54.0 55.0 56.0 57.0 58.0 59.0 60.0 61.0 62.0 63.0 64.0 63.0 62.0 61.0 60.0 59.0 58.0 57.0 56.0 55.0 54.0 53.0 52.0 51.0 50.0 49.0 48.0 47.0 46.0 45.0 44.0 43.0 42.0 41.0 40.0 39.0 38.0 37.0 36.0 35.0 34.0 33.0 32.0 31.0 30.0 29.0 28.0 27.0 26.0 25.0 24.0 23.0 22.0 21.0 20.0 19.0 18.0 17.0 16.0 15.0 14.0 13.0 12.0 11.0 10.0 9.0 
9.0 8.0 7.0 6.0 5.0 4.0 3.0 2.0 1.0 0.0 1.0 2.0 3.0 4.0 5.0 6.0 7.0 8.0 9.0 10.0 11.0 12.0 13.0 14.0 15.0 16.0 17.0 18.0 19.0 20.0 21.0 22.0 23.0 24.0 25.0 26.0 27.0 28.0 29.0 30.0 31.0 32.0 33.0 34.0 35.0 36.0 37.0 38.0 39.0 40.0 41.0 42.0 43.0 44.0 45.0 46.0 47.0 48.0 49.0 50.0 51.0 52.0 53.0 54.0 55.0 56.0 57.0 58.0 59.0 60.0 61.0 62.0 63.0 64.0 63.0 62.0 61.0 60.0 59.0 58.0 57.0 56.0 55.0 54.0 53.0 52.0 51.0 50.0 49.0 48.0 47.0 46.0 45.0 44.0 43.0 42.0 41.0 40.0 39.0 38.0 37.0 36.0 35.0 34.0 33.0 32.0 31.0 30.0 29.0 28.0 27.0 26.0 25.0 24.0 23.0 22.0 21.0 20.0 19.0 18.0 17.0 16.0 15.0 14.0 13.0 12.0 11.0 10.0 
10.0 9.0 8.0 7.0 6.0 5.0 4.0 3.0 2.0 1.0 0.0 1.0 2.0 3.0 4.0 5.0 6.0 7.0 8.0 9.0 10.0 11.0 12.0 13.0 14.0 15.0 16.0 17.0 18.0 19.0 20.0 21.0 22.0 23.0 24.0 25.0 26.0 27.0 28.0 29.0 30.0 31.0 32.0 33.0 34.0 35.0 36.0 37.0 38.0 39.0 40.0 41.0 42.0 43.0 44.0 45.0 46.0 47.0 48.0 49.0 50.0 51.0 52.0 53.0 54.0 55.0 56.0 57.0 58.0 59.0 60.0 61.0 62.0 63.0 64.0 63.0 62.0 61.0 60.0 59.0 58.0 57.0 56.0 55.0 54.0 53.0 52.0 51.0 50.0 49.0 48.0 47.0 46.0 45.0 44.0 43.0 42.0 41.0 40.0 39.0 38.0 37.0 36.0 35.0 34.0 33.0 32.0 31.0 30.0 29.0 28.0 27.0 26.0 25.0 24.0 23.0 22.0 21.0 20.0 19.0 18.0 17.0 16.0 15.0 14.0 13.0 12.0 11.0 
11.0 10.0 9.0 8.0 7.0 6.0 5.0 4.0 3.0 2.0 1.0 0.0 1.0 2.0 3.0 4.0 5.0 6.0 7.0 8.0 9.0 10.0 11.0 12.0 13.0 14.0 15.0 16.0 17.0 18.0 19.0 20.0 21.0 22.0 23.0 24.0 25.0 26.0 27.0 28.0 29.0 30.0 31.0 32.0 33.0 34.0 35.0 36.0 37.0 38.0 39.0 40.0 41.0 42.0 43.0 44.0 45.0 46.0 47.0 48.0 49.0 50.0 51.0 52.0 53.0 54.0 55.0 56.0 57.0 58.0 59.0 60.0 61.0 62.0 63.0 64.0 63.0 62.0 61.0 60.0 59.0 58.0 57.0 56.0 55.0 54.0 53.0 52.0 51.0 50.0 49.0 48.0 47.0 46.0 45.0 44.0 43.0 42.0 41.0 40.0 39.0 38.0 37.0 36.0 35.0 34.0 33.0 32.0 31.0 30.0 29.0 28.0 27.0 26.0 25.0 24.0 23.0 22.0 21.0 20.0 19.0 18.0 17.0 16.0 15.0 14.0 13.0 12.0 
12.0 11.0 10.0 9.0 8.0 7.0 6.0 5.0 4.0 3.0 2.0 1.0 0.0 1.0 2.0 3.0 4.0 5.0 6.0 7.0 8.0 9.0 10.0 11.0 12.0 13.0 14.0 15.0 16.0 17.0 18.0 19.0 20.0 21.0 22.0 23.0 24.0 25.0 26.0 27.0 28.0 29.0 30.0 31.0 32.0 33.0 34.0 35.0 36.0 37.0 38.0 39.0 40.0 41.0 42.0 43.0 44.0 45.0 46.0 47.0 48.0 49.0 50.0 51.0 52.0 53.0 54.0 55.0 56.0 57.0 58.0 59.0 60.0 61.0 62.0 63.0 64.0 63.0 62.0 61.0 60.0 59.0 58.0 57.0 56.0 55.0 54.0 53.0 52.0 51.0 50.0 49.0 48.0 47.0 46.0 45.0 44.0 43.0 42.0 41.0 40.0 39.0 38.0 37.0 36.0 35.0 34.0 33.0 32.0 31.0 30.0 29.0 28.0 27.0 26.0 25.0 24.0 23.0 22.0 21.0 20.0 19.0 18.0 17.0 16.0 15.0 14.0 13.0 
13.0 12.0 11.0 10.0 9.0 8.0 7.0 6.0 5.0 4.0 3.0 2.0 1.0 0.0 1.0 2.0 3.0 4.0 5.0 6.0 7.0 8.0 9.0 10.0 11.0 12.0 13.0 14.0 15.0 16.0 17.0 18.0 19.0 20.0 21.0 22.0 23.0 24.0 25.0 26.0 27.0 28.0 29.0 30.0 31.0 32.0 33.0 34.0 35.0 36.0 37.0 38.0 39.0 40.0 41.0 42.0 43.0 44.0 45.0 46.0 47.0 48.0 49.0 50.0 51.0 52.0 53.0 54.0 55.0 56.0 57.0 58.0 59.0 60.0 61.0 62.0 63.0 64.0 63.0 62.0 61.0 60.0 59.0 58.0 57.0 56.0 55.0 54.0 53.0 52.0 51.0 50.0 49.0 48.0 47.0 46.0 45.0 44.0 43.0 42.0 41.0 40.0 39.0 38.0 37.0 36.0 35.0 34.0 33.0 32.0 31.0 30.0 29.0 28.0 27.0 26.0 25.0 24.0 23.0 22.0 21.0 20.0 19.0 18.0 17.0 16.0 15.0 14.0 
14.0 13.0 12.0 11.0 10.0 9.0 8.0 7.0 6.0 5.0 4.0 3.0 2.0 1.0 0.0 1.0 2.0 3.0 4.0 5.0 6.0 7.0 8.0 9.0 10.0 11.0 12.0 13.0 14.0 15.0 16.0 17.0 18.0 19.0 20.0 21.0 22.0 23.0 24.0 25.0 26.0 27.0 28.0 29.0 30.0 31.0 32.0 33.0 34.0 35.0 36.0 37.0 38.0 39.0 40.0 41.0 42.0 43.0 44.0 45.0 46.0 47.0 48.0 49.0 50.0 51.0 52.0 53.0 54.0 55.0 56.0 57.0 58.0 59.0 60.0 61.0 62.0 63.0 64.0 63.0 62.0 61.0 60.0 59.0 58.0 57.0 56.0 55.0 54.0 53.0 52.0 51.0 50.0 49.0 48.0 47.0 46.0 45.0 44.0 43.0 42.0 41.0 40.0 39.0 38.0 37.0 36.0 35.0 34.0 33.0 32.0 31.0 30.0 29.0 28.0 27.0 26.0 25.0 24.0 23.0 22.0 21.0 20.0 19.0 18.0 17.0 16.0 15.0 
15.0 14.0 13.0 12.0 11.0 10.0 9.0 8.0 7.0 6.0 5.0 4.0 3.0 2.0 1.0 0.0 1.0 2.0 3.0 4.0 5.0 6.0 7.0 8.0 9.0 10.0 11.0 12.0 13.0 14.0 15.0 16.0 17.0 18.0 19.0 20.0 21.0 22.0 23.0 24.0 25.0 26.0 27.0 28.0 29.0 30.0 31.0 32.0 33.0 34.0 35.0 36.0 37.0 38.0 39.0 40.0 41.0 42.0 43.0 44.0 45.0 46.0 47.0 48.0 49.0 50.0 51.0 52.0 53.0 54.0 55.0 56.0 57.0 58.0 59.0 60.0 61.0 62.0 63.0 64.0 63.0 62.0 61.0 60.0 59.0 58.0 57.0 56.0 55.0 54.0 53.0 52.0 51.0 50.0 49.0 48.0 47.0 46.0 45.0 44.0 43.0 42.0 41.0 40.0 39.0 38.0 37.0 36.0 35.0 34.0 33.0 32.0 31.0 30.0 29.0 28.0 27.0 26.0 25.0 24.0 23.0 22.0 21.0 20.0 19.0 18.0 17.0 16.0 
16.0 15.0 14.0 13.0 12.0 11.0 10.0 9.0 8.0 7.0 6.0 5.0 4.0 3.0 2.0 1.0 0.0 1.0 2.0 3.0 4.0 5.0 6.0 7.0 8.0 9.0 10.0 11.0 12.0 13.0 14.0 15.0 16.0 17.0 18.0 19.0 20.0 21.0 22.0 23.0 24.0 25.0 26.0 27.0 28.0 29.0 30.0 31.0 32.0 33.0 34.0 35.0 36.0 37.0 38.0 39.0 40.0 41.0 42.0 43.0 44.0 45.0 46.0 47.0 48.0 49.0 50.0 51.0 52.0 53.0 54.0 55.0 56.0 57.0 58.0 59.0 60.0 61.0 62.0 63.0 64.0 63.0 62.0 61.0 60.0 59.0 58.0 57.0 56.0 55.0 54.0 53.0 52.0 51.0 50.0 49.0 48.0 47.0 46.0 45.0 44.0 43.0 42.0 41.0 40.0 39.0 38.0 37.0 36.0 35.0 34.0 33.0 32.0 31.0 30.0 29.0 28.0 27.0 26.0 25.0 24.0 23.0 22.0 21.0 20.0 19.0 18.0 17.0 
17.0 16.0 15.0 14.0 13.0 12.0 11.0 10.0 9.0 8.0 7.0 6.0 5.0 4.0 3.0 2.0 1.0 0.0 1.0 2.0 3.0 4.0 5.0 6.0 7.0 8.0 9.0 10.0 11.0 12.0 13.0 14.0 15.0 16.0 17.0 18.0 19.0 20.0 21.0 22.0 23.0 24.0 25.0 26.0 27.0 28.0 29.0 30.0 31.0 32.0 33.0 34.0 35.0 36.0 37.0 38.0 39.0 40.0 41.0 42.0 43.0 44.0 45.0 46.0 47.0 48.0 49.0 50.0 51.0 52.0 53.0 54.0 55.0 56.0 57.0 58.0 59.0 60.0 61.0 62.0 63.0 64.0 63.0 62.0 61.0 60.0 59.0 58.0 57.0 56.0 55.0 54.0 53.0 52.0 51.0 50.0 49.0 48.0 47.0 46.0 45.0 44.0 43.0 42.0 41.0 40.0 39.0 38.0 37.0 36.0 35.0 34.0 33.0 32.0 31.0 30.0 29.0 28.0 27.0 26.0 25.0 24.0 23.0 22.0 21.0 20.0 19.0 18.0 
18.0 17.0 16.0 15.0 14.0 13.0 12.0 11.0 10.0 9.0 8.0 7.0 6.0 5.0 4.0 3.0 2.0 1.0 0.0 1.0 2.0 3.0 4.0 5.0 6.0 7.0 8.0 9.0 10.0 11.0 12.0 13.0 14.0 15.0 16.0 17.0 18.0 19.0 20.0 21.0 22.0 23.0 24.0 25.0 26.0 27.0 28.0 29.0 30.0 31.0 32.0 33.0 34.0 35.0 36.0 37.0 38.0 39.0 40.0 41.0 42.0 43.0 44.0 45.0 46.0 47.0 48.0 49.0 50.0 51.0 52.0 53.0 54.0 55.0 56.0 57.0 58.0 59.0 60.0 61.0 62.0 63.0 64.0 63.0 62.0 61.0 60.0 59.0 58.0 57.0 56.0 55.0 54.0 53.0 52.0 51.0 50.0 49.0 48.0 47.0 46.0 45.0 44.0 43.0 42.0 41.0 40.0 39.0 38.0 37.0 36.0 35.0 34.0 33.0 32.0 31.0 30.0 29.0 28.0 27.0 26.0 25.0 24.0 23.0 22.0 21.0 20.0 19.0 
19.0 18.0 17.0 16.0 15.0 14.0 13.0 12.0 11.0 10.0 9.0 8.0 7.0 6.0 5.0 4.0 3.0 2.0 1.0 0.0 1.0 2.0 3.0 4.0 5.0 6.0 7.0 8.0 9.0 10.0 11.0 12.0 13.0 14.0 15.0 16.0 17.0 18.0 19.0 20.0 21.0 22.0 23.0 24.0 25.0 26.0 27.0 28.0 29.0 30.0 31.0 32.0 33.0 34.0 35.0 36.0 37.0 38.0 39.0 40.0 41.0 42.0 43.0 44.0 45.0 46.0 47.0 48.0 49.0 50.0 51.0 52.0 53.0 54.0 55.0 56.0 57.0 58.0 59.0 60.0 61.0 62.0 63.0 64.0 63.0 62.0 61.0 60.0 59.0 58.0 57.0 56.0 55.0 54.0 53.0 52.0 51.0 50.0 49.0 48.0 47.0 46.0 45.0 44.0 43.0 42.0 41.0 40.0 39.0 38.0 37.0 36.0 35.0 34.0 33.0 32.0 31.0 30.0 29.0 28.0 27.0 26.0 25.0 24.0 23.0 22.0 21.0 20.0 
20.0 19.0 18.0 17.0 16.0 15.0 14.0 13.0 12.0 11.0 10.0 9.0 8.0 7.0 6.0 5.0 4.0 3.0 2.0 1.0 0.0 1.0 2.0 3.0 4.0 5.0 6.0 7.0 8.0 9.0 10.0 11.0 12.0 13.0 14.0 15.0 16.0 17.0 18.0 19.0 20.0 21.0 22.0 23.0 24.0 25.0 26.0 27.0 28.0 29.0 30.0 31.0 32.0 33.0 34.0 35.0 36.0 37.0 38.0 39.0 40.0 41.0 42.0 43.0 44.0 45.0 46.0 47.0 48.0 49.0 50.0 51.0 52.0 53.0 54.0 55.0 56.0 57.0 58.0 59.0 60.0 61.0 62.0 63.0 64.0 63.0 62.0 61.0 60.0 59.0 58.0 57.0 56.0 55.0 54.0 53.0 52.0 51.0 50.0 49.0 48.0 47.0 46.0 45.0 44.0 43.0 42.0 41.0 40.0 39.0 38.0 37.0 36.0 35.0 34.0 33.0 32.0 31.0 30.0 29.0 28.0 27.0 26.0 25.0 24.0 23.0 22.0 21.0 
21.0 20.0 19.0 18.0 17.0 16.0 15.0 14.0 13.0 12.0 11.0 10.0 9.0 8.0 7.0 6.0 5.0 4.0 3.0 2.0 1.0 0.0 1.0 2.0 3.0 4.0 5.0 6.0 7.0 8.0 9.0 10.0 11.0 12.0 13.0 14.0 15.0 16.0 17.0 18.0 19.0 20.0 21.0 22.0 23.0 24.0 25.0 26.0 27.0 28.0 29.0 30.0 31.0 32.0 33.0 34.0 35.0 36.0 37.0 38.0 39.0 40.0 41.0 42.0 43.0 44.0 45.0 46.0 47.0 48.0 49.0 50.0 51.0 52.0 53.0 54.0 55.0 56.0 57.0 58.0 59.0 60.0 61.0 62.0 63.0 64.0 63.0 62.0 61.0 60.0 59.0 58.0 57.0 56.0 55.0 54.0 53.0 52.0 51.0 50.0 49.0 48.0 47.0 46.0 45.0 44.0 43.0 42.0 41.0 40.0 39.0 38.0 37.0 36.0 35.0 34.0 33.0 32.0 31.0 30.0 29.0 28.0 27.0 26.0 25.0 24.0 23.0 22.0 
22.0 21.0 20.0 19.0 18.0 17.0 16.0 15.0 14.0 13.0 12.0 11.0 10.0 9.0 8.0 7.0 6.0 5.0 4.0 3.0 2.0 1.0 0.0 1.0 2.0 3.0 4.0 5.0 6.0 7.0 8.0 9.0 10.0 11.0 12.0 13.0 14.0 15.0 16.0 17.0 18.0 19.0 20.0 21.0 22.0 23.0 24.0 25.0 26.0 27.0 28.0 29.0 30.0 31.0 32.0 33.0 34.0 35.0 36.0 37.0 38.0 39.0 40.0 41.0 42.0 43.0 44.0 45.0 46.0 47.0 48.0 49.0 50.0 51.0 52.0 53.0 54.0 55.0 56.0 57.0 58.0 59.0 60.0 61.0 62.0 63.0 64.0 63.0 62.0 61.0 60.0 59.0 58.0 57.0 56.0 55.0 54.0 53.0 52.0 51.0 50.0 49.0 48.0 47.0 46.0 45.0 44.0 43.0 42.0 41.0 40.0 39.0 38.0 37.0 36.0 35.0 34.0 33.0 32.0 31.0 30.0 29.0 28.0 27.0 26.0 25.0 24.0 23.0 
23.0 22.0 21.0 20.0 19.0 18.0 17.0 16.0 15.0 14.0 13.0 12.0 11.0 10.0 9.0 8.0 7.0 6.0 5.0 4.0 3.0 2.0 1.0 0.0 1.0 2.0 3.0 4.0 5.0 6.0 7.0 8.0 9.0 10.0 11.0 12.0 13.0 14.0 15.0 16.0 17.0 18.0 19.0 20.0 21.0 22.0 23.0 24.0 25.0 26.0 27.0 28.0 29.0 30.0 31.0 32.0 33.0 34.0 35.0 36.0 37.0 38.0 39.0 40.0 41.0 42.0 43.0 44.0 45.0 46.0 47.0 48.0 49.0 50.0 51.0 52.0 53.0 54.0 55.0 56.0 57.0 58.0 59.0 60.0 61.0 62.0 63.0 64.0 63.0 62.0 61.0 60.0 59.0 58.0 57.0 56.0 55.0 54.0 53.0 52.0 51.0 50.0 49.0 48.0 47.0 46.0 45.0 44.0 43.0 42.0 41.0 40.0 39.0 38.0 37.0 36.0 35.0 34.0 33.0 32.0 31.0 30.0 29.0 28.0 27.0 26.0 25.0 24.0 
24.0 23.0 22.0 21.0 20.0 19.0 18.0 17.0 16.0 15.0 14.0 13.0 12.0 11.0 10.0 9.0 8.0 7.0 6.0 5.0 4.0 3.0 2.0 1.0 0.0 1.0 2.0 3.0 4.0 5.0 6.0 7.0 8.0 9.0 10.0 11.0 12.0 13.0 14.0 15.0 16.0 17.0 18.0 19.0 20.0 21.0 22.0 23.0 24.0 25.0 26.0 27.0 28.0 29.0 30.0 31.0 32.0 33.0 34.0 35.0 36.0 37.0 38.0 39.0 40.0 41.0 42.0 43.0 44.0 45.0 46.0 47.0 48.0 49.0 50.0 51.0 52.0 53.0 54.0 55.0 56.0 57.0 58.0 59.0 60.0 61.0 62.0 63.0 64.0 63.0 62.0 61.0 60.0 59.0 58.0 57.0 56.0 55.0 54.0 53.0 52.0 51.0 50.0 49.0 48.0 47.0 46.0 45.0 44.0 43.0 42.0 41.0 40.0 39.0 38.0 37.0 36.0 35.0 34.0 33.0 32.0 31.0 30.0 29.0 28.0 27.0 26.0 25.0 
25.0 24.0 23.0 22.0 21.0 20.0 19.0 18.0 17.0 16.0 15.0 14.0 13.0 12.0 11.0 10.0 9.0 8.0 7.0 6.0 5.0 4.0 3.0 2.0 1.0 0.0 1.0 2.0 3.0 4.0 5.0 6.0 7.0 8.0 9.0 10.0 11.0 12.0 13.0 14.0 15.0 16.0 17.0 18.0 19.0 20.0 21.0 22.0 23.0 24.0 25.0 26.0 27.0 28.0 29.0 30.0 31.0 32.0 33.0 34.0 35.0 36.0 37.0 38.0 39.0 40.0 41.0 42.0 43.0 44.0 45.0 46.0 47.0 48.0 49.0 50.0 51.0 52.0 53.0 54.0 55.0 56.0 57.0 58.0 59.0 60.0 61.0 62.0 63.0 64.0 63.0 62.0 61.0 60.0 59.0 58.0 57.0 56.0 55.0 54.0 53.0 52.0 51.0 50.0 49.0 48.0 47.0 46.0 45.0 44.0 43.0 42.0 41.0 40.0 39.0 38.0 37.0 36.0 35.0 34.0 33.0 32.0 31.0 30.0 29.0 28.0 27.0 26.0 
26.0 25.0 24.0 23.0 22.0 21.0 20.0 19.0 18.0 17.0 16.0 15.0 14.0 13.0 12.0 11.0 10.0 9.0 8.0 7.0 6.0 5.0 4.0 3.0 2.0 1.0 0.0 1.0 2.0 3.0 4.0 5.0 6.0 7.0 8.0 9.0 10.0 11.0 12.0 13.0 14.0 15.0 16.0 17.0 18.0 19.0 20.0 21.0 22.0 23.0 24.0 25.0 26.0 27.0 28.0 29.0 30.0 31.0 32.0 33.0 34.0 35.0 36.0 37.0 38.0 39.0 40.0 41.0 42.0 43.0 44.0 45.0 46.0 47.0 48.0 49.0 50.0 51.0 52.0 53.0 54.0 55.0 56.0 57.0 58.0 59.0 60.0 61.0 62.0 63.0 64.0 63.0 62.0 61.0 60.0 59.0 58.0 57.0 56.0 55.0 54.0 53.0 52.0 51.0 50.0 49.0 48.0 47.0 46.0 45.0 44.0 43.0 42.0 41.0 40.0 39.0 38.0 37.0 36.0 35.0 34.0 33.0 32.0 31.0 30.0 29.0 28.0 27.0 
27.0 26.0 25.0 24.0 23.0 22.0 21.0 20.0 19.0 18.0 17.0 16.0 15.0 14.0 13.0 12.0 11.0 10.0 9.0 8.0 7.0 6.0 5.0 4.0 3.0 2.0 1.0 0.0 1.0 2.0 3.0 4.0 5.0 6.0 7.0 8.0 9.0 10.0 11.0 12.0 13.0 14.0 15.0 16.0 17.0 18.0 19.0 20.0 21.0 22.0 23.0 24.0 25.0 26.0 27.0 28.0 29.0 30.0 31.0 32.0 33.0 34.0 35.0 36.0 37.0 38.0 39.0 40.0 41.0 42.0 43.0 44.0 45.0 46.0 47.0 48.0 49.0 50.0 51.0 52.0 53.0 54.0 55.0 56.0 57.0 58.0 59.0 60.0 61.0 62.0 63.0 64.0 63.0 62.0 61.0 60.0 59.0 58.0 57.0 56.0 55.0 54.0 53.0 52.0 51.0 50.0 49.0 48.0 47.0 46.0 45.0 44.0 43.0 42.0 41.0 40.0 39.0 38.0 37.0 36.0 35.0 34.0 33.0 32.0 31.0 30.0 29.0 28.0 
28.0 27.0 26.0 25.0 24.0 23.0 22.0 21.0 20.0 19.0 18.0 17.0 16.0 15.0 14.0 13.0 12.0 11.0 10.0 9.0 8.0 7.0 6.0 5.0 4.0 3.0 2.0 1.0 0.0 1.0 2.0 3.0 4.0 5.0 6.0 7.0 8.0 9.0 10.0 11.0 12.0 13.0 14.0 15.0 16.0 17.0 18.0 19.0 20.0 21.0 22.0 23.0 24.0 25.0 26.0 27.0 28.0 29.0 30.0 31.0 32.0 33.0 34.0 35.0 36.0 37.0 38.0 39.0 40.0 41.0 42.0 43.0 44.0 45.0 46.0 47.0 48.0 49.0 50.0 51.0 52.0 53.0 54.0 55.0 56.0 57.0 58.0 59.0 60.0 61.0 62.0 63.0 64.0 63.0 62.0 61.0 60.0 59.0 58.0 57.0 56.0 55.0 54.0 53.0 52.0 51.0 50.0 49.0 48.0 47.0 46.0 45.0 44.0 43.0 42.0 41.0 40.0 39.0 38.0 37.0 36.0 35.0 34.0 33.0 32.0 31.0 30.0 29.0 
29.0 28.0 27.0 26.0 25.0 24.0 23.0 22.0 21.0 20.0 19.0 18.0 17.0 16.0 15.0 14.0 13.0 12.0 11.0 10.0 9.0 8.0 7.0 6.0 5.0 4.0 3.0 2.0 1.0 0.0 1.0 2.0 3.0 4.0 5.0 6.0 7.0 8.0 9.0 10.0 11.0 12.0 13.0 14.0 15.0 16.0 17.0 18.0 19.0 20.0 21.0 22.0 23.0 24.0 25.0 26.0 27.0 28.0 29.0 30.0 31.0 32.0 33.0 34.0 35.0 36.0 37.0 38.0 39.0 40.0 41.0 42.0 43.0 44.0 45.0 46.0 47.0 48.0 49.0 50.0 51.0 52.0 53.0 54.0 55.0 56.0 57.0 58.0 59.0 60.0 61.0 62.0 63.0 64.0 63.0 62.0 61.0 60.0 59.0 58.0 57.0 56.0 55.0 54.0 53.0 52.0 51.0 50.0 49.0 48.0 47.0 46.0 45.0 44.0 43.0 42.0 41.0 40.0 39.0 38.0 37.0 36.0 35.0 34.0 33.0 32.0 31.0 30.0 
30.0 29.0 28.0 27.0 26.0 25.0 24.0 23.0 22.0 21.0 20.0 19.0 18.0 17.0 16.0 15.0 14.0 13.0 12.0 11.0 10.0 9.0 8.0 7.0 6.0 5.0 4.0 3.0 2.0 1.0 0.0 1.0 2.0 3.0 4.0 5.0 6.0 7.0 8.0 9.0 10.0 11.0 12.0 13.0 14.0 15.0 16.0 17.0 18.0 19.0 20.0 21.0 22.0 23.0 24.0 25.0 26.0 27.0 28.0 29.0 30.0 31.0 32.0 33.0 34.0 35.0 36.0 37.0 38.0 39.0 40.0 41.0 42.0 43.0 44.0 45.0 46.0 47.0 48.0 49.0 50.0 51.0 52.0 53.0 54.0 55.0 56.0 57.0 58.0 59.0 60.0 61.0 62.0 63.0 64.0 63.0 62.0 61.0 60.0 59.0 58.0 57.0 56.0 55.0 54.0 53.0 52.0 51.0 50.0 49.0 48.0 47.0 46.0 45.0 44.0 43.0 42.0 41.0 40.0 39.0 38.0 37.0 36.0 35.0 34.0 33.0 32.0 31.0 
31.0 30.0 29.0 28.0 27.0 26.0 25.0 24.0 23.0 22.0 21.0 20.0 19.0 18.0 17.0 16.0 15.0 14.0 13.0 12.0 11.0 10.0 9.0 8.0 7.0 6.0 5.0 4.0 3.0 2.0 1.0 0.0 1.0 2.0 3.0 4.0 5.0 6.0 7.0 8.0 9.0 10.0 11.0 12.0 13.0 14.0 15.0 16.0 17.0 18.0 19.0 20.0 21.0 22.0 23.0 24.0 25.0 26.0 27.0 28.0 29.0 30.0 31.0 32.0 33.0 34.0 35.0 36.0 37.0 38.0 39.0 40.0 41.0 42.0 43.0 44.0 45.0 46.0 47.0 48.0 49.0 50.0 51.0 52.0 53.0 54.0 55.0 56.0 57.0 58.0 59.0 60.0 61.0 62.0 63.0 64.0 63.0 62.0 61.0 60.0 59.0 58.0 57.0 56.0 55.0 54.0 53.0 52.0 51.0 50.0 49.0 48.0 47.0 46.0 45.0 44.0 43.0 42.0 41.0 40.0 39.0 38.0 37.0 36.0 35.0 34.0 33.0 32.0 
32.0 31.0 30.0 29.0 28.0 27.0 26.0 25.0 24.0 23.0 22.0 21.0 20.0 19.0 18.0 17.0 16.0 15.0 14.0 13.0 12.0 11.0 10.0 9.0 8.0 7.0 6.0 5.0 4.0 3.0 2.0 1.0 0.0 1.0 2.0 3.0 4.0 5.0 6.0 7.0 8.0 9.0 10.0 11.0 12.0 13.0 14.0 15.0 16.0 17.0 18.0 19.0 20.0 21.0 22.0 23.0 24.0 25.0 26.0 27.0 28.0 29.0 30.0 31.0 32.0 33.0 34.0 35.0 36.0 37.0 38.0 39.0 40.0 41.0 42.0 43.0 44.0 45.0 46.0 47.0 48.0 49.0 50.0 51.0 52.0 53.0 54.0 55.0 56.0 57.0 58.0 59.0 60.0 61.0 62.0 63.0 64.0 63.0 62.0 61.0 60.0 59.0 58.0 57.0 56.0 55.0 54.0 53.0 52.0 51.0 50.0 49.0 48.0 47.0 46.0 45.0 44.0 43.0 42.0 41.0 40.0 39.0 38.0 37.0 36.0 35.0 34.0 33.0 
33.0 32.0 31.0 30.0 29.0 28.0 27.0 26.0 25.0 24.0 23.0 22.0 21.0 20.0 19.0 18.0 17.0 16.0 15.0 14.0 13.0 12.0 11.0 10.0 9.0 8.0 7.0 6.0 5.0 4.0 3.0 2.0 1.0 0.0 1.0 2.0 3.0 4.0 5.0 6.0 7.0 8.0 9.0 10.0 11.0 12.0 13.0 14.0 15.0 16.0 17.0 18.0 19.0 20.0 21.0 22.0 23.0 24.0 25.0 26.0 27.0 28.0 29.0 30.0 31.0 32.0 33.0 34.0 35.0 36.0 37.0 38.0 39.0 40.0 41.0 42.0 43.0 44.0 45.0 46.0 47.0 48.0 49.0 50.0 51.0 52.0 53.0 54.0 55.0 56.0 57.0 58.0 59.0 60.0 61.0 62.0 63.0 64.0 63.0 62.0 61.0 60.0 59.0 58.0 57.0 56.0 55.0 54.0 53.0 52.0 51.0 50.0 49.0 48.0 47.0 46.0 45.0 44.0 43.0 42.0 41.0 40.0 39.0 38.0 37.0 36.0 35.0 34.0 
34.0 33.0 32.0 31.0 30.0 29.0 28.0 27.0 26.0 25.0 24.0 23.0 22.0 21.0 20.0 19.0 18.0 17.0 16.0 15.0 14.0 13.0 12.0 11.0 10.0 9.0 8.0 7.0 6.0 5.0 4.0 3.0 2.0 1.0 0.0 1.0 2.0 3.0 4.0 5.0 6.0 7.0 8.0 9.0 10.0 11.0 12.0 13.0 14.0 15.0 16.0 17.0 18.0 19.0 20.0 21.0 22.0 23.0 24.0 25.0 26.0 27.0 28.0 29.0 30.0 31.0 32.0 33.0 34.0 35.0 36.0 37.0 38.0 39.0 40.0 41.0 42.0 43.0 44.0 45.0 46.0 47.0 48.0 49.0 50.0 51.0 52.0 53.0 54.0 55.0 56.0 57.0 58.0 59.0 60.0 61.0 62.0 63.0 64.0 63.0 62.0 61.0 60.0 59.0 58.0 57.0 56.0 55.0 54.0 53.0 52.0 51.0 50.0 49.0 48.0 47.0 46.0 45.0 44.0 43.0 42.0 41.0 40.0 39.0 38.0 37.0 36.0 35.0 
35.0 34.0 33.0 32.0 31.0 30.0 29.0 28.0 27.0 26.0 25.0 24.0 23.0 22.0 21.0 20.0 19.0 18.0 17.0 16.0 15.0 14.0 13.0 12.0 11.0 10.0 9.0 8.0 7.0 6.0 5.0 4.0 3.0 2.0 1.0 0.0 1.0 2.0 3.0 4.0 5.0 6.0 7.0 8.0 9.0 10.0 11.0 12.0 13.0 14.0 15.0 16.0 17.0 18.0 19.0 20.0 21.0 22.0 23.0 24.0 25.0 26.0 27.0 28.0 29.0 30.0 31.0 32.0 33.0 34.0 35.0 36.0 37.0 38.0 39.0 40.0 41.0 42.0 43.0 44.0 45.0 46.0 47.0 48.0 49.0 50.0 51.0 52.0 53.0 54.0 55.0 56.0 57.0 58.0 59.0 60.0 61.0 62.0 63.0 64.0 63.0 62.0 61.0 60.0 59.0 58.0 57.0 56.0 55.0 54.0 53.0 52.0 51.0 50.0 49.0 48.0 47.0 46.0 45.0 44.0 43.0 42.0 41.0 40.0 39.0 38.0 37.0 36.0 
36.0 35.0 34.0 33.0 32.0 31.0 30.0 29.0 28.0 27.0 26.0 25.0 24.0 23.0 22.0 21.0 20.0 19.0 18.0 17.0 16.0 15.0 14.0 13.0 12.0 11.0 10.0 9.0 8.0 7.0 6.0 5.0 4.0 3.0 2.0 1.0 0.0 1.0 2.0 3.0 4.0 5.0 6.0 7.0 8.0 9.0 10.0 11.0 12.0 13.0 14.0 15.0 16.0 17.0 18.0 19.0 20.0 21.0 22.0 23.0 24.0 25.0 26.0 27.0 28.0 29.0 30.0 31.0 32.0 33.0 34.0 35.0 36.0 37.0 38.0 39.0 40.0 41.0 42.0 43.0 44.0 45.0 46.0 47.0 48.0 49.0 50.0 51.0 52.0 53.0 54.0 55.0 56.0 57.0 58.0 59.0 60.0 61.0 62.0 63.0 64.0 63.0 62.0 61.0 60.0 59.0 58.0 57.0 56.0 55.0 54.0 53.0 52.0 51.0 50.0 49.0 48.0 47.0 46.0 45.0 44.0 43.0 42.0 41.0 40.0 39.0 38.0 37.0 
37.0 36.0 35.0 34.0 33.0 32.0 31.0 30.0 29.0 28.0 27.0 26.0 25.0 24.0 23.0 22.0 21.0 20.0 19.0 18.0 17.0 16.0 15.0 14.0 13.0 12.0 11.0 10.0 9.0 8.0 7.0 6.0 5.0 4.0 3.0 2.0 1.0 0.0 1.0 2.0 3.0 4.0 5.0 6.0 7.0 8.0 9.0 10.0 11.0 12.0 13.0 14.0 15.0 16.0 17.0 18.0 19.0 20.0 21.0 22.0 23.0 24.0 25.0 26.0 27.0 28.0 29.0 30.0 31.0 32.0 33.0 34.0 35.0 36.0 37.0 38.0 39.0 40.0 41.0 42.0 43.0 44.0 45.0 46.0 47.0 48.0 49.0 50.0 51.0 52.0 53.0 54.0 55.0 56.0 57.0 58.0 59.0 60.0 61.0 62.0 63.0 64.0 63.0 62.0 61.0 60.0 59.0 58.0 57.0 56.0 55.0 54.0 53.0 52.0 51.0 50.0 49.0 48.0 47.0 46.0 45.0 44.0 43.0 42.0 41.0 40.0 39.0 38.0 
38.0 37.0 36.0 35.0 34.0 33.0 32.0 31.0 30.0 29.0 28.0 27.0 26.0 25.0 24.0 23.0 22.0 21.0 20.0 19.0 18.0 17.0 16.0 15.0 14.0 13.0 12.0 11.0 10.0 9.0 8.0 7.0 6.0 5.0 4.0 3.0 2.0 1.0 0.0 1.0 2.0 3.0 4.0 5.0 6.0 7.0 8.0 9.0 10.0 11.0 12.0 13.0 14.0 15.0 16.0 17.0 18.0 19.0 20.0 21.0 22.0 23.0 24.0 25.0 26.0 27.0 28.0 29.0 30.0 31.0 32.0 33.0 34.0 35.0 36.0 37.0 38.0 39.0 40.0 41.0 42.0 43.0 44.0 45.0 46.0 47.0 48.0 49.0 50.0 51.0 52.0 53.0 54.0 55.0 56.0 57.0 58.0 59.0 60.0 61.0 62.0 63.0 64.0 63.0 62.0 61.0 60.0 59.0 58.0 57.0 56.0 55.0 54.0 53.0 52.0 51.0 50.0 49.0 48.0 47.0 46.0 45.0 44.0 43.0 42.0 41.0 40.0 39.0 
39.0 38.0 37.0 36.0 35.0 34.0 33.0 32.0 31.0 30.0 29.0 28.0 27.0 26.0 25.0 24.0 23.0 22.0 21.0 20.0 19.0 18.0 17.0 16.0 15.0 14.0 13.0 12.0 11.0 10.0 9.0 8.0 7.0 6.0 5.0 4.0 3.0 2.0 1.0 0.0 1.0 2.0 3.0 4.0 5.0 6.0 7.0 8.0 9.0 10.0 11.0 12.0 13.0 14.0 15.0 16.0 17.0 18.0 19.0 20.0 21.0 22.0 23.0 24.0 25.0 26.0 27.0 28.0 29.0 30.0 31.0 32.0 33.0 34.0 35.0 36.0 37.0 38.0 39.0 40.0 41.0 42.0 43.0 44.0 45.0 46.0 47.0 48.0 49.0 50.0 51.0 52.0 53.0 54.0 55.0 56.0 57.0 58.0 59.0 60.0 61.0 62.0 63.0 64.0 63.0 62.0 61.0 60.0 59.0 58.0 57.0 56.0 55.0 54.0 53.0 52.0 51.0 50.0 49.0 48.0 47.0 46.0 45.0 44.0 43.0 42.0 41.0 40.0 
40.0 39.0 38.0 37.0 36.0 35.0 34.0 33.0 32.0 31.0 30.0 29.0 28.0 27.0 26.0 25.0 24.0 23.0 22.0 21.0 20.0 19.0 18.0 17.0 16.0 15.0 14.0 13.0 12.0 11.0 10.0 9.0 8.0 7.0 6.0 5.0 4.0 3.0 2.0 1.0 0.0 1.0 2.0 3.0 4.0 5.0 6.0 7.0 8.0 9.0 10.0 11.0 12.0 13.0 14.0 15.0 16.0 17.0 18.0 19.0 20.0 21.0 22.0 23.0 24.0 25.0 26.0 27.0 28.0 29.0 30.0 31.0 32.0 33.0 34.0 35.0 36.0 37.0 38.0 39.0 40.0 41.0 42.0 43.0 44.0 45.0 46.0 47.0 48.0 49.0 50.0 51.0 52.0 53.0 54.0 55.0 56.0 57.0 58.0 59.0 60.0 61.0 62.0 63.0 64.0 63.0 62.0 61.0 60.0 59.0 58.0 57.0 56.0 55.0 54.0 53.0 52.0 51.0 50.0 49.0 48.0 47.0 46.0 45.0 44.0 43.0 42.0 41.0 
41.0 40.0 39.0 38.0 37.0 36.0 35.0 34.0 33.0 32.0 31.0 30.0 29.0 28.0 27.0 26.0 25.0 24.0 23.0 22.0 21.0 20.0 19.0 18.0 17.0 16.0 15.0 14.0 13.0 12.0 11.0 10.0 9.0 8.0 7.0 6.0 5.0 4.0 3.0 2.0 1.0 0.0 1.0 2.0 3.0 4.0 5.0 6.0 7.0 8.0 9.0 10.0 11.0 12.0 13.0 14.0 15.0 16.0 17.0 18.0 19.0 20.0 21.0 22.0 23.0 24.0 25.0 26.0 27.0 28.0 29.0 30.0 31.0 32.0 33.0 34.0 35.0 36.0 37.0 38.0 39.0 40.0 41.0 42.0 43.0 44.0 45.0 46.0 47.0 48.0 49.0 50.0 51.0 52.0 53.0 54.0 55.0 56.0 57.0 58.0 59.0 60.0 61.0 62.0 63.0 64.0 63.0 62.0 61.0 60.0 59.0 58.0 57.0 56.0 55.0 54.0 53.0 52.0 51.0 50.0 49.0 48.0 47.0 46.0 45.0 44.0 43.0 42.0 
42.0 41.0 40.0 39.0 38.0 37.0 36.0 35.0 34.0 33.0 32.0 31.0 30.0 29.0 28.0 27.0 26.0 25.0 24.0 23.0 22.0 21.0 20.0 19.0 18.0 17.0 16.0 15.0 14.0 13.0 12.0 11.0 10.0 9.0 8.0 7.0 6.0 5.0 4.0 3.0 2.0 1.0 0.0 1.0 2.0 3.0 4.0 5.0 6.0 7.0 8.0 9.0 10.0 11.0 12.0 13.0 14.0 15.0 16.0 17.0 18.0 19.0 20.0 21.0 22.0 23.0 24.0 25.0 26.0 27.0 28.0 29.0 30.0 31.0 32.0 33.0 34.0 35.0 36.0 37.0 38.0 39.0 40.0 41.0 42.0 43.0 44.0 45.0 46.0 47.0 48.0 49.0 50.0 51.0 52.0 53.0 54.0 55.0 56.0 57.0 58.0 59.0 60.0 61.0 62.0 63.0 64.0 63.0 62.0 61.0 60.0 59.0 58.0 57.0 56.0 55.0 54.0 53.0 52.0 51.0 50.0 49.0 48.0 47.0 46.0 45.0 44.0 43.0 
43.0 42.0 41.0 40.0 39.0 38.0 37.0 36.0 35.0 34.0 33.0 32.0 31.0 30.0 29.0 28.0 27.0 26.0 25.0 24.0 23.0 22.0 21.0 20.0 19.0 18.0 17.0 16.0 15.0 14.0 13.0 12.0 11.0 10.0 9.0 8.0 7.0 6.0 5.0 4.0 3.0 2.0 1.0 0.0 1.0 2.0 3.0 4.0 5.0 6.0 7.0 8.0 9.0 10.0 11.0 12.0 13.0 14.0 15.0 16.0 17.0 18.0 19.0 20.0 21.0 22.0 23.0 24.0 25.0 26.0 27.0 28.0 29.0 30.0 31.0 32.0 33.0 34.0 35.0 36.0 37.0 38.0 39.0 40.0 41.0 42.0 43.0 44.0 45.0 46.0 47.0 48.0 49.0 50.0 51.0 52.0 53.0 54.0 55.0 56.0 57.0 58.0 59.0 60.0 61.0 62.0 63.0 64.0 63.0 62.0 61.0 60.0 59.0 58.0 57.0 56.0 55.0 54.0 53.0 52.0 51.0 50.0 49.0 48.0 47.0 46.0 45.0 44.0 
44.0 43.0 42.0 41.0 40.0 39.0 38.0 37.0 36.0 35.0 34.0 33.0 32.0 31.0 30.0 29.0 28.0 27.0 26.0 25.0 24.0 23.0 22.0 21.0 20.0 19.0 18.0 17.0 16.0 15.0 14.0 13.0 12.0 11.0 10.0 9.0 8.0 7.0 6.0 5.0 4.0 3.0 2.0 1.0 0.0 1.0 2.0 3.0 4.0 5.0 6.0 7.0 8.0 9.0 10.0 11.0 12.0 13.0 14.0 15.0 16.0 17.0 18.0 19.0 20.0 21.0 22.0 23.0 24.0 25.0 26.0 27.0 28.0 29.0 30.0 31.0 32.0 33.0 34.0 35.0 36.0 37.0 38.0 39.0 40.0 41.0 42.0 43.0 44.0 45.0 46.0 47.0 48.0 49.0 50.0 51.0 52.0 53.0 54.0 55.0 56.0 57.0 58.0 59.0 60.0 61.0 62.0 63.0 64.0 63.0 62.0 61.0 60.0 59.0 58.0 57.0 56.0 55.0 54.0 53.0 52.0 51.0 50.0 49.0 48.0 47.0 46.0 45.0 
45.0 44.0 43.0 42.0 41.0 40.0 39.0 38.0 37.0 36.0 35.0 34.0 33.0 32.0 31.0 30.0 29.0 28.0 27.0 26.0 25.0 24.0 23.0 22.0 21.0 20.0 19.0 18.0 17.0 16.0 15.0 14.0 13.0 12.0 11.0 10.0 9.0 8.0 7.0 6.0 5.0 4.0 3.0 2.0 1.0 0.0 1.0 2.0 3.0 4.0 5.0 6.0 7.0 8.0 9.0 10.0 11.0 12.0 13.0 14.0 15.0 16.0 17.0 18.0 19.0 20.0 21.0 22.0 23.0 24.0 25.0 26.0 27.0 28.0 29.0 30.0 31.0 32.0 33.0 34.0 35.0 36.0 37.0 38.0 39.0 40.0 41.0 42.0 43.0 44.0 45.0 46.0 47.0 48.0 49.0 50.0 51.0 52.0 53.0 54.0 55.0 56.0 57.0 58.0 59.0 60.0 61.0 62.0 63.0 64.0 63.0 62.0 61.0 60.0 59.0 58.0 57.0 56.0 55.0 54.0 53.0 52.0 51.0 50.0 49.0 48.0 47.0 46.0 
46.0 45.0 44.0 43.0 42.0 41.0 40.0 39.0 38.0 37.0 36.0 35.0 34.0 33.0 32.0 31.0 30.0 29.0 28.0 27.0 26.0 25.0 24.0 23.0 22.0 21.0 20.0 19.0 18.0 17.0 16.0 15.0 14.0 13.0 12.0 11.0 10.0 9.0 8.0 7.0 6.0 5.0 4.0 3.0 2.0 1.0 0.0 1.0 2.0 3.0 4.0 5.0 6.0 7.0 8.0 9.0 10.0 11.0 12.0 13.0 14.0 15.0 16.0 17.0 18.0 19.0 20.0 21.0 22.0 23.0 24.0 25.0 26.0 27.0 28.0 29.0 30.0 31.0 32.0 33.0 34.0 35.0 36.0 37.0 38.0 39.0 40.0 41.0 42.0 43.0 44.0 45.0 46.0 47.0 48.0 49.0 50.0 51.0 52.0 53.0 54.0 55.0 56.0 57.0 58.0 59.0 60.0 61.0 62.0 63.0 64.0 63.0 62.0 61.0 60.0 59.0 58.0 57.0 56.0 55.0 54.0 53.0 52.0 51.0 50.0 49.0 48.0 47.0 
47.0 46.0 45.0 44.0 43.0 42.0 41.0 40.0 39.0 38.0 37.0 36.0 35.0 34.0 33.0 32.0 31.0 30.0 29.0 28.0 27.0 26.0 25.0 24.0 23.0 22.0 21.0 20.0 19.0 18.0 17.0 16.0 15.0 14.0 13.0 12.0 11.0 10.0 9.0 8.0 7.0 6.0 5.0 4.0 3.0 2.0 1.0 0.0 1.0 2.0 3.0 4.0 5.0 6.0 7.0 8.0 9.0 10.0 11.0 12.0 13.0 14.0 15.0 16.0 17.0 18.0 19.0 20.0 21.0 22.0 23.0 24.0 25.0 26.0 27.0 28.0 29.0 30.0 31.0 32.0 33.0 34.0 35.0 36.0 37.0 38.0 39.0 40.0 41.0 42.0 43.0 44.0 45.0 46.0 47.0 48.0 49.0 50.0 51.0 52.0 53.0 54.0 55.0 56.0 57.0 58.0 59.0 60.0 61.0 62.0 63.0 64.0 63.0 62.0 61.0 60.0 59.0 58.0 57.0 56.0 55.0 54.0 53.0 52.0 51.0 50.0 49.0 48.0 
48.0 47.0 46.0 45.0 44.0 43.0 42.0 41.0 40.0 39.0 38.0 37.0 36.0 35.0 34.0 33.0 32.0 31.0 30.0 29.0 28.0 27.0 26.0 25.0 24.0 23.0 22.0 21.0 20.0 19.0 18.0 17.0 16.0 15.0 14.0 13.0 12.0 11.0 10.0 9.0 8.0 7.0 6.0 5.0 4.0 3.0 2.0 1.0 0.0 1.0 2.0 3.0 4.0 5.0 6.0 7.0 8.0 9.0 10.0 11.0 12.0 13.0 14.0 15.0 16.0 17.0 18.0 19.0 20.0 21.0 22.0 23.0 24.0 25.0 26.0 27.0 28.0 29.0 30.0 31.0 32.0 33.0 34.0 35.0 36.0 37.0 38.0 39.0 40.0 41.0 42.0 43.0 44.0 45.0 46.0 47.0 48.0 49.0 50.0 51.0 52.0 53.0 54.0 55.0 56.0 57.0 58.0 59.0 60.0 61.0 62.0 63.0 64.0 63.0 62.0 61.0 60.0 59.0 58.0 57.0 56.0 55.0 54.0 53.0 52.0 51.0 50.0 49.0 
49.0 48.0 47.0 46.0 45.0 44.0 43.0 42.0 41.0 40.0 39.0 38.0 37.0 36.0 35.0 34.0 33.0 32.0 31.0 30.0 29.0 28.0 27.0 26.0 25.0 24.0 23.0 22.0 21.0 20.0 19.0 18.0 17.0 16.0 15.0 14.0 13.0 12.0 11.0 10.0 9.0 8.0 7.0 6.0 5.0 4.0 3.0 2.0 1.0 0.0 1.0 2.0 3.0 4.0 5.0 6.0 7.0 8.0 9.0 10.0 11.0 12.0 13.0 14.0 15.0 16.0 17.0 18.0 19.0 20.0 21.0 22.0 23.0 24.0 25.0 26.0 27.0 28.0 29.0 30.0 31.0 32.0 33.0 34.0 35.0 36.0 37.0 38.0 39.0 40.0 41.0 42.0 43.0 44.0 45.0 46.0 47.0 48.0 49.0 50.0 51.0 52.0 53.0 54.0 55.0 56.0 57.0 58.0 59.0 60.0 61.0 62.0 63.0 64.0 63.0 62.0 61.0 60.0 59.0 58.0 57.0 56.0 55.0 54.0 53.0 52.0 51.0 50.0 
50.0 49.0 48.0 47.0 46.0 45.0 44.0 43.0 42.0 41.0 40.0 39.0 38.0 37.0 36.0 35.0 34.0 33.0 32.0 31.0 30.0 29.0 28.0 27.0 26.0 25.0 24.0 23.0 22.0 21.0 20.0 19.0 18.0 17.0 16.0 15.0 14.0 13.0 12.0 11.0 10.0 9.0 8.0 7.0 6.0 5.0 4.0 3.0 2.0 1.0 0.0 1.0 2.0 3.0 4.0 5.0 6.0 7.0 8.0 9.0 10.0 11.0 12.0 13.0 14.0 15.0 16.0 17.0 18.0 19.0 20.0 21.0 22.0 23.0 24.0 25.0 26.0 27.0 28.0 29.0 30.0 31.0 32.0 33.0 34.0 35.0 36.0 37.0 38.0 39.0 40.0 41.0 42.0 43.0 44.0 45.0 46.0 47.0 48.0 49.0 50.0 51.0 52.0 53.0 54.0 55.0 56.0 57.0 58.0 59.0 60.0 61.0 62.0 63.0 64.0 63.0 62.0 61.0 60.0 59.0 58.0 57.0 56.0 55.0 54.0 53.0 52.0 51.0 
51.0 50.0 49.0 48.0 47.0 46.0 45.0 44.0 43.0 42.0 41.0 40.0 39.0 38.0 37.0 36.0 35.0 34.0 33.0 32.0 31.0 30.0 29.0 28.0 27.0 26.0 25.0 24.0 23.0 22.0 21.0 20.0 19.0 18.0 17.0 16.0 15.0 14.0 13.0 12.0 11.0 10.0 9.0 8.0 7.0 6.0 5.0 4.0 3.0 2.0 1.0 0.0 1.0 2.0 3.0 4.0 5.0 6.0 7.0 8.0 9.0 10.0 11.0 12.0 13.0 14.0 15.0 16.0 17.0 18.0 19.0 20.0 21.0 22.0 23.0 24.0 25.0 26.0 27.0 28.0 29.0 30.0 31.0 32.0 33.0 34.0 35.0 36.0 37.0 38.0 39.0 40.0 41.0 42.0 43.0 44.0 45.0 46.0 47.0 48.0 49.0 50.0 51.0 52.0 53.0 54.0 55.0 56.0 57.0 58.0 59.0 60.0 61.0 62.0 63.0 64.0 63.0 62.0 61.0 60.0 59.0 58.0 57.0 56.0 55.0 54.0 53.0 52.0 
52.0 51.0 50.0 49.0 48.0 47.0 46.0 45.0 44.0 43.0 42.0 41.0 40.0 39.0 38.0 37.0 36.0 35.0 34.0 33.0 32.0 31.0 30.0 29.0 28.0 27.0 26.0 25.0 24.0 23.0 22.0 21.0 20.0 19.0 18.0 17.0 16.0 15.0 14.0 13.0 12.0 11.0 10.0 9.0 8.0 7.0 6.0 5.0 4.0 3.0 2.0 1.0 0.0 1.0 2.0 3.0 4.0 5.0 6.0 7.0 8.0 9.0 10.0 11.0 12.0 13.0 14.0 15.0 16.0 17.0 18.0 19.0 20.0 21.0 22.0 23.0 24.0 25.0 26.0 27.0 28.0 29.0 30.0 31.0 32.0 33.0 34.0 35.0 36.0 37.0 38.0 39.0 40.0 41.0 42.0 43.0 44.0 45.0 46.0 47.0 48.0 49.0 50.0 51.0 52.0 53.0 54.0 55.0 56.0 57.0 58.0 59.0 60.0 61.0 62.0 63.0 64.0 63.0 62.0 61.0 60.0 59.0 58.0 57.0 56.0 55.0 54.0 53.0 
53.0 52.0 51.0 50.0 49.0 48.0 47.0 46.0 45.0 44.0 43.0 42.0 41.0 40.0 39.0 38.0 37.0 36.0 35.0 34.0 33.0 32.0 31.0 30.0 29.0 28.0 27.0 26.0 25.0 24.0 23.0 22.0 21.0 20.0 19.0 18.0 17.0 16.0 15.0 14.0 13.0 12.0 11.0 10.0 9.0 8.0 7.0 6.0 5.0 4.0 3.0 2.0 1.0 0.0 1.0 2.0 3.0 4.0 5.0 6.0 7.0 8.0 9.0 10.0 11.0 12.0 13.0 14.0 15.0 16.0 17.0 18.0 19.0 20.0 21.0 22.0 23.0 24.0 25.0 26.0 27.0 28.0 29.0 30.0 31.0 32.0 33.0 34.0 35.0 36.0 37.0 38.0 39.0 40.0 41.0 42.0 43.0 44.0 45.0 46.0 47.0 48.0 49.0 50.0 51.0 52.0 53.0 54.0 55.0 56.0 57.0 58.0 59.0 60.0 61.0 62.0 63.0 64.0 63.0 62.0 61.0 60.0 59.0 58.0 57.0 56.0 55.0 54.0 
54.0 53.0 52.0 51.0 50.0 49.0 48.0 47.0 46.0 45.0 44.0 43.0 42.0 41.0 40.0 39.0 38.0 37.0 36.0 35.0 34.0 33.0 32.0 31.0 30.0 29.0 28.0 27.0 26.0 25.0 24.0 23.0 22.0 21.0 20.0 19.0 18.0 17.0 16.0 15.0 14.0 13.0 12.0 11.0 10.0 9.0 8.0 7.0 6.0 5.0 4.0 3.0 2.0 1.0 0.0 1.0 2.0 3.0 4.0 5.0 6.0 7.0 8.0 9.0 10.0 11.0 12.0 13.0 14.0 15.0 16.0 17.0 18.0 19.0 20.0 21.0 22.0 23.0 24.0 25.0 26.0 27.0 28.0 29.0 30.0 31.0 32.0 33.0 34.0 35.0 36.0 37.0 38.0 39.0 40.0 41.0 42.0 43.0 44.0 45.0 46.0 47.0 48.0 49.0 50.0 51.0 52.0 53.0 54.0 55.0 56.0 57.0 58.0 59.0 60.0 61.0 62.0 63.0 64.0 63.0 62.0 61.0 60.0 59.0 58.0 57.0 56.0 55.0 
55.0 54.0 53.0 52.0 51.0 50.0 49.0 48.0 47.0 46.0 45.0 44.0 43.0 42.0 41.0 40.0 39.0 38.0 37.0 36.0 35.0 34.0 33.0 32.0 31.0 30.0 29.0 28.0 27.0 26.0 25.0 24.0 23.0 22.0 21.0 20.0 19.0 18.0 17.0 16.0 15.0 14.0 13.0 12.0 11.0 10.0 9.0 8.0 7.0 6.0 5.0 4.0 3.0 2.0 1.0 0.0 1.0 2.0 3.0 4.0 5.0 6.0 7.0 8.0 9.0 10.0 11.0 12.0 13.0 14.0 15.0 16.0 17.0 18.0 19.0 20.0 21.0 22.0 23.0 24.0 25.0 26.0 27.0 28.0 29.0 30.0 31.0 32.0 33.0 34.0 35.0 36.0 37.0 38.0 39.0 40.0 41.0 42.0 43.0 44.0 45.0 46.0 47.0 48.0 49.0 50.0 51.0 52.0 53.0 54.0 55.0 56.0 57.0 58.0 59.0 60.0 61.0 62.0 63.0 64.0 63.0 62.0 61.0 60.0 59.0 58.0 57.0 56.0 
56.0 55.0 54.0 53.0 52.0 51.0 50.0 49.0 48.0 47.0 46.0 45.0 44.0 43.0 42.0 41.0 40.0 39.0 38.0 37.0 36.0 35.0 34.0 33.0 32.0 31.0 30.0 29.0 28.0 27.0 26.0 25.0 24.0 23.0 22.0 21.0 20.0 19.0 18.0 17.0 16.0 15.0 14.0 13.0 12.0 11.0 10.0 9.0 8.0 7.0 6.0 5.0 4.0 3.0 2.0 1.0 0.0 1.0 2.0 3.0 4.0 5.0 6.0 7.0 8.0 9.0 10.0 11.0 12.0 13.0 14.0 15.0 16.0 17.0 18.0 19.0 20.0 21.0 22.0 23.0 24.0 25.0 26.0 27.0 28.0 29.0 30.0 31.0 32.0 33.0 34.0 35.0 36.0 37.0 38.0 39.0 40.0 41.0 42.0 43.0 44.0 45.0 46.0 47.0 48.0 49.0 50.0 51.0 52.0 53.0 54.0 55.0 56.0 57.0 58.0 59.0 60.0 61.0 62.0 63.0 64.0 63.0 62.0 61.0 60.0 59.0 58.0 57.0 
57.0 56.0 55.0 54.0 53.0 52.0 51.0 50.0 49.0 48.0 47.0 46.0 45.0 44.0 43.0 42.0 41.0 40.0 39.0 38.0 37.0 36.0 35.0 34.0 33.0 32.0 31.0 30.0 29.0 28.0 27.0 26.0 25.0 24.0 23.0 22.0 21.0 20.0 19.0 18.0 17.0 16.0 15.0 14.0 13.0 12.0 11.0 10.0 9.0 8.0 7.0 6.0 5.0 4.0 3.0 2.0 1.0 0.0 1.0 2.0 3.0 4.0 5.0 6.0 7.0 8.0 9.0 10.0 11.0 12.0 13.0 14.0 15.0 16.0 17.0 18.0 19.0 20.0 21.0 22.0 23.0 24.0 25.0 26.0 27.0 28.0 29.0 30.0 31.0 32.0 33.0 34.0 35.0 36.0 37.0 38.0 39.0 40.0 41.0 42.0 43.0 44.0 45.0 46.0 47.0 48.0 49.0 50.0 51.0 52.0 53.0 54.0 55.0 56.0 57.0 58.0 59.0 60.0 61.0 62.0 63.0 64.0 63.0 62.0 61.0 60.0 59.0 58.0 
58.0 57.0 56.0 55.0 54.0 53.0 52.0 51.0 50.0 49.0 48.0 47.0 46.0 45.0 44.0 43.0 42.0 41.0 40.0 39.0 38.0 37.0 36.0 35.0 34.0 33.0 32.0 31.0 30.0 29.0 28.0 27.0 26.0 25.0 24.0 23.0 22.0 21.0 20.0 19.0 18.0 17.0 16.0 15.0 14.0 13.0 12.0 11.0 10.0 9.0 8.0 7.0 6.0 5.0 4.0 3.0 2.0 1.0 0.0 1.0 2.0 3.0 4.0 5.0 6.0 7.0 8.0 9.0 10.0 11.0 12.0 13.0 14.0 15.0 16.0 17.0 18.0 19.0 20.0 21.0 22.0 23.0 24.0 25.0 26.0 27.0 28.0 29.0 30.0 31.0 32.0 33.0 34.0 35.0 36.0 37.0 38.0 39.0 40.0 41.0 42.0 43.0 44.0 45.0 46.0 47.0 48.0 49.0 50.0 51.0 52.0 53.0 54.0 55.0 56.0 57.0 58.0 59.0 60.0 61.0 62.0 63.0 64.0 63.0 62.0 61.0 60.0 59.0 
59.0 58.0 57.0 56.0 55.0 54.0 53.0 52.0 51.0 50.0 49.0 48.0 47.0 46.0 45.0 44.0 43.0 42.0 41.0 40.0 39.0 38.0 37.0 36.0 35.0 34.0 33.0 32.0 31.0 30.0 29.0 28.0 27.0 26.0 25.0 24.0 23.0 22.0 21.0 20.0 19.0 18.0 17.0 16.0 15.0 14.0 13.0 12.0 11.0 10.0 9.0 8.0 7.0 6.0 5.0 4.0 3.0 2.0 1.0 0.0 1.0 2.0 3.0 4.0 5.0 6.0 7.0 8.0 9.0 10.0 11.0 12.0 13.0 14.0 15.0 16.0 17.0 18.0 19.0 20.0 21.0 22.0 23.0 24.0 25.0 26.0 27.0 28.0 29.0 30.0 31.0 32.0 33.0 34.0 35.0 36.0 37.0 38.0 39.0 40.0 41.0 42.0 43.0 44.0 45.0 46.0 47.0 48.0 49.0 50.0 51.0 52.0 53.0 54.0 55.0 56.0 57.0 58.0 59.0 60.0 61.0 62.0 63.0 64.0 63.0 62.0 61.0 60.0 
60.0 59.0 58.0 57.0 56.0 55.0 54.0 53.0 52.0 51.0 50.0 49.0 48.0 47.0 46.0 45.0 44.0 43.0 42.0 41.0 40.0 39.0 38.0 37.0 36.0 35.0 34.0 33.0 32.0 31.0 30.0 29.0 28.0 27.0 26.0 25.0 24.0 23.0 22.0 21.0 20.0 19.0 18.0 17.0 16.0 15.0 14.0 13.0 12.0 11.0 10.0 9.0 8.0 7.0 6.0 5.0 4.0 3.0 2.0 1.0 0.0 1.0 2.0 3.0 4.0 5.0 6.0 7.0 8.0 9.0 10.0 11.0 12.0 13.0 14.0 15.0 16.0 17.0 18.0 19.0 20.0 21.0 22.0 23.0 24.0 25.0 26.0 27.0 28.0 29.0 30.0 31.0 32.0 33.0 34.0 35.0 36.0 37.0 38.0 39.0 40.0 41.0 42.0 43.0 44.0 45.0 46.0 47.0 48.0 49.0 50.0 51.0 52.0 53.0 54.0 55.0 56.0 57.0 58.0 59.0 60.0 61.0 62.0 63.0 64.0 63.0 62.0 61.0 
61.0 60.0 59.0 58.0 57.0 56.0 55.0 54.0 53.0 52.0 51.0 50.0 49.0 48.0 47.0 46.0 45.0 44.0 43.0 42.0 41.0 40.0 39.0 38.0 37.0 36.0 35.0 34.0 33.0 32.0 31.0 30.0 29.0 28.0 27.0 26.0 25.0 24.0 23.0 22.0 21.0 20.0 19.0 18.0 17.0 16.0 15.0 14.0 13.0 12.0 11.0 10.0 9.0 8.0 7.0 6.0 5.0 4.0 3.0 2.0 1.0 0.0 1.0 2.0 3.0 4.0 5.0 6.0 7.0 8.0 9.0 10.0 11.0 12.0 13.0 14.0 15.0 16.0 17.0 18.0 19.0 20.0 21.0 22.0 23.0 24.0 25.0 26.0 27.0 28.0 29.0 30.0 31.0 32.0 33.0 34.0 35.0 36.0 37.0 38.0 39.0 40.0 41.0 42.0 43.0 44.0 45.0 46.0 47.0 48.0 49.0 50.0 51.0 52.0 53.0 54.0 55.0 56.0 57.0 58.0 59.0 60.0 61.0 62.0 63.0 64.0 63.0 62.0 
62.0 61.0 60.0 59.0 58.0 57.0 56.0 55.0 54.0 53.0 52.0 51.0 50.0 49.0 48.0 47.0 46.0 45.0 44.0 43.0 42.0 41.0 40.0 39.0 38.0 37.0 36.0 35.0 34.0 33.0 32.0 31.0 30.0 29.0 28.0 27.0 26.0 25.0 24.0 23.0 22.0 21.0 20.0 19.0 18.0 17.0 16.0 15.0 14.0 13.0 12.0 11.0 10.0 9.0 8.0 7.0 6.0 5.0 4.0 3.0 2.0 1.0 0.0 1.0 2.0 3.0 4.0 5.0 6.0 7.0 8.0 9.0 10.0 11.0 12.0 13.0 14.0 15.0 16.0 17.0 18.0 19.0 20.0 21.0 22.0 23.0 24.0 25.0 26.0 27.0 28.0 29.0 30.0 31.0 32.0 33.0 34.0 35.0 36.0 37.0 38.0 39.0 40.0 41.0 42.0 43.0 44.0 45.0 46.0 47.0 48.0 49.0 50.0 51.0 52.0 53.0 54.0 55.0 56.0 57.0 58.0 59.0 60.0 61.0 62.0 63.0 64.0 63.0 
63.0 62.0 61.0 60.0 59.0 58.0 57.0 56.0 55.0 54.0 53.0 52.0 51.0 50.0 49.0 48.0 47.0 46.0 45.0 44.0 43.0 42.0 41.0 40.0 39.0 38.0 37.0 36.0 35.0 34.0 33.0 32.0 31.0 30.0 29.0 28.0 27.0 26.0 25.0 24.0 23.0 22.0 21.0 20.0 19.0 18.0 17.0 16.0 15.0 14.0 13.0 12.0 11.0 10.0 9.0 8.0 7.0 6.0 5.0 4.0 3.0 2.0 1.0 0.0 1.0 2.0 3.0 4.0 5.0 6.0 7.0 8.0 9.0 10.0 11.0 12.0 13.0 14.0 15.0 16.0 17.0 18.0 19.0 20.0 21.0 22.0 23.0 24.0 25.0 26.0 27.0 28.0 29.0 30.0 31.0 32.0 33.0 34.0 35.0 36.0 37.0 38.0 39.0 40.0 41.0 42.0 43.0 44.0 45.0 46.0 47.0 48.0 49.0 50.0 51.0 52.0 53.0 54.0 55.0 56.0 57.0 58.0 59.0 60.0 61.0 62.0 63.0 64.0 
64.0 63.0 62.0 61.0 60.0 59.0 58.0 57.0 56.0 55.0 54.0 53.0 52.0 51.0 50.0 49.0 48.0 47.0 46.0 45.0 44.0 43.0 42.0 41.0 40.0 39.0 38.0 37.0 36.0 35.0 34.0 33.0 32.0 31.0 30.0 29.0 28.0 27.0 26.0 25.0 24.0 23.0 22.0 21.0 20.0 19.0 18.0 17.0 16.0 15.0 14.0 13.0 12.0 11.0 10.0 9.0 8.0 7.0 6.0 5.0 4.0 3.0 2.0 1.0 0.0 1.0 2.0 3.0 4.0 5.0 6.0 7.0 8.0 9.0 10.0 11.0 12.0 13.0 14.0 15.0 16.0 17.0 18.0 19.0 20.0 21.0 22.0 23.0 24.0 25.0 26.0 27.0 28.0 29.0 30.0 31.0 32.0 33.0 34.0 35.0 36.0 37.0 38.0 39.0 40.0 41.0 42.0 43.0 44.0 45.0 46.0 47.0 48.0 49.0 50.0 51.0 52.0 53.0 54.0 55.0 56.0 57.0 58.0 59.0 60.0 61.0 62.0 63.0 
63.0 64.0 63.0 62.0 61.0 60.0 59.0 58.0 57.0 56.0 55.0 54.0 53.0 52.0 51.0 50.0 49.0 48.0 47.0 46.0 45.0 44.0 43.0 42.0 41.0 40.0 39.0 38.0 37.0 36.0 35.0 34.0 33.0 32.0 31.0 30.0 29.0 28.0 27.0 26.0 25.0 24.0 23.0 22.0 21.0 20.0 19.0 18.0 17.0 16.0 15.0 14.0 13.0 12.0 11.0 10.0 9.0 8.0 7.0 6.0 5.0 4.0 3.0 2.0 1.0 0.0 1.0 2.0 3.0 4.0 5.0 6.0 7.0 8.0 9.0 10.0 11.0 12.0 13.0 14.0 15.0 16.0 17.0 18.0 19.0 20.0 21.0 22.0 23.0 24.0 25.0 26.0 27.0 28.0 29.0 30.0 31.0 32.0 33.0 34.0 35.0 36.0 37.0 38.0 39.0 40.0 41.0 42.0 43.0 44.0 45.0 46.0 47.0 48.0 49.0 50.0 51.0 52.0 53.0 54.0 55.0 56.0 57.0 58.0 59.0 60.0 61.0 62.0 
62.0 63.0 64.0 63.0 62.0 61.0 60.0 59.0 58.0 57.0 56.0 55.0 54.0 53.0 52.0 51.0 50.0 49.0 48.0 47.0 46.0 45.0 44.0 43.0 42.0 41.0 40.0 39.0 38.0 37.0 36.0 35.0 34.0 33.0 32.0 31.0 30.0 29.0 28.0 27.0 26.0 25.0 24.0 23.0 22.0 21.0 20.0 19.0 18.0 17.0 16.0 15.0 14.0 13.0 12.0 11.0 10.0 9.0 8.0 7.0 6.0 5.0 4.0 3.0 2.0 1.0 0.0 1.0 2.0 3.0 4.0 5.0 6.0 7.0 8.0 9.0 10.0 11.0 12.0 13.0 14.0 15.0 16.0 17.0 18.0 19.0 20.0 21.0 22.0 23.0 24.0 25.0 26.0 27.0 28.0 29.0 30.0 31.0 32.0 33.0 34.0 35.0 36.0 37.0 38.0 39.0 40.0 41.0 42.0 43.0 44.0 45.0 46.0 47.0 48.0 49.0 50.0 51.0 52.0 53.0 54.0 55.0 56.0 57.0 58.0 59.0 60.0 61.0 
61.0 62.0 63.0 64.0 63.0 62.0 61.0 60.0 59.0 58.0 57.0 56.0 55.0 54.0 53.0 52.0 51.0 50.0 49.0 48.0 47.0 46.0 45.0 44.0 43.0 42.0 41.0 40.0 39.0 38.0 37.0 36.0 35.0 34.0 33.0 32.0 31.0 30.0 29.0 28.0 27.0 26.0 25.0 24.0 23.0 22.0 21.0 20.0 19.0 18.0 17.0 16.0 15.0 14.0 13.0 12.0 11.0 10.0 9.0 8.0 7.0 6.0 5.0 4.0 3.0 2.0 1.0 0.0 1.0 2.0 3.0 4.0 5.0 6.0 7.0 8.0 9.0 10.0 11.0 12.0 13.0 14.0 15.0 16.0 17.0 18.0 19.0 20.0 21.0 22.0 23.0 24.0 25.0 26.0 27.0 28.0 29.0 30.0 31.0 32.0 33.0 34.0 35.0 36.0 37.0 38.0 39.0 40.0 41.0 42.0 43.0 44.0 45.0 46.0 47.0 48.0 49.0 50.0 51.0 52.0 53.0 54.0 55.0 56.0 57.0 58.0 59.0 60.0 
60.0 61.0 62.0 63.0 64.0 63.0 62.0 61.0 60.0 59.0 58.0 57.0 56.0 55.0 54.0 53.0 52.0 51.0 50.0 49.0 48.0 47.0 46.0 45.0 44.0 43.0 42.0 41.0 40.0 39.0 38.0 37.0 36.0 35.0 34.0 33.0 32.0 31.0 30.0 29.0 28.0 27.0 26.0 25.0 24.0 23.0 22.0 21.0 20.0 19.0 18.0 17.0 16.0 15.0 14.0 13.0 12.0 11.0 10.0 9.0 8.0 7.0 6.0 5.0 4.0 3.0 2.0 1.0 0.0 1.0 2.0 3.0 4.0 5.0 6.0 7.0 8.0 9.0 10.0 11.0 12.0 13.0 14.0 15.0 16.0 17.0 18.0 19.0 20.0 21.0 22.0 23.0 24.0 25.0 26.0 27.0 28.0 29.0 30.0 31.0 32.0 33.0 34.0 35.0 36.0 37.0 38.0 39.0 40.0 41.0 42.0 43.0 44.0 45.0 46.0 47.0 48.0 49.0 50.0 51.0 52.0 53.0 54.0 55.0 56.0 57.0 58.0 59.0 
59.0 60.0 61.0 62.0 63.0 64.0 63.0 62.0 61.0 60.0 59.0 58.0 57.0 56.0 55.0 54.0 53.0 52.0 51.0 50.0 49.0 48.0 47.0 46.0 45.0 44.0 43.0 42.0 41.0 40.0 39.0 38.0 37.0 36.0 35.0 34.0 33.0 32.0 31.0 30.0 29.0 28.0 27.0 26.0 25.0 24.0 23.0 22.0 21.0 20.0 19.0 18.0 17.0 16.0 15.0 14.0 13.0 12.0 11.0 10.0 9.0 8.0 7.0 6.0 5.0 4.0 3.0 2.0 1.0 0.0 1.0 2.0 3.0 4.0 5.0 6.0 7.0 8.0 9.0 10.0 11.0 12.0 13.0 14.0 15.0 16.0 17.0 18.0 19.0 20.0 21.0 22.0 23.0 24.0 25.0 26.0 27.0 28.0 29.0 30.0 31.0 32.0 33.0 34.0 35.0 36.0 37.0 38.0 39.0 40.0 41.0 42.0 43.0 44.0 45.0 46.0 47.0 48.0 49.0 50.0 51.0 52.0 53.0 54.0 55.0 56.0 57.0 58.0 
58.0 59.0 60.0 61.0 62.0 63.0 64.0 63.0 62.0 61.0 60.0 59.0 58.0 57.0 56.0 55.0 54.0 53.0 52.0 51.0 50.0 49.0 48.0 47.0 46.0 45.0 44.0 43.0 42.0 41.0 40.0 39.0 38.0 37.0 36.0 35.0 34.0 33.0 32.0 31.0 30.0 29.0 28.0 27.0 26.0 25.0 24.0 23.0 22.0 21.0 20.0 19.0 18.0 17.0 16.0 15.0 14.0 13.0 12.0 11.0 10.0 9.0 8.0 7.0 6.0 5.0 4.0 3.0 2.0 1.0 0.0 1.0 2.0 3.0 4.0 5.0 6.0 7.0 8.0 9.0 10.0 11.0 12.0 13.0 14.0 15.0 16.0 17.0 18.0 19.0 20.0 21.0 22.0 23.0 24.0 25.0 26.0 27.0 28.0 29.0 30.0 31.0 32.0 33.0 34.0 35.0 36.0 37.0 38.0 39.0 40.0 41.0 42.0 43.0 44.0 45.0 46.0 47.0 48.0 49.0 50.0 51.0 52.0 53.0 54.0 55.0 56.0 57.0 
57.0 58.0 59.0 60.0 61.0 62.0 63.0 64.0 63.0 62.0 61.0 60.0 59.0 58.0 57.0 56.0 55.0 54.0 53.0 52.0 51.0 50.0 49.0 48.0 47.0 46.0 45.0 44.0 43.0 42.0 41.0 40.0 39.0 38.0 37.0 36.0 35.0 34.0 33.0 32.0 31.0 30.0 29.0 28.0 27.0 26.0 25.0 24.0 23.0 22.0 21.0 20.0 19.0 18.0 17.0 16.0 15.0 14.0 13.0 12.0 11.0 10.0 9.0 8.0 7.0 6.0 5.0 4.0 3.0 2.0 1.0 0.0 1.0 2.0 3.0 4.0 5.0 6.0 7.0 8.0 9.0 10.0 11.0 12.0 13.0 14.0 15.0 16.0 17.0 18.0 19.0 20.0 21.0 22.0 23.0 24.0 25.0 26.0 27.0 28.0 29.0 30.0 31.0 32.0 33.0 34.0 35.0 36.0 37.0 38.0 39.0 40.0 41.0 42.0 43.0 44.0 45.0 46.0 47.0 48.0 49.0 50.0 51.0 52.0 53.0 54.0 55.0 56.0 
56.0 57.0 58.0 59.0 60.0 61.0 62.0 63.0 64.0 63.0 62.0 61.0 60.0 59.0 58.0 57.0 56.0 55.0 54.0 53.0 52.0 51.0 50.0 49.0 48.0 47.0 46.0 45.0 44.0 43.0 42.0 41.0 40.0 39.0 38.0 37.0 36.0 35.0 34.0 33.0 32.0 31.0 30.0 29.0 28.0 27.0 26.0 25.0 24.0 23.0 22.0 21.0 20.0 19.0 18.0 17.0 16.0 15.0 14.0 13.0 12.0 11.0 10.0 9.0 8.0 7.0 6.0 5.0 4.0 3.0 2.0 1.0 0.0 1.0 2.0 3.0 4.0 5.0 6.0 7.0 8.0 9.0 10.0 11.0 12.0 13.0 14.0 15.0 16.0 17.0 18.0 19.0 20.0 21.0 22.0 23.0 24.0 25.0 26.0 27.0 28.0 29.0 30.0 31.0 32.0 33.0 34.0 35.0 36.0 37.0 38.0 39.0 40.0 41.0 42.0 43.0 44.0 45.0 46.0 47.0 48.0 49.0 50.0 51.0 52.0 53.0 54.0 55.0 
55.0 56.0 57.0 58.0 59.0 60.0 61.0 62.0 63.0 64.0 63.0 62.0 61.0 60.0 59.0 58.0 57.0 56.0 55.0 54.0 53.0 52.0 51.0 50.0 49.0 48.0 47.0 46.0 45.0 44.0 43.0 42.0 41.0 40.0 39.0 38.0 37.0 36.0 35.0 34.0 33.0 32.0 31.0 30.0 29.0 28.0 27.0 26.0 25.0 24.0 23.0 22.0 21.0 20.0 19.0 18.0 17.0 16.0 15.0 14.0 13.0 12.0 11.0 10.0 9.0 8.0 7.0 6.0 5.0 4.0 3.0 2.0 1.0 0.0 1.0 2.0 3.0 4.0 5.0 6.0 7.0 8.0 9.0 10.0 11.0 12.0 13.0 14.0 15.0 16.0 17.0 18.0 19.0 20.0 21.0 22.0 23.0 24.0 25.0 26.0 27.0 28.0 29.0 30.0 31.0 32.0 33.0 34.0 35.0 36.0 37.0 38.0 39.0 40.0 41.0 42.0 43.0 44.0 45.0 46.0 47.0 48.0 49.0 50.0 51.0 52.0 53.0 54.0 
54.0 55.0 56.0 57.0 58.0 59.0 60.0 61.0 62.0 63.0 64.0 63.0 62.0 61.0 60.0 59.0 58.0 57.0 56.0 55.0 54.0 53.0 52.0 51.0 50.0 49.0 48.0 47.0 46.0 45.0 44.0 43.0 42.0 41.0 40.0 39.0 38.0 37.0 36.0 35.0 34.0 33.0 32.0 31.0 30.0 29.0 28.0 27.0 26.0 25.0 24.0 23.0 22.0 21.0 20.0 19.0 18.0 17.0 16.0 15.0 14.0 13.0 12.0 11.0 10.0 9.0 8.0 7.0 6.0 5.0 4.0 3.0 2.0 1.0 0.0 1.0 2.0 3.0 4.0 5.0 6.0 7.0 8.0 9.0 10.0 11.0 12.0 13.0 14.0 15.0 16.0 17.0 18.0 19.0 20.0 21.0 22.0 23.0 24.0 25.0 26.0 27.0 28.0 29.0 30.0 31.0 32.0 33.0 34.0 35.0 36.0 37.0 38.0 39.0 40.0 41.0 42.0 43.0 44.0 45.0 46.0 47.0 48.0 49.0 50.0 51.0 52.0 53.0 
53.0 54.0 55.0 56.0 57.0 58.0 59.0 60.0 61.0 62.0 63.0 64.0 63.0 62.0 61.0 60.0 59.0 58.0 57.0 56.0 55.0 54.0 53.0 52.0 51.0 50.0 49.0 48.0 47.0 46.0 45.0 44.0 43.0 42.0 41.0 40.0 39.0 38.0 37.0 36.0 35.0 34.0 33.0 32.0 31.0 30.0 29.0 28.0 27.0 26.0 25.0 24.0 23.0 22.0 21.0 20.0 19.0 18.0 17.0 16.0 15.0 14.0 13.0 12.0 11.0 10.0 9.0 8.0 7.0 6.0 5.0 4.0 3.0 2.0 1.0 0.0 1.0 2.0 3.0 4.0 5.0 6.0 7.0 8.0 9.0 10.0 11.0 12.0 13.0 14.0 15.0 16.0 17.0 18.0 19.0 20.0 21.0 22.0 23.0 24.0 25.0 26.0 27.0 28.0 29.0 30.0 31.0 32.0 33.0 34.0 35.0 36.0 37.0 38.0 39.0 40.0 41.0 42.0 43.0 44.0 45.0 46.0 47.0 48.0 49.0 50.0 51.0 52.0 
52.0 53.0 54.0 55.0 56.0 57.0 58.0 59.0 60.0 61.0 62.0 63.0 64.0 63.0 62.0 61.0 60.0 59.0 58.0 57.0 56.0 55.0 54.0 53.0 52.0 51.0 50.0 49.0 48.0 47.0 46.0 45.0 44.0 43.0 42.0 41.0 40.0 39.0 38.0 37.0 36.0 35.0 34.0 33.0 32.0 31.0 30.0 29.0 28.0 27.0 26.0 25.0 24.0 23.0 22.0 21.0 20.0 19.0 18.0 17.0 16.0 15.0 14.0 13.0 12.0 11.0 10.0 9.0 8.0 7.0 6.0 5.0 4.0 3.0 2.0 1.0 0.0 1.0 2.0 3.0 4.0 5.0 6.0 7.0 8.0 9.0 10.0 11.0 12.0 13.0 14.0 15.0 16.0 17.0 18.0 19.0 20.0 21.0 22.0 23.0 24.0 25.0 26.0 27.0 28.0 29.0 30.0 31.0 32.0 33.0 34.0 35.0 36.0 37.0 38.0 39.0 40.0 41.0 42.0 43.0 44.0 45.0 46.0 47.0 48.0 49.0 50.0 51.0 
51.0 52.0 53.0 54.0 55.0 56.0 57.0 58.0 59.0 60.0 61.0 62.0 63.0 64.0 63.0 62.0 61.0 60.0 59.0 58.0 57.0 56.0 55.0 54.0 53.0 52.0 51.0 50.0 49.0 48.0 47.0 46.0 45.0 44.0 43.0 42.0 41.0 40.0 39.0 38.0 37.0 36.0 35.0 34.0 33.0 32.0 31.0 30.0 29.0 28.0 27.0 26.0 25.0 24.0 23.0 22.0 21.0 20.0 19.0 18.0 17.0 16.0 15.0 14.0 13.0 12.0 11.0 10.0 9.0 8.0 7.0 6.0 5.0 4.0 3.0 2.0 1.0 0.0 1.0 2.0 3.0 4.0 5.0 6.0 7.0 8.0 9.0 10.0 11.0 12.0 13.0 14.0 15.0 16.0 17.0 18.0 19.0 20.0 21.0 22.0 23.0 24.0 25.0 26.0 27.0 28.0 29.0 30.0 31.0 32.0 33.0 34.0 35.0 36.0 37.0 38.0 39.0 40.0 41.0 42.0 43.0 44.0 45.0 46.0 47.0 48.0 49.0 50.0 
50.0 51.0 52.0 53.0 54.0 55.0 56.0 57.0 58.0 59.0 60.0 61.0 62.0 63.0 64.0 63.0 62.0 61.0 60.0 59.0 58.0 57.0 56.0 55.0 54.0 53.0 52.0 51.0 50.0 49.0 48.0 47.0 46.0 45.0 44.0 43.0 42.0 41.0 40.0 39.0 38.0 37.0 36.0 35.0 34.0 33.0 32.0 31.0 30.0 29.0 28.0 27.0 26.0 25.0 24.0 23.0 22.0 21.0 20.0 19.0 18.0 17.0 16.0 15.0 14.0 13.0 12.0 11.0 10.0 9.0 8.0 7.0 6.0 5.0 4.0 3.0 2.0 1.0 0.0 1.0 2.0 3.0 4.0 5.0 6.0 7.0 8.0 9.0 10.0 11.0 12.0 13.0 14.0 15.0 16.0 17.0 18.0 19.0 20.0 21.0 22.0 23.0 24.0 25.0 26.0 27.0 28.0 29.0 30.0 31.0 32.0 33.0 34.0 35.0 36.0 37.0 38.0 39.0 40.0 41.0 42.0 43.0 44.0 45.0 46.0 47.0 48.0 49.0 
49.0 50.0 51.0 52.0 53.0 54.0 55.0 56.0 57.0 58.0 59.0 60.0 61.0 62.0 63.0 64.0 63.0 62.0 61.0 60.0 59.0 58.0 57.0 56.0 55.0 54.0 53.0 52.0 51.0 50.0 49.0 48.0 47.0 46.0 45.0 44.0 43.0 42.0 41.0 40.0 39.0 38.0 37.0 36.0 35.0 34.0 33.0 32.0 31.0 30.0 29.0 28.0 27.0 26.0 25.0 24.0 23.0 22.0 21.0 20.0 19.0 18.0 17.0 16.0 15.0 14.0 13.0 12.0 11.0 10.0 9.0 8.0 7.0 6.0 5.0 4.0 3.0 2.0 1.0 0.0 1.0 2.0 3.0 4.0 5.0 6.0 7.0 8.0 9.0 10.0 11.0 12.0 13.0 14.0 15.0 16.0 17.0 18.0 19.0 20.0 21.0 22.0 23.0 24.0 25.0 26.0 27.0 28.0 29.0 30.0 31.0 32.0 33.0 34.0 35.0 36.0 37.0 38.0 39.0 40.0 41.0 42.0 43.0 44.0 45.0 46.0 47.0 48.0 
48.0 49.0 50.0 51.0 52.0 53.0 54.0 55.0 56.0 57.0 58.0 59.0 60.0 61.0 62.0 63.0 64.0 63.0 62.0 61.0 60.0 59.0 58.0 57.0 56.0 55.0 54.0 53.0 52.0 51.0 50.0 49.0 48.0 47.0 46.0 45.0 44.0 43.0 42.0 41.0 40.0 39.0 38.0 37.0 36.0 35.0 34.0 33.0 32.0 31.0 30.0 29.0 28.0 27.0 26.0 25.0 24.0 23.0 22.0 21.0 20.0 19.0 18.0 17.0 16.0 15.0 14.0 13.0 12.0 11.0 10.0 9.0 8.0 7.0 6.0 5.0 4.0 3.0 2.0 1.0 0.0 1.0 2.0 3.0 4.0 5.0 6.0 7.0 8.0 9.0 10.0 11.0 12.0 13.0 14.0 15.0 16.0 17.0 18.0 19.0 20.0 21.0 22.0 23.0 24.0 25.0 26.0 27.0 28.0 29.0 30.0 31.0 32.0 33.0 34.0 35.0 36.0 37.0 38.0 39.0 40.0 41.0 42.0 43.0 44.0 45.0 46.0 47.0 
47.0 48.0 49.0 50.0 51.0 52.0 53.0 54.0 55.0 56.0 57.0 58.0 59.0 60.0 61.0 62.0 63.0 64.0 63.0 62.0 61.0 60.0 59.0 58.0 57.0 56.0 55.0 54.0 53.0 52.0 51.0 50.0 49.0 48.0 47.0 46.0 45.0 44.0 43.0 42.0 41.0 40.0 39.0 38.0 37.0 36.0 35.0 34.0 33.0 32.0 31.0 30.0 29.0 28.0 27.0 26.0 25.0 24.0 23.0 22.0 21.0 20.0 19.0 18.0 17.0 16.0 15.0 14.0 13.0 12.0 11.0 10.0 9.0 8.0 7.0 6.0 5.0 4.0 3.0 2.0 1.0 0.0 1.0 2.0 3.0 4.0 5.0 6.0 7.0 8.0 9.0 10.0 11.0 12.0 13.0 14.0 15.0 16.0 17.0 18.0 19.0 20.0 21.0 22.0 23.0 24.0 25.0 26.0 27.0 28.0 29.0 30.0 31.0 32.0 33.0 34.0 35.0 36.0 37.0 38.0 39.0 40.0 41.0 42.0 43.0 44.0 45.0 46.0 
46.0 47.0 48.0 49.0 50.0 51.0 52.0 53.0 54.0 55.0 56.0 57.0 58.0 59.0 60.0 61.0 62.0 63.0 64.0 63.0 62.0 61.0 60.0 59.0 58.0 57.0 56.0 55.0 54.0 53.0 52.0 51.0 50.0 49.0 48.0 47.0 46.0 45.0 44.0 43.0 42.0 41.0 40.0 39.0 38.0 37.0 36.0 35.0 34.0 33.0 32.0 31.0 30.0 29.0 28.0 27.0 26.0 25.0 24.0 23.0 22.0 21.0 20.0 19.0 18.0 17.0 16.0 15.0 14.0 13.0 12.0 11.0 10.0 9.0 8.0 7.0 6.0 5.0 4.0 3.0 2.0 1.0 0.0 1.0 2.0 3.0 4.0 5.0 6.0 7.0 8.0 9.0 10.0 11.0 12.0 13.0 14.0 15.0 16.0 17.0 18.0 19.0 20.0 21.0 22.0 23.0 24.0 25.0 26.0 27.0 28.0 29.0 30.0 31.0 32.0 33.0 34.0 35.0 36.0 37.0 38.0 39.0 40.0 41.0 42.0 43.0 44.0 45.0 
45.0 46.0 47.0 48.0 49.0 50.0 51.0 52.0 53.0 54.0 55.0 56.0 57.0 58.0 59.0 60.0 61.0 62.0 63.0 64.0 63.0 62.0 61.0 60.0 59.0 58.0 57.0 56.0 55.0 54.0 53.0 52.0 51.0 50.0 49.0 48.0 47.0 46.0 45.0 44.0 43.0 42.0 41.0 40.0 39.0 38.0 37.0 36.0 35.0 34.0 33.0 32.0 31.0 30.0 29.0 28.0 27.0 26.0 25.0 24.0 23.0 22.0 21.0 20.0 19.0 18.0 17.0 16.0 15.0 14.0 13.0 12.0 11.0 10.0 9.0 8.0 7.0 6.0 5.0 4.0 3.0 2.0 1.0 0.0 1.0 2.0 3.0 4.0 5.0 6.0 7.0 8.0 9.0 10.0 11.0 12.0 13.0 14.0 15.0 16.0 17.0 18.0 19.0 20.0 21.0 22.0 23.0 24.0 25.0 26.0 27.0 28.0 29.0 30.0 31.0 32.0 33.0 34.0 35.0 36.0 37.0 38.0 39.0 40.0 41.0 42.0 43.0 44.0 
44.0 45.0 46.0 47.0 48.0 49.0 50.0 51.0 52.0 53.0 54.0 55.0 56.0 57.0 58.0 59.0 60.0 61.0 62.0 63.0 64.0 63.0 62.0 61.0 60.0 59.0 58.0 57.0 56.0 55.0 54.0 53.0 52.0 51.0 50.0 49.0 48.0 47.0 46.0 45.0 44.0 43.0 42.0 41.0 40.0 39.0 38.0 37.0 36.0 35.0 34.0 33.0 32.0 31.0 30.0 29.0 28.0 27.0 26.0 25.0 24.0 23.0 22.0 21.0 20.0 19.0 18.0 17.0 16.0 15.0 14.0 13.0 12.0 11.0 10.0 9.0 8.0 7.0 6.0 5.0 4.0 3.0 2.0 1.0 0.0 1.0 2.0 3.0 4.0 5.0 6.0 7.0 8.0 9.0 10.0 11.0 12.0 13.0 14.0 15.0 16.0 17.0 18.0 19.0 20.0 21.0 22.0 23.0 24.0 25.0 26.0 27.0 28.0 29.0 30.0 31.0 32.0 33.0 34.0 35.0 36.0 37.0 38.0 39.0 40.0 41.0 42.0 43.0 
43.0 44.0 45.0 46.0 47.0 48.0 49.0 50.0 51.0 52.0 53.0 54.0 55.0 56.0 57.0 58.0 59.0 60.0 61.0 62.0 63.0 64.0 63.0 62.0 61.0 60.0 59.0 58.0 57.0 56.0 55.0 54.0 53.0 52.0 51.0 50.0 49.0 48.0 47.0 46.0 45.0 44.0 43.0 42.0 41.0 40.0 39.0 38.0 37.0 36.0 35.0 34.0 33.0 32.0 31.0 30.0 29.0 28.0 27.0 26.0 25.0 24.0 23.0 22.0 21.0 20.0 19.0 18.0 17.0 16.0 15.0 14.0 13.0 12.0 11.0 10.0 9.0 8.0 7.0 6.0 5.0 4.0 3.0 2.0 1.0 0.0 1.0 2.0 3.0 4.0 5.0 6.0 7.0 8.0 9.0 10.0 11.0 12.0 13.0 14.0 15.0 16.0 17.0 18.0 19.0 20.0 21.0 22.0 23.0 24.0 25.0 26.0 27.0 28.0 29.0 30.0 31.0 32.0 33.0 34.0 35.0 36.0 37.0 38.0 39.0 40.0 41.0 42.0 
42.0 43.0 44.0 45.0 46.0 47.0 48.0 49.0 50.0 51.0 52.0 53.0 54.0 55.0 56.0 57.0 58.0 59.0 60.0 61.0 62.0 63.0 64.0 63.0 62.0 61.0 60.0 59.0 58.0 57.0 56.0 55.0 54.0 53.0 52.0 51.0 50.0 49.0 48.0 47.0 46.0 45.0 44.0 43.0 42.0 41.0 40.0 39.0 38.0 37.0 36.0 35.0 34.0 33.0 32.0 31.0 30.0 29.0 28.0 27.0 26.0 25.0 24.0 23.0 22.0 21.0 20.0 19.0 18.0 17.0 16.0 15.0 14.0 13.0 12.0 11.0 10.0 9.0 8.0 7.0 6.0 5.0 4.0 3.0 2.0 1.0 0.0 1.0 2.0 3.0 4.0 5.0 6.0 7.0 8.0 9.0 10.0 11.0 12.0 13.0 14.0 15.0 16.0 17.0 18.0 19.0 20.0 21.0 22.0 23.0 24.0 25.0 26.0 27.0 28.0 29.0 30.0 31.0 32.0 33.0 34.0 35.0 36.0 37.0 38.0 39.0 40.0 41.0 
41.0 42.0 43.0 44.0 45.0 46.0 47.0 48.0 49.0 50.0 51.0 52.0 53.0 54.0 55.0 56.0 57.0 58.0 59.0 60.0 61.0 62.0 63.0 64.0 63.0 62.0 61.0 60.0 59.0 58.0 57.0 56.0 55.0 54.0 53.0 52.0 51.0 50.0 49.0 48.0 47.0 46.0 45.0 44.0 43.0 42.0 41.0 40.0 39.0 38.0 37.0 36.0 35.0 34.0 33.0 32.0 31.0 30.0 29.0 28.0 27.0 26.0 25.0 24.0 23.0 22.0 21.0 20.0 19.0 18.0 17.0 16.0 15.0 14.0 13.0 12.0 11.0 10.0 9.0 8.0 7.0 6.0 5.0 4.0 3.0 2.0 1.0 0.0 1.0 2.0 3.0 4.0 5.0 6.0 7.0 8.0 9.0 10.0 11.0 12.0 13.0 14.0 15.0 16.0 17.0 18.0 19.0 20.0 21.0 22.0 23.0 24.0 25.0 26.0 27.0 28.0 29.0 30.0 31.0 32.0 33.0 34.0 35.0 36.0 37.0 38.0 39.0 40.0 
40.0 41.0 42.0 43.0 44.0 45.0 46.0 47.0 48.0 49.0 50.0 51.0 52.0 53.0 54.0 55.0 56.0 57.0 58.0 59.0 60.0 61.0 62.0 63.0 64.0 63.0 62.0 61.0 60.0 59.0 58.0 57.0 56.0 55.0 54.0 53.0 52.0 51.0 50.0 49.0 48.0 47.0 46.0 45.0 44.0 43.0 42.0 41.0 40.0 39.0 38.0 37.0 36.0 35.0 34.0 33.0 32.0 31.0 30.0 29.0 28.0 27.0 26.0 25.0 24.0 23.0 22.0 21.0 20.0 19.0 18.0 17.0 16.0 15.0 14.0 13.0 12.0 11.0 10.0 9.0 8.0 7.0 6.0 5.0 4.0 3.0 2.0 1.0 0.0 1.0 2.0 3.0 4.0 5.0 6.0 7.0 8.0 9.0 10.0 11.0 12.0 13.0 14.0 15.0 16.0 17.0 18.0 19.0 20.0 21.0 22.0 23.0 24.0 25.0 26.0 27.0 28.0 29.0 30.0 31.0 32.0 33.0 34.0 35.0 36.0 37.0 38.0 39.0 
39.0 40.0 41.0 42.0 43.0 44.0 45.0 46.0 47.0 48.0 49.0 50.0 51.0 52.0 53.0 54.0 55.0 56.0 57.0 58.0 59.0 60.0 61.0 62.0 63.0 64.0 63.0 62.0 61.0 60.0 59.0 58.0 57.0 56.0 55.0 54.0 53.0 52.0 51.0 50.0 49.0 48.0 47.0 46.0 45.0 44.0 43.0 42.0 41.0 40.0 39.0 38.0 37.0 36.0 35.0 34.0 33.0 32.0 31.0 30.0 29.0 28.0 27.0 26.0 25.0 24.0 23.0 22.0 21.0 20.0 19.0 18.0 17.0 16.0 15.0 14.0 13.0 12.0 11.0 10.0 9.0 8.0 7.0 6.0 5.0 4.0 3.0 2.0 1.0 0.0 1.0 2.0 3.0 4.0 5.0 6.0 7.0 8.0 9.0 10.0 11.0 12.0 13.0 14.0 15.0 16.0 17.0 18.0 19.0 20.0 21.0 22.0 23.0 24.0 25.0 26.0 27.0 28.0 29.0 30.0 31.0 32.0 33.0 34.0 35.0 36.0 37.0 38.0 
38.0 39.0 40.0 41.0 42.0 43.0 44.0 45.0 46.0 47.0 48.0 49.0 50.0 51.0 52.0 53.0 54.0 55.0 56.0 57.0 58.0 59.0 60.0 61.0 62.0 63.0 64.0 63.0 62.0 61.0 60.0 59.0 58.0 57.0 56.0 55.0 54.0 53.0 52.0 51.0 50.0 49.0 48.0 47.0 46.0 45.0 44.0 43.0 42.0 41.0 40.0 39.0 38.0 37.0 36.0 35.0 34.0 33.0 32.0 31.0 30.0 29.0 28.0 27.0 26.0 25.0 24.0 23.0 22.0 21.0 20.0 19.0 18.0 17.0 16.0 15.0 14.0 13.0 12.0 11.0 10.0 9.0 8.0 7.0 6.0 5.0 4.0 3.0 2.0 1.0 0.0 1.0 2.0 3.0 4.0 5.0 6.0 7.0 8.0 9.0 10.0 11.0 12.0 13.0 14.0 15.0 16.0 17.0 18.0 19.0 20.0 21.0 22.0 23.0 24.0 25.0 26.0 27.0 28.0 29.0 30.0 31.0 32.0 33.0 34.0 35.0 36.0 37.0 
37.0 38.0 39.0 40.0 41.0 42.0 43.0 44.0 45.0 46.0 47.0 48.0 49.0 50.0 51.0 52.0 53.0 54.0 55.0 56.0 57.0 58.0 59.0 60.0 61.0 62.0 63.0 64.0 63.0 62.0 61.0 60.0 59.0 58.0 57.0 56.0 55.0 54.0 53.0 52.0 51.0 50.0 49.0 48.0 47.0 46.0 45.0 44.0 43.0 42.0 41.0 40.0 39.0 38.0 37.0 36.0 35.0 34.0 33.0 32.0 31.0 30.0 29.0 28.0 27.0 26.0 25.0 24.0 23.0 22.0 21.0 20.0 19.0 18.0 17.0 16.0 15.0 14.0 13.0 12.0 11.0 10.0 9.0 8.0 7.0 6.0 5.0 4.0 3.0 2.0 1.0 0.0 1.0 2.0 3.0 4.0 5.0 6.0 7.0 8.0 9.0 10.0 11.0 12.0 13.0 14.0 15.0 16.0 17.0 18.0 19.0 20.0 21.0 22.0 23.0 24.0 25.0 26.0 27.0 28.0 29.0 30.0 31.0 32.0 33.0 34.0 35.0 36.0 
36.0 37.0 38.0 39.0 40.0 41.0 42.0 43.0 44.0 45.0 46.0 47.0 48.0 49.0 50.0 51.0 52.0 53.0 54.0 55.0 56.0 57.0 58.0 59.0 60.0 61.0 62.0 63.0 64.0 63.0 62.0 61.0 60.0 59.0 58.0 57.0 56.0 55.0 54.0 53.0 52.0 51.0 50.0 49.0 48.0 47.0 46.0 45.0 44.0 43.0 42.0 41.0 40.0 39.0 38.0 37.0 36.0 35.0 34.0 33.0 32.0 31.0 30.0 29.0 28.0 27.0 26.0 25.0 24.0 23.0 22.0 21.0 20.0 19.0 18.0 17.0 16.0 15.0 14.0 13.0 12.0 11.0 10.0 9.0 8.0 7.0 6.0 5.0 4.0 3.0 2.0 1.0 0.0 1.0 2.0 3.0 4.0 5.0 6.0 7.0 8.0 9.0 10.0 11.0 12.0 13.0 14.0 15.0 16.0 17.0 18.0 19.0 20.0 21.0 22.0 23.0 24.0 25.0 26.0 27.0 28.0 29.0 30.0 31.0 32.0 33.0 34.0 35.0 
35.0 36.0 37.0 38.0 39.0 40.0 41.0 42.0 43.0 44.0 45.0 46.0 47.0 48.0 49.0 50.0 51.0 52.0 53.0 54.0 55.0 56.0 57.0 58.0 59.0 60.0 61.0 62.0 63.0 64.0 63.0 62.0 61.0 60.0 59.0 58.0 57.0 56.0 55.0 54.0 53.0 52.0 51.0 50.0 49.0 48.0 47.0 46.0 45.0 44.0 43.0 42.0 41.0 40.0 39.0 38.0 37.0 36.0 35.0 34.0 33.0 32.0 31.0 30.0 29.0 28.0 27.0 26.0 25.0 24.0 23.0 22.0 21.0 20.0 19.0 18.0 17.0 16.0 15.0 14.0 13.0 12.0 11.0 10.0 9.0 8.0 7.0 6.0 5.0 4.0 3.0 2.0 1.0 0.0 1.0 2.0 3.0 4.0 5.0 6.0 7.0 8.0 9.0 10.0 11.0 12.0 13.0 14.0 15.0 16.0 17.0 18.0 19.0 20.0 21.0 22.0 23.0 24.0 25.0 26.0 27.0 28.0 29.0 30.0 31.0 32.0 33.0 34.0 
34.0 35.0 36.0 37.0 38.0 39.0 40.0 41.0 42.0 43.0 44.0 45.0 46.0 47.0 48.0 49.0 50.0 51.0 52.0 53.0 54.0 55.0 56.0 57.0 58.0 59.0 60.0 61.0 62.0 63.0 64.0 63.0 62.0 61.0 60.0 59.0 58.0 57.0 56.0 55.0 54.0 53.0 52.0 51.0 50.0 49.0 48.0 47.0 46.0 45.0 44.0 43.0 42.0 41.0 40.0 39.0 38.0 37.0 36.0 35.0 34.0 33.0 32.0 31.0 30.0 29.0 28.0 27.0 26.0 25.0 24.0 23.0 22.0 21.0 20.0 19.0 18.0 17.0 16.0 15.0 14.0 13.0 12.0 11.0 10.0 9.0 8.0 7.0 6.0 5.0 4.0 3.0 2.0 1.0 0.0 1.0 2.0 3.0 4.0 5.0 6.0 7.0 8.0 9.0 10.0 11.0 12.0 13.0 14.0 15.0 16.0 17.0 18.0 19.0 20.0 21.0 22.0 23.0 24.0 25.0 26.0 27.0 28.0 29.0 30.0 31.0 32.0 33.0 
33.0 34.0 35.0 36.0 37.0 38.0 39.0 40.0 41.0 42.0 43.0 44.0 45.0 46.0 47.0 48.0 49.0 50.0 51.0 52.0 53.0 54.0 55.0 56.0 57.0 58.0 59.0 60.0 61.0 62.0 63.0 64.0 63.0 62.0 61.0 60.0 59.0 58.0 57.0 56.0 55.0 54.0 53.0 52.0 51.0 50.0 49.0 48.0 47.0 46.0 45.0 44.0 43.0 42.0 41.0 40.0 39.0 38.0 37.0 36.0 35.0 34.0 33.0 32.0 31.0 30.0 29.0 28.0 27.0 26.0 25.0 24.0 23.0 22.0 21.0 20.0 19.0 18.0 17.0 16.0 15.0 14.0 13.0 12.0 11.0 10.0 9.0 8.0 7.0 6.0 5.0 4.0 3.0 2.0 1.0 0.0 1.0 2.0 3.0 4.0 5.0 6.0 7.0 8.0 9.0 10.0 11.0 12.0 13.0 14.0 15.0 16.0 17.0 18.0 19.0 20.0 21.0 22.0 23.0 24.0 25.0 26.0 27.0 28.0 29.0 30.0 31.0 32.0 
32.0 33.0 34.0 35.0 36.0 37.0 38.0 39.0 40.0 41.0 42.0 43.0 44.0 45.0 46.0 47.0 48.0 49.0 50.0 51.0 52.0 53.0 54.0 55.0 56.0 57.0 58.0 59.0 60.0 61.0 62.0 63.0 64.0 63.0 62.0 61.0 60.0 59.0 58.0 57.0 56.0 55.0 54.0 53.0 52.0 51.0 50.0 49.0 48.0 47.0 46.0 45.0 44.0 43.0 42.0 41.0 40.0 39.0 38.0 37.0 36.0 35.0 34.0 33.0 32.0 31.0 30.0 29.0 28.0 27.0 26.0 25.0 24.0 23.0 22.0 21.0 20.0 19.0 18.0 17.0 16.0 15.0 14.0 13.0 12.0 11.0 10.0 9.0 8.0 7.0 6.0 5.0 4.0 3.0 2.0 1.0 0.0 1.0 2.0 3.0 4.0 5.0 6.0 7.0 8.0 9.0 10.0 11.0 12.0 13.0 14.0 15.0 16.0 17.0 18.0 19.0 20.0 21.0 22.0 23.0 24.0 25.0 26.0 27.0 28.0 29.0 30.0 31.0 
31.0 32.0 33.0 34.0 35.0 36.0 37.0 38.0 39.0 40.0 41.0 42.0 43.0 44.0 45.0 46.0 47.0 48.0 49.0 50.0 51.0 52.0 53.0 54.0 55.0 56.0 57.0 58.0 59.0 60.0 61.0 62.0 63.0 64.0 63.0 62.0 61.0 60.0 59.0 58.0 57.0 56.0 55.0 54.0 53.0 52.0 51.0 50.0 49.0 48.0 47.0 46.0 45.0 44.0 43.0 42.0 41.0 40.0 39.0 38.0 37.0 36.0 35.0 34.0 33.0 32.0 31.0 30.0 29.0 28.0 27.0 26.0 25.0 24.0 23.0 22.0 21.0 20.0 19.0 18.0 17.0 16.0 15.0 14.0 13.0 12.0 11.0 10.0 9.0 8.0 7.0 6.0 5.0 4.0 3.0 2.0 1.0 0.0 1.0 2.0 3.0 4.0 5.0 6.0 7.0 8.0 9.0 10.0 11.0 12.0 13.0 14.0 15.0 16.0 17.0 18.0 19.0 20.0 21.0 22.0 23.0 24.0 25.0 26.0 27.0 28.0 29.0 30.0 
30.0 31.0 32.0 33.0 34.0 35.0 36.0 37.0 38.0 39.0 40.0 41.0 42.0 43.0 44.0 45.0 46.0 47.0 48.0 49.0 50.0 51.0 52.0 53.0 54.0 55.0 56.0 57.0 58.0 59.0 60.0 61.0 62.0 63.0 64.0 63.0 62.0 61.0 60.0 59.0 58.0 57.0 56.0 55.0 54.0 53.0 52.0 51.0 50.0 49.0 48.0 47.0 46.0 45.0 44.0 43.0 42.0 41.0 40.0 39.0 38.0 37.0 36.0 35.0 34.0 33.0 32.0 31.0 30.0 29.0 28.0 27.0 26.0 25.0 24.0 23.0 22.0 21.0 20.0 19.0 18.0 17.0 16.0 15.0 14.0 13.0 12.0 11.0 10.0 9.0 8.0 7.0 6.0 5.0 4.0 3.0 2.0 1.0 0.0 1.0 2.0 3.0 4.0 5.0 6.0 7.0 8.0 9.0 10.0 11.0 12.0 13.0 14.0 15.0 16.0 17.0 18.0 19.0 20.0 21.0 22.0 23.0 24.0 25.0 26.0 27.0 28.0 29.0 
29.0 30.0 31.0 32.0 33.0 34.0 35.0 36.0 37.0 38.0 39.0 40.0 41.0 42.0 43.0 44.0 45.0 46.0 47.0 48.0 49.0 50.0 51.0 52.0 53.0 54.0 55.0 56.0 57.0 58.0 59.0 60.0 61.0 62.0 63.0 64.0 63.0 62.0 61.0 60.0 59.0 58.0 57.0 56.0 55.0 54.0 53.0 52.0 51.0 50.0 49.0 48.0 47.0 46.0 45.0 44.0 43.0 42.0 41.0 40.0 39.0 38.0 37.0 36.0 35.0 34.0 33.0 32.0 31.0 30.0 29.0 28.0 27.0 26.0 25.0 24.0 23.0 22.0 21.0 20.0 19.0 18.0 17.0 16.0 15.0 14.0 13.0 12.0 11.0 10.0 9.0 8.0 7.0 6.0 5.0 4.0 3.0 2.0 1.0 0.0 1.0 2.0 3.0 4.0 5.0 6.0 7.0 8.0 9.0 10.0 11.0 12.0 13.0 14.0 15.0 16.0 17.0 18.0 19.0 20.0 21.0 22.0 23.0 24.0 25.0 26.0 27.0 28.0 
28.0 29.0 30.0 31.0 32.0 33.0 34.0 35.0 36.0 37.0 38.0 39.0 40.0 41.0 42.0 43.0 44.0 45.0 46.0 47.0 48.0 49.0 50.0 51.0 52.0 53.0 54.0 55.0 56.0 57.0 58.0 59.0 60.0 61.0 62.0 63.0 64.0 63.0 62.0 61.0 60.0 59.0 58.0 57.0 56.0 55.0 54.0 53.0 52.0 51.0 50.0 49.0 48.0 47.0 46.0 45.0 44.0 43.0 42.0 41.0 40.0 39.0 38.0 37.0 36.0 35.0 34.0 33.0 32.0 31.0 30.0 29.0 28.0 27.0 26.0 25.0 24.0 23.0 22.0 21.0 20.0 19.0 18.0 17.0 16.0 15.0 14.0 13.0 12.0 11.0 10.0 9.0 8.0 7.0 6.0 5.0 4.0 3.0 2.0 1.0 0.0 1.0 2.0 3.0 4.0 5.0 6.0 7.0 8.0 9.0 10.0 11.0 12.0 13.0 14.0 15.0 16.0 17.0 18.0 19.0 20.0 21.0 22.0 23.0 24.0 25.0 26.0 27.0 
27.0 28.0 29.0 30.0 31.0 32.0 33.0 34.0 35.0 36.0 37.0 38.0 39.0 40.0 41.0 42.0 43.0 44.0 45.0 46.0 47.0 48.0 49.0 50.0 51.0 52.0 53.0 54.0 55.0 56.0 57.0 58.0 59.0 60.0 61.0 62.0 63.0 64.0 63.0 62.0 61.0 60.0 59.0 58.0 57.0 56.0 55.0 54.0 53.0 52.0 51.0 50.0 49.0 48.0 47.0 46.0 45.0 44.0 43.0 42.0 41.0 40.0 39.0 38.0 37.0 36.0 35.0 34.0 33.0 32.0 31.0 30.0 29.0 28.0 27.0 26.0 25.0 24.0 23.0 22.0 21.0 20.0 19.0 18.0 17.0 16.0 15.0 14.0 13.0 12.0 11.0 10.0 9.0 8.0 7.0 6.0 5.0 4.0 3.0 2.0 1.0 0.0 1.0 2.0 3.0 4.0 5.0 6.0 7.0 8.0 9.0 10.0 11.0 12.0 13.0 14.0 15.0 16.0 17.0 18.0 19.0 20.0 21.0 22.0 23.0 24.0 25.0 26.0 
26.0 27.0 28.0 29.0 30.0 31.0 32.0 33.0 34.0 35.0 36.0 37.0 38.0 39.0 40.0 41.0 42.0 43.0 44.0 45.0 46.0 47.0 48.0 49.0 50.0 51.0 52.0 53.0 54.0 55.0 56.0 57.0 58.0 59.0 60.0 61.0 62.0 63.0 64.0 63.0 62.0 61.0 60.0 59.0 58.0 57.0 56.0 55.0 54.0 53.0 52.0 51.0 50.0 49.0 48.0 47.0 46.0 45.0 44.0 43.0 42.0 41.0 40.0 39.0 38.0 37.0 36.0 35.0 34.0 33.0 32.0 31.0 30.0 29.0 28.0 27.0 26.0 25.0 24.0 23.0 22.0 21.0 20.0 19.0 18.0 17.0 16.0 15.0 14.0 13.0 12.0 11.0 10.0 9.0 8.0 7.0 6.0 5.0 4.0 3.0 2.0 1.0 0.0 1.0 2.0 3.0 4.0 5.0 6.0 7.0 8.0 9.0 10.0 11.0 12.0 13.0 14.0 15.0 16.0 17.0 18.0 19.0 20.0 21.0 22.0 23.0 24.0 25.0 
25.0 26.0 27.0 28.0 29.0 30.0 31.0 32.0 33.0 34.0 35.0 36.0 37.0 38.0 39.0 40.0 41.0 42.0 43.0 44.0 45.0 46.0 47.0 48.0 49.0 50.0 51.0 52.0 53.0 54.0 55.0 56.0 57.0 58.0 59.0 60.0 61.0 62.0 63.0 64.0 63.0 62.0 61.0 60.0 59.0 58.0 57.0 56.0 55.0 54.0 53.0 52.0 51.0 50.0 49.0 48.0 47.0 46.0 45.0 44.0 43.0 42.0 41.0 40.0 39.0 38.0 37.0 36.0 35.0 34.0 33.0 32.0 31.0 30.0 29.0 28.0 27.0 26.0 25.0 24.0 23.0 22.0 21.0 20.0 19.0 18.0 17.0 16.0 15.0 14.0 13.0 12.0 11.0 10.0 9.0 8.0 7.0 6.0 5.0 4.0 3.0 2.0 1.0 0.0 1.0 2.0 3.0 4.0 5.0 6.0 7.0 8.0 9.0 10.0 11.0 12.0 13.0 14.0 15.0 16.0 17.0 18.0 19.0 20.0 21.0 22.0 23.0 24.0 
24.0 25.0 26.0 27.0 28.0 29.0 30.0 31.0 32.0 33.0 34.0 35.0 36.0 37.0 38.0 39.0 40.0 41.0 42.0 43.0 44.0 45.0 46.0 47.0 48.0 49.0 50.0 51.0 52.0 53.0 54.0 55.0 56.0 57.0 58.0 59.0 60.0 61.0 62.0 63.0 64.0 63.0 62.0 61.0 60.0 59.0 58.0 57.0 56.0 55.0 54.0 53.0 52.0 51.0 50.0 49.0 48.0 47.0 46.0 45.0 44.0 43.0 42.0 41.0 40.0 39.0 38.0 37.0 36.0 35.0 34.0 33.0 32.0 31.0 30.0 29.0 28.0 27.0 26.0 25.0 24.0 23.0 22.0 21.0 20.0 19.0 18.0 17.0 16.0 15.0 14.0 13.0 12.0 11.0 10.0 9.0 8.0 7.0 6.0 5.0 4.0 3.0 2.0 1.0 0.0 1.0 2.0 3.0 4.0 5.0 6.0 7.0 8.0 9.0 10.0 11.0 12.0 13.0 14.0 15.0 16.0 17.0 18.0 19.0 20.0 21.0 22.0 23.0 
23.0 24.0 25.0 26.0 27.0 28.0 29.0 30.0 31.0 32.0 33.0 34.0 35.0 36.0 37.0 38.0 39.0 40.0 41.0 42.0 43.0 44.0 45.0 46.0 47.0 48.0 49.0 50.0 51.0 52.0 53.0 54.0 55.0 56.0 57.0 58.0 59.0 60.0 61.0 62.0 63.0 64.0 63.0 62.0 61.0 60.0 59.0 58.0 57.0 56.0 55.0 54.0 53.0 52.0 51.0 50.0 49.0 48.0 47.0 46.0 45.0 44.0 43.0 42.0 41.0 40.0 39.0 38.0 37.0 36.0 35.0 34.0 33.0 32.0 31.0 30.0 29.0 28.0 27.0 26.0 25.0 24.0 23.0 22.0 21.0 20.0 19.0 18.0 17.0 16.0 15.0 14.0 13.0 12.0 11.0 10.0 9.0 8.0 7.0 6.0 5.0 4.0 3.0 2.0 1.0 0.0 1.0 2.0 3.0 4.0 5.0 6.0 7.0 8.0 9.0 10.0 11.0 12.0 13.0 14.0 15.0 16.0 17.0 18.0 19.0 20.0 21.0 22.0 
22.0 23.0 24.0 25.0 26.0 27.0 28.0 29.0 30.0 31.0 32.0 33.0 34.0 35.0 36.0 37.0 38.0 39.0 40.0 41.0 42.0 43.0 44.0 45.0 46.0 47.0 48.0 49.0 50.0 51.0 52.0 53.0 54.0 55.0 56.0 57.0 58.0 59.0 60.0 61.0 62.0 63.0 64.0 63.0 62.0 61.0 60.0 59.0 58.0 57.0 56.0 55.0 54.0 53.0 52.0 51.0 50.0 49.0 48.0 47.0 46.0 45.0 44.0 43.0 42.0 41.0 40.0 39.0 38.0 37.0 36.0 35.0 34.0 33.0 32.0 31.0 30.0 29.0 28.0 27.0 26.0 25.0 24.0 23.0 22.0 21.0 20.0 19.0 18.0 17.0 16.0 15.0 14.0 13.0 12.0 11.0 10.0 9.0 8.0 7.0 6.0 5.0 4.0 3.0 2.0 1.0 0.0 1.0 2.0 3.0 4.0 5.0 6.0 7.0 8.0 9.0 10.0 11.0 12.0 13.0 14.0 15.0 16.0 17.0 18.0 19.0 20.0 21.0 
21.0 22.0 23.0 24.0 25.0 26.0 27.0 28.0 29.0 30.0 31.0 32.0 33.0 34.0 35.0 36.0 37.0 38.0 39.0 40.0 41.0 42.0 43.0 44.0 45.0 46.0 47.0 48.0 49.0 50.0 51.0 52.0 53.0 54.0 55.0 56.0 57.0 58.0 59.0 60.0 61.0 62.0 63.0 64.0 63.0 62.0 61.0 60.0 59.0 58.0 57.0 56.0 55.0 54.0 53.0 52.0 51.0 50.0 49.0 48.0 47.0 46.0 45.0 44.0 43.0 42.0 41.0 40.0 39.0 38.0 37.0 36.0 35.0 34.0 33.0 32.0 31.0 30.0 29.0 28.0 27.0 26.0 25.0 24.0 23.0 22.0 21.0 20.0 19.0 18.0 17.0 16.0 15.0 14.0 13.0 12.0 11.0 10.0 9.0 8.0 7.0 6.0 5.0 4.0 3.0 2.0 1.0 0.0 1.0 2.0 3.0 4.0 5.0 6.0 7.0 8.0 9.0 10.0 11.0 12.0 13.0 14.0 15.0 16.0 17.0 18.0 19.0 20.0 
20.0 21.0 22.0 23.0 24.0 25.0 26.0 27.0 28.0 29.0 30.0 31.0 32.0 33.0 34.0 35.0 36.0 37.0 38.0 39.0 40.0 41.0 42.0 43.0 44.0 45.0 46.0 47.0 48.0 49.0 50.0 51.0 52.0 53.0 54.0 55.0 56.0 57.0 58.0 59.0 60.0 61.0 62.0 63.0 64.0 63.0 62.0 61.0 60.0 59.0 58.0 57.0 56.0 55.0 54.0 53.0 52.0 51.0 50.0 49.0 48.0 47.0 46.0 45.0 44.0 43.0 42.0 41.0 40.0 39.0 38.0 37.0 36.0 35.0 34.0 33.0 32.0 31.0 30.0 29.0 28.0 27.0 26.0 25.0 24.0 23.0 22.0 21.0 20.0 19.0 18.0 17.0 16.0 15.0 14.0 13.0 12.0 11.0 10.0 9.0 8.0 7.0 6.0 5.0 4.0 3.0 2.0 1.0 0.0 1.0 2.0 3.0 4.0 5.0 6.0 7.0 8.0 9.0 10.0 11.0 12.0 13.0 14.0 15.0 16.0 17.0 18.0 19.0 
19.0 20.0 21.0 22.0 23.0 24.0 25.0 26.0 27.0 28.0 29.0 30.0 31.0 32.0 33.0 34.0 35.0 36.0 37.0 38.0 39.0 40.0 41.0 42.0 43.0 44.0 45.0 46.0 47.0 48.0 49.0 50.0 51.0 52.0 53.0 54.0 55.0 56.0 57.0 58.0 59.0 60.0 61.0 62.0 63.0 64.0 63.0 62.0 61.0 60.0 59.0 58.0 57.0 56.0 55.0 54.0 53.0 52.0 51.0 50.0 49.0 48.0 47.0 46.0 45.0 44.0 43.0 42.0 41.0 40.0 39.0 38.0 37.0 36.0 35.0 34.0 33.0 32.0 31.0 30.0 29.0 28.0 27.0 26.0 25.0 24.0 23.0 22.0 21.0 20.0 19.0 18.0 17.0 16.0 15.0 14.0 13.0 12.0 11.0 10.0 9.0 8.0 7.0 6.0 5.0 4.0 3.0 2.0 1.0 0.0 1.0 2.0 3.0 4.0 5.0 6.0 7.0 8.0 9.0 10.0 11.0 12.0 13.0 14.0 15.0 16.0 17.0 18.0 
18.0 19.0 20.0 21.0 22.0 23.0 24.0 25.0 26.0 27.0 28.0 29.0 30.0 31.0 32.0 33.0 34.0 35.0 36.0 37.0 38.0 39.0 40.0 41.0 42.0 43.0 44.0 45.0 46.0 47.0 48.0 49.0 50.0 51.0 52.0 53.0 54.0 55.0 56.0 57.0 58.0 59.0 60.0 61.0 62.0 63.0 64.0 63.0 62.0 61.0 60.0 59.0 58.0 57.0 56.0 55.0 54.0 53.0 52.0 51.0 50.0 49.0 48.0 47.0 46.0 45.0 44.0 43.0 42.0 41.0 40.0 39.0 38.0 37.0 36.0 35.0 34.0 33.0 32.0 31.0 30.0 29.0 28.0 27.0 26.0 25.0 24.0 23.0 22.0 21.0 20.0 19.0 18.0 17.0 16.0 15.0 14.0 13.0 12.0 11.0 10.0 9.0 8.0 7.0 6.0 5.0 4.0 3.0 2.0 1.0 0.0 1.0 2.0 3.0 4.0 5.0 6.0 7.0 8.0 9.0 10.0 11.0 12.0 13.0 14.0 15.0 16.0 17.0 
17.0 18.0 19.0 20.0 21.0 22.0 23.0 24.0 25.0 26.0 27.0 28.0 29.0 30.0 31.0 32.0 33.0 34.0 35.0 36.0 37.0 38.0 39.0 40.0 41.0 42.0 43.0 44.0 45.0 46.0 47.0 48.0 49.0 50.0 51.0 52.0 53.0 54.0 55.0 56.0 57.0 58.0 59.0 60.0 61.0 62.0 63.0 64.0 63.0 62.0 61.0 60.0 59.0 58.0 57.0 56.0 55.0 54.0 53.0 52.0 51.0 50.0 49.0 48.0 47.0 46.0 45.0 44.0 43.0 42.0 41.0 40.0 39.0 38.0 37.0 36.0 35.0 34.0 33.0 32.0 31.0 30.0 29.0 28.0 27.0 26.0 25.0 24.0 23.0 22.0 21.0 20.0 19.0 18.0 17.0 16.0 15.0 14.0 13.0 12.0 11.0 10.0 9.0 8.0 7.0 6.0 5.0 4.0 3.0 2.0 1.0 0.0 1.0 2.0 3.0 4.0 5.0 6.0 7.0 8.0 9.0 10.0 11.0 12.0 13.0 14.0 15.0 16.0 
16.0 17.0 18.0 19.0 20.0 21.0 22.0 23.0 24.0 25.0 26.0 27.0 28.0 29.0 30.0 31.0 32.0 33.0 34.0 35.0 36.0 37.0 38.0 39.0 40.0 41.0 42.0 43.0 44.0 45.0 46.0 47.0 48.0 49.0 50.0 51.0 52.0 53.0 54.0 55.0 56.0 57.0 58.0 59.0 60.0 61.0 62.0 63.0 64.0 63.0 62.0 61.0 60.0 59.0 58.0 57.0 56.0 55.0 54.0 53.0 52.0 51.0 50.0 49.0 48.0 47.0 46.0 45.0 44.0 43.0 42.0 41.0 40.0 39.0 38.0 37.0 36.0 35.0 34.0 33.0 32.0 31.0 30.0 29.0 28.0 27.0 26.0 25.0 24.0 23.0 22.0 21.0 20.0 19.0 18.0 17.0 16.0 15.0 14.0 13.0 12.0 11.0 10.0 9.0 8.0 7.0 6.0 5.0 4.0 3.0 2.0 1.0 0.0 1.0 2.0 3.0 4.0 5.0 6.0 7.0 8.0 9.0 10.0 11.0 12.0 13.0 14.0 15.0 
15.0 16.0 17.0 18.0 19.0 20.0 21.0 22.0 23.0 24.0 25.0 26.0 27.0 28.0 29.0 30.0 31.0 32.0 33.0 34.0 35.0 36.0 37.0 38.0 39.0 40.0 41.0 42.0 43.0 44.0 45.0 46.0 47.0 48.0 49.0 50.0 51.0 52.0 53.0 54.0 55.0 56.0 57.0 58.0 59.0 60.0 61.0 62.0 63.0 64.0 63.0 62.0 61.0 60.0 59.0 58.0 57.0 56.0 55.0 54.0 53.0 52.0 51.0 50.0 49.0 48.0 47.0 46.0 45.0 44.0 43.0 42.0 41.0 40.0 39.0 38.0 37.0 36.0 35.0 34.0 33.0 32.0 31.0 30.0 29.0 28.0 27.0 26.0 25.0 24.0 23.0 22.0 21.0 20.0 19.0 18.0 17.0 16.0 15.0 14.0 13.0 12.0 11.0 10.0 9.0 8.0 7.0 6.0 5.0 4.0 3.0 2.0 1.0 0.0 1.0 2.0 3.0 4.0 5.0 6.0 7.0 8.0 9.0 10.0 11.0 12.0 13.0 14.0 
14.0 15.0 16.0 17.0 18.0 19.0 20.0 21.0 22.0 23.0 24.0 25.0 26.0 27.0 28.0 29.0 30.0 31.0 32.0 33.0 34.0 35.0 36.0 37.0 38.0 39.0 40.0 41.0 42.0 43.0 44.0 45.0 46.0 47.0 48.0 49.0 50.0 51.0 52.0 53.0 54.0 55.0 56.0 57.0 58.0 59.0 60.0 61.0 62.0 63.0 64.0 63.0 62.0 61.0 60.0 59.0 58.0 57.0 56.0 55.0 54.0 53.0 52.0 51.0 50.0 49.0 48.0 47.0 46.0 45.0 44.0 43.0 42.0 41.0 40.0 39.0 38.0 37.0 36.0 35.0 34.0 33.0 32.0 31.0 30.0 29.0 28.0 27.0 26.0 25.0 24.0 23.0 22.0 21.0 20.0 19.0 18.0 17.0 16.0 15.0 14.0 13.0 12.0 11.0 10.0 9.0 8.0 7.0 6.0 5.0 4.0 3.0 2.0 1.0 0.0 1.0 2.0 3.0 4.0 5.0 6.0 7.0 8.0 9.0 10.0 11.0 12.0 13.0 
13.0 14.0 15.0 16.0 17.0 18.0 19.0 20.0 21.0 22.0 23.0 24.0 25.0 26.0 27.0 28.0 29.0 30.0 31.0 32.0 33.0 34.0 35.0 36.0 37.0 38.0 39.0 40.0 41.0 42.0 43.0 44.0 45.0 46.0 47.0 48.0 49.0 50.0 51.0 52.0 53.0 54.0 55.0 56.0 57.0 58.0 59.0 60.0 61.0 62.0 63.0 64.0 63.0 62.0 61.0 60.0 59.0 58.0 57.0 56.0 55.0 54.0 53.0 52.0 51.0 50.0 49.0 48.0 47.0 46.0 45.0 44.0 43.0 42.0 41.0 40.0 39.0 38.0 37.0 36.0 35.0 34.0 33.0 32.0 31.0 30.0 29.0 28.0 27.0 26.0 25.0 24.0 23.0 22.0 21.0 20.0 19.0 18.0 17.0 16.0 15.0 14.0 13.0 12.0 11.0 10.0 9.0 8.0 7.0 6.0 5.0 4.0 3.0 2.0 1.0 0.0 1.0 2.0 3.0 4.0 5.0 6.0 7.0 8.0 9.0 10.0 11.0 12.0 
12.0 13.0 14.0 15.0 16.0 17.0 18.0 19.0 20.0 21.0 22.0 23.0 24.0 25.0 26.0 27.0 28.0 29.0 30.0 31.0 32.0 33.0 34.0 35.0 36.0 37.0 38.0 39.0 40.0 41.0 42.0 43.0 44.0 45.0 46.0 47.0 48.0 49.0 50.0 51.0 52.0 53.0 54.0 55.0 56.0 57.0 58.0 59.0 60.0 61.0 62.0 63.0 64.0 63.0 62.0 61.0 60.0 59.0 58.0 57.0 56.0 55.0 54.0 53.0 52.0 51.0 50.0 49.0 48.0 47.0 46.0 45.0 44.0 43.0 42.0 41.0 40.0 39.0 38.0 37.0 36.0 35.0 34.0 33.0 32.0 31.0 30.0 29.0 28.0 27.0 26.0 25.0 24.0 23.0 22.0 21.0 20.0 19.0 18.0 17.0 16.0 15.0 14.0 13.0 12.0 11.0 10.0 9.0 8.0 7.0 6.0 5.0 4.0 3.0 2.0 1.0 0.0 1.0 2.0 3.0 4.0 5.0 6.0 7.0 8.0 9.0 10.0 11.0 
11.0 12.0 13.0 14.0 15.0 16.0 17.0 18.0 19.0 20.0 21.0 22.0 23.0 24.0 25.0 26.0 27.0 28.0 29.0 30.0 31.0 32.0 33.0 34.0 35.0 36.0 37.0 38.0 39.0 40.0 41.0 42.0 43.0 44.0 45.0 46.0 47.0 48.0 49.0 50.0 51.0 52.0 53.0 54.0 55.0 56.0 57.0 58.0 59.0 60.0 61.0 62.0 63.0 64.0 63.0 62.0 61.0 60.0 59.0 58.0 57.0 56.0 55.0 54.0 53.0 52.0 51.0 50.0 49.0 48.0 47.0 46.0 45.0 44.0 43.0 42.0 41.0 40.0 39.0 38.0 37.0 36.0 35.0 34.0 33.0 32.0 31.0 30.0 29.0 28.0 27.0 26.0 25.0 24.0 23.0 22.0 21.0 20.0 19.0 18.0 17.0 16.0 15.0 14.0 13.0 12.0 11.0 10.0 9.0 8.0 7.0 6.0 5.0 4.0 3.0 2.0 1.0 0.0 1.0 2.0 3.0 4.0 5.0 6.0 7.0 8.0 9.0 10.0 
10.0 11.0 12.0 13.0 14.0 15.0 16.0 17.0 18.0 19.0 20.0 21.0 22.0 23.0 24.0 25.0 26.0 27.0 28.0 29.0 30.0 31.0 32.0 33.0 34.0 35.0 36.0 37.0 38.0 39.0 40.0 41.0 42.0 43.0 44.0 45.0 46.0 47.0 48.0 49.0 50.0 51.0 52.0 53.0 54.0 55.0 56.0 57.0 58.0 59.0 60.0 61.0 62.0 63.0 64.0 63.0 62.0 61.0 60.0 59.0 58.0 57.0 56.0 55.0 54.0 53.0 52.0 51.0 50.0 49.0 48.0 47.0 46.0 45.0 44.0 43.0 42.0 41.0 40.0 39.0 38.0 37.0 36.0 35.0 34.0 33.0 32.0 31.0 30.0 29.0 28.0 27.0 26.0 25.0 24.0 23.0 22.0 21.0 20.0 19.0 18.0 17.0 16.0 15.0 14.0 13.0 12.0 11.0 10.0 9.0 8.0 7.0 6.0 5.0 4.0 3.0 2.0 1.0 0.0 1.0 2.0 3.0 4.0 5.0 6.0 7.0 8.0 9.0 
9.0 10.0 11.0 12.0 13.0 14.0 15.0 16.0 17.0 18.0 19.0 20.0 21.0 22.0 23.0 24.0 25.0 26.0 27.0 28.0 29.0 30.0 31.0 32.0 33.0 34.0 35.0 36.0 37.0 38.0 39.0 40.0 41.0 42.0 43.0 44.0 45.0 46.0 47.0 48.0 49.0 50.0 51.0 52.0 53.0 54.0 55.0 56.0 57.0 58.0 59.0 60.0 61.0 62.0 63.0 64.0 63.0 62.0 61.0 60.0 59.0 58.0 57.0 56.0 55.0 54.0 53.0 52.0 51.0 50.0 49.0 48.0 47.0 46.0 45.0 44.0 43.0 42.0 41.0 40.0 39.0 38.0 37.0 36.0 35.0 34.0 33.0 32.0 31.0 30.0 29.0 28.0 27.0 26.0 25.0 24.0 23.0 22.0 21.0 20.0 19.0 18.0 17.0 16.0 15.0 14.0 13.0 12.0 11.0 10.0 9.0 8.0 7.0 6.0 5.0 4.0 3.0 2.0 1.0 0.0 1.0 2.0 3.0 4.0 5.0 6.0 7.0 8.0 
8.0 9.0 10.0 11.0 12.0 13.0 14.0 15.0 16.0 17.0 18.0 19.0 20.0 21.0 22.0 23.0 24.0 25.0 26.0 27.0 28.0 29.0 30.0 31.0 32.0 33.0 34.0 35.0 36.0 37.0 38.0 39.0 40.0 41.0 42.0 43.0 44.0 45.0 46.0 47.0 48.0 49.0 50.0 51.0 52.0 53.0 54.0 55.0 56.0 57.0 58.0 59.0 60.0 61.0 62.0 63.0 64.0 63.0 62.0 61.0 60.0 59.0 58.0 57.0 56.0 55.0 54.0 53.0 52.0 51.0 50.0 49.0 48.0 47.0 46.0 45.0 44.0 43.0 42.0 41.0 40.0 39.0 38.0 37.0 36.0 35.0 34.0 33.0 32.0 31.0 30.0 29.0 28.0 27.0 26.0 25.0 24.0 23.0 22.0 21.0 20.0 19.0 18.0 17.0 16.0 15.0 14.0 13.0 12.0 11.0 10.0 9.0 8.0 7.0 6.0 5.0 4.0 3.0 2.0 1.0 0.0 1.0 2.0 3.0 4.0 5.0 6.0 7.0 
7.0 8.0 9.0 10.0 11.0 12.0 13.0 14.0 15.0 16.0 17.0 18.0 19.0 20.0 21.0 22.0 23.0 24.0 25.0 26.0 27.0 28.0 29.0 30.0 31.0 32.0 33.0 34.0 35.0 36.0 37.0 38.0 39.0 40.0 41.0 42.0 43.0 44.0 45.0 46.0 47.0 48.0 49.0 50.0 51.0 52.0 53.0 54.0 55.0 56.0 57.0 58.0 59.0 60.0 61.0 62.0 63.0 64.0 63.0 62.0 61.0 60.0 59.0 58.0 57.0 56.0 55.0 54.0 53.0 52.0 51.0 50.0 49.0 48.0 47.0 46.0 45.0 44.0 43.0 42.0 41.0 40.0 39.0 38.0 37.0 36.0 35.0 34.0 33.0 32.0 31.0 30.0 29.0 28.0 27.0 26.0 25.0 24.0 23.0 22.0 21.0 20.0 19.0 18.0 17.0 16.0 15.0 14.0 13.0 12.0 11.0 10.0 9.0 8.0 7.0 6.0 5.0 4.0 3.0 2.0 1.0 0.0 1.0 2.0 3.0 4.0 5.0 6.0 
6.0 7.0 8.0 9.0 10.0 11.0 12.0 13.0 14.0 15.0 16.0 17.0 18.0 19.0 20.0 21.0 22.0 23.0 24.0 25.0 26.0 27.0 28.0 29.0 30.0 31.0 32.0 33.0 34.0 35.0 36.0 37.0 38.0 39.0 40.0 41.0 42.0 43.0 44.0 45.0 46.0 47.0 48.0 49.0 50.0 51.0 52.0 53.0 54.0 55.0 56.0 57.0 58.0 59.0 60.0 61.0 62.0 63.0 64.0 63.0 62.0 61.0 60.0 59.0 58.0 57.0 56.0 55.0 54.0 53.0 52.0 51.0 50.0 49.0 48.0 47.0 46.0 45.0 44.0 43.0 42.0 41.0 40.0 39.0 38.0 37.0 36.0 35.0 34.0 33.0 32.0 31.0 30.0 29.0 28.0 27.0 26.0 25.0 24.0 23.0 22.0 21.0 20.0 19.0 18.0 17.0 16.0 15.0 14.0 13.0 12.0 11.0 10.0 9.0 8.0 7.0 6.0 5.0 4.0 3.0 2.0 1.0 0.0 1.0 2.0 3.0 4.0 5.0 
5.0 6.0 7.0 8.0 9.0 10.0 11.0 12.0 13.0 14.0 15.0 16.0 17.0 18.0 19.0 20.0 21.0 22.0 23.0 24.0 25.0 26.0 27.0 28.0 29.0 30.0 31.0 32.0 33.0 34.0 35.0 36.0 37.0 38.0 39.0 40.0 41.0 42.0 43.0 44.0 45.0 46.0 47.0 48.0 49.0 50.0 51.0 52.0 53.0 54.0 55.0 56.0 57.0 58.0 59.0 60.0 61.0 62.0 63.0 64.0 63.0 62.0 61.0 60.0 59.0 58.0 57.0 56.0 55.0 54.0 53.0 52.0 51.0 50.0 49.0 48.0 47.0 46.0 45.0 44.0 43.0 42.0 41.0 40.0 39.0 38.0 37.0 36.0 35.0 34.0 33.0 32.0 31.0 30.0 29.0 28.0 27.0 26.0 25.0 24.0 23.0 22.0 21.0 20.0 19.0 18.0 17.0 16.0 15.0 14.0 13.0 12.0 11.0 10.0 9.0 8.0 7.0 6.0 5.0 4.0 3.0 2.0 1.0 0.0 1.0 2.0 3.0 4.0 
4.0 5.0 6.0 7.0 8.0 9.0 10.0 11.0 12.0 13.0 14.0 15.0 16.0 17.0 18.0 19.0 20.0 21.0 22.0 23.0 24.0 25.0 26.0 27.0 28.0 29.0 30.0 31.0 32.0 33.0 34.0 35.0 36.0 37.0 38.0 39.0 40.0 41.0 42.0 43.0 44.0 45.0 46.0 47.0 48.0 49.0 50.0 51.0 52.0 53.0 54.0 55.0 56.0 57.0 58.0 59.0 60.0 61.0 62.0 63.0 64.0 63.0 62.0 61.0 60.0 59.0 58.0 57.0 56.0 55.0 54.0 53.0 52.0 51.0 50.0 49.0 48.0 47.0 46.0 45.0 44.0 43.0 42.0 41.0 40.0 39.0 38.0 37.0 36.0 35.0 34.0 33.0 32.0 31.0 30.0 29.0 28.0 27.0 26.0 25.0 24.0 23.0 22.0 21.0 20.0 19.0 18.0 17.0 16.0 15.0 14.0 13.0 12.0 11.0 10.0 9.0 8.0 7.0 6.0 5.0 4.0 3.0 2.0 1.0 0.0 1.0 2.0 3.0 
3.0 4.0 5.0 6.0 7.0 8.0 9.0 10.0 11.0 12.0 13.0 14.0 15.0 16.0 17.0 18.0 19.0 20.0 21.0 22.0 23.0 24.0 25.0 26.0 27.0 28.0 29.0 30.0 31.0 32.0 33.0 34.0 35.0 36.0 37.0 38.0 39.0 40.0 41.0 42.0 43.0 44.0 45.0 46.0 47.0 48.0 49.0 50.0 51.0 52.0 53.0 54.0 55.0 56.0 57.0 58.0 59.0 60.0 61.0 62.0 63.0 64.0 63.0 62.0 61.0 60.0 59.0 58.0 57.0 56.0 55.0 54.0 53.0 52.0 51.0 50.0 49.0 48.0 47.0 46.0 45.0 44.0 43.0 42.0 41.0 40.0 39.0 38.0 37.0 36.0 35.0 34.0 33.0 32.0 31.0 30.0 29.0 28.0 27.0 26.0 25.0 24.0 23.0 22.0 21.0 20.0 19.0 18.0 17.0 16.0 15.0 14.0 13.0 12.0 11.0 10.0 9.0 8.0 7.0 6.0 5.0 4.0 3.0 2.0 1.0 0.0 1.0 2.0 
2.0 3.0 4.0 5.0 6.0 7.0 8.0 9.0 10.0 11.0 12.0 13.0 14.0 15.0 16.0 17.0 18.0 19.0 20.0 21.0 22.0 23.0 24.0 25.0 26.0 27.0 28.0 29.0 30.0 31.0 32.0 33.0 34.0 35.0 36.0 37.0 38.0 39.0 40.0 41.0 42.0 43.0 44.0 45.0 46.0 47.0 48.0 49.0 50.0 51.0 52.0 53.0 54.0 55.0 56.0 57.0 58.0 59.0 60.0 61.0 62.0 63.0 64.0 63.0 62.0 61.0 60.0 59.0 58.0 57.0 56.0 55.0 54.0 53.0 52.0 51.0 50.0 49.0 48.0 47.0 46.0 45.0 44.0 43.0 42.0 41.0 40.0 39.0 38.0 37.0 36.0 35.0 34.0 33.0 32.0 31.0 30.0 29.0 28.0 27.0 26.0 25.0 24.0 23.0 22.0 21.0 20.0 19.0 18.0 17.0 16.0 15.0 14.0 13.0 12.0 11.0 10.0 9.0 8.0 7.0 6.0 5.0 4.0 3.0 2.0 1.0 0.0 1.0 
1.0 2.0 3.0 4.0 5.0 6.0 7.0 8.0 9.0 10.0 11.0 12.0 13.0 14.0 15.0 16.0 17.0 18.0 19.0 20.0 21.0 22.0 23.0 24.0 25.0 26.0 27.0 28.0 29.0 30.0 31.0 32.0 33.0 34.0 35.0 36.0 37.0 38.0 39.0 40.0 41.0 42.0 43.0 44.0 45.0 46.0 47.0 48.0 49.0 50.0 51.0 52.0 53.0 54.0 55.0 56.0 57.0 58.0 59.0 60.0 61.0 62.0 63.0 64.0 63.0 62.0 61.0 60.0 59.0 58.0 57.0 56.0 55.0 54.0 53.0 52.0 51.0 50.0 49.0 48.0 47.0 46.0 45.0 44.0 43.0 42.0 41.0 40.0 39.0 38.0 37.0 36.0 35.0 34.0 33.0 32.0 31.0 30.0 29.0 28.0 27.0 26.0 25.0 24.0 23.0 22.0 21.0 20.0 19.0 18.0 17.0 16.0 15.0 14.0 13.0 12.0 11.0 10.0 9.0 8.0 7.0 6.0 5.0 4.0 3.0 2.0 1.0 0.0 