128
49 97 83 56 99 17 14 54 27 35 74 1 71 90 48 64 72 6 6 72 24 43 82 13 10 90 88 3 95 88 37 61 40 34 24 87 100 57 88 96 69 14 25 49 91 2 55 25 91 73 23 47 88 100 55 44 4 79 45 58 87 84 62 44 61 22 53 86 18 86 33 61 28 34 35 67 97 24 20 7 56 28 22 76 75 38 7 43 73 39 42 39 69 3 46 36 50 66 49 14 51 86 49 36 35 83 76 33 76 46 41 73 30 92 77 7 28 8 54 68 95 40 88 7 66 18 79 42 
10 16 61 67 35 17 97 39 11 65 8 46 23 100 84 3 70 34 24 87 57 28 82 99 100 24 55 94 65 63 8 30 17 98 9 14 6 56 77 36 77 61 30 54 74 33 56 70 97 24 32 49 20 3 30 47 30 91 94 10 87 27 6 28 83 88 38 79 87 59 65 67 83 59 12 17 91 9 39 78 53 78 76 98 96 43 13 38 25 76 52 98 52 42 88 35 99 61 20 2 40 82 8 78 78 8 73 78 36 5 46 9 87 95 4 35 44 70 15 88 44 32 73 99 94 7 70 32 
72 23 34 50 56 94 25 38 68 20 65 69 47 24 90 44 28 7 31 67 27 81 68 64 87 63 93 80 68 26 94 46 34 84 18 4 40 48 100 27 32 35 63 43 91 46 57 28 67 59 30 62 46 24 48 85 31 49 28 40 61 71 99 6 65 89 86 57 5 2 56 51 19 30 24 33 50 19 36 83 61 62 15 57 85 60 19 7 75 3 36 27 86 60 76 37 14 73 20 48 41 37 53 39 81 93 26 42 33 60 65 47 24 2 19 72 20 35 11 77 80 65 88 49 36 26 78 3 
59 1 13 39 82 90 39 48 34 31 30 39 19 32 72 89 98 60 3 66 9 95 96 23 21 78 40 20 50 55 45 85 61 22 72 56 20 97 24 63 93 49 45 69 67 21 20 38 12 50 95 92 81 80 46 84 67 94 78 6 32 77 78 92 47 36 14 38 79 16 56 54 60 7 94 21 25 62 76 17 87 64 99 39 60 26 10 59 22 47 26 57 29 28 98 43 5 25 44 53 99 85 55 71 13 1 12 56 32 67 10 45 29 46 57 25 24 30 14 5 91 17 74 59 77 83 56 55 
53 77 70 18 48 65 64 74 64 88 74 11 82 12 27 33 46 25 22 80 98 38 17 17 73 9 15 57 73 58 50 25 98 19 100 69 9 45 7 43 49 6 37 56 42 41 84 35 1 30 34 81 68 62 20 30 56 1 72 69 10 12 98 89 66 72 40 31 66 87 68 72 17 12 3 78 14 98 5 79 34 94 75 85 39 13 75 4 59 1 31 75 35 6 16 69 22 8 19 70 6 83 22 46 47 30 2 46 45 22 81 89 38 12 13 44 37 51 17 90 52 26 64 89 96 30 59 96 
71 26 9 43 71 95 2 52 36 58 22 64 26 87 88 28 39 29 57 31 11 31 70 1 18 61 98 98 22 53 93 1 90 99 2 69 14 7 69 20 20 79 59 28 17 92 47 81 50 88 60 41 53 23 12 30 31 17 75 6 1 84 47 37 94 73 28 52 88 85 28 24 61 46 58 89 45 77 83 12 79 56 45 74 99 72 12 92 94 36 44 40 33 100 11 91 46 65 16 96 51 56 79 29 98 7 32 36 83 26 78 31 84 38 95 88 35 48 96 57 48 35 19 29 60 47 18 57 
56 64 82 87 21 50 68 72 61 84 23 87 30 36 38 45 90 99 43 87 96 73 71 69 53 92 34 92 47 33 100 46 97 12 97 97 89 88 47 62 100 20 24 58 80 30 65 37 36 33 19 42 51 35 38 62 99 29 2 8 49 98 8 9 31 52 44 67 15 52 82 88 78 72 23 47 12 53 25 14 79 42 83 51 24 69 7 23 78 92 30 15 33 18 41 96 53 55 60 23 54 47 47 33 33 88 32 76 18 6 62 93 88 3 97 75 17 74 86 47 58 23 89 71 48 59 83 53 
83 58 83 24 67 43 9 67 10 75 88 52 31 100 46 75 100 5 3 55 47 85 60 75 20 16 85 88 89 42 95 89 50 97 46 96 36 62 15 3 94 57 31 48 27 26 23 69 90 46 52 7 51 67 89 43 75 59 99 95 63 57 69 26 58 42 52 48 16 69 62 50 67 35 73 77 66 11 55 68 18 28 31 81 69 1 46 7 22 43 80 75 58 13 66 78 100 79 30 19 35 89 31 55 8 62 42 11 89 13 61 85 35 11 66 33 27 86 72 40 60 98 49 48 29 99 82 85 
43 56 92 39 36 64 86 39 92 58 52 75 100 13 21 50 93 100 18 99 98 2 93 98 37 29 23 88 50 72 56 36 52 81 26 70 33 36 30 71 38 55 69 45 87 34 69 47 15 48 38 26 13 89 51 23 60 39 15 13 31 75 8 50 7 92 47 54 88 25 33 89 84 69 1 75 35 84 79 98 45 55 22 70 12 28 54 29 16 58 88 43 96 44 95 17 10 35 78 5 84 18 74 70 91 5 68 13 31 51 14 36 65 47 50 72 90 100 6 90 19 53 15 97 26 93 15 99 
57 78 93 66 83 80 35 73 100 62 39 84 76 54 5 48 87 96 85 96 30 88 70 76 47 10 43 15 22 30 70 19 74 70 42 94 16 85 50 100 50 43 85 40 28 80 62 91 96 77 55 11 58 76 83 75 61 13 38 3 67 46 34 54 32 34 55 18 52 69 39 75 58 97 60 6 58 36 45 43 74 58 50 2 78 59 20 23 4 29 27 90 71 1 22 9 1 29 49 86 14 98 96 76 14 75 21 97 4 33 26 23 9 81 72 86 27 65 83 18 45 40 35 2 24 49 68 21 
98 85 48 80 64 80 86 38 30 78 39 39 41 81 52 88 44 59 79 96 69 32 89 26 38 21 35 92 1 28 86 35 75 65 20 49 64 8 10 35 38 44 17 44 79 26 53 34 36 24 92 72 76 26 16 48 74 44 68 53 61 55 99 76 61 74 45 89 93 90 43 79 91 38 7 71 65 81 98 23 72 41 91 99 47 46 79 81 49 12 91 12 54 22 86 36 41 85 60 16 100 95 76 78 15 90 99 5 49 62 68 5 12 8 91 37 64 14 46 33 74 63 41 19 30 75 59 59 
1 17 73 70 100 57 38 81 61 53 37 91 60 93 5 21 67 20 38 15 41 9 89 45 100 60 66 30 33 20 17 33 9 62 68 79 35 2 54 89 1 19 5 21 6 73 43 95 48 27 69 49 50 97 9 13 5 99 97 49 42 26 15 100 33 82 59 55 99 25 76 25 22 20 34 59 92 86 22 2 94 71 86 32 65 29 13 65 82 64 47 66 79 77 64 46 73 40 50 73 46 80 72 4 29 68 66 35 36 14 14 23 84 86 85 61 72 79 7 40 20 30 22 48 50 22 23 36 
91 40 68 96 61 10 5 33 30 91 46 68 7 83 74 20 87 77 83 82 69 33 76 1 23 45 18 94 76 28 11 66 1 71 41 57 75 62 48 83 31 66 28 56 31 25 83 61 48 78 63 44 19 90 23 37 43 66 59 7 3 77 18 72 5 27 4 92 91 17 67 76 51 92 9 64 38 50 64 30 84 35 62 71 88 82 2 39 61 1 70 13 43 37 73 44 87 29 24 17 98 36 67 74 49 12 41 32 63 62 7 9 34 18 27 68 34 60 16 12 72 89 95 69 12 29 39 15 
5 12 71 14 42 45 31 54 100 93 3 23 48 70 5 44 58 41 42 23 10 45 44 87 33 51 49 31 56 93 89 45 15 72 53 67 57 95 1 20 15 32 32 62 81 92 43 48 67 32 91 56 69 77 16 24 49 40 40 64 90 44 93 54 41 10 64 7 43 20 10 66 57 84 25 25 96 44 40 75 35 31 42 47 72 62 95 41 45 56 30 55 93 69 24 30 54 79 91 8 28 41 68 77 15 83 55 19 44 27 64 15 24 46 100 75 63 68 26 81 90 30 8 87 28 22 98 70 
47 88 52 26 21 16 29 34 76 97 10 17 11 13 77 4 30 73 67 22 77 77 19 71 95 65 21 23 54 43 8 29 86 61 63 53 98 35 21 5 17 10 62 74 7 46 51 4 77 59 9 12 79 25 96 82 67 58 13 27 48 44 8 50 96 36 53 60 93 11 59 52 43 74 66 44 72 4 22 68 71 34 16 11 81 93 32 56 58 66 17 56 71 33 64 81 43 27 4 68 67 52 68 98 48 29 93 17 2 58 62 43 15 96 52 75 68 65 32 14 30 5 47 70 15 90 77 26 
95 19 76 36 58 45 75 88 43 47 7 30 73 40 41 90 35 55 76 75 21 97 64 96 81 1 89 25 49 27 43 68 27 35 84 36 32 98 20 51 33 79 56 66 88 66 90 5 41 63 36 5 33 26 69 34 56 11 66 26 94 86 72 80 97 25 83 19 36 75 58 65 1 46 71 73 93 25 13 1 81 77 19 89 95 71 55 46 13 20 47 48 56 70 8 46 16 15 97 38 80 18 45 89 90 45 96 68 67 38 59 61 19 44 40 85 68 19 38 61 50 48 31 84 97 46 11 36 
45 25 73 90 32 40 55 53 89 89 82 97 93 52 67 83 80 8 22 55 78 56 39 77 75 94 96 79 57 78 59 57 69 95 84 32 53 13 74 69 15 45 5 71 61 17 68 16 72 9 48 82 53 61 3 83 63 12 21 37 26 10 82 28 90 55 97 20 23 76 80 31 84 6 37 60 73 6 21 68 23 9 76 10 86 33 73 87 41 95 40 26 55 74 31 60 91 83 78 7 22 40 14 66 18 33 21 22 10 21 13 63 4 79 94 73 92 99 27 19 4 18 85 9 66 96 92 72 
53 83 19 26 16 26 94 54 72 26 19 12 70 58 16 80 1 2 14 42 12 58 39 100 67 3 53 34 7 83 30 21 49 63 91 29 50 78 88 90 27 8 24 85 16 37 56 34 60 62 49 42 75 25 99 4 75 26 29 86 83 21 49 47 17 39 46 71 56 25 75 97 30 94 29 77 93 93 97 30 66 93 61 9 15 74 96 44 45 88 77 13 15 69 38 35 31 76 67 14 1 30 66 21 95 96 28 57 50 44 17 63 5 80 28 15 8 62 46 2 25 37 28 60 69 93 43 22 
96 47 30 38 8 53 45 73 65 34 47 13 97 60 19 2 25 81 96 6 52 7 22 19 23 8 57 40 46 93 84 61 68 39 15 50 96 84 19 34 25 29 91 46 38 75 75 12 90 15 38 85 58 15 16 84 31 44 6 92 82 36 52 61 52 10 78 43 23 79 41 85 48 31 78 11 79 26 35 17 83 37 3 72 26 73 76 38 63 4 11 58 42 37 97 98 50 64 70 45 35 7 96 92 3 55 24 35 44 16 97 27 83 55 57 43 39 13 89 31 10 75 80 46 1 83 25 16 
26 100 21 46 12 69 43 16 2 33 43 54 34 7 72 18 67 18 94 82 62 20 31 91 72 42 64 7 46 86 42 40 3 4 73 9 84 67 49 15 48 6 95 6 2 83 63 27 96 66 65 17 4 35 1 79 21 35 24 31 13 15 22 14 58 99 88 55 68 62 94 21 82 52 92 17 39 66 17 58 89 55 19 22 74 47 75 52 91 44 99 39 35 40 81 67 31 55 31 58 20 51 13 7 53 38 76 6 27 18 55 55 40 33 11 10 78 82 48 95 50 20 56 81 76 79 48 78 
29 18 30 63 17 96 64 38 42 32 48 59 73 37 33 96 38 11 74 22 80 58 100 51 77 81 82 50 73 78 56 71 59 85 49 36 67 52 90 79 5 46 28 42 76 2 68 51 77 64 17 46 4 1 1 52 53 55 26 57 66 58 83 1 26 90 57 86 66 32 87 31 61 52 3 16 27 5 65 24 78 30 94 6 31 44 79 9 81 25 69 49 4 22 47 3 22 83 29 62 83 3 67 9 15 90 84 54 18 2 20 9 8 96 50 14 38 42 94 13 68 80 60 13 10 7 44 34 
64 2 8 85 6 36 85 2 34 26 1 73 23 41 95 19 87 45 49 60 95 62 14 58 66 26 70 57 13 100 61 99 7 53 18 30 66 69 72 69 24 22 83 41 98 41 36 26 73 81 87 10 29 67 93 6 45 21 74 67 70 49 20 99 40 22 85 19 18 26 24 71 34 67 44 12 74 77 50 84 18 7 5 4 2 93 19 65 9 57 18 79 100 95 62 50 90 70 61 48 72 83 40 27 13 34 63 18 93 67 16 55 48 95 59 40 17 90 58 77 5 17 59 46 9 25 5 17 
81 15 14 7 79 31 39 25 12 22 7 82 84 61 36 21 32 58 14 98 48 20 78 7 48 27 52 58 100 87 9 28 90 75 22 7 38 82 6 35 34 60 81 32 86 67 9 44 65 7 90 80 8 75 60 73 34 71 90 20 29 74 22 43 14 34 72 68 52 100 34 11 55 65 17 5 34 14 83 5 71 79 31 16 76 77 78 30 40 12 79 62 24 11 22 55 85 18 93 9 34 26 17 63 32 18 9 59 66 78 6 26 39 51 55 58 86 71 60 27 94 89 35 58 80 10 35 59 
71 62 5 75 80 61 87 39 20 75 40 96 57 1 15 63 9 81 69 32 63 28 92 58 6 57 66 27 62 86 70 91 63 86 64 11 90 86 93 46 70 61 2 34 51 96 94 6 38 55 36 77 21 51 25 23 98 4 57 67 22 54 99 20 20 30 81 76 29 99 17 71 54 34 57 56 22 42 48 63 18 23 73 55 56 47 56 5 12 90 73 93 21 9 44 88 37 29 37 31 66 96 30 44 94 15 29 94 70 87 7 63 68 63 86 42 2 58 89 2 56 22 95 86 28 98 71 74 
99 33 33 72 22 51 14 33 61 15 1 53 44 33 83 92 93 62 15 64 43 50 73 33 60 73 10 90 31 68 37 64 41 12 15 15 27 67 83 39 37 13 94 90 6 82 35 91 39 63 47 40 11 66 97 49 10 34 99 87 14 100 98 74 57 14 48 62 89 37 22 22 84 94 15 57 82 65 57 90 69 9 63 89 92 26 20 25 89 56 91 63 61 19 22 59 53 50 20 45 90 23 70 11 94 15 66 88 20 37 97 17 58 30 64 26 26 100 66 22 48 74 70 62 35 14 86 20 
73 48 71 30 43 35 98 72 79 38 71 88 76 62 11 35 47 39 99 95 30 25 21 60 51 29 86 44 84 100 91 90 32 14 38 18 10 62 1 75 28 71 47 19 20 6 98 20 26 59 82 33 27 72 43 23 61 41 55 82 1 5 39 11 21 22 45 33 19 5 4 43 56 89 26 9 59 22 38 82 93 79 35 8 43 42 79 61 50 78 50 67 87 67 27 91 58 36 78 33 35 20 79 61 19 6 44 49 39 35 49 26 53 45 54 95 94 50 55 6 71 78 2 4 86 86 53 47 
100 54 55 37 70 14 68 35 66 23 73 4 90 97 28 74 15 69 1 14 6 58 84 8 81 55 84 78 10 86 23 37 72 80 69 91 90 27 60 97 96 99 50 57 57 87 3 12 52 5 61 91 97 77 86 84 85 4 78 13 80 73 90 18 9 7 3 3 38 52 84 26 55 67 85 88 34 51 15 37 35 55 73 12 45 64 35 99 6 10 71 34 98 39 50 87 15 32 35 54 56 90 74 56 44 93 8 9 58 92 19 2 60 95 41 9 5 61 74 69 92 40 29 62 48 54 32 90 
62 33 60 55 61 77 29 37 38 28 53 71 26 74 5 66 90 70 30 9 66 25 4 81 77 40 30 10 87 27 19 90 80 100 69 32 22 58 52 67 63 79 78 68 13 63 59 93 99 61 55 67 16 85 63 26 60 18 39 42 55 27 88 87 17 97 33 23 100 79 80 17 14 6 74 45 56 72 9 48 30 17 70 65 36 11 42 76 75 73 62 4 4 54 13 21 51 31 50 23 79 93 8 47 91 51 9 1 94 69 19 98 75 50 92 78 99 75 77 53 42 25 3 35 3 49 88 4 
62 64 70 52 63 20 62 75 43 26 50 79 24 44 81 87 43 40 53 28 97 4 13 45 43 71 24 80 99 37 62 89 71 95 28 78 20 28 91 78 92 84 59 81 15 89 49 90 15 11 87 50 58 79 28 1 13 57 62 100 89 56 73 30 75 21 29 39 36 98 66 20 81 44 94 2 23 75 97 19 9 63 73 8 28 68 5 18 95 90 43 71 47 89 92 29 35 56 88 59 28 6 41 79 85 4 32 78 31 46 62 59 61 31 61 64 80 88 86 47 90 73 43 88 92 52 55 50 
29 53 96 78 40 61 53 96 95 26 30 78 91 35 86 10 21 83 98 35 55 94 84 17 3 56 75 34 2 53 24 25 80 45 3 20 19 92 53 3 43 17 70 70 27 69 21 75 90 36 18 33 11 36 30 32 90 73 6 67 44 50 44 98 18 78 70 2 45 34 56 4 97 80 77 12 4 13 47 43 80 36 52 17 98 43 20 23 25 74 75 73 98 40 92 80 22 30 34 63 13 22 48 22 78 8 50 99 41 57 25 98 35 10 28 81 86 14 73 42 39 82 55 76 1 85 52 6 
97 46 87 22 75 97 40 44 5 95 26 25 98 64 48 44 94 92 79 21 34 58 54 44 64 97 29 72 2 68 16 8 74 13 65 58 59 65 35 21 71 74 13 48 61 2 86 64 73 13 93 40 5 45 56 37 36 19 12 70 9 32 23 56 59 50 82 59 55 62 33 1 12 70 86 36 54 91 74 78 1 34 73 57 96 74 13 62 72 14 39 55 99 29 37 51 76 27 62 71 33 36 100 19 5 16 6 3 81 67 89 18 59 78 11 45 46 37 26 36 68 30 9 33 33 62 20 38 
81 40 73 58 13 5 52 50 11 40 97 94 56 60 34 4 38 8 40 13 5 18 82 10 98 48 57 1 27 82 56 83 34 82 66 66 2 75 2 45 98 84 95 100 99 37 31 5 93 79 82 59 86 65 77 48 45 93 20 14 80 53 98 88 22 73 5 27 67 90 59 63 44 68 69 34 3 74 79 33 62 95 71 25 28 54 10 44 10 64 26 32 66 44 90 15 67 4 93 81 48 9 33 69 64 86 70 51 50 16 38 83 25 17 66 82 83 31 53 40 25 53 35 25 64 39 52 76 
49 80 32 79 74 35 12 23 93 67 39 36 42 16 51 41 30 72 98 7 28 13 92 25 59 100 47 100 29 52 54 88 85 100 80 4 40 32 65 49 98 95 18 2 22 27 23 34 50 99 6 31 31 7 47 54 73 9 41 41 22 84 75 62 26 97 19 53 18 90 57 61 34 48 81 73 4 42 62 95 89 30 63 68 3 11 10 34 41 49 23 95 52 24 85 79 15 16 56 75 39 55 19 36 6 8 23 5 10 95 61 73 29 19 70 95 22 2 26 74 70 31 62 31 70 32 92 78 
25 88 38 7 74 24 7 7 84 24 89 55 32 40 60 96 29 79 79 31 46 88 10 99 30 43 91 32 57 38 28 66 68 5 52 31 91 23 53 66 71 38 52 4 92 27 60 52 51 43 34 24 74 22 6 19 17 79 56 26 60 6 69 3 38 87 4 94 47 16 26 59 22 18 36 42 52 60 50 19 12 47 23 68 62 3 78 70 15 97 60 41 87 83 81 45 75 55 73 79 84 5 50 50 88 68 68 66 35 4 30 32 36 53 64 15 55 10 69 17 45 89 63 26 47 63 89 9 
15 67 53 97 17 84 14 41 67 32 80 29 50 21 62 11 81 28 12 25 77 34 64 60 65 25 96 73 38 79 78 84 37 89 98 79 98 61 23 82 59 54 46 59 20 50 12 50 36 100 45 94 40 25 15 97 65 2 88 70 45 77 33 31 14 28 40 13 100 64 90 49 40 93 97 43 13 75 95 97 30 50 96 47 84 83 50 15 79 97 48 59 39 91 38 50 60 71 12 24 97 38 60 7 1 5 45 41 19 33 43 99 83 27 55 82 97 2 12 2 27 74 78 55 43 90 23 14 
96 39 56 32 83 17 87 91 80 44 26 47 29 38 4 36 98 57 79 38 1 11 24 26 78 92 58 38 65 100 38 42 34 34 29 7 41 72 14 18 97 35 30 99 3 66 29 8 87 62 47 35 50 3 4 24 26 96 28 13 22 46 27 15 92 55 33 55 75 70 10 45 91 39 16 18 95 10 25 20 44 88 21 60 52 54 64 89 9 57 63 81 100 39 11 4 2 74 50 80 85 89 47 24 64 65 79 19 28 28 31 100 57 18 56 60 12 41 35 57 56 5 80 18 14 82 43 19 
77 88 21 50 41 85 81 65 19 31 81 44 87 71 29 71 88 11 20 31 4 74 19 44 23 71 98 77 10 25 76 72 55 5 48 33 73 11 94 39 59 8 85 79 93 45 90 95 70 68 24 73 39 27 18 14 31 83 18 5 73 47 93 8 24 33 35 19 36 76 44 37 55 70 84 4 64 4 48 95 35 27 41 45 22 80 11 28 48 42 37 16 22 51 27 13 44 10 94 22 6 14 54 92 41 42 13 78 75 82 49 1 75 62 3 24 52 11 2 91 55 57 85 87 22 27 36 54 
44 3 95 99 92 30 66 4 50 26 51 17 82 39 13 22 11 27 7 88 70 39 46 22 10 14 72 20 77 34 33 47 72 64 74 96 18 84 64 98 37 56 63 6 70 73 47 66 82 56 91 69 11 9 22 17 54 13 42 95 42 12 92 99 68 40 85 57 31 24 70 81 65 54 49 92 53 70 58 42 72 57 63 96 10 10 18 40 77 25 56 48 24 98 90 49 20 28 32 40 33 69 48 37 26 12 80 65 25 8 6 73 24 84 61 72 48 91 31 62 93 83 88 15 28 84 61 3 
94 24 53 67 75 96 99 61 2 71 41 54 82 87 24 47 30 52 42 12 67 43 9 36 14 66 96 17 43 7 48 69 40 20 41 62 38 54 33 81 35 90 35 20 15 93 46 5 2 86 69 76 31 70 39 55 11 90 35 16 19 1 96 14 60 74 45 78 91 91 68 4 53 8 74 83 14 48 28 41 55 82 92 26 99 33 39 19 90 56 25 33 87 88 29 5 88 61 94 79 58 23 6 37 5 39 49 53 1 47 67 60 19 1 6 93 6 11 89 86 93 3 39 99 75 33 97 82 
51 72 43 56 51 96 60 9 52 73 57 27 34 12 36 15 89 15 29 20 85 23 100 83 46 72 2 52 75 59 15 31 38 14 70 73 30 21 89 21 72 68 25 86 42 10 96 13 52 65 80 95 80 16 11 53 14 31 98 75 59 47 9 33 56 75 67 1 24 38 49 44 57 46 62 71 65 3 96 99 31 70 22 34 99 100 34 11 9 17 9 2 72 61 86 38 95 82 83 57 83 64 80 78 14 26 98 99 69 53 35 75 34 10 66 97 90 2 24 35 42 21 97 65 49 94 18 13 
60 7 96 60 88 46 35 93 99 91 79 46 88 17 96 63 43 47 91 78 15 90 45 50 82 37 98 94 28 26 14 96 45 93 84 94 94 63 63 5 88 33 65 5 76 57 52 16 68 98 66 25 58 99 17 27 69 94 77 28 25 38 78 85 53 17 60 77 75 47 98 96 25 45 29 11 51 21 42 79 6 64 1 11 83 70 57 59 81 85 33 85 30 17 92 20 15 28 52 30 45 45 97 95 12 75 54 90 57 26 97 90 11 86 61 16 35 74 77 10 94 4 70 97 24 1 26 66 
81 18 89 63 96 78 6 33 8 22 31 24 53 48 55 49 60 94 64 61 50 30 53 97 85 64 50 24 69 69 1 17 4 12 61 14 64 41 31 30 92 47 86 92 83 27 59 20 78 59 99 68 18 66 6 54 4 71 51 88 86 19 9 94 66 62 53 83 5 53 80 62 2 92 55 27 14 69 27 65 11 34 79 1 55 20 74 99 56 23 77 57 47 73 43 79 62 26 4 58 12 22 82 60 67 88 25 19 26 2 83 44 27 76 59 6 41 8 15 98 25 19 59 25 48 23 4 29 
73 2 94 100 39 47 94 10 73 81 13 34 94 95 95 11 35 44 2 42 52 16 5 76 31 99 28 85 14 29 52 89 77 93 45 52 49 66 7 57 62 89 90 16 1 35 97 97 31 10 70 54 5 31 93 2 57 63 45 45 16 51 74 92 59 15 26 86 43 79 86 82 26 53 83 48 88 73 97 36 42 51 30 82 51 33 31 37 6 87 17 57 74 56 60 89 23 88 51 31 62 69 68 67 32 72 36 72 2 41 60 9 79 18 65 86 95 13 97 35 12 100 84 17 65 17 48 55 
71 67 76 6 9 62 96 11 74 55 76 6 61 67 9 20 37 73 14 45 84 94 6 23 13 39 88 32 82 16 39 57 15 82 90 27 37 91 14 96 75 97 57 41 65 64 17 13 79 69 71 75 93 68 37 27 97 76 63 80 85 97 71 99 22 85 93 49 59 27 31 6 61 30 2 15 39 49 81 41 74 30 68 41 95 97 39 69 97 38 72 15 65 47 86 81 10 37 20 60 76 2 24 40 54 11 12 30 51 57 4 100 84 51 35 39 51 77 77 3 51 64 59 87 81 84 38 45 
94 97 16 9 45 71 22 78 95 46 33 8 2 12 7 9 77 74 60 32 91 100 18 12 59 43 96 81 66 100 64 16 5 99 31 1 25 44 28 33 4 33 78 65 58 81 51 12 38 88 95 3 25 86 40 5 90 50 51 23 70 38 84 80 31 81 100 84 63 47 43 65 64 72 94 14 51 13 50 81 50 46 89 17 82 66 49 27 86 69 88 36 81 96 66 15 68 96 69 44 66 97 37 19 64 25 5 51 63 88 5 25 66 48 13 7 52 99 77 32 88 60 93 69 5 37 54 2 
22 35 8 40 44 73 25 3 10 6 75 31 38 98 20 88 100 39 36 33 69 60 45 97 92 52 40 45 56 63 78 7 73 12 15 97 63 70 18 96 82 77 12 88 63 87 91 12 94 83 36 67 41 67 60 94 31 36 92 60 74 41 2 96 44 29 57 45 46 62 92 82 63 30 45 6 58 85 17 93 28 80 54 100 47 4 54 82 70 30 95 93 96 31 55 58 4 40 43 70 95 46 18 8 42 30 95 39 21 33 28 49 79 78 22 37 26 68 14 3 79 14 61 32 1 1 17 60 
16 76 41 37 90 27 49 25 34 50 43 24 7 63 59 68 96 18 74 20 4 82 83 30 35 95 56 2 7 95 47 27 71 17 9 100 50 6 51 8 16 100 66 71 44 14 15 37 89 44 85 63 10 79 62 7 74 71 93 32 68 2 6 93 10 96 72 58 65 17 47 50 15 71 44 80 34 32 93 53 55 92 50 15 68 31 41 84 47 41 12 57 93 70 61 28 80 4 65 42 38 73 100 38 49 43 74 3 65 12 77 65 38 89 93 94 44 100 79 39 80 94 71 88 47 28 88 73 
82 100 46 7 30 5 70 99 68 63 14 67 70 49 99 20 73 16 86 7 32 87 71 12 45 44 61 32 17 55 5 86 58 50 26 9 82 65 49 57 93 88 14 40 56 25 100 86 84 3 40 19 67 16 94 77 19 5 67 29 13 4 73 17 52 41 34 26 45 22 49 53 39 31 96 90 16 86 84 24 1 100 97 67 61 42 64 85 23 81 21 28 44 34 57 42 27 72 93 73 63 65 72 74 91 12 76 99 92 17 98 19 66 61 100 36 16 85 73 80 81 54 81 89 89 62 64 16 
14 34 100 93 77 55 77 22 68 72 79 11 28 66 46 90 62 68 21 57 41 8 35 9 84 74 18 28 80 70 54 77 62 65 97 92 82 84 2 38 60 64 53 88 14 72 80 58 92 39 37 24 78 93 86 84 7 41 30 89 46 38 97 8 16 8 73 86 82 41 20 40 21 75 22 3 69 92 29 98 76 6 8 88 28 71 38 58 37 60 97 1 80 20 3 23 31 73 95 56 79 84 87 83 82 86 74 70 96 71 56 78 57 26 93 54 43 43 95 41 3 49 26 67 32 85 62 87 
17 39 11 62 34 3 90 24 22 82 45 3 50 98 65 17 26 53 21 9 100 93 12 60 7 37 98 49 37 50 61 59 38 90 31 96 53 7 71 76 45 3 34 5 40 20 56 43 82 49 28 42 100 33 23 46 44 41 95 72 67 52 90 67 61 20 14 45 78 3 61 83 91 20 91 16 71 60 59 46 63 40 84 23 57 33 45 30 19 44 63 6 42 5 66 32 14 61 6 29 44 86 24 52 10 73 55 66 99 30 97 84 92 58 23 100 6 1 41 63 66 37 81 28 84 16 41 36 
44 84 6 80 18 32 12 53 77 24 60 93 4 15 55 36 94 49 100 84 8 74 75 40 30 74 32 4 41 51 85 95 47 84 85 94 30 68 49 15 99 56 2 73 90 12 47 78 17 39 70 17 78 44 43 41 49 58 59 65 25 34 68 40 21 78 57 8 87 39 95 41 58 68 96 4 6 68 1 88 57 93 61 58 2 48 70 23 30 64 85 40 89 33 83 3 72 33 46 2 84 70 4 46 2 36 35 8 89 46 28 19 67 76 51 76 28 61 41 37 45 30 8 32 54 48 88 55 
68 77 13 98 3 70 48 72 49 43 93 5 15 78 56 60 98 5 1 76 24 63 11 24 8 73 67 64 97 9 15 55 13 54 2 48 54 49 82 5 58 60 40 92 7 24 98 1 94 53 82 38 74 79 1 25 47 2 86 81 80 56 62 19 48 39 61 73 21 76 71 74 79 75 97 52 77 47 29 36 3 60 44 84 25 59 20 13 99 47 7 92 30 20 86 2 71 4 87 97 71 78 56 95 84 33 64 73 69 52 81 25 28 20 77 77 42 79 41 20 68 26 89 92 35 51 30 13 
89 85 67 80 71 46 48 54 45 36 29 16 10 91 44 38 2 56 97 52 2 56 15 73 80 32 19 70 32 25 36 9 36 9 100 99 57 42 10 39 71 45 64 36 52 70 52 71 8 7 44 56 39 44 99 79 44 27 60 85 99 52 15 75 74 94 94 48 91 9 41 97 58 33 80 68 67 96 48 46 90 52 19 51 36 60 47 78 44 13 50 56 51 75 68 35 46 31 98 90 42 6 65 91 9 37 61 66 75 63 67 44 31 92 4 35 81 63 55 62 17 78 36 13 33 98 93 46 
46 88 37 97 42 43 70 60 47 59 64 100 42 23 83 4 57 82 42 22 91 49 14 56 22 97 82 85 50 92 24 95 81 78 78 40 28 28 7 80 100 81 94 2 62 65 36 82 37 5 67 71 37 61 37 27 62 42 91 24 53 59 18 31 3 55 98 25 68 48 3 61 99 44 97 55 46 76 87 54 6 55 34 89 21 70 8 11 61 63 20 91 79 39 4 72 29 89 57 79 60 56 42 42 17 88 89 93 64 75 5 14 76 60 85 99 13 97 40 31 91 58 100 44 57 55 31 95 
6 52 91 94 36 83 32 30 84 50 99 94 60 17 28 10 49 96 16 8 34 74 19 49 49 40 73 82 76 14 56 97 46 78 77 48 66 90 84 66 88 58 55 24 61 11 77 50 56 96 14 12 68 41 22 41 18 83 11 47 70 30 92 98 86 45 38 77 6 48 76 48 71 60 57 56 44 66 19 33 96 40 7 76 13 53 62 7 10 30 19 35 6 60 36 11 52 70 74 60 90 16 41 28 87 95 89 80 2 57 36 4 51 95 84 68 11 14 44 34 97 38 50 53 56 30 84 45 
14 24 98 55 28 56 18 3 17 37 93 66 44 71 26 1 39 18 17 31 20 12 70 24 45 67 22 79 97 16 63 18 94 97 50 96 77 84 95 28 23 96 46 25 3 67 57 32 88 92 94 49 11 30 52 94 1 59 30 12 97 51 37 86 46 80 87 45 13 92 92 52 54 99 88 98 69 19 57 53 31 89 18 81 7 3 65 20 64 42 23 94 53 4 32 45 13 45 26 8 96 78 53 23 52 5 89 18 77 5 31 41 85 69 12 31 3 40 64 74 85 61 33 76 68 31 73 2 
27 68 57 35 10 95 38 94 44 100 10 75 85 47 35 70 70 24 21 87 13 29 64 27 94 31 18 86 26 63 5 15 39 43 29 22 33 81 75 72 82 61 41 40 89 26 60 53 90 92 13 72 20 1 85 65 82 74 59 2 24 13 6 44 49 95 69 25 15 12 84 82 19 68 74 71 60 88 18 95 16 74 12 13 30 16 59 78 26 15 28 57 46 94 75 87 30 53 39 97 25 28 56 19 9 8 55 34 94 99 25 39 77 74 65 56 87 57 77 82 20 21 22 32 54 19 49 25 
51 80 23 73 22 98 93 69 26 76 65 29 23 76 39 83 83 13 36 29 93 52 11 10 36 52 55 50 19 22 99 37 60 44 92 72 76 1 43 96 32 88 23 5 77 8 67 68 17 72 92 26 14 17 31 96 78 47 54 77 68 11 77 5 71 25 91 14 50 87 92 98 37 30 41 21 66 75 86 67 57 40 30 25 97 1 94 53 34 27 85 27 49 58 36 28 29 36 1 26 92 74 93 18 33 76 53 38 98 43 76 84 33 47 68 49 91 26 75 20 41 29 43 61 53 93 87 17 
68 9 22 99 16 80 76 74 37 15 42 3 72 10 39 51 71 39 69 76 92 30 31 89 10 87 47 27 62 44 76 53 8 24 23 94 35 46 75 52 5 87 13 64 53 87 68 36 31 41 56 26 74 64 11 4 19 76 62 73 19 97 75 56 86 14 25 93 64 55 16 96 88 53 90 100 61 39 55 1 92 18 6 6 35 83 30 36 76 48 90 3 52 21 45 31 76 64 85 99 77 21 13 71 98 91 63 62 56 46 7 100 21 33 62 95 21 11 74 89 7 11 53 70 18 57 38 89 
26 19 40 75 44 55 26 100 12 65 94 5 19 94 1 70 14 70 67 90 51 84 18 55 33 43 48 44 27 2 13 42 80 92 81 69 60 84 32 46 73 21 66 53 28 86 57 93 59 98 71 69 79 91 85 95 66 5 1 28 52 31 91 90 92 88 10 12 26 75 52 34 71 63 49 37 69 34 41 32 27 19 62 96 7 1 52 39 83 68 80 77 80 56 7 20 38 94 2 24 61 70 32 58 17 49 31 97 78 30 65 55 82 17 24 72 21 58 2 65 31 68 33 19 57 27 43 29 
30 26 46 84 3 28 26 45 70 39 30 71 63 17 52 33 48 42 37 60 89 75 35 59 11 40 68 46 78 58 21 79 68 12 21 77 86 92 84 7 17 81 34 15 33 32 5 100 1 97 44 39 50 60 27 30 6 96 69 95 49 83 63 2 3 86 55 49 87 98 99 46 31 87 46 95 58 13 2 13 8 37 7 9 57 13 37 82 65 96 24 9 54 21 23 61 11 66 65 74 8 31 66 4 64 56 15 71 46 30 10 64 54 10 68 64 30 51 28 66 90 19 23 20 98 2 19 54 
30 2 28 80 86 63 50 19 61 31 50 41 83 14 34 82 28 34 29 65 55 16 89 39 28 19 24 18 93 69 42 64 30 84 15 58 19 8 81 89 36 37 83 31 13 19 35 91 59 54 22 43 50 2 47 83 60 19 76 9 12 66 2 21 34 2 84 62 92 4 23 50 84 13 37 75 16 47 90 82 98 2 98 17 64 28 30 95 95 45 37 41 55 5 86 18 100 10 72 61 24 82 54 39 91 93 43 93 36 12 44 19 95 18 71 93 29 11 94 55 83 91 23 94 56 13 28 20 
61 89 70 34 81 99 42 48 42 85 84 88 2 26 6 12 34 23 5 21 71 99 83 57 84 30 90 32 63 100 3 13 15 98 59 87 73 28 24 28 21 1 2 19 36 100 56 85 67 33 30 84 91 11 18 95 58 18 75 51 36 53 33 69 5 43 37 20 35 7 86 53 37 9 85 88 53 83 87 94 83 76 70 83 53 78 83 54 44 34 33 46 58 82 6 8 90 63 76 94 10 21 74 78 55 19 81 90 44 49 62 11 86 35 55 98 8 29 8 36 59 26 82 22 65 86 3 53 
22 48 41 25 86 63 14 48 65 62 61 86 50 78 6 4 1 83 63 28 12 40 77 68 40 22 73 33 95 81 11 69 58 36 24 70 14 19 18 4 36 9 60 30 10 39 25 50 49 46 93 56 68 20 97 64 51 70 58 14 75 71 27 42 43 23 48 53 58 6 86 98 52 78 66 28 75 62 31 53 45 52 42 4 27 10 80 50 90 84 83 82 55 14 20 42 73 59 76 13 59 67 32 4 41 74 55 78 70 75 17 52 36 23 19 14 32 80 26 37 31 28 23 17 13 2 38 79 
87 75 9 94 95 80 18 97 70 64 36 26 45 34 89 75 10 85 6 60 17 17 16 94 83 99 6 20 82 14 75 79 8 80 13 17 17 20 14 89 51 6 42 15 1 87 23 16 76 75 87 37 97 88 27 43 91 7 100 42 67 86 99 63 46 81 3 66 39 52 38 51 72 91 28 100 55 25 73 50 100 8 99 34 15 6 41 21 7 55 41 21 35 7 32 95 23 13 39 26 67 35 48 70 62 3 77 73 77 75 29 18 30 46 73 68 89 40 74 13 73 58 15 55 52 74 43 89 
100 62 14 37 1 64 80 54 58 25 13 93 70 17 16 84 63 52 93 40 69 82 31 91 81 49 70 70 78 93 11 48 13 58 76 63 58 47 47 87 80 5 71 46 64 92 40 72 57 22 97 67 32 46 8 13 66 39 9 28 6 57 94 55 99 19 94 45 81 74 90 79 3 16 46 57 4 89 24 34 75 88 37 97 96 93 5 42 81 40 23 99 85 68 22 78 52 50 16 31 62 82 13 20 32 65 88 95 87 66 53 29 49 60 33 27 21 79 35 47 85 92 64 27 57 44 10 15 
8 3 48 69 65 69 68 3 89 23 38 6 35 37 55 79 95 35 25 25 26 89 11 57 98 9 61 49 35 49 77 43 46 1 18 25 20 10 18 71 50 23 68 79 30 29 17 4 93 69 37 59 55 94 29 25 77 94 14 13 77 88 77 1 10 26 10 40 50 97 69 94 62 48 35 38 2 7 1 81 44 44 70 77 80 71 28 97 97 12 1 76 70 100 14 15 8 65 94 93 20 75 92 60 79 36 83 35 64 88 70 63 72 67 88 47 63 59 20 88 79 73 83 71 41 1 44 77 
84 47 42 99 23 80 20 5 56 91 34 55 2 85 13 15 39 16 27 50 24 96 13 3 3 12 6 56 25 36 84 33 75 50 42 32 70 43 83 45 81 17 34 20 94 95 33 21 99 32 62 79 19 73 83 46 32 9 67 35 14 18 81 69 61 54 49 32 19 51 99 71 52 87 81 65 45 41 63 66 6 52 96 68 67 40 11 16 45 58 21 62 86 98 61 98 57 87 100 36 93 98 98 20 99 2 100 27 16 10 11 68 71 57 1 15 6 13 39 39 23 25 33 9 73 66 93 70 
99 49 16 59 40 26 21 54 59 70 24 96 46 97 14 18 96 56 37 91 80 70 62 69 82 42 84 51 10 65 27 32 96 96 14 10 62 90 88 23 33 23 33 45 29 15 90 80 39 3 16 63 72 17 13 6 73 82 24 30 26 1 24 93 92 39 21 63 74 12 36 79 45 31 89 76 89 80 68 73 50 17 71 58 72 74 58 58 64 37 15 50 41 43 58 7 55 86 80 53 63 9 52 29 6 67 59 26 5 96 84 80 5 44 75 51 36 64 14 4 41 22 38 35 1 62 53 11 
13 85 10 43 14 64 84 12 81 21 58 5 52 6 63 26 74 81 35 41 96 97 41 48 1 38 17 7 5 15 59 100 1 42 37 31 79 72 92 48 70 79 27 72 28 62 31 19 28 51 76 67 33 34 59 14 15 76 55 37 10 100 13 91 58 21 43 16 89 58 89 64 81 4 34 38 44 17 57 41 66 82 59 48 18 98 15 64 55 59 99 51 90 36 98 79 80 48 35 75 15 44 34 39 26 42 31 92 91 8 87 76 11 9 32 60 16 81 60 64 5 59 59 69 24 70 92 21 
56 85 36 83 68 5 42 42 68 90 10 97 60 64 86 13 100 53 41 70 63 29 18 84 73 98 5 21 23 49 82 43 41 56 91 83 51 1 34 72 95 65 91 93 1 96 22 11 6 27 48 18 31 50 17 13 66 98 77 58 26 40 11 82 63 28 3 38 46 74 76 35 75 55 58 84 51 54 55 82 73 37 98 92 75 94 11 81 29 87 34 63 33 30 66 19 89 95 33 42 90 4 76 87 53 73 47 69 68 90 7 11 89 21 17 46 52 14 4 52 46 97 47 10 89 9 19 12 
36 1 22 46 45 8 9 6 14 25 79 77 12 72 57 77 81 99 42 80 98 9 60 31 63 10 1 22 72 73 76 77 39 1 29 49 70 83 35 21 58 55 28 39 66 82 17 8 54 61 45 7 79 38 80 70 81 91 11 15 67 73 77 24 82 5 22 50 71 63 8 59 13 53 72 7 28 87 90 58 44 2 35 46 88 25 88 22 82 100 99 80 96 87 100 100 41 1 91 64 62 60 38 7 44 44 50 16 13 66 52 45 90 27 3 36 55 72 75 2 57 14 37 66 100 45 4 9 
44 79 97 86 74 5 4 85 56 80 33 56 97 21 2 53 55 45 15 72 7 41 84 97 21 52 89 56 49 34 75 87 64 86 12 65 24 59 37 83 53 28 82 49 9 47 79 93 24 81 22 40 71 6 79 25 30 8 49 3 35 29 11 73 15 35 93 5 81 20 51 50 64 93 3 69 85 7 67 93 59 39 94 62 64 41 37 63 86 76 67 61 98 6 16 82 72 7 28 7 19 16 93 88 100 63 16 5 22 53 94 47 90 19 94 72 20 33 98 49 1 16 17 26 13 98 49 88 
42 96 40 10 27 100 91 74 95 40 52 20 82 98 53 68 30 47 94 68 47 2 41 65 23 49 93 78 51 47 95 64 51 96 55 92 21 97 70 53 88 22 5 11 21 1 76 100 94 24 44 60 50 5 70 95 36 41 16 18 41 80 88 14 63 31 16 71 73 44 42 59 9 43 28 60 28 88 3 66 81 67 10 17 86 64 80 79 100 40 92 82 74 66 41 69 48 64 43 51 12 22 58 85 50 5 10 25 90 54 9 5 4 61 77 37 70 24 99 67 97 75 85 29 82 27 94 56 
9 94 65 43 53 36 13 67 98 73 63 91 88 46 64 74 100 45 23 45 29 79 87 20 51 68 51 24 80 48 53 28 46 59 94 66 33 69 11 30 62 22 42 75 42 48 2 10 13 3 86 85 69 59 17 18 70 71 4 61 20 55 75 10 58 29 16 61 76 11 41 36 75 31 80 86 77 3 46 30 93 91 53 13 60 53 93 24 59 62 44 53 60 37 1 95 16 47 68 64 42 16 74 39 41 65 79 5 25 26 90 60 73 20 62 86 27 38 9 9 73 77 25 1 19 35 38 31 
73 74 37 61 17 60 99 99 6 39 65 62 92 42 56 100 23 55 87 99 50 39 70 64 31 19 47 1 23 94 63 91 82 70 96 51 85 33 80 60 55 29 56 75 27 8 4 33 66 87 11 50 43 10 89 63 38 30 44 97 9 29 24 17 55 10 59 58 61 43 65 12 67 27 14 39 51 66 70 96 50 84 16 51 73 42 22 97 44 19 36 57 53 24 5 66 17 67 46 96 86 58 53 41 19 86 42 19 71 31 81 93 17 75 96 56 93 67 85 43 60 38 20 55 57 29 81 2 
51 5 21 37 51 96 66 96 44 35 33 60 79 22 15 95 51 93 29 20 26 32 20 48 13 60 95 71 87 64 11 12 70 51 75 10 6 47 23 17 59 62 77 33 59 94 75 81 69 91 63 35 56 77 93 1 74 67 61 28 5 89 59 49 86 18 56 61 25 54 18 39 51 63 64 9 14 26 52 54 59 5 43 89 87 2 83 72 89 50 78 69 70 85 38 92 96 81 16 64 25 82 20 89 47 83 98 36 90 5 42 3 95 96 81 78 4 71 1 100 85 11 62 44 70 74 30 55 
32 83 65 82 26 67 87 24 6 5 80 60 3 28 17 21 29 37 50 8 37 33 58 37 37 93 58 7 3 6 85 72 21 79 10 13 49 61 4 9 37 16 90 8 69 65 90 17 30 52 76 23 91 12 9 22 72 53 10 4 16 62 95 83 66 8 17 90 75 82 55 11 44 5 19 53 28 2 53 64 79 36 27 67 28 74 86 25 85 79 27 21 81 32 36 86 44 15 55 20 19 62 15 45 50 33 24 2 11 13 84 21 13 54 2 16 82 83 2 29 55 12 36 89 80 41 70 96 
50 69 63 28 96 81 53 80 22 14 51 20 39 11 3 53 99 30 26 51 99 8 52 87 69 34 90 2 29 17 100 94 60 32 66 35 14 9 10 73 94 43 69 91 48 23 67 3 12 36 11 73 4 17 56 12 81 88 44 51 25 26 20 10 6 62 39 73 76 21 8 45 86 16 96 94 8 97 65 79 53 62 86 15 36 71 80 85 27 82 42 41 30 53 76 100 13 41 97 85 35 44 38 64 31 56 18 2 48 9 14 85 84 92 33 64 95 57 59 23 20 39 18 75 19 63 91 69 
78 29 84 19 56 96 24 42 38 10 72 32 47 51 23 47 34 32 21 29 64 48 80 48 42 38 73 25 60 9 25 54 65 51 53 69 81 63 80 71 79 40 28 86 1 100 57 48 58 74 63 40 81 37 86 88 38 3 71 53 29 34 56 17 62 89 3 22 24 6 84 20 95 42 3 9 80 39 35 94 43 55 59 58 18 66 39 87 59 23 16 60 100 88 72 56 78 4 9 20 75 47 89 42 49 60 52 16 61 64 69 99 58 90 17 91 91 67 94 17 8 29 98 7 100 48 31 69 
1 55 9 64 59 60 65 70 3 50 41 66 78 60 88 74 81 59 98 64 36 30 69 77 40 60 1 76 95 1 28 70 17 87 9 61 30 28 9 60 82 34 8 12 70 18 61 77 86 21 34 2 54 71 59 13 1 97 8 63 46 13 4 100 41 42 33 33 85 3 39 36 90 48 16 82 76 47 97 36 77 9 66 18 88 85 70 47 100 27 2 71 11 73 51 79 62 30 71 73 60 73 76 79 85 56 27 73 55 17 42 97 84 89 31 5 8 51 61 33 57 26 81 3 24 97 63 93 
31 54 62 50 5 34 36 40 80 14 37 96 25 22 26 13 95 53 90 21 16 68 5 70 99 41 82 59 29 79 3 64 91 37 1 46 6 13 98 92 29 59 38 94 88 3 33 4 11 24 62 30 59 40 90 9 8 97 71 85 98 92 90 90 38 27 12 36 71 97 36 51 96 10 60 66 23 19 91 87 11 4 70 41 14 55 64 63 1 69 65 78 74 31 10 100 17 26 32 59 82 54 90 47 19 20 75 89 99 28 31 9 55 70 74 92 38 95 60 52 87 83 27 12 96 88 48 74 
50 19 94 75 10 61 19 1 97 30 8 83 43 44 73 64 24 69 5 96 75 67 49 40 31 30 95 76 43 54 74 30 86 61 66 10 93 6 51 37 47 12 22 2 21 81 65 53 12 41 61 49 83 50 47 71 50 85 98 4 70 28 80 99 96 23 88 100 17 94 92 32 93 55 86 44 28 41 36 87 79 38 65 16 60 2 40 66 42 92 10 67 99 71 5 4 47 64 34 41 98 88 69 53 53 53 7 81 84 49 59 1 15 43 85 87 33 20 66 5 28 52 24 44 86 11 28 47 
78 36 65 100 86 20 91 55 76 89 38 66 20 62 10 11 27 85 4 6 97 77 63 68 60 68 51 90 80 29 55 70 97 6 6 62 30 28 69 27 82 13 17 45 60 67 77 50 41 1 26 46 94 3 9 38 87 77 72 86 77 2 54 62 62 12 68 83 63 53 99 77 3 99 9 47 42 55 19 14 26 74 42 71 51 90 75 50 59 19 20 95 18 37 82 17 31 55 40 95 72 79 40 23 29 44 64 98 81 26 29 49 71 22 23 96 49 46 6 74 12 26 12 52 85 45 91 16 
10 95 87 18 89 91 6 64 61 81 96 83 45 19 13 1 83 30 3 28 32 9 56 81 93 73 11 44 95 100 66 10 72 55 67 12 74 4 66 30 36 89 26 42 60 100 52 85 95 88 55 98 2 84 54 42 99 14 54 16 89 74 30 57 83 22 36 24 84 79 41 52 8 40 71 68 46 1 67 16 88 95 74 54 36 97 74 84 11 4 57 35 74 20 16 93 34 25 56 48 18 54 56 18 30 31 72 2 90 37 94 94 99 15 94 44 55 79 90 91 63 28 1 55 77 80 16 92 
40 32 94 65 49 56 55 53 26 95 41 22 11 42 68 71 14 96 20 94 8 32 34 89 91 22 41 15 84 81 58 12 86 79 3 67 80 11 100 18 91 51 49 92 29 98 70 96 32 79 71 52 3 15 47 80 49 55 64 36 42 58 21 100 9 92 31 21 32 26 60 30 30 16 32 89 68 37 21 35 71 47 64 34 14 78 46 28 93 22 65 61 52 13 68 67 29 58 14 26 63 83 90 72 43 80 17 86 6 78 4 74 74 31 72 95 93 6 71 87 94 54 51 27 9 40 59 58 
98 51 84 94 56 53 47 93 51 45 13 91 58 37 9 40 95 58 95 92 86 64 56 32 52 49 70 29 36 61 36 1 83 92 39 43 34 98 93 18 15 52 14 48 52 61 8 89 76 6 91 27 30 80 79 27 57 50 34 78 75 2 14 95 95 70 18 15 61 5 78 10 58 16 9 65 63 32 1 63 4 23 47 8 71 24 46 4 96 22 12 97 15 70 32 96 87 82 84 11 91 9 15 75 70 97 46 45 59 49 51 68 89 62 81 67 86 2 62 65 24 41 65 31 5 47 7 65 
84 95 32 32 7 100 8 77 53 58 2 57 20 53 44 29 98 11 49 51 88 26 58 39 99 40 71 94 28 25 44 12 51 33 30 76 13 25 93 3 73 52 99 77 79 19 64 42 17 90 73 93 94 92 73 93 10 32 98 45 67 50 94 38 66 35 34 21 43 7 40 73 82 91 93 95 33 78 17 64 37 99 93 15 97 52 62 72 44 96 76 77 30 48 63 98 37 78 90 37 68 27 72 26 83 95 89 34 38 19 29 59 13 47 17 96 49 93 42 55 51 60 64 55 95 26 46 24 
36 65 97 94 34 93 51 68 44 65 79 56 43 100 8 78 45 14 86 4 87 37 66 28 80 97 49 65 47 32 22 44 63 27 75 21 49 66 17 23 97 62 6 70 43 61 60 81 8 83 26 46 69 43 16 48 21 97 83 67 11 82 21 98 35 40 28 30 90 74 39 84 71 56 24 30 14 82 24 43 76 28 19 34 48 26 97 73 76 38 75 30 20 52 33 74 24 13 91 48 89 54 10 17 35 99 41 65 15 74 94 1 55 74 36 73 2 29 14 17 71 100 12 23 23 32 27 81 
69 30 25 69 70 82 77 29 25 14 92 65 87 24 27 32 60 93 31 72 94 79 64 52 80 82 24 31 29 32 97 33 2 32 9 91 85 35 84 73 99 9 22 94 88 75 53 22 7 44 7 48 16 16 58 48 38 27 57 50 31 18 100 97 88 77 99 29 64 50 89 11 75 31 29 40 80 64 55 66 94 64 97 12 100 80 88 80 28 86 64 69 28 89 71 53 42 97 5 9 89 41 41 10 52 16 96 4 23 29 4 35 21 95 51 21 93 88 40 4 61 61 45 20 59 76 68 50 
19 49 32 57 44 54 55 91 97 100 94 91 75 52 49 54 96 34 46 97 67 78 80 2 33 64 78 36 26 47 27 10 93 89 43 93 36 86 95 13 48 6 5 19 93 24 4 72 91 54 67 10 6 14 83 63 30 34 93 96 49 43 92 98 90 31 97 93 71 43 37 88 34 3 77 6 90 34 77 36 97 32 82 72 3 60 84 5 55 99 17 52 36 79 60 24 93 58 98 64 85 13 39 47 79 16 13 42 96 18 34 88 7 61 60 97 22 63 16 6 15 44 93 5 17 72 27 14 
60 30 61 1 92 11 10 61 36 86 78 32 37 20 74 91 14 81 48 38 3 57 79 34 1 6 51 59 84 90 13 76 53 42 68 72 13 42 76 76 93 51 46 68 95 78 39 35 32 85 36 92 9 30 40 60 23 55 3 60 37 100 13 70 66 78 47 94 12 13 54 97 93 45 42 74 10 63 93 58 29 26 99 37 42 11 68 65 56 100 15 86 99 27 9 17 8 30 51 5 15 13 89 75 45 21 77 87 32 38 58 2 35 69 80 1 89 6 15 67 67 94 56 66 54 3 67 53 
17 50 80 12 49 41 39 40 75 38 70 60 59 27 61 23 54 51 28 29 85 50 12 16 32 2 34 89 55 6 3 99 6 51 51 65 3 13 68 39 89 50 98 29 14 5 27 39 76 46 55 50 39 24 3 27 12 35 92 13 42 60 8 35 86 8 98 45 100 37 79 27 78 14 52 6 31 64 60 43 35 2 33 47 25 56 39 54 81 40 55 4 97 98 43 90 30 87 37 69 70 78 63 10 91 44 23 10 95 83 100 6 23 14 53 70 12 6 48 89 23 37 5 20 11 94 22 5 
7 22 71 21 5 66 7 49 68 19 55 35 14 62 56 38 100 83 91 75 32 14 12 68 87 42 35 98 93 14 22 50 73 15 3 86 22 82 74 100 68 97 52 71 87 63 51 71 98 87 67 27 37 80 59 87 45 54 6 18 24 66 68 9 8 66 64 70 67 76 87 84 8 11 71 4 38 87 66 75 48 62 84 37 17 2 30 99 37 84 59 26 12 70 53 3 87 70 20 98 25 66 29 71 19 26 30 75 100 12 99 49 91 32 47 82 65 70 62 78 9 28 50 36 65 85 98 47 
85 97 45 89 36 85 20 34 72 18 50 17 99 8 22 87 47 97 15 65 75 99 85 79 47 46 87 27 40 27 73 27 34 50 7 73 25 31 63 69 90 62 57 83 17 48 46 58 87 89 87 54 46 11 53 7 19 55 27 24 43 1 25 83 46 89 25 40 78 88 6 30 49 29 62 37 45 88 25 5 10 25 66 6 43 85 90 65 100 21 5 55 47 56 84 63 27 49 90 41 20 70 100 19 82 70 80 76 64 31 21 40 85 2 82 91 3 71 65 36 81 52 14 31 88 27 32 69 
92 18 21 44 74 13 89 38 13 57 13 99 72 27 28 68 7 18 47 54 34 13 13 37 26 23 53 24 46 58 64 11 6 95 69 18 49 44 93 64 72 37 40 42 54 29 12 79 29 68 78 62 2 19 26 76 85 10 73 11 3 24 6 75 53 57 99 14 88 16 76 41 15 6 35 97 2 12 86 90 36 15 65 29 38 51 85 6 55 59 98 33 86 48 55 15 92 46 28 55 85 49 29 77 43 65 66 81 68 42 15 91 86 62 6 65 37 43 49 73 22 65 34 35 10 1 20 4 
80 47 41 66 63 11 44 50 37 43 24 43 76 17 54 10 49 95 50 1 15 71 25 13 7 39 68 59 64 39 76 57 21 43 89 75 50 63 87 95 49 69 54 3 39 87 18 48 27 74 93 64 92 56 66 3 74 92 32 13 90 17 36 92 97 73 37 95 20 16 21 6 48 46 79 71 43 43 63 29 13 46 79 74 29 37 30 34 62 30 39 75 69 45 82 44 92 55 69 81 10 4 92 23 87 5 7 28 54 98 67 25 39 26 77 27 10 27 41 54 49 18 37 42 37 58 98 42 
65 27 49 92 50 23 29 41 58 71 81 64 56 21 1 94 41 29 5 82 72 8 97 15 39 3 59 78 7 20 98 96 59 87 67 41 97 99 44 31 23 88 27 4 12 32 53 60 33 86 8 4 89 78 33 96 40 14 79 57 75 84 45 44 63 37 88 91 87 45 33 14 70 65 89 93 87 99 76 18 64 79 53 89 76 76 12 63 71 56 98 66 75 78 47 43 79 28 19 26 9 15 77 51 59 58 78 38 37 76 76 26 92 91 95 80 54 52 3 95 5 65 61 23 12 87 91 77 
12 80 48 74 14 71 99 6 70 54 73 69 21 55 23 27 79 33 73 84 50 96 63 13 32 8 77 31 70 38 25 48 12 83 47 75 51 2 34 83 22 71 75 33 16 94 45 100 1 81 98 100 91 7 91 22 80 60 84 68 46 69 11 67 94 71 88 94 91 72 44 74 79 9 79 94 71 73 20 3 89 66 1 27 27 2 66 1 18 22 67 15 43 64 89 84 100 64 55 11 82 7 67 12 64 13 61 97 43 63 30 3 41 28 41 26 12 45 78 5 9 53 6 17 49 85 79 59 
24 74 3 82 21 20 72 33 78 55 61 98 37 86 82 61 14 62 90 4 90 15 7 38 39 38 70 40 16 36 27 89 49 92 16 27 71 28 68 34 16 63 95 82 69 52 97 31 100 41 32 90 10 7 32 86 78 65 99 44 52 94 94 81 88 53 16 26 61 39 57 36 90 93 24 81 18 44 34 88 57 79 19 70 98 82 83 37 95 62 23 4 73 21 91 43 47 16 58 78 92 87 4 53 57 33 55 33 44 33 49 21 25 68 35 52 86 18 4 98 10 43 10 81 55 20 73 69 
59 81 87 95 90 7 100 5 96 43 80 15 12 89 8 70 96 56 60 83 73 92 77 10 36 82 24 58 17 67 86 99 32 91 14 88 98 3 89 41 62 79 10 73 37 82 94 87 13 38 71 83 83 20 94 77 41 37 64 21 82 83 52 62 24 74 47 64 71 18 98 68 98 8 79 10 82 74 92 8 11 72 51 83 37 7 24 99 73 29 56 80 99 9 54 48 5 69 89 1 82 11 14 82 17 11 81 29 17 51 64 48 1 85 6 79 6 6 52 23 10 11 73 24 51 30 93 40 
80 23 80 4 59 94 94 78 80 53 16 2 36 70 62 66 7 46 34 66 20 59 73 45 18 22 50 76 98 83 59 24 31 53 65 73 10 43 49 98 87 87 20 20 37 81 21 67 91 69 98 11 31 3 65 89 10 26 99 63 85 85 45 73 75 41 10 4 33 100 10 32 68 59 60 85 98 64 95 93 2 57 44 56 43 91 53 95 87 86 9 22 82 6 34 26 60 90 62 97 10 39 79 26 72 9 52 97 89 79 52 62 69 80 10 93 63 20 84 95 64 77 70 17 88 23 18 96 
89 33 62 92 93 82 17 39 60 45 50 29 79 54 52 20 68 23 38 53 34 44 10 63 44 87 80 68 87 43 44 69 76 51 40 66 82 21 34 79 83 95 43 54 79 43 77 63 54 43 78 66 57 48 11 2 25 5 9 100 67 86 38 44 24 83 9 56 86 86 83 2 46 69 77 12 60 97 19 69 91 87 2 83 95 69 29 53 72 65 50 10 41 83 25 21 48 2 25 72 84 35 6 42 61 27 4 50 1 40 55 84 27 44 87 21 71 22 27 9 44 83 97 29 44 38 15 20 
40 91 36 45 33 96 60 29 42 91 26 38 98 25 75 12 95 66 2 88 2 4 3 57 57 65 43 39 86 44 58 1 83 6 19 33 91 90 73 92 6 89 38 31 34 27 97 19 90 45 94 81 41 94 16 1 68 58 84 75 45 79 99 47 45 14 33 60 31 4 97 88 38 26 60 33 48 76 30 68 10 18 100 57 75 76 63 90 20 8 65 10 28 48 31 62 77 44 79 30 74 51 79 72 32 71 72 4 35 88 2 84 71 91 29 95 38 81 89 74 49 47 46 38 70 15 100 42 
63 34 32 46 63 22 48 94 11 24 99 10 76 80 64 31 14 71 87 20 45 36 14 72 4 16 20 21 25 26 90 31 93 7 17 68 70 49 21 82 77 3 68 44 86 96 88 91 38 95 26 60 57 14 93 28 35 59 28 49 16 92 17 98 94 88 7 63 25 58 20 50 68 98 48 14 100 50 40 47 28 21 97 93 50 7 64 57 47 25 39 1 80 43 72 90 47 96 17 9 71 73 53 31 95 76 57 50 49 17 30 88 78 92 72 6 14 38 36 1 34 14 20 8 28 71 71 58 
94 11 6 100 88 1 69 22 63 41 53 25 43 45 43 97 74 68 62 46 28 56 15 26 92 45 80 91 60 82 83 100 35 34 58 20 43 42 58 18 82 3 7 50 26 45 91 33 76 56 25 59 43 20 81 52 37 59 45 54 71 51 66 99 20 67 45 66 62 58 79 35 76 97 73 23 32 51 34 35 73 38 72 34 11 21 68 87 32 92 71 42 5 77 46 90 45 69 4 22 50 93 79 32 52 40 18 65 28 52 45 66 43 12 51 86 10 91 73 95 49 79 50 29 26 14 35 48 
83 28 95 47 61 74 55 63 22 97 1 30 75 1 10 24 98 27 4 91 33 58 72 70 29 35 10 73 74 84 71 7 28 32 91 96 51 88 52 38 61 17 26 1 59 50 29 72 41 27 42 84 20 66 70 91 70 55 46 88 13 18 61 51 32 42 95 16 95 55 93 49 71 61 67 88 22 95 38 54 54 98 28 52 92 48 51 72 8 38 45 25 17 52 54 2 58 5 76 44 37 44 65 50 62 55 56 99 6 56 90 11 39 14 28 71 81 13 5 26 9 7 64 27 50 27 55 38 
50 29 12 17 31 16 83 58 84 91 6 32 79 61 44 5 18 73 2 64 13 21 10 76 87 97 9 15 89 63 72 23 53 2 14 54 35 93 21 77 22 77 93 13 76 86 8 43 20 37 65 97 22 45 69 43 2 16 38 11 99 2 54 58 19 49 51 13 86 27 31 1 58 21 89 56 24 77 28 61 29 31 18 82 84 92 24 85 92 41 54 29 78 27 82 5 48 88 95 77 75 60 81 13 64 31 53 68 94 71 75 93 24 68 69 72 86 81 32 95 36 81 96 79 3 25 98 75 
98 44 24 30 92 23 53 100 79 69 97 98 96 21 55 32 93 76 22 31 94 35 21 70 12 34 57 67 60 78 40 26 94 55 10 41 83 15 87 54 91 4 85 34 78 80 9 42 97 92 42 37 61 26 88 76 68 55 26 11 87 55 56 7 13 64 4 48 2 72 98 67 6 60 67 78 40 65 34 91 71 64 54 57 88 50 58 32 69 41 15 94 92 26 13 51 42 69 16 90 88 4 12 2 96 28 25 67 49 75 14 68 9 51 33 41 16 39 84 25 59 93 10 98 37 15 60 65 
37 3 45 83 43 69 63 60 35 32 62 84 55 86 57 25 50 52 80 49 75 92 58 89 30 63 93 22 22 25 15 70 52 26 99 77 29 23 60 47 64 32 88 76 39 38 6 80 86 33 92 20 73 82 68 41 88 89 32 42 47 67 37 86 68 68 47 3 78 4 88 94 19 21 45 20 7 84 3 74 83 67 83 51 95 32 8 69 34 88 25 4 42 59 94 60 85 76 68 24 46 100 43 72 20 10 55 30 51 45 82 63 56 44 58 16 5 16 47 85 72 76 70 77 97 60 60 15 
61 23 13 86 22 64 97 94 56 37 43 1 26 60 31 77 19 43 12 87 7 56 30 93 33 25 13 2 50 24 79 58 66 44 58 52 94 47 70 84 32 100 79 60 2 61 29 60 69 86 74 63 85 12 10 31 24 61 49 30 85 7 62 57 23 26 56 14 54 36 93 40 50 89 8 75 46 6 53 10 63 92 60 78 97 42 7 33 79 45 22 32 14 88 79 52 26 17 30 1 98 38 73 45 96 49 34 39 22 83 44 100 51 35 30 72 59 68 91 67 89 49 99 45 57 95 74 43 
62 5 23 6 76 45 28 4 23 81 16 24 1 79 20 75 41 8 43 29 26 29 27 32 66 77 8 58 48 37 83 77 19 74 70 3 9 43 38 11 19 29 67 66 67 100 67 96 31 63 8 63 44 38 37 40 23 88 72 20 29 70 2 13 4 3 91 28 28 7 14 81 27 47 3 49 64 21 43 62 98 2 39 97 84 95 60 94 14 99 99 88 59 12 12 97 70 20 34 87 49 60 19 76 73 63 36 29 8 77 58 11 20 64 7 75 100 78 34 70 80 19 87 45 16 30 37 36 
79 1 81 96 32 2 82 18 4 30 12 46 100 72 67 7 88 21 44 29 49 27 6 79 97 100 56 17 80 4 89 54 100 66 87 66 37 88 97 12 91 25 31 81 24 66 92 80 20 26 26 68 94 61 89 54 82 41 72 87 72 54 97 95 10 77 4 19 90 82 67 72 65 89 34 20 13 20 58 57 68 13 89 5 37 75 20 10 74 76 46 21 26 88 90 68 39 84 91 31 86 74 37 24 16 23 50 90 8 55 20 84 37 79 4 65 29 41 92 33 13 3 65 35 25 61 56 45 
93 10 95 7 51 10 70 7 92 13 3 95 35 2 28 44 46 16 62 10 23 39 4 13 83 81 41 67 61 71 5 45 11 26 70 11 67 35 93 73 81 34 87 69 32 1 34 82 70 96 37 57 9 98 1 60 49 15 60 66 73 59 96 69 56 2 33 23 73 91 53 98 19 57 72 52 48 55 17 44 20 7 52 52 37 20 6 5 50 15 89 44 77 94 38 90 81 3 61 42 65 21 57 74 24 92 27 12 89 97 51 84 50 80 62 72 43 93 64 98 59 22 4 30 30 69 6 63 
32 27 97 100 12 74 45 21 73 29 37 40 80 69 70 19 80 5 3 42 3 90 99 11 10 16 36 83 90 10 93 76 74 16 14 46 45 94 97 20 74 1 22 50 28 43 79 30 2 72 43 33 63 57 57 93 65 51 60 67 4 96 59 58 88 34 91 69 9 21 93 86 51 96 73 33 30 4 58 61 37 41 48 32 12 76 45 41 20 100 4 99 43 18 24 97 5 50 96 66 10 17 48 66 36 67 72 4 57 86 37 99 72 51 29 76 11 8 29 79 10 79 74 30 46 29 51 92 
86 72 13 51 79 37 1 46 27 95 97 19 59 25 47 11 86 22 37 16 89 67 83 18 68 44 84 41 89 69 18 86 36 62 57 51 11 69 79 22 26 92 6 50 72 94 94 5 25 44 63 24 28 38 45 32 63 67 85 89 61 35 3 27 72 43 93 70 64 66 26 27 96 51 70 95 43 43 15 26 7 35 46 43 84 78 8 27 74 68 99 16 22 17 70 28 79 20 26 51 16 25 40 12 52 75 13 15 69 17 16 52 41 23 30 73 96 18 50 81 29 44 70 48 29 89 4 10 
39 95 45 64 20 77 79 13 24 99 17 39 25 20 58 35 67 89 33 7 83 71 11 48 99 80 8 87 41 96 42 84 36 4 28 20 82 80 42 3 61 43 50 93 16 69 39 88 19 2 56 54 96 82 100 33 19 51 12 9 66 90 13 94 78 77 38 13 65 17 20 54 41 24 72 91 66 16 61 76 21 9 98 47 78 8 77 47 63 8 57 85 28 91 43 2 67 39 26 70 83 1 96 2 99 77 47 2 66 54 7 24 58 39 13 87 94 24 31 17 34 52 27 48 95 45 47 83 
74 86 38 99 18 32 34 33 75 28 49 68 35 57 95 90 45 87 1 61 11 100 3 55 31 19 35 86 33 91 53 16 82 31 77 44 39 5 6 15 22 74 28 57 98 66 9 17 62 37 78 74 55 91 45 54 42 88 26 21 76 7 63 97 59 20 16 68 91 91 15 20 67 73 79 76 14 19 6 81 68 78 83 100 14 55 25 13 53 54 46 30 29 32 78 58 18 28 56 63 38 11 26 16 2 8 100 35 30 29 83 3 81 77 23 55 97 31 79 28 49 71 79 74 41 14 55 48 
93 26 43 20 26 44 4 13 56 43 66 10 30 100 84 75 13 14 64 22 72 58 62 86 66 28 12 14 86 88 25 5 72 80 45 23 4 55 35 18 81 72 28 95 5 98 58 97 97 3 56 27 69 1 11 92 33 2 18 38 69 63 13 26 96 80 66 93 37 79 47 67 6 58 57 10 22 99 55 1 70 63 56 66 20 70 71 81 85 61 74 100 70 63 44 83 86 40 20 56 7 12 71 39 71 24 68 87 29 88 42 35 52 61 38 77 56 58 4 13 99 72 58 89 41 14 89 13 
48 56 54 86 18 42 13 100 41 43 6 65 89 2 73 6 51 85 34 82 4 60 85 30 11 32 76 85 47 29 30 50 29 2 45 4 6 35 12 33 8 7 17 52 17 67 29 68 41 82 37 32 67 56 2 10 65 17 83 33 51 68 7 84 1 96 63 53 20 40 29 15 46 91 78 76 39 4 31 99 99 82 9 100 83 94 4 97 22 26 74 86 69 89 66 100 95 75 96 32 49 97 13 2 50 95 86 52 100 53 81 56 66 40 9 73 81 82 90 31 43 55 12 23 77 68 67 47 
21 87 14 81 48 8 58 42 10 88 32 99 2 61 44 4 73 32 73 29 51 90 38 32 53 79 73 58 64 88 45 93 2 36 6 3 78 69 11 24 20 22 98 52 41 53 2 72 18 72 34 75 82 30 20 37 56 97 76 20 42 47 16 73 6 90 47 76 94 86 64 32 76 1 91 10 55 88 31 69 38 74 20 89 30 66 4 38 78 93 56 10 12 74 71 46 28 72 19 97 57 27 78 80 54 81 80 54 38 50 80 1 19 68 88 43 59 54 62 66 86 28 55 5 15 75 49 50 
71 99 80 50 72 95 56 59 29 76 74 44 88 36 32 82 4 72 81 50 21 12 45 22 32 60 25 55 46 81 30 96 94 99 29 58 36 65 82 12 76 99 10 48 51 80 90 60 76 44 66 61 56 3 6 15 6 59 5 63 14 63 57 10 80 84 48 82 93 36 67 93 79 89 45 55 100 21 77 67 19 93 74 25 77 14 15 39 73 17 56 89 70 10 48 63 12 31 28 71 8 85 41 94 97 78 59 13 67 55 45 85 47 15 42 71 26 95 84 61 97 13 45 79 41 34 68 17 
26 84 31 44 37 83 46 64 29 99 56 58 13 98 93 88 7 89 83 23 97 84 25 98 41 10 42 9 29 42 38 46 62 81 42 47 42 20 88 62 84 85 65 43 93 91 2 96 58 99 29 8 31 74 91 41 8 96 100 82 19 48 74 63 81 37 29 28 34 74 14 97 59 63 95 81 55 32 43 64 44 100 76 60 49 22 82 65 28 22 36 98 10 58 3 65 81 15 73 52 84 60 16 89 14 93 15 41 23 58 79 9 5 46 25 9 26 27 98 8 74 28 54 33 64 24 35 18 
34 25 26 28 2 88 58 34 92 52 30 24 7 42 49 74 25 64 99 20 28 37 54 74 49 43 27 4 40 3 18 54 59 40 15 51 67 9 75 55 5 60 10 72 14 47 100 69 84 69 82 38 66 43 70 20 94 85 92 78 51 85 95 25 36 59 38 81 98 19 93 92 39 90 61 47 35 21 22 79 40 38 10 71 93 82 41 19 79 25 39 60 1 81 90 67 62 78 91 62 64 63 86 26 35 71 51 82 87 9 43 7 64 23 90 55 83 38 81 22 36 19 24 50 50 6 57 60 
98 28 87 35 68 11 3 27 72 85 35 34 8 55 95 68 78 90 28 67 67 56 54 58 91 97 57 38 32 2 61 16 91 29 25 72 70 41 31 61 70 30 47 49 35 99 65 45 54 20 65 34 54 82 84 3 70 52 56 72 40 50 70 96 81 45 77 34 42 33 25 70 54 67 60 39 32 91 28 98 35 60 22 18 16 81 22 74 15 34 12 83 37 18 39 53 51 76 73 7 7 27 43 90 33 89 52 65 27 9 69 93 77 44 20 63 55 78 80 45 86 52 98 4 8 66 80 95 
3 10 49 34 95 52 14 38 14 34 45 3 98 37 81 3 1 1 28 12 54 59 2 68 27 74 86 51 26 11 92 67 18 89 37 5 7 6 25 60 50 18 80 68 98 50 66 62 67 99 62 17 82 61 1 3 55 39 54 22 44 12 50 64 25 61 69 25 36 37 4 1 11 46 4 49 88 75 91 100 43 93 83 20 46 9 60 99 90 76 86 73 63 56 79 15 17 90 16 89 62 48 94 78 86 24 35 36 43 29 47 37 93 13 89 63 62 22 8 10 96 73 87 74 29 42 37 74 
83 55 21 64 3 72 17 28 33 15 87 34 67 25 45 22 90 99 99 97 88 27 39 70 64 65 87 10 51 96 10 46 46 60 32 84 18 21 31 57 83 80 17 92 28 76 58 52 77 53 39 89 44 9 81 33 77 20 68 55 80 20 67 68 94 52 6 23 69 79 75 76 20 16 56 61 26 38 63 63 19 51 16 80 48 64 57 7 78 5 52 100 90 66 91 68 73 41 17 60 98 12 62 87 91 59 49 15 65 43 49 61 68 69 92 27 68 9 37 23 48 62 4 1 2 50 34 3 
52 69 6 25 78 97 92 8 96 20 42 15 3 41 30 70 43 42 68 76 49 83 56 57 97 79 85 3 40 72 75 37 40 88 6 11 45 61 82 93 55 12 5 4 16 16 97 18 33 97 44 49 91 85 3 42 44 97 66 20 97 25 40 1 92 30 15 86 29 29 52 37 44 43 33 55 42 68 58 56 27 74 57 21 100 84 59 8 78 38 75 87 18 78 33 11 77 55 76 55 58 10 59 88 97 21 77 61 63 37 59 33 58 12 47 61 23 47 52 94 66 8 37 62 49 52 44 43 
0.0 1.0 2.0 3.0 4.0 5.0 6.0 7.0 8.0 9.0 10.0 11.0 12.0 13.0 14.0 15.0 16.0 17.0 18.0 19.0 20.0 21.0 22.0 23.0 24.0 25.0 26.0 27.0 28.0 29.0 30.0 31.0 32.0 33.0 34.0 35.0 36.0 37.0 38.0 39.0 40.0 41.0 42.0 43.0 44.0 45.0 46.0 47.0 48.0 49.0 50.0 51.0 52.0 53.0 54.0 55.0 56.0 57.0 58.0 59.0 60.0 61.0 62.0 63.0 64.0 63.0 62.0 61.0 60.0 59.0 58.0 57.0 56.0 55.0 54.0 53.0 52.0 51.0 50.0 49.0 48.0 47.0 46.0 45.0 44.0 43.0 42.0 41.0 40.0 39.0 38.0 37.0 36.0 35.0 34.0 33.0 32.0 31.0 30.0 29.0 28.0 27.0 26.0 25.0 24.0 23.0 22.0 21.0 20.0 19.0 18.0 17.0 16.0 15.0 14.0 13.0 12.0 11.0 10.0 9.0 8.0 7.0 6.0 5.0 4.0 3.0 2.0 1.0 
1.0 0.0 1.0 2.0 3.0 4.0 5.0 6.0 7.0 8.0 9.0 10.0 11.0 12.0 13.0 14.0 15.0 16.0 17.0 18.0 19.0 20.0 21.0 22.0 23.0 24.0 25.0 26.0 27.0 28.0 29.0 30.0 31.0 32.0 33.0 34.0 35.0 36.0 37.0 38.0 39.0 40.0 41.0 42.0 43.0 44.0 45.0 46.0 47.0 48.0 49.0 50.0 51.0 52.0 53.0 54.0 55.0 56.0 57.0 58.0 59.0 60.0 61.0 62.0 63.0 64.0 63.0 62.0 61.0 60.0 59.0 58.0 57.0 56.0 55.0 54.0 53.0 52.0 51.0 50.0 49.0 48.0 47.0 46.0 45.0 44.0 43.0 42.0 41.0 40.0 39.0 38.0 37.0 36.0 35.0 34.0 33.0 32.0 31.0 30.0 29.0 28.0 27.0 26.0 25.0 24.0 23.0 22.0 21.0 20.0 19.0 18.0 17.0 16.0 15.0 14.0 13.0 12.0 11.0 10.0 9.0 8.0 7.0 6.0 5.0 4.0 3.0 2.0 
2.0 1.0 0.0 1.0 2.0 3.0 4.0 5.0 6.0 7.0 8.0 9.0 10.0 11.0 12.0 13.0 14.0 15.0 16.0 17.0 18.0 19.0 20.0 21.0 22.0 23.0 24.0 25.0 26.0 27.0 28.0 29.0 30.0 31.0 32.0 33.0 34.0 35.0 36.0 37.0 38.0 39.0 40.0 41.0 42.0 43.0 44.0 45.0 46.0 47.0 48.0 49.0 50.0 51.0 52.0 53.0 54.0 55.0 56.0 57.0 58.0 59.0 60.0 61.0 62.0 63.0 64.0 63.0 62.0 61.0 60.0 59.0 58.0 57.0 56.0 55.0 54.0 53.0 52.0 51.0 50.0 49.0 48.0 47.0 46.0 45.0 44.0 43.0 42.0 41.0 40.0 39.0 38.0 37.0 36.0 35.0 34.0 33.0 32.0 31.0 30.0 29.0 28.0 27.0 26.0 25.0 24.0 23.0 22.0 21.0 20.0 19.0 18.0 17.0 16.0 15.0 14.0 13.0 12.0 11.0 10.0 9.0 8.0 7.0 6.0 5.0 4.0 3.0 
3.0 2.0 1.0 0.0 1.0 2.0 3.0 4.0 5.0 6.0 7.0 8.0 9.0 10.0 11.0 12.0 13.0 14.0 15.0 16.0 17.0 18.0 19.0 20.0 21.0 22.0 23.0 24.0 25.0 26.0 27.0 28.0 29.0 30.0 31.0 32.0 33.0 34.0 35.0 36.0 37.0 38.0 39.0 40.0 41.0 42.0 43.0 44.0 45.0 46.0 47.0 48.0 49.0 50.0 51.0 52.0 53.0 54.0 55.0 56.0 57.0 58.0 59.0 60.0 61.0 62.0 63.0 64.0 63.0 62.0 61.0 60.0 59.0 58.0 57.0 56.0 55.0 54.0 53.0 52.0 51.0 50.0 49.0 48.0 47.0 46.0 45.0 44.0 43.0 42.0 41.0 40.0 39.0 38.0 37.0 36.0 35.0 34.0 33.0 32.0 31.0 30.0 29.0 28.0 27.0 26.0 25.0 24.0 23.0 22.0 21.0 20.0 19.0 18.0 17.0 16.0 15.0 14.0 13.0 12.0 11.0 10.0 9.0 8.0 7.0 6.0 5.0 4.0 
4.0 3.0 2.0 1.0 0.0 1.0 2.0 3.0 4.0 5.0 6.0 7.0 8.0 9.0 10.0 11.0 12.0 13.0 14.0 15.0 16.0 17.0 18.0 19.0 20.0 21.0 22.0 23.0 24.0 25.0 26.0 27.0 28.0 29.0 30.0 31.0 32.0 33.0 34.0 35.0 36.0 37.0 38.0 39.0 40.0 41.0 42.0 43.0 44.0 45.0 46.0 47.0 48.0 49.0 50.0 51.0 52.0 53.0 54.0 55.0 56.0 57.0 58.0 59.0 60.0 61.0 62.0 63.0 64.0 63.0 62.0 61.0 60.0 59.0 58.0 57.0 56.0 55.0 54.0 53.0 52.0 51.0 50.0 49.0 48.0 47.0 46.0 45.0 44.0 43.0 42.0 41.0 40.0 39.0 38.0 37.0 36.0 35.0 34.0 33.0 32.0 31.0 30.0 29.0 28.0 27.0 26.0 25.0 24.0 23.0 22.0 21.0 20.0 19.0 18.0 17.0 16.0 15.0 14.0 13.0 12.0 11.0 10.0 9.0 8.0 7.0 6.0 5.0 
5.0 4.0 3.0 2.0 1.0 0.0 1.0 2.0 3.0 4.0 5.0 6.0 7.0 8.0 9.0 10.0 11.0 12.0 13.0 14.0 15.0 16.0 17.0 18.0 19.0 20.0 21.0 22.0 23.0 24.0 25.0 26.0 27.0 28.0 29.0 30.0 31.0 32.0 33.0 34.0 35.0 36.0 37.0 38.0 39.0 40.0 41.0 42.0 43.0 44.0 45.0 46.0 47.0 48.0 49.0 50.0 51.0 52.0 53.0 54.0 55.0 56.0 57.0 58.0 59.0 60.0 61.0 62.0 63.0 64.0 63.0 62.0 61.0 60.0 59.0 58.0 57.0 56.0 55.0 54.0 53.0 52.0 51.0 50.0 49.0 48.0 47.0 46.0 45.0 44.0 43.0 42.0 41.0 40.0 39.0 38.0 37.0 36.0 35.0 34.0 33.0 32.0 31.0 30.0 29.0 28.0 27.0 26.0 25.0 24.0 23.0 22.0 21.0 20.0 19.0 18.0 17.0 16.0 15.0 14.0 13.0 12.0 11.0 10.0 9.0 8.0 7.0 6.0 
6.0 5.0 4.0 3.0 2.0 1.0 0.0 1.0 2.0 3.0 4.0 5.0 6.0 7.0 8.0 9.0 10.0 11.0 12.0 13.0 14.0 15.0 16.0 17.0 18.0 19.0 20.0 21.0 22.0 23.0 24.0 25.0 26.0 27.0 28.0 29.0 30.0 31.0 32.0 33.0 34.0 35.0 36.0 37.0 38.0 39.0 40.0 41.0 42.0 43.0 44.0 45.0 46.0 47.0 48.0 49.0 50.0 51.0 52.0 53.0 54.0 55.0 56.0 57.0 58.0 59.0 60.0 61.0 62.0 63.0 64.0 63.0 62.0 61.0 60.0 59.0 58.0 57.0 56.0 55.0 54.0 53.0 52.0 51.0 50.0 49.0 48.0 47.0 46.0 45.0 44.0 43.0 42.0 41.0 40.0 39.0 38.0 37.0 36.0 35.0 34.0 33.0 32.0 31.0 30.0 29.0 28.0 27.0 26.0 25.0 24.0 23.0 22.0 21.0 20.0 19.0 18.0 17.0 16.0 15.0 14.0 13.0 12.0 11.0 10.0 9.0 8.0 7.0 
7.0 6.0 5.0 4.0 3.0 2.0 1.0 0.0 1.0 2.0 3.0 4.0 5.0 6.0 7.0 8.0 9.0 10.0 11.0 12.0 13.0 14.0 15.0 16.0 17.0 18.0 19.0 20.0 21.0 22.0 23.0 24.0 25.0 26.0 27.0 28.0 29.0 30.0 31.0 32.0 33.0 34.0 35.0 36.0 37.0 38.0 39.0 40.0 41.0 42.0 43.0 44.0 45.0 46.0 47.0 48.0 49.0 50.0 51.0 52.0 53.0 54.0 55.0 56.0 57.0 58.0 59.0 60.0 61.0 62.0 63.0 64.0 63.0 62.0 61.0 60.0 59.0 58.0 57.0 56.0 55.0 54.0 53.0 52.0 51.0 50.0 49.0 48.0 47.0 46.0 45.0 44.0 43.0 42.0 41.0 40.0 39.0 38.0 37.0 36.0 35.0 34.0 33.0 32.0 31.0 30.0 29.0 28.0 27.0 26.0 25.0 24.0 23.0 22.0 21.0 20.0 19.0 18.0 17.0 16.0 15.0 14.0 13.0 12.0 11.0 10.0 9.0 8.0 
8.0 7.0 6.0 5.0 4.0 3.0 2.0 1.0 0.0 1.0 2.0 3.0 4.0 5.0 6.0 7.0 8.0 9.0 10.0 11.0 12.0 13.0 14.0 15.0 16.0 17.0 18.0 19.0 20.0 21.0 22.0 23.0 24.0 25.0 26.0 27.0 28.0 29.0 30.0 31.0 32.0 33.0 34.0 35.0 36.0 37.0 38.0 39.0 40.0 41.0 42.0 43.0 44.0 45.0 46.0 47.0 48.0 49.0 50.0 51.0 52.0 53.0 54.0 55.0 56.0 57.0 58.0 59.0 60.0 61.0 62.0 63.0 64.0 63.0 62.0 61.0 60.0 59.0 58.0 57.0 56.0 55.0 54.0 53.0 52.0 51.0 50.0 49.0 48.0 47.0 46.0 45.0 44.0 43.0 42.0 41.0 40.0 39.0 38.0 37.0 36.0 35.0 34.0 33.0 32.0 31.0 30.0 29.0 28.0 27.0 26.0 25.0 24.0 23.0 22.0 21.0 20.0 19.0 18.0 17.0 16.0 15.0 14.0 13.0 12.0 11.0 10.0 9.0 
9.0 8.0 7.0 6.0 5.0 4.0 3.0 2.0 1.0 0.0 1.0 2.0 3.0 4.0 5.0 6.0 7.0 8.0 9.0 10.0 11.0 12.0 13.0 14.0 15.0 16.0 17.0 18.0 19.0 20.0 21.0 22.0 23.0 24.0 25.0 26.0 27.0 28.0 29.0 30.0 31.0 32.0 33.0 34.0 35.0 36.0 37.0 38.0 39.0 40.0 41.0 42.0 43.0 44.0 45.0 46.0 47.0 48.0 49.0 50.0 51.0 52.0 53.0 54.0 55.0 56.0 57.0 58.0 59.0 60.0 61.0 62.0 63.0 64.0 63.0 62.0 61.0 60.0 59.0 58.0 57.0 56.0 55.0 54.0 53.0 52.0 51.0 50.0 49.0 48.0 47.0 46.0 45.0 44.0 43.0 42.0 41.0 40.0 39.0 38.0 37.0 36.0 35.0 34.0 33.0 32.0 31.0 30.0 29.0 28.0 27.0 26.0 25.0 24.0 23.0 22.0 21.0 20.0 19.0 18.0 17.0 16.0 15.0 14.0 13.0 12.0 11.0 10.0 
10.0 9.0 8.0 7.0 6.0 5.0 4.0 3.0 2.0 1.0 0.0 1.0 2.0 3.0 4.0 5.0 6.0 7.0 8.0 9.0 10.0 11.0 12.0 13.0 14.0 15.0 16.0 17.0 18.0 19.0 20.0 21.0 22.0 23.0 24.0 25.0 26.0 27.0 28.0 29.0 30.0 31.0 32.0 33.0 34.0 35.0 36.0 37.0 38.0 39.0 40.0 41.0 42.0 43.0 44.0 45.0 46.0 47.0 48.0 49.0 50.0 51.0 52.0 53.0 54.0 55.0 56.0 57.0 58.0 59.0 60.0 61.0 62.0 63.0 64.0 63.0 62.0 61.0 60.0 59.0 58.0 57.0 56.0 55.0 54.0 53.0 52.0 51.0 50.0 49.0 48.0 47.0 46.0 45.0 44.0 43.0 42.0 41.0 40.0 39.0 38.0 37.0 36.0 35.0 34.0 33.0 32.0 31.0 30.0 29.0 28.0 27.0 26.0 25.0 24.0 23.0 22.0 21.0 20.0 19.0 18.0 17.0 16.0 15.0 14.0 13.0 12.0 11.0 
11.0 10.0 9.0 8.0 7.0 6.0 5.0 4.0 3.0 2.0 1.0 0.0 1.0 2.0 3.0 4.0 5.0 6.0 7.0 8.0 9.0 10.0 11.0 12.0 13.0 14.0 15.0 16.0 17.0 18.0 19.0 20.0 21.0 22.0 23.0 24.0 25.0 26.0 27.0 28.0 29.0 30.0 31.0 32.0 33.0 34.0 35.0 36.0 37.0 38.0 39.0 40.0 41.0 42.0 43.0 44.0 45.0 46.0 47.0 48.0 49.0 50.0 51.0 52.0 53.0 54.0 55.0 56.0 57.0 58.0 59.0 60.0 61.0 62.0 63.0 64.0 63.0 62.0 61.0 60.0 59.0 58.0 57.0 56.0 55.0 54.0 53.0 52.0 51.0 50.0 49.0 48.0 47.0 46.0 45.0 44.0 43.0 42.0 41.0 40.0 39.0 38.0 37.0 36.0 35.0 34.0 33.0 32.0 31.0 30.0 29.0 28.0 27.0 26.0 25.0 24.0 23.0 22.0 21.0 20.0 19.0 18.0 17.0 16.0 15.0 14.0 13.0 12.0 
12.0 11.0 10.0 9.0 8.0 7.0 6.0 5.0 4.0 3.0 2.0 1.0 0.0 1.0 2.0 3.0 4.0 5.0 6.0 7.0 8.0 9.0 10.0 11.0 12.0 13.0 14.0 15.0 16.0 17.0 18.0 19.0 20.0 21.0 22.0 23.0 24.0 25.0 26.0 27.0 28.0 29.0 30.0 31.0 32.0 33.0 34.0 35.0 36.0 37.0 38.0 39.0 40.0 41.0 42.0 43.0 44.0 45.0 46.0 47.0 48.0 49.0 50.0 51.0 52.0 53.0 54.0 55.0 56.0 57.0 58.0 59.0 60.0 61.0 62.0 63.0 64.0 63.0 62.0 61.0 60.0 59.0 58.0 57.0 56.0 55.0 54.0 53.0 52.0 51.0 50.0 49.0 48.0 47.0 46.0 45.0 44.0 43.0 42.0 41.0 40.0 39.0 38.0 37.0 36.0 35.0 34.0 33.0 32.0 31.0 30.0 29.0 28.0 27.0 26.0 25.0 24.0 23.0 22.0 21.0 20.0 19.0 18.0 17.0 16.0 15.0 14.0 13.0 
13.0 12.0 11.0 10.0 9.0 8.0 7.0 6.0 5.0 4.0 3.0 2.0 1.0 0.0 1.0 2.0 3.0 4.0 5.0 6.0 7.0 8.0 9.0 10.0 11.0 12.0 13.0 14.0 15.0 16.0 17.0 18.0 19.0 20.0 21.0 22.0 23.0 24.0 25.0 26.0 27.0 28.0 29.0 30.0 31.0 32.0 33.0 34.0 35.0 36.0 37.0 38.0 39.0 40.0 41.0 42.0 43.0 44.0 45.0 46.0 47.0 48.0 49.0 50.0 51.0 52.0 53.0 54.0 55.0 56.0 57.0 58.0 59.0 60.0 61.0 62.0 63.0 64.0 63.0 62.0 61.0 60.0 59.0 58.0 57.0 56.0 55.0 54.0 53.0 52.0 51.0 50.0 49.0 48.0 47.0 46.0 45.0 44.0 43.0 42.0 41.0 40.0 39.0 38.0 37.0 36.0 35.0 34.0 33.0 32.0 31.0 30.0 29.0 28.0 27.0 26.0 25.0 24.0 23.0 22.0 21.0 20.0 19.0 18.0 17.0 16.0 15.0 14.0 
14.0 13.0 12.0 11.0 10.0 9.0 8.0 7.0 6.0 5.0 4.0 3.0 2.0 1.0 0.0 1.0 2.0 3.0 4.0 5.0 6.0 7.0 8.0 9.0 10.0 11.0 12.0 13.0 14.0 15.0 16.0 17.0 18.0 19.0 20.0 21.0 22.0 23.0 24.0 25.0 26.0 27.0 28.0 29.0 30.0 31.0 32.0 33.0 34.0 35.0 36.0 37.0 38.0 39.0 40.0 41.0 42.0 43.0 44.0 45.0 46.0 47.0 48.0 49.0 50.0 51.0 52.0 53.0 54.0 55.0 56.0 57.0 58.0 59.0 60.0 61.0 62.0 63.0 64.0 63.0 62.0 61.0 60.0 59.0 58.0 57.0 56.0 55.0 54.0 53.0 52.0 51.0 50.0 49.0 48.0 47.0 46.0 45.0 44.0 43.0 42.0 41.0 40.0 39.0 38.0 37.0 36.0 35.0 34.0 33.0 32.0 31.0 30.0 29.0 28.0 27.0 26.0 25.0 24.0 23.0 22.0 21.0 20.0 19.0 18.0 17.0 16.0 15.0 
15.0 14.0 13.0 12.0 11.0 10.0 9.0 8.0 7.0 6.0 5.0 4.0 3.0 2.0 1.0 0.0 1.0 2.0 3.0 4.0 5.0 6.0 7.0 8.0 9.0 10.0 11.0 12.0 13.0 14.0 15.0 16.0 17.0 18.0 19.0 20.0 21.0 22.0 23.0 24.0 25.0 26.0 27.0 28.0 29.0 30.0 31.0 32.0 33.0 34.0 35.0 36.0 37.0 38.0 39.0 40.0 41.0 42.0 43.0 44.0 45.0 46.0 47.0 48.0 49.0 50.0 51.0 52.0 53.0 54.0 55.0 56.0 57.0 58.0 59.0 60.0 61.0 62.0 63.0 64.0 63.0 62.0 61.0 60.0 59.0 58.0 57.0 56.0 55.0 54.0 53.0 52.0 51.0 50.0 49.0 48.0 47.0 46.0 45.0 44.0 43.0 42.0 41.0 40.0 39.0 38.0 37.0 36.0 35.0 34.0 33.0 32.0 31.0 30.0 29.0 28.0 27.0 26.0 25.0 24.0 23.0 22.0 21.0 20.0 19.0 18.0 17.0 16.0 
16.0 15.0 14.0 13.0 12.0 11.0 10.0 9.0 8.0 7.0 6.0 5.0 4.0 3.0 2.0 1.0 0.0 1.0 2.0 3.0 4.0 5.0 6.0 7.0 8.0 9.0 10.0 11.0 12.0 13.0 14.0 15.0 16.0 17.0 18.0 19.0 20.0 21.0 22.0 23.0 24.0 25.0 26.0 27.0 28.0 29.0 30.0 31.0 32.0 33.0 34.0 35.0 36.0 37.0 38.0 39.0 40.0 41.0 42.0 43.0 44.0 45.0 46.0 47.0 48.0 49.0 50.0 51.0 52.0 53.0 54.0 55.0 56.0 57.0 58.0 59.0 60.0 61.0 62.0 63.0 64.0 63.0 62.0 61.0 60.0 59.0 58.0 57.0 56.0 55.0 54.0 53.0 52.0 51.0 50.0 49.0 48.0 47.0 46.0 45.0 44.0 43.0 42.0 41.0 40.0 39.0 38.0 37.0 36.0 35.0 34.0 33.0 32.0 31.0 30.0 29.0 28.0 27.0 26.0 25.0 24.0 23.0 22.0 21.0 20.0 19.0 18.0 17.0 
17.0 16.0 15.0 14.0 13.0 12.0 11.0 10.0 9.0 8.0 7.0 6.0 5.0 4.0 3.0 2.0 1.0 0.0 1.0 2.0 3.0 4.0 5.0 6.0 7.0 8.0 9.0 10.0 11.0 12.0 13.0 14.0 15.0 16.0 17.0 18.0 19.0 20.0 21.0 22.0 23.0 24.0 25.0 26.0 27.0 28.0 29.0 30.0 31.0 32.0 33.0 34.0 35.0 36.0 37.0 38.0 39.0 40.0 41.0 42.0 43.0 44.0 45.0 46.0 47.0 48.0 49.0 50.0 51.0 52.0 53.0 54.0 55.0 56.0 57.0 58.0 59.0 60.0 61.0 62.0 63.0 64.0 63.0 62.0 61.0 60.0 59.0 58.0 57.0 56.0 55.0 54.0 53.0 52.0 51.0 50.0 49.0 48.0 47.0 46.0 45.0 44.0 43.0 42.0 41.0 40.0 39.0 38.0 37.0 36.0 35.0 34.0 33.0 32.0 31.0 30.0 29.0 28.0 27.0 26.0 25.0 24.0 23.0 22.0 21.0 20.0 19.0 18.0 
18.0 17.0 16.0 15.0 14.0 13.0 12.0 11.0 10.0 9.0 8.0 7.0 6.0 5.0 4.0 3.0 2.0 1.0 0.0 1.0 2.0 3.0 4.0 5.0 6.0 7.0 8.0 9.0 10.0 11.0 12.0 13.0 14.0 15.0 16.0 17.0 18.0 19.0 20.0 21.0 22.0 23.0 24.0 25.0 26.0 27.0 28.0 29.0 30.0 31.0 32.0 33.0 34.0 35.0 36.0 37.0 38.0 39.0 40.0 41.0 42.0 43.0 44.0 45.0 46.0 47.0 48.0 49.0 50.0 51.0 52.0 53.0 54.0 55.0 56.0 57.0 58.0 59.0 60.0 61.0 62.0 63.0 64.0 63.0 62.0 61.0 60.0 59.0 58.0 57.0 56.0 55.0 54.0 53.0 52.0 51.0 50.0 49.0 48.0 47.0 46.0 45.0 44.0 43.0 42.0 41.0 40.0 39.0 38.0 37.0 36.0 35.0 34.0 33.0 32.0 31.0 30.0 29.0 28.0 27.0 26.0 25.0 24.0 23.0 22.0 21.0 20.0 19.0 
19.0 18.0 17.0 16.0 15.0 14.0 13.0 12.0 11.0 10.0 9.0 8.0 7.0 6.0 5.0 4.0 3.0 2.0 1.0 0.0 1.0 2.0 3.0 4.0 5.0 6.0 7.0 8.0 9.0 10.0 11.0 12.0 13.0 14.0 15.0 16.0 17.0 18.0 19.0 20.0 21.0 22.0 23.0 24.0 25.0 26.0 27.0 28.0 29.0 30.0 31.0 32.0 33.0 34.0 35.0 36.0 37.0 38.0 39.0 40.0 41.0 42.0 43.0 44.0 45.0 46.0 47.0 48.0 49.0 50.0 51.0 52.0 53.0 54.0 55.0 56.0 57.0 58.0 59.0 60.0 61.0 62.0 63.0 64.0 63.0 62.0 61.0 60.0 59.0 58.0 57.0 56.0 55.0 54.0 53.0 52.0 51.0 50.0 49.0 48.0 47.0 46.0 45.0 44.0 43.0 42.0 41.0 40.0 39.0 38.0 37.0 36.0 35.0 34.0 33.0 32.0 31.0 30.0 29.0 28.0 27.0 26.0 25.0 24.0 23.0 22.0 21.0 20.0 
20.0 19.0 18.0 17.0 16.0 15.0 14.0 13.0 12.0 11.0 10.0 9.0 8.0 7.0 6.0 5.0 4.0 3.0 2.0 1.0 0.0 1.0 2.0 3.0 4.0 5.0 6.0 7.0 8.0 9.0 10.0 11.0 12.0 13.0 14.0 15.0 16.0 17.0 18.0 19.0 20.0 21.0 22.0 23.0 24.0 25.0 26.0 27.0 28.0 29.0 30.0 31.0 32.0 33.0 34.0 35.0 36.0 37.0 38.0 39.0 40.0 41.0 42.0 43.0 44.0 45.0 46.0 47.0 48.0 49.0 50.0 51.0 52.0 53.0 54.0 55.0 56.0 57.0 58.0 59.0 60.0 61.0 62.0 63.0 64.0 63.0 62.0 61.0 60.0 59.0 58.0 57.0 56.0 55.0 54.0 53.0 52.0 51.0 50.0 49.0 48.0 47.0 46.0 45.0 44.0 43.0 42.0 41.0 40.0 39.0 38.0 37.0 36.0 35.0 34.0 33.0 32.0 31.0 30.0 29.0 28.0 27.0 26.0 25.0 24.0 23.0 22.0 21.0 
21.0 20.0 19.0 18.0 17.0 16.0 15.0 14.0 13.0 12.0 11.0 10.0 9.0 8.0 7.0 6.0 5.0 4.0 3.0 2.0 1.0 0.0 1.0 2.0 3.0 4.0 5.0 6.0 7.0 8.0 9.0 10.0 11.0 12.0 13.0 14.0 15.0 16.0 17.0 18.0 19.0 20.0 21.0 22.0 23.0 24.0 25.0 26.0 27.0 28.0 29.0 30.0 31.0 32.0 33.0 34.0 35.0 36.0 37.0 38.0 39.0 40.0 41.0 42.0 43.0 44.0 45.0 46.0 47.0 48.0 49.0 50.0 51.0 52.0 53.0 54.0 55.0 56.0 57.0 58.0 59.0 60.0 61.0 62.0 63.0 64.0 63.0 62.0 61.0 60.0 59.0 58.0 57.0 56.0 55.0 54.0 53.0 52.0 51.0 50.0 49.0 48.0 47.0 46.0 45.0 44.0 43.0 42.0 41.0 40.0 39.0 38.0 37.0 36.0 35.0 34.0 33.0 32.0 31.0 30.0 29.0 28.0 27.0 26.0 25.0 24.0 23.0 22.0 
22.0 21.0 20.0 19.0 18.0 17.0 16.0 15.0 14.0 13.0 12.0 11.0 10.0 9.0 8.0 7.0 6.0 5.0 4.0 3.0 2.0 1.0 0.0 1.0 2.0 3.0 4.0 5.0 6.0 7.0 8.0 9.0 10.0 11.0 12.0 13.0 14.0 15.0 16.0 17.0 18.0 19.0 20.0 21.0 22.0 23.0 24.0 25.0 26.0 27.0 28.0 29.0 30.0 31.0 32.0 33.0 34.0 35.0 36.0 37.0 38.0 39.0 40.0 41.0 42.0 43.0 44.0 45.0 46.0 47.0 48.0 49.0 50.0 51.0 52.0 53.0 54.0 55.0 56.0 57.0 58.0 59.0 60.0 61.0 62.0 63.0 64.0 63.0 62.0 61.0 60.0 59.0 58.0 57.0 56.0 55.0 54.0 53.0 52.0 51.0 50.0 49.0 48.0 47.0 46.0 45.0 44.0 43.0 42.0 41.0 40.0 39.0 38.0 37.0 36.0 35.0 34.0 33.0 32.0 31.0 30.0 29.0 28.0 27.0 26.0 25.0 24.0 23.0 
23.0 22.0 21.0 20.0 19.0 18.0 17.0 16.0 15.0 14.0 13.0 12.0 11.0 10.0 9.0 8.0 7.0 6.0 5.0 4.0 3.0 2.0 1.0 0.0 1.0 2.0 3.0 4.0 5.0 6.0 7.0 8.0 9.0 10.0 11.0 12.0 13.0 14.0 15.0 16.0 17.0 18.0 19.0 20.0 21.0 22.0 23.0 24.0 25.0 26.0 27.0 28.0 29.0 30.0 31.0 32.0 33.0 34.0 35.0 36.0 37.0 38.0 39.0 40.0 41.0 42.0 43.0 44.0 45.0 46.0 47.0 48.0 49.0 50.0 51.0 52.0 53.0 54.0 55.0 56.0 57.0 58.0 59.0 60.0 61.0 62.0 63.0 64.0 63.0 62.0 61.0 60.0 59.0 58.0 57.0 56.0 55.0 54.0 53.0 52.0 51.0 50.0 49.0 48.0 47.0 46.0 45.0 44.0 43.0 42.0 41.0 40.0 39.0 38.0 37.0 36.0 35.0 34.0 33.0 32.0 31.0 30.0 29.0 28.0 27.0 26.0 25.0 24.0 
24.0 23.0 22.0 21.0 20.0 19.0 18.0 17.0 16.0 15.0 14.0 13.0 12.0 11.0 10.0 9.0 8.0 7.0 6.0 5.0 4.0 3.0 2.0 1.0 0.0 1.0 2.0 3.0 4.0 5.0 6.0 7.0 8.0 9.0 10.0 11.0 12.0 13.0 14.0 15.0 16.0 17.0 18.0 19.0 20.0 21.0 22.0 23.0 24.0 25.0 26.0 27.0 28.0 29.0 30.0 31.0 32.0 33.0 34.0 35.0 36.0 37.0 38.0 39.0 40.0 41.0 42.0 43.0 44.0 45.0 46.0 47.0 48.0 49.0 50.0 51.0 52.0 53.0 54.0 55.0 56.0 57.0 58.0 59.0 60.0 61.0 62.0 63.0 64.0 63.0 62.0 61.0 60.0 59.0 58.0 57.0 56.0 55.0 54.0 53.0 52.0 51.0 50.0 49.0 48.0 47.0 46.0 45.0 44.0 43.0 42.0 41.0 40.0 39.0 38.0 37.0 36.0 35.0 34.0 33.0 32.0 31.0 30.0 29.0 28.0 27.0 26.0 25.0 
25.0 24.0 23.0 22.0 21.0 20.0 19.0 18.0 17.0 16.0 15.0 14.0 13.0 12.0 11.0 10.0 9.0 8.0 7.0 6.0 5.0 4.0 3.0 2.0 1.0 0.0 1.0 2.0 3.0 4.0 5.0 6.0 7.0 8.0 9.0 10.0 11.0 12.0 13.0 14.0 15.0 16.0 17.0 18.0 19.0 20.0 21.0 22.0 23.0 24.0 25.0 26.0 27.0 28.0 29.0 30.0 31.0 32.0 33.0 34.0 35.0 36.0 37.0 38.0 39.0 40.0 41.0 42.0 43.0 44.0 45.0 46.0 47.0 48.0 49.0 50.0 51.0 52.0 53.0 54.0 55.0 56.0 57.0 58.0 59.0 60.0 61.0 62.0 63.0 64.0 63.0 62.0 61.0 60.0 59.0 58.0 57.0 56.0 55.0 54.0 53.0 52.0 51.0 50.0 49.0 48.0 47.0 46.0 45.0 44.0 43.0 42.0 41.0 40.0 39.0 38.0 37.0 36.0 35.0 34.0 33.0 32.0 31.0 30.0 29.0 28.0 27.0 26.0 
26.0 25.0 24.0 23.0 22.0 21.0 20.0 19.0 18.0 17.0 16.0 15.0 14.0 13.0 12.0 11.0 10.0 9.0 8.0 7.0 6.0 5.0 4.0 3.0 2.0 1.0 0.0 1.0 2.0 3.0 4.0 5.0 6.0 7.0 8.0 9.0 10.0 11.0 12.0 13.0 14.0 15.0 16.0 17.0 18.0 19.0 20.0 21.0 22.0 23.0 24.0 25.0 26.0 27.0 28.0 29.0 30.0 31.0 32.0 33.0 34.0 35.0 36.0 37.0 38.0 39.0 40.0 41.0 42.0 43.0 44.0 45.0 46.0 47.0 48.0 49.0 50.0 51.0 52.0 53.0 54.0 55.0 56.0 57.0 58.0 59.0 60.0 61.0 62.0 63.0 64.0 63.0 62.0 61.0 60.0 59.0 58.0 57.0 56.0 55.0 54.0 53.0 52.0 51.0 50.0 49.0 48.0 47.0 46.0 45.0 44.0 43.0 42.0 41.0 40.0 39.0 38.0 37.0 36.0 35.0 34.0 33.0 32.0 31.0 30.0 29.0 28.0 27.0 
27.0 26.0 25.0 24.0 23.0 22.0 21.0 20.0 19.0 18.0 17.0 16.0 15.0 14.0 13.0 12.0 11.0 10.0 9.0 8.0 7.0 6.0 5.0 4.0 3.0 2.0 1.0 0.0 1.0 2.0 3.0 4.0 5.0 6.0 7.0 8.0 9.0 10.0 11.0 12.0 13.0 14.0 15.0 16.0 17.0 18.0 19.0 20.0 21.0 22.0 23.0 24.0 25.0 26.0 27.0 28.0 29.0 30.0 31.0 32.0 33.0 34.0 35.0 36.0 37.0 38.0 39.0 40.0 41.0 42.0 43.0 44.0 45.0 46.0 47.0 48.0 49.0 50.0 51.0 52.0 53.0 54.0 55.0 56.0 57.0 58.0 59.0 60.0 61.0 62.0 63.0 64.0 63.0 62.0 61.0 60.0 59.0 58.0 57.0 56.0 55.0 54.0 53.0 52.0 51.0 50.0 49.0 48.0 47.0 46.0 45.0 44.0 43.0 42.0 41.0 40.0 39.0 38.0 37.0 36.0 35.0 34.0 33.0 32.0 31.0 30.0 29.0 28.0 
28.0 27.0 26.0 25.0 24.0 23.0 22.0 21.0 20.0 19.0 18.0 17.0 16.0 15.0 14.0 13.0 12.0 11.0 10.0 9.0 8.0 7.0 6.0 5.0 4.0 3.0 2.0 1.0 0.0 1.0 2.0 3.0 4.0 5.0 6.0 7.0 8.0 9.0 10.0 11.0 12.0 13.0 14.0 15.0 16.0 17.0 18.0 19.0 20.0 21.0 22.0 23.0 24.0 25.0 26.0 27.0 28.0 29.0 30.0 31.0 32.0 33.0 34.0 35.0 36.0 37.0 38.0 39.0 40.0 41.0 42.0 43.0 44.0 45.0 46.0 47.0 48.0 49.0 50.0 51.0 52.0 53.0 54.0 55.0 56.0 57.0 58.0 59.0 60.0 61.0 62.0 63.0 64.0 63.0 62.0 61.0 60.0 59.0 58.0 57.0 56.0 55.0 54.0 53.0 52.0 51.0 50.0 49.0 48.0 47.0 46.0 45.0 44.0 43.0 42.0 41.0 40.0 39.0 38.0 37.0 36.0 35.0 34.0 33.0 32.0 31.0 30.0 29.0 
29.0 28.0 27.0 26.0 25.0 24.0 23.0 22.0 21.0 20.0 19.0 18.0 17.0 16.0 15.0 14.0 13.0 12.0 11.0 10.0 9.0 8.0 7.0 6.0 5.0 4.0 3.0 2.0 1.0 0.0 1.0 2.0 3.0 4.0 5.0 6.0 7.0 8.0 9.0 10.0 11.0 12.0 13.0 14.0 15.0 16.0 17.0 18.0 19.0 20.0 21.0 22.0 23.0 24.0 25.0 26.0 27.0 28.0 29.0 30.0 31.0 32.0 33.0 34.0 35.0 36.0 37.0 38.0 39.0 40.0 41.0 42.0 43.0 44.0 45.0 46.0 47.0 48.0 49.0 50.0 51.0 52.0 53.0 54.0 55.0 56.0 57.0 58.0 59.0 60.0 61.0 62.0 63.0 64.0 63.0 62.0 61.0 60.0 59.0 58.0 57.0 56.0 55.0 54.0 53.0 52.0 51.0 50.0 49.0 48.0 47.0 46.0 45.0 44.0 43.0 42.0 41.0 40.0 39.0 38.0 37.0 36.0 35.0 34.0 33.0 32.0 31.0 30.0 
30.0 29.0 28.0 27.0 26.0 25.0 24.0 23.0 22.0 21.0 20.0 19.0 18.0 17.0 16.0 15.0 14.0 13.0 12.0 11.0 10.0 9.0 8.0 7.0 6.0 5.0 4.0 3.0 2.0 1.0 0.0 1.0 2.0 3.0 4.0 5.0 6.0 7.0 8.0 9.0 10.0 11.0 12.0 13.0 14.0 15.0 16.0 17.0 18.0 19.0 20.0 21.0 22.0 23.0 24.0 25.0 26.0 27.0 28.0 29.0 30.0 31.0 32.0 33.0 34.0 35.0 36.0 37.0 38.0 39.0 40.0 41.0 42.0 43.0 44.0 45.0 46.0 47.0 48.0 49.0 50.0 51.0 52.0 53.0 54.0 55.0 56.0 57.0 58.0 59.0 60.0 61.0 62.0 63.0 64.0 63.0 62.0 61.0 60.0 59.0 58.0 57.0 56.0 55.0 54.0 53.0 52.0 51.0 50.0 49.0 48.0 47.0 46.0 45.0 44.0 43.0 42.0 41.0 40.0 39.0 38.0 37.0 36.0 35.0 34.0 33.0 32.0 31.0 
31.0 30.0 29.0 28.0 27.0 26.0 25.0 24.0 23.0 22.0 21.0 20.0 19.0 18.0 17.0 16.0 15.0 14.0 13.0 12.0 11.0 10.0 9.0 8.0 7.0 6.0 5.0 4.0 3.0 2.0 1.0 0.0 1.0 2.0 3.0 4.0 5.0 6.0 7.0 8.0 9.0 10.0 11.0 12.0 13.0 14.0 15.0 16.0 17.0 18.0 19.0 20.0 21.0 22.0 23.0 24.0 25.0 26.0 27.0 28.0 29.0 30.0 31.0 32.0 33.0 34.0 35.0 36.0 37.0 38.0 39.0 40.0 41.0 42.0 43.0 44.0 45.0 46.0 47.0 48.0 49.0 50.0 51.0 52.0 53.0 54.0 55.0 56.0 57.0 58.0 59.0 60.0 61.0 62.0 63.0 64.0 63.0 62.0 61.0 60.0 59.0 58.0 57.0 56.0 55.0 54.0 53.0 52.0 51.0 50.0 49.0 48.0 47.0 46.0 45.0 44.0 43.0 42.0 41.0 40.0 39.0 38.0 37.0 36.0 35.0 34.0 33.0 32.0 
32.0 31.0 30.0 29.0 28.0 27.0 26.0 25.0 24.0 23.0 22.0 21.0 20.0 19.0 18.0 17.0 16.0 15.0 14.0 13.0 12.0 11.0 10.0 9.0 8.0 7.0 6.0 5.0 4.0 3.0 2.0 1.0 0.0 1.0 2.0 3.0 4.0 5.0 6.0 7.0 8.0 9.0 10.0 11.0 12.0 13.0 14.0 15.0 16.0 17.0 18.0 19.0 20.0 21.0 22.0 23.0 24.0 25.0 26.0 27.0 28.0 29.0 30.0 31.0 32.0 33.0 34.0 35.0 36.0 37.0 38.0 39.0 40.0 41.0 42.0 43.0 44.0 45.0 46.0 47.0 48.0 49.0 50.0 51.0 52.0 53.0 54.0 55.0 56.0 57.0 58.0 59.0 60.0 61.0 62.0 63.0 64.0 63.0 62.0 61.0 60.0 59.0 58.0 57.0 56.0 55.0 54.0 53.0 52.0 51.0 50.0 49.0 48.0 47.0 46.0 45.0 44.0 43.0 42.0 41.0 40.0 39.0 38.0 37.0 36.0 35.0 34.0 33.0 
33.0 32.0 31.0 30.0 29.0 28.0 27.0 26.0 25.0 24.0 23.0 22.0 21.0 20.0 19.0 18.0 17.0 16.0 15.0 14.0 13.0 12.0 11.0 10.0 9.0 8.0 7.0 6.0 5.0 4.0 3.0 2.0 1.0 0.0 1.0 2.0 3.0 4.0 5.0 6.0 7.0 8.0 9.0 10.0 11.0 12.0 13.0 14.0 15.0 16.0 17.0 18.0 19.0 20.0 21.0 22.0 23.0 24.0 25.0 26.0 27.0 28.0 29.0 30.0 31.0 32.0 33.0 34.0 35.0 36.0 37.0 38.0 39.0 40.0 41.0 42.0 43.0 44.0 45.0 46.0 47.0 48.0 49.0 50.0 51.0 52.0 53.0 54.0 55.0 56.0 57.0 58.0 59.0 60.0 61.0 62.0 63.0 64.0 63.0 62.0 61.0 60.0 59.0 58.0 57.0 56.0 55.0 54.0 53.0 52.0 51.0 50.0 49.0 48.0 47.0 46.0 45.0 44.0 43.0 42.0 41.0 40.0 39.0 38.0 37.0 36.0 35.0 34.0 
34.0 33.0 32.0 31.0 30.0 29.0 28.0 27.0 26.0 25.0 24.0 23.0 22.0 21.0 20.0 19.0 18.0 17.0 16.0 15.0 14.0 13.0 12.0 11.0 10.0 9.0 8.0 7.0 6.0 5.0 4.0 3.0 2.0 1.0 0.0 1.0 2.0 3.0 4.0 5.0 6.0 7.0 8.0 9.0 10.0 11.0 12.0 13.0 14.0 15.0 16.0 17.0 18.0 19.0 20.0 21.0 22.0 23.0 24.0 25.0 26.0 27.0 28.0 29.0 30.0 31.0 32.0 33.0 34.0 35.0 36.0 37.0 38.0 39.0 40.0 41.0 42.0 43.0 44.0 45.0 46.0 47.0 48.0 49.0 50.0 51.0 52.0 53.0 54.0 55.0 56.0 57.0 58.0 59.0 60.0 61.0 62.0 63.0 64.0 63.0 62.0 61.0 60.0 59.0 58.0 57.0 56.0 55.0 54.0 53.0 52.0 51.0 50.0 49.0 48.0 47.0 46.0 45.0 44.0 43.0 42.0 41.0 40.0 39.0 38.0 37.0 36.0 35.0 
35.0 34.0 33.0 32.0 31.0 30.0 29.0 28.0 27.0 26.0 25.0 24.0 23.0 22.0 21.0 20.0 19.0 18.0 17.0 16.0 15.0 14.0 13.0 12.0 11.0 10.0 9.0 8.0 7.0 6.0 5.0 4.0 3.0 2.0 1.0 0.0 1.0 2.0 3.0 4.0 5.0 6.0 7.0 8.0 9.0 10.0 11.0 12.0 13.0 14.0 15.0 16.0 17.0 18.0 19.0 20.0 21.0 22.0 23.0 24.0 25.0 26.0 27.0 28.0 29.0 30.0 31.0 32.0 33.0 34.0 35.0 36.0 37.0 38.0 39.0 40.0 41.0 42.0 43.0 44.0 45.0 46.0 47.0 48.0 49.0 50.0 51.0 52.0 53.0 54.0 55.0 56.0 57.0 58.0 59.0 60.0 61.0 62.0 63.0 64.0 63.0 62.0 61.0 60.0 59.0 58.0 57.0 56.0 55.0 54.0 53.0 52.0 51.0 50.0 49.0 48.0 47.0 46.0 45.0 44.0 43.0 42.0 41.0 40.0 39.0 38.0 37.0 36.0 
36.0 35.0 34.0 33.0 32.0 31.0 30.0 29.0 28.0 27.0 26.0 25.0 24.0 23.0 22.0 21.0 20.0 19.0 18.0 17.0 16.0 15.0 14.0 13.0 12.0 11.0 10.0 9.0 8.0 7.0 6.0 5.0 4.0 3.0 2.0 1.0 0.0 1.0 2.0 3.0 4.0 5.0 6.0 7.0 8.0 9.0 10.0 11.0 12.0 13.0 14.0 15.0 16.0 17.0 18.0 19.0 20.0 21.0 22.0 23.0 24.0 25.0 26.0 27.0 28.0 29.0 30.0 31.0 32.0 33.0 34.0 35.0 36.0 37.0 38.0 39.0 40.0 41.0 42.0 43.0 44.0 45.0 46.0 47.0 48.0 49.0 50.0 51.0 52.0 53.0 54.0 55.0 56.0 57.0 58.0 59.0 60.0 61.0 62.0 63.0 64.0 63.0 62.0 61.0 60.0 59.0 58.0 57.0 56.0 55.0 54.0 53.0 52.0 51.0 50.0 49.0 48.0 47.0 46.0 45.0 44.0 43.0 42.0 41.0 40.0 39.0 38.0 37.0 
37.0 36.0 35.0 34.0 33.0 32.0 31.0 30.0 29.0 28.0 27.0 26.0 25.0 24.0 23.0 22.0 21.0 20.0 19.0 18.0 17.0 16.0 15.0 14.0 13.0 12.0 11.0 10.0 9.0 8.0 7.0 6.0 5.0 4.0 3.0 2.0 1.0 0.0 1.0 2.0 3.0 4.0 5.0 6.0 7.0 8.0 9.0 10.0 11.0 12.0 13.0 14.0 15.0 16.0 17.0 18.0 19.0 20.0 21.0 22.0 23.0 24.0 25.0 26.0 27.0 28.0 29.0 30.0 31.0 32.0 33.0 34.0 35.0 36.0 37.0 38.0 39.0 40.0 41.0 42.0 43.0 44.0 45.0 46.0 47.0 48.0 49.0 50.0 51.0 52.0 53.0 54.0 55.0 56.0 57.0 58.0 59.0 60.0 61.0 62.0 63.0 64.0 63.0 62.0 61.0 60.0 59.0 58.0 57.0 56.0 55.0 54.0 53.0 52.0 51.0 50.0 49.0 48.0 47.0 46.0 45.0 44.0 43.0 42.0 41.0 40.0 39.0 38.0 
38.0 37.0 36.0 35.0 34.0 33.0 32.0 31.0 30.0 29.0 28.0 27.0 26.0 25.0 24.0 23.0 22.0 21.0 20.0 19.0 18.0 17.0 16.0 15.0 14.0 13.0 12.0 11.0 10.0 9.0 8.0 7.0 6.0 5.0 4.0 3.0 2.0 1.0 0.0 1.0 2.0 3.0 4.0 5.0 6.0 7.0 8.0 9.0 10.0 11.0 12.0 13.0 14.0 15.0 16.0 17.0 18.0 19.0 20.0 21.0 22.0 23.0 24.0 25.0 26.0 27.0 28.0 29.0 30.0 31.0 32.0 33.0 34.0 35.0 36.0 37.0 38.0 39.0 40.0 41.0 42.0 43.0 44.0 45.0 46.0 47.0 48.0 49.0 50.0 51.0 52.0 53.0 54.0 55.0 56.0 57.0 58.0 59.0 60.0 61.0 62.0 63.0 64.0 63.0 62.0 61.0 60.0 59.0 58.0 57.0 56.0 55.0 54.0 53.0 52.0 51.0 50.0 49.0 48.0 47.0 46.0 45.0 44.0 43.0 42.0 41.0 40.0 39.0 
39.0 38.0 37.0 36.0 35.0 34.0 33.0 32.0 31.0 30.0 29.0 28.0 27.0 26.0 25.0 24.0 23.0 22.0 21.0 20.0 19.0 18.0 17.0 16.0 15.0 14.0 13.0 12.0 11.0 10.0 9.0 8.0 7.0 6.0 5.0 4.0 3.0 2.0 1.0 0.0 1.0 2.0 3.0 4.0 5.0 6.0 7.0 8.0 9.0 10.0 11.0 12.0 13.0 14.0 15.0 16.0 17.0 18.0 19.0 20.0 21.0 22.0 23.0 24.0 25.0 26.0 27.0 28.0 29.0 30.0 31.0 32.0 33.0 34.0 35.0 36.0 37.0 38.0 39.0 40.0 41.0 42.0 43.0 44.0 45.0 46.0 47.0 48.0 49.0 50.0 51.0 52.0 53.0 54.0 55.0 56.0 57.0 58.0 59.0 60.0 61.0 62.0 63.0 64.0 63.0 62.0 61.0 60.0 59.0 58.0 57.0 56.0 55.0 54.0 53.0 52.0 51.0 50.0 49.0 48.0 47.0 46.0 45.0 44.0 43.0 42.0 41.0 40.0 
40.0 39.0 38.0 37.0 36.0 35.0 34.0 33.0 32.0 31.0 30.0 29.0 28.0 27.0 26.0 25.0 24.0 23.0 22.0 21.0 20.0 19.0 18.0 17.0 16.0 15.0 14.0 13.0 12.0 11.0 10.0 9.0 8.0 7.0 6.0 5.0 4.0 3.0 2.0 1.0 0.0 1.0 2.0 3.0 4.0 5.0 6.0 7.0 8.0 9.0 10.0 11.0 12.0 13.0 14.0 15.0 16.0 17.0 18.0 19.0 20.0 21.0 22.0 23.0 24.0 25.0 26.0 27.0 28.0 29.0 30.0 31.0 32.0 33.0 34.0 35.0 36.0 37.0 38.0 39.0 40.0 41.0 42.0 43.0 44.0 45.0 46.0 47.0 48.0 49.0 50.0 51.0 52.0 53.0 54.0 55.0 56.0 57.0 58.0 59.0 60.0 61.0 62.0 63.0 64.0 63.0 62.0 61.0 60.0 59.0 58.0 57.0 56.0 55.0 54.0 53.0 52.0 51.0 50.0 49.0 48.0 47.0 46.0 45.0 44.0 43.0 42.0 41.0 
41.0 40.0 39.0 38.0 37.0 36.0 35.0 34.0 33.0 32.0 31.0 30.0 29.0 28.0 27.0 26.0 25.0 24.0 23.0 22.0 21.0 20.0 19.0 18.0 17.0 16.0 15.0 14.0 13.0 12.0 11.0 10.0 9.0 8.0 7.0 6.0 5.0 4.0 3.0 2.0 1.0 0.0 1.0 2.0 3.0 4.0 5.0 6.0 7.0 8.0 9.0 10.0 11.0 12.0 13.0 14.0 15.0 16.0 17.0 18.0 19.0 20.0 21.0 22.0 23.0 24.0 25.0 26.0 27.0 28.0 29.0 30.0 31.0 32.0 33.0 34.0 35.0 36.0 37.0 38.0 39.0 40.0 41.0 42.0 43.0 44.0 45.0 46.0 47.0 48.0 49.0 50.0 51.0 52.0 53.0 54.0 55.0 56.0 57.0 58.0 59.0 60.0 61.0 62.0 63.0 64.0 63.0 62.0 61.0 60.0 59.0 58.0 57.0 56.0 55.0 54.0 53.0 52.0 51.0 50.0 49.0 48.0 47.0 46.0 45.0 44.0 43.0 42.0 
42.0 41.0 40.0 39.0 38.0 37.0 36.0 35.0 34.0 33.0 32.0 31.0 30.0 29.0 28.0 27.0 26.0 25.0 24.0 23.0 22.0 21.0 20.0 19.0 18.0 17.0 16.0 15.0 14.0 13.0 12.0 11.0 10.0 9.0 8.0 7.0 6.0 5.0 4.0 3.0 2.0 1.0 0.0 1.0 2.0 3.0 4.0 5.0 6.0 7.0 8.0 9.0 10.0 11.0 12.0 13.0 14.0 15.0 16.0 17.0 18.0 19.0 20.0 21.0 22.0 23.0 24.0 25.0 26.0 27.0 28.0 29.0 30.0 31.0 32.0 33.0 34.0 35.0 36.0 37.0 38.0 39.0 40.0 41.0 42.0 43.0 44.0 45.0 46.0 47.0 48.0 49.0 50.0 51.0 52.0 53.0 54.0 55.0 56.0 57.0 58.0 59.0 60.0 61.0 62.0 63.0 64.0 63.0 62.0 61.0 60.0 59.0 58.0 57.0 56.0 55.0 54.0 53.0 52.0 51.0 50.0 49.0 48.0 47.0 46.0 45.0 44.0 43.0 
43.0 42.0 41.0 40.0 39.0 38.0 37.0 36.0 35.0 34.0 33.0 32.0 31.0 30.0 29.0 28.0 27.0 26.0 25.0 24.0 23.0 22.0 21.0 20.0 19.0 18.0 17.0 16.0 15.0 14.0 13.0 12.0 11.0 10.0 9.0 8.0 7.0 6.0 5.0 4.0 3.0 2.0 1.0 0.0 1.0 2.0 3.0 4.0 5.0 6.0 7.0 8.0 9.0 10.0 11.0 12.0 13.0 14.0 15.0 16.0 17.0 18.0 19.0 20.0 21.0 22.0 23.0 24.0 25.0 26.0 27.0 28.0 29.0 30.0 31.0 32.0 33.0 34.0 35.0 36.0 37.0 38.0 39.0 40.0 41.0 42.0 43.0 44.0 45.0 46.0 47.0 48.0 49.0 50.0 51.0 52.0 53.0 54.0 55.0 56.0 57.0 58.0 59.0 60.0 61.0 62.0 63.0 64.0 63.0 62.0 61.0 60.0 59.0 58.0 57.0 56.0 55.0 54.0 53.0 52.0 51.0 50.0 49.0 48.0 47.0 46.0 45.0 44.0 
44.0 43.0 42.0 41.0 40.0 39.0 38.0 37.0 36.0 35.0 34.0 33.0 32.0 31.0 30.0 29.0 28.0 27.0 26.0 25.0 24.0 23.0 22.0 21.0 20.0 19.0 18.0 17.0 16.0 15.0 14.0 13.0 12.0 11.0 10.0 9.0 8.0 7.0 6.0 5.0 4.0 3.0 2.0 1.0 0.0 1.0 2.0 3.0 4.0 5.0 6.0 7.0 8.0 9.0 10.0 11.0 12.0 13.0 14.0 15.0 16.0 17.0 18.0 19.0 20.0 21.0 22.0 23.0 24.0 25.0 26.0 27.0 28.0 29.0 30.0 31.0 32.0 33.0 34.0 35.0 36.0 37.0 38.0 39.0 40.0 41.0 42.0 43.0 44.0 45.0 46.0 47.0 48.0 49.0 50.0 51.0 52.0 53.0 54.0 55.0 56.0 57.0 58.0 59.0 60.0 61.0 62.0 63.0 64.0 63.0 62.0 61.0 60.0 59.0 58.0 57.0 56.0 55.0 54.0 53.0 52.0 51.0 50.0 49.0 48.0 47.0 46.0 45.0 
45.0 44.0 43.0 42.0 41.0 40.0 39.0 38.0 37.0 36.0 35.0 34.0 33.0 32.0 31.0 30.0 29.0 28.0 27.0 26.0 25.0 24.0 23.0 22.0 21.0 20.0 19.0 18.0 17.0 16.0 15.0 14.0 13.0 12.0 11.0 10.0 9.0 8.0 7.0 6.0 5.0 4.0 3.0 2.0 1.0 0.0 1.0 2.0 3.0 4.0 5.0 6.0 7.0 8.0 9.0 10.0 11.0 12.0 13.0 14.0 15.0 16.0 17.0 18.0 19.0 20.0 21.0 22.0 23.0 24.0 25.0 26.0 27.0 28.0 29.0 30.0 31.0 32.0 33.0 34.0 35.0 36.0 37.0 38.0 39.0 40.0 41.0 42.0 43.0 44.0 45.0 46.0 47.0 48.0 49.0 50.0 51.0 52.0 53.0 54.0 55.0 56.0 57.0 58.0 59.0 60.0 61.0 62.0 63.0 64.0 63.0 62.0 61.0 60.0 59.0 58.0 57.0 56.0 55.0 54.0 53.0 52.0 51.0 50.0 49.0 48.0 47.0 46.0 
46.0 45.0 44.0 43.0 42.0 41.0 40.0 39.0 38.0 37.0 36.0 35.0 34.0 33.0 32.0 31.0 30.0 29.0 28.0 27.0 26.0 25.0 24.0 23.0 22.0 21.0 20.0 19.0 18.0 17.0 16.0 15.0 14.0 13.0 12.0 11.0 10.0 9.0 8.0 7.0 6.0 5.0 4.0 3.0 2.0 1.0 0.0 1.0 2.0 3.0 4.0 5.0 6.0 7.0 8.0 9.0 10.0 11.0 12.0 13.0 14.0 15.0 16.0 17.0 18.0 19.0 20.0 21.0 22.0 23.0 24.0 25.0 26.0 27.0 28.0 29.0 30.0 31.0 32.0 33.0 34.0 35.0 36.0 37.0 38.0 39.0 40.0 41.0 42.0 43.0 44.0 45.0 46.0 47.0 48.0 49.0 50.0 51.0 52.0 53.0 54.0 55.0 56.0 57.0 58.0 59.0 60.0 61.0 62.0 63.0 64.0 63.0 62.0 61.0 60.0 59.0 58.0 57.0 56.0 55.0 54.0 53.0 52.0 51.0 50.0 49.0 48.0 47.0 
47.0 46.0 45.0 44.0 43.0 42.0 41.0 40.0 39.0 38.0 37.0 36.0 35.0 34.0 33.0 32.0 31.0 30.0 29.0 28.0 27.0 26.0 25.0 24.0 23.0 22.0 21.0 20.0 19.0 18.0 17.0 16.0 15.0 14.0 13.0 12.0 11.0 10.0 9.0 8.0 7.0 6.0 5.0 4.0 3.0 2.0 1.0 0.0 1.0 2.0 3.0 4.0 5.0 6.0 7.0 8.0 9.0 10.0 11.0 12.0 13.0 14.0 15.0 16.0 17.0 18.0 19.0 20.0 21.0 22.0 23.0 24.0 25.0 26.0 27.0 28.0 29.0 30.0 31.0 32.0 33.0 34.0 35.0 36.0 37.0 38.0 39.0 40.0 41.0 42.0 43.0 44.0 45.0 46.0 47.0 48.0 49.0 50.0 51.0 52.0 53.0 54.0 55.0 56.0 57.0 58.0 59.0 60.0 61.0 62.0 63.0 64.0 63.0 62.0 61.0 60.0 59.0 58.0 57.0 56.0 55.0 54.0 53.0 52.0 51.0 50.0 49.0 48.0 
48.0 47.0 46.0 45.0 44.0 43.0 42.0 41.0 40.0 39.0 38.0 37.0 36.0 35.0 34.0 33.0 32.0 31.0 30.0 29.0 28.0 27.0 26.0 25.0 24.0 23.0 22.0 21.0 20.0 19.0 18.0 17.0 16.0 15.0 14.0 13.0 12.0 11.0 10.0 9.0 8.0 7.0 6.0 5.0 4.0 3.0 2.0 1.0 0.0 1.0 2.0 3.0 4.0 5.0 6.0 7.0 8.0 9.0 10.0 11.0 12.0 13.0 14.0 15.0 16.0 17.0 18.0 19.0 20.0 21.0 22.0 23.0 24.0 25.0 26.0 27.0 28.0 29.0 30.0 31.0 32.0 33.0 34.0 35.0 36.0 37.0 38.0 39.0 40.0 41.0 42.0 43.0 44.0 45.0 46.0 47.0 48.0 49.0 50.0 51.0 52.0 53.0 54.0 55.0 56.0 57.0 58.0 59.0 60.0 61.0 62.0 63.0 64.0 63.0 62.0 61.0 60.0 59.0 58.0 57.0 56.0 55.0 54.0 53.0 52.0 51.0 50.0 49.0 
49.0 48.0 47.0 46.0 45.0 44.0 43.0 42.0 41.0 40.0 39.0 38.0 37.0 36.0 35.0 34.0 33.0 32.0 31.0 30.0 29.0 28.0 27.0 26.0 25.0 24.0 23.0 22.0 21.0 20.0 19.0 18.0 17.0 16.0 15.0 14.0 13.0 12.0 11.0 10.0 9.0 8.0 7.0 6.0 5.0 4.0 3.0 2.0 1.0 0.0 1.0 2.0 3.0 4.0 5.0 6.0 7.0 8.0 9.0 10.0 11.0 12.0 13.0 14.0 15.0 16.0 17.0 18.0 19.0 20.0 21.0 22.0 23.0 24.0 25.0 26.0 27.0 28.0 29.0 30.0 31.0 32.0 33.0 34.0 35.0 36.0 37.0 38.0 39.0 40.0 41.0 42.0 43.0 44.0 45.0 46.0 47.0 48.0 49.0 50.0 51.0 52.0 53.0 54.0 55.0 56.0 57.0 58.0 59.0 60.0 61.0 62.0 63.0 64.0 63.0 62.0 61.0 60.0 59.0 58.0 57.0 56.0 55.0 54.0 53.0 52.0 51.0 50.0 
50.0 49.0 48.0 47.0 46.0 45.0 44.0 43.0 42.0 41.0 40.0 39.0 38.0 37.0 36.0 35.0 34.0 33.0 32.0 31.0 30.0 29.0 28.0 27.0 26.0 25.0 24.0 23.0 22.0 21.0 20.0 19.0 18.0 17.0 16.0 15.0 14.0 13.0 12.0 11.0 10.0 9.0 8.0 7.0 6.0 5.0 4.0 3.0 2.0 1.0 0.0 1.0 2.0 3.0 4.0 5.0 6.0 7.0 8.0 9.0 10.0 11.0 12.0 13.0 14.0 15.0 16.0 17.0 18.0 19.0 20.0 21.0 22.0 23.0 24.0 25.0 26.0 27.0 28.0 29.0 30.0 31.0 32.0 33.0 34.0 35.0 36.0 37.0 38.0 39.0 40.0 41.0 42.0 43.0 44.0 45.0 46.0 47.0 48.0 49.0 50.0 51.0 52.0 53.0 54.0 55.0 56.0 57.0 58.0 59.0 60.0 61.0 62.0 63.0 64.0 63.0 62.0 61.0 60.0 59.0 58.0 57.0 56.0 55.0 54.0 53.0 52.0 51.0 
51.0 50.0 49.0 48.0 47.0 46.0 45.0 44.0 43.0 42.0 41.0 40.0 39.0 38.0 37.0 36.0 35.0 34.0 33.0 32.0 31.0 30.0 29.0 28.0 27.0 26.0 25.0 24.0 23.0 22.0 21.0 20.0 19.0 18.0 17.0 16.0 15.0 14.0 13.0 12.0 11.0 10.0 9.0 8.0 7.0 6.0 5.0 4.0 3.0 2.0 1.0 0.0 1.0 2.0 3.0 4.0 5.0 6.0 7.0 8.0 9.0 10.0 11.0 12.0 13.0 14.0 15.0 16.0 17.0 18.0 19.0 20.0 21.0 22.0 23.0 24.0 25.0 26.0 27.0 28.0 29.0 30.0 31.0 32.0 33.0 34.0 35.0 36.0 37.0 38.0 39.0 40.0 41.0 42.0 43.0 44.0 45.0 46.0 47.0 48.0 49.0 50.0 51.0 52.0 53.0 54.0 55.0 56.0 57.0 58.0 59.0 60.0 61.0 62.0 63.0 64.0 63.0 62.0 61.0 60.0 59.0 58.0 57.0 56.0 55.0 54.0 53.0 52.0 
52.0 51.0 50.0 49.0 48.0 47.0 46.0 45.0 44.0 43.0 42.0 41.0 40.0 39.0 38.0 37.0 36.0 35.0 34.0 33.0 32.0 31.0 30.0 29.0 28.0 27.0 26.0 25.0 24.0 23.0 22.0 21.0 20.0 19.0 18.0 17.0 16.0 15.0 14.0 13.0 12.0 11.0 10.0 9.0 8.0 7.0 6.0 5.0 4.0 3.0 2.0 1.0 0.0 1.0 2.0 3.0 4.0 5.0 6.0 7.0 8.0 9.0 10.0 11.0 12.0 13.0 14.0 15.0 16.0 17.0 18.0 19.0 20.0 21.0 22.0 23.0 24.0 25.0 26.0 27.0 28.0 29.0 30.0 31.0 32.0 33.0 34.0 35.0 36.0 37.0 38.0 39.0 40.0 41.0 42.0 43.0 44.0 45.0 46.0 47.0 48.0 49.0 50.0 51.0 52.0 53.0 54.0 55.0 56.0 57.0 58.0 59.0 60.0 61.0 62.0 63.0 64.0 63.0 62.0 61.0 60.0 59.0 58.0 57.0 56.0 55.0 54.0 53.0 
53.0 52.0 51.0 50.0 49.0 48.0 47.0 46.0 45.0 44.0 43.0 42.0 41.0 40.0 39.0 38.0 37.0 36.0 35.0 34.0 33.0 32.0 31.0 30.0 29.0 28.0 27.0 26.0 25.0 24.0 23.0 22.0 21.0 20.0 19.0 18.0 17.0 16.0 15.0 14.0 13.0 12.0 11.0 10.0 9.0 8.0 7.0 6.0 5.0 4.0 3.0 2.0 1.0 0.0 1.0 2.0 3.0 4.0 5.0 6.0 7.0 8.0 9.0 10.0 11.0 12.0 13.0 14.0 15.0 16.0 17.0 18.0 19.0 20.0 21.0 22.0 23.0 24.0 25.0 26.0 27.0 28.0 29.0 30.0 31.0 32.0 33.0 34.0 35.0 36.0 37.0 38.0 39.0 40.0 41.0 42.0 43.0 44.0 45.0 46.0 47.0 48.0 49.0 50.0 51.0 52.0 53.0 54.0 55.0 56.0 57.0 58.0 59.0 60.0 61.0 62.0 63.0 64.0 63.0 62.0 61.0 60.0 59.0 58.0 57.0 56.0 55.0 54.0 
54.0 53.0 52.0 51.0 50.0 49.0 48.0 47.0 46.0 45.0 44.0 43.0 42.0 41.0 40.0 39.0 38.0 37.0 36.0 35.0 34.0 33.0 32.0 31.0 30.0 29.0 28.0 27.0 26.0 25.0 24.0 23.0 22.0 21.0 20.0 19.0 18.0 17.0 16.0 15.0 14.0 13.0 12.0 11.0 10.0 9.0 8.0 7.0 6.0 5.0 4.0 3.0 2.0 1.0 0.0 1.0 2.0 3.0 4.0 5.0 6.0 7.0 8.0 9.0 10.0 11.0 12.0 13.0 14.0 15.0 16.0 17.0 18.0 19.0 20.0 21.0 22.0 23.0 24.0 25.0 26.0 27.0 28.0 29.0 30.0 31.0 32.0 33.0 34.0 35.0 36.0 37.0 38.0 39.0 40.0 41.0 42.0 43.0 44.0 45.0 46.0 47.0 48.0 49.0 50.0 51.0 52.0 53.0 54.0 55.0 56.0 57.0 58.0 59.0 60.0 61.0 62.0 63.0 64.0 63.0 62.0 61.0 60.0 59.0 58.0 57.0 56.0 55.0 
55.0 54.0 53.0 52.0 51.0 50.0 49.0 48.0 47.0 46.0 45.0 44.0 43.0 42.0 41.0 40.0 39.0 38.0 37.0 36.0 35.0 34.0 33.0 32.0 31.0 30.0 29.0 28.0 27.0 26.0 25.0 24.0 23.0 22.0 21.0 20.0 19.0 18.0 17.0 16.0 15.0 14.0 13.0 12.0 11.0 10.0 9.0 8.0 7.0 6.0 5.0 4.0 3.0 2.0 1.0 0.0 1.0 2.0 3.0 4.0 5.0 6.0 7.0 8.0 9.0 10.0 11.0 12.0 13.0 14.0 15.0 16.0 17.0 18.0 19.0 20.0 21.0 22.0 23.0 24.0 25.0 26.0 27.0 28.0 29.0 30.0 31.0 32.0 33.0 34.0 35.0 36.0 37.0 38.0 39.0 40.0 41.0 42.0 43.0 44.0 45.0 46.0 47.0 48.0 49.0 50.0 51.0 52.0 53.0 54.0 55.0 56.0 57.0 58.0 59.0 60.0 61.0 62.0 63.0 64.0 63.0 62.0 61.0 60.0 59.0 58.0 57.0 56.0 
56.0 55.0 54.0 53.0 52.0 51.0 50.0 49.0 48.0 47.0 46.0 45.0 44.0 43.0 42.0 41.0 40.0 39.0 38.0 37.0 36.0 35.0 34.0 33.0 32.0 31.0 30.0 29.0 28.0 27.0 26.0 25.0 24.0 23.0 22.0 21.0 20.0 19.0 18.0 17.0 16.0 15.0 14.0 13.0 12.0 11.0 10.0 9.0 8.0 7.0 6.0 5.0 4.0 3.0 2.0 1.0 0.0 1.0 2.0 3.0 4.0 5.0 6.0 7.0 8.0 9.0 10.0 11.0 12.0 13.0 14.0 15.0 16.0 17.0 18.0 19.0 20.0 21.0 22.0 23.0 24.0 25.0 26.0 27.0 28.0 29.0 30.0 31.0 32.0 33.0 34.0 35.0 36.0 37.0 38.0 39.0 40.0 41.0 42.0 43.0 44.0 45.0 46.0 47.0 48.0 49.0 50.0 51.0 52.0 53.0 54.0 55.0 56.0 57.0 58.0 59.0 60.0 61.0 62.0 63.0 64.0 63.0 62.0 61.0 60.0 59.0 58.0 57.0 
57.0 56.0 55.0 54.0 53.0 52.0 51.0 50.0 49.0 48.0 47.0 46.0 45.0 44.0 43.0 42.0 41.0 40.0 39.0 38.0 37.0 36.0 35.0 34.0 33.0 32.0 31.0 30.0 29.0 28.0 27.0 26.0 25.0 24.0 23.0 22.0 21.0 20.0 19.0 18.0 17.0 16.0 15.0 14.0 13.0 12.0 11.0 10.0 9.0 8.0 7.0 6.0 5.0 4.0 3.0 2.0 1.0 0.0 1.0 2.0 3.0 4.0 5.0 6.0 7.0 8.0 9.0 10.0 11.0 12.0 13.0 14.0 15.0 16.0 17.0 18.0 19.0 20.0 21.0 22.0 23.0 24.0 25.0 26.0 27.0 28.0 29.0 30.0 31.0 32.0 33.0 34.0 35.0 36.0 37.0 38.0 39.0 40.0 41.0 42.0 43.0 44.0 45.0 46.0 47.0 48.0 49.0 50.0 51.0 52.0 53.0 54.0 55.0 56.0 57.0 58.0 59.0 60.0 61.0 62.0 63.0 64.0 63.0 62.0 61.0 60.0 59.0 58.0 
58.0 57.0 56.0 55.0 54.0 53.0 52.0 51.0 50.0 49.0 48.0 47.0 46.0 45.0 44.0 43.0 42.0 41.0 40.0 39.0 38.0 37.0 36.0 35.0 34.0 33.0 32.0 31.0 30.0 29.0 28.0 27.0 26.0 25.0 24.0 23.0 22.0 21.0 20.0 19.0 18.0 17.0 16.0 15.0 14.0 13.0 12.0 11.0 10.0 9.0 8.0 7.0 6.0 5.0 4.0 3.0 2.0 1.0 0.0 1.0 2.0 3.0 4.0 5.0 6.0 7.0 8.0 9.0 10.0 11.0 12.0 13.0 14.0 15.0 16.0 17.0 18.0 19.0 20.0 21.0 22.0 23.0 24.0 25.0 26.0 27.0 28.0 29.0 30.0 31.0 32.0 33.0 34.0 35.0 36.0 37.0 38.0 39.0 40.0 41.0 42.0 43.0 44.0 45.0 46.0 47.0 48.0 49.0 50.0 51.0 52.0 53.0 54.0 55.0 56.0 57.0 58.0 59.0 60.0 61.0 62.0 63.0 64.0 63.0 62.0 61.0 60.0 59.0 
59.0 58.0 57.0 56.0 55.0 54.0 53.0 52.0 51.0 50.0 49.0 48.0 47.0 46.0 45.0 44.0 43.0 42.0 41.0 40.0 39.0 38.0 37.0 36.0 35.0 34.0 33.0 32.0 31.0 30.0 29.0 28.0 27.0 26.0 25.0 24.0 23.0 22.0 21.0 20.0 19.0 18.0 17.0 16.0 15.0 14.0 13.0 12.0 11.0 10.0 9.0 8.0 7.0 6.0 5.0 4.0 3.0 2.0 1.0 0.0 1.0 2.0 3.0 4.0 5.0 6.0 7.0 8.0 9.0 10.0 11.0 12.0 13.0 14.0 15.0 16.0 17.0 18.0 19.0 20.0 21.0 22.0 23.0 24.0 25.0 26.0 27.0 28.0 29.0 30.0 31.0 32.0 33.0 34.0 35.0 36.0 37.0 38.0 39.0 40.0 41.0 42.0 43.0 44.0 45.0 46.0 47.0 48.0 49.0 50.0 51.0 52.0 53.0 54.0 55.0 56.0 57.0 58.0 59.0 60.0 61.0 62.0 63.0 64.0 63.0 62.0 61.0 60.0 
60.0 59.0 58.0 57.0 56.0 55.0 54.0 53.0 52.0 51.0 50.0 49.0 48.0 47.0 46.0 45.0 44.0 43.0 42.0 41.0 40.0 39.0 38.0 37.0 36.0 35.0 34.0 33.0 32.0 31.0 30.0 29.0 28.0 27.0 26.0 25.0 24.0 23.0 22.0 21.0 20.0 19.0 18.0 17.0 16.0 15.0 14.0 13.0 12.0 11.0 10.0 9.0 8.0 7.0 6.0 5.0 4.0 3.0 2.0 1.0 0.0 1.0 2.0 3.0 4.0 5.0 6.0 7.0 8.0 9.0 10.0 11.0 12.0 13.0 14.0 15.0 16.0 17.0 18.0 19.0 20.0 21.0 22.0 23.0 24.0 25.0 26.0 27.0 28.0 29.0 30.0 31.0 32.0 33.0 34.0 35.0 36.0 37.0 38.0 39.0 40.0 41.0 42.0 43.0 44.0 45.0 46.0 47.0 48.0 49.0 50.0 51.0 52.0 53.0 54.0 55.0 56.0 57.0 58.0 59.0 60.0 61.0 62.0 63.0 64.0 63.0 62.0 61.0 
61.0 60.0 59.0 58.0 57.0 56.0 55.0 54.0 53.0 52.0 51.0 50.0 49.0 48.0 47.0 46.0 45.0 44.0 43.0 42.0 41.0 40.0 39.0 38.0 37.0 36.0 35.0 34.0 33.0 32.0 31.0 30.0 29.0 28.0 27.0 26.0 25.0 24.0 23.0 22.0 21.0 20.0 19.0 18.0 17.0 16.0 15.0 14.0 13.0 12.0 11.0 10.0 9.0 8.0 7.0 6.0 5.0 4.0 3.0 2.0 1.0 0.0 1.0 2.0 3.0 4.0 5.0 6.0 7.0 8.0 9.0 10.0 11.0 12.0 13.0 14.0 15.0 16.0 17.0 18.0 19.0 20.0 21.0 22.0 23.0 24.0 25.0 26.0 27.0 28.0 29.0 30.0 31.0 32.0 33.0 34.0 35.0 36.0 37.0 38.0 39.0 40.0 41.0 42.0 43.0 44.0 45.0 46.0 47.0 48.0 49.0 50.0 51.0 52.0 53.0 54.0 55.0 56.0 57.0 58.0 59.0 60.0 61.0 62.0 63.0 64.0 63.0 62.0 
62.0 61.0 60.0 59.0 58.0 57.0 56.0 55.0 54.0 53.0 52.0 51.0 50.0 49.0 48.0 47.0 46.0 45.0 44.0 43.0 42.0 41.0 40.0 39.0 38.0 37.0 36.0 35.0 34.0 33.0 32.0 31.0 30.0 29.0 28.0 27.0 26.0 25.0 24.0 23.0 22.0 21.0 20.0 19.0 18.0 17.0 16.0 15.0 14.0 13.0 12.0 11.0 10.0 9.0 8.0 7.0 6.0 5.0 4.0 3.0 2.0 1.0 0.0 1.0 2.0 3.0 4.0 5.0 6.0 7.0 8.0 9.0 10.0 11.0 12.0 13.0 14.0 15.0 16.0 17.0 18.0 19.0 20.0 21.0 22.0 23.0 24.0 25.0 26.0 27.0 28.0 29.0 30.0 31.0 32.0 33.0 34.0 35.0 36.0 37.0 38.0 39.0 40.0 41.0 42.0 43.0 44.0 45.0 46.0 47.0 48.0 49.0 50.0 51.0 52.0 53.0 54.0 55.0 56.0 57.0 58.0 59.0 60.0 61.0 62.0 63.0 64.0 63.0 
63.0 62.0 61.0 60.0 59.0 58.0 57.0 56.0 55.0 54.0 53.0 52.0 51.0 50.0 49.0 48.0 47.0 46.0 45.0 44.0 43.0 42.0 41.0 40.0 39.0 38.0 37.0 36.0 35.0 34.0 33.0 32.0 31.0 30.0 29.0 28.0 27.0 26.0 25.0 24.0 23.0 22.0 21.0 20.0 19.0 18.0 17.0 16.0 15.0 14.0 13.0 12.0 11.0 10.0 9.0 8.0 7.0 6.0 5.0 4.0 3.0 2.0 1.0 0.0 1.0 2.0 3.0 4.0 5.0 6.0 7.0 8.0 9.0 10.0 11.0 12.0 13.0 14.0 15.0 16.0 17.0 18.0 19.0 20.0 21.0 22.0 23.0 24.0 25.0 26.0 27.0 28.0 29.0 30.0 31.0 32.0 33.0 34.0 35.0 36.0 37.0 38.0 39.0 40.0 41.0 42.0 43.0 44.0 45.0 46.0 47.0 48.0 49.0 50.0 51.0 52.0 53.0 54.0 55.0 56.0 57.0 58.0 59.0 60.0 61.0 62.0 63.0 64.0 
64.0 63.0 62.0 61.0 60.0 59.0 58.0 57.0 56.0 55.0 54.0 53.0 52.0 51.0 50.0 49.0 48.0 47.0 46.0 45.0 44.0 43.0 42.0 41.0 40.0 39.0 38.0 37.0 36.0 35.0 34.0 33.0 32.0 31.0 30.0 29.0 28.0 27.0 26.0 25.0 24.0 23.0 22.0 21.0 20.0 19.0 18.0 17.0 16.0 15.0 14.0 13.0 12.0 11.0 10.0 9.0 8.0 7.0 6.0 5.0 4.0 3.0 2.0 1.0 0.0 1.0 2.0 3.0 4.0 5.0 6.0 7.0 8.0 9.0 10.0 11.0 12.0 13.0 14.0 15.0 16.0 17.0 18.0 19.0 20.0 21.0 22.0 23.0 24.0 25.0 26.0 27.0 28.0 29.0 30.0 31.0 32.0 33.0 34.0 35.0 36.0 37.0 38.0 39.0 40.0 41.0 42.0 43.0 44.0 45.0 46.0 47.0 48.0 49.0 50.0 51.0 52.0 53.0 54.0 55.0 56.0 57.0 58.0 59.0 60.0 61.0 62.0 63.0 
63.0 64.0 63.0 62.0 61.0 60.0 59.0 58.0 57.0 56.0 55.0 54.0 53.0 52.0 51.0 50.0 49.0 48.0 47.0 46.0 45.0 44.0 43.0 42.0 41.0 40.0 39.0 38.0 37.0 36.0 35.0 34.0 33.0 32.0 31.0 30.0 29.0 28.0 27.0 26.0 25.0 24.0 23.0 22.0 21.0 20.0 19.0 18.0 17.0 16.0 15.0 14.0 13.0 12.0 11.0 10.0 9.0 8.0 7.0 6.0 5.0 4.0 3.0 2.0 1.0 0.0 1.0 2.0 3.0 4.0 5.0 6.0 7.0 8.0 9.0 10.0 11.0 12.0 13.0 14.0 15.0 16.0 17.0 18.0 19.0 20.0 21.0 22.0 23.0 24.0 25.0 26.0 27.0 28.0 29.0 30.0 31.0 32.0 33.0 34.0 35.0 36.0 37.0 38.0 39.0 40.0 41.0 42.0 43.0 44.0 45.0 46.0 47.0 48.0 49.0 50.0 51.0 52.0 53.0 54.0 55.0 56.0 57.0 58.0 59.0 60.0 61.0 62.0 
62.0 63.0 64.0 63.0 62.0 61.0 60.0 59.0 58.0 57.0 56.0 55.0 54.0 53.0 52.0 51.0 50.0 49.0 48.0 47.0 46.0 45.0 44.0 43.0 42.0 41.0 40.0 39.0 38.0 37.0 36.0 35.0 34.0 33.0 32.0 31.0 30.0 29.0 28.0 27.0 26.0 25.0 24.0 23.0 22.0 21.0 20.0 19.0 18.0 17.0 16.0 15.0 14.0 13.0 12.0 11.0 10.0 9.0 8.0 7.0 6.0 5.0 4.0 3.0 2.0 1.0 0.0 1.0 2.0 3.0 4.0 5.0 6.0 7.0 8.0 9.0 10.0 11.0 12.0 13.0 14.0 15.0 16.0 17.0 18.0 19.0 20.0 21.0 22.0 23.0 24.0 25.0 26.0 27.0 28.0 29.0 30.0 31.0 32.0 33.0 34.0 35.0 36.0 37.0 38.0 39.0 40.0 41.0 42.0 43.0 44.0 45.0 46.0 47.0 48.0 49.0 50.0 51.0 52.0 53.0 54.0 55.0 56.0 57.0 58.0 59.0 60.0 61.0 
61.0 62.0 63.0 64.0 63.0 62.0 61.0 60.0 59.0 58.0 57.0 56.0 55.0 54.0 53.0 52.0 51.0 50.0 49.0 48.0 47.0 46.0 45.0 44.0 43.0 42.0 41.0 40.0 39.0 38.0 37.0 36.0 35.0 34.0 33.0 32.0 31.0 30.0 29.0 28.0 27.0 26.0 25.0 24.0 23.0 22.0 21.0 20.0 19.0 18.0 17.0 16.0 15.0 14.0 13.0 12.0 11.0 10.0 9.0 8.0 7.0 6.0 5.0 4.0 3.0 2.0 1.0 0.0 1.0 2.0 3.0 4.0 5.0 6.0 7.0 8.0 9.0 10.0 11.0 12.0 13.0 14.0 15.0 16.0 17.0 18.0 19.0 20.0 21.0 22.0 23.0 24.0 25.0 26.0 27.0 28.0 29.0 30.0 31.0 32.0 33.0 34.0 35.0 36.0 37.0 38.0 39.0 40.0 41.0 42.0 43.0 44.0 45.0 46.0 47.0 48.0 49.0 50.0 51.0 52.0 53.0 54.0 55.0 56.0 57.0 58.0 59.0 60.0 
60.0 61.0 62.0 63.0 64.0 63.0 62.0 61.0 60.0 59.0 58.0 57.0 56.0 55.0 54.0 53.0 52.0 51.0 50.0 49.0 48.0 47.0 46.0 45.0 44.0 43.0 42.0 41.0 40.0 39.0 38.0 37.0 36.0 35.0 34.0 33.0 32.0 31.0 30.0 29.0 28.0 27.0 26.0 25.0 24.0 23.0 22.0 21.0 20.0 19.0 18.0 17.0 16.0 15.0 14.0 13.0 12.0 11.0 10.0 9.0 8.0 7.0 6.0 5.0 4.0 3.0 2.0 1.0 0.0 1.0 2.0 3.0 4.0 5.0 6.0 7.0 8.0 9.0 10.0 11.0 12.0 13.0 14.0 15.0 16.0 17.0 18.0 19.0 20.0 21.0 22.0 23.0 24.0 25.0 26.0 27.0 28.0 29.0 30.0 31.0 32.0 33.0 34.0 35.0 36.0 37.0 38.0 39.0 40.0 41.0 42.0 43.0 44.0 45.0 46.0 47.0 48.0 49.0 50.0 51.0 52.0 53.0 54.0 55.0 56.0 57.0 58.0 59.0 
59.0 60.0 61.0 62.0 63.0 64.0 63.0 62.0 61.0 60.0 59.0 58.0 57.0 56.0 55.0 54.0 53.0 52.0 51.0 50.0 49.0 48.0 47.0 46.0 45.0 44.0 43.0 42.0 41.0 40.0 39.0 38.0 37.0 36.0 35.0 34.0 33.0 32.0 31.0 30.0 29.0 28.0 27.0 26.0 25.0 24.0 23.0 22.0 21.0 20.0 19.0 18.0 17.0 16.0 15.0 14.0 13.0 12.0 11.0 10.0 9.0 8.0 7.0 6.0 5.0 4.0 3.0 2.0 1.0 0.0 1.0 2.0 3.0 4.0 5.0 6.0 7.0 8.0 9.0 10.0 11.0 12.0 13.0 14.0 15.0 16.0 17.0 18.0 19.0 20.0 21.0 22.0 23.0 24.0 25.0 26.0 27.0 28.0 29.0 30.0 31.0 32.0 33.0 34.0 35.0 36.0 37.0 38.0 39.0 40.0 41.0 42.0 43.0 44.0 45.0 46.0 47.0 48.0 49.0 50.0 51.0 52.0 53.0 54.0 55.0 56.0 57.0 58.0 
58.0 59.0 60.0 61.0 62.0 63.0 64.0 63.0 62.0 61.0 60.0 59.0 58.0 57.0 56.0 55.0 54.0 53.0 52.0 51.0 50.0 49.0 48.0 47.0 46.0 45.0 44.0 43.0 42.0 41.0 40.0 39.0 38.0 37.0 36.0 35.0 34.0 33.0 32.0 31.0 30.0 29.0 28.0 27.0 26.0 25.0 24.0 23.0 22.0 21.0 20.0 19.0 18.0 17.0 16.0 15.0 14.0 13.0 12.0 11.0 10.0 9.0 8.0 7.0 6.0 5.0 4.0 3.0 2.0 1.0 0.0 1.0 2.0 3.0 4.0 5.0 6.0 7.0 8.0 9.0 10.0 11.0 12.0 13.0 14.0 15.0 16.0 17.0 18.0 19.0 20.0 21.0 22.0 23.0 24.0 25.0 26.0 27.0 28.0 29.0 30.0 31.0 32.0 33.0 34.0 35.0 36.0 37.0 38.0 39.0 40.0 41.0 42.0 43.0 44.0 45.0 46.0 47.0 48.0 49.0 50.0 51.0 52.0 53.0 54.0 55.0 56.0 57.0 
57.0 58.0 59.0 60.0 61.0 62.0 63.0 64.0 63.0 62.0 61.0 60.0 59.0 58.0 57.0 56.0 55.0 54.0 53.0 52.0 51.0 50.0 49.0 48.0 47.0 46.0 45.0 44.0 43.0 42.0 41.0 40.0 39.0 38.0 37.0 36.0 35.0 34.0 33.0 32.0 31.0 30.0 29.0 28.0 27.0 26.0 25.0 24.0 23.0 22.0 21.0 20.0 19.0 18.0 17.0 16.0 15.0 14.0 13.0 12.0 11.0 10.0 9.0 8.0 7.0 6.0 5.0 4.0 3.0 2.0 1.0 0.0 1.0 2.0 3.0 4.0 5.0 6.0 7.0 8.0 9.0 10.0 11.0 12.0 13.0 14.0 15.0 16.0 17.0 18.0 19.0 20.0 21.0 22.0 23.0 24.0 25.0 26.0 27.0 28.0 29.0 30.0 31.0 32.0 33.0 34.0 35.0 36.0 37.0 38.0 39.0 40.0 41.0 42.0 43.0 44.0 45.0 46.0 47.0 48.0 49.0 50.0 51.0 52.0 53.0 54.0 55.0 56.0 
56.0 57.0 58.0 59.0 60.0 61.0 62.0 63.0 64.0 63.0 62.0 61.0 60.0 59.0 58.0 57.0 56.0 55.0 54.0 53.0 52.0 51.0 50.0 49.0 48.0 47.0 46.0 45.0 44.0 43.0 42.0 41.0 40.0 39.0 38.0 37.0 36.0 35.0 34.0 33.0 32.0 31.0 30.0 29.0 28.0 27.0 26.0 25.0 24.0 23.0 22.0 21.0 20.0 19.0 18.0 17.0 16.0 15.0 14.0 13.0 12.0 11.0 10.0 9.0 8.0 7.0 6.0 5.0 4.0 3.0 2.0 1.0 0.0 1.0 2.0 3.0 4.0 5.0 6.0 7.0 8.0 9.0 10.0 11.0 12.0 13.0 14.0 15.0 16.0 17.0 18.0 19.0 20.0 21.0 22.0 23.0 24.0 25.0 26.0 27.0 28.0 29.0 30.0 31.0 32.0 33.0 34.0 35.0 36.0 37.0 38.0 39.0 40.0 41.0 42.0 43.0 44.0 45.0 46.0 47.0 48.0 49.0 50.0 51.0 52.0 53.0 54.0 55.0 
55.0 56.0 57.0 58.0 59.0 60.0 61.0 62.0 63.0 64.0 63.0 62.0 61.0 60.0 59.0 58.0 57.0 56.0 55.0 54.0 53.0 52.0 51.0 50.0 49.0 48.0 47.0 46.0 45.0 44.0 43.0 42.0 41.0 40.0 39.0 38.0 37.0 36.0 35.0 34.0 33.0 32.0 31.0 30.0 29.0 28.0 27.0 26.0 25.0 24.0 23.0 22.0 21.0 20.0 19.0 18.0 17.0 16.0 15.0 14.0 13.0 12.0 11.0 10.0 9.0 8.0 7.0 6.0 5.0 4.0 3.0 2.0 1.0 0.0 1.0 2.0 3.0 4.0 5.0 6.0 7.0 8.0 9.0 10.0 11.0 12.0 13.0 14.0 15.0 16.0 17.0 18.0 19.0 20.0 21.0 22.0 23.0 24.0 25.0 26.0 27.0 28.0 29.0 30.0 31.0 32.0 33.0 34.0 35.0 36.0 37.0 38.0 39.0 40.0 41.0 42.0 43.0 44.0 45.0 46.0 47.0 48.0 49.0 50.0 51.0 52.0 53.0 54.0 
54.0 55.0 56.0 57.0 58.0 59.0 60.0 61.0 62.0 63.0 64.0 63.0 62.0 61.0 60.0 59.0 58.0 57.0 56.0 55.0 54.0 53.0 52.0 51.0 50.0 49.0 48.0 47.0 46.0 45.0 44.0 43.0 42.0 41.0 40.0 39.0 38.0 37.0 36.0 35.0 34.0 33.0 32.0 31.0 30.0 29.0 28.0 27.0 26.0 25.0 24.0 23.0 22.0 21.0 20.0 19.0 18.0 17.0 16.0 15.0 14.0 13.0 12.0 11.0 10.0 9.0 8.0 7.0 6.0 5.0 4.0 3.0 2.0 1.0 0.0 1.0 2.0 3.0 4.0 5.0 6.0 7.0 8.0 9.0 10.0 11.0 12.0 13.0 14.0 15.0 16.0 17.0 18.0 19.0 20.0 21.0 22.0 23.0 24.0 25.0 26.0 27.0 28.0 29.0 30.0 31.0 32.0 33.0 34.0 35.0 36.0 37.0 38.0 39.0 40.0 41.0 42.0 43.0 44.0 45.0 46.0 47.0 48.0 49.0 50.0 51.0 52.0 53.0 
53.0 54.0 55.0 56.0 57.0 58.0 59.0 60.0 61.0 62.0 63.0 64.0 63.0 62.0 61.0 60.0 59.0 58.0 57.0 56.0 55.0 54.0 53.0 52.0 51.0 50.0 49.0 48.0 47.0 46.0 45.0 44.0 43.0 42.0 41.0 40.0 39.0 38.0 37.0 36.0 35.0 34.0 33.0 32.0 31.0 30.0 29.0 28.0 27.0 26.0 25.0 24.0 23.0 22.0 21.0 20.0 19.0 18.0 17.0 16.0 15.0 14.0 13.0 12.0 11.0 10.0 9.0 8.0 7.0 6.0 5.0 4.0 3.0 2.0 1.0 0.0 1.0 2.0 3.0 4.0 5.0 6.0 7.0 8.0 9.0 10.0 11.0 12.0 13.0 14.0 15.0 16.0 17.0 18.0 19.0 20.0 21.0 22.0 23.0 24.0 25.0 26.0 27.0 28.0 29.0 30.0 31.0 32.0 33.0 34.0 35.0 36.0 37.0 38.0 39.0 40.0 41.0 42.0 43.0 44.0 45.0 46.0 47.0 48.0 49.0 50.0 51.0 52.0 
52.0 53.0 54.0 55.0 56.0 57.0 58.0 59.0 60.0 61.0 62.0 63.0 64.0 63.0 62.0 61.0 60.0 59.0 58.0 57.0 56.0 55.0 54.0 53.0 52.0 51.0 50.0 49.0 48.0 47.0 46.0 45.0 44.0 43.0 42.0 41.0 40.0 39.0 38.0 37.0 36.0 35.0 34.0 33.0 32.0 31.0 30.0 29.0 28.0 27.0 26.0 25.0 24.0 23.0 22.0 21.0 20.0 19.0 18.0 17.0 16.0 15.0 14.0 13.0 12.0 11.0 10.0 9.0 8.0 7.0 6.0 5.0 4.0 3.0 2.0 1.0 0.0 1.0 2.0 3.0 4.0 5.0 6.0 7.0 8.0 9.0 10.0 11.0 12.0 13.0 14.0 15.0 16.0 17.0 18.0 19.0 20.0 21.0 22.0 23.0 24.0 25.0 26.0 27.0 28.0 29.0 30.0 31.0 32.0 33.0 34.0 35.0 36.0 37.0 38.0 39.0 40.0 41.0 42.0 43.0 44.0 45.0 46.0 47.0 48.0 49.0 50.0 51.0 
51.0 52.0 53.0 54.0 55.0 56.0 57.0 58.0 59.0 60.0 61.0 62.0 63.0 64.0 63.0 62.0 61.0 60.0 59.0 58.0 57.0 56.0 55.0 54.0 53.0 52.0 51.0 50.0 49.0 48.0 47.0 46.0 45.0 44.0 43.0 42.0 41.0 40.0 39.0 38.0 37.0 36.0 35.0 34.0 33.0 32.0 31.0 30.0 29.0 28.0 27.0 26.0 25.0 24.0 23.0 22.0 21.0 20.0 19.0 18.0 17.0 16.0 15.0 14.0 13.0 12.0 11.0 10.0 9.0 8.0 7.0 6.0 5.0 4.0 3.0 2.0 1.0 0.0 1.0 2.0 3.0 4.0 5.0 6.0 7.0 8.0 9.0 10.0 11.0 12.0 13.0 14.0 15.0 16.0 17.0 18.0 19.0 20.0 21.0 22.0 23.0 24.0 25.0 26.0 27.0 28.0 29.0 30.0 31.0 32.0 33.0 34.0 35.0 36.0 37.0 38.0 39.0 40.0 41.0 42.0 43.0 44.0 45.0 46.0 47.0 48.0 49.0 50.0 
50.0 51.0 52.0 53.0 54.0 55.0 56.0 57.0 58.0 59.0 60.0 61.0 62.0 63.0 64.0 63.0 62.0 61.0 60.0 59.0 58.0 57.0 56.0 55.0 54.0 53.0 52.0 51.0 50.0 49.0 48.0 47.0 46.0 45.0 44.0 43.0 42.0 41.0 40.0 39.0 38.0 37.0 36.0 35.0 34.0 33.0 32.0 31.0 30.0 29.0 28.0 27.0 26.0 25.0 24.0 23.0 22.0 21.0 20.0 19.0 18.0 17.0 16.0 15.0 14.0 13.0 12.0 11.0 10.0 9.0 8.0 7.0 6.0 5.0 4.0 3.0 2.0 1.0 0.0 1.0 2.0 3.0 4.0 5.0 6.0 7.0 8.0 9.0 10.0 11.0 12.0 13.0 14.0 15.0 16.0 17.0 18.0 19.0 20.0 21.0 22.0 23.0 24.0 25.0 26.0 27.0 28.0 29.0 30.0 31.0 32.0 33.0 34.0 35.0 36.0 37.0 38.0 39.0 40.0 41.0 42.0 43.0 44.0 45.0 46.0 47.0 48.0 49.0 
49.0 50.0 51.0 52.0 53.0 54.0 55.0 56.0 57.0 58.0 59.0 60.0 61.0 62.0 63.0 64.0 63.0 62.0 61.0 60.0 59.0 58.0 57.0 56.0 55.0 54.0 53.0 52.0 51.0 50.0 49.0 48.0 47.0 46.0 45.0 44.0 43.0 42.0 41.0 40.0 39.0 38.0 37.0 36.0 35.0 34.0 33.0 32.0 31.0 30.0 29.0 28.0 27.0 26.0 25.0 24.0 23.0 22.0 21.0 20.0 19.0 18.0 17.0 16.0 15.0 14.0 13.0 12.0 11.0 10.0 9.0 8.0 7.0 6.0 5.0 4.0 3.0 2.0 1.0 0.0 1.0 2.0 3.0 4.0 5.0 6.0 7.0 8.0 9.0 10.0 11.0 12.0 13.0 14.0 15.0 16.0 17.0 18.0 19.0 20.0 21.0 22.0 23.0 24.0 25.0 26.0 27.0 28.0 29.0 30.0 31.0 32.0 33.0 34.0 35.0 36.0 37.0 38.0 39.0 40.0 41.0 42.0 43.0 44.0 45.0 46.0 47.0 48.0 
48.0 49.0 50.0 51.0 52.0 53.0 54.0 55.0 56.0 57.0 58.0 59.0 60.0 61.0 62.0 63.0 64.0 63.0 62.0 61.0 60.0 59.0 58.0 57.0 56.0 55.0 54.0 53.0 52.0 51.0 50.0 49.0 48.0 47.0 46.0 45.0 44.0 43.0 42.0 41.0 40.0 39.0 38.0 37.0 36.0 35.0 34.0 33.0 32.0 31.0 30.0 29.0 28.0 27.0 26.0 25.0 24.0 23.0 22.0 21.0 20.0 19.0 18.0 17.0 16.0 15.0 14.0 13.0 12.0 11.0 10.0 9.0 8.0 7.0 6.0 5.0 4.0 3.0 2.0 1.0 0.0 1.0 2.0 3.0 4.0 5.0 6.0 7.0 8.0 9.0 10.0 11.0 12.0 13.0 14.0 15.0 16.0 17.0 18.0 19.0 20.0 21.0 22.0 23.0 24.0 25.0 26.0 27.0 28.0 29.0 30.0 31.0 32.0 33.0 34.0 35.0 36.0 37.0 38.0 39.0 40.0 41.0 42.0 43.0 44.0 45.0 46.0 47.0 
47.0 48.0 49.0 50.0 51.0 52.0 53.0 54.0 55.0 56.0 57.0 58.0 59.0 60.0 61.0 62.0 63.0 64.0 63.0 62.0 61.0 60.0 59.0 58.0 57.0 56.0 55.0 54.0 53.0 52.0 51.0 50.0 49.0 48.0 47.0 46.0 45.0 44.0 43.0 42.0 41.0 40.0 39.0 38.0 37.0 36.0 35.0 34.0 33.0 32.0 31.0 30.0 29.0 28.0 27.0 26.0 25.0 24.0 23.0 22.0 21.0 20.0 19.0 18.0 17.0 16.0 15.0 14.0 13.0 12.0 11.0 10.0 9.0 8.0 7.0 6.0 5.0 4.0 3.0 2.0 1.0 0.0 1.0 2.0 3.0 4.0 5.0 6.0 7.0 8.0 9.0 10.0 11.0 12.0 13.0 14.0 15.0 16.0 17.0 18.0 19.0 20.0 21.0 22.0 23.0 24.0 25.0 26.0 27.0 28.0 29.0 30.0 31.0 32.0 33.0 34.0 35.0 36.0 37.0 38.0 39.0 40.0 41.0 42.0 43.0 44.0 45.0 46.0 
46.0 47.0 48.0 49.0 50.0 51.0 52.0 53.0 54.0 55.0 56.0 57.0 58.0 59.0 60.0 61.0 62.0 63.0 64.0 63.0 62.0 61.0 60.0 59.0 58.0 57.0 56.0 55.0 54.0 53.0 52.0 51.0 50.0 49.0 48.0 47.0 46.0 45.0 44.0 43.0 42.0 41.0 40.0 39.0 38.0 37.0 36.0 35.0 34.0 33.0 32.0 31.0 30.0 29.0 28.0 27.0 26.0 25.0 24.0 23.0 22.0 21.0 20.0 19.0 18.0 17.0 16.0 15.0 14.0 13.0 12.0 11.0 10.0 9.0 8.0 7.0 6.0 5.0 4.0 3.0 2.0 1.0 0.0 1.0 2.0 3.0 4.0 5.0 6.0 7.0 8.0 9.0 10.0 11.0 12.0 13.0 14.0 15.0 16.0 17.0 18.0 19.0 20.0 21.0 22.0 23.0 24.0 25.0 26.0 27.0 28.0 29.0 30.0 31.0 32.0 33.0 34.0 35.0 36.0 37.0 38.0 39.0 40.0 41.0 42.0 43.0 44.0 45.0 
45.0 46.0 47.0 48.0 49.0 50.0 51.0 52.0 53.0 54.0 55.0 56.0 57.0 58.0 59.0 60.0 61.0 62.0 63.0 64.0 63.0 62.0 61.0 60.0 59.0 58.0 57.0 56.0 55.0 54.0 53.0 52.0 51.0 50.0 49.0 48.0 47.0 46.0 45.0 44.0 43.0 42.0 41.0 40.0 39.0 38.0 37.0 36.0 35.0 34.0 33.0 32.0 31.0 30.0 29.0 28.0 27.0 26.0 25.0 24.0 23.0 22.0 21.0 20.0 19.0 18.0 17.0 16.0 15.0 14.0 13.0 12.0 11.0 10.0 9.0 8.0 7.0 6.0 5.0 4.0 3.0 2.0 1.0 0.0 1.0 2.0 3.0 4.0 5.0 6.0 7.0 8.0 9.0 10.0 11.0 12.0 13.0 14.0 15.0 16.0 17.0 18.0 19.0 20.0 21.0 22.0 23.0 24.0 25.0 26.0 27.0 28.0 29.0 30.0 31.0 32.0 33.0 34.0 35.0 36.0 37.0 38.0 39.0 40.0 41.0 42.0 43.0 44.0 
44.0 45.0 46.0 47.0 48.0 49.0 50.0 51.0 52.0 53.0 54.0 55.0 56.0 57.0 58.0 59.0 60.0 61.0 62.0 63.0 64.0 63.0 62.0 61.0 60.0 59.0 58.0 57.0 56.0 55.0 54.0 53.0 52.0 51.0 50.0 49.0 48.0 47.0 46.0 45.0 44.0 43.0 42.0 41.0 40.0 39.0 38.0 37.0 36.0 35.0 34.0 33.0 32.0 31.0 30.0 29.0 28.0 27.0 26.0 25.0 24.0 23.0 22.0 21.0 20.0 19.0 18.0 17.0 16.0 15.0 14.0 13.0 12.0 11.0 10.0 9.0 8.0 7.0 6.0 5.0 4.0 3.0 2.0 1.0 0.0 1.0 2.0 3.0 4.0 5.0 6.0 7.0 8.0 9.0 10.0 11.0 12.0 13.0 14.0 15.0 16.0 17.0 18.0 19.0 20.0 21.0 22.0 23.0 24.0 25.0 26.0 27.0 28.0 29.0 30.0 31.0 32.0 33.0 34.0 35.0 36.0 37.0 38.0 39.0 40.0 41.0 42.0 43.0 
43.0 44.0 45.0 46.0 47.0 48.0 49.0 50.0 51.0 52.0 53.0 54.0 55.0 56.0 57.0 58.0 59.0 60.0 61.0 62.0 63.0 64.0 63.0 62.0 61.0 60.0 59.0 58.0 57.0 56.0 55.0 54.0 53.0 52.0 51.0 50.0 49.0 48.0 47.0 46.0 45.0 44.0 43.0 42.0 41.0 40.0 39.0 38.0 37.0 36.0 35.0 34.0 33.0 32.0 31.0 30.0 29.0 28.0 27.0 26.0 25.0 24.0 23.0 22.0 21.0 20.0 19.0 18.0 17.0 16.0 15.0 14.0 13.0 12.0 11.0 10.0 9.0 8.0 7.0 6.0 5.0 4.0 3.0 2.0 1.0 0.0 1.0 2.0 3.0 4.0 5.0 6.0 7.0 8.0 9.0 10.0 11.0 12.0 13.0 14.0 15.0 16.0 17.0 18.0 19.0 20.0 21.0 22.0 23.0 24.0 25.0 26.0 27.0 28.0 29.0 30.0 31.0 32.0 33.0 34.0 35.0 36.0 37.0 38.0 39.0 40.0 41.0 42.0 
42.0 43.0 44.0 45.0 46.0 47.0 48.0 49.0 50.0 51.0 52.0 53.0 54.0 55.0 56.0 57.0 58.0 59.0 60.0 61.0 62.0 63.0 64.0 63.0 62.0 61.0 60.0 59.0 58.0 57.0 56.0 55.0 54.0 53.0 52.0 51.0 50.0 49.0 48.0 47.0 46.0 45.0 44.0 43.0 42.0 41.0 40.0 39.0 38.0 37.0 36.0 35.0 34.0 33.0 32.0 31.0 30.0 29.0 28.0 27.0 26.0 25.0 24.0 23.0 22.0 21.0 20.0 19.0 18.0 17.0 16.0 15.0 14.0 13.0 12.0 11.0 10.0 9.0 8.0 7.0 6.0 5.0 4.0 3.0 2.0 1.0 0.0 1.0 2.0 3.0 4.0 5.0 6.0 7.0 8.0 9.0 10.0 11.0 12.0 13.0 14.0 15.0 16.0 17.0 18.0 19.0 20.0 21.0 22.0 23.0 24.0 25.0 26.0 27.0 28.0 29.0 30.0 31.0 32.0 33.0 34.0 35.0 36.0 37.0 38.0 39.0 40.0 41.0 
41.0 42.0 43.0 44.0 45.0 46.0 47.0 48.0 49.0 50.0 51.0 52.0 53.0 54.0 55.0 56.0 57.0 58.0 59.0 60.0 61.0 62.0 63.0 64.0 63.0 62.0 61.0 60.0 59.0 58.0 57.0 56.0 55.0 54.0 53.0 52.0 51.0 50.0 49.0 48.0 47.0 46.0 45.0 44.0 43.0 42.0 41.0 40.0 39.0 38.0 37.0 36.0 35.0 34.0 33.0 32.0 31.0 30.0 29.0 28.0 27.0 26.0 25.0 24.0 23.0 22.0 21.0 20.0 19.0 18.0 17.0 16.0 15.0 14.0 13.0 12.0 11.0 10.0 9.0 8.0 7.0 6.0 5.0 4.0 3.0 2.0 1.0 0.0 1.0 2.0 3.0 4.0 5.0 6.0 7.0 8.0 9.0 10.0 11.0 12.0 13.0 14.0 15.0 16.0 17.0 18.0 19.0 20.0 21.0 22.0 23.0 24.0 25.0 26.0 27.0 28.0 29.0 30.0 31.0 32.0 33.0 34.0 35.0 36.0 37.0 38.0 39.0 40.0 
40.0 41.0 42.0 43.0 44.0 45.0 46.0 47.0 48.0 49.0 50.0 51.0 52.0 53.0 54.0 55.0 56.0 57.0 58.0 59.0 60.0 61.0 62.0 63.0 64.0 63.0 62.0 61.0 60.0 59.0 58.0 57.0 56.0 55.0 54.0 53.0 52.0 51.0 50.0 49.0 48.0 47.0 46.0 45.0 44.0 43.0 42.0 41.0 40.0 39.0 38.0 37.0 36.0 35.0 34.0 33.0 32.0 31.0 30.0 29.0 28.0 27.0 26.0 25.0 24.0 23.0 22.0 21.0 20.0 19.0 18.0 17.0 16.0 15.0 14.0 13.0 12.0 11.0 10.0 9.0 8.0 7.0 6.0 5.0 4.0 3.0 2.0 1.0 0.0 1.0 2.0 3.0 4.0 5.0 6.0 7.0 8.0 9.0 10.0 11.0 12.0 13.0 14.0 15.0 16.0 17.0 18.0 19.0 20.0 21.0 22.0 23.0 24.0 25.0 26.0 27.0 28.0 29.0 30.0 31.0 32.0 33.0 34.0 35.0 36.0 37.0 38.0 39.0 
39.0 40.0 41.0 42.0 43.0 44.0 45.0 46.0 47.0 48.0 49.0 50.0 51.0 52.0 53.0 54.0 55.0 56.0 57.0 58.0 59.0 60.0 61.0 62.0 63.0 64.0 63.0 62.0 61.0 60.0 59.0 58.0 57.0 56.0 55.0 54.0 53.0 52.0 51.0 50.0 49.0 48.0 47.0 46.0 45.0 44.0 43.0 42.0 41.0 40.0 39.0 38.0 37.0 36.0 35.0 34.0 33.0 32.0 31.0 30.0 29.0 28.0 27.0 26.0 25.0 24.0 23.0 22.0 21.0 20.0 19.0 18.0 17.0 16.0 15.0 14.0 13.0 12.0 11.0 10.0 9.0 8.0 7.0 6.0 5.0 4.0 3.0 2.0 1.0 0.0 1.0 2.0 3.0 4.0 5.0 6.0 7.0 8.0 9.0 10.0 11.0 12.0 13.0 14.0 15.0 16.0 17.0 18.0 19.0 20.0 21.0 22.0 23.0 24.0 25.0 26.0 27.0 28.0 29.0 30.0 31.0 32.0 33.0 34.0 35.0 36.0 37.0 38.0 
38.0 39.0 40.0 41.0 42.0 43.0 44.0 45.0 46.0 47.0 48.0 49.0 50.0 51.0 52.0 53.0 54.0 55.0 56.0 57.0 58.0 59.0 60.0 61.0 62.0 63.0 64.0 63.0 62.0 61.0 60.0 59.0 58.0 57.0 56.0 55.0 54.0 53.0 52.0 51.0 50.0 49.0 48.0 47.0 46.0 45.0 44.0 43.0 42.0 41.0 40.0 39.0 38.0 37.0 36.0 35.0 34.0 33.0 32.0 31.0 30.0 29.0 28.0 27.0 26.0 25.0 24.0 23.0 22.0 21.0 20.0 19.0 18.0 17.0 16.0 15.0 14.0 13.0 12.0 11.0 10.0 9.0 8.0 7.0 6.0 5.0 4.0 3.0 2.0 1.0 0.0 1.0 2.0 3.0 4.0 5.0 6.0 7.0 8.0 9.0 10.0 11.0 12.0 13.0 14.0 15.0 16.0 17.0 18.0 19.0 20.0 21.0 22.0 23.0 24.0 25.0 26.0 27.0 28.0 29.0 30.0 31.0 32.0 33.0 34.0 35.0 36.0 37.0 
37.0 38.0 39.0 40.0 41.0 42.0 43.0 44.0 45.0 46.0 47.0 48.0 49.0 50.0 51.0 52.0 53.0 54.0 55.0 56.0 57.0 58.0 59.0 60.0 61.0 62.0 63.0 64.0 63.0 62.0 61.0 60.0 59.0 58.0 57.0 56.0 55.0 54.0 53.0 52.0 51.0 50.0 49.0 48.0 47.0 46.0 45.0 44.0 43.0 42.0 41.0 40.0 39.0 38.0 37.0 36.0 35.0 34.0 33.0 32.0 31.0 30.0 29.0 28.0 27.0 26.0 25.0 24.0 23.0 22.0 21.0 20.0 19.0 18.0 17.0 16.0 15.0 14.0 13.0 12.0 11.0 10.0 9.0 8.0 7.0 6.0 5.0 4.0 3.0 2.0 1.0 0.0 1.0 2.0 3.0 4.0 5.0 6.0 7.0 8.0 9.0 10.0 11.0 12.0 13.0 14.0 15.0 16.0 17.0 18.0 19.0 20.0 21.0 22.0 23.0 24.0 25.0 26.0 27.0 28.0 29.0 30.0 31.0 32.0 33.0 34.0 35.0 36.0 
36.0 37.0 38.0 39.0 40.0 41.0 42.0 43.0 44.0 45.0 46.0 47.0 48.0 49.0 50.0 51.0 52.0 53.0 54.0 55.0 56.0 57.0 58.0 59.0 60.0 61.0 62.0 63.0 64.0 63.0 62.0 61.0 60.0 59.0 58.0 57.0 56.0 55.0 54.0 53.0 52.0 51.0 50.0 49.0 48.0 47.0 46.0 45.0 44.0 43.0 42.0 41.0 40.0 39.0 38.0 37.0 36.0 35.0 34.0 33.0 32.0 31.0 30.0 29.0 28.0 27.0 26.0 25.0 24.0 23.0 22.0 21.0 20.0 19.0 18.0 17.0 16.0 15.0 14.0 13.0 12.0 11.0 10.0 9.0 8.0 7.0 6.0 5.0 4.0 3.0 2.0 1.0 0.0 1.0 2.0 3.0 4.0 5.0 6.0 7.0 8.0 9.0 10.0 11.0 12.0 13.0 14.0 15.0 16.0 17.0 18.0 19.0 20.0 21.0 22.0 23.0 24.0 25.0 26.0 27.0 28.0 29.0 30.0 31.0 32.0 33.0 34.0 35.0 
35.0 36.0 37.0 38.0 39.0 40.0 41.0 42.0 43.0 44.0 45.0 46.0 47.0 48.0 49.0 50.0 51.0 52.0 53.0 54.0 55.0 56.0 57.0 58.0 59.0 60.0 61.0 62.0 63.0 64.0 63.0 62.0 61.0 60.0 59.0 58.0 57.0 56.0 55.0 54.0 53.0 52.0 51.0 50.0 49.0 48.0 47.0 46.0 45.0 44.0 43.0 42.0 41.0 40.0 39.0 38.0 37.0 36.0 35.0 34.0 33.0 32.0 31.0 30.0 29.0 28.0 27.0 26.0 25.0 24.0 23.0 22.0 21.0 20.0 19.0 18.0 17.0 16.0 15.0 14.0 13.0 12.0 11.0 10.0 9.0 8.0 7.0 6.0 5.0 4.0 3.0 2.0 1.0 0.0 1.0 2.0 3.0 4.0 5.0 6.0 7.0 8.0 9.0 10.0 11.0 12.0 13.0 14.0 15.0 16.0 17.0 18.0 19.0 20.0 21.0 22.0 23.0 24.0 25.0 26.0 27.0 28.0 29.0 30.0 31.0 32.0 33.0 34.0 
34.0 35.0 36.0 37.0 38.0 39.0 40.0 41.0 42.0 43.0 44.0 45.0 46.0 47.0 48.0 49.0 50.0 51.0 52.0 53.0 54.0 55.0 56.0 57.0 58.0 59.0 60.0 61.0 62.0 63.0 64.0 63.0 62.0 61.0 60.0 59.0 58.0 57.0 56.0 55.0 54.0 53.0 52.0 51.0 50.0 49.0 48.0 47.0 46.0 45.0 44.0 43.0 42.0 41.0 40.0 39.0 38.0 37.0 36.0 35.0 34.0 33.0 32.0 31.0 30.0 29.0 28.0 27.0 26.0 25.0 24.0 23.0 22.0 21.0 20.0 19.0 18.0 17.0 16.0 15.0 14.0 13.0 12.0 11.0 10.0 9.0 8.0 7.0 6.0 5.0 4.0 3.0 2.0 1.0 0.0 1.0 2.0 3.0 4.0 5.0 6.0 7.0 8.0 9.0 10.0 11.0 12.0 13.0 14.0 15.0 16.0 17.0 18.0 19.0 20.0 21.0 22.0 23.0 24.0 25.0 26.0 27.0 28.0 29.0 30.0 31.0 32.0 33.0 
33.0 34.0 35.0 36.0 37.0 38.0 39.0 40.0 41.0 42.0 43.0 44.0 45.0 46.0 47.0 48.0 49.0 50.0 51.0 52.0 53.0 54.0 55.0 56.0 57.0 58.0 59.0 60.0 61.0 62.0 63.0 64.0 63.0 62.0 61.0 60.0 59.0 58.0 57.0 56.0 55.0 54.0 53.0 52.0 51.0 50.0 49.0 48.0 47.0 46.0 45.0 44.0 43.0 42.0 41.0 40.0 39.0 38.0 37.0 36.0 35.0 34.0 33.0 32.0 31.0 30.0 29.0 28.0 27.0 26.0 25.0 24.0 23.0 22.0 21.0 20.0 19.0 18.0 17.0 16.0 15.0 14.0 13.0 12.0 11.0 10.0 9.0 8.0 7.0 6.0 5.0 4.0 3.0 2.0 1.0 0.0 1.0 2.0 3.0 4.0 5.0 6.0 7.0 8.0 9.0 10.0 11.0 12.0 13.0 14.0 15.0 16.0 17.0 18.0 19.0 20.0 21.0 22.0 23.0 24.0 25.0 26.0 27.0 28.0 29.0 30.0 31.0 32.0 
32.0 33.0 34.0 35.0 36.0 37.0 38.0 39.0 40.0 41.0 42.0 43.0 44.0 45.0 46.0 47.0 48.0 49.0 50.0 51.0 52.0 53.0 54.0 55.0 56.0 57.0 58.0 59.0 60.0 61.0 62.0 63.0 64.0 63.0 62.0 61.0 60.0 59.0 58.0 57.0 56.0 55.0 54.0 53.0 52.0 51.0 50.0 49.0 48.0 47.0 46.0 45.0 44.0 43.0 42.0 41.0 40.0 39.0 38.0 37.0 36.0 35.0 34.0 33.0 32.0 31.0 30.0 29.0 28.0 27.0 26.0 25.0 24.0 23.0 22.0 21.0 20.0 19.0 18.0 17.0 16.0 15.0 14.0 13.0 12.0 11.0 10.0 9.0 8.0 7.0 6.0 5.0 4.0 3.0 2.0 1.0 0.0 1.0 2.0 3.0 4.0 5.0 6.0 7.0 8.0 9.0 10.0 11.0 12.0 13.0 14.0 15.0 16.0 17.0 18.0 19.0 20.0 21.0 22.0 23.0 24.0 25.0 26.0 27.0 28.0 29.0 30.0 31.0 
31.0 32.0 33.0 34.0 35.0 36.0 37.0 38.0 39.0 40.0 41.0 42.0 43.0 44.0 45.0 46.0 47.0 48.0 49.0 50.0 51.0 52.0 53.0 54.0 55.0 56.0 57.0 58.0 59.0 60.0 61.0 62.0 63.0 64.0 63.0 62.0 61.0 60.0 59.0 58.0 57.0 56.0 55.0 54.0 53.0 52.0 51.0 50.0 49.0 48.0 47.0 46.0 45.0 44.0 43.0 42.0 41.0 40.0 39.0 38.0 37.0 36.0 35.0 34.0 33.0 32.0 31.0 30.0 29.0 28.0 27.0 26.0 25.0 24.0 23.0 22.0 21.0 20.0 19.0 18.0 17.0 16.0 15.0 14.0 13.0 12.0 11.0 10.0 9.0 8.0 7.0 6.0 5.0 4.0 3.0 2.0 1.0 0.0 1.0 2.0 3.0 4.0 5.0 6.0 7.0 8.0 9.0 10.0 11.0 12.0 13.0 14.0 15.0 16.0 17.0 18.0 19.0 20.0 21.0 22.0 23.0 24.0 25.0 26.0 27.0 28.0 29.0 30.0 
30.0 31.0 32.0 33.0 34.0 35.0 36.0 37.0 38.0 39.0 40.0 41.0 42.0 43.0 44.0 45.0 46.0 47.0 48.0 49.0 50.0 51.0 52.0 53.0 54.0 55.0 56.0 57.0 58.0 59.0 60.0 61.0 62.0 63.0 64.0 63.0 62.0 61.0 60.0 59.0 58.0 57.0 56.0 55.0 54.0 53.0 52.0 51.0 50.0 49.0 48.0 47.0 46.0 45.0 44.0 43.0 42.0 41.0 40.0 39.0 38.0 37.0 36.0 35.0 34.0 33.0 32.0 31.0 30.0 29.0 28.0 27.0 26.0 25.0 24.0 23.0 22.0 21.0 20.0 19.0 18.0 17.0 16.0 15.0 14.0 13.0 12.0 11.0 10.0 9.0 8.0 7.0 6.0 5.0 4.0 3.0 2.0 1.0 0.0 1.0 2.0 3.0 4.0 5.0 6.0 7.0 8.0 9.0 10.0 11.0 12.0 13.0 14.0 15.0 16.0 17.0 18.0 19.0 20.0 21.0 22.0 23.0 24.0 25.0 26.0 27.0 28.0 29.0 
29.0 30.0 31.0 32.0 33.0 34.0 35.0 36.0 37.0 38.0 39.0 40.0 41.0 42.0 43.0 44.0 45.0 46.0 47.0 48.0 49.0 50.0 51.0 52.0 53.0 54.0 55.0 56.0 57.0 58.0 59.0 60.0 61.0 62.0 63.0 64.0 63.0 62.0 61.0 60.0 59.0 58.0 57.0 56.0 55.0 54.0 53.0 52.0 51.0 50.0 49.0 48.0 47.0 46.0 45.0 44.0 43.0 42.0 41.0 40.0 39.0 38.0 37.0 36.0 35.0 34.0 33.0 32.0 31.0 30.0 29.0 28.0 27.0 26.0 25.0 24.0 23.0 22.0 21.0 20.0 19.0 18.0 17.0 16.0 15.0 14.0 13.0 12.0 11.0 10.0 9.0 8.0 7.0 6.0 5.0 4.0 3.0 2.0 1.0 0.0 1.0 2.0 3.0 4.0 5.0 6.0 7.0 8.0 9.0 10.0 11.0 12.0 13.0 14.0 15.0 16.0 17.0 18.0 19.0 20.0 21.0 22.0 23.0 24.0 25.0 26.0 27.0 28.0 
28.0 29.0 30.0 31.0 32.0 33.0 34.0 35.0 36.0 37.0 38.0 39.0 40.0 41.0 42.0 43.0 44.0 45.0 46.0 47.0 48.0 49.0 50.0 51.0 52.0 53.0 54.0 55.0 56.0 57.0 58.0 59.0 60.0 61.0 62.0 63.0 64.0 63.0 62.0 61.0 60.0 59.0 58.0 57.0 56.0 55.0 54.0 53.0 52.0 51.0 50.0 49.0 48.0 47.0 46.0 45.0 44.0 43.0 42.0 41.0 40.0 39.0 38.0 37.0 36.0 35.0 34.0 33.0 32.0 31.0 30.0 29.0 28.0 27.0 26.0 25.0 24.0 23.0 22.0 21.0 20.0 19.0 18.0 17.0 16.0 15.0 14.0 13.0 12.0 11.0 10.0 9.0 8.0 7.0 6.0 5.0 4.0 3.0 2.0 1.0 0.0 1.0 2.0 3.0 4.0 5.0 6.0 7.0 8.0 9.0 10.0 11.0 12.0 13.0 14.0 15.0 16.0 17.0 18.0 19.0 20.0 21.0 22.0 23.0 24.0 25.0 26.0 27.0 
27.0 28.0 29.0 30.0 31.0 32.0 33.0 34.0 35.0 36.0 37.0 38.0 39.0 40.0 41.0 42.0 43.0 44.0 45.0 46.0 47.0 48.0 49.0 50.0 51.0 52.0 53.0 54.0 55.0 56.0 57.0 58.0 59.0 60.0 61.0 62.0 63.0 64.0 63.0 62.0 61.0 60.0 59.0 58.0 57.0 56.0 55.0 54.0 53.0 52.0 51.0 50.0 49.0 48.0 47.0 46.0 45.0 44.0 43.0 42.0 41.0 40.0 39.0 38.0 37.0 36.0 35.0 34.0 33.0 32.0 31.0 30.0 29.0 28.0 27.0 26.0 25.0 24.0 23.0 22.0 21.0 20.0 19.0 18.0 17.0 16.0 15.0 14.0 13.0 12.0 11.0 10.0 9.0 8.0 7.0 6.0 5.0 4.0 3.0 2.0 1.0 0.0 1.0 2.0 3.0 4.0 5.0 6.0 7.0 8.0 9.0 10.0 11.0 12.0 13.0 14.0 15.0 16.0 17.0 18.0 19.0 20.0 21.0 22.0 23.0 24.0 25.0 26.0 
26.0 27.0 28.0 29.0 30.0 31.0 32.0 33.0 34.0 35.0 36.0 37.0 38.0 39.0 40.0 41.0 42.0 43.0 44.0 45.0 46.0 47.0 48.0 49.0 50.0 51.0 52.0 53.0 54.0 55.0 56.0 57.0 58.0 59.0 60.0 61.0 62.0 63.0 64.0 63.0 62.0 61.0 60.0 59.0 58.0 57.0 56.0 55.0 54.0 53.0 52.0 51.0 50.0 49.0 48.0 47.0 46.0 45.0 44.0 43.0 42.0 41.0 40.0 39.0 38.0 37.0 36.0 35.0 34.0 33.0 32.0 31.0 30.0 29.0 28.0 27.0 26.0 25.0 24.0 23.0 22.0 21.0 20.0 19.0 18.0 17.0 16.0 15.0 14.0 13.0 12.0 11.0 10.0 9.0 8.0 7.0 6.0 5.0 4.0 3.0 2.0 1.0 0.0 1.0 2.0 3.0 4.0 5.0 6.0 7.0 8.0 9.0 10.0 11.0 12.0 13.0 14.0 15.0 16.0 17.0 18.0 19.0 20.0 21.0 22.0 23.0 24.0 25.0 
25.0 26.0 27.0 28.0 29.0 30.0 31.0 32.0 33.0 34.0 35.0 36.0 37.0 38.0 39.0 40.0 41.0 42.0 43.0 44.0 45.0 46.0 47.0 48.0 49.0 50.0 51.0 52.0 53.0 54.0 55.0 56.0 57.0 58.0 59.0 60.0 61.0 62.0 63.0 64.0 63.0 62.0 61.0 60.0 59.0 58.0 57.0 56.0 55.0 54.0 53.0 52.0 51.0 50.0 49.0 48.0 47.0 46.0 45.0 44.0 43.0 42.0 41.0 40.0 39.0 38.0 37.0 36.0 35.0 34.0 33.0 32.0 31.0 30.0 29.0 28.0 27.0 26.0 25.0 24.0 23.0 22.0 21.0 20.0 19.0 18.0 17.0 16.0 15.0 14.0 13.0 12.0 11.0 10.0 9.0 8.0 7.0 6.0 5.0 4.0 3.0 2.0 1.0 0.0 1.0 2.0 3.0 4.0 5.0 6.0 7.0 8.0 9.0 10.0 11.0 12.0 13.0 14.0 15.0 16.0 17.0 18.0 19.0 20.0 21.0 22.0 23.0 24.0 
24.0 25.0 26.0 27.0 28.0 29.0 30.0 31.0 32.0 33.0 34.0 35.0 36.0 37.0 38.0 39.0 40.0 41.0 42.0 43.0 44.0 45.0 46.0 47.0 48.0 49.0 50.0 51.0 52.0 53.0 54.0 55.0 56.0 57.0 58.0 59.0 60.0 61.0 62.0 63.0 64.0 63.0 62.0 61.0 60.0 59.0 58.0 57.0 56.0 55.0 54.0 53.0 52.0 51.0 50.0 49.0 48.0 47.0 46.0 45.0 44.0 43.0 42.0 41.0 40.0 39.0 38.0 37.0 36.0 35.0 34.0 33.0 32.0 31.0 30.0 29.0 28.0 27.0 26.0 25.0 24.0 23.0 22.0 21.0 20.0 19.0 18.0 17.0 16.0 15.0 14.0 13.0 12.0 11.0 10.0 9.0 8.0 7.0 6.0 5.0 4.0 3.0 2.0 1.0 0.0 1.0 2.0 3.0 4.0 5.0 6.0 7.0 8.0 9.0 10.0 11.0 12.0 13.0 14.0 15.0 16.0 17.0 18.0 19.0 20.0 21.0 22.0 23.0 
23.0 24.0 25.0 26.0 27.0 28.0 29.0 30.0 31.0 32.0 33.0 34.0 35.0 36.0 37.0 38.0 39.0 40.0 41.0 42.0 43.0 44.0 45.0 46.0 47.0 48.0 49.0 50.0 51.0 52.0 53.0 54.0 55.0 56.0 57.0 58.0 59.0 60.0 61.0 62.0 63.0 64.0 63.0 62.0 61.0 60.0 59.0 58.0 57.0 56.0 55.0 54.0 53.0 52.0 51.0 50.0 49.0 48.0 47.0 46.0 45.0 44.0 43.0 42.0 41.0 40.0 39.0 38.0 37.0 36.0 35.0 34.0 33.0 32.0 31.0 30.0 29.0 28.0 27.0 26.0 25.0 24.0 23.0 22.0 21.0 20.0 19.0 18.0 17.0 16.0 15.0 14.0 13.0 12.0 11.0 10.0 9.0 8.0 7.0 6.0 5.0 4.0 3.0 2.0 1.0 0.0 1.0 2.0 3.0 4.0 5.0 6.0 7.0 8.0 9.0 10.0 11.0 12.0 13.0 14.0 15.0 16.0 17.0 18.0 19.0 20.0 21.0 22.0 
22.0 23.0 24.0 25.0 26.0 27.0 28.0 29.0 30.0 31.0 32.0 33.0 34.0 35.0 36.0 37.0 38.0 39.0 40.0 41.0 42.0 43.0 44.0 45.0 46.0 47.0 48.0 49.0 50.0 51.0 52.0 53.0 54.0 55.0 56.0 57.0 58.0 59.0 60.0 61.0 62.0 63.0 64.0 63.0 62.0 61.0 60.0 59.0 58.0 57.0 56.0 55.0 54.0 53.0 52.0 51.0 50.0 49.0 48.0 47.0 46.0 45.0 44.0 43.0 42.0 41.0 40.0 39.0 38.0 37.0 36.0 35.0 34.0 33.0 32.0 31.0 30.0 29.0 28.0 27.0 26.0 25.0 24.0 23.0 22.0 21.0 20.0 19.0 18.0 17.0 16.0 15.0 14.0 13.0 12.0 11.0 10.0 9.0 8.0 7.0 6.0 5.0 4.0 3.0 2.0 1.0 0.0 1.0 2.0 3.0 4.0 5.0 6.0 7.0 8.0 9.0 10.0 11.0 12.0 13.0 14.0 15.0 16.0 17.0 18.0 19.0 20.0 21.0 
21.0 22.0 23.0 24.0 25.0 26.0 27.0 28.0 29.0 30.0 31.0 32.0 33.0 34.0 35.0 36.0 37.0 38.0 39.0 40.0 41.0 42.0 43.0 44.0 45.0 46.0 47.0 48.0 49.0 50.0 51.0 52.0 53.0 54.0 55.0 56.0 57.0 58.0 59.0 60.0 61.0 62.0 63.0 64.0 63.0 62.0 61.0 60.0 59.0 58.0 57.0 56.0 55.0 54.0 53.0 52.0 51.0 50.0 49.0 48.0 47.0 46.0 45.0 44.0 43.0 42.0 41.0 40.0 39.0 38.0 37.0 36.0 35.0 34.0 33.0 32.0 31.0 30.0 29.0 28.0 27.0 26.0 25.0 24.0 23.0 22.0 21.0 20.0 19.0 18.0 17.0 16.0 15.0 14.0 13.0 12.0 11.0 10.0 9.0 8.0 7.0 6.0 5.0 4.0 3.0 2.0 1.0 0.0 1.0 2.0 3.0 4.0 5.0 6.0 7.0 8.0 9.0 10.0 11.0 12.0 13.0 14.0 15.0 16.0 17.0 18.0 19.0 20.0 
20.0 21.0 22.0 23.0 24.0 25.0 26.0 27.0 28.0 29.0 30.0 31.0 32.0 33.0 34.0 35.0 36.0 37.0 38.0 39.0 40.0 41.0 42.0 43.0 44.0 45.0 46.0 47.0 48.0 49.0 50.0 51.0 52.0 53.0 54.0 55.0 56.0 57.0 58.0 59.0 60.0 61.0 62.0 63.0 64.0 63.0 62.0 61.0 60.0 59.0 58.0 57.0 56.0 55.0 54.0 53.0 52.0 51.0 50.0 49.0 48.0 47.0 46.0 45.0 44.0 43.0 42.0 41.0 40.0 39.0 38.0 37.0 36.0 35.0 34.0 33.0 32.0 31.0 30.0 29.0 28.0 27.0 26.0 25.0 24.0 23.0 22.0 21.0 20.0 19.0 18.0 17.0 16.0 15.0 14.0 13.0 12.0 11.0 10.0 9.0 8.0 7.0 6.0 5.0 4.0 3.0 2.0 1.0 0.0 1.0 2.0 3.0 4.0 5.0 6.0 7.0 8.0 9.0 10.0 11.0 12.0 13.0 14.0 15.0 16.0 17.0 18.0 19.0 
19.0 20.0 21.0 22.0 23.0 24.0 25.0 26.0 27.0 28.0 29.0 30.0 31.0 32.0 33.0 34.0 35.0 36.0 37.0 38.0 39.0 40.0 41.0 42.0 43.0 44.0 45.0 46.0 47.0 48.0 49.0 50.0 51.0 52.0 53.0 54.0 55.0 56.0 57.0 58.0 59.0 60.0 61.0 62.0 63.0 64.0 63.0 62.0 61.0 60.0 59.0 58.0 57.0 56.0 55.0 54.0 53.0 52.0 51.0 50.0 49.0 48.0 47.0 46.0 45.0 44.0 43.0 42.0 41.0 40.0 39.0 38.0 37.0 36.0 35.0 34.0 33.0 32.0 31.0 30.0 29.0 28.0 27.0 26.0 25.0 24.0 23.0 22.0 21.0 20.0 19.0 18.0 17.0 16.0 15.0 14.0 13.0 12.0 11.0 10.0 9.0 8.0 7.0 6.0 5.0 4.0 3.0 2.0 1.0 0.0 1.0 2.0 3.0 4.0 5.0 6.0 7.0 8.0 9.0 10.0 11.0 12.0 13.0 14.0 15.0 16.0 17.0 18.0 
18.0 19.0 20.0 21.0 22.0 23.0 24.0 25.0 26.0 27.0 28.0 29.0 30.0 31.0 32.0 33.0 34.0 35.0 36.0 37.0 38.0 39.0 40.0 41.0 42.0 43.0 44.0 45.0 46.0 47.0 48.0 49.0 50.0 51.0 52.0 53.0 54.0 55.0 56.0 57.0 58.0 59.0 60.0 61.0 62.0 63.0 64.0 63.0 62.0 61.0 60.0 59.0 58.0 57.0 56.0 55.0 54.0 53.0 52.0 51.0 50.0 49.0 48.0 47.0 46.0 45.0 44.0 43.0 42.0 41.0 40.0 39.0 38.0 37.0 36.0 35.0 34.0 33.0 32.0 31.0 30.0 29.0 28.0 27.0 26.0 25.0 24.0 23.0 22.0 21.0 20.0 19.0 18.0 17.0 16.0 15.0 14.0 13.0 12.0 11.0 10.0 9.0 8.0 7.0 6.0 5.0 4.0 3.0 2.0 1.0 0.0 1.0 2.0 3.0 4.0 5.0 6.0 7.0 8.0 9.0 10.0 11.0 12.0 13.0 14.0 15.0 16.0 17.0 
17.0 18.0 19.0 20.0 21.0 22.0 23.0 24.0 25.0 26.0 27.0 28.0 29.0 30.0 31.0 32.0 33.0 34.0 35.0 36.0 37.0 38.0 39.0 40.0 41.0 42.0 43.0 44.0 45.0 46.0 47.0 48.0 49.0 50.0 51.0 52.0 53.0 54.0 55.0 56.0 57.0 58.0 59.0 60.0 61.0 62.0 63.0 64.0 63.0 62.0 61.0 60.0 59.0 58.0 57.0 56.0 55.0 54.0 53.0 52.0 51.0 50.0 49.0 48.0 47.0 46.0 45.0 44.0 43.0 42.0 41.0 40.0 39.0 38.0 37.0 36.0 35.0 34.0 33.0 32.0 31.0 30.0 29.0 28.0 27.0 26.0 25.0 24.0 23.0 22.0 21.0 20.0 19.0 18.0 17.0 16.0 15.0 14.0 13.0 12.0 11.0 10.0 9.0 8.0 7.0 6.0 5.0 4.0 3.0 2.0 1.0 0.0 1.0 2.0 3.0 4.0 5.0 6.0 7.0 8.0 9.0 10.0 11.0 12.0 13.0 14.0 15.0 16.0 
16.0 17.0 18.0 19.0 20.0 21.0 22.0 23.0 24.0 25.0 26.0 27.0 28.0 29.0 30.0 31.0 32.0 33.0 34.0 35.0 36.0 37.0 38.0 39.0 40.0 41.0 42.0 43.0 44.0 45.0 46.0 47.0 48.0 49.0 50.0 51.0 52.0 53.0 54.0 55.0 56.0 57.0 58.0 59.0 60.0 61.0 62.0 63.0 64.0 63.0 62.0 61.0 60.0 59.0 58.0 57.0 56.0 55.0 54.0 53.0 52.0 51.0 50.0 49.0 48.0 47.0 46.0 45.0 44.0 43.0 42.0 41.0 40.0 39.0 38.0 37.0 36.0 35.0 34.0 33.0 32.0 31.0 30.0 29.0 28.0 27.0 26.0 25.0 24.0 23.0 22.0 21.0 20.0 19.0 18.0 17.0 16.0 15.0 14.0 13.0 12.0 11.0 10.0 9.0 8.0 7.0 6.0 5.0 4.0 3.0 2.0 1.0 0.0 1.0 2.0 3.0 4.0 5.0 6.0 7.0 8.0 9.0 10.0 11.0 12.0 13.0 14.0 15.0 
15.0 16.0 17.0 18.0 19.0 20.0 21.0 22.0 23.0 24.0 25.0 26.0 27.0 28.0 29.0 30.0 31.0 32.0 33.0 34.0 35.0 36.0 37.0 38.0 39.0 40.0 41.0 42.0 43.0 44.0 45.0 46.0 47.0 48.0 49.0 50.0 51.0 52.0 53.0 54.0 55.0 56.0 57.0 58.0 59.0 60.0 61.0 62.0 63.0 64.0 63.0 62.0 61.0 60.0 59.0 58.0 57.0 56.0 55.0 54.0 53.0 52.0 51.0 50.0 49.0 48.0 47.0 46.0 45.0 44.0 43.0 42.0 41.0 40.0 39.0 38.0 37.0 36.0 35.0 34.0 33.0 32.0 31.0 30.0 29.0 28.0 27.0 26.0 25.0 24.0 23.0 22.0 21.0 20.0 19.0 18.0 17.0 16.0 15.0 14.0 13.0 12.0 11.0 10.0 9.0 8.0 7.0 6.0 5.0 4.0 3.0 2.0 1.0 0.0 1.0 2.0 3.0 4.0 5.0 6.0 7.0 8.0 9.0 10.0 11.0 12.0 13.0 14.0 
14.0 15.0 16.0 17.0 18.0 19.0 20.0 21.0 22.0 23.0 24.0 25.0 26.0 27.0 28.0 29.0 30.0 31.0 32.0 33.0 34.0 35.0 36.0 37.0 38.0 39.0 40.0 41.0 42.0 43.0 44.0 45.0 46.0 47.0 48.0 49.0 50.0 51.0 52.0 53.0 54.0 55.0 56.0 57.0 58.0 59.0 60.0 61.0 62.0 63.0 64.0 63.0 62.0 61.0 60.0 59.0 58.0 57.0 56.0 55.0 54.0 53.0 52.0 51.0 50.0 49.0 48.0 47.0 46.0 45.0 44.0 43.0 42.0 41.0 40.0 39.0 38.0 37.0 36.0 35.0 34.0 33.0 32.0 31.0 30.0 29.0 28.0 27.0 26.0 25.0 24.0 23.0 22.0 21.0 20.0 19.0 18.0 17.0 16.0 15.0 14.0 13.0 12.0 11.0 10.0 9.0 8.0 7.0 6.0 5.0 4.0 3.0 2.0 1.0 0.0 1.0 2.0 3.0 4.0 5.0 6.0 7.0 8.0 9.0 10.0 11.0 12.0 13.0 
13.0 14.0 15.0 16.0 17.0 18.0 19.0 20.0 21.0 22.0 23.0 24.0 25.0 26.0 27.0 28.0 29.0 30.0 31.0 32.0 33.0 34.0 35.0 36.0 37.0 38.0 39.0 40.0 41.0 42.0 43.0 44.0 45.0 46.0 47.0 48.0 49.0 50.0 51.0 52.0 53.0 54.0 55.0 56.0 57.0 58.0 59.0 60.0 61.0 62.0 63.0 64.0 63.0 62.0 61.0 60.0 59.0 58.0 57.0 56.0 55.0 54.0 53.0 52.0 51.0 50.0 49.0 48.0 47.0 46.0 45.0 44.0 43.0 42.0 41.0 40.0 39.0 38.0 37.0 36.0 35.0 34.0 33.0 32.0 31.0 30.0 29.0 28.0 27.0 26.0 25.0 24.0 23.0 22.0 21.0 20.0 19.0 18.0 17.0 16.0 15.0 14.0 13.0 12.0 11.0 10.0 9.0 8.0 7.0 6.0 5.0 4.0 3.0 2.0 1.0 0.0 1.0 2.0 3.0 4.0 5.0 6.0 7.0 8.0 9.0 10.0 11.0 12.0 
12.0 13.0 14.0 15.0 16.0 17.0 18.0 19.0 20.0 21.0 22.0 23.0 24.0 25.0 26.0 27.0 28.0 29.0 30.0 31.0 32.0 33.0 34.0 35.0 36.0 37.0 38.0 39.0 40.0 41.0 42.0 43.0 44.0 45.0 46.0 47.0 48.0 49.0 50.0 51.0 52.0 53.0 54.0 55.0 56.0 57.0 58.0 59.0 60.0 61.0 62.0 63.0 64.0 63.0 62.0 61.0 60.0 59.0 58.0 57.0 56.0 55.0 54.0 53.0 52.0 51.0 50.0 49.0 48.0 47.0 46.0 45.0 44.0 43.0 42.0 41.0 40.0 39.0 38.0 37.0 36.0 35.0 34.0 33.0 32.0 31.0 30.0 29.0 28.0 27.0 26.0 25.0 24.0 23.0 22.0 21.0 20.0 19.0 18.0 17.0 16.0 15.0 14.0 13.0 12.0 11.0 10.0 9.0 8.0 7.0 6.0 5.0 4.0 3.0 2.0 1.0 0.0 1.0 2.0 3.0 4.0 5.0 6.0 7.0 8.0 9.0 10.0 11.0 
11.0 12.0 13.0 14.0 15.0 16.0 17.0 18.0 19.0 20.0 21.0 22.0 23.0 24.0 25.0 26.0 27.0 28.0 29.0 30.0 31.0 32.0 33.0 34.0 35.0 36.0 37.0 38.0 39.0 40.0 41.0 42.0 43.0 44.0 45.0 46.0 47.0 48.0 49.0 50.0 51.0 52.0 53.0 54.0 55.0 56.0 57.0 58.0 59.0 60.0 61.0 62.0 63.0 64.0 63.0 62.0 61.0 60.0 59.0 58.0 57.0 56.0 55.0 54.0 53.0 52.0 51.0 50.0 49.0 48.0 47.0 46.0 45.0 44.0 43.0 42.0 41.0 40.0 39.0 38.0 37.0 36.0 35.0 34.0 33.0 32.0 31.0 30.0 29.0 28.0 27.0 26.0 25.0 24.0 23.0 22.0 21.0 20.0 19.0 18.0 17.0 16.0 15.0 14.0 13.0 12.0 11.0 10.0 9.0 8.0 7.0 6.0 5.0 4.0 3.0 2.0 1.0 0.0 1.0 2.0 3.0 4.0 5.0 6.0 7.0 8.0 9.0 10.0 
10.0 11.0 12.0 13.0 14.0 15.0 16.0 17.0 18.0 19.0 20.0 21.0 22.0 23.0 24.0 25.0 26.0 27.0 28.0 29.0 30.0 31.0 32.0 33.0 34.0 35.0 36.0 37.0 38.0 39.0 40.0 41.0 42.0 43.0 44.0 45.0 46.0 47.0 48.0 49.0 50.0 51.0 52.0 53.0 54.0 55.0 56.0 57.0 58.0 59.0 60.0 61.0 62.0 63.0 64.0 63.0 62.0 61.0 60.0 59.0 58.0 57.0 56.0 55.0 54.0 53.0 52.0 51.0 50.0 49.0 48.0 47.0 46.0 45.0 44.0 43.0 42.0 41.0 40.0 39.0 38.0 37.0 36.0 35.0 34.0 33.0 32.0 31.0 30.0 29.0 28.0 27.0 26.0 25.0 24.0 23.0 22.0 21.0 20.0 19.0 18.0 17.0 16.0 15.0 14.0 13.0 12.0 11.0 10.0 9.0 8.0 7.0 6.0 5.0 4.0 3.0 2.0 1.0 0.0 1.0 2.0 3.0 4.0 5.0 6.0 7.0 8.0 9.0 
9.0 10.0 11.0 12.0 13.0 14.0 15.0 16.0 17.0 18.0 19.0 20.0 21.0 22.0 23.0 24.0 25.0 26.0 27.0 28.0 29.0 30.0 31.0 32.0 33.0 34.0 35.0 36.0 37.0 38.0 39.0 40.0 41.0 42.0 43.0 44.0 45.0 46.0 47.0 48.0 49.0 50.0 51.0 52.0 53.0 54.0 55.0 56.0 57.0 58.0 59.0 60.0 61.0 62.0 63.0 64.0 63.0 62.0 61.0 60.0 59.0 58.0 57.0 56.0 55.0 54.0 53.0 52.0 51.0 50.0 49.0 48.0 47.0 46.0 45.0 44.0 43.0 42.0 41.0 40.0 39.0 38.0 37.0 36.0 35.0 34.0 33.0 32.0 31.0 30.0 29.0 28.0 27.0 26.0 25.0 24.0 23.0 22.0 21.0 20.0 19.0 18.0 17.0 16.0 15.0 14.0 13.0 12.0 11.0 10.0 9.0 8.0 7.0 6.0 5.0 4.0 3.0 2.0 1.0 0.0 1.0 2.0 3.0 4.0 5.0 6.0 7.0 8.0 
8.0 9.0 10.0 11.0 12.0 13.0 14.0 15.0 16.0 17.0 18.0 19.0 20.0 21.0 22.0 23.0 24.0 25.0 26.0 27.0 28.0 29.0 30.0 31.0 32.0 33.0 34.0 35.0 36.0 37.0 38.0 39.0 40.0 41.0 42.0 43.0 44.0 45.0 46.0 47.0 48.0 49.0 50.0 51.0 52.0 53.0 54.0 55.0 56.0 57.0 58.0 59.0 60.0 61.0 62.0 63.0 64.0 63.0 62.0 61.0 60.0 59.0 58.0 57.0 56.0 55.0 54.0 53.0 52.0 51.0 50.0 49.0 48.0 47.0 46.0 45.0 44.0 43.0 42.0 41.0 40.0 39.0 38.0 37.0 36.0 35.0 34.0 33.0 32.0 31.0 30.0 29.0 28.0 27.0 26.0 25.0 24.0 23.0 22.0 21.0 20.0 19.0 18.0 17.0 16.0 15.0 14.0 13.0 12.0 11.0 10.0 9.0 8.0 7.0 6.0 5.0 4.0 3.0 2.0 1.0 0.0 1.0 2.0 3.0 4.0 5.0 6.0 7.0 
7.0 8.0 9.0 10.0 11.0 12.0 13.0 14.0 15.0 16.0 17.0 18.0 19.0 20.0 21.0 22.0 23.0 24.0 25.0 26.0 27.0 28.0 29.0 30.0 31.0 32.0 33.0 34.0 35.0 36.0 37.0 38.0 39.0 40.0 41.0 42.0 43.0 44.0 45.0 46.0 47.0 48.0 49.0 50.0 51.0 52.0 53.0 54.0 55.0 56.0 57.0 58.0 59.0 60.0 61.0 62.0 63.0 64.0 63.0 62.0 61.0 60.0 59.0 58.0 57.0 56.0 55.0 54.0 53.0 52.0 51.0 50.0 49.0 48.0 47.0 46.0 45.0 44.0 43.0 42.0 41.0 40.0 39.0 38.0 37.0 36.0 35.0 34.0 33.0 32.0 31.0 30.0 29.0 28.0 27.0 26.0 25.0 24.0 23.0 22.0 21.0 20.0 19.0 18.0 17.0 16.0 15.0 14.0 13.0 12.0 11.0 10.0 9.0 8.0 7.0 6.0 5.0 4.0 3.0 2.0 1.0 0.0 1.0 2.0 3.0 4.0 5.0 6.0 
6.0 7.0 8.0 9.0 10.0 11.0 12.0 13.0 14.0 15.0 16.0 17.0 18.0 19.0 20.0 21.0 22.0 23.0 24.0 25.0 26.0 27.0 28.0 29.0 30.0 31.0 32.0 33.0 34.0 35.0 36.0 37.0 38.0 39.0 40.0 41.0 42.0 43.0 44.0 45.0 46.0 47.0 48.0 49.0 50.0 51.0 52.0 53.0 54.0 55.0 56.0 57.0 58.0 59.0 60.0 61.0 62.0 63.0 64.0 63.0 62.0 61.0 60.0 59.0 58.0 57.0 56.0 55.0 54.0 53.0 52.0 51.0 50.0 49.0 48.0 47.0 46.0 45.0 44.0 43.0 42.0 41.0 40.0 39.0 38.0 37.0 36.0 35.0 34.0 33.0 32.0 31.0 30.0 29.0 28.0 27.0 26.0 25.0 24.0 23.0 22.0 21.0 20.0 19.0 18.0 17.0 16.0 15.0 14.0 13.0 12.0 11.0 10.0 9.0 8.0 7.0 6.0 5.0 4.0 3.0 2.0 1.0 0.0 1.0 2.0 3.0 4.0 5.0 
5.0 6.0 7.0 8.0 9.0 10.0 11.0 12.0 13.0 14.0 15.0 16.0 17.0 18.0 19.0 20.0 21.0 22.0 23.0 24.0 25.0 26.0 27.0 28.0 29.0 30.0 31.0 32.0 33.0 34.0 35.0 36.0 37.0 38.0 39.0 40.0 41.0 42.0 43.0 44.0 45.0 46.0 47.0 48.0 49.0 50.0 51.0 52.0 53.0 54.0 55.0 56.0 57.0 58.0 59.0 60.0 61.0 62.0 63.0 64.0 63.0 62.0 61.0 60.0 59.0 58.0 57.0 56.0 55.0 54.0 53.0 52.0 51.0 50.0 49.0 48.0 47.0 46.0 45.0 44.0 43.0 42.0 41.0 40.0 39.0 38.0 37.0 36.0 35.0 34.0 33.0 32.0 31.0 30.0 29.0 28.0 27.0 26.0 25.0 24.0 23.0 22.0 21.0 20.0 19.0 18.0 17.0 16.0 15.0 14.0 13.0 12.0 11.0 10.0 9.0 8.0 7.0 6.0 5.0 4.0 3.0 2.0 1.0 0.0 1.0 2.0 3.0 4.0 
4.0 5.0 6.0 7.0 8.0 9.0 10.0 11.0 12.0 13.0 14.0 15.0 16.0 17.0 18.0 19.0 20.0 21.0 22.0 23.0 24.0 25.0 26.0 27.0 28.0 29.0 30.0 31.0 32.0 33.0 34.0 35.0 36.0 37.0 38.0 39.0 40.0 41.0 42.0 43.0 44.0 45.0 46.0 47.0 48.0 49.0 50.0 51.0 52.0 53.0 54.0 55.0 56.0 57.0 58.0 59.0 60.0 61.0 62.0 63.0 64.0 63.0 62.0 61.0 60.0 59.0 58.0 57.0 56.0 55.0 54.0 53.0 52.0 51.0 50.0 49.0 48.0 47.0 46.0 45.0 44.0 43.0 42.0 41.0 40.0 39.0 38.0 37.0 36.0 35.0 34.0 33.0 32.0 31.0 30.0 29.0 28.0 27.0 26.0 25.0 24.0 23.0 22.0 21.0 20.0 19.0 18.0 17.0 16.0 15.0 14.0 13.0 12.0 11.0 10.0 9.0 8.0 7.0 6.0 5.0 4.0 3.0 2.0 1.0 0.0 1.0 2.0 3.0 
3.0 4.0 5.0 6.0 7.0 8.0 9.0 10.0 11.0 12.0 13.0 14.0 15.0 16.0 17.0 18.0 19.0 20.0 21.0 22.0 23.0 24.0 25.0 26.0 27.0 28.0 29.0 30.0 31.0 32.0 33.0 34.0 35.0 36.0 37.0 38.0 39.0 40.0 41.0 42.0 43.0 44.0 45.0 46.0 47.0 48.0 49.0 50.0 51.0 52.0 53.0 54.0 55.0 56.0 57.0 58.0 59.0 60.0 61.0 62.0 63.0 64.0 63.0 62.0 61.0 60.0 59.0 58.0 57.0 56.0 55.0 54.0 53.0 52.0 51.0 50.0 49.0 48.0 47.0 46.0 45.0 44.0 43.0 42.0 41.0 40.0 39.0 38.0 37.0 36.0 35.0 34.0 33.0 32.0 31.0 30.0 29.0 28.0 27.0 26.0 25.0 24.0 23.0 22.0 21.0 20.0 19.0 18.0 17.0 16.0 15.0 14.0 13.0 12.0 11.0 10.0 9.0 8.0 7.0 6.0 5.0 4.0 3.0 2.0 1.0 0.0 1.0 2.0 
2.0 3.0 4.0 5.0 6.0 7.0 8.0 9.0 10.0 11.0 12.0 13.0 14.0 15.0 16.0 17.0 18.0 19.0 20.0 21.0 22.0 23.0 24.0 25.0 26.0 27.0 28.0 29.0 30.0 31.0 32.0 33.0 34.0 35.0 36.0 37.0 38.0 39.0 40.0 41.0 42.0 43.0 44.0 45.0 46.0 47.0 48.0 49.0 50.0 51.0 52.0 53.0 54.0 55.0 56.0 57.0 58.0 59.0 60.0 61.0 62.0 63.0 64.0 63.0 62.0 61.0 60.0 59.0 58.0 57.0 56.0 55.0 54.0 53.0 52.0 51.0 50.0 49.0 48.0 47.0 46.0 45.0 44.0 43.0 42.0 41.0 40.0 39.0 38.0 37.0 36.0 35.0 34.0 33.0 32.0 31.0 30.0 29.0 28.0 27.0 26.0 25.0 24.0 23.0 22.0 21.0 20.0 19.0 18.0 17.0 16.0 15.0 14.0 13.0 12.0 11.0 10.0 9.0 8.0 7.0 6.0 5.0 4.0 3.0 2.0 1.0 0.0 1.0 
1.0 2.0 3.0 4.0 5.0 6.0 7.0 8.0 9.0 10.0 11.0 12.0 13.0 14.0 15.0 16.0 17.0 18.0 19.0 20.0 21.0 22.0 23.0 24.0 25.0 26.0 27.0 28.0 29.0 30.0 31.0 32.0 33.0 34.0 35.0 36.0 37.0 38.0 39.0 40.0 41.0 42.0 43.0 44.0 45.0 46.0 47.0 48.0 49.0 50.0 51.0 52.0 53.0 54.0 55.0 56.0 57.0 58.0 59.0 60.0 61.0 62.0 63.0 64.0 63.0 62.0 61.0 60.0 59.0 58.0 57.0 56.0 55.0 54.0 53.0 52.0 51.0 50.0 49.0 48.0 47.0 46.0 45.0 44.0 43.0 42.0 41.0 40.0 39.0 38.0 37.0 36.0 35.0 34.0 33.0 32.0 31.0 30.0 29.0 28.0 27.0 26.0 25.0 24.0 23.0 22.0 21.0 20.0 19.0 18.0 17.0 16.0 15.0 14.0 13.0 12.0 11.0 10.0 9.0 8.0 7.0 6.0 5.0 4.0 3.0 2.0 1.0 0.0 