128
38 89 38 49 53 58 5 8 69 89 58 47 22 59 96 74 78 99 60 53 23 52 2 13 48 5 41 51 10 64 63 34 97 13 100 1 39 41 8 55 10 85 45 71 68 72 7 53 76 2 57 9 34 51 69 69 62 61 41 11 59 30 4 98 23 32 77 15 57 23 65 98 7 59 20 77 76 90 42 9 32 5 70 12 26 65 59 48 24 29 84 25 73 42 52 48 79 33 100 2 54 46 71 49 63 18 39 84 97 85 11 19 7 48 40 26 27 99 30 92 72 97 95 56 78 68 26 32 
83 19 96 46 36 21 35 87 48 97 3 87 80 90 72 13 35 49 47 67 90 1 3 46 70 77 41 63 5 54 62 51 81 59 53 8 15 22 15 93 63 17 77 45 82 49 72 55 89 33 10 7 55 28 27 87 22 43 97 18 63 46 96 44 66 16 73 20 24 24 70 50 90 57 93 85 47 64 32 26 33 36 37 72 62 34 41 34 4 14 65 8 100 45 36 9 45 94 64 33 12 95 33 93 85 46 96 69 16 32 56 93 29 7 83 80 45 32 73 75 81 22 17 81 64 68 83 26 
42 47 46 48 9 55 13 72 2 80 10 69 46 21 40 82 37 24 100 77 97 42 21 75 14 20 47 45 38 17 56 78 86 24 40 95 97 36 89 58 83 35 49 78 47 64 100 44 84 62 74 29 44 96 36 54 43 59 88 53 21 26 93 84 40 63 35 35 27 88 62 84 73 26 74 5 86 1 90 40 54 44 29 82 25 78 56 85 21 98 90 61 8 24 26 15 88 15 9 88 55 58 97 5 77 60 12 61 29 45 43 17 40 47 17 13 17 36 37 4 63 89 18 63 68 26 100 41 
55 61 83 89 54 79 37 28 69 84 87 5 12 82 92 88 97 40 45 64 15 4 52 68 39 73 69 48 45 70 89 18 78 49 93 46 48 28 90 24 2 47 75 2 24 91 84 84 70 86 80 43 53 99 7 79 75 68 87 27 46 51 79 6 46 45 64 3 12 92 72 94 85 46 71 85 8 35 13 97 40 68 57 9 18 72 40 26 69 11 29 4 1 13 74 42 81 49 98 34 52 59 52 85 42 6 33 94 15 44 13 80 67 94 3 22 67 70 51 18 39 79 74 14 26 40 2 9 
9 57 27 3 71 69 69 9 41 80 43 12 75 49 27 77 24 87 79 1 30 76 29 66 26 18 61 77 95 53 90 100 85 85 81 31 54 83 31 57 93 59 57 14 94 52 75 20 97 23 13 99 15 94 91 27 69 14 50 90 22 91 49 25 36 29 25 16 13 48 4 15 78 11 86 78 98 3 32 36 63 38 15 69 69 82 74 34 6 90 47 14 83 4 29 4 76 65 3 32 99 9 53 19 3 49 25 71 94 84 6 40 1 73 39 22 73 17 77 92 90 28 68 64 94 35 6 30 
59 31 82 15 6 38 30 71 51 14 11 46 13 72 27 71 15 67 9 9 60 80 81 85 18 82 28 51 14 89 99 67 91 17 18 99 26 94 55 51 21 62 23 28 80 72 70 50 58 51 16 1 45 54 64 16 30 15 55 12 38 4 98 48 84 38 68 73 65 97 63 83 39 63 59 85 75 3 35 54 9 90 24 9 76 82 15 49 32 22 35 11 33 74 73 100 48 16 66 1 39 10 48 35 79 13 37 3 64 15 20 41 4 27 49 79 3 91 89 75 22 51 42 27 69 1 54 44 
11 31 84 98 29 33 30 17 74 30 35 14 20 65 33 28 99 12 68 50 97 74 84 5 95 43 18 76 64 31 100 50 72 75 47 20 17 93 94 94 77 51 94 48 36 19 67 99 71 8 61 66 11 23 74 89 65 13 96 61 70 72 25 3 35 73 33 3 81 5 90 3 74 73 40 18 11 22 52 50 38 48 44 38 30 90 66 40 92 5 36 39 82 32 62 73 23 86 29 91 85 79 85 88 93 21 66 60 2 95 60 13 12 11 40 83 88 61 27 69 68 86 84 50 16 14 72 17 
18 83 87 48 34 96 54 85 28 68 78 5 18 69 78 40 94 1 43 70 20 36 83 77 14 61 9 80 69 54 9 19 7 34 73 84 60 21 19 100 33 74 55 34 78 8 89 18 17 38 82 78 14 50 41 32 29 34 16 22 1 84 47 16 38 19 70 42 65 91 92 24 47 20 10 72 33 1 13 100 85 80 95 48 42 39 73 86 100 16 89 64 27 31 1 58 52 62 31 90 23 10 69 17 24 79 3 58 14 25 94 58 35 57 34 85 42 94 44 89 78 37 70 11 56 85 52 49 
15 41 84 66 37 71 37 12 84 74 79 37 97 99 81 15 74 93 6 54 41 24 73 74 34 24 67 12 32 66 16 70 76 33 57 17 8 89 52 27 66 70 49 13 79 58 96 24 49 93 43 54 63 4 61 70 42 21 98 97 68 42 30 33 88 59 94 45 73 84 29 33 33 89 93 95 40 1 28 33 82 61 23 73 27 22 100 39 57 89 30 62 20 64 77 93 86 97 90 41 15 43 83 42 24 5 7 44 96 10 35 92 62 4 99 52 23 76 48 69 13 17 40 95 78 32 58 23 
62 42 90 10 81 62 59 12 44 81 22 6 56 46 31 53 3 24 96 67 4 9 23 12 29 95 80 18 56 32 48 35 71 88 92 33 39 51 40 35 29 25 6 40 95 22 18 57 99 65 76 17 32 21 58 62 90 24 41 62 1 36 15 75 21 69 87 9 63 87 51 100 47 25 25 69 32 41 59 96 65 69 79 87 31 31 15 100 98 45 51 40 19 81 9 50 7 37 16 99 26 87 38 37 47 86 88 97 21 3 93 96 73 48 13 13 30 10 29 69 39 36 36 88 73 94 29 3 
46 100 34 48 89 77 81 49 16 4 99 8 70 2 28 74 73 22 46 85 96 87 30 30 51 91 68 73 3 35 70 54 45 20 83 88 16 54 26 93 60 41 95 77 79 77 22 45 26 53 85 54 91 76 45 45 7 50 80 71 34 18 47 45 72 23 37 27 7 72 40 43 91 32 93 100 100 11 33 82 23 12 27 40 54 15 84 88 96 17 87 94 65 38 71 87 60 36 71 41 74 79 85 49 15 64 41 87 91 48 74 13 46 31 56 89 78 76 78 49 33 79 78 73 71 85 82 27 
61 35 90 21 60 39 70 99 22 33 73 7 97 89 23 52 94 17 57 96 68 49 87 87 78 46 34 100 4 76 56 72 4 32 43 57 98 5 3 41 93 11 67 87 49 12 12 48 37 12 63 3 43 1 75 13 87 74 77 60 49 68 32 37 12 43 65 58 48 41 12 33 91 33 29 58 13 82 37 82 38 14 66 92 95 67 5 93 94 7 16 6 88 40 84 71 58 15 23 96 57 87 52 50 62 89 73 9 30 39 38 70 47 68 6 10 71 80 57 71 49 32 36 75 61 48 29 6 
76 33 44 88 22 33 57 20 97 36 71 31 43 74 16 11 77 35 79 75 77 78 58 79 40 37 80 21 74 5 88 80 60 85 8 81 21 61 33 54 77 78 32 48 67 12 55 99 69 58 30 73 67 31 19 4 73 5 3 83 45 47 56 98 49 83 70 12 76 58 58 93 34 68 68 20 4 97 39 82 85 86 62 70 81 40 70 29 87 72 27 4 8 42 92 9 47 90 90 42 73 89 74 89 72 53 60 29 75 73 70 18 66 14 89 87 44 22 56 27 16 47 83 57 44 52 17 95 
49 68 56 10 27 38 93 51 90 80 71 51 66 20 77 63 16 64 71 2 54 14 90 8 17 18 20 98 85 66 6 77 40 95 33 96 73 7 38 65 34 29 49 14 53 67 24 28 79 62 54 80 91 47 2 39 61 49 79 14 56 41 13 35 55 33 81 23 49 60 2 17 93 67 84 60 34 60 80 60 99 18 69 16 79 79 65 47 7 70 84 21 26 57 93 36 63 45 70 27 45 70 46 36 2 1 28 47 53 7 95 86 40 2 56 56 73 91 30 75 74 79 32 87 88 93 24 79 
10 85 25 90 7 41 24 77 40 82 47 10 88 72 6 45 88 35 98 13 45 12 79 54 5 99 65 37 69 5 37 3 21 15 2 4 60 16 15 97 5 47 25 62 75 99 91 6 23 86 99 12 100 43 81 18 36 46 21 17 2 38 22 85 43 75 81 33 46 83 31 28 47 63 92 86 61 74 3 40 71 81 96 58 35 86 91 72 16 86 11 2 77 81 86 60 3 34 71 22 4 14 99 66 2 81 77 14 27 57 16 59 23 73 28 26 27 91 24 100 3 15 82 22 73 8 44 8 
97 29 8 62 17 34 59 94 57 42 5 48 19 13 35 1 96 93 21 90 50 31 61 74 12 9 92 11 88 22 52 96 72 32 84 17 24 38 20 84 86 87 75 48 70 4 90 29 71 99 54 93 87 17 68 49 94 99 65 75 25 35 61 19 31 52 79 67 38 88 3 68 36 38 87 53 78 56 76 58 30 35 98 13 3 45 67 3 88 64 47 41 100 62 16 31 23 79 39 40 95 97 80 55 99 88 57 59 68 36 89 76 97 92 23 60 76 43 59 13 34 55 43 85 19 17 90 46 
53 41 59 24 90 34 70 6 43 49 8 26 7 85 23 64 64 65 14 29 80 33 96 46 30 40 90 35 29 69 53 67 53 35 65 8 12 50 39 73 76 30 87 70 41 17 38 50 98 99 85 79 70 51 46 59 38 6 70 72 15 33 97 98 99 77 84 48 89 15 43 91 18 8 87 75 78 34 15 29 16 75 88 31 35 93 14 27 99 15 60 27 36 94 76 30 29 54 21 99 12 90 43 70 53 71 77 9 67 38 81 18 57 71 72 48 29 27 17 92 47 35 75 86 88 41 51 76 
15 28 98 77 55 2 92 77 88 70 23 2 91 99 54 79 27 10 4 23 17 67 89 1 10 17 87 23 68 33 32 2 38 10 33 58 48 48 39 93 29 31 23 86 33 40 24 62 22 81 91 55 66 94 31 94 94 22 60 19 78 32 22 94 23 76 12 69 45 43 52 20 80 78 56 74 51 14 22 58 13 58 47 31 34 65 4 96 81 25 77 93 47 57 35 12 7 18 57 31 2 80 51 49 74 26 56 90 41 26 34 3 81 18 70 55 93 86 32 17 82 76 81 77 31 52 48 28 
20 49 54 46 80 93 70 11 56 58 38 81 65 92 55 8 83 73 70 18 91 95 70 79 30 31 22 44 60 55 26 82 59 54 98 6 84 15 90 84 38 67 13 83 41 47 11 52 26 79 97 16 27 66 99 63 34 30 94 81 39 40 88 51 91 19 98 83 58 3 17 36 94 69 2 70 19 8 18 62 56 54 20 7 74 92 87 99 10 46 38 4 84 99 61 85 32 19 68 90 64 15 61 50 13 52 38 15 56 52 19 68 43 19 83 86 75 44 23 57 76 72 44 58 80 90 34 59 
2 54 77 97 86 4 17 99 23 96 31 85 70 79 92 92 38 34 82 23 98 17 86 84 12 54 18 58 76 40 78 6 57 83 79 96 61 40 52 38 84 19 91 31 72 49 35 81 92 1 9 52 6 88 16 73 92 19 89 57 88 85 78 1 6 92 9 48 24 28 89 27 58 49 11 94 6 25 87 6 45 4 43 22 33 22 4 58 93 78 79 79 78 25 31 88 13 80 100 8 88 57 36 21 17 49 67 34 93 15 88 2 28 71 87 11 4 78 34 55 40 85 69 69 39 48 49 84 
64 42 32 20 16 46 99 79 25 3 81 86 19 9 28 63 88 25 32 83 7 23 58 86 72 46 31 25 32 16 61 67 89 78 22 14 58 1 2 2 36 26 30 62 90 52 87 62 63 82 6 71 11 83 59 2 40 59 40 79 100 62 98 80 49 60 92 12 7 7 82 76 3 35 98 51 2 87 79 3 16 56 76 84 3 48 46 96 32 93 17 42 78 82 14 5 43 93 43 25 18 77 19 87 6 90 80 89 81 10 82 16 24 50 68 2 84 20 51 98 92 34 9 93 21 94 21 82 
17 36 38 79 77 1 55 82 2 41 52 66 17 81 80 1 42 13 65 69 80 90 47 48 94 52 6 23 47 43 57 95 70 53 93 71 34 74 4 4 50 77 81 31 43 8 17 1 38 8 43 52 4 69 42 98 33 10 86 1 33 100 99 49 37 49 21 71 78 62 66 46 86 36 51 10 18 24 31 59 58 90 90 31 79 85 18 17 6 87 15 26 19 67 99 79 87 19 33 25 37 11 48 40 70 58 100 36 92 9 37 91 95 44 28 6 18 21 91 34 46 65 75 77 12 34 23 77 
69 84 15 25 63 49 74 62 90 64 5 9 61 96 6 22 40 63 33 56 40 12 16 81 96 55 7 70 10 9 45 87 57 55 39 45 99 21 22 97 83 2 24 89 25 100 75 10 83 40 40 83 88 37 82 45 61 51 5 7 17 85 16 87 61 77 33 49 20 58 84 75 53 17 67 8 36 57 37 38 42 41 16 67 63 47 83 25 82 13 36 40 92 69 42 8 78 23 13 26 12 43 88 69 75 75 96 23 19 62 42 51 38 2 60 3 92 24 82 1 19 17 16 45 4 80 39 51 
7 48 20 28 52 85 46 68 46 13 60 50 80 32 93 81 64 50 75 2 37 58 62 16 94 70 87 90 44 40 2 2 83 40 36 9 41 86 96 47 39 27 70 57 17 2 64 92 86 67 33 65 60 72 34 24 83 57 51 1 87 30 69 58 50 88 47 82 31 51 97 60 31 4 91 83 38 82 50 54 61 89 43 13 99 48 57 47 50 4 78 79 54 9 40 93 76 30 61 57 1 7 96 96 24 49 78 56 72 92 82 34 20 76 82 8 46 67 20 79 31 9 79 65 14 42 75 92 
64 35 68 86 53 65 49 44 37 76 12 95 28 31 37 76 65 66 100 4 51 41 94 20 23 99 33 30 63 1 41 6 31 93 82 2 51 6 94 20 22 41 6 19 57 9 38 99 43 91 44 83 54 75 93 18 42 68 92 53 15 12 24 46 58 44 10 65 32 46 98 87 14 51 66 77 92 26 79 92 46 37 96 72 20 73 65 32 19 64 13 47 58 76 91 27 42 14 1 62 83 15 47 44 71 79 17 63 7 7 36 86 44 16 35 58 63 1 13 61 77 33 56 83 20 13 17 36 
6 64 73 28 31 51 49 55 61 41 83 9 66 11 76 9 30 10 26 19 71 50 6 26 98 23 3 83 87 35 44 33 69 29 78 18 91 29 32 38 78 50 53 18 57 41 48 57 78 24 69 19 62 48 56 36 95 91 13 78 75 4 51 57 1 48 53 28 78 61 38 20 3 60 37 98 44 61 6 82 63 51 98 52 57 57 47 79 96 99 81 52 5 77 11 65 74 74 3 9 28 74 80 80 59 10 79 1 41 90 26 14 57 56 6 56 52 22 43 68 50 55 74 85 24 74 95 98 
20 16 72 33 87 51 76 6 23 48 70 36 47 81 52 1 39 85 59 49 44 80 50 34 44 25 50 11 70 94 61 10 100 97 19 74 6 35 53 55 73 20 49 18 13 80 54 84 42 54 99 66 85 10 13 85 65 73 46 96 55 40 44 24 45 45 19 85 18 44 75 9 56 4 73 4 52 49 51 69 91 43 48 72 72 69 61 100 56 29 22 79 84 96 49 27 71 15 12 33 11 20 16 25 18 67 96 26 71 21 84 58 96 73 34 28 23 38 24 51 11 15 27 61 39 46 30 66 
19 79 56 14 20 83 88 23 24 29 52 78 27 21 16 31 16 7 25 30 30 13 44 79 49 56 70 84 85 35 26 63 85 35 30 49 28 94 57 4 16 69 5 93 69 59 97 2 38 67 15 70 26 26 2 54 49 35 81 9 4 38 27 79 64 51 73 5 20 13 83 54 74 94 50 38 52 100 6 38 87 25 73 13 45 7 64 46 66 91 24 29 3 28 63 26 53 42 28 19 60 45 68 94 20 78 48 74 72 68 36 15 57 35 71 35 70 30 4 78 82 12 65 38 39 65 96 87 
3 26 57 85 3 12 15 82 2 20 84 57 9 45 82 88 90 13 100 26 70 62 4 33 17 8 21 4 14 79 25 7 40 95 9 55 47 51 27 21 53 57 83 45 43 2 12 59 14 7 12 10 29 83 45 71 74 92 4 5 32 44 7 44 13 23 88 43 49 13 29 58 92 91 18 14 3 94 39 91 38 11 10 10 38 38 15 72 57 16 13 38 47 56 69 74 73 2 60 3 6 51 77 26 44 50 48 85 44 96 46 77 31 72 24 34 38 68 73 11 57 66 49 30 59 7 35 22 
47 34 61 87 63 92 35 93 73 92 14 77 13 71 15 87 20 79 87 36 93 86 36 64 23 62 52 31 67 66 96 91 68 9 100 48 37 52 86 39 99 14 79 8 26 69 91 25 99 54 28 8 91 47 65 98 16 84 70 15 24 75 37 34 25 76 22 92 83 80 90 93 99 14 52 47 99 89 69 85 2 96 83 43 39 85 75 78 62 1 100 87 19 6 67 51 56 50 60 67 32 16 86 34 19 39 61 38 15 55 53 74 54 10 26 9 75 46 24 94 44 42 100 62 32 16 43 42 
98 28 43 63 88 28 32 96 24 96 58 72 75 16 5 68 35 37 43 75 54 36 86 9 27 15 45 55 98 27 81 77 9 40 51 74 63 68 47 32 92 51 11 5 31 3 78 96 29 83 49 57 16 58 4 46 50 68 2 57 15 58 98 78 39 80 70 74 84 43 100 79 78 39 81 73 23 13 60 96 72 65 13 36 1 23 27 77 2 83 32 31 26 18 56 80 87 68 88 11 15 4 35 6 36 3 30 89 16 17 63 37 50 37 10 18 67 65 76 3 75 47 20 75 96 39 8 53 
80 14 7 97 14 85 52 58 3 82 64 2 52 25 36 8 10 9 13 80 44 89 43 39 70 76 18 6 32 97 77 19 8 16 23 71 59 31 89 92 29 37 60 62 89 92 76 91 39 14 65 81 2 71 12 85 95 64 54 37 10 56 26 78 12 89 75 88 44 60 23 5 26 69 10 27 96 48 70 15 74 42 84 70 33 86 59 28 59 58 98 22 82 97 74 9 87 79 6 72 62 43 29 31 19 3 72 31 40 43 79 9 56 81 38 57 49 95 85 4 2 65 99 40 80 25 66 16 
86 84 11 12 66 87 74 40 18 3 100 62 66 91 18 14 69 49 80 85 98 35 99 47 43 34 82 5 8 90 59 39 62 96 62 75 95 84 45 13 19 34 69 12 72 54 14 22 4 68 74 8 19 3 90 81 10 57 53 26 37 55 5 38 52 67 91 84 66 74 7 42 98 57 8 81 30 56 80 75 68 53 75 85 27 82 33 91 44 18 63 85 54 76 39 9 23 40 14 37 39 90 75 64 46 44 55 98 39 3 5 13 58 54 55 13 37 3 49 34 73 10 76 55 30 87 64 71 
96 29 18 13 2 97 20 71 23 95 76 14 87 39 37 96 72 28 24 80 82 62 69 52 80 12 20 30 99 79 7 49 26 14 32 23 40 92 46 20 44 80 98 67 28 43 72 19 38 90 94 37 50 17 96 7 75 33 63 60 5 21 53 66 80 60 23 99 70 65 85 37 29 68 74 67 51 61 36 56 96 22 56 1 34 79 90 65 40 40 13 76 61 67 54 72 92 54 79 88 86 56 7 88 89 82 68 6 92 94 56 17 87 40 21 1 79 35 17 55 29 97 63 22 27 59 25 24 
14 76 38 76 82 60 18 59 33 38 95 39 28 24 66 35 74 87 83 50 85 1 7 99 77 62 42 51 91 34 24 24 76 60 42 66 92 83 82 20 18 73 95 24 65 80 34 13 28 69 45 41 75 22 95 63 47 82 85 36 37 17 9 32 18 74 35 30 93 20 93 87 33 85 89 98 76 60 34 8 20 35 96 9 13 43 5 61 18 5 1 84 47 25 24 32 90 65 7 23 98 71 31 38 54 100 34 37 17 36 51 84 39 71 59 75 33 95 90 30 71 79 69 79 27 99 22 50 
84 27 3 67 70 55 12 54 21 82 70 48 86 27 40 2 4 88 30 3 34 17 7 23 5 91 29 19 37 21 44 89 77 25 43 49 91 93 56 39 53 26 37 47 38 7 3 49 29 74 3 10 33 64 42 83 36 65 26 22 21 62 42 13 40 88 66 31 98 61 79 83 2 26 42 7 49 84 4 34 95 85 7 70 62 61 13 25 48 55 46 98 51 27 66 20 40 20 94 26 59 67 82 80 64 70 10 83 89 13 34 16 31 93 40 83 57 4 54 52 29 88 95 42 56 52 26 72 
11 55 5 86 47 67 64 24 28 45 89 25 20 24 83 71 74 45 52 25 13 83 61 17 98 15 68 16 85 17 43 95 59 39 11 88 87 72 41 88 55 18 34 91 54 82 61 93 80 1 7 28 16 59 21 79 73 72 54 8 98 6 71 62 41 88 62 74 36 46 74 88 69 32 41 60 58 64 11 96 86 15 12 24 83 37 91 81 100 67 85 65 45 73 85 70 50 66 55 60 68 86 15 88 61 95 65 59 93 20 89 51 19 39 77 36 65 59 60 90 33 13 76 68 61 8 19 64 
92 12 69 17 37 40 67 41 26 63 40 57 96 36 62 36 50 46 91 61 49 51 99 34 7 84 12 59 28 97 70 52 38 75 100 1 63 69 8 65 89 72 34 45 12 32 76 11 5 91 53 86 85 70 48 50 6 32 20 1 60 44 28 100 99 31 70 16 21 1 33 42 46 1 95 99 24 54 23 56 37 63 53 7 35 7 23 68 46 21 85 67 76 55 40 49 24 90 5 55 55 31 63 35 48 5 84 41 95 41 81 60 93 37 37 88 62 29 8 27 5 55 20 51 67 18 74 20 
88 72 81 87 43 59 28 70 35 29 71 82 90 22 22 38 58 88 74 80 72 29 15 81 40 2 2 94 86 92 89 18 74 98 47 51 70 40 84 19 88 92 40 95 94 59 56 43 29 40 21 88 38 89 80 57 85 3 1 7 84 82 48 69 7 38 74 64 62 16 16 86 86 57 50 10 69 67 58 94 75 23 83 17 31 17 14 68 76 48 50 22 75 45 47 19 69 72 26 11 15 96 4 12 54 70 41 68 48 75 76 87 19 64 95 57 16 96 76 40 54 82 9 47 87 63 13 4 
8 87 92 92 73 84 4 17 45 32 22 83 12 45 50 64 32 18 51 59 71 69 53 70 28 35 41 42 84 63 37 26 76 49 37 27 66 15 95 50 76 22 94 14 3 83 38 15 17 76 25 4 7 35 22 58 51 15 52 80 64 82 16 64 27 55 99 98 72 93 12 6 61 41 36 26 56 65 40 24 88 16 81 95 63 75 43 14 70 91 1 86 66 98 99 30 9 66 75 50 38 79 57 66 48 6 99 18 98 49 68 52 63 18 81 79 68 49 64 33 29 17 52 71 81 62 77 92 
21 61 35 99 46 47 27 32 14 67 14 71 91 25 85 55 64 18 88 63 50 73 53 49 11 35 45 52 76 79 84 61 11 12 90 77 52 75 14 52 76 85 69 44 88 44 86 16 65 48 96 41 20 5 79 64 1 24 41 28 64 2 85 9 69 91 8 22 53 87 1 12 42 75 17 58 28 83 78 98 65 69 27 25 64 29 40 75 58 33 75 47 72 20 34 58 4 99 10 75 89 25 81 35 60 25 6 14 6 7 3 90 19 2 24 20 17 53 66 31 21 41 94 36 62 86 24 84 
88 41 71 47 52 39 74 26 34 95 21 71 39 96 77 56 65 76 41 10 7 70 20 57 56 12 8 59 94 89 61 17 41 29 92 87 10 87 84 40 57 52 23 45 10 67 8 64 20 20 5 65 89 36 99 49 64 99 25 33 74 79 3 62 9 24 38 29 97 23 28 53 82 13 42 62 47 4 78 58 29 98 80 46 1 5 2 33 5 91 41 92 17 37 90 93 70 29 36 29 65 2 28 15 30 57 30 82 73 99 17 17 46 88 66 70 98 13 50 15 40 58 26 48 28 29 76 10 
43 79 82 24 33 74 29 49 35 24 61 63 21 65 79 95 18 81 50 68 67 35 23 16 94 66 99 12 86 79 21 16 10 50 49 53 49 43 29 5 64 30 79 98 54 86 60 43 39 3 96 92 91 83 37 26 30 32 16 46 49 37 61 29 37 8 49 18 58 34 74 25 43 22 63 19 19 26 21 8 89 61 20 40 80 15 40 91 77 97 75 21 33 100 38 71 67 28 32 88 3 36 25 46 53 78 35 14 54 43 29 5 74 76 5 88 38 98 80 100 7 83 96 68 51 6 7 81 
30 36 6 17 24 23 72 52 13 51 93 23 1 38 39 88 72 17 81 12 97 67 9 91 5 90 45 16 84 88 76 86 87 27 96 34 31 63 53 22 61 65 93 77 73 49 8 10 26 27 59 91 44 59 56 68 41 61 71 57 10 86 5 94 38 16 31 27 14 100 30 18 66 74 52 46 53 49 58 37 24 27 79 50 41 60 50 17 7 73 36 47 46 76 56 40 50 36 54 50 99 47 35 44 92 12 72 5 72 3 20 78 68 90 23 94 11 82 60 91 100 2 64 36 38 5 50 44 
93 16 32 58 25 60 70 67 10 22 83 41 44 79 10 78 1 52 71 44 89 13 67 43 10 29 39 61 66 28 56 19 27 43 63 74 2 94 55 61 18 65 14 93 34 58 53 23 81 77 54 33 30 54 74 54 89 87 97 70 95 32 7 33 63 33 13 33 69 24 39 43 81 11 45 97 44 46 47 38 93 27 93 23 82 3 47 69 37 42 15 70 47 39 74 44 30 63 19 99 24 24 22 22 6 85 27 84 51 37 28 23 87 95 78 60 75 60 80 21 37 98 6 15 11 68 40 2 
29 27 89 96 30 80 85 69 63 73 37 30 66 23 96 31 42 10 85 84 89 50 43 59 35 39 41 74 65 10 95 88 75 74 30 18 79 46 11 88 89 49 26 93 82 29 71 27 95 52 68 83 46 86 8 81 99 38 4 40 42 67 81 46 86 82 5 26 46 79 85 81 22 99 85 45 13 15 24 31 97 30 37 8 51 38 19 26 71 72 53 38 45 68 46 33 38 57 73 71 37 74 67 70 97 18 42 75 73 61 40 43 25 97 58 61 71 50 89 100 67 90 28 44 97 24 79 60 
93 54 52 73 99 19 27 76 37 59 70 53 99 31 48 27 46 24 82 38 65 93 78 91 43 93 52 5 74 28 77 7 38 100 81 89 23 45 15 30 19 87 95 74 71 44 48 29 62 45 69 27 12 73 94 36 72 67 47 2 27 1 22 13 46 20 27 99 19 65 89 19 40 58 87 52 61 78 70 67 89 65 81 78 54 16 94 40 69 76 30 2 28 12 88 52 85 40 52 17 31 12 18 28 78 33 70 89 94 37 78 59 52 10 39 25 8 75 96 6 20 2 5 60 12 87 89 57 
86 1 55 74 6 94 46 11 14 57 2 6 5 6 61 51 93 44 26 68 28 57 60 12 93 88 47 2 79 94 54 53 80 52 90 6 15 82 4 6 14 95 71 83 74 60 50 44 66 30 85 50 12 57 24 37 18 7 66 48 74 93 72 29 34 97 77 12 11 11 69 100 3 38 84 53 83 19 33 99 14 95 47 8 1 72 61 26 40 36 30 35 1 31 18 34 82 99 45 80 70 95 34 4 14 34 60 3 32 51 33 76 81 49 31 45 6 4 26 82 26 66 68 58 94 1 23 2 
21 16 11 20 68 7 51 77 79 62 28 74 50 68 34 53 29 56 11 70 81 38 43 58 9 72 97 15 83 78 55 47 61 54 34 24 50 25 2 75 26 29 61 32 40 46 11 68 44 88 96 47 71 18 96 28 50 77 21 8 31 68 61 42 47 50 26 35 37 52 92 35 48 72 12 85 63 77 57 66 20 32 100 67 95 37 99 37 55 7 56 82 41 31 3 70 55 46 29 53 17 49 37 89 9 45 38 82 78 36 83 87 93 11 63 62 90 14 23 10 100 88 17 66 18 2 36 19 
89 16 57 87 21 36 33 41 10 26 8 94 47 43 84 88 21 68 69 88 59 64 71 75 7 69 6 7 39 59 97 41 9 90 96 23 62 52 88 32 71 79 76 76 51 72 79 88 17 93 42 22 76 65 72 97 95 10 61 14 35 75 96 91 27 55 17 2 77 47 48 59 43 9 96 37 84 19 33 45 65 43 34 60 79 82 42 31 31 52 92 44 70 90 32 45 8 53 37 73 87 13 88 7 43 17 24 37 66 22 16 61 36 42 10 77 65 75 30 72 38 93 50 95 18 8 68 23 
63 10 55 37 42 87 8 83 18 64 54 79 24 36 82 13 17 92 38 65 57 91 75 52 28 40 61 36 6 51 42 84 34 52 38 18 76 96 54 46 49 32 93 78 90 48 36 42 77 7 65 16 94 75 95 67 22 2 55 63 16 71 98 57 32 84 4 48 73 88 5 81 40 88 42 47 84 36 43 79 66 17 74 49 96 88 88 16 66 17 22 35 17 99 56 12 3 82 69 83 16 61 48 70 41 95 88 48 7 39 69 15 5 61 1 47 50 84 85 37 50 13 75 32 98 93 17 33 
99 93 81 87 97 17 19 51 72 12 48 75 44 93 77 40 49 19 37 79 23 59 18 11 59 66 35 24 91 83 39 22 20 17 4 98 83 7 63 14 25 56 91 6 50 25 48 90 26 69 50 48 32 29 92 19 44 48 76 34 54 43 5 89 66 5 73 75 5 76 43 36 11 24 35 71 55 8 15 16 89 55 3 16 5 99 63 71 30 19 94 79 52 3 63 31 50 76 28 6 3 24 25 75 81 56 86 50 16 81 93 100 65 78 35 51 16 57 69 28 52 94 44 24 29 86 37 64 
42 73 40 98 47 65 34 34 32 74 75 59 16 38 50 78 72 26 25 32 10 6 21 93 41 95 49 5 42 77 89 91 81 39 64 98 59 34 29 42 62 86 88 82 93 58 42 89 41 22 62 94 33 71 16 44 14 67 34 59 55 72 64 83 43 61 17 81 16 37 45 84 15 87 15 18 6 67 89 91 35 91 2 17 36 10 91 98 22 90 69 87 58 37 42 100 48 7 61 95 63 97 13 99 46 92 68 52 14 35 53 67 98 81 66 6 13 31 49 59 42 19 79 36 13 40 17 25 
20 75 71 18 15 71 12 12 15 77 31 90 21 73 53 5 98 57 77 18 14 36 78 38 73 76 41 72 32 62 59 81 52 16 56 6 57 63 35 35 85 20 22 81 53 77 50 58 93 39 34 80 33 75 18 64 54 25 88 28 17 13 33 45 41 90 19 25 82 64 97 65 99 14 4 56 58 85 56 29 25 48 31 64 82 21 49 93 42 22 20 52 99 6 91 33 73 71 2 41 28 34 63 43 63 51 25 61 31 40 12 62 19 20 11 82 93 11 15 44 28 21 92 33 20 62 36 84 
78 2 57 75 26 10 45 28 80 1 89 55 35 67 99 97 49 34 86 74 83 2 14 22 92 55 77 72 81 98 28 2 84 73 72 6 70 7 21 18 11 24 33 28 4 37 10 59 76 52 43 23 31 72 44 39 48 54 87 45 43 77 58 83 79 66 38 48 54 21 64 65 15 32 9 33 66 40 63 90 17 42 11 13 90 7 26 37 73 34 50 92 25 79 92 68 8 10 59 31 30 93 52 52 67 58 96 45 98 9 15 6 17 16 14 31 87 72 4 11 56 31 95 15 24 18 38 56 
52 56 24 7 11 28 53 25 46 75 20 80 6 38 26 11 86 48 23 35 95 23 17 85 62 37 6 2 87 46 79 8 30 5 63 30 76 68 75 93 96 25 67 49 39 3 57 61 26 38 21 7 95 53 49 65 90 65 28 62 58 60 30 72 8 24 51 90 34 6 58 61 77 100 1 29 1 76 40 56 20 9 54 28 48 8 39 87 48 73 63 31 39 81 99 83 92 87 28 70 4 50 54 54 48 79 38 71 89 78 48 38 65 23 24 81 85 23 28 69 92 86 96 83 73 84 99 15 
92 91 8 27 34 4 11 87 61 54 72 81 84 86 52 10 59 17 30 85 10 37 3 4 24 40 21 25 90 61 40 77 31 71 100 62 2 56 74 48 44 98 97 83 48 30 13 31 83 37 8 40 32 63 88 55 55 90 88 55 79 10 9 1 57 8 26 59 99 8 44 68 9 85 54 12 6 59 55 54 31 93 84 65 86 49 7 13 14 77 42 84 99 83 85 3 13 30 19 80 39 8 93 81 82 35 74 11 83 28 10 82 76 65 31 73 2 38 98 52 35 39 5 59 61 47 66 95 
44 95 72 28 60 86 26 30 48 91 46 52 35 18 20 44 7 15 21 72 91 21 39 66 6 66 95 28 72 68 50 76 17 65 30 1 7 8 71 44 95 88 88 35 86 91 33 16 39 81 49 31 31 95 84 61 92 57 42 42 97 83 20 24 2 41 70 39 19 92 71 14 26 37 56 59 55 80 53 36 80 7 22 42 91 29 45 97 37 37 72 64 80 61 53 71 95 12 75 39 25 93 72 89 11 83 79 16 44 83 58 94 56 51 84 61 28 37 14 84 84 77 23 91 48 5 5 66 
27 94 15 85 65 50 73 9 15 77 81 6 9 6 48 31 52 67 88 22 60 37 9 25 6 86 100 81 17 99 2 92 38 66 1 20 12 82 51 77 28 59 70 41 29 54 15 4 10 9 91 2 5 40 1 53 81 33 52 87 76 81 61 100 31 94 21 61 7 57 97 42 97 24 97 44 27 6 33 37 43 98 10 16 5 56 56 64 76 22 3 49 4 100 6 76 56 99 22 64 18 33 13 20 39 76 40 67 18 36 43 76 36 46 33 23 80 97 67 81 52 80 23 29 95 56 82 70 
24 62 98 16 79 15 51 64 34 54 59 99 9 63 82 36 38 70 99 95 33 42 17 10 24 41 85 7 60 23 59 80 97 54 36 14 19 72 40 40 55 76 18 98 79 56 54 97 6 62 96 44 73 18 84 19 71 32 34 64 80 42 95 60 11 41 93 7 63 18 13 59 13 80 35 16 40 45 61 25 44 68 16 96 74 65 75 46 46 9 68 89 71 13 68 69 58 21 1 30 42 91 7 36 84 48 52 68 42 4 91 82 92 48 18 31 81 54 64 91 91 19 7 11 30 44 40 15 
2 14 30 30 55 82 59 2 81 15 3 41 1 11 73 64 3 88 26 63 64 93 2 13 44 14 12 74 11 89 72 21 50 59 19 61 26 34 26 34 35 13 98 55 45 39 10 51 49 78 26 90 5 72 85 96 72 32 71 92 77 8 89 90 89 91 51 10 86 75 92 24 70 31 8 76 22 22 67 95 47 29 68 53 19 51 5 90 70 31 37 58 21 4 67 59 60 19 34 91 80 32 88 19 32 29 42 44 53 55 76 42 9 4 7 92 77 26 2 34 9 26 85 43 3 38 60 13 
26 77 94 4 81 93 40 54 27 7 9 90 74 5 28 24 66 46 6 88 98 99 33 63 89 83 3 61 25 59 39 57 24 83 35 82 57 6 2 57 12 9 4 49 72 5 86 20 46 62 6 98 36 87 40 25 35 69 96 5 10 69 46 76 34 57 51 77 25 88 83 30 86 68 25 1 62 14 1 85 17 99 41 76 52 100 80 56 64 8 6 22 17 96 24 60 39 56 99 99 65 23 58 34 42 65 44 46 19 46 17 6 59 94 58 13 52 5 69 11 38 35 17 36 12 31 20 76 
86 43 70 90 45 77 17 22 28 41 16 42 24 81 8 19 50 38 9 15 6 30 24 14 2 98 96 82 90 14 39 36 83 85 27 62 61 44 69 28 29 98 54 54 38 82 21 27 40 32 89 48 41 4 85 59 8 18 38 99 70 63 43 87 5 86 47 19 61 43 97 81 48 63 76 50 10 34 93 13 100 64 28 96 100 57 3 30 10 40 78 23 42 20 38 68 84 50 83 1 52 35 82 77 99 37 38 54 35 71 73 80 90 30 98 1 70 24 61 26 15 10 42 56 6 68 94 44 
91 2 50 19 10 7 39 8 11 90 80 31 89 36 61 66 43 81 48 52 46 50 90 29 14 6 91 16 32 5 24 19 1 78 53 70 89 84 58 68 65 29 25 21 94 3 24 48 71 65 56 84 32 91 24 70 26 38 52 31 13 4 17 52 94 64 34 1 4 22 94 73 80 50 30 26 54 100 33 30 73 5 50 13 81 37 35 24 30 100 50 78 50 21 73 91 33 77 79 28 57 60 91 2 25 92 45 1 15 33 80 14 75 54 85 59 41 73 98 72 51 70 29 8 43 42 52 96 
58 21 82 9 94 72 76 18 61 70 30 19 86 58 91 4 27 28 67 16 48 57 7 19 8 76 68 29 47 33 29 47 87 45 92 62 48 80 73 68 16 62 3 83 83 60 86 90 99 13 62 84 84 82 37 80 65 85 40 59 93 29 80 70 73 20 50 56 69 51 94 7 62 56 72 93 84 59 28 72 18 5 61 70 54 68 66 15 21 14 96 2 12 46 75 30 34 28 92 4 24 1 24 30 55 55 42 91 38 13 85 4 53 98 32 87 98 19 96 74 98 35 90 22 75 66 56 20 
7 77 98 15 76 73 98 58 93 39 15 2 90 21 70 60 99 64 87 64 86 39 67 15 25 74 47 32 42 9 43 3 19 28 33 100 9 44 43 19 44 28 32 94 28 10 66 34 17 85 6 38 79 27 25 61 56 75 80 58 94 18 63 58 85 24 21 78 12 17 68 46 98 91 37 90 40 36 2 87 46 59 23 97 75 55 47 12 18 77 64 61 82 86 41 48 73 91 82 37 63 12 90 42 96 60 12 54 79 89 35 83 8 27 68 42 39 85 67 8 54 11 72 72 94 100 42 11 
24 49 21 19 34 92 66 92 31 19 25 18 56 31 92 92 38 99 52 84 97 26 18 14 85 54 5 45 22 89 7 3 41 60 70 48 81 62 91 24 56 57 31 27 52 40 97 67 1 92 78 20 99 25 82 41 60 60 62 15 10 57 34 55 86 30 60 35 42 5 18 53 17 73 56 74 54 69 78 73 77 2 59 87 92 23 32 96 67 43 35 100 7 85 78 91 99 24 52 19 92 9 63 72 95 1 46 7 57 34 35 3 28 91 12 57 80 92 12 60 84 100 2 93 87 72 9 64 
46 20 69 10 36 97 39 7 44 55 99 55 11 74 25 10 60 80 30 25 1 61 22 69 45 80 54 83 11 88 69 25 100 64 100 73 37 86 88 21 100 58 53 45 12 13 39 13 3 43 37 93 72 62 21 31 41 85 71 61 32 15 4 83 5 88 18 19 40 47 19 37 70 60 43 41 5 73 61 99 15 40 67 1 83 96 37 57 56 51 10 18 95 63 4 35 82 19 2 39 22 12 33 37 8 17 39 11 4 72 20 59 50 67 70 28 14 68 50 10 82 74 51 84 77 23 99 75 
25 23 26 38 13 6 77 95 64 54 58 56 15 95 75 15 5 37 91 16 58 67 34 3 39 4 47 35 8 90 25 20 34 21 29 22 88 94 39 52 43 45 11 85 43 28 70 9 57 9 9 94 66 13 13 86 70 75 89 39 27 15 52 67 5 17 75 49 5 89 69 1 78 20 9 38 2 89 47 56 82 26 7 93 96 25 84 16 9 77 82 8 37 2 46 1 16 95 35 52 27 46 18 82 81 6 43 81 76 9 50 31 60 98 8 71 41 74 66 63 57 11 66 30 75 28 38 83 
90 99 19 78 17 99 100 99 99 14 57 97 40 75 98 71 76 93 3 14 56 80 38 55 21 95 91 25 93 21 18 24 70 69 75 92 23 74 57 86 94 97 42 45 64 75 52 8 29 93 54 52 88 66 45 24 91 15 74 95 51 88 79 3 19 43 53 82 34 7 37 93 1 84 53 65 47 8 49 16 42 31 83 30 83 87 23 80 73 98 29 71 45 39 42 9 13 18 19 44 55 49 24 37 32 81 49 85 20 39 53 64 13 68 19 58 37 42 87 100 95 57 68 2 99 38 32 2 
49 15 64 88 29 16 14 11 96 84 26 56 28 52 26 9 51 43 55 18 66 59 35 33 61 39 77 67 80 10 56 39 30 11 64 17 59 83 66 16 22 13 61 30 34 43 8 56 39 51 63 50 1 35 1 60 21 32 82 73 60 23 79 31 44 87 86 49 30 85 16 25 74 37 21 98 99 25 69 5 31 55 32 22 68 95 91 77 61 38 3 48 76 45 38 48 9 32 30 63 8 22 66 56 67 2 33 1 22 42 48 93 91 43 88 8 93 89 18 58 29 95 16 83 32 68 35 45 
13 56 59 97 17 11 28 56 98 100 91 49 39 48 54 19 3 17 30 49 9 15 90 61 67 62 28 34 97 83 31 87 95 62 15 18 87 64 43 10 4 81 75 5 7 29 70 45 5 54 54 29 87 9 33 46 22 74 28 19 64 49 84 95 91 73 97 66 62 4 100 72 63 59 61 77 84 13 32 58 44 75 93 88 62 74 32 32 88 16 51 20 14 71 76 65 14 26 54 59 93 74 78 69 19 86 73 74 82 4 69 85 65 11 86 64 62 71 28 40 72 96 9 7 24 39 61 40 
81 94 19 91 30 95 36 61 20 97 43 50 26 83 43 32 33 10 46 71 89 99 69 62 8 19 29 58 55 68 24 67 74 38 33 97 47 28 2 2 72 58 56 35 79 17 10 44 41 89 43 59 7 86 92 18 81 14 40 45 67 72 56 51 35 51 53 6 41 87 46 22 24 51 90 48 41 39 57 78 98 40 39 84 72 98 15 40 23 13 12 73 25 45 78 100 17 74 58 8 40 11 59 44 47 72 56 19 1 91 2 38 77 9 93 76 29 56 42 78 48 18 43 9 60 36 38 83 
36 74 56 71 35 23 91 27 13 45 58 54 4 11 38 32 45 100 88 76 73 48 14 89 63 71 68 80 78 41 42 69 80 12 19 45 36 76 75 96 8 56 47 13 64 8 69 48 64 86 35 28 58 98 7 25 69 67 98 87 76 53 14 45 39 16 97 57 15 24 65 77 61 10 75 74 68 59 95 30 75 10 10 16 46 58 4 7 52 53 50 32 55 56 52 96 48 46 92 14 94 13 33 60 69 1 78 78 30 10 12 45 11 100 83 54 90 69 59 73 74 45 35 75 88 46 3 30 
98 3 12 90 96 69 95 60 37 42 93 18 55 62 7 90 64 91 54 32 29 37 88 39 70 54 4 96 3 83 48 37 49 63 67 15 94 35 16 39 58 39 28 68 51 67 49 65 5 56 92 16 63 82 46 3 85 87 42 36 91 82 40 29 94 71 58 77 6 57 100 7 60 52 42 34 96 25 69 14 91 9 19 19 88 24 77 68 22 15 31 69 66 75 37 67 90 1 92 81 76 61 24 64 75 19 23 14 68 58 53 34 21 56 14 52 62 7 14 26 92 39 41 99 45 65 55 78 
46 74 83 46 77 71 33 90 56 13 45 85 32 41 61 56 40 43 80 98 5 29 95 83 7 9 89 96 6 64 46 37 64 28 5 41 1 91 53 56 31 92 12 84 88 11 7 39 90 41 40 6 22 40 79 55 42 12 48 92 38 94 23 78 25 22 54 51 49 60 48 49 99 14 7 91 69 52 76 86 93 72 66 46 33 57 1 74 92 50 19 94 7 10 12 62 60 10 18 97 23 70 74 91 6 10 91 42 26 23 100 10 80 40 91 24 52 4 42 12 40 17 59 2 12 50 8 9 
85 39 67 73 30 99 96 35 36 57 9 37 54 88 50 94 79 61 3 53 53 45 66 56 56 14 54 60 12 89 43 52 22 98 41 21 58 13 11 89 64 55 94 63 88 77 56 21 55 36 64 70 75 41 66 61 39 28 68 32 23 69 28 70 16 60 10 95 34 45 10 74 11 39 39 81 81 81 65 89 14 60 60 19 36 79 84 32 11 53 80 45 78 63 28 53 64 95 22 82 91 31 80 18 54 10 66 87 88 24 97 78 8 89 58 46 26 3 77 88 76 14 87 11 68 97 75 23 
92 42 96 31 17 11 24 69 82 52 18 38 15 48 82 17 69 56 23 25 94 94 9 31 27 9 79 91 93 25 42 28 41 16 27 31 47 16 75 74 19 92 54 37 32 46 92 29 30 33 7 27 11 18 1 12 50 1 27 100 97 52 94 78 51 20 47 100 44 52 100 67 66 33 37 38 22 22 34 74 61 61 57 82 62 28 5 68 19 7 40 5 15 69 8 11 79 23 25 4 6 33 41 85 57 98 54 8 95 98 59 39 52 54 78 48 61 45 24 48 68 16 15 46 76 16 15 21 
95 64 67 58 92 67 92 83 1 11 96 47 21 46 37 65 25 90 40 55 43 46 99 85 7 97 60 100 42 3 63 3 83 73 24 77 72 72 1 17 3 96 3 49 93 45 34 100 60 62 3 31 82 83 70 86 55 7 89 43 50 79 46 39 40 80 99 59 72 89 19 45 72 59 62 3 66 95 22 52 58 42 87 51 33 65 12 65 15 30 1 93 13 79 32 60 3 100 40 70 23 92 5 15 11 51 53 100 31 82 72 41 54 85 1 16 75 4 14 86 35 90 49 21 48 41 26 87 
32 68 75 26 59 2 36 40 91 5 13 68 60 50 1 99 51 91 88 57 87 46 91 97 50 37 14 34 69 12 87 12 47 21 78 45 90 51 6 22 50 63 92 6 54 36 23 1 43 47 31 78 54 4 27 32 79 7 67 85 3 82 23 88 2 19 52 13 96 23 81 73 64 85 2 77 34 55 22 47 10 96 4 26 56 42 71 31 92 73 14 6 90 5 63 90 12 15 4 19 52 26 3 95 66 5 87 36 64 68 80 1 19 16 54 100 95 66 32 57 39 87 88 70 83 30 28 76 
87 15 73 48 93 63 64 15 16 52 74 100 76 27 1 49 100 91 4 7 6 90 20 8 63 40 48 8 65 35 89 54 13 1 83 76 82 65 47 9 36 96 86 37 35 15 19 61 29 17 78 34 17 43 39 94 10 4 70 93 38 42 6 44 78 15 53 93 69 70 32 40 6 50 62 27 47 35 1 73 37 73 77 49 32 40 44 8 95 57 2 18 37 12 30 86 33 15 81 64 80 95 80 59 52 6 22 100 7 68 58 64 71 65 9 87 45 74 98 87 10 30 100 72 69 71 82 41 
85 61 19 56 30 93 52 77 86 6 76 66 58 17 74 87 7 92 18 4 22 65 91 3 36 82 34 94 93 8 68 8 77 65 59 87 88 48 93 52 26 100 76 84 33 76 77 69 10 49 8 35 72 47 40 56 70 58 32 19 1 13 2 36 89 45 13 37 78 16 2 8 5 62 76 30 100 75 48 75 24 22 32 22 8 69 72 74 74 89 21 76 10 15 83 98 21 90 20 54 66 2 99 54 49 6 43 27 99 58 23 61 51 5 72 53 42 33 21 17 71 30 53 24 30 18 99 45 
24 32 76 24 72 55 70 69 46 35 70 32 77 61 30 48 31 79 91 100 36 44 16 37 11 77 20 93 2 52 71 25 19 44 69 2 82 72 83 48 84 40 4 66 96 57 72 59 93 61 71 60 33 51 30 14 34 60 74 97 11 11 65 48 46 11 69 51 95 53 74 79 100 24 50 38 13 39 26 78 20 100 37 57 28 62 23 49 97 45 26 45 78 26 39 36 95 52 80 67 7 1 47 48 32 35 98 75 100 88 78 41 99 24 83 98 76 25 90 6 74 53 53 38 64 96 49 23 
73 68 25 71 6 16 5 24 62 28 14 17 87 48 4 60 25 97 50 9 13 9 72 7 95 67 44 47 93 4 91 80 56 61 11 5 82 56 21 79 21 79 16 46 12 90 19 48 44 76 93 59 27 13 34 62 14 92 95 69 59 17 64 75 71 40 16 97 76 99 38 24 52 3 72 64 45 58 41 28 67 29 2 56 1 42 59 72 73 35 11 73 57 67 53 35 8 85 32 78 5 57 31 96 30 9 100 4 77 99 94 63 6 20 22 93 91 82 26 83 64 48 16 84 70 56 31 26 
7 85 94 10 8 94 84 48 69 65 81 16 35 46 23 98 61 12 22 22 45 89 65 69 8 90 97 98 44 31 12 1 74 98 68 75 60 27 94 70 41 3 49 75 6 40 60 22 19 3 74 97 2 69 70 65 94 79 59 71 56 45 79 81 25 81 64 93 61 61 17 2 53 35 57 8 86 3 85 42 37 65 23 90 14 30 89 95 34 68 37 65 19 83 23 56 51 28 33 56 89 33 66 56 58 19 61 73 77 52 73 58 56 45 91 81 16 9 66 13 8 18 92 75 52 66 84 87 
40 66 52 40 80 2 66 43 25 16 76 29 65 54 14 98 32 74 71 73 8 4 52 32 20 23 41 68 45 95 90 98 85 54 50 79 5 88 68 98 63 85 6 48 99 20 16 6 86 65 9 18 58 54 91 37 87 97 88 29 39 16 80 47 13 1 89 71 6 23 5 87 18 1 60 36 13 95 97 49 63 36 16 49 25 35 77 16 54 57 31 32 20 45 60 76 40 18 92 39 26 30 3 18 59 32 67 47 12 100 37 29 7 28 34 53 46 34 44 14 62 13 96 12 45 46 68 16 
96 79 93 18 41 39 47 93 25 20 31 39 7 13 77 63 45 42 42 35 48 33 16 59 56 43 48 57 96 25 9 78 92 11 62 99 50 78 13 52 6 100 24 18 3 53 87 80 96 84 30 22 92 39 34 52 94 55 78 56 2 52 42 33 24 58 79 100 52 86 51 86 80 51 72 44 37 71 12 62 17 7 13 77 15 51 92 82 69 25 4 33 78 17 87 7 6 87 59 66 50 1 95 75 57 36 31 11 65 3 34 44 70 2 55 34 59 12 19 19 62 100 90 64 64 26 14 35 
97 93 8 12 21 52 70 33 6 36 64 15 77 36 47 37 76 14 43 19 50 50 87 78 15 52 78 36 14 26 34 43 8 64 93 78 15 16 55 63 9 8 26 56 20 78 46 64 51 18 75 34 6 5 55 77 13 30 44 3 79 54 77 80 71 17 50 18 78 83 69 76 31 9 14 27 41 8 1 64 50 44 90 48 76 60 26 46 88 41 97 22 53 85 7 74 40 46 90 65 72 46 38 89 45 98 69 49 60 100 9 87 86 59 85 78 74 38 82 94 45 32 17 62 57 7 91 84 
5 54 10 52 18 87 84 40 15 50 22 11 67 47 48 92 16 49 79 47 65 23 98 20 9 36 16 31 55 37 11 57 18 8 51 91 91 33 1 34 34 36 47 66 20 69 50 29 51 48 8 85 15 38 11 16 5 70 78 42 42 2 12 32 71 80 76 65 47 52 3 72 60 90 100 11 44 55 36 10 53 94 86 55 50 99 90 87 52 34 24 76 25 1 49 37 69 16 14 26 80 31 35 91 42 16 24 48 19 33 51 79 99 70 76 88 27 19 15 16 35 91 37 26 67 13 20 81 
1 36 68 1 26 79 75 22 80 17 23 54 63 20 89 55 93 55 92 27 79 64 50 16 94 59 81 77 8 6 100 50 30 56 10 68 74 39 71 17 6 51 3 15 81 82 65 96 86 16 22 42 14 56 40 91 19 9 95 48 34 58 8 68 26 99 39 81 92 24 33 63 76 89 10 58 27 80 14 31 27 65 87 4 6 11 45 53 26 69 13 75 61 62 34 54 19 32 39 17 30 20 75 28 21 79 97 77 72 1 83 70 25 71 75 65 4 66 48 72 41 3 30 95 40 47 50 50 
9 36 96 32 84 39 47 28 43 32 9 23 31 90 94 63 24 27 47 31 47 16 2 62 36 10 73 27 71 10 83 43 3 25 49 84 24 13 15 44 71 5 71 86 58 30 23 11 97 9 53 39 49 70 74 36 69 3 84 87 74 10 21 66 10 94 22 28 74 97 58 88 32 78 52 60 41 18 8 61 24 78 94 89 28 97 78 20 8 70 79 69 55 96 66 58 96 86 43 50 46 68 17 47 96 66 47 96 74 52 93 80 22 13 22 83 2 73 52 66 43 13 84 27 39 59 60 83 
38 78 47 91 53 28 99 2 77 89 77 75 70 99 7 30 68 86 99 15 74 25 63 88 93 51 45 39 19 90 2 80 55 98 7 66 61 31 86 97 36 59 4 27 93 15 21 51 22 14 70 35 24 55 34 21 100 31 58 28 32 48 16 23 66 9 72 72 29 30 72 86 36 49 66 2 43 39 45 91 89 67 91 85 84 85 26 41 89 90 63 85 28 81 4 11 30 5 32 83 37 43 19 19 11 43 49 93 72 40 41 22 75 82 40 71 4 73 22 22 59 97 10 53 78 34 66 52 
52 6 3 45 49 48 58 52 78 88 76 40 20 57 80 62 92 24 6 65 46 35 28 57 21 3 38 36 96 80 69 25 31 59 45 79 25 78 7 79 66 3 18 41 50 86 33 74 39 78 11 67 51 57 54 86 88 89 48 63 74 49 68 90 91 74 71 66 87 99 6 83 95 63 2 16 62 48 83 41 82 19 21 31 37 85 90 28 39 5 47 83 38 27 5 19 87 63 22 70 73 51 3 41 70 64 36 33 97 77 67 21 12 40 90 64 100 93 21 73 82 76 80 76 24 10 94 53 
35 65 73 21 86 90 64 5 59 12 25 10 81 100 60 12 28 71 59 27 50 3 17 51 69 53 49 46 84 55 73 47 92 14 60 69 44 80 96 65 23 46 96 94 45 52 99 55 95 15 43 93 64 55 34 57 47 47 81 69 73 16 46 48 12 63 44 13 66 67 62 89 62 42 76 21 57 79 86 9 62 80 82 62 57 83 67 79 26 20 56 23 80 44 99 69 65 46 57 88 39 56 37 84 19 16 45 54 19 44 97 27 19 56 2 30 51 81 12 4 35 86 83 91 19 26 45 73 
45 72 24 29 46 33 24 54 42 23 62 94 40 84 68 9 24 53 14 13 16 73 53 14 77 73 28 46 53 25 34 33 6 34 15 81 8 74 5 33 78 15 86 27 62 13 3 19 19 68 80 59 38 74 23 53 90 15 92 37 46 42 99 14 74 78 13 1 30 40 23 55 30 25 1 44 100 100 34 90 71 92 77 68 74 2 6 18 52 41 66 88 79 18 32 91 7 23 52 11 55 80 47 62 11 26 76 79 11 23 5 1 57 67 75 94 91 71 54 65 40 6 6 21 74 19 39 40 
35 26 28 69 15 89 7 7 93 25 21 99 76 83 93 68 90 34 68 68 96 6 69 41 94 84 42 90 68 51 87 25 14 100 81 14 37 41 30 96 20 88 99 88 16 41 28 96 25 36 12 38 99 62 34 20 54 52 89 25 43 1 32 40 43 53 50 67 12 30 66 15 45 13 94 68 57 56 12 64 1 96 84 12 4 10 67 57 91 52 18 59 76 97 26 11 62 22 80 69 1 40 35 65 94 67 14 15 87 64 75 13 39 12 66 69 68 18 91 9 10 21 90 95 74 93 39 67 
36 74 10 37 100 66 45 53 71 17 89 3 72 34 85 91 35 51 8 43 99 50 90 58 54 8 64 71 46 9 55 10 57 9 10 19 79 95 71 38 97 87 33 56 3 61 97 69 100 9 33 24 36 67 47 69 15 31 42 22 32 59 79 45 32 2 2 99 1 86 74 10 96 75 13 96 98 66 49 23 65 82 45 13 34 56 22 84 13 30 1 86 68 12 49 50 79 30 78 34 96 53 19 82 57 76 10 8 13 96 56 51 65 14 14 53 40 48 73 84 91 74 40 44 40 75 96 22 
59 38 94 66 60 89 54 100 11 57 5 23 64 74 81 58 49 52 76 15 7 85 66 14 7 32 95 75 18 52 26 53 39 86 87 4 4 90 54 49 28 54 22 92 81 97 99 29 97 15 19 18 62 96 49 82 62 14 26 1 6 21 17 80 13 72 26 19 21 3 34 90 27 83 65 20 57 49 24 89 48 30 72 18 47 22 78 48 46 12 28 56 30 91 46 33 63 66 8 68 61 27 10 21 16 72 47 7 26 24 65 30 6 19 9 15 67 59 83 67 42 48 65 39 18 46 20 73 
83 78 45 18 84 75 64 41 28 68 55 43 52 6 62 25 35 58 62 92 37 39 12 97 98 69 84 89 43 13 64 6 16 6 77 41 87 88 36 100 66 49 88 1 42 2 48 7 81 65 4 19 21 71 46 50 13 86 88 85 33 81 52 92 86 29 34 42 1 26 55 24 93 53 95 65 34 82 70 20 88 95 63 52 60 56 93 96 99 78 24 81 62 46 52 82 76 100 1 4 18 39 100 89 63 40 12 51 29 82 33 92 100 83 69 60 39 91 91 8 70 54 93 47 36 5 64 5 
34 92 70 55 4 79 90 27 47 54 60 15 59 6 39 3 61 76 40 93 14 91 78 64 14 84 91 26 57 84 98 51 11 41 60 96 27 3 17 13 59 30 75 10 75 99 6 34 16 83 96 64 35 48 45 83 31 70 86 63 91 9 40 88 80 76 81 45 75 52 47 55 59 79 75 15 23 71 61 68 94 1 31 71 75 91 81 9 57 95 1 11 18 45 95 30 57 70 17 21 17 22 12 96 68 34 28 55 72 19 43 41 41 4 93 70 19 25 11 64 59 21 95 55 74 84 35 2 
91 26 85 47 59 10 89 36 24 40 51 22 70 34 15 12 23 53 14 52 98 73 44 62 43 31 32 55 93 9 73 72 85 58 92 23 14 53 44 9 24 94 62 30 83 85 33 68 3 83 57 49 56 97 29 99 26 89 5 20 25 70 74 70 90 72 70 89 88 76 12 45 54 87 54 6 73 3 79 28 98 8 68 14 61 46 73 73 72 40 20 58 35 54 10 80 41 65 85 57 80 97 6 66 83 73 54 69 26 45 38 71 46 40 16 69 31 1 61 65 45 17 24 86 41 63 22 21 
41 66 24 61 72 80 8 67 86 61 21 30 38 91 47 86 87 82 73 93 49 35 43 90 80 93 35 4 42 40 34 82 73 86 97 77 97 14 17 71 34 37 76 80 8 13 19 34 51 52 27 65 89 54 35 5 24 63 31 34 65 78 27 88 17 100 64 41 89 93 96 60 97 41 9 88 45 97 71 52 6 8 91 92 58 60 65 80 46 79 95 11 11 35 2 89 6 31 86 93 22 81 35 44 35 5 10 19 75 24 69 95 36 53 72 12 35 44 5 30 27 14 59 5 10 37 27 96 
15 4 3 72 20 30 85 5 68 48 75 16 74 2 15 39 41 30 36 77 68 29 67 59 97 83 88 37 23 59 18 41 58 27 88 27 48 39 48 16 91 18 90 73 62 30 79 33 41 44 8 2 98 100 98 28 18 44 69 43 13 15 35 12 28 83 8 70 56 2 31 89 72 67 79 93 45 35 100 83 73 16 34 75 75 62 58 6 4 93 8 72 90 90 19 36 28 23 72 7 83 6 97 56 16 71 19 45 33 85 60 14 61 53 30 50 1 87 33 22 67 42 33 76 52 30 5 58 
74 81 86 94 9 38 94 99 12 11 64 81 53 76 76 14 100 26 61 71 17 61 87 11 98 80 34 4 10 76 57 50 45 17 47 37 13 74 74 85 89 78 80 2 26 78 94 7 50 64 76 25 78 97 69 71 94 20 1 70 84 6 93 54 85 16 28 46 100 72 41 84 38 8 84 67 56 92 93 74 94 40 24 6 86 6 79 5 30 90 98 98 35 68 71 48 21 66 15 50 4 61 38 18 77 49 24 54 70 23 21 8 29 36 8 82 87 11 28 2 10 58 12 96 96 40 87 47 
6 21 98 24 91 94 26 62 4 56 25 63 83 50 76 10 52 46 21 26 67 37 66 1 76 80 5 4 70 41 2 20 58 30 24 96 82 9 34 70 44 42 78 83 51 67 31 8 18 77 28 31 43 84 71 85 53 40 62 24 86 57 71 47 90 1 7 52 81 43 45 61 54 48 44 56 4 63 98 6 69 28 74 13 16 7 93 95 68 57 87 91 10 67 94 78 70 40 75 95 94 100 64 27 44 44 69 83 17 6 95 85 9 13 11 77 50 2 66 54 93 36 90 53 58 91 36 59 
93 43 29 54 19 54 55 60 27 67 18 37 29 15 18 35 36 67 74 95 85 10 52 62 44 16 54 70 60 64 26 73 46 66 61 51 63 25 24 49 97 50 80 41 95 62 59 65 5 33 58 13 99 34 13 13 8 42 32 92 67 20 54 81 79 96 100 74 56 18 74 9 89 49 15 66 76 74 19 76 21 40 88 15 32 74 56 76 17 44 9 31 26 96 22 13 13 23 41 53 87 75 23 51 6 51 85 68 21 81 77 96 16 1 86 49 22 22 73 23 4 65 74 77 14 53 28 79 
81 6 15 15 2 95 1 87 6 100 98 16 80 87 53 43 32 3 4 61 84 68 51 93 62 87 70 98 7 100 92 87 18 21 61 52 46 32 28 91 78 34 57 98 47 73 89 75 70 38 73 57 77 12 10 46 18 43 95 100 92 63 84 45 80 57 36 91 12 36 78 49 62 94 97 47 99 100 20 89 56 57 38 42 57 93 2 92 28 73 9 27 26 67 97 45 84 39 65 98 8 57 14 72 12 90 8 7 1 2 60 16 22 81 94 73 8 10 20 45 2 96 65 23 76 60 30 9 
3 73 81 18 64 93 10 14 5 55 76 17 52 34 14 8 22 30 2 45 28 13 99 63 47 12 4 83 10 79 6 88 6 38 24 92 1 61 19 61 73 37 24 3 37 25 96 3 91 49 5 28 66 50 67 22 22 82 60 51 87 99 51 13 10 42 92 55 65 7 22 41 33 24 8 55 46 92 71 38 38 65 49 64 70 84 32 89 43 31 48 84 78 60 91 5 32 70 78 17 16 91 79 40 36 47 11 60 43 33 36 63 56 12 55 23 59 14 85 78 14 30 59 29 36 2 46 63 
10 25 90 15 11 58 94 62 81 8 1 2 46 43 78 96 66 85 70 42 47 69 33 11 57 91 28 69 64 28 42 42 48 82 56 25 28 55 31 41 4 18 93 93 40 56 82 97 68 92 62 35 65 9 9 33 57 6 85 74 100 69 92 71 90 17 21 39 92 70 34 50 84 98 44 79 91 98 59 45 44 2 55 41 3 18 44 78 15 44 43 7 16 79 98 76 82 29 60 91 25 20 49 96 7 36 21 68 60 69 15 36 50 56 55 2 62 53 79 42 33 19 51 4 96 72 37 49 
74 70 28 20 15 41 69 2 17 49 84 77 28 10 73 12 19 16 3 73 95 43 23 50 53 82 10 69 8 3 59 82 60 59 36 97 5 51 11 76 14 71 51 25 75 57 54 89 20 32 11 1 36 26 92 23 21 13 15 33 60 67 45 38 71 60 21 95 65 86 9 13 79 23 37 57 85 38 86 22 93 8 42 16 81 12 89 59 26 80 8 56 44 31 44 67 83 84 2 67 23 21 86 14 43 24 55 8 17 91 34 95 6 55 49 14 38 80 26 34 65 16 51 83 16 51 88 88 
67 54 47 90 66 84 27 22 80 90 17 38 94 83 14 86 40 21 5 58 82 90 12 60 63 54 59 81 19 60 100 2 47 47 37 60 16 73 64 24 6 19 43 29 44 15 66 96 62 52 25 2 17 13 29 82 42 99 55 36 18 75 43 4 46 47 65 68 53 99 48 28 5 18 62 40 79 19 67 2 99 47 38 95 18 59 73 76 6 69 74 70 73 100 39 97 28 21 26 81 54 84 13 99 99 3 39 10 23 61 89 41 9 87 21 76 33 88 9 67 60 89 74 9 33 32 8 75 
63 96 70 43 41 95 82 11 49 98 47 28 37 19 52 81 4 90 82 66 45 57 11 18 49 45 82 42 81 30 32 16 41 43 48 88 100 97 48 68 29 67 9 35 25 27 7 78 40 98 80 20 27 80 8 53 8 7 39 79 22 15 40 67 23 43 95 88 16 32 82 57 78 69 70 48 84 18 63 44 19 72 12 32 6 74 48 79 52 21 13 59 68 13 67 91 16 9 21 60 61 32 99 97 55 48 95 36 74 100 7 100 78 57 52 8 6 94 47 87 87 13 91 20 48 85 91 41 
60 85 86 39 74 57 5 16 55 31 75 17 10 20 67 22 67 79 17 51 75 22 53 85 91 62 1 20 45 67 62 71 57 6 67 59 63 16 80 67 17 46 71 7 24 83 44 52 47 98 38 29 11 4 74 79 75 57 2 50 29 3 2 41 86 49 40 1 96 23 45 24 30 27 12 29 41 85 33 96 95 48 99 16 42 4 17 80 44 61 20 57 1 77 91 57 43 89 26 63 43 79 32 91 91 36 58 51 84 29 20 1 75 84 33 92 68 33 17 49 39 85 12 1 54 31 22 30 
94 51 61 20 64 34 31 11 34 61 14 49 55 87 39 57 65 88 16 35 56 61 88 98 62 15 44 95 62 95 50 6 7 4 44 43 47 79 44 13 10 96 25 40 33 16 21 21 31 38 67 32 46 7 94 100 60 33 11 31 39 95 97 10 20 95 8 66 36 23 27 63 71 86 16 12 1 92 18 44 30 24 49 79 95 30 100 68 85 32 5 17 30 95 86 8 37 57 54 23 79 72 28 32 10 58 26 8 50 26 87 60 69 56 38 61 96 25 11 58 32 60 45 25 64 37 61 1 
26 3 26 79 22 88 25 24 93 96 18 55 34 83 34 49 96 59 2 92 16 77 9 85 29 19 68 18 51 41 84 56 87 44 23 75 80 13 94 42 3 99 89 14 12 86 58 68 60 75 18 71 98 49 13 36 27 100 58 32 79 25 53 40 17 54 75 61 84 67 42 22 50 20 56 32 41 20 85 98 72 55 86 63 58 42 5 59 55 74 20 7 75 21 98 77 81 4 31 42 97 55 55 11 52 15 9 96 33 69 31 96 88 40 6 100 35 79 66 30 37 39 97 9 91 85 40 63 
35 11 25 99 38 96 74 16 19 53 63 6 71 11 38 9 42 50 3 54 17 47 40 67 89 85 80 7 35 83 49 8 40 65 90 58 2 31 30 63 74 67 68 52 22 67 82 78 100 59 46 60 90 11 81 36 94 97 88 16 47 21 68 61 54 46 89 3 28 73 65 86 56 50 96 36 92 43 83 43 75 44 10 89 32 16 79 33 1 50 77 20 71 67 20 46 12 46 55 55 44 62 90 50 41 7 48 91 51 40 38 89 97 82 33 34 52 26 49 79 87 51 39 81 7 72 75 88 
48 75 20 82 47 95 98 97 96 50 79 94 1 71 73 38 10 81 42 37 1 40 19 48 70 34 13 2 6 15 21 33 48 62 71 34 34 46 98 27 82 42 44 59 21 95 29 55 74 17 73 57 50 6 30 23 29 100 74 38 23 51 36 88 55 2 48 46 94 34 26 3 61 79 94 41 26 20 70 45 3 99 16 50 5 89 26 60 81 21 61 43 33 1 63 5 74 94 76 92 84 79 100 3 2 95 69 83 60 42 49 72 100 87 94 32 71 13 63 74 27 64 87 11 90 63 31 51 
27 93 61 54 56 6 90 73 1 44 12 48 55 29 10 70 15 60 44 90 32 38 82 3 6 76 86 30 61 59 3 35 69 67 91 90 49 53 8 34 96 92 71 20 43 87 75 8 42 51 14 34 67 4 88 74 61 11 80 36 69 38 80 16 81 71 72 93 37 4 83 39 34 89 5 23 94 45 21 92 70 11 7 4 73 35 96 81 93 66 42 64 19 53 67 53 21 79 17 65 72 58 68 6 30 74 74 16 98 24 17 71 57 26 73 73 27 58 94 20 36 24 78 18 58 8 55 9 
60 39 69 97 71 88 95 77 93 27 50 87 13 38 48 92 93 37 40 33 96 67 96 46 97 83 35 19 88 86 7 69 50 29 28 80 60 98 57 89 60 51 92 21 31 82 47 6 97 58 98 4 61 99 68 46 90 67 75 30 95 94 82 32 94 59 29 39 2 12 31 11 92 57 98 52 18 94 93 83 30 14 4 62 53 46 80 73 97 23 89 28 45 97 91 29 42 34 78 18 95 19 74 53 72 3 96 79 20 15 35 2 83 70 70 67 25 46 25 27 45 20 31 57 74 1 34 22 
71 100 90 46 75 34 50 58 14 71 72 74 38 69 81 51 14 34 67 59 18 91 81 92 20 64 49 66 54 16 87 65 13 75 13 67 35 33 65 91 44 68 32 87 58 94 58 86 93 55 18 75 75 20 16 66 31 9 91 93 58 50 60 40 59 44 66 72 77 96 35 79 11 55 100 21 11 91 86 3 27 43 60 84 52 28 9 56 83 96 2 55 9 17 69 84 19 80 37 88 72 57 16 75 25 94 47 67 11 93 11 38 12 11 81 12 43 48 6 69 51 97 36 93 25 23 35 80 
8 95 71 38 10 10 71 60 53 42 39 73 79 81 31 91 91 9 88 35 74 53 34 65 34 19 48 23 52 89 8 88 79 66 41 5 77 51 100 68 61 19 88 25 25 95 17 46 94 34 41 8 74 34 52 10 85 54 19 96 27 64 74 29 58 69 76 4 30 38 85 89 24 24 1 84 96 11 59 2 23 72 44 17 59 9 99 1 61 58 8 83 29 28 27 81 90 54 26 26 70 25 10 92 74 14 56 71 100 25 99 25 67 43 70 92 43 57 2 72 22 70 33 37 8 49 8 81 
59 4 14 55 58 28 16 8 36 50 72 68 66 63 45 90 91 47 69 75 13 97 73 28 41 64 72 69 47 95 93 5 68 37 7 67 8 11 67 65 13 55 29 90 85 47 83 57 79 43 91 33 31 98 11 15 95 66 20 52 33 72 45 57 82 27 79 72 62 69 90 28 57 85 47 32 61 30 8 51 69 89 18 53 65 18 90 25 58 59 2 81 75 91 9 63 87 22 94 6 86 82 45 7 86 24 74 28 11 43 90 3 4 80 41 95 95 72 4 85 66 89 71 30 61 19 23 32 
1 40 65 61 61 94 37 36 67 87 47 38 8 60 84 49 35 95 60 36 8 34 35 42 25 88 80 37 86 92 91 87 24 20 64 73 97 45 100 55 100 68 25 22 39 59 33 80 24 80 23 11 24 86 18 99 90 53 20 93 2 67 50 32 6 63 23 11 64 31 87 87 74 31 36 38 22 63 80 52 64 80 48 72 18 33 74 24 100 62 88 44 49 58 67 84 76 49 18 90 80 92 6 31 66 55 55 26 98 67 60 18 39 97 66 50 18 89 63 56 16 51 8 6 22 91 32 67 
55 44 7 31 51 79 83 58 64 88 74 48 27 64 96 82 60 42 13 73 86 1 43 79 57 77 5 98 26 94 16 52 4 40 27 65 60 81 41 66 24 8 61 8 25 55 54 52 13 63 65 91 2 46 72 92 53 11 63 45 25 1 36 94 45 12 50 55 9 78 55 43 76 79 36 3 73 4 13 2 17 8 63 13 28 16 67 21 91 47 25 4 29 15 28 10 7 20 68 8 5 29 100 69 29 49 94 45 26 97 58 54 7 39 53 52 98 84 71 31 46 51 1 37 85 52 46 50 
25 49 12 75 52 63 24 33 3 32 91 54 15 81 94 91 2 19 11 57 90 95 24 90 82 48 18 57 4 59 43 97 10 2 6 86 2 95 18 5 2 54 85 33 11 92 1 81 97 88 86 80 14 75 12 51 89 76 85 68 26 91 94 6 7 51 42 70 32 96 64 95 84 12 3 51 86 24 15 29 15 45 9 31 7 9 54 43 19 61 34 75 21 94 17 12 21 31 22 30 27 70 11 48 64 58 66 13 57 66 16 60 34 100 87 54 24 14 88 58 21 84 56 8 6 2 61 73 
53 67 46 65 71 8 55 56 10 52 84 57 51 58 72 17 72 53 41 90 93 75 1 71 23 6 47 54 90 90 100 2 58 85 88 51 63 91 9 32 72 27 87 50 90 69 22 48 73 90 46 59 17 3 2 21 91 9 89 53 56 52 63 91 64 57 70 30 96 76 96 6 38 84 26 9 84 50 94 29 99 38 17 24 27 77 71 51 71 13 24 41 7 82 98 22 67 4 48 12 7 97 89 88 94 68 41 74 91 32 34 30 50 74 63 1 35 18 69 20 57 42 49 67 42 74 5 53 
45 60 26 78 99 18 32 43 13 43 58 37 29 57 75 6 74 51 34 33 27 55 66 94 69 58 21 97 60 94 26 63 9 43 23 33 84 1 44 33 71 58 86 64 41 22 100 57 73 1 26 71 97 1 96 11 8 5 64 16 88 81 62 49 13 73 13 95 22 43 72 60 68 54 73 31 73 51 40 91 13 50 65 43 51 90 56 85 9 95 30 71 24 31 74 67 100 80 25 99 51 90 39 91 17 33 65 75 68 66 32 32 56 38 15 26 13 57 62 80 52 65 94 63 79 48 41 97 
78 10 9 21 41 14 69 38 88 88 21 24 58 70 23 6 46 78 22 17 31 95 9 77 71 78 45 45 13 82 85 1 25 22 99 23 99 14 78 92 82 15 63 75 11 7 49 88 53 8 3 78 6 58 11 10 97 92 33 95 38 23 49 49 62 43 85 69 78 92 63 16 79 27 1 46 59 58 19 22 84 82 37 6 59 98 23 68 29 36 22 61 71 53 16 77 51 97 41 69 88 93 31 28 9 11 13 95 38 92 10 66 52 79 47 40 68 82 87 78 35 98 66 69 25 19 80 31 
0.0 1.0 2.0 3.0 4.0 5.0 6.0 7.0 8.0 9.0 10.0 11.0 12.0 13.0 14.0 15.0 16.0 17.0 18.0 19.0 20.0 21.0 22.0 23.0 24.0 25.0 26.0 27.0 28.0 29.0 30.0 31.0 32.0 33.0 34.0 35.0 36.0 37.0 38.0 39.0 40.0 41.0 42.0 43.0 44.0 45.0 46.0 47.0 48.0 49.0 50.0 51.0 52.0 53.0 54.0 55.0 56.0 57.0 58.0 59.0 60.0 61.0 62.0 63.0 64.0 63.0 62.0 61.0 60.0 59.0 58.0 57.0 56.0 55.0 54.0 53.0 52.0 51.0 50.0 49.0 48.0 47.0 46.0 45.0 44.0 43.0 42.0 41.0 40.0 39.0 38.0 37.0 36.0 35.0 34.0 33.0 32.0 31.0 30.0 29.0 28.0 27.0 26.0 25.0 24.0 23.0 22.0 21.0 20.0 19.0 18.0 17.0 16.0 15.0 14.0 13.0 12.0 11.0 10.0 9.0 8.0 7.0 6.0 5.0 4.0 3.0 2.0 1.0 
1.0 0.0 1.0 2.0 3.0 4.0 5.0 6.0 7.0 8.0 9.0 10.0 11.0 12.0 13.0 14.0 15.0 16.0 17.0 18.0 19.0 20.0 21.0 22.0 23.0 24.0 25.0 26.0 27.0 28.0 29.0 30.0 31.0 32.0 33.0 34.0 35.0 36.0 37.0 38.0 39.0 40.0 41.0 42.0 43.0 44.0 45.0 46.0 47.0 48.0 49.0 50.0 51.0 52.0 53.0 54.0 55.0 56.0 57.0 58.0 59.0 60.0 61.0 62.0 63.0 64.0 63.0 62.0 61.0 60.0 59.0 58.0 57.0 56.0 55.0 54.0 53.0 52.0 51.0 50.0 49.0 48.0 47.0 46.0 45.0 44.0 43.0 42.0 41.0 40.0 39.0 38.0 37.0 36.0 35.0 34.0 33.0 32.0 31.0 30.0 29.0 28.0 27.0 26.0 25.0 24.0 23.0 22.0 21.0 20.0 19.0 18.0 17.0 16.0 15.0 14.0 13.0 12.0 11.0 10.0 9.0 8.0 7.0 6.0 5.0 4.0 3.0 2.0 
2.0 1.0 0.0 1.0 2.0 3.0 4.0 5.0 6.0 7.0 8.0 9.0 10.0 11.0 12.0 13.0 14.0 15.0 16.0 17.0 18.0 19.0 20.0 21.0 22.0 23.0 24.0 25.0 26.0 27.0 28.0 29.0 30.0 31.0 32.0 33.0 34.0 35.0 36.0 37.0 38.0 39.0 40.0 41.0 42.0 43.0 44.0 45.0 46.0 47.0 48.0 49.0 50.0 51.0 52.0 53.0 54.0 55.0 56.0 57.0 58.0 59.0 60.0 61.0 62.0 63.0 64.0 63.0 62.0 61.0 60.0 59.0 58.0 57.0 56.0 55.0 54.0 53.0 52.0 51.0 50.0 49.0 48.0 47.0 46.0 45.0 44.0 43.0 42.0 41.0 40.0 39.0 38.0 37.0 36.0 35.0 34.0 33.0 32.0 31.0 30.0 29.0 28.0 27.0 26.0 25.0 24.0 23.0 22.0 21.0 20.0 19.0 18.0 17.0 16.0 15.0 14.0 13.0 12.0 11.0 10.0 9.0 8.0 7.0 6.0 5.0 4.0 3.0 
3.0 2.0 1.0 0.0 1.0 2.0 3.0 4.0 5.0 6.0 7.0 8.0 9.0 10.0 11.0 12.0 13.0 14.0 15.0 16.0 17.0 18.0 19.0 20.0 21.0 22.0 23.0 24.0 25.0 26.0 27.0 28.0 29.0 30.0 31.0 32.0 33.0 34.0 35.0 36.0 37.0 38.0 39.0 40.0 41.0 42.0 43.0 44.0 45.0 46.0 47.0 48.0 49.0 50.0 51.0 52.0 53.0 54.0 55.0 56.0 57.0 58.0 59.0 60.0 61.0 62.0 63.0 64.0 63.0 62.0 61.0 60.0 59.0 58.0 57.0 56.0 55.0 54.0 53.0 52.0 51.0 50.0 49.0 48.0 47.0 46.0 45.0 44.0 43.0 42.0 41.0 40.0 39.0 38.0 37.0 36.0 35.0 34.0 33.0 32.0 31.0 30.0 29.0 28.0 27.0 26.0 25.0 24.0 23.0 22.0 21.0 20.0 19.0 18.0 17.0 16.0 15.0 14.0 13.0 12.0 11.0 10.0 9.0 8.0 7.0 6.0 5.0 4.0 
4.0 3.0 2.0 1.0 0.0 1.0 2.0 3.0 4.0 5.0 6.0 7.0 8.0 9.0 10.0 11.0 12.0 13.0 14.0 15.0 16.0 17.0 18.0 19.0 20.0 21.0 22.0 23.0 24.0 25.0 26.0 27.0 28.0 29.0 30.0 31.0 32.0 33.0 34.0 35.0 36.0 37.0 38.0 39.0 40.0 41.0 42.0 43.0 44.0 45.0 46.0 47.0 48.0 49.0 50.0 51.0 52.0 53.0 54.0 55.0 56.0 57.0 58.0 59.0 60.0 61.0 62.0 63.0 64.0 63.0 62.0 61.0 60.0 59.0 58.0 57.0 56.0 55.0 54.0 53.0 52.0 51.0 50.0 49.0 48.0 47.0 46.0 45.0 44.0 43.0 42.0 41.0 40.0 39.0 38.0 37.0 36.0 35.0 34.0 33.0 32.0 31.0 30.0 29.0 28.0 27.0 26.0 25.0 24.0 23.0 22.0 21.0 20.0 19.0 18.0 17.0 16.0 15.0 14.0 13.0 12.0 11.0 10.0 9.0 8.0 7.0 6.0 5.0 
5.0 4.0 3.0 2.0 1.0 0.0 1.0 2.0 3.0 4.0 5.0 6.0 7.0 8.0 9.0 10.0 11.0 12.0 13.0 14.0 15.0 16.0 17.0 18.0 19.0 20.0 21.0 22.0 23.0 24.0 25.0 26.0 27.0 28.0 29.0 30.0 31.0 32.0 33.0 34.0 35.0 36.0 37.0 38.0 39.0 40.0 41.0 42.0 43.0 44.0 45.0 46.0 47.0 48.0 49.0 50.0 51.0 52.0 53.0 54.0 55.0 56.0 57.0 58.0 59.0 60.0 61.0 62.0 63.0 64.0 63.0 62.0 61.0 60.0 59.0 58.0 57.0 56.0 55.0 54.0 53.0 52.0 51.0 50.0 49.0 48.0 47.0 46.0 45.0 44.0 43.0 42.0 41.0 40.0 39.0 38.0 37.0 36.0 35.0 34.0 33.0 32.0 31.0 30.0 29.0 28.0 27.0 26.0 25.0 24.0 23.0 22.0 21.0 20.0 19.0 18.0 17.0 16.0 15.0 14.0 13.0 12.0 11.0 10.0 9.0 8.0 7.0 6.0 
6.0 5.0 4.0 3.0 2.0 1.0 0.0 1.0 2.0 3.0 4.0 5.0 6.0 7.0 8.0 9.0 10.0 11.0 12.0 13.0 14.0 15.0 16.0 17.0 18.0 19.0 20.0 21.0 22.0 23.0 24.0 25.0 26.0 27.0 28.0 29.0 30.0 31.0 32.0 33.0 34.0 35.0 36.0 37.0 38.0 39.0 40.0 41.0 42.0 43.0 44.0 45.0 46.0 47.0 48.0 49.0 50.0 51.0 52.0 53.0 54.0 55.0 56.0 57.0 58.0 59.0 60.0 61.0 62.0 63.0 64.0 63.0 62.0 61.0 60.0 59.0 58.0 57.0 56.0 55.0 54.0 53.0 52.0 51.0 50.0 49.0 48.0 47.0 46.0 45.0 44.0 43.0 42.0 41.0 40.0 39.0 38.0 37.0 36.0 35.0 34.0 33.0 32.0 31.0 30.0 29.0 28.0 27.0 26.0 25.0 24.0 23.0 22.0 21.0 20.0 19.0 18.0 17.0 16.0 15.0 14.0 13.0 12.0 11.0 10.0 9.0 8.0 7.0 
7.0 6.0 5.0 4.0 3.0 2.0 1.0 0.0 1.0 2.0 3.0 4.0 5.0 6.0 7.0 8.0 9.0 10.0 11.0 12.0 13.0 14.0 15.0 16.0 17.0 18.0 19.0 20.0 21.0 22.0 23.0 24.0 25.0 26.0 27.0 28.0 29.0 30.0 31.0 32.0 33.0 34.0 35.0 36.0 37.0 38.0 39.0 40.0 41.0 42.0 43.0 44.0 45.0 46.0 47.0 48.0 49.0 50.0 51.0 52.0 53.0 54.0 55.0 56.0 57.0 58.0 59.0 60.0 61.0 62.0 63.0 64.0 63.0 62.0 61.0 60.0 59.0 58.0 57.0 56.0 55.0 54.0 53.0 52.0 51.0 50.0 49.0 48.0 47.0 46.0 45.0 44.0 43.0 42.0 41.0 40.0 39.0 38.0 37.0 36.0 35.0 34.0 33.0 32.0 31.0 30.0 29.0 28.0 27.0 26.0 25.0 24.0 23.0 22.0 21.0 20.0 19.0 18.0 17.0 16.0 15.0 14.0 13.0 12.0 11.0 10.0 9.0 8.0 
8.0 7.0 6.0 5.0 4.0 3.0 2.0 1.0 0.0 1.0 2.0 3.0 4.0 5.0 6.0 7.0 8.0 9.0 10.0 11.0 12.0 13.0 14.0 15.0 16.0 17.0 18.0 19.0 20.0 21.0 22.0 23.0 24.0 25.0 26.0 27.0 28.0 29.0 30.0 31.0 32.0 33.0 34.0 35.0 36.0 37.0 38.0 39.0 40.0 41.0 42.0 43.0 44.0 45.0 46.0 47.0 48.0 49.0 50.0 51.0 52.0 53.0 54.0 55.0 56.0 57.0 58.0 59.0 60.0 61.0 62.0 63.0 64.0 63.0 62.0 61.0 60.0 59.0 58.0 57.0 56.0 55.0 54.0 53.0 52.0 51.0 50.0 49.0 48.0 47.0 46.0 45.0 44.0 43.0 42.0 41.0 40.0 39.0 38.0 37.0 36.0 35.0 34.0 33.0 32.0 31.0 30.0 29.0 28.0 27.0 26.0 25.0 24.0 23.0 22.0 21.0 20.0 19.0 18.0 17.0 16.0 15.0 14.0 13.0 12.0 11.0 10.0 9.0 
9.0 8.0 7.0 6.0 5.0 4.0 3.0 2.0 1.0 0.0 1.0 2.0 3.0 4.0 5.0 6.0 7.0 8.0 9.0 10.0 11.0 12.0 13.0 14.0 15.0 16.0 17.0 18.0 19.0 20.0 21.0 22.0 23.0 24.0 25.0 26.0 27.0 28.0 29.0 30.0 31.0 32.0 33.0 34.0 35.0 36.0 37.0 38.0 39.0 40.0 41.0 42.0 43.0 44.0 45.0 46.0 47.0 48.0 49.0 50.0 51.0 52.0 53.0 54.0 55.0 56.0 57.0 58.0 59.0 60.0 61.0 62.0 63.0 64.0 63.0 62.0 61.0 60.0 59.0 58.0 57.0 56.0 55.0 54.0 53.0 52.0 51.0 50.0 49.0 48.0 47.0 46.0 45.0 44.0 43.0 42.0 41.0 40.0 39.0 38.0 37.0 36.0 35.0 34.0 33.0 32.0 31.0 30.0 29.0 28.0 27.0 26.0 25.0 24.0 23.0 22.0 21.0 20.0 19.0 18.0 17.0 16.0 15.0 14.0 13.0 12.0 11.0 10.0 
10.0 9.0 8.0 7.0 6.0 5.0 4.0 3.0 2.0 1.0 0.0 1.0 2.0 3.0 4.0 5.0 6.0 7.0 8.0 9.0 10.0 11.0 12.0 13.0 14.0 15.0 16.0 17.0 18.0 19.0 20.0 21.0 22.0 23.0 24.0 25.0 26.0 27.0 28.0 29.0 30.0 31.0 32.0 33.0 34.0 35.0 36.0 37.0 38.0 39.0 40.0 41.0 42.0 43.0 44.0 45.0 46.0 47.0 48.0 49.0 50.0 51.0 52.0 53.0 54.0 55.0 56.0 57.0 58.0 59.0 60.0 61.0 62.0 63.0 64.0 63.0 62.0 61.0 60.0 59.0 58.0 57.0 56.0 55.0 54.0 53.0 52.0 51.0 50.0 49.0 48.0 47.0 46.0 45.0 44.0 43.0 42.0 41.0 40.0 39.0 38.0 37.0 36.0 35.0 34.0 33.0 32.0 31.0 30.0 29.0 28.0 27.0 26.0 25.0 24.0 23.0 22.0 21.0 20.0 19.0 18.0 17.0 16.0 15.0 14.0 13.0 12.0 11.0 
11.0 10.0 9.0 8.0 7.0 6.0 5.0 4.0 3.0 2.0 1.0 0.0 1.0 2.0 3.0 4.0 5.0 6.0 7.0 8.0 9.0 10.0 11.0 12.0 13.0 14.0 15.0 16.0 17.0 18.0 19.0 20.0 21.0 22.0 23.0 24.0 25.0 26.0 27.0 28.0 29.0 30.0 31.0 32.0 33.0 34.0 35.0 36.0 37.0 38.0 39.0 40.0 41.0 42.0 43.0 44.0 45.0 46.0 47.0 48.0 49.0 50.0 51.0 52.0 53.0 54.0 55.0 56.0 57.0 58.0 59.0 60.0 61.0 62.0 63.0 64.0 63.0 62.0 61.0 60.0 59.0 58.0 57.0 56.0 55.0 54.0 53.0 52.0 51.0 50.0 49.0 48.0 47.0 46.0 45.0 44.0 43.0 42.0 41.0 40.0 39.0 38.0 37.0 36.0 35.0 34.0 33.0 32.0 31.0 30.0 29.0 28.0 27.0 26.0 25.0 24.0 23.0 22.0 21.0 20.0 19.0 18.0 17.0 16.0 15.0 14.0 13.0 12.0 
12.0 11.0 10.0 9.0 8.0 7.0 6.0 5.0 4.0 3.0 2.0 1.0 0.0 1.0 2.0 3.0 4.0 5.0 6.0 7.0 8.0 9.0 10.0 11.0 12.0 13.0 14.0 15.0 16.0 17.0 18.0 19.0 20.0 21.0 22.0 23.0 24.0 25.0 26.0 27.0 28.0 29.0 30.0 31.0 32.0 33.0 34.0 35.0 36.0 37.0 38.0 39.0 40.0 41.0 42.0 43.0 44.0 45.0 46.0 47.0 48.0 49.0 50.0 51.0 52.0 53.0 54.0 55.0 56.0 57.0 58.0 59.0 60.0 61.0 62.0 63.0 64.0 63.0 62.0 61.0 60.0 59.0 58.0 57.0 56.0 55.0 54.0 53.0 52.0 51.0 50.0 49.0 48.0 47.0 46.0 45.0 44.0 43.0 42.0 41.0 40.0 39.0 38.0 37.0 36.0 35.0 34.0 33.0 32.0 31.0 30.0 29.0 28.0 27.0 26.0 25.0 24.0 23.0 22.0 21.0 20.0 19.0 18.0 17.0 16.0 15.0 14.0 13.0 
13.0 12.0 11.0 10.0 9.0 8.0 7.0 6.0 5.0 4.0 3.0 2.0 1.0 0.0 1.0 2.0 3.0 4.0 5.0 6.0 7.0 8.0 9.0 10.0 11.0 12.0 13.0 14.0 15.0 16.0 17.0 18.0 19.0 20.0 21.0 22.0 23.0 24.0 25.0 26.0 27.0 28.0 29.0 30.0 31.0 32.0 33.0 34.0 35.0 36.0 37.0 38.0 39.0 40.0 41.0 42.0 43.0 44.0 45.0 46.0 47.0 48.0 49.0 50.0 51.0 52.0 53.0 54.0 55.0 56.0 57.0 58.0 59.0 60.0 61.0 62.0 63.0 64.0 63.0 62.0 61.0 60.0 59.0 58.0 57.0 56.0 55.0 54.0 53.0 52.0 51.0 50.0 49.0 48.0 47.0 46.0 45.0 44.0 43.0 42.0 41.0 40.0 39.0 38.0 37.0 36.0 35.0 34.0 33.0 32.0 31.0 30.0 29.0 28.0 27.0 26.0 25.0 24.0 23.0 22.0 21.0 20.0 19.0 18.0 17.0 16.0 15.0 14.0 
14.0 13.0 12.0 11.0 10.0 9.0 8.0 7.0 6.0 5.0 4.0 3.0 2.0 1.0 0.0 1.0 2.0 3.0 4.0 5.0 6.0 7.0 8.0 9.0 10.0 11.0 12.0 13.0 14.0 15.0 16.0 17.0 18.0 19.0 20.0 21.0 22.0 23.0 24.0 25.0 26.0 27.0 28.0 29.0 30.0 31.0 32.0 33.0 34.0 35.0 36.0 37.0 38.0 39.0 40.0 41.0 42.0 43.0 44.0 45.0 46.0 47.0 48.0 49.0 50.0 51.0 52.0 53.0 54.0 55.0 56.0 57.0 58.0 59.0 60.0 61.0 62.0 63.0 64.0 63.0 62.0 61.0 60.0 59.0 58.0 57.0 56.0 55.0 54.0 53.0 52.0 51.0 50.0 49.0 48.0 47.0 46.0 45.0 44.0 43.0 42.0 41.0 40.0 39.0 38.0 37.0 36.0 35.0 34.0 33.0 32.0 31.0 30.0 29.0 28.0 27.0 26.0 25.0 24.0 23.0 22.0 21.0 20.0 19.0 18.0 17.0 16.0 15.0 
15.0 14.0 13.0 12.0 11.0 10.0 9.0 8.0 7.0 6.0 5.0 4.0 3.0 2.0 1.0 0.0 1.0 2.0 3.0 4.0 5.0 6.0 7.0 8.0 9.0 10.0 11.0 12.0 13.0 14.0 15.0 16.0 17.0 18.0 19.0 20.0 21.0 22.0 23.0 24.0 25.0 26.0 27.0 28.0 29.0 30.0 31.0 32.0 33.0 34.0 35.0 36.0 37.0 38.0 39.0 40.0 41.0 42.0 43.0 44.0 45.0 46.0 47.0 48.0 49.0 50.0 51.0 52.0 53.0 54.0 55.0 56.0 57.0 58.0 59.0 60.0 61.0 62.0 63.0 64.0 63.0 62.0 61.0 60.0 59.0 58.0 57.0 56.0 55.0 54.0 53.0 52.0 51.0 50.0 49.0 48.0 47.0 46.0 45.0 44.0 43.0 42.0 41.0 40.0 39.0 38.0 37.0 36.0 35.0 34.0 33.0 32.0 31.0 30.0 29.0 28.0 27.0 26.0 25.0 24.0 23.0 22.0 21.0 20.0 19.0 18.0 17.0 16.0 
16.0 15.0 14.0 13.0 12.0 11.0 10.0 9.0 8.0 7.0 6.0 5.0 4.0 3.0 2.0 1.0 0.0 1.0 2.0 3.0 4.0 5.0 6.0 7.0 8.0 9.0 10.0 11.0 12.0 13.0 14.0 15.0 16.0 17.0 18.0 19.0 20.0 21.0 22.0 23.0 24.0 25.0 26.0 27.0 28.0 29.0 30.0 31.0 32.0 33.0 34.0 35.0 36.0 37.0 38.0 39.0 40.0 41.0 42.0 43.0 44.0 45.0 46.0 47.0 48.0 49.0 50.0 51.0 52.0 53.0 54.0 55.0 56.0 57.0 58.0 59.0 60.0 61.0 62.0 63.0 64.0 63.0 62.0 61.0 60.0 59.0 58.0 57.0 56.0 55.0 54.0 53.0 52.0 51.0 50.0 49.0 48.0 47.0 46.0 45.0 44.0 43.0 42.0 41.0 40.0 39.0 38.0 37.0 36.0 35.0 34.0 33.0 32.0 31.0 30.0 29.0 28.0 27.0 26.0 25.0 24.0 23.0 22.0 21.0 20.0 19.0 18.0 17.0 
17.0 16.0 15.0 14.0 13.0 12.0 11.0 10.0 9.0 8.0 7.0 6.0 5.0 4.0 3.0 2.0 1.0 0.0 1.0 2.0 3.0 4.0 5.0 6.0 7.0 8.0 9.0 10.0 11.0 12.0 13.0 14.0 15.0 16.0 17.0 18.0 19.0 20.0 21.0 22.0 23.0 24.0 25.0 26.0 27.0 28.0 29.0 30.0 31.0 32.0 33.0 34.0 35.0 36.0 37.0 38.0 39.0 40.0 41.0 42.0 43.0 44.0 45.0 46.0 47.0 48.0 49.0 50.0 51.0 52.0 53.0 54.0 55.0 56.0 57.0 58.0 59.0 60.0 61.0 62.0 63.0 64.0 63.0 62.0 61.0 60.0 59.0 58.0 57.0 56.0 55.0 54.0 53.0 52.0 51.0 50.0 49.0 48.0 47.0 46.0 45.0 44.0 43.0 42.0 41.0 40.0 39.0 38.0 37.0 36.0 35.0 34.0 33.0 32.0 31.0 30.0 29.0 28.0 27.0 26.0 25.0 24.0 23.0 22.0 21.0 20.0 19.0 18.0 
18.0 17.0 16.0 15.0 14.0 13.0 12.0 11.0 10.0 9.0 8.0 7.0 6.0 5.0 4.0 3.0 2.0 1.0 0.0 1.0 2.0 3.0 4.0 5.0 6.0 7.0 8.0 9.0 10.0 11.0 12.0 13.0 14.0 15.0 16.0 17.0 18.0 19.0 20.0 21.0 22.0 23.0 24.0 25.0 26.0 27.0 28.0 29.0 30.0 31.0 32.0 33.0 34.0 35.0 36.0 37.0 38.0 39.0 40.0 41.0 42.0 43.0 44.0 45.0 46.0 47.0 48.0 49.0 50.0 51.0 52.0 53.0 54.0 55.0 56.0 57.0 58.0 59.0 60.0 61.0 62.0 63.0 64.0 63.0 62.0 61.0 60.0 59.0 58.0 57.0 56.0 55.0 54.0 53.0 52.0 51.0 50.0 49.0 48.0 47.0 46.0 45.0 44.0 43.0 42.0 41.0 40.0 39.0 38.0 37.0 36.0 35.0 34.0 33.0 32.0 31.0 30.0 29.0 28.0 27.0 26.0 25.0 24.0 23.0 22.0 21.0 20.0 19.0 
19.0 18.0 17.0 16.0 15.0 14.0 13.0 12.0 11.0 10.0 9.0 8.0 7.0 6.0 5.0 4.0 3.0 2.0 1.0 0.0 1.0 2.0 3.0 4.0 5.0 6.0 7.0 8.0 9.0 10.0 11.0 12.0 13.0 14.0 15.0 16.0 17.0 18.0 19.0 20.0 21.0 22.0 23.0 24.0 25.0 26.0 27.0 28.0 29.0 30.0 31.0 32.0 33.0 34.0 35.0 36.0 37.0 38.0 39.0 40.0 41.0 42.0 43.0 44.0 45.0 46.0 47.0 48.0 49.0 50.0 51.0 52.0 53.0 54.0 55.0 56.0 57.0 58.0 59.0 60.0 61.0 62.0 63.0 64.0 63.0 62.0 61.0 60.0 59.0 58.0 57.0 56.0 55.0 54.0 53.0 52.0 51.0 50.0 49.0 48.0 47.0 46.0 45.0 44.0 43.0 42.0 41.0 40.0 39.0 38.0 37.0 36.0 35.0 34.0 33.0 32.0 31.0 30.0 29.0 28.0 27.0 26.0 25.0 24.0 23.0 22.0 21.0 20.0 
20.0 19.0 18.0 17.0 16.0 15.0 14.0 13.0 12.0 11.0 10.0 9.0 8.0 7.0 6.0 5.0 4.0 3.0 2.0 1.0 0.0 1.0 2.0 3.0 4.0 5.0 6.0 7.0 8.0 9.0 10.0 11.0 12.0 13.0 14.0 15.0 16.0 17.0 18.0 19.0 20.0 21.0 22.0 23.0 24.0 25.0 26.0 27.0 28.0 29.0 30.0 31.0 32.0 33.0 34.0 35.0 36.0 37.0 38.0 39.0 40.0 41.0 42.0 43.0 44.0 45.0 46.0 47.0 48.0 49.0 50.0 51.0 52.0 53.0 54.0 55.0 56.0 57.0 58.0 59.0 60.0 61.0 62.0 63.0 64.0 63.0 62.0 61.0 60.0 59.0 58.0 57.0 56.0 55.0 54.0 53.0 52.0 51.0 50.0 49.0 48.0 47.0 46.0 45.0 44.0 43.0 42.0 41.0 40.0 39.0 38.0 37.0 36.0 35.0 34.0 33.0 32.0 31.0 30.0 29.0 28.0 27.0 26.0 25.0 24.0 23.0 22.0 21.0 
21.0 20.0 19.0 18.0 17.0 16.0 15.0 14.0 13.0 12.0 11.0 10.0 9.0 8.0 7.0 6.0 5.0 4.0 3.0 2.0 1.0 0.0 1.0 2.0 3.0 4.0 5.0 6.0 7.0 8.0 9.0 10.0 11.0 12.0 13.0 14.0 15.0 16.0 17.0 18.0 19.0 20.0 21.0 22.0 23.0 24.0 25.0 26.0 27.0 28.0 29.0 30.0 31.0 32.0 33.0 34.0 35.0 36.0 37.0 38.0 39.0 40.0 41.0 42.0 43.0 44.0 45.0 46.0 47.0 48.0 49.0 50.0 51.0 52.0 53.0 54.0 55.0 56.0 57.0 58.0 59.0 60.0 61.0 62.0 63.0 64.0 63.0 62.0 61.0 60.0 59.0 58.0 57.0 56.0 55.0 54.0 53.0 52.0 51.0 50.0 49.0 48.0 47.0 46.0 45.0 44.0 43.0 42.0 41.0 40.0 39.0 38.0 37.0 36.0 35.0 34.0 33.0 32.0 31.0 30.0 29.0 28.0 27.0 26.0 25.0 24.0 23.0 22.0 
22.0 21.0 20.0 19.0 18.0 17.0 16.0 15.0 14.0 13.0 12.0 11.0 10.0 9.0 8.0 7.0 6.0 5.0 4.0 3.0 2.0 1.0 0.0 1.0 2.0 3.0 4.0 5.0 6.0 7.0 8.0 9.0 10.0 11.0 12.0 13.0 14.0 15.0 16.0 17.0 18.0 19.0 20.0 21.0 22.0 23.0 24.0 25.0 26.0 27.0 28.0 29.0 30.0 31.0 32.0 33.0 34.0 35.0 36.0 37.0 38.0 39.0 40.0 41.0 42.0 43.0 44.0 45.0 46.0 47.0 48.0 49.0 50.0 51.0 52.0 53.0 54.0 55.0 56.0 57.0 58.0 59.0 60.0 61.0 62.0 63.0 64.0 63.0 62.0 61.0 60.0 59.0 58.0 57.0 56.0 55.0 54.0 53.0 52.0 51.0 50.0 49.0 48.0 47.0 46.0 45.0 44.0 43.0 42.0 41.0 40.0 39.0 38.0 37.0 36.0 35.0 34.0 33.0 32.0 31.0 30.0 29.0 28.0 27.0 26.0 25.0 24.0 23.0 
23.0 22.0 21.0 20.0 19.0 18.0 17.0 16.0 15.0 14.0 13.0 12.0 11.0 10.0 9.0 8.0 7.0 6.0 5.0 4.0 3.0 2.0 1.0 0.0 1.0 2.0 3.0 4.0 5.0 6.0 7.0 8.0 9.0 10.0 11.0 12.0 13.0 14.0 15.0 16.0 17.0 18.0 19.0 20.0 21.0 22.0 23.0 24.0 25.0 26.0 27.0 28.0 29.0 30.0 31.0 32.0 33.0 34.0 35.0 36.0 37.0 38.0 39.0 40.0 41.0 42.0 43.0 44.0 45.0 46.0 47.0 48.0 49.0 50.0 51.0 52.0 53.0 54.0 55.0 56.0 57.0 58.0 59.0 60.0 61.0 62.0 63.0 64.0 63.0 62.0 61.0 60.0 59.0 58.0 57.0 56.0 55.0 54.0 53.0 52.0 51.0 50.0 49.0 48.0 47.0 46.0 45.0 44.0 43.0 42.0 41.0 40.0 39.0 38.0 37.0 36.0 35.0 34.0 33.0 32.0 31.0 30.0 29.0 28.0 27.0 26.0 25.0 24.0 
24.0 23.0 22.0 21.0 20.0 19.0 18.0 17.0 16.0 15.0 14.0 13.0 12.0 11.0 10.0 9.0 8.0 7.0 6.0 5.0 4.0 3.0 2.0 1.0 0.0 1.0 2.0 3.0 4.0 5.0 6.0 7.0 8.0 9.0 10.0 11.0 12.0 13.0 14.0 15.0 16.0 17.0 18.0 19.0 20.0 21.0 22.0 23.0 24.0 25.0 26.0 27.0 28.0 29.0 30.0 31.0 32.0 33.0 34.0 35.0 36.0 37.0 38.0 39.0 40.0 41.0 42.0 43.0 44.0 45.0 46.0 47.0 48.0 49.0 50.0 51.0 52.0 53.0 54.0 55.0 56.0 57.0 58.0 59.0 60.0 61.0 62.0 63.0 64.0 63.0 62.0 61.0 60.0 59.0 58.0 57.0 56.0 55.0 54.0 53.0 52.0 51.0 50.0 49.0 48.0 47.0 46.0 45.0 44.0 43.0 42.0 41.0 40.0 39.0 38.0 37.0 36.0 35.0 34.0 33.0 32.0 31.0 30.0 29.0 28.0 27.0 26.0 25.0 
25.0 24.0 23.0 22.0 21.0 20.0 19.0 18.0 17.0 16.0 15.0 14.0 13.0 12.0 11.0 10.0 9.0 8.0 7.0 6.0 5.0 4.0 3.0 2.0 1.0 0.0 1.0 2.0 3.0 4.0 5.0 6.0 7.0 8.0 9.0 10.0 11.0 12.0 13.0 14.0 15.0 16.0 17.0 18.0 19.0 20.0 21.0 22.0 23.0 24.0 25.0 26.0 27.0 28.0 29.0 30.0 31.0 32.0 33.0 34.0 35.0 36.0 37.0 38.0 39.0 40.0 41.0 42.0 43.0 44.0 45.0 46.0 47.0 48.0 49.0 50.0 51.0 52.0 53.0 54.0 55.0 56.0 57.0 58.0 59.0 60.0 61.0 62.0 63.0 64.0 63.0 62.0 61.0 60.0 59.0 58.0 57.0 56.0 55.0 54.0 53.0 52.0 51.0 50.0 49.0 48.0 47.0 46.0 45.0 44.0 43.0 42.0 41.0 40.0 39.0 38.0 37.0 36.0 35.0 34.0 33.0 32.0 31.0 30.0 29.0 28.0 27.0 26.0 
26.0 25.0 24.0 23.0 22.0 21.0 20.0 19.0 18.0 17.0 16.0 15.0 14.0 13.0 12.0 11.0 10.0 9.0 8.0 7.0 6.0 5.0 4.0 3.0 2.0 1.0 0.0 1.0 2.0 3.0 4.0 5.0 6.0 7.0 8.0 9.0 10.0 11.0 12.0 13.0 14.0 15.0 16.0 17.0 18.0 19.0 20.0 21.0 22.0 23.0 24.0 25.0 26.0 27.0 28.0 29.0 30.0 31.0 32.0 33.0 34.0 35.0 36.0 37.0 38.0 39.0 40.0 41.0 42.0 43.0 44.0 45.0 46.0 47.0 48.0 49.0 50.0 51.0 52.0 53.0 54.0 55.0 56.0 57.0 58.0 59.0 60.0 61.0 62.0 63.0 64.0 63.0 62.0 61.0 60.0 59.0 58.0 57.0 56.0 55.0 54.0 53.0 52.0 51.0 50.0 49.0 48.0 47.0 46.0 45.0 44.0 43.0 42.0 41.0 40.0 39.0 38.0 37.0 36.0 35.0 34.0 33.0 32.0 31.0 30.0 29.0 28.0 27.0 
27.0 26.0 25.0 24.0 23.0 22.0 21.0 20.0 19.0 18.0 17.0 16.0 15.0 14.0 13.0 12.0 11.0 10.0 9.0 8.0 7.0 6.0 5.0 4.0 3.0 2.0 1.0 0.0 1.0 2.0 3.0 4.0 5.0 6.0 7.0 8.0 9.0 10.0 11.0 12.0 13.0 14.0 15.0 16.0 17.0 18.0 19.0 20.0 21.0 22.0 23.0 24.0 25.0 26.0 27.0 28.0 29.0 30.0 31.0 32.0 33.0 34.0 35.0 36.0 37.0 38.0 39.0 40.0 41.0 42.0 43.0 44.0 45.0 46.0 47.0 48.0 49.0 50.0 51.0 52.0 53.0 54.0 55.0 56.0 57.0 58.0 59.0 60.0 61.0 62.0 63.0 64.0 63.0 62.0 61.0 60.0 59.0 58.0 57.0 56.0 55.0 54.0 53.0 52.0 51.0 50.0 49.0 48.0 47.0 46.0 45.0 44.0 43.0 42.0 41.0 40.0 39.0 38.0 37.0 36.0 35.0 34.0 33.0 32.0 31.0 30.0 29.0 28.0 
28.0 27.0 26.0 25.0 24.0 23.0 22.0 21.0 20.0 19.0 18.0 17.0 16.0 15.0 14.0 13.0 12.0 11.0 10.0 9.0 8.0 7.0 6.0 5.0 4.0 3.0 2.0 1.0 0.0 1.0 2.0 3.0 4.0 5.0 6.0 7.0 8.0 9.0 10.0 11.0 12.0 13.0 14.0 15.0 16.0 17.0 18.0 19.0 20.0 21.0 22.0 23.0 24.0 25.0 26.0 27.0 28.0 29.0 30.0 31.0 32.0 33.0 34.0 35.0 36.0 37.0 38.0 39.0 40.0 41.0 42.0 43.0 44.0 45.0 46.0 47.0 48.0 49.0 50.0 51.0 52.0 53.0 54.0 55.0 56.0 57.0 58.0 59.0 60.0 61.0 62.0 63.0 64.0 63.0 62.0 61.0 60.0 59.0 58.0 57.0 56.0 55.0 54.0 53.0 52.0 51.0 50.0 49.0 48.0 47.0 46.0 45.0 44.0 43.0 42.0 41.0 40.0 39.0 38.0 37.0 36.0 35.0 34.0 33.0 32.0 31.0 30.0 29.0 
29.0 28.0 27.0 26.0 25.0 24.0 23.0 22.0 21.0 20.0 19.0 18.0 17.0 16.0 15.0 14.0 13.0 12.0 11.0 10.0 9.0 8.0 7.0 6.0 5.0 4.0 3.0 2.0 1.0 0.0 1.0 2.0 3.0 4.0 5.0 6.0 7.0 8.0 9.0 10.0 11.0 12.0 13.0 14.0 15.0 16.0 17.0 18.0 19.0 20.0 21.0 22.0 23.0 24.0 25.0 26.0 27.0 28.0 29.0 30.0 31.0 32.0 33.0 34.0 35.0 36.0 37.0 38.0 39.0 40.0 41.0 42.0 43.0 44.0 45.0 46.0 47.0 48.0 49.0 50.0 51.0 52.0 53.0 54.0 55.0 56.0 57.0 58.0 59.0 60.0 61.0 62.0 63.0 64.0 63.0 62.0 61.0 60.0 59.0 58.0 57.0 56.0 55.0 54.0 53.0 52.0 51.0 50.0 49.0 48.0 47.0 46.0 45.0 44.0 43.0 42.0 41.0 40.0 39.0 38.0 37.0 36.0 35.0 34.0 33.0 32.0 31.0 30.0 
30.0 29.0 28.0 27.0 26.0 25.0 24.0 23.0 22.0 21.0 20.0 19.0 18.0 17.0 16.0 15.0 14.0 13.0 12.0 11.0 10.0 9.0 8.0 7.0 6.0 5.0 4.0 3.0 2.0 1.0 0.0 1.0 2.0 3.0 4.0 5.0 6.0 7.0 8.0 9.0 10.0 11.0 12.0 13.0 14.0 15.0 16.0 17.0 18.0 19.0 20.0 21.0 22.0 23.0 24.0 25.0 26.0 27.0 28.0 29.0 30.0 31.0 32.0 33.0 34.0 35.0 36.0 37.0 38.0 39.0 40.0 41.0 42.0 43.0 44.0 45.0 46.0 47.0 48.0 49.0 50.0 51.0 52.0 53.0 54.0 55.0 56.0 57.0 58.0 59.0 60.0 61.0 62.0 63.0 64.0 63.0 62.0 61.0 60.0 59.0 58.0 57.0 56.0 55.0 54.0 53.0 52.0 51.0 50.0 49.0 48.0 47.0 46.0 45.0 44.0 43.0 42.0 41.0 40.0 39.0 38.0 37.0 36.0 35.0 34.0 33.0 32.0 31.0 
31.0 30.0 29.0 28.0 27.0 26.0 25.0 24.0 23.0 22.0 21.0 20.0 19.0 18.0 17.0 16.0 15.0 14.0 13.0 12.0 11.0 10.0 9.0 8.0 7.0 6.0 5.0 4.0 3.0 2.0 1.0 0.0 1.0 2.0 3.0 4.0 5.0 6.0 7.0 8.0 9.0 10.0 11.0 12.0 13.0 14.0 15.0 16.0 17.0 18.0 19.0 20.0 21.0 22.0 23.0 24.0 25.0 26.0 27.0 28.0 29.0 30.0 31.0 32.0 33.0 34.0 35.0 36.0 37.0 38.0 39.0 40.0 41.0 42.0 43.0 44.0 45.0 46.0 47.0 48.0 49.0 50.0 51.0 52.0 53.0 54.0 55.0 56.0 57.0 58.0 59.0 60.0 61.0 62.0 63.0 64.0 63.0 62.0 61.0 60.0 59.0 58.0 57.0 56.0 55.0 54.0 53.0 52.0 51.0 50.0 49.0 48.0 47.0 46.0 45.0 44.0 43.0 42.0 41.0 40.0 39.0 38.0 37.0 36.0 35.0 34.0 33.0 32.0 
32.0 31.0 30.0 29.0 28.0 27.0 26.0 25.0 24.0 23.0 22.0 21.0 20.0 19.0 18.0 17.0 16.0 15.0 14.0 13.0 12.0 11.0 10.0 9.0 8.0 7.0 6.0 5.0 4.0 3.0 2.0 1.0 0.0 1.0 2.0 3.0 4.0 5.0 6.0 7.0 8.0 9.0 10.0 11.0 12.0 13.0 14.0 15.0 16.0 17.0 18.0 19.0 20.0 21.0 22.0 23.0 24.0 25.0 26.0 27.0 28.0 29.0 30.0 31.0 32.0 33.0 34.0 35.0 36.0 37.0 38.0 39.0 40.0 41.0 42.0 43.0 44.0 45.0 46.0 47.0 48.0 49.0 50.0 51.0 52.0 53.0 54.0 55.0 56.0 57.0 58.0 59.0 60.0 61.0 62.0 63.0 64.0 63.0 62.0 61.0 60.0 59.0 58.0 57.0 56.0 55.0 54.0 53.0 52.0 51.0 50.0 49.0 48.0 47.0 46.0 45.0 44.0 43.0 42.0 41.0 40.0 39.0 38.0 37.0 36.0 35.0 34.0 33.0 
33.0 32.0 31.0 30.0 29.0 28.0 27.0 26.0 25.0 24.0 23.0 22.0 21.0 20.0 19.0 18.0 17.0 16.0 15.0 14.0 13.0 12.0 11.0 10.0 9.0 8.0 7.0 6.0 5.0 4.0 3.0 2.0 1.0 0.0 1.0 2.0 3.0 4.0 5.0 6.0 7.0 8.0 9.0 10.0 11.0 12.0 13.0 14.0 15.0 16.0 17.0 18.0 19.0 20.0 21.0 22.0 23.0 24.0 25.0 26.0 27.0 28.0 29.0 30.0 31.0 32.0 33.0 34.0 35.0 36.0 37.0 38.0 39.0 40.0 41.0 42.0 43.0 44.0 45.0 46.0 47.0 48.0 49.0 50.0 51.0 52.0 53.0 54.0 55.0 56.0 57.0 58.0 59.0 60.0 61.0 62.0 63.0 64.0 63.0 62.0 61.0 60.0 59.0 58.0 57.0 56.0 55.0 54.0 53.0 52.0 51.0 50.0 49.0 48.0 47.0 46.0 45.0 44.0 43.0 42.0 41.0 40.0 39.0 38.0 37.0 36.0 35.0 34.0 
34.0 33.0 32.0 31.0 30.0 29.0 28.0 27.0 26.0 25.0 24.0 23.0 22.0 21.0 20.0 19.0 18.0 17.0 16.0 15.0 14.0 13.0 12.0 11.0 10.0 9.0 8.0 7.0 6.0 5.0 4.0 3.0 2.0 1.0 0.0 1.0 2.0 3.0 4.0 5.0 6.0 7.0 8.0 9.0 10.0 11.0 12.0 13.0 14.0 15.0 16.0 17.0 18.0 19.0 20.0 21.0 22.0 23.0 24.0 25.0 26.0 27.0 28.0 29.0 30.0 31.0 32.0 33.0 34.0 35.0 36.0 37.0 38.0 39.0 40.0 41.0 42.0 43.0 44.0 45.0 46.0 47.0 48.0 49.0 50.0 51.0 52.0 53.0 54.0 55.0 56.0 57.0 58.0 59.0 60.0 61.0 62.0 63.0 64.0 63.0 62.0 61.0 60.0 59.0 58.0 57.0 56.0 55.0 54.0 53.0 52.0 51.0 50.0 49.0 48.0 47.0 46.0 45.0 44.0 43.0 42.0 41.0 40.0 39.0 38.0 37.0 36.0 35.0 
35.0 34.0 33.0 32.0 31.0 30.0 29.0 28.0 27.0 26.0 25.0 24.0 23.0 22.0 21.0 20.0 19.0 18.0 17.0 16.0 15.0 14.0 13.0 12.0 11.0 10.0 9.0 8.0 7.0 6.0 5.0 4.0 3.0 2.0 1.0 0.0 1.0 2.0 3.0 4.0 5.0 6.0 7.0 8.0 9.0 10.0 11.0 12.0 13.0 14.0 15.0 16.0 17.0 18.0 19.0 20.0 21.0 22.0 23.0 24.0 25.0 26.0 27.0 28.0 29.0 30.0 31.0 32.0 33.0 34.0 35.0 36.0 37.0 38.0 39.0 40.0 41.0 42.0 43.0 44.0 45.0 46.0 47.0 48.0 49.0 50.0 51.0 52.0 53.0 54.0 55.0 56.0 57.0 58.0 59.0 60.0 61.0 62.0 63.0 64.0 63.0 62.0 61.0 60.0 59.0 58.0 57.0 56.0 55.0 54.0 53.0 52.0 51.0 50.0 49.0 48.0 47.0 46.0 45.0 44.0 43.0 42.0 41.0 40.0 39.0 38.0 37.0 36.0 
36.0 35.0 34.0 33.0 32.0 31.0 30.0 29.0 28.0 27.0 26.0 25.0 24.0 23.0 22.0 21.0 20.0 19.0 18.0 17.0 16.0 15.0 14.0 13.0 12.0 11.0 10.0 9.0 8.0 7.0 6.0 5.0 4.0 3.0 2.0 1.0 0.0 1.0 2.0 3.0 4.0 5.0 6.0 7.0 8.0 9.0 10.0 11.0 12.0 13.0 14.0 15.0 16.0 17.0 18.0 19.0 20.0 21.0 22.0 23.0 24.0 25.0 26.0 27.0 28.0 29.0 30.0 31.0 32.0 33.0 34.0 35.0 36.0 37.0 38.0 39.0 40.0 41.0 42.0 43.0 44.0 45.0 46.0 47.0 48.0 49.0 50.0 51.0 52.0 53.0 54.0 55.0 56.0 57.0 58.0 59.0 60.0 61.0 62.0 63.0 64.0 63.0 62.0 61.0 60.0 59.0 58.0 57.0 56.0 55.0 54.0 53.0 52.0 51.0 50.0 49.0 48.0 47.0 46.0 45.0 44.0 43.0 42.0 41.0 40.0 39.0 38.0 37.0 
37.0 36.0 35.0 34.0 33.0 32.0 31.0 30.0 29.0 28.0 27.0 26.0 25.0 24.0 23.0 22.0 21.0 20.0 19.0 18.0 17.0 16.0 15.0 14.0 13.0 12.0 11.0 10.0 9.0 8.0 7.0 6.0 5.0 4.0 3.0 2.0 1.0 0.0 1.0 2.0 3.0 4.0 5.0 6.0 7.0 8.0 9.0 10.0 11.0 12.0 13.0 14.0 15.0 16.0 17.0 18.0 19.0 20.0 21.0 22.0 23.0 24.0 25.0 26.0 27.0 28.0 29.0 30.0 31.0 32.0 33.0 34.0 35.0 36.0 37.0 38.0 39.0 40.0 41.0 42.0 43.0 44.0 45.0 46.0 47.0 48.0 49.0 50.0 51.0 52.0 53.0 54.0 55.0 56.0 57.0 58.0 59.0 60.0 61.0 62.0 63.0 64.0 63.0 62.0 61.0 60.0 59.0 58.0 57.0 56.0 55.0 54.0 53.0 52.0 51.0 50.0 49.0 48.0 47.0 46.0 45.0 44.0 43.0 42.0 41.0 40.0 39.0 38.0 
38.0 37.0 36.0 35.0 34.0 33.0 32.0 31.0 30.0 29.0 28.0 27.0 26.0 25.0 24.0 23.0 22.0 21.0 20.0 19.0 18.0 17.0 16.0 15.0 14.0 13.0 12.0 11.0 10.0 9.0 8.0 7.0 6.0 5.0 4.0 3.0 2.0 1.0 0.0 1.0 2.0 3.0 4.0 5.0 6.0 7.0 8.0 9.0 10.0 11.0 12.0 13.0 14.0 15.0 16.0 17.0 18.0 19.0 20.0 21.0 22.0 23.0 24.0 25.0 26.0 27.0 28.0 29.0 30.0 31.0 32.0 33.0 34.0 35.0 36.0 37.0 38.0 39.0 40.0 41.0 42.0 43.0 44.0 45.0 46.0 47.0 48.0 49.0 50.0 51.0 52.0 53.0 54.0 55.0 56.0 57.0 58.0 59.0 60.0 61.0 62.0 63.0 64.0 63.0 62.0 61.0 60.0 59.0 58.0 57.0 56.0 55.0 54.0 53.0 52.0 51.0 50.0 49.0 48.0 47.0 46.0 45.0 44.0 43.0 42.0 41.0 40.0 39.0 
39.0 38.0 37.0 36.0 35.0 34.0 33.0 32.0 31.0 30.0 29.0 28.0 27.0 26.0 25.0 24.0 23.0 22.0 21.0 20.0 19.0 18.0 17.0 16.0 15.0 14.0 13.0 12.0 11.0 10.0 9.0 8.0 7.0 6.0 5.0 4.0 3.0 2.0 1.0 0.0 1.0 2.0 3.0 4.0 5.0 6.0 7.0 8.0 9.0 10.0 11.0 12.0 13.0 14.0 15.0 16.0 17.0 18.0 19.0 20.0 21.0 22.0 23.0 24.0 25.0 26.0 27.0 28.0 29.0 30.0 31.0 32.0 33.0 34.0 35.0 36.0 37.0 38.0 39.0 40.0 41.0 42.0 43.0 44.0 45.0 46.0 47.0 48.0 49.0 50.0 51.0 52.0 53.0 54.0 55.0 56.0 57.0 58.0 59.0 60.0 61.0 62.0 63.0 64.0 63.0 62.0 61.0 60.0 59.0 58.0 57.0 56.0 55.0 54.0 53.0 52.0 51.0 50.0 49.0 48.0 47.0 46.0 45.0 44.0 43.0 42.0 41.0 40.0 
40.0 39.0 38.0 37.0 36.0 35.0 34.0 33.0 32.0 31.0 30.0 29.0 28.0 27.0 26.0 25.0 24.0 23.0 22.0 21.0 20.0 19.0 18.0 17.0 16.0 15.0 14.0 13.0 12.0 11.0 10.0 9.0 8.0 7.0 6.0 5.0 4.0 3.0 2.0 1.0 0.0 1.0 2.0 3.0 4.0 5.0 6.0 7.0 8.0 9.0 10.0 11.0 12.0 13.0 14.0 15.0 16.0 17.0 18.0 19.0 20.0 21.0 22.0 23.0 24.0 25.0 26.0 27.0 28.0 29.0 30.0 31.0 32.0 33.0 34.0 35.0 36.0 37.0 38.0 39.0 40.0 41.0 42.0 43.0 44.0 45.0 46.0 47.0 48.0 49.0 50.0 51.0 52.0 53.0 54.0 55.0 56.0 57.0 58.0 59.0 60.0 61.0 62.0 63.0 64.0 63.0 62.0 61.0 60.0 59.0 58.0 57.0 56.0 55.0 54.0 53.0 52.0 51.0 50.0 49.0 48.0 47.0 46.0 45.0 44.0 43.0 42.0 41.0 
41.0 40.0 39.0 38.0 37.0 36.0 35.0 34.0 33.0 32.0 31.0 30.0 29.0 28.0 27.0 26.0 25.0 24.0 23.0 22.0 21.0 20.0 19.0 18.0 17.0 16.0 15.0 14.0 13.0 12.0 11.0 10.0 9.0 8.0 7.0 6.0 5.0 4.0 3.0 2.0 1.0 0.0 1.0 2.0 3.0 4.0 5.0 6.0 7.0 8.0 9.0 10.0 11.0 12.0 13.0 14.0 15.0 16.0 17.0 18.0 19.0 20.0 21.0 22.0 23.0 24.0 25.0 26.0 27.0 28.0 29.0 30.0 31.0 32.0 33.0 34.0 35.0 36.0 37.0 38.0 39.0 40.0 41.0 42.0 43.0 44.0 45.0 46.0 47.0 48.0 49.0 50.0 51.0 52.0 53.0 54.0 55.0 56.0 57.0 58.0 59.0 60.0 61.0 62.0 63.0 64.0 63.0 62.0 61.0 60.0 59.0 58.0 57.0 56.0 55.0 54.0 53.0 52.0 51.0 50.0 49.0 48.0 47.0 46.0 45.0 44.0 43.0 42.0 
42.0 41.0 40.0 39.0 38.0 37.0 36.0 35.0 34.0 33.0 32.0 31.0 30.0 29.0 28.0 27.0 26.0 25.0 24.0 23.0 22.0 21.0 20.0 19.0 18.0 17.0 16.0 15.0 14.0 13.0 12.0 11.0 10.0 9.0 8.0 7.0 6.0 5.0 4.0 3.0 2.0 1.0 0.0 1.0 2.0 3.0 4.0 5.0 6.0 7.0 8.0 9.0 10.0 11.0 12.0 13.0 14.0 15.0 16.0 17.0 18.0 19.0 20.0 21.0 22.0 23.0 24.0 25.0 26.0 27.0 28.0 29.0 30.0 31.0 32.0 33.0 34.0 35.0 36.0 37.0 38.0 39.0 40.0 41.0 42.0 43.0 44.0 45.0 46.0 47.0 48.0 49.0 50.0 51.0 52.0 53.0 54.0 55.0 56.0 57.0 58.0 59.0 60.0 61.0 62.0 63.0 64.0 63.0 62.0 61.0 60.0 59.0 58.0 57.0 56.0 55.0 54.0 53.0 52.0 51.0 50.0 49.0 48.0 47.0 46.0 45.0 44.0 43.0 
43.0 42.0 41.0 40.0 39.0 38.0 37.0 36.0 35.0 34.0 33.0 32.0 31.0 30.0 29.0 28.0 27.0 26.0 25.0 24.0 23.0 22.0 21.0 20.0 19.0 18.0 17.0 16.0 15.0 14.0 13.0 12.0 11.0 10.0 9.0 8.0 7.0 6.0 5.0 4.0 3.0 2.0 1.0 0.0 1.0 2.0 3.0 4.0 5.0 6.0 7.0 8.0 9.0 10.0 11.0 12.0 13.0 14.0 15.0 16.0 17.0 18.0 19.0 20.0 21.0 22.0 23.0 24.0 25.0 26.0 27.0 28.0 29.0 30.0 31.0 32.0 33.0 34.0 35.0 36.0 37.0 38.0 39.0 40.0 41.0 42.0 43.0 44.0 45.0 46.0 47.0 48.0 49.0 50.0 51.0 52.0 53.0 54.0 55.0 56.0 57.0 58.0 59.0 60.0 61.0 62.0 63.0 64.0 63.0 62.0 61.0 60.0 59.0 58.0 57.0 56.0 55.0 54.0 53.0 52.0 51.0 50.0 49.0 48.0 47.0 46.0 45.0 44.0 
44.0 43.0 42.0 41.0 40.0 39.0 38.0 37.0 36.0 35.0 34.0 33.0 32.0 31.0 30.0 29.0 28.0 27.0 26.0 25.0 24.0 23.0 22.0 21.0 20.0 19.0 18.0 17.0 16.0 15.0 14.0 13.0 12.0 11.0 10.0 9.0 8.0 7.0 6.0 5.0 4.0 3.0 2.0 1.0 0.0 1.0 2.0 3.0 4.0 5.0 6.0 7.0 8.0 9.0 10.0 11.0 12.0 13.0 14.0 15.0 16.0 17.0 18.0 19.0 20.0 21.0 22.0 23.0 24.0 25.0 26.0 27.0 28.0 29.0 30.0 31.0 32.0 33.0 34.0 35.0 36.0 37.0 38.0 39.0 40.0 41.0 42.0 43.0 44.0 45.0 46.0 47.0 48.0 49.0 50.0 51.0 52.0 53.0 54.0 55.0 56.0 57.0 58.0 59.0 60.0 61.0 62.0 63.0 64.0 63.0 62.0 61.0 60.0 59.0 58.0 57.0 56.0 55.0 54.0 53.0 52.0 51.0 50.0 49.0 48.0 47.0 46.0 45.0 
45.0 44.0 43.0 42.0 41.0 40.0 39.0 38.0 37.0 36.0 35.0 34.0 33.0 32.0 31.0 30.0 29.0 28.0 27.0 26.0 25.0 24.0 23.0 22.0 21.0 20.0 19.0 18.0 17.0 16.0 15.0 14.0 13.0 12.0 11.0 10.0 9.0 8.0 7.0 6.0 5.0 4.0 3.0 2.0 1.0 0.0 1.0 2.0 3.0 4.0 5.0 6.0 7.0 8.0 9.0 10.0 11.0 12.0 13.0 14.0 15.0 16.0 17.0 18.0 19.0 20.0 21.0 22.0 23.0 24.0 25.0 26.0 27.0 28.0 29.0 30.0 31.0 32.0 33.0 34.0 35.0 36.0 37.0 38.0 39.0 40.0 41.0 42.0 43.0 44.0 45.0 46.0 47.0 48.0 49.0 50.0 51.0 52.0 53.0 54.0 55.0 56.0 57.0 58.0 59.0 60.0 61.0 62.0 63.0 64.0 63.0 62.0 61.0 60.0 59.0 58.0 57.0 56.0 55.0 54.0 53.0 52.0 51.0 50.0 49.0 48.0 47.0 46.0 
46.0 45.0 44.0 43.0 42.0 41.0 40.0 39.0 38.0 37.0 36.0 35.0 34.0 33.0 32.0 31.0 30.0 29.0 28.0 27.0 26.0 25.0 24.0 23.0 22.0 21.0 20.0 19.0 18.0 17.0 16.0 15.0 14.0 13.0 12.0 11.0 10.0 9.0 8.0 7.0 6.0 5.0 4.0 3.0 2.0 1.0 0.0 1.0 2.0 3.0 4.0 5.0 6.0 7.0 8.0 9.0 10.0 11.0 12.0 13.0 14.0 15.0 16.0 17.0 18.0 19.0 20.0 21.0 22.0 23.0 24.0 25.0 26.0 27.0 28.0 29.0 30.0 31.0 32.0 33.0 34.0 35.0 36.0 37.0 38.0 39.0 40.0 41.0 42.0 43.0 44.0 45.0 46.0 47.0 48.0 49.0 50.0 51.0 52.0 53.0 54.0 55.0 56.0 57.0 58.0 59.0 60.0 61.0 62.0 63.0 64.0 63.0 62.0 61.0 60.0 59.0 58.0 57.0 56.0 55.0 54.0 53.0 52.0 51.0 50.0 49.0 48.0 47.0 
47.0 46.0 45.0 44.0 43.0 42.0 41.0 40.0 39.0 38.0 37.0 36.0 35.0 34.0 33.0 32.0 31.0 30.0 29.0 28.0 27.0 26.0 25.0 24.0 23.0 22.0 21.0 20.0 19.0 18.0 17.0 16.0 15.0 14.0 13.0 12.0 11.0 10.0 9.0 8.0 7.0 6.0 5.0 4.0 3.0 2.0 1.0 0.0 1.0 2.0 3.0 4.0 5.0 6.0 7.0 8.0 9.0 10.0 11.0 12.0 13.0 14.0 15.0 16.0 17.0 18.0 19.0 20.0 21.0 22.0 23.0 24.0 25.0 26.0 27.0 28.0 29.0 30.0 31.0 32.0 33.0 34.0 35.0 36.0 37.0 38.0 39.0 40.0 41.0 42.0 43.0 44.0 45.0 46.0 47.0 48.0 49.0 50.0 51.0 52.0 53.0 54.0 55.0 56.0 57.0 58.0 59.0 60.0 61.0 62.0 63.0 64.0 63.0 62.0 61.0 60.0 59.0 58.0 57.0 56.0 55.0 54.0 53.0 52.0 51.0 50.0 49.0 48.0 
48.0 47.0 46.0 45.0 44.0 43.0 42.0 41.0 40.0 39.0 38.0 37.0 36.0 35.0 34.0 33.0 32.0 31.0 30.0 29.0 28.0 27.0 26.0 25.0 24.0 23.0 22.0 21.0 20.0 19.0 18.0 17.0 16.0 15.0 14.0 13.0 12.0 11.0 10.0 9.0 8.0 7.0 6.0 5.0 4.0 3.0 2.0 1.0 0.0 1.0 2.0 3.0 4.0 5.0 6.0 7.0 8.0 9.0 10.0 11.0 12.0 13.0 14.0 15.0 16.0 17.0 18.0 19.0 20.0 21.0 22.0 23.0 24.0 25.0 26.0 27.0 28.0 29.0 30.0 31.0 32.0 33.0 34.0 35.0 36.0 37.0 38.0 39.0 40.0 41.0 42.0 43.0 44.0 45.0 46.0 47.0 48.0 49.0 50.0 51.0 52.0 53.0 54.0 55.0 56.0 57.0 58.0 59.0 60.0 61.0 62.0 63.0 64.0 63.0 62.0 61.0 60.0 59.0 58.0 57.0 56.0 55.0 54.0 53.0 52.0 51.0 50.0 49.0 
49.0 48.0 47.0 46.0 45.0 44.0 43.0 42.0 41.0 40.0 39.0 38.0 37.0 36.0 35.0 34.0 33.0 32.0 31.0 30.0 29.0 28.0 27.0 26.0 25.0 24.0 23.0 22.0 21.0 20.0 19.0 18.0 17.0 16.0 15.0 14.0 13.0 12.0 11.0 10.0 9.0 8.0 7.0 6.0 5.0 4.0 3.0 2.0 1.0 0.0 1.0 2.0 3.0 4.0 5.0 6.0 7.0 8.0 9.0 10.0 11.0 12.0 13.0 14.0 15.0 16.0 17.0 18.0 19.0 20.0 21.0 22.0 23.0 24.0 25.0 26.0 27.0 28.0 29.0 30.0 31.0 32.0 33.0 34.0 35.0 36.0 37.0 38.0 39.0 40.0 41.0 42.0 43.0 44.0 45.0 46.0 47.0 48.0 49.0 50.0 51.0 52.0 53.0 54.0 55.0 56.0 57.0 58.0 59.0 60.0 61.0 62.0 63.0 64.0 63.0 62.0 61.0 60.0 59.0 58.0 57.0 56.0 55.0 54.0 53.0 52.0 51.0 50.0 
50.0 49.0 48.0 47.0 46.0 45.0 44.0 43.0 42.0 41.0 40.0 39.0 38.0 37.0 36.0 35.0 34.0 33.0 32.0 31.0 30.0 29.0 28.0 27.0 26.0 25.0 24.0 23.0 22.0 21.0 20.0 19.0 18.0 17.0 16.0 15.0 14.0 13.0 12.0 11.0 10.0 9.0 8.0 7.0 6.0 5.0 4.0 3.0 2.0 1.0 0.0 1.0 2.0 3.0 4.0 5.0 6.0 7.0 8.0 9.0 10.0 11.0 12.0 13.0 14.0 15.0 16.0 17.0 18.0 19.0 20.0 21.0 22.0 23.0 24.0 25.0 26.0 27.0 28.0 29.0 30.0 31.0 32.0 33.0 34.0 35.0 36.0 37.0 38.0 39.0 40.0 41.0 42.0 43.0 44.0 45.0 46.0 47.0 48.0 49.0 50.0 51.0 52.0 53.0 54.0 55.0 56.0 57.0 58.0 59.0 60.0 61.0 62.0 63.0 64.0 63.0 62.0 61.0 60.0 59.0 58.0 57.0 56.0 55.0 54.0 53.0 52.0 51.0 
51.0 50.0 49.0 48.0 47.0 46.0 45.0 44.0 43.0 42.0 41.0 40.0 39.0 38.0 37.0 36.0 35.0 34.0 33.0 32.0 31.0 30.0 29.0 28.0 27.0 26.0 25.0 24.0 23.0 22.0 21.0 20.0 19.0 18.0 17.0 16.0 15.0 14.0 13.0 12.0 11.0 10.0 9.0 8.0 7.0 6.0 5.0 4.0 3.0 2.0 1.0 0.0 1.0 2.0 3.0 4.0 5.0 6.0 7.0 8.0 9.0 10.0 11.0 12.0 13.0 14.0 15.0 16.0 17.0 18.0 19.0 20.0 21.0 22.0 23.0 24.0 25.0 26.0 27.0 28.0 29.0 30.0 31.0 32.0 33.0 34.0 35.0 36.0 37.0 38.0 39.0 40.0 41.0 42.0 43.0 44.0 45.0 46.0 47.0 48.0 49.0 50.0 51.0 52.0 53.0 54.0 55.0 56.0 57.0 58.0 59.0 60.0 61.0 62.0 63.0 64.0 63.0 62.0 61.0 60.0 59.0 58.0 57.0 56.0 55.0 54.0 53.0 52.0 
52.0 51.0 50.0 49.0 48.0 47.0 46.0 45.0 44.0 43.0 42.0 41.0 40.0 39.0 38.0 37.0 36.0 35.0 34.0 33.0 32.0 31.0 30.0 29.0 28.0 27.0 26.0 25.0 24.0 23.0 22.0 21.0 20.0 19.0 18.0 17.0 16.0 15.0 14.0 13.0 12.0 11.0 10.0 9.0 8.0 7.0 6.0 5.0 4.0 3.0 2.0 1.0 0.0 1.0 2.0 3.0 4.0 5.0 6.0 7.0 8.0 9.0 10.0 11.0 12.0 13.0 14.0 15.0 16.0 17.0 18.0 19.0 20.0 21.0 22.0 23.0 24.0 25.0 26.0 27.0 28.0 29.0 30.0 31.0 32.0 33.0 34.0 35.0 36.0 37.0 38.0 39.0 40.0 41.0 42.0 43.0 44.0 45.0 46.0 47.0 48.0 49.0 50.0 51.0 52.0 53.0 54.0 55.0 56.0 57.0 58.0 59.0 60.0 61.0 62.0 63.0 64.0 63.0 62.0 61.0 60.0 59.0 58.0 57.0 56.0 55.0 54.0 53.0 
53.0 52.0 51.0 50.0 49.0 48.0 47.0 46.0 45.0 44.0 43.0 42.0 41.0 40.0 39.0 38.0 37.0 36.0 35.0 34.0 33.0 32.0 31.0 30.0 29.0 28.0 27.0 26.0 25.0 24.0 23.0 22.0 21.0 20.0 19.0 18.0 17.0 16.0 15.0 14.0 13.0 12.0 11.0 10.0 9.0 8.0 7.0 6.0 5.0 4.0 3.0 2.0 1.0 0.0 1.0 2.0 3.0 4.0 5.0 6.0 7.0 8.0 9.0 10.0 11.0 12.0 13.0 14.0 15.0 16.0 17.0 18.0 19.0 20.0 21.0 22.0 23.0 24.0 25.0 26.0 27.0 28.0 29.0 30.0 31.0 32.0 33.0 34.0 35.0 36.0 37.0 38.0 39.0 40.0 41.0 42.0 43.0 44.0 45.0 46.0 47.0 48.0 49.0 50.0 51.0 52.0 53.0 54.0 55.0 56.0 57.0 58.0 59.0 60.0 61.0 62.0 63.0 64.0 63.0 62.0 61.0 60.0 59.0 58.0 57.0 56.0 55.0 54.0 
54.0 53.0 52.0 51.0 50.0 49.0 48.0 47.0 46.0 45.0 44.0 43.0 42.0 41.0 40.0 39.0 38.0 37.0 36.0 35.0 34.0 33.0 32.0 31.0 30.0 29.0 28.0 27.0 26.0 25.0 24.0 23.0 22.0 21.0 20.0 19.0 18.0 17.0 16.0 15.0 14.0 13.0 12.0 11.0 10.0 9.0 8.0 7.0 6.0 5.0 4.0 3.0 2.0 1.0 0.0 1.0 2.0 3.0 4.0 5.0 6.0 7.0 8.0 9.0 10.0 11.0 12.0 13.0 14.0 15.0 16.0 17.0 18.0 19.0 20.0 21.0 22.0 23.0 24.0 25.0 26.0 27.0 28.0 29.0 30.0 31.0 32.0 33.0 34.0 35.0 36.0 37.0 38.0 39.0 40.0 41.0 42.0 43.0 44.0 45.0 46.0 47.0 48.0 49.0 50.0 51.0 52.0 53.0 54.0 55.0 56.0 57.0 58.0 59.0 60.0 61.0 62.0 63.0 64.0 63.0 62.0 61.0 60.0 59.0 58.0 57.0 56.0 55.0 
55.0 54.0 53.0 52.0 51.0 50.0 49.0 48.0 47.0 46.0 45.0 44.0 43.0 42.0 41.0 40.0 39.0 38.0 37.0 36.0 35.0 34.0 33.0 32.0 31.0 30.0 29.0 28.0 27.0 26.0 25.0 24.0 23.0 22.0 21.0 20.0 19.0 18.0 17.0 16.0 15.0 14.0 13.0 12.0 11.0 10.0 9.0 8.0 7.0 6.0 5.0 4.0 3.0 2.0 1.0 0.0 1.0 2.0 3.0 4.0 5.0 6.0 7.0 8.0 9.0 10.0 11.0 12.0 13.0 14.0 15.0 16.0 17.0 18.0 19.0 20.0 21.0 22.0 23.0 24.0 25.0 26.0 27.0 28.0 29.0 30.0 31.0 32.0 33.0 34.0 35.0 36.0 37.0 38.0 39.0 40.0 41.0 42.0 43.0 44.0 45.0 46.0 47.0 48.0 49.0 50.0 51.0 52.0 53.0 54.0 55.0 56.0 57.0 58.0 59.0 60.0 61.0 62.0 63.0 64.0 63.0 62.0 61.0 60.0 59.0 58.0 57.0 56.0 
56.0 55.0 54.0 53.0 52.0 51.0 50.0 49.0 48.0 47.0 46.0 45.0 44.0 43.0 42.0 41.0 40.0 39.0 38.0 37.0 36.0 35.0 34.0 33.0 32.0 31.0 30.0 29.0 28.0 27.0 26.0 25.0 24.0 23.0 22.0 21.0 20.0 19.0 18.0 17.0 16.0 15.0 14.0 13.0 12.0 11.0 10.0 9.0 8.0 7.0 6.0 5.0 4.0 3.0 2.0 1.0 0.0 1.0 2.0 3.0 4.0 5.0 6.0 7.0 8.0 9.0 10.0 11.0 12.0 13.0 14.0 15.0 16.0 17.0 18.0 19.0 20.0 21.0 22.0 23.0 24.0 25.0 26.0 27.0 28.0 29.0 30.0 31.0 32.0 33.0 34.0 35.0 36.0 37.0 38.0 39.0 40.0 41.0 42.0 43.0 44.0 45.0 46.0 47.0 48.0 49.0 50.0 51.0 52.0 53.0 54.0 55.0 56.0 57.0 58.0 59.0 60.0 61.0 62.0 63.0 64.0 63.0 62.0 61.0 60.0 59.0 58.0 57.0 
57.0 56.0 55.0 54.0 53.0 52.0 51.0 50.0 49.0 48.0 47.0 46.0 45.0 44.0 43.0 42.0 41.0 40.0 39.0 38.0 37.0 36.0 35.0 34.0 33.0 32.0 31.0 30.0 29.0 28.0 27.0 26.0 25.0 24.0 23.0 22.0 21.0 20.0 19.0 18.0 17.0 16.0 15.0 14.0 13.0 12.0 11.0 10.0 9.0 8.0 7.0 6.0 5.0 4.0 3.0 2.0 1.0 0.0 1.0 2.0 3.0 4.0 5.0 6.0 7.0 8.0 9.0 10.0 11.0 12.0 13.0 14.0 15.0 16.0 17.0 18.0 19.0 20.0 21.0 22.0 23.0 24.0 25.0 26.0 27.0 28.0 29.0 30.0 31.0 32.0 33.0 34.0 35.0 36.0 37.0 38.0 39.0 40.0 41.0 42.0 43.0 44.0 45.0 46.0 47.0 48.0 49.0 50.0 51.0 52.0 53.0 54.0 55.0 56.0 57.0 58.0 59.0 60.0 61.0 62.0 63.0 64.0 63.0 62.0 61.0 60.0 59.0 58.0 
58.0 57.0 56.0 55.0 54.0 53.0 52.0 51.0 50.0 49.0 48.0 47.0 46.0 45.0 44.0 43.0 42.0 41.0 40.0 39.0 38.0 37.0 36.0 35.0 34.0 33.0 32.0 31.0 30.0 29.0 28.0 27.0 26.0 25.0 24.0 23.0 22.0 21.0 20.0 19.0 18.0 17.0 16.0 15.0 14.0 13.0 12.0 11.0 10.0 9.0 8.0 7.0 6.0 5.0 4.0 3.0 2.0 1.0 0.0 1.0 2.0 3.0 4.0 5.0 6.0 7.0 8.0 9.0 10.0 11.0 12.0 13.0 14.0 15.0 16.0 17.0 18.0 19.0 20.0 21.0 22.0 23.0 24.0 25.0 26.0 27.0 28.0 29.0 30.0 31.0 32.0 33.0 34.0 35.0 36.0 37.0 38.0 39.0 40.0 41.0 42.0 43.0 44.0 45.0 46.0 47.0 48.0 49.0 50.0 51.0 52.0 53.0 54.0 55.0 56.0 57.0 58.0 59.0 60.0 61.0 62.0 63.0 64.0 63.0 62.0 61.0 60.0 59.0 
59.0 58.0 57.0 56.0 55.0 54.0 53.0 52.0 51.0 50.0 49.0 48.0 47.0 46.0 45.0 44.0 43.0 42.0 41.0 40.0 39.0 38.0 37.0 36.0 35.0 34.0 33.0 32.0 31.0 30.0 29.0 28.0 27.0 26.0 25.0 24.0 23.0 22.0 21.0 20.0 19.0 18.0 17.0 16.0 15.0 14.0 13.0 12.0 11.0 10.0 9.0 8.0 7.0 6.0 5.0 4.0 3.0 2.0 1.0 0.0 1.0 2.0 3.0 4.0 5.0 6.0 7.0 8.0 9.0 10.0 11.0 12.0 13.0 14.0 15.0 16.0 17.0 18.0 19.0 20.0 21.0 22.0 23.0 24.0 25.0 26.0 27.0 28.0 29.0 30.0 31.0 32.0 33.0 34.0 35.0 36.0 37.0 38.0 39.0 40.0 41.0 42.0 43.0 44.0 45.0 46.0 47.0 48.0 49.0 50.0 51.0 52.0 53.0 54.0 55.0 56.0 57.0 58.0 59.0 60.0 61.0 62.0 63.0 64.0 63.0 62.0 61.0 60.0 
60.0 59.0 58.0 57.0 56.0 55.0 54.0 53.0 52.0 51.0 50.0 49.0 48.0 47.0 46.0 45.0 44.0 43.0 42.0 41.0 40.0 39.0 38.0 37.0 36.0 35.0 34.0 33.0 32.0 31.0 30.0 29.0 28.0 27.0 26.0 25.0 24.0 23.0 22.0 21.0 20.0 19.0 18.0 17.0 16.0 15.0 14.0 13.0 12.0 11.0 10.0 9.0 8.0 7.0 6.0 5.0 4.0 3.0 2.0 1.0 0.0 1.0 2.0 3.0 4.0 5.0 6.0 7.0 8.0 9.0 10.0 11.0 12.0 13.0 14.0 15.0 16.0 17.0 18.0 19.0 20.0 21.0 22.0 23.0 24.0 25.0 26.0 27.0 28.0 29.0 30.0 31.0 32.0 33.0 34.0 35.0 36.0 37.0 38.0 39.0 40.0 41.0 42.0 43.0 44.0 45.0 46.0 47.0 48.0 49.0 50.0 51.0 52.0 53.0 54.0 55.0 56.0 57.0 58.0 59.0 60.0 61.0 62.0 63.0 64.0 63.0 62.0 61.0 
61.0 60.0 59.0 58.0 57.0 56.0 55.0 54.0 53.0 52.0 51.0 50.0 49.0 48.0 47.0 46.0 45.0 44.0 43.0 42.0 41.0 40.0 39.0 38.0 37.0 36.0 35.0 34.0 33.0 32.0 31.0 30.0 29.0 28.0 27.0 26.0 25.0 24.0 23.0 22.0 21.0 20.0 19.0 18.0 17.0 16.0 15.0 14.0 13.0 12.0 11.0 10.0 9.0 8.0 7.0 6.0 5.0 4.0 3.0 2.0 1.0 0.0 1.0 2.0 3.0 4.0 5.0 6.0 7.0 8.0 9.0 10.0 11.0 12.0 13.0 14.0 15.0 16.0 17.0 18.0 19.0 20.0 21.0 22.0 23.0 24.0 25.0 26.0 27.0 28.0 29.0 30.0 31.0 32.0 33.0 34.0 35.0 36.0 37.0 38.0 39.0 40.0 41.0 42.0 43.0 44.0 45.0 46.0 47.0 48.0 49.0 50.0 51.0 52.0 53.0 54.0 55.0 56.0 57.0 58.0 59.0 60.0 61.0 62.0 63.0 64.0 63.0 62.0 
62.0 61.0 60.0 59.0 58.0 57.0 56.0 55.0 54.0 53.0 52.0 51.0 50.0 49.0 48.0 47.0 46.0 45.0 44.0 43.0 42.0 41.0 40.0 39.0 38.0 37.0 36.0 35.0 34.0 33.0 32.0 31.0 30.0 29.0 28.0 27.0 26.0 25.0 24.0 23.0 22.0 21.0 20.0 19.0 18.0 17.0 16.0 15.0 14.0 13.0 12.0 11.0 10.0 9.0 8.0 7.0 6.0 5.0 4.0 3.0 2.0 1.0 0.0 1.0 2.0 3.0 4.0 5.0 6.0 7.0 8.0 9.0 10.0 11.0 12.0 13.0 14.0 15.0 16.0 17.0 18.0 19.0 20.0 21.0 22.0 23.0 24.0 25.0 26.0 27.0 28.0 29.0 30.0 31.0 32.0 33.0 34.0 35.0 36.0 37.0 38.0 39.0 40.0 41.0 42.0 43.0 44.0 45.0 46.0 47.0 48.0 49.0 50.0 51.0 52.0 53.0 54.0 55.0 56.0 57.0 58.0 59.0 60.0 61.0 62.0 63.0 64.0 63.0 
63.0 62.0 61.0 60.0 59.0 58.0 57.0 56.0 55.0 54.0 53.0 52.0 51.0 50.0 49.0 48.0 47.0 46.0 45.0 44.0 43.0 42.0 41.0 40.0 39.0 38.0 37.0 36.0 35.0 34.0 33.0 32.0 31.0 30.0 29.0 28.0 27.0 26.0 25.0 24.0 23.0 22.0 21.0 20.0 19.0 18.0 17.0 16.0 15.0 14.0 13.0 12.0 11.0 10.0 9.0 8.0 7.0 6.0 5.0 4.0 3.0 2.0 1.0 0.0 1.0 2.0 3.0 4.0 5.0 6.0 7.0 8.0 9.0 10.0 11.0 12.0 13.0 14.0 15.0 16.0 17.0 18.0 19.0 20.0 21.0 22.0 23.0 24.0 25.0 26.0 27.0 28.0 29.0 30.0 31.0 32.0 33.0 34.0 35.0 36.0 37.0 38.0 39.0 40.0 41.0 42.0 43.0 44.0 45.0 46.0 47.0 48.0 49.0 50.0 51.0 52.0 53.0 54.0 55.0 56.0 57.0 58.0 59.0 60.0 61.0 62.0 63.0 64.0 
64.0 63.0 62.0 61.0 60.0 59.0 58.0 57.0 56.0 55.0 54.0 53.0 52.0 51.0 50.0 49.0 48.0 47.0 46.0 45.0 44.0 43.0 42.0 41.0 40.0 39.0 38.0 37.0 36.0 35.0 34.0 33.0 32.0 31.0 30.0 29.0 28.0 27.0 26.0 25.0 24.0 23.0 22.0 21.0 20.0 19.0 18.0 17.0 16.0 15.0 14.0 13.0 12.0 11.0 10.0 9.0 8.0 7.0 6.0 5.0 4.0 3.0 2.0 1.0 0.0 1.0 2.0 3.0 4.0 5.0 6.0 7.0 8.0 9.0 10.0 11.0 12.0 13.0 14.0 15.0 16.0 17.0 18.0 19.0 20.0 21.0 22.0 23.0 24.0 25.0 26.0 27.0 28.0 29.0 30.0 31.0 32.0 33.0 34.0 35.0 36.0 37.0 38.0 39.0 40.0 41.0 42.0 43.0 44.0 45.0 46.0 47.0 48.0 49.0 50.0 51.0 52.0 53.0 54.0 55.0 56.0 57.0 58.0 59.0 60.0 61.0 62.0 63.0 
63.0 64.0 63.0 62.0 61.0 60.0 59.0 58.0 57.0 56.0 55.0 54.0 53.0 52.0 51.0 50.0 49.0 48.0 47.0 46.0 45.0 44.0 43.0 42.0 41.0 40.0 39.0 38.0 37.0 36.0 35.0 34.0 33.0 32.0 31.0 30.0 29.0 28.0 27.0 26.0 25.0 24.0 23.0 22.0 21.0 20.0 19.0 18.0 17.0 16.0 15.0 14.0 13.0 12.0 11.0 10.0 9.0 8.0 7.0 6.0 5.0 4.0 3.0 2.0 1.0 0.0 1.0 2.0 3.0 4.0 5.0 6.0 7.0 8.0 9.0 10.0 11.0 12.0 13.0 14.0 15.0 16.0 17.0 18.0 19.0 20.0 21.0 22.0 23.0 24.0 25.0 26.0 27.0 28.0 29.0 30.0 31.0 32.0 33.0 34.0 35.0 36.0 37.0 38.0 39.0 40.0 41.0 42.0 43.0 44.0 45.0 46.0 47.0 48.0 49.0 50.0 51.0 52.0 53.0 54.0 55.0 56.0 57.0 58.0 59.0 60.0 61.0 62.0 
62.0 63.0 64.0 63.0 62.0 61.0 60.0 59.0 58.0 57.0 56.0 55.0 54.0 53.0 52.0 51.0 50.0 49.0 48.0 47.0 46.0 45.0 44.0 43.0 42.0 41.0 40.0 39.0 38.0 37.0 36.0 35.0 34.0 33.0 32.0 31.0 30.0 29.0 28.0 27.0 26.0 25.0 24.0 23.0 22.0 21.0 20.0 19.0 18.0 17.0 16.0 15.0 14.0 13.0 12.0 11.0 10.0 9.0 8.0 7.0 6.0 5.0 4.0 3.0 2.0 1.0 0.0 1.0 2.0 3.0 4.0 5.0 6.0 7.0 8.0 9.0 10.0 11.0 12.0 13.0 14.0 15.0 16.0 17.0 18.0 19.0 20.0 21.0 22.0 23.0 24.0 25.0 26.0 27.0 28.0 29.0 30.0 31.0 32.0 33.0 34.0 35.0 36.0 37.0 38.0 39.0 40.0 41.0 42.0 43.0 44.0 45.0 46.0 47.0 48.0 49.0 50.0 51.0 52.0 53.0 54.0 55.0 56.0 57.0 58.0 59.0 60.0 61.0 
61.0 62.0 63.0 64.0 63.0 62.0 61.0 60.0 59.0 58.0 57.0 56.0 55.0 54.0 53.0 52.0 51.0 50.0 49.0 48.0 47.0 46.0 45.0 44.0 43.0 42.0 41.0 40.0 39.0 38.0 37.0 36.0 35.0 34.0 33.0 32.0 31.0 30.0 29.0 28.0 27.0 26.0 25.0 24.0 23.0 22.0 21.0 20.0 19.0 18.0 17.0 16.0 15.0 14.0 13.0 12.0 11.0 10.0 9.0 8.0 7.0 6.0 5.0 4.0 3.0 2.0 1.0 0.0 1.0 2.0 3.0 4.0 5.0 6.0 7.0 8.0 9.0 10.0 11.0 12.0 13.0 14.0 15.0 16.0 17.0 18.0 19.0 20.0 21.0 22.0 23.0 24.0 25.0 26.0 27.0 28.0 29.0 30.0 31.0 32.0 33.0 34.0 35.0 36.0 37.0 38.0 39.0 40.0 41.0 42.0 43.0 44.0 45.0 46.0 47.0 48.0 49.0 50.0 51.0 52.0 53.0 54.0 55.0 56.0 57.0 58.0 59.0 60.0 
60.0 61.0 62.0 63.0 64.0 63.0 62.0 61.0 60.0 59.0 58.0 57.0 56.0 55.0 54.0 53.0 52.0 51.0 50.0 49.0 48.0 47.0 46.0 45.0 44.0 43.0 42.0 41.0 40.0 39.0 38.0 37.0 36.0 35.0 34.0 33.0 32.0 31.0 30.0 29.0 28.0 27.0 26.0 25.0 24.0 23.0 22.0 21.0 20.0 19.0 18.0 17.0 16.0 15.0 14.0 13.0 12.0 11.0 10.0 9.0 8.0 7.0 6.0 5.0 4.0 3.0 2.0 1.0 0.0 1.0 2.0 3.0 4.0 5.0 6.0 7.0 8.0 9.0 10.0 11.0 12.0 13.0 14.0 15.0 16.0 17.0 18.0 19.0 20.0 21.0 22.0 23.0 24.0 25.0 26.0 27.0 28.0 29.0 30.0 31.0 32.0 33.0 34.0 35.0 36.0 37.0 38.0 39.0 40.0 41.0 42.0 43.0 44.0 45.0 46.0 47.0 48.0 49.0 50.0 51.0 52.0 53.0 54.0 55.0 56.0 57.0 58.0 59.0 
59.0 60.0 61.0 62.0 63.0 64.0 63.0 62.0 61.0 60.0 59.0 58.0 57.0 56.0 55.0 54.0 53.0 52.0 51.0 50.0 49.0 48.0 47.0 46.0 45.0 44.0 43.0 42.0 41.0 40.0 39.0 38.0 37.0 36.0 35.0 34.0 33.0 32.0 31.0 30.0 29.0 28.0 27.0 26.0 25.0 24.0 23.0 22.0 21.0 20.0 19.0 18.0 17.0 16.0 15.0 14.0 13.0 12.0 11.0 10.0 9.0 8.0 7.0 6.0 5.0 4.0 3.0 2.0 1.0 0.0 1.0 2.0 3.0 4.0 5.0 6.0 7.0 8.0 9.0 10.0 11.0 12.0 13.0 14.0 15.0 16.0 17.0 18.0 19.0 20.0 21.0 22.0 23.0 24.0 25.0 26.0 27.0 28.0 29.0 30.0 31.0 32.0 33.0 34.0 35.0 36.0 37.0 38.0 39.0 40.0 41.0 42.0 43.0 44.0 45.0 46.0 47.0 48.0 49.0 50.0 51.0 52.0 53.0 54.0 55.0 56.0 57.0 58.0 
58.0 59.0 60.0 61.0 62.0 63.0 64.0 63.0 62.0 61.0 60.0 59.0 58.0 57.0 56.0 55.0 54.0 53.0 52.0 51.0 50.0 49.0 48.0 47.0 46.0 45.0 44.0 43.0 42.0 41.0 40.0 39.0 38.0 37.0 36.0 35.0 34.0 33.0 32.0 31.0 30.0 29.0 28.0 27.0 26.0 25.0 24.0 23.0 22.0 21.0 20.0 19.0 18.0 17.0 16.0 15.0 14.0 13.0 12.0 11.0 10.0 9.0 8.0 7.0 6.0 5.0 4.0 3.0 2.0 1.0 0.0 1.0 2.0 3.0 4.0 5.0 6.0 7.0 8.0 9.0 10.0 11.0 12.0 13.0 14.0 15.0 16.0 17.0 18.0 19.0 20.0 21.0 22.0 23.0 24.0 25.0 26.0 27.0 28.0 29.0 30.0 31.0 32.0 33.0 34.0 35.0 36.0 37.0 38.0 39.0 40.0 41.0 42.0 43.0 44.0 45.0 46.0 47.0 48.0 49.0 50.0 51.0 52.0 53.0 54.0 55.0 56.0 57.0 
57.0 58.0 59.0 60.0 61.0 62.0 63.0 64.0 63.0 62.0 61.0 60.0 59.0 58.0 57.0 56.0 55.0 54.0 53.0 52.0 51.0 50.0 49.0 48.0 47.0 46.0 45.0 44.0 43.0 42.0 41.0 40.0 39.0 38.0 37.0 36.0 35.0 34.0 33.0 32.0 31.0 30.0 29.0 28.0 27.0 26.0 25.0 24.0 23.0 22.0 21.0 20.0 19.0 18.0 17.0 16.0 15.0 14.0 13.0 12.0 11.0 10.0 9.0 8.0 7.0 6.0 5.0 4.0 3.0 2.0 1.0 0.0 1.0 2.0 3.0 4.0 5.0 6.0 7.0 8.0 9.0 10.0 11.0 12.0 13.0 14.0 15.0 16.0 17.0 18.0 19.0 20.0 21.0 22.0 23.0 24.0 25.0 26.0 27.0 28.0 29.0 30.0 31.0 32.0 33.0 34.0 35.0 36.0 37.0 38.0 39.0 40.0 41.0 42.0 43.0 44.0 45.0 46.0 47.0 48.0 49.0 50.0 51.0 52.0 53.0 54.0 55.0 56.0 
56.0 57.0 58.0 59.0 60.0 61.0 62.0 63.0 64.0 63.0 62.0 61.0 60.0 59.0 58.0 57.0 56.0 55.0 54.0 53.0 52.0 51.0 50.0 49.0 48.0 47.0 46.0 45.0 44.0 43.0 42.0 41.0 40.0 39.0 38.0 37.0 36.0 35.0 34.0 33.0 32.0 31.0 30.0 29.0 28.0 27.0 26.0 25.0 24.0 23.0 22.0 21.0 20.0 19.0 18.0 17.0 16.0 15.0 14.0 13.0 12.0 11.0 10.0 9.0 8.0 7.0 6.0 5.0 4.0 3.0 2.0 1.0 0.0 1.0 2.0 3.0 4.0 5.0 6.0 7.0 8.0 9.0 10.0 11.0 12.0 13.0 14.0 15.0 16.0 17.0 18.0 19.0 20.0 21.0 22.0 23.0 24.0 25.0 26.0 27.0 28.0 29.0 30.0 31.0 32.0 33.0 34.0 35.0 36.0 37.0 38.0 39.0 40.0 41.0 42.0 43.0 44.0 45.0 46.0 47.0 48.0 49.0 50.0 51.0 52.0 53.0 54.0 55.0 
55.0 56.0 57.0 58.0 59.0 60.0 61.0 62.0 63.0 64.0 63.0 62.0 61.0 60.0 59.0 58.0 57.0 56.0 55.0 54.0 53.0 52.0 51.0 50.0 49.0 48.0 47.0 46.0 45.0 44.0 43.0 42.0 41.0 40.0 39.0 38.0 37.0 36.0 35.0 34.0 33.0 32.0 31.0 30.0 29.0 28.0 27.0 26.0 25.0 24.0 23.0 22.0 21.0 20.0 19.0 18.0 17.0 16.0 15.0 14.0 13.0 12.0 11.0 10.0 9.0 8.0 7.0 6.0 5.0 4.0 3.0 2.0 1.0 0.0 1.0 2.0 3.0 4.0 5.0 6.0 7.0 8.0 9.0 10.0 11.0 12.0 13.0 14.0 15.0 16.0 17.0 18.0 19.0 20.0 21.0 22.0 23.0 24.0 25.0 26.0 27.0 28.0 29.0 30.0 31.0 32.0 33.0 34.0 35.0 36.0 37.0 38.0 39.0 40.0 41.0 42.0 43.0 44.0 45.0 46.0 47.0 48.0 49.0 50.0 51.0 52.0 53.0 54.0 
54.0 55.0 56.0 57.0 58.0 59.0 60.0 61.0 62.0 63.0 64.0 63.0 62.0 61.0 60.0 59.0 58.0 57.0 56.0 55.0 54.0 53.0 52.0 51.0 50.0 49.0 48.0 47.0 46.0 45.0 44.0 43.0 42.0 41.0 40.0 39.0 38.0 37.0 36.0 35.0 34.0 33.0 32.0 31.0 30.0 29.0 28.0 27.0 26.0 25.0 24.0 23.0 22.0 21.0 20.0 19.0 18.0 17.0 16.0 15.0 14.0 13.0 12.0 11.0 10.0 9.0 8.0 7.0 6.0 5.0 4.0 3.0 2.0 1.0 0.0 1.0 2.0 3.0 4.0 5.0 6.0 7.0 8.0 9.0 10.0 11.0 12.0 13.0 14.0 15.0 16.0 17.0 18.0 19.0 20.0 21.0 22.0 23.0 24.0 25.0 26.0 27.0 28.0 29.0 30.0 31.0 32.0 33.0 34.0 35.0 36.0 37.0 38.0 39.0 40.0 41.0 42.0 43.0 44.0 45.0 46.0 47.0 48.0 49.0 50.0 51.0 52.0 53.0 
53.0 54.0 55.0 56.0 57.0 58.0 59.0 60.0 61.0 62.0 63.0 64.0 63.0 62.0 61.0 60.0 59.0 58.0 57.0 56.0 55.0 54.0 53.0 52.0 51.0 50.0 49.0 48.0 47.0 46.0 45.0 44.0 43.0 42.0 41.0 40.0 39.0 38.0 37.0 36.0 35.0 34.0 33.0 32.0 31.0 30.0 29.0 28.0 27.0 26.0 25.0 24.0 23.0 22.0 21.0 20.0 19.0 18.0 17.0 16.0 15.0 14.0 13.0 12.0 11.0 10.0 9.0 8.0 7.0 6.0 5.0 4.0 3.0 2.0 1.0 0.0 1.0 2.0 3.0 4.0 5.0 6.0 7.0 8.0 9.0 10.0 11.0 12.0 13.0 14.0 15.0 16.0 17.0 18.0 19.0 20.0 21.0 22.0 23.0 24.0 25.0 26.0 27.0 28.0 29.0 30.0 31.0 32.0 33.0 34.0 35.0 36.0 37.0 38.0 39.0 40.0 41.0 42.0 43.0 44.0 45.0 46.0 47.0 48.0 49.0 50.0 51.0 52.0 
52.0 53.0 54.0 55.0 56.0 57.0 58.0 59.0 60.0 61.0 62.0 63.0 64.0 63.0 62.0 61.0 60.0 59.0 58.0 57.0 56.0 55.0 54.0 53.0 52.0 51.0 50.0 49.0 48.0 47.0 46.0 45.0 44.0 43.0 42.0 41.0 40.0 39.0 38.0 37.0 36.0 35.0 34.0 33.0 32.0 31.0 30.0 29.0 28.0 27.0 26.0 25.0 24.0 23.0 22.0 21.0 20.0 19.0 18.0 17.0 16.0 15.0 14.0 13.0 12.0 11.0 10.0 9.0 8.0 7.0 6.0 5.0 4.0 3.0 2.0 1.0 0.0 1.0 2.0 3.0 4.0 5.0 6.0 7.0 8.0 9.0 10.0 11.0 12.0 13.0 14.0 15.0 16.0 17.0 18.0 19.0 20.0 21.0 22.0 23.0 24.0 25.0 26.0 27.0 28.0 29.0 30.0 31.0 32.0 33.0 34.0 35.0 36.0 37.0 38.0 39.0 40.0 41.0 42.0 43.0 44.0 45.0 46.0 47.0 48.0 49.0 50.0 51.0 
51.0 52.0 53.0 54.0 55.0 56.0 57.0 58.0 59.0 60.0 61.0 62.0 63.0 64.0 63.0 62.0 61.0 60.0 59.0 58.0 57.0 56.0 55.0 54.0 53.0 52.0 51.0 50.0 49.0 48.0 47.0 46.0 45.0 44.0 43.0 42.0 41.0 40.0 39.0 38.0 37.0 36.0 35.0 34.0 33.0 32.0 31.0 30.0 29.0 28.0 27.0 26.0 25.0 24.0 23.0 22.0 21.0 20.0 19.0 18.0 17.0 16.0 15.0 14.0 13.0 12.0 11.0 10.0 9.0 8.0 7.0 6.0 5.0 4.0 3.0 2.0 1.0 0.0 1.0 2.0 3.0 4.0 5.0 6.0 7.0 8.0 9.0 10.0 11.0 12.0 13.0 14.0 15.0 16.0 17.0 18.0 19.0 20.0 21.0 22.0 23.0 24.0 25.0 26.0 27.0 28.0 29.0 30.0 31.0 32.0 33.0 34.0 35.0 36.0 37.0 38.0 39.0 40.0 41.0 42.0 43.0 44.0 45.0 46.0 47.0 48.0 49.0 50.0 
50.0 51.0 52.0 53.0 54.0 55.0 56.0 57.0 58.0 59.0 60.0 61.0 62.0 63.0 64.0 63.0 62.0 61.0 60.0 59.0 58.0 57.0 56.0 55.0 54.0 53.0 52.0 51.0 50.0 49.0 48.0 47.0 46.0 45.0 44.0 43.0 42.0 41.0 40.0 39.0 38.0 37.0 36.0 35.0 34.0 33.0 32.0 31.0 30.0 29.0 28.0 27.0 26.0 25.0 24.0 23.0 22.0 21.0 20.0 19.0 18.0 17.0 16.0 15.0 14.0 13.0 12.0 11.0 10.0 9.0 8.0 7.0 6.0 5.0 4.0 3.0 2.0 1.0 0.0 1.0 2.0 3.0 4.0 5.0 6.0 7.0 8.0 9.0 10.0 11.0 12.0 13.0 14.0 15.0 16.0 17.0 18.0 19.0 20.0 21.0 22.0 23.0 24.0 25.0 26.0 27.0 28.0 29.0 30.0 31.0 32.0 33.0 34.0 35.0 36.0 37.0 38.0 39.0 40.0 41.0 42.0 43.0 44.0 45.0 46.0 47.0 48.0 49.0 
49.0 50.0 51.0 52.0 53.0 54.0 55.0 56.0 57.0 58.0 59.0 60.0 61.0 62.0 63.0 64.0 63.0 62.0 61.0 60.0 59.0 58.0 57.0 56.0 55.0 54.0 53.0 52.0 51.0 50.0 49.0 48.0 47.0 46.0 45.0 44.0 43.0 42.0 41.0 40.0 39.0 38.0 37.0 36.0 35.0 34.0 33.0 32.0 31.0 30.0 29.0 28.0 27.0 26.0 25.0 24.0 23.0 22.0 21.0 20.0 19.0 18.0 17.0 16.0 15.0 14.0 13.0 12.0 11.0 10.0 9.0 8.0 7.0 6.0 5.0 4.0 3.0 2.0 1.0 0.0 1.0 2.0 3.0 4.0 5.0 6.0 7.0 8.0 9.0 10.0 11.0 12.0 13.0 14.0 15.0 16.0 17.0 18.0 19.0 20.0 21.0 22.0 23.0 24.0 25.0 26.0 27.0 28.0 29.0 30.0 31.0 32.0 33.0 34.0 35.0 36.0 37.0 38.0 39.0 40.0 41.0 42.0 43.0 44.0 45.0 46.0 47.0 48.0 
48.0 49.0 50.0 51.0 52.0 53.0 54.0 55.0 56.0 57.0 58.0 59.0 60.0 61.0 62.0 63.0 64.0 63.0 62.0 61.0 60.0 59.0 58.0 57.0 56.0 55.0 54.0 53.0 52.0 51.0 50.0 49.0 48.0 47.0 46.0 45.0 44.0 43.0 42.0 41.0 40.0 39.0 38.0 37.0 36.0 35.0 34.0 33.0 32.0 31.0 30.0 29.0 28.0 27.0 26.0 25.0 24.0 23.0 22.0 21.0 20.0 19.0 18.0 17.0 16.0 15.0 14.0 13.0 12.0 11.0 10.0 9.0 8.0 7.0 6.0 5.0 4.0 3.0 2.0 1.0 0.0 1.0 2.0 3.0 4.0 5.0 6.0 7.0 8.0 9.0 10.0 11.0 12.0 13.0 14.0 15.0 16.0 17.0 18.0 19.0 20.0 21.0 22.0 23.0 24.0 25.0 26.0 27.0 28.0 29.0 30.0 31.0 32.0 33.0 34.0 35.0 36.0 37.0 38.0 39.0 40.0 41.0 42.0 43.0 44.0 45.0 46.0 47.0 
47.0 48.0 49.0 50.0 51.0 52.0 53.0 54.0 55.0 56.0 57.0 58.0 59.0 60.0 61.0 62.0 63.0 64.0 63.0 62.0 61.0 60.0 59.0 58.0 57.0 56.0 55.0 54.0 53.0 52.0 51.0 50.0 49.0 48.0 47.0 46.0 45.0 44.0 43.0 42.0 41.0 40.0 39.0 38.0 37.0 36.0 35.0 34.0 33.0 32.0 31.0 30.0 29.0 28.0 27.0 26.0 25.0 24.0 23.0 22.0 21.0 20.0 19.0 18.0 17.0 16.0 15.0 14.0 13.0 12.0 11.0 10.0 9.0 8.0 7.0 6.0 5.0 4.0 3.0 2.0 1.0 0.0 1.0 2.0 3.0 4.0 5.0 6.0 7.0 8.0 9.0 10.0 11.0 12.0 13.0 14.0 15.0 16.0 17.0 18.0 19.0 20.0 21.0 22.0 23.0 24.0 25.0 26.0 27.0 28.0 29.0 30.0 31.0 32.0 33.0 34.0 35.0 36.0 37.0 38.0 39.0 40.0 41.0 42.0 43.0 44.0 45.0 46.0 
46.0 47.0 48.0 49.0 50.0 51.0 52.0 53.0 54.0 55.0 56.0 57.0 58.0 59.0 60.0 61.0 62.0 63.0 64.0 63.0 62.0 61.0 60.0 59.0 58.0 57.0 56.0 55.0 54.0 53.0 52.0 51.0 50.0 49.0 48.0 47.0 46.0 45.0 44.0 43.0 42.0 41.0 40.0 39.0 38.0 37.0 36.0 35.0 34.0 33.0 32.0 31.0 30.0 29.0 28.0 27.0 26.0 25.0 24.0 23.0 22.0 21.0 20.0 19.0 18.0 17.0 16.0 15.0 14.0 13.0 12.0 11.0 10.0 9.0 8.0 7.0 6.0 5.0 4.0 3.0 2.0 1.0 0.0 1.0 2.0 3.0 4.0 5.0 6.0 7.0 8.0 9.0 10.0 11.0 12.0 13.0 14.0 15.0 16.0 17.0 18.0 19.0 20.0 21.0 22.0 23.0 24.0 25.0 26.0 27.0 28.0 29.0 30.0 31.0 32.0 33.0 34.0 35.0 36.0 37.0 38.0 39.0 40.0 41.0 42.0 43.0 44.0 45.0 
45.0 46.0 47.0 48.0 49.0 50.0 51.0 52.0 53.0 54.0 55.0 56.0 57.0 58.0 59.0 60.0 61.0 62.0 63.0 64.0 63.0 62.0 61.0 60.0 59.0 58.0 57.0 56.0 55.0 54.0 53.0 52.0 51.0 50.0 49.0 48.0 47.0 46.0 45.0 44.0 43.0 42.0 41.0 40.0 39.0 38.0 37.0 36.0 35.0 34.0 33.0 32.0 31.0 30.0 29.0 28.0 27.0 26.0 25.0 24.0 23.0 22.0 21.0 20.0 19.0 18.0 17.0 16.0 15.0 14.0 13.0 12.0 11.0 10.0 9.0 8.0 7.0 6.0 5.0 4.0 3.0 2.0 1.0 0.0 1.0 2.0 3.0 4.0 5.0 6.0 7.0 8.0 9.0 10.0 11.0 12.0 13.0 14.0 15.0 16.0 17.0 18.0 19.0 20.0 21.0 22.0 23.0 24.0 25.0 26.0 27.0 28.0 29.0 30.0 31.0 32.0 33.0 34.0 35.0 36.0 37.0 38.0 39.0 40.0 41.0 42.0 43.0 44.0 
44.0 45.0 46.0 47.0 48.0 49.0 50.0 51.0 52.0 53.0 54.0 55.0 56.0 57.0 58.0 59.0 60.0 61.0 62.0 63.0 64.0 63.0 62.0 61.0 60.0 59.0 58.0 57.0 56.0 55.0 54.0 53.0 52.0 51.0 50.0 49.0 48.0 47.0 46.0 45.0 44.0 43.0 42.0 41.0 40.0 39.0 38.0 37.0 36.0 35.0 34.0 33.0 32.0 31.0 30.0 29.0 28.0 27.0 26.0 25.0 24.0 23.0 22.0 21.0 20.0 19.0 18.0 17.0 16.0 15.0 14.0 13.0 12.0 11.0 10.0 9.0 8.0 7.0 6.0 5.0 4.0 3.0 2.0 1.0 0.0 1.0 2.0 3.0 4.0 5.0 6.0 7.0 8.0 9.0 10.0 11.0 12.0 13.0 14.0 15.0 16.0 17.0 18.0 19.0 20.0 21.0 22.0 23.0 24.0 25.0 26.0 27.0 28.0 29.0 30.0 31.0 32.0 33.0 34.0 35.0 36.0 37.0 38.0 39.0 40.0 41.0 42.0 43.0 
43.0 44.0 45.0 46.0 47.0 48.0 49.0 50.0 51.0 52.0 53.0 54.0 55.0 56.0 57.0 58.0 59.0 60.0 61.0 62.0 63.0 64.0 63.0 62.0 61.0 60.0 59.0 58.0 57.0 56.0 55.0 54.0 53.0 52.0 51.0 50.0 49.0 48.0 47.0 46.0 45.0 44.0 43.0 42.0 41.0 40.0 39.0 38.0 37.0 36.0 35.0 34.0 33.0 32.0 31.0 30.0 29.0 28.0 27.0 26.0 25.0 24.0 23.0 22.0 21.0 20.0 19.0 18.0 17.0 16.0 15.0 14.0 13.0 12.0 11.0 10.0 9.0 8.0 7.0 6.0 5.0 4.0 3.0 2.0 1.0 0.0 1.0 2.0 3.0 4.0 5.0 6.0 7.0 8.0 9.0 10.0 11.0 12.0 13.0 14.0 15.0 16.0 17.0 18.0 19.0 20.0 21.0 22.0 23.0 24.0 25.0 26.0 27.0 28.0 29.0 30.0 31.0 32.0 33.0 34.0 35.0 36.0 37.0 38.0 39.0 40.0 41.0 42.0 
42.0 43.0 44.0 45.0 46.0 47.0 48.0 49.0 50.0 51.0 52.0 53.0 54.0 55.0 56.0 57.0 58.0 59.0 60.0 61.0 62.0 63.0 64.0 63.0 62.0 61.0 60.0 59.0 58.0 57.0 56.0 55.0 54.0 53.0 52.0 51.0 50.0 49.0 48.0 47.0 46.0 45.0 44.0 43.0 42.0 41.0 40.0 39.0 38.0 37.0 36.0 35.0 34.0 33.0 32.0 31.0 30.0 29.0 28.0 27.0 26.0 25.0 24.0 23.0 22.0 21.0 20.0 19.0 18.0 17.0 16.0 15.0 14.0 13.0 12.0 11.0 10.0 9.0 8.0 7.0 6.0 5.0 4.0 3.0 2.0 1.0 0.0 1.0 2.0 3.0 4.0 5.0 6.0 7.0 8.0 9.0 10.0 11.0 12.0 13.0 14.0 15.0 16.0 17.0 18.0 19.0 20.0 21.0 22.0 23.0 24.0 25.0 26.0 27.0 28.0 29.0 30.0 31.0 32.0 33.0 34.0 35.0 36.0 37.0 38.0 39.0 40.0 41.0 
41.0 42.0 43.0 44.0 45.0 46.0 47.0 48.0 49.0 50.0 51.0 52.0 53.0 54.0 55.0 56.0 57.0 58.0 59.0 60.0 61.0 62.0 63.0 64.0 63.0 62.0 61.0 60.0 59.0 58.0 57.0 56.0 55.0 54.0 53.0 52.0 51.0 50.0 49.0 48.0 47.0 46.0 45.0 44.0 43.0 42.0 41.0 40.0 39.0 38.0 37.0 36.0 35.0 34.0 33.0 32.0 31.0 30.0 29.0 28.0 27.0 26.0 25.0 24.0 23.0 22.0 21.0 20.0 19.0 18.0 17.0 16.0 15.0 14.0 13.0 12.0 11.0 10.0 9.0 8.0 7.0 6.0 5.0 4.0 3.0 2.0 1.0 0.0 1.0 2.0 3.0 4.0 5.0 6.0 7.0 8.0 9.0 10.0 11.0 12.0 13.0 14.0 15.0 16.0 17.0 18.0 19.0 20.0 21.0 22.0 23.0 24.0 25.0 26.0 27.0 28.0 29.0 30.0 31.0 32.0 33.0 34.0 35.0 36.0 37.0 38.0 39.0 40.0 
40.0 41.0 42.0 43.0 44.0 45.0 46.0 47.0 48.0 49.0 50.0 51.0 52.0 53.0 54.0 55.0 56.0 57.0 58.0 59.0 60.0 61.0 62.0 63.0 64.0 63.0 62.0 61.0 60.0 59.0 58.0 57.0 56.0 55.0 54.0 53.0 52.0 51.0 50.0 49.0 48.0 47.0 46.0 45.0 44.0 43.0 42.0 41.0 40.0 39.0 38.0 37.0 36.0 35.0 34.0 33.0 32.0 31.0 30.0 29.0 28.0 27.0 26.0 25.0 24.0 23.0 22.0 21.0 20.0 19.0 18.0 17.0 16.0 15.0 14.0 13.0 12.0 11.0 10.0 9.0 8.0 7.0 6.0 5.0 4.0 3.0 2.0 1.0 0.0 1.0 2.0 3.0 4.0 5.0 6.0 7.0 8.0 9.0 10.0 11.0 12.0 13.0 14.0 15.0 16.0 17.0 18.0 19.0 20.0 21.0 22.0 23.0 24.0 25.0 26.0 27.0 28.0 29.0 30.0 31.0 32.0 33.0 34.0 35.0 36.0 37.0 38.0 39.0 
39.0 40.0 41.0 42.0 43.0 44.0 45.0 46.0 47.0 48.0 49.0 50.0 51.0 52.0 53.0 54.0 55.0 56.0 57.0 58.0 59.0 60.0 61.0 62.0 63.0 64.0 63.0 62.0 61.0 60.0 59.0 58.0 57.0 56.0 55.0 54.0 53.0 52.0 51.0 50.0 49.0 48.0 47.0 46.0 45.0 44.0 43.0 42.0 41.0 40.0 39.0 38.0 37.0 36.0 35.0 34.0 33.0 32.0 31.0 30.0 29.0 28.0 27.0 26.0 25.0 24.0 23.0 22.0 21.0 20.0 19.0 18.0 17.0 16.0 15.0 14.0 13.0 12.0 11.0 10.0 9.0 8.0 7.0 6.0 5.0 4.0 3.0 2.0 1.0 0.0 1.0 2.0 3.0 4.0 5.0 6.0 7.0 8.0 9.0 10.0 11.0 12.0 13.0 14.0 15.0 16.0 17.0 18.0 19.0 20.0 21.0 22.0 23.0 24.0 25.0 26.0 27.0 28.0 29.0 30.0 31.0 32.0 33.0 34.0 35.0 36.0 37.0 38.0 
38.0 39.0 40.0 41.0 42.0 43.0 44.0 45.0 46.0 47.0 48.0 49.0 50.0 51.0 52.0 53.0 54.0 55.0 56.0 57.0 58.0 59.0 60.0 61.0 62.0 63.0 64.0 63.0 62.0 61.0 60.0 59.0 58.0 57.0 56.0 55.0 54.0 53.0 52.0 51.0 50.0 49.0 48.0 47.0 46.0 45.0 44.0 43.0 42.0 41.0 40.0 39.0 38.0 37.0 36.0 35.0 34.0 33.0 32.0 31.0 30.0 29.0 28.0 27.0 26.0 25.0 24.0 23.0 22.0 21.0 20.0 19.0 18.0 17.0 16.0 15.0 14.0 13.0 12.0 11.0 10.0 9.0 8.0 7.0 6.0 5.0 4.0 3.0 2.0 1.0 0.0 1.0 2.0 3.0 4.0 5.0 6.0 7.0 8.0 9.0 10.0 11.0 12.0 13.0 14.0 15.0 16.0 17.0 18.0 19.0 20.0 21.0 22.0 23.0 24.0 25.0 26.0 27.0 28.0 29.0 30.0 31.0 32.0 33.0 34.0 35.0 36.0 37.0 
37.0 38.0 39.0 40.0 41.0 42.0 43.0 44.0 45.0 46.0 47.0 48.0 49.0 50.0 51.0 52.0 53.0 54.0 55.0 56.0 57.0 58.0 59.0 60.0 61.0 62.0 63.0 64.0 63.0 62.0 61.0 60.0 59.0 58.0 57.0 56.0 55.0 54.0 53.0 52.0 51.0 50.0 49.0 48.0 47.0 46.0 45.0 44.0 43.0 42.0 41.0 40.0 39.0 38.0 37.0 36.0 35.0 34.0 33.0 32.0 31.0 30.0 29.0 28.0 27.0 26.0 25.0 24.0 23.0 22.0 21.0 20.0 19.0 18.0 17.0 16.0 15.0 14.0 13.0 12.0 11.0 10.0 9.0 8.0 7.0 6.0 5.0 4.0 3.0 2.0 1.0 0.0 1.0 2.0 3.0 4.0 5.0 6.0 7.0 8.0 9.0 10.0 11.0 12.0 13.0 14.0 15.0 16.0 17.0 18.0 19.0 20.0 21.0 22.0 23.0 24.0 25.0 26.0 27.0 28.0 29.0 30.0 31.0 32.0 33.0 34.0 35.0 36.0 
36.0 37.0 38.0 39.0 40.0 41.0 42.0 43.0 44.0 45.0 46.0 47.0 48.0 49.0 50.0 51.0 52.0 53.0 54.0 55.0 56.0 57.0 58.0 59.0 60.0 61.0 62.0 63.0 64.0 63.0 62.0 61.0 60.0 59.0 58.0 57.0 56.0 55.0 54.0 53.0 52.0 51.0 50.0 49.0 48.0 47.0 46.0 45.0 44.0 43.0 42.0 41.0 40.0 39.0 38.0 37.0 36.0 35.0 34.0 33.0 32.0 31.0 30.0 29.0 28.0 27.0 26.0 25.0 24.0 23.0 22.0 21.0 20.0 19.0 18.0 17.0 16.0 15.0 14.0 13.0 12.0 11.0 10.0 9.0 8.0 7.0 6.0 5.0 4.0 3.0 2.0 1.0 0.0 1.0 2.0 3.0 4.0 5.0 6.0 7.0 8.0 9.0 10.0 11.0 12.0 13.0 14.0 15.0 16.0 17.0 18.0 19.0 20.0 21.0 22.0 23.0 24.0 25.0 26.0 27.0 28.0 29.0 30.0 31.0 32.0 33.0 34.0 35.0 
35.0 36.0 37.0 38.0 39.0 40.0 41.0 42.0 43.0 44.0 45.0 46.0 47.0 48.0 49.0 50.0 51.0 52.0 53.0 54.0 55.0 56.0 57.0 58.0 59.0 60.0 61.0 62.0 63.0 64.0 63.0 62.0 61.0 60.0 59.0 58.0 57.0 56.0 55.0 54.0 53.0 52.0 51.0 50.0 49.0 48.0 47.0 46.0 45.0 44.0 43.0 42.0 41.0 40.0 39.0 38.0 37.0 36.0 35.0 34.0 33.0 32.0 31.0 30.0 29.0 28.0 27.0 26.0 25.0 24.0 23.0 22.0 21.0 20.0 19.0 18.0 17.0 16.0 15.0 14.0 13.0 12.0 11.0 10.0 9.0 8.0 7.0 6.0 5.0 4.0 3.0 2.0 1.0 0.0 1.0 2.0 3.0 4.0 5.0 6.0 7.0 8.0 9.0 10.0 11.0 12.0 13.0 14.0 15.0 16.0 17.0 18.0 19.0 20.0 21.0 22.0 23.0 24.0 25.0 26.0 27.0 28.0 29.0 30.0 31.0 32.0 33.0 34.0 
34.0 35.0 36.0 37.0 38.0 39.0 40.0 41.0 42.0 43.0 44.0 45.0 46.0 47.0 48.0 49.0 50.0 51.0 52.0 53.0 54.0 55.0 56.0 57.0 58.0 59.0 60.0 61.0 62.0 63.0 64.0 63.0 62.0 61.0 60.0 59.0 58.0 57.0 56.0 55.0 54.0 53.0 52.0 51.0 50.0 49.0 48.0 47.0 46.0 45.0 44.0 43.0 42.0 41.0 40.0 39.0 38.0 37.0 36.0 35.0 34.0 33.0 32.0 31.0 30.0 29.0 28.0 27.0 26.0 25.0 24.0 23.0 22.0 21.0 20.0 19.0 18.0 17.0 16.0 15.0 14.0 13.0 12.0 11.0 10.0 9.0 8.0 7.0 6.0 5.0 4.0 3.0 2.0 1.0 0.0 1.0 2.0 3.0 4.0 5.0 6.0 7.0 8.0 9.0 10.0 11.0 12.0 13.0 14.0 15.0 16.0 17.0 18.0 19.0 20.0 21.0 22.0 23.0 24.0 25.0 26.0 27.0 28.0 29.0 30.0 31.0 32.0 33.0 
33.0 34.0 35.0 36.0 37.0 38.0 39.0 40.0 41.0 42.0 43.0 44.0 45.0 46.0 47.0 48.0 49.0 50.0 51.0 52.0 53.0 54.0 55.0 56.0 57.0 58.0 59.0 60.0 61.0 62.0 63.0 64.0 63.0 62.0 61.0 60.0 59.0 58.0 57.0 56.0 55.0 54.0 53.0 52.0 51.0 50.0 49.0 48.0 47.0 46.0 45.0 44.0 43.0 42.0 41.0 40.0 39.0 38.0 37.0 36.0 35.0 34.0 33.0 32.0 31.0 30.0 29.0 28.0 27.0 26.0 25.0 24.0 23.0 22.0 21.0 20.0 19.0 18.0 17.0 16.0 15.0 14.0 13.0 12.0 11.0 10.0 9.0 8.0 7.0 6.0 5.0 4.0 3.0 2.0 1.0 0.0 1.0 2.0 3.0 4.0 5.0 6.0 7.0 8.0 9.0 10.0 11.0 12.0 13.0 14.0 15.0 16.0 17.0 18.0 19.0 20.0 21.0 22.0 23.0 24.0 25.0 26.0 27.0 28.0 29.0 30.0 31.0 32.0 
32.0 33.0 34.0 35.0 36.0 37.0 38.0 39.0 40.0 41.0 42.0 43.0 44.0 45.0 46.0 47.0 48.0 49.0 50.0 51.0 52.0 53.0 54.0 55.0 56.0 57.0 58.0 59.0 60.0 61.0 62.0 63.0 64.0 63.0 62.0 61.0 60.0 59.0 58.0 57.0 56.0 55.0 54.0 53.0 52.0 51.0 50.0 49.0 48.0 47.0 46.0 45.0 44.0 43.0 42.0 41.0 40.0 39.0 38.0 37.0 36.0 35.0 34.0 33.0 32.0 31.0 30.0 29.0 28.0 27.0 26.0 25.0 24.0 23.0 22.0 21.0 20.0 19.0 18.0 17.0 16.0 15.0 14.0 13.0 12.0 11.0 10.0 9.0 8.0 7.0 6.0 5.0 4.0 3.0 2.0 1.0 0.0 1.0 2.0 3.0 4.0 5.0 6.0 7.0 8.0 9.0 10.0 11.0 12.0 13.0 14.0 15.0 16.0 17.0 18.0 19.0 20.0 21.0 22.0 23.0 24.0 25.0 26.0 27.0 28.0 29.0 30.0 31.0 
31.0 32.0 33.0 34.0 35.0 36.0 37.0 38.0 39.0 40.0 41.0 42.0 43.0 44.0 45.0 46.0 47.0 48.0 49.0 50.0 51.0 52.0 53.0 54.0 55.0 56.0 57.0 58.0 59.0 60.0 61.0 62.0 63.0 64.0 63.0 62.0 61.0 60.0 59.0 58.0 57.0 56.0 55.0 54.0 53.0 52.0 51.0 50.0 49.0 48.0 47.0 46.0 45.0 44.0 43.0 42.0 41.0 40.0 39.0 38.0 37.0 36.0 35.0 34.0 33.0 32.0 31.0 30.0 29.0 28.0 27.0 26.0 25.0 24.0 23.0 22.0 21.0 20.0 19.0 18.0 17.0 16.0 15.0 14.0 13.0 12.0 11.0 10.0 9.0 8.0 7.0 6.0 5.0 4.0 3.0 2.0 1.0 0.0 1.0 2.0 3.0 4.0 5.0 6.0 7.0 8.0 9.0 10.0 11.0 12.0 13.0 14.0 15.0 16.0 17.0 18.0 19.0 20.0 21.0 22.0 23.0 24.0 25.0 26.0 27.0 28.0 29.0 30.0 
30.0 31.0 32.0 33.0 34.0 35.0 36.0 37.0 38.0 39.0 40.0 41.0 42.0 43.0 44.0 45.0 46.0 47.0 48.0 49.0 50.0 51.0 52.0 53.0 54.0 55.0 56.0 57.0 58.0 59.0 60.0 61.0 62.0 63.0 64.0 63.0 62.0 61.0 60.0 59.0 58.0 57.0 56.0 55.0 54.0 53.0 52.0 51.0 50.0 49.0 48.0 47.0 46.0 45.0 44.0 43.0 42.0 41.0 40.0 39.0 38.0 37.0 36.0 35.0 34.0 33.0 32.0 31.0 30.0 29.0 28.0 27.0 26.0 25.0 24.0 23.0 22.0 21.0 20.0 19.0 18.0 17.0 16.0 15.0 14.0 13.0 12.0 11.0 10.0 9.0 8.0 7.0 6.0 5.0 4.0 3.0 2.0 1.0 0.0 1.0 2.0 3.0 4.0 5.0 6.0 7.0 8.0 9.0 10.0 11.0 12.0 13.0 14.0 15.0 16.0 17.0 18.0 19.0 20.0 21.0 22.0 23.0 24.0 25.0 26.0 27.0 28.0 29.0 
29.0 30.0 31.0 32.0 33.0 34.0 35.0 36.0 37.0 38.0 39.0 40.0 41.0 42.0 43.0 44.0 45.0 46.0 47.0 48.0 49.0 50.0 51.0 52.0 53.0 54.0 55.0 56.0 57.0 58.0 59.0 60.0 61.0 62.0 63.0 64.0 63.0 62.0 61.0 60.0 59.0 58.0 57.0 56.0 55.0 54.0 53.0 52.0 51.0 50.0 49.0 48.0 47.0 46.0 45.0 44.0 43.0 42.0 41.0 40.0 39.0 38.0 37.0 36.0 35.0 34.0 33.0 32.0 31.0 30.0 29.0 28.0 27.0 26.0 25.0 24.0 23.0 22.0 21.0 20.0 19.0 18.0 17.0 16.0 15.0 14.0 13.0 12.0 11.0 10.0 9.0 8.0 7.0 6.0 5.0 4.0 3.0 2.0 1.0 0.0 1.0 2.0 3.0 4.0 5.0 6.0 7.0 8.0 9.0 10.0 11.0 12.0 13.0 14.0 15.0 16.0 17.0 18.0 19.0 20.0 21.0 22.0 23.0 24.0 25.0 26.0 27.0 28.0 
28.0 29.0 30.0 31.0 32.0 33.0 34.0 35.0 36.0 37.0 38.0 39.0 40.0 41.0 42.0 43.0 44.0 45.0 46.0 47.0 48.0 49.0 50.0 51.0 52.0 53.0 54.0 55.0 56.0 57.0 58.0 59.0 60.0 61.0 62.0 63.0 64.0 63.0 62.0 61.0 60.0 59.0 58.0 57.0 56.0 55.0 54.0 53.0 52.0 51.0 50.0 49.0 48.0 47.0 46.0 45.0 44.0 43.0 42.0 41.0 40.0 39.0 38.0 37.0 36.0 35.0 34.0 33.0 32.0 31.0 30.0 29.0 28.0 27.0 26.0 25.0 24.0 23.0 22.0 21.0 20.0 19.0 18.0 17.0 16.0 15.0 14.0 13.0 12.0 11.0 10.0 9.0 8.0 7.0 6.0 5.0 4.0 3.0 2.0 1.0 0.0 1.0 2.0 3.0 4.0 5.0 6.0 7.0 8.0 9.0 10.0 11.0 12.0 13.0 14.0 15.0 16.0 17.0 18.0 19.0 20.0 21.0 22.0 23.0 24.0 25.0 26.0 27.0 
27.0 28.0 29.0 30.0 31.0 32.0 33.0 34.0 35.0 36.0 37.0 38.0 39.0 40.0 41.0 42.0 43.0 44.0 45.0 46.0 47.0 48.0 49.0 50.0 51.0 52.0 53.0 54.0 55.0 56.0 57.0 58.0 59.0 60.0 61.0 62.0 63.0 64.0 63.0 62.0 61.0 60.0 59.0 58.0 57.0 56.0 55.0 54.0 53.0 52.0 51.0 50.0 49.0 48.0 47.0 46.0 45.0 44.0 43.0 42.0 41.0 40.0 39.0 38.0 37.0 36.0 35.0 34.0 33.0 32.0 31.0 30.0 29.0 28.0 27.0 26.0 25.0 24.0 23.0 22.0 21.0 20.0 19.0 18.0 17.0 16.0 15.0 14.0 13.0 12.0 11.0 10.0 9.0 8.0 7.0 6.0 5.0 4.0 3.0 2.0 1.0 0.0 1.0 2.0 3.0 4.0 5.0 6.0 7.0 8.0 9.0 10.0 11.0 12.0 13.0 14.0 15.0 16.0 17.0 18.0 19.0 20.0 21.0 22.0 23.0 24.0 25.0 26.0 
26.0 27.0 28.0 29.0 30.0 31.0 32.0 33.0 34.0 35.0 36.0 37.0 38.0 39.0 40.0 41.0 42.0 43.0 44.0 45.0 46.0 47.0 48.0 49.0 50.0 51.0 52.0 53.0 54.0 55.0 56.0 57.0 58.0 59.0 60.0 61.0 62.0 63.0 64.0 63.0 62.0 61.0 60.0 59.0 58.0 57.0 56.0 55.0 54.0 53.0 52.0 51.0 50.0 49.0 48.0 47.0 46.0 45.0 44.0 43.0 42.0 41.0 40.0 39.0 38.0 37.0 36.0 35.0 34.0 33.0 32.0 31.0 30.0 29.0 28.0 27.0 26.0 25.0 24.0 23.0 22.0 21.0 20.0 19.0 18.0 17.0 16.0 15.0 14.0 13.0 12.0 11.0 10.0 9.0 8.0 7.0 6.0 5.0 4.0 3.0 2.0 1.0 0.0 1.0 2.0 3.0 4.0 5.0 6.0 7.0 8.0 9.0 10.0 11.0 12.0 13.0 14.0 15.0 16.0 17.0 18.0 19.0 20.0 21.0 22.0 23.0 24.0 25.0 
25.0 26.0 27.0 28.0 29.0 30.0 31.0 32.0 33.0 34.0 35.0 36.0 37.0 38.0 39.0 40.0 41.0 42.0 43.0 44.0 45.0 46.0 47.0 48.0 49.0 50.0 51.0 52.0 53.0 54.0 55.0 56.0 57.0 58.0 59.0 60.0 61.0 62.0 63.0 64.0 63.0 62.0 61.0 60.0 59.0 58.0 57.0 56.0 55.0 54.0 53.0 52.0 51.0 50.0 49.0 48.0 47.0 46.0 45.0 44.0 43.0 42.0 41.0 40.0 39.0 38.0 37.0 36.0 35.0 34.0 33.0 32.0 31.0 30.0 29.0 28.0 27.0 26.0 25.0 24.0 23.0 22.0 21.0 20.0 19.0 18.0 17.0 16.0 15.0 14.0 13.0 12.0 11.0 10.0 9.0 8.0 7.0 6.0 5.0 4.0 3.0 2.0 1.0 0.0 1.0 2.0 3.0 4.0 5.0 6.0 7.0 8.0 9.0 10.0 11.0 12.0 13.0 14.0 15.0 16.0 17.0 18.0 19.0 20.0 21.0 22.0 23.0 24.0 
24.0 25.0 26.0 27.0 28.0 29.0 30.0 31.0 32.0 33.0 34.0 35.0 36.0 37.0 38.0 39.0 40.0 41.0 42.0 43.0 44.0 45.0 46.0 47.0 48.0 49.0 50.0 51.0 52.0 53.0 54.0 55.0 56.0 57.0 58.0 59.0 60.0 61.0 62.0 63.0 64.0 63.0 62.0 61.0 60.0 59.0 58.0 57.0 56.0 55.0 54.0 53.0 52.0 51.0 50.0 49.0 48.0 47.0 46.0 45.0 44.0 43.0 42.0 41.0 40.0 39.0 38.0 37.0 36.0 35.0 34.0 33.0 32.0 31.0 30.0 29.0 28.0 27.0 26.0 25.0 24.0 23.0 22.0 21.0 20.0 19.0 18.0 17.0 16.0 15.0 14.0 13.0 12.0 11.0 10.0 9.0 8.0 7.0 6.0 5.0 4.0 3.0 2.0 1.0 0.0 1.0 2.0 3.0 4.0 5.0 6.0 7.0 8.0 9.0 10.0 11.0 12.0 13.0 14.0 15.0 16.0 17.0 18.0 19.0 20.0 21.0 22.0 23.0 
23.0 24.0 25.0 26.0 27.0 28.0 29.0 30.0 31.0 32.0 33.0 34.0 35.0 36.0 37.0 38.0 39.0 40.0 41.0 42.0 43.0 44.0 45.0 46.0 47.0 48.0 49.0 50.0 51.0 52.0 53.0 54.0 55.0 56.0 57.0 58.0 59.0 60.0 61.0 62.0 63.0 64.0 63.0 62.0 61.0 60.0 59.0 58.0 57.0 56.0 55.0 54.0 53.0 52.0 51.0 50.0 49.0 48.0 47.0 46.0 45.0 44.0 43.0 42.0 41.0 40.0 39.0 38.0 37.0 36.0 35.0 34.0 33.0 32.0 31.0 30.0 29.0 28.0 27.0 26.0 25.0 24.0 23.0 22.0 21.0 20.0 19.0 18.0 17.0 16.0 15.0 14.0 13.0 12.0 11.0 10.0 9.0 8.0 7.0 6.0 5.0 4.0 3.0 2.0 1.0 0.0 1.0 2.0 3.0 4.0 5.0 6.0 7.0 8.0 9.0 10.0 11.0 12.0 13.0 14.0 15.0 16.0 17.0 18.0 19.0 20.0 21.0 22.0 
22.0 23.0 24.0 25.0 26.0 27.0 28.0 29.0 30.0 31.0 32.0 33.0 34.0 35.0 36.0 37.0 38.0 39.0 40.0 41.0 42.0 43.0 44.0 45.0 46.0 47.0 48.0 49.0 50.0 51.0 52.0 53.0 54.0 55.0 56.0 57.0 58.0 59.0 60.0 61.0 62.0 63.0 64.0 63.0 62.0 61.0 60.0 59.0 58.0 57.0 56.0 55.0 54.0 53.0 52.0 51.0 50.0 49.0 48.0 47.0 46.0 45.0 44.0 43.0 42.0 41.0 40.0 39.0 38.0 37.0 36.0 35.0 34.0 33.0 32.0 31.0 30.0 29.0 28.0 27.0 26.0 25.0 24.0 23.0 22.0 21.0 20.0 19.0 18.0 17.0 16.0 15.0 14.0 13.0 12.0 11.0 10.0 9.0 8.0 7.0 6.0 5.0 4.0 3.0 2.0 1.0 0.0 1.0 2.0 3.0 4.0 5.0 6.0 7.0 8.0 9.0 10.0 11.0 12.0 13.0 14.0 15.0 16.0 17.0 18.0 19.0 20.0 21.0 
21.0 22.0 23.0 24.0 25.0 26.0 27.0 28.0 29.0 30.0 31.0 32.0 33.0 34.0 35.0 36.0 37.0 38.0 39.0 40.0 41.0 42.0 43.0 44.0 45.0 46.0 47.0 48.0 49.0 50.0 51.0 52.0 53.0 54.0 55.0 56.0 57.0 58.0 59.0 60.0 61.0 62.0 63.0 64.0 63.0 62.0 61.0 60.0 59.0 58.0 57.0 56.0 55.0 54.0 53.0 52.0 51.0 50.0 49.0 48.0 47.0 46.0 45.0 44.0 43.0 42.0 41.0 40.0 39.0 38.0 37.0 36.0 35.0 34.0 33.0 32.0 31.0 30.0 29.0 28.0 27.0 26.0 25.0 24.0 23.0 22.0 21.0 20.0 19.0 18.0 17.0 16.0 15.0 14.0 13.0 12.0 11.0 10.0 9.0 8.0 7.0 6.0 5.0 4.0 3.0 2.0 1.0 0.0 1.0 2.0 3.0 4.0 5.0 6.0 7.0 8.0 9.0 10.0 11.0 12.0 13.0 14.0 15.0 16.0 17.0 18.0 19.0 20.0 
20.0 21.0 22.0 23.0 24.0 25.0 26.0 27.0 28.0 29.0 30.0 31.0 32.0 33.0 34.0 35.0 36.0 37.0 38.0 39.0 40.0 41.0 42.0 43.0 44.0 45.0 46.0 47.0 48.0 49.0 50.0 51.0 52.0 53.0 54.0 55.0 56.0 57.0 58.0 59.0 60.0 61.0 62.0 63.0 64.0 63.0 62.0 61.0 60.0 59.0 58.0 57.0 56.0 55.0 54.0 53.0 52.0 51.0 50.0 49.0 48.0 47.0 46.0 45.0 44.0 43.0 42.0 41.0 40.0 39.0 38.0 37.0 36.0 35.0 34.0 33.0 32.0 31.0 30.0 29.0 28.0 27.0 26.0 25.0 24.0 23.0 22.0 21.0 20.0 19.0 18.0 17.0 16.0 15.0 14.0 13.0 12.0 11.0 10.0 9.0 8.0 7.0 6.0 5.0 4.0 3.0 2.0 1.0 0.0 1.0 2.0 3.0 4.0 5.0 6.0 7.0 8.0 9.0 10.0 11.0 12.0 13.0 14.0 15.0 16.0 17.0 18.0 19.0 
19.0 20.0 21.0 22.0 23.0 24.0 25.0 26.0 27.0 28.0 29.0 30.0 31.0 32.0 33.0 34.0 35.0 36.0 37.0 38.0 39.0 40.0 41.0 42.0 43.0 44.0 45.0 46.0 47.0 48.0 49.0 50.0 51.0 52.0 53.0 54.0 55.0 56.0 57.0 58.0 59.0 60.0 61.0 62.0 63.0 64.0 63.0 62.0 61.0 60.0 59.0 58.0 57.0 56.0 55.0 54.0 53.0 52.0 51.0 50.0 49.0 48.0 47.0 46.0 45.0 44.0 43.0 42.0 41.0 40.0 39.0 38.0 37.0 36.0 35.0 34.0 33.0 32.0 31.0 30.0 29.0 28.0 27.0 26.0 25.0 24.0 23.0 22.0 21.0 20.0 19.0 18.0 17.0 16.0 15.0 14.0 13.0 12.0 11.0 10.0 9.0 8.0 7.0 6.0 5.0 4.0 3.0 2.0 1.0 0.0 1.0 2.0 3.0 4.0 5.0 6.0 7.0 8.0 9.0 10.0 11.0 12.0 13.0 14.0 15.0 16.0 17.0 18.0 
18.0 19.0 20.0 21.0 22.0 23.0 24.0 25.0 26.0 27.0 28.0 29.0 30.0 31.0 32.0 33.0 34.0 35.0 36.0 37.0 38.0 39.0 40.0 41.0 42.0 43.0 44.0 45.0 46.0 47.0 48.0 49.0 50.0 51.0 52.0 53.0 54.0 55.0 56.0 57.0 58.0 59.0 60.0 61.0 62.0 63.0 64.0 63.0 62.0 61.0 60.0 59.0 58.0 57.0 56.0 55.0 54.0 53.0 52.0 51.0 50.0 49.0 48.0 47.0 46.0 45.0 44.0 43.0 42.0 41.0 40.0 39.0 38.0 37.0 36.0 35.0 34.0 33.0 32.0 31.0 30.0 29.0 28.0 27.0 26.0 25.0 24.0 23.0 22.0 21.0 20.0 19.0 18.0 17.0 16.0 15.0 14.0 13.0 12.0 11.0 10.0 9.0 8.0 7.0 6.0 5.0 4.0 3.0 2.0 1.0 0.0 1.0 2.0 3.0 4.0 5.0 6.0 7.0 8.0 9.0 10.0 11.0 12.0 13.0 14.0 15.0 16.0 17.0 
17.0 18.0 19.0 20.0 21.0 22.0 23.0 24.0 25.0 26.0 27.0 28.0 29.0 30.0 31.0 32.0 33.0 34.0 35.0 36.0 37.0 38.0 39.0 40.0 41.0 42.0 43.0 44.0 45.0 46.0 47.0 48.0 49.0 50.0 51.0 52.0 53.0 54.0 55.0 56.0 57.0 58.0 59.0 60.0 61.0 62.0 63.0 64.0 63.0 62.0 61.0 60.0 59.0 58.0 57.0 56.0 55.0 54.0 53.0 52.0 51.0 50.0 49.0 48.0 47.0 46.0 45.0 44.0 43.0 42.0 41.0 40.0 39.0 38.0 37.0 36.0 35.0 34.0 33.0 32.0 31.0 30.0 29.0 28.0 27.0 26.0 25.0 24.0 23.0 22.0 21.0 20.0 19.0 18.0 17.0 16.0 15.0 14.0 13.0 12.0 11.0 10.0 9.0 8.0 7.0 6.0 5.0 4.0 3.0 2.0 1.0 0.0 1.0 2.0 3.0 4.0 5.0 6.0 7.0 8.0 9.0 10.0 11.0 12.0 13.0 14.0 15.0 16.0 
16.0 17.0 18.0 19.0 20.0 21.0 22.0 23.0 24.0 25.0 26.0 27.0 28.0 29.0 30.0 31.0 32.0 33.0 34.0 35.0 36.0 37.0 38.0 39.0 40.0 41.0 42.0 43.0 44.0 45.0 46.0 47.0 48.0 49.0 50.0 51.0 52.0 53.0 54.0 55.0 56.0 57.0 58.0 59.0 60.0 61.0 62.0 63.0 64.0 63.0 62.0 61.0 60.0 59.0 58.0 57.0 56.0 55.0 54.0 53.0 52.0 51.0 50.0 49.0 48.0 47.0 46.0 45.0 44.0 43.0 42.0 41.0 40.0 39.0 38.0 37.0 36.0 35.0 34.0 33.0 32.0 31.0 30.0 29.0 28.0 27.0 26.0 25.0 24.0 23.0 22.0 21.0 20.0 19.0 18.0 17.0 16.0 15.0 14.0 13.0 12.0 11.0 10.0 9.0 8.0 7.0 6.0 5.0 4.0 3.0 2.0 1.0 0.0 1.0 2.0 3.0 4.0 5.0 6.0 7.0 8.0 9.0 10.0 11.0 12.0 13.0 14.0 15.0 
15.0 16.0 17.0 18.0 19.0 20.0 21.0 22.0 23.0 24.0 25.0 26.0 27.0 28.0 29.0 30.0 31.0 32.0 33.0 34.0 35.0 36.0 37.0 38.0 39.0 40.0 41.0 42.0 43.0 44.0 45.0 46.0 47.0 48.0 49.0 50.0 51.0 52.0 53.0 54.0 55.0 56.0 57.0 58.0 59.0 60.0 61.0 62.0 63.0 64.0 63.0 62.0 61.0 60.0 59.0 58.0 57.0 56.0 55.0 54.0 53.0 52.0 51.0 50.0 49.0 48.0 47.0 46.0 45.0 44.0 43.0 42.0 41.0 40.0 39.0 38.0 37.0 36.0 35.0 34.0 33.0 32.0 31.0 30.0 29.0 28.0 27.0 26.0 25.0 24.0 23.0 22.0 21.0 20.0 19.0 18.0 17.0 16.0 15.0 14.0 13.0 12.0 11.0 10.0 9.0 8.0 7.0 6.0 5.0 4.0 3.0 2.0 1.0 0.0 1.0 2.0 3.0 4.0 5.0 6.0 7.0 8.0 9.0 10.0 11.0 12.0 13.0 14.0 
14.0 15.0 16.0 17.0 18.0 19.0 20.0 21.0 22.0 23.0 24.0 25.0 26.0 27.0 28.0 29.0 30.0 31.0 32.0 33.0 34.0 35.0 36.0 37.0 38.0 39.0 40.0 41.0 42.0 43.0 44.0 45.0 46.0 47.0 48.0 49.0 50.0 51.0 52.0 53.0 54.0 55.0 56.0 57.0 58.0 59.0 60.0 61.0 62.0 63.0 64.0 63.0 62.0 61.0 60.0 59.0 58.0 57.0 56.0 55.0 54.0 53.0 52.0 51.0 50.0 49.0 48.0 47.0 46.0 45.0 44.0 43.0 42.0 41.0 40.0 39.0 38.0 37.0 36.0 35.0 34.0 33.0 32.0 31.0 30.0 29.0 28.0 27.0 26.0 25.0 24.0 23.0 22.0 21.0 20.0 19.0 18.0 17.0 16.0 15.0 14.0 13.0 12.0 11.0 10.0 9.0 8.0 7.0 6.0 5.0 4.0 3.0 2.0 1.0 0.0 1.0 2.0 3.0 4.0 5.0 6.0 7.0 8.0 9.0 10.0 11.0 12.0 13.0 
13.0 14.0 15.0 16.0 17.0 18.0 19.0 20.0 21.0 22.0 23.0 24.0 25.0 26.0 27.0 28.0 29.0 30.0 31.0 32.0 33.0 34.0 35.0 36.0 37.0 38.0 39.0 40.0 41.0 42.0 43.0 44.0 45.0 46.0 47.0 48.0 49.0 50.0 51.0 52.0 53.0 54.0 55.0 56.0 57.0 58.0 59.0 60.0 61.0 62.0 63.0 64.0 63.0 62.0 61.0 60.0 59.0 58.0 57.0 56.0 55.0 54.0 53.0 52.0 51.0 50.0 49.0 48.0 47.0 46.0 45.0 44.0 43.0 42.0 41.0 40.0 39.0 38.0 37.0 36.0 35.0 34.0 33.0 32.0 31.0 30.0 29.0 28.0 27.0 26.0 25.0 24.0 23.0 22.0 21.0 20.0 19.0 18.0 17.0 16.0 15.0 14.0 13.0 12.0 11.0 10.0 9.0 8.0 7.0 6.0 5.0 4.0 3.0 2.0 1.0 0.0 1.0 2.0 3.0 4.0 5.0 6.0 7.0 8.0 9.0 10.0 11.0 12.0 
12.0 13.0 14.0 15.0 16.0 17.0 18.0 19.0 20.0 21.0 22.0 23.0 24.0 25.0 26.0 27.0 28.0 29.0 30.0 31.0 32.0 33.0 34.0 35.0 36.0 37.0 38.0 39.0 40.0 41.0 42.0 43.0 44.0 45.0 46.0 47.0 48.0 49.0 50.0 51.0 52.0 53.0 54.0 55.0 56.0 57.0 58.0 59.0 60.0 61.0 62.0 63.0 64.0 63.0 62.0 61.0 60.0 59.0 58.0 57.0 56.0 55.0 54.0 53.0 52.0 51.0 50.0 49.0 48.0 47.0 46.0 45.0 44.0 43.0 42.0 41.0 40.0 39.0 38.0 37.0 36.0 35.0 34.0 33.0 32.0 31.0 30.0 29.0 28.0 27.0 26.0 25.0 24.0 23.0 22.0 21.0 20.0 19.0 18.0 17.0 16.0 15.0 14.0 13.0 12.0 11.0 10.0 9.0 8.0 7.0 6.0 5.0 4.0 3.0 2.0 1.0 0.0 1.0 2.0 3.0 4.0 5.0 6.0 7.0 8.0 9.0 10.0 11.0 
11.0 12.0 13.0 14.0 15.0 16.0 17.0 18.0 19.0 20.0 21.0 22.0 23.0 24.0 25.0 26.0 27.0 28.0 29.0 30.0 31.0 32.0 33.0 34.0 35.0 36.0 37.0 38.0 39.0 40.0 41.0 42.0 43.0 44.0 45.0 46.0 47.0 48.0 49.0 50.0 51.0 52.0 53.0 54.0 55.0 56.0 57.0 58.0 59.0 60.0 61.0 62.0 63.0 64.0 63.0 62.0 61.0 60.0 59.0 58.0 57.0 56.0 55.0 54.0 53.0 52.0 51.0 50.0 49.0 48.0 47.0 46.0 45.0 44.0 43.0 42.0 41.0 40.0 39.0 38.0 37.0 36.0 35.0 34.0 33.0 32.0 31.0 30.0 29.0 28.0 27.0 26.0 25.0 24.0 23.0 22.0 21.0 20.0 19.0 18.0 17.0 16.0 15.0 14.0 13.0 12.0 11.0 10.0 9.0 8.0 7.0 6.0 5.0 4.0 3.0 2.0 1.0 0.0 1.0 2.0 3.0 4.0 5.0 6.0 7.0 8.0 9.0 10.0 
10.0 11.0 12.0 13.0 14.0 15.0 16.0 17.0 18.0 19.0 20.0 21.0 22.0 23.0 24.0 25.0 26.0 27.0 28.0 29.0 30.0 31.0 32.0 33.0 34.0 35.0 36.0 37.0 38.0 39.0 40.0 41.0 42.0 43.0 44.0 45.0 46.0 47.0 48.0 49.0 50.0 51.0 52.0 53.0 54.0 55.0 56.0 57.0 58.0 59.0 60.0 61.0 62.0 63.0 64.0 63.0 62.0 61.0 60.0 59.0 58.0 57.0 56.0 55.0 54.0 53.0 52.0 51.0 50.0 49.0 48.0 47.0 46.0 45.0 44.0 43.0 42.0 41.0 40.0 39.0 38.0 37.0 36.0 35.0 34.0 33.0 32.0 31.0 30.0 29.0 28.0 27.0 26.0 25.0 24.0 23.0 22.0 21.0 20.0 19.0 18.0 17.0 16.0 15.0 14.0 13.0 12.0 11.0 10.0 9.0 8.0 7.0 6.0 5.0 4.0 3.0 2.0 1.0 0.0 1.0 2.0 3.0 4.0 5.0 6.0 7.0 8.0 9.0 
9.0 10.0 11.0 12.0 13.0 14.0 15.0 16.0 17.0 18.0 19.0 20.0 21.0 22.0 23.0 24.0 25.0 26.0 27.0 28.0 29.0 30.0 31.0 32.0 33.0 34.0 35.0 36.0 37.0 38.0 39.0 40.0 41.0 42.0 43.0 44.0 45.0 46.0 47.0 48.0 49.0 50.0 51.0 52.0 53.0 54.0 55.0 56.0 57.0 58.0 59.0 60.0 61.0 62.0 63.0 64.0 63.0 62.0 61.0 60.0 59.0 58.0 57.0 56.0 55.0 54.0 53.0 52.0 51.0 50.0 49.0 48.0 47.0 46.0 45.0 44.0 43.0 42.0 41.0 40.0 39.0 38.0 37.0 36.0 35.0 34.0 33.0 32.0 31.0 30.0 29.0 28.0 27.0 26.0 25.0 24.0 23.0 22.0 21.0 20.0 19.0 18.0 17.0 16.0 15.0 14.0 13.0 12.0 11.0 10.0 9.0 8.0 7.0 6.0 5.0 4.0 3.0 2.0 1.0 0.0 1.0 2.0 3.0 4.0 5.0 6.0 7.0 8.0 
8.0 9.0 10.0 11.0 12.0 13.0 14.0 15.0 16.0 17.0 18.0 19.0 20.0 21.0 22.0 23.0 24.0 25.0 26.0 27.0 28.0 29.0 30.0 31.0 32.0 33.0 34.0 35.0 36.0 37.0 38.0 39.0 40.0 41.0 42.0 43.0 44.0 45.0 46.0 47.0 48.0 49.0 50.0 51.0 52.0 53.0 54.0 55.0 56.0 57.0 58.0 59.0 60.0 61.0 62.0 63.0 64.0 63.0 62.0 61.0 60.0 59.0 58.0 57.0 56.0 55.0 54.0 53.0 52.0 51.0 50.0 49.0 48.0 47.0 46.0 45.0 44.0 43.0 42.0 41.0 40.0 39.0 38.0 37.0 36.0 35.0 34.0 33.0 32.0 31.0 30.0 29.0 28.0 27.0 26.0 25.0 24.0 23.0 22.0 21.0 20.0 19.0 18.0 17.0 16.0 15.0 14.0 13.0 12.0 11.0 10.0 9.0 8.0 7.0 6.0 5.0 4.0 3.0 2.0 1.0 0.0 1.0 2.0 3.0 4.0 5.0 6.0 7.0 
7.0 8.0 9.0 10.0 11.0 12.0 13.0 14.0 15.0 16.0 17.0 18.0 19.0 20.0 21.0 22.0 23.0 24.0 25.0 26.0 27.0 28.0 29.0 30.0 31.0 32.0 33.0 34.0 35.0 36.0 37.0 38.0 39.0 40.0 41.0 42.0 43.0 44.0 45.0 46.0 47.0 48.0 49.0 50.0 51.0 52.0 53.0 54.0 55.0 56.0 57.0 58.0 59.0 60.0 61.0 62.0 63.0 64.0 63.0 62.0 61.0 60.0 59.0 58.0 57.0 56.0 55.0 54.0 53.0 52.0 51.0 50.0 49.0 48.0 47.0 46.0 45.0 44.0 43.0 42.0 41.0 40.0 39.0 38.0 37.0 36.0 35.0 34.0 33.0 32.0 31.0 30.0 29.0 28.0 27.0 26.0 25.0 24.0 23.0 22.0 21.0 20.0 19.0 18.0 17.0 16.0 15.0 14.0 13.0 12.0 11.0 10.0 9.0 8.0 7.0 6.0 5.0 4.0 3.0 2.0 1.0 0.0 1.0 2.0 3.0 4.0 5.0 6.0 
6.0 7.0 8.0 9.0 10.0 11.0 12.0 13.0 14.0 15.0 16.0 17.0 18.0 19.0 20.0 21.0 22.0 23.0 24.0 25.0 26.0 27.0 28.0 29.0 30.0 31.0 32.0 33.0 34.0 35.0 36.0 37.0 38.0 39.0 40.0 41.0 42.0 43.0 44.0 45.0 46.0 47.0 48.0 49.0 50.0 51.0 52.0 53.0 54.0 55.0 56.0 57.0 58.0 59.0 60.0 61.0 62.0 63.0 64.0 63.0 62.0 61.0 60.0 59.0 58.0 57.0 56.0 55.0 54.0 53.0 52.0 51.0 50.0 49.0 48.0 47.0 46.0 45.0 44.0 43.0 42.0 41.0 40.0 39.0 38.0 37.0 36.0 35.0 34.0 33.0 32.0 31.0 30.0 29.0 28.0 27.0 26.0 25.0 24.0 23.0 22.0 21.0 20.0 19.0 18.0 17.0 16.0 15.0 14.0 13.0 12.0 11.0 10.0 9.0 8.0 7.0 6.0 5.0 4.0 3.0 2.0 1.0 0.0 1.0 2.0 3.0 4.0 5.0 
5.0 6.0 7.0 8.0 9.0 10.0 11.0 12.0 13.0 14.0 15.0 16.0 17.0 18.0 19.0 20.0 21.0 22.0 23.0 24.0 25.0 26.0 27.0 28.0 29.0 30.0 31.0 32.0 33.0 34.0 35.0 36.0 37.0 38.0 39.0 40.0 41.0 42.0 43.0 44.0 45.0 46.0 47.0 48.0 49.0 50.0 51.0 52.0 53.0 54.0 55.0 56.0 57.0 58.0 59.0 60.0 61.0 62.0 63.0 64.0 63.0 62.0 61.0 60.0 59.0 58.0 57.0 56.0 55.0 54.0 53.0 52.0 51.0 50.0 49.0 48.0 47.0 46.0 45.0 44.0 43.0 42.0 41.0 40.0 39.0 38.0 37.0 36.0 35.0 34.0 33.0 32.0 31.0 30.0 29.0 28.0 27.0 26.0 25.0 24.0 23.0 22.0 21.0 20.0 19.0 18.0 17.0 16.0 15.0 14.0 13.0 12.0 11.0 10.0 9.0 8.0 7.0 6.0 5.0 4.0 3.0 2.0 1.0 0.0 1.0 2.0 3.0 4.0 
4.0 5.0 6.0 7.0 8.0 9.0 10.0 11.0 12.0 13.0 14.0 15.0 16.0 17.0 18.0 19.0 20.0 21.0 22.0 23.0 24.0 25.0 26.0 27.0 28.0 29.0 30.0 31.0 32.0 33.0 34.0 35.0 36.0 37.0 38.0 39.0 40.0 41.0 42.0 43.0 44.0 45.0 46.0 47.0 48.0 49.0 50.0 51.0 52.0 53.0 54.0 55.0 56.0 57.0 58.0 59.0 60.0 61.0 62.0 63.0 64.0 63.0 62.0 61.0 60.0 59.0 58.0 57.0 56.0 55.0 54.0 53.0 52.0 51.0 50.0 49.0 48.0 47.0 46.0 45.0 44.0 43.0 42.0 41.0 40.0 39.0 38.0 37.0 36.0 35.0 34.0 33.0 32.0 31.0 30.0 29.0 28.0 27.0 26.0 25.0 24.0 23.0 22.0 21.0 20.0 19.0 18.0 17.0 16.0 15.0 14.0 13.0 12.0 11.0 10.0 9.0 8.0 7.0 6.0 5.0 4.0 3.0 2.0 1.0 0.0 1.0 2.0 3.0 
3.0 4.0 5.0 6.0 7.0 8.0 9.0 10.0 11.0 12.0 13.0 14.0 15.0 16.0 17.0 18.0 19.0 20.0 21.0 22.0 23.0 24.0 25.0 26.0 27.0 28.0 29.0 30.0 31.0 32.0 33.0 34.0 35.0 36.0 37.0 38.0 39.0 40.0 41.0 42.0 43.0 44.0 45.0 46.0 47.0 48.0 49.0 50.0 51.0 52.0 53.0 54.0 55.0 56.0 57.0 58.0 59.0 60.0 61.0 62.0 63.0 64.0 63.0 62.0 61.0 60.0 59.0 58.0 57.0 56.0 55.0 54.0 53.0 52.0 51.0 50.0 49.0 48.0 47.0 46.0 45.0 44.0 43.0 42.0 41.0 40.0 39.0 38.0 37.0 36.0 35.0 34.0 33.0 32.0 31.0 30.0 29.0 28.0 27.0 26.0 25.0 24.0 23.0 22.0 21.0 20.0 19.0 18.0 17.0 16.0 15.0 14.0 13.0 12.0 11.0 10.0 9.0 8.0 7.0 6.0 5.0 4.0 3.0 2.0 1.0 0.0 1.0 2.0 
2.0 3.0 4.0 5.0 6.0 7.0 8.0 9.0 10.0 11.0 12.0 13.0 14.0 15.0 16.0 17.0 18.0 19.0 20.0 21.0 22.0 23.0 24.0 25.0 26.0 27.0 28.0 29.0 30.0 31.0 32.0 33.0 34.0 35.0 36.0 37.0 38.0 39.0 40.0 41.0 42.0 43.0 44.0 45.0 46.0 47.0 48.0 49.0 50.0 51.0 52.0 53.0 54.0 55.0 56.0 57.0 58.0 59.0 60.0 61.0 62.0 63.0 64.0 63.0 62.0 61.0 60.0 59.0 58.0 57.0 56.0 55.0 54.0 53.0 52.0 51.0 50.0 49.0 48.0 47.0 46.0 45.0 44.0 43.0 42.0 41.0 40.0 39.0 38.0 37.0 36.0 35.0 34.0 33.0 32.0 31.0 30.0 29.0 28.0 27.0 26.0 25.0 24.0 23.0 22.0 21.0 20.0 19.0 18.0 17.0 16.0 15.0 14.0 13.0 12.0 11.0 10.0 9.0 8.0 7.0 6.0 5.0 4.0 3.0 2.0 1.0 0.0 1.0 
1.0 2.0 3.0 4.0 5.0 6.0 7.0 8.0 9.0 10.0 11.0 12.0 13.0 14.0 15.0 16.0 17.0 18.0 19.0 20.0 21.0 22.0 23.0 24.0 25.0 26.0 27.0 28.0 29.0 30.0 31.0 32.0 33.0 34.0 35.0 36.0 37.0 38.0 39.0 40.0 41.0 42.0 43.0 44.0 45.0 46.0 47.0 48.0 49.0 50.0 51.0 52.0 53.0 54.0 55.0 56.0 57.0 58.0 59.0 60.0 61.0 62.0 63.0 64.0 63.0 62.0 61.0 60.0 59.0 58.0 57.0 56.0 55.0 54.0 53.0 52.0 51.0 50.0 49.0 48.0 47.0 46.0 45.0 44.0 43.0 42.0 41.0 40.0 39.0 38.0 37.0 36.0 35.0 34.0 33.0 32.0 31.0 30.0 29.0 28.0 27.0 26.0 25.0 24.0 23.0 22.0 21.0 20.0 19.0 18.0 17.0 16.0 15.0 14.0 13.0 12.0 11.0 10.0 9.0 8.0 7.0 6.0 5.0 4.0 3.0 2.0 1.0 0.0 