128
98 100 86 44 28 83 100 20 19 19 92 25 20 90 65 49 36 72 12 40 93 31 96 68 72 46 76 96 76 63 67 40 5 2 25 27 26 71 41 54 23 78 82 83 37 3 99 94 91 62 70 65 35 32 47 45 60 51 55 99 39 2 38 2 40 13 77 20 89 37 95 88 100 65 60 98 55 41 89 98 75 66 65 75 91 80 13 73 95 94 43 27 80 92 88 40 88 35 9 18 26 42 39 5 34 21 76 10 85 9 83 22 94 33 2 60 16 39 96 44 62 3 41 89 94 13 22 53 
28 45 38 25 74 83 46 18 12 31 1 28 9 21 3 25 79 9 58 84 75 83 49 13 94 4 7 76 13 36 91 46 87 84 82 57 74 11 64 31 95 53 96 49 38 70 36 54 19 41 14 4 66 47 93 43 25 54 6 62 68 36 14 66 84 61 37 35 44 78 58 15 50 42 91 63 79 81 22 29 20 60 84 4 85 94 67 96 3 19 44 76 89 3 95 59 85 1 9 60 43 84 10 83 88 72 92 66 68 56 62 5 52 55 72 97 70 100 89 99 95 4 75 32 28 24 56 83 
37 68 15 18 75 50 58 75 81 42 10 47 56 66 100 100 14 61 44 65 33 84 12 89 16 42 52 100 87 91 34 93 74 38 23 26 92 11 11 31 62 19 65 5 48 64 66 48 82 52 64 9 51 36 54 13 12 29 60 29 97 87 8 4 51 4 31 9 64 56 45 51 44 66 79 16 98 23 19 91 74 23 83 69 18 65 21 15 24 11 55 81 37 20 20 23 73 88 86 11 7 32 22 93 17 76 44 99 18 59 1 20 65 20 92 79 11 31 10 51 26 65 64 3 53 23 53 8 
76 41 1 35 47 22 63 87 98 40 4 81 39 89 69 30 43 49 13 23 66 76 41 35 96 10 45 67 47 33 18 68 72 14 22 67 3 52 66 41 23 67 88 69 80 41 94 9 92 74 57 80 12 98 88 79 43 50 67 52 56 2 27 75 79 59 40 74 63 87 20 32 85 59 57 53 68 71 74 86 45 48 83 80 85 79 82 23 63 79 96 62 87 46 68 11 49 30 53 68 3 13 22 34 98 70 29 7 29 5 53 7 38 26 5 43 63 65 33 31 74 80 58 32 50 48 90 57 
56 54 82 45 88 77 28 57 86 2 27 8 72 55 16 66 19 66 22 52 8 19 64 42 86 39 23 58 54 90 54 78 24 88 4 36 12 44 49 7 83 56 67 88 88 7 93 74 68 94 42 85 72 18 56 1 17 96 53 64 36 75 20 77 37 95 21 48 37 77 45 2 36 31 81 71 94 80 57 77 9 68 96 48 46 13 99 16 42 60 85 65 80 52 23 72 36 14 7 23 58 4 11 65 8 61 45 89 68 27 54 41 70 26 16 71 35 18 49 24 70 54 29 50 88 98 39 2 
60 69 63 89 3 17 38 50 28 32 42 77 98 4 15 37 1 71 54 93 7 77 16 37 43 61 18 28 63 61 80 40 61 96 15 23 23 35 46 12 38 55 96 30 73 38 74 67 59 57 54 1 60 73 93 27 7 25 72 31 35 90 13 59 41 12 40 41 55 99 47 53 4 28 14 49 23 3 57 56 36 40 77 57 89 94 36 24 97 92 13 68 10 36 40 13 25 65 64 15 74 72 36 96 27 22 67 3 4 23 12 12 75 53 91 86 70 88 3 70 69 41 99 89 27 71 54 37 
2 72 76 30 90 25 7 76 69 83 97 30 50 6 55 58 10 51 82 87 15 44 78 93 46 64 75 11 21 43 70 8 70 25 57 33 52 30 56 60 48 91 29 55 72 52 46 74 37 45 63 71 4 23 38 32 29 52 89 8 41 36 10 53 44 75 93 88 75 92 31 19 51 61 12 94 55 24 98 70 74 69 90 17 91 73 17 72 2 84 41 6 84 16 70 42 45 54 50 56 2 63 88 61 33 15 7 25 64 45 67 17 95 58 91 62 26 72 45 1 21 22 41 4 75 67 49 31 
10 41 9 70 52 76 23 52 48 16 30 2 61 69 8 14 53 88 22 47 59 55 30 15 44 95 43 35 68 55 48 11 61 63 50 62 91 75 8 17 29 41 43 51 55 85 60 30 15 79 14 70 41 54 57 23 78 81 84 15 54 53 13 4 61 21 86 45 53 98 10 99 98 82 27 47 96 74 15 73 92 17 12 6 20 14 46 51 34 71 34 3 49 77 6 36 15 91 43 14 1 33 71 62 10 29 91 52 12 39 79 1 89 52 69 85 32 50 7 39 31 2 89 14 97 6 7 69 
88 97 37 53 49 10 53 19 6 29 21 8 27 58 99 6 50 41 20 17 47 92 1 9 23 38 40 29 3 29 93 92 8 92 21 74 20 28 95 86 81 37 15 12 2 61 17 72 39 30 11 72 56 29 71 92 76 27 64 73 44 13 5 38 75 14 34 31 90 69 25 84 68 60 63 10 3 45 16 92 4 11 99 59 31 44 8 22 100 65 33 72 59 39 21 17 84 40 47 53 46 96 26 68 80 4 86 68 63 68 2 15 31 1 22 20 57 58 92 27 77 17 43 20 58 86 12 24 
14 28 75 75 7 17 34 25 1 64 100 79 82 99 69 25 31 34 80 64 46 39 80 35 77 50 11 24 62 4 82 18 100 30 6 69 29 56 92 6 56 49 86 97 91 67 37 93 66 33 7 77 45 73 38 45 20 91 7 9 83 84 100 4 9 21 15 70 61 92 95 8 82 7 46 34 68 9 10 65 95 72 27 63 50 23 7 93 95 91 18 82 75 95 28 39 51 72 59 42 29 23 16 52 15 58 77 91 69 27 79 52 57 77 57 24 55 20 22 100 31 49 29 73 42 10 31 95 
29 100 89 98 75 34 55 16 90 35 33 77 14 38 3 91 72 4 49 81 5 56 97 71 28 14 67 13 59 58 85 87 44 29 17 21 85 24 55 34 54 13 33 59 51 71 16 43 58 1 34 22 57 39 81 97 88 10 84 12 72 27 15 35 79 91 55 15 86 73 38 30 63 11 50 43 91 5 75 19 48 8 6 27 51 54 50 56 13 78 68 3 74 60 2 62 57 12 43 78 100 7 30 57 43 1 23 80 58 53 98 54 58 2 11 49 56 98 60 37 49 57 73 80 16 59 39 7 
34 28 68 90 66 66 73 96 74 76 76 18 87 4 26 71 52 45 76 36 100 44 58 60 55 4 61 71 72 43 80 53 33 13 58 28 5 88 14 59 26 56 37 24 89 89 61 65 27 75 94 6 98 72 59 27 41 54 30 63 3 24 97 1 12 16 45 69 28 19 3 71 66 41 93 58 13 83 45 92 43 5 33 89 45 6 26 75 80 63 85 34 85 7 61 26 17 91 43 74 34 100 30 40 86 62 66 21 54 84 7 29 32 89 82 35 90 8 65 89 64 37 51 25 63 51 33 32 
50 66 8 60 82 71 72 78 87 5 51 87 15 99 92 97 58 42 11 97 3 9 91 79 40 36 52 27 38 4 51 61 12 55 95 3 99 80 93 74 25 37 82 21 59 36 25 24 94 84 40 42 81 69 29 75 78 79 64 75 19 84 64 42 77 4 85 36 12 23 55 60 69 14 3 61 33 21 32 69 74 47 1 54 23 67 91 48 59 88 65 73 6 13 23 13 47 61 20 55 13 40 25 1 97 48 51 62 93 72 50 21 48 19 30 56 15 29 60 20 97 3 6 22 40 8 4 38 
68 44 49 73 48 84 91 91 23 36 36 59 19 43 78 44 66 1 83 72 52 63 4 96 41 89 31 68 49 77 82 35 24 87 100 72 51 33 99 69 21 9 46 8 29 99 51 49 86 30 2 92 35 98 73 55 81 83 27 40 79 63 59 95 18 8 30 58 39 83 38 77 47 63 8 47 58 92 56 52 70 77 64 10 70 48 6 23 48 60 97 100 86 92 70 74 24 75 35 89 46 10 6 48 62 80 40 8 26 73 100 56 82 99 96 27 1 68 20 100 44 48 36 72 27 54 57 61 
40 87 23 21 25 27 41 87 23 2 10 80 25 38 90 65 25 97 17 22 91 77 2 64 96 6 6 65 4 18 35 48 76 51 23 13 9 15 53 23 22 29 94 86 13 69 75 83 18 66 32 36 91 9 22 5 83 40 30 54 1 62 74 2 20 30 7 53 31 87 74 23 46 26 70 66 54 90 99 19 71 33 68 74 4 77 19 29 53 17 2 41 53 53 61 95 93 64 96 14 69 77 34 7 62 66 65 80 95 59 55 85 12 64 44 4 90 42 8 29 58 85 9 52 10 14 2 28 
30 91 94 46 14 83 42 47 22 6 100 20 13 9 53 58 46 53 27 49 96 34 10 22 5 32 19 87 47 14 15 99 40 35 43 100 45 20 70 48 45 98 98 82 63 76 34 70 97 77 92 76 53 90 78 47 46 11 30 72 19 45 56 42 1 82 33 20 16 9 19 54 51 91 23 39 85 61 70 27 43 31 25 87 9 41 93 29 14 61 51 3 43 34 49 22 7 23 64 40 36 14 68 4 1 73 70 33 65 84 5 45 61 36 51 74 8 86 90 57 80 12 17 94 73 10 71 15 
100 91 45 23 91 40 76 80 22 89 27 61 77 72 91 50 99 20 50 2 2 7 93 100 51 82 81 87 97 6 69 4 12 18 59 9 12 9 31 88 65 96 78 19 8 5 83 84 4 5 45 95 89 1 99 14 100 82 51 91 12 75 19 42 68 85 86 84 33 21 20 68 21 90 61 100 29 8 30 68 21 53 17 4 34 81 43 19 60 99 80 25 62 44 10 39 11 14 10 50 78 14 42 23 28 13 52 83 99 33 5 94 54 34 5 90 57 37 76 79 20 26 31 11 13 81 73 62 
86 99 16 20 42 32 44 31 76 19 19 73 86 6 28 85 100 48 77 85 25 91 76 1 59 79 67 94 16 2 61 38 91 52 90 61 9 76 22 53 76 73 88 6 12 6 99 39 12 43 44 81 74 11 65 93 41 70 47 23 8 87 61 39 72 68 26 72 19 39 65 42 55 93 62 9 69 13 76 31 80 100 46 15 81 46 58 97 95 19 63 73 2 92 14 81 93 92 74 20 64 38 49 76 64 67 12 99 71 37 74 37 79 48 99 19 91 29 89 61 78 10 9 30 38 77 11 73 
19 13 76 63 98 88 54 36 29 66 99 1 29 77 55 47 23 81 56 12 21 71 43 19 100 39 78 55 7 77 53 74 45 37 44 51 75 41 25 67 94 61 54 37 13 5 37 66 62 36 77 79 39 11 48 65 61 21 99 52 69 97 36 15 10 31 44 82 51 77 2 73 78 85 9 67 11 86 25 72 33 36 84 80 4 55 93 10 36 45 60 32 81 20 69 12 24 77 71 61 29 2 78 87 2 4 64 80 20 62 34 85 7 97 52 7 41 47 7 5 22 76 35 83 52 70 70 13 
73 54 30 37 94 27 69 24 79 67 6 41 76 25 83 65 73 11 31 15 57 98 13 72 49 40 52 7 39 55 5 62 83 91 14 18 7 64 64 66 15 3 38 67 59 71 64 49 79 75 67 23 94 75 76 44 4 60 18 100 100 55 94 51 19 57 2 35 5 68 36 47 95 34 94 55 38 44 21 93 99 25 24 11 64 74 65 88 69 47 89 23 44 1 45 65 90 55 82 92 44 14 28 8 68 50 20 79 20 17 42 87 15 13 53 11 43 27 33 4 80 70 76 64 10 46 50 83 
39 91 2 42 46 66 72 41 27 99 36 21 66 26 84 8 31 32 13 2 45 69 21 26 60 32 17 55 38 30 4 6 41 43 55 75 25 55 3 14 58 81 76 52 21 64 89 77 19 28 56 7 12 41 8 45 99 10 17 74 4 80 72 75 91 12 85 72 88 25 63 50 72 61 23 64 88 69 89 54 16 31 23 79 45 10 73 44 84 74 76 17 98 94 4 87 12 45 29 22 92 51 48 79 41 92 99 41 26 44 77 34 41 18 62 86 17 52 65 6 8 2 45 31 49 95 14 53 
60 87 6 54 17 72 96 29 17 26 97 57 81 52 33 40 25 89 97 79 20 91 3 70 48 69 43 33 72 66 28 21 100 91 76 61 50 11 62 52 3 84 89 70 53 14 22 87 17 10 24 83 51 46 8 100 42 56 75 35 51 64 3 13 37 68 88 39 43 45 46 58 19 73 51 74 15 69 94 34 57 43 70 96 95 72 4 13 90 34 85 88 5 12 56 28 98 24 86 9 55 74 71 14 26 40 38 27 83 60 61 56 25 96 88 35 15 82 20 16 53 61 34 11 8 98 76 61 
71 66 35 32 41 75 98 49 91 40 4 71 22 81 28 39 82 100 75 28 72 76 21 48 45 17 15 99 98 61 10 69 16 34 81 14 80 36 87 20 7 88 18 27 80 74 72 19 21 18 10 81 33 26 95 95 4 95 81 1 61 68 23 52 49 64 71 5 81 82 58 14 25 20 47 88 3 4 43 60 31 64 31 98 36 28 24 57 42 34 27 32 73 94 24 86 89 58 49 97 59 67 10 43 75 43 62 43 19 42 97 95 53 38 19 39 70 95 11 44 31 46 45 60 97 31 33 51 
88 7 12 87 85 14 5 76 65 70 35 43 15 43 79 99 44 32 77 94 30 4 85 11 52 13 93 66 39 23 24 39 5 30 92 19 24 56 82 90 22 31 66 58 53 10 33 74 33 23 36 25 23 24 17 43 12 38 85 58 74 11 13 71 78 55 63 71 57 49 93 78 94 26 26 35 34 70 31 77 72 43 31 42 54 73 84 28 51 25 18 44 30 52 23 58 19 60 34 21 59 89 77 31 99 99 50 84 39 7 79 76 86 22 51 43 23 60 38 78 23 67 71 92 66 89 92 34 
20 23 84 37 91 94 94 45 84 90 22 53 97 50 98 87 45 75 22 86 8 92 6 81 48 26 45 31 4 19 44 21 27 56 38 32 83 39 74 71 8 18 72 77 16 62 76 14 5 72 23 17 98 14 14 3 22 36 38 66 60 76 9 83 92 46 46 67 17 24 1 89 58 84 8 91 41 54 28 46 68 98 94 30 49 67 44 100 32 11 16 90 62 93 2 54 92 36 70 87 69 54 70 78 3 53 48 94 86 94 19 73 97 42 77 79 69 25 34 63 89 77 29 33 36 39 57 45 
23 84 27 85 37 61 91 95 86 36 70 82 40 29 95 65 21 73 67 16 5 76 57 89 17 8 51 92 28 19 47 3 4 89 83 100 58 65 87 13 73 12 10 66 81 38 34 27 62 78 66 14 54 95 72 57 39 70 62 19 54 100 49 6 91 45 88 76 12 20 3 99 31 89 2 30 34 30 37 43 63 95 61 7 3 10 63 20 17 87 98 60 13 68 81 76 46 39 26 64 33 39 78 85 27 36 15 35 69 57 88 43 50 33 87 63 57 26 91 86 76 59 62 38 98 62 95 82 
83 31 22 2 30 8 1 11 20 88 81 37 84 27 28 17 95 64 69 62 90 1 41 99 4 19 34 69 91 63 27 2 21 92 82 53 28 39 59 47 84 37 94 23 22 50 24 51 56 47 74 4 73 80 76 39 14 27 48 48 11 61 28 75 46 75 99 34 63 53 61 67 91 15 26 47 82 57 96 55 97 76 17 10 45 40 58 24 22 55 65 7 88 3 50 61 69 94 89 98 16 19 46 74 76 52 82 95 31 79 63 2 35 13 61 7 83 58 56 67 7 52 41 72 55 58 48 16 
3 49 100 87 67 35 88 24 39 64 74 49 1 30 10 21 56 3 10 96 8 9 55 6 17 73 59 78 28 99 68 94 80 60 20 32 63 79 30 71 5 84 45 10 58 80 39 18 92 56 39 26 32 22 6 44 77 26 38 59 29 95 2 57 40 18 20 92 39 16 39 68 34 44 70 59 58 24 87 36 96 66 14 6 38 36 68 62 75 52 4 55 19 56 92 95 69 56 44 13 100 1 61 40 45 92 90 48 38 37 48 84 76 29 88 28 25 50 29 73 9 43 62 29 98 72 43 48 
95 11 75 61 21 71 8 61 1 27 70 90 59 60 12 79 46 66 13 23 55 42 33 73 90 92 6 91 3 48 66 49 7 90 40 64 60 61 11 41 32 95 28 52 7 86 71 24 91 53 98 93 59 5 69 79 5 94 54 54 42 24 97 68 33 42 96 24 50 42 68 36 3 36 89 71 3 64 16 80 3 46 65 46 12 39 24 57 77 92 9 25 43 69 22 70 9 3 88 10 86 84 56 17 95 12 10 6 84 42 63 53 52 13 100 71 91 31 34 56 71 39 42 9 94 37 93 60 
70 5 99 92 3 77 89 92 13 73 19 47 8 3 50 62 76 77 39 40 28 80 75 59 26 25 69 6 22 5 47 71 66 16 67 93 34 63 84 27 38 39 70 51 29 78 38 54 38 22 95 59 94 71 31 97 10 46 88 9 6 41 47 65 11 62 36 61 75 3 28 27 4 83 74 52 27 63 100 93 78 9 93 24 64 17 25 58 79 26 80 67 42 61 33 31 54 75 2 87 30 19 42 63 10 41 95 80 55 74 30 77 66 81 32 27 93 2 49 73 4 73 74 2 59 6 76 89 
74 51 37 98 69 21 11 92 3 60 4 60 83 98 78 96 83 6 55 39 60 44 1 39 36 43 49 84 60 93 56 9 4 45 83 63 68 22 32 59 50 62 55 69 32 14 73 45 88 88 65 83 63 76 22 96 52 7 57 90 72 74 67 20 65 24 65 34 67 55 6 2 9 88 56 21 88 36 87 89 49 24 68 10 53 34 16 43 1 11 27 33 3 15 3 95 52 48 14 18 2 98 90 10 91 92 43 24 59 19 35 94 24 58 28 2 54 40 41 34 79 32 60 53 58 51 33 18 
45 9 84 85 91 13 56 51 66 76 28 10 53 64 31 100 97 31 100 16 98 83 60 85 57 88 27 95 11 34 99 68 17 22 44 65 54 58 92 16 19 19 32 27 58 63 10 52 69 67 9 99 10 98 50 61 47 11 37 75 18 74 10 29 52 85 64 74 88 52 73 59 84 20 92 7 19 34 81 25 33 41 9 6 29 99 41 2 16 77 69 41 26 56 98 93 70 86 2 5 63 93 33 14 85 9 37 37 81 27 8 54 38 71 21 48 96 98 82 59 13 16 63 68 42 19 95 61 
73 74 92 97 22 76 32 74 66 82 32 36 62 34 9 40 94 35 53 82 55 99 12 55 31 27 86 1 38 6 47 4 10 100 8 45 2 34 43 14 76 82 46 80 43 16 86 90 41 94 29 83 38 31 33 40 91 90 57 13 70 17 15 42 48 80 34 50 6 78 7 3 78 80 54 33 8 28 3 90 45 23 14 26 1 47 47 66 66 94 76 52 2 59 81 26 31 82 37 1 11 79 90 16 52 39 27 2 56 33 40 49 98 21 5 1 38 14 68 74 45 81 69 67 19 68 73 43 
56 65 35 62 73 69 19 80 2 10 24 97 92 69 21 50 83 57 20 67 21 13 66 73 22 59 71 44 89 50 54 64 61 33 87 50 20 25 96 89 58 95 78 86 40 53 51 62 4 68 79 51 61 99 88 48 11 20 56 10 60 47 88 43 87 40 9 5 38 51 6 17 37 72 61 1 30 70 96 28 59 3 28 34 90 98 16 38 98 37 83 12 81 18 73 7 61 57 3 78 69 34 50 44 81 91 55 54 87 25 56 64 98 44 41 67 65 92 92 68 39 11 13 33 43 33 58 76 
39 37 65 74 5 70 7 15 69 59 96 77 69 44 11 63 33 35 14 34 94 89 19 4 81 66 58 69 44 22 82 96 47 12 90 39 4 25 92 37 59 10 87 73 51 72 9 100 17 98 93 27 67 97 55 48 28 55 4 15 40 8 19 34 78 4 74 35 86 95 66 60 18 46 57 18 38 74 94 98 42 62 55 83 87 12 31 64 50 60 69 32 86 35 15 87 57 39 90 76 17 39 58 66 84 54 95 40 31 56 49 12 8 45 71 47 58 37 29 97 33 93 33 27 58 13 1 53 
84 10 13 20 8 17 76 62 85 7 44 50 51 41 58 40 80 4 4 62 98 90 81 41 58 58 88 5 61 27 21 78 63 98 86 99 80 62 63 47 78 91 91 50 98 54 16 50 53 26 81 23 82 98 52 86 100 37 58 55 64 81 66 82 31 91 63 15 48 19 61 1 26 78 68 59 57 88 15 10 72 22 39 80 52 89 93 56 15 100 66 13 25 100 52 49 100 100 100 21 23 32 35 74 35 6 2 16 9 33 41 51 62 13 95 1 24 25 39 89 56 33 70 50 97 85 98 24 
47 27 25 10 98 80 24 16 40 84 64 30 20 74 29 95 31 17 5 40 48 73 45 76 12 2 48 58 2 73 74 15 24 63 63 22 9 49 83 60 74 6 42 91 35 9 95 68 84 2 8 68 42 22 67 16 7 33 65 22 32 56 39 90 93 14 12 28 7 15 3 65 60 15 21 96 65 31 10 31 82 8 9 17 65 3 76 62 43 82 27 23 29 85 10 66 85 100 79 4 43 52 42 83 45 21 60 33 5 31 6 54 41 39 22 7 90 45 42 70 72 3 4 64 90 77 31 12 
94 88 74 9 87 47 82 48 34 7 48 64 52 98 66 6 73 97 39 21 39 3 75 50 55 45 88 79 48 100 16 46 73 66 10 43 11 77 79 80 36 33 4 70 38 62 80 95 100 32 39 31 66 99 46 68 67 73 3 24 88 41 54 99 28 52 66 28 51 29 97 3 32 86 51 47 99 81 71 99 95 59 28 70 71 56 79 98 7 78 86 36 64 97 70 72 47 40 8 73 3 71 100 7 59 52 27 82 43 23 39 13 13 23 15 47 19 80 72 99 53 57 78 93 5 32 78 98 
50 82 51 57 15 25 55 94 95 80 75 3 10 43 100 87 58 70 24 73 43 65 88 87 15 50 21 3 93 91 73 41 96 18 85 20 43 92 12 54 64 3 40 77 49 78 71 70 63 84 15 11 99 67 11 45 30 42 84 88 76 31 50 99 18 14 14 17 51 9 70 18 13 61 76 23 53 82 31 29 27 62 35 36 47 1 95 10 21 20 70 78 38 73 13 13 90 85 15 55 20 38 28 69 81 59 42 2 98 66 69 91 29 23 31 34 56 9 17 30 12 75 12 77 82 64 98 48 
17 51 67 74 83 71 57 19 49 91 50 42 47 33 29 23 89 20 8 20 25 77 92 39 54 46 56 61 42 11 88 46 20 42 28 60 89 39 13 68 47 19 50 44 81 81 14 73 71 58 75 84 33 85 88 84 14 15 2 77 99 1 93 64 45 12 54 66 88 10 90 96 53 71 5 95 70 61 48 91 69 79 44 5 26 78 99 62 17 76 100 31 30 9 3 97 85 82 80 48 90 96 70 12 89 56 73 40 69 18 83 2 51 36 43 20 32 13 70 45 98 97 30 63 15 27 85 56 
79 30 20 56 35 87 16 46 83 10 48 26 79 11 2 10 30 57 22 91 68 46 38 36 97 7 11 42 71 48 41 84 23 9 85 17 44 80 31 77 97 17 38 47 51 5 65 72 28 4 66 86 29 75 68 49 27 100 36 76 97 33 100 15 31 18 86 36 96 62 29 42 86 7 71 81 65 85 47 39 69 29 16 66 16 49 27 79 82 5 68 13 39 52 87 76 37 93 100 71 51 69 76 1 12 28 94 69 57 56 86 46 4 49 24 21 11 31 89 42 6 27 6 100 53 5 55 85 
79 69 73 98 9 15 48 98 8 54 12 73 87 24 26 20 41 97 76 36 9 29 21 54 87 16 50 12 3 22 64 1 89 96 60 11 30 90 100 43 8 30 27 6 43 8 2 47 79 37 20 5 46 100 11 59 60 35 47 22 42 2 40 48 86 50 49 73 76 30 19 41 49 54 82 48 27 38 74 20 80 84 73 28 45 51 47 9 79 44 3 65 96 43 90 76 98 86 90 19 14 92 48 53 8 96 39 98 58 73 74 24 52 6 4 36 64 51 60 1 58 69 71 20 75 2 84 98 
17 7 36 64 99 18 63 93 63 10 76 25 77 13 96 57 40 79 70 44 75 82 16 23 30 99 14 41 41 65 90 66 34 93 41 32 5 2 65 96 28 75 47 77 71 85 60 52 51 5 100 6 32 9 67 74 59 96 71 51 61 92 82 93 48 15 66 42 4 3 61 13 12 47 30 57 58 75 78 84 36 37 36 23 37 35 71 65 77 27 13 24 58 1 33 4 80 61 4 95 26 17 17 22 45 52 25 61 84 84 52 61 95 84 48 65 12 65 40 17 7 7 40 16 90 21 57 67 
15 52 77 53 81 95 85 29 39 1 3 12 8 84 56 11 95 86 22 38 79 44 70 40 70 69 17 1 11 98 21 95 4 57 94 54 88 33 48 2 89 17 7 51 65 41 92 53 63 21 72 65 20 63 98 62 88 44 11 96 87 52 98 92 32 41 5 23 93 19 27 37 56 83 32 64 65 17 86 1 36 72 2 12 35 14 20 83 36 40 81 43 72 50 5 74 36 37 91 76 68 28 23 91 44 32 50 62 90 3 1 12 17 34 85 57 65 16 70 82 16 99 98 78 49 2 94 33 
6 12 48 78 59 41 41 27 49 78 52 89 24 21 21 12 60 72 25 4 97 92 90 67 59 35 42 46 3 39 6 50 72 29 15 45 3 69 76 51 60 46 15 17 24 67 84 45 16 50 76 45 84 96 40 38 8 68 64 25 37 14 80 51 96 58 58 54 73 47 95 98 94 62 79 16 33 88 72 15 63 85 52 37 34 52 14 32 35 13 8 70 50 38 34 23 19 5 13 83 3 26 62 67 2 73 98 63 81 22 66 35 12 1 21 64 17 75 64 65 12 26 17 18 17 29 27 58 
14 27 45 71 95 34 48 80 93 89 86 71 48 59 21 15 55 18 72 18 67 46 9 27 45 80 46 58 36 8 24 100 69 63 46 14 62 84 68 49 42 40 37 28 26 91 50 50 35 35 83 44 40 73 99 65 28 76 19 79 42 44 62 17 86 6 49 31 22 34 83 33 74 63 24 19 60 60 78 49 27 21 15 70 82 77 95 31 14 87 58 75 30 2 34 2 31 24 30 89 25 72 41 9 21 94 88 55 82 55 29 66 5 71 34 42 38 66 8 33 55 50 11 22 98 8 78 5 
29 89 36 64 94 51 49 23 36 87 26 71 66 83 61 13 41 99 25 92 59 22 4 3 5 66 41 11 91 32 18 9 32 69 38 81 26 85 6 12 20 85 53 48 36 37 43 68 81 81 45 85 5 78 97 58 89 77 46 9 7 29 33 14 54 39 87 14 41 54 50 4 21 70 25 61 82 70 96 25 19 49 77 48 7 17 50 57 94 53 17 64 65 31 95 26 95 28 28 68 96 19 50 22 62 52 48 70 80 52 49 36 29 67 17 76 50 37 58 22 34 30 3 32 91 70 13 18 
30 2 53 54 72 5 39 51 3 73 22 48 59 53 3 14 27 24 17 49 69 67 31 11 83 55 98 58 91 21 3 65 99 58 19 2 97 11 40 75 71 41 43 60 30 72 33 61 27 40 43 9 6 11 51 26 16 29 92 9 73 35 10 46 94 24 70 47 2 31 33 90 41 30 98 73 27 66 73 45 9 79 88 18 44 94 42 83 74 88 48 14 39 31 56 52 50 39 44 75 84 4 36 50 72 7 47 24 55 21 3 84 80 38 45 87 88 33 62 52 72 82 95 88 87 28 93 23 
95 67 44 48 37 15 47 100 67 12 2 5 24 70 10 82 20 29 12 95 33 28 63 89 90 31 8 51 59 9 29 76 22 76 37 55 63 15 13 9 34 91 11 74 11 54 72 62 84 33 10 85 85 15 55 27 7 68 49 95 9 86 14 35 17 55 29 96 18 23 95 90 30 41 45 53 74 32 31 50 92 7 35 60 17 33 19 22 56 89 94 47 96 46 8 33 6 22 38 45 66 82 26 91 29 6 60 3 8 44 94 79 37 10 93 28 28 42 8 48 80 80 31 59 2 5 28 43 
32 4 38 44 82 95 71 48 85 87 40 41 20 20 14 65 34 3 22 39 34 49 76 97 48 82 38 71 67 79 78 47 87 33 71 12 32 87 68 92 10 7 93 80 92 11 56 33 75 14 87 87 55 70 7 96 96 80 46 76 19 52 93 65 90 42 31 63 40 67 21 20 42 5 98 41 2 72 15 10 7 30 96 49 28 100 53 65 64 39 98 69 92 55 49 42 64 82 31 52 30 41 92 23 38 53 36 31 8 61 53 92 44 14 48 27 19 16 15 68 4 88 48 98 48 28 38 98 
4 2 46 2 62 51 13 12 92 5 89 73 99 84 90 23 45 42 30 10 18 93 88 22 11 82 86 96 93 22 69 97 91 57 45 61 64 11 85 83 98 62 7 72 94 71 12 73 8 58 86 77 40 90 77 38 48 82 19 90 61 20 10 10 31 50 13 16 47 36 18 16 67 67 29 80 46 29 43 48 75 22 38 25 20 43 37 88 4 64 85 44 52 70 67 74 24 66 54 8 60 46 82 4 31 60 43 19 73 82 55 38 70 13 91 5 26 28 89 100 51 18 23 53 37 64 11 94 
3 98 74 48 51 80 48 83 37 35 94 49 79 35 79 88 99 29 40 72 33 25 52 58 2 15 98 18 32 49 67 85 50 19 53 13 7 48 2 56 77 47 43 11 31 3 52 1 52 86 22 8 58 40 18 85 49 37 38 80 5 50 48 64 54 24 57 17 24 33 35 76 7 6 60 56 39 92 4 54 24 84 46 47 77 24 5 70 11 75 41 97 30 21 74 19 19 35 33 65 54 89 76 84 91 43 41 65 98 46 35 63 54 9 11 90 88 59 70 48 76 6 68 76 27 14 78 58 
81 59 51 67 83 73 10 65 98 85 5 51 35 30 86 56 10 100 35 13 92 45 48 80 98 52 62 91 28 33 16 47 82 35 44 95 43 38 81 96 68 63 48 67 33 41 35 66 53 27 82 42 89 16 5 70 45 58 27 43 76 38 77 93 88 73 26 69 11 15 32 78 13 78 26 40 28 11 28 68 53 42 61 27 16 1 41 94 80 33 97 23 50 43 80 22 60 26 19 7 82 79 43 65 52 17 92 84 77 72 86 91 12 8 51 35 60 40 75 40 93 47 19 49 67 22 32 55 
7 8 45 60 84 34 80 17 11 77 18 40 46 66 42 75 11 38 59 25 89 14 25 95 37 85 14 9 75 41 28 41 72 65 69 49 58 21 16 2 56 80 26 27 28 51 49 18 28 13 1 7 17 86 1 31 63 5 56 74 68 29 38 55 19 33 47 99 69 77 82 67 47 43 46 56 22 5 63 25 29 18 9 36 81 53 26 18 30 60 19 1 30 48 5 43 7 28 85 47 22 54 36 6 57 9 51 91 66 35 70 91 46 76 30 80 26 9 30 86 15 42 58 52 1 6 48 23 
68 69 91 94 91 12 85 29 32 64 35 92 14 23 7 38 60 78 11 89 32 28 12 80 87 23 78 81 82 6 46 97 28 81 36 40 24 9 35 33 44 84 34 74 42 82 44 4 30 65 42 91 71 42 1 81 43 61 96 4 85 83 44 95 57 42 45 52 96 61 45 96 12 11 20 98 55 82 37 53 4 54 5 54 27 21 78 61 99 32 20 10 85 95 1 64 79 14 30 11 99 62 73 26 43 93 96 75 83 80 35 86 7 60 98 89 20 15 99 45 41 81 59 60 100 15 45 68 
27 51 21 90 19 24 72 73 79 64 80 23 1 27 72 78 70 2 34 100 2 93 11 80 90 58 32 56 57 29 52 36 41 91 90 64 96 66 24 88 99 27 77 52 9 10 91 8 86 21 24 85 84 35 83 10 99 43 96 45 73 37 85 80 11 1 83 69 83 11 40 32 24 30 47 7 34 32 23 81 26 81 96 99 89 79 48 80 93 37 92 19 72 14 2 8 29 78 98 35 26 77 81 4 96 23 95 78 47 36 49 58 92 58 60 77 16 91 60 21 78 86 10 75 36 42 17 57 
91 87 39 18 7 6 79 18 88 84 44 62 11 71 64 81 97 40 7 36 63 57 80 85 18 42 44 75 44 32 42 90 40 69 76 19 89 49 99 82 76 34 29 74 43 11 67 30 9 100 19 54 58 55 64 19 33 24 15 29 80 100 9 60 70 84 82 86 77 51 9 13 46 42 99 32 14 69 47 8 23 23 63 24 60 57 3 75 51 50 51 66 72 67 4 28 87 81 2 60 62 37 4 47 51 70 19 85 49 49 7 56 22 21 56 20 5 65 88 54 47 84 98 77 86 97 91 96 
31 78 38 9 45 17 50 73 64 20 5 33 78 67 71 57 44 43 57 28 6 36 5 85 83 30 70 83 18 5 39 16 69 8 61 3 37 64 90 21 43 59 61 88 21 85 72 40 58 95 80 14 80 45 9 33 43 96 74 40 21 90 28 71 98 44 64 84 49 39 4 78 93 14 54 31 42 27 93 67 39 43 99 69 52 5 60 80 11 66 88 88 25 27 16 75 94 67 93 18 10 7 73 39 93 22 98 78 100 52 52 85 24 70 35 97 25 28 21 81 43 34 14 42 78 21 25 62 
75 29 2 48 57 46 52 6 36 45 90 66 86 36 50 68 52 17 97 40 32 25 29 91 56 75 100 51 53 92 58 17 94 19 37 75 92 87 48 29 50 19 62 96 6 54 99 13 63 53 10 47 65 17 19 8 67 50 24 52 96 2 58 7 78 39 84 50 55 60 48 40 13 75 96 49 30 73 12 95 83 92 43 11 8 61 79 2 73 56 86 65 75 82 84 65 89 6 86 5 42 74 16 71 82 30 12 46 49 47 18 87 83 67 64 46 5 73 76 29 95 64 70 45 12 44 98 75 
21 15 20 84 42 52 13 65 72 17 87 67 12 55 66 4 71 77 63 98 100 48 39 68 92 65 25 4 11 71 85 83 42 92 34 44 17 15 86 95 15 85 34 97 72 99 79 11 86 19 53 53 77 85 37 70 76 47 70 89 52 9 61 52 87 92 2 18 12 70 4 70 25 77 36 7 5 31 15 87 23 98 95 53 24 42 48 93 42 19 48 57 72 70 53 49 59 86 10 71 95 51 64 65 22 99 66 98 86 75 32 34 42 87 20 74 80 88 45 73 1 68 42 10 86 54 21 65 
81 5 87 11 19 83 57 16 57 60 74 4 71 31 53 35 55 71 5 52 79 55 52 4 71 25 91 1 87 60 30 21 27 6 46 39 66 57 15 9 84 85 54 52 86 65 54 6 4 48 27 53 4 78 79 34 89 91 6 76 62 99 94 55 63 87 94 51 41 20 11 40 35 46 44 75 69 42 54 41 74 41 55 89 61 66 94 49 10 11 61 77 74 49 96 84 25 50 17 76 84 60 28 13 19 62 14 56 20 12 11 85 59 87 17 20 40 49 36 78 10 61 21 83 97 55 5 7 
61 45 73 46 38 44 96 46 17 28 36 17 90 48 51 60 5 35 28 14 28 27 99 63 58 54 34 42 9 21 31 73 59 24 73 3 60 7 28 31 10 57 14 88 18 29 67 13 95 8 40 14 75 71 58 61 86 45 99 43 89 43 94 93 16 42 14 50 15 51 9 92 2 44 55 62 91 39 82 97 13 9 86 41 12 91 22 79 45 70 26 2 51 18 18 61 16 29 22 15 74 48 35 75 88 72 33 64 49 28 42 41 70 31 4 53 56 57 48 40 37 85 26 14 78 15 66 20 
88 28 52 49 51 62 42 64 38 66 22 36 5 97 83 67 13 6 23 2 68 16 73 27 55 19 70 12 2 73 79 64 32 30 5 6 53 92 61 7 82 69 30 20 75 42 79 30 40 98 91 96 47 17 97 62 28 86 13 93 18 76 51 65 95 63 47 20 81 97 54 54 95 99 24 90 58 53 47 8 34 60 99 81 76 94 83 71 98 29 63 39 22 41 91 98 6 40 42 75 21 35 34 84 65 70 33 44 29 51 52 12 11 70 1 66 27 67 50 56 29 41 1 5 26 16 51 97 
92 67 73 39 78 91 96 96 55 26 60 13 16 8 3 44 31 68 11 70 5 42 19 43 75 87 70 58 3 97 50 11 79 40 42 46 88 39 24 22 36 10 14 78 87 81 100 34 57 86 14 57 31 10 44 40 32 7 1 49 32 12 20 95 92 90 90 7 100 93 19 55 88 31 61 87 25 83 28 24 98 55 29 40 10 42 94 36 60 74 17 89 14 44 33 79 1 13 26 61 76 80 98 55 55 98 58 3 91 22 49 64 91 27 34 43 74 77 66 57 67 19 97 5 18 3 89 27 
62 4 29 34 69 47 12 54 86 66 51 95 52 41 60 27 26 11 100 66 82 19 85 43 49 94 75 13 44 98 21 54 6 59 25 47 12 26 85 84 76 56 83 65 35 10 86 27 50 22 58 17 9 28 42 54 54 55 38 89 51 91 31 16 10 83 84 95 73 94 39 23 45 34 91 82 3 66 17 56 2 41 5 15 95 25 93 8 19 64 71 43 57 93 94 70 77 92 69 40 99 67 35 15 48 35 78 58 5 64 42 93 20 63 16 42 16 55 85 61 84 70 90 85 88 94 59 76 
89 54 7 97 83 52 33 1 96 3 31 44 14 59 40 51 89 3 91 57 23 89 78 48 23 86 52 13 42 37 98 80 70 57 80 71 98 72 51 79 20 15 13 8 31 13 10 24 9 12 82 40 26 76 85 90 1 17 97 56 4 56 60 26 33 53 55 98 37 44 33 72 99 30 88 14 69 26 90 1 16 8 56 56 100 14 26 93 39 94 51 12 65 93 38 41 72 84 23 46 20 45 96 51 53 47 34 14 14 31 21 61 77 49 21 36 71 48 22 16 93 33 57 37 38 75 34 41 
97 56 23 16 75 7 76 86 56 38 29 2 4 1 43 24 67 9 96 2 80 57 7 12 21 14 99 33 6 41 75 80 37 89 44 85 51 54 8 97 87 92 34 79 52 76 43 9 15 25 35 32 95 87 77 89 50 11 18 70 82 98 46 11 5 94 48 68 64 75 3 98 28 18 62 71 50 56 30 33 83 30 7 95 60 15 13 21 92 22 9 2 78 77 18 10 9 91 64 28 36 45 92 94 64 96 4 76 75 11 14 64 17 88 79 72 46 85 67 37 74 40 71 4 63 94 19 94 
34 28 48 49 23 96 24 59 64 60 32 86 37 38 76 6 4 90 29 92 18 91 22 62 32 85 23 21 4 70 62 36 6 45 72 42 24 14 42 60 55 54 16 67 98 6 62 3 57 40 76 91 63 92 36 44 31 3 56 74 93 7 29 89 76 61 29 85 28 39 21 72 65 66 72 59 62 58 7 100 89 85 67 40 50 61 50 25 22 72 35 30 32 95 55 40 10 80 95 88 8 37 72 77 83 6 80 43 58 83 37 55 21 96 70 51 94 81 59 34 62 98 70 94 51 28 37 57 
82 23 65 59 60 76 93 2 96 82 28 54 50 71 41 42 96 20 9 2 72 93 26 96 30 9 80 91 10 56 12 80 31 89 89 35 57 61 97 33 86 8 93 38 83 44 49 52 40 99 98 90 66 39 15 69 48 52 55 42 14 73 4 42 71 20 17 78 44 35 88 92 71 96 59 36 84 67 43 95 62 45 19 87 1 87 96 13 92 20 28 8 59 2 18 18 82 47 65 68 60 52 89 51 93 74 54 30 37 67 52 13 72 16 61 13 2 90 82 74 26 38 5 10 88 100 47 27 
42 74 88 38 29 23 39 46 38 95 17 82 100 76 4 58 92 74 44 65 9 43 35 32 75 38 11 67 93 43 1 71 71 10 5 7 70 31 67 94 91 23 42 80 21 65 89 7 32 60 75 35 13 69 28 6 85 32 29 77 19 7 36 98 67 15 30 48 28 1 27 78 84 62 12 70 9 47 68 27 36 11 40 65 69 80 59 73 36 75 36 69 38 52 69 19 91 55 88 66 83 21 76 68 18 19 65 97 30 1 79 4 11 54 74 35 8 2 26 66 91 10 69 18 62 21 24 76 
20 96 64 18 75 52 13 42 20 38 71 6 48 85 82 40 74 11 99 72 13 94 28 6 89 86 54 10 53 5 38 10 37 15 78 86 55 64 49 38 62 65 16 30 66 79 53 64 15 63 69 23 22 98 98 7 15 72 61 47 63 39 83 58 96 9 13 90 7 63 54 13 63 37 95 66 28 47 61 89 60 97 8 100 17 6 28 20 14 58 12 81 69 23 13 21 9 85 69 25 3 64 63 35 60 29 35 64 11 92 34 10 48 12 22 82 56 17 98 32 73 100 100 59 93 72 38 36 
58 12 97 72 97 28 64 13 72 51 8 41 24 25 85 97 22 77 69 60 28 76 46 12 4 37 45 45 16 66 14 42 57 67 4 35 95 68 25 46 95 64 30 6 76 68 15 22 45 81 80 94 4 49 27 2 80 50 54 60 29 93 52 59 50 62 20 56 34 95 42 53 18 33 43 80 53 86 98 65 60 61 17 3 67 90 37 85 93 51 54 91 98 1 18 81 74 43 26 30 47 82 96 41 80 12 95 98 56 65 87 63 82 53 50 63 8 40 34 28 60 79 52 11 46 34 63 86 
71 31 100 53 42 2 55 35 39 83 26 53 34 90 83 77 55 56 33 55 80 64 9 18 66 8 28 16 1 84 69 70 63 33 5 57 38 92 14 28 44 50 13 47 23 76 66 33 10 91 91 58 53 19 51 9 93 47 72 50 6 43 43 77 69 90 61 15 70 21 51 66 90 52 70 13 56 85 93 21 99 16 64 74 32 43 43 16 50 99 52 61 49 40 33 47 78 100 20 86 33 6 37 92 11 10 86 70 4 4 45 26 55 51 50 32 68 65 66 73 95 34 53 66 86 37 15 45 
100 82 97 25 79 23 35 60 6 55 95 40 50 66 41 95 91 74 94 19 63 36 83 100 70 79 62 100 87 83 99 67 80 17 56 79 99 57 78 75 75 34 5 33 28 1 13 99 9 95 22 67 64 46 8 38 11 9 94 99 85 22 34 31 24 47 3 86 87 77 56 22 92 92 68 14 4 68 97 30 71 58 39 43 46 59 16 21 5 45 57 68 51 84 88 24 69 12 40 51 87 15 91 70 97 16 57 97 30 10 55 47 78 13 6 8 99 61 63 19 19 40 36 88 18 79 29 27 
40 73 86 29 39 32 19 21 37 76 46 75 81 68 49 30 9 93 43 58 3 90 86 15 83 36 77 15 15 52 72 48 31 93 57 14 27 6 19 94 18 46 4 57 28 19 39 92 14 83 97 53 10 45 86 77 45 19 75 57 51 99 55 13 55 67 48 38 38 56 60 35 24 84 30 58 69 91 82 49 93 35 26 39 71 94 6 52 56 99 78 67 31 33 23 2 87 38 48 79 99 42 41 98 18 90 80 84 16 36 66 90 69 70 69 61 40 37 24 86 86 58 7 48 36 35 55 73 
22 7 74 100 12 95 64 19 64 75 75 49 55 79 31 40 13 59 57 35 99 38 33 67 70 74 90 33 97 72 31 60 72 76 40 5 59 71 51 51 14 6 10 58 95 23 96 82 59 17 71 58 41 51 56 86 47 69 69 46 44 72 48 75 47 11 94 7 38 68 10 27 99 11 8 11 96 72 40 57 31 35 5 100 70 83 45 28 85 99 35 48 83 82 57 57 69 16 49 1 71 2 89 10 46 93 17 95 86 70 98 20 66 43 84 27 63 13 75 41 74 77 40 99 12 16 10 84 
90 21 27 29 68 67 53 33 23 21 1 81 43 11 80 88 43 97 81 90 93 81 71 5 47 98 13 99 88 3 53 71 25 15 69 68 87 70 84 75 29 90 55 99 19 15 51 1 81 54 20 80 54 7 84 20 97 36 61 22 68 91 71 19 87 21 22 28 44 21 13 23 4 34 85 38 45 91 15 11 28 98 43 94 91 42 4 38 67 55 12 3 97 92 22 57 12 63 55 87 69 29 96 65 31 34 59 86 28 96 72 47 6 84 46 13 77 30 95 72 19 68 58 79 41 26 34 82 
52 65 76 71 22 36 67 56 98 98 77 68 12 79 51 21 50 86 24 27 85 43 59 38 74 28 99 49 30 47 5 23 57 39 34 54 25 8 51 22 68 49 24 67 58 9 93 42 33 43 34 58 44 83 19 76 75 85 83 72 85 97 27 3 5 36 48 81 74 65 45 33 49 60 64 84 48 15 62 64 61 28 5 29 51 93 84 74 37 87 44 58 1 57 74 57 63 32 28 73 52 59 53 26 76 13 72 11 17 96 13 33 41 97 68 28 32 10 64 35 49 7 17 21 90 54 54 76 
62 82 68 73 80 90 97 97 69 27 31 87 51 91 44 42 50 60 55 2 32 58 59 76 71 21 49 8 7 83 98 57 24 96 63 46 99 59 40 1 53 36 17 37 84 79 69 62 73 79 28 20 13 11 27 47 44 93 16 40 77 57 85 87 93 29 21 17 37 72 3 22 93 26 16 67 46 58 10 52 67 81 28 25 35 80 97 90 36 69 90 78 13 26 71 5 68 30 73 38 67 82 44 65 63 16 51 78 54 98 25 10 92 62 98 100 51 46 1 7 44 77 19 29 22 19 86 31 
35 75 52 63 100 86 4 31 29 64 43 58 57 65 91 92 8 91 98 99 12 96 33 2 96 9 6 61 26 62 73 81 16 87 96 55 57 7 69 2 53 54 57 16 21 70 96 19 68 41 72 68 59 86 44 64 48 4 52 94 2 79 33 87 13 84 20 17 52 7 32 90 36 25 71 42 96 74 86 57 78 8 88 36 46 90 89 98 22 83 88 32 43 88 16 8 27 10 33 6 67 78 79 70 83 88 81 22 76 68 44 40 10 69 71 18 69 5 92 100 96 14 22 41 79 88 60 37 
64 60 12 53 99 14 89 11 74 62 46 30 40 22 25 89 57 45 17 22 39 24 3 15 82 9 17 6 70 63 49 35 54 50 42 72 77 96 74 28 18 47 17 57 61 99 21 39 81 42 41 73 51 11 62 56 3 93 73 36 27 9 27 19 16 5 60 53 87 63 62 88 89 9 63 80 80 85 33 80 11 91 90 29 74 88 49 12 96 79 92 89 75 92 84 99 31 45 52 64 37 39 42 91 32 3 23 2 33 41 80 14 3 97 12 93 71 99 26 77 30 33 44 92 59 26 82 44 
25 22 61 46 88 60 20 19 70 72 57 62 49 74 13 93 55 50 33 28 39 52 8 43 69 31 8 17 3 42 44 80 30 81 53 78 96 96 23 44 14 77 11 29 98 83 6 99 34 85 44 51 70 35 40 100 2 73 70 86 90 70 52 83 93 88 92 22 50 51 93 27 40 21 33 2 94 73 96 36 62 38 67 72 35 31 48 39 45 46 73 66 47 16 40 12 48 69 72 78 57 16 46 41 19 67 57 97 10 59 76 94 10 3 79 42 55 34 42 39 10 76 5 62 37 62 18 63 
65 95 95 99 19 25 95 61 21 99 92 82 22 99 97 86 42 48 30 92 88 32 19 81 34 80 14 59 67 40 76 76 92 1 30 19 38 94 96 13 41 53 82 39 94 19 78 36 90 6 88 29 65 60 99 41 94 8 77 66 56 75 5 95 36 20 76 74 73 76 86 94 39 79 93 17 82 5 20 11 90 2 29 48 33 86 8 92 53 88 40 93 19 71 1 67 4 83 21 56 72 53 17 68 100 43 50 23 81 1 53 46 2 85 66 12 77 54 86 17 100 95 82 96 5 99 66 40 
40 9 39 75 11 13 7 1 37 88 65 88 91 41 42 10 49 14 10 42 84 91 92 86 25 1 67 78 87 42 22 34 24 14 32 38 53 52 40 81 92 63 1 72 50 31 100 47 21 90 32 67 54 58 38 2 53 3 6 24 72 58 53 37 40 79 4 51 58 2 21 38 3 9 62 1 23 97 76 77 19 89 9 54 20 30 68 88 92 24 93 80 23 45 79 1 75 63 85 57 61 26 55 8 43 66 27 51 97 31 89 18 55 8 5 78 12 56 49 64 64 17 95 72 29 28 5 26 
90 95 38 54 93 92 45 10 100 28 34 7 50 41 12 70 27 19 72 53 13 63 11 50 69 54 40 87 44 68 96 52 4 73 39 92 84 60 86 51 78 55 9 27 76 57 99 5 73 77 38 99 16 62 15 98 98 2 39 67 45 71 87 13 27 96 26 87 6 64 10 31 75 86 63 87 94 43 73 63 87 54 52 78 29 28 88 64 35 43 74 58 88 43 66 71 4 99 59 30 34 87 51 92 23 81 16 74 3 10 76 67 2 20 93 15 55 16 85 34 31 86 56 80 55 75 85 94 
43 98 40 34 4 90 29 89 43 64 92 49 23 44 7 54 59 63 78 75 21 23 9 39 38 1 74 94 16 36 71 57 37 96 88 27 29 34 30 75 28 96 80 33 63 5 97 82 54 22 98 51 68 67 68 97 2 42 63 74 66 71 4 44 73 74 45 29 75 51 89 57 33 19 14 100 8 35 84 87 30 1 87 24 56 90 64 29 40 74 37 68 5 24 94 63 74 31 26 88 48 80 69 38 63 34 95 62 59 28 90 59 28 38 37 20 34 100 68 90 35 1 38 40 20 31 61 82 
8 80 81 69 13 16 64 15 3 83 45 47 80 57 30 99 33 34 7 90 28 99 7 34 57 46 27 21 36 37 1 69 64 38 86 29 28 76 17 82 51 52 87 74 18 80 51 82 24 93 24 48 38 75 6 52 55 28 79 30 86 19 38 59 87 54 59 45 87 40 60 34 97 63 30 34 83 3 29 57 4 83 58 25 37 54 55 86 11 58 57 55 19 40 8 18 57 34 9 27 7 62 62 48 41 34 55 65 9 74 57 6 3 20 30 53 38 31 75 46 64 99 43 43 18 98 46 19 
74 64 54 76 28 83 36 27 17 26 3 24 19 86 22 97 9 62 1 35 89 83 47 41 44 1 96 64 39 56 35 21 45 48 41 32 71 32 46 19 18 64 83 93 6 43 19 22 20 93 50 94 93 94 52 7 5 6 10 100 78 38 67 89 12 73 77 21 3 64 2 88 11 42 19 24 44 98 50 26 95 23 38 1 42 100 43 35 95 30 16 90 36 33 3 83 77 87 7 76 48 12 97 45 43 70 42 32 66 89 98 89 70 40 74 56 50 47 1 67 99 68 26 80 24 91 30 50 
83 14 82 17 55 17 6 78 46 68 61 81 28 89 34 94 82 12 39 87 55 25 3 99 19 3 44 72 41 95 94 86 6 3 26 37 48 34 71 28 38 49 49 43 57 70 66 2 16 32 78 91 27 96 51 29 21 76 63 96 52 7 40 6 88 93 10 20 91 83 48 84 73 36 35 31 53 86 37 5 74 84 23 30 61 22 32 70 14 48 66 68 69 61 69 76 79 10 12 63 50 92 12 60 40 46 96 20 77 55 18 93 94 60 88 59 86 12 40 6 28 29 97 75 27 57 98 14 
17 2 16 91 68 36 74 22 41 98 26 35 92 27 62 34 82 27 55 44 12 3 17 83 70 95 99 75 100 39 91 72 10 19 38 87 98 72 13 90 37 23 98 41 71 72 95 98 97 67 81 77 91 5 72 12 96 74 41 17 70 64 92 78 78 77 18 3 45 84 18 55 94 41 56 82 51 92 38 99 96 72 12 31 34 98 45 64 76 85 66 31 17 68 33 96 34 28 51 99 9 20 16 87 56 2 23 86 83 68 62 6 11 48 87 41 83 99 100 7 53 22 44 57 16 48 61 25 
11 30 42 65 65 74 35 78 20 1 37 59 84 78 6 91 78 19 28 53 89 87 3 69 59 93 23 46 62 29 77 67 27 94 52 56 8 45 98 27 62 40 71 97 8 34 86 37 39 28 57 57 80 79 2 28 58 97 87 43 75 93 43 13 87 59 38 16 59 23 67 94 82 61 22 68 12 72 59 79 15 68 19 3 15 27 26 81 92 44 64 34 86 32 7 75 86 86 39 14 41 69 46 98 10 83 18 7 62 17 54 51 33 41 22 69 15 82 43 20 42 96 93 66 29 23 65 39 
10 57 72 80 87 34 9 92 91 5 45 8 2 24 95 14 78 93 42 100 75 14 97 60 57 67 62 59 67 100 64 85 13 34 85 88 75 63 13 43 83 1 10 23 88 63 42 37 16 6 12 49 96 9 68 39 38 59 99 48 14 56 9 14 64 56 56 71 2 65 37 97 28 81 51 2 30 96 12 99 59 12 56 86 94 47 2 16 60 30 8 72 81 37 11 56 41 86 28 35 4 86 11 63 66 89 41 62 15 92 85 71 60 50 36 62 19 10 34 70 81 20 93 28 41 76 94 39 
29 42 100 97 92 36 20 99 50 96 59 44 70 55 1 98 4 20 79 50 40 88 84 71 30 75 78 69 87 10 75 94 72 36 4 64 98 32 77 59 95 6 55 29 58 30 20 86 7 90 40 65 43 61 85 80 17 50 5 63 62 35 87 36 7 91 7 23 83 44 59 9 97 34 1 10 44 65 13 81 24 98 12 57 73 42 8 22 82 54 14 61 51 92 92 6 12 56 8 90 72 42 73 32 93 81 70 22 69 22 65 62 97 74 48 41 99 50 85 14 57 94 79 98 44 3 41 34 
43 21 82 82 23 52 63 22 3 74 100 75 38 83 71 95 60 51 73 69 50 84 15 99 89 16 12 6 100 95 34 67 31 30 31 35 74 98 27 83 14 25 29 82 61 51 8 64 80 67 62 10 92 39 87 91 45 56 29 34 55 70 90 63 32 77 98 87 45 50 3 26 83 37 35 32 37 65 4 99 62 68 54 38 63 38 63 25 92 14 4 25 3 84 80 59 95 5 24 99 78 45 99 46 13 77 6 16 91 18 40 67 88 68 55 47 39 80 10 91 85 9 86 40 15 10 27 87 
70 58 79 17 77 50 28 50 29 75 5 9 74 36 18 34 37 13 69 4 16 87 9 59 74 93 71 75 77 50 57 19 100 5 74 88 47 62 9 71 79 31 37 77 40 94 9 91 1 91 5 90 65 68 51 27 93 96 39 80 46 52 63 7 38 36 33 57 80 14 7 59 7 6 7 21 30 96 34 47 66 86 2 88 62 95 63 19 28 46 68 60 77 38 40 33 36 94 48 50 7 55 12 38 15 33 13 70 86 87 10 98 30 98 23 1 19 21 100 22 5 66 83 4 34 97 66 78 
53 37 13 88 27 84 7 99 77 23 79 55 96 92 61 87 16 94 86 88 35 28 8 99 100 42 90 56 10 34 37 45 20 50 66 27 46 38 48 59 99 61 83 41 27 86 31 70 9 25 38 52 3 1 86 18 62 62 5 77 91 72 78 83 1 60 95 43 16 73 40 67 2 98 20 29 55 55 89 20 55 89 41 28 93 22 41 27 3 1 59 97 21 75 69 29 72 83 56 20 49 74 16 23 51 8 95 82 95 5 37 32 7 20 14 64 39 25 53 14 64 85 24 82 83 59 5 45 
1 44 73 23 43 21 3 82 67 61 76 31 57 74 16 68 42 94 62 31 73 82 92 94 14 48 59 93 37 66 12 61 80 20 74 99 67 39 31 18 68 25 69 33 68 57 49 20 22 19 6 100 68 63 85 98 55 28 59 44 46 70 16 67 96 72 9 69 91 27 12 44 65 99 92 32 59 76 64 32 44 16 3 28 86 71 25 17 89 41 20 75 22 4 12 93 58 31 21 52 64 65 20 15 40 75 47 40 47 41 88 59 12 16 12 79 62 68 19 87 28 93 28 87 47 53 46 1 
20 98 92 66 97 83 66 85 56 4 64 41 64 5 64 24 18 49 53 62 87 16 64 39 10 6 56 83 89 2 61 26 83 78 30 53 49 48 1 48 18 98 78 8 91 39 59 8 87 36 14 78 10 37 84 24 83 53 69 63 80 59 97 30 39 45 89 27 51 55 37 38 73 32 44 94 57 98 82 89 12 61 25 42 78 65 17 7 41 73 89 98 20 50 51 3 43 75 73 3 25 55 7 67 63 34 36 85 63 94 9 11 15 87 66 28 99 55 54 2 31 27 43 99 84 7 87 3 
59 40 64 68 48 64 40 40 53 50 30 19 21 89 97 46 78 93 45 46 75 95 22 20 50 64 95 5 41 62 38 16 29 2 42 22 25 23 7 88 88 51 12 39 92 51 51 71 87 14 98 50 53 68 32 32 91 36 35 48 81 98 47 28 46 55 50 11 78 72 100 42 73 26 68 18 70 79 99 5 52 31 26 14 92 78 95 61 11 70 87 79 25 52 49 10 94 36 29 56 29 43 11 97 78 7 81 92 67 17 98 11 62 5 38 84 37 90 45 81 26 7 10 63 89 64 92 12 
33 12 61 30 82 43 59 68 88 59 72 62 16 80 6 7 17 96 9 58 15 51 54 39 68 58 100 74 34 16 87 81 14 90 46 87 53 90 49 45 53 5 62 7 52 79 85 43 26 75 95 10 26 86 86 43 28 18 61 22 78 30 22 22 83 43 59 31 54 23 23 77 66 17 4 39 80 53 47 4 96 56 66 21 23 21 48 58 25 16 46 65 41 56 7 51 88 41 68 96 17 58 51 83 28 78 24 11 44 16 87 83 51 1 56 1 73 54 88 51 77 62 32 100 99 57 36 61 
19 62 27 72 77 89 1 85 74 37 11 11 34 55 41 8 38 31 88 95 83 57 26 28 95 44 91 67 94 77 48 88 2 30 4 29 74 51 44 69 66 20 32 58 13 66 14 45 4 46 40 26 61 37 2 20 93 75 70 22 73 31 17 57 69 81 9 60 55 23 88 8 28 4 25 80 90 56 52 80 1 33 17 96 97 20 61 84 26 7 97 74 13 66 82 18 93 30 11 1 71 53 6 70 79 96 19 6 45 63 43 10 49 29 23 74 42 63 94 61 64 12 20 92 41 66 10 48 
54 24 4 11 71 35 47 91 27 33 11 78 31 26 17 21 70 100 12 67 31 29 75 78 95 88 52 70 46 4 90 34 55 53 94 35 87 37 93 94 17 62 33 59 20 2 93 96 3 30 61 36 16 62 46 16 37 4 68 71 50 79 95 49 74 47 31 41 21 83 16 1 98 64 87 11 80 20 87 27 29 84 37 37 79 47 54 83 12 85 27 84 92 73 71 69 44 100 46 41 19 97 42 75 81 30 27 11 35 87 31 62 93 83 100 2 48 40 52 79 8 8 5 12 83 23 19 94 
88 43 91 52 91 3 53 80 23 95 43 39 70 39 90 50 41 73 95 18 33 35 50 17 54 73 59 35 5 77 89 13 83 49 4 67 78 7 71 30 11 17 38 97 89 100 37 67 97 97 77 72 85 10 89 96 15 53 46 76 35 93 53 4 87 57 26 57 92 88 57 18 21 64 14 62 41 91 93 46 65 20 2 36 92 21 65 33 95 38 28 89 11 66 28 79 45 38 52 36 83 27 69 10 85 43 95 74 84 56 55 63 49 14 94 11 27 88 69 61 4 16 30 54 9 79 99 93 
4 36 49 63 26 56 60 22 21 74 14 13 73 52 40 69 95 81 100 35 90 54 6 96 75 2 31 91 77 59 22 21 33 38 14 56 73 19 26 43 71 75 28 64 13 87 63 13 40 69 37 5 67 12 94 91 99 64 74 29 13 44 98 76 63 19 16 70 96 9 17 34 17 2 74 1 94 37 85 10 44 29 15 89 37 92 78 13 1 7 84 46 30 88 66 77 95 72 74 59 37 96 52 40 49 89 76 59 59 97 40 69 31 31 20 10 96 66 68 53 97 91 33 91 99 36 91 74 
83 34 77 89 75 92 19 83 59 53 67 26 58 64 33 40 80 59 77 33 3 46 85 75 62 53 18 80 42 99 47 39 35 41 80 55 98 39 92 13 70 92 13 95 96 69 8 94 39 18 8 16 67 65 57 9 98 77 62 81 55 98 44 90 16 4 28 50 12 5 40 83 29 88 75 4 57 10 64 35 16 73 47 93 31 90 76 18 77 60 5 87 27 22 45 28 50 50 7 21 77 29 82 23 65 86 37 49 72 49 63 64 13 45 65 66 13 62 66 44 97 9 47 65 4 37 10 82 
58 7 87 65 4 75 36 79 76 91 15 8 48 95 51 2 90 90 24 67 67 57 36 54 78 81 56 97 28 11 50 88 61 13 23 84 92 76 67 57 54 65 91 6 66 97 80 83 24 49 43 10 88 88 42 25 44 41 57 73 89 29 62 47 5 4 50 74 8 36 23 51 60 15 88 41 62 37 69 97 85 39 47 23 29 57 51 75 52 43 61 38 65 35 64 29 53 72 88 12 97 14 59 76 56 13 25 99 79 50 53 33 83 39 42 15 47 76 12 54 100 14 45 100 67 48 97 9 
91 41 51 25 30 1 9 87 50 15 36 66 23 88 66 81 33 86 37 59 15 99 78 48 32 31 100 2 6 80 29 83 70 14 16 96 28 28 85 18 92 86 1 40 73 62 24 77 37 35 29 63 20 20 13 35 80 81 26 100 46 51 47 14 91 88 12 65 42 68 8 100 37 65 3 37 78 80 55 70 33 38 66 30 27 99 41 29 100 27 77 59 12 90 12 74 74 98 65 31 57 51 6 59 4 96 37 57 59 72 18 86 33 38 27 46 5 66 29 34 69 22 1 35 32 68 6 25 
28 81 38 73 9 95 64 18 54 100 47 59 84 48 88 80 23 67 49 11 91 10 84 82 15 33 12 61 18 33 35 50 92 100 6 8 83 88 5 84 92 70 25 81 74 94 51 26 15 40 14 49 36 39 82 16 33 26 59 97 10 49 75 68 98 72 98 80 99 59 71 78 77 82 20 29 1 49 29 1 5 18 14 53 70 74 43 23 96 57 29 8 91 62 84 11 39 41 59 71 34 75 63 90 90 87 49 14 15 38 93 85 50 10 13 100 90 67 89 78 63 29 11 17 64 60 46 15 
58 40 53 21 83 71 77 21 7 17 87 37 58 58 63 25 1 70 98 51 90 87 18 85 18 94 57 95 52 27 31 86 1 85 35 4 57 27 16 7 91 98 59 25 4 10 5 84 9 54 88 95 79 75 51 73 6 34 42 26 16 44 95 38 28 84 56 90 78 53 88 67 20 56 85 5 98 84 67 32 26 31 99 31 99 54 69 65 36 71 40 70 83 83 16 26 13 1 30 18 95 59 27 56 8 55 22 21 50 89 44 17 11 64 14 97 14 84 32 81 62 99 47 6 100 97 33 10 
58 11 98 21 48 55 69 88 29 20 52 58 8 15 73 89 85 88 44 1 98 43 43 11 36 38 74 38 37 89 19 49 59 24 91 74 60 55 36 77 66 85 79 9 47 52 87 40 44 43 4 80 47 12 51 64 41 23 81 4 90 62 50 43 51 58 29 11 85 61 56 19 93 35 22 60 17 11 71 67 62 4 97 90 30 99 39 97 38 68 95 7 94 31 90 87 64 83 82 60 22 61 76 27 99 96 23 88 37 27 41 82 12 61 16 88 51 94 97 6 49 39 35 19 32 24 85 46 
88 42 100 12 95 29 14 47 78 93 95 67 38 5 9 71 82 55 25 88 68 37 42 100 31 36 59 64 86 23 25 13 49 8 61 58 7 99 57 9 57 25 71 41 59 79 80 54 77 95 61 4 61 100 54 53 97 53 53 13 13 85 55 98 36 68 44 66 91 28 84 15 11 90 16 1 45 45 66 40 47 28 48 77 96 78 90 50 47 12 37 97 72 7 63 28 51 82 66 90 76 99 48 7 74 33 1 24 85 22 70 44 47 36 63 45 42 12 56 23 12 35 63 68 18 3 13 80 
65 21 27 14 95 21 88 21 42 59 34 5 31 9 65 47 72 25 15 25 59 22 90 23 61 100 83 36 44 38 76 75 42 50 31 14 42 99 73 87 47 52 36 93 32 69 21 1 72 10 70 29 63 8 67 16 43 5 56 16 71 20 49 87 58 53 40 54 4 46 50 52 41 65 26 3 60 14 23 8 89 24 8 67 78 91 30 57 78 65 10 97 57 86 4 12 28 59 67 85 42 14 66 22 4 81 82 28 63 37 22 20 3 77 62 46 93 54 36 80 71 26 10 37 42 9 18 63 
82 50 15 14 11 63 31 88 57 72 22 58 10 84 62 51 87 72 39 73 67 27 17 83 92 24 86 3 42 57 32 48 47 32 88 34 55 1 38 42 19 45 21 44 50 82 32 69 70 72 37 88 82 2 92 91 41 94 62 46 73 50 39 47 64 93 54 84 11 63 33 85 92 35 75 32 72 67 34 14 59 64 50 41 74 28 82 66 45 29 40 23 96 39 1 25 97 49 46 8 6 15 4 62 71 77 63 83 98 31 1 54 25 70 78 20 12 87 66 36 12 63 99 36 92 32 29 85 
5 17 3 76 36 83 27 40 25 91 40 72 76 99 58 44 71 27 14 9 3 67 81 52 43 3 63 18 8 80 96 74 94 39 72 35 42 100 25 30 90 80 26 22 11 8 86 11 42 25 29 72 15 23 58 4 90 33 43 9 7 30 18 78 61 37 34 35 12 73 28 80 95 29 91 68 18 97 1 43 31 35 28 66 38 78 22 33 91 65 99 8 51 28 76 20 20 3 21 92 7 23 50 63 42 59 73 35 12 7 82 34 47 77 13 78 60 26 56 58 92 27 32 4 87 26 9 37 
35 46 54 97 4 11 6 85 88 56 43 41 83 97 54 16 57 89 9 28 51 84 97 54 50 86 55 93 66 97 26 49 17 74 13 53 32 72 83 11 40 61 99 83 10 68 38 88 70 80 90 54 27 53 25 13 54 5 82 5 94 85 59 17 5 35 19 72 4 78 89 46 33 31 30 13 48 32 27 72 48 62 98 90 60 81 57 66 18 41 59 87 5 36 26 59 81 54 77 92 66 31 33 97 20 19 43 29 70 14 72 30 40 5 55 38 85 40 36 37 60 32 69 58 48 57 54 44 
7 63 25 69 6 7 27 87 59 14 38 82 15 85 96 34 34 36 78 9 53 46 97 96 89 36 32 37 74 67 43 62 40 71 4 99 86 57 8 53 74 36 35 29 40 40 42 80 79 98 40 20 90 100 25 64 21 100 75 80 73 35 89 58 4 10 73 61 6 34 74 51 69 61 93 71 90 10 74 18 57 42 20 82 4 93 39 57 90 63 76 31 32 16 78 7 90 40 90 96 39 37 97 3 42 19 76 57 79 68 18 16 90 7 55 3 92 97 66 89 48 46 1 65 63 22 84 14 
83 82 15 86 100 66 42 74 38 42 13 79 15 94 49 65 42 9 69 1 29 18 19 9 79 40 85 52 69 18 62 3 37 97 72 94 20 98 66 59 51 24 61 25 85 23 34 100 82 45 61 25 27 21 22 33 42 13 46 17 22 29 84 93 76 17 65 32 87 29 16 19 81 68 50 44 66 3 44 32 84 26 40 49 64 8 5 22 29 11 25 82 77 3 6 91 4 87 12 29 65 73 79 6 11 97 79 51 77 61 39 8 2 76 32 13 93 50 7 37 16 13 29 21 35 58 83 13 
38 3 40 26 91 71 57 99 32 41 19 49 8 16 34 10 12 93 23 84 64 81 97 38 39 57 49 1 39 11 39 6 47 13 87 31 77 83 68 50 5 50 60 57 100 88 76 12 6 89 38 18 78 24 96 35 43 98 91 4 98 91 82 44 60 1 98 25 11 51 21 36 71 25 68 31 31 72 5 48 58 70 81 75 51 67 55 2 89 46 13 3 29 6 2 57 71 12 64 91 56 14 86 42 2 18 95 20 72 82 5 19 99 19 49 35 69 77 59 5 33 83 10 61 85 44 91 25 
93 77 100 28 38 95 57 99 75 89 83 64 23 35 89 79 76 57 54 26 85 40 33 94 17 53 37 76 84 91 32 34 71 89 76 43 28 49 21 53 64 100 59 25 88 46 22 50 39 70 86 2 73 17 80 67 58 8 60 66 51 35 34 17 27 92 17 70 86 29 45 6 61 42 47 44 5 13 87 92 86 68 25 13 39 53 20 26 45 86 87 17 19 46 84 51 70 71 72 87 10 20 8 67 8 71 45 54 28 55 3 97 64 82 23 65 23 66 9 62 9 24 22 51 78 67 98 14 
43 55 77 27 70 59 92 14 50 49 9 6 42 55 39 75 5 58 21 65 99 68 14 63 3 7 90 61 84 53 41 8 31 80 90 76 21 92 82 20 90 81 70 61 20 67 94 71 33 90 28 13 78 35 6 69 8 58 2 67 10 86 53 56 35 6 14 46 63 14 31 69 77 44 91 50 39 67 62 22 51 46 15 84 52 11 9 47 100 97 88 19 13 76 28 96 66 91 99 54 14 53 71 27 67 5 89 11 5 86 48 46 100 98 10 91 39 13 59 18 32 97 47 25 46 52 13 30 
20 68 40 14 41 95 78 35 1 55 11 89 26 22 71 89 62 8 45 89 44 27 78 89 1 99 39 93 92 35 27 90 42 61 56 18 35 73 37 34 69 29 68 30 87 5 22 30 27 21 55 94 20 14 87 3 71 83 49 3 35 43 88 55 90 4 28 35 1 57 61 44 23 93 86 16 44 90 51 22 6 6 35 82 99 78 82 22 89 65 66 73 42 88 51 16 39 33 65 85 18 84 15 88 53 76 48 36 76 32 91 84 10 84 61 31 86 15 71 94 34 25 29 20 56 24 24 100 
13 69 47 31 29 84 44 48 36 56 18 48 46 38 76 92 77 94 4 58 77 15 90 8 46 57 89 56 5 88 23 5 28 63 100 2 31 32 20 38 8 23 54 64 21 37 31 79 40 59 45 89 25 2 12 22 18 62 41 70 62 35 50 72 41 75 31 36 76 74 41 29 32 30 18 36 98 95 28 54 19 2 34 1 4 99 75 12 98 1 82 47 90 72 99 87 4 42 44 64 15 46 25 94 3 99 67 100 69 12 61 52 19 29 48 2 41 46 55 85 54 75 21 91 3 84 28 16 
73 80 37 10 89 39 91 30 88 11 29 78 96 8 95 70 39 30 48 41 95 58 30 3 78 33 17 77 90 99 77 43 41 46 21 78 87 45 21 48 80 30 99 4 15 53 31 87 48 45 5 60 3 63 35 75 63 2 31 27 99 35 83 20 7 50 91 89 71 68 3 4 85 9 87 66 1 49 24 84 14 49 89 54 34 91 25 8 88 13 51 52 96 74 3 64 84 80 30 28 100 95 51 25 82 90 65 45 79 31 96 95 84 19 42 93 34 59 39 70 51 59 6 76 89 73 15 28 
89 23 41 90 26 42 52 50 16 3 80 82 69 63 87 93 13 72 14 33 62 87 70 12 37 98 33 97 29 98 17 69 89 87 21 68 31 17 82 10 94 61 11 59 95 86 95 66 64 27 93 21 100 26 10 16 79 78 51 31 17 84 83 37 54 34 88 82 11 71 69 75 87 62 24 43 38 22 37 28 68 6 18 100 98 21 19 21 44 31 61 58 69 77 92 94 4 38 80 34 6 93 63 59 5 13 51 28 100 73 33 11 70 31 11 59 18 73 86 37 9 78 75 50 76 39 35 11 
61 73 83 60 66 15 41 45 70 62 11 22 43 64 71 20 41 75 54 95 43 31 99 22 85 92 11 69 7 50 79 4 16 40 48 52 73 53 59 27 46 16 12 5 99 76 88 76 58 79 98 8 3 72 26 47 96 50 61 9 53 7 22 13 72 27 48 96 9 29 87 14 60 70 63 54 36 70 65 1 6 90 29 18 62 37 77 95 82 94 88 24 30 11 64 76 77 100 96 31 79 100 65 59 61 47 12 1 66 8 75 80 64 69 18 86 87 58 85 36 9 92 1 83 41 58 36 50 
80 84 33 80 10 35 67 6 51 90 1 58 33 50 85 10 15 94 41 24 7 26 2 73 56 5 90 97 86 4 24 33 20 86 95 34 93 93 54 16 63 49 38 85 66 56 72 61 76 9 81 17 22 36 21 22 23 64 28 63 11 94 99 24 29 55 75 10 11 16 33 8 22 50 43 91 81 89 92 23 86 26 28 55 56 15 21 7 26 72 30 23 35 42 84 36 90 32 21 72 98 5 95 56 26 37 23 60 55 96 3 73 11 90 43 92 4 80 88 67 79 24 34 24 53 55 62 92 
44 3 34 95 99 11 52 81 36 57 39 31 27 18 92 43 50 23 91 74 14 75 27 14 14 73 46 100 87 11 90 96 5 46 43 41 45 85 41 13 61 72 92 83 23 7 58 38 35 70 8 7 90 31 72 73 57 16 17 66 5 58 80 55 36 32 13 66 28 51 18 87 44 86 43 1 55 85 79 39 67 45 33 86 100 83 7 29 33 52 25 3 10 26 99 21 74 6 44 4 66 15 62 47 14 40 48 77 12 64 22 20 71 81 53 94 56 2 97 88 13 27 95 97 15 89 46 18 
76 32 36 22 20 85 38 18 84 46 97 16 80 9 63 33 54 48 49 32 82 74 44 50 72 85 74 50 47 11 87 99 74 29 69 72 64 17 60 11 37 52 99 44 38 100 86 36 45 36 35 37 71 8 92 69 76 17 22 26 32 53 49 56 18 48 3 39 28 38 34 19 6 92 33 47 69 21 87 44 77 35 64 80 88 37 63 55 89 63 69 27 61 27 72 8 87 24 33 86 62 59 8 85 56 27 6 82 96 46 63 91 27 72 35 26 55 23 84 85 57 34 100 36 56 27 31 39 
0.0 1.0 2.0 3.0 4.0 5.0 6.0 7.0 8.0 9.0 10.0 11.0 12.0 13.0 14.0 15.0 16.0 17.0 18.0 19.0 20.0 21.0 22.0 23.0 24.0 25.0 26.0 27.0 28.0 29.0 30.0 31.0 32.0 33.0 34.0 35.0 36.0 37.0 38.0 39.0 40.0 41.0 42.0 43.0 44.0 45.0 46.0 47.0 48.0 49.0 50.0 51.0 52.0 53.0 54.0 55.0 56.0 57.0 58.0 59.0 60.0 61.0 62.0 63.0 64.0 63.0 62.0 61.0 60.0 59.0 58.0 57.0 56.0 55.0 54.0 53.0 52.0 51.0 50.0 49.0 48.0 47.0 46.0 45.0 44.0 43.0 42.0 41.0 40.0 39.0 38.0 37.0 36.0 35.0 34.0 33.0 32.0 31.0 30.0 29.0 28.0 27.0 26.0 25.0 24.0 23.0 22.0 21.0 20.0 19.0 18.0 17.0 16.0 15.0 14.0 13.0 12.0 11.0 10.0 9.0 8.0 7.0 6.0 5.0 4.0 3.0 2.0 1.0 
1.0 0.0 1.0 2.0 3.0 4.0 5.0 6.0 7.0 8.0 9.0 10.0 11.0 12.0 13.0 14.0 15.0 16.0 17.0 18.0 19.0 20.0 21.0 22.0 23.0 24.0 25.0 26.0 27.0 28.0 29.0 30.0 31.0 32.0 33.0 34.0 35.0 36.0 37.0 38.0 39.0 40.0 41.0 42.0 43.0 44.0 45.0 46.0 47.0 48.0 49.0 50.0 51.0 52.0 53.0 54.0 55.0 56.0 57.0 58.0 59.0 60.0 61.0 62.0 63.0 64.0 63.0 62.0 61.0 60.0 59.0 58.0 57.0 56.0 55.0 54.0 53.0 52.0 51.0 50.0 49.0 48.0 47.0 46.0 45.0 44.0 43.0 42.0 41.0 40.0 39.0 38.0 37.0 36.0 35.0 34.0 33.0 32.0 31.0 30.0 29.0 28.0 27.0 26.0 25.0 24.0 23.0 22.0 21.0 20.0 19.0 18.0 17.0 16.0 15.0 14.0 13.0 12.0 11.0 10.0 9.0 8.0 7.0 6.0 5.0 4.0 3.0 2.0 
2.0 1.0 0.0 1.0 2.0 3.0 4.0 5.0 6.0 7.0 8.0 9.0 10.0 11.0 12.0 13.0 14.0 15.0 16.0 17.0 18.0 19.0 20.0 21.0 22.0 23.0 24.0 25.0 26.0 27.0 28.0 29.0 30.0 31.0 32.0 33.0 34.0 35.0 36.0 37.0 38.0 39.0 40.0 41.0 42.0 43.0 44.0 45.0 46.0 47.0 48.0 49.0 50.0 51.0 52.0 53.0 54.0 55.0 56.0 57.0 58.0 59.0 60.0 61.0 62.0 63.0 64.0 63.0 62.0 61.0 60.0 59.0 58.0 57.0 56.0 55.0 54.0 53.0 52.0 51.0 50.0 49.0 48.0 47.0 46.0 45.0 44.0 43.0 42.0 41.0 40.0 39.0 38.0 37.0 36.0 35.0 34.0 33.0 32.0 31.0 30.0 29.0 28.0 27.0 26.0 25.0 24.0 23.0 22.0 21.0 20.0 19.0 18.0 17.0 16.0 15.0 14.0 13.0 12.0 11.0 10.0 9.0 8.0 7.0 6.0 5.0 4.0 3.0 
3.0 2.0 1.0 0.0 1.0 2.0 3.0 4.0 5.0 6.0 7.0 8.0 9.0 10.0 11.0 12.0 13.0 14.0 15.0 16.0 17.0 18.0 19.0 20.0 21.0 22.0 23.0 24.0 25.0 26.0 27.0 28.0 29.0 30.0 31.0 32.0 33.0 34.0 35.0 36.0 37.0 38.0 39.0 40.0 41.0 42.0 43.0 44.0 45.0 46.0 47.0 48.0 49.0 50.0 51.0 52.0 53.0 54.0 55.0 56.0 57.0 58.0 59.0 60.0 61.0 62.0 63.0 64.0 63.0 62.0 61.0 60.0 59.0 58.0 57.0 56.0 55.0 54.0 53.0 52.0 51.0 50.0 49.0 48.0 47.0 46.0 45.0 44.0 43.0 42.0 41.0 40.0 39.0 38.0 37.0 36.0 35.0 34.0 33.0 32.0 31.0 30.0 29.0 28.0 27.0 26.0 25.0 24.0 23.0 22.0 21.0 20.0 19.0 18.0 17.0 16.0 15.0 14.0 13.0 12.0 11.0 10.0 9.0 8.0 7.0 6.0 5.0 4.0 
4.0 3.0 2.0 1.0 0.0 1.0 2.0 3.0 4.0 5.0 6.0 7.0 8.0 9.0 10.0 11.0 12.0 13.0 14.0 15.0 16.0 17.0 18.0 19.0 20.0 21.0 22.0 23.0 24.0 25.0 26.0 27.0 28.0 29.0 30.0 31.0 32.0 33.0 34.0 35.0 36.0 37.0 38.0 39.0 40.0 41.0 42.0 43.0 44.0 45.0 46.0 47.0 48.0 49.0 50.0 51.0 52.0 53.0 54.0 55.0 56.0 57.0 58.0 59.0 60.0 61.0 62.0 63.0 64.0 63.0 62.0 61.0 60.0 59.0 58.0 57.0 56.0 55.0 54.0 53.0 52.0 51.0 50.0 49.0 48.0 47.0 46.0 45.0 44.0 43.0 42.0 41.0 40.0 39.0 38.0 37.0 36.0 35.0 34.0 33.0 32.0 31.0 30.0 29.0 28.0 27.0 26.0 25.0 24.0 23.0 22.0 21.0 20.0 19.0 18.0 17.0 16.0 15.0 14.0 13.0 12.0 11.0 10.0 9.0 8.0 7.0 6.0 5.0 
5.0 4.0 3.0 2.0 1.0 0.0 1.0 2.0 3.0 4.0 5.0 6.0 7.0 8.0 9.0 10.0 11.0 12.0 13.0 14.0 15.0 16.0 17.0 18.0 19.0 20.0 21.0 22.0 23.0 24.0 25.0 26.0 27.0 28.0 29.0 30.0 31.0 32.0 33.0 34.0 35.0 36.0 37.0 38.0 39.0 40.0 41.0 42.0 43.0 44.0 45.0 46.0 47.0 48.0 49.0 50.0 51.0 52.0 53.0 54.0 55.0 56.0 57.0 58.0 59.0 60.0 61.0 62.0 63.0 64.0 63.0 62.0 61.0 60.0 59.0 58.0 57.0 56.0 55.0 54.0 53.0 52.0 51.0 50.0 49.0 48.0 47.0 46.0 45.0 44.0 43.0 42.0 41.0 40.0 39.0 38.0 37.0 36.0 35.0 34.0 33.0 32.0 31.0 30.0 29.0 28.0 27.0 26.0 25.0 24.0 23.0 22.0 21.0 20.0 19.0 18.0 17.0 16.0 15.0 14.0 13.0 12.0 11.0 10.0 9.0 8.0 7.0 6.0 
6.0 5.0 4.0 3.0 2.0 1.0 0.0 1.0 2.0 3.0 4.0 5.0 6.0 7.0 8.0 9.0 10.0 11.0 12.0 13.0 14.0 15.0 16.0 17.0 18.0 19.0 20.0 21.0 22.0 23.0 24.0 25.0 26.0 27.0 28.0 29.0 30.0 31.0 32.0 33.0 34.0 35.0 36.0 37.0 38.0 39.0 40.0 41.0 42.0 43.0 44.0 45.0 46.0 47.0 48.0 49.0 50.0 51.0 52.0 53.0 54.0 55.0 56.0 57.0 58.0 59.0 60.0 61.0 62.0 63.0 64.0 63.0 62.0 61.0 60.0 59.0 58.0 57.0 56.0 55.0 54.0 53.0 52.0 51.0 50.0 49.0 48.0 47.0 46.0 45.0 44.0 43.0 42.0 41.0 40.0 39.0 38.0 37.0 36.0 35.0 34.0 33.0 32.0 31.0 30.0 29.0 28.0 27.0 26.0 25.0 24.0 23.0 22.0 21.0 20.0 19.0 18.0 17.0 16.0 15.0 14.0 13.0 12.0 11.0 10.0 9.0 8.0 7.0 
7.0 6.0 5.0 4.0 3.0 2.0 1.0 0.0 1.0 2.0 3.0 4.0 5.0 6.0 7.0 8.0 9.0 10.0 11.0 12.0 13.0 14.0 15.0 16.0 17.0 18.0 19.0 20.0 21.0 22.0 23.0 24.0 25.0 26.0 27.0 28.0 29.0 30.0 31.0 32.0 33.0 34.0 35.0 36.0 37.0 38.0 39.0 40.0 41.0 42.0 43.0 44.0 45.0 46.0 47.0 48.0 49.0 50.0 51.0 52.0 53.0 54.0 55.0 56.0 57.0 58.0 59.0 60.0 61.0 62.0 63.0 64.0 63.0 62.0 61.0 60.0 59.0 58.0 57.0 56.0 55.0 54.0 53.0 52.0 51.0 50.0 49.0 48.0 47.0 46.0 45.0 44.0 43.0 42.0 41.0 40.0 39.0 38.0 37.0 36.0 35.0 34.0 33.0 32.0 31.0 30.0 29.0 28.0 27.0 26.0 25.0 24.0 23.0 22.0 21.0 20.0 19.0 18.0 17.0 16.0 15.0 14.0 13.0 12.0 11.0 10.0 9.0 8.0 
8.0 7.0 6.0 5.0 4.0 3.0 2.0 1.0 0.0 1.0 2.0 3.0 4.0 5.0 6.0 7.0 8.0 9.0 10.0 11.0 12.0 13.0 14.0 15.0 16.0 17.0 18.0 19.0 20.0 21.0 22.0 23.0 24.0 25.0 26.0 27.0 28.0 29.0 30.0 31.0 32.0 33.0 34.0 35.0 36.0 37.0 38.0 39.0 40.0 41.0 42.0 43.0 44.0 45.0 46.0 47.0 48.0 49.0 50.0 51.0 52.0 53.0 54.0 55.0 56.0 57.0 58.0 59.0 60.0 61.0 62.0 63.0 64.0 63.0 62.0 61.0 60.0 59.0 58.0 57.0 56.0 55.0 54.0 53.0 52.0 51.0 50.0 49.0 48.0 47.0 46.0 45.0 44.0 43.0 42.0 41.0 40.0 39.0 38.0 37.0 36.0 35.0 34.0 33.0 32.0 31.0 30.0 29.0 28.0 27.0 26.0 25.0 24.0 23.0 22.0 21.0 20.0 19.0 18.0 17.0 16.0 15.0 14.0 13.0 12.0 11.0 10.0 9.0 
9.0 8.0 7.0 6.0 5.0 4.0 3.0 2.0 1.0 0.0 1.0 2.0 3.0 4.0 5.0 6.0 7.0 8.0 9.0 10.0 11.0 12.0 13.0 14.0 15.0 16.0 17.0 18.0 19.0 20.0 21.0 22.0 23.0 24.0 25.0 26.0 27.0 28.0 29.0 30.0 31.0 32.0 33.0 34.0 35.0 36.0 37.0 38.0 39.0 40.0 41.0 42.0 43.0 44.0 45.0 46.0 47.0 48.0 49.0 50.0 51.0 52.0 53.0 54.0 55.0 56.0 57.0 58.0 59.0 60.0 61.0 62.0 63.0 64.0 63.0 62.0 61.0 60.0 59.0 58.0 57.0 56.0 55.0 54.0 53.0 52.0 51.0 50.0 49.0 48.0 47.0 46.0 45.0 44.0 43.0 42.0 41.0 40.0 39.0 38.0 37.0 36.0 35.0 34.0 33.0 32.0 31.0 30.0 29.0 28.0 27.0 26.0 25.0 24.0 23.0 22.0 21.0 20.0 19.0 18.0 17.0 16.0 15.0 14.0 13.0 12.0 11.0 10.0 
10.0 9.0 8.0 7.0 6.0 5.0 4.0 3.0 2.0 1.0 0.0 1.0 2.0 3.0 4.0 5.0 6.0 7.0 8.0 9.0 10.0 11.0 12.0 13.0 14.0 15.0 16.0 17.0 18.0 19.0 20.0 21.0 22.0 23.0 24.0 25.0 26.0 27.0 28.0 29.0 30.0 31.0 32.0 33.0 34.0 35.0 36.0 37.0 38.0 39.0 40.0 41.0 42.0 43.0 44.0 45.0 46.0 47.0 48.0 49.0 50.0 51.0 52.0 53.0 54.0 55.0 56.0 57.0 58.0 59.0 60.0 61.0 62.0 63.0 64.0 63.0 62.0 61.0 60.0 59.0 58.0 57.0 56.0 55.0 54.0 53.0 52.0 51.0 50.0 49.0 48.0 47.0 46.0 45.0 44.0 43.0 42.0 41.0 40.0 39.0 38.0 37.0 36.0 35.0 34.0 33.0 32.0 31.0 30.0 29.0 28.0 27.0 26.0 25.0 24.0 23.0 22.0 21.0 20.0 19.0 18.0 17.0 16.0 15.0 14.0 13.0 12.0 11.0 
11.0 10.0 9.0 8.0 7.0 6.0 5.0 4.0 3.0 2.0 1.0 0.0 1.0 2.0 3.0 4.0 5.0 6.0 7.0 8.0 9.0 10.0 11.0 12.0 13.0 14.0 15.0 16.0 17.0 18.0 19.0 20.0 21.0 22.0 23.0 24.0 25.0 26.0 27.0 28.0 29.0 30.0 31.0 32.0 33.0 34.0 35.0 36.0 37.0 38.0 39.0 40.0 41.0 42.0 43.0 44.0 45.0 46.0 47.0 48.0 49.0 50.0 51.0 52.0 53.0 54.0 55.0 56.0 57.0 58.0 59.0 60.0 61.0 62.0 63.0 64.0 63.0 62.0 61.0 60.0 59.0 58.0 57.0 56.0 55.0 54.0 53.0 52.0 51.0 50.0 49.0 48.0 47.0 46.0 45.0 44.0 43.0 42.0 41.0 40.0 39.0 38.0 37.0 36.0 35.0 34.0 33.0 32.0 31.0 30.0 29.0 28.0 27.0 26.0 25.0 24.0 23.0 22.0 21.0 20.0 19.0 18.0 17.0 16.0 15.0 14.0 13.0 12.0 
12.0 11.0 10.0 9.0 8.0 7.0 6.0 5.0 4.0 3.0 2.0 1.0 0.0 1.0 2.0 3.0 4.0 5.0 6.0 7.0 8.0 9.0 10.0 11.0 12.0 13.0 14.0 15.0 16.0 17.0 18.0 19.0 20.0 21.0 22.0 23.0 24.0 25.0 26.0 27.0 28.0 29.0 30.0 31.0 32.0 33.0 34.0 35.0 36.0 37.0 38.0 39.0 40.0 41.0 42.0 43.0 44.0 45.0 46.0 47.0 48.0 49.0 50.0 51.0 52.0 53.0 54.0 55.0 56.0 57.0 58.0 59.0 60.0 61.0 62.0 63.0 64.0 63.0 62.0 61.0 60.0 59.0 58.0 57.0 56.0 55.0 54.0 53.0 52.0 51.0 50.0 49.0 48.0 47.0 46.0 45.0 44.0 43.0 42.0 41.0 40.0 39.0 38.0 37.0 36.0 35.0 34.0 33.0 32.0 31.0 30.0 29.0 28.0 27.0 26.0 25.0 24.0 23.0 22.0 21.0 20.0 19.0 18.0 17.0 16.0 15.0 14.0 13.0 
13.0 12.0 11.0 10.0 9.0 8.0 7.0 6.0 5.0 4.0 3.0 2.0 1.0 0.0 1.0 2.0 3.0 4.0 5.0 6.0 7.0 8.0 9.0 10.0 11.0 12.0 13.0 14.0 15.0 16.0 17.0 18.0 19.0 20.0 21.0 22.0 23.0 24.0 25.0 26.0 27.0 28.0 29.0 30.0 31.0 32.0 33.0 34.0 35.0 36.0 37.0 38.0 39.0 40.0 41.0 42.0 43.0 44.0 45.0 46.0 47.0 48.0 49.0 50.0 51.0 52.0 53.0 54.0 55.0 56.0 57.0 58.0 59.0 60.0 61.0 62.0 63.0 64.0 63.0 62.0 61.0 60.0 59.0 58.0 57.0 56.0 55.0 54.0 53.0 52.0 51.0 50.0 49.0 48.0 47.0 46.0 45.0 44.0 43.0 42.0 41.0 40.0 39.0 38.0 37.0 36.0 35.0 34.0 33.0 32.0 31.0 30.0 29.0 28.0 27.0 26.0 25.0 24.0 23.0 22.0 21.0 20.0 19.0 18.0 17.0 16.0 15.0 14.0 
14.0 13.0 12.0 11.0 10.0 9.0 8.0 7.0 6.0 5.0 4.0 3.0 2.0 1.0 0.0 1.0 2.0 3.0 4.0 5.0 6.0 7.0 8.0 9.0 10.0 11.0 12.0 13.0 14.0 15.0 16.0 17.0 18.0 19.0 20.0 21.0 22.0 23.0 24.0 25.0 26.0 27.0 28.0 29.0 30.0 31.0 32.0 33.0 34.0 35.0 36.0 37.0 38.0 39.0 40.0 41.0 42.0 43.0 44.0 45.0 46.0 47.0 48.0 49.0 50.0 51.0 52.0 53.0 54.0 55.0 56.0 57.0 58.0 59.0 60.0 61.0 62.0 63.0 64.0 63.0 62.0 61.0 60.0 59.0 58.0 57.0 56.0 55.0 54.0 53.0 52.0 51.0 50.0 49.0 48.0 47.0 46.0 45.0 44.0 43.0 42.0 41.0 40.0 39.0 38.0 37.0 36.0 35.0 34.0 33.0 32.0 31.0 30.0 29.0 28.0 27.0 26.0 25.0 24.0 23.0 22.0 21.0 20.0 19.0 18.0 17.0 16.0 15.0 
15.0 14.0 13.0 12.0 11.0 10.0 9.0 8.0 7.0 6.0 5.0 4.0 3.0 2.0 1.0 0.0 1.0 2.0 3.0 4.0 5.0 6.0 7.0 8.0 9.0 10.0 11.0 12.0 13.0 14.0 15.0 16.0 17.0 18.0 19.0 20.0 21.0 22.0 23.0 24.0 25.0 26.0 27.0 28.0 29.0 30.0 31.0 32.0 33.0 34.0 35.0 36.0 37.0 38.0 39.0 40.0 41.0 42.0 43.0 44.0 45.0 46.0 47.0 48.0 49.0 50.0 51.0 52.0 53.0 54.0 55.0 56.0 57.0 58.0 59.0 60.0 61.0 62.0 63.0 64.0 63.0 62.0 61.0 60.0 59.0 58.0 57.0 56.0 55.0 54.0 53.0 52.0 51.0 50.0 49.0 48.0 47.0 46.0 45.0 44.0 43.0 42.0 41.0 40.0 39.0 38.0 37.0 36.0 35.0 34.0 33.0 32.0 31.0 30.0 29.0 28.0 27.0 26.0 25.0 24.0 23.0 22.0 21.0 20.0 19.0 18.0 17.0 16.0 
16.0 15.0 14.0 13.0 12.0 11.0 10.0 9.0 8.0 7.0 6.0 5.0 4.0 3.0 2.0 1.0 0.0 1.0 2.0 3.0 4.0 5.0 6.0 7.0 8.0 9.0 10.0 11.0 12.0 13.0 14.0 15.0 16.0 17.0 18.0 19.0 20.0 21.0 22.0 23.0 24.0 25.0 26.0 27.0 28.0 29.0 30.0 31.0 32.0 33.0 34.0 35.0 36.0 37.0 38.0 39.0 40.0 41.0 42.0 43.0 44.0 45.0 46.0 47.0 48.0 49.0 50.0 51.0 52.0 53.0 54.0 55.0 56.0 57.0 58.0 59.0 60.0 61.0 62.0 63.0 64.0 63.0 62.0 61.0 60.0 59.0 58.0 57.0 56.0 55.0 54.0 53.0 52.0 51.0 50.0 49.0 48.0 47.0 46.0 45.0 44.0 43.0 42.0 41.0 40.0 39.0 38.0 37.0 36.0 35.0 34.0 33.0 32.0 31.0 30.0 29.0 28.0 27.0 26.0 25.0 24.0 23.0 22.0 21.0 20.0 19.0 18.0 17.0 
17.0 16.0 15.0 14.0 13.0 12.0 11.0 10.0 9.0 8.0 7.0 6.0 5.0 4.0 3.0 2.0 1.0 0.0 1.0 2.0 3.0 4.0 5.0 6.0 7.0 8.0 9.0 10.0 11.0 12.0 13.0 14.0 15.0 16.0 17.0 18.0 19.0 20.0 21.0 22.0 23.0 24.0 25.0 26.0 27.0 28.0 29.0 30.0 31.0 32.0 33.0 34.0 35.0 36.0 37.0 38.0 39.0 40.0 41.0 42.0 43.0 44.0 45.0 46.0 47.0 48.0 49.0 50.0 51.0 52.0 53.0 54.0 55.0 56.0 57.0 58.0 59.0 60.0 61.0 62.0 63.0 64.0 63.0 62.0 61.0 60.0 59.0 58.0 57.0 56.0 55.0 54.0 53.0 52.0 51.0 50.0 49.0 48.0 47.0 46.0 45.0 44.0 43.0 42.0 41.0 40.0 39.0 38.0 37.0 36.0 35.0 34.0 33.0 32.0 31.0 30.0 29.0 28.0 27.0 26.0 25.0 24.0 23.0 22.0 21.0 20.0 19.0 18.0 
18.0 17.0 16.0 15.0 14.0 13.0 12.0 11.0 10.0 9.0 8.0 7.0 6.0 5.0 4.0 3.0 2.0 1.0 0.0 1.0 2.0 3.0 4.0 5.0 6.0 7.0 8.0 9.0 10.0 11.0 12.0 13.0 14.0 15.0 16.0 17.0 18.0 19.0 20.0 21.0 22.0 23.0 24.0 25.0 26.0 27.0 28.0 29.0 30.0 31.0 32.0 33.0 34.0 35.0 36.0 37.0 38.0 39.0 40.0 41.0 42.0 43.0 44.0 45.0 46.0 47.0 48.0 49.0 50.0 51.0 52.0 53.0 54.0 55.0 56.0 57.0 58.0 59.0 60.0 61.0 62.0 63.0 64.0 63.0 62.0 61.0 60.0 59.0 58.0 57.0 56.0 55.0 54.0 53.0 52.0 51.0 50.0 49.0 48.0 47.0 46.0 45.0 44.0 43.0 42.0 41.0 40.0 39.0 38.0 37.0 36.0 35.0 34.0 33.0 32.0 31.0 30.0 29.0 28.0 27.0 26.0 25.0 24.0 23.0 22.0 21.0 20.0 19.0 
19.0 18.0 17.0 16.0 15.0 14.0 13.0 12.0 11.0 10.0 9.0 8.0 7.0 6.0 5.0 4.0 3.0 2.0 1.0 0.0 1.0 2.0 3.0 4.0 5.0 6.0 7.0 8.0 9.0 10.0 11.0 12.0 13.0 14.0 15.0 16.0 17.0 18.0 19.0 20.0 21.0 22.0 23.0 24.0 25.0 26.0 27.0 28.0 29.0 30.0 31.0 32.0 33.0 34.0 35.0 36.0 37.0 38.0 39.0 40.0 41.0 42.0 43.0 44.0 45.0 46.0 47.0 48.0 49.0 50.0 51.0 52.0 53.0 54.0 55.0 56.0 57.0 58.0 59.0 60.0 61.0 62.0 63.0 64.0 63.0 62.0 61.0 60.0 59.0 58.0 57.0 56.0 55.0 54.0 53.0 52.0 51.0 50.0 49.0 48.0 47.0 46.0 45.0 44.0 43.0 42.0 41.0 40.0 39.0 38.0 37.0 36.0 35.0 34.0 33.0 32.0 31.0 30.0 29.0 28.0 27.0 26.0 25.0 24.0 23.0 22.0 21.0 20.0 
20.0 19.0 18.0 17.0 16.0 15.0 14.0 13.0 12.0 11.0 10.0 9.0 8.0 7.0 6.0 5.0 4.0 3.0 2.0 1.0 0.0 1.0 2.0 3.0 4.0 5.0 6.0 7.0 8.0 9.0 10.0 11.0 12.0 13.0 14.0 15.0 16.0 17.0 18.0 19.0 20.0 21.0 22.0 23.0 24.0 25.0 26.0 27.0 28.0 29.0 30.0 31.0 32.0 33.0 34.0 35.0 36.0 37.0 38.0 39.0 40.0 41.0 42.0 43.0 44.0 45.0 46.0 47.0 48.0 49.0 50.0 51.0 52.0 53.0 54.0 55.0 56.0 57.0 58.0 59.0 60.0 61.0 62.0 63.0 64.0 63.0 62.0 61.0 60.0 59.0 58.0 57.0 56.0 55.0 54.0 53.0 52.0 51.0 50.0 49.0 48.0 47.0 46.0 45.0 44.0 43.0 42.0 41.0 40.0 39.0 38.0 37.0 36.0 35.0 34.0 33.0 32.0 31.0 30.0 29.0 28.0 27.0 26.0 25.0 24.0 23.0 22.0 21.0 
21.0 20.0 19.0 18.0 17.0 16.0 15.0 14.0 13.0 12.0 11.0 10.0 9.0 8.0 7.0 6.0 5.0 4.0 3.0 2.0 1.0 0.0 1.0 2.0 3.0 4.0 5.0 6.0 7.0 8.0 9.0 10.0 11.0 12.0 13.0 14.0 15.0 16.0 17.0 18.0 19.0 20.0 21.0 22.0 23.0 24.0 25.0 26.0 27.0 28.0 29.0 30.0 31.0 32.0 33.0 34.0 35.0 36.0 37.0 38.0 39.0 40.0 41.0 42.0 43.0 44.0 45.0 46.0 47.0 48.0 49.0 50.0 51.0 52.0 53.0 54.0 55.0 56.0 57.0 58.0 59.0 60.0 61.0 62.0 63.0 64.0 63.0 62.0 61.0 60.0 59.0 58.0 57.0 56.0 55.0 54.0 53.0 52.0 51.0 50.0 49.0 48.0 47.0 46.0 45.0 44.0 43.0 42.0 41.0 40.0 39.0 38.0 37.0 36.0 35.0 34.0 33.0 32.0 31.0 30.0 29.0 28.0 27.0 26.0 25.0 24.0 23.0 22.0 
22.0 21.0 20.0 19.0 18.0 17.0 16.0 15.0 14.0 13.0 12.0 11.0 10.0 9.0 8.0 7.0 6.0 5.0 4.0 3.0 2.0 1.0 0.0 1.0 2.0 3.0 4.0 5.0 6.0 7.0 8.0 9.0 10.0 11.0 12.0 13.0 14.0 15.0 16.0 17.0 18.0 19.0 20.0 21.0 22.0 23.0 24.0 25.0 26.0 27.0 28.0 29.0 30.0 31.0 32.0 33.0 34.0 35.0 36.0 37.0 38.0 39.0 40.0 41.0 42.0 43.0 44.0 45.0 46.0 47.0 48.0 49.0 50.0 51.0 52.0 53.0 54.0 55.0 56.0 57.0 58.0 59.0 60.0 61.0 62.0 63.0 64.0 63.0 62.0 61.0 60.0 59.0 58.0 57.0 56.0 55.0 54.0 53.0 52.0 51.0 50.0 49.0 48.0 47.0 46.0 45.0 44.0 43.0 42.0 41.0 40.0 39.0 38.0 37.0 36.0 35.0 34.0 33.0 32.0 31.0 30.0 29.0 28.0 27.0 26.0 25.0 24.0 23.0 
23.0 22.0 21.0 20.0 19.0 18.0 17.0 16.0 15.0 14.0 13.0 12.0 11.0 10.0 9.0 8.0 7.0 6.0 5.0 4.0 3.0 2.0 1.0 0.0 1.0 2.0 3.0 4.0 5.0 6.0 7.0 8.0 9.0 10.0 11.0 12.0 13.0 14.0 15.0 16.0 17.0 18.0 19.0 20.0 21.0 22.0 23.0 24.0 25.0 26.0 27.0 28.0 29.0 30.0 31.0 32.0 33.0 34.0 35.0 36.0 37.0 38.0 39.0 40.0 41.0 42.0 43.0 44.0 45.0 46.0 47.0 48.0 49.0 50.0 51.0 52.0 53.0 54.0 55.0 56.0 57.0 58.0 59.0 60.0 61.0 62.0 63.0 64.0 63.0 62.0 61.0 60.0 59.0 58.0 57.0 56.0 55.0 54.0 53.0 52.0 51.0 50.0 49.0 48.0 47.0 46.0 45.0 44.0 43.0 42.0 41.0 40.0 39.0 38.0 37.0 36.0 35.0 34.0 33.0 32.0 31.0 30.0 29.0 28.0 27.0 26.0 25.0 24.0 
24.0 23.0 22.0 21.0 20.0 19.0 18.0 17.0 16.0 15.0 14.0 13.0 12.0 11.0 10.0 9.0 8.0 7.0 6.0 5.0 4.0 3.0 2.0 1.0 0.0 1.0 2.0 3.0 4.0 5.0 6.0 7.0 8.0 9.0 10.0 11.0 12.0 13.0 14.0 15.0 16.0 17.0 18.0 19.0 20.0 21.0 22.0 23.0 24.0 25.0 26.0 27.0 28.0 29.0 30.0 31.0 32.0 33.0 34.0 35.0 36.0 37.0 38.0 39.0 40.0 41.0 42.0 43.0 44.0 45.0 46.0 47.0 48.0 49.0 50.0 51.0 52.0 53.0 54.0 55.0 56.0 57.0 58.0 59.0 60.0 61.0 62.0 63.0 64.0 63.0 62.0 61.0 60.0 59.0 58.0 57.0 56.0 55.0 54.0 53.0 52.0 51.0 50.0 49.0 48.0 47.0 46.0 45.0 44.0 43.0 42.0 41.0 40.0 39.0 38.0 37.0 36.0 35.0 34.0 33.0 32.0 31.0 30.0 29.0 28.0 27.0 26.0 25.0 
25.0 24.0 23.0 22.0 21.0 20.0 19.0 18.0 17.0 16.0 15.0 14.0 13.0 12.0 11.0 10.0 9.0 8.0 7.0 6.0 5.0 4.0 3.0 2.0 1.0 0.0 1.0 2.0 3.0 4.0 5.0 6.0 7.0 8.0 9.0 10.0 11.0 12.0 13.0 14.0 15.0 16.0 17.0 18.0 19.0 20.0 21.0 22.0 23.0 24.0 25.0 26.0 27.0 28.0 29.0 30.0 31.0 32.0 33.0 34.0 35.0 36.0 37.0 38.0 39.0 40.0 41.0 42.0 43.0 44.0 45.0 46.0 47.0 48.0 49.0 50.0 51.0 52.0 53.0 54.0 55.0 56.0 57.0 58.0 59.0 60.0 61.0 62.0 63.0 64.0 63.0 62.0 61.0 60.0 59.0 58.0 57.0 56.0 55.0 54.0 53.0 52.0 51.0 50.0 49.0 48.0 47.0 46.0 45.0 44.0 43.0 42.0 41.0 40.0 39.0 38.0 37.0 36.0 35.0 34.0 33.0 32.0 31.0 30.0 29.0 28.0 27.0 26.0 
26.0 25.0 24.0 23.0 22.0 21.0 20.0 19.0 18.0 17.0 16.0 15.0 14.0 13.0 12.0 11.0 10.0 9.0 8.0 7.0 6.0 5.0 4.0 3.0 2.0 1.0 0.0 1.0 2.0 3.0 4.0 5.0 6.0 7.0 8.0 9.0 10.0 11.0 12.0 13.0 14.0 15.0 16.0 17.0 18.0 19.0 20.0 21.0 22.0 23.0 24.0 25.0 26.0 27.0 28.0 29.0 30.0 31.0 32.0 33.0 34.0 35.0 36.0 37.0 38.0 39.0 40.0 41.0 42.0 43.0 44.0 45.0 46.0 47.0 48.0 49.0 50.0 51.0 52.0 53.0 54.0 55.0 56.0 57.0 58.0 59.0 60.0 61.0 62.0 63.0 64.0 63.0 62.0 61.0 60.0 59.0 58.0 57.0 56.0 55.0 54.0 53.0 52.0 51.0 50.0 49.0 48.0 47.0 46.0 45.0 44.0 43.0 42.0 41.0 40.0 39.0 38.0 37.0 36.0 35.0 34.0 33.0 32.0 31.0 30.0 29.0 28.0 27.0 
27.0 26.0 25.0 24.0 23.0 22.0 21.0 20.0 19.0 18.0 17.0 16.0 15.0 14.0 13.0 12.0 11.0 10.0 9.0 8.0 7.0 6.0 5.0 4.0 3.0 2.0 1.0 0.0 1.0 2.0 3.0 4.0 5.0 6.0 7.0 8.0 9.0 10.0 11.0 12.0 13.0 14.0 15.0 16.0 17.0 18.0 19.0 20.0 21.0 22.0 23.0 24.0 25.0 26.0 27.0 28.0 29.0 30.0 31.0 32.0 33.0 34.0 35.0 36.0 37.0 38.0 39.0 40.0 41.0 42.0 43.0 44.0 45.0 46.0 47.0 48.0 49.0 50.0 51.0 52.0 53.0 54.0 55.0 56.0 57.0 58.0 59.0 60.0 61.0 62.0 63.0 64.0 63.0 62.0 61.0 60.0 59.0 58.0 57.0 56.0 55.0 54.0 53.0 52.0 51.0 50.0 49.0 48.0 47.0 46.0 45.0 44.0 43.0 42.0 41.0 40.0 39.0 38.0 37.0 36.0 35.0 34.0 33.0 32.0 31.0 30.0 29.0 28.0 
28.0 27.0 26.0 25.0 24.0 23.0 22.0 21.0 20.0 19.0 18.0 17.0 16.0 15.0 14.0 13.0 12.0 11.0 10.0 9.0 8.0 7.0 6.0 5.0 4.0 3.0 2.0 1.0 0.0 1.0 2.0 3.0 4.0 5.0 6.0 7.0 8.0 9.0 10.0 11.0 12.0 13.0 14.0 15.0 16.0 17.0 18.0 19.0 20.0 21.0 22.0 23.0 24.0 25.0 26.0 27.0 28.0 29.0 30.0 31.0 32.0 33.0 34.0 35.0 36.0 37.0 38.0 39.0 40.0 41.0 42.0 43.0 44.0 45.0 46.0 47.0 48.0 49.0 50.0 51.0 52.0 53.0 54.0 55.0 56.0 57.0 58.0 59.0 60.0 61.0 62.0 63.0 64.0 63.0 62.0 61.0 60.0 59.0 58.0 57.0 56.0 55.0 54.0 53.0 52.0 51.0 50.0 49.0 48.0 47.0 46.0 45.0 44.0 43.0 42.0 41.0 40.0 39.0 38.0 37.0 36.0 35.0 34.0 33.0 32.0 31.0 30.0 29.0 
29.0 28.0 27.0 26.0 25.0 24.0 23.0 22.0 21.0 20.0 19.0 18.0 17.0 16.0 15.0 14.0 13.0 12.0 11.0 10.0 9.0 8.0 7.0 6.0 5.0 4.0 3.0 2.0 1.0 0.0 1.0 2.0 3.0 4.0 5.0 6.0 7.0 8.0 9.0 10.0 11.0 12.0 13.0 14.0 15.0 16.0 17.0 18.0 19.0 20.0 21.0 22.0 23.0 24.0 25.0 26.0 27.0 28.0 29.0 30.0 31.0 32.0 33.0 34.0 35.0 36.0 37.0 38.0 39.0 40.0 41.0 42.0 43.0 44.0 45.0 46.0 47.0 48.0 49.0 50.0 51.0 52.0 53.0 54.0 55.0 56.0 57.0 58.0 59.0 60.0 61.0 62.0 63.0 64.0 63.0 62.0 61.0 60.0 59.0 58.0 57.0 56.0 55.0 54.0 53.0 52.0 51.0 50.0 49.0 48.0 47.0 46.0 45.0 44.0 43.0 42.0 41.0 40.0 39.0 38.0 37.0 36.0 35.0 34.0 33.0 32.0 31.0 30.0 
30.0 29.0 28.0 27.0 26.0 25.0 24.0 23.0 22.0 21.0 20.0 19.0 18.0 17.0 16.0 15.0 14.0 13.0 12.0 11.0 10.0 9.0 8.0 7.0 6.0 5.0 4.0 3.0 2.0 1.0 0.0 1.0 2.0 3.0 4.0 5.0 6.0 7.0 8.0 9.0 10.0 11.0 12.0 13.0 14.0 15.0 16.0 17.0 18.0 19.0 20.0 21.0 22.0 23.0 24.0 25.0 26.0 27.0 28.0 29.0 30.0 31.0 32.0 33.0 34.0 35.0 36.0 37.0 38.0 39.0 40.0 41.0 42.0 43.0 44.0 45.0 46.0 47.0 48.0 49.0 50.0 51.0 52.0 53.0 54.0 55.0 56.0 57.0 58.0 59.0 60.0 61.0 62.0 63.0 64.0 63.0 62.0 61.0 60.0 59.0 58.0 57.0 56.0 55.0 54.0 53.0 52.0 51.0 50.0 49.0 48.0 47.0 46.0 45.0 44.0 43.0 42.0 41.0 40.0 39.0 38.0 37.0 36.0 35.0 34.0 33.0 32.0 31.0 
31.0 30.0 29.0 28.0 27.0 26.0 25.0 24.0 23.0 22.0 21.0 20.0 19.0 18.0 17.0 16.0 15.0 14.0 13.0 12.0 11.0 10.0 9.0 8.0 7.0 6.0 5.0 4.0 3.0 2.0 1.0 0.0 1.0 2.0 3.0 4.0 5.0 6.0 7.0 8.0 9.0 10.0 11.0 12.0 13.0 14.0 15.0 16.0 17.0 18.0 19.0 20.0 21.0 22.0 23.0 24.0 25.0 26.0 27.0 28.0 29.0 30.0 31.0 32.0 33.0 34.0 35.0 36.0 37.0 38.0 39.0 40.0 41.0 42.0 43.0 44.0 45.0 46.0 47.0 48.0 49.0 50.0 51.0 52.0 53.0 54.0 55.0 56.0 57.0 58.0 59.0 60.0 61.0 62.0 63.0 64.0 63.0 62.0 61.0 60.0 59.0 58.0 57.0 56.0 55.0 54.0 53.0 52.0 51.0 50.0 49.0 48.0 47.0 46.0 45.0 44.0 43.0 42.0 41.0 40.0 39.0 38.0 37.0 36.0 35.0 34.0 33.0 32.0 
32.0 31.0 30.0 29.0 28.0 27.0 26.0 25.0 24.0 23.0 22.0 21.0 20.0 19.0 18.0 17.0 16.0 15.0 14.0 13.0 12.0 11.0 10.0 9.0 8.0 7.0 6.0 5.0 4.0 3.0 2.0 1.0 0.0 1.0 2.0 3.0 4.0 5.0 6.0 7.0 8.0 9.0 10.0 11.0 12.0 13.0 14.0 15.0 16.0 17.0 18.0 19.0 20.0 21.0 22.0 23.0 24.0 25.0 26.0 27.0 28.0 29.0 30.0 31.0 32.0 33.0 34.0 35.0 36.0 37.0 38.0 39.0 40.0 41.0 42.0 43.0 44.0 45.0 46.0 47.0 48.0 49.0 50.0 51.0 52.0 53.0 54.0 55.0 56.0 57.0 58.0 59.0 60.0 61.0 62.0 63.0 64.0 63.0 62.0 61.0 60.0 59.0 58.0 57.0 56.0 55.0 54.0 53.0 52.0 51.0 50.0 49.0 48.0 47.0 46.0 45.0 44.0 43.0 42.0 41.0 40.0 39.0 38.0 37.0 36.0 35.0 34.0 33.0 
33.0 32.0 31.0 30.0 29.0 28.0 27.0 26.0 25.0 24.0 23.0 22.0 21.0 20.0 19.0 18.0 17.0 16.0 15.0 14.0 13.0 12.0 11.0 10.0 9.0 8.0 7.0 6.0 5.0 4.0 3.0 2.0 1.0 0.0 1.0 2.0 3.0 4.0 5.0 6.0 7.0 8.0 9.0 10.0 11.0 12.0 13.0 14.0 15.0 16.0 17.0 18.0 19.0 20.0 21.0 22.0 23.0 24.0 25.0 26.0 27.0 28.0 29.0 30.0 31.0 32.0 33.0 34.0 35.0 36.0 37.0 38.0 39.0 40.0 41.0 42.0 43.0 44.0 45.0 46.0 47.0 48.0 49.0 50.0 51.0 52.0 53.0 54.0 55.0 56.0 57.0 58.0 59.0 60.0 61.0 62.0 63.0 64.0 63.0 62.0 61.0 60.0 59.0 58.0 57.0 56.0 55.0 54.0 53.0 52.0 51.0 50.0 49.0 48.0 47.0 46.0 45.0 44.0 43.0 42.0 41.0 40.0 39.0 38.0 37.0 36.0 35.0 34.0 
34.0 33.0 32.0 31.0 30.0 29.0 28.0 27.0 26.0 25.0 24.0 23.0 22.0 21.0 20.0 19.0 18.0 17.0 16.0 15.0 14.0 13.0 12.0 11.0 10.0 9.0 8.0 7.0 6.0 5.0 4.0 3.0 2.0 1.0 0.0 1.0 2.0 3.0 4.0 5.0 6.0 7.0 8.0 9.0 10.0 11.0 12.0 13.0 14.0 15.0 16.0 17.0 18.0 19.0 20.0 21.0 22.0 23.0 24.0 25.0 26.0 27.0 28.0 29.0 30.0 31.0 32.0 33.0 34.0 35.0 36.0 37.0 38.0 39.0 40.0 41.0 42.0 43.0 44.0 45.0 46.0 47.0 48.0 49.0 50.0 51.0 52.0 53.0 54.0 55.0 56.0 57.0 58.0 59.0 60.0 61.0 62.0 63.0 64.0 63.0 62.0 61.0 60.0 59.0 58.0 57.0 56.0 55.0 54.0 53.0 52.0 51.0 50.0 49.0 48.0 47.0 46.0 45.0 44.0 43.0 42.0 41.0 40.0 39.0 38.0 37.0 36.0 35.0 
35.0 34.0 33.0 32.0 31.0 30.0 29.0 28.0 27.0 26.0 25.0 24.0 23.0 22.0 21.0 20.0 19.0 18.0 17.0 16.0 15.0 14.0 13.0 12.0 11.0 10.0 9.0 8.0 7.0 6.0 5.0 4.0 3.0 2.0 1.0 0.0 1.0 2.0 3.0 4.0 5.0 6.0 7.0 8.0 9.0 10.0 11.0 12.0 13.0 14.0 15.0 16.0 17.0 18.0 19.0 20.0 21.0 22.0 23.0 24.0 25.0 26.0 27.0 28.0 29.0 30.0 31.0 32.0 33.0 34.0 35.0 36.0 37.0 38.0 39.0 40.0 41.0 42.0 43.0 44.0 45.0 46.0 47.0 48.0 49.0 50.0 51.0 52.0 53.0 54.0 55.0 56.0 57.0 58.0 59.0 60.0 61.0 62.0 63.0 64.0 63.0 62.0 61.0 60.0 59.0 58.0 57.0 56.0 55.0 54.0 53.0 52.0 51.0 50.0 49.0 48.0 47.0 46.0 45.0 44.0 43.0 42.0 41.0 40.0 39.0 38.0 37.0 36.0 
36.0 35.0 34.0 33.0 32.0 31.0 30.0 29.0 28.0 27.0 26.0 25.0 24.0 23.0 22.0 21.0 20.0 19.0 18.0 17.0 16.0 15.0 14.0 13.0 12.0 11.0 10.0 9.0 8.0 7.0 6.0 5.0 4.0 3.0 2.0 1.0 0.0 1.0 2.0 3.0 4.0 5.0 6.0 7.0 8.0 9.0 10.0 11.0 12.0 13.0 14.0 15.0 16.0 17.0 18.0 19.0 20.0 21.0 22.0 23.0 24.0 25.0 26.0 27.0 28.0 29.0 30.0 31.0 32.0 33.0 34.0 35.0 36.0 37.0 38.0 39.0 40.0 41.0 42.0 43.0 44.0 45.0 46.0 47.0 48.0 49.0 50.0 51.0 52.0 53.0 54.0 55.0 56.0 57.0 58.0 59.0 60.0 61.0 62.0 63.0 64.0 63.0 62.0 61.0 60.0 59.0 58.0 57.0 56.0 55.0 54.0 53.0 52.0 51.0 50.0 49.0 48.0 47.0 46.0 45.0 44.0 43.0 42.0 41.0 40.0 39.0 38.0 37.0 
37.0 36.0 35.0 34.0 33.0 32.0 31.0 30.0 29.0 28.0 27.0 26.0 25.0 24.0 23.0 22.0 21.0 20.0 19.0 18.0 17.0 16.0 15.0 14.0 13.0 12.0 11.0 10.0 9.0 8.0 7.0 6.0 5.0 4.0 3.0 2.0 1.0 0.0 1.0 2.0 3.0 4.0 5.0 6.0 7.0 8.0 9.0 10.0 11.0 12.0 13.0 14.0 15.0 16.0 17.0 18.0 19.0 20.0 21.0 22.0 23.0 24.0 25.0 26.0 27.0 28.0 29.0 30.0 31.0 32.0 33.0 34.0 35.0 36.0 37.0 38.0 39.0 40.0 41.0 42.0 43.0 44.0 45.0 46.0 47.0 48.0 49.0 50.0 51.0 52.0 53.0 54.0 55.0 56.0 57.0 58.0 59.0 60.0 61.0 62.0 63.0 64.0 63.0 62.0 61.0 60.0 59.0 58.0 57.0 56.0 55.0 54.0 53.0 52.0 51.0 50.0 49.0 48.0 47.0 46.0 45.0 44.0 43.0 42.0 41.0 40.0 39.0 38.0 
38.0 37.0 36.0 35.0 34.0 33.0 32.0 31.0 30.0 29.0 28.0 27.0 26.0 25.0 24.0 23.0 22.0 21.0 20.0 19.0 18.0 17.0 16.0 15.0 14.0 13.0 12.0 11.0 10.0 9.0 8.0 7.0 6.0 5.0 4.0 3.0 2.0 1.0 0.0 1.0 2.0 3.0 4.0 5.0 6.0 7.0 8.0 9.0 10.0 11.0 12.0 13.0 14.0 15.0 16.0 17.0 18.0 19.0 20.0 21.0 22.0 23.0 24.0 25.0 26.0 27.0 28.0 29.0 30.0 31.0 32.0 33.0 34.0 35.0 36.0 37.0 38.0 39.0 40.0 41.0 42.0 43.0 44.0 45.0 46.0 47.0 48.0 49.0 50.0 51.0 52.0 53.0 54.0 55.0 56.0 57.0 58.0 59.0 60.0 61.0 62.0 63.0 64.0 63.0 62.0 61.0 60.0 59.0 58.0 57.0 56.0 55.0 54.0 53.0 52.0 51.0 50.0 49.0 48.0 47.0 46.0 45.0 44.0 43.0 42.0 41.0 40.0 39.0 
39.0 38.0 37.0 36.0 35.0 34.0 33.0 32.0 31.0 30.0 29.0 28.0 27.0 26.0 25.0 24.0 23.0 22.0 21.0 20.0 19.0 18.0 17.0 16.0 15.0 14.0 13.0 12.0 11.0 10.0 9.0 8.0 7.0 6.0 5.0 4.0 3.0 2.0 1.0 0.0 1.0 2.0 3.0 4.0 5.0 6.0 7.0 8.0 9.0 10.0 11.0 12.0 13.0 14.0 15.0 16.0 17.0 18.0 19.0 20.0 21.0 22.0 23.0 24.0 25.0 26.0 27.0 28.0 29.0 30.0 31.0 32.0 33.0 34.0 35.0 36.0 37.0 38.0 39.0 40.0 41.0 42.0 43.0 44.0 45.0 46.0 47.0 48.0 49.0 50.0 51.0 52.0 53.0 54.0 55.0 56.0 57.0 58.0 59.0 60.0 61.0 62.0 63.0 64.0 63.0 62.0 61.0 60.0 59.0 58.0 57.0 56.0 55.0 54.0 53.0 52.0 51.0 50.0 49.0 48.0 47.0 46.0 45.0 44.0 43.0 42.0 41.0 40.0 
40.0 39.0 38.0 37.0 36.0 35.0 34.0 33.0 32.0 31.0 30.0 29.0 28.0 27.0 26.0 25.0 24.0 23.0 22.0 21.0 20.0 19.0 18.0 17.0 16.0 15.0 14.0 13.0 12.0 11.0 10.0 9.0 8.0 7.0 6.0 5.0 4.0 3.0 2.0 1.0 0.0 1.0 2.0 3.0 4.0 5.0 6.0 7.0 8.0 9.0 10.0 11.0 12.0 13.0 14.0 15.0 16.0 17.0 18.0 19.0 20.0 21.0 22.0 23.0 24.0 25.0 26.0 27.0 28.0 29.0 30.0 31.0 32.0 33.0 34.0 35.0 36.0 37.0 38.0 39.0 40.0 41.0 42.0 43.0 44.0 45.0 46.0 47.0 48.0 49.0 50.0 51.0 52.0 53.0 54.0 55.0 56.0 57.0 58.0 59.0 60.0 61.0 62.0 63.0 64.0 63.0 62.0 61.0 60.0 59.0 58.0 57.0 56.0 55.0 54.0 53.0 52.0 51.0 50.0 49.0 48.0 47.0 46.0 45.0 44.0 43.0 42.0 41.0 
41.0 40.0 39.0 38.0 37.0 36.0 35.0 34.0 33.0 32.0 31.0 30.0 29.0 28.0 27.0 26.0 25.0 24.0 23.0 22.0 21.0 20.0 19.0 18.0 17.0 16.0 15.0 14.0 13.0 12.0 11.0 10.0 9.0 8.0 7.0 6.0 5.0 4.0 3.0 2.0 1.0 0.0 1.0 2.0 3.0 4.0 5.0 6.0 7.0 8.0 9.0 10.0 11.0 12.0 13.0 14.0 15.0 16.0 17.0 18.0 19.0 20.0 21.0 22.0 23.0 24.0 25.0 26.0 27.0 28.0 29.0 30.0 31.0 32.0 33.0 34.0 35.0 36.0 37.0 38.0 39.0 40.0 41.0 42.0 43.0 44.0 45.0 46.0 47.0 48.0 49.0 50.0 51.0 52.0 53.0 54.0 55.0 56.0 57.0 58.0 59.0 60.0 61.0 62.0 63.0 64.0 63.0 62.0 61.0 60.0 59.0 58.0 57.0 56.0 55.0 54.0 53.0 52.0 51.0 50.0 49.0 48.0 47.0 46.0 45.0 44.0 43.0 42.0 
42.0 41.0 40.0 39.0 38.0 37.0 36.0 35.0 34.0 33.0 32.0 31.0 30.0 29.0 28.0 27.0 26.0 25.0 24.0 23.0 22.0 21.0 20.0 19.0 18.0 17.0 16.0 15.0 14.0 13.0 12.0 11.0 10.0 9.0 8.0 7.0 6.0 5.0 4.0 3.0 2.0 1.0 0.0 1.0 2.0 3.0 4.0 5.0 6.0 7.0 8.0 9.0 10.0 11.0 12.0 13.0 14.0 15.0 16.0 17.0 18.0 19.0 20.0 21.0 22.0 23.0 24.0 25.0 26.0 27.0 28.0 29.0 30.0 31.0 32.0 33.0 34.0 35.0 36.0 37.0 38.0 39.0 40.0 41.0 42.0 43.0 44.0 45.0 46.0 47.0 48.0 49.0 50.0 51.0 52.0 53.0 54.0 55.0 56.0 57.0 58.0 59.0 60.0 61.0 62.0 63.0 64.0 63.0 62.0 61.0 60.0 59.0 58.0 57.0 56.0 55.0 54.0 53.0 52.0 51.0 50.0 49.0 48.0 47.0 46.0 45.0 44.0 43.0 
43.0 42.0 41.0 40.0 39.0 38.0 37.0 36.0 35.0 34.0 33.0 32.0 31.0 30.0 29.0 28.0 27.0 26.0 25.0 24.0 23.0 22.0 21.0 20.0 19.0 18.0 17.0 16.0 15.0 14.0 13.0 12.0 11.0 10.0 9.0 8.0 7.0 6.0 5.0 4.0 3.0 2.0 1.0 0.0 1.0 2.0 3.0 4.0 5.0 6.0 7.0 8.0 9.0 10.0 11.0 12.0 13.0 14.0 15.0 16.0 17.0 18.0 19.0 20.0 21.0 22.0 23.0 24.0 25.0 26.0 27.0 28.0 29.0 30.0 31.0 32.0 33.0 34.0 35.0 36.0 37.0 38.0 39.0 40.0 41.0 42.0 43.0 44.0 45.0 46.0 47.0 48.0 49.0 50.0 51.0 52.0 53.0 54.0 55.0 56.0 57.0 58.0 59.0 60.0 61.0 62.0 63.0 64.0 63.0 62.0 61.0 60.0 59.0 58.0 57.0 56.0 55.0 54.0 53.0 52.0 51.0 50.0 49.0 48.0 47.0 46.0 45.0 44.0 
44.0 43.0 42.0 41.0 40.0 39.0 38.0 37.0 36.0 35.0 34.0 33.0 32.0 31.0 30.0 29.0 28.0 27.0 26.0 25.0 24.0 23.0 22.0 21.0 20.0 19.0 18.0 17.0 16.0 15.0 14.0 13.0 12.0 11.0 10.0 9.0 8.0 7.0 6.0 5.0 4.0 3.0 2.0 1.0 0.0 1.0 2.0 3.0 4.0 5.0 6.0 7.0 8.0 9.0 10.0 11.0 12.0 13.0 14.0 15.0 16.0 17.0 18.0 19.0 20.0 21.0 22.0 23.0 24.0 25.0 26.0 27.0 28.0 29.0 30.0 31.0 32.0 33.0 34.0 35.0 36.0 37.0 38.0 39.0 40.0 41.0 42.0 43.0 44.0 45.0 46.0 47.0 48.0 49.0 50.0 51.0 52.0 53.0 54.0 55.0 56.0 57.0 58.0 59.0 60.0 61.0 62.0 63.0 64.0 63.0 62.0 61.0 60.0 59.0 58.0 57.0 56.0 55.0 54.0 53.0 52.0 51.0 50.0 49.0 48.0 47.0 46.0 45.0 
45.0 44.0 43.0 42.0 41.0 40.0 39.0 38.0 37.0 36.0 35.0 34.0 33.0 32.0 31.0 30.0 29.0 28.0 27.0 26.0 25.0 24.0 23.0 22.0 21.0 20.0 19.0 18.0 17.0 16.0 15.0 14.0 13.0 12.0 11.0 10.0 9.0 8.0 7.0 6.0 5.0 4.0 3.0 2.0 1.0 0.0 1.0 2.0 3.0 4.0 5.0 6.0 7.0 8.0 9.0 10.0 11.0 12.0 13.0 14.0 15.0 16.0 17.0 18.0 19.0 20.0 21.0 22.0 23.0 24.0 25.0 26.0 27.0 28.0 29.0 30.0 31.0 32.0 33.0 34.0 35.0 36.0 37.0 38.0 39.0 40.0 41.0 42.0 43.0 44.0 45.0 46.0 47.0 48.0 49.0 50.0 51.0 52.0 53.0 54.0 55.0 56.0 57.0 58.0 59.0 60.0 61.0 62.0 63.0 64.0 63.0 62.0 61.0 60.0 59.0 58.0 57.0 56.0 55.0 54.0 53.0 52.0 51.0 50.0 49.0 48.0 47.0 46.0 
46.0 45.0 44.0 43.0 42.0 41.0 40.0 39.0 38.0 37.0 36.0 35.0 34.0 33.0 32.0 31.0 30.0 29.0 28.0 27.0 26.0 25.0 24.0 23.0 22.0 21.0 20.0 19.0 18.0 17.0 16.0 15.0 14.0 13.0 12.0 11.0 10.0 9.0 8.0 7.0 6.0 5.0 4.0 3.0 2.0 1.0 0.0 1.0 2.0 3.0 4.0 5.0 6.0 7.0 8.0 9.0 10.0 11.0 12.0 13.0 14.0 15.0 16.0 17.0 18.0 19.0 20.0 21.0 22.0 23.0 24.0 25.0 26.0 27.0 28.0 29.0 30.0 31.0 32.0 33.0 34.0 35.0 36.0 37.0 38.0 39.0 40.0 41.0 42.0 43.0 44.0 45.0 46.0 47.0 48.0 49.0 50.0 51.0 52.0 53.0 54.0 55.0 56.0 57.0 58.0 59.0 60.0 61.0 62.0 63.0 64.0 63.0 62.0 61.0 60.0 59.0 58.0 57.0 56.0 55.0 54.0 53.0 52.0 51.0 50.0 49.0 48.0 47.0 
47.0 46.0 45.0 44.0 43.0 42.0 41.0 40.0 39.0 38.0 37.0 36.0 35.0 34.0 33.0 32.0 31.0 30.0 29.0 28.0 27.0 26.0 25.0 24.0 23.0 22.0 21.0 20.0 19.0 18.0 17.0 16.0 15.0 14.0 13.0 12.0 11.0 10.0 9.0 8.0 7.0 6.0 5.0 4.0 3.0 2.0 1.0 0.0 1.0 2.0 3.0 4.0 5.0 6.0 7.0 8.0 9.0 10.0 11.0 12.0 13.0 14.0 15.0 16.0 17.0 18.0 19.0 20.0 21.0 22.0 23.0 24.0 25.0 26.0 27.0 28.0 29.0 30.0 31.0 32.0 33.0 34.0 35.0 36.0 37.0 38.0 39.0 40.0 41.0 42.0 43.0 44.0 45.0 46.0 47.0 48.0 49.0 50.0 51.0 52.0 53.0 54.0 55.0 56.0 57.0 58.0 59.0 60.0 61.0 62.0 63.0 64.0 63.0 62.0 61.0 60.0 59.0 58.0 57.0 56.0 55.0 54.0 53.0 52.0 51.0 50.0 49.0 48.0 
48.0 47.0 46.0 45.0 44.0 43.0 42.0 41.0 40.0 39.0 38.0 37.0 36.0 35.0 34.0 33.0 32.0 31.0 30.0 29.0 28.0 27.0 26.0 25.0 24.0 23.0 22.0 21.0 20.0 19.0 18.0 17.0 16.0 15.0 14.0 13.0 12.0 11.0 10.0 9.0 8.0 7.0 6.0 5.0 4.0 3.0 2.0 1.0 0.0 1.0 2.0 3.0 4.0 5.0 6.0 7.0 8.0 9.0 10.0 11.0 12.0 13.0 14.0 15.0 16.0 17.0 18.0 19.0 20.0 21.0 22.0 23.0 24.0 25.0 26.0 27.0 28.0 29.0 30.0 31.0 32.0 33.0 34.0 35.0 36.0 37.0 38.0 39.0 40.0 41.0 42.0 43.0 44.0 45.0 46.0 47.0 48.0 49.0 50.0 51.0 52.0 53.0 54.0 55.0 56.0 57.0 58.0 59.0 60.0 61.0 62.0 63.0 64.0 63.0 62.0 61.0 60.0 59.0 58.0 57.0 56.0 55.0 54.0 53.0 52.0 51.0 50.0 49.0 
49.0 48.0 47.0 46.0 45.0 44.0 43.0 42.0 41.0 40.0 39.0 38.0 37.0 36.0 35.0 34.0 33.0 32.0 31.0 30.0 29.0 28.0 27.0 26.0 25.0 24.0 23.0 22.0 21.0 20.0 19.0 18.0 17.0 16.0 15.0 14.0 13.0 12.0 11.0 10.0 9.0 8.0 7.0 6.0 5.0 4.0 3.0 2.0 1.0 0.0 1.0 2.0 3.0 4.0 5.0 6.0 7.0 8.0 9.0 10.0 11.0 12.0 13.0 14.0 15.0 16.0 17.0 18.0 19.0 20.0 21.0 22.0 23.0 24.0 25.0 26.0 27.0 28.0 29.0 30.0 31.0 32.0 33.0 34.0 35.0 36.0 37.0 38.0 39.0 40.0 41.0 42.0 43.0 44.0 45.0 46.0 47.0 48.0 49.0 50.0 51.0 52.0 53.0 54.0 55.0 56.0 57.0 58.0 59.0 60.0 61.0 62.0 63.0 64.0 63.0 62.0 61.0 60.0 59.0 58.0 57.0 56.0 55.0 54.0 53.0 52.0 51.0 50.0 
50.0 49.0 48.0 47.0 46.0 45.0 44.0 43.0 42.0 41.0 40.0 39.0 38.0 37.0 36.0 35.0 34.0 33.0 32.0 31.0 30.0 29.0 28.0 27.0 26.0 25.0 24.0 23.0 22.0 21.0 20.0 19.0 18.0 17.0 16.0 15.0 14.0 13.0 12.0 11.0 10.0 9.0 8.0 7.0 6.0 5.0 4.0 3.0 2.0 1.0 0.0 1.0 2.0 3.0 4.0 5.0 6.0 7.0 8.0 9.0 10.0 11.0 12.0 13.0 14.0 15.0 16.0 17.0 18.0 19.0 20.0 21.0 22.0 23.0 24.0 25.0 26.0 27.0 28.0 29.0 30.0 31.0 32.0 33.0 34.0 35.0 36.0 37.0 38.0 39.0 40.0 41.0 42.0 43.0 44.0 45.0 46.0 47.0 48.0 49.0 50.0 51.0 52.0 53.0 54.0 55.0 56.0 57.0 58.0 59.0 60.0 61.0 62.0 63.0 64.0 63.0 62.0 61.0 60.0 59.0 58.0 57.0 56.0 55.0 54.0 53.0 52.0 51.0 
51.0 50.0 49.0 48.0 47.0 46.0 45.0 44.0 43.0 42.0 41.0 40.0 39.0 38.0 37.0 36.0 35.0 34.0 33.0 32.0 31.0 30.0 29.0 28.0 27.0 26.0 25.0 24.0 23.0 22.0 21.0 20.0 19.0 18.0 17.0 16.0 15.0 14.0 13.0 12.0 11.0 10.0 9.0 8.0 7.0 6.0 5.0 4.0 3.0 2.0 1.0 0.0 1.0 2.0 3.0 4.0 5.0 6.0 7.0 8.0 9.0 10.0 11.0 12.0 13.0 14.0 15.0 16.0 17.0 18.0 19.0 20.0 21.0 22.0 23.0 24.0 25.0 26.0 27.0 28.0 29.0 30.0 31.0 32.0 33.0 34.0 35.0 36.0 37.0 38.0 39.0 40.0 41.0 42.0 43.0 44.0 45.0 46.0 47.0 48.0 49.0 50.0 51.0 52.0 53.0 54.0 55.0 56.0 57.0 58.0 59.0 60.0 61.0 62.0 63.0 64.0 63.0 62.0 61.0 60.0 59.0 58.0 57.0 56.0 55.0 54.0 53.0 52.0 
52.0 51.0 50.0 49.0 48.0 47.0 46.0 45.0 44.0 43.0 42.0 41.0 40.0 39.0 38.0 37.0 36.0 35.0 34.0 33.0 32.0 31.0 30.0 29.0 28.0 27.0 26.0 25.0 24.0 23.0 22.0 21.0 20.0 19.0 18.0 17.0 16.0 15.0 14.0 13.0 12.0 11.0 10.0 9.0 8.0 7.0 6.0 5.0 4.0 3.0 2.0 1.0 0.0 1.0 2.0 3.0 4.0 5.0 6.0 7.0 8.0 9.0 10.0 11.0 12.0 13.0 14.0 15.0 16.0 17.0 18.0 19.0 20.0 21.0 22.0 23.0 24.0 25.0 26.0 27.0 28.0 29.0 30.0 31.0 32.0 33.0 34.0 35.0 36.0 37.0 38.0 39.0 40.0 41.0 42.0 43.0 44.0 45.0 46.0 47.0 48.0 49.0 50.0 51.0 52.0 53.0 54.0 55.0 56.0 57.0 58.0 59.0 60.0 61.0 62.0 63.0 64.0 63.0 62.0 61.0 60.0 59.0 58.0 57.0 56.0 55.0 54.0 53.0 
53.0 52.0 51.0 50.0 49.0 48.0 47.0 46.0 45.0 44.0 43.0 42.0 41.0 40.0 39.0 38.0 37.0 36.0 35.0 34.0 33.0 32.0 31.0 30.0 29.0 28.0 27.0 26.0 25.0 24.0 23.0 22.0 21.0 20.0 19.0 18.0 17.0 16.0 15.0 14.0 13.0 12.0 11.0 10.0 9.0 8.0 7.0 6.0 5.0 4.0 3.0 2.0 1.0 0.0 1.0 2.0 3.0 4.0 5.0 6.0 7.0 8.0 9.0 10.0 11.0 12.0 13.0 14.0 15.0 16.0 17.0 18.0 19.0 20.0 21.0 22.0 23.0 24.0 25.0 26.0 27.0 28.0 29.0 30.0 31.0 32.0 33.0 34.0 35.0 36.0 37.0 38.0 39.0 40.0 41.0 42.0 43.0 44.0 45.0 46.0 47.0 48.0 49.0 50.0 51.0 52.0 53.0 54.0 55.0 56.0 57.0 58.0 59.0 60.0 61.0 62.0 63.0 64.0 63.0 62.0 61.0 60.0 59.0 58.0 57.0 56.0 55.0 54.0 
54.0 53.0 52.0 51.0 50.0 49.0 48.0 47.0 46.0 45.0 44.0 43.0 42.0 41.0 40.0 39.0 38.0 37.0 36.0 35.0 34.0 33.0 32.0 31.0 30.0 29.0 28.0 27.0 26.0 25.0 24.0 23.0 22.0 21.0 20.0 19.0 18.0 17.0 16.0 15.0 14.0 13.0 12.0 11.0 10.0 9.0 8.0 7.0 6.0 5.0 4.0 3.0 2.0 1.0 0.0 1.0 2.0 3.0 4.0 5.0 6.0 7.0 8.0 9.0 10.0 11.0 12.0 13.0 14.0 15.0 16.0 17.0 18.0 19.0 20.0 21.0 22.0 23.0 24.0 25.0 26.0 27.0 28.0 29.0 30.0 31.0 32.0 33.0 34.0 35.0 36.0 37.0 38.0 39.0 40.0 41.0 42.0 43.0 44.0 45.0 46.0 47.0 48.0 49.0 50.0 51.0 52.0 53.0 54.0 55.0 56.0 57.0 58.0 59.0 60.0 61.0 62.0 63.0 64.0 63.0 62.0 61.0 60.0 59.0 58.0 57.0 56.0 55.0 
55.0 54.0 53.0 52.0 51.0 50.0 49.0 48.0 47.0 46.0 45.0 44.0 43.0 42.0 41.0 40.0 39.0 38.0 37.0 36.0 35.0 34.0 33.0 32.0 31.0 30.0 29.0 28.0 27.0 26.0 25.0 24.0 23.0 22.0 21.0 20.0 19.0 18.0 17.0 16.0 15.0 14.0 13.0 12.0 11.0 10.0 9.0 8.0 7.0 6.0 5.0 4.0 3.0 2.0 1.0 0.0 1.0 2.0 3.0 4.0 5.0 6.0 7.0 8.0 9.0 10.0 11.0 12.0 13.0 14.0 15.0 16.0 17.0 18.0 19.0 20.0 21.0 22.0 23.0 24.0 25.0 26.0 27.0 28.0 29.0 30.0 31.0 32.0 33.0 34.0 35.0 36.0 37.0 38.0 39.0 40.0 41.0 42.0 43.0 44.0 45.0 46.0 47.0 48.0 49.0 50.0 51.0 52.0 53.0 54.0 55.0 56.0 57.0 58.0 59.0 60.0 61.0 62.0 63.0 64.0 63.0 62.0 61.0 60.0 59.0 58.0 57.0 56.0 
56.0 55.0 54.0 53.0 52.0 51.0 50.0 49.0 48.0 47.0 46.0 45.0 44.0 43.0 42.0 41.0 40.0 39.0 38.0 37.0 36.0 35.0 34.0 33.0 32.0 31.0 30.0 29.0 28.0 27.0 26.0 25.0 24.0 23.0 22.0 21.0 20.0 19.0 18.0 17.0 16.0 15.0 14.0 13.0 12.0 11.0 10.0 9.0 8.0 7.0 6.0 5.0 4.0 3.0 2.0 1.0 0.0 1.0 2.0 3.0 4.0 5.0 6.0 7.0 8.0 9.0 10.0 11.0 12.0 13.0 14.0 15.0 16.0 17.0 18.0 19.0 20.0 21.0 22.0 23.0 24.0 25.0 26.0 27.0 28.0 29.0 30.0 31.0 32.0 33.0 34.0 35.0 36.0 37.0 38.0 39.0 40.0 41.0 42.0 43.0 44.0 45.0 46.0 47.0 48.0 49.0 50.0 51.0 52.0 53.0 54.0 55.0 56.0 57.0 58.0 59.0 60.0 61.0 62.0 63.0 64.0 63.0 62.0 61.0 60.0 59.0 58.0 57.0 
57.0 56.0 55.0 54.0 53.0 52.0 51.0 50.0 49.0 48.0 47.0 46.0 45.0 44.0 43.0 42.0 41.0 40.0 39.0 38.0 37.0 36.0 35.0 34.0 33.0 32.0 31.0 30.0 29.0 28.0 27.0 26.0 25.0 24.0 23.0 22.0 21.0 20.0 19.0 18.0 17.0 16.0 15.0 14.0 13.0 12.0 11.0 10.0 9.0 8.0 7.0 6.0 5.0 4.0 3.0 2.0 1.0 0.0 1.0 2.0 3.0 4.0 5.0 6.0 7.0 8.0 9.0 10.0 11.0 12.0 13.0 14.0 15.0 16.0 17.0 18.0 19.0 20.0 21.0 22.0 23.0 24.0 25.0 26.0 27.0 28.0 29.0 30.0 31.0 32.0 33.0 34.0 35.0 36.0 37.0 38.0 39.0 40.0 41.0 42.0 43.0 44.0 45.0 46.0 47.0 48.0 49.0 50.0 51.0 52.0 53.0 54.0 55.0 56.0 57.0 58.0 59.0 60.0 61.0 62.0 63.0 64.0 63.0 62.0 61.0 60.0 59.0 58.0 
58.0 57.0 56.0 55.0 54.0 53.0 52.0 51.0 50.0 49.0 48.0 47.0 46.0 45.0 44.0 43.0 42.0 41.0 40.0 39.0 38.0 37.0 36.0 35.0 34.0 33.0 32.0 31.0 30.0 29.0 28.0 27.0 26.0 25.0 24.0 23.0 22.0 21.0 20.0 19.0 18.0 17.0 16.0 15.0 14.0 13.0 12.0 11.0 10.0 9.0 8.0 7.0 6.0 5.0 4.0 3.0 2.0 1.0 0.0 1.0 2.0 3.0 4.0 5.0 6.0 7.0 8.0 9.0 10.0 11.0 12.0 13.0 14.0 15.0 16.0 17.0 18.0 19.0 20.0 21.0 22.0 23.0 24.0 25.0 26.0 27.0 28.0 29.0 30.0 31.0 32.0 33.0 34.0 35.0 36.0 37.0 38.0 39.0 40.0 41.0 42.0 43.0 44.0 45.0 46.0 47.0 48.0 49.0 50.0 51.0 52.0 53.0 54.0 55.0 56.0 57.0 58.0 59.0 60.0 61.0 62.0 63.0 64.0 63.0 62.0 61.0 60.0 59.0 
59.0 58.0 57.0 56.0 55.0 54.0 53.0 52.0 51.0 50.0 49.0 48.0 47.0 46.0 45.0 44.0 43.0 42.0 41.0 40.0 39.0 38.0 37.0 36.0 35.0 34.0 33.0 32.0 31.0 30.0 29.0 28.0 27.0 26.0 25.0 24.0 23.0 22.0 21.0 20.0 19.0 18.0 17.0 16.0 15.0 14.0 13.0 12.0 11.0 10.0 9.0 8.0 7.0 6.0 5.0 4.0 3.0 2.0 1.0 0.0 1.0 2.0 3.0 4.0 5.0 6.0 7.0 8.0 9.0 10.0 11.0 12.0 13.0 14.0 15.0 16.0 17.0 18.0 19.0 20.0 21.0 22.0 23.0 24.0 25.0 26.0 27.0 28.0 29.0 30.0 31.0 32.0 33.0 34.0 35.0 36.0 37.0 38.0 39.0 40.0 41.0 42.0 43.0 44.0 45.0 46.0 47.0 48.0 49.0 50.0 51.0 52.0 53.0 54.0 55.0 56.0 57.0 58.0 59.0 60.0 61.0 62.0 63.0 64.0 63.0 62.0 61.0 60.0 
60.0 59.0 58.0 57.0 56.0 55.0 54.0 53.0 52.0 51.0 50.0 49.0 48.0 47.0 46.0 45.0 44.0 43.0 42.0 41.0 40.0 39.0 38.0 37.0 36.0 35.0 34.0 33.0 32.0 31.0 30.0 29.0 28.0 27.0 26.0 25.0 24.0 23.0 22.0 21.0 20.0 19.0 18.0 17.0 16.0 15.0 14.0 13.0 12.0 11.0 10.0 9.0 8.0 7.0 6.0 5.0 4.0 3.0 2.0 1.0 0.0 1.0 2.0 3.0 4.0 5.0 6.0 7.0 8.0 9.0 10.0 11.0 12.0 13.0 14.0 15.0 16.0 17.0 18.0 19.0 20.0 21.0 22.0 23.0 24.0 25.0 26.0 27.0 28.0 29.0 30.0 31.0 32.0 33.0 34.0 35.0 36.0 37.0 38.0 39.0 40.0 41.0 42.0 43.0 44.0 45.0 46.0 47.0 48.0 49.0 50.0 51.0 52.0 53.0 54.0 55.0 56.0 57.0 58.0 59.0 60.0 61.0 62.0 63.0 64.0 63.0 62.0 61.0 
61.0 60.0 59.0 58.0 57.0 56.0 55.0 54.0 53.0 52.0 51.0 50.0 49.0 48.0 47.0 46.0 45.0 44.0 43.0 42.0 41.0 40.0 39.0 38.0 37.0 36.0 35.0 34.0 33.0 32.0 31.0 30.0 29.0 28.0 27.0 26.0 25.0 24.0 23.0 22.0 21.0 20.0 19.0 18.0 17.0 16.0 15.0 14.0 13.0 12.0 11.0 10.0 9.0 8.0 7.0 6.0 5.0 4.0 3.0 2.0 1.0 0.0 1.0 2.0 3.0 4.0 5.0 6.0 7.0 8.0 9.0 10.0 11.0 12.0 13.0 14.0 15.0 16.0 17.0 18.0 19.0 20.0 21.0 22.0 23.0 24.0 25.0 26.0 27.0 28.0 29.0 30.0 31.0 32.0 33.0 34.0 35.0 36.0 37.0 38.0 39.0 40.0 41.0 42.0 43.0 44.0 45.0 46.0 47.0 48.0 49.0 50.0 51.0 52.0 53.0 54.0 55.0 56.0 57.0 58.0 59.0 60.0 61.0 62.0 63.0 64.0 63.0 62.0 
62.0 61.0 60.0 59.0 58.0 57.0 56.0 55.0 54.0 53.0 52.0 51.0 50.0 49.0 48.0 47.0 46.0 45.0 44.0 43.0 42.0 41.0 40.0 39.0 38.0 37.0 36.0 35.0 34.0 33.0 32.0 31.0 30.0 29.0 28.0 27.0 26.0 25.0 24.0 23.0 22.0 21.0 20.0 19.0 18.0 17.0 16.0 15.0 14.0 13.0 12.0 11.0 10.0 9.0 8.0 7.0 6.0 5.0 4.0 3.0 2.0 1.0 0.0 1.0 2.0 3.0 4.0 5.0 6.0 7.0 8.0 9.0 10.0 11.0 12.0 13.0 14.0 15.0 16.0 17.0 18.0 19.0 20.0 21.0 22.0 23.0 24.0 25.0 26.0 27.0 28.0 29.0 30.0 31.0 32.0 33.0 34.0 35.0 36.0 37.0 38.0 39.0 40.0 41.0 42.0 43.0 44.0 45.0 46.0 47.0 48.0 49.0 50.0 51.0 52.0 53.0 54.0 55.0 56.0 57.0 58.0 59.0 60.0 61.0 62.0 63.0 64.0 63.0 
63.0 62.0 61.0 60.0 59.0 58.0 57.0 56.0 55.0 54.0 53.0 52.0 51.0 50.0 49.0 48.0 47.0 46.0 45.0 44.0 43.0 42.0 41.0 40.0 39.0 38.0 37.0 36.0 35.0 34.0 33.0 32.0 31.0 30.0 29.0 28.0 27.0 26.0 25.0 24.0 23.0 22.0 21.0 20.0 19.0 18.0 17.0 16.0 15.0 14.0 13.0 12.0 11.0 10.0 9.0 8.0 7.0 6.0 5.0 4.0 3.0 2.0 1.0 0.0 1.0 2.0 3.0 4.0 5.0 6.0 7.0 8.0 9.0 10.0 11.0 12.0 13.0 14.0 15.0 16.0 17.0 18.0 19.0 20.0 21.0 22.0 23.0 24.0 25.0 26.0 27.0 28.0 29.0 30.0 31.0 32.0 33.0 34.0 35.0 36.0 37.0 38.0 39.0 40.0 41.0 42.0 43.0 44.0 45.0 46.0 47.0 48.0 49.0 50.0 51.0 52.0 53.0 54.0 55.0 56.0 57.0 58.0 59.0 60.0 61.0 62.0 63.0 64.0 
64.0 63.0 62.0 61.0 60.0 59.0 58.0 57.0 56.0 55.0 54.0 53.0 52.0 51.0 50.0 49.0 48.0 47.0 46.0 45.0 44.0 43.0 42.0 41.0 40.0 39.0 38.0 37.0 36.0 35.0 34.0 33.0 32.0 31.0 30.0 29.0 28.0 27.0 26.0 25.0 24.0 23.0 22.0 21.0 20.0 19.0 18.0 17.0 16.0 15.0 14.0 13.0 12.0 11.0 10.0 9.0 8.0 7.0 6.0 5.0 4.0 3.0 2.0 1.0 0.0 1.0 2.0 3.0 4.0 5.0 6.0 7.0 8.0 9.0 10.0 11.0 12.0 13.0 14.0 15.0 16.0 17.0 18.0 19.0 20.0 21.0 22.0 23.0 24.0 25.0 26.0 27.0 28.0 29.0 30.0 31.0 32.0 33.0 34.0 35.0 36.0 37.0 38.0 39.0 40.0 41.0 42.0 43.0 44.0 45.0 46.0 47.0 48.0 49.0 50.0 51.0 52.0 53.0 54.0 55.0 56.0 57.0 58.0 59.0 60.0 61.0 62.0 63.0 
63.0 64.0 63.0 62.0 61.0 60.0 59.0 58.0 57.0 56.0 55.0 54.0 53.0 52.0 51.0 50.0 49.0 48.0 47.0 46.0 45.0 44.0 43.0 42.0 41.0 40.0 39.0 38.0 37.0 36.0 35.0 34.0 33.0 32.0 31.0 30.0 29.0 28.0 27.0 26.0 25.0 24.0 23.0 22.0 21.0 20.0 19.0 18.0 17.0 16.0 15.0 14.0 13.0 12.0 11.0 10.0 9.0 8.0 7.0 6.0 5.0 4.0 3.0 2.0 1.0 0.0 1.0 2.0 3.0 4.0 5.0 6.0 7.0 8.0 9.0 10.0 11.0 12.0 13.0 14.0 15.0 16.0 17.0 18.0 19.0 20.0 21.0 22.0 23.0 24.0 25.0 26.0 27.0 28.0 29.0 30.0 31.0 32.0 33.0 34.0 35.0 36.0 37.0 38.0 39.0 40.0 41.0 42.0 43.0 44.0 45.0 46.0 47.0 48.0 49.0 50.0 51.0 52.0 53.0 54.0 55.0 56.0 57.0 58.0 59.0 60.0 61.0 62.0 
62.0 63.0 64.0 63.0 62.0 61.0 60.0 59.0 58.0 57.0 56.0 55.0 54.0 53.0 52.0 51.0 50.0 49.0 48.0 47.0 46.0 45.0 44.0 43.0 42.0 41.0 40.0 39.0 38.0 37.0 36.0 35.0 34.0 33.0 32.0 31.0 30.0 29.0 28.0 27.0 26.0 25.0 24.0 23.0 22.0 21.0 20.0 19.0 18.0 17.0 16.0 15.0 14.0 13.0 12.0 11.0 10.0 9.0 8.0 7.0 6.0 5.0 4.0 3.0 2.0 1.0 0.0 1.0 2.0 3.0 4.0 5.0 6.0 7.0 8.0 9.0 10.0 11.0 12.0 13.0 14.0 15.0 16.0 17.0 18.0 19.0 20.0 21.0 22.0 23.0 24.0 25.0 26.0 27.0 28.0 29.0 30.0 31.0 32.0 33.0 34.0 35.0 36.0 37.0 38.0 39.0 40.0 41.0 42.0 43.0 44.0 45.0 46.0 47.0 48.0 49.0 50.0 51.0 52.0 53.0 54.0 55.0 56.0 57.0 58.0 59.0 60.0 61.0 
61.0 62.0 63.0 64.0 63.0 62.0 61.0 60.0 59.0 58.0 57.0 56.0 55.0 54.0 53.0 52.0 51.0 50.0 49.0 48.0 47.0 46.0 45.0 44.0 43.0 42.0 41.0 40.0 39.0 38.0 37.0 36.0 35.0 34.0 33.0 32.0 31.0 30.0 29.0 28.0 27.0 26.0 25.0 24.0 23.0 22.0 21.0 20.0 19.0 18.0 17.0 16.0 15.0 14.0 13.0 12.0 11.0 10.0 9.0 8.0 7.0 6.0 5.0 4.0 3.0 2.0 1.0 0.0 1.0 2.0 3.0 4.0 5.0 6.0 7.0 8.0 9.0 10.0 11.0 12.0 13.0 14.0 15.0 16.0 17.0 18.0 19.0 20.0 21.0 22.0 23.0 24.0 25.0 26.0 27.0 28.0 29.0 30.0 31.0 32.0 33.0 34.0 35.0 36.0 37.0 38.0 39.0 40.0 41.0 42.0 43.0 44.0 45.0 46.0 47.0 48.0 49.0 50.0 51.0 52.0 53.0 54.0 55.0 56.0 57.0 58.0 59.0 60.0 
60.0 61.0 62.0 63.0 64.0 63.0 62.0 61.0 60.0 59.0 58.0 57.0 56.0 55.0 54.0 53.0 52.0 51.0 50.0 49.0 48.0 47.0 46.0 45.0 44.0 43.0 42.0 41.0 40.0 39.0 38.0 37.0 36.0 35.0 34.0 33.0 32.0 31.0 30.0 29.0 28.0 27.0 26.0 25.0 24.0 23.0 22.0 21.0 20.0 19.0 18.0 17.0 16.0 15.0 14.0 13.0 12.0 11.0 10.0 9.0 8.0 7.0 6.0 5.0 4.0 3.0 2.0 1.0 0.0 1.0 2.0 3.0 4.0 5.0 6.0 7.0 8.0 9.0 10.0 11.0 12.0 13.0 14.0 15.0 16.0 17.0 18.0 19.0 20.0 21.0 22.0 23.0 24.0 25.0 26.0 27.0 28.0 29.0 30.0 31.0 32.0 33.0 34.0 35.0 36.0 37.0 38.0 39.0 40.0 41.0 42.0 43.0 44.0 45.0 46.0 47.0 48.0 49.0 50.0 51.0 52.0 53.0 54.0 55.0 56.0 57.0 58.0 59.0 
59.0 60.0 61.0 62.0 63.0 64.0 63.0 62.0 61.0 60.0 59.0 58.0 57.0 56.0 55.0 54.0 53.0 52.0 51.0 50.0 49.0 48.0 47.0 46.0 45.0 44.0 43.0 42.0 41.0 40.0 39.0 38.0 37.0 36.0 35.0 34.0 33.0 32.0 31.0 30.0 29.0 28.0 27.0 26.0 25.0 24.0 23.0 22.0 21.0 20.0 19.0 18.0 17.0 16.0 15.0 14.0 13.0 12.0 11.0 10.0 9.0 8.0 7.0 6.0 5.0 4.0 3.0 2.0 1.0 0.0 1.0 2.0 3.0 4.0 5.0 6.0 7.0 8.0 9.0 10.0 11.0 12.0 13.0 14.0 15.0 16.0 17.0 18.0 19.0 20.0 21.0 22.0 23.0 24.0 25.0 26.0 27.0 28.0 29.0 30.0 31.0 32.0 33.0 34.0 35.0 36.0 37.0 38.0 39.0 40.0 41.0 42.0 43.0 44.0 45.0 46.0 47.0 48.0 49.0 50.0 51.0 52.0 53.0 54.0 55.0 56.0 57.0 58.0 
58.0 59.0 60.0 61.0 62.0 63.0 64.0 63.0 62.0 61.0 60.0 59.0 58.0 57.0 56.0 55.0 54.0 53.0 52.0 51.0 50.0 49.0 48.0 47.0 46.0 45.0 44.0 43.0 42.0 41.0 40.0 39.0 38.0 37.0 36.0 35.0 34.0 33.0 32.0 31.0 30.0 29.0 28.0 27.0 26.0 25.0 24.0 23.0 22.0 21.0 20.0 19.0 18.0 17.0 16.0 15.0 14.0 13.0 12.0 11.0 10.0 9.0 8.0 7.0 6.0 5.0 4.0 3.0 2.0 1.0 0.0 1.0 2.0 3.0 4.0 5.0 6.0 7.0 8.0 9.0 10.0 11.0 12.0 13.0 14.0 15.0 16.0 17.0 18.0 19.0 20.0 21.0 22.0 23.0 24.0 25.0 26.0 27.0 28.0 29.0 30.0 31.0 32.0 33.0 34.0 35.0 36.0 37.0 38.0 39.0 40.0 41.0 42.0 43.0 44.0 45.0 46.0 47.0 48.0 49.0 50.0 51.0 52.0 53.0 54.0 55.0 56.0 57.0 
57.0 58.0 59.0 60.0 61.0 62.0 63.0 64.0 63.0 62.0 61.0 60.0 59.0 58.0 57.0 56.0 55.0 54.0 53.0 52.0 51.0 50.0 49.0 48.0 47.0 46.0 45.0 44.0 43.0 42.0 41.0 40.0 39.0 38.0 37.0 36.0 35.0 34.0 33.0 32.0 31.0 30.0 29.0 28.0 27.0 26.0 25.0 24.0 23.0 22.0 21.0 20.0 19.0 18.0 17.0 16.0 15.0 14.0 13.0 12.0 11.0 10.0 9.0 8.0 7.0 6.0 5.0 4.0 3.0 2.0 1.0 0.0 1.0 2.0 3.0 4.0 5.0 6.0 7.0 8.0 9.0 10.0 11.0 12.0 13.0 14.0 15.0 16.0 17.0 18.0 19.0 20.0 21.0 22.0 23.0 24.0 25.0 26.0 27.0 28.0 29.0 30.0 31.0 32.0 33.0 34.0 35.0 36.0 37.0 38.0 39.0 40.0 41.0 42.0 43.0 44.0 45.0 46.0 47.0 48.0 49.0 50.0 51.0 52.0 53.0 54.0 55.0 56.0 
56.0 57.0 58.0 59.0 60.0 61.0 62.0 63.0 64.0 63.0 62.0 61.0 60.0 59.0 58.0 57.0 56.0 55.0 54.0 53.0 52.0 51.0 50.0 49.0 48.0 47.0 46.0 45.0 44.0 43.0 42.0 41.0 40.0 39.0 38.0 37.0 36.0 35.0 34.0 33.0 32.0 31.0 30.0 29.0 28.0 27.0 26.0 25.0 24.0 23.0 22.0 21.0 20.0 19.0 18.0 17.0 16.0 15.0 14.0 13.0 12.0 11.0 10.0 9.0 8.0 7.0 6.0 5.0 4.0 3.0 2.0 1.0 0.0 1.0 2.0 3.0 4.0 5.0 6.0 7.0 8.0 9.0 10.0 11.0 12.0 13.0 14.0 15.0 16.0 17.0 18.0 19.0 20.0 21.0 22.0 23.0 24.0 25.0 26.0 27.0 28.0 29.0 30.0 31.0 32.0 33.0 34.0 35.0 36.0 37.0 38.0 39.0 40.0 41.0 42.0 43.0 44.0 45.0 46.0 47.0 48.0 49.0 50.0 51.0 52.0 53.0 54.0 55.0 
55.0 56.0 57.0 58.0 59.0 60.0 61.0 62.0 63.0 64.0 63.0 62.0 61.0 60.0 59.0 58.0 57.0 56.0 55.0 54.0 53.0 52.0 51.0 50.0 49.0 48.0 47.0 46.0 45.0 44.0 43.0 42.0 41.0 40.0 39.0 38.0 37.0 36.0 35.0 34.0 33.0 32.0 31.0 30.0 29.0 28.0 27.0 26.0 25.0 24.0 23.0 22.0 21.0 20.0 19.0 18.0 17.0 16.0 15.0 14.0 13.0 12.0 11.0 10.0 9.0 8.0 7.0 6.0 5.0 4.0 3.0 2.0 1.0 0.0 1.0 2.0 3.0 4.0 5.0 6.0 7.0 8.0 9.0 10.0 11.0 12.0 13.0 14.0 15.0 16.0 17.0 18.0 19.0 20.0 21.0 22.0 23.0 24.0 25.0 26.0 27.0 28.0 29.0 30.0 31.0 32.0 33.0 34.0 35.0 36.0 37.0 38.0 39.0 40.0 41.0 42.0 43.0 44.0 45.0 46.0 47.0 48.0 49.0 50.0 51.0 52.0 53.0 54.0 
54.0 55.0 56.0 57.0 58.0 59.0 60.0 61.0 62.0 63.0 64.0 63.0 62.0 61.0 60.0 59.0 58.0 57.0 56.0 55.0 54.0 53.0 52.0 51.0 50.0 49.0 48.0 47.0 46.0 45.0 44.0 43.0 42.0 41.0 40.0 39.0 38.0 37.0 36.0 35.0 34.0 33.0 32.0 31.0 30.0 29.0 28.0 27.0 26.0 25.0 24.0 23.0 22.0 21.0 20.0 19.0 18.0 17.0 16.0 15.0 14.0 13.0 12.0 11.0 10.0 9.0 8.0 7.0 6.0 5.0 4.0 3.0 2.0 1.0 0.0 1.0 2.0 3.0 4.0 5.0 6.0 7.0 8.0 9.0 10.0 11.0 12.0 13.0 14.0 15.0 16.0 17.0 18.0 19.0 20.0 21.0 22.0 23.0 24.0 25.0 26.0 27.0 28.0 29.0 30.0 31.0 32.0 33.0 34.0 35.0 36.0 37.0 38.0 39.0 40.0 41.0 42.0 43.0 44.0 45.0 46.0 47.0 48.0 49.0 50.0 51.0 52.0 53.0 
53.0 54.0 55.0 56.0 57.0 58.0 59.0 60.0 61.0 62.0 63.0 64.0 63.0 62.0 61.0 60.0 59.0 58.0 57.0 56.0 55.0 54.0 53.0 52.0 51.0 50.0 49.0 48.0 47.0 46.0 45.0 44.0 43.0 42.0 41.0 40.0 39.0 38.0 37.0 36.0 35.0 34.0 33.0 32.0 31.0 30.0 29.0 28.0 27.0 26.0 25.0 24.0 23.0 22.0 21.0 20.0 19.0 18.0 17.0 16.0 15.0 14.0 13.0 12.0 11.0 10.0 9.0 8.0 7.0 6.0 5.0 4.0 3.0 2.0 1.0 0.0 1.0 2.0 3.0 4.0 5.0 6.0 7.0 8.0 9.0 10.0 11.0 12.0 13.0 14.0 15.0 16.0 17.0 18.0 19.0 20.0 21.0 22.0 23.0 24.0 25.0 26.0 27.0 28.0 29.0 30.0 31.0 32.0 33.0 34.0 35.0 36.0 37.0 38.0 39.0 40.0 41.0 42.0 43.0 44.0 45.0 46.0 47.0 48.0 49.0 50.0 51.0 52.0 
52.0 53.0 54.0 55.0 56.0 57.0 58.0 59.0 60.0 61.0 62.0 63.0 64.0 63.0 62.0 61.0 60.0 59.0 58.0 57.0 56.0 55.0 54.0 53.0 52.0 51.0 50.0 49.0 48.0 47.0 46.0 45.0 44.0 43.0 42.0 41.0 40.0 39.0 38.0 37.0 36.0 35.0 34.0 33.0 32.0 31.0 30.0 29.0 28.0 27.0 26.0 25.0 24.0 23.0 22.0 21.0 20.0 19.0 18.0 17.0 16.0 15.0 14.0 13.0 12.0 11.0 10.0 9.0 8.0 7.0 6.0 5.0 4.0 3.0 2.0 1.0 0.0 1.0 2.0 3.0 4.0 5.0 6.0 7.0 8.0 9.0 10.0 11.0 12.0 13.0 14.0 15.0 16.0 17.0 18.0 19.0 20.0 21.0 22.0 23.0 24.0 25.0 26.0 27.0 28.0 29.0 30.0 31.0 32.0 33.0 34.0 35.0 36.0 37.0 38.0 39.0 40.0 41.0 42.0 43.0 44.0 45.0 46.0 47.0 48.0 49.0 50.0 51.0 
51.0 52.0 53.0 54.0 55.0 56.0 57.0 58.0 59.0 60.0 61.0 62.0 63.0 64.0 63.0 62.0 61.0 60.0 59.0 58.0 57.0 56.0 55.0 54.0 53.0 52.0 51.0 50.0 49.0 48.0 47.0 46.0 45.0 44.0 43.0 42.0 41.0 40.0 39.0 38.0 37.0 36.0 35.0 34.0 33.0 32.0 31.0 30.0 29.0 28.0 27.0 26.0 25.0 24.0 23.0 22.0 21.0 20.0 19.0 18.0 17.0 16.0 15.0 14.0 13.0 12.0 11.0 10.0 9.0 8.0 7.0 6.0 5.0 4.0 3.0 2.0 1.0 0.0 1.0 2.0 3.0 4.0 5.0 6.0 7.0 8.0 9.0 10.0 11.0 12.0 13.0 14.0 15.0 16.0 17.0 18.0 19.0 20.0 21.0 22.0 23.0 24.0 25.0 26.0 27.0 28.0 29.0 30.0 31.0 32.0 33.0 34.0 35.0 36.0 37.0 38.0 39.0 40.0 41.0 42.0 43.0 44.0 45.0 46.0 47.0 48.0 49.0 50.0 
50.0 51.0 52.0 53.0 54.0 55.0 56.0 57.0 58.0 59.0 60.0 61.0 62.0 63.0 64.0 63.0 62.0 61.0 60.0 59.0 58.0 57.0 56.0 55.0 54.0 53.0 52.0 51.0 50.0 49.0 48.0 47.0 46.0 45.0 44.0 43.0 42.0 41.0 40.0 39.0 38.0 37.0 36.0 35.0 34.0 33.0 32.0 31.0 30.0 29.0 28.0 27.0 26.0 25.0 24.0 23.0 22.0 21.0 20.0 19.0 18.0 17.0 16.0 15.0 14.0 13.0 12.0 11.0 10.0 9.0 8.0 7.0 6.0 5.0 4.0 3.0 2.0 1.0 0.0 1.0 2.0 3.0 4.0 5.0 6.0 7.0 8.0 9.0 10.0 11.0 12.0 13.0 14.0 15.0 16.0 17.0 18.0 19.0 20.0 21.0 22.0 23.0 24.0 25.0 26.0 27.0 28.0 29.0 30.0 31.0 32.0 33.0 34.0 35.0 36.0 37.0 38.0 39.0 40.0 41.0 42.0 43.0 44.0 45.0 46.0 47.0 48.0 49.0 
49.0 50.0 51.0 52.0 53.0 54.0 55.0 56.0 57.0 58.0 59.0 60.0 61.0 62.0 63.0 64.0 63.0 62.0 61.0 60.0 59.0 58.0 57.0 56.0 55.0 54.0 53.0 52.0 51.0 50.0 49.0 48.0 47.0 46.0 45.0 44.0 43.0 42.0 41.0 40.0 39.0 38.0 37.0 36.0 35.0 34.0 33.0 32.0 31.0 30.0 29.0 28.0 27.0 26.0 25.0 24.0 23.0 22.0 21.0 20.0 19.0 18.0 17.0 16.0 15.0 14.0 13.0 12.0 11.0 10.0 9.0 8.0 7.0 6.0 5.0 4.0 3.0 2.0 1.0 0.0 1.0 2.0 3.0 4.0 5.0 6.0 7.0 8.0 9.0 10.0 11.0 12.0 13.0 14.0 15.0 16.0 17.0 18.0 19.0 20.0 21.0 22.0 23.0 24.0 25.0 26.0 27.0 28.0 29.0 30.0 31.0 32.0 33.0 34.0 35.0 36.0 37.0 38.0 39.0 40.0 41.0 42.0 43.0 44.0 45.0 46.0 47.0 48.0 
48.0 49.0 50.0 51.0 52.0 53.0 54.0 55.0 56.0 57.0 58.0 59.0 60.0 61.0 62.0 63.0 64.0 63.0 62.0 61.0 60.0 59.0 58.0 57.0 56.0 55.0 54.0 53.0 52.0 51.0 50.0 49.0 48.0 47.0 46.0 45.0 44.0 43.0 42.0 41.0 40.0 39.0 38.0 37.0 36.0 35.0 34.0 33.0 32.0 31.0 30.0 29.0 28.0 27.0 26.0 25.0 24.0 23.0 22.0 21.0 20.0 19.0 18.0 17.0 16.0 15.0 14.0 13.0 12.0 11.0 10.0 9.0 8.0 7.0 6.0 5.0 4.0 3.0 2.0 1.0 0.0 1.0 2.0 3.0 4.0 5.0 6.0 7.0 8.0 9.0 10.0 11.0 12.0 13.0 14.0 15.0 16.0 17.0 18.0 19.0 20.0 21.0 22.0 23.0 24.0 25.0 26.0 27.0 28.0 29.0 30.0 31.0 32.0 33.0 34.0 35.0 36.0 37.0 38.0 39.0 40.0 41.0 42.0 43.0 44.0 45.0 46.0 47.0 
47.0 48.0 49.0 50.0 51.0 52.0 53.0 54.0 55.0 56.0 57.0 58.0 59.0 60.0 61.0 62.0 63.0 64.0 63.0 62.0 61.0 60.0 59.0 58.0 57.0 56.0 55.0 54.0 53.0 52.0 51.0 50.0 49.0 48.0 47.0 46.0 45.0 44.0 43.0 42.0 41.0 40.0 39.0 38.0 37.0 36.0 35.0 34.0 33.0 32.0 31.0 30.0 29.0 28.0 27.0 26.0 25.0 24.0 23.0 22.0 21.0 20.0 19.0 18.0 17.0 16.0 15.0 14.0 13.0 12.0 11.0 10.0 9.0 8.0 7.0 6.0 5.0 4.0 3.0 2.0 1.0 0.0 1.0 2.0 3.0 4.0 5.0 6.0 7.0 8.0 9.0 10.0 11.0 12.0 13.0 14.0 15.0 16.0 17.0 18.0 19.0 20.0 21.0 22.0 23.0 24.0 25.0 26.0 27.0 28.0 29.0 30.0 31.0 32.0 33.0 34.0 35.0 36.0 37.0 38.0 39.0 40.0 41.0 42.0 43.0 44.0 45.0 46.0 
46.0 47.0 48.0 49.0 50.0 51.0 52.0 53.0 54.0 55.0 56.0 57.0 58.0 59.0 60.0 61.0 62.0 63.0 64.0 63.0 62.0 61.0 60.0 59.0 58.0 57.0 56.0 55.0 54.0 53.0 52.0 51.0 50.0 49.0 48.0 47.0 46.0 45.0 44.0 43.0 42.0 41.0 40.0 39.0 38.0 37.0 36.0 35.0 34.0 33.0 32.0 31.0 30.0 29.0 28.0 27.0 26.0 25.0 24.0 23.0 22.0 21.0 20.0 19.0 18.0 17.0 16.0 15.0 14.0 13.0 12.0 11.0 10.0 9.0 8.0 7.0 6.0 5.0 4.0 3.0 2.0 1.0 0.0 1.0 2.0 3.0 4.0 5.0 6.0 7.0 8.0 9.0 10.0 11.0 12.0 13.0 14.0 15.0 16.0 17.0 18.0 19.0 20.0 21.0 22.0 23.0 24.0 25.0 26.0 27.0 28.0 29.0 30.0 31.0 32.0 33.0 34.0 35.0 36.0 37.0 38.0 39.0 40.0 41.0 42.0 43.0 44.0 45.0 
45.0 46.0 47.0 48.0 49.0 50.0 51.0 52.0 53.0 54.0 55.0 56.0 57.0 58.0 59.0 60.0 61.0 62.0 63.0 64.0 63.0 62.0 61.0 60.0 59.0 58.0 57.0 56.0 55.0 54.0 53.0 52.0 51.0 50.0 49.0 48.0 47.0 46.0 45.0 44.0 43.0 42.0 41.0 40.0 39.0 38.0 37.0 36.0 35.0 34.0 33.0 32.0 31.0 30.0 29.0 28.0 27.0 26.0 25.0 24.0 23.0 22.0 21.0 20.0 19.0 18.0 17.0 16.0 15.0 14.0 13.0 12.0 11.0 10.0 9.0 8.0 7.0 6.0 5.0 4.0 3.0 2.0 1.0 0.0 1.0 2.0 3.0 4.0 5.0 6.0 7.0 8.0 9.0 10.0 11.0 12.0 13.0 14.0 15.0 16.0 17.0 18.0 19.0 20.0 21.0 22.0 23.0 24.0 25.0 26.0 27.0 28.0 29.0 30.0 31.0 32.0 33.0 34.0 35.0 36.0 37.0 38.0 39.0 40.0 41.0 42.0 43.0 44.0 
44.0 45.0 46.0 47.0 48.0 49.0 50.0 51.0 52.0 53.0 54.0 55.0 56.0 57.0 58.0 59.0 60.0 61.0 62.0 63.0 64.0 63.0 62.0 61.0 60.0 59.0 58.0 57.0 56.0 55.0 54.0 53.0 52.0 51.0 50.0 49.0 48.0 47.0 46.0 45.0 44.0 43.0 42.0 41.0 40.0 39.0 38.0 37.0 36.0 35.0 34.0 33.0 32.0 31.0 30.0 29.0 28.0 27.0 26.0 25.0 24.0 23.0 22.0 21.0 20.0 19.0 18.0 17.0 16.0 15.0 14.0 13.0 12.0 11.0 10.0 9.0 8.0 7.0 6.0 5.0 4.0 3.0 2.0 1.0 0.0 1.0 2.0 3.0 4.0 5.0 6.0 7.0 8.0 9.0 10.0 11.0 12.0 13.0 14.0 15.0 16.0 17.0 18.0 19.0 20.0 21.0 22.0 23.0 24.0 25.0 26.0 27.0 28.0 29.0 30.0 31.0 32.0 33.0 34.0 35.0 36.0 37.0 38.0 39.0 40.0 41.0 42.0 43.0 
43.0 44.0 45.0 46.0 47.0 48.0 49.0 50.0 51.0 52.0 53.0 54.0 55.0 56.0 57.0 58.0 59.0 60.0 61.0 62.0 63.0 64.0 63.0 62.0 61.0 60.0 59.0 58.0 57.0 56.0 55.0 54.0 53.0 52.0 51.0 50.0 49.0 48.0 47.0 46.0 45.0 44.0 43.0 42.0 41.0 40.0 39.0 38.0 37.0 36.0 35.0 34.0 33.0 32.0 31.0 30.0 29.0 28.0 27.0 26.0 25.0 24.0 23.0 22.0 21.0 20.0 19.0 18.0 17.0 16.0 15.0 14.0 13.0 12.0 11.0 10.0 9.0 8.0 7.0 6.0 5.0 4.0 3.0 2.0 1.0 0.0 1.0 2.0 3.0 4.0 5.0 6.0 7.0 8.0 9.0 10.0 11.0 12.0 13.0 14.0 15.0 16.0 17.0 18.0 19.0 20.0 21.0 22.0 23.0 24.0 25.0 26.0 27.0 28.0 29.0 30.0 31.0 32.0 33.0 34.0 35.0 36.0 37.0 38.0 39.0 40.0 41.0 42.0 
42.0 43.0 44.0 45.0 46.0 47.0 48.0 49.0 50.0 51.0 52.0 53.0 54.0 55.0 56.0 57.0 58.0 59.0 60.0 61.0 62.0 63.0 64.0 63.0 62.0 61.0 60.0 59.0 58.0 57.0 56.0 55.0 54.0 53.0 52.0 51.0 50.0 49.0 48.0 47.0 46.0 45.0 44.0 43.0 42.0 41.0 40.0 39.0 38.0 37.0 36.0 35.0 34.0 33.0 32.0 31.0 30.0 29.0 28.0 27.0 26.0 25.0 24.0 23.0 22.0 21.0 20.0 19.0 18.0 17.0 16.0 15.0 14.0 13.0 12.0 11.0 10.0 9.0 8.0 7.0 6.0 5.0 4.0 3.0 2.0 1.0 0.0 1.0 2.0 3.0 4.0 5.0 6.0 7.0 8.0 9.0 10.0 11.0 12.0 13.0 14.0 15.0 16.0 17.0 18.0 19.0 20.0 21.0 22.0 23.0 24.0 25.0 26.0 27.0 28.0 29.0 30.0 31.0 32.0 33.0 34.0 35.0 36.0 37.0 38.0 39.0 40.0 41.0 
41.0 42.0 43.0 44.0 45.0 46.0 47.0 48.0 49.0 50.0 51.0 52.0 53.0 54.0 55.0 56.0 57.0 58.0 59.0 60.0 61.0 62.0 63.0 64.0 63.0 62.0 61.0 60.0 59.0 58.0 57.0 56.0 55.0 54.0 53.0 52.0 51.0 50.0 49.0 48.0 47.0 46.0 45.0 44.0 43.0 42.0 41.0 40.0 39.0 38.0 37.0 36.0 35.0 34.0 33.0 32.0 31.0 30.0 29.0 28.0 27.0 26.0 25.0 24.0 23.0 22.0 21.0 20.0 19.0 18.0 17.0 16.0 15.0 14.0 13.0 12.0 11.0 10.0 9.0 8.0 7.0 6.0 5.0 4.0 3.0 2.0 1.0 0.0 1.0 2.0 3.0 4.0 5.0 6.0 7.0 8.0 9.0 10.0 11.0 12.0 13.0 14.0 15.0 16.0 17.0 18.0 19.0 20.0 21.0 22.0 23.0 24.0 25.0 26.0 27.0 28.0 29.0 30.0 31.0 32.0 33.0 34.0 35.0 36.0 37.0 38.0 39.0 40.0 
40.0 41.0 42.0 43.0 44.0 45.0 46.0 47.0 48.0 49.0 50.0 51.0 52.0 53.0 54.0 55.0 56.0 57.0 58.0 59.0 60.0 61.0 62.0 63.0 64.0 63.0 62.0 61.0 60.0 59.0 58.0 57.0 56.0 55.0 54.0 53.0 52.0 51.0 50.0 49.0 48.0 47.0 46.0 45.0 44.0 43.0 42.0 41.0 40.0 39.0 38.0 37.0 36.0 35.0 34.0 33.0 32.0 31.0 30.0 29.0 28.0 27.0 26.0 25.0 24.0 23.0 22.0 21.0 20.0 19.0 18.0 17.0 16.0 15.0 14.0 13.0 12.0 11.0 10.0 9.0 8.0 7.0 6.0 5.0 4.0 3.0 2.0 1.0 0.0 1.0 2.0 3.0 4.0 5.0 6.0 7.0 8.0 9.0 10.0 11.0 12.0 13.0 14.0 15.0 16.0 17.0 18.0 19.0 20.0 21.0 22.0 23.0 24.0 25.0 26.0 27.0 28.0 29.0 30.0 31.0 32.0 33.0 34.0 35.0 36.0 37.0 38.0 39.0 
39.0 40.0 41.0 42.0 43.0 44.0 45.0 46.0 47.0 48.0 49.0 50.0 51.0 52.0 53.0 54.0 55.0 56.0 57.0 58.0 59.0 60.0 61.0 62.0 63.0 64.0 63.0 62.0 61.0 60.0 59.0 58.0 57.0 56.0 55.0 54.0 53.0 52.0 51.0 50.0 49.0 48.0 47.0 46.0 45.0 44.0 43.0 42.0 41.0 40.0 39.0 38.0 37.0 36.0 35.0 34.0 33.0 32.0 31.0 30.0 29.0 28.0 27.0 26.0 25.0 24.0 23.0 22.0 21.0 20.0 19.0 18.0 17.0 16.0 15.0 14.0 13.0 12.0 11.0 10.0 9.0 8.0 7.0 6.0 5.0 4.0 3.0 2.0 1.0 0.0 1.0 2.0 3.0 4.0 5.0 6.0 7.0 8.0 9.0 10.0 11.0 12.0 13.0 14.0 15.0 16.0 17.0 18.0 19.0 20.0 21.0 22.0 23.0 24.0 25.0 26.0 27.0 28.0 29.0 30.0 31.0 32.0 33.0 34.0 35.0 36.0 37.0 38.0 
38.0 39.0 40.0 41.0 42.0 43.0 44.0 45.0 46.0 47.0 48.0 49.0 50.0 51.0 52.0 53.0 54.0 55.0 56.0 57.0 58.0 59.0 60.0 61.0 62.0 63.0 64.0 63.0 62.0 61.0 60.0 59.0 58.0 57.0 56.0 55.0 54.0 53.0 52.0 51.0 50.0 49.0 48.0 47.0 46.0 45.0 44.0 43.0 42.0 41.0 40.0 39.0 38.0 37.0 36.0 35.0 34.0 33.0 32.0 31.0 30.0 29.0 28.0 27.0 26.0 25.0 24.0 23.0 22.0 21.0 20.0 19.0 18.0 17.0 16.0 15.0 14.0 13.0 12.0 11.0 10.0 9.0 8.0 7.0 6.0 5.0 4.0 3.0 2.0 1.0 0.0 1.0 2.0 3.0 4.0 5.0 6.0 7.0 8.0 9.0 10.0 11.0 12.0 13.0 14.0 15.0 16.0 17.0 18.0 19.0 20.0 21.0 22.0 23.0 24.0 25.0 26.0 27.0 28.0 29.0 30.0 31.0 32.0 33.0 34.0 35.0 36.0 37.0 
37.0 38.0 39.0 40.0 41.0 42.0 43.0 44.0 45.0 46.0 47.0 48.0 49.0 50.0 51.0 52.0 53.0 54.0 55.0 56.0 57.0 58.0 59.0 60.0 61.0 62.0 63.0 64.0 63.0 62.0 61.0 60.0 59.0 58.0 57.0 56.0 55.0 54.0 53.0 52.0 51.0 50.0 49.0 48.0 47.0 46.0 45.0 44.0 43.0 42.0 41.0 40.0 39.0 38.0 37.0 36.0 35.0 34.0 33.0 32.0 31.0 30.0 29.0 28.0 27.0 26.0 25.0 24.0 23.0 22.0 21.0 20.0 19.0 18.0 17.0 16.0 15.0 14.0 13.0 12.0 11.0 10.0 9.0 8.0 7.0 6.0 5.0 4.0 3.0 2.0 1.0 0.0 1.0 2.0 3.0 4.0 5.0 6.0 7.0 8.0 9.0 10.0 11.0 12.0 13.0 14.0 15.0 16.0 17.0 18.0 19.0 20.0 21.0 22.0 23.0 24.0 25.0 26.0 27.0 28.0 29.0 30.0 31.0 32.0 33.0 34.0 35.0 36.0 
36.0 37.0 38.0 39.0 40.0 41.0 42.0 43.0 44.0 45.0 46.0 47.0 48.0 49.0 50.0 51.0 52.0 53.0 54.0 55.0 56.0 57.0 58.0 59.0 60.0 61.0 62.0 63.0 64.0 63.0 62.0 61.0 60.0 59.0 58.0 57.0 56.0 55.0 54.0 53.0 52.0 51.0 50.0 49.0 48.0 47.0 46.0 45.0 44.0 43.0 42.0 41.0 40.0 39.0 38.0 37.0 36.0 35.0 34.0 33.0 32.0 31.0 30.0 29.0 28.0 27.0 26.0 25.0 24.0 23.0 22.0 21.0 20.0 19.0 18.0 17.0 16.0 15.0 14.0 13.0 12.0 11.0 10.0 9.0 8.0 7.0 6.0 5.0 4.0 3.0 2.0 1.0 0.0 1.0 2.0 3.0 4.0 5.0 6.0 7.0 8.0 9.0 10.0 11.0 12.0 13.0 14.0 15.0 16.0 17.0 18.0 19.0 20.0 21.0 22.0 23.0 24.0 25.0 26.0 27.0 28.0 29.0 30.0 31.0 32.0 33.0 34.0 35.0 
35.0 36.0 37.0 38.0 39.0 40.0 41.0 42.0 43.0 44.0 45.0 46.0 47.0 48.0 49.0 50.0 51.0 52.0 53.0 54.0 55.0 56.0 57.0 58.0 59.0 60.0 61.0 62.0 63.0 64.0 63.0 62.0 61.0 60.0 59.0 58.0 57.0 56.0 55.0 54.0 53.0 52.0 51.0 50.0 49.0 48.0 47.0 46.0 45.0 44.0 43.0 42.0 41.0 40.0 39.0 38.0 37.0 36.0 35.0 34.0 33.0 32.0 31.0 30.0 29.0 28.0 27.0 26.0 25.0 24.0 23.0 22.0 21.0 20.0 19.0 18.0 17.0 16.0 15.0 14.0 13.0 12.0 11.0 10.0 9.0 8.0 7.0 6.0 5.0 4.0 3.0 2.0 1.0 0.0 1.0 2.0 3.0 4.0 5.0 6.0 7.0 8.0 9.0 10.0 11.0 12.0 13.0 14.0 15.0 16.0 17.0 18.0 19.0 20.0 21.0 22.0 23.0 24.0 25.0 26.0 27.0 28.0 29.0 30.0 31.0 32.0 33.0 34.0 
34.0 35.0 36.0 37.0 38.0 39.0 40.0 41.0 42.0 43.0 44.0 45.0 46.0 47.0 48.0 49.0 50.0 51.0 52.0 53.0 54.0 55.0 56.0 57.0 58.0 59.0 60.0 61.0 62.0 63.0 64.0 63.0 62.0 61.0 60.0 59.0 58.0 57.0 56.0 55.0 54.0 53.0 52.0 51.0 50.0 49.0 48.0 47.0 46.0 45.0 44.0 43.0 42.0 41.0 40.0 39.0 38.0 37.0 36.0 35.0 34.0 33.0 32.0 31.0 30.0 29.0 28.0 27.0 26.0 25.0 24.0 23.0 22.0 21.0 20.0 19.0 18.0 17.0 16.0 15.0 14.0 13.0 12.0 11.0 10.0 9.0 8.0 7.0 6.0 5.0 4.0 3.0 2.0 1.0 0.0 1.0 2.0 3.0 4.0 5.0 6.0 7.0 8.0 9.0 10.0 11.0 12.0 13.0 14.0 15.0 16.0 17.0 18.0 19.0 20.0 21.0 22.0 23.0 24.0 25.0 26.0 27.0 28.0 29.0 30.0 31.0 32.0 33.0 
33.0 34.0 35.0 36.0 37.0 38.0 39.0 40.0 41.0 42.0 43.0 44.0 45.0 46.0 47.0 48.0 49.0 50.0 51.0 52.0 53.0 54.0 55.0 56.0 57.0 58.0 59.0 60.0 61.0 62.0 63.0 64.0 63.0 62.0 61.0 60.0 59.0 58.0 57.0 56.0 55.0 54.0 53.0 52.0 51.0 50.0 49.0 48.0 47.0 46.0 45.0 44.0 43.0 42.0 41.0 40.0 39.0 38.0 37.0 36.0 35.0 34.0 33.0 32.0 31.0 30.0 29.0 28.0 27.0 26.0 25.0 24.0 23.0 22.0 21.0 20.0 19.0 18.0 17.0 16.0 15.0 14.0 13.0 12.0 11.0 10.0 9.0 8.0 7.0 6.0 5.0 4.0 3.0 2.0 1.0 0.0 1.0 2.0 3.0 4.0 5.0 6.0 7.0 8.0 9.0 10.0 11.0 12.0 13.0 14.0 15.0 16.0 17.0 18.0 19.0 20.0 21.0 22.0 23.0 24.0 25.0 26.0 27.0 28.0 29.0 30.0 31.0 32.0 
32.0 33.0 34.0 35.0 36.0 37.0 38.0 39.0 40.0 41.0 42.0 43.0 44.0 45.0 46.0 47.0 48.0 49.0 50.0 51.0 52.0 53.0 54.0 55.0 56.0 57.0 58.0 59.0 60.0 61.0 62.0 63.0 64.0 63.0 62.0 61.0 60.0 59.0 58.0 57.0 56.0 55.0 54.0 53.0 52.0 51.0 50.0 49.0 48.0 47.0 46.0 45.0 44.0 43.0 42.0 41.0 40.0 39.0 38.0 37.0 36.0 35.0 34.0 33.0 32.0 31.0 30.0 29.0 28.0 27.0 26.0 25.0 24.0 23.0 22.0 21.0 20.0 19.0 18.0 17.0 16.0 15.0 14.0 13.0 12.0 11.0 10.0 9.0 8.0 7.0 6.0 5.0 4.0 3.0 2.0 1.0 0.0 1.0 2.0 3.0 4.0 5.0 6.0 7.0 8.0 9.0 10.0 11.0 12.0 13.0 14.0 15.0 16.0 17.0 18.0 19.0 20.0 21.0 22.0 23.0 24.0 25.0 26.0 27.0 28.0 29.0 30.0 31.0 
31.0 32.0 33.0 34.0 35.0 36.0 37.0 38.0 39.0 40.0 41.0 42.0 43.0 44.0 45.0 46.0 47.0 48.0 49.0 50.0 51.0 52.0 53.0 54.0 55.0 56.0 57.0 58.0 59.0 60.0 61.0 62.0 63.0 64.0 63.0 62.0 61.0 60.0 59.0 58.0 57.0 56.0 55.0 54.0 53.0 52.0 51.0 50.0 49.0 48.0 47.0 46.0 45.0 44.0 43.0 42.0 41.0 40.0 39.0 38.0 37.0 36.0 35.0 34.0 33.0 32.0 31.0 30.0 29.0 28.0 27.0 26.0 25.0 24.0 23.0 22.0 21.0 20.0 19.0 18.0 17.0 16.0 15.0 14.0 13.0 12.0 11.0 10.0 9.0 8.0 7.0 6.0 5.0 4.0 3.0 2.0 1.0 0.0 1.0 2.0 3.0 4.0 5.0 6.0 7.0 8.0 9.0 10.0 11.0 12.0 13.0 14.0 15.0 16.0 17.0 18.0 19.0 20.0 21.0 22.0 23.0 24.0 25.0 26.0 27.0 28.0 29.0 30.0 
30.0 31.0 32.0 33.0 34.0 35.0 36.0 37.0 38.0 39.0 40.0 41.0 42.0 43.0 44.0 45.0 46.0 47.0 48.0 49.0 50.0 51.0 52.0 53.0 54.0 55.0 56.0 57.0 58.0 59.0 60.0 61.0 62.0 63.0 64.0 63.0 62.0 61.0 60.0 59.0 58.0 57.0 56.0 55.0 54.0 53.0 52.0 51.0 50.0 49.0 48.0 47.0 46.0 45.0 44.0 43.0 42.0 41.0 40.0 39.0 38.0 37.0 36.0 35.0 34.0 33.0 32.0 31.0 30.0 29.0 28.0 27.0 26.0 25.0 24.0 23.0 22.0 21.0 20.0 19.0 18.0 17.0 16.0 15.0 14.0 13.0 12.0 11.0 10.0 9.0 8.0 7.0 6.0 5.0 4.0 3.0 2.0 1.0 0.0 1.0 2.0 3.0 4.0 5.0 6.0 7.0 8.0 9.0 10.0 11.0 12.0 13.0 14.0 15.0 16.0 17.0 18.0 19.0 20.0 21.0 22.0 23.0 24.0 25.0 26.0 27.0 28.0 29.0 
29.0 30.0 31.0 32.0 33.0 34.0 35.0 36.0 37.0 38.0 39.0 40.0 41.0 42.0 43.0 44.0 45.0 46.0 47.0 48.0 49.0 50.0 51.0 52.0 53.0 54.0 55.0 56.0 57.0 58.0 59.0 60.0 61.0 62.0 63.0 64.0 63.0 62.0 61.0 60.0 59.0 58.0 57.0 56.0 55.0 54.0 53.0 52.0 51.0 50.0 49.0 48.0 47.0 46.0 45.0 44.0 43.0 42.0 41.0 40.0 39.0 38.0 37.0 36.0 35.0 34.0 33.0 32.0 31.0 30.0 29.0 28.0 27.0 26.0 25.0 24.0 23.0 22.0 21.0 20.0 19.0 18.0 17.0 16.0 15.0 14.0 13.0 12.0 11.0 10.0 9.0 8.0 7.0 6.0 5.0 4.0 3.0 2.0 1.0 0.0 1.0 2.0 3.0 4.0 5.0 6.0 7.0 8.0 9.0 10.0 11.0 12.0 13.0 14.0 15.0 16.0 17.0 18.0 19.0 20.0 21.0 22.0 23.0 24.0 25.0 26.0 27.0 28.0 
28.0 29.0 30.0 31.0 32.0 33.0 34.0 35.0 36.0 37.0 38.0 39.0 40.0 41.0 42.0 43.0 44.0 45.0 46.0 47.0 48.0 49.0 50.0 51.0 52.0 53.0 54.0 55.0 56.0 57.0 58.0 59.0 60.0 61.0 62.0 63.0 64.0 63.0 62.0 61.0 60.0 59.0 58.0 57.0 56.0 55.0 54.0 53.0 52.0 51.0 50.0 49.0 48.0 47.0 46.0 45.0 44.0 43.0 42.0 41.0 40.0 39.0 38.0 37.0 36.0 35.0 34.0 33.0 32.0 31.0 30.0 29.0 28.0 27.0 26.0 25.0 24.0 23.0 22.0 21.0 20.0 19.0 18.0 17.0 16.0 15.0 14.0 13.0 12.0 11.0 10.0 9.0 8.0 7.0 6.0 5.0 4.0 3.0 2.0 1.0 0.0 1.0 2.0 3.0 4.0 5.0 6.0 7.0 8.0 9.0 10.0 11.0 12.0 13.0 14.0 15.0 16.0 17.0 18.0 19.0 20.0 21.0 22.0 23.0 24.0 25.0 26.0 27.0 
27.0 28.0 29.0 30.0 31.0 32.0 33.0 34.0 35.0 36.0 37.0 38.0 39.0 40.0 41.0 42.0 43.0 44.0 45.0 46.0 47.0 48.0 49.0 50.0 51.0 52.0 53.0 54.0 55.0 56.0 57.0 58.0 59.0 60.0 61.0 62.0 63.0 64.0 63.0 62.0 61.0 60.0 59.0 58.0 57.0 56.0 55.0 54.0 53.0 52.0 51.0 50.0 49.0 48.0 47.0 46.0 45.0 44.0 43.0 42.0 41.0 40.0 39.0 38.0 37.0 36.0 35.0 34.0 33.0 32.0 31.0 30.0 29.0 28.0 27.0 26.0 25.0 24.0 23.0 22.0 21.0 20.0 19.0 18.0 17.0 16.0 15.0 14.0 13.0 12.0 11.0 10.0 9.0 8.0 7.0 6.0 5.0 4.0 3.0 2.0 1.0 0.0 1.0 2.0 3.0 4.0 5.0 6.0 7.0 8.0 9.0 10.0 11.0 12.0 13.0 14.0 15.0 16.0 17.0 18.0 19.0 20.0 21.0 22.0 23.0 24.0 25.0 26.0 
26.0 27.0 28.0 29.0 30.0 31.0 32.0 33.0 34.0 35.0 36.0 37.0 38.0 39.0 40.0 41.0 42.0 43.0 44.0 45.0 46.0 47.0 48.0 49.0 50.0 51.0 52.0 53.0 54.0 55.0 56.0 57.0 58.0 59.0 60.0 61.0 62.0 63.0 64.0 63.0 62.0 61.0 60.0 59.0 58.0 57.0 56.0 55.0 54.0 53.0 52.0 51.0 50.0 49.0 48.0 47.0 46.0 45.0 44.0 43.0 42.0 41.0 40.0 39.0 38.0 37.0 36.0 35.0 34.0 33.0 32.0 31.0 30.0 29.0 28.0 27.0 26.0 25.0 24.0 23.0 22.0 21.0 20.0 19.0 18.0 17.0 16.0 15.0 14.0 13.0 12.0 11.0 10.0 9.0 8.0 7.0 6.0 5.0 4.0 3.0 2.0 1.0 0.0 1.0 2.0 3.0 4.0 5.0 6.0 7.0 8.0 9.0 10.0 11.0 12.0 13.0 14.0 15.0 16.0 17.0 18.0 19.0 20.0 21.0 22.0 23.0 24.0 25.0 
25.0 26.0 27.0 28.0 29.0 30.0 31.0 32.0 33.0 34.0 35.0 36.0 37.0 38.0 39.0 40.0 41.0 42.0 43.0 44.0 45.0 46.0 47.0 48.0 49.0 50.0 51.0 52.0 53.0 54.0 55.0 56.0 57.0 58.0 59.0 60.0 61.0 62.0 63.0 64.0 63.0 62.0 61.0 60.0 59.0 58.0 57.0 56.0 55.0 54.0 53.0 52.0 51.0 50.0 49.0 48.0 47.0 46.0 45.0 44.0 43.0 42.0 41.0 40.0 39.0 38.0 37.0 36.0 35.0 34.0 33.0 32.0 31.0 30.0 29.0 28.0 27.0 26.0 25.0 24.0 23.0 22.0 21.0 20.0 19.0 18.0 17.0 16.0 15.0 14.0 13.0 12.0 11.0 10.0 9.0 8.0 7.0 6.0 5.0 4.0 3.0 2.0 1.0 0.0 1.0 2.0 3.0 4.0 5.0 6.0 7.0 8.0 9.0 10.0 11.0 12.0 13.0 14.0 15.0 16.0 17.0 18.0 19.0 20.0 21.0 22.0 23.0 24.0 
24.0 25.0 26.0 27.0 28.0 29.0 30.0 31.0 32.0 33.0 34.0 35.0 36.0 37.0 38.0 39.0 40.0 41.0 42.0 43.0 44.0 45.0 46.0 47.0 48.0 49.0 50.0 51.0 52.0 53.0 54.0 55.0 56.0 57.0 58.0 59.0 60.0 61.0 62.0 63.0 64.0 63.0 62.0 61.0 60.0 59.0 58.0 57.0 56.0 55.0 54.0 53.0 52.0 51.0 50.0 49.0 48.0 47.0 46.0 45.0 44.0 43.0 42.0 41.0 40.0 39.0 38.0 37.0 36.0 35.0 34.0 33.0 32.0 31.0 30.0 29.0 28.0 27.0 26.0 25.0 24.0 23.0 22.0 21.0 20.0 19.0 18.0 17.0 16.0 15.0 14.0 13.0 12.0 11.0 10.0 9.0 8.0 7.0 6.0 5.0 4.0 3.0 2.0 1.0 0.0 1.0 2.0 3.0 4.0 5.0 6.0 7.0 8.0 9.0 10.0 11.0 12.0 13.0 14.0 15.0 16.0 17.0 18.0 19.0 20.0 21.0 22.0 23.0 
23.0 24.0 25.0 26.0 27.0 28.0 29.0 30.0 31.0 32.0 33.0 34.0 35.0 36.0 37.0 38.0 39.0 40.0 41.0 42.0 43.0 44.0 45.0 46.0 47.0 48.0 49.0 50.0 51.0 52.0 53.0 54.0 55.0 56.0 57.0 58.0 59.0 60.0 61.0 62.0 63.0 64.0 63.0 62.0 61.0 60.0 59.0 58.0 57.0 56.0 55.0 54.0 53.0 52.0 51.0 50.0 49.0 48.0 47.0 46.0 45.0 44.0 43.0 42.0 41.0 40.0 39.0 38.0 37.0 36.0 35.0 34.0 33.0 32.0 31.0 30.0 29.0 28.0 27.0 26.0 25.0 24.0 23.0 22.0 21.0 20.0 19.0 18.0 17.0 16.0 15.0 14.0 13.0 12.0 11.0 10.0 9.0 8.0 7.0 6.0 5.0 4.0 3.0 2.0 1.0 0.0 1.0 2.0 3.0 4.0 5.0 6.0 7.0 8.0 9.0 10.0 11.0 12.0 13.0 14.0 15.0 16.0 17.0 18.0 19.0 20.0 21.0 22.0 
22.0 23.0 24.0 25.0 26.0 27.0 28.0 29.0 30.0 31.0 32.0 33.0 34.0 35.0 36.0 37.0 38.0 39.0 40.0 41.0 42.0 43.0 44.0 45.0 46.0 47.0 48.0 49.0 50.0 51.0 52.0 53.0 54.0 55.0 56.0 57.0 58.0 59.0 60.0 61.0 62.0 63.0 64.0 63.0 62.0 61.0 60.0 59.0 58.0 57.0 56.0 55.0 54.0 53.0 52.0 51.0 50.0 49.0 48.0 47.0 46.0 45.0 44.0 43.0 42.0 41.0 40.0 39.0 38.0 37.0 36.0 35.0 34.0 33.0 32.0 31.0 30.0 29.0 28.0 27.0 26.0 25.0 24.0 23.0 22.0 21.0 20.0 19.0 18.0 17.0 16.0 15.0 14.0 13.0 12.0 11.0 10.0 9.0 8.0 7.0 6.0 5.0 4.0 3.0 2.0 1.0 0.0 1.0 2.0 3.0 4.0 5.0 6.0 7.0 8.0 9.0 10.0 11.0 12.0 13.0 14.0 15.0 16.0 17.0 18.0 19.0 20.0 21.0 
21.0 22.0 23.0 24.0 25.0 26.0 27.0 28.0 29.0 30.0 31.0 32.0 33.0 34.0 35.0 36.0 37.0 38.0 39.0 40.0 41.0 42.0 43.0 44.0 45.0 46.0 47.0 48.0 49.0 50.0 51.0 52.0 53.0 54.0 55.0 56.0 57.0 58.0 59.0 60.0 61.0 62.0 63.0 64.0 63.0 62.0 61.0 60.0 59.0 58.0 57.0 56.0 55.0 54.0 53.0 52.0 51.0 50.0 49.0 48.0 47.0 46.0 45.0 44.0 43.0 42.0 41.0 40.0 39.0 38.0 37.0 36.0 35.0 34.0 33.0 32.0 31.0 30.0 29.0 28.0 27.0 26.0 25.0 24.0 23.0 22.0 21.0 20.0 19.0 18.0 17.0 16.0 15.0 14.0 13.0 12.0 11.0 10.0 9.0 8.0 7.0 6.0 5.0 4.0 3.0 2.0 1.0 0.0 1.0 2.0 3.0 4.0 5.0 6.0 7.0 8.0 9.0 10.0 11.0 12.0 13.0 14.0 15.0 16.0 17.0 18.0 19.0 20.0 
20.0 21.0 22.0 23.0 24.0 25.0 26.0 27.0 28.0 29.0 30.0 31.0 32.0 33.0 34.0 35.0 36.0 37.0 38.0 39.0 40.0 41.0 42.0 43.0 44.0 45.0 46.0 47.0 48.0 49.0 50.0 51.0 52.0 53.0 54.0 55.0 56.0 57.0 58.0 59.0 60.0 61.0 62.0 63.0 64.0 63.0 62.0 61.0 60.0 59.0 58.0 57.0 56.0 55.0 54.0 53.0 52.0 51.0 50.0 49.0 48.0 47.0 46.0 45.0 44.0 43.0 42.0 41.0 40.0 39.0 38.0 37.0 36.0 35.0 34.0 33.0 32.0 31.0 30.0 29.0 28.0 27.0 26.0 25.0 24.0 23.0 22.0 21.0 20.0 19.0 18.0 17.0 16.0 15.0 14.0 13.0 12.0 11.0 10.0 9.0 8.0 7.0 6.0 5.0 4.0 3.0 2.0 1.0 0.0 1.0 2.0 3.0 4.0 5.0 6.0 7.0 8.0 9.0 10.0 11.0 12.0 13.0 14.0 15.0 16.0 17.0 18.0 19.0 
19.0 20.0 21.0 22.0 23.0 24.0 25.0 26.0 27.0 28.0 29.0 30.0 31.0 32.0 33.0 34.0 35.0 36.0 37.0 38.0 39.0 40.0 41.0 42.0 43.0 44.0 45.0 46.0 47.0 48.0 49.0 50.0 51.0 52.0 53.0 54.0 55.0 56.0 57.0 58.0 59.0 60.0 61.0 62.0 63.0 64.0 63.0 62.0 61.0 60.0 59.0 58.0 57.0 56.0 55.0 54.0 53.0 52.0 51.0 50.0 49.0 48.0 47.0 46.0 45.0 44.0 43.0 42.0 41.0 40.0 39.0 38.0 37.0 36.0 35.0 34.0 33.0 32.0 31.0 30.0 29.0 28.0 27.0 26.0 25.0 24.0 23.0 22.0 21.0 20.0 19.0 18.0 17.0 16.0 15.0 14.0 13.0 12.0 11.0 10.0 9.0 8.0 7.0 6.0 5.0 4.0 3.0 2.0 1.0 0.0 1.0 2.0 3.0 4.0 5.0 6.0 7.0 8.0 9.0 10.0 11.0 12.0 13.0 14.0 15.0 16.0 17.0 18.0 
18.0 19.0 20.0 21.0 22.0 23.0 24.0 25.0 26.0 27.0 28.0 29.0 30.0 31.0 32.0 33.0 34.0 35.0 36.0 37.0 38.0 39.0 40.0 41.0 42.0 43.0 44.0 45.0 46.0 47.0 48.0 49.0 50.0 51.0 52.0 53.0 54.0 55.0 56.0 57.0 58.0 59.0 60.0 61.0 62.0 63.0 64.0 63.0 62.0 61.0 60.0 59.0 58.0 57.0 56.0 55.0 54.0 53.0 52.0 51.0 50.0 49.0 48.0 47.0 46.0 45.0 44.0 43.0 42.0 41.0 40.0 39.0 38.0 37.0 36.0 35.0 34.0 33.0 32.0 31.0 30.0 29.0 28.0 27.0 26.0 25.0 24.0 23.0 22.0 21.0 20.0 19.0 18.0 17.0 16.0 15.0 14.0 13.0 12.0 11.0 10.0 9.0 8.0 7.0 6.0 5.0 4.0 3.0 2.0 1.0 0.0 1.0 2.0 3.0 4.0 5.0 6.0 7.0 8.0 9.0 10.0 11.0 12.0 13.0 14.0 15.0 16.0 17.0 
17.0 18.0 19.0 20.0 21.0 22.0 23.0 24.0 25.0 26.0 27.0 28.0 29.0 30.0 31.0 32.0 33.0 34.0 35.0 36.0 37.0 38.0 39.0 40.0 41.0 42.0 43.0 44.0 45.0 46.0 47.0 48.0 49.0 50.0 51.0 52.0 53.0 54.0 55.0 56.0 57.0 58.0 59.0 60.0 61.0 62.0 63.0 64.0 63.0 62.0 61.0 60.0 59.0 58.0 57.0 56.0 55.0 54.0 53.0 52.0 51.0 50.0 49.0 48.0 47.0 46.0 45.0 44.0 43.0 42.0 41.0 40.0 39.0 38.0 37.0 36.0 35.0 34.0 33.0 32.0 31.0 30.0 29.0 28.0 27.0 26.0 25.0 24.0 23.0 22.0 21.0 20.0 19.0 18.0 17.0 16.0 15.0 14.0 13.0 12.0 11.0 10.0 9.0 8.0 7.0 6.0 5.0 4.0 3.0 2.0 1.0 0.0 1.0 2.0 3.0 4.0 5.0 6.0 7.0 8.0 9.0 10.0 11.0 12.0 13.0 14.0 15.0 16.0 
16.0 17.0 18.0 19.0 20.0 21.0 22.0 23.0 24.0 25.0 26.0 27.0 28.0 29.0 30.0 31.0 32.0 33.0 34.0 35.0 36.0 37.0 38.0 39.0 40.0 41.0 42.0 43.0 44.0 45.0 46.0 47.0 48.0 49.0 50.0 51.0 52.0 53.0 54.0 55.0 56.0 57.0 58.0 59.0 60.0 61.0 62.0 63.0 64.0 63.0 62.0 61.0 60.0 59.0 58.0 57.0 56.0 55.0 54.0 53.0 52.0 51.0 50.0 49.0 48.0 47.0 46.0 45.0 44.0 43.0 42.0 41.0 40.0 39.0 38.0 37.0 36.0 35.0 34.0 33.0 32.0 31.0 30.0 29.0 28.0 27.0 26.0 25.0 24.0 23.0 22.0 21.0 20.0 19.0 18.0 17.0 16.0 15.0 14.0 13.0 12.0 11.0 10.0 9.0 8.0 7.0 6.0 5.0 4.0 3.0 2.0 1.0 0.0 1.0 2.0 3.0 4.0 5.0 6.0 7.0 8.0 9.0 10.0 11.0 12.0 13.0 14.0 15.0 
15.0 16.0 17.0 18.0 19.0 20.0 21.0 22.0 23.0 24.0 25.0 26.0 27.0 28.0 29.0 30.0 31.0 32.0 33.0 34.0 35.0 36.0 37.0 38.0 39.0 40.0 41.0 42.0 43.0 44.0 45.0 46.0 47.0 48.0 49.0 50.0 51.0 52.0 53.0 54.0 55.0 56.0 57.0 58.0 59.0 60.0 61.0 62.0 63.0 64.0 63.0 62.0 61.0 60.0 59.0 58.0 57.0 56.0 55.0 54.0 53.0 52.0 51.0 50.0 49.0 48.0 47.0 46.0 45.0 44.0 43.0 42.0 41.0 40.0 39.0 38.0 37.0 36.0 35.0 34.0 33.0 32.0 31.0 30.0 29.0 28.0 27.0 26.0 25.0 24.0 23.0 22.0 21.0 20.0 19.0 18.0 17.0 16.0 15.0 14.0 13.0 12.0 11.0 10.0 9.0 8.0 7.0 6.0 5.0 4.0 3.0 2.0 1.0 0.0 1.0 2.0 3.0 4.0 5.0 6.0 7.0 8.0 9.0 10.0 11.0 12.0 13.0 14.0 
14.0 15.0 16.0 17.0 18.0 19.0 20.0 21.0 22.0 23.0 24.0 25.0 26.0 27.0 28.0 29.0 30.0 31.0 32.0 33.0 34.0 35.0 36.0 37.0 38.0 39.0 40.0 41.0 42.0 43.0 44.0 45.0 46.0 47.0 48.0 49.0 50.0 51.0 52.0 53.0 54.0 55.0 56.0 57.0 58.0 59.0 60.0 61.0 62.0 63.0 64.0 63.0 62.0 61.0 60.0 59.0 58.0 57.0 56.0 55.0 54.0 53.0 52.0 51.0 50.0 49.0 48.0 47.0 46.0 45.0 44.0 43.0 42.0 41.0 40.0 39.0 38.0 37.0 36.0 35.0 34.0 33.0 32.0 31.0 30.0 29.0 28.0 27.0 26.0 25.0 24.0 23.0 22.0 21.0 20.0 19.0 18.0 17.0 16.0 15.0 14.0 13.0 12.0 11.0 10.0 9.0 8.0 7.0 6.0 5.0 4.0 3.0 2.0 1.0 0.0 1.0 2.0 3.0 4.0 5.0 6.0 7.0 8.0 9.0 10.0 11.0 12.0 13.0 
13.0 14.0 15.0 16.0 17.0 18.0 19.0 20.0 21.0 22.0 23.0 24.0 25.0 26.0 27.0 28.0 29.0 30.0 31.0 32.0 33.0 34.0 35.0 36.0 37.0 38.0 39.0 40.0 41.0 42.0 43.0 44.0 45.0 46.0 47.0 48.0 49.0 50.0 51.0 52.0 53.0 54.0 55.0 56.0 57.0 58.0 59.0 60.0 61.0 62.0 63.0 64.0 63.0 62.0 61.0 60.0 59.0 58.0 57.0 56.0 55.0 54.0 53.0 52.0 51.0 50.0 49.0 48.0 47.0 46.0 45.0 44.0 43.0 42.0 41.0 40.0 39.0 38.0 37.0 36.0 35.0 34.0 33.0 32.0 31.0 30.0 29.0 28.0 27.0 26.0 25.0 24.0 23.0 22.0 21.0 20.0 19.0 18.0 17.0 16.0 15.0 14.0 13.0 12.0 11.0 10.0 9.0 8.0 7.0 6.0 5.0 4.0 3.0 2.0 1.0 0.0 1.0 2.0 3.0 4.0 5.0 6.0 7.0 8.0 9.0 10.0 11.0 12.0 
12.0 13.0 14.0 15.0 16.0 17.0 18.0 19.0 20.0 21.0 22.0 23.0 24.0 25.0 26.0 27.0 28.0 29.0 30.0 31.0 32.0 33.0 34.0 35.0 36.0 37.0 38.0 39.0 40.0 41.0 42.0 43.0 44.0 45.0 46.0 47.0 48.0 49.0 50.0 51.0 52.0 53.0 54.0 55.0 56.0 57.0 58.0 59.0 60.0 61.0 62.0 63.0 64.0 63.0 62.0 61.0 60.0 59.0 58.0 57.0 56.0 55.0 54.0 53.0 52.0 51.0 50.0 49.0 48.0 47.0 46.0 45.0 44.0 43.0 42.0 41.0 40.0 39.0 38.0 37.0 36.0 35.0 34.0 33.0 32.0 31.0 30.0 29.0 28.0 27.0 26.0 25.0 24.0 23.0 22.0 21.0 20.0 19.0 18.0 17.0 16.0 15.0 14.0 13.0 12.0 11.0 10.0 9.0 8.0 7.0 6.0 5.0 4.0 3.0 2.0 1.0 0.0 1.0 2.0 3.0 4.0 5.0 6.0 7.0 8.0 9.0 10.0 11.0 
11.0 12.0 13.0 14.0 15.0 16.0 17.0 18.0 19.0 20.0 21.0 22.0 23.0 24.0 25.0 26.0 27.0 28.0 29.0 30.0 31.0 32.0 33.0 34.0 35.0 36.0 37.0 38.0 39.0 40.0 41.0 42.0 43.0 44.0 45.0 46.0 47.0 48.0 49.0 50.0 51.0 52.0 53.0 54.0 55.0 56.0 57.0 58.0 59.0 60.0 61.0 62.0 63.0 64.0 63.0 62.0 61.0 60.0 59.0 58.0 57.0 56.0 55.0 54.0 53.0 52.0 51.0 50.0 49.0 48.0 47.0 46.0 45.0 44.0 43.0 42.0 41.0 40.0 39.0 38.0 37.0 36.0 35.0 34.0 33.0 32.0 31.0 30.0 29.0 28.0 27.0 26.0 25.0 24.0 23.0 22.0 21.0 20.0 19.0 18.0 17.0 16.0 15.0 14.0 13.0 12.0 11.0 10.0 9.0 8.0 7.0 6.0 5.0 4.0 3.0 2.0 1.0 0.0 1.0 2.0 3.0 4.0 5.0 6.0 7.0 8.0 9.0 10.0 
10.0 11.0 12.0 13.0 14.0 15.0 16.0 17.0 18.0 19.0 20.0 21.0 22.0 23.0 24.0 25.0 26.0 27.0 28.0 29.0 30.0 31.0 32.0 33.0 34.0 35.0 36.0 37.0 38.0 39.0 40.0 41.0 42.0 43.0 44.0 45.0 46.0 47.0 48.0 49.0 50.0 51.0 52.0 53.0 54.0 55.0 56.0 57.0 58.0 59.0 60.0 61.0 62.0 63.0 64.0 63.0 62.0 61.0 60.0 59.0 58.0 57.0 56.0 55.0 54.0 53.0 52.0 51.0 50.0 49.0 48.0 47.0 46.0 45.0 44.0 43.0 42.0 41.0 40.0 39.0 38.0 37.0 36.0 35.0 34.0 33.0 32.0 31.0 30.0 29.0 28.0 27.0 26.0 25.0 24.0 23.0 22.0 21.0 20.0 19.0 18.0 17.0 16.0 15.0 14.0 13.0 12.0 11.0 10.0 9.0 8.0 7.0 6.0 5.0 4.0 3.0 2.0 1.0 0.0 1.0 2.0 3.0 4.0 5.0 6.0 7.0 8.0 9.0 
9.0 10.0 11.0 12.0 13.0 14.0 15.0 16.0 17.0 18.0 19.0 20.0 21.0 22.0 23.0 24.0 25.0 26.0 27.0 28.0 29.0 30.0 31.0 32.0 33.0 34.0 35.0 36.0 37.0 38.0 39.0 40.0 41.0 42.0 43.0 44.0 45.0 46.0 47.0 48.0 49.0 50.0 51.0 52.0 53.0 54.0 55.0 56.0 57.0 58.0 59.0 60.0 61.0 62.0 63.0 64.0 63.0 62.0 61.0 60.0 59.0 58.0 57.0 56.0 55.0 54.0 53.0 52.0 51.0 50.0 49.0 48.0 47.0 46.0 45.0 44.0 43.0 42.0 41.0 40.0 39.0 38.0 37.0 36.0 35.0 34.0 33.0 32.0 31.0 30.0 29.0 28.0 27.0 26.0 25.0 24.0 23.0 22.0 21.0 20.0 19.0 18.0 17.0 16.0 15.0 14.0 13.0 12.0 11.0 10.0 9.0 8.0 7.0 6.0 5.0 4.0 3.0 2.0 1.0 0.0 1.0 2.0 3.0 4.0 5.0 6.0 7.0 8.0 
8.0 9.0 10.0 11.0 12.0 13.0 14.0 15.0 16.0 17.0 18.0 19.0 20.0 21.0 22.0 23.0 24.0 25.0 26.0 27.0 28.0 29.0 30.0 31.0 32.0 33.0 34.0 35.0 36.0 37.0 38.0 39.0 40.0 41.0 42.0 43.0 44.0 45.0 46.0 47.0 48.0 49.0 50.0 51.0 52.0 53.0 54.0 55.0 56.0 57.0 58.0 59.0 60.0 61.0 62.0 63.0 64.0 63.0 62.0 61.0 60.0 59.0 58.0 57.0 56.0 55.0 54.0 53.0 52.0 51.0 50.0 49.0 48.0 47.0 46.0 45.0 44.0 43.0 42.0 41.0 40.0 39.0 38.0 37.0 36.0 35.0 34.0 33.0 32.0 31.0 30.0 29.0 28.0 27.0 26.0 25.0 24.0 23.0 22.0 21.0 20.0 19.0 18.0 17.0 16.0 15.0 14.0 13.0 12.0 11.0 10.0 9.0 8.0 7.0 6.0 5.0 4.0 3.0 2.0 1.0 0.0 1.0 2.0 3.0 4.0 5.0 6.0 7.0 
7.0 8.0 9.0 10.0 11.0 12.0 13.0 14.0 15.0 16.0 17.0 18.0 19.0 20.0 21.0 22.0 23.0 24.0 25.0 26.0 27.0 28.0 29.0 30.0 31.0 32.0 33.0 34.0 35.0 36.0 37.0 38.0 39.0 40.0 41.0 42.0 43.0 44.0 45.0 46.0 47.0 48.0 49.0 50.0 51.0 52.0 53.0 54.0 55.0 56.0 57.0 58.0 59.0 60.0 61.0 62.0 63.0 64.0 63.0 62.0 61.0 60.0 59.0 58.0 57.0 56.0 55.0 54.0 53.0 52.0 51.0 50.0 49.0 48.0 47.0 46.0 45.0 44.0 43.0 42.0 41.0 40.0 39.0 38.0 37.0 36.0 35.0 34.0 33.0 32.0 31.0 30.0 29.0 28.0 27.0 26.0 25.0 24.0 23.0 22.0 21.0 20.0 19.0 18.0 17.0 16.0 15.0 14.0 13.0 12.0 11.0 10.0 9.0 8.0 7.0 6.0 5.0 4.0 3.0 2.0 1.0 0.0 1.0 2.0 3.0 4.0 5.0 6.0 
6.0 7.0 8.0 9.0 10.0 11.0 12.0 13.0 14.0 15.0 16.0 17.0 18.0 19.0 20.0 21.0 22.0 23.0 24.0 25.0 26.0 27.0 28.0 29.0 30.0 31.0 32.0 33.0 34.0 35.0 36.0 37.0 38.0 39.0 40.0 41.0 42.0 43.0 44.0 45.0 46.0 47.0 48.0 49.0 50.0 51.0 52.0 53.0 54.0 55.0 56.0 57.0 58.0 59.0 60.0 61.0 62.0 63.0 64.0 63.0 62.0 61.0 60.0 59.0 58.0 57.0 56.0 55.0 54.0 53.0 52.0 51.0 50.0 49.0 48.0 47.0 46.0 45.0 44.0 43.0 42.0 41.0 40.0 39.0 38.0 37.0 36.0 35.0 34.0 33.0 32.0 31.0 30.0 29.0 28.0 27.0 26.0 25.0 24.0 23.0 22.0 21.0 20.0 19.0 18.0 17.0 16.0 15.0 14.0 13.0 12.0 11.0 10.0 9.0 8.0 7.0 6.0 5.0 4.0 3.0 2.0 1.0 0.0 1.0 2.0 3.0 4.0 5.0 
5.0 6.0 7.0 8.0 9.0 10.0 11.0 12.0 13.0 14.0 15.0 16.0 17.0 18.0 19.0 20.0 21.0 22.0 23.0 24.0 25.0 26.0 27.0 28.0 29.0 30.0 31.0 32.0 33.0 34.0 35.0 36.0 37.0 38.0 39.0 40.0 41.0 42.0 43.0 44.0 45.0 46.0 47.0 48.0 49.0 50.0 51.0 52.0 53.0 54.0 55.0 56.0 57.0 58.0 59.0 60.0 61.0 62.0 63.0 64.0 63.0 62.0 61.0 60.0 59.0 58.0 57.0 56.0 55.0 54.0 53.0 52.0 51.0 50.0 49.0 48.0 47.0 46.0 45.0 44.0 43.0 42.0 41.0 40.0 39.0 38.0 37.0 36.0 35.0 34.0 33.0 32.0 31.0 30.0 29.0 28.0 27.0 26.0 25.0 24.0 23.0 22.0 21.0 20.0 19.0 18.0 17.0 16.0 15.0 14.0 13.0 12.0 11.0 10.0 9.0 8.0 7.0 6.0 5.0 4.0 3.0 2.0 1.0 0.0 1.0 2.0 3.0 4.0 
4.0 5.0 6.0 7.0 8.0 9.0 10.0 11.0 12.0 13.0 14.0 15.0 16.0 17.0 18.0 19.0 20.0 21.0 22.0 23.0 24.0 25.0 26.0 27.0 28.0 29.0 30.0 31.0 32.0 33.0 34.0 35.0 36.0 37.0 38.0 39.0 40.0 41.0 42.0 43.0 44.0 45.0 46.0 47.0 48.0 49.0 50.0 51.0 52.0 53.0 54.0 55.0 56.0 57.0 58.0 59.0 60.0 61.0 62.0 63.0 64.0 63.0 62.0 61.0 60.0 59.0 58.0 57.0 56.0 55.0 54.0 53.0 52.0 51.0 50.0 49.0 48.0 47.0 46.0 45.0 44.0 43.0 42.0 41.0 40.0 39.0 38.0 37.0 36.0 35.0 34.0 33.0 32.0 31.0 30.0 29.0 28.0 27.0 26.0 25.0 24.0 23.0 22.0 21.0 20.0 19.0 18.0 17.0 16.0 15.0 14.0 13.0 12.0 11.0 10.0 9.0 8.0 7.0 6.0 5.0 4.0 3.0 2.0 1.0 0.0 1.0 2.0 3.0 
3.0 4.0 5.0 6.0 7.0 8.0 9.0 10.0 11.0 12.0 13.0 14.0 15.0 16.0 17.0 18.0 19.0 20.0 21.0 22.0 23.0 24.0 25.0 26.0 27.0 28.0 29.0 30.0 31.0 32.0 33.0 34.0 35.0 36.0 37.0 38.0 39.0 40.0 41.0 42.0 43.0 44.0 45.0 46.0 47.0 48.0 49.0 50.0 51.0 52.0 53.0 54.0 55.0 56.0 57.0 58.0 59.0 60.0 61.0 62.0 63.0 64.0 63.0 62.0 61.0 60.0 59.0 58.0 57.0 56.0 55.0 54.0 53.0 52.0 51.0 50.0 49.0 48.0 47.0 46.0 45.0 44.0 43.0 42.0 41.0 40.0 39.0 38.0 37.0 36.0 35.0 34.0 33.0 32.0 31.0 30.0 29.0 28.0 27.0 26.0 25.0 24.0 23.0 22.0 21.0 20.0 19.0 18.0 17.0 16.0 15.0 14.0 13.0 12.0 11.0 10.0 9.0 8.0 7.0 6.0 5.0 4.0 3.0 2.0 1.0 0.0 1.0 2.0 
2.0 3.0 4.0 5.0 6.0 7.0 8.0 9.0 10.0 11.0 12.0 13.0 14.0 15.0 16.0 17.0 18.0 19.0 20.0 21.0 22.0 23.0 24.0 25.0 26.0 27.0 28.0 29.0 30.0 31.0 32.0 33.0 34.0 35.0 36.0 37.0 38.0 39.0 40.0 41.0 42.0 43.0 44.0 45.0 46.0 47.0 48.0 49.0 50.0 51.0 52.0 53.0 54.0 55.0 56.0 57.0 58.0 59.0 60.0 61.0 62.0 63.0 64.0 63.0 62.0 61.0 60.0 59.0 58.0 57.0 56.0 55.0 54.0 53.0 52.0 51.0 50.0 49.0 48.0 47.0 46.0 45.0 44.0 43.0 42.0 41.0 40.0 39.0 38.0 37.0 36.0 35.0 34.0 33.0 32.0 31.0 30.0 29.0 28.0 27.0 26.0 25.0 24.0 23.0 22.0 21.0 20.0 19.0 18.0 17.0 16.0 15.0 14.0 13.0 12.0 11.0 10.0 9.0 8.0 7.0 6.0 5.0 4.0 3.0 2.0 1.0 0.0 1.0 
1.0 2.0 3.0 4.0 5.0 6.0 7.0 8.0 9.0 10.0 11.0 12.0 13.0 14.0 15.0 16.0 17.0 18.0 19.0 20.0 21.0 22.0 23.0 24.0 25.0 26.0 27.0 28.0 29.0 30.0 31.0 32.0 33.0 34.0 35.0 36.0 37.0 38.0 39.0 40.0 41.0 42.0 43.0 44.0 45.0 46.0 47.0 48.0 49.0 50.0 51.0 52.0 53.0 54.0 55.0 56.0 57.0 58.0 59.0 60.0 61.0 62.0 63.0 64.0 63.0 62.0 61.0 60.0 59.0 58.0 57.0 56.0 55.0 54.0 53.0 52.0 51.0 50.0 49.0 48.0 47.0 46.0 45.0 44.0 43.0 42.0 41.0 40.0 39.0 38.0 37.0 36.0 35.0 34.0 33.0 32.0 31.0 30.0 29.0 28.0 27.0 26.0 25.0 24.0 23.0 22.0 21.0 20.0 19.0 18.0 17.0 16.0 15.0 14.0 13.0 12.0 11.0 10.0 9.0 8.0 7.0 6.0 5.0 4.0 3.0 2.0 1.0 0.0 