128
54 56 28 24 35 51 14 68 18 43 84 75 55 13 70 96 19 64 4 34 28 18 27 78 36 89 56 46 96 33 66 71 13 47 16 87 74 11 90 14 8 15 94 60 92 88 71 42 2 77 30 53 95 92 15 60 5 27 71 90 77 40 7 82 73 44 50 38 15 42 68 7 15 29 28 51 96 88 66 95 29 99 41 31 73 8 52 22 37 63 75 74 76 88 87 3 68 35 60 32 5 95 40 48 75 4 6 90 48 71 58 36 52 88 30 56 67 61 45 68 34 64 64 7 46 28 10 27 
35 74 4 40 27 85 25 78 22 19 96 81 90 12 99 66 36 63 96 77 52 16 51 44 40 47 38 62 99 70 32 46 18 100 1 26 88 29 49 24 79 56 94 46 17 10 69 64 81 30 43 7 74 29 25 73 18 51 22 78 42 58 13 94 48 54 13 98 94 52 52 87 4 19 96 59 24 93 83 56 4 8 6 9 6 53 43 59 3 60 44 90 73 60 7 47 79 51 23 55 2 36 53 76 33 9 21 23 74 86 43 84 56 39 39 35 19 58 75 38 98 32 81 25 55 14 82 75 
23 27 9 11 25 88 38 68 55 25 72 65 84 27 28 63 93 29 51 67 23 52 59 9 53 20 83 85 51 73 10 91 96 43 70 32 52 85 70 31 48 72 83 74 19 93 47 15 54 60 53 96 35 96 78 63 3 84 96 51 36 87 5 52 75 39 63 74 80 50 82 94 95 40 33 80 92 93 79 42 24 53 95 48 54 98 46 67 93 46 56 5 93 53 35 28 70 73 32 57 49 11 48 59 14 10 56 45 77 65 42 88 93 60 25 89 4 75 62 62 14 11 55 17 71 69 48 8 
68 7 56 28 1 71 39 63 32 57 54 53 89 56 98 73 30 52 20 51 44 31 64 8 39 66 96 86 41 71 15 9 87 90 42 1 54 78 64 78 9 98 3 79 91 75 97 44 31 60 100 1 24 67 72 27 88 63 23 36 53 64 93 13 46 17 14 37 25 16 90 32 61 59 28 3 80 24 93 90 54 18 58 92 86 82 75 86 90 61 71 29 84 75 69 11 5 94 40 69 86 5 68 6 65 47 10 5 9 3 66 83 93 41 28 66 88 84 23 28 15 40 97 85 1 57 59 60 
49 98 22 100 25 70 87 49 70 88 62 100 58 47 77 58 14 5 46 37 50 7 2 66 94 15 89 99 5 31 35 48 4 8 97 34 84 28 57 28 60 82 24 42 90 71 28 91 7 54 3 80 14 67 62 65 73 18 59 83 23 30 100 49 84 15 85 63 3 23 47 99 97 49 14 73 37 92 6 28 14 97 31 47 33 56 45 7 75 77 57 43 19 32 58 70 98 35 12 56 19 1 61 48 71 84 44 1 19 64 77 88 73 7 52 91 35 76 76 20 83 71 71 22 65 87 10 74 
61 91 95 86 74 54 61 50 1 50 9 43 57 44 38 34 41 16 36 81 22 73 68 57 60 53 30 65 15 79 88 51 9 56 31 56 3 17 32 18 99 22 1 29 47 65 100 66 14 46 80 30 61 56 75 58 38 3 40 51 75 56 64 45 85 3 35 86 97 42 69 96 8 22 66 85 47 48 2 71 49 1 53 94 17 83 67 49 44 100 68 6 79 49 52 73 53 44 52 41 60 30 8 46 10 8 81 7 79 98 80 53 81 18 97 24 4 6 61 81 99 70 45 24 92 90 23 65 
82 19 98 57 39 73 72 35 33 73 68 51 65 76 7 36 61 40 60 32 50 78 71 3 45 49 44 30 85 73 54 72 88 21 27 36 38 47 32 29 34 73 59 54 72 35 50 53 19 27 6 28 99 52 34 29 88 98 89 85 97 72 31 32 99 64 72 87 28 12 57 40 100 43 28 3 29 51 33 68 40 26 31 32 6 53 95 4 23 11 48 29 91 8 84 10 22 9 68 52 67 87 38 2 68 50 53 60 64 40 71 82 85 53 48 32 60 46 58 77 37 57 62 100 56 73 61 71 
50 84 42 8 48 51 73 81 60 98 27 28 53 79 50 96 82 72 55 32 76 6 32 69 75 48 55 66 57 50 38 98 41 90 10 29 1 52 27 24 61 48 28 69 75 76 30 39 98 57 54 38 63 31 6 78 33 79 15 21 40 64 27 90 48 9 78 85 55 55 81 96 73 54 34 12 47 98 88 26 29 73 60 49 94 50 66 93 30 5 10 4 76 70 69 29 98 10 33 39 90 48 93 37 38 95 72 23 24 44 5 61 1 48 28 63 5 84 83 46 2 42 62 90 42 92 48 20 
11 29 53 15 97 83 8 14 11 85 57 55 82 86 79 30 93 36 56 34 86 12 15 18 72 4 90 6 21 59 50 23 99 31 28 1 97 40 64 21 74 20 8 24 9 16 6 83 72 46 18 18 42 21 98 4 30 49 30 5 77 95 38 50 54 23 26 9 18 9 35 36 35 87 52 48 63 40 94 54 63 17 93 99 30 10 34 16 62 46 33 46 36 7 85 97 61 39 100 65 10 40 40 51 29 84 38 13 53 10 18 66 20 80 41 29 36 100 7 68 25 46 13 13 90 21 82 50 
21 80 34 35 24 5 14 95 82 11 65 70 13 10 22 72 37 90 21 14 69 9 9 27 36 50 53 3 52 69 5 88 55 19 13 3 19 69 21 58 23 84 92 6 47 4 32 90 80 69 37 7 53 32 28 33 49 56 11 69 55 95 2 5 44 61 87 88 89 1 47 73 11 22 4 11 57 74 67 65 2 90 56 34 22 65 55 83 99 92 39 35 57 4 48 28 44 66 8 62 5 26 78 43 85 95 12 54 63 93 56 12 100 87 95 23 99 98 33 22 84 79 46 56 13 9 36 79 
72 36 21 11 15 73 52 39 66 24 59 29 48 29 88 27 84 40 97 83 49 28 18 38 48 72 89 54 82 98 15 1 54 46 52 46 67 36 2 48 19 39 34 92 2 71 63 35 75 95 71 14 25 10 52 21 88 18 15 66 69 49 63 78 73 69 96 81 86 82 36 71 34 100 82 57 63 84 13 11 47 43 13 77 24 96 54 12 83 100 80 46 64 16 75 13 95 72 35 84 70 94 19 46 23 49 58 50 28 70 18 49 100 64 92 98 86 14 71 41 62 26 25 13 61 12 78 64 
41 39 99 40 60 2 15 88 37 12 21 81 47 63 69 21 49 78 79 93 69 46 3 77 38 51 12 10 35 57 79 27 32 32 96 85 69 30 14 81 44 76 24 80 53 13 65 80 87 44 71 28 57 13 80 20 15 58 7 56 92 4 58 23 51 40 40 62 32 35 47 98 88 29 6 78 47 91 44 67 88 16 50 98 48 41 47 9 85 31 96 96 20 30 96 99 23 23 73 14 37 58 5 54 55 83 74 97 61 86 45 89 4 18 87 14 73 1 99 50 49 100 26 30 52 62 46 36 
12 94 94 90 85 43 85 92 2 84 51 78 24 20 35 72 61 73 46 88 1 37 14 34 1 45 17 93 55 5 26 14 33 33 98 37 14 86 65 27 97 63 74 29 65 93 17 33 21 98 81 48 86 28 93 98 26 64 11 78 11 18 77 91 99 56 67 85 27 68 80 80 34 75 72 36 67 20 95 83 64 100 49 46 72 18 49 63 67 30 91 5 43 24 66 3 60 66 10 73 63 16 83 98 45 95 89 32 34 30 51 58 39 77 8 57 39 95 96 11 93 92 24 40 17 75 18 69 
7 27 68 2 1 11 69 75 81 23 29 40 4 94 24 35 86 48 96 29 86 54 54 47 81 18 50 71 2 51 34 9 60 94 87 46 34 63 39 27 63 78 99 18 71 74 29 58 33 76 48 32 8 80 66 85 2 72 71 36 65 42 38 48 51 67 16 72 13 73 62 5 70 46 12 82 65 30 93 75 59 33 24 20 2 96 62 76 53 59 18 32 89 28 3 83 97 8 94 95 30 17 75 9 54 60 20 12 19 80 96 7 58 35 100 8 8 22 71 26 71 38 48 20 24 1 91 79 
60 5 6 54 8 76 95 58 92 30 6 70 98 39 19 84 16 97 52 87 75 49 45 42 14 19 42 39 64 95 20 26 59 89 28 91 17 64 89 71 53 95 71 25 18 85 49 87 86 52 63 43 22 89 52 3 63 37 70 76 30 4 19 83 48 7 78 22 70 71 64 52 14 54 15 74 37 18 31 49 95 13 100 2 63 47 53 98 24 72 93 38 53 40 83 68 21 43 59 69 60 9 81 98 72 90 4 34 36 46 7 11 80 3 19 87 39 27 46 3 48 31 74 34 45 65 1 18 
52 55 72 25 7 63 61 84 43 84 86 77 20 79 70 97 59 10 21 67 5 76 70 26 47 75 66 92 51 68 83 4 71 11 14 82 72 87 48 22 84 40 58 53 14 53 41 89 7 33 26 2 98 18 8 22 16 61 64 51 100 47 93 86 69 20 93 23 28 59 16 74 6 64 7 81 43 54 1 20 54 58 87 32 98 4 6 73 17 38 88 39 54 93 17 32 78 24 12 15 32 70 22 71 83 15 83 77 54 15 36 89 81 17 79 85 65 67 56 71 44 90 90 71 16 57 57 48 
6 94 9 89 63 16 98 18 88 81 23 22 8 100 72 75 46 39 38 62 87 59 1 68 79 8 36 87 84 87 56 71 65 40 17 69 1 7 51 67 80 35 97 11 49 29 73 34 7 83 12 16 61 75 48 45 90 6 66 48 5 27 94 85 69 41 62 68 26 40 35 77 43 12 68 10 32 66 48 60 80 43 49 29 22 73 14 14 50 70 17 29 14 94 33 95 26 41 85 36 52 38 90 20 46 74 84 17 45 92 75 32 14 75 4 98 98 92 50 67 38 77 25 45 11 11 79 45 
93 59 94 93 33 77 3 99 73 36 75 30 13 61 16 30 58 90 43 100 58 14 93 10 8 96 35 61 53 73 50 12 98 10 96 13 86 56 56 16 94 21 45 43 79 74 53 51 82 81 55 84 59 12 48 25 3 34 31 5 17 40 99 34 71 84 44 50 95 45 18 41 30 89 83 74 11 68 60 42 72 64 78 56 70 64 54 60 91 73 39 57 58 66 78 23 10 77 16 75 76 68 75 32 67 51 37 1 98 8 100 32 29 88 3 13 50 15 28 39 96 54 81 71 84 15 34 9 
56 7 77 86 49 48 65 58 6 83 27 22 37 76 25 78 28 18 87 45 75 78 70 42 24 33 14 10 92 92 16 66 44 63 3 36 79 27 62 82 52 8 98 84 27 59 72 3 43 17 15 41 12 60 71 35 78 97 3 83 92 2 16 11 48 10 14 80 35 74 63 5 13 84 19 47 18 62 95 42 27 76 67 34 51 69 85 66 15 89 27 68 67 48 28 1 27 33 13 83 88 7 7 28 43 57 30 83 6 65 72 64 75 15 62 92 11 88 36 94 71 1 24 61 51 66 85 22 
21 1 72 74 66 40 5 16 15 13 99 12 56 29 92 21 10 65 9 49 25 6 20 93 93 6 100 98 29 49 33 25 63 92 36 68 6 69 19 43 25 40 79 77 90 38 97 42 74 58 61 43 70 56 83 46 49 6 81 32 3 88 18 70 60 96 43 23 87 3 88 71 97 30 31 76 70 6 17 62 43 66 17 8 51 56 96 30 82 39 68 17 25 35 29 37 22 10 25 75 21 72 100 98 74 3 55 37 71 86 31 59 9 57 72 11 93 65 37 3 54 37 14 59 98 3 16 24 
41 84 65 86 4 61 51 41 50 39 24 37 91 25 23 11 79 72 76 71 14 37 36 57 96 49 14 5 6 41 43 69 57 26 90 71 85 16 85 40 51 54 25 9 99 48 92 39 7 52 83 99 99 7 19 25 54 28 90 90 43 43 41 37 85 37 38 84 37 88 64 3 41 89 73 24 75 31 29 89 41 58 11 92 99 9 27 46 39 73 45 60 83 83 13 79 46 10 88 4 90 7 78 3 89 60 59 83 53 92 95 87 79 77 15 67 41 16 1 53 43 60 80 7 55 1 22 87 
73 23 2 14 60 44 20 15 17 12 4 46 25 78 23 14 87 33 41 46 8 67 37 82 83 5 17 67 2 27 47 20 93 46 16 87 67 27 26 53 49 26 51 59 94 52 60 85 6 9 51 40 75 56 60 10 40 38 90 23 56 31 53 16 78 91 69 25 5 14 33 61 76 21 72 11 11 35 42 13 16 62 13 63 56 15 62 28 3 43 96 40 26 74 54 80 56 44 61 72 76 25 41 11 47 88 87 67 6 91 56 32 39 76 12 63 35 69 64 63 99 59 63 3 50 44 88 17 
5 19 36 21 49 36 53 23 52 39 5 68 38 21 32 46 49 30 47 46 48 83 36 20 10 56 27 77 69 16 91 25 37 79 52 49 79 62 55 62 84 82 64 45 68 98 37 57 90 66 97 39 44 95 69 67 48 7 14 41 84 24 78 19 34 73 22 98 66 57 85 59 88 90 82 90 91 82 60 50 22 72 4 56 6 80 76 31 97 95 14 57 38 91 86 78 62 46 60 55 65 98 77 88 2 75 80 34 26 64 26 5 36 9 56 67 15 37 62 98 75 78 48 60 100 58 68 16 
21 7 86 35 63 76 71 70 39 7 97 30 92 56 88 26 22 68 15 84 2 21 5 50 4 64 96 59 46 50 36 16 98 94 48 62 82 89 37 11 48 96 68 68 97 8 93 28 88 97 63 75 9 17 88 18 99 35 79 98 2 38 55 35 30 5 17 2 85 35 1 68 85 54 2 92 84 5 97 9 74 65 55 62 87 49 30 17 100 97 88 5 34 53 37 39 27 83 12 92 17 74 8 74 24 3 93 23 3 38 20 5 82 26 40 25 85 61 55 52 37 63 10 90 43 24 64 95 
89 67 46 64 21 45 12 96 67 33 14 53 16 18 75 74 35 67 61 90 94 77 68 94 69 53 43 88 72 25 78 52 41 91 74 74 63 15 22 39 78 28 33 85 55 14 2 24 77 68 6 5 67 55 83 28 60 72 39 22 23 49 48 94 10 88 51 82 61 46 10 29 28 61 73 52 55 32 5 32 63 21 73 47 90 40 8 45 45 96 1 40 79 43 34 40 51 7 54 29 88 77 51 97 41 77 85 14 11 59 12 41 38 6 80 28 38 19 84 60 85 8 56 24 26 76 66 37 
47 17 83 81 37 49 71 29 27 87 14 10 2 46 32 67 70 73 21 75 23 77 55 68 55 46 9 27 45 13 55 80 88 81 6 45 83 76 71 17 11 88 14 59 91 43 31 38 72 6 78 22 79 12 25 27 13 56 79 10 57 17 92 45 70 32 23 47 60 98 14 32 55 100 78 42 88 26 15 93 12 59 63 14 88 32 82 66 33 48 53 46 9 42 25 6 20 10 45 62 78 40 16 31 87 43 80 58 67 54 33 91 1 41 65 6 82 15 75 35 13 7 15 95 35 55 20 85 
69 95 81 90 100 92 60 98 66 28 54 96 75 72 53 75 57 74 61 53 25 5 27 86 45 15 34 3 38 32 26 7 17 49 50 93 15 80 93 70 57 78 75 83 19 39 96 68 38 62 47 96 71 52 28 79 9 53 82 78 77 41 98 43 71 31 100 41 100 46 58 47 52 73 78 98 11 46 91 73 89 100 50 39 3 2 45 74 4 45 37 45 14 83 63 50 34 58 23 63 85 66 93 56 55 55 27 52 28 56 61 17 11 61 51 55 23 27 67 84 34 48 8 10 35 65 44 48 
75 59 20 79 95 38 62 39 26 86 85 83 40 18 17 45 71 72 94 7 10 38 92 80 83 32 6 26 40 65 12 69 94 2 10 12 100 79 18 63 100 10 73 55 27 19 19 6 34 77 45 61 96 58 33 89 1 61 68 79 6 60 86 26 91 5 59 76 97 94 87 38 54 74 1 28 98 42 61 97 25 89 2 55 7 46 48 46 34 34 44 81 11 90 14 19 16 65 35 5 80 47 50 69 8 91 60 26 63 80 82 67 94 35 97 95 4 64 12 41 32 43 14 12 72 51 76 72 
13 66 79 23 45 89 31 50 23 96 2 68 41 41 14 35 34 54 11 73 54 20 49 7 68 16 20 25 74 21 67 95 78 2 10 30 56 10 37 19 34 17 5 91 40 82 48 21 56 16 70 52 92 66 90 27 37 36 5 13 54 85 39 62 100 95 8 100 36 61 69 28 43 2 38 88 86 85 12 38 81 26 43 64 52 8 4 7 14 30 42 76 33 57 97 89 28 3 55 98 90 28 8 44 17 29 56 34 8 92 63 8 93 81 89 54 43 78 55 54 3 72 17 100 52 66 55 53 
3 39 78 86 77 76 83 9 6 35 24 35 9 65 46 2 67 3 98 32 95 42 60 16 31 70 14 61 27 95 67 53 33 19 62 6 81 35 33 24 7 3 98 68 87 54 6 84 89 3 53 13 38 3 68 4 38 38 35 61 51 12 58 82 35 32 13 76 23 30 9 25 54 53 70 29 51 69 18 15 34 1 26 90 78 45 68 43 18 51 96 9 31 26 5 47 75 73 19 65 35 16 78 33 33 53 15 58 97 40 50 41 60 99 71 55 32 60 20 33 54 25 95 93 63 57 69 89 
85 94 13 47 18 35 90 38 16 11 94 93 95 51 32 44 40 97 8 80 75 87 44 20 11 83 81 60 73 86 2 62 11 23 26 28 51 40 37 71 3 21 92 88 10 35 89 98 36 50 74 42 47 2 45 33 72 95 66 36 37 49 67 30 80 26 26 1 28 41 55 14 87 55 31 25 66 57 17 29 63 10 81 95 32 28 24 94 50 10 24 17 83 9 24 45 21 36 90 92 68 47 45 48 23 91 29 51 58 30 87 19 75 50 44 12 35 43 4 100 42 4 15 3 78 69 90 51 
8 34 8 28 43 54 95 56 11 80 61 47 70 84 31 23 57 8 14 39 81 27 86 49 97 26 36 68 8 65 100 65 21 36 35 70 30 6 71 40 81 26 25 67 22 9 35 13 12 35 19 80 45 99 35 80 28 79 76 83 91 23 41 84 11 98 15 95 73 32 25 82 38 88 58 96 25 1 82 51 77 14 79 58 60 13 21 14 65 75 66 38 40 29 85 67 33 14 74 29 99 81 32 10 30 75 57 69 21 46 34 95 87 17 59 52 79 17 99 8 3 61 63 83 77 47 25 39 
95 49 2 17 51 78 85 10 61 68 92 44 54 69 63 17 70 22 84 93 17 76 42 1 79 27 91 20 27 2 53 50 32 27 74 75 99 51 97 10 55 55 49 74 9 80 16 77 44 57 26 84 91 52 17 20 96 21 74 85 63 72 1 67 92 63 26 40 6 92 33 1 55 39 64 23 40 40 30 30 84 60 99 27 58 93 53 88 43 12 10 42 70 94 23 75 10 5 78 6 42 10 61 90 70 98 17 52 95 28 78 5 2 74 36 10 17 80 28 62 7 61 85 73 9 98 45 1 
77 81 14 63 50 28 25 42 59 10 99 29 16 59 10 26 93 37 98 95 27 94 66 80 42 8 94 31 57 59 34 92 100 90 92 66 92 28 43 30 46 71 43 42 12 84 32 44 94 90 80 82 7 19 7 51 4 81 33 68 16 70 41 84 31 69 42 6 90 73 64 35 77 68 42 17 68 96 29 58 23 85 63 21 95 33 33 67 89 23 60 14 37 92 36 59 97 71 69 51 15 6 57 88 16 91 80 48 50 75 19 80 90 69 13 58 69 52 17 63 17 41 41 61 16 16 41 40 
37 58 61 22 48 20 60 25 19 93 93 44 91 48 54 20 45 97 89 62 71 3 48 5 33 41 97 97 70 27 62 62 36 32 54 4 94 67 37 9 100 40 72 4 19 30 46 37 74 30 77 91 64 55 5 84 59 94 55 65 51 70 53 52 66 52 69 90 17 70 59 77 39 94 76 20 69 98 14 70 27 9 39 43 16 46 32 100 71 14 58 86 75 54 21 34 76 61 44 87 53 84 12 16 4 75 28 56 13 9 16 71 9 97 85 50 8 3 96 39 55 22 12 26 83 6 93 1 
57 31 35 56 55 52 94 76 93 99 80 43 35 33 70 71 66 6 43 26 99 63 72 17 81 29 41 6 86 100 73 47 6 54 52 72 20 7 86 17 77 77 9 31 98 100 39 77 4 61 15 16 6 56 84 99 75 83 48 63 36 99 42 54 1 80 28 30 75 6 7 53 77 4 28 83 16 69 84 44 20 62 24 51 10 42 60 37 99 8 80 88 61 42 25 83 19 43 17 37 65 40 25 75 65 18 32 22 71 99 63 18 53 80 25 89 42 37 25 50 57 36 99 80 69 70 95 47 
49 75 63 60 68 24 35 73 48 87 94 76 7 49 41 42 2 67 76 17 29 66 43 45 37 98 61 72 56 2 31 47 18 6 66 97 73 57 39 80 17 44 6 4 1 50 47 49 7 25 65 98 15 36 53 31 34 27 72 65 74 76 29 78 77 81 22 36 54 95 2 79 89 25 43 69 19 8 68 17 43 23 91 80 24 3 42 90 15 6 19 99 57 22 18 73 67 67 35 24 72 28 44 37 80 19 94 51 15 24 2 4 3 22 48 73 40 92 94 1 45 14 3 51 52 71 8 20 
76 79 9 49 32 25 23 22 98 48 80 3 98 86 73 26 7 46 46 68 26 27 4 8 95 19 8 5 98 13 7 45 38 23 71 42 24 69 81 77 35 51 93 64 79 48 72 88 3 27 82 64 8 83 77 42 49 92 43 54 75 4 15 100 57 26 33 72 35 67 46 92 61 10 20 12 83 79 29 48 14 93 91 19 75 99 73 23 40 36 100 72 79 44 74 18 60 81 64 22 70 18 27 74 51 73 33 34 29 20 29 71 61 37 48 40 91 45 4 6 22 65 31 2 13 4 24 65 
65 88 67 9 5 97 23 59 29 78 19 36 19 20 98 63 21 28 66 94 14 51 26 2 23 13 11 29 32 88 4 60 89 78 37 98 84 45 14 61 70 75 45 51 88 14 79 66 29 32 47 70 23 23 65 55 31 84 84 30 34 11 83 90 47 34 28 99 13 100 35 24 70 75 60 18 87 87 66 32 23 36 53 13 66 29 81 50 54 49 99 18 42 44 45 37 81 64 3 99 12 32 50 55 57 98 99 61 22 63 6 51 27 88 81 32 5 85 78 3 14 67 91 43 87 19 26 59 
30 38 67 38 39 75 87 21 54 59 58 65 4 12 72 84 71 14 32 4 39 51 56 60 70 85 40 8 79 34 49 34 91 14 68 25 15 13 9 49 21 33 46 33 77 74 97 2 47 28 73 73 61 32 59 4 79 60 23 57 66 48 19 44 17 29 37 52 97 35 12 41 46 10 56 33 33 20 10 39 53 4 33 86 29 98 94 9 48 99 42 48 86 90 74 85 57 37 50 49 83 5 7 89 72 25 72 47 72 28 71 62 95 2 5 7 69 11 89 20 72 94 28 68 62 64 56 57 
74 42 65 85 8 34 15 42 77 24 32 57 1 3 30 45 79 89 51 98 3 44 75 93 32 11 81 45 28 25 54 64 73 20 42 36 40 53 73 43 31 83 34 12 34 45 80 54 98 36 14 14 27 90 71 14 14 36 92 89 86 68 80 27 69 45 96 77 91 31 52 11 68 59 67 45 47 64 27 35 8 35 9 76 29 33 26 81 34 94 90 6 69 38 78 22 13 10 56 29 77 40 79 29 89 63 5 45 53 43 71 39 12 86 96 36 17 61 31 29 37 86 26 95 75 80 98 2 
88 62 37 62 94 95 25 55 88 61 94 48 22 82 3 80 77 17 11 88 56 51 10 72 60 42 98 5 60 46 100 48 33 86 39 61 14 9 11 46 46 90 9 10 42 66 35 75 24 49 3 43 24 7 98 27 25 90 56 31 12 54 31 22 58 64 77 40 37 23 39 3 90 66 33 39 49 45 39 69 26 20 50 54 33 7 47 90 16 84 3 24 88 11 41 98 49 92 12 18 47 30 30 56 52 88 37 99 100 78 34 17 91 5 10 84 58 80 91 96 92 9 53 72 40 7 98 5 
20 44 63 23 26 54 33 3 81 75 98 69 48 71 50 59 80 74 13 100 58 70 36 80 23 41 87 27 4 53 6 99 72 30 90 57 15 21 93 4 84 29 11 3 96 46 86 47 23 50 94 90 75 35 62 8 14 92 81 55 52 57 94 65 70 68 96 100 25 30 10 85 19 85 30 80 54 68 49 22 54 9 23 39 73 56 78 86 27 78 61 39 97 14 75 2 23 63 20 73 80 44 10 3 74 78 62 58 93 71 21 9 23 71 58 64 19 36 22 60 54 58 68 67 23 20 72 8 
26 85 24 42 59 91 62 29 21 31 5 87 20 25 80 54 81 77 20 81 78 4 52 18 87 40 31 85 89 43 55 4 42 79 49 92 73 84 61 57 6 22 34 16 19 66 93 34 20 53 59 29 69 7 36 6 93 46 6 92 69 86 34 18 30 39 42 28 73 43 52 74 7 68 28 46 37 88 61 62 96 37 68 94 89 29 95 49 47 82 49 73 31 57 57 63 33 75 88 51 91 81 21 49 54 9 53 75 34 47 65 17 79 94 45 51 100 20 95 67 81 62 5 41 15 28 3 1 
4 51 66 16 44 27 49 74 31 40 93 33 18 58 39 60 10 38 52 81 35 24 92 94 78 95 68 48 86 27 82 55 74 44 43 84 75 11 35 78 53 30 78 41 67 59 72 16 64 94 69 46 58 1 98 60 80 16 81 89 42 68 42 15 69 24 12 89 89 90 62 33 97 68 13 31 79 33 2 80 6 74 47 21 86 83 62 68 49 94 52 87 36 89 30 91 21 71 47 41 24 40 39 20 70 45 36 21 11 93 64 70 18 97 20 83 2 45 50 76 31 41 65 15 66 25 3 23 
24 94 32 46 9 23 46 29 87 36 61 84 84 4 10 16 20 17 2 28 93 53 13 61 27 6 8 100 13 82 96 89 94 67 47 15 3 77 62 29 45 95 92 58 7 69 76 17 93 87 50 3 37 43 27 90 77 6 8 93 70 4 34 55 45 73 52 85 8 53 24 4 5 33 12 45 97 26 89 54 95 91 15 92 77 77 71 27 39 6 80 76 98 61 25 6 60 59 60 85 76 44 11 29 85 30 64 56 63 16 59 51 67 99 10 56 16 91 98 46 27 38 55 25 51 81 96 67 
50 93 3 65 30 27 59 20 37 42 97 1 75 6 23 42 80 36 61 39 8 72 90 51 33 10 52 28 29 25 37 53 10 1 48 54 74 27 40 49 45 52 95 9 43 31 4 64 77 15 58 40 99 13 77 25 16 63 85 65 98 81 11 56 22 27 9 43 91 81 2 64 5 81 28 81 4 79 85 1 74 80 15 51 50 40 34 6 26 71 13 85 100 37 98 25 26 34 77 45 25 42 73 42 25 48 54 28 71 20 87 81 54 3 71 17 19 63 66 20 94 64 65 48 47 80 66 28 
96 1 87 12 3 14 55 88 18 95 31 18 43 27 67 65 89 38 18 72 46 57 69 92 22 5 26 95 93 26 35 65 4 61 3 96 29 86 1 38 20 16 50 42 47 64 70 50 19 41 76 12 60 87 62 53 64 27 32 22 21 37 84 96 18 12 2 18 71 55 81 43 93 82 6 93 49 3 9 71 71 45 16 84 26 73 58 33 28 54 36 28 5 95 93 53 80 28 77 57 60 59 65 44 16 47 98 90 7 76 71 1 93 46 57 30 86 56 51 15 40 91 44 62 58 77 53 10 
24 34 91 80 96 4 17 19 35 3 51 79 63 85 49 25 85 28 85 52 90 44 50 14 11 66 69 29 98 53 3 22 48 7 15 89 63 50 58 75 65 65 30 55 23 21 37 7 89 13 41 29 64 48 9 27 95 86 81 66 90 37 73 76 55 29 47 76 6 91 99 19 51 69 28 58 34 62 76 5 76 1 22 15 36 50 48 71 64 26 74 30 38 92 59 9 38 23 53 96 74 48 75 27 43 25 81 94 84 18 42 19 91 93 99 85 24 42 73 30 20 3 85 100 71 79 45 30 
45 85 13 48 36 96 24 12 32 31 5 70 94 69 22 18 47 37 4 54 5 63 99 73 71 58 19 21 20 42 84 33 91 54 74 68 99 4 12 61 40 51 51 73 82 95 59 100 96 17 97 82 55 37 63 18 58 3 87 7 53 7 58 10 54 26 13 5 97 38 16 89 34 8 48 65 85 24 41 41 77 48 87 23 80 66 74 50 48 84 100 99 41 98 57 42 33 43 15 27 99 28 33 37 60 99 29 76 51 4 44 87 89 99 97 3 62 82 15 58 50 81 68 77 42 8 56 88 
86 59 16 61 52 48 31 27 58 93 9 49 99 4 14 93 68 87 47 58 87 95 10 84 34 23 17 47 36 12 22 35 34 58 100 54 42 38 86 92 3 37 62 56 65 76 84 16 5 17 55 36 17 86 35 80 41 22 22 9 33 46 64 62 55 14 80 34 34 71 60 98 49 56 25 77 51 25 58 38 88 11 98 85 18 34 43 96 23 93 94 43 63 89 92 100 76 26 88 29 45 22 3 29 89 82 72 54 14 27 98 94 33 51 80 34 20 15 85 77 89 7 72 47 21 4 19 88 
19 50 66 13 6 25 10 22 21 94 98 6 53 13 28 36 2 67 62 22 49 91 63 82 71 98 51 100 12 54 58 83 1 34 26 95 25 12 79 73 11 66 50 8 38 61 73 53 78 46 64 37 88 11 26 2 10 85 92 73 2 14 79 52 61 38 42 19 58 8 82 71 36 54 49 60 48 87 22 66 12 9 64 90 36 87 45 73 41 59 78 31 76 100 75 40 18 31 61 74 93 14 5 34 53 21 69 100 67 8 94 51 29 42 17 1 98 24 27 53 8 73 23 6 93 63 23 54 
47 39 86 60 94 33 99 44 43 35 69 93 86 90 46 26 40 78 41 39 42 29 71 45 89 40 78 58 32 94 3 82 24 68 46 37 37 33 15 2 21 91 73 42 80 99 63 70 88 58 89 86 34 15 36 88 93 75 16 10 41 6 12 25 22 77 37 36 2 42 12 69 39 52 80 100 57 64 76 94 71 87 38 12 21 38 80 61 26 21 89 44 89 51 73 68 39 75 34 77 79 95 47 17 37 80 35 89 24 14 52 59 71 33 27 22 33 91 51 84 10 91 30 90 92 75 32 61 
87 92 82 36 74 30 28 5 62 70 8 81 30 26 60 37 28 10 73 3 22 97 36 88 61 98 45 84 51 59 10 22 100 18 57 87 14 64 95 98 9 93 34 5 7 12 99 7 11 77 77 4 15 96 3 7 56 54 32 4 65 43 30 45 75 98 53 15 38 98 56 23 27 77 82 86 82 49 32 72 2 82 75 31 78 64 54 84 96 59 97 89 91 47 21 22 14 17 25 71 98 49 54 48 1 37 74 76 37 52 95 17 80 26 63 77 18 34 13 11 81 76 85 23 62 36 34 23 
91 45 77 70 17 16 18 53 50 41 16 26 48 9 87 67 20 19 61 52 86 74 29 86 12 22 49 56 13 23 92 88 71 80 43 58 43 7 77 97 41 82 83 36 13 89 13 80 53 85 21 58 43 84 49 36 2 44 15 2 35 29 50 4 98 37 84 22 55 6 96 58 52 41 43 52 44 82 5 44 8 65 18 60 60 40 31 34 71 26 73 15 76 77 24 13 47 83 78 42 6 14 23 86 73 2 19 74 77 81 78 54 88 39 26 23 27 74 73 16 88 90 95 80 61 98 52 54 
52 70 13 11 12 22 50 25 38 84 31 80 10 43 2 36 79 70 96 85 86 95 72 40 85 75 86 23 29 99 29 97 65 27 97 92 7 23 97 89 7 67 81 87 44 50 62 97 79 100 53 50 85 73 4 21 51 79 38 43 30 78 55 99 75 35 14 44 23 6 90 87 31 84 94 97 43 94 66 53 72 72 34 73 43 94 19 61 38 43 83 55 11 92 48 19 16 51 64 68 84 10 35 78 20 71 69 52 17 53 4 89 13 67 32 92 66 34 38 12 86 55 99 61 53 88 37 45 
88 25 6 56 61 74 97 82 86 70 75 75 14 81 77 26 88 8 11 61 40 97 16 82 45 84 9 22 38 92 33 73 24 2 62 92 11 96 68 31 67 95 17 46 8 76 63 22 13 14 28 4 93 40 33 17 95 17 86 72 25 76 43 68 29 77 72 72 9 52 59 19 20 98 79 5 11 4 77 18 38 57 32 91 52 44 19 34 24 11 4 12 83 49 47 55 98 23 63 47 52 74 31 57 67 86 84 85 17 51 31 55 42 15 68 95 56 22 22 75 75 53 7 87 69 13 8 90 
71 96 64 87 87 94 66 38 57 9 55 9 6 77 8 93 70 10 61 41 7 96 92 61 94 86 100 32 4 77 19 57 78 52 30 17 57 99 44 20 67 55 99 79 73 96 7 64 72 100 5 40 57 72 66 1 4 49 34 18 55 15 68 11 8 67 84 64 73 26 3 93 16 89 88 50 95 41 39 83 91 19 77 81 38 13 71 97 48 52 63 100 77 59 65 75 84 62 58 81 90 31 96 29 60 68 54 36 21 96 91 56 79 87 31 61 43 43 45 13 37 49 52 70 14 30 85 63 
16 23 72 41 77 97 92 46 69 67 65 76 39 20 55 31 17 55 95 87 19 40 15 21 93 11 5 11 94 59 36 39 70 43 32 89 93 32 5 87 14 40 97 45 81 93 60 68 84 31 31 48 12 72 21 92 84 43 12 27 14 46 50 39 75 35 28 1 76 16 22 100 53 73 17 89 1 50 14 80 25 64 1 69 16 9 70 99 51 17 8 58 53 14 98 9 56 42 35 22 53 38 72 51 67 31 76 51 88 90 45 29 30 16 18 1 89 28 71 2 9 10 12 81 100 72 97 52 
61 89 90 69 39 86 14 49 76 5 82 12 29 21 49 73 20 7 45 11 62 76 37 51 56 10 96 94 56 44 60 52 37 93 8 100 74 78 21 31 40 29 14 51 71 37 69 70 61 40 5 7 10 89 73 5 79 30 76 34 28 24 76 63 55 47 49 97 18 67 54 95 19 30 39 95 28 81 44 16 2 73 25 63 90 77 2 50 78 43 79 83 5 53 43 74 70 80 45 22 78 62 38 36 65 84 79 18 21 87 70 86 80 83 75 89 2 37 99 52 61 41 76 53 17 1 57 43 
65 59 79 15 20 26 30 76 16 31 84 69 71 85 60 94 13 97 49 15 86 23 72 2 19 23 11 96 27 91 10 4 82 68 70 68 40 70 38 8 94 56 18 50 40 41 55 20 90 35 90 88 28 32 9 35 33 58 5 47 40 55 95 7 72 9 20 13 45 36 81 3 100 79 66 9 63 38 58 23 16 16 63 13 80 19 56 93 33 85 62 74 37 27 90 66 26 60 43 46 49 11 61 5 29 60 92 22 13 76 3 40 27 46 68 59 59 44 70 50 48 24 9 3 58 1 15 31 
79 11 59 26 95 10 81 87 23 2 59 40 60 59 26 45 62 96 100 62 96 83 23 34 52 34 28 10 1 53 84 86 78 95 84 25 5 86 12 83 23 40 26 80 41 29 30 65 20 73 64 53 54 34 27 79 35 18 6 77 45 26 53 76 32 4 18 98 73 59 9 95 91 91 39 2 79 43 27 62 40 19 3 1 4 12 20 91 43 35 92 95 58 45 67 33 100 13 81 98 2 82 39 16 20 26 79 55 12 3 64 2 40 81 70 67 74 81 15 65 36 79 35 40 100 94 28 40 
44 82 35 72 43 9 5 72 67 4 56 61 80 21 14 92 100 100 83 37 37 39 56 87 25 90 63 28 81 30 52 53 68 17 33 2 47 74 1 63 33 42 69 60 90 26 72 73 76 9 17 28 67 68 70 81 11 46 56 62 86 97 65 77 82 40 16 81 97 22 74 100 74 65 62 93 31 89 53 13 84 89 30 57 61 20 88 43 59 77 77 23 19 8 16 75 71 62 84 94 18 14 23 21 38 75 69 26 40 79 58 42 58 45 72 30 51 85 29 36 19 84 3 53 94 30 2 2 
13 11 9 82 42 86 35 62 55 34 53 45 90 63 29 96 36 28 99 74 44 41 43 45 28 77 88 54 68 3 53 81 25 4 60 17 33 90 46 76 10 38 73 61 18 26 78 4 66 62 11 14 68 51 27 34 94 5 77 8 1 17 64 10 6 89 72 17 53 37 7 77 52 3 44 32 52 55 38 41 21 73 46 70 16 15 86 24 24 88 3 23 75 22 18 73 92 33 25 73 59 74 86 98 72 61 79 3 78 70 45 50 69 47 27 64 58 67 5 54 67 53 52 47 55 40 62 67 
68 71 95 5 77 19 72 92 25 37 14 3 33 90 9 81 19 69 90 18 58 88 29 79 37 65 97 59 6 21 22 20 65 99 80 17 52 17 27 71 75 49 92 90 25 48 46 93 96 46 21 98 57 68 76 64 31 16 48 69 26 32 68 36 34 17 91 75 23 86 32 100 82 30 69 56 12 28 72 51 23 23 75 89 91 69 12 70 64 52 82 21 95 65 95 15 95 92 11 76 49 34 33 72 4 11 77 17 93 26 87 11 44 25 64 46 100 74 100 59 60 26 43 76 12 23 62 5 
91 79 13 39 25 25 54 71 60 31 47 37 93 54 24 41 33 87 2 12 71 49 24 91 12 61 4 81 11 55 3 27 55 42 9 16 4 96 75 10 85 48 69 55 7 78 94 28 30 20 15 24 50 85 20 7 76 5 52 19 53 23 25 60 84 24 42 16 76 31 81 28 80 70 33 72 87 10 37 59 27 40 87 10 66 2 23 95 35 15 73 83 100 89 1 84 19 66 74 9 84 84 94 29 14 75 95 31 96 76 16 3 47 46 100 50 51 77 65 47 55 78 81 97 52 9 33 73 
65 47 34 35 3 16 82 23 46 47 100 74 20 59 21 23 51 16 15 42 12 62 77 15 88 51 78 44 54 34 34 44 62 95 67 51 96 47 92 67 18 90 59 87 27 10 11 50 92 55 89 31 94 57 91 74 10 53 92 40 85 39 19 27 56 2 37 1 97 65 89 59 68 81 1 78 65 39 47 80 1 55 7 6 50 98 77 70 85 21 99 71 12 85 25 33 7 47 8 23 26 30 81 54 48 56 35 75 88 26 58 29 69 9 97 30 34 89 21 37 8 22 10 62 43 21 50 9 
23 6 20 5 50 96 11 26 37 85 9 84 11 70 28 18 66 59 25 89 17 3 30 19 88 64 24 25 88 29 36 69 39 80 57 50 54 26 80 86 36 98 66 15 39 96 34 69 1 40 56 4 91 24 94 33 26 63 17 84 29 66 84 16 93 71 75 46 21 88 86 44 21 57 57 73 52 36 48 37 57 99 19 67 3 73 73 58 46 13 89 86 34 53 18 95 38 4 5 72 80 42 59 98 70 55 100 17 88 8 7 33 46 80 45 52 27 75 57 51 100 84 99 21 36 40 36 21 
49 77 50 11 99 72 20 79 60 42 74 33 95 75 5 86 58 26 53 97 43 21 76 90 18 44 72 41 97 40 59 57 96 50 88 42 11 59 28 31 30 8 36 63 90 16 56 93 93 82 18 70 4 48 28 6 75 46 87 74 97 86 90 11 19 69 72 87 95 81 42 70 6 71 67 33 55 96 49 60 48 16 80 55 61 30 64 23 19 51 84 100 66 37 70 73 22 70 6 49 47 68 33 8 21 86 79 63 24 57 48 24 95 5 17 60 98 32 95 100 19 61 59 72 51 93 100 29 
27 19 35 52 8 81 6 90 58 44 37 7 12 1 29 87 10 20 14 77 34 10 2 35 86 2 96 12 70 9 59 81 3 12 44 22 51 63 34 10 5 41 36 14 97 83 29 83 29 88 20 74 16 39 24 83 61 73 51 85 21 30 11 35 2 39 39 4 63 42 64 3 91 79 13 8 2 91 61 88 18 11 92 8 50 45 20 67 32 68 86 40 15 32 90 78 3 37 24 19 45 11 54 28 30 96 51 68 41 40 35 9 68 10 78 1 54 76 88 38 14 7 14 18 94 76 39 3 
53 29 96 38 35 81 87 5 95 92 17 5 58 12 93 63 21 77 88 87 5 38 29 80 89 91 37 79 96 91 72 21 14 77 64 34 36 9 73 96 5 58 61 5 64 32 57 17 71 30 22 5 83 57 31 80 1 97 2 41 47 59 22 25 11 30 18 61 6 99 33 100 81 74 51 87 18 16 11 30 61 41 40 66 49 31 13 75 14 41 44 31 55 8 24 60 64 10 20 66 72 14 75 67 31 27 32 66 54 49 5 90 57 38 100 86 51 74 68 55 20 54 59 11 71 63 62 86 
81 33 11 51 57 40 76 58 59 41 70 79 43 74 90 14 78 17 99 50 71 7 81 2 1 34 69 33 50 8 56 86 4 91 88 41 51 97 15 77 29 43 58 60 18 14 83 83 87 41 20 18 28 84 33 23 33 75 24 26 33 25 22 63 40 26 38 1 85 76 85 95 17 64 15 61 99 23 4 91 47 16 88 82 54 83 56 42 42 39 95 84 26 49 23 50 43 57 96 47 66 45 54 71 57 41 99 85 52 45 80 26 54 59 100 42 100 7 77 53 52 80 12 89 7 32 31 58 
48 70 88 32 24 78 78 9 80 37 18 5 24 32 64 7 12 79 12 98 14 4 62 77 57 9 7 24 57 53 14 24 34 42 22 84 98 17 59 62 56 33 24 77 51 65 34 68 17 22 1 61 22 67 16 9 72 13 46 56 7 75 74 76 12 73 65 54 70 56 72 77 2 56 55 34 56 53 65 69 31 48 25 94 30 42 5 50 97 35 58 58 77 88 32 53 12 89 5 64 19 80 3 49 65 58 73 23 61 88 33 2 34 62 65 50 19 58 82 5 60 11 4 98 79 55 20 13 
52 30 61 91 85 99 73 31 100 11 63 86 52 90 93 78 97 67 17 18 18 58 10 71 15 26 47 24 25 21 10 78 63 15 26 50 50 75 8 91 50 89 80 85 25 99 11 52 37 85 61 86 94 97 53 68 27 51 60 41 87 27 98 2 30 80 6 1 97 80 57 2 91 44 13 15 15 91 38 79 81 8 72 36 68 65 6 96 60 49 45 59 59 5 70 41 76 85 74 87 67 72 6 87 4 97 68 27 7 69 72 97 6 6 26 82 34 24 87 12 80 9 37 57 66 19 69 31 
20 14 11 63 6 33 62 25 12 71 75 60 5 93 76 35 2 43 45 63 16 68 73 76 81 59 84 21 40 61 73 76 45 90 75 74 75 72 64 69 63 83 46 21 2 17 92 64 24 30 67 37 47 93 9 90 91 90 52 39 21 15 76 58 99 6 82 78 54 19 86 43 6 55 39 6 27 89 63 61 91 81 70 11 67 6 86 70 55 58 11 85 60 56 28 85 24 3 17 6 33 76 13 10 58 56 57 2 85 59 71 5 68 16 20 89 49 57 22 24 58 74 54 78 19 28 5 30 
37 36 18 22 1 78 76 85 100 40 66 40 70 80 55 29 18 48 99 75 36 63 55 58 92 51 49 27 69 67 91 6 80 3 83 13 98 99 85 92 90 88 73 57 57 67 73 26 51 93 97 28 73 62 45 55 44 92 16 72 39 88 34 13 53 30 82 33 57 21 48 12 65 77 70 91 37 35 96 22 62 24 20 22 32 13 3 96 24 80 50 57 24 52 6 29 94 86 30 2 99 97 51 60 11 83 39 35 32 57 50 36 1 15 42 46 76 85 68 78 47 21 10 60 99 91 16 78 
4 57 28 55 8 86 70 83 13 28 29 47 86 63 73 67 40 81 93 27 60 18 12 9 30 62 92 63 15 34 33 75 72 41 37 51 56 50 34 96 80 44 17 64 47 70 42 88 32 97 60 45 19 81 43 95 85 96 53 64 5 10 98 66 61 45 29 19 86 60 51 72 62 44 15 14 36 35 83 68 86 8 47 11 41 18 68 96 67 38 76 99 79 69 15 62 12 97 86 24 60 11 59 19 69 84 96 56 10 56 68 59 46 39 78 17 12 14 42 20 52 48 73 26 6 26 54 88 
54 49 52 68 18 41 66 61 19 56 56 67 19 82 84 24 15 36 17 95 98 57 68 27 83 29 28 22 100 27 92 35 85 96 70 44 43 47 97 1 29 97 83 27 4 50 20 94 23 45 39 29 5 86 42 24 78 81 2 82 75 10 76 91 56 68 76 45 25 71 43 11 94 49 25 80 64 90 80 11 55 52 18 9 40 42 25 43 100 56 99 55 56 59 68 92 61 16 62 71 88 40 49 37 27 87 77 61 11 49 30 12 12 84 20 52 81 28 50 27 4 75 1 64 21 85 68 40 
43 5 99 33 58 62 33 91 87 79 48 61 4 80 73 10 14 90 92 42 34 53 15 1 47 82 61 57 2 60 91 25 1 68 65 64 60 46 68 66 54 40 61 33 100 57 48 76 85 9 27 49 9 25 15 63 66 15 68 44 15 9 97 26 7 26 20 47 48 78 7 59 3 92 60 9 18 51 81 25 84 94 66 8 76 52 51 48 44 68 33 34 27 98 70 23 18 82 93 13 15 41 51 44 50 6 9 60 17 66 3 20 42 5 11 19 90 89 83 67 44 3 27 19 51 82 61 72 
70 62 11 13 21 85 78 87 21 49 69 82 27 79 80 99 78 5 72 44 1 34 14 4 87 20 81 96 74 98 76 27 86 62 56 10 89 49 30 76 78 46 25 94 69 99 45 16 42 42 3 84 49 28 83 85 17 80 10 46 88 98 90 39 5 78 82 90 39 27 82 82 79 66 73 9 13 51 95 56 50 61 5 68 94 36 39 31 19 39 87 98 82 66 61 71 31 3 56 77 8 55 22 97 55 71 15 62 27 50 23 26 19 71 14 47 37 60 21 45 86 17 64 12 29 91 54 84 
82 62 44 7 71 29 83 92 51 71 94 76 53 91 69 99 18 4 66 29 83 73 14 15 20 13 4 16 32 19 49 35 36 33 61 44 42 62 58 99 66 86 17 36 85 25 99 96 66 11 74 17 64 26 11 95 62 77 72 54 71 48 15 63 27 5 81 100 98 11 74 44 41 8 98 31 2 7 31 90 39 12 53 68 59 14 98 54 5 12 71 16 90 21 7 44 80 49 6 63 21 53 37 81 43 55 78 62 53 100 31 23 40 17 54 65 8 93 76 93 94 32 44 78 51 33 21 63 
8 3 12 73 37 57 92 88 19 35 56 70 2 95 27 73 73 51 76 52 52 53 59 57 94 22 93 84 23 2 83 37 30 17 69 71 14 40 43 4 5 23 33 13 82 19 2 36 8 94 56 77 92 76 84 95 84 23 47 56 42 27 40 53 19 65 34 18 21 91 95 44 62 36 80 82 81 49 24 85 100 10 49 66 46 99 69 13 81 13 39 76 3 46 61 12 46 63 38 85 63 59 90 60 17 15 57 65 53 21 53 57 20 60 87 92 81 28 8 17 21 88 41 10 87 34 17 45 
96 13 97 71 49 61 99 25 98 66 19 60 25 91 1 77 44 78 75 78 28 75 40 6 72 61 92 57 16 83 69 93 56 50 80 6 42 98 39 72 92 27 32 71 11 86 26 93 76 74 39 65 68 85 25 96 78 80 11 100 28 74 65 80 38 32 73 52 84 33 3 98 52 5 42 17 73 15 93 66 97 59 21 15 73 69 12 33 8 6 11 52 86 27 96 44 65 26 15 95 95 85 58 56 8 1 10 79 80 92 61 44 77 67 79 53 4 10 76 4 23 87 32 61 1 70 55 69 
90 2 51 19 29 37 70 45 10 91 55 70 25 77 96 35 95 49 49 60 24 73 80 92 68 33 97 82 15 40 1 55 66 38 74 2 21 72 16 89 29 51 39 38 41 39 6 37 40 33 15 15 83 98 65 29 24 50 87 98 89 20 13 6 4 89 79 89 68 23 4 38 34 67 62 54 78 35 36 4 29 2 53 85 85 80 78 73 67 70 47 94 53 37 21 74 40 51 56 66 1 28 52 8 14 79 89 94 100 42 19 29 26 40 87 22 49 68 6 88 46 13 53 85 73 14 74 93 
3 57 54 15 17 99 50 82 12 30 45 97 9 74 32 2 6 18 73 79 91 85 30 13 73 52 52 30 45 41 6 50 69 98 9 35 35 95 22 47 3 18 27 17 77 55 93 59 17 1 76 28 79 38 8 62 43 67 9 1 26 53 76 30 37 46 40 96 31 22 12 3 78 75 77 57 53 58 97 7 32 18 76 78 85 65 56 59 64 32 28 23 92 56 78 2 3 31 76 39 44 60 17 7 43 53 16 46 44 82 34 98 64 61 72 94 93 40 9 17 98 25 97 41 36 20 49 29 
86 9 28 33 86 25 34 62 60 84 42 11 2 37 65 11 2 41 31 85 65 63 44 70 41 49 98 2 38 27 19 100 19 73 4 81 67 24 46 64 51 56 89 85 8 82 23 65 78 59 59 47 51 10 60 36 34 2 50 51 3 72 49 83 97 21 78 90 14 86 98 44 49 35 77 61 21 80 81 31 8 15 41 1 87 32 78 89 89 6 69 32 76 97 12 49 54 99 30 45 12 83 33 20 36 19 46 60 42 70 17 30 1 9 5 42 24 23 18 78 61 80 61 7 40 76 13 32 
41 37 71 34 54 18 1 3 99 94 44 50 59 22 69 14 32 8 16 49 42 50 76 52 53 33 47 55 26 55 93 19 34 1 13 15 18 15 50 29 54 91 45 57 3 8 98 3 28 24 58 52 93 19 84 16 48 22 80 93 59 29 27 71 85 75 57 43 62 9 1 51 20 95 55 69 95 97 2 71 73 71 9 84 26 74 22 72 79 80 44 43 2 91 51 64 2 28 42 66 24 35 12 31 53 8 56 92 36 38 94 6 33 68 60 22 57 30 34 12 84 62 28 52 50 5 96 84 
28 28 36 15 4 67 66 53 39 15 30 53 100 31 96 44 76 70 80 12 81 91 87 34 78 30 60 91 50 66 2 27 63 52 47 59 99 12 61 23 97 29 11 52 52 96 85 68 74 97 65 13 24 13 67 85 85 28 16 82 72 99 4 50 50 100 10 51 91 95 16 73 12 78 68 92 73 51 63 82 55 86 44 78 79 94 78 43 63 74 62 22 93 87 16 38 43 87 7 73 39 57 40 4 76 29 60 50 50 62 88 85 56 52 27 48 41 28 14 100 1 93 1 59 11 52 36 78 
82 16 76 72 57 41 78 78 61 61 49 79 29 18 35 63 19 48 3 91 19 25 95 62 3 59 91 71 62 21 92 39 37 15 1 82 4 6 82 27 25 28 16 91 31 95 44 58 9 56 54 100 65 67 18 95 8 82 82 74 84 57 32 62 25 67 97 40 1 45 12 4 21 44 36 24 79 90 19 88 14 37 61 16 3 83 96 46 85 52 76 20 50 40 35 27 30 80 25 78 1 79 71 82 29 89 79 87 79 28 13 55 20 29 27 83 22 82 6 1 25 13 96 23 91 68 3 93 
14 79 29 20 53 19 31 3 85 41 33 46 69 39 8 28 94 56 15 24 43 82 2 15 61 60 86 54 99 39 95 44 13 89 57 2 44 34 60 100 5 20 65 52 35 28 33 63 36 65 5 41 77 29 67 72 29 89 64 79 53 2 48 40 48 72 73 26 36 76 5 55 54 17 66 40 85 98 2 8 77 15 2 11 37 5 80 90 9 82 30 42 38 71 20 77 60 42 99 22 9 1 41 98 95 3 36 72 38 58 53 18 72 69 16 67 71 40 44 49 74 31 41 55 34 79 91 90 
54 48 95 76 32 31 74 74 51 74 79 46 57 54 36 2 66 25 65 24 84 83 25 2 12 10 72 41 97 54 100 58 50 90 45 18 73 63 11 61 67 42 63 74 55 47 20 7 85 85 67 90 6 8 29 36 19 24 31 87 35 7 22 12 98 42 31 47 75 87 24 79 12 71 96 29 94 12 16 51 14 99 66 84 62 75 3 67 22 77 41 80 74 36 53 93 79 64 52 24 28 84 91 93 25 99 67 69 79 76 42 84 80 66 100 48 96 5 58 53 47 21 62 93 42 100 58 84 
32 61 30 12 17 34 17 74 40 83 43 40 29 57 83 37 15 23 82 66 51 24 86 50 77 27 91 57 33 89 67 33 46 45 52 48 41 52 3 59 43 59 67 32 62 67 54 69 41 70 72 63 87 74 9 59 87 82 78 82 94 52 84 92 33 5 45 37 96 82 36 47 41 91 50 5 68 92 54 26 57 9 39 69 53 90 87 13 24 86 95 98 6 79 9 50 42 61 55 7 64 61 63 40 3 43 47 34 94 23 82 53 79 76 46 90 50 72 55 47 50 13 69 46 28 22 90 30 
7 61 52 11 46 38 49 95 30 63 1 20 46 72 63 85 100 63 38 41 69 16 48 92 79 15 61 60 28 77 81 19 29 81 45 80 55 31 3 70 87 18 64 79 8 6 86 75 77 72 59 74 59 60 68 56 4 33 89 24 66 5 32 51 98 45 23 41 50 45 100 28 13 10 4 53 26 73 82 85 41 5 82 24 56 44 85 53 71 29 58 84 28 6 97 50 13 63 100 40 90 2 14 100 79 17 7 17 2 36 53 10 94 98 94 65 86 10 23 80 24 55 62 33 3 39 41 28 
85 89 29 54 13 71 78 26 1 91 72 35 41 79 84 15 49 49 44 88 2 100 79 46 65 63 15 21 68 14 46 90 49 30 13 83 80 50 41 39 57 58 76 42 98 22 51 46 60 59 97 86 64 74 33 58 4 2 97 68 94 77 38 71 88 65 41 44 51 90 29 72 64 76 9 63 11 43 23 42 49 20 94 40 38 36 79 21 72 97 93 23 3 4 70 80 27 48 78 12 22 51 75 28 81 99 41 42 18 44 69 79 49 94 76 58 26 51 92 57 6 43 80 13 75 71 76 70 
45 57 15 20 91 64 59 22 85 88 73 74 25 22 9 91 49 33 60 94 21 59 82 46 72 87 88 41 13 76 22 5 32 100 37 99 72 93 63 3 32 84 83 46 15 44 2 100 58 100 24 92 64 59 85 46 48 55 25 85 4 100 98 91 81 9 29 53 80 10 60 100 39 92 62 4 46 85 57 70 90 79 44 92 8 43 81 1 92 33 90 68 17 6 44 11 87 80 67 68 33 35 98 38 69 96 81 1 5 3 60 28 23 90 30 72 36 82 44 49 4 74 83 25 6 41 19 10 
99 63 75 85 28 27 47 37 37 32 63 10 36 40 2 40 87 24 60 79 36 8 35 4 20 73 27 52 13 63 98 80 63 83 23 75 82 89 25 71 96 4 88 58 13 14 56 56 38 70 97 50 62 30 77 26 6 27 94 55 19 56 38 56 5 73 7 25 97 20 3 46 2 57 75 93 5 22 23 48 69 30 89 99 10 88 54 97 95 29 100 93 6 4 38 81 13 54 85 20 34 69 71 87 96 50 20 81 65 41 33 35 38 46 55 71 8 97 99 3 96 80 73 47 7 85 3 26 
30 23 66 59 76 50 99 55 66 75 96 79 25 50 99 66 36 19 67 70 95 5 57 76 9 64 33 80 38 48 56 9 12 58 34 90 89 29 79 32 56 13 70 69 12 24 21 69 34 53 8 1 99 1 42 96 2 72 2 59 5 4 31 28 26 90 7 20 44 14 35 56 76 90 61 100 73 35 5 2 28 47 34 77 58 99 32 74 41 74 69 11 61 61 34 82 79 77 86 49 43 57 40 68 100 97 67 77 26 25 58 35 29 22 73 14 81 58 44 85 49 91 61 72 57 43 91 96 
6 87 83 52 26 80 53 74 80 84 48 75 96 54 40 29 1 63 52 10 56 26 83 45 83 25 16 56 72 11 48 100 72 92 7 80 78 44 4 39 96 59 58 2 77 52 95 59 35 98 25 99 48 100 57 59 39 97 47 83 87 53 18 92 91 42 76 77 87 13 36 15 68 57 83 33 14 20 89 76 93 53 33 87 84 41 44 71 78 17 84 5 43 95 46 34 76 48 45 7 76 82 13 11 14 9 32 57 51 5 80 87 92 22 58 15 8 41 35 98 58 77 30 77 80 5 61 15 
32 88 15 22 44 75 95 43 18 96 15 74 26 6 83 93 9 76 27 52 68 3 84 90 61 31 89 98 99 71 65 76 18 76 96 91 73 15 57 75 64 26 77 23 32 44 31 19 76 30 48 1 43 55 63 16 38 93 33 100 15 18 61 80 92 85 50 71 27 58 74 65 93 1 15 48 76 7 46 2 80 80 60 71 95 48 49 11 26 28 87 71 15 83 57 79 20 82 71 12 25 80 80 33 37 70 23 22 3 48 32 69 11 97 58 14 18 82 18 63 19 89 96 92 11 34 71 79 
41 94 48 34 23 84 43 54 69 93 98 58 77 62 1 79 42 21 9 84 88 68 80 20 23 86 88 67 61 3 25 79 92 90 96 56 65 46 26 57 39 38 96 43 32 87 22 53 25 81 96 39 50 98 92 63 60 76 71 53 90 1 10 88 88 31 78 49 75 5 25 100 94 84 74 72 97 68 14 99 95 28 12 24 14 64 93 31 21 56 39 28 24 84 96 81 7 34 65 29 30 47 65 29 6 51 53 94 90 4 99 3 22 53 98 68 8 14 21 40 29 46 31 100 69 89 16 87 
69 17 63 15 67 78 71 49 47 23 42 12 39 2 7 72 78 96 100 85 82 100 37 57 37 13 82 13 44 70 12 93 89 50 61 2 34 46 99 40 37 75 54 31 6 59 87 31 17 49 86 29 73 59 96 62 33 90 37 27 96 12 96 21 13 70 43 89 37 50 72 93 77 89 99 59 32 74 88 94 39 55 17 26 65 58 47 62 74 17 35 92 67 95 47 78 30 8 63 60 9 16 23 58 88 78 13 74 30 18 95 10 13 39 19 29 42 38 1 12 89 29 23 33 30 29 63 77 
66 87 64 10 25 75 97 21 91 14 51 30 35 80 48 41 36 49 61 73 16 26 84 32 51 97 14 16 97 25 88 39 1 67 93 63 29 48 45 46 74 71 93 31 92 22 29 44 61 69 17 81 14 52 53 24 27 28 69 99 88 3 85 73 48 35 37 83 61 100 59 71 80 18 31 76 41 8 68 5 16 89 77 14 6 62 7 61 77 37 27 93 53 55 40 83 9 5 84 59 94 58 5 25 35 99 15 67 37 26 58 34 12 51 51 48 67 90 88 27 80 6 78 71 36 8 88 1 
18 12 57 6 44 97 52 52 11 65 100 74 99 20 42 85 75 22 98 32 90 64 67 11 73 71 27 74 8 12 60 86 15 16 40 4 84 32 34 71 55 49 98 42 37 20 57 67 98 22 32 19 73 29 81 70 59 47 90 42 49 5 3 49 100 82 60 39 36 78 89 36 100 65 42 63 93 58 22 74 67 64 69 74 11 47 93 27 11 88 7 88 10 70 20 98 100 48 17 72 96 36 47 75 58 15 73 16 87 37 12 23 1 100 9 92 76 42 27 1 48 53 31 10 82 1 40 78 
85 23 37 96 96 89 13 93 15 68 10 35 49 46 32 94 47 75 45 8 71 23 49 51 1 79 51 20 89 55 94 92 15 93 77 24 49 18 30 12 95 94 14 39 51 80 18 63 19 82 77 6 73 89 87 78 51 76 10 74 5 88 18 62 38 81 3 98 88 69 41 43 22 97 89 8 39 49 90 38 48 28 70 26 46 10 36 15 69 19 35 6 48 15 70 13 16 70 17 35 3 71 43 42 43 9 88 43 32 28 41 69 22 95 53 25 56 64 10 54 65 51 67 11 97 4 18 95 
57 68 47 44 59 79 64 10 53 74 94 2 41 22 64 69 87 62 16 50 22 77 59 65 72 81 94 34 96 89 57 67 40 29 17 81 62 16 83 24 22 62 7 66 41 6 59 82 71 65 6 60 89 67 5 5 97 15 27 79 41 34 85 60 80 80 59 62 75 90 100 53 33 49 19 18 3 77 64 66 72 36 74 57 44 36 69 3 79 88 43 26 66 94 11 50 94 46 26 84 5 9 96 84 3 9 91 58 31 88 42 84 42 68 83 63 99 68 39 58 41 93 26 43 84 20 98 64 
17 75 85 13 53 10 29 61 50 49 52 68 1 23 77 59 40 14 62 44 80 92 70 63 41 45 10 41 1 57 95 25 49 79 66 19 3 21 93 91 72 53 17 95 10 61 13 38 49 95 38 64 27 87 37 99 18 38 20 31 69 1 20 56 26 1 82 91 8 35 31 86 64 47 29 77 84 36 33 93 81 22 100 23 59 55 19 93 68 94 19 53 6 16 81 66 55 6 54 39 75 71 35 33 77 21 80 80 32 50 76 38 38 36 43 93 29 96 94 57 29 19 2 46 12 34 27 12 
37 25 84 76 100 97 59 86 72 28 85 25 9 96 99 84 6 78 56 74 2 73 89 59 56 82 97 10 59 65 3 2 32 64 99 85 66 92 35 94 84 31 23 96 36 88 13 91 38 21 19 23 91 51 71 54 72 13 10 11 46 17 14 10 40 44 25 2 26 80 27 76 18 38 45 60 79 84 22 32 73 12 42 31 28 87 69 12 29 61 68 52 47 26 71 46 87 26 90 7 14 33 94 45 10 87 18 50 66 94 48 58 92 74 21 8 87 83 26 5 1 57 57 46 37 67 95 68 
12 79 89 38 49 22 50 74 100 75 10 84 23 55 65 49 22 11 85 87 24 47 52 58 28 70 88 52 100 36 70 58 10 74 84 33 27 71 97 57 58 51 66 48 60 90 56 9 44 52 71 20 92 15 64 59 69 69 28 43 57 28 82 94 46 97 91 17 49 18 75 70 32 67 46 17 85 6 4 83 28 56 76 18 57 66 87 70 3 36 37 76 90 75 19 11 29 51 57 92 14 33 30 13 83 12 15 83 84 41 5 41 12 7 35 46 52 38 52 15 31 59 88 24 15 85 11 43 
85 11 100 73 100 60 72 87 8 39 81 98 8 85 17 69 16 74 46 43 79 62 20 97 16 72 39 65 85 93 99 59 30 13 7 97 30 7 72 99 11 22 34 71 82 43 96 99 9 62 87 89 4 64 30 13 89 54 72 22 83 88 5 37 36 45 59 65 37 53 11 66 3 6 23 8 21 60 33 34 48 47 79 97 32 67 96 19 11 17 52 37 41 6 11 37 21 6 24 68 98 53 90 63 51 58 45 87 41 13 35 9 85 71 100 93 39 1 27 83 88 59 69 7 31 76 82 79 
89 57 63 17 75 84 68 11 70 46 90 36 66 77 88 29 15 89 96 62 60 68 25 61 78 96 86 6 28 29 39 35 60 57 91 19 66 30 63 7 76 55 88 57 45 90 39 80 43 85 96 89 33 90 18 44 25 64 33 7 96 1 75 72 44 43 6 57 91 47 39 76 45 48 66 2 48 12 31 22 86 94 44 83 23 39 57 92 66 76 14 97 69 7 10 49 24 49 49 58 87 19 57 50 22 20 2 2 75 52 60 90 34 21 1 30 16 67 40 75 84 9 47 56 95 48 20 47 
74 67 2 99 71 96 1 4 45 91 86 97 85 17 49 22 93 61 77 52 51 26 21 90 31 68 71 66 98 7 26 22 55 30 7 48 43 80 58 6 40 21 73 11 47 7 71 61 84 69 53 48 84 84 87 83 92 34 33 57 76 15 57 76 52 64 10 69 66 13 28 23 17 97 39 37 43 9 90 64 46 72 30 64 7 55 1 47 11 36 63 53 71 99 98 88 63 25 88 36 59 50 35 89 6 29 69 5 66 37 17 66 9 60 86 65 82 9 10 36 39 96 91 5 37 88 81 59 
94 45 10 9 48 3 65 3 23 37 4 48 17 30 36 91 21 36 88 63 99 68 66 61 76 69 13 52 36 11 10 63 26 97 81 7 23 89 23 90 68 98 72 58 78 71 10 70 12 92 87 31 44 36 66 63 5 93 86 32 8 74 63 48 23 54 46 62 35 89 48 42 100 45 79 75 55 62 89 59 67 22 83 75 45 33 82 56 75 39 87 66 57 27 29 24 12 58 69 33 18 48 68 85 91 55 20 72 64 42 36 12 82 28 89 96 48 29 71 40 3 2 73 53 62 33 11 56 
99 70 47 62 60 59 57 62 36 65 80 92 21 70 16 57 2 27 51 30 63 46 51 48 70 13 45 11 74 24 33 62 16 70 60 79 22 78 46 60 91 13 66 38 16 29 73 37 52 40 4 32 91 95 85 6 95 33 61 84 94 77 2 90 88 35 76 24 62 78 60 50 21 96 69 17 28 85 45 3 1 58 60 61 47 43 39 19 8 82 8 66 52 55 18 78 70 42 37 50 18 89 4 8 32 29 40 38 42 52 67 74 49 26 57 26 16 11 78 46 97 55 6 43 23 96 47 36 
38 52 16 35 97 62 77 98 48 13 10 96 53 3 41 2 33 19 65 5 98 86 64 69 4 13 51 74 76 98 4 66 57 71 88 76 17 62 85 93 100 17 14 44 96 96 47 8 44 20 85 46 49 45 1 19 16 16 45 74 77 26 26 44 89 3 92 79 29 70 87 14 20 70 51 94 25 2 54 61 82 35 36 77 22 7 28 71 59 54 30 53 48 23 6 6 77 64 59 80 13 77 32 46 67 10 60 31 45 67 22 39 97 18 95 57 54 17 4 41 6 85 64 19 30 24 54 54 
84 61 13 21 55 74 21 60 94 69 85 37 25 65 62 95 14 49 93 52 62 3 57 90 77 39 24 7 21 39 81 47 4 76 100 14 99 29 35 56 92 49 13 21 29 81 58 83 77 37 80 72 100 83 89 72 100 9 46 58 92 45 9 91 40 85 54 96 50 67 27 98 20 17 94 38 8 2 50 72 75 77 52 26 53 26 48 45 81 30 11 92 33 28 14 71 54 11 30 38 9 20 72 53 97 63 10 47 37 44 28 95 2 41 57 84 70 39 71 36 84 89 15 74 52 64 52 89 
32 80 96 28 79 59 43 85 69 38 50 7 60 40 66 13 66 43 66 9 97 77 55 20 80 91 60 100 31 31 100 36 46 14 89 64 72 20 35 60 42 35 57 40 56 34 81 70 23 22 22 85 78 92 58 76 51 100 6 32 7 22 33 14 24 96 99 99 24 26 97 31 22 40 36 14 48 3 81 65 56 39 27 98 54 76 58 10 29 14 43 49 81 8 47 83 37 52 98 52 25 69 5 55 8 28 96 33 71 36 40 38 39 67 37 75 14 54 17 22 44 35 17 19 77 18 52 41 
23 70 49 51 73 53 46 7 56 29 92 56 76 48 58 71 99 30 28 44 39 4 29 52 66 40 40 26 21 75 38 6 85 27 50 89 62 85 1 70 30 56 100 10 54 66 20 24 91 6 65 21 62 48 30 93 83 16 19 21 11 97 56 55 81 85 79 97 38 89 75 11 48 74 82 69 5 28 95 24 56 29 63 16 52 24 72 57 25 27 77 34 99 79 13 37 100 32 14 81 81 10 33 38 30 28 24 53 19 16 77 49 91 13 19 15 76 8 91 29 20 100 96 57 47 93 20 75 
69 17 19 57 70 97 58 41 5 81 20 79 42 18 48 26 89 1 59 48 82 53 66 50 41 44 12 44 55 57 92 67 2 70 61 36 14 95 16 17 36 39 51 92 70 48 38 21 76 41 33 32 7 91 5 53 71 36 9 70 21 70 91 44 83 7 95 41 39 75 34 9 12 82 84 79 98 96 78 85 70 51 31 56 20 65 12 99 84 100 13 27 33 19 1 84 28 48 43 47 35 10 35 78 51 7 67 89 20 79 74 59 81 85 4 97 44 1 40 95 43 79 42 52 68 51 66 48 
92 32 6 31 7 89 31 75 96 92 38 6 37 61 84 30 66 93 53 79 33 99 24 31 76 86 85 95 54 89 69 46 44 41 11 94 45 5 87 10 11 8 24 32 87 98 61 42 32 66 87 36 29 19 67 65 4 15 9 49 16 66 61 7 16 80 69 47 11 85 52 16 70 65 43 49 90 91 93 47 39 49 8 46 28 74 31 61 76 9 12 12 73 32 23 3 95 14 60 79 33 30 65 89 31 95 95 68 36 13 3 90 56 10 44 49 25 50 48 15 26 8 73 11 62 95 1 18 
58 57 14 79 55 39 4 41 67 27 68 84 30 50 21 32 57 80 74 76 70 35 94 21 70 18 52 81 33 9 72 10 46 2 22 99 59 84 33 54 38 12 35 72 56 32 44 42 67 48 28 53 52 79 15 44 81 47 17 81 22 83 30 55 63 76 90 89 39 88 9 100 91 68 9 21 59 22 23 31 90 64 66 62 52 70 28 16 82 11 7 52 81 11 15 22 19 30 76 60 48 82 66 30 85 12 99 16 25 80 96 58 100 91 65 25 30 74 19 84 30 83 70 75 21 65 4 86 
51 50 59 13 72 5 96 82 52 23 69 79 21 49 39 78 73 92 13 79 47 87 32 12 82 49 8 68 99 91 32 42 92 68 66 55 68 79 91 82 8 40 2 69 63 93 44 92 25 81 70 40 77 22 49 36 16 35 43 26 94 43 42 28 48 70 51 29 97 35 49 81 67 49 77 4 30 28 66 78 75 76 94 73 4 50 43 8 21 35 24 38 85 43 45 70 54 40 23 91 20 45 74 44 67 52 97 92 78 45 12 40 85 70 94 26 43 77 72 21 11 77 91 91 44 17 44 62 
53 7 71 38 86 57 72 9 20 60 8 67 48 25 86 84 37 38 96 68 6 8 42 68 73 58 7 67 75 46 99 80 92 67 78 28 41 23 54 37 22 6 95 79 57 4 10 89 52 88 91 26 77 27 48 29 74 52 72 45 79 57 9 72 86 33 41 59 71 67 75 86 73 8 44 77 25 44 100 57 33 61 34 67 81 63 91 10 23 91 24 52 30 18 60 92 95 64 83 32 80 33 86 6 40 96 9 4 53 27 6 50 78 66 73 3 69 33 86 47 49 10 33 100 25 65 54 12 
55 13 22 92 67 18 37 98 52 19 86 36 21 96 33 100 54 40 32 3 4 33 11 42 91 5 63 97 73 46 11 84 66 11 74 87 80 31 98 72 35 99 31 15 10 81 66 63 86 31 31 82 87 34 33 53 10 66 73 91 62 26 86 18 61 9 86 25 45 6 60 35 22 52 7 87 76 94 84 15 32 59 72 57 24 25 16 61 23 2 18 47 74 54 59 33 30 83 2 38 5 74 7 58 82 53 67 95 51 26 27 96 9 27 72 60 92 19 5 23 78 53 6 16 89 94 29 49 
49 27 66 9 65 31 5 38 6 69 81 90 4 38 57 36 55 58 36 56 65 16 99 63 49 6 43 62 25 57 90 90 41 66 8 33 66 79 38 76 53 41 90 60 10 90 59 79 33 46 50 50 33 53 51 58 9 26 53 88 69 84 96 66 87 92 2 40 93 78 64 84 86 80 63 98 48 18 62 19 29 88 62 87 62 44 89 68 7 71 85 98 47 47 67 53 91 96 21 25 93 62 8 93 28 18 84 92 17 51 54 81 66 21 80 93 4 12 85 23 77 11 4 65 24 11 18 50 
99 10 18 52 1 24 53 68 5 39 69 69 15 29 89 70 52 11 25 52 45 17 21 27 22 33 15 61 4 75 65 13 69 81 26 85 48 29 49 58 7 78 100 77 36 5 99 3 95 98 21 81 10 10 22 63 54 34 63 83 72 4 37 99 48 80 74 76 89 82 6 63 100 48 5 75 73 25 5 75 6 20 65 52 52 14 40 48 8 36 61 66 2 60 34 70 38 76 13 100 51 78 94 56 75 2 90 59 26 83 60 16 15 4 95 70 17 76 85 63 60 79 94 45 19 61 11 24 
97 3 10 22 39 28 96 45 81 69 63 60 25 11 53 94 49 68 63 65 31 77 5 22 7 93 54 51 89 10 22 83 95 5 66 13 42 80 55 63 57 78 54 84 21 63 6 67 75 98 48 55 59 67 50 31 61 16 96 80 71 78 4 57 12 96 32 7 19 61 8 80 93 72 50 73 61 81 100 44 41 7 68 82 82 55 70 9 53 79 99 48 48 75 76 18 35 27 81 17 87 82 60 81 66 27 70 79 3 34 32 13 9 53 22 52 40 13 38 60 41 95 80 81 15 70 17 74 
65 59 66 41 93 55 38 75 84 34 45 63 29 15 17 88 96 56 36 26 1 80 13 46 51 84 35 11 32 50 38 55 2 57 82 15 54 78 88 85 53 44 46 28 68 97 43 53 95 57 69 75 61 15 80 36 33 67 36 80 78 63 35 28 94 75 2 45 28 34 94 23 44 12 58 82 54 40 12 64 43 61 35 28 20 17 50 57 70 31 79 18 80 99 83 39 58 98 44 29 59 61 27 98 92 39 72 17 39 13 34 99 22 81 94 65 81 96 2 97 10 81 94 8 94 45 80 87 
74 28 74 83 71 65 64 1 14 50 31 90 91 26 21 32 9 96 57 92 48 67 44 67 25 80 83 10 40 25 87 96 61 74 100 57 51 37 36 46 50 53 50 35 16 6 54 73 70 32 95 19 31 12 20 19 42 17 20 96 99 42 79 85 56 40 95 46 23 25 78 81 100 49 68 21 18 76 4 28 58 69 79 85 70 86 21 92 24 15 81 83 80 81 49 29 61 97 74 19 47 19 74 31 50 1 23 11 68 56 32 22 75 69 96 41 16 32 48 65 68 90 74 44 77 77 11 39 
0.0 1.0 2.0 3.0 4.0 5.0 6.0 7.0 8.0 9.0 10.0 11.0 12.0 13.0 14.0 15.0 16.0 17.0 18.0 19.0 20.0 21.0 22.0 23.0 24.0 25.0 26.0 27.0 28.0 29.0 30.0 31.0 32.0 33.0 34.0 35.0 36.0 37.0 38.0 39.0 40.0 41.0 42.0 43.0 44.0 45.0 46.0 47.0 48.0 49.0 50.0 51.0 52.0 53.0 54.0 55.0 56.0 57.0 58.0 59.0 60.0 61.0 62.0 63.0 64.0 63.0 62.0 61.0 60.0 59.0 58.0 57.0 56.0 55.0 54.0 53.0 52.0 51.0 50.0 49.0 48.0 47.0 46.0 45.0 44.0 43.0 42.0 41.0 40.0 39.0 38.0 37.0 36.0 35.0 34.0 33.0 32.0 31.0 30.0 29.0 28.0 27.0 26.0 25.0 24.0 23.0 22.0 21.0 20.0 19.0 18.0 17.0 16.0 15.0 14.0 13.0 12.0 11.0 10.0 9.0 8.0 7.0 6.0 5.0 4.0 3.0 2.0 1.0 
1.0 0.0 1.0 2.0 3.0 4.0 5.0 6.0 7.0 8.0 9.0 10.0 11.0 12.0 13.0 14.0 15.0 16.0 17.0 18.0 19.0 20.0 21.0 22.0 23.0 24.0 25.0 26.0 27.0 28.0 29.0 30.0 31.0 32.0 33.0 34.0 35.0 36.0 37.0 38.0 39.0 40.0 41.0 42.0 43.0 44.0 45.0 46.0 47.0 48.0 49.0 50.0 51.0 52.0 53.0 54.0 55.0 56.0 57.0 58.0 59.0 60.0 61.0 62.0 63.0 64.0 63.0 62.0 61.0 60.0 59.0 58.0 57.0 56.0 55.0 54.0 53.0 52.0 51.0 50.0 49.0 48.0 47.0 46.0 45.0 44.0 43.0 42.0 41.0 40.0 39.0 38.0 37.0 36.0 35.0 34.0 33.0 32.0 31.0 30.0 29.0 28.0 27.0 26.0 25.0 24.0 23.0 22.0 21.0 20.0 19.0 18.0 17.0 16.0 15.0 14.0 13.0 12.0 11.0 10.0 9.0 8.0 7.0 6.0 5.0 4.0 3.0 2.0 
2.0 1.0 0.0 1.0 2.0 3.0 4.0 5.0 6.0 7.0 8.0 9.0 10.0 11.0 12.0 13.0 14.0 15.0 16.0 17.0 18.0 19.0 20.0 21.0 22.0 23.0 24.0 25.0 26.0 27.0 28.0 29.0 30.0 31.0 32.0 33.0 34.0 35.0 36.0 37.0 38.0 39.0 40.0 41.0 42.0 43.0 44.0 45.0 46.0 47.0 48.0 49.0 50.0 51.0 52.0 53.0 54.0 55.0 56.0 57.0 58.0 59.0 60.0 61.0 62.0 63.0 64.0 63.0 62.0 61.0 60.0 59.0 58.0 57.0 56.0 55.0 54.0 53.0 52.0 51.0 50.0 49.0 48.0 47.0 46.0 45.0 44.0 43.0 42.0 41.0 40.0 39.0 38.0 37.0 36.0 35.0 34.0 33.0 32.0 31.0 30.0 29.0 28.0 27.0 26.0 25.0 24.0 23.0 22.0 21.0 20.0 19.0 18.0 17.0 16.0 15.0 14.0 13.0 12.0 11.0 10.0 9.0 8.0 7.0 6.0 5.0 4.0 3.0 
3.0 2.0 1.0 0.0 1.0 2.0 3.0 4.0 5.0 6.0 7.0 8.0 9.0 10.0 11.0 12.0 13.0 14.0 15.0 16.0 17.0 18.0 19.0 20.0 21.0 22.0 23.0 24.0 25.0 26.0 27.0 28.0 29.0 30.0 31.0 32.0 33.0 34.0 35.0 36.0 37.0 38.0 39.0 40.0 41.0 42.0 43.0 44.0 45.0 46.0 47.0 48.0 49.0 50.0 51.0 52.0 53.0 54.0 55.0 56.0 57.0 58.0 59.0 60.0 61.0 62.0 63.0 64.0 63.0 62.0 61.0 60.0 59.0 58.0 57.0 56.0 55.0 54.0 53.0 52.0 51.0 50.0 49.0 48.0 47.0 46.0 45.0 44.0 43.0 42.0 41.0 40.0 39.0 38.0 37.0 36.0 35.0 34.0 33.0 32.0 31.0 30.0 29.0 28.0 27.0 26.0 25.0 24.0 23.0 22.0 21.0 20.0 19.0 18.0 17.0 16.0 15.0 14.0 13.0 12.0 11.0 10.0 9.0 8.0 7.0 6.0 5.0 4.0 
4.0 3.0 2.0 1.0 0.0 1.0 2.0 3.0 4.0 5.0 6.0 7.0 8.0 9.0 10.0 11.0 12.0 13.0 14.0 15.0 16.0 17.0 18.0 19.0 20.0 21.0 22.0 23.0 24.0 25.0 26.0 27.0 28.0 29.0 30.0 31.0 32.0 33.0 34.0 35.0 36.0 37.0 38.0 39.0 40.0 41.0 42.0 43.0 44.0 45.0 46.0 47.0 48.0 49.0 50.0 51.0 52.0 53.0 54.0 55.0 56.0 57.0 58.0 59.0 60.0 61.0 62.0 63.0 64.0 63.0 62.0 61.0 60.0 59.0 58.0 57.0 56.0 55.0 54.0 53.0 52.0 51.0 50.0 49.0 48.0 47.0 46.0 45.0 44.0 43.0 42.0 41.0 40.0 39.0 38.0 37.0 36.0 35.0 34.0 33.0 32.0 31.0 30.0 29.0 28.0 27.0 26.0 25.0 24.0 23.0 22.0 21.0 20.0 19.0 18.0 17.0 16.0 15.0 14.0 13.0 12.0 11.0 10.0 9.0 8.0 7.0 6.0 5.0 
5.0 4.0 3.0 2.0 1.0 0.0 1.0 2.0 3.0 4.0 5.0 6.0 7.0 8.0 9.0 10.0 11.0 12.0 13.0 14.0 15.0 16.0 17.0 18.0 19.0 20.0 21.0 22.0 23.0 24.0 25.0 26.0 27.0 28.0 29.0 30.0 31.0 32.0 33.0 34.0 35.0 36.0 37.0 38.0 39.0 40.0 41.0 42.0 43.0 44.0 45.0 46.0 47.0 48.0 49.0 50.0 51.0 52.0 53.0 54.0 55.0 56.0 57.0 58.0 59.0 60.0 61.0 62.0 63.0 64.0 63.0 62.0 61.0 60.0 59.0 58.0 57.0 56.0 55.0 54.0 53.0 52.0 51.0 50.0 49.0 48.0 47.0 46.0 45.0 44.0 43.0 42.0 41.0 40.0 39.0 38.0 37.0 36.0 35.0 34.0 33.0 32.0 31.0 30.0 29.0 28.0 27.0 26.0 25.0 24.0 23.0 22.0 21.0 20.0 19.0 18.0 17.0 16.0 15.0 14.0 13.0 12.0 11.0 10.0 9.0 8.0 7.0 6.0 
6.0 5.0 4.0 3.0 2.0 1.0 0.0 1.0 2.0 3.0 4.0 5.0 6.0 7.0 8.0 9.0 10.0 11.0 12.0 13.0 14.0 15.0 16.0 17.0 18.0 19.0 20.0 21.0 22.0 23.0 24.0 25.0 26.0 27.0 28.0 29.0 30.0 31.0 32.0 33.0 34.0 35.0 36.0 37.0 38.0 39.0 40.0 41.0 42.0 43.0 44.0 45.0 46.0 47.0 48.0 49.0 50.0 51.0 52.0 53.0 54.0 55.0 56.0 57.0 58.0 59.0 60.0 61.0 62.0 63.0 64.0 63.0 62.0 61.0 60.0 59.0 58.0 57.0 56.0 55.0 54.0 53.0 52.0 51.0 50.0 49.0 48.0 47.0 46.0 45.0 44.0 43.0 42.0 41.0 40.0 39.0 38.0 37.0 36.0 35.0 34.0 33.0 32.0 31.0 30.0 29.0 28.0 27.0 26.0 25.0 24.0 23.0 22.0 21.0 20.0 19.0 18.0 17.0 16.0 15.0 14.0 13.0 12.0 11.0 10.0 9.0 8.0 7.0 
7.0 6.0 5.0 4.0 3.0 2.0 1.0 0.0 1.0 2.0 3.0 4.0 5.0 6.0 7.0 8.0 9.0 10.0 11.0 12.0 13.0 14.0 15.0 16.0 17.0 18.0 19.0 20.0 21.0 22.0 23.0 24.0 25.0 26.0 27.0 28.0 29.0 30.0 31.0 32.0 33.0 34.0 35.0 36.0 37.0 38.0 39.0 40.0 41.0 42.0 43.0 44.0 45.0 46.0 47.0 48.0 49.0 50.0 51.0 52.0 53.0 54.0 55.0 56.0 57.0 58.0 59.0 60.0 61.0 62.0 63.0 64.0 63.0 62.0 61.0 60.0 59.0 58.0 57.0 56.0 55.0 54.0 53.0 52.0 51.0 50.0 49.0 48.0 47.0 46.0 45.0 44.0 43.0 42.0 41.0 40.0 39.0 38.0 37.0 36.0 35.0 34.0 33.0 32.0 31.0 30.0 29.0 28.0 27.0 26.0 25.0 24.0 23.0 22.0 21.0 20.0 19.0 18.0 17.0 16.0 15.0 14.0 13.0 12.0 11.0 10.0 9.0 8.0 
8.0 7.0 6.0 5.0 4.0 3.0 2.0 1.0 0.0 1.0 2.0 3.0 4.0 5.0 6.0 7.0 8.0 9.0 10.0 11.0 12.0 13.0 14.0 15.0 16.0 17.0 18.0 19.0 20.0 21.0 22.0 23.0 24.0 25.0 26.0 27.0 28.0 29.0 30.0 31.0 32.0 33.0 34.0 35.0 36.0 37.0 38.0 39.0 40.0 41.0 42.0 43.0 44.0 45.0 46.0 47.0 48.0 49.0 50.0 51.0 52.0 53.0 54.0 55.0 56.0 57.0 58.0 59.0 60.0 61.0 62.0 63.0 64.0 63.0 62.0 61.0 60.0 59.0 58.0 57.0 56.0 55.0 54.0 53.0 52.0 51.0 50.0 49.0 48.0 47.0 46.0 45.0 44.0 43.0 42.0 41.0 40.0 39.0 38.0 37.0 36.0 35.0 34.0 33.0 32.0 31.0 30.0 29.0 28.0 27.0 26.0 25.0 24.0 23.0 22.0 21.0 20.0 19.0 18.0 17.0 16.0 15.0 14.0 13.0 12.0 11.0 10.0 9.0 
9.0 8.0 7.0 6.0 5.0 4.0 3.0 2.0 1.0 0.0 1.0 2.0 3.0 4.0 5.0 6.0 7.0 8.0 9.0 10.0 11.0 12.0 13.0 14.0 15.0 16.0 17.0 18.0 19.0 20.0 21.0 22.0 23.0 24.0 25.0 26.0 27.0 28.0 29.0 30.0 31.0 32.0 33.0 34.0 35.0 36.0 37.0 38.0 39.0 40.0 41.0 42.0 43.0 44.0 45.0 46.0 47.0 48.0 49.0 50.0 51.0 52.0 53.0 54.0 55.0 56.0 57.0 58.0 59.0 60.0 61.0 62.0 63.0 64.0 63.0 62.0 61.0 60.0 59.0 58.0 57.0 56.0 55.0 54.0 53.0 52.0 51.0 50.0 49.0 48.0 47.0 46.0 45.0 44.0 43.0 42.0 41.0 40.0 39.0 38.0 37.0 36.0 35.0 34.0 33.0 32.0 31.0 30.0 29.0 28.0 27.0 26.0 25.0 24.0 23.0 22.0 21.0 20.0 19.0 18.0 17.0 16.0 15.0 14.0 13.0 12.0 11.0 10.0 
10.0 9.0 8.0 7.0 6.0 5.0 4.0 3.0 2.0 1.0 0.0 1.0 2.0 3.0 4.0 5.0 6.0 7.0 8.0 9.0 10.0 11.0 12.0 13.0 14.0 15.0 16.0 17.0 18.0 19.0 20.0 21.0 22.0 23.0 24.0 25.0 26.0 27.0 28.0 29.0 30.0 31.0 32.0 33.0 34.0 35.0 36.0 37.0 38.0 39.0 40.0 41.0 42.0 43.0 44.0 45.0 46.0 47.0 48.0 49.0 50.0 51.0 52.0 53.0 54.0 55.0 56.0 57.0 58.0 59.0 60.0 61.0 62.0 63.0 64.0 63.0 62.0 61.0 60.0 59.0 58.0 57.0 56.0 55.0 54.0 53.0 52.0 51.0 50.0 49.0 48.0 47.0 46.0 45.0 44.0 43.0 42.0 41.0 40.0 39.0 38.0 37.0 36.0 35.0 34.0 33.0 32.0 31.0 30.0 29.0 28.0 27.0 26.0 25.0 24.0 23.0 22.0 21.0 20.0 19.0 18.0 17.0 16.0 15.0 14.0 13.0 12.0 11.0 
11.0 10.0 9.0 8.0 7.0 6.0 5.0 4.0 3.0 2.0 1.0 0.0 1.0 2.0 3.0 4.0 5.0 6.0 7.0 8.0 9.0 10.0 11.0 12.0 13.0 14.0 15.0 16.0 17.0 18.0 19.0 20.0 21.0 22.0 23.0 24.0 25.0 26.0 27.0 28.0 29.0 30.0 31.0 32.0 33.0 34.0 35.0 36.0 37.0 38.0 39.0 40.0 41.0 42.0 43.0 44.0 45.0 46.0 47.0 48.0 49.0 50.0 51.0 52.0 53.0 54.0 55.0 56.0 57.0 58.0 59.0 60.0 61.0 62.0 63.0 64.0 63.0 62.0 61.0 60.0 59.0 58.0 57.0 56.0 55.0 54.0 53.0 52.0 51.0 50.0 49.0 48.0 47.0 46.0 45.0 44.0 43.0 42.0 41.0 40.0 39.0 38.0 37.0 36.0 35.0 34.0 33.0 32.0 31.0 30.0 29.0 28.0 27.0 26.0 25.0 24.0 23.0 22.0 21.0 20.0 19.0 18.0 17.0 16.0 15.0 14.0 13.0 12.0 
12.0 11.0 10.0 9.0 8.0 7.0 6.0 5.0 4.0 3.0 2.0 1.0 0.0 1.0 2.0 3.0 4.0 5.0 6.0 7.0 8.0 9.0 10.0 11.0 12.0 13.0 14.0 15.0 16.0 17.0 18.0 19.0 20.0 21.0 22.0 23.0 24.0 25.0 26.0 27.0 28.0 29.0 30.0 31.0 32.0 33.0 34.0 35.0 36.0 37.0 38.0 39.0 40.0 41.0 42.0 43.0 44.0 45.0 46.0 47.0 48.0 49.0 50.0 51.0 52.0 53.0 54.0 55.0 56.0 57.0 58.0 59.0 60.0 61.0 62.0 63.0 64.0 63.0 62.0 61.0 60.0 59.0 58.0 57.0 56.0 55.0 54.0 53.0 52.0 51.0 50.0 49.0 48.0 47.0 46.0 45.0 44.0 43.0 42.0 41.0 40.0 39.0 38.0 37.0 36.0 35.0 34.0 33.0 32.0 31.0 30.0 29.0 28.0 27.0 26.0 25.0 24.0 23.0 22.0 21.0 20.0 19.0 18.0 17.0 16.0 15.0 14.0 13.0 
13.0 12.0 11.0 10.0 9.0 8.0 7.0 6.0 5.0 4.0 3.0 2.0 1.0 0.0 1.0 2.0 3.0 4.0 5.0 6.0 7.0 8.0 9.0 10.0 11.0 12.0 13.0 14.0 15.0 16.0 17.0 18.0 19.0 20.0 21.0 22.0 23.0 24.0 25.0 26.0 27.0 28.0 29.0 30.0 31.0 32.0 33.0 34.0 35.0 36.0 37.0 38.0 39.0 40.0 41.0 42.0 43.0 44.0 45.0 46.0 47.0 48.0 49.0 50.0 51.0 52.0 53.0 54.0 55.0 56.0 57.0 58.0 59.0 60.0 61.0 62.0 63.0 64.0 63.0 62.0 61.0 60.0 59.0 58.0 57.0 56.0 55.0 54.0 53.0 52.0 51.0 50.0 49.0 48.0 47.0 46.0 45.0 44.0 43.0 42.0 41.0 40.0 39.0 38.0 37.0 36.0 35.0 34.0 33.0 32.0 31.0 30.0 29.0 28.0 27.0 26.0 25.0 24.0 23.0 22.0 21.0 20.0 19.0 18.0 17.0 16.0 15.0 14.0 
14.0 13.0 12.0 11.0 10.0 9.0 8.0 7.0 6.0 5.0 4.0 3.0 2.0 1.0 0.0 1.0 2.0 3.0 4.0 5.0 6.0 7.0 8.0 9.0 10.0 11.0 12.0 13.0 14.0 15.0 16.0 17.0 18.0 19.0 20.0 21.0 22.0 23.0 24.0 25.0 26.0 27.0 28.0 29.0 30.0 31.0 32.0 33.0 34.0 35.0 36.0 37.0 38.0 39.0 40.0 41.0 42.0 43.0 44.0 45.0 46.0 47.0 48.0 49.0 50.0 51.0 52.0 53.0 54.0 55.0 56.0 57.0 58.0 59.0 60.0 61.0 62.0 63.0 64.0 63.0 62.0 61.0 60.0 59.0 58.0 57.0 56.0 55.0 54.0 53.0 52.0 51.0 50.0 49.0 48.0 47.0 46.0 45.0 44.0 43.0 42.0 41.0 40.0 39.0 38.0 37.0 36.0 35.0 34.0 33.0 32.0 31.0 30.0 29.0 28.0 27.0 26.0 25.0 24.0 23.0 22.0 21.0 20.0 19.0 18.0 17.0 16.0 15.0 
15.0 14.0 13.0 12.0 11.0 10.0 9.0 8.0 7.0 6.0 5.0 4.0 3.0 2.0 1.0 0.0 1.0 2.0 3.0 4.0 5.0 6.0 7.0 8.0 9.0 10.0 11.0 12.0 13.0 14.0 15.0 16.0 17.0 18.0 19.0 20.0 21.0 22.0 23.0 24.0 25.0 26.0 27.0 28.0 29.0 30.0 31.0 32.0 33.0 34.0 35.0 36.0 37.0 38.0 39.0 40.0 41.0 42.0 43.0 44.0 45.0 46.0 47.0 48.0 49.0 50.0 51.0 52.0 53.0 54.0 55.0 56.0 57.0 58.0 59.0 60.0 61.0 62.0 63.0 64.0 63.0 62.0 61.0 60.0 59.0 58.0 57.0 56.0 55.0 54.0 53.0 52.0 51.0 50.0 49.0 48.0 47.0 46.0 45.0 44.0 43.0 42.0 41.0 40.0 39.0 38.0 37.0 36.0 35.0 34.0 33.0 32.0 31.0 30.0 29.0 28.0 27.0 26.0 25.0 24.0 23.0 22.0 21.0 20.0 19.0 18.0 17.0 16.0 
16.0 15.0 14.0 13.0 12.0 11.0 10.0 9.0 8.0 7.0 6.0 5.0 4.0 3.0 2.0 1.0 0.0 1.0 2.0 3.0 4.0 5.0 6.0 7.0 8.0 9.0 10.0 11.0 12.0 13.0 14.0 15.0 16.0 17.0 18.0 19.0 20.0 21.0 22.0 23.0 24.0 25.0 26.0 27.0 28.0 29.0 30.0 31.0 32.0 33.0 34.0 35.0 36.0 37.0 38.0 39.0 40.0 41.0 42.0 43.0 44.0 45.0 46.0 47.0 48.0 49.0 50.0 51.0 52.0 53.0 54.0 55.0 56.0 57.0 58.0 59.0 60.0 61.0 62.0 63.0 64.0 63.0 62.0 61.0 60.0 59.0 58.0 57.0 56.0 55.0 54.0 53.0 52.0 51.0 50.0 49.0 48.0 47.0 46.0 45.0 44.0 43.0 42.0 41.0 40.0 39.0 38.0 37.0 36.0 35.0 34.0 33.0 32.0 31.0 30.0 29.0 28.0 27.0 26.0 25.0 24.0 23.0 22.0 21.0 20.0 19.0 18.0 17.0 
17.0 16.0 15.0 14.0 13.0 12.0 11.0 10.0 9.0 8.0 7.0 6.0 5.0 4.0 3.0 2.0 1.0 0.0 1.0 2.0 3.0 4.0 5.0 6.0 7.0 8.0 9.0 10.0 11.0 12.0 13.0 14.0 15.0 16.0 17.0 18.0 19.0 20.0 21.0 22.0 23.0 24.0 25.0 26.0 27.0 28.0 29.0 30.0 31.0 32.0 33.0 34.0 35.0 36.0 37.0 38.0 39.0 40.0 41.0 42.0 43.0 44.0 45.0 46.0 47.0 48.0 49.0 50.0 51.0 52.0 53.0 54.0 55.0 56.0 57.0 58.0 59.0 60.0 61.0 62.0 63.0 64.0 63.0 62.0 61.0 60.0 59.0 58.0 57.0 56.0 55.0 54.0 53.0 52.0 51.0 50.0 49.0 48.0 47.0 46.0 45.0 44.0 43.0 42.0 41.0 40.0 39.0 38.0 37.0 36.0 35.0 34.0 33.0 32.0 31.0 30.0 29.0 28.0 27.0 26.0 25.0 24.0 23.0 22.0 21.0 20.0 19.0 18.0 
18.0 17.0 16.0 15.0 14.0 13.0 12.0 11.0 10.0 9.0 8.0 7.0 6.0 5.0 4.0 3.0 2.0 1.0 0.0 1.0 2.0 3.0 4.0 5.0 6.0 7.0 8.0 9.0 10.0 11.0 12.0 13.0 14.0 15.0 16.0 17.0 18.0 19.0 20.0 21.0 22.0 23.0 24.0 25.0 26.0 27.0 28.0 29.0 30.0 31.0 32.0 33.0 34.0 35.0 36.0 37.0 38.0 39.0 40.0 41.0 42.0 43.0 44.0 45.0 46.0 47.0 48.0 49.0 50.0 51.0 52.0 53.0 54.0 55.0 56.0 57.0 58.0 59.0 60.0 61.0 62.0 63.0 64.0 63.0 62.0 61.0 60.0 59.0 58.0 57.0 56.0 55.0 54.0 53.0 52.0 51.0 50.0 49.0 48.0 47.0 46.0 45.0 44.0 43.0 42.0 41.0 40.0 39.0 38.0 37.0 36.0 35.0 34.0 33.0 32.0 31.0 30.0 29.0 28.0 27.0 26.0 25.0 24.0 23.0 22.0 21.0 20.0 19.0 
19.0 18.0 17.0 16.0 15.0 14.0 13.0 12.0 11.0 10.0 9.0 8.0 7.0 6.0 5.0 4.0 3.0 2.0 1.0 0.0 1.0 2.0 3.0 4.0 5.0 6.0 7.0 8.0 9.0 10.0 11.0 12.0 13.0 14.0 15.0 16.0 17.0 18.0 19.0 20.0 21.0 22.0 23.0 24.0 25.0 26.0 27.0 28.0 29.0 30.0 31.0 32.0 33.0 34.0 35.0 36.0 37.0 38.0 39.0 40.0 41.0 42.0 43.0 44.0 45.0 46.0 47.0 48.0 49.0 50.0 51.0 52.0 53.0 54.0 55.0 56.0 57.0 58.0 59.0 60.0 61.0 62.0 63.0 64.0 63.0 62.0 61.0 60.0 59.0 58.0 57.0 56.0 55.0 54.0 53.0 52.0 51.0 50.0 49.0 48.0 47.0 46.0 45.0 44.0 43.0 42.0 41.0 40.0 39.0 38.0 37.0 36.0 35.0 34.0 33.0 32.0 31.0 30.0 29.0 28.0 27.0 26.0 25.0 24.0 23.0 22.0 21.0 20.0 
20.0 19.0 18.0 17.0 16.0 15.0 14.0 13.0 12.0 11.0 10.0 9.0 8.0 7.0 6.0 5.0 4.0 3.0 2.0 1.0 0.0 1.0 2.0 3.0 4.0 5.0 6.0 7.0 8.0 9.0 10.0 11.0 12.0 13.0 14.0 15.0 16.0 17.0 18.0 19.0 20.0 21.0 22.0 23.0 24.0 25.0 26.0 27.0 28.0 29.0 30.0 31.0 32.0 33.0 34.0 35.0 36.0 37.0 38.0 39.0 40.0 41.0 42.0 43.0 44.0 45.0 46.0 47.0 48.0 49.0 50.0 51.0 52.0 53.0 54.0 55.0 56.0 57.0 58.0 59.0 60.0 61.0 62.0 63.0 64.0 63.0 62.0 61.0 60.0 59.0 58.0 57.0 56.0 55.0 54.0 53.0 52.0 51.0 50.0 49.0 48.0 47.0 46.0 45.0 44.0 43.0 42.0 41.0 40.0 39.0 38.0 37.0 36.0 35.0 34.0 33.0 32.0 31.0 30.0 29.0 28.0 27.0 26.0 25.0 24.0 23.0 22.0 21.0 
21.0 20.0 19.0 18.0 17.0 16.0 15.0 14.0 13.0 12.0 11.0 10.0 9.0 8.0 7.0 6.0 5.0 4.0 3.0 2.0 1.0 0.0 1.0 2.0 3.0 4.0 5.0 6.0 7.0 8.0 9.0 10.0 11.0 12.0 13.0 14.0 15.0 16.0 17.0 18.0 19.0 20.0 21.0 22.0 23.0 24.0 25.0 26.0 27.0 28.0 29.0 30.0 31.0 32.0 33.0 34.0 35.0 36.0 37.0 38.0 39.0 40.0 41.0 42.0 43.0 44.0 45.0 46.0 47.0 48.0 49.0 50.0 51.0 52.0 53.0 54.0 55.0 56.0 57.0 58.0 59.0 60.0 61.0 62.0 63.0 64.0 63.0 62.0 61.0 60.0 59.0 58.0 57.0 56.0 55.0 54.0 53.0 52.0 51.0 50.0 49.0 48.0 47.0 46.0 45.0 44.0 43.0 42.0 41.0 40.0 39.0 38.0 37.0 36.0 35.0 34.0 33.0 32.0 31.0 30.0 29.0 28.0 27.0 26.0 25.0 24.0 23.0 22.0 
22.0 21.0 20.0 19.0 18.0 17.0 16.0 15.0 14.0 13.0 12.0 11.0 10.0 9.0 8.0 7.0 6.0 5.0 4.0 3.0 2.0 1.0 0.0 1.0 2.0 3.0 4.0 5.0 6.0 7.0 8.0 9.0 10.0 11.0 12.0 13.0 14.0 15.0 16.0 17.0 18.0 19.0 20.0 21.0 22.0 23.0 24.0 25.0 26.0 27.0 28.0 29.0 30.0 31.0 32.0 33.0 34.0 35.0 36.0 37.0 38.0 39.0 40.0 41.0 42.0 43.0 44.0 45.0 46.0 47.0 48.0 49.0 50.0 51.0 52.0 53.0 54.0 55.0 56.0 57.0 58.0 59.0 60.0 61.0 62.0 63.0 64.0 63.0 62.0 61.0 60.0 59.0 58.0 57.0 56.0 55.0 54.0 53.0 52.0 51.0 50.0 49.0 48.0 47.0 46.0 45.0 44.0 43.0 42.0 41.0 40.0 39.0 38.0 37.0 36.0 35.0 34.0 33.0 32.0 31.0 30.0 29.0 28.0 27.0 26.0 25.0 24.0 23.0 
23.0 22.0 21.0 20.0 19.0 18.0 17.0 16.0 15.0 14.0 13.0 12.0 11.0 10.0 9.0 8.0 7.0 6.0 5.0 4.0 3.0 2.0 1.0 0.0 1.0 2.0 3.0 4.0 5.0 6.0 7.0 8.0 9.0 10.0 11.0 12.0 13.0 14.0 15.0 16.0 17.0 18.0 19.0 20.0 21.0 22.0 23.0 24.0 25.0 26.0 27.0 28.0 29.0 30.0 31.0 32.0 33.0 34.0 35.0 36.0 37.0 38.0 39.0 40.0 41.0 42.0 43.0 44.0 45.0 46.0 47.0 48.0 49.0 50.0 51.0 52.0 53.0 54.0 55.0 56.0 57.0 58.0 59.0 60.0 61.0 62.0 63.0 64.0 63.0 62.0 61.0 60.0 59.0 58.0 57.0 56.0 55.0 54.0 53.0 52.0 51.0 50.0 49.0 48.0 47.0 46.0 45.0 44.0 43.0 42.0 41.0 40.0 39.0 38.0 37.0 36.0 35.0 34.0 33.0 32.0 31.0 30.0 29.0 28.0 27.0 26.0 25.0 24.0 
24.0 23.0 22.0 21.0 20.0 19.0 18.0 17.0 16.0 15.0 14.0 13.0 12.0 11.0 10.0 9.0 8.0 7.0 6.0 5.0 4.0 3.0 2.0 1.0 0.0 1.0 2.0 3.0 4.0 5.0 6.0 7.0 8.0 9.0 10.0 11.0 12.0 13.0 14.0 15.0 16.0 17.0 18.0 19.0 20.0 21.0 22.0 23.0 24.0 25.0 26.0 27.0 28.0 29.0 30.0 31.0 32.0 33.0 34.0 35.0 36.0 37.0 38.0 39.0 40.0 41.0 42.0 43.0 44.0 45.0 46.0 47.0 48.0 49.0 50.0 51.0 52.0 53.0 54.0 55.0 56.0 57.0 58.0 59.0 60.0 61.0 62.0 63.0 64.0 63.0 62.0 61.0 60.0 59.0 58.0 57.0 56.0 55.0 54.0 53.0 52.0 51.0 50.0 49.0 48.0 47.0 46.0 45.0 44.0 43.0 42.0 41.0 40.0 39.0 38.0 37.0 36.0 35.0 34.0 33.0 32.0 31.0 30.0 29.0 28.0 27.0 26.0 25.0 
25.0 24.0 23.0 22.0 21.0 20.0 19.0 18.0 17.0 16.0 15.0 14.0 13.0 12.0 11.0 10.0 9.0 8.0 7.0 6.0 5.0 4.0 3.0 2.0 1.0 0.0 1.0 2.0 3.0 4.0 5.0 6.0 7.0 8.0 9.0 10.0 11.0 12.0 13.0 14.0 15.0 16.0 17.0 18.0 19.0 20.0 21.0 22.0 23.0 24.0 25.0 26.0 27.0 28.0 29.0 30.0 31.0 32.0 33.0 34.0 35.0 36.0 37.0 38.0 39.0 40.0 41.0 42.0 43.0 44.0 45.0 46.0 47.0 48.0 49.0 50.0 51.0 52.0 53.0 54.0 55.0 56.0 57.0 58.0 59.0 60.0 61.0 62.0 63.0 64.0 63.0 62.0 61.0 60.0 59.0 58.0 57.0 56.0 55.0 54.0 53.0 52.0 51.0 50.0 49.0 48.0 47.0 46.0 45.0 44.0 43.0 42.0 41.0 40.0 39.0 38.0 37.0 36.0 35.0 34.0 33.0 32.0 31.0 30.0 29.0 28.0 27.0 26.0 
26.0 25.0 24.0 23.0 22.0 21.0 20.0 19.0 18.0 17.0 16.0 15.0 14.0 13.0 12.0 11.0 10.0 9.0 8.0 7.0 6.0 5.0 4.0 3.0 2.0 1.0 0.0 1.0 2.0 3.0 4.0 5.0 6.0 7.0 8.0 9.0 10.0 11.0 12.0 13.0 14.0 15.0 16.0 17.0 18.0 19.0 20.0 21.0 22.0 23.0 24.0 25.0 26.0 27.0 28.0 29.0 30.0 31.0 32.0 33.0 34.0 35.0 36.0 37.0 38.0 39.0 40.0 41.0 42.0 43.0 44.0 45.0 46.0 47.0 48.0 49.0 50.0 51.0 52.0 53.0 54.0 55.0 56.0 57.0 58.0 59.0 60.0 61.0 62.0 63.0 64.0 63.0 62.0 61.0 60.0 59.0 58.0 57.0 56.0 55.0 54.0 53.0 52.0 51.0 50.0 49.0 48.0 47.0 46.0 45.0 44.0 43.0 42.0 41.0 40.0 39.0 38.0 37.0 36.0 35.0 34.0 33.0 32.0 31.0 30.0 29.0 28.0 27.0 
27.0 26.0 25.0 24.0 23.0 22.0 21.0 20.0 19.0 18.0 17.0 16.0 15.0 14.0 13.0 12.0 11.0 10.0 9.0 8.0 7.0 6.0 5.0 4.0 3.0 2.0 1.0 0.0 1.0 2.0 3.0 4.0 5.0 6.0 7.0 8.0 9.0 10.0 11.0 12.0 13.0 14.0 15.0 16.0 17.0 18.0 19.0 20.0 21.0 22.0 23.0 24.0 25.0 26.0 27.0 28.0 29.0 30.0 31.0 32.0 33.0 34.0 35.0 36.0 37.0 38.0 39.0 40.0 41.0 42.0 43.0 44.0 45.0 46.0 47.0 48.0 49.0 50.0 51.0 52.0 53.0 54.0 55.0 56.0 57.0 58.0 59.0 60.0 61.0 62.0 63.0 64.0 63.0 62.0 61.0 60.0 59.0 58.0 57.0 56.0 55.0 54.0 53.0 52.0 51.0 50.0 49.0 48.0 47.0 46.0 45.0 44.0 43.0 42.0 41.0 40.0 39.0 38.0 37.0 36.0 35.0 34.0 33.0 32.0 31.0 30.0 29.0 28.0 
28.0 27.0 26.0 25.0 24.0 23.0 22.0 21.0 20.0 19.0 18.0 17.0 16.0 15.0 14.0 13.0 12.0 11.0 10.0 9.0 8.0 7.0 6.0 5.0 4.0 3.0 2.0 1.0 0.0 1.0 2.0 3.0 4.0 5.0 6.0 7.0 8.0 9.0 10.0 11.0 12.0 13.0 14.0 15.0 16.0 17.0 18.0 19.0 20.0 21.0 22.0 23.0 24.0 25.0 26.0 27.0 28.0 29.0 30.0 31.0 32.0 33.0 34.0 35.0 36.0 37.0 38.0 39.0 40.0 41.0 42.0 43.0 44.0 45.0 46.0 47.0 48.0 49.0 50.0 51.0 52.0 53.0 54.0 55.0 56.0 57.0 58.0 59.0 60.0 61.0 62.0 63.0 64.0 63.0 62.0 61.0 60.0 59.0 58.0 57.0 56.0 55.0 54.0 53.0 52.0 51.0 50.0 49.0 48.0 47.0 46.0 45.0 44.0 43.0 42.0 41.0 40.0 39.0 38.0 37.0 36.0 35.0 34.0 33.0 32.0 31.0 30.0 29.0 
29.0 28.0 27.0 26.0 25.0 24.0 23.0 22.0 21.0 20.0 19.0 18.0 17.0 16.0 15.0 14.0 13.0 12.0 11.0 10.0 9.0 8.0 7.0 6.0 5.0 4.0 3.0 2.0 1.0 0.0 1.0 2.0 3.0 4.0 5.0 6.0 7.0 8.0 9.0 10.0 11.0 12.0 13.0 14.0 15.0 16.0 17.0 18.0 19.0 20.0 21.0 22.0 23.0 24.0 25.0 26.0 27.0 28.0 29.0 30.0 31.0 32.0 33.0 34.0 35.0 36.0 37.0 38.0 39.0 40.0 41.0 42.0 43.0 44.0 45.0 46.0 47.0 48.0 49.0 50.0 51.0 52.0 53.0 54.0 55.0 56.0 57.0 58.0 59.0 60.0 61.0 62.0 63.0 64.0 63.0 62.0 61.0 60.0 59.0 58.0 57.0 56.0 55.0 54.0 53.0 52.0 51.0 50.0 49.0 48.0 47.0 46.0 45.0 44.0 43.0 42.0 41.0 40.0 39.0 38.0 37.0 36.0 35.0 34.0 33.0 32.0 31.0 30.0 
30.0 29.0 28.0 27.0 26.0 25.0 24.0 23.0 22.0 21.0 20.0 19.0 18.0 17.0 16.0 15.0 14.0 13.0 12.0 11.0 10.0 9.0 8.0 7.0 6.0 5.0 4.0 3.0 2.0 1.0 0.0 1.0 2.0 3.0 4.0 5.0 6.0 7.0 8.0 9.0 10.0 11.0 12.0 13.0 14.0 15.0 16.0 17.0 18.0 19.0 20.0 21.0 22.0 23.0 24.0 25.0 26.0 27.0 28.0 29.0 30.0 31.0 32.0 33.0 34.0 35.0 36.0 37.0 38.0 39.0 40.0 41.0 42.0 43.0 44.0 45.0 46.0 47.0 48.0 49.0 50.0 51.0 52.0 53.0 54.0 55.0 56.0 57.0 58.0 59.0 60.0 61.0 62.0 63.0 64.0 63.0 62.0 61.0 60.0 59.0 58.0 57.0 56.0 55.0 54.0 53.0 52.0 51.0 50.0 49.0 48.0 47.0 46.0 45.0 44.0 43.0 42.0 41.0 40.0 39.0 38.0 37.0 36.0 35.0 34.0 33.0 32.0 31.0 
31.0 30.0 29.0 28.0 27.0 26.0 25.0 24.0 23.0 22.0 21.0 20.0 19.0 18.0 17.0 16.0 15.0 14.0 13.0 12.0 11.0 10.0 9.0 8.0 7.0 6.0 5.0 4.0 3.0 2.0 1.0 0.0 1.0 2.0 3.0 4.0 5.0 6.0 7.0 8.0 9.0 10.0 11.0 12.0 13.0 14.0 15.0 16.0 17.0 18.0 19.0 20.0 21.0 22.0 23.0 24.0 25.0 26.0 27.0 28.0 29.0 30.0 31.0 32.0 33.0 34.0 35.0 36.0 37.0 38.0 39.0 40.0 41.0 42.0 43.0 44.0 45.0 46.0 47.0 48.0 49.0 50.0 51.0 52.0 53.0 54.0 55.0 56.0 57.0 58.0 59.0 60.0 61.0 62.0 63.0 64.0 63.0 62.0 61.0 60.0 59.0 58.0 57.0 56.0 55.0 54.0 53.0 52.0 51.0 50.0 49.0 48.0 47.0 46.0 45.0 44.0 43.0 42.0 41.0 40.0 39.0 38.0 37.0 36.0 35.0 34.0 33.0 32.0 
32.0 31.0 30.0 29.0 28.0 27.0 26.0 25.0 24.0 23.0 22.0 21.0 20.0 19.0 18.0 17.0 16.0 15.0 14.0 13.0 12.0 11.0 10.0 9.0 8.0 7.0 6.0 5.0 4.0 3.0 2.0 1.0 0.0 1.0 2.0 3.0 4.0 5.0 6.0 7.0 8.0 9.0 10.0 11.0 12.0 13.0 14.0 15.0 16.0 17.0 18.0 19.0 20.0 21.0 22.0 23.0 24.0 25.0 26.0 27.0 28.0 29.0 30.0 31.0 32.0 33.0 34.0 35.0 36.0 37.0 38.0 39.0 40.0 41.0 42.0 43.0 44.0 45.0 46.0 47.0 48.0 49.0 50.0 51.0 52.0 53.0 54.0 55.0 56.0 57.0 58.0 59.0 60.0 61.0 62.0 63.0 64.0 63.0 62.0 61.0 60.0 59.0 58.0 57.0 56.0 55.0 54.0 53.0 52.0 51.0 50.0 49.0 48.0 47.0 46.0 45.0 44.0 43.0 42.0 41.0 40.0 39.0 38.0 37.0 36.0 35.0 34.0 33.0 
33.0 32.0 31.0 30.0 29.0 28.0 27.0 26.0 25.0 24.0 23.0 22.0 21.0 20.0 19.0 18.0 17.0 16.0 15.0 14.0 13.0 12.0 11.0 10.0 9.0 8.0 7.0 6.0 5.0 4.0 3.0 2.0 1.0 0.0 1.0 2.0 3.0 4.0 5.0 6.0 7.0 8.0 9.0 10.0 11.0 12.0 13.0 14.0 15.0 16.0 17.0 18.0 19.0 20.0 21.0 22.0 23.0 24.0 25.0 26.0 27.0 28.0 29.0 30.0 31.0 32.0 33.0 34.0 35.0 36.0 37.0 38.0 39.0 40.0 41.0 42.0 43.0 44.0 45.0 46.0 47.0 48.0 49.0 50.0 51.0 52.0 53.0 54.0 55.0 56.0 57.0 58.0 59.0 60.0 61.0 62.0 63.0 64.0 63.0 62.0 61.0 60.0 59.0 58.0 57.0 56.0 55.0 54.0 53.0 52.0 51.0 50.0 49.0 48.0 47.0 46.0 45.0 44.0 43.0 42.0 41.0 40.0 39.0 38.0 37.0 36.0 35.0 34.0 
34.0 33.0 32.0 31.0 30.0 29.0 28.0 27.0 26.0 25.0 24.0 23.0 22.0 21.0 20.0 19.0 18.0 17.0 16.0 15.0 14.0 13.0 12.0 11.0 10.0 9.0 8.0 7.0 6.0 5.0 4.0 3.0 2.0 1.0 0.0 1.0 2.0 3.0 4.0 5.0 6.0 7.0 8.0 9.0 10.0 11.0 12.0 13.0 14.0 15.0 16.0 17.0 18.0 19.0 20.0 21.0 22.0 23.0 24.0 25.0 26.0 27.0 28.0 29.0 30.0 31.0 32.0 33.0 34.0 35.0 36.0 37.0 38.0 39.0 40.0 41.0 42.0 43.0 44.0 45.0 46.0 47.0 48.0 49.0 50.0 51.0 52.0 53.0 54.0 55.0 56.0 57.0 58.0 59.0 60.0 61.0 62.0 63.0 64.0 63.0 62.0 61.0 60.0 59.0 58.0 57.0 56.0 55.0 54.0 53.0 52.0 51.0 50.0 49.0 48.0 47.0 46.0 45.0 44.0 43.0 42.0 41.0 40.0 39.0 38.0 37.0 36.0 35.0 
35.0 34.0 33.0 32.0 31.0 30.0 29.0 28.0 27.0 26.0 25.0 24.0 23.0 22.0 21.0 20.0 19.0 18.0 17.0 16.0 15.0 14.0 13.0 12.0 11.0 10.0 9.0 8.0 7.0 6.0 5.0 4.0 3.0 2.0 1.0 0.0 1.0 2.0 3.0 4.0 5.0 6.0 7.0 8.0 9.0 10.0 11.0 12.0 13.0 14.0 15.0 16.0 17.0 18.0 19.0 20.0 21.0 22.0 23.0 24.0 25.0 26.0 27.0 28.0 29.0 30.0 31.0 32.0 33.0 34.0 35.0 36.0 37.0 38.0 39.0 40.0 41.0 42.0 43.0 44.0 45.0 46.0 47.0 48.0 49.0 50.0 51.0 52.0 53.0 54.0 55.0 56.0 57.0 58.0 59.0 60.0 61.0 62.0 63.0 64.0 63.0 62.0 61.0 60.0 59.0 58.0 57.0 56.0 55.0 54.0 53.0 52.0 51.0 50.0 49.0 48.0 47.0 46.0 45.0 44.0 43.0 42.0 41.0 40.0 39.0 38.0 37.0 36.0 
36.0 35.0 34.0 33.0 32.0 31.0 30.0 29.0 28.0 27.0 26.0 25.0 24.0 23.0 22.0 21.0 20.0 19.0 18.0 17.0 16.0 15.0 14.0 13.0 12.0 11.0 10.0 9.0 8.0 7.0 6.0 5.0 4.0 3.0 2.0 1.0 0.0 1.0 2.0 3.0 4.0 5.0 6.0 7.0 8.0 9.0 10.0 11.0 12.0 13.0 14.0 15.0 16.0 17.0 18.0 19.0 20.0 21.0 22.0 23.0 24.0 25.0 26.0 27.0 28.0 29.0 30.0 31.0 32.0 33.0 34.0 35.0 36.0 37.0 38.0 39.0 40.0 41.0 42.0 43.0 44.0 45.0 46.0 47.0 48.0 49.0 50.0 51.0 52.0 53.0 54.0 55.0 56.0 57.0 58.0 59.0 60.0 61.0 62.0 63.0 64.0 63.0 62.0 61.0 60.0 59.0 58.0 57.0 56.0 55.0 54.0 53.0 52.0 51.0 50.0 49.0 48.0 47.0 46.0 45.0 44.0 43.0 42.0 41.0 40.0 39.0 38.0 37.0 
37.0 36.0 35.0 34.0 33.0 32.0 31.0 30.0 29.0 28.0 27.0 26.0 25.0 24.0 23.0 22.0 21.0 20.0 19.0 18.0 17.0 16.0 15.0 14.0 13.0 12.0 11.0 10.0 9.0 8.0 7.0 6.0 5.0 4.0 3.0 2.0 1.0 0.0 1.0 2.0 3.0 4.0 5.0 6.0 7.0 8.0 9.0 10.0 11.0 12.0 13.0 14.0 15.0 16.0 17.0 18.0 19.0 20.0 21.0 22.0 23.0 24.0 25.0 26.0 27.0 28.0 29.0 30.0 31.0 32.0 33.0 34.0 35.0 36.0 37.0 38.0 39.0 40.0 41.0 42.0 43.0 44.0 45.0 46.0 47.0 48.0 49.0 50.0 51.0 52.0 53.0 54.0 55.0 56.0 57.0 58.0 59.0 60.0 61.0 62.0 63.0 64.0 63.0 62.0 61.0 60.0 59.0 58.0 57.0 56.0 55.0 54.0 53.0 52.0 51.0 50.0 49.0 48.0 47.0 46.0 45.0 44.0 43.0 42.0 41.0 40.0 39.0 38.0 
38.0 37.0 36.0 35.0 34.0 33.0 32.0 31.0 30.0 29.0 28.0 27.0 26.0 25.0 24.0 23.0 22.0 21.0 20.0 19.0 18.0 17.0 16.0 15.0 14.0 13.0 12.0 11.0 10.0 9.0 8.0 7.0 6.0 5.0 4.0 3.0 2.0 1.0 0.0 1.0 2.0 3.0 4.0 5.0 6.0 7.0 8.0 9.0 10.0 11.0 12.0 13.0 14.0 15.0 16.0 17.0 18.0 19.0 20.0 21.0 22.0 23.0 24.0 25.0 26.0 27.0 28.0 29.0 30.0 31.0 32.0 33.0 34.0 35.0 36.0 37.0 38.0 39.0 40.0 41.0 42.0 43.0 44.0 45.0 46.0 47.0 48.0 49.0 50.0 51.0 52.0 53.0 54.0 55.0 56.0 57.0 58.0 59.0 60.0 61.0 62.0 63.0 64.0 63.0 62.0 61.0 60.0 59.0 58.0 57.0 56.0 55.0 54.0 53.0 52.0 51.0 50.0 49.0 48.0 47.0 46.0 45.0 44.0 43.0 42.0 41.0 40.0 39.0 
39.0 38.0 37.0 36.0 35.0 34.0 33.0 32.0 31.0 30.0 29.0 28.0 27.0 26.0 25.0 24.0 23.0 22.0 21.0 20.0 19.0 18.0 17.0 16.0 15.0 14.0 13.0 12.0 11.0 10.0 9.0 8.0 7.0 6.0 5.0 4.0 3.0 2.0 1.0 0.0 1.0 2.0 3.0 4.0 5.0 6.0 7.0 8.0 9.0 10.0 11.0 12.0 13.0 14.0 15.0 16.0 17.0 18.0 19.0 20.0 21.0 22.0 23.0 24.0 25.0 26.0 27.0 28.0 29.0 30.0 31.0 32.0 33.0 34.0 35.0 36.0 37.0 38.0 39.0 40.0 41.0 42.0 43.0 44.0 45.0 46.0 47.0 48.0 49.0 50.0 51.0 52.0 53.0 54.0 55.0 56.0 57.0 58.0 59.0 60.0 61.0 62.0 63.0 64.0 63.0 62.0 61.0 60.0 59.0 58.0 57.0 56.0 55.0 54.0 53.0 52.0 51.0 50.0 49.0 48.0 47.0 46.0 45.0 44.0 43.0 42.0 41.0 40.0 
40.0 39.0 38.0 37.0 36.0 35.0 34.0 33.0 32.0 31.0 30.0 29.0 28.0 27.0 26.0 25.0 24.0 23.0 22.0 21.0 20.0 19.0 18.0 17.0 16.0 15.0 14.0 13.0 12.0 11.0 10.0 9.0 8.0 7.0 6.0 5.0 4.0 3.0 2.0 1.0 0.0 1.0 2.0 3.0 4.0 5.0 6.0 7.0 8.0 9.0 10.0 11.0 12.0 13.0 14.0 15.0 16.0 17.0 18.0 19.0 20.0 21.0 22.0 23.0 24.0 25.0 26.0 27.0 28.0 29.0 30.0 31.0 32.0 33.0 34.0 35.0 36.0 37.0 38.0 39.0 40.0 41.0 42.0 43.0 44.0 45.0 46.0 47.0 48.0 49.0 50.0 51.0 52.0 53.0 54.0 55.0 56.0 57.0 58.0 59.0 60.0 61.0 62.0 63.0 64.0 63.0 62.0 61.0 60.0 59.0 58.0 57.0 56.0 55.0 54.0 53.0 52.0 51.0 50.0 49.0 48.0 47.0 46.0 45.0 44.0 43.0 42.0 41.0 
41.0 40.0 39.0 38.0 37.0 36.0 35.0 34.0 33.0 32.0 31.0 30.0 29.0 28.0 27.0 26.0 25.0 24.0 23.0 22.0 21.0 20.0 19.0 18.0 17.0 16.0 15.0 14.0 13.0 12.0 11.0 10.0 9.0 8.0 7.0 6.0 5.0 4.0 3.0 2.0 1.0 0.0 1.0 2.0 3.0 4.0 5.0 6.0 7.0 8.0 9.0 10.0 11.0 12.0 13.0 14.0 15.0 16.0 17.0 18.0 19.0 20.0 21.0 22.0 23.0 24.0 25.0 26.0 27.0 28.0 29.0 30.0 31.0 32.0 33.0 34.0 35.0 36.0 37.0 38.0 39.0 40.0 41.0 42.0 43.0 44.0 45.0 46.0 47.0 48.0 49.0 50.0 51.0 52.0 53.0 54.0 55.0 56.0 57.0 58.0 59.0 60.0 61.0 62.0 63.0 64.0 63.0 62.0 61.0 60.0 59.0 58.0 57.0 56.0 55.0 54.0 53.0 52.0 51.0 50.0 49.0 48.0 47.0 46.0 45.0 44.0 43.0 42.0 
42.0 41.0 40.0 39.0 38.0 37.0 36.0 35.0 34.0 33.0 32.0 31.0 30.0 29.0 28.0 27.0 26.0 25.0 24.0 23.0 22.0 21.0 20.0 19.0 18.0 17.0 16.0 15.0 14.0 13.0 12.0 11.0 10.0 9.0 8.0 7.0 6.0 5.0 4.0 3.0 2.0 1.0 0.0 1.0 2.0 3.0 4.0 5.0 6.0 7.0 8.0 9.0 10.0 11.0 12.0 13.0 14.0 15.0 16.0 17.0 18.0 19.0 20.0 21.0 22.0 23.0 24.0 25.0 26.0 27.0 28.0 29.0 30.0 31.0 32.0 33.0 34.0 35.0 36.0 37.0 38.0 39.0 40.0 41.0 42.0 43.0 44.0 45.0 46.0 47.0 48.0 49.0 50.0 51.0 52.0 53.0 54.0 55.0 56.0 57.0 58.0 59.0 60.0 61.0 62.0 63.0 64.0 63.0 62.0 61.0 60.0 59.0 58.0 57.0 56.0 55.0 54.0 53.0 52.0 51.0 50.0 49.0 48.0 47.0 46.0 45.0 44.0 43.0 
43.0 42.0 41.0 40.0 39.0 38.0 37.0 36.0 35.0 34.0 33.0 32.0 31.0 30.0 29.0 28.0 27.0 26.0 25.0 24.0 23.0 22.0 21.0 20.0 19.0 18.0 17.0 16.0 15.0 14.0 13.0 12.0 11.0 10.0 9.0 8.0 7.0 6.0 5.0 4.0 3.0 2.0 1.0 0.0 1.0 2.0 3.0 4.0 5.0 6.0 7.0 8.0 9.0 10.0 11.0 12.0 13.0 14.0 15.0 16.0 17.0 18.0 19.0 20.0 21.0 22.0 23.0 24.0 25.0 26.0 27.0 28.0 29.0 30.0 31.0 32.0 33.0 34.0 35.0 36.0 37.0 38.0 39.0 40.0 41.0 42.0 43.0 44.0 45.0 46.0 47.0 48.0 49.0 50.0 51.0 52.0 53.0 54.0 55.0 56.0 57.0 58.0 59.0 60.0 61.0 62.0 63.0 64.0 63.0 62.0 61.0 60.0 59.0 58.0 57.0 56.0 55.0 54.0 53.0 52.0 51.0 50.0 49.0 48.0 47.0 46.0 45.0 44.0 
44.0 43.0 42.0 41.0 40.0 39.0 38.0 37.0 36.0 35.0 34.0 33.0 32.0 31.0 30.0 29.0 28.0 27.0 26.0 25.0 24.0 23.0 22.0 21.0 20.0 19.0 18.0 17.0 16.0 15.0 14.0 13.0 12.0 11.0 10.0 9.0 8.0 7.0 6.0 5.0 4.0 3.0 2.0 1.0 0.0 1.0 2.0 3.0 4.0 5.0 6.0 7.0 8.0 9.0 10.0 11.0 12.0 13.0 14.0 15.0 16.0 17.0 18.0 19.0 20.0 21.0 22.0 23.0 24.0 25.0 26.0 27.0 28.0 29.0 30.0 31.0 32.0 33.0 34.0 35.0 36.0 37.0 38.0 39.0 40.0 41.0 42.0 43.0 44.0 45.0 46.0 47.0 48.0 49.0 50.0 51.0 52.0 53.0 54.0 55.0 56.0 57.0 58.0 59.0 60.0 61.0 62.0 63.0 64.0 63.0 62.0 61.0 60.0 59.0 58.0 57.0 56.0 55.0 54.0 53.0 52.0 51.0 50.0 49.0 48.0 47.0 46.0 45.0 
45.0 44.0 43.0 42.0 41.0 40.0 39.0 38.0 37.0 36.0 35.0 34.0 33.0 32.0 31.0 30.0 29.0 28.0 27.0 26.0 25.0 24.0 23.0 22.0 21.0 20.0 19.0 18.0 17.0 16.0 15.0 14.0 13.0 12.0 11.0 10.0 9.0 8.0 7.0 6.0 5.0 4.0 3.0 2.0 1.0 0.0 1.0 2.0 3.0 4.0 5.0 6.0 7.0 8.0 9.0 10.0 11.0 12.0 13.0 14.0 15.0 16.0 17.0 18.0 19.0 20.0 21.0 22.0 23.0 24.0 25.0 26.0 27.0 28.0 29.0 30.0 31.0 32.0 33.0 34.0 35.0 36.0 37.0 38.0 39.0 40.0 41.0 42.0 43.0 44.0 45.0 46.0 47.0 48.0 49.0 50.0 51.0 52.0 53.0 54.0 55.0 56.0 57.0 58.0 59.0 60.0 61.0 62.0 63.0 64.0 63.0 62.0 61.0 60.0 59.0 58.0 57.0 56.0 55.0 54.0 53.0 52.0 51.0 50.0 49.0 48.0 47.0 46.0 
46.0 45.0 44.0 43.0 42.0 41.0 40.0 39.0 38.0 37.0 36.0 35.0 34.0 33.0 32.0 31.0 30.0 29.0 28.0 27.0 26.0 25.0 24.0 23.0 22.0 21.0 20.0 19.0 18.0 17.0 16.0 15.0 14.0 13.0 12.0 11.0 10.0 9.0 8.0 7.0 6.0 5.0 4.0 3.0 2.0 1.0 0.0 1.0 2.0 3.0 4.0 5.0 6.0 7.0 8.0 9.0 10.0 11.0 12.0 13.0 14.0 15.0 16.0 17.0 18.0 19.0 20.0 21.0 22.0 23.0 24.0 25.0 26.0 27.0 28.0 29.0 30.0 31.0 32.0 33.0 34.0 35.0 36.0 37.0 38.0 39.0 40.0 41.0 42.0 43.0 44.0 45.0 46.0 47.0 48.0 49.0 50.0 51.0 52.0 53.0 54.0 55.0 56.0 57.0 58.0 59.0 60.0 61.0 62.0 63.0 64.0 63.0 62.0 61.0 60.0 59.0 58.0 57.0 56.0 55.0 54.0 53.0 52.0 51.0 50.0 49.0 48.0 47.0 
47.0 46.0 45.0 44.0 43.0 42.0 41.0 40.0 39.0 38.0 37.0 36.0 35.0 34.0 33.0 32.0 31.0 30.0 29.0 28.0 27.0 26.0 25.0 24.0 23.0 22.0 21.0 20.0 19.0 18.0 17.0 16.0 15.0 14.0 13.0 12.0 11.0 10.0 9.0 8.0 7.0 6.0 5.0 4.0 3.0 2.0 1.0 0.0 1.0 2.0 3.0 4.0 5.0 6.0 7.0 8.0 9.0 10.0 11.0 12.0 13.0 14.0 15.0 16.0 17.0 18.0 19.0 20.0 21.0 22.0 23.0 24.0 25.0 26.0 27.0 28.0 29.0 30.0 31.0 32.0 33.0 34.0 35.0 36.0 37.0 38.0 39.0 40.0 41.0 42.0 43.0 44.0 45.0 46.0 47.0 48.0 49.0 50.0 51.0 52.0 53.0 54.0 55.0 56.0 57.0 58.0 59.0 60.0 61.0 62.0 63.0 64.0 63.0 62.0 61.0 60.0 59.0 58.0 57.0 56.0 55.0 54.0 53.0 52.0 51.0 50.0 49.0 48.0 
48.0 47.0 46.0 45.0 44.0 43.0 42.0 41.0 40.0 39.0 38.0 37.0 36.0 35.0 34.0 33.0 32.0 31.0 30.0 29.0 28.0 27.0 26.0 25.0 24.0 23.0 22.0 21.0 20.0 19.0 18.0 17.0 16.0 15.0 14.0 13.0 12.0 11.0 10.0 9.0 8.0 7.0 6.0 5.0 4.0 3.0 2.0 1.0 0.0 1.0 2.0 3.0 4.0 5.0 6.0 7.0 8.0 9.0 10.0 11.0 12.0 13.0 14.0 15.0 16.0 17.0 18.0 19.0 20.0 21.0 22.0 23.0 24.0 25.0 26.0 27.0 28.0 29.0 30.0 31.0 32.0 33.0 34.0 35.0 36.0 37.0 38.0 39.0 40.0 41.0 42.0 43.0 44.0 45.0 46.0 47.0 48.0 49.0 50.0 51.0 52.0 53.0 54.0 55.0 56.0 57.0 58.0 59.0 60.0 61.0 62.0 63.0 64.0 63.0 62.0 61.0 60.0 59.0 58.0 57.0 56.0 55.0 54.0 53.0 52.0 51.0 50.0 49.0 
49.0 48.0 47.0 46.0 45.0 44.0 43.0 42.0 41.0 40.0 39.0 38.0 37.0 36.0 35.0 34.0 33.0 32.0 31.0 30.0 29.0 28.0 27.0 26.0 25.0 24.0 23.0 22.0 21.0 20.0 19.0 18.0 17.0 16.0 15.0 14.0 13.0 12.0 11.0 10.0 9.0 8.0 7.0 6.0 5.0 4.0 3.0 2.0 1.0 0.0 1.0 2.0 3.0 4.0 5.0 6.0 7.0 8.0 9.0 10.0 11.0 12.0 13.0 14.0 15.0 16.0 17.0 18.0 19.0 20.0 21.0 22.0 23.0 24.0 25.0 26.0 27.0 28.0 29.0 30.0 31.0 32.0 33.0 34.0 35.0 36.0 37.0 38.0 39.0 40.0 41.0 42.0 43.0 44.0 45.0 46.0 47.0 48.0 49.0 50.0 51.0 52.0 53.0 54.0 55.0 56.0 57.0 58.0 59.0 60.0 61.0 62.0 63.0 64.0 63.0 62.0 61.0 60.0 59.0 58.0 57.0 56.0 55.0 54.0 53.0 52.0 51.0 50.0 
50.0 49.0 48.0 47.0 46.0 45.0 44.0 43.0 42.0 41.0 40.0 39.0 38.0 37.0 36.0 35.0 34.0 33.0 32.0 31.0 30.0 29.0 28.0 27.0 26.0 25.0 24.0 23.0 22.0 21.0 20.0 19.0 18.0 17.0 16.0 15.0 14.0 13.0 12.0 11.0 10.0 9.0 8.0 7.0 6.0 5.0 4.0 3.0 2.0 1.0 0.0 1.0 2.0 3.0 4.0 5.0 6.0 7.0 8.0 9.0 10.0 11.0 12.0 13.0 14.0 15.0 16.0 17.0 18.0 19.0 20.0 21.0 22.0 23.0 24.0 25.0 26.0 27.0 28.0 29.0 30.0 31.0 32.0 33.0 34.0 35.0 36.0 37.0 38.0 39.0 40.0 41.0 42.0 43.0 44.0 45.0 46.0 47.0 48.0 49.0 50.0 51.0 52.0 53.0 54.0 55.0 56.0 57.0 58.0 59.0 60.0 61.0 62.0 63.0 64.0 63.0 62.0 61.0 60.0 59.0 58.0 57.0 56.0 55.0 54.0 53.0 52.0 51.0 
51.0 50.0 49.0 48.0 47.0 46.0 45.0 44.0 43.0 42.0 41.0 40.0 39.0 38.0 37.0 36.0 35.0 34.0 33.0 32.0 31.0 30.0 29.0 28.0 27.0 26.0 25.0 24.0 23.0 22.0 21.0 20.0 19.0 18.0 17.0 16.0 15.0 14.0 13.0 12.0 11.0 10.0 9.0 8.0 7.0 6.0 5.0 4.0 3.0 2.0 1.0 0.0 1.0 2.0 3.0 4.0 5.0 6.0 7.0 8.0 9.0 10.0 11.0 12.0 13.0 14.0 15.0 16.0 17.0 18.0 19.0 20.0 21.0 22.0 23.0 24.0 25.0 26.0 27.0 28.0 29.0 30.0 31.0 32.0 33.0 34.0 35.0 36.0 37.0 38.0 39.0 40.0 41.0 42.0 43.0 44.0 45.0 46.0 47.0 48.0 49.0 50.0 51.0 52.0 53.0 54.0 55.0 56.0 57.0 58.0 59.0 60.0 61.0 62.0 63.0 64.0 63.0 62.0 61.0 60.0 59.0 58.0 57.0 56.0 55.0 54.0 53.0 52.0 
52.0 51.0 50.0 49.0 48.0 47.0 46.0 45.0 44.0 43.0 42.0 41.0 40.0 39.0 38.0 37.0 36.0 35.0 34.0 33.0 32.0 31.0 30.0 29.0 28.0 27.0 26.0 25.0 24.0 23.0 22.0 21.0 20.0 19.0 18.0 17.0 16.0 15.0 14.0 13.0 12.0 11.0 10.0 9.0 8.0 7.0 6.0 5.0 4.0 3.0 2.0 1.0 0.0 1.0 2.0 3.0 4.0 5.0 6.0 7.0 8.0 9.0 10.0 11.0 12.0 13.0 14.0 15.0 16.0 17.0 18.0 19.0 20.0 21.0 22.0 23.0 24.0 25.0 26.0 27.0 28.0 29.0 30.0 31.0 32.0 33.0 34.0 35.0 36.0 37.0 38.0 39.0 40.0 41.0 42.0 43.0 44.0 45.0 46.0 47.0 48.0 49.0 50.0 51.0 52.0 53.0 54.0 55.0 56.0 57.0 58.0 59.0 60.0 61.0 62.0 63.0 64.0 63.0 62.0 61.0 60.0 59.0 58.0 57.0 56.0 55.0 54.0 53.0 
53.0 52.0 51.0 50.0 49.0 48.0 47.0 46.0 45.0 44.0 43.0 42.0 41.0 40.0 39.0 38.0 37.0 36.0 35.0 34.0 33.0 32.0 31.0 30.0 29.0 28.0 27.0 26.0 25.0 24.0 23.0 22.0 21.0 20.0 19.0 18.0 17.0 16.0 15.0 14.0 13.0 12.0 11.0 10.0 9.0 8.0 7.0 6.0 5.0 4.0 3.0 2.0 1.0 0.0 1.0 2.0 3.0 4.0 5.0 6.0 7.0 8.0 9.0 10.0 11.0 12.0 13.0 14.0 15.0 16.0 17.0 18.0 19.0 20.0 21.0 22.0 23.0 24.0 25.0 26.0 27.0 28.0 29.0 30.0 31.0 32.0 33.0 34.0 35.0 36.0 37.0 38.0 39.0 40.0 41.0 42.0 43.0 44.0 45.0 46.0 47.0 48.0 49.0 50.0 51.0 52.0 53.0 54.0 55.0 56.0 57.0 58.0 59.0 60.0 61.0 62.0 63.0 64.0 63.0 62.0 61.0 60.0 59.0 58.0 57.0 56.0 55.0 54.0 
54.0 53.0 52.0 51.0 50.0 49.0 48.0 47.0 46.0 45.0 44.0 43.0 42.0 41.0 40.0 39.0 38.0 37.0 36.0 35.0 34.0 33.0 32.0 31.0 30.0 29.0 28.0 27.0 26.0 25.0 24.0 23.0 22.0 21.0 20.0 19.0 18.0 17.0 16.0 15.0 14.0 13.0 12.0 11.0 10.0 9.0 8.0 7.0 6.0 5.0 4.0 3.0 2.0 1.0 0.0 1.0 2.0 3.0 4.0 5.0 6.0 7.0 8.0 9.0 10.0 11.0 12.0 13.0 14.0 15.0 16.0 17.0 18.0 19.0 20.0 21.0 22.0 23.0 24.0 25.0 26.0 27.0 28.0 29.0 30.0 31.0 32.0 33.0 34.0 35.0 36.0 37.0 38.0 39.0 40.0 41.0 42.0 43.0 44.0 45.0 46.0 47.0 48.0 49.0 50.0 51.0 52.0 53.0 54.0 55.0 56.0 57.0 58.0 59.0 60.0 61.0 62.0 63.0 64.0 63.0 62.0 61.0 60.0 59.0 58.0 57.0 56.0 55.0 
55.0 54.0 53.0 52.0 51.0 50.0 49.0 48.0 47.0 46.0 45.0 44.0 43.0 42.0 41.0 40.0 39.0 38.0 37.0 36.0 35.0 34.0 33.0 32.0 31.0 30.0 29.0 28.0 27.0 26.0 25.0 24.0 23.0 22.0 21.0 20.0 19.0 18.0 17.0 16.0 15.0 14.0 13.0 12.0 11.0 10.0 9.0 8.0 7.0 6.0 5.0 4.0 3.0 2.0 1.0 0.0 1.0 2.0 3.0 4.0 5.0 6.0 7.0 8.0 9.0 10.0 11.0 12.0 13.0 14.0 15.0 16.0 17.0 18.0 19.0 20.0 21.0 22.0 23.0 24.0 25.0 26.0 27.0 28.0 29.0 30.0 31.0 32.0 33.0 34.0 35.0 36.0 37.0 38.0 39.0 40.0 41.0 42.0 43.0 44.0 45.0 46.0 47.0 48.0 49.0 50.0 51.0 52.0 53.0 54.0 55.0 56.0 57.0 58.0 59.0 60.0 61.0 62.0 63.0 64.0 63.0 62.0 61.0 60.0 59.0 58.0 57.0 56.0 
56.0 55.0 54.0 53.0 52.0 51.0 50.0 49.0 48.0 47.0 46.0 45.0 44.0 43.0 42.0 41.0 40.0 39.0 38.0 37.0 36.0 35.0 34.0 33.0 32.0 31.0 30.0 29.0 28.0 27.0 26.0 25.0 24.0 23.0 22.0 21.0 20.0 19.0 18.0 17.0 16.0 15.0 14.0 13.0 12.0 11.0 10.0 9.0 8.0 7.0 6.0 5.0 4.0 3.0 2.0 1.0 0.0 1.0 2.0 3.0 4.0 5.0 6.0 7.0 8.0 9.0 10.0 11.0 12.0 13.0 14.0 15.0 16.0 17.0 18.0 19.0 20.0 21.0 22.0 23.0 24.0 25.0 26.0 27.0 28.0 29.0 30.0 31.0 32.0 33.0 34.0 35.0 36.0 37.0 38.0 39.0 40.0 41.0 42.0 43.0 44.0 45.0 46.0 47.0 48.0 49.0 50.0 51.0 52.0 53.0 54.0 55.0 56.0 57.0 58.0 59.0 60.0 61.0 62.0 63.0 64.0 63.0 62.0 61.0 60.0 59.0 58.0 57.0 
57.0 56.0 55.0 54.0 53.0 52.0 51.0 50.0 49.0 48.0 47.0 46.0 45.0 44.0 43.0 42.0 41.0 40.0 39.0 38.0 37.0 36.0 35.0 34.0 33.0 32.0 31.0 30.0 29.0 28.0 27.0 26.0 25.0 24.0 23.0 22.0 21.0 20.0 19.0 18.0 17.0 16.0 15.0 14.0 13.0 12.0 11.0 10.0 9.0 8.0 7.0 6.0 5.0 4.0 3.0 2.0 1.0 0.0 1.0 2.0 3.0 4.0 5.0 6.0 7.0 8.0 9.0 10.0 11.0 12.0 13.0 14.0 15.0 16.0 17.0 18.0 19.0 20.0 21.0 22.0 23.0 24.0 25.0 26.0 27.0 28.0 29.0 30.0 31.0 32.0 33.0 34.0 35.0 36.0 37.0 38.0 39.0 40.0 41.0 42.0 43.0 44.0 45.0 46.0 47.0 48.0 49.0 50.0 51.0 52.0 53.0 54.0 55.0 56.0 57.0 58.0 59.0 60.0 61.0 62.0 63.0 64.0 63.0 62.0 61.0 60.0 59.0 58.0 
58.0 57.0 56.0 55.0 54.0 53.0 52.0 51.0 50.0 49.0 48.0 47.0 46.0 45.0 44.0 43.0 42.0 41.0 40.0 39.0 38.0 37.0 36.0 35.0 34.0 33.0 32.0 31.0 30.0 29.0 28.0 27.0 26.0 25.0 24.0 23.0 22.0 21.0 20.0 19.0 18.0 17.0 16.0 15.0 14.0 13.0 12.0 11.0 10.0 9.0 8.0 7.0 6.0 5.0 4.0 3.0 2.0 1.0 0.0 1.0 2.0 3.0 4.0 5.0 6.0 7.0 8.0 9.0 10.0 11.0 12.0 13.0 14.0 15.0 16.0 17.0 18.0 19.0 20.0 21.0 22.0 23.0 24.0 25.0 26.0 27.0 28.0 29.0 30.0 31.0 32.0 33.0 34.0 35.0 36.0 37.0 38.0 39.0 40.0 41.0 42.0 43.0 44.0 45.0 46.0 47.0 48.0 49.0 50.0 51.0 52.0 53.0 54.0 55.0 56.0 57.0 58.0 59.0 60.0 61.0 62.0 63.0 64.0 63.0 62.0 61.0 60.0 59.0 
59.0 58.0 57.0 56.0 55.0 54.0 53.0 52.0 51.0 50.0 49.0 48.0 47.0 46.0 45.0 44.0 43.0 42.0 41.0 40.0 39.0 38.0 37.0 36.0 35.0 34.0 33.0 32.0 31.0 30.0 29.0 28.0 27.0 26.0 25.0 24.0 23.0 22.0 21.0 20.0 19.0 18.0 17.0 16.0 15.0 14.0 13.0 12.0 11.0 10.0 9.0 8.0 7.0 6.0 5.0 4.0 3.0 2.0 1.0 0.0 1.0 2.0 3.0 4.0 5.0 6.0 7.0 8.0 9.0 10.0 11.0 12.0 13.0 14.0 15.0 16.0 17.0 18.0 19.0 20.0 21.0 22.0 23.0 24.0 25.0 26.0 27.0 28.0 29.0 30.0 31.0 32.0 33.0 34.0 35.0 36.0 37.0 38.0 39.0 40.0 41.0 42.0 43.0 44.0 45.0 46.0 47.0 48.0 49.0 50.0 51.0 52.0 53.0 54.0 55.0 56.0 57.0 58.0 59.0 60.0 61.0 62.0 63.0 64.0 63.0 62.0 61.0 60.0 
60.0 59.0 58.0 57.0 56.0 55.0 54.0 53.0 52.0 51.0 50.0 49.0 48.0 47.0 46.0 45.0 44.0 43.0 42.0 41.0 40.0 39.0 38.0 37.0 36.0 35.0 34.0 33.0 32.0 31.0 30.0 29.0 28.0 27.0 26.0 25.0 24.0 23.0 22.0 21.0 20.0 19.0 18.0 17.0 16.0 15.0 14.0 13.0 12.0 11.0 10.0 9.0 8.0 7.0 6.0 5.0 4.0 3.0 2.0 1.0 0.0 1.0 2.0 3.0 4.0 5.0 6.0 7.0 8.0 9.0 10.0 11.0 12.0 13.0 14.0 15.0 16.0 17.0 18.0 19.0 20.0 21.0 22.0 23.0 24.0 25.0 26.0 27.0 28.0 29.0 30.0 31.0 32.0 33.0 34.0 35.0 36.0 37.0 38.0 39.0 40.0 41.0 42.0 43.0 44.0 45.0 46.0 47.0 48.0 49.0 50.0 51.0 52.0 53.0 54.0 55.0 56.0 57.0 58.0 59.0 60.0 61.0 62.0 63.0 64.0 63.0 62.0 61.0 
61.0 60.0 59.0 58.0 57.0 56.0 55.0 54.0 53.0 52.0 51.0 50.0 49.0 48.0 47.0 46.0 45.0 44.0 43.0 42.0 41.0 40.0 39.0 38.0 37.0 36.0 35.0 34.0 33.0 32.0 31.0 30.0 29.0 28.0 27.0 26.0 25.0 24.0 23.0 22.0 21.0 20.0 19.0 18.0 17.0 16.0 15.0 14.0 13.0 12.0 11.0 10.0 9.0 8.0 7.0 6.0 5.0 4.0 3.0 2.0 1.0 0.0 1.0 2.0 3.0 4.0 5.0 6.0 7.0 8.0 9.0 10.0 11.0 12.0 13.0 14.0 15.0 16.0 17.0 18.0 19.0 20.0 21.0 22.0 23.0 24.0 25.0 26.0 27.0 28.0 29.0 30.0 31.0 32.0 33.0 34.0 35.0 36.0 37.0 38.0 39.0 40.0 41.0 42.0 43.0 44.0 45.0 46.0 47.0 48.0 49.0 50.0 51.0 52.0 53.0 54.0 55.0 56.0 57.0 58.0 59.0 60.0 61.0 62.0 63.0 64.0 63.0 62.0 
62.0 61.0 60.0 59.0 58.0 57.0 56.0 55.0 54.0 53.0 52.0 51.0 50.0 49.0 48.0 47.0 46.0 45.0 44.0 43.0 42.0 41.0 40.0 39.0 38.0 37.0 36.0 35.0 34.0 33.0 32.0 31.0 30.0 29.0 28.0 27.0 26.0 25.0 24.0 23.0 22.0 21.0 20.0 19.0 18.0 17.0 16.0 15.0 14.0 13.0 12.0 11.0 10.0 9.0 8.0 7.0 6.0 5.0 4.0 3.0 2.0 1.0 0.0 1.0 2.0 3.0 4.0 5.0 6.0 7.0 8.0 9.0 10.0 11.0 12.0 13.0 14.0 15.0 16.0 17.0 18.0 19.0 20.0 21.0 22.0 23.0 24.0 25.0 26.0 27.0 28.0 29.0 30.0 31.0 32.0 33.0 34.0 35.0 36.0 37.0 38.0 39.0 40.0 41.0 42.0 43.0 44.0 45.0 46.0 47.0 48.0 49.0 50.0 51.0 52.0 53.0 54.0 55.0 56.0 57.0 58.0 59.0 60.0 61.0 62.0 63.0 64.0 63.0 
63.0 62.0 61.0 60.0 59.0 58.0 57.0 56.0 55.0 54.0 53.0 52.0 51.0 50.0 49.0 48.0 47.0 46.0 45.0 44.0 43.0 42.0 41.0 40.0 39.0 38.0 37.0 36.0 35.0 34.0 33.0 32.0 31.0 30.0 29.0 28.0 27.0 26.0 25.0 24.0 23.0 22.0 21.0 20.0 19.0 18.0 17.0 16.0 15.0 14.0 13.0 12.0 11.0 10.0 9.0 8.0 7.0 6.0 5.0 4.0 3.0 2.0 1.0 0.0 1.0 2.0 3.0 4.0 5.0 6.0 7.0 8.0 9.0 10.0 11.0 12.0 13.0 14.0 15.0 16.0 17.0 18.0 19.0 20.0 21.0 22.0 23.0 24.0 25.0 26.0 27.0 28.0 29.0 30.0 31.0 32.0 33.0 34.0 35.0 36.0 37.0 38.0 39.0 40.0 41.0 42.0 43.0 44.0 45.0 46.0 47.0 48.0 49.0 50.0 51.0 52.0 53.0 54.0 55.0 56.0 57.0 58.0 59.0 60.0 61.0 62.0 63.0 64.0 
64.0 63.0 62.0 61.0 60.0 59.0 58.0 57.0 56.0 55.0 54.0 53.0 52.0 51.0 50.0 49.0 48.0 47.0 46.0 45.0 44.0 43.0 42.0 41.0 40.0 39.0 38.0 37.0 36.0 35.0 34.0 33.0 32.0 31.0 30.0 29.0 28.0 27.0 26.0 25.0 24.0 23.0 22.0 21.0 20.0 19.0 18.0 17.0 16.0 15.0 14.0 13.0 12.0 11.0 10.0 9.0 8.0 7.0 6.0 5.0 4.0 3.0 2.0 1.0 0.0 1.0 2.0 3.0 4.0 5.0 6.0 7.0 8.0 9.0 10.0 11.0 12.0 13.0 14.0 15.0 16.0 17.0 18.0 19.0 20.0 21.0 22.0 23.0 24.0 25.0 26.0 27.0 28.0 29.0 30.0 31.0 32.0 33.0 34.0 35.0 36.0 37.0 38.0 39.0 40.0 41.0 42.0 43.0 44.0 45.0 46.0 47.0 48.0 49.0 50.0 51.0 52.0 53.0 54.0 55.0 56.0 57.0 58.0 59.0 60.0 61.0 62.0 63.0 
63.0 64.0 63.0 62.0 61.0 60.0 59.0 58.0 57.0 56.0 55.0 54.0 53.0 52.0 51.0 50.0 49.0 48.0 47.0 46.0 45.0 44.0 43.0 42.0 41.0 40.0 39.0 38.0 37.0 36.0 35.0 34.0 33.0 32.0 31.0 30.0 29.0 28.0 27.0 26.0 25.0 24.0 23.0 22.0 21.0 20.0 19.0 18.0 17.0 16.0 15.0 14.0 13.0 12.0 11.0 10.0 9.0 8.0 7.0 6.0 5.0 4.0 3.0 2.0 1.0 0.0 1.0 2.0 3.0 4.0 5.0 6.0 7.0 8.0 9.0 10.0 11.0 12.0 13.0 14.0 15.0 16.0 17.0 18.0 19.0 20.0 21.0 22.0 23.0 24.0 25.0 26.0 27.0 28.0 29.0 30.0 31.0 32.0 33.0 34.0 35.0 36.0 37.0 38.0 39.0 40.0 41.0 42.0 43.0 44.0 45.0 46.0 47.0 48.0 49.0 50.0 51.0 52.0 53.0 54.0 55.0 56.0 57.0 58.0 59.0 60.0 61.0 62.0 
62.0 63.0 64.0 63.0 62.0 61.0 60.0 59.0 58.0 57.0 56.0 55.0 54.0 53.0 52.0 51.0 50.0 49.0 48.0 47.0 46.0 45.0 44.0 43.0 42.0 41.0 40.0 39.0 38.0 37.0 36.0 35.0 34.0 33.0 32.0 31.0 30.0 29.0 28.0 27.0 26.0 25.0 24.0 23.0 22.0 21.0 20.0 19.0 18.0 17.0 16.0 15.0 14.0 13.0 12.0 11.0 10.0 9.0 8.0 7.0 6.0 5.0 4.0 3.0 2.0 1.0 0.0 1.0 2.0 3.0 4.0 5.0 6.0 7.0 8.0 9.0 10.0 11.0 12.0 13.0 14.0 15.0 16.0 17.0 18.0 19.0 20.0 21.0 22.0 23.0 24.0 25.0 26.0 27.0 28.0 29.0 30.0 31.0 32.0 33.0 34.0 35.0 36.0 37.0 38.0 39.0 40.0 41.0 42.0 43.0 44.0 45.0 46.0 47.0 48.0 49.0 50.0 51.0 52.0 53.0 54.0 55.0 56.0 57.0 58.0 59.0 60.0 61.0 
61.0 62.0 63.0 64.0 63.0 62.0 61.0 60.0 59.0 58.0 57.0 56.0 55.0 54.0 53.0 52.0 51.0 50.0 49.0 48.0 47.0 46.0 45.0 44.0 43.0 42.0 41.0 40.0 39.0 38.0 37.0 36.0 35.0 34.0 33.0 32.0 31.0 30.0 29.0 28.0 27.0 26.0 25.0 24.0 23.0 22.0 21.0 20.0 19.0 18.0 17.0 16.0 15.0 14.0 13.0 12.0 11.0 10.0 9.0 8.0 7.0 6.0 5.0 4.0 3.0 2.0 1.0 0.0 1.0 2.0 3.0 4.0 5.0 6.0 7.0 8.0 9.0 10.0 11.0 12.0 13.0 14.0 15.0 16.0 17.0 18.0 19.0 20.0 21.0 22.0 23.0 24.0 25.0 26.0 27.0 28.0 29.0 30.0 31.0 32.0 33.0 34.0 35.0 36.0 37.0 38.0 39.0 40.0 41.0 42.0 43.0 44.0 45.0 46.0 47.0 48.0 49.0 50.0 51.0 52.0 53.0 54.0 55.0 56.0 57.0 58.0 59.0 60.0 
60.0 61.0 62.0 63.0 64.0 63.0 62.0 61.0 60.0 59.0 58.0 57.0 56.0 55.0 54.0 53.0 52.0 51.0 50.0 49.0 48.0 47.0 46.0 45.0 44.0 43.0 42.0 41.0 40.0 39.0 38.0 37.0 36.0 35.0 34.0 33.0 32.0 31.0 30.0 29.0 28.0 27.0 26.0 25.0 24.0 23.0 22.0 21.0 20.0 19.0 18.0 17.0 16.0 15.0 14.0 13.0 12.0 11.0 10.0 9.0 8.0 7.0 6.0 5.0 4.0 3.0 2.0 1.0 0.0 1.0 2.0 3.0 4.0 5.0 6.0 7.0 8.0 9.0 10.0 11.0 12.0 13.0 14.0 15.0 16.0 17.0 18.0 19.0 20.0 21.0 22.0 23.0 24.0 25.0 26.0 27.0 28.0 29.0 30.0 31.0 32.0 33.0 34.0 35.0 36.0 37.0 38.0 39.0 40.0 41.0 42.0 43.0 44.0 45.0 46.0 47.0 48.0 49.0 50.0 51.0 52.0 53.0 54.0 55.0 56.0 57.0 58.0 59.0 
59.0 60.0 61.0 62.0 63.0 64.0 63.0 62.0 61.0 60.0 59.0 58.0 57.0 56.0 55.0 54.0 53.0 52.0 51.0 50.0 49.0 48.0 47.0 46.0 45.0 44.0 43.0 42.0 41.0 40.0 39.0 38.0 37.0 36.0 35.0 34.0 33.0 32.0 31.0 30.0 29.0 28.0 27.0 26.0 25.0 24.0 23.0 22.0 21.0 20.0 19.0 18.0 17.0 16.0 15.0 14.0 13.0 12.0 11.0 10.0 9.0 8.0 7.0 6.0 5.0 4.0 3.0 2.0 1.0 0.0 1.0 2.0 3.0 4.0 5.0 6.0 7.0 8.0 9.0 10.0 11.0 12.0 13.0 14.0 15.0 16.0 17.0 18.0 19.0 20.0 21.0 22.0 23.0 24.0 25.0 26.0 27.0 28.0 29.0 30.0 31.0 32.0 33.0 34.0 35.0 36.0 37.0 38.0 39.0 40.0 41.0 42.0 43.0 44.0 45.0 46.0 47.0 48.0 49.0 50.0 51.0 52.0 53.0 54.0 55.0 56.0 57.0 58.0 
58.0 59.0 60.0 61.0 62.0 63.0 64.0 63.0 62.0 61.0 60.0 59.0 58.0 57.0 56.0 55.0 54.0 53.0 52.0 51.0 50.0 49.0 48.0 47.0 46.0 45.0 44.0 43.0 42.0 41.0 40.0 39.0 38.0 37.0 36.0 35.0 34.0 33.0 32.0 31.0 30.0 29.0 28.0 27.0 26.0 25.0 24.0 23.0 22.0 21.0 20.0 19.0 18.0 17.0 16.0 15.0 14.0 13.0 12.0 11.0 10.0 9.0 8.0 7.0 6.0 5.0 4.0 3.0 2.0 1.0 0.0 1.0 2.0 3.0 4.0 5.0 6.0 7.0 8.0 9.0 10.0 11.0 12.0 13.0 14.0 15.0 16.0 17.0 18.0 19.0 20.0 21.0 22.0 23.0 24.0 25.0 26.0 27.0 28.0 29.0 30.0 31.0 32.0 33.0 34.0 35.0 36.0 37.0 38.0 39.0 40.0 41.0 42.0 43.0 44.0 45.0 46.0 47.0 48.0 49.0 50.0 51.0 52.0 53.0 54.0 55.0 56.0 57.0 
57.0 58.0 59.0 60.0 61.0 62.0 63.0 64.0 63.0 62.0 61.0 60.0 59.0 58.0 57.0 56.0 55.0 54.0 53.0 52.0 51.0 50.0 49.0 48.0 47.0 46.0 45.0 44.0 43.0 42.0 41.0 40.0 39.0 38.0 37.0 36.0 35.0 34.0 33.0 32.0 31.0 30.0 29.0 28.0 27.0 26.0 25.0 24.0 23.0 22.0 21.0 20.0 19.0 18.0 17.0 16.0 15.0 14.0 13.0 12.0 11.0 10.0 9.0 8.0 7.0 6.0 5.0 4.0 3.0 2.0 1.0 0.0 1.0 2.0 3.0 4.0 5.0 6.0 7.0 8.0 9.0 10.0 11.0 12.0 13.0 14.0 15.0 16.0 17.0 18.0 19.0 20.0 21.0 22.0 23.0 24.0 25.0 26.0 27.0 28.0 29.0 30.0 31.0 32.0 33.0 34.0 35.0 36.0 37.0 38.0 39.0 40.0 41.0 42.0 43.0 44.0 45.0 46.0 47.0 48.0 49.0 50.0 51.0 52.0 53.0 54.0 55.0 56.0 
56.0 57.0 58.0 59.0 60.0 61.0 62.0 63.0 64.0 63.0 62.0 61.0 60.0 59.0 58.0 57.0 56.0 55.0 54.0 53.0 52.0 51.0 50.0 49.0 48.0 47.0 46.0 45.0 44.0 43.0 42.0 41.0 40.0 39.0 38.0 37.0 36.0 35.0 34.0 33.0 32.0 31.0 30.0 29.0 28.0 27.0 26.0 25.0 24.0 23.0 22.0 21.0 20.0 19.0 18.0 17.0 16.0 15.0 14.0 13.0 12.0 11.0 10.0 9.0 8.0 7.0 6.0 5.0 4.0 3.0 2.0 1.0 0.0 1.0 2.0 3.0 4.0 5.0 6.0 7.0 8.0 9.0 10.0 11.0 12.0 13.0 14.0 15.0 16.0 17.0 18.0 19.0 20.0 21.0 22.0 23.0 24.0 25.0 26.0 27.0 28.0 29.0 30.0 31.0 32.0 33.0 34.0 35.0 36.0 37.0 38.0 39.0 40.0 41.0 42.0 43.0 44.0 45.0 46.0 47.0 48.0 49.0 50.0 51.0 52.0 53.0 54.0 55.0 
55.0 56.0 57.0 58.0 59.0 60.0 61.0 62.0 63.0 64.0 63.0 62.0 61.0 60.0 59.0 58.0 57.0 56.0 55.0 54.0 53.0 52.0 51.0 50.0 49.0 48.0 47.0 46.0 45.0 44.0 43.0 42.0 41.0 40.0 39.0 38.0 37.0 36.0 35.0 34.0 33.0 32.0 31.0 30.0 29.0 28.0 27.0 26.0 25.0 24.0 23.0 22.0 21.0 20.0 19.0 18.0 17.0 16.0 15.0 14.0 13.0 12.0 11.0 10.0 9.0 8.0 7.0 6.0 5.0 4.0 3.0 2.0 1.0 0.0 1.0 2.0 3.0 4.0 5.0 6.0 7.0 8.0 9.0 10.0 11.0 12.0 13.0 14.0 15.0 16.0 17.0 18.0 19.0 20.0 21.0 22.0 23.0 24.0 25.0 26.0 27.0 28.0 29.0 30.0 31.0 32.0 33.0 34.0 35.0 36.0 37.0 38.0 39.0 40.0 41.0 42.0 43.0 44.0 45.0 46.0 47.0 48.0 49.0 50.0 51.0 52.0 53.0 54.0 
54.0 55.0 56.0 57.0 58.0 59.0 60.0 61.0 62.0 63.0 64.0 63.0 62.0 61.0 60.0 59.0 58.0 57.0 56.0 55.0 54.0 53.0 52.0 51.0 50.0 49.0 48.0 47.0 46.0 45.0 44.0 43.0 42.0 41.0 40.0 39.0 38.0 37.0 36.0 35.0 34.0 33.0 32.0 31.0 30.0 29.0 28.0 27.0 26.0 25.0 24.0 23.0 22.0 21.0 20.0 19.0 18.0 17.0 16.0 15.0 14.0 13.0 12.0 11.0 10.0 9.0 8.0 7.0 6.0 5.0 4.0 3.0 2.0 1.0 0.0 1.0 2.0 3.0 4.0 5.0 6.0 7.0 8.0 9.0 10.0 11.0 12.0 13.0 14.0 15.0 16.0 17.0 18.0 19.0 20.0 21.0 22.0 23.0 24.0 25.0 26.0 27.0 28.0 29.0 30.0 31.0 32.0 33.0 34.0 35.0 36.0 37.0 38.0 39.0 40.0 41.0 42.0 43.0 44.0 45.0 46.0 47.0 48.0 49.0 50.0 51.0 52.0 53.0 
53.0 54.0 55.0 56.0 57.0 58.0 59.0 60.0 61.0 62.0 63.0 64.0 63.0 62.0 61.0 60.0 59.0 58.0 57.0 56.0 55.0 54.0 53.0 52.0 51.0 50.0 49.0 48.0 47.0 46.0 45.0 44.0 43.0 42.0 41.0 40.0 39.0 38.0 37.0 36.0 35.0 34.0 33.0 32.0 31.0 30.0 29.0 28.0 27.0 26.0 25.0 24.0 23.0 22.0 21.0 20.0 19.0 18.0 17.0 16.0 15.0 14.0 13.0 12.0 11.0 10.0 9.0 8.0 7.0 6.0 5.0 4.0 3.0 2.0 1.0 0.0 1.0 2.0 3.0 4.0 5.0 6.0 7.0 8.0 9.0 10.0 11.0 12.0 13.0 14.0 15.0 16.0 17.0 18.0 19.0 20.0 21.0 22.0 23.0 24.0 25.0 26.0 27.0 28.0 29.0 30.0 31.0 32.0 33.0 34.0 35.0 36.0 37.0 38.0 39.0 40.0 41.0 42.0 43.0 44.0 45.0 46.0 47.0 48.0 49.0 50.0 51.0 52.0 
52.0 53.0 54.0 55.0 56.0 57.0 58.0 59.0 60.0 61.0 62.0 63.0 64.0 63.0 62.0 61.0 60.0 59.0 58.0 57.0 56.0 55.0 54.0 53.0 52.0 51.0 50.0 49.0 48.0 47.0 46.0 45.0 44.0 43.0 42.0 41.0 40.0 39.0 38.0 37.0 36.0 35.0 34.0 33.0 32.0 31.0 30.0 29.0 28.0 27.0 26.0 25.0 24.0 23.0 22.0 21.0 20.0 19.0 18.0 17.0 16.0 15.0 14.0 13.0 12.0 11.0 10.0 9.0 8.0 7.0 6.0 5.0 4.0 3.0 2.0 1.0 0.0 1.0 2.0 3.0 4.0 5.0 6.0 7.0 8.0 9.0 10.0 11.0 12.0 13.0 14.0 15.0 16.0 17.0 18.0 19.0 20.0 21.0 22.0 23.0 24.0 25.0 26.0 27.0 28.0 29.0 30.0 31.0 32.0 33.0 34.0 35.0 36.0 37.0 38.0 39.0 40.0 41.0 42.0 43.0 44.0 45.0 46.0 47.0 48.0 49.0 50.0 51.0 
51.0 52.0 53.0 54.0 55.0 56.0 57.0 58.0 59.0 60.0 61.0 62.0 63.0 64.0 63.0 62.0 61.0 60.0 59.0 58.0 57.0 56.0 55.0 54.0 53.0 52.0 51.0 50.0 49.0 48.0 47.0 46.0 45.0 44.0 43.0 42.0 41.0 40.0 39.0 38.0 37.0 36.0 35.0 34.0 33.0 32.0 31.0 30.0 29.0 28.0 27.0 26.0 25.0 24.0 23.0 22.0 21.0 20.0 19.0 18.0 17.0 16.0 15.0 14.0 13.0 12.0 11.0 10.0 9.0 8.0 7.0 6.0 5.0 4.0 3.0 2.0 1.0 0.0 1.0 2.0 3.0 4.0 5.0 6.0 7.0 8.0 9.0 10.0 11.0 12.0 13.0 14.0 15.0 16.0 17.0 18.0 19.0 20.0 21.0 22.0 23.0 24.0 25.0 26.0 27.0 28.0 29.0 30.0 31.0 32.0 33.0 34.0 35.0 36.0 37.0 38.0 39.0 40.0 41.0 42.0 43.0 44.0 45.0 46.0 47.0 48.0 49.0 50.0 
50.0 51.0 52.0 53.0 54.0 55.0 56.0 57.0 58.0 59.0 60.0 61.0 62.0 63.0 64.0 63.0 62.0 61.0 60.0 59.0 58.0 57.0 56.0 55.0 54.0 53.0 52.0 51.0 50.0 49.0 48.0 47.0 46.0 45.0 44.0 43.0 42.0 41.0 40.0 39.0 38.0 37.0 36.0 35.0 34.0 33.0 32.0 31.0 30.0 29.0 28.0 27.0 26.0 25.0 24.0 23.0 22.0 21.0 20.0 19.0 18.0 17.0 16.0 15.0 14.0 13.0 12.0 11.0 10.0 9.0 8.0 7.0 6.0 5.0 4.0 3.0 2.0 1.0 0.0 1.0 2.0 3.0 4.0 5.0 6.0 7.0 8.0 9.0 10.0 11.0 12.0 13.0 14.0 15.0 16.0 17.0 18.0 19.0 20.0 21.0 22.0 23.0 24.0 25.0 26.0 27.0 28.0 29.0 30.0 31.0 32.0 33.0 34.0 35.0 36.0 37.0 38.0 39.0 40.0 41.0 42.0 43.0 44.0 45.0 46.0 47.0 48.0 49.0 
49.0 50.0 51.0 52.0 53.0 54.0 55.0 56.0 57.0 58.0 59.0 60.0 61.0 62.0 63.0 64.0 63.0 62.0 61.0 60.0 59.0 58.0 57.0 56.0 55.0 54.0 53.0 52.0 51.0 50.0 49.0 48.0 47.0 46.0 45.0 44.0 43.0 42.0 41.0 40.0 39.0 38.0 37.0 36.0 35.0 34.0 33.0 32.0 31.0 30.0 29.0 28.0 27.0 26.0 25.0 24.0 23.0 22.0 21.0 20.0 19.0 18.0 17.0 16.0 15.0 14.0 13.0 12.0 11.0 10.0 9.0 8.0 7.0 6.0 5.0 4.0 3.0 2.0 1.0 0.0 1.0 2.0 3.0 4.0 5.0 6.0 7.0 8.0 9.0 10.0 11.0 12.0 13.0 14.0 15.0 16.0 17.0 18.0 19.0 20.0 21.0 22.0 23.0 24.0 25.0 26.0 27.0 28.0 29.0 30.0 31.0 32.0 33.0 34.0 35.0 36.0 37.0 38.0 39.0 40.0 41.0 42.0 43.0 44.0 45.0 46.0 47.0 48.0 
48.0 49.0 50.0 51.0 52.0 53.0 54.0 55.0 56.0 57.0 58.0 59.0 60.0 61.0 62.0 63.0 64.0 63.0 62.0 61.0 60.0 59.0 58.0 57.0 56.0 55.0 54.0 53.0 52.0 51.0 50.0 49.0 48.0 47.0 46.0 45.0 44.0 43.0 42.0 41.0 40.0 39.0 38.0 37.0 36.0 35.0 34.0 33.0 32.0 31.0 30.0 29.0 28.0 27.0 26.0 25.0 24.0 23.0 22.0 21.0 20.0 19.0 18.0 17.0 16.0 15.0 14.0 13.0 12.0 11.0 10.0 9.0 8.0 7.0 6.0 5.0 4.0 3.0 2.0 1.0 0.0 1.0 2.0 3.0 4.0 5.0 6.0 7.0 8.0 9.0 10.0 11.0 12.0 13.0 14.0 15.0 16.0 17.0 18.0 19.0 20.0 21.0 22.0 23.0 24.0 25.0 26.0 27.0 28.0 29.0 30.0 31.0 32.0 33.0 34.0 35.0 36.0 37.0 38.0 39.0 40.0 41.0 42.0 43.0 44.0 45.0 46.0 47.0 
47.0 48.0 49.0 50.0 51.0 52.0 53.0 54.0 55.0 56.0 57.0 58.0 59.0 60.0 61.0 62.0 63.0 64.0 63.0 62.0 61.0 60.0 59.0 58.0 57.0 56.0 55.0 54.0 53.0 52.0 51.0 50.0 49.0 48.0 47.0 46.0 45.0 44.0 43.0 42.0 41.0 40.0 39.0 38.0 37.0 36.0 35.0 34.0 33.0 32.0 31.0 30.0 29.0 28.0 27.0 26.0 25.0 24.0 23.0 22.0 21.0 20.0 19.0 18.0 17.0 16.0 15.0 14.0 13.0 12.0 11.0 10.0 9.0 8.0 7.0 6.0 5.0 4.0 3.0 2.0 1.0 0.0 1.0 2.0 3.0 4.0 5.0 6.0 7.0 8.0 9.0 10.0 11.0 12.0 13.0 14.0 15.0 16.0 17.0 18.0 19.0 20.0 21.0 22.0 23.0 24.0 25.0 26.0 27.0 28.0 29.0 30.0 31.0 32.0 33.0 34.0 35.0 36.0 37.0 38.0 39.0 40.0 41.0 42.0 43.0 44.0 45.0 46.0 
46.0 47.0 48.0 49.0 50.0 51.0 52.0 53.0 54.0 55.0 56.0 57.0 58.0 59.0 60.0 61.0 62.0 63.0 64.0 63.0 62.0 61.0 60.0 59.0 58.0 57.0 56.0 55.0 54.0 53.0 52.0 51.0 50.0 49.0 48.0 47.0 46.0 45.0 44.0 43.0 42.0 41.0 40.0 39.0 38.0 37.0 36.0 35.0 34.0 33.0 32.0 31.0 30.0 29.0 28.0 27.0 26.0 25.0 24.0 23.0 22.0 21.0 20.0 19.0 18.0 17.0 16.0 15.0 14.0 13.0 12.0 11.0 10.0 9.0 8.0 7.0 6.0 5.0 4.0 3.0 2.0 1.0 0.0 1.0 2.0 3.0 4.0 5.0 6.0 7.0 8.0 9.0 10.0 11.0 12.0 13.0 14.0 15.0 16.0 17.0 18.0 19.0 20.0 21.0 22.0 23.0 24.0 25.0 26.0 27.0 28.0 29.0 30.0 31.0 32.0 33.0 34.0 35.0 36.0 37.0 38.0 39.0 40.0 41.0 42.0 43.0 44.0 45.0 
45.0 46.0 47.0 48.0 49.0 50.0 51.0 52.0 53.0 54.0 55.0 56.0 57.0 58.0 59.0 60.0 61.0 62.0 63.0 64.0 63.0 62.0 61.0 60.0 59.0 58.0 57.0 56.0 55.0 54.0 53.0 52.0 51.0 50.0 49.0 48.0 47.0 46.0 45.0 44.0 43.0 42.0 41.0 40.0 39.0 38.0 37.0 36.0 35.0 34.0 33.0 32.0 31.0 30.0 29.0 28.0 27.0 26.0 25.0 24.0 23.0 22.0 21.0 20.0 19.0 18.0 17.0 16.0 15.0 14.0 13.0 12.0 11.0 10.0 9.0 8.0 7.0 6.0 5.0 4.0 3.0 2.0 1.0 0.0 1.0 2.0 3.0 4.0 5.0 6.0 7.0 8.0 9.0 10.0 11.0 12.0 13.0 14.0 15.0 16.0 17.0 18.0 19.0 20.0 21.0 22.0 23.0 24.0 25.0 26.0 27.0 28.0 29.0 30.0 31.0 32.0 33.0 34.0 35.0 36.0 37.0 38.0 39.0 40.0 41.0 42.0 43.0 44.0 
44.0 45.0 46.0 47.0 48.0 49.0 50.0 51.0 52.0 53.0 54.0 55.0 56.0 57.0 58.0 59.0 60.0 61.0 62.0 63.0 64.0 63.0 62.0 61.0 60.0 59.0 58.0 57.0 56.0 55.0 54.0 53.0 52.0 51.0 50.0 49.0 48.0 47.0 46.0 45.0 44.0 43.0 42.0 41.0 40.0 39.0 38.0 37.0 36.0 35.0 34.0 33.0 32.0 31.0 30.0 29.0 28.0 27.0 26.0 25.0 24.0 23.0 22.0 21.0 20.0 19.0 18.0 17.0 16.0 15.0 14.0 13.0 12.0 11.0 10.0 9.0 8.0 7.0 6.0 5.0 4.0 3.0 2.0 1.0 0.0 1.0 2.0 3.0 4.0 5.0 6.0 7.0 8.0 9.0 10.0 11.0 12.0 13.0 14.0 15.0 16.0 17.0 18.0 19.0 20.0 21.0 22.0 23.0 24.0 25.0 26.0 27.0 28.0 29.0 30.0 31.0 32.0 33.0 34.0 35.0 36.0 37.0 38.0 39.0 40.0 41.0 42.0 43.0 
43.0 44.0 45.0 46.0 47.0 48.0 49.0 50.0 51.0 52.0 53.0 54.0 55.0 56.0 57.0 58.0 59.0 60.0 61.0 62.0 63.0 64.0 63.0 62.0 61.0 60.0 59.0 58.0 57.0 56.0 55.0 54.0 53.0 52.0 51.0 50.0 49.0 48.0 47.0 46.0 45.0 44.0 43.0 42.0 41.0 40.0 39.0 38.0 37.0 36.0 35.0 34.0 33.0 32.0 31.0 30.0 29.0 28.0 27.0 26.0 25.0 24.0 23.0 22.0 21.0 20.0 19.0 18.0 17.0 16.0 15.0 14.0 13.0 12.0 11.0 10.0 9.0 8.0 7.0 6.0 5.0 4.0 3.0 2.0 1.0 0.0 1.0 2.0 3.0 4.0 5.0 6.0 7.0 8.0 9.0 10.0 11.0 12.0 13.0 14.0 15.0 16.0 17.0 18.0 19.0 20.0 21.0 22.0 23.0 24.0 25.0 26.0 27.0 28.0 29.0 30.0 31.0 32.0 33.0 34.0 35.0 36.0 37.0 38.0 39.0 40.0 41.0 42.0 
42.0 43.0 44.0 45.0 46.0 47.0 48.0 49.0 50.0 51.0 52.0 53.0 54.0 55.0 56.0 57.0 58.0 59.0 60.0 61.0 62.0 63.0 64.0 63.0 62.0 61.0 60.0 59.0 58.0 57.0 56.0 55.0 54.0 53.0 52.0 51.0 50.0 49.0 48.0 47.0 46.0 45.0 44.0 43.0 42.0 41.0 40.0 39.0 38.0 37.0 36.0 35.0 34.0 33.0 32.0 31.0 30.0 29.0 28.0 27.0 26.0 25.0 24.0 23.0 22.0 21.0 20.0 19.0 18.0 17.0 16.0 15.0 14.0 13.0 12.0 11.0 10.0 9.0 8.0 7.0 6.0 5.0 4.0 3.0 2.0 1.0 0.0 1.0 2.0 3.0 4.0 5.0 6.0 7.0 8.0 9.0 10.0 11.0 12.0 13.0 14.0 15.0 16.0 17.0 18.0 19.0 20.0 21.0 22.0 23.0 24.0 25.0 26.0 27.0 28.0 29.0 30.0 31.0 32.0 33.0 34.0 35.0 36.0 37.0 38.0 39.0 40.0 41.0 
41.0 42.0 43.0 44.0 45.0 46.0 47.0 48.0 49.0 50.0 51.0 52.0 53.0 54.0 55.0 56.0 57.0 58.0 59.0 60.0 61.0 62.0 63.0 64.0 63.0 62.0 61.0 60.0 59.0 58.0 57.0 56.0 55.0 54.0 53.0 52.0 51.0 50.0 49.0 48.0 47.0 46.0 45.0 44.0 43.0 42.0 41.0 40.0 39.0 38.0 37.0 36.0 35.0 34.0 33.0 32.0 31.0 30.0 29.0 28.0 27.0 26.0 25.0 24.0 23.0 22.0 21.0 20.0 19.0 18.0 17.0 16.0 15.0 14.0 13.0 12.0 11.0 10.0 9.0 8.0 7.0 6.0 5.0 4.0 3.0 2.0 1.0 0.0 1.0 2.0 3.0 4.0 5.0 6.0 7.0 8.0 9.0 10.0 11.0 12.0 13.0 14.0 15.0 16.0 17.0 18.0 19.0 20.0 21.0 22.0 23.0 24.0 25.0 26.0 27.0 28.0 29.0 30.0 31.0 32.0 33.0 34.0 35.0 36.0 37.0 38.0 39.0 40.0 
40.0 41.0 42.0 43.0 44.0 45.0 46.0 47.0 48.0 49.0 50.0 51.0 52.0 53.0 54.0 55.0 56.0 57.0 58.0 59.0 60.0 61.0 62.0 63.0 64.0 63.0 62.0 61.0 60.0 59.0 58.0 57.0 56.0 55.0 54.0 53.0 52.0 51.0 50.0 49.0 48.0 47.0 46.0 45.0 44.0 43.0 42.0 41.0 40.0 39.0 38.0 37.0 36.0 35.0 34.0 33.0 32.0 31.0 30.0 29.0 28.0 27.0 26.0 25.0 24.0 23.0 22.0 21.0 20.0 19.0 18.0 17.0 16.0 15.0 14.0 13.0 12.0 11.0 10.0 9.0 8.0 7.0 6.0 5.0 4.0 3.0 2.0 1.0 0.0 1.0 2.0 3.0 4.0 5.0 6.0 7.0 8.0 9.0 10.0 11.0 12.0 13.0 14.0 15.0 16.0 17.0 18.0 19.0 20.0 21.0 22.0 23.0 24.0 25.0 26.0 27.0 28.0 29.0 30.0 31.0 32.0 33.0 34.0 35.0 36.0 37.0 38.0 39.0 
39.0 40.0 41.0 42.0 43.0 44.0 45.0 46.0 47.0 48.0 49.0 50.0 51.0 52.0 53.0 54.0 55.0 56.0 57.0 58.0 59.0 60.0 61.0 62.0 63.0 64.0 63.0 62.0 61.0 60.0 59.0 58.0 57.0 56.0 55.0 54.0 53.0 52.0 51.0 50.0 49.0 48.0 47.0 46.0 45.0 44.0 43.0 42.0 41.0 40.0 39.0 38.0 37.0 36.0 35.0 34.0 33.0 32.0 31.0 30.0 29.0 28.0 27.0 26.0 25.0 24.0 23.0 22.0 21.0 20.0 19.0 18.0 17.0 16.0 15.0 14.0 13.0 12.0 11.0 10.0 9.0 8.0 7.0 6.0 5.0 4.0 3.0 2.0 1.0 0.0 1.0 2.0 3.0 4.0 5.0 6.0 7.0 8.0 9.0 10.0 11.0 12.0 13.0 14.0 15.0 16.0 17.0 18.0 19.0 20.0 21.0 22.0 23.0 24.0 25.0 26.0 27.0 28.0 29.0 30.0 31.0 32.0 33.0 34.0 35.0 36.0 37.0 38.0 
38.0 39.0 40.0 41.0 42.0 43.0 44.0 45.0 46.0 47.0 48.0 49.0 50.0 51.0 52.0 53.0 54.0 55.0 56.0 57.0 58.0 59.0 60.0 61.0 62.0 63.0 64.0 63.0 62.0 61.0 60.0 59.0 58.0 57.0 56.0 55.0 54.0 53.0 52.0 51.0 50.0 49.0 48.0 47.0 46.0 45.0 44.0 43.0 42.0 41.0 40.0 39.0 38.0 37.0 36.0 35.0 34.0 33.0 32.0 31.0 30.0 29.0 28.0 27.0 26.0 25.0 24.0 23.0 22.0 21.0 20.0 19.0 18.0 17.0 16.0 15.0 14.0 13.0 12.0 11.0 10.0 9.0 8.0 7.0 6.0 5.0 4.0 3.0 2.0 1.0 0.0 1.0 2.0 3.0 4.0 5.0 6.0 7.0 8.0 9.0 10.0 11.0 12.0 13.0 14.0 15.0 16.0 17.0 18.0 19.0 20.0 21.0 22.0 23.0 24.0 25.0 26.0 27.0 28.0 29.0 30.0 31.0 32.0 33.0 34.0 35.0 36.0 37.0 
37.0 38.0 39.0 40.0 41.0 42.0 43.0 44.0 45.0 46.0 47.0 48.0 49.0 50.0 51.0 52.0 53.0 54.0 55.0 56.0 57.0 58.0 59.0 60.0 61.0 62.0 63.0 64.0 63.0 62.0 61.0 60.0 59.0 58.0 57.0 56.0 55.0 54.0 53.0 52.0 51.0 50.0 49.0 48.0 47.0 46.0 45.0 44.0 43.0 42.0 41.0 40.0 39.0 38.0 37.0 36.0 35.0 34.0 33.0 32.0 31.0 30.0 29.0 28.0 27.0 26.0 25.0 24.0 23.0 22.0 21.0 20.0 19.0 18.0 17.0 16.0 15.0 14.0 13.0 12.0 11.0 10.0 9.0 8.0 7.0 6.0 5.0 4.0 3.0 2.0 1.0 0.0 1.0 2.0 3.0 4.0 5.0 6.0 7.0 8.0 9.0 10.0 11.0 12.0 13.0 14.0 15.0 16.0 17.0 18.0 19.0 20.0 21.0 22.0 23.0 24.0 25.0 26.0 27.0 28.0 29.0 30.0 31.0 32.0 33.0 34.0 35.0 36.0 
36.0 37.0 38.0 39.0 40.0 41.0 42.0 43.0 44.0 45.0 46.0 47.0 48.0 49.0 50.0 51.0 52.0 53.0 54.0 55.0 56.0 57.0 58.0 59.0 60.0 61.0 62.0 63.0 64.0 63.0 62.0 61.0 60.0 59.0 58.0 57.0 56.0 55.0 54.0 53.0 52.0 51.0 50.0 49.0 48.0 47.0 46.0 45.0 44.0 43.0 42.0 41.0 40.0 39.0 38.0 37.0 36.0 35.0 34.0 33.0 32.0 31.0 30.0 29.0 28.0 27.0 26.0 25.0 24.0 23.0 22.0 21.0 20.0 19.0 18.0 17.0 16.0 15.0 14.0 13.0 12.0 11.0 10.0 9.0 8.0 7.0 6.0 5.0 4.0 3.0 2.0 1.0 0.0 1.0 2.0 3.0 4.0 5.0 6.0 7.0 8.0 9.0 10.0 11.0 12.0 13.0 14.0 15.0 16.0 17.0 18.0 19.0 20.0 21.0 22.0 23.0 24.0 25.0 26.0 27.0 28.0 29.0 30.0 31.0 32.0 33.0 34.0 35.0 
35.0 36.0 37.0 38.0 39.0 40.0 41.0 42.0 43.0 44.0 45.0 46.0 47.0 48.0 49.0 50.0 51.0 52.0 53.0 54.0 55.0 56.0 57.0 58.0 59.0 60.0 61.0 62.0 63.0 64.0 63.0 62.0 61.0 60.0 59.0 58.0 57.0 56.0 55.0 54.0 53.0 52.0 51.0 50.0 49.0 48.0 47.0 46.0 45.0 44.0 43.0 42.0 41.0 40.0 39.0 38.0 37.0 36.0 35.0 34.0 33.0 32.0 31.0 30.0 29.0 28.0 27.0 26.0 25.0 24.0 23.0 22.0 21.0 20.0 19.0 18.0 17.0 16.0 15.0 14.0 13.0 12.0 11.0 10.0 9.0 8.0 7.0 6.0 5.0 4.0 3.0 2.0 1.0 0.0 1.0 2.0 3.0 4.0 5.0 6.0 7.0 8.0 9.0 10.0 11.0 12.0 13.0 14.0 15.0 16.0 17.0 18.0 19.0 20.0 21.0 22.0 23.0 24.0 25.0 26.0 27.0 28.0 29.0 30.0 31.0 32.0 33.0 34.0 
34.0 35.0 36.0 37.0 38.0 39.0 40.0 41.0 42.0 43.0 44.0 45.0 46.0 47.0 48.0 49.0 50.0 51.0 52.0 53.0 54.0 55.0 56.0 57.0 58.0 59.0 60.0 61.0 62.0 63.0 64.0 63.0 62.0 61.0 60.0 59.0 58.0 57.0 56.0 55.0 54.0 53.0 52.0 51.0 50.0 49.0 48.0 47.0 46.0 45.0 44.0 43.0 42.0 41.0 40.0 39.0 38.0 37.0 36.0 35.0 34.0 33.0 32.0 31.0 30.0 29.0 28.0 27.0 26.0 25.0 24.0 23.0 22.0 21.0 20.0 19.0 18.0 17.0 16.0 15.0 14.0 13.0 12.0 11.0 10.0 9.0 8.0 7.0 6.0 5.0 4.0 3.0 2.0 1.0 0.0 1.0 2.0 3.0 4.0 5.0 6.0 7.0 8.0 9.0 10.0 11.0 12.0 13.0 14.0 15.0 16.0 17.0 18.0 19.0 20.0 21.0 22.0 23.0 24.0 25.0 26.0 27.0 28.0 29.0 30.0 31.0 32.0 33.0 
33.0 34.0 35.0 36.0 37.0 38.0 39.0 40.0 41.0 42.0 43.0 44.0 45.0 46.0 47.0 48.0 49.0 50.0 51.0 52.0 53.0 54.0 55.0 56.0 57.0 58.0 59.0 60.0 61.0 62.0 63.0 64.0 63.0 62.0 61.0 60.0 59.0 58.0 57.0 56.0 55.0 54.0 53.0 52.0 51.0 50.0 49.0 48.0 47.0 46.0 45.0 44.0 43.0 42.0 41.0 40.0 39.0 38.0 37.0 36.0 35.0 34.0 33.0 32.0 31.0 30.0 29.0 28.0 27.0 26.0 25.0 24.0 23.0 22.0 21.0 20.0 19.0 18.0 17.0 16.0 15.0 14.0 13.0 12.0 11.0 10.0 9.0 8.0 7.0 6.0 5.0 4.0 3.0 2.0 1.0 0.0 1.0 2.0 3.0 4.0 5.0 6.0 7.0 8.0 9.0 10.0 11.0 12.0 13.0 14.0 15.0 16.0 17.0 18.0 19.0 20.0 21.0 22.0 23.0 24.0 25.0 26.0 27.0 28.0 29.0 30.0 31.0 32.0 
32.0 33.0 34.0 35.0 36.0 37.0 38.0 39.0 40.0 41.0 42.0 43.0 44.0 45.0 46.0 47.0 48.0 49.0 50.0 51.0 52.0 53.0 54.0 55.0 56.0 57.0 58.0 59.0 60.0 61.0 62.0 63.0 64.0 63.0 62.0 61.0 60.0 59.0 58.0 57.0 56.0 55.0 54.0 53.0 52.0 51.0 50.0 49.0 48.0 47.0 46.0 45.0 44.0 43.0 42.0 41.0 40.0 39.0 38.0 37.0 36.0 35.0 34.0 33.0 32.0 31.0 30.0 29.0 28.0 27.0 26.0 25.0 24.0 23.0 22.0 21.0 20.0 19.0 18.0 17.0 16.0 15.0 14.0 13.0 12.0 11.0 10.0 9.0 8.0 7.0 6.0 5.0 4.0 3.0 2.0 1.0 0.0 1.0 2.0 3.0 4.0 5.0 6.0 7.0 8.0 9.0 10.0 11.0 12.0 13.0 14.0 15.0 16.0 17.0 18.0 19.0 20.0 21.0 22.0 23.0 24.0 25.0 26.0 27.0 28.0 29.0 30.0 31.0 
31.0 32.0 33.0 34.0 35.0 36.0 37.0 38.0 39.0 40.0 41.0 42.0 43.0 44.0 45.0 46.0 47.0 48.0 49.0 50.0 51.0 52.0 53.0 54.0 55.0 56.0 57.0 58.0 59.0 60.0 61.0 62.0 63.0 64.0 63.0 62.0 61.0 60.0 59.0 58.0 57.0 56.0 55.0 54.0 53.0 52.0 51.0 50.0 49.0 48.0 47.0 46.0 45.0 44.0 43.0 42.0 41.0 40.0 39.0 38.0 37.0 36.0 35.0 34.0 33.0 32.0 31.0 30.0 29.0 28.0 27.0 26.0 25.0 24.0 23.0 22.0 21.0 20.0 19.0 18.0 17.0 16.0 15.0 14.0 13.0 12.0 11.0 10.0 9.0 8.0 7.0 6.0 5.0 4.0 3.0 2.0 1.0 0.0 1.0 2.0 3.0 4.0 5.0 6.0 7.0 8.0 9.0 10.0 11.0 12.0 13.0 14.0 15.0 16.0 17.0 18.0 19.0 20.0 21.0 22.0 23.0 24.0 25.0 26.0 27.0 28.0 29.0 30.0 
30.0 31.0 32.0 33.0 34.0 35.0 36.0 37.0 38.0 39.0 40.0 41.0 42.0 43.0 44.0 45.0 46.0 47.0 48.0 49.0 50.0 51.0 52.0 53.0 54.0 55.0 56.0 57.0 58.0 59.0 60.0 61.0 62.0 63.0 64.0 63.0 62.0 61.0 60.0 59.0 58.0 57.0 56.0 55.0 54.0 53.0 52.0 51.0 50.0 49.0 48.0 47.0 46.0 45.0 44.0 43.0 42.0 41.0 40.0 39.0 38.0 37.0 36.0 35.0 34.0 33.0 32.0 31.0 30.0 29.0 28.0 27.0 26.0 25.0 24.0 23.0 22.0 21.0 20.0 19.0 18.0 17.0 16.0 15.0 14.0 13.0 12.0 11.0 10.0 9.0 8.0 7.0 6.0 5.0 4.0 3.0 2.0 1.0 0.0 1.0 2.0 3.0 4.0 5.0 6.0 7.0 8.0 9.0 10.0 11.0 12.0 13.0 14.0 15.0 16.0 17.0 18.0 19.0 20.0 21.0 22.0 23.0 24.0 25.0 26.0 27.0 28.0 29.0 
29.0 30.0 31.0 32.0 33.0 34.0 35.0 36.0 37.0 38.0 39.0 40.0 41.0 42.0 43.0 44.0 45.0 46.0 47.0 48.0 49.0 50.0 51.0 52.0 53.0 54.0 55.0 56.0 57.0 58.0 59.0 60.0 61.0 62.0 63.0 64.0 63.0 62.0 61.0 60.0 59.0 58.0 57.0 56.0 55.0 54.0 53.0 52.0 51.0 50.0 49.0 48.0 47.0 46.0 45.0 44.0 43.0 42.0 41.0 40.0 39.0 38.0 37.0 36.0 35.0 34.0 33.0 32.0 31.0 30.0 29.0 28.0 27.0 26.0 25.0 24.0 23.0 22.0 21.0 20.0 19.0 18.0 17.0 16.0 15.0 14.0 13.0 12.0 11.0 10.0 9.0 8.0 7.0 6.0 5.0 4.0 3.0 2.0 1.0 0.0 1.0 2.0 3.0 4.0 5.0 6.0 7.0 8.0 9.0 10.0 11.0 12.0 13.0 14.0 15.0 16.0 17.0 18.0 19.0 20.0 21.0 22.0 23.0 24.0 25.0 26.0 27.0 28.0 
28.0 29.0 30.0 31.0 32.0 33.0 34.0 35.0 36.0 37.0 38.0 39.0 40.0 41.0 42.0 43.0 44.0 45.0 46.0 47.0 48.0 49.0 50.0 51.0 52.0 53.0 54.0 55.0 56.0 57.0 58.0 59.0 60.0 61.0 62.0 63.0 64.0 63.0 62.0 61.0 60.0 59.0 58.0 57.0 56.0 55.0 54.0 53.0 52.0 51.0 50.0 49.0 48.0 47.0 46.0 45.0 44.0 43.0 42.0 41.0 40.0 39.0 38.0 37.0 36.0 35.0 34.0 33.0 32.0 31.0 30.0 29.0 28.0 27.0 26.0 25.0 24.0 23.0 22.0 21.0 20.0 19.0 18.0 17.0 16.0 15.0 14.0 13.0 12.0 11.0 10.0 9.0 8.0 7.0 6.0 5.0 4.0 3.0 2.0 1.0 0.0 1.0 2.0 3.0 4.0 5.0 6.0 7.0 8.0 9.0 10.0 11.0 12.0 13.0 14.0 15.0 16.0 17.0 18.0 19.0 20.0 21.0 22.0 23.0 24.0 25.0 26.0 27.0 
27.0 28.0 29.0 30.0 31.0 32.0 33.0 34.0 35.0 36.0 37.0 38.0 39.0 40.0 41.0 42.0 43.0 44.0 45.0 46.0 47.0 48.0 49.0 50.0 51.0 52.0 53.0 54.0 55.0 56.0 57.0 58.0 59.0 60.0 61.0 62.0 63.0 64.0 63.0 62.0 61.0 60.0 59.0 58.0 57.0 56.0 55.0 54.0 53.0 52.0 51.0 50.0 49.0 48.0 47.0 46.0 45.0 44.0 43.0 42.0 41.0 40.0 39.0 38.0 37.0 36.0 35.0 34.0 33.0 32.0 31.0 30.0 29.0 28.0 27.0 26.0 25.0 24.0 23.0 22.0 21.0 20.0 19.0 18.0 17.0 16.0 15.0 14.0 13.0 12.0 11.0 10.0 9.0 8.0 7.0 6.0 5.0 4.0 3.0 2.0 1.0 0.0 1.0 2.0 3.0 4.0 5.0 6.0 7.0 8.0 9.0 10.0 11.0 12.0 13.0 14.0 15.0 16.0 17.0 18.0 19.0 20.0 21.0 22.0 23.0 24.0 25.0 26.0 
26.0 27.0 28.0 29.0 30.0 31.0 32.0 33.0 34.0 35.0 36.0 37.0 38.0 39.0 40.0 41.0 42.0 43.0 44.0 45.0 46.0 47.0 48.0 49.0 50.0 51.0 52.0 53.0 54.0 55.0 56.0 57.0 58.0 59.0 60.0 61.0 62.0 63.0 64.0 63.0 62.0 61.0 60.0 59.0 58.0 57.0 56.0 55.0 54.0 53.0 52.0 51.0 50.0 49.0 48.0 47.0 46.0 45.0 44.0 43.0 42.0 41.0 40.0 39.0 38.0 37.0 36.0 35.0 34.0 33.0 32.0 31.0 30.0 29.0 28.0 27.0 26.0 25.0 24.0 23.0 22.0 21.0 20.0 19.0 18.0 17.0 16.0 15.0 14.0 13.0 12.0 11.0 10.0 9.0 8.0 7.0 6.0 5.0 4.0 3.0 2.0 1.0 0.0 1.0 2.0 3.0 4.0 5.0 6.0 7.0 8.0 9.0 10.0 11.0 12.0 13.0 14.0 15.0 16.0 17.0 18.0 19.0 20.0 21.0 22.0 23.0 24.0 25.0 
25.0 26.0 27.0 28.0 29.0 30.0 31.0 32.0 33.0 34.0 35.0 36.0 37.0 38.0 39.0 40.0 41.0 42.0 43.0 44.0 45.0 46.0 47.0 48.0 49.0 50.0 51.0 52.0 53.0 54.0 55.0 56.0 57.0 58.0 59.0 60.0 61.0 62.0 63.0 64.0 63.0 62.0 61.0 60.0 59.0 58.0 57.0 56.0 55.0 54.0 53.0 52.0 51.0 50.0 49.0 48.0 47.0 46.0 45.0 44.0 43.0 42.0 41.0 40.0 39.0 38.0 37.0 36.0 35.0 34.0 33.0 32.0 31.0 30.0 29.0 28.0 27.0 26.0 25.0 24.0 23.0 22.0 21.0 20.0 19.0 18.0 17.0 16.0 15.0 14.0 13.0 12.0 11.0 10.0 9.0 8.0 7.0 6.0 5.0 4.0 3.0 2.0 1.0 0.0 1.0 2.0 3.0 4.0 5.0 6.0 7.0 8.0 9.0 10.0 11.0 12.0 13.0 14.0 15.0 16.0 17.0 18.0 19.0 20.0 21.0 22.0 23.0 24.0 
24.0 25.0 26.0 27.0 28.0 29.0 30.0 31.0 32.0 33.0 34.0 35.0 36.0 37.0 38.0 39.0 40.0 41.0 42.0 43.0 44.0 45.0 46.0 47.0 48.0 49.0 50.0 51.0 52.0 53.0 54.0 55.0 56.0 57.0 58.0 59.0 60.0 61.0 62.0 63.0 64.0 63.0 62.0 61.0 60.0 59.0 58.0 57.0 56.0 55.0 54.0 53.0 52.0 51.0 50.0 49.0 48.0 47.0 46.0 45.0 44.0 43.0 42.0 41.0 40.0 39.0 38.0 37.0 36.0 35.0 34.0 33.0 32.0 31.0 30.0 29.0 28.0 27.0 26.0 25.0 24.0 23.0 22.0 21.0 20.0 19.0 18.0 17.0 16.0 15.0 14.0 13.0 12.0 11.0 10.0 9.0 8.0 7.0 6.0 5.0 4.0 3.0 2.0 1.0 0.0 1.0 2.0 3.0 4.0 5.0 6.0 7.0 8.0 9.0 10.0 11.0 12.0 13.0 14.0 15.0 16.0 17.0 18.0 19.0 20.0 21.0 22.0 23.0 
23.0 24.0 25.0 26.0 27.0 28.0 29.0 30.0 31.0 32.0 33.0 34.0 35.0 36.0 37.0 38.0 39.0 40.0 41.0 42.0 43.0 44.0 45.0 46.0 47.0 48.0 49.0 50.0 51.0 52.0 53.0 54.0 55.0 56.0 57.0 58.0 59.0 60.0 61.0 62.0 63.0 64.0 63.0 62.0 61.0 60.0 59.0 58.0 57.0 56.0 55.0 54.0 53.0 52.0 51.0 50.0 49.0 48.0 47.0 46.0 45.0 44.0 43.0 42.0 41.0 40.0 39.0 38.0 37.0 36.0 35.0 34.0 33.0 32.0 31.0 30.0 29.0 28.0 27.0 26.0 25.0 24.0 23.0 22.0 21.0 20.0 19.0 18.0 17.0 16.0 15.0 14.0 13.0 12.0 11.0 10.0 9.0 8.0 7.0 6.0 5.0 4.0 3.0 2.0 1.0 0.0 1.0 2.0 3.0 4.0 5.0 6.0 7.0 8.0 9.0 10.0 11.0 12.0 13.0 14.0 15.0 16.0 17.0 18.0 19.0 20.0 21.0 22.0 
22.0 23.0 24.0 25.0 26.0 27.0 28.0 29.0 30.0 31.0 32.0 33.0 34.0 35.0 36.0 37.0 38.0 39.0 40.0 41.0 42.0 43.0 44.0 45.0 46.0 47.0 48.0 49.0 50.0 51.0 52.0 53.0 54.0 55.0 56.0 57.0 58.0 59.0 60.0 61.0 62.0 63.0 64.0 63.0 62.0 61.0 60.0 59.0 58.0 57.0 56.0 55.0 54.0 53.0 52.0 51.0 50.0 49.0 48.0 47.0 46.0 45.0 44.0 43.0 42.0 41.0 40.0 39.0 38.0 37.0 36.0 35.0 34.0 33.0 32.0 31.0 30.0 29.0 28.0 27.0 26.0 25.0 24.0 23.0 22.0 21.0 20.0 19.0 18.0 17.0 16.0 15.0 14.0 13.0 12.0 11.0 10.0 9.0 8.0 7.0 6.0 5.0 4.0 3.0 2.0 1.0 0.0 1.0 2.0 3.0 4.0 5.0 6.0 7.0 8.0 9.0 10.0 11.0 12.0 13.0 14.0 15.0 16.0 17.0 18.0 19.0 20.0 21.0 
21.0 22.0 23.0 24.0 25.0 26.0 27.0 28.0 29.0 30.0 31.0 32.0 33.0 34.0 35.0 36.0 37.0 38.0 39.0 40.0 41.0 42.0 43.0 44.0 45.0 46.0 47.0 48.0 49.0 50.0 51.0 52.0 53.0 54.0 55.0 56.0 57.0 58.0 59.0 60.0 61.0 62.0 63.0 64.0 63.0 62.0 61.0 60.0 59.0 58.0 57.0 56.0 55.0 54.0 53.0 52.0 51.0 50.0 49.0 48.0 47.0 46.0 45.0 44.0 43.0 42.0 41.0 40.0 39.0 38.0 37.0 36.0 35.0 34.0 33.0 32.0 31.0 30.0 29.0 28.0 27.0 26.0 25.0 24.0 23.0 22.0 21.0 20.0 19.0 18.0 17.0 16.0 15.0 14.0 13.0 12.0 11.0 10.0 9.0 8.0 7.0 6.0 5.0 4.0 3.0 2.0 1.0 0.0 1.0 2.0 3.0 4.0 5.0 6.0 7.0 8.0 9.0 10.0 11.0 12.0 13.0 14.0 15.0 16.0 17.0 18.0 19.0 20.0 
20.0 21.0 22.0 23.0 24.0 25.0 26.0 27.0 28.0 29.0 30.0 31.0 32.0 33.0 34.0 35.0 36.0 37.0 38.0 39.0 40.0 41.0 42.0 43.0 44.0 45.0 46.0 47.0 48.0 49.0 50.0 51.0 52.0 53.0 54.0 55.0 56.0 57.0 58.0 59.0 60.0 61.0 62.0 63.0 64.0 63.0 62.0 61.0 60.0 59.0 58.0 57.0 56.0 55.0 54.0 53.0 52.0 51.0 50.0 49.0 48.0 47.0 46.0 45.0 44.0 43.0 42.0 41.0 40.0 39.0 38.0 37.0 36.0 35.0 34.0 33.0 32.0 31.0 30.0 29.0 28.0 27.0 26.0 25.0 24.0 23.0 22.0 21.0 20.0 19.0 18.0 17.0 16.0 15.0 14.0 13.0 12.0 11.0 10.0 9.0 8.0 7.0 6.0 5.0 4.0 3.0 2.0 1.0 0.0 1.0 2.0 3.0 4.0 5.0 6.0 7.0 8.0 9.0 10.0 11.0 12.0 13.0 14.0 15.0 16.0 17.0 18.0 19.0 
19.0 20.0 21.0 22.0 23.0 24.0 25.0 26.0 27.0 28.0 29.0 30.0 31.0 32.0 33.0 34.0 35.0 36.0 37.0 38.0 39.0 40.0 41.0 42.0 43.0 44.0 45.0 46.0 47.0 48.0 49.0 50.0 51.0 52.0 53.0 54.0 55.0 56.0 57.0 58.0 59.0 60.0 61.0 62.0 63.0 64.0 63.0 62.0 61.0 60.0 59.0 58.0 57.0 56.0 55.0 54.0 53.0 52.0 51.0 50.0 49.0 48.0 47.0 46.0 45.0 44.0 43.0 42.0 41.0 40.0 39.0 38.0 37.0 36.0 35.0 34.0 33.0 32.0 31.0 30.0 29.0 28.0 27.0 26.0 25.0 24.0 23.0 22.0 21.0 20.0 19.0 18.0 17.0 16.0 15.0 14.0 13.0 12.0 11.0 10.0 9.0 8.0 7.0 6.0 5.0 4.0 3.0 2.0 1.0 0.0 1.0 2.0 3.0 4.0 5.0 6.0 7.0 8.0 9.0 10.0 11.0 12.0 13.0 14.0 15.0 16.0 17.0 18.0 
18.0 19.0 20.0 21.0 22.0 23.0 24.0 25.0 26.0 27.0 28.0 29.0 30.0 31.0 32.0 33.0 34.0 35.0 36.0 37.0 38.0 39.0 40.0 41.0 42.0 43.0 44.0 45.0 46.0 47.0 48.0 49.0 50.0 51.0 52.0 53.0 54.0 55.0 56.0 57.0 58.0 59.0 60.0 61.0 62.0 63.0 64.0 63.0 62.0 61.0 60.0 59.0 58.0 57.0 56.0 55.0 54.0 53.0 52.0 51.0 50.0 49.0 48.0 47.0 46.0 45.0 44.0 43.0 42.0 41.0 40.0 39.0 38.0 37.0 36.0 35.0 34.0 33.0 32.0 31.0 30.0 29.0 28.0 27.0 26.0 25.0 24.0 23.0 22.0 21.0 20.0 19.0 18.0 17.0 16.0 15.0 14.0 13.0 12.0 11.0 10.0 9.0 8.0 7.0 6.0 5.0 4.0 3.0 2.0 1.0 0.0 1.0 2.0 3.0 4.0 5.0 6.0 7.0 8.0 9.0 10.0 11.0 12.0 13.0 14.0 15.0 16.0 17.0 
17.0 18.0 19.0 20.0 21.0 22.0 23.0 24.0 25.0 26.0 27.0 28.0 29.0 30.0 31.0 32.0 33.0 34.0 35.0 36.0 37.0 38.0 39.0 40.0 41.0 42.0 43.0 44.0 45.0 46.0 47.0 48.0 49.0 50.0 51.0 52.0 53.0 54.0 55.0 56.0 57.0 58.0 59.0 60.0 61.0 62.0 63.0 64.0 63.0 62.0 61.0 60.0 59.0 58.0 57.0 56.0 55.0 54.0 53.0 52.0 51.0 50.0 49.0 48.0 47.0 46.0 45.0 44.0 43.0 42.0 41.0 40.0 39.0 38.0 37.0 36.0 35.0 34.0 33.0 32.0 31.0 30.0 29.0 28.0 27.0 26.0 25.0 24.0 23.0 22.0 21.0 20.0 19.0 18.0 17.0 16.0 15.0 14.0 13.0 12.0 11.0 10.0 9.0 8.0 7.0 6.0 5.0 4.0 3.0 2.0 1.0 0.0 1.0 2.0 3.0 4.0 5.0 6.0 7.0 8.0 9.0 10.0 11.0 12.0 13.0 14.0 15.0 16.0 
16.0 17.0 18.0 19.0 20.0 21.0 22.0 23.0 24.0 25.0 26.0 27.0 28.0 29.0 30.0 31.0 32.0 33.0 34.0 35.0 36.0 37.0 38.0 39.0 40.0 41.0 42.0 43.0 44.0 45.0 46.0 47.0 48.0 49.0 50.0 51.0 52.0 53.0 54.0 55.0 56.0 57.0 58.0 59.0 60.0 61.0 62.0 63.0 64.0 63.0 62.0 61.0 60.0 59.0 58.0 57.0 56.0 55.0 54.0 53.0 52.0 51.0 50.0 49.0 48.0 47.0 46.0 45.0 44.0 43.0 42.0 41.0 40.0 39.0 38.0 37.0 36.0 35.0 34.0 33.0 32.0 31.0 30.0 29.0 28.0 27.0 26.0 25.0 24.0 23.0 22.0 21.0 20.0 19.0 18.0 17.0 16.0 15.0 14.0 13.0 12.0 11.0 10.0 9.0 8.0 7.0 6.0 5.0 4.0 3.0 2.0 1.0 0.0 1.0 2.0 3.0 4.0 5.0 6.0 7.0 8.0 9.0 10.0 11.0 12.0 13.0 14.0 15.0 
15.0 16.0 17.0 18.0 19.0 20.0 21.0 22.0 23.0 24.0 25.0 26.0 27.0 28.0 29.0 30.0 31.0 32.0 33.0 34.0 35.0 36.0 37.0 38.0 39.0 40.0 41.0 42.0 43.0 44.0 45.0 46.0 47.0 48.0 49.0 50.0 51.0 52.0 53.0 54.0 55.0 56.0 57.0 58.0 59.0 60.0 61.0 62.0 63.0 64.0 63.0 62.0 61.0 60.0 59.0 58.0 57.0 56.0 55.0 54.0 53.0 52.0 51.0 50.0 49.0 48.0 47.0 46.0 45.0 44.0 43.0 42.0 41.0 40.0 39.0 38.0 37.0 36.0 35.0 34.0 33.0 32.0 31.0 30.0 29.0 28.0 27.0 26.0 25.0 24.0 23.0 22.0 21.0 20.0 19.0 18.0 17.0 16.0 15.0 14.0 13.0 12.0 11.0 10.0 9.0 8.0 7.0 6.0 5.0 4.0 3.0 2.0 1.0 0.0 1.0 2.0 3.0 4.0 5.0 6.0 7.0 8.0 9.0 10.0 11.0 12.0 13.0 14.0 
14.0 15.0 16.0 17.0 18.0 19.0 20.0 21.0 22.0 23.0 24.0 25.0 26.0 27.0 28.0 29.0 30.0 31.0 32.0 33.0 34.0 35.0 36.0 37.0 38.0 39.0 40.0 41.0 42.0 43.0 44.0 45.0 46.0 47.0 48.0 49.0 50.0 51.0 52.0 53.0 54.0 55.0 56.0 57.0 58.0 59.0 60.0 61.0 62.0 63.0 64.0 63.0 62.0 61.0 60.0 59.0 58.0 57.0 56.0 55.0 54.0 53.0 52.0 51.0 50.0 49.0 48.0 47.0 46.0 45.0 44.0 43.0 42.0 41.0 40.0 39.0 38.0 37.0 36.0 35.0 34.0 33.0 32.0 31.0 30.0 29.0 28.0 27.0 26.0 25.0 24.0 23.0 22.0 21.0 20.0 19.0 18.0 17.0 16.0 15.0 14.0 13.0 12.0 11.0 10.0 9.0 8.0 7.0 6.0 5.0 4.0 3.0 2.0 1.0 0.0 1.0 2.0 3.0 4.0 5.0 6.0 7.0 8.0 9.0 10.0 11.0 12.0 13.0 
13.0 14.0 15.0 16.0 17.0 18.0 19.0 20.0 21.0 22.0 23.0 24.0 25.0 26.0 27.0 28.0 29.0 30.0 31.0 32.0 33.0 34.0 35.0 36.0 37.0 38.0 39.0 40.0 41.0 42.0 43.0 44.0 45.0 46.0 47.0 48.0 49.0 50.0 51.0 52.0 53.0 54.0 55.0 56.0 57.0 58.0 59.0 60.0 61.0 62.0 63.0 64.0 63.0 62.0 61.0 60.0 59.0 58.0 57.0 56.0 55.0 54.0 53.0 52.0 51.0 50.0 49.0 48.0 47.0 46.0 45.0 44.0 43.0 42.0 41.0 40.0 39.0 38.0 37.0 36.0 35.0 34.0 33.0 32.0 31.0 30.0 29.0 28.0 27.0 26.0 25.0 24.0 23.0 22.0 21.0 20.0 19.0 18.0 17.0 16.0 15.0 14.0 13.0 12.0 11.0 10.0 9.0 8.0 7.0 6.0 5.0 4.0 3.0 2.0 1.0 0.0 1.0 2.0 3.0 4.0 5.0 6.0 7.0 8.0 9.0 10.0 11.0 12.0 
12.0 13.0 14.0 15.0 16.0 17.0 18.0 19.0 20.0 21.0 22.0 23.0 24.0 25.0 26.0 27.0 28.0 29.0 30.0 31.0 32.0 33.0 34.0 35.0 36.0 37.0 38.0 39.0 40.0 41.0 42.0 43.0 44.0 45.0 46.0 47.0 48.0 49.0 50.0 51.0 52.0 53.0 54.0 55.0 56.0 57.0 58.0 59.0 60.0 61.0 62.0 63.0 64.0 63.0 62.0 61.0 60.0 59.0 58.0 57.0 56.0 55.0 54.0 53.0 52.0 51.0 50.0 49.0 48.0 47.0 46.0 45.0 44.0 43.0 42.0 41.0 40.0 39.0 38.0 37.0 36.0 35.0 34.0 33.0 32.0 31.0 30.0 29.0 28.0 27.0 26.0 25.0 24.0 23.0 22.0 21.0 20.0 19.0 18.0 17.0 16.0 15.0 14.0 13.0 12.0 11.0 10.0 9.0 8.0 7.0 6.0 5.0 4.0 3.0 2.0 1.0 0.0 1.0 2.0 3.0 4.0 5.0 6.0 7.0 8.0 9.0 10.0 11.0 
11.0 12.0 13.0 14.0 15.0 16.0 17.0 18.0 19.0 20.0 21.0 22.0 23.0 24.0 25.0 26.0 27.0 28.0 29.0 30.0 31.0 32.0 33.0 34.0 35.0 36.0 37.0 38.0 39.0 40.0 41.0 42.0 43.0 44.0 45.0 46.0 47.0 48.0 49.0 50.0 51.0 52.0 53.0 54.0 55.0 56.0 57.0 58.0 59.0 60.0 61.0 62.0 63.0 64.0 63.0 62.0 61.0 60.0 59.0 58.0 57.0 56.0 55.0 54.0 53.0 52.0 51.0 50.0 49.0 48.0 47.0 46.0 45.0 44.0 43.0 42.0 41.0 40.0 39.0 38.0 37.0 36.0 35.0 34.0 33.0 32.0 31.0 30.0 29.0 28.0 27.0 26.0 25.0 24.0 23.0 22.0 21.0 20.0 19.0 18.0 17.0 16.0 15.0 14.0 13.0 12.0 11.0 10.0 9.0 8.0 7.0 6.0 5.0 4.0 3.0 2.0 1.0 0.0 1.0 2.0 3.0 4.0 5.0 6.0 7.0 8.0 9.0 10.0 
10.0 11.0 12.0 13.0 14.0 15.0 16.0 17.0 18.0 19.0 20.0 21.0 22.0 23.0 24.0 25.0 26.0 27.0 28.0 29.0 30.0 31.0 32.0 33.0 34.0 35.0 36.0 37.0 38.0 39.0 40.0 41.0 42.0 43.0 44.0 45.0 46.0 47.0 48.0 49.0 50.0 51.0 52.0 53.0 54.0 55.0 56.0 57.0 58.0 59.0 60.0 61.0 62.0 63.0 64.0 63.0 62.0 61.0 60.0 59.0 58.0 57.0 56.0 55.0 54.0 53.0 52.0 51.0 50.0 49.0 48.0 47.0 46.0 45.0 44.0 43.0 42.0 41.0 40.0 39.0 38.0 37.0 36.0 35.0 34.0 33.0 32.0 31.0 30.0 29.0 28.0 27.0 26.0 25.0 24.0 23.0 22.0 21.0 20.0 19.0 18.0 17.0 16.0 15.0 14.0 13.0 12.0 11.0 10.0 9.0 8.0 7.0 6.0 5.0 4.0 3.0 2.0 1.0 0.0 1.0 2.0 3.0 4.0 5.0 6.0 7.0 8.0 9.0 
9.0 10.0 11.0 12.0 13.0 14.0 15.0 16.0 17.0 18.0 19.0 20.0 21.0 22.0 23.0 24.0 25.0 26.0 27.0 28.0 29.0 30.0 31.0 32.0 33.0 34.0 35.0 36.0 37.0 38.0 39.0 40.0 41.0 42.0 43.0 44.0 45.0 46.0 47.0 48.0 49.0 50.0 51.0 52.0 53.0 54.0 55.0 56.0 57.0 58.0 59.0 60.0 61.0 62.0 63.0 64.0 63.0 62.0 61.0 60.0 59.0 58.0 57.0 56.0 55.0 54.0 53.0 52.0 51.0 50.0 49.0 48.0 47.0 46.0 45.0 44.0 43.0 42.0 41.0 40.0 39.0 38.0 37.0 36.0 35.0 34.0 33.0 32.0 31.0 30.0 29.0 28.0 27.0 26.0 25.0 24.0 23.0 22.0 21.0 20.0 19.0 18.0 17.0 16.0 15.0 14.0 13.0 12.0 11.0 10.0 9.0 8.0 7.0 6.0 5.0 4.0 3.0 2.0 1.0 0.0 1.0 2.0 3.0 4.0 5.0 6.0 7.0 8.0 
8.0 9.0 10.0 11.0 12.0 13.0 14.0 15.0 16.0 17.0 18.0 19.0 20.0 21.0 22.0 23.0 24.0 25.0 26.0 27.0 28.0 29.0 30.0 31.0 32.0 33.0 34.0 35.0 36.0 37.0 38.0 39.0 40.0 41.0 42.0 43.0 44.0 45.0 46.0 47.0 48.0 49.0 50.0 51.0 52.0 53.0 54.0 55.0 56.0 57.0 58.0 59.0 60.0 61.0 62.0 63.0 64.0 63.0 62.0 61.0 60.0 59.0 58.0 57.0 56.0 55.0 54.0 53.0 52.0 51.0 50.0 49.0 48.0 47.0 46.0 45.0 44.0 43.0 42.0 41.0 40.0 39.0 38.0 37.0 36.0 35.0 34.0 33.0 32.0 31.0 30.0 29.0 28.0 27.0 26.0 25.0 24.0 23.0 22.0 21.0 20.0 19.0 18.0 17.0 16.0 15.0 14.0 13.0 12.0 11.0 10.0 9.0 8.0 7.0 6.0 5.0 4.0 3.0 2.0 1.0 0.0 1.0 2.0 3.0 4.0 5.0 6.0 7.0 
7.0 8.0 9.0 10.0 11.0 12.0 13.0 14.0 15.0 16.0 17.0 18.0 19.0 20.0 21.0 22.0 23.0 24.0 25.0 26.0 27.0 28.0 29.0 30.0 31.0 32.0 33.0 34.0 35.0 36.0 37.0 38.0 39.0 40.0 41.0 42.0 43.0 44.0 45.0 46.0 47.0 48.0 49.0 50.0 51.0 52.0 53.0 54.0 55.0 56.0 57.0 58.0 59.0 60.0 61.0 62.0 63.0 64.0 63.0 62.0 61.0 60.0 59.0 58.0 57.0 56.0 55.0 54.0 53.0 52.0 51.0 50.0 49.0 48.0 47.0 46.0 45.0 44.0 43.0 42.0 41.0 40.0 39.0 38.0 37.0 36.0 35.0 34.0 33.0 32.0 31.0 30.0 29.0 28.0 27.0 26.0 25.0 24.0 23.0 22.0 21.0 20.0 19.0 18.0 17.0 16.0 15.0 14.0 13.0 12.0 11.0 10.0 9.0 8.0 7.0 6.0 5.0 4.0 3.0 2.0 1.0 0.0 1.0 2.0 3.0 4.0 5.0 6.0 
6.0 7.0 8.0 9.0 10.0 11.0 12.0 13.0 14.0 15.0 16.0 17.0 18.0 19.0 20.0 21.0 22.0 23.0 24.0 25.0 26.0 27.0 28.0 29.0 30.0 31.0 32.0 33.0 34.0 35.0 36.0 37.0 38.0 39.0 40.0 41.0 42.0 43.0 44.0 45.0 46.0 47.0 48.0 49.0 50.0 51.0 52.0 53.0 54.0 55.0 56.0 57.0 58.0 59.0 60.0 61.0 62.0 63.0 64.0 63.0 62.0 61.0 60.0 59.0 58.0 57.0 56.0 55.0 54.0 53.0 52.0 51.0 50.0 49.0 48.0 47.0 46.0 45.0 44.0 43.0 42.0 41.0 40.0 39.0 38.0 37.0 36.0 35.0 34.0 33.0 32.0 31.0 30.0 29.0 28.0 27.0 26.0 25.0 24.0 23.0 22.0 21.0 20.0 19.0 18.0 17.0 16.0 15.0 14.0 13.0 12.0 11.0 10.0 9.0 8.0 7.0 6.0 5.0 4.0 3.0 2.0 1.0 0.0 1.0 2.0 3.0 4.0 5.0 
5.0 6.0 7.0 8.0 9.0 10.0 11.0 12.0 13.0 14.0 15.0 16.0 17.0 18.0 19.0 20.0 21.0 22.0 23.0 24.0 25.0 26.0 27.0 28.0 29.0 30.0 31.0 32.0 33.0 34.0 35.0 36.0 37.0 38.0 39.0 40.0 41.0 42.0 43.0 44.0 45.0 46.0 47.0 48.0 49.0 50.0 51.0 52.0 53.0 54.0 55.0 56.0 57.0 58.0 59.0 60.0 61.0 62.0 63.0 64.0 63.0 62.0 61.0 60.0 59.0 58.0 57.0 56.0 55.0 54.0 53.0 52.0 51.0 50.0 49.0 48.0 47.0 46.0 45.0 44.0 43.0 42.0 41.0 40.0 39.0 38.0 37.0 36.0 35.0 34.0 33.0 32.0 31.0 30.0 29.0 28.0 27.0 26.0 25.0 24.0 23.0 22.0 21.0 20.0 19.0 18.0 17.0 16.0 15.0 14.0 13.0 12.0 11.0 10.0 9.0 8.0 7.0 6.0 5.0 4.0 3.0 2.0 1.0 0.0 1.0 2.0 3.0 4.0 
4.0 5.0 6.0 7.0 8.0 9.0 10.0 11.0 12.0 13.0 14.0 15.0 16.0 17.0 18.0 19.0 20.0 21.0 22.0 23.0 24.0 25.0 26.0 27.0 28.0 29.0 30.0 31.0 32.0 33.0 34.0 35.0 36.0 37.0 38.0 39.0 40.0 41.0 42.0 43.0 44.0 45.0 46.0 47.0 48.0 49.0 50.0 51.0 52.0 53.0 54.0 55.0 56.0 57.0 58.0 59.0 60.0 61.0 62.0 63.0 64.0 63.0 62.0 61.0 60.0 59.0 58.0 57.0 56.0 55.0 54.0 53.0 52.0 51.0 50.0 49.0 48.0 47.0 46.0 45.0 44.0 43.0 42.0 41.0 40.0 39.0 38.0 37.0 36.0 35.0 34.0 33.0 32.0 31.0 30.0 29.0 28.0 27.0 26.0 25.0 24.0 23.0 22.0 21.0 20.0 19.0 18.0 17.0 16.0 15.0 14.0 13.0 12.0 11.0 10.0 9.0 8.0 7.0 6.0 5.0 4.0 3.0 2.0 1.0 0.0 1.0 2.0 3.0 
3.0 4.0 5.0 6.0 7.0 8.0 9.0 10.0 11.0 12.0 13.0 14.0 15.0 16.0 17.0 18.0 19.0 20.0 21.0 22.0 23.0 24.0 25.0 26.0 27.0 28.0 29.0 30.0 31.0 32.0 33.0 34.0 35.0 36.0 37.0 38.0 39.0 40.0 41.0 42.0 43.0 44.0 45.0 46.0 47.0 48.0 49.0 50.0 51.0 52.0 53.0 54.0 55.0 56.0 57.0 58.0 59.0 60.0 61.0 62.0 63.0 64.0 63.0 62.0 61.0 60.0 59.0 58.0 57.0 56.0 55.0 54.0 53.0 52.0 51.0 50.0 49.0 48.0 47.0 46.0 45.0 44.0 43.0 42.0 41.0 40.0 39.0 38.0 37.0 36.0 35.0 34.0 33.0 32.0 31.0 30.0 29.0 28.0 27.0 26.0 25.0 24.0 23.0 22.0 21.0 20.0 19.0 18.0 17.0 16.0 15.0 14.0 13.0 12.0 11.0 10.0 9.0 8.0 7.0 6.0 5.0 4.0 3.0 2.0 1.0 0.0 1.0 2.0 
2.0 3.0 4.0 5.0 6.0 7.0 8.0 9.0 10.0 11.0 12.0 13.0 14.0 15.0 16.0 17.0 18.0 19.0 20.0 21.0 22.0 23.0 24.0 25.0 26.0 27.0 28.0 29.0 30.0 31.0 32.0 33.0 34.0 35.0 36.0 37.0 38.0 39.0 40.0 41.0 42.0 43.0 44.0 45.0 46.0 47.0 48.0 49.0 50.0 51.0 52.0 53.0 54.0 55.0 56.0 57.0 58.0 59.0 60.0 61.0 62.0 63.0 64.0 63.0 62.0 61.0 60.0 59.0 58.0 57.0 56.0 55.0 54.0 53.0 52.0 51.0 50.0 49.0 48.0 47.0 46.0 45.0 44.0 43.0 42.0 41.0 40.0 39.0 38.0 37.0 36.0 35.0 34.0 33.0 32.0 31.0 30.0 29.0 28.0 27.0 26.0 25.0 24.0 23.0 22.0 21.0 20.0 19.0 18.0 17.0 16.0 15.0 14.0 13.0 12.0 11.0 10.0 9.0 8.0 7.0 6.0 5.0 4.0 3.0 2.0 1.0 0.0 1.0 
1.0 2.0 3.0 4.0 5.0 6.0 7.0 8.0 9.0 10.0 11.0 12.0 13.0 14.0 15.0 16.0 17.0 18.0 19.0 20.0 21.0 22.0 23.0 24.0 25.0 26.0 27.0 28.0 29.0 30.0 31.0 32.0 33.0 34.0 35.0 36.0 37.0 38.0 39.0 40.0 41.0 42.0 43.0 44.0 45.0 46.0 47.0 48.0 49.0 50.0 51.0 52.0 53.0 54.0 55.0 56.0 57.0 58.0 59.0 60.0 61.0 62.0 63.0 64.0 63.0 62.0 61.0 60.0 59.0 58.0 57.0 56.0 55.0 54.0 53.0 52.0 51.0 50.0 49.0 48.0 47.0 46.0 45.0 44.0 43.0 42.0 41.0 40.0 39.0 38.0 37.0 36.0 35.0 34.0 33.0 32.0 31.0 30.0 29.0 28.0 27.0 26.0 25.0 24.0 23.0 22.0 21.0 20.0 19.0 18.0 17.0 16.0 15.0 14.0 13.0 12.0 11.0 10.0 9.0 8.0 7.0 6.0 5.0 4.0 3.0 2.0 1.0 0.0 