128
62 75 27 85 38 29 30 73 77 96 54 38 60 76 55 12 34 28 6 52 18 35 93 98 90 83 54 93 75 22 59 61 82 63 56 81 63 77 62 67 91 17 77 7 51 53 6 82 1 18 93 26 46 79 67 81 23 92 60 71 14 38 96 46 77 70 64 16 45 81 91 11 32 53 21 65 48 6 66 26 4 91 69 19 13 95 23 21 85 58 8 75 42 29 20 80 90 63 35 70 5 94 98 85 75 55 33 78 23 12 34 70 7 76 31 10 25 90 47 67 12 33 19 72 11 41 29 67 
57 18 80 56 69 5 9 52 25 99 25 78 83 50 31 58 29 72 60 91 44 47 42 79 15 41 92 9 25 76 21 58 92 51 24 86 13 21 89 99 51 95 80 44 58 6 55 58 10 58 53 50 32 14 3 8 32 78 14 61 34 87 49 29 80 58 36 69 38 3 19 24 59 57 10 34 66 76 81 60 66 98 24 90 28 69 94 91 100 9 60 67 63 16 38 55 8 97 55 97 42 13 4 38 3 51 7 94 83 46 25 8 18 63 62 54 54 23 93 90 34 90 28 27 36 86 14 31 
33 100 25 41 7 21 11 94 47 45 66 82 67 17 22 16 9 79 70 6 52 100 71 11 56 60 10 64 96 72 62 71 80 40 82 96 72 1 10 55 42 73 49 61 4 52 15 45 65 32 94 29 7 3 2 1 3 71 63 42 36 29 82 73 13 32 17 28 72 77 28 77 34 48 24 44 50 91 10 6 81 18 83 60 2 44 43 51 41 52 83 32 12 80 35 47 39 73 5 87 14 15 18 51 18 59 9 49 74 27 75 87 95 64 13 18 15 81 97 65 17 90 8 70 45 30 77 94 
12 52 67 60 66 31 5 60 10 92 25 12 65 67 32 21 46 55 8 36 63 3 45 76 32 56 54 99 40 99 76 90 4 79 29 7 69 82 100 18 52 48 71 28 94 51 66 68 65 73 92 30 79 91 13 95 80 80 97 30 47 58 18 25 56 72 96 53 73 72 48 91 95 45 35 48 70 39 81 5 2 65 56 11 99 98 30 65 97 97 22 64 57 92 73 8 28 57 77 15 67 50 50 69 14 65 71 12 26 6 88 9 36 9 15 14 33 66 77 69 46 73 76 55 64 45 3 46 
6 36 84 14 8 88 29 31 31 90 54 52 48 90 17 87 79 47 44 58 42 4 75 43 69 27 24 54 71 19 39 85 91 21 65 93 88 73 2 27 55 11 98 100 44 76 18 11 10 65 61 87 48 30 2 85 98 52 64 54 24 91 6 15 15 44 9 37 3 22 75 45 29 83 66 25 26 26 60 98 83 3 100 42 89 24 68 21 90 74 89 33 13 78 3 83 3 83 4 56 53 30 57 49 24 78 77 39 60 74 37 10 26 56 68 74 29 31 8 18 13 1 74 62 44 92 34 52 
28 84 73 14 27 35 75 50 24 38 81 67 69 62 33 51 83 53 92 16 7 64 74 81 56 97 97 76 12 13 36 33 32 6 98 73 73 70 79 2 69 99 67 65 98 75 97 49 81 1 15 71 65 9 37 49 42 23 18 65 64 9 36 32 62 80 15 18 67 44 15 1 10 11 73 38 82 62 84 86 89 75 48 97 9 11 42 44 42 21 30 44 49 5 74 95 22 9 8 35 43 27 45 30 4 21 99 50 26 75 80 40 93 27 48 47 24 82 14 30 53 39 85 14 48 15 66 33 
87 33 41 70 5 79 32 23 46 89 84 28 58 37 7 81 69 29 82 57 63 60 17 28 80 77 98 16 74 40 12 92 91 16 48 30 53 17 66 80 68 14 17 89 17 26 41 69 87 62 70 43 59 85 96 24 4 5 69 58 94 72 44 59 30 84 78 60 85 67 50 69 54 3 82 42 76 77 64 97 75 56 75 37 63 51 61 25 60 42 24 83 75 36 8 2 82 21 54 31 94 36 82 55 68 24 58 45 29 94 39 71 27 22 26 76 72 74 39 24 80 52 64 73 25 58 83 2 
83 52 34 63 71 36 74 79 65 89 69 20 18 54 72 71 96 46 11 89 45 43 45 95 55 88 27 39 58 10 79 60 19 42 41 1 2 81 54 82 66 6 77 38 80 69 75 37 55 24 98 94 7 13 59 82 94 35 35 63 7 58 27 88 2 22 4 90 59 74 55 8 100 57 56 45 22 42 64 24 87 100 55 46 51 1 36 21 63 96 5 86 32 94 19 77 2 77 50 100 85 23 9 34 48 3 6 2 4 52 92 15 35 96 99 9 5 12 98 51 51 49 48 21 32 55 68 74 
93 61 56 78 12 91 45 35 51 75 92 45 12 87 45 50 95 71 27 100 42 88 76 47 74 76 17 15 51 75 80 86 43 76 37 62 74 61 46 21 74 95 84 100 84 95 11 20 58 63 22 53 86 29 18 39 86 21 38 86 48 34 24 97 80 58 15 86 57 14 18 47 62 15 27 57 51 53 30 94 30 98 29 99 25 82 69 50 72 83 89 70 39 86 43 32 9 36 1 34 75 82 15 68 38 16 94 74 93 31 41 59 41 65 74 34 98 63 68 57 71 23 94 79 4 43 14 36 
21 8 39 63 59 24 19 82 53 74 17 24 77 63 4 49 45 58 23 73 9 16 68 5 46 40 1 13 48 22 24 1 91 33 20 86 27 61 80 57 72 83 64 46 87 55 66 95 87 96 27 15 35 98 7 66 100 28 7 89 76 46 78 87 30 94 94 77 81 19 9 32 100 90 30 7 10 38 46 86 12 25 40 58 35 70 75 46 65 6 77 44 14 69 52 60 16 68 76 50 93 87 31 16 52 51 28 1 27 65 93 72 63 91 63 61 90 100 18 86 79 42 58 19 7 77 6 97 
91 54 12 78 57 67 36 76 86 25 12 60 93 71 47 30 66 65 57 38 67 76 8 40 21 27 14 15 17 18 5 58 5 23 54 27 25 67 37 89 42 36 23 52 29 21 6 65 7 63 52 60 56 42 55 61 79 78 4 21 11 79 16 58 98 73 28 99 67 44 83 10 55 9 7 100 63 43 15 25 24 41 43 62 17 46 50 54 42 58 70 90 96 65 22 90 96 79 12 53 87 58 33 43 81 89 53 16 39 9 48 27 85 68 51 99 94 25 96 1 21 99 42 31 29 2 4 68 
88 69 54 68 66 64 18 100 85 42 92 2 84 72 9 56 92 74 81 70 74 28 69 96 20 57 17 92 30 33 80 14 3 22 13 55 17 15 64 4 49 34 78 89 65 35 16 50 17 47 28 42 46 29 83 50 52 70 65 62 22 46 41 26 87 88 86 89 16 88 92 19 2 30 35 20 85 26 89 65 16 23 59 8 36 25 10 45 82 67 10 9 8 77 68 18 100 68 46 5 16 78 20 24 71 23 45 8 87 88 12 24 92 71 66 65 4 100 53 22 47 34 94 54 9 60 99 13 
84 88 57 85 43 90 83 61 52 21 54 42 47 20 34 48 49 44 72 85 98 66 9 75 1 57 50 81 90 1 20 72 17 91 35 58 11 12 45 56 61 30 97 17 11 21 10 45 18 72 17 25 6 3 8 73 43 74 86 86 50 36 87 85 32 59 39 72 32 17 30 47 81 12 11 4 10 37 74 39 83 19 62 60 84 68 46 99 33 29 1 21 13 55 17 32 86 94 97 4 32 34 33 82 64 64 95 2 39 23 24 46 93 8 90 33 96 33 81 72 56 5 84 66 17 26 87 32 
35 77 30 63 9 88 98 26 81 30 82 87 47 31 8 60 73 73 7 17 8 56 81 61 11 15 57 93 70 4 49 70 52 27 22 89 50 88 60 49 38 68 55 54 24 35 26 68 8 22 41 90 72 86 98 94 48 25 50 66 74 44 25 85 74 93 29 68 85 24 95 61 53 37 52 84 95 81 59 61 24 56 1 21 50 82 49 64 76 76 63 56 63 53 19 91 89 29 92 34 1 41 59 25 8 44 56 62 82 80 50 5 66 17 48 83 5 57 58 100 4 82 1 63 63 39 22 1 
21 42 75 45 19 19 42 96 7 90 65 34 63 51 21 4 37 17 3 84 98 14 39 47 74 18 77 90 40 34 98 59 96 54 32 45 73 93 74 65 73 16 87 73 75 13 51 51 6 91 43 54 82 66 58 71 54 44 20 26 84 77 21 72 94 88 71 32 23 13 15 62 25 68 96 51 82 12 44 23 23 23 82 24 91 61 85 90 49 54 97 12 49 74 87 46 63 43 13 78 56 8 66 100 62 49 45 71 86 87 8 40 44 90 4 2 54 52 81 87 60 34 86 12 56 24 5 53 
85 22 81 48 33 7 17 53 81 19 57 84 82 54 98 78 87 41 32 59 90 87 8 70 94 42 49 84 34 28 17 34 21 97 74 24 45 22 93 41 92 71 2 74 97 59 31 23 15 60 43 65 61 39 10 26 43 53 39 17 46 47 86 50 96 66 17 22 29 14 86 99 78 76 75 26 57 16 87 50 43 75 68 77 81 76 32 56 70 82 92 33 71 9 7 95 23 28 54 23 27 26 43 55 93 93 74 96 14 60 9 66 56 20 10 63 50 35 33 78 42 86 34 73 8 92 18 79 
68 47 36 92 56 86 15 48 97 30 91 65 91 24 64 7 88 40 46 21 40 85 69 6 68 46 15 22 77 69 88 60 39 74 96 97 96 49 60 27 68 6 55 2 73 39 94 60 59 12 49 85 23 20 58 67 54 29 95 29 17 64 94 90 61 89 99 23 100 7 2 60 2 39 93 43 71 45 79 9 67 3 60 85 66 100 49 34 71 21 43 63 59 32 66 77 26 13 3 61 86 67 9 36 29 45 56 38 23 7 39 59 43 54 98 23 44 66 61 59 75 62 2 56 63 19 97 8 
33 16 49 96 24 80 83 95 34 82 31 67 98 13 36 75 63 48 19 25 52 42 14 3 2 8 61 31 72 82 3 98 87 10 9 89 29 15 13 56 2 100 97 51 15 29 5 95 50 52 43 70 100 48 55 83 29 30 1 48 47 74 69 83 79 46 79 74 15 72 64 94 10 24 30 76 21 13 51 40 98 70 55 18 43 64 12 34 14 47 69 93 96 51 34 11 22 25 20 82 67 39 38 98 24 19 3 56 61 53 98 34 58 68 3 33 58 32 20 88 27 73 77 47 62 26 96 3 
75 76 91 22 93 42 6 14 4 89 55 10 88 99 63 23 96 54 8 10 13 26 85 23 70 51 44 92 43 32 68 84 32 80 90 45 60 88 92 61 85 44 33 52 83 34 22 78 16 46 35 10 14 63 18 82 99 39 1 12 33 50 35 30 57 20 66 5 44 40 63 96 15 83 40 86 67 83 60 27 82 71 35 2 60 52 10 52 82 53 67 71 13 21 79 6 61 84 34 63 76 89 23 19 10 29 97 54 11 35 78 18 10 92 4 83 13 16 71 37 3 69 88 9 31 24 53 21 
14 46 18 96 45 26 91 55 48 33 8 21 31 33 97 71 45 79 85 26 19 73 55 52 23 75 34 72 95 28 15 89 35 43 47 100 67 78 41 4 15 6 90 26 66 12 6 16 99 2 45 39 29 95 52 37 55 70 17 60 56 44 17 74 89 82 78 51 52 6 25 75 19 36 69 50 23 100 22 45 24 99 50 74 9 93 20 28 7 80 77 53 19 9 59 100 79 17 47 86 53 57 83 47 92 64 73 20 69 81 47 74 97 82 39 88 13 46 22 58 11 32 54 47 42 60 29 40 
88 5 71 63 90 19 18 12 36 62 40 38 86 49 67 21 13 35 12 25 84 71 100 23 59 60 50 57 97 6 89 83 21 95 65 99 70 62 75 63 94 51 69 54 41 74 46 97 54 48 75 62 3 71 12 82 69 70 9 78 35 48 13 82 15 30 35 79 69 38 100 90 62 60 10 94 92 21 6 50 84 33 62 47 57 90 16 14 28 59 73 83 6 31 24 57 24 33 100 45 63 94 46 23 93 84 40 29 79 31 32 39 37 79 54 99 90 86 47 56 84 88 91 93 58 97 19 37 
11 99 12 44 12 13 5 69 7 1 33 8 76 94 59 60 51 32 60 51 62 82 80 94 83 43 41 68 65 56 56 86 72 24 2 37 95 53 51 63 68 80 48 39 54 36 97 43 99 57 83 93 41 51 46 35 29 56 100 18 59 75 62 11 48 88 12 55 96 5 39 85 28 87 46 21 11 46 91 44 88 30 7 51 82 10 2 13 37 65 68 33 33 19 69 7 81 90 88 19 86 99 28 42 94 42 59 11 66 56 44 88 90 29 97 48 1 35 46 97 68 61 51 31 14 64 70 15 
71 50 4 41 81 12 76 84 7 23 49 16 39 100 81 97 78 40 30 55 70 77 37 50 35 64 29 67 48 27 55 6 5 30 78 19 95 93 26 56 16 47 90 37 9 94 98 12 65 82 81 89 7 2 15 10 55 76 58 53 97 25 90 23 99 68 9 88 74 70 57 1 100 1 30 87 37 76 7 61 39 32 47 74 19 13 39 48 84 92 3 59 23 37 34 35 56 45 66 53 16 39 93 88 52 35 44 1 36 88 93 1 96 83 10 34 51 50 36 16 56 95 85 93 41 38 16 32 
40 61 29 22 10 76 54 100 47 16 43 17 78 28 62 32 83 11 90 90 53 75 11 84 92 3 87 52 72 42 5 73 43 19 75 54 89 33 69 90 73 3 5 26 80 98 2 4 36 13 54 4 78 84 83 20 13 74 1 45 3 42 26 55 94 22 64 58 92 88 64 11 50 97 5 100 22 76 97 65 97 59 9 30 73 44 53 29 92 49 95 41 84 8 100 33 27 55 70 34 5 73 92 72 13 45 53 94 22 88 28 56 61 54 90 27 77 89 50 48 21 78 22 47 8 95 33 41 
100 48 24 17 17 37 81 85 1 96 34 8 5 54 4 9 76 39 57 7 81 23 3 95 84 20 23 16 30 82 62 100 10 2 82 88 48 97 19 22 5 48 24 65 78 65 17 44 8 17 10 6 30 11 38 56 19 93 70 21 96 15 42 55 6 48 22 55 34 74 84 2 23 36 97 48 100 45 25 79 51 80 60 13 91 97 96 9 89 47 52 2 9 20 40 63 37 90 77 57 31 12 93 14 28 69 28 79 62 82 6 9 28 85 59 91 3 49 18 86 61 40 69 48 46 54 44 66 
74 2 96 97 43 72 35 65 62 62 25 11 57 51 47 58 28 30 33 95 87 80 61 9 23 5 42 72 78 64 30 27 39 57 49 18 64 19 23 58 73 96 44 58 50 10 63 20 12 43 7 48 98 93 89 15 8 14 8 51 50 28 85 87 33 94 66 50 5 82 65 16 77 35 50 62 24 25 29 83 24 27 34 16 61 96 16 2 50 91 40 94 7 41 52 49 79 69 85 34 8 41 39 87 14 42 94 83 77 90 82 44 88 56 50 70 93 51 25 95 14 33 3 34 48 56 51 66 
62 75 83 13 54 96 16 35 39 95 25 100 50 5 19 48 43 29 8 73 56 65 22 74 62 9 11 35 92 18 58 1 58 1 67 57 63 20 57 17 67 55 98 81 19 61 65 4 20 27 2 88 91 85 60 56 17 56 37 98 46 52 86 75 87 11 45 23 89 95 21 95 44 15 4 75 46 14 58 40 18 7 36 59 16 37 84 5 3 23 95 36 3 72 18 80 10 59 72 12 47 72 88 50 39 11 78 90 29 81 99 64 10 29 75 75 54 2 27 40 56 47 98 89 50 33 83 70 
91 14 21 30 67 44 3 4 22 16 76 98 94 43 77 93 72 10 56 49 87 94 63 25 98 15 37 9 97 6 29 87 10 47 68 54 90 23 36 67 100 57 43 66 44 8 7 99 92 53 72 63 74 42 6 18 40 34 36 94 51 21 56 25 76 49 65 80 68 5 72 70 30 43 77 29 34 55 24 72 57 92 66 63 19 22 14 38 90 11 94 92 2 64 31 76 31 17 19 19 78 64 95 15 43 80 3 25 43 79 15 91 42 35 19 94 68 28 82 8 20 85 86 91 42 10 72 9 
79 44 29 88 85 82 14 87 15 7 76 94 41 17 45 72 62 12 80 46 51 96 12 49 69 91 62 11 18 17 8 20 57 33 24 28 58 70 96 43 71 98 83 62 54 84 59 93 9 2 60 50 21 4 100 49 89 50 27 60 91 45 90 100 41 45 29 8 67 27 43 44 61 21 82 35 25 50 4 43 38 3 49 78 45 73 41 69 62 72 71 89 62 78 40 91 93 48 29 93 38 42 81 89 22 67 85 29 72 1 68 79 69 32 22 43 35 14 99 34 76 88 46 11 8 100 68 57 
42 73 91 74 63 10 49 24 93 4 15 82 86 78 96 7 15 37 91 25 16 97 38 71 28 82 49 91 55 20 59 42 99 22 54 93 27 12 87 40 88 48 7 64 69 5 38 58 39 49 22 84 42 5 60 99 2 5 16 75 68 1 98 66 35 60 39 39 91 35 47 34 33 74 82 38 16 37 24 51 3 50 26 18 71 6 65 33 68 20 44 16 95 48 15 62 3 90 80 28 36 41 74 44 30 50 15 77 16 78 61 9 3 6 91 86 81 80 83 83 25 72 35 15 90 78 69 3 
53 48 96 56 86 70 83 84 20 74 30 22 75 53 6 88 69 92 26 81 28 69 67 75 31 5 22 9 40 73 41 69 1 53 15 28 75 69 40 57 57 67 53 70 57 4 18 24 62 73 15 27 40 8 38 82 30 62 12 92 26 95 9 29 23 16 97 22 92 13 95 100 92 33 10 47 58 59 3 29 87 57 97 68 24 47 59 22 49 50 51 72 46 55 71 64 63 27 3 25 100 39 49 31 50 48 38 30 75 8 39 90 44 63 80 31 7 7 35 100 44 80 86 69 81 32 35 34 
87 55 99 47 8 8 17 38 34 46 18 54 5 12 55 69 18 82 86 72 80 23 15 38 80 1 40 14 60 60 44 22 53 36 90 62 49 14 27 41 72 35 53 13 17 61 84 3 91 83 94 67 40 22 83 98 98 96 24 16 87 51 15 69 38 100 43 84 21 10 15 34 98 78 4 66 28 33 64 22 56 32 17 74 81 85 53 15 94 72 60 96 9 7 46 52 91 92 40 27 3 99 65 17 94 14 24 76 44 80 36 29 55 57 88 20 21 49 93 87 91 22 58 7 7 58 24 98 
49 59 21 66 39 16 60 97 39 7 100 79 3 30 13 29 8 14 68 2 56 17 83 74 61 61 56 30 67 56 70 64 69 47 88 53 2 50 40 45 40 58 82 88 51 78 2 72 22 38 41 84 33 91 52 96 17 81 90 70 18 80 3 27 100 27 98 90 51 14 2 54 68 8 63 10 95 87 84 8 18 36 34 28 81 83 27 28 87 53 90 62 41 60 75 74 51 44 90 1 76 85 6 26 81 20 48 87 45 79 72 30 33 67 38 70 77 91 39 63 35 78 18 89 75 7 60 82 
28 38 56 15 69 68 41 37 74 61 59 19 81 80 16 97 46 34 12 85 61 39 52 88 56 34 31 82 59 60 80 18 12 17 73 10 91 20 78 44 16 76 30 63 86 36 80 17 13 2 39 22 32 89 100 11 69 68 72 39 63 80 78 24 63 94 87 6 37 99 99 18 70 15 31 67 97 99 38 92 19 85 65 8 37 7 90 87 35 60 36 99 87 49 98 3 61 40 96 5 63 41 93 29 68 62 4 36 12 68 51 87 17 42 83 96 63 30 5 40 17 46 38 36 4 90 71 80 
47 22 13 47 64 12 76 39 13 63 9 19 66 44 52 36 94 2 69 59 75 48 16 95 78 39 31 16 16 15 7 21 56 33 14 85 92 36 48 21 32 42 49 28 63 79 14 40 12 98 33 40 87 51 41 28 4 10 12 36 18 99 17 38 67 77 16 12 93 7 98 63 75 76 61 95 10 10 38 55 61 86 16 42 14 14 54 48 36 36 83 51 15 86 81 60 50 59 88 57 60 66 98 70 97 53 61 96 72 22 13 91 82 44 21 41 46 100 35 32 5 20 44 57 44 6 37 91 
5 45 98 49 75 93 3 99 60 68 17 27 25 88 47 13 39 33 25 19 53 14 99 95 74 33 46 38 56 1 77 30 43 61 27 53 10 55 52 30 1 88 43 70 23 63 8 32 94 25 79 8 32 55 85 8 36 11 39 57 88 83 30 17 19 28 20 46 33 12 25 60 57 12 34 10 54 12 75 1 60 87 79 76 69 50 83 20 12 88 48 6 77 28 22 89 9 34 26 39 82 44 74 62 82 32 63 80 75 3 97 37 28 98 28 28 25 10 65 41 22 70 97 78 54 61 58 77 
49 60 46 6 70 62 65 24 67 50 37 29 85 54 43 49 54 85 87 53 85 41 100 5 7 26 48 8 36 85 83 49 54 28 91 28 10 43 4 34 71 67 44 62 55 19 43 85 67 52 36 98 65 18 84 55 50 11 50 75 82 98 57 16 32 72 32 62 70 82 73 25 18 63 49 28 32 89 37 19 53 69 99 92 38 79 17 10 100 6 22 75 37 98 1 28 85 27 77 95 13 56 76 97 6 30 95 48 48 27 53 38 29 62 99 89 100 7 23 26 5 85 18 75 12 83 80 9 
32 19 90 51 29 59 33 6 69 43 44 38 3 2 62 6 1 74 85 51 19 24 88 11 92 19 25 14 80 53 67 31 42 49 9 30 33 73 16 24 70 45 39 96 65 55 71 26 94 41 9 36 28 81 61 89 13 77 67 63 69 18 41 48 47 94 25 66 50 75 89 22 2 100 74 75 29 58 59 99 85 67 95 97 7 69 71 84 32 40 59 40 29 71 25 57 20 50 16 47 6 80 39 25 8 90 10 18 66 73 21 58 39 33 48 59 45 93 15 44 89 69 41 56 70 62 42 81 
64 53 56 54 61 15 33 35 15 37 40 42 36 64 28 46 39 41 57 39 69 82 65 79 82 43 38 33 57 65 48 20 50 13 40 30 99 84 61 9 5 44 76 54 62 79 41 2 12 71 39 87 73 59 86 9 19 68 86 14 25 1 95 95 96 93 9 94 25 38 54 66 28 66 62 77 53 85 80 78 17 30 84 86 45 92 80 89 100 37 99 97 35 79 47 28 28 39 81 17 48 65 3 41 53 42 63 24 4 43 27 89 86 11 73 57 60 9 25 13 4 58 80 40 3 11 36 19 
84 61 7 7 22 68 34 22 14 51 84 10 37 40 13 9 42 98 24 63 88 92 27 6 34 42 21 82 78 57 85 22 82 42 50 63 74 17 6 92 10 44 36 48 35 82 35 97 43 16 7 47 63 73 75 81 35 99 8 87 90 32 27 16 53 4 90 42 63 11 55 97 54 21 27 73 64 98 20 58 43 25 46 23 91 47 80 17 14 21 36 34 19 9 64 43 75 27 65 91 53 28 1 72 67 85 28 68 23 54 90 62 38 85 40 18 54 9 97 32 94 44 87 3 15 39 33 64 
82 98 77 15 74 83 8 62 23 48 2 61 88 95 43 29 49 85 71 2 98 24 26 25 72 14 48 47 34 22 89 49 55 72 3 73 70 82 8 55 41 53 18 25 1 50 41 63 69 30 58 80 74 73 85 47 36 3 44 46 84 12 44 36 24 69 64 36 96 17 87 81 83 28 72 9 47 75 96 20 17 19 77 54 95 72 33 5 61 17 77 60 43 35 24 90 10 40 9 27 55 24 90 28 85 81 51 83 38 59 87 24 12 82 9 52 72 91 35 74 94 94 3 50 17 41 56 52 
16 10 7 100 88 66 66 57 15 87 64 91 38 79 97 85 27 18 58 75 58 46 32 8 61 32 27 64 75 65 83 27 50 100 45 33 91 30 42 59 49 40 87 52 84 41 15 1 24 51 69 63 19 18 66 9 67 56 28 41 23 11 78 67 55 54 1 1 2 35 21 72 39 38 21 91 35 62 92 87 6 91 79 80 55 17 93 53 25 65 76 68 46 28 74 66 85 12 44 62 83 38 87 88 17 65 20 43 36 45 100 9 91 68 36 65 44 49 12 18 33 70 39 92 47 1 49 62 
65 50 79 80 50 96 18 27 41 1 36 90 49 1 29 55 92 10 81 10 11 85 40 60 52 5 91 76 86 36 27 60 53 15 96 66 9 27 46 1 61 84 7 53 62 12 21 95 63 66 56 77 77 96 83 27 24 29 24 48 84 42 52 70 31 34 83 32 46 36 49 32 75 90 64 54 100 71 39 29 48 46 89 54 3 24 86 92 5 89 39 99 7 25 55 48 55 88 90 43 67 72 48 7 41 46 92 2 92 11 75 60 19 42 12 93 54 90 27 64 8 81 85 23 85 89 52 83 
29 3 27 57 60 83 4 61 97 95 28 39 18 65 62 43 19 26 23 96 14 57 14 5 66 68 19 75 54 82 91 31 65 69 36 18 34 38 7 36 8 69 84 72 46 23 42 24 25 78 90 28 78 63 36 14 100 88 64 82 60 95 97 59 96 60 57 56 66 43 35 92 93 72 54 21 36 44 25 53 44 8 21 61 25 50 6 89 91 45 37 80 10 39 79 73 84 76 71 4 87 51 16 11 14 19 41 78 26 44 93 25 15 13 32 50 17 24 95 75 97 36 70 30 96 68 15 83 
18 59 57 19 67 82 3 90 23 77 21 83 15 38 11 18 59 99 85 88 10 91 46 22 58 11 4 96 6 95 79 47 9 69 64 13 78 46 80 38 69 98 34 85 23 14 4 11 42 52 47 91 97 64 65 29 6 39 79 27 92 62 78 65 91 83 1 25 43 17 27 41 51 81 97 100 75 96 34 9 33 95 22 6 100 66 95 64 22 39 86 63 91 35 17 60 28 93 26 10 55 92 87 35 82 79 1 95 59 68 40 85 43 6 21 38 96 86 40 57 12 4 88 6 73 29 23 26 
80 57 86 31 53 73 55 14 15 56 61 85 66 74 10 38 44 60 98 56 9 99 65 40 65 60 62 23 96 5 71 84 72 32 20 93 100 95 20 79 97 24 97 34 34 71 80 82 46 80 77 9 87 58 62 83 31 30 73 78 39 74 74 31 56 15 63 85 62 73 35 2 62 57 67 91 10 25 58 69 83 66 24 46 91 68 60 99 75 28 35 62 99 23 40 72 100 80 82 5 23 22 9 67 19 63 38 53 31 89 16 98 61 66 47 84 73 87 80 56 94 97 60 42 2 82 28 95 
21 7 23 7 20 42 72 4 78 83 33 86 94 94 39 93 40 39 49 76 80 91 61 13 4 70 57 87 40 18 63 39 68 30 68 19 64 92 23 90 34 97 23 11 20 8 51 42 36 66 25 78 3 89 33 49 34 93 47 67 97 74 19 52 10 24 92 16 36 40 84 30 47 12 22 2 95 50 3 93 83 43 96 56 31 88 44 45 95 67 6 46 17 29 45 55 58 7 45 97 100 25 48 76 94 96 100 48 8 49 74 18 88 18 9 98 46 51 58 29 45 39 1 37 8 11 57 41 
14 32 31 61 30 90 20 14 85 37 10 39 37 93 87 30 85 8 11 69 54 92 20 78 13 54 89 28 30 52 25 79 31 83 55 90 48 68 75 27 25 65 25 90 15 55 4 27 73 36 92 42 22 40 20 81 98 78 99 29 72 70 7 62 55 2 52 30 39 21 28 89 47 84 39 52 88 80 59 84 63 41 40 70 18 58 70 97 85 78 23 78 29 42 85 25 59 46 47 92 89 60 40 86 80 63 27 31 19 64 99 35 6 59 61 26 66 96 8 20 6 2 34 48 77 46 66 91 
99 88 67 27 15 11 65 90 63 54 9 78 97 46 30 21 59 29 80 14 13 9 8 44 48 59 9 17 52 51 85 77 31 98 22 65 67 2 93 29 32 1 44 67 81 51 12 100 70 4 83 15 52 5 82 5 8 58 23 25 58 17 82 100 96 24 42 97 95 90 60 9 97 95 13 60 15 54 88 57 41 42 73 27 20 92 13 24 62 40 3 54 68 80 10 87 74 63 23 75 14 17 81 79 5 67 86 25 31 76 70 56 39 65 66 58 86 25 13 86 13 100 93 96 42 69 61 56 
32 22 48 6 63 21 97 50 39 98 4 36 66 74 3 13 57 70 3 99 44 54 83 85 74 54 96 62 30 41 60 37 43 71 17 84 74 25 35 9 70 68 45 93 36 79 76 62 75 68 55 42 84 67 100 44 87 72 96 30 36 39 21 56 99 26 77 15 14 49 21 51 16 18 5 22 38 40 74 70 42 41 23 31 33 31 43 49 8 55 74 37 15 15 53 46 27 14 89 8 63 27 35 17 44 61 5 36 46 80 41 90 68 59 10 14 88 94 65 19 20 13 56 7 39 18 87 23 
91 75 13 91 15 30 81 69 98 76 20 57 92 21 43 81 4 73 41 32 54 68 42 98 62 30 98 14 38 83 52 81 32 79 91 99 52 30 45 26 28 57 9 71 100 5 9 20 65 94 23 78 83 2 25 20 21 65 65 41 45 64 73 41 1 69 41 72 11 30 83 16 14 40 71 59 79 59 60 79 89 54 30 91 52 37 91 38 20 97 87 68 61 85 28 95 8 60 60 93 92 37 76 81 81 61 1 72 44 35 85 78 3 41 59 17 93 12 81 93 85 27 45 57 49 23 21 28 
94 34 44 40 35 13 70 17 35 76 28 83 99 8 50 12 61 99 12 45 55 10 24 34 95 91 15 64 74 60 72 34 7 35 54 72 8 64 28 74 18 7 76 24 26 55 36 24 49 37 59 93 33 64 55 26 73 68 80 10 69 73 36 89 45 17 66 50 62 87 33 18 29 16 98 27 38 50 56 76 33 44 98 41 99 2 77 1 37 76 92 38 39 47 72 44 31 55 82 21 15 88 40 86 19 70 45 94 15 75 90 66 7 42 79 47 81 10 100 85 32 19 46 25 5 80 38 29 
30 10 82 95 63 98 40 39 57 87 18 57 75 64 21 22 62 57 51 27 77 28 64 30 33 85 89 82 66 38 49 12 38 21 84 10 4 76 35 23 64 26 47 76 59 80 46 74 85 21 16 95 44 5 17 51 43 9 74 70 87 80 21 13 98 25 2 95 87 8 24 2 92 2 94 69 96 27 47 5 23 65 13 94 64 94 1 37 41 41 89 83 38 94 56 13 86 37 59 38 70 72 18 95 13 77 23 88 30 17 73 38 23 24 3 82 84 12 28 29 46 16 60 27 73 84 75 43 
22 64 45 27 42 38 68 37 3 17 67 18 61 90 82 17 9 29 26 86 60 43 35 49 85 9 76 73 73 27 26 72 4 30 60 23 45 18 87 18 41 45 95 1 74 9 64 20 87 44 87 79 32 46 57 45 62 49 73 10 94 96 96 64 98 83 75 90 17 57 68 13 90 12 38 17 1 2 85 64 49 77 87 24 50 99 36 40 47 55 13 35 19 79 60 89 45 21 80 42 18 69 61 73 36 34 43 72 81 65 71 87 4 40 99 95 30 84 18 63 2 99 38 73 98 19 19 14 
75 81 17 61 19 48 98 20 96 85 39 27 62 92 58 40 69 64 81 29 26 43 18 3 91 3 88 11 14 83 93 10 74 75 64 51 15 83 44 70 20 22 85 92 50 55 46 86 91 79 15 41 90 39 82 21 96 4 44 29 62 58 25 57 3 75 69 36 72 14 30 37 35 87 90 54 11 12 71 48 27 70 2 22 61 25 7 13 4 77 78 29 64 66 74 45 82 64 29 23 22 17 31 1 34 93 64 76 53 29 78 13 20 87 1 74 83 71 33 50 58 69 17 30 78 66 58 55 
44 47 33 87 94 91 87 85 83 79 58 80 58 95 89 89 2 39 21 38 33 35 69 45 1 76 69 45 44 52 28 93 10 44 25 84 49 3 12 51 48 46 21 76 37 79 46 96 90 63 27 63 14 90 48 95 42 81 68 20 9 7 89 76 6 6 59 62 80 40 86 29 79 87 68 67 1 57 19 63 93 1 11 55 4 23 55 61 73 78 76 60 85 16 4 58 91 54 51 43 29 85 4 39 48 34 40 19 42 32 82 63 95 4 34 16 82 78 11 69 8 92 74 85 73 5 62 44 
64 81 89 77 56 88 50 90 3 56 1 64 3 72 14 66 41 25 4 93 65 98 96 77 68 77 27 75 86 93 33 42 41 38 67 43 59 92 94 12 53 34 36 61 20 32 86 90 64 53 19 1 13 66 26 67 10 10 75 97 89 67 53 50 12 97 6 30 41 28 59 73 5 68 9 80 19 59 5 64 60 66 63 5 72 18 59 47 7 13 42 95 16 71 51 20 37 14 10 76 10 22 91 63 60 91 56 23 75 25 11 77 37 19 62 4 45 79 95 28 99 40 79 26 25 55 70 21 
31 80 89 88 36 53 77 83 81 33 31 14 78 100 34 85 10 12 18 100 10 45 55 57 63 87 17 12 38 84 25 18 68 57 3 71 72 69 50 77 93 10 69 36 71 5 78 85 33 12 89 58 30 52 37 37 72 9 99 23 19 22 46 19 69 79 15 32 8 4 23 51 42 2 38 73 28 41 30 61 67 15 77 24 16 7 49 6 80 27 89 99 17 28 9 58 16 74 58 39 55 92 55 94 25 46 12 95 48 22 45 21 100 26 98 77 92 98 15 53 1 38 25 71 44 67 94 50 
100 11 37 5 31 8 76 36 34 74 96 63 88 56 48 18 69 51 86 69 80 49 27 20 71 56 11 91 72 62 64 46 3 86 41 34 10 84 69 80 21 85 48 45 7 90 89 93 70 26 89 42 69 42 27 88 12 98 37 96 49 60 67 89 2 98 47 75 20 8 4 20 15 64 97 15 44 34 90 24 15 55 55 46 14 59 63 9 99 55 71 18 47 34 35 27 22 53 52 25 35 47 1 63 6 91 55 55 86 47 70 100 64 66 80 49 85 54 11 55 2 69 78 83 53 16 21 65 
5 33 93 30 93 77 87 86 100 58 92 79 59 58 66 99 16 37 95 35 40 90 10 16 85 51 81 50 55 42 23 92 76 100 28 3 98 75 14 35 27 25 5 66 26 85 95 8 87 82 25 62 82 84 49 68 21 19 87 77 51 29 55 67 49 50 41 81 4 52 9 94 18 61 50 46 36 6 93 50 30 37 6 37 50 70 42 66 4 18 84 71 23 10 68 63 56 32 60 8 3 77 16 92 36 99 58 31 25 17 55 16 74 8 13 47 99 86 99 26 9 91 11 45 90 69 68 34 
100 96 91 90 85 99 18 28 80 55 32 46 34 93 42 2 89 98 44 50 92 57 84 58 30 19 80 44 48 99 56 39 12 75 47 87 28 88 93 16 48 52 46 90 82 22 6 10 81 7 57 81 49 85 31 19 25 79 18 10 32 61 46 41 69 21 100 46 92 87 85 5 59 9 51 59 53 11 81 20 56 73 22 16 79 41 73 16 89 83 8 50 12 48 100 98 50 51 48 26 62 83 85 69 30 35 49 85 68 89 86 23 61 55 24 66 2 74 9 88 89 91 60 11 34 47 39 77 
6 41 7 77 64 37 20 10 63 7 56 4 57 9 15 13 75 28 26 45 22 10 23 100 19 53 96 16 35 17 18 99 10 43 63 10 24 67 42 62 12 68 48 34 31 29 60 61 28 91 20 33 75 70 15 53 5 8 80 22 46 55 50 75 33 84 9 93 40 70 68 99 83 19 14 10 36 52 29 41 56 25 64 56 51 9 31 1 30 95 100 34 69 99 98 17 34 7 50 75 15 81 99 41 93 50 14 73 77 44 97 45 32 17 89 45 80 27 54 14 85 1 15 16 75 47 19 21 
84 59 11 86 53 24 72 25 39 92 2 71 58 25 9 22 38 11 50 91 84 50 40 8 41 87 8 83 47 36 9 56 32 70 42 73 19 31 97 100 17 87 1 31 4 25 81 23 11 27 26 20 96 12 98 88 89 34 94 73 63 87 15 89 22 17 65 8 6 57 80 81 92 15 92 22 60 57 78 37 28 8 34 44 59 97 66 17 10 47 60 18 20 82 94 74 41 11 56 40 95 14 17 2 35 94 26 91 69 79 73 42 60 75 88 77 79 10 78 97 54 30 28 54 50 73 88 45 
70 80 29 48 88 13 82 34 28 73 46 18 61 95 77 53 44 44 33 70 47 46 57 69 94 7 65 39 35 65 8 7 64 12 38 71 50 76 3 59 5 77 60 53 72 93 92 12 41 51 48 37 40 40 59 4 93 45 51 90 57 22 78 21 93 68 33 81 89 31 70 50 39 99 76 93 92 62 93 39 31 37 91 31 100 7 42 42 57 11 64 48 21 40 1 37 2 84 77 30 31 35 32 69 70 2 50 86 64 20 88 52 99 74 31 18 48 63 55 70 13 39 13 26 19 42 5 56 
76 72 64 40 20 33 30 86 47 65 7 85 27 54 50 60 66 90 45 47 75 57 27 32 19 10 73 26 14 42 16 28 46 55 48 43 26 99 75 85 62 92 73 20 18 22 40 51 8 11 13 37 49 36 95 5 38 96 51 24 71 47 1 50 44 28 4 80 38 56 85 82 91 31 43 22 9 9 66 12 31 74 87 98 57 68 90 42 33 25 91 14 7 21 86 63 55 18 61 46 65 30 99 11 96 59 91 64 23 53 1 73 70 66 95 12 15 27 50 12 27 74 10 49 29 60 38 68 
82 30 51 27 63 94 16 48 78 32 26 32 14 82 54 2 39 50 56 38 83 89 99 48 71 89 59 90 47 76 45 93 54 97 75 38 48 95 16 24 60 24 83 73 58 5 83 93 47 100 85 59 67 4 60 30 70 64 98 16 43 24 43 41 76 31 89 15 71 35 55 3 91 5 99 86 14 59 100 72 86 32 21 6 73 44 66 62 24 83 6 4 92 56 86 27 91 96 13 7 7 92 7 26 35 47 80 1 76 49 26 89 35 100 79 14 67 72 53 28 71 4 25 30 55 10 69 52 
34 39 2 54 91 61 97 61 71 90 92 9 89 30 34 39 99 38 52 29 31 55 61 36 1 73 28 95 32 82 84 11 77 96 58 11 40 29 28 29 77 62 21 34 44 12 25 17 10 95 63 2 88 51 12 1 75 47 9 38 42 70 25 64 39 65 40 26 88 35 29 9 42 42 97 6 52 33 19 82 16 96 94 34 53 5 65 92 52 51 92 21 90 2 28 66 23 69 33 50 91 2 72 13 51 46 77 31 5 95 10 85 42 43 40 16 50 68 79 68 66 46 35 39 68 6 13 61 
92 64 29 39 8 57 34 38 69 15 56 18 70 95 98 73 60 46 29 16 79 98 51 99 51 21 90 63 71 71 55 74 45 45 80 13 91 29 89 54 39 14 43 90 50 4 5 51 79 45 46 34 50 31 76 28 48 10 96 57 42 90 54 45 32 82 77 95 16 96 45 90 60 90 98 41 3 31 31 47 34 37 40 78 28 52 72 5 41 58 96 89 99 34 15 15 66 52 46 62 37 70 42 26 56 15 82 12 18 29 66 64 96 12 92 46 90 76 91 46 62 85 19 39 81 80 41 27 
39 60 69 49 51 46 21 86 96 6 48 88 32 70 83 40 99 56 83 75 92 38 82 54 77 43 16 37 55 29 73 93 71 65 66 97 78 41 40 28 78 27 15 94 98 6 19 21 30 87 3 88 26 51 5 70 15 1 6 71 89 74 45 97 33 100 81 74 50 95 70 50 2 90 76 92 35 3 51 24 75 23 26 96 36 43 42 20 50 37 71 67 26 97 92 28 94 89 41 10 59 74 53 2 26 8 26 7 21 31 44 11 17 2 34 47 84 24 90 16 100 16 97 4 50 63 42 48 
48 13 24 2 30 63 8 19 8 20 15 5 62 66 30 87 31 36 46 7 40 13 78 71 37 66 85 12 57 5 93 92 98 38 71 12 89 47 1 58 39 85 49 88 93 27 35 76 95 8 57 24 54 4 20 79 11 11 65 34 2 40 41 58 38 11 72 71 31 90 31 33 20 50 63 67 46 80 43 97 86 11 15 55 17 49 21 6 60 39 19 65 70 40 77 89 19 6 89 18 50 68 22 13 96 36 91 94 46 35 100 87 52 38 10 16 22 28 88 70 72 40 16 78 65 10 25 98 
54 68 36 47 42 28 56 34 51 83 64 80 55 55 60 27 7 17 20 32 68 68 26 10 75 66 58 22 49 86 16 52 55 82 25 18 39 87 41 71 43 79 65 32 97 59 35 96 21 37 64 14 89 55 39 16 93 72 60 64 95 18 46 34 82 75 73 48 5 13 61 5 39 57 98 43 96 3 58 56 57 89 68 54 100 41 63 49 39 96 31 29 62 66 49 68 57 37 22 54 44 84 80 96 29 77 35 22 36 65 27 33 19 91 74 86 83 80 38 9 89 47 92 83 31 95 35 37 
64 96 48 27 16 85 36 68 5 37 61 44 94 39 68 65 82 19 77 27 32 15 58 61 80 45 56 84 43 50 83 77 95 86 63 7 49 1 78 52 81 9 65 55 58 81 99 62 87 82 23 76 8 81 34 84 37 44 56 91 53 86 69 2 26 93 29 3 56 44 52 90 53 42 62 28 31 99 24 100 19 66 79 59 11 36 34 59 51 1 78 67 88 21 22 17 88 82 44 54 92 3 75 88 50 15 61 91 37 56 84 12 22 33 92 58 71 55 98 75 6 15 38 7 68 39 25 93 
51 11 59 84 51 22 85 18 92 23 5 22 60 70 78 53 72 66 90 45 32 37 9 4 38 98 21 40 38 5 2 64 71 5 27 43 24 66 72 8 58 40 87 92 96 56 32 34 100 13 61 33 4 24 93 45 59 75 43 52 11 91 18 96 98 16 7 44 28 46 11 87 50 91 21 3 6 33 26 99 2 36 69 96 69 74 52 90 34 31 65 100 10 89 60 29 40 35 51 27 99 62 96 11 58 63 69 6 68 97 3 58 47 72 57 63 35 3 72 82 71 17 21 54 92 77 1 60 
28 7 86 6 27 70 84 44 40 6 99 16 77 64 97 76 83 96 94 65 98 21 86 96 2 55 50 91 41 2 81 46 92 1 32 29 31 82 20 52 67 76 36 10 98 9 23 74 96 32 50 70 56 81 33 31 72 27 44 43 59 97 24 46 43 20 48 40 46 86 81 31 93 64 54 100 3 71 27 52 90 66 94 88 36 53 61 33 78 25 36 7 13 99 32 5 75 15 5 76 30 61 75 7 78 61 7 62 53 7 24 22 12 10 11 29 71 61 19 26 34 36 29 63 78 79 28 25 
98 14 78 7 84 25 20 34 100 74 58 65 55 53 9 6 8 65 35 11 90 90 88 71 49 75 66 73 95 13 31 51 4 46 98 27 32 25 12 6 17 4 41 63 10 89 77 24 66 91 77 48 79 98 25 2 85 100 64 65 89 45 6 5 33 31 63 75 13 19 38 27 5 1 85 80 42 34 68 91 83 91 59 37 29 53 18 37 24 17 86 86 20 69 28 55 66 25 25 36 35 99 89 41 23 55 5 28 23 18 27 84 37 99 12 55 3 20 71 93 93 96 15 55 80 10 26 39 
81 29 54 35 52 78 16 58 86 27 17 90 72 10 46 86 48 68 37 67 19 53 18 84 11 89 94 87 73 27 28 14 5 11 95 80 74 62 88 27 65 14 79 71 49 29 41 42 88 1 57 54 81 24 86 18 66 94 84 64 65 34 39 67 14 20 60 47 14 11 58 74 32 98 18 73 78 95 22 16 5 34 27 85 23 64 70 78 87 14 22 80 73 73 6 26 48 83 18 5 25 32 36 46 46 48 64 16 90 56 77 17 23 26 20 20 28 97 47 36 49 34 28 87 64 1 91 59 
16 49 87 7 28 57 64 64 78 95 29 22 42 9 25 64 78 42 34 82 14 86 97 17 83 56 77 28 42 27 25 65 59 15 50 13 73 46 39 46 23 85 69 15 24 42 31 60 39 78 64 67 80 75 22 15 20 6 25 93 31 94 28 10 60 80 55 62 49 82 17 86 51 7 13 26 44 8 69 97 5 56 62 52 1 12 90 81 73 76 82 68 20 8 55 76 93 26 48 81 45 79 33 42 16 5 78 99 56 73 8 37 75 36 14 26 55 60 51 37 46 77 86 93 97 82 93 32 
3 89 71 79 57 90 24 27 64 42 89 62 80 8 97 74 62 25 86 71 57 50 10 18 33 66 88 61 63 83 4 30 76 24 55 22 47 16 73 53 99 39 90 69 73 55 35 10 37 7 7 4 44 79 99 23 11 23 79 88 40 1 1 16 66 89 67 51 21 53 100 73 21 29 7 90 49 61 100 64 30 49 25 62 17 35 79 90 84 35 66 11 98 76 71 18 46 58 88 41 26 65 88 64 58 83 23 12 29 9 56 31 8 95 43 30 46 79 84 6 27 21 42 40 96 13 41 85 
69 58 97 34 19 50 48 66 99 55 86 49 99 89 42 7 26 60 10 18 100 8 5 98 55 39 80 39 37 60 99 31 80 31 55 3 47 26 27 31 95 20 28 48 23 2 66 2 40 30 14 34 87 95 82 38 24 3 14 60 32 63 92 42 24 4 87 38 7 100 17 49 30 97 36 83 51 54 4 68 81 69 62 92 19 82 41 93 70 91 60 54 9 100 30 13 78 70 75 99 76 96 71 1 65 92 76 64 64 93 17 23 19 84 29 68 9 95 84 80 52 57 58 78 79 11 17 78 
77 52 53 34 58 52 71 2 27 61 100 53 71 82 86 69 69 89 63 89 17 40 55 58 1 4 13 86 10 85 28 53 80 19 23 59 89 57 83 41 88 64 28 26 79 35 17 14 88 70 17 20 2 44 74 50 63 20 6 87 12 97 49 60 85 88 71 13 32 6 83 75 9 64 35 56 50 78 18 57 55 35 75 96 13 97 38 33 38 63 20 5 25 96 88 31 73 77 22 36 70 40 26 19 91 67 19 74 58 17 49 94 92 8 38 7 52 68 28 18 72 69 16 68 42 22 28 59 
77 59 56 74 91 35 7 73 100 57 73 83 21 16 94 8 1 45 67 31 92 75 52 46 2 11 100 84 84 95 51 40 67 54 42 34 82 55 51 8 58 8 76 91 98 97 73 5 97 100 95 85 63 62 24 53 45 43 35 90 38 95 38 77 34 93 92 54 66 98 70 35 62 43 46 22 99 59 42 50 43 44 35 10 94 8 59 12 84 14 40 15 81 28 54 32 52 21 57 41 63 79 67 4 44 40 18 54 90 18 71 28 48 62 17 95 70 8 46 10 24 46 17 66 1 12 84 15 
70 40 18 26 21 64 12 17 45 41 74 21 58 53 44 72 74 38 49 69 35 80 6 32 31 46 22 47 73 36 62 91 70 55 79 88 85 62 43 86 86 67 59 46 58 15 49 65 28 66 23 79 15 35 18 15 98 31 21 54 84 100 5 36 38 61 91 20 17 36 97 97 61 74 58 14 66 39 73 88 71 30 91 21 55 59 91 1 89 19 32 100 17 32 96 65 41 29 55 17 96 10 87 78 41 71 1 76 66 26 33 4 78 88 3 87 99 21 91 9 33 24 75 73 39 41 90 84 
53 60 46 52 99 22 77 15 64 1 100 1 91 61 56 62 77 76 100 60 7 67 69 100 86 99 55 31 52 69 45 33 13 32 20 23 40 63 79 13 57 13 78 12 59 90 43 79 76 80 67 79 25 25 90 87 86 66 88 57 30 25 77 47 87 86 23 92 52 71 36 78 59 6 48 58 39 35 91 41 28 94 53 48 12 48 25 20 64 29 21 11 25 86 46 94 4 44 89 83 31 95 61 14 58 52 63 20 60 92 28 63 75 22 16 87 98 53 10 69 74 75 61 51 91 39 1 89 
76 5 56 22 1 31 1 85 71 42 65 99 72 77 79 70 56 89 99 88 98 24 8 5 5 3 28 81 70 57 31 88 94 18 2 36 100 89 13 33 3 5 91 98 42 19 42 44 31 73 77 33 32 10 73 60 47 1 22 66 86 99 76 92 16 3 4 14 10 85 23 59 97 10 38 95 90 59 31 21 32 55 46 45 71 51 66 76 78 78 98 28 25 2 40 42 69 97 15 86 90 46 55 25 59 43 43 48 66 7 46 8 2 74 46 78 81 60 13 10 59 74 3 65 61 21 4 92 
48 67 68 10 47 22 23 33 29 6 40 24 83 79 51 73 2 16 59 68 51 42 7 89 44 1 41 11 38 69 54 6 67 7 59 69 72 84 83 9 44 81 49 73 26 13 99 84 84 89 45 15 22 97 49 84 100 66 16 75 28 5 26 44 14 64 92 3 99 15 89 16 22 59 93 21 63 70 23 81 39 36 100 21 59 67 30 76 65 57 49 66 5 53 67 75 45 75 34 93 29 85 71 21 42 38 23 91 98 41 74 96 87 39 80 42 80 23 31 59 31 66 30 67 41 95 1 90 
55 30 89 20 66 58 73 47 87 45 71 52 36 66 5 95 30 85 75 30 68 85 54 72 20 15 91 33 18 42 1 11 61 19 62 62 91 6 29 69 28 24 12 19 77 53 47 70 75 55 98 42 13 7 47 70 51 19 3 88 1 94 23 77 83 12 64 65 3 1 51 5 81 8 51 79 84 80 69 20 21 18 65 50 84 6 67 84 5 82 39 81 34 39 99 53 57 18 62 85 10 20 30 29 9 22 2 31 83 25 37 93 100 12 14 28 97 39 57 39 66 86 38 75 67 56 98 11 
29 88 26 7 37 16 48 2 83 28 91 41 80 38 99 63 68 97 30 46 69 22 99 51 92 100 7 67 71 97 85 56 98 86 74 39 34 5 28 10 26 3 55 37 83 92 48 45 97 46 80 94 12 15 70 82 88 22 36 89 80 3 79 20 95 65 62 83 97 64 8 11 68 38 91 96 50 12 15 54 68 31 47 45 15 55 87 72 29 24 49 87 62 51 86 95 45 76 63 27 47 3 48 24 51 23 66 27 58 29 68 48 84 83 94 35 70 19 89 9 37 65 53 78 43 40 85 3 
9 61 84 1 74 81 9 19 79 93 76 22 51 55 15 56 33 60 28 51 35 1 74 46 84 21 22 51 64 4 79 76 7 30 12 25 43 32 38 8 72 37 35 52 17 63 8 70 74 60 32 40 22 27 69 23 4 91 52 44 14 21 60 99 86 26 55 87 71 93 16 43 8 28 100 40 9 34 63 90 97 95 36 87 19 63 34 62 33 49 88 85 81 68 72 2 26 76 78 13 65 16 74 89 21 70 20 17 56 25 6 85 70 27 6 42 81 54 9 48 26 22 91 4 78 30 78 93 
81 87 4 58 80 82 7 38 85 24 38 82 87 10 74 8 7 31 90 11 68 47 85 100 66 96 11 99 3 98 65 58 97 87 59 85 31 32 26 49 10 96 24 83 65 44 63 40 83 71 75 27 60 5 87 95 44 78 2 34 28 66 34 98 15 12 2 58 45 99 65 87 31 96 48 32 30 88 91 43 36 38 15 45 84 27 54 90 14 76 56 92 36 84 100 13 83 26 96 47 17 79 87 43 63 46 65 8 66 38 60 10 88 25 40 51 32 56 5 82 32 70 45 95 78 13 91 5 
35 64 17 32 54 19 42 5 80 16 86 88 26 8 9 48 42 98 22 11 70 19 21 22 53 20 21 54 42 51 50 34 57 62 78 98 55 85 42 18 31 97 2 77 69 23 23 90 85 8 9 15 57 98 45 57 90 74 51 8 60 30 80 7 6 44 47 8 88 99 34 96 56 99 28 75 65 43 39 43 34 5 23 49 31 36 20 78 10 53 26 41 71 50 22 65 91 16 86 56 23 2 32 84 73 95 79 69 17 90 39 31 30 27 72 74 3 84 64 46 83 32 48 75 50 52 5 30 
8 64 28 68 36 19 68 35 50 57 67 12 83 10 81 78 12 17 47 96 29 81 53 89 53 15 8 68 69 17 1 29 57 85 93 4 5 92 96 81 36 63 93 56 7 61 72 59 74 32 95 50 13 17 9 17 6 44 84 12 74 83 88 26 84 41 36 17 68 35 85 65 59 63 79 55 95 99 56 42 77 26 96 83 65 1 46 60 66 16 74 52 54 77 77 93 77 31 94 60 78 63 27 46 88 3 4 73 37 3 47 81 62 2 63 21 25 10 46 84 70 100 99 3 56 22 40 11 
98 45 62 54 94 21 68 11 60 46 40 99 8 55 85 14 11 36 31 32 68 32 57 5 83 29 21 62 84 33 89 37 51 62 10 90 7 91 50 82 62 17 66 35 56 98 81 8 99 78 31 21 78 8 18 95 75 68 37 90 68 65 6 14 89 34 42 1 52 4 16 100 46 40 57 53 34 66 54 51 15 46 85 62 26 54 17 7 94 69 95 63 72 30 27 20 25 59 9 97 24 12 39 13 54 59 69 64 47 38 45 8 42 42 53 17 92 51 75 15 40 51 61 11 27 66 93 43 
11 39 68 61 14 26 10 54 47 73 89 46 95 43 80 32 58 81 23 91 86 25 92 19 29 7 17 33 10 76 50 82 50 90 93 46 38 95 75 56 99 65 26 90 14 95 82 22 48 84 62 23 60 86 41 71 1 86 45 35 2 91 84 47 43 87 90 30 100 27 93 56 39 3 84 2 31 1 83 95 43 29 86 16 72 61 99 34 91 11 44 74 73 46 44 79 65 4 21 82 31 94 33 23 4 53 89 92 5 8 18 11 42 36 54 63 81 80 85 7 61 67 80 12 37 32 70 86 
35 90 31 30 25 73 23 91 76 84 79 48 60 100 34 23 44 72 51 38 12 86 99 31 89 96 84 82 65 11 5 66 56 73 96 99 27 43 93 96 64 1 24 71 58 29 72 93 13 83 85 61 21 26 68 50 43 14 97 42 60 46 40 13 88 33 7 96 41 35 26 26 58 55 99 1 75 26 61 51 86 17 61 11 44 40 46 5 76 83 84 84 25 94 84 52 90 32 79 13 99 74 83 16 100 89 63 40 34 46 100 20 75 58 28 92 27 87 53 72 40 82 28 100 62 80 18 4 
8 77 83 12 1 22 33 35 17 59 14 59 38 96 46 9 55 98 58 48 96 13 11 64 100 19 86 79 55 15 61 5 91 46 16 34 90 38 79 34 86 9 25 52 52 30 62 21 63 27 41 83 25 96 57 50 46 53 58 33 85 7 68 4 3 35 73 49 27 27 89 98 37 19 80 82 63 32 44 20 41 86 91 89 19 62 17 33 80 22 82 9 2 37 94 9 81 33 53 24 22 41 42 19 53 46 81 23 73 59 37 6 89 23 17 10 60 88 2 45 98 22 18 24 24 50 30 56 
35 60 73 17 95 88 30 69 13 93 77 95 7 44 34 41 94 53 95 11 81 23 17 84 3 12 59 24 81 74 69 42 98 31 59 19 60 88 22 61 96 5 58 100 40 10 47 85 57 9 27 60 56 2 52 1 95 23 40 55 12 23 20 18 40 45 7 93 71 1 56 37 98 88 52 43 97 76 32 72 35 19 20 99 29 62 12 45 20 10 26 76 94 59 84 100 49 30 85 93 91 37 54 62 42 89 90 58 72 92 70 59 31 86 50 32 98 82 93 76 72 10 35 1 11 48 50 56 
88 46 86 79 64 79 82 28 23 87 25 13 6 86 28 41 38 72 52 41 89 93 58 61 34 39 88 54 61 69 99 13 85 39 91 63 61 36 92 68 66 81 95 85 3 90 39 34 47 17 98 46 85 98 43 58 88 43 71 4 81 26 82 100 90 23 79 2 43 92 39 4 8 70 49 55 29 3 93 59 44 19 96 66 98 100 19 78 94 42 44 21 34 89 71 15 7 80 29 91 8 100 8 5 60 80 32 91 59 64 48 86 63 91 89 19 38 11 34 71 40 98 60 71 96 49 86 15 
78 8 11 69 11 3 86 65 63 67 18 57 94 74 28 19 61 42 49 53 70 31 56 89 8 79 49 9 96 27 7 65 69 22 79 79 33 36 69 71 45 40 93 45 95 39 47 14 71 25 84 66 20 13 77 23 34 55 57 50 8 81 45 43 35 95 40 27 22 75 48 78 47 29 49 37 29 87 12 82 4 13 93 52 56 73 43 61 97 4 99 95 98 48 27 65 14 50 52 89 27 2 65 96 95 54 71 5 84 20 78 44 95 38 72 72 71 35 2 54 19 33 53 35 46 10 55 88 
15 96 57 66 25 83 90 37 59 53 13 22 33 19 15 52 77 64 8 40 69 95 97 45 71 93 88 34 79 12 69 17 89 88 94 97 86 68 57 14 12 57 12 21 60 82 20 33 93 88 30 51 43 78 18 97 23 2 44 34 93 52 4 88 48 98 85 66 40 99 77 73 79 69 21 1 3 68 71 90 12 42 59 65 91 69 35 75 78 45 38 9 79 3 47 35 53 79 49 69 16 61 50 1 15 86 92 61 85 31 87 40 93 31 26 10 22 79 2 24 53 10 73 35 1 55 96 45 
51 70 86 50 31 17 11 23 85 89 63 1 86 11 40 71 50 9 80 49 49 86 9 43 10 87 59 75 25 89 26 23 51 36 5 37 13 22 43 37 21 41 32 79 37 18 68 97 66 29 61 54 80 59 1 68 52 91 63 83 87 28 97 45 92 19 58 69 57 47 74 38 40 17 61 11 71 29 46 64 10 63 90 61 84 99 62 75 25 52 75 87 21 89 99 55 22 46 75 94 19 75 49 65 61 26 34 69 1 81 62 42 41 58 20 92 15 34 30 12 4 3 42 46 16 23 47 54 
11 64 39 34 6 7 18 96 4 26 23 21 73 79 71 66 7 88 18 70 3 43 44 8 48 27 80 45 38 55 15 74 76 66 93 74 49 71 16 10 29 41 22 7 54 57 76 56 91 39 68 25 4 13 32 59 63 69 23 57 81 17 52 30 68 90 91 52 47 14 22 29 54 62 96 47 76 26 91 72 83 75 18 31 64 85 33 91 13 15 72 99 92 60 85 22 73 77 99 88 72 47 91 34 37 89 46 75 77 68 12 43 45 92 61 33 4 49 3 19 27 53 13 59 69 78 7 4 
7 67 66 45 68 59 36 58 6 79 94 85 93 15 77 77 99 36 1 36 63 26 18 59 46 73 99 19 8 53 8 14 95 37 68 22 9 64 54 34 23 52 23 23 95 43 33 39 75 86 38 5 8 50 5 51 17 73 7 13 45 34 94 69 49 97 100 49 39 57 38 66 54 61 14 39 59 33 7 96 75 59 29 53 92 59 35 88 12 11 32 41 87 69 89 27 33 72 10 88 6 79 71 10 85 28 57 61 5 63 22 90 36 39 91 48 8 6 87 76 76 64 40 84 55 21 86 2 
86 69 50 99 20 73 71 47 69 19 48 18 80 71 8 16 48 33 14 96 77 100 40 47 79 86 26 90 10 65 4 72 25 10 11 95 85 64 57 66 32 23 84 30 63 7 39 2 38 60 47 40 66 62 66 32 28 40 19 68 25 50 71 12 93 76 71 50 34 78 91 67 38 42 43 68 25 11 7 47 55 26 23 78 54 55 3 4 12 7 85 59 52 84 21 48 66 75 40 79 23 8 48 41 18 74 17 22 67 2 71 61 62 5 78 38 32 51 5 4 74 57 82 100 54 6 15 27 
77 13 13 15 70 98 19 83 98 81 29 88 5 54 71 31 16 67 100 53 53 54 90 66 97 75 25 3 16 89 75 94 24 16 20 8 86 76 24 100 67 90 43 46 97 17 65 68 80 89 40 30 43 83 85 70 24 18 15 18 27 1 94 38 71 26 16 53 61 51 66 79 15 65 59 41 46 99 100 96 28 85 42 62 26 49 24 92 62 83 37 24 35 95 51 85 51 80 98 25 94 25 17 51 79 4 87 84 87 26 86 86 6 3 58 38 99 14 44 62 57 70 68 14 99 13 60 75 
4 12 33 57 53 24 58 88 68 47 25 8 82 100 48 60 85 11 93 35 95 90 31 45 12 12 70 22 39 63 69 63 77 42 1 22 53 93 53 31 94 72 71 79 90 33 12 36 86 64 25 63 14 79 86 63 88 9 77 98 12 4 100 80 96 54 5 75 68 22 42 97 38 51 10 50 93 73 99 47 94 99 78 19 17 73 47 92 82 61 98 68 74 83 54 13 37 51 70 72 77 86 22 6 82 16 68 6 75 38 5 8 61 73 33 70 33 78 93 62 61 11 23 65 13 89 27 85 
23 74 93 77 29 85 67 51 89 99 46 33 17 9 60 34 69 34 70 39 71 20 25 31 36 22 25 21 40 31 38 15 46 24 86 12 13 73 37 97 10 65 7 8 7 3 9 21 12 50 28 72 28 33 49 17 63 71 37 76 73 77 56 33 14 67 43 47 50 37 78 44 22 92 36 70 83 33 69 21 48 93 60 60 62 33 59 26 53 7 64 51 94 42 7 43 76 53 47 36 16 93 48 72 12 25 98 39 26 16 44 4 38 66 86 99 75 57 14 5 71 52 24 4 88 93 53 10 
2 73 67 42 3 57 17 63 11 72 29 36 28 20 42 68 22 90 74 47 60 53 69 42 67 69 45 33 19 94 61 27 95 13 36 68 5 2 5 18 93 67 25 51 45 7 96 87 95 92 75 2 38 38 30 55 77 40 97 94 68 44 5 32 13 39 52 30 48 31 49 7 72 99 56 64 76 63 56 28 66 99 74 94 98 25 95 3 64 48 15 11 29 96 81 90 73 42 30 81 30 25 10 11 44 2 54 56 93 98 9 64 27 5 68 53 39 45 93 25 56 69 90 52 19 99 44 10 
42 16 31 70 62 68 84 83 18 60 30 10 7 97 68 1 79 45 28 100 21 43 77 95 74 97 57 58 88 8 33 3 19 34 90 61 41 24 36 59 72 60 44 37 66 65 66 100 24 50 65 43 24 77 23 83 72 84 27 4 56 34 88 52 17 78 18 44 51 26 44 59 90 40 67 63 54 67 42 95 48 6 59 55 89 48 80 4 23 30 91 89 31 84 41 14 91 40 5 69 14 53 97 55 90 4 17 52 36 70 51 71 44 71 51 15 77 49 53 66 66 28 33 21 91 32 40 48 
24 64 22 70 31 92 38 90 93 61 6 51 30 83 36 98 5 56 56 8 8 66 26 39 44 60 90 29 62 67 48 86 87 1 51 28 4 53 92 68 16 45 39 66 58 31 15 68 87 70 50 14 76 43 71 44 87 76 6 89 94 47 29 30 17 90 91 90 68 82 25 26 89 1 43 75 77 65 46 40 47 38 42 57 84 14 36 52 96 97 52 72 95 25 29 53 62 97 65 47 8 86 11 80 31 85 46 25 55 38 42 4 53 71 42 65 99 29 21 42 57 63 19 79 79 21 17 60 
77 25 6 65 2 8 74 24 41 3 61 27 88 40 20 56 36 41 85 64 79 23 31 79 28 36 76 27 28 2 56 64 63 72 53 66 72 11 100 24 14 1 100 3 9 11 22 89 96 49 33 81 13 45 3 2 82 29 87 37 74 36 16 8 30 43 99 73 56 18 56 85 16 4 36 3 10 82 27 45 98 18 3 15 83 52 41 71 41 81 79 88 3 21 96 55 38 40 58 60 59 1 68 37 82 25 94 36 29 9 1 17 30 22 37 38 62 86 40 90 53 28 96 71 72 70 30 18 
86 8 86 66 99 86 93 58 91 5 69 14 70 3 54 64 5 39 57 13 98 69 55 16 75 49 84 58 50 46 40 36 46 1 11 98 53 50 87 35 12 59 70 16 43 77 94 60 98 62 86 40 76 5 3 91 69 12 5 49 10 83 15 29 32 30 25 37 15 43 29 58 16 59 38 82 98 45 44 76 9 36 89 78 62 97 47 43 97 34 44 29 19 26 43 81 30 17 1 43 94 7 38 49 4 26 50 32 89 15 45 11 75 85 7 77 29 22 49 84 10 80 69 82 93 17 20 71 
95 22 77 45 96 2 74 89 48 76 36 56 86 28 27 10 88 17 23 80 58 62 73 53 49 21 10 50 36 34 45 65 13 48 50 19 23 15 43 36 64 11 82 50 41 16 92 17 94 92 9 95 40 63 85 14 66 11 75 75 19 24 57 15 90 58 66 100 64 62 51 35 84 52 66 76 41 79 23 72 57 99 50 51 65 78 55 68 34 48 6 70 90 2 68 75 82 74 78 23 3 83 81 46 10 74 64 15 58 84 76 29 14 66 15 64 83 89 94 79 38 58 16 78 27 93 4 78 
73 92 36 4 40 62 8 66 56 71 52 95 96 68 30 58 7 2 91 68 83 55 2 5 97 30 40 10 28 44 19 96 75 75 52 23 46 93 67 13 6 44 32 32 34 8 2 91 64 99 44 47 76 46 88 87 47 23 19 5 58 89 13 71 56 52 96 94 49 41 88 24 42 8 6 58 77 42 7 64 43 33 50 37 6 81 72 25 22 40 74 89 89 75 72 70 6 17 11 84 57 66 77 8 3 41 90 96 73 64 49 7 45 97 32 83 3 64 92 56 99 98 75 81 93 21 15 81 
85 88 10 83 68 25 73 100 79 71 73 61 48 33 59 68 99 87 31 24 38 98 49 38 82 93 6 17 23 2 73 84 14 48 26 42 80 80 31 81 48 62 100 78 9 1 16 78 36 14 39 67 72 1 68 55 37 24 34 79 23 81 84 33 8 23 16 61 36 8 57 71 54 20 9 72 3 17 70 52 89 90 71 89 79 37 66 11 73 49 8 42 64 91 45 7 83 95 25 91 18 29 10 23 54 92 97 10 33 52 51 68 17 61 44 18 62 23 96 49 66 19 66 72 38 69 100 92 
16 19 51 21 28 77 83 38 58 79 81 67 82 75 22 4 99 37 79 11 64 17 7 41 82 81 6 73 78 78 43 8 91 72 76 49 40 15 91 1 35 71 21 21 9 14 71 41 31 74 19 38 22 42 2 37 68 16 16 91 22 24 60 95 30 43 7 10 85 74 20 94 21 86 53 27 25 28 8 37 82 5 54 44 67 18 98 56 97 39 61 92 10 31 53 22 82 57 31 4 56 74 51 79 57 69 91 72 91 33 49 11 12 39 16 48 52 95 86 1 7 85 89 79 66 11 42 78 
45 55 3 95 78 83 7 26 56 14 59 59 14 10 80 99 1 91 27 69 48 44 65 65 15 82 46 24 13 12 46 35 3 47 44 56 66 30 66 40 22 4 68 68 71 15 56 55 53 39 96 20 7 97 39 16 13 11 47 67 27 38 17 96 16 65 100 32 38 80 67 81 11 18 17 98 43 63 27 30 19 49 85 40 74 66 51 85 73 92 43 50 51 7 46 66 97 21 56 18 93 15 37 36 83 49 60 10 28 86 8 66 94 32 91 49 39 61 32 95 54 85 4 95 39 5 50 13 
15 50 24 67 59 60 70 71 73 66 49 62 30 44 79 62 63 85 49 66 83 3 6 1 20 22 67 86 39 67 11 79 56 35 7 98 9 27 71 58 99 37 53 97 63 27 74 72 58 74 58 66 38 43 84 52 88 20 45 76 35 67 40 64 37 18 31 54 50 95 92 55 75 37 64 85 86 11 49 63 82 88 11 44 34 18 1 90 37 34 91 45 65 68 58 57 84 66 89 13 81 95 63 75 10 69 93 96 12 3 2 52 34 14 61 47 32 41 21 80 56 55 91 16 9 91 72 13 
91 81 65 63 88 86 67 94 74 96 96 94 51 71 4 67 94 38 55 4 89 9 75 57 29 96 14 56 60 70 14 42 76 32 73 47 24 79 40 51 62 27 13 94 26 96 95 99 62 7 3 96 20 5 61 89 37 56 32 93 16 50 71 1 90 93 59 63 81 18 59 30 70 85 51 48 62 20 39 99 13 31 22 37 48 58 3 18 4 55 77 23 32 1 22 63 85 44 58 17 27 38 86 86 93 3 53 76 43 56 1 2 58 43 87 98 89 28 35 34 31 29 98 52 35 65 98 38 
92 90 50 38 46 14 24 55 5 91 33 76 45 59 89 1 4 72 11 62 14 21 90 83 58 27 61 97 14 90 69 15 15 61 65 65 13 54 47 28 87 89 28 2 53 22 92 54 80 59 75 7 72 95 79 21 41 62 62 9 44 34 38 23 4 7 27 54 11 33 97 17 43 42 37 36 95 85 9 1 83 2 79 60 52 95 69 16 39 75 61 72 26 31 20 71 80 17 30 62 57 52 99 89 57 96 25 65 94 64 67 89 89 51 15 38 84 95 41 8 47 42 77 62 43 49 13 54 
39 100 38 93 95 68 35 61 58 70 39 82 34 8 80 75 45 81 2 49 7 70 46 11 37 24 13 15 57 86 85 95 96 7 57 55 34 38 78 64 33 17 85 23 30 3 88 37 65 20 73 64 89 12 77 95 83 25 97 10 31 47 78 24 66 56 56 43 42 96 54 9 22 22 40 90 71 44 9 99 76 7 33 49 46 54 93 87 38 9 55 52 4 95 23 5 51 41 20 81 46 44 63 81 85 17 95 12 78 95 41 48 74 16 34 66 46 56 70 12 17 12 99 45 69 21 24 1 
93 14 37 47 47 37 83 35 53 43 74 85 57 39 78 70 32 38 21 31 94 81 43 73 23 68 99 84 42 74 19 76 49 88 73 95 72 81 97 94 12 54 40 46 83 89 75 88 54 49 38 21 37 34 57 27 69 69 9 85 92 45 37 49 34 85 85 55 4 88 73 62 25 94 91 94 78 63 71 29 82 20 35 39 37 91 32 21 73 67 84 96 57 18 44 64 86 99 11 77 90 7 89 32 90 97 64 48 26 10 45 96 93 87 44 47 11 36 44 6 79 36 12 40 42 24 57 40 
56 51 3 21 13 31 28 42 85 33 84 89 87 9 79 34 89 40 79 80 46 70 12 54 17 35 18 90 70 8 69 66 59 34 56 61 59 19 27 76 40 66 39 76 49 97 4 81 80 48 37 56 69 40 85 34 94 4 92 63 60 92 63 24 22 27 100 6 9 15 44 5 12 44 80 100 49 52 50 37 30 28 94 16 95 34 27 91 34 98 30 14 20 11 13 44 1 81 78 34 91 96 5 28 84 25 39 15 24 88 65 72 8 20 86 88 24 25 79 21 12 70 40 37 67 67 5 56 
36 45 85 12 99 32 72 2 2 50 29 78 58 13 42 90 42 20 67 44 88 2 89 10 60 73 50 58 67 3 56 38 54 75 94 98 58 47 18 50 85 80 98 75 22 82 90 55 54 56 86 25 43 62 91 9 11 14 57 94 71 12 65 28 76 46 25 55 56 14 7 58 22 96 8 100 46 18 66 83 81 80 47 49 3 24 52 4 37 29 59 36 27 30 65 66 82 3 17 82 59 66 40 50 11 39 27 5 75 14 90 78 38 78 68 50 55 99 75 22 56 4 13 70 25 93 92 51 
99 77 25 66 19 9 65 9 21 30 69 100 79 75 6 35 59 75 98 71 8 26 15 66 29 80 87 88 5 47 84 90 37 84 40 69 91 72 21 28 83 78 60 3 65 77 87 71 43 95 74 82 47 55 21 65 85 50 2 1 50 67 73 45 30 78 18 19 98 94 98 88 35 71 74 43 84 6 76 73 93 56 28 52 98 17 31 79 83 97 62 83 75 38 38 78 53 76 100 63 18 52 2 38 6 72 44 3 22 33 60 28 61 2 77 3 16 16 100 88 31 55 7 42 65 28 28 63 
23 60 84 59 52 22 54 68 13 98 27 78 28 16 91 15 93 7 89 56 93 54 27 39 49 75 65 81 18 96 46 23 71 28 22 18 97 20 48 25 47 41 52 25 27 70 76 72 94 95 46 87 25 19 47 50 86 88 27 24 36 56 65 52 43 55 5 54 28 45 1 71 86 24 52 20 60 96 7 63 36 34 13 68 56 9 74 55 58 69 16 20 56 48 23 99 72 79 8 67 71 58 60 80 50 76 6 14 48 89 18 55 66 72 100 12 21 13 86 32 6 11 52 69 67 36 57 73 
54 75 70 22 13 55 79 72 21 8 92 71 53 50 52 9 17 39 54 39 43 30 42 49 22 4 47 96 33 66 66 16 92 3 55 77 71 53 13 38 31 2 5 68 4 30 21 51 7 58 64 14 56 8 99 51 95 43 64 93 29 64 57 33 81 12 39 86 13 70 35 31 46 59 81 33 87 46 54 49 47 48 55 14 63 17 61 24 100 27 3 95 28 71 25 85 9 47 36 3 82 90 10 83 53 11 35 93 59 1 32 65 43 43 66 64 20 62 17 54 40 39 5 33 79 41 19 52 
62 23 5 32 73 10 89 63 15 27 89 3 93 77 83 43 74 54 30 83 4 90 53 99 75 24 70 16 36 89 80 11 71 38 92 21 56 31 86 24 63 76 23 5 50 96 47 63 48 72 93 52 79 6 47 18 23 45 62 54 47 37 17 83 82 8 100 2 60 86 30 35 47 45 56 70 18 70 3 26 20 53 67 93 34 5 55 6 61 37 45 61 11 29 96 22 52 91 18 29 57 35 100 80 37 13 73 58 84 5 7 5 48 40 82 87 62 55 51 8 47 88 14 64 3 88 68 4 
12 17 28 44 83 59 17 4 60 80 60 28 55 17 57 90 60 7 88 61 13 87 8 39 29 42 35 25 98 94 16 12 4 77 41 21 78 61 36 81 21 82 73 44 76 44 20 83 13 41 46 31 56 61 82 29 9 83 47 20 59 69 12 83 69 72 26 55 68 65 7 21 12 83 68 16 81 23 31 32 99 7 13 65 10 11 100 4 4 68 35 15 38 67 9 61 50 68 47 48 16 80 80 94 84 82 73 68 20 63 91 73 28 49 25 72 3 82 99 92 51 60 67 48 41 28 15 27 
0.0 1.0 2.0 3.0 4.0 5.0 6.0 7.0 8.0 9.0 10.0 11.0 12.0 13.0 14.0 15.0 16.0 17.0 18.0 19.0 20.0 21.0 22.0 23.0 24.0 25.0 26.0 27.0 28.0 29.0 30.0 31.0 32.0 33.0 34.0 35.0 36.0 37.0 38.0 39.0 40.0 41.0 42.0 43.0 44.0 45.0 46.0 47.0 48.0 49.0 50.0 51.0 52.0 53.0 54.0 55.0 56.0 57.0 58.0 59.0 60.0 61.0 62.0 63.0 64.0 63.0 62.0 61.0 60.0 59.0 58.0 57.0 56.0 55.0 54.0 53.0 52.0 51.0 50.0 49.0 48.0 47.0 46.0 45.0 44.0 43.0 42.0 41.0 40.0 39.0 38.0 37.0 36.0 35.0 34.0 33.0 32.0 31.0 30.0 29.0 28.0 27.0 26.0 25.0 24.0 23.0 22.0 21.0 20.0 19.0 18.0 17.0 16.0 15.0 14.0 13.0 12.0 11.0 10.0 9.0 8.0 7.0 6.0 5.0 4.0 3.0 2.0 1.0 
1.0 0.0 1.0 2.0 3.0 4.0 5.0 6.0 7.0 8.0 9.0 10.0 11.0 12.0 13.0 14.0 15.0 16.0 17.0 18.0 19.0 20.0 21.0 22.0 23.0 24.0 25.0 26.0 27.0 28.0 29.0 30.0 31.0 32.0 33.0 34.0 35.0 36.0 37.0 38.0 39.0 40.0 41.0 42.0 43.0 44.0 45.0 46.0 47.0 48.0 49.0 50.0 51.0 52.0 53.0 54.0 55.0 56.0 57.0 58.0 59.0 60.0 61.0 62.0 63.0 64.0 63.0 62.0 61.0 60.0 59.0 58.0 57.0 56.0 55.0 54.0 53.0 52.0 51.0 50.0 49.0 48.0 47.0 46.0 45.0 44.0 43.0 42.0 41.0 40.0 39.0 38.0 37.0 36.0 35.0 34.0 33.0 32.0 31.0 30.0 29.0 28.0 27.0 26.0 25.0 24.0 23.0 22.0 21.0 20.0 19.0 18.0 17.0 16.0 15.0 14.0 13.0 12.0 11.0 10.0 9.0 8.0 7.0 6.0 5.0 4.0 3.0 2.0 
2.0 1.0 0.0 1.0 2.0 3.0 4.0 5.0 6.0 7.0 8.0 9.0 10.0 11.0 12.0 13.0 14.0 15.0 16.0 17.0 18.0 19.0 20.0 21.0 22.0 23.0 24.0 25.0 26.0 27.0 28.0 29.0 30.0 31.0 32.0 33.0 34.0 35.0 36.0 37.0 38.0 39.0 40.0 41.0 42.0 43.0 44.0 45.0 46.0 47.0 48.0 49.0 50.0 51.0 52.0 53.0 54.0 55.0 56.0 57.0 58.0 59.0 60.0 61.0 62.0 63.0 64.0 63.0 62.0 61.0 60.0 59.0 58.0 57.0 56.0 55.0 54.0 53.0 52.0 51.0 50.0 49.0 48.0 47.0 46.0 45.0 44.0 43.0 42.0 41.0 40.0 39.0 38.0 37.0 36.0 35.0 34.0 33.0 32.0 31.0 30.0 29.0 28.0 27.0 26.0 25.0 24.0 23.0 22.0 21.0 20.0 19.0 18.0 17.0 16.0 15.0 14.0 13.0 12.0 11.0 10.0 9.0 8.0 7.0 6.0 5.0 4.0 3.0 
3.0 2.0 1.0 0.0 1.0 2.0 3.0 4.0 5.0 6.0 7.0 8.0 9.0 10.0 11.0 12.0 13.0 14.0 15.0 16.0 17.0 18.0 19.0 20.0 21.0 22.0 23.0 24.0 25.0 26.0 27.0 28.0 29.0 30.0 31.0 32.0 33.0 34.0 35.0 36.0 37.0 38.0 39.0 40.0 41.0 42.0 43.0 44.0 45.0 46.0 47.0 48.0 49.0 50.0 51.0 52.0 53.0 54.0 55.0 56.0 57.0 58.0 59.0 60.0 61.0 62.0 63.0 64.0 63.0 62.0 61.0 60.0 59.0 58.0 57.0 56.0 55.0 54.0 53.0 52.0 51.0 50.0 49.0 48.0 47.0 46.0 45.0 44.0 43.0 42.0 41.0 40.0 39.0 38.0 37.0 36.0 35.0 34.0 33.0 32.0 31.0 30.0 29.0 28.0 27.0 26.0 25.0 24.0 23.0 22.0 21.0 20.0 19.0 18.0 17.0 16.0 15.0 14.0 13.0 12.0 11.0 10.0 9.0 8.0 7.0 6.0 5.0 4.0 
4.0 3.0 2.0 1.0 0.0 1.0 2.0 3.0 4.0 5.0 6.0 7.0 8.0 9.0 10.0 11.0 12.0 13.0 14.0 15.0 16.0 17.0 18.0 19.0 20.0 21.0 22.0 23.0 24.0 25.0 26.0 27.0 28.0 29.0 30.0 31.0 32.0 33.0 34.0 35.0 36.0 37.0 38.0 39.0 40.0 41.0 42.0 43.0 44.0 45.0 46.0 47.0 48.0 49.0 50.0 51.0 52.0 53.0 54.0 55.0 56.0 57.0 58.0 59.0 60.0 61.0 62.0 63.0 64.0 63.0 62.0 61.0 60.0 59.0 58.0 57.0 56.0 55.0 54.0 53.0 52.0 51.0 50.0 49.0 48.0 47.0 46.0 45.0 44.0 43.0 42.0 41.0 40.0 39.0 38.0 37.0 36.0 35.0 34.0 33.0 32.0 31.0 30.0 29.0 28.0 27.0 26.0 25.0 24.0 23.0 22.0 21.0 20.0 19.0 18.0 17.0 16.0 15.0 14.0 13.0 12.0 11.0 10.0 9.0 8.0 7.0 6.0 5.0 
5.0 4.0 3.0 2.0 1.0 0.0 1.0 2.0 3.0 4.0 5.0 6.0 7.0 8.0 9.0 10.0 11.0 12.0 13.0 14.0 15.0 16.0 17.0 18.0 19.0 20.0 21.0 22.0 23.0 24.0 25.0 26.0 27.0 28.0 29.0 30.0 31.0 32.0 33.0 34.0 35.0 36.0 37.0 38.0 39.0 40.0 41.0 42.0 43.0 44.0 45.0 46.0 47.0 48.0 49.0 50.0 51.0 52.0 53.0 54.0 55.0 56.0 57.0 58.0 59.0 60.0 61.0 62.0 63.0 64.0 63.0 62.0 61.0 60.0 59.0 58.0 57.0 56.0 55.0 54.0 53.0 52.0 51.0 50.0 49.0 48.0 47.0 46.0 45.0 44.0 43.0 42.0 41.0 40.0 39.0 38.0 37.0 36.0 35.0 34.0 33.0 32.0 31.0 30.0 29.0 28.0 27.0 26.0 25.0 24.0 23.0 22.0 21.0 20.0 19.0 18.0 17.0 16.0 15.0 14.0 13.0 12.0 11.0 10.0 9.0 8.0 7.0 6.0 
6.0 5.0 4.0 3.0 2.0 1.0 0.0 1.0 2.0 3.0 4.0 5.0 6.0 7.0 8.0 9.0 10.0 11.0 12.0 13.0 14.0 15.0 16.0 17.0 18.0 19.0 20.0 21.0 22.0 23.0 24.0 25.0 26.0 27.0 28.0 29.0 30.0 31.0 32.0 33.0 34.0 35.0 36.0 37.0 38.0 39.0 40.0 41.0 42.0 43.0 44.0 45.0 46.0 47.0 48.0 49.0 50.0 51.0 52.0 53.0 54.0 55.0 56.0 57.0 58.0 59.0 60.0 61.0 62.0 63.0 64.0 63.0 62.0 61.0 60.0 59.0 58.0 57.0 56.0 55.0 54.0 53.0 52.0 51.0 50.0 49.0 48.0 47.0 46.0 45.0 44.0 43.0 42.0 41.0 40.0 39.0 38.0 37.0 36.0 35.0 34.0 33.0 32.0 31.0 30.0 29.0 28.0 27.0 26.0 25.0 24.0 23.0 22.0 21.0 20.0 19.0 18.0 17.0 16.0 15.0 14.0 13.0 12.0 11.0 10.0 9.0 8.0 7.0 
7.0 6.0 5.0 4.0 3.0 2.0 1.0 0.0 1.0 2.0 3.0 4.0 5.0 6.0 7.0 8.0 9.0 10.0 11.0 12.0 13.0 14.0 15.0 16.0 17.0 18.0 19.0 20.0 21.0 22.0 23.0 24.0 25.0 26.0 27.0 28.0 29.0 30.0 31.0 32.0 33.0 34.0 35.0 36.0 37.0 38.0 39.0 40.0 41.0 42.0 43.0 44.0 45.0 46.0 47.0 48.0 49.0 50.0 51.0 52.0 53.0 54.0 55.0 56.0 57.0 58.0 59.0 60.0 61.0 62.0 63.0 64.0 63.0 62.0 61.0 60.0 59.0 58.0 57.0 56.0 55.0 54.0 53.0 52.0 51.0 50.0 49.0 48.0 47.0 46.0 45.0 44.0 43.0 42.0 41.0 40.0 39.0 38.0 37.0 36.0 35.0 34.0 33.0 32.0 31.0 30.0 29.0 28.0 27.0 26.0 25.0 24.0 23.0 22.0 21.0 20.0 19.0 18.0 17.0 16.0 15.0 14.0 13.0 12.0 11.0 10.0 9.0 8.0 
8.0 7.0 6.0 5.0 4.0 3.0 2.0 1.0 0.0 1.0 2.0 3.0 4.0 5.0 6.0 7.0 8.0 9.0 10.0 11.0 12.0 13.0 14.0 15.0 16.0 17.0 18.0 19.0 20.0 21.0 22.0 23.0 24.0 25.0 26.0 27.0 28.0 29.0 30.0 31.0 32.0 33.0 34.0 35.0 36.0 37.0 38.0 39.0 40.0 41.0 42.0 43.0 44.0 45.0 46.0 47.0 48.0 49.0 50.0 51.0 52.0 53.0 54.0 55.0 56.0 57.0 58.0 59.0 60.0 61.0 62.0 63.0 64.0 63.0 62.0 61.0 60.0 59.0 58.0 57.0 56.0 55.0 54.0 53.0 52.0 51.0 50.0 49.0 48.0 47.0 46.0 45.0 44.0 43.0 42.0 41.0 40.0 39.0 38.0 37.0 36.0 35.0 34.0 33.0 32.0 31.0 30.0 29.0 28.0 27.0 26.0 25.0 24.0 23.0 22.0 21.0 20.0 19.0 18.0 17.0 16.0 15.0 14.0 13.0 12.0 11.0 10.0 9.0 
9.0 8.0 7.0 6.0 5.0 4.0 3.0 2.0 1.0 0.0 1.0 2.0 3.0 4.0 5.0 6.0 7.0 8.0 9.0 10.0 11.0 12.0 13.0 14.0 15.0 16.0 17.0 18.0 19.0 20.0 21.0 22.0 23.0 24.0 25.0 26.0 27.0 28.0 29.0 30.0 31.0 32.0 33.0 34.0 35.0 36.0 37.0 38.0 39.0 40.0 41.0 42.0 43.0 44.0 45.0 46.0 47.0 48.0 49.0 50.0 51.0 52.0 53.0 54.0 55.0 56.0 57.0 58.0 59.0 60.0 61.0 62.0 63.0 64.0 63.0 62.0 61.0 60.0 59.0 58.0 57.0 56.0 55.0 54.0 53.0 52.0 51.0 50.0 49.0 48.0 47.0 46.0 45.0 44.0 43.0 42.0 41.0 40.0 39.0 38.0 37.0 36.0 35.0 34.0 33.0 32.0 31.0 30.0 29.0 28.0 27.0 26.0 25.0 24.0 23.0 22.0 21.0 20.0 19.0 18.0 17.0 16.0 15.0 14.0 13.0 12.0 11.0 10.0 
10.0 9.0 8.0 7.0 6.0 5.0 4.0 3.0 2.0 1.0 0.0 1.0 2.0 3.0 4.0 5.0 6.0 7.0 8.0 9.0 10.0 11.0 12.0 13.0 14.0 15.0 16.0 17.0 18.0 19.0 20.0 21.0 22.0 23.0 24.0 25.0 26.0 27.0 28.0 29.0 30.0 31.0 32.0 33.0 34.0 35.0 36.0 37.0 38.0 39.0 40.0 41.0 42.0 43.0 44.0 45.0 46.0 47.0 48.0 49.0 50.0 51.0 52.0 53.0 54.0 55.0 56.0 57.0 58.0 59.0 60.0 61.0 62.0 63.0 64.0 63.0 62.0 61.0 60.0 59.0 58.0 57.0 56.0 55.0 54.0 53.0 52.0 51.0 50.0 49.0 48.0 47.0 46.0 45.0 44.0 43.0 42.0 41.0 40.0 39.0 38.0 37.0 36.0 35.0 34.0 33.0 32.0 31.0 30.0 29.0 28.0 27.0 26.0 25.0 24.0 23.0 22.0 21.0 20.0 19.0 18.0 17.0 16.0 15.0 14.0 13.0 12.0 11.0 
11.0 10.0 9.0 8.0 7.0 6.0 5.0 4.0 3.0 2.0 1.0 0.0 1.0 2.0 3.0 4.0 5.0 6.0 7.0 8.0 9.0 10.0 11.0 12.0 13.0 14.0 15.0 16.0 17.0 18.0 19.0 20.0 21.0 22.0 23.0 24.0 25.0 26.0 27.0 28.0 29.0 30.0 31.0 32.0 33.0 34.0 35.0 36.0 37.0 38.0 39.0 40.0 41.0 42.0 43.0 44.0 45.0 46.0 47.0 48.0 49.0 50.0 51.0 52.0 53.0 54.0 55.0 56.0 57.0 58.0 59.0 60.0 61.0 62.0 63.0 64.0 63.0 62.0 61.0 60.0 59.0 58.0 57.0 56.0 55.0 54.0 53.0 52.0 51.0 50.0 49.0 48.0 47.0 46.0 45.0 44.0 43.0 42.0 41.0 40.0 39.0 38.0 37.0 36.0 35.0 34.0 33.0 32.0 31.0 30.0 29.0 28.0 27.0 26.0 25.0 24.0 23.0 22.0 21.0 20.0 19.0 18.0 17.0 16.0 15.0 14.0 13.0 12.0 
12.0 11.0 10.0 9.0 8.0 7.0 6.0 5.0 4.0 3.0 2.0 1.0 0.0 1.0 2.0 3.0 4.0 5.0 6.0 7.0 8.0 9.0 10.0 11.0 12.0 13.0 14.0 15.0 16.0 17.0 18.0 19.0 20.0 21.0 22.0 23.0 24.0 25.0 26.0 27.0 28.0 29.0 30.0 31.0 32.0 33.0 34.0 35.0 36.0 37.0 38.0 39.0 40.0 41.0 42.0 43.0 44.0 45.0 46.0 47.0 48.0 49.0 50.0 51.0 52.0 53.0 54.0 55.0 56.0 57.0 58.0 59.0 60.0 61.0 62.0 63.0 64.0 63.0 62.0 61.0 60.0 59.0 58.0 57.0 56.0 55.0 54.0 53.0 52.0 51.0 50.0 49.0 48.0 47.0 46.0 45.0 44.0 43.0 42.0 41.0 40.0 39.0 38.0 37.0 36.0 35.0 34.0 33.0 32.0 31.0 30.0 29.0 28.0 27.0 26.0 25.0 24.0 23.0 22.0 21.0 20.0 19.0 18.0 17.0 16.0 15.0 14.0 13.0 
13.0 12.0 11.0 10.0 9.0 8.0 7.0 6.0 5.0 4.0 3.0 2.0 1.0 0.0 1.0 2.0 3.0 4.0 5.0 6.0 7.0 8.0 9.0 10.0 11.0 12.0 13.0 14.0 15.0 16.0 17.0 18.0 19.0 20.0 21.0 22.0 23.0 24.0 25.0 26.0 27.0 28.0 29.0 30.0 31.0 32.0 33.0 34.0 35.0 36.0 37.0 38.0 39.0 40.0 41.0 42.0 43.0 44.0 45.0 46.0 47.0 48.0 49.0 50.0 51.0 52.0 53.0 54.0 55.0 56.0 57.0 58.0 59.0 60.0 61.0 62.0 63.0 64.0 63.0 62.0 61.0 60.0 59.0 58.0 57.0 56.0 55.0 54.0 53.0 52.0 51.0 50.0 49.0 48.0 47.0 46.0 45.0 44.0 43.0 42.0 41.0 40.0 39.0 38.0 37.0 36.0 35.0 34.0 33.0 32.0 31.0 30.0 29.0 28.0 27.0 26.0 25.0 24.0 23.0 22.0 21.0 20.0 19.0 18.0 17.0 16.0 15.0 14.0 
14.0 13.0 12.0 11.0 10.0 9.0 8.0 7.0 6.0 5.0 4.0 3.0 2.0 1.0 0.0 1.0 2.0 3.0 4.0 5.0 6.0 7.0 8.0 9.0 10.0 11.0 12.0 13.0 14.0 15.0 16.0 17.0 18.0 19.0 20.0 21.0 22.0 23.0 24.0 25.0 26.0 27.0 28.0 29.0 30.0 31.0 32.0 33.0 34.0 35.0 36.0 37.0 38.0 39.0 40.0 41.0 42.0 43.0 44.0 45.0 46.0 47.0 48.0 49.0 50.0 51.0 52.0 53.0 54.0 55.0 56.0 57.0 58.0 59.0 60.0 61.0 62.0 63.0 64.0 63.0 62.0 61.0 60.0 59.0 58.0 57.0 56.0 55.0 54.0 53.0 52.0 51.0 50.0 49.0 48.0 47.0 46.0 45.0 44.0 43.0 42.0 41.0 40.0 39.0 38.0 37.0 36.0 35.0 34.0 33.0 32.0 31.0 30.0 29.0 28.0 27.0 26.0 25.0 24.0 23.0 22.0 21.0 20.0 19.0 18.0 17.0 16.0 15.0 
15.0 14.0 13.0 12.0 11.0 10.0 9.0 8.0 7.0 6.0 5.0 4.0 3.0 2.0 1.0 0.0 1.0 2.0 3.0 4.0 5.0 6.0 7.0 8.0 9.0 10.0 11.0 12.0 13.0 14.0 15.0 16.0 17.0 18.0 19.0 20.0 21.0 22.0 23.0 24.0 25.0 26.0 27.0 28.0 29.0 30.0 31.0 32.0 33.0 34.0 35.0 36.0 37.0 38.0 39.0 40.0 41.0 42.0 43.0 44.0 45.0 46.0 47.0 48.0 49.0 50.0 51.0 52.0 53.0 54.0 55.0 56.0 57.0 58.0 59.0 60.0 61.0 62.0 63.0 64.0 63.0 62.0 61.0 60.0 59.0 58.0 57.0 56.0 55.0 54.0 53.0 52.0 51.0 50.0 49.0 48.0 47.0 46.0 45.0 44.0 43.0 42.0 41.0 40.0 39.0 38.0 37.0 36.0 35.0 34.0 33.0 32.0 31.0 30.0 29.0 28.0 27.0 26.0 25.0 24.0 23.0 22.0 21.0 20.0 19.0 18.0 17.0 16.0 
16.0 15.0 14.0 13.0 12.0 11.0 10.0 9.0 8.0 7.0 6.0 5.0 4.0 3.0 2.0 1.0 0.0 1.0 2.0 3.0 4.0 5.0 6.0 7.0 8.0 9.0 10.0 11.0 12.0 13.0 14.0 15.0 16.0 17.0 18.0 19.0 20.0 21.0 22.0 23.0 24.0 25.0 26.0 27.0 28.0 29.0 30.0 31.0 32.0 33.0 34.0 35.0 36.0 37.0 38.0 39.0 40.0 41.0 42.0 43.0 44.0 45.0 46.0 47.0 48.0 49.0 50.0 51.0 52.0 53.0 54.0 55.0 56.0 57.0 58.0 59.0 60.0 61.0 62.0 63.0 64.0 63.0 62.0 61.0 60.0 59.0 58.0 57.0 56.0 55.0 54.0 53.0 52.0 51.0 50.0 49.0 48.0 47.0 46.0 45.0 44.0 43.0 42.0 41.0 40.0 39.0 38.0 37.0 36.0 35.0 34.0 33.0 32.0 31.0 30.0 29.0 28.0 27.0 26.0 25.0 24.0 23.0 22.0 21.0 20.0 19.0 18.0 17.0 
17.0 16.0 15.0 14.0 13.0 12.0 11.0 10.0 9.0 8.0 7.0 6.0 5.0 4.0 3.0 2.0 1.0 0.0 1.0 2.0 3.0 4.0 5.0 6.0 7.0 8.0 9.0 10.0 11.0 12.0 13.0 14.0 15.0 16.0 17.0 18.0 19.0 20.0 21.0 22.0 23.0 24.0 25.0 26.0 27.0 28.0 29.0 30.0 31.0 32.0 33.0 34.0 35.0 36.0 37.0 38.0 39.0 40.0 41.0 42.0 43.0 44.0 45.0 46.0 47.0 48.0 49.0 50.0 51.0 52.0 53.0 54.0 55.0 56.0 57.0 58.0 59.0 60.0 61.0 62.0 63.0 64.0 63.0 62.0 61.0 60.0 59.0 58.0 57.0 56.0 55.0 54.0 53.0 52.0 51.0 50.0 49.0 48.0 47.0 46.0 45.0 44.0 43.0 42.0 41.0 40.0 39.0 38.0 37.0 36.0 35.0 34.0 33.0 32.0 31.0 30.0 29.0 28.0 27.0 26.0 25.0 24.0 23.0 22.0 21.0 20.0 19.0 18.0 
18.0 17.0 16.0 15.0 14.0 13.0 12.0 11.0 10.0 9.0 8.0 7.0 6.0 5.0 4.0 3.0 2.0 1.0 0.0 1.0 2.0 3.0 4.0 5.0 6.0 7.0 8.0 9.0 10.0 11.0 12.0 13.0 14.0 15.0 16.0 17.0 18.0 19.0 20.0 21.0 22.0 23.0 24.0 25.0 26.0 27.0 28.0 29.0 30.0 31.0 32.0 33.0 34.0 35.0 36.0 37.0 38.0 39.0 40.0 41.0 42.0 43.0 44.0 45.0 46.0 47.0 48.0 49.0 50.0 51.0 52.0 53.0 54.0 55.0 56.0 57.0 58.0 59.0 60.0 61.0 62.0 63.0 64.0 63.0 62.0 61.0 60.0 59.0 58.0 57.0 56.0 55.0 54.0 53.0 52.0 51.0 50.0 49.0 48.0 47.0 46.0 45.0 44.0 43.0 42.0 41.0 40.0 39.0 38.0 37.0 36.0 35.0 34.0 33.0 32.0 31.0 30.0 29.0 28.0 27.0 26.0 25.0 24.0 23.0 22.0 21.0 20.0 19.0 
19.0 18.0 17.0 16.0 15.0 14.0 13.0 12.0 11.0 10.0 9.0 8.0 7.0 6.0 5.0 4.0 3.0 2.0 1.0 0.0 1.0 2.0 3.0 4.0 5.0 6.0 7.0 8.0 9.0 10.0 11.0 12.0 13.0 14.0 15.0 16.0 17.0 18.0 19.0 20.0 21.0 22.0 23.0 24.0 25.0 26.0 27.0 28.0 29.0 30.0 31.0 32.0 33.0 34.0 35.0 36.0 37.0 38.0 39.0 40.0 41.0 42.0 43.0 44.0 45.0 46.0 47.0 48.0 49.0 50.0 51.0 52.0 53.0 54.0 55.0 56.0 57.0 58.0 59.0 60.0 61.0 62.0 63.0 64.0 63.0 62.0 61.0 60.0 59.0 58.0 57.0 56.0 55.0 54.0 53.0 52.0 51.0 50.0 49.0 48.0 47.0 46.0 45.0 44.0 43.0 42.0 41.0 40.0 39.0 38.0 37.0 36.0 35.0 34.0 33.0 32.0 31.0 30.0 29.0 28.0 27.0 26.0 25.0 24.0 23.0 22.0 21.0 20.0 
20.0 19.0 18.0 17.0 16.0 15.0 14.0 13.0 12.0 11.0 10.0 9.0 8.0 7.0 6.0 5.0 4.0 3.0 2.0 1.0 0.0 1.0 2.0 3.0 4.0 5.0 6.0 7.0 8.0 9.0 10.0 11.0 12.0 13.0 14.0 15.0 16.0 17.0 18.0 19.0 20.0 21.0 22.0 23.0 24.0 25.0 26.0 27.0 28.0 29.0 30.0 31.0 32.0 33.0 34.0 35.0 36.0 37.0 38.0 39.0 40.0 41.0 42.0 43.0 44.0 45.0 46.0 47.0 48.0 49.0 50.0 51.0 52.0 53.0 54.0 55.0 56.0 57.0 58.0 59.0 60.0 61.0 62.0 63.0 64.0 63.0 62.0 61.0 60.0 59.0 58.0 57.0 56.0 55.0 54.0 53.0 52.0 51.0 50.0 49.0 48.0 47.0 46.0 45.0 44.0 43.0 42.0 41.0 40.0 39.0 38.0 37.0 36.0 35.0 34.0 33.0 32.0 31.0 30.0 29.0 28.0 27.0 26.0 25.0 24.0 23.0 22.0 21.0 
21.0 20.0 19.0 18.0 17.0 16.0 15.0 14.0 13.0 12.0 11.0 10.0 9.0 8.0 7.0 6.0 5.0 4.0 3.0 2.0 1.0 0.0 1.0 2.0 3.0 4.0 5.0 6.0 7.0 8.0 9.0 10.0 11.0 12.0 13.0 14.0 15.0 16.0 17.0 18.0 19.0 20.0 21.0 22.0 23.0 24.0 25.0 26.0 27.0 28.0 29.0 30.0 31.0 32.0 33.0 34.0 35.0 36.0 37.0 38.0 39.0 40.0 41.0 42.0 43.0 44.0 45.0 46.0 47.0 48.0 49.0 50.0 51.0 52.0 53.0 54.0 55.0 56.0 57.0 58.0 59.0 60.0 61.0 62.0 63.0 64.0 63.0 62.0 61.0 60.0 59.0 58.0 57.0 56.0 55.0 54.0 53.0 52.0 51.0 50.0 49.0 48.0 47.0 46.0 45.0 44.0 43.0 42.0 41.0 40.0 39.0 38.0 37.0 36.0 35.0 34.0 33.0 32.0 31.0 30.0 29.0 28.0 27.0 26.0 25.0 24.0 23.0 22.0 
22.0 21.0 20.0 19.0 18.0 17.0 16.0 15.0 14.0 13.0 12.0 11.0 10.0 9.0 8.0 7.0 6.0 5.0 4.0 3.0 2.0 1.0 0.0 1.0 2.0 3.0 4.0 5.0 6.0 7.0 8.0 9.0 10.0 11.0 12.0 13.0 14.0 15.0 16.0 17.0 18.0 19.0 20.0 21.0 22.0 23.0 24.0 25.0 26.0 27.0 28.0 29.0 30.0 31.0 32.0 33.0 34.0 35.0 36.0 37.0 38.0 39.0 40.0 41.0 42.0 43.0 44.0 45.0 46.0 47.0 48.0 49.0 50.0 51.0 52.0 53.0 54.0 55.0 56.0 57.0 58.0 59.0 60.0 61.0 62.0 63.0 64.0 63.0 62.0 61.0 60.0 59.0 58.0 57.0 56.0 55.0 54.0 53.0 52.0 51.0 50.0 49.0 48.0 47.0 46.0 45.0 44.0 43.0 42.0 41.0 40.0 39.0 38.0 37.0 36.0 35.0 34.0 33.0 32.0 31.0 30.0 29.0 28.0 27.0 26.0 25.0 24.0 23.0 
23.0 22.0 21.0 20.0 19.0 18.0 17.0 16.0 15.0 14.0 13.0 12.0 11.0 10.0 9.0 8.0 7.0 6.0 5.0 4.0 3.0 2.0 1.0 0.0 1.0 2.0 3.0 4.0 5.0 6.0 7.0 8.0 9.0 10.0 11.0 12.0 13.0 14.0 15.0 16.0 17.0 18.0 19.0 20.0 21.0 22.0 23.0 24.0 25.0 26.0 27.0 28.0 29.0 30.0 31.0 32.0 33.0 34.0 35.0 36.0 37.0 38.0 39.0 40.0 41.0 42.0 43.0 44.0 45.0 46.0 47.0 48.0 49.0 50.0 51.0 52.0 53.0 54.0 55.0 56.0 57.0 58.0 59.0 60.0 61.0 62.0 63.0 64.0 63.0 62.0 61.0 60.0 59.0 58.0 57.0 56.0 55.0 54.0 53.0 52.0 51.0 50.0 49.0 48.0 47.0 46.0 45.0 44.0 43.0 42.0 41.0 40.0 39.0 38.0 37.0 36.0 35.0 34.0 33.0 32.0 31.0 30.0 29.0 28.0 27.0 26.0 25.0 24.0 
24.0 23.0 22.0 21.0 20.0 19.0 18.0 17.0 16.0 15.0 14.0 13.0 12.0 11.0 10.0 9.0 8.0 7.0 6.0 5.0 4.0 3.0 2.0 1.0 0.0 1.0 2.0 3.0 4.0 5.0 6.0 7.0 8.0 9.0 10.0 11.0 12.0 13.0 14.0 15.0 16.0 17.0 18.0 19.0 20.0 21.0 22.0 23.0 24.0 25.0 26.0 27.0 28.0 29.0 30.0 31.0 32.0 33.0 34.0 35.0 36.0 37.0 38.0 39.0 40.0 41.0 42.0 43.0 44.0 45.0 46.0 47.0 48.0 49.0 50.0 51.0 52.0 53.0 54.0 55.0 56.0 57.0 58.0 59.0 60.0 61.0 62.0 63.0 64.0 63.0 62.0 61.0 60.0 59.0 58.0 57.0 56.0 55.0 54.0 53.0 52.0 51.0 50.0 49.0 48.0 47.0 46.0 45.0 44.0 43.0 42.0 41.0 40.0 39.0 38.0 37.0 36.0 35.0 34.0 33.0 32.0 31.0 30.0 29.0 28.0 27.0 26.0 25.0 
25.0 24.0 23.0 22.0 21.0 20.0 19.0 18.0 17.0 16.0 15.0 14.0 13.0 12.0 11.0 10.0 9.0 8.0 7.0 6.0 5.0 4.0 3.0 2.0 1.0 0.0 1.0 2.0 3.0 4.0 5.0 6.0 7.0 8.0 9.0 10.0 11.0 12.0 13.0 14.0 15.0 16.0 17.0 18.0 19.0 20.0 21.0 22.0 23.0 24.0 25.0 26.0 27.0 28.0 29.0 30.0 31.0 32.0 33.0 34.0 35.0 36.0 37.0 38.0 39.0 40.0 41.0 42.0 43.0 44.0 45.0 46.0 47.0 48.0 49.0 50.0 51.0 52.0 53.0 54.0 55.0 56.0 57.0 58.0 59.0 60.0 61.0 62.0 63.0 64.0 63.0 62.0 61.0 60.0 59.0 58.0 57.0 56.0 55.0 54.0 53.0 52.0 51.0 50.0 49.0 48.0 47.0 46.0 45.0 44.0 43.0 42.0 41.0 40.0 39.0 38.0 37.0 36.0 35.0 34.0 33.0 32.0 31.0 30.0 29.0 28.0 27.0 26.0 
26.0 25.0 24.0 23.0 22.0 21.0 20.0 19.0 18.0 17.0 16.0 15.0 14.0 13.0 12.0 11.0 10.0 9.0 8.0 7.0 6.0 5.0 4.0 3.0 2.0 1.0 0.0 1.0 2.0 3.0 4.0 5.0 6.0 7.0 8.0 9.0 10.0 11.0 12.0 13.0 14.0 15.0 16.0 17.0 18.0 19.0 20.0 21.0 22.0 23.0 24.0 25.0 26.0 27.0 28.0 29.0 30.0 31.0 32.0 33.0 34.0 35.0 36.0 37.0 38.0 39.0 40.0 41.0 42.0 43.0 44.0 45.0 46.0 47.0 48.0 49.0 50.0 51.0 52.0 53.0 54.0 55.0 56.0 57.0 58.0 59.0 60.0 61.0 62.0 63.0 64.0 63.0 62.0 61.0 60.0 59.0 58.0 57.0 56.0 55.0 54.0 53.0 52.0 51.0 50.0 49.0 48.0 47.0 46.0 45.0 44.0 43.0 42.0 41.0 40.0 39.0 38.0 37.0 36.0 35.0 34.0 33.0 32.0 31.0 30.0 29.0 28.0 27.0 
27.0 26.0 25.0 24.0 23.0 22.0 21.0 20.0 19.0 18.0 17.0 16.0 15.0 14.0 13.0 12.0 11.0 10.0 9.0 8.0 7.0 6.0 5.0 4.0 3.0 2.0 1.0 0.0 1.0 2.0 3.0 4.0 5.0 6.0 7.0 8.0 9.0 10.0 11.0 12.0 13.0 14.0 15.0 16.0 17.0 18.0 19.0 20.0 21.0 22.0 23.0 24.0 25.0 26.0 27.0 28.0 29.0 30.0 31.0 32.0 33.0 34.0 35.0 36.0 37.0 38.0 39.0 40.0 41.0 42.0 43.0 44.0 45.0 46.0 47.0 48.0 49.0 50.0 51.0 52.0 53.0 54.0 55.0 56.0 57.0 58.0 59.0 60.0 61.0 62.0 63.0 64.0 63.0 62.0 61.0 60.0 59.0 58.0 57.0 56.0 55.0 54.0 53.0 52.0 51.0 50.0 49.0 48.0 47.0 46.0 45.0 44.0 43.0 42.0 41.0 40.0 39.0 38.0 37.0 36.0 35.0 34.0 33.0 32.0 31.0 30.0 29.0 28.0 
28.0 27.0 26.0 25.0 24.0 23.0 22.0 21.0 20.0 19.0 18.0 17.0 16.0 15.0 14.0 13.0 12.0 11.0 10.0 9.0 8.0 7.0 6.0 5.0 4.0 3.0 2.0 1.0 0.0 1.0 2.0 3.0 4.0 5.0 6.0 7.0 8.0 9.0 10.0 11.0 12.0 13.0 14.0 15.0 16.0 17.0 18.0 19.0 20.0 21.0 22.0 23.0 24.0 25.0 26.0 27.0 28.0 29.0 30.0 31.0 32.0 33.0 34.0 35.0 36.0 37.0 38.0 39.0 40.0 41.0 42.0 43.0 44.0 45.0 46.0 47.0 48.0 49.0 50.0 51.0 52.0 53.0 54.0 55.0 56.0 57.0 58.0 59.0 60.0 61.0 62.0 63.0 64.0 63.0 62.0 61.0 60.0 59.0 58.0 57.0 56.0 55.0 54.0 53.0 52.0 51.0 50.0 49.0 48.0 47.0 46.0 45.0 44.0 43.0 42.0 41.0 40.0 39.0 38.0 37.0 36.0 35.0 34.0 33.0 32.0 31.0 30.0 29.0 
29.0 28.0 27.0 26.0 25.0 24.0 23.0 22.0 21.0 20.0 19.0 18.0 17.0 16.0 15.0 14.0 13.0 12.0 11.0 10.0 9.0 8.0 7.0 6.0 5.0 4.0 3.0 2.0 1.0 0.0 1.0 2.0 3.0 4.0 5.0 6.0 7.0 8.0 9.0 10.0 11.0 12.0 13.0 14.0 15.0 16.0 17.0 18.0 19.0 20.0 21.0 22.0 23.0 24.0 25.0 26.0 27.0 28.0 29.0 30.0 31.0 32.0 33.0 34.0 35.0 36.0 37.0 38.0 39.0 40.0 41.0 42.0 43.0 44.0 45.0 46.0 47.0 48.0 49.0 50.0 51.0 52.0 53.0 54.0 55.0 56.0 57.0 58.0 59.0 60.0 61.0 62.0 63.0 64.0 63.0 62.0 61.0 60.0 59.0 58.0 57.0 56.0 55.0 54.0 53.0 52.0 51.0 50.0 49.0 48.0 47.0 46.0 45.0 44.0 43.0 42.0 41.0 40.0 39.0 38.0 37.0 36.0 35.0 34.0 33.0 32.0 31.0 30.0 
30.0 29.0 28.0 27.0 26.0 25.0 24.0 23.0 22.0 21.0 20.0 19.0 18.0 17.0 16.0 15.0 14.0 13.0 12.0 11.0 10.0 9.0 8.0 7.0 6.0 5.0 4.0 3.0 2.0 1.0 0.0 1.0 2.0 3.0 4.0 5.0 6.0 7.0 8.0 9.0 10.0 11.0 12.0 13.0 14.0 15.0 16.0 17.0 18.0 19.0 20.0 21.0 22.0 23.0 24.0 25.0 26.0 27.0 28.0 29.0 30.0 31.0 32.0 33.0 34.0 35.0 36.0 37.0 38.0 39.0 40.0 41.0 42.0 43.0 44.0 45.0 46.0 47.0 48.0 49.0 50.0 51.0 52.0 53.0 54.0 55.0 56.0 57.0 58.0 59.0 60.0 61.0 62.0 63.0 64.0 63.0 62.0 61.0 60.0 59.0 58.0 57.0 56.0 55.0 54.0 53.0 52.0 51.0 50.0 49.0 48.0 47.0 46.0 45.0 44.0 43.0 42.0 41.0 40.0 39.0 38.0 37.0 36.0 35.0 34.0 33.0 32.0 31.0 
31.0 30.0 29.0 28.0 27.0 26.0 25.0 24.0 23.0 22.0 21.0 20.0 19.0 18.0 17.0 16.0 15.0 14.0 13.0 12.0 11.0 10.0 9.0 8.0 7.0 6.0 5.0 4.0 3.0 2.0 1.0 0.0 1.0 2.0 3.0 4.0 5.0 6.0 7.0 8.0 9.0 10.0 11.0 12.0 13.0 14.0 15.0 16.0 17.0 18.0 19.0 20.0 21.0 22.0 23.0 24.0 25.0 26.0 27.0 28.0 29.0 30.0 31.0 32.0 33.0 34.0 35.0 36.0 37.0 38.0 39.0 40.0 41.0 42.0 43.0 44.0 45.0 46.0 47.0 48.0 49.0 50.0 51.0 52.0 53.0 54.0 55.0 56.0 57.0 58.0 59.0 60.0 61.0 62.0 63.0 64.0 63.0 62.0 61.0 60.0 59.0 58.0 57.0 56.0 55.0 54.0 53.0 52.0 51.0 50.0 49.0 48.0 47.0 46.0 45.0 44.0 43.0 42.0 41.0 40.0 39.0 38.0 37.0 36.0 35.0 34.0 33.0 32.0 
32.0 31.0 30.0 29.0 28.0 27.0 26.0 25.0 24.0 23.0 22.0 21.0 20.0 19.0 18.0 17.0 16.0 15.0 14.0 13.0 12.0 11.0 10.0 9.0 8.0 7.0 6.0 5.0 4.0 3.0 2.0 1.0 0.0 1.0 2.0 3.0 4.0 5.0 6.0 7.0 8.0 9.0 10.0 11.0 12.0 13.0 14.0 15.0 16.0 17.0 18.0 19.0 20.0 21.0 22.0 23.0 24.0 25.0 26.0 27.0 28.0 29.0 30.0 31.0 32.0 33.0 34.0 35.0 36.0 37.0 38.0 39.0 40.0 41.0 42.0 43.0 44.0 45.0 46.0 47.0 48.0 49.0 50.0 51.0 52.0 53.0 54.0 55.0 56.0 57.0 58.0 59.0 60.0 61.0 62.0 63.0 64.0 63.0 62.0 61.0 60.0 59.0 58.0 57.0 56.0 55.0 54.0 53.0 52.0 51.0 50.0 49.0 48.0 47.0 46.0 45.0 44.0 43.0 42.0 41.0 40.0 39.0 38.0 37.0 36.0 35.0 34.0 33.0 
33.0 32.0 31.0 30.0 29.0 28.0 27.0 26.0 25.0 24.0 23.0 22.0 21.0 20.0 19.0 18.0 17.0 16.0 15.0 14.0 13.0 12.0 11.0 10.0 9.0 8.0 7.0 6.0 5.0 4.0 3.0 2.0 1.0 0.0 1.0 2.0 3.0 4.0 5.0 6.0 7.0 8.0 9.0 10.0 11.0 12.0 13.0 14.0 15.0 16.0 17.0 18.0 19.0 20.0 21.0 22.0 23.0 24.0 25.0 26.0 27.0 28.0 29.0 30.0 31.0 32.0 33.0 34.0 35.0 36.0 37.0 38.0 39.0 40.0 41.0 42.0 43.0 44.0 45.0 46.0 47.0 48.0 49.0 50.0 51.0 52.0 53.0 54.0 55.0 56.0 57.0 58.0 59.0 60.0 61.0 62.0 63.0 64.0 63.0 62.0 61.0 60.0 59.0 58.0 57.0 56.0 55.0 54.0 53.0 52.0 51.0 50.0 49.0 48.0 47.0 46.0 45.0 44.0 43.0 42.0 41.0 40.0 39.0 38.0 37.0 36.0 35.0 34.0 
34.0 33.0 32.0 31.0 30.0 29.0 28.0 27.0 26.0 25.0 24.0 23.0 22.0 21.0 20.0 19.0 18.0 17.0 16.0 15.0 14.0 13.0 12.0 11.0 10.0 9.0 8.0 7.0 6.0 5.0 4.0 3.0 2.0 1.0 0.0 1.0 2.0 3.0 4.0 5.0 6.0 7.0 8.0 9.0 10.0 11.0 12.0 13.0 14.0 15.0 16.0 17.0 18.0 19.0 20.0 21.0 22.0 23.0 24.0 25.0 26.0 27.0 28.0 29.0 30.0 31.0 32.0 33.0 34.0 35.0 36.0 37.0 38.0 39.0 40.0 41.0 42.0 43.0 44.0 45.0 46.0 47.0 48.0 49.0 50.0 51.0 52.0 53.0 54.0 55.0 56.0 57.0 58.0 59.0 60.0 61.0 62.0 63.0 64.0 63.0 62.0 61.0 60.0 59.0 58.0 57.0 56.0 55.0 54.0 53.0 52.0 51.0 50.0 49.0 48.0 47.0 46.0 45.0 44.0 43.0 42.0 41.0 40.0 39.0 38.0 37.0 36.0 35.0 
35.0 34.0 33.0 32.0 31.0 30.0 29.0 28.0 27.0 26.0 25.0 24.0 23.0 22.0 21.0 20.0 19.0 18.0 17.0 16.0 15.0 14.0 13.0 12.0 11.0 10.0 9.0 8.0 7.0 6.0 5.0 4.0 3.0 2.0 1.0 0.0 1.0 2.0 3.0 4.0 5.0 6.0 7.0 8.0 9.0 10.0 11.0 12.0 13.0 14.0 15.0 16.0 17.0 18.0 19.0 20.0 21.0 22.0 23.0 24.0 25.0 26.0 27.0 28.0 29.0 30.0 31.0 32.0 33.0 34.0 35.0 36.0 37.0 38.0 39.0 40.0 41.0 42.0 43.0 44.0 45.0 46.0 47.0 48.0 49.0 50.0 51.0 52.0 53.0 54.0 55.0 56.0 57.0 58.0 59.0 60.0 61.0 62.0 63.0 64.0 63.0 62.0 61.0 60.0 59.0 58.0 57.0 56.0 55.0 54.0 53.0 52.0 51.0 50.0 49.0 48.0 47.0 46.0 45.0 44.0 43.0 42.0 41.0 40.0 39.0 38.0 37.0 36.0 
36.0 35.0 34.0 33.0 32.0 31.0 30.0 29.0 28.0 27.0 26.0 25.0 24.0 23.0 22.0 21.0 20.0 19.0 18.0 17.0 16.0 15.0 14.0 13.0 12.0 11.0 10.0 9.0 8.0 7.0 6.0 5.0 4.0 3.0 2.0 1.0 0.0 1.0 2.0 3.0 4.0 5.0 6.0 7.0 8.0 9.0 10.0 11.0 12.0 13.0 14.0 15.0 16.0 17.0 18.0 19.0 20.0 21.0 22.0 23.0 24.0 25.0 26.0 27.0 28.0 29.0 30.0 31.0 32.0 33.0 34.0 35.0 36.0 37.0 38.0 39.0 40.0 41.0 42.0 43.0 44.0 45.0 46.0 47.0 48.0 49.0 50.0 51.0 52.0 53.0 54.0 55.0 56.0 57.0 58.0 59.0 60.0 61.0 62.0 63.0 64.0 63.0 62.0 61.0 60.0 59.0 58.0 57.0 56.0 55.0 54.0 53.0 52.0 51.0 50.0 49.0 48.0 47.0 46.0 45.0 44.0 43.0 42.0 41.0 40.0 39.0 38.0 37.0 
37.0 36.0 35.0 34.0 33.0 32.0 31.0 30.0 29.0 28.0 27.0 26.0 25.0 24.0 23.0 22.0 21.0 20.0 19.0 18.0 17.0 16.0 15.0 14.0 13.0 12.0 11.0 10.0 9.0 8.0 7.0 6.0 5.0 4.0 3.0 2.0 1.0 0.0 1.0 2.0 3.0 4.0 5.0 6.0 7.0 8.0 9.0 10.0 11.0 12.0 13.0 14.0 15.0 16.0 17.0 18.0 19.0 20.0 21.0 22.0 23.0 24.0 25.0 26.0 27.0 28.0 29.0 30.0 31.0 32.0 33.0 34.0 35.0 36.0 37.0 38.0 39.0 40.0 41.0 42.0 43.0 44.0 45.0 46.0 47.0 48.0 49.0 50.0 51.0 52.0 53.0 54.0 55.0 56.0 57.0 58.0 59.0 60.0 61.0 62.0 63.0 64.0 63.0 62.0 61.0 60.0 59.0 58.0 57.0 56.0 55.0 54.0 53.0 52.0 51.0 50.0 49.0 48.0 47.0 46.0 45.0 44.0 43.0 42.0 41.0 40.0 39.0 38.0 
38.0 37.0 36.0 35.0 34.0 33.0 32.0 31.0 30.0 29.0 28.0 27.0 26.0 25.0 24.0 23.0 22.0 21.0 20.0 19.0 18.0 17.0 16.0 15.0 14.0 13.0 12.0 11.0 10.0 9.0 8.0 7.0 6.0 5.0 4.0 3.0 2.0 1.0 0.0 1.0 2.0 3.0 4.0 5.0 6.0 7.0 8.0 9.0 10.0 11.0 12.0 13.0 14.0 15.0 16.0 17.0 18.0 19.0 20.0 21.0 22.0 23.0 24.0 25.0 26.0 27.0 28.0 29.0 30.0 31.0 32.0 33.0 34.0 35.0 36.0 37.0 38.0 39.0 40.0 41.0 42.0 43.0 44.0 45.0 46.0 47.0 48.0 49.0 50.0 51.0 52.0 53.0 54.0 55.0 56.0 57.0 58.0 59.0 60.0 61.0 62.0 63.0 64.0 63.0 62.0 61.0 60.0 59.0 58.0 57.0 56.0 55.0 54.0 53.0 52.0 51.0 50.0 49.0 48.0 47.0 46.0 45.0 44.0 43.0 42.0 41.0 40.0 39.0 
39.0 38.0 37.0 36.0 35.0 34.0 33.0 32.0 31.0 30.0 29.0 28.0 27.0 26.0 25.0 24.0 23.0 22.0 21.0 20.0 19.0 18.0 17.0 16.0 15.0 14.0 13.0 12.0 11.0 10.0 9.0 8.0 7.0 6.0 5.0 4.0 3.0 2.0 1.0 0.0 1.0 2.0 3.0 4.0 5.0 6.0 7.0 8.0 9.0 10.0 11.0 12.0 13.0 14.0 15.0 16.0 17.0 18.0 19.0 20.0 21.0 22.0 23.0 24.0 25.0 26.0 27.0 28.0 29.0 30.0 31.0 32.0 33.0 34.0 35.0 36.0 37.0 38.0 39.0 40.0 41.0 42.0 43.0 44.0 45.0 46.0 47.0 48.0 49.0 50.0 51.0 52.0 53.0 54.0 55.0 56.0 57.0 58.0 59.0 60.0 61.0 62.0 63.0 64.0 63.0 62.0 61.0 60.0 59.0 58.0 57.0 56.0 55.0 54.0 53.0 52.0 51.0 50.0 49.0 48.0 47.0 46.0 45.0 44.0 43.0 42.0 41.0 40.0 
40.0 39.0 38.0 37.0 36.0 35.0 34.0 33.0 32.0 31.0 30.0 29.0 28.0 27.0 26.0 25.0 24.0 23.0 22.0 21.0 20.0 19.0 18.0 17.0 16.0 15.0 14.0 13.0 12.0 11.0 10.0 9.0 8.0 7.0 6.0 5.0 4.0 3.0 2.0 1.0 0.0 1.0 2.0 3.0 4.0 5.0 6.0 7.0 8.0 9.0 10.0 11.0 12.0 13.0 14.0 15.0 16.0 17.0 18.0 19.0 20.0 21.0 22.0 23.0 24.0 25.0 26.0 27.0 28.0 29.0 30.0 31.0 32.0 33.0 34.0 35.0 36.0 37.0 38.0 39.0 40.0 41.0 42.0 43.0 44.0 45.0 46.0 47.0 48.0 49.0 50.0 51.0 52.0 53.0 54.0 55.0 56.0 57.0 58.0 59.0 60.0 61.0 62.0 63.0 64.0 63.0 62.0 61.0 60.0 59.0 58.0 57.0 56.0 55.0 54.0 53.0 52.0 51.0 50.0 49.0 48.0 47.0 46.0 45.0 44.0 43.0 42.0 41.0 
41.0 40.0 39.0 38.0 37.0 36.0 35.0 34.0 33.0 32.0 31.0 30.0 29.0 28.0 27.0 26.0 25.0 24.0 23.0 22.0 21.0 20.0 19.0 18.0 17.0 16.0 15.0 14.0 13.0 12.0 11.0 10.0 9.0 8.0 7.0 6.0 5.0 4.0 3.0 2.0 1.0 0.0 1.0 2.0 3.0 4.0 5.0 6.0 7.0 8.0 9.0 10.0 11.0 12.0 13.0 14.0 15.0 16.0 17.0 18.0 19.0 20.0 21.0 22.0 23.0 24.0 25.0 26.0 27.0 28.0 29.0 30.0 31.0 32.0 33.0 34.0 35.0 36.0 37.0 38.0 39.0 40.0 41.0 42.0 43.0 44.0 45.0 46.0 47.0 48.0 49.0 50.0 51.0 52.0 53.0 54.0 55.0 56.0 57.0 58.0 59.0 60.0 61.0 62.0 63.0 64.0 63.0 62.0 61.0 60.0 59.0 58.0 57.0 56.0 55.0 54.0 53.0 52.0 51.0 50.0 49.0 48.0 47.0 46.0 45.0 44.0 43.0 42.0 
42.0 41.0 40.0 39.0 38.0 37.0 36.0 35.0 34.0 33.0 32.0 31.0 30.0 29.0 28.0 27.0 26.0 25.0 24.0 23.0 22.0 21.0 20.0 19.0 18.0 17.0 16.0 15.0 14.0 13.0 12.0 11.0 10.0 9.0 8.0 7.0 6.0 5.0 4.0 3.0 2.0 1.0 0.0 1.0 2.0 3.0 4.0 5.0 6.0 7.0 8.0 9.0 10.0 11.0 12.0 13.0 14.0 15.0 16.0 17.0 18.0 19.0 20.0 21.0 22.0 23.0 24.0 25.0 26.0 27.0 28.0 29.0 30.0 31.0 32.0 33.0 34.0 35.0 36.0 37.0 38.0 39.0 40.0 41.0 42.0 43.0 44.0 45.0 46.0 47.0 48.0 49.0 50.0 51.0 52.0 53.0 54.0 55.0 56.0 57.0 58.0 59.0 60.0 61.0 62.0 63.0 64.0 63.0 62.0 61.0 60.0 59.0 58.0 57.0 56.0 55.0 54.0 53.0 52.0 51.0 50.0 49.0 48.0 47.0 46.0 45.0 44.0 43.0 
43.0 42.0 41.0 40.0 39.0 38.0 37.0 36.0 35.0 34.0 33.0 32.0 31.0 30.0 29.0 28.0 27.0 26.0 25.0 24.0 23.0 22.0 21.0 20.0 19.0 18.0 17.0 16.0 15.0 14.0 13.0 12.0 11.0 10.0 9.0 8.0 7.0 6.0 5.0 4.0 3.0 2.0 1.0 0.0 1.0 2.0 3.0 4.0 5.0 6.0 7.0 8.0 9.0 10.0 11.0 12.0 13.0 14.0 15.0 16.0 17.0 18.0 19.0 20.0 21.0 22.0 23.0 24.0 25.0 26.0 27.0 28.0 29.0 30.0 31.0 32.0 33.0 34.0 35.0 36.0 37.0 38.0 39.0 40.0 41.0 42.0 43.0 44.0 45.0 46.0 47.0 48.0 49.0 50.0 51.0 52.0 53.0 54.0 55.0 56.0 57.0 58.0 59.0 60.0 61.0 62.0 63.0 64.0 63.0 62.0 61.0 60.0 59.0 58.0 57.0 56.0 55.0 54.0 53.0 52.0 51.0 50.0 49.0 48.0 47.0 46.0 45.0 44.0 
44.0 43.0 42.0 41.0 40.0 39.0 38.0 37.0 36.0 35.0 34.0 33.0 32.0 31.0 30.0 29.0 28.0 27.0 26.0 25.0 24.0 23.0 22.0 21.0 20.0 19.0 18.0 17.0 16.0 15.0 14.0 13.0 12.0 11.0 10.0 9.0 8.0 7.0 6.0 5.0 4.0 3.0 2.0 1.0 0.0 1.0 2.0 3.0 4.0 5.0 6.0 7.0 8.0 9.0 10.0 11.0 12.0 13.0 14.0 15.0 16.0 17.0 18.0 19.0 20.0 21.0 22.0 23.0 24.0 25.0 26.0 27.0 28.0 29.0 30.0 31.0 32.0 33.0 34.0 35.0 36.0 37.0 38.0 39.0 40.0 41.0 42.0 43.0 44.0 45.0 46.0 47.0 48.0 49.0 50.0 51.0 52.0 53.0 54.0 55.0 56.0 57.0 58.0 59.0 60.0 61.0 62.0 63.0 64.0 63.0 62.0 61.0 60.0 59.0 58.0 57.0 56.0 55.0 54.0 53.0 52.0 51.0 50.0 49.0 48.0 47.0 46.0 45.0 
45.0 44.0 43.0 42.0 41.0 40.0 39.0 38.0 37.0 36.0 35.0 34.0 33.0 32.0 31.0 30.0 29.0 28.0 27.0 26.0 25.0 24.0 23.0 22.0 21.0 20.0 19.0 18.0 17.0 16.0 15.0 14.0 13.0 12.0 11.0 10.0 9.0 8.0 7.0 6.0 5.0 4.0 3.0 2.0 1.0 0.0 1.0 2.0 3.0 4.0 5.0 6.0 7.0 8.0 9.0 10.0 11.0 12.0 13.0 14.0 15.0 16.0 17.0 18.0 19.0 20.0 21.0 22.0 23.0 24.0 25.0 26.0 27.0 28.0 29.0 30.0 31.0 32.0 33.0 34.0 35.0 36.0 37.0 38.0 39.0 40.0 41.0 42.0 43.0 44.0 45.0 46.0 47.0 48.0 49.0 50.0 51.0 52.0 53.0 54.0 55.0 56.0 57.0 58.0 59.0 60.0 61.0 62.0 63.0 64.0 63.0 62.0 61.0 60.0 59.0 58.0 57.0 56.0 55.0 54.0 53.0 52.0 51.0 50.0 49.0 48.0 47.0 46.0 
46.0 45.0 44.0 43.0 42.0 41.0 40.0 39.0 38.0 37.0 36.0 35.0 34.0 33.0 32.0 31.0 30.0 29.0 28.0 27.0 26.0 25.0 24.0 23.0 22.0 21.0 20.0 19.0 18.0 17.0 16.0 15.0 14.0 13.0 12.0 11.0 10.0 9.0 8.0 7.0 6.0 5.0 4.0 3.0 2.0 1.0 0.0 1.0 2.0 3.0 4.0 5.0 6.0 7.0 8.0 9.0 10.0 11.0 12.0 13.0 14.0 15.0 16.0 17.0 18.0 19.0 20.0 21.0 22.0 23.0 24.0 25.0 26.0 27.0 28.0 29.0 30.0 31.0 32.0 33.0 34.0 35.0 36.0 37.0 38.0 39.0 40.0 41.0 42.0 43.0 44.0 45.0 46.0 47.0 48.0 49.0 50.0 51.0 52.0 53.0 54.0 55.0 56.0 57.0 58.0 59.0 60.0 61.0 62.0 63.0 64.0 63.0 62.0 61.0 60.0 59.0 58.0 57.0 56.0 55.0 54.0 53.0 52.0 51.0 50.0 49.0 48.0 47.0 
47.0 46.0 45.0 44.0 43.0 42.0 41.0 40.0 39.0 38.0 37.0 36.0 35.0 34.0 33.0 32.0 31.0 30.0 29.0 28.0 27.0 26.0 25.0 24.0 23.0 22.0 21.0 20.0 19.0 18.0 17.0 16.0 15.0 14.0 13.0 12.0 11.0 10.0 9.0 8.0 7.0 6.0 5.0 4.0 3.0 2.0 1.0 0.0 1.0 2.0 3.0 4.0 5.0 6.0 7.0 8.0 9.0 10.0 11.0 12.0 13.0 14.0 15.0 16.0 17.0 18.0 19.0 20.0 21.0 22.0 23.0 24.0 25.0 26.0 27.0 28.0 29.0 30.0 31.0 32.0 33.0 34.0 35.0 36.0 37.0 38.0 39.0 40.0 41.0 42.0 43.0 44.0 45.0 46.0 47.0 48.0 49.0 50.0 51.0 52.0 53.0 54.0 55.0 56.0 57.0 58.0 59.0 60.0 61.0 62.0 63.0 64.0 63.0 62.0 61.0 60.0 59.0 58.0 57.0 56.0 55.0 54.0 53.0 52.0 51.0 50.0 49.0 48.0 
48.0 47.0 46.0 45.0 44.0 43.0 42.0 41.0 40.0 39.0 38.0 37.0 36.0 35.0 34.0 33.0 32.0 31.0 30.0 29.0 28.0 27.0 26.0 25.0 24.0 23.0 22.0 21.0 20.0 19.0 18.0 17.0 16.0 15.0 14.0 13.0 12.0 11.0 10.0 9.0 8.0 7.0 6.0 5.0 4.0 3.0 2.0 1.0 0.0 1.0 2.0 3.0 4.0 5.0 6.0 7.0 8.0 9.0 10.0 11.0 12.0 13.0 14.0 15.0 16.0 17.0 18.0 19.0 20.0 21.0 22.0 23.0 24.0 25.0 26.0 27.0 28.0 29.0 30.0 31.0 32.0 33.0 34.0 35.0 36.0 37.0 38.0 39.0 40.0 41.0 42.0 43.0 44.0 45.0 46.0 47.0 48.0 49.0 50.0 51.0 52.0 53.0 54.0 55.0 56.0 57.0 58.0 59.0 60.0 61.0 62.0 63.0 64.0 63.0 62.0 61.0 60.0 59.0 58.0 57.0 56.0 55.0 54.0 53.0 52.0 51.0 50.0 49.0 
49.0 48.0 47.0 46.0 45.0 44.0 43.0 42.0 41.0 40.0 39.0 38.0 37.0 36.0 35.0 34.0 33.0 32.0 31.0 30.0 29.0 28.0 27.0 26.0 25.0 24.0 23.0 22.0 21.0 20.0 19.0 18.0 17.0 16.0 15.0 14.0 13.0 12.0 11.0 10.0 9.0 8.0 7.0 6.0 5.0 4.0 3.0 2.0 1.0 0.0 1.0 2.0 3.0 4.0 5.0 6.0 7.0 8.0 9.0 10.0 11.0 12.0 13.0 14.0 15.0 16.0 17.0 18.0 19.0 20.0 21.0 22.0 23.0 24.0 25.0 26.0 27.0 28.0 29.0 30.0 31.0 32.0 33.0 34.0 35.0 36.0 37.0 38.0 39.0 40.0 41.0 42.0 43.0 44.0 45.0 46.0 47.0 48.0 49.0 50.0 51.0 52.0 53.0 54.0 55.0 56.0 57.0 58.0 59.0 60.0 61.0 62.0 63.0 64.0 63.0 62.0 61.0 60.0 59.0 58.0 57.0 56.0 55.0 54.0 53.0 52.0 51.0 50.0 
50.0 49.0 48.0 47.0 46.0 45.0 44.0 43.0 42.0 41.0 40.0 39.0 38.0 37.0 36.0 35.0 34.0 33.0 32.0 31.0 30.0 29.0 28.0 27.0 26.0 25.0 24.0 23.0 22.0 21.0 20.0 19.0 18.0 17.0 16.0 15.0 14.0 13.0 12.0 11.0 10.0 9.0 8.0 7.0 6.0 5.0 4.0 3.0 2.0 1.0 0.0 1.0 2.0 3.0 4.0 5.0 6.0 7.0 8.0 9.0 10.0 11.0 12.0 13.0 14.0 15.0 16.0 17.0 18.0 19.0 20.0 21.0 22.0 23.0 24.0 25.0 26.0 27.0 28.0 29.0 30.0 31.0 32.0 33.0 34.0 35.0 36.0 37.0 38.0 39.0 40.0 41.0 42.0 43.0 44.0 45.0 46.0 47.0 48.0 49.0 50.0 51.0 52.0 53.0 54.0 55.0 56.0 57.0 58.0 59.0 60.0 61.0 62.0 63.0 64.0 63.0 62.0 61.0 60.0 59.0 58.0 57.0 56.0 55.0 54.0 53.0 52.0 51.0 
51.0 50.0 49.0 48.0 47.0 46.0 45.0 44.0 43.0 42.0 41.0 40.0 39.0 38.0 37.0 36.0 35.0 34.0 33.0 32.0 31.0 30.0 29.0 28.0 27.0 26.0 25.0 24.0 23.0 22.0 21.0 20.0 19.0 18.0 17.0 16.0 15.0 14.0 13.0 12.0 11.0 10.0 9.0 8.0 7.0 6.0 5.0 4.0 3.0 2.0 1.0 0.0 1.0 2.0 3.0 4.0 5.0 6.0 7.0 8.0 9.0 10.0 11.0 12.0 13.0 14.0 15.0 16.0 17.0 18.0 19.0 20.0 21.0 22.0 23.0 24.0 25.0 26.0 27.0 28.0 29.0 30.0 31.0 32.0 33.0 34.0 35.0 36.0 37.0 38.0 39.0 40.0 41.0 42.0 43.0 44.0 45.0 46.0 47.0 48.0 49.0 50.0 51.0 52.0 53.0 54.0 55.0 56.0 57.0 58.0 59.0 60.0 61.0 62.0 63.0 64.0 63.0 62.0 61.0 60.0 59.0 58.0 57.0 56.0 55.0 54.0 53.0 52.0 
52.0 51.0 50.0 49.0 48.0 47.0 46.0 45.0 44.0 43.0 42.0 41.0 40.0 39.0 38.0 37.0 36.0 35.0 34.0 33.0 32.0 31.0 30.0 29.0 28.0 27.0 26.0 25.0 24.0 23.0 22.0 21.0 20.0 19.0 18.0 17.0 16.0 15.0 14.0 13.0 12.0 11.0 10.0 9.0 8.0 7.0 6.0 5.0 4.0 3.0 2.0 1.0 0.0 1.0 2.0 3.0 4.0 5.0 6.0 7.0 8.0 9.0 10.0 11.0 12.0 13.0 14.0 15.0 16.0 17.0 18.0 19.0 20.0 21.0 22.0 23.0 24.0 25.0 26.0 27.0 28.0 29.0 30.0 31.0 32.0 33.0 34.0 35.0 36.0 37.0 38.0 39.0 40.0 41.0 42.0 43.0 44.0 45.0 46.0 47.0 48.0 49.0 50.0 51.0 52.0 53.0 54.0 55.0 56.0 57.0 58.0 59.0 60.0 61.0 62.0 63.0 64.0 63.0 62.0 61.0 60.0 59.0 58.0 57.0 56.0 55.0 54.0 53.0 
53.0 52.0 51.0 50.0 49.0 48.0 47.0 46.0 45.0 44.0 43.0 42.0 41.0 40.0 39.0 38.0 37.0 36.0 35.0 34.0 33.0 32.0 31.0 30.0 29.0 28.0 27.0 26.0 25.0 24.0 23.0 22.0 21.0 20.0 19.0 18.0 17.0 16.0 15.0 14.0 13.0 12.0 11.0 10.0 9.0 8.0 7.0 6.0 5.0 4.0 3.0 2.0 1.0 0.0 1.0 2.0 3.0 4.0 5.0 6.0 7.0 8.0 9.0 10.0 11.0 12.0 13.0 14.0 15.0 16.0 17.0 18.0 19.0 20.0 21.0 22.0 23.0 24.0 25.0 26.0 27.0 28.0 29.0 30.0 31.0 32.0 33.0 34.0 35.0 36.0 37.0 38.0 39.0 40.0 41.0 42.0 43.0 44.0 45.0 46.0 47.0 48.0 49.0 50.0 51.0 52.0 53.0 54.0 55.0 56.0 57.0 58.0 59.0 60.0 61.0 62.0 63.0 64.0 63.0 62.0 61.0 60.0 59.0 58.0 57.0 56.0 55.0 54.0 
54.0 53.0 52.0 51.0 50.0 49.0 48.0 47.0 46.0 45.0 44.0 43.0 42.0 41.0 40.0 39.0 38.0 37.0 36.0 35.0 34.0 33.0 32.0 31.0 30.0 29.0 28.0 27.0 26.0 25.0 24.0 23.0 22.0 21.0 20.0 19.0 18.0 17.0 16.0 15.0 14.0 13.0 12.0 11.0 10.0 9.0 8.0 7.0 6.0 5.0 4.0 3.0 2.0 1.0 0.0 1.0 2.0 3.0 4.0 5.0 6.0 7.0 8.0 9.0 10.0 11.0 12.0 13.0 14.0 15.0 16.0 17.0 18.0 19.0 20.0 21.0 22.0 23.0 24.0 25.0 26.0 27.0 28.0 29.0 30.0 31.0 32.0 33.0 34.0 35.0 36.0 37.0 38.0 39.0 40.0 41.0 42.0 43.0 44.0 45.0 46.0 47.0 48.0 49.0 50.0 51.0 52.0 53.0 54.0 55.0 56.0 57.0 58.0 59.0 60.0 61.0 62.0 63.0 64.0 63.0 62.0 61.0 60.0 59.0 58.0 57.0 56.0 55.0 
55.0 54.0 53.0 52.0 51.0 50.0 49.0 48.0 47.0 46.0 45.0 44.0 43.0 42.0 41.0 40.0 39.0 38.0 37.0 36.0 35.0 34.0 33.0 32.0 31.0 30.0 29.0 28.0 27.0 26.0 25.0 24.0 23.0 22.0 21.0 20.0 19.0 18.0 17.0 16.0 15.0 14.0 13.0 12.0 11.0 10.0 9.0 8.0 7.0 6.0 5.0 4.0 3.0 2.0 1.0 0.0 1.0 2.0 3.0 4.0 5.0 6.0 7.0 8.0 9.0 10.0 11.0 12.0 13.0 14.0 15.0 16.0 17.0 18.0 19.0 20.0 21.0 22.0 23.0 24.0 25.0 26.0 27.0 28.0 29.0 30.0 31.0 32.0 33.0 34.0 35.0 36.0 37.0 38.0 39.0 40.0 41.0 42.0 43.0 44.0 45.0 46.0 47.0 48.0 49.0 50.0 51.0 52.0 53.0 54.0 55.0 56.0 57.0 58.0 59.0 60.0 61.0 62.0 63.0 64.0 63.0 62.0 61.0 60.0 59.0 58.0 57.0 56.0 
56.0 55.0 54.0 53.0 52.0 51.0 50.0 49.0 48.0 47.0 46.0 45.0 44.0 43.0 42.0 41.0 40.0 39.0 38.0 37.0 36.0 35.0 34.0 33.0 32.0 31.0 30.0 29.0 28.0 27.0 26.0 25.0 24.0 23.0 22.0 21.0 20.0 19.0 18.0 17.0 16.0 15.0 14.0 13.0 12.0 11.0 10.0 9.0 8.0 7.0 6.0 5.0 4.0 3.0 2.0 1.0 0.0 1.0 2.0 3.0 4.0 5.0 6.0 7.0 8.0 9.0 10.0 11.0 12.0 13.0 14.0 15.0 16.0 17.0 18.0 19.0 20.0 21.0 22.0 23.0 24.0 25.0 26.0 27.0 28.0 29.0 30.0 31.0 32.0 33.0 34.0 35.0 36.0 37.0 38.0 39.0 40.0 41.0 42.0 43.0 44.0 45.0 46.0 47.0 48.0 49.0 50.0 51.0 52.0 53.0 54.0 55.0 56.0 57.0 58.0 59.0 60.0 61.0 62.0 63.0 64.0 63.0 62.0 61.0 60.0 59.0 58.0 57.0 
57.0 56.0 55.0 54.0 53.0 52.0 51.0 50.0 49.0 48.0 47.0 46.0 45.0 44.0 43.0 42.0 41.0 40.0 39.0 38.0 37.0 36.0 35.0 34.0 33.0 32.0 31.0 30.0 29.0 28.0 27.0 26.0 25.0 24.0 23.0 22.0 21.0 20.0 19.0 18.0 17.0 16.0 15.0 14.0 13.0 12.0 11.0 10.0 9.0 8.0 7.0 6.0 5.0 4.0 3.0 2.0 1.0 0.0 1.0 2.0 3.0 4.0 5.0 6.0 7.0 8.0 9.0 10.0 11.0 12.0 13.0 14.0 15.0 16.0 17.0 18.0 19.0 20.0 21.0 22.0 23.0 24.0 25.0 26.0 27.0 28.0 29.0 30.0 31.0 32.0 33.0 34.0 35.0 36.0 37.0 38.0 39.0 40.0 41.0 42.0 43.0 44.0 45.0 46.0 47.0 48.0 49.0 50.0 51.0 52.0 53.0 54.0 55.0 56.0 57.0 58.0 59.0 60.0 61.0 62.0 63.0 64.0 63.0 62.0 61.0 60.0 59.0 58.0 
58.0 57.0 56.0 55.0 54.0 53.0 52.0 51.0 50.0 49.0 48.0 47.0 46.0 45.0 44.0 43.0 42.0 41.0 40.0 39.0 38.0 37.0 36.0 35.0 34.0 33.0 32.0 31.0 30.0 29.0 28.0 27.0 26.0 25.0 24.0 23.0 22.0 21.0 20.0 19.0 18.0 17.0 16.0 15.0 14.0 13.0 12.0 11.0 10.0 9.0 8.0 7.0 6.0 5.0 4.0 3.0 2.0 1.0 0.0 1.0 2.0 3.0 4.0 5.0 6.0 7.0 8.0 9.0 10.0 11.0 12.0 13.0 14.0 15.0 16.0 17.0 18.0 19.0 20.0 21.0 22.0 23.0 24.0 25.0 26.0 27.0 28.0 29.0 30.0 31.0 32.0 33.0 34.0 35.0 36.0 37.0 38.0 39.0 40.0 41.0 42.0 43.0 44.0 45.0 46.0 47.0 48.0 49.0 50.0 51.0 52.0 53.0 54.0 55.0 56.0 57.0 58.0 59.0 60.0 61.0 62.0 63.0 64.0 63.0 62.0 61.0 60.0 59.0 
59.0 58.0 57.0 56.0 55.0 54.0 53.0 52.0 51.0 50.0 49.0 48.0 47.0 46.0 45.0 44.0 43.0 42.0 41.0 40.0 39.0 38.0 37.0 36.0 35.0 34.0 33.0 32.0 31.0 30.0 29.0 28.0 27.0 26.0 25.0 24.0 23.0 22.0 21.0 20.0 19.0 18.0 17.0 16.0 15.0 14.0 13.0 12.0 11.0 10.0 9.0 8.0 7.0 6.0 5.0 4.0 3.0 2.0 1.0 0.0 1.0 2.0 3.0 4.0 5.0 6.0 7.0 8.0 9.0 10.0 11.0 12.0 13.0 14.0 15.0 16.0 17.0 18.0 19.0 20.0 21.0 22.0 23.0 24.0 25.0 26.0 27.0 28.0 29.0 30.0 31.0 32.0 33.0 34.0 35.0 36.0 37.0 38.0 39.0 40.0 41.0 42.0 43.0 44.0 45.0 46.0 47.0 48.0 49.0 50.0 51.0 52.0 53.0 54.0 55.0 56.0 57.0 58.0 59.0 60.0 61.0 62.0 63.0 64.0 63.0 62.0 61.0 60.0 
60.0 59.0 58.0 57.0 56.0 55.0 54.0 53.0 52.0 51.0 50.0 49.0 48.0 47.0 46.0 45.0 44.0 43.0 42.0 41.0 40.0 39.0 38.0 37.0 36.0 35.0 34.0 33.0 32.0 31.0 30.0 29.0 28.0 27.0 26.0 25.0 24.0 23.0 22.0 21.0 20.0 19.0 18.0 17.0 16.0 15.0 14.0 13.0 12.0 11.0 10.0 9.0 8.0 7.0 6.0 5.0 4.0 3.0 2.0 1.0 0.0 1.0 2.0 3.0 4.0 5.0 6.0 7.0 8.0 9.0 10.0 11.0 12.0 13.0 14.0 15.0 16.0 17.0 18.0 19.0 20.0 21.0 22.0 23.0 24.0 25.0 26.0 27.0 28.0 29.0 30.0 31.0 32.0 33.0 34.0 35.0 36.0 37.0 38.0 39.0 40.0 41.0 42.0 43.0 44.0 45.0 46.0 47.0 48.0 49.0 50.0 51.0 52.0 53.0 54.0 55.0 56.0 57.0 58.0 59.0 60.0 61.0 62.0 63.0 64.0 63.0 62.0 61.0 
61.0 60.0 59.0 58.0 57.0 56.0 55.0 54.0 53.0 52.0 51.0 50.0 49.0 48.0 47.0 46.0 45.0 44.0 43.0 42.0 41.0 40.0 39.0 38.0 37.0 36.0 35.0 34.0 33.0 32.0 31.0 30.0 29.0 28.0 27.0 26.0 25.0 24.0 23.0 22.0 21.0 20.0 19.0 18.0 17.0 16.0 15.0 14.0 13.0 12.0 11.0 10.0 9.0 8.0 7.0 6.0 5.0 4.0 3.0 2.0 1.0 0.0 1.0 2.0 3.0 4.0 5.0 6.0 7.0 8.0 9.0 10.0 11.0 12.0 13.0 14.0 15.0 16.0 17.0 18.0 19.0 20.0 21.0 22.0 23.0 24.0 25.0 26.0 27.0 28.0 29.0 30.0 31.0 32.0 33.0 34.0 35.0 36.0 37.0 38.0 39.0 40.0 41.0 42.0 43.0 44.0 45.0 46.0 47.0 48.0 49.0 50.0 51.0 52.0 53.0 54.0 55.0 56.0 57.0 58.0 59.0 60.0 61.0 62.0 63.0 64.0 63.0 62.0 
62.0 61.0 60.0 59.0 58.0 57.0 56.0 55.0 54.0 53.0 52.0 51.0 50.0 49.0 48.0 47.0 46.0 45.0 44.0 43.0 42.0 41.0 40.0 39.0 38.0 37.0 36.0 35.0 34.0 33.0 32.0 31.0 30.0 29.0 28.0 27.0 26.0 25.0 24.0 23.0 22.0 21.0 20.0 19.0 18.0 17.0 16.0 15.0 14.0 13.0 12.0 11.0 10.0 9.0 8.0 7.0 6.0 5.0 4.0 3.0 2.0 1.0 0.0 1.0 2.0 3.0 4.0 5.0 6.0 7.0 8.0 9.0 10.0 11.0 12.0 13.0 14.0 15.0 16.0 17.0 18.0 19.0 20.0 21.0 22.0 23.0 24.0 25.0 26.0 27.0 28.0 29.0 30.0 31.0 32.0 33.0 34.0 35.0 36.0 37.0 38.0 39.0 40.0 41.0 42.0 43.0 44.0 45.0 46.0 47.0 48.0 49.0 50.0 51.0 52.0 53.0 54.0 55.0 56.0 57.0 58.0 59.0 60.0 61.0 62.0 63.0 64.0 63.0 
63.0 62.0 61.0 60.0 59.0 58.0 57.0 56.0 55.0 54.0 53.0 52.0 51.0 50.0 49.0 48.0 47.0 46.0 45.0 44.0 43.0 42.0 41.0 40.0 39.0 38.0 37.0 36.0 35.0 34.0 33.0 32.0 31.0 30.0 29.0 28.0 27.0 26.0 25.0 24.0 23.0 22.0 21.0 20.0 19.0 18.0 17.0 16.0 15.0 14.0 13.0 12.0 11.0 10.0 9.0 8.0 7.0 6.0 5.0 4.0 3.0 2.0 1.0 0.0 1.0 2.0 3.0 4.0 5.0 6.0 7.0 8.0 9.0 10.0 11.0 12.0 13.0 14.0 15.0 16.0 17.0 18.0 19.0 20.0 21.0 22.0 23.0 24.0 25.0 26.0 27.0 28.0 29.0 30.0 31.0 32.0 33.0 34.0 35.0 36.0 37.0 38.0 39.0 40.0 41.0 42.0 43.0 44.0 45.0 46.0 47.0 48.0 49.0 50.0 51.0 52.0 53.0 54.0 55.0 56.0 57.0 58.0 59.0 60.0 61.0 62.0 63.0 64.0 
64.0 63.0 62.0 61.0 60.0 59.0 58.0 57.0 56.0 55.0 54.0 53.0 52.0 51.0 50.0 49.0 48.0 47.0 46.0 45.0 44.0 43.0 42.0 41.0 40.0 39.0 38.0 37.0 36.0 35.0 34.0 33.0 32.0 31.0 30.0 29.0 28.0 27.0 26.0 25.0 24.0 23.0 22.0 21.0 20.0 19.0 18.0 17.0 16.0 15.0 14.0 13.0 12.0 11.0 10.0 9.0 8.0 7.0 6.0 5.0 4.0 3.0 2.0 1.0 0.0 1.0 2.0 3.0 4.0 5.0 6.0 7.0 8.0 9.0 10.0 11.0 12.0 13.0 14.0 15.0 16.0 17.0 18.0 19.0 20.0 21.0 22.0 23.0 24.0 25.0 26.0 27.0 28.0 29.0 30.0 31.0 32.0 33.0 34.0 35.0 36.0 37.0 38.0 39.0 40.0 41.0 42.0 43.0 44.0 45.0 46.0 47.0 48.0 49.0 50.0 51.0 52.0 53.0 54.0 55.0 56.0 57.0 58.0 59.0 60.0 61.0 62.0 63.0 
63.0 64.0 63.0 62.0 61.0 60.0 59.0 58.0 57.0 56.0 55.0 54.0 53.0 52.0 51.0 50.0 49.0 48.0 47.0 46.0 45.0 44.0 43.0 42.0 41.0 40.0 39.0 38.0 37.0 36.0 35.0 34.0 33.0 32.0 31.0 30.0 29.0 28.0 27.0 26.0 25.0 24.0 23.0 22.0 21.0 20.0 19.0 18.0 17.0 16.0 15.0 14.0 13.0 12.0 11.0 10.0 9.0 8.0 7.0 6.0 5.0 4.0 3.0 2.0 1.0 0.0 1.0 2.0 3.0 4.0 5.0 6.0 7.0 8.0 9.0 10.0 11.0 12.0 13.0 14.0 15.0 16.0 17.0 18.0 19.0 20.0 21.0 22.0 23.0 24.0 25.0 26.0 27.0 28.0 29.0 30.0 31.0 32.0 33.0 34.0 35.0 36.0 37.0 38.0 39.0 40.0 41.0 42.0 43.0 44.0 45.0 46.0 47.0 48.0 49.0 50.0 51.0 52.0 53.0 54.0 55.0 56.0 57.0 58.0 59.0 60.0 61.0 62.0 
62.0 63.0 64.0 63.0 62.0 61.0 60.0 59.0 58.0 57.0 56.0 55.0 54.0 53.0 52.0 51.0 50.0 49.0 48.0 47.0 46.0 45.0 44.0 43.0 42.0 41.0 40.0 39.0 38.0 37.0 36.0 35.0 34.0 33.0 32.0 31.0 30.0 29.0 28.0 27.0 26.0 25.0 24.0 23.0 22.0 21.0 20.0 19.0 18.0 17.0 16.0 15.0 14.0 13.0 12.0 11.0 10.0 9.0 8.0 7.0 6.0 5.0 4.0 3.0 2.0 1.0 0.0 1.0 2.0 3.0 4.0 5.0 6.0 7.0 8.0 9.0 10.0 11.0 12.0 13.0 14.0 15.0 16.0 17.0 18.0 19.0 20.0 21.0 22.0 23.0 24.0 25.0 26.0 27.0 28.0 29.0 30.0 31.0 32.0 33.0 34.0 35.0 36.0 37.0 38.0 39.0 40.0 41.0 42.0 43.0 44.0 45.0 46.0 47.0 48.0 49.0 50.0 51.0 52.0 53.0 54.0 55.0 56.0 57.0 58.0 59.0 60.0 61.0 
61.0 62.0 63.0 64.0 63.0 62.0 61.0 60.0 59.0 58.0 57.0 56.0 55.0 54.0 53.0 52.0 51.0 50.0 49.0 48.0 47.0 46.0 45.0 44.0 43.0 42.0 41.0 40.0 39.0 38.0 37.0 36.0 35.0 34.0 33.0 32.0 31.0 30.0 29.0 28.0 27.0 26.0 25.0 24.0 23.0 22.0 21.0 20.0 19.0 18.0 17.0 16.0 15.0 14.0 13.0 12.0 11.0 10.0 9.0 8.0 7.0 6.0 5.0 4.0 3.0 2.0 1.0 0.0 1.0 2.0 3.0 4.0 5.0 6.0 7.0 8.0 9.0 10.0 11.0 12.0 13.0 14.0 15.0 16.0 17.0 18.0 19.0 20.0 21.0 22.0 23.0 24.0 25.0 26.0 27.0 28.0 29.0 30.0 31.0 32.0 33.0 34.0 35.0 36.0 37.0 38.0 39.0 40.0 41.0 42.0 43.0 44.0 45.0 46.0 47.0 48.0 49.0 50.0 51.0 52.0 53.0 54.0 55.0 56.0 57.0 58.0 59.0 60.0 
60.0 61.0 62.0 63.0 64.0 63.0 62.0 61.0 60.0 59.0 58.0 57.0 56.0 55.0 54.0 53.0 52.0 51.0 50.0 49.0 48.0 47.0 46.0 45.0 44.0 43.0 42.0 41.0 40.0 39.0 38.0 37.0 36.0 35.0 34.0 33.0 32.0 31.0 30.0 29.0 28.0 27.0 26.0 25.0 24.0 23.0 22.0 21.0 20.0 19.0 18.0 17.0 16.0 15.0 14.0 13.0 12.0 11.0 10.0 9.0 8.0 7.0 6.0 5.0 4.0 3.0 2.0 1.0 0.0 1.0 2.0 3.0 4.0 5.0 6.0 7.0 8.0 9.0 10.0 11.0 12.0 13.0 14.0 15.0 16.0 17.0 18.0 19.0 20.0 21.0 22.0 23.0 24.0 25.0 26.0 27.0 28.0 29.0 30.0 31.0 32.0 33.0 34.0 35.0 36.0 37.0 38.0 39.0 40.0 41.0 42.0 43.0 44.0 45.0 46.0 47.0 48.0 49.0 50.0 51.0 52.0 53.0 54.0 55.0 56.0 57.0 58.0 59.0 
59.0 60.0 61.0 62.0 63.0 64.0 63.0 62.0 61.0 60.0 59.0 58.0 57.0 56.0 55.0 54.0 53.0 52.0 51.0 50.0 49.0 48.0 47.0 46.0 45.0 44.0 43.0 42.0 41.0 40.0 39.0 38.0 37.0 36.0 35.0 34.0 33.0 32.0 31.0 30.0 29.0 28.0 27.0 26.0 25.0 24.0 23.0 22.0 21.0 20.0 19.0 18.0 17.0 16.0 15.0 14.0 13.0 12.0 11.0 10.0 9.0 8.0 7.0 6.0 5.0 4.0 3.0 2.0 1.0 0.0 1.0 2.0 3.0 4.0 5.0 6.0 7.0 8.0 9.0 10.0 11.0 12.0 13.0 14.0 15.0 16.0 17.0 18.0 19.0 20.0 21.0 22.0 23.0 24.0 25.0 26.0 27.0 28.0 29.0 30.0 31.0 32.0 33.0 34.0 35.0 36.0 37.0 38.0 39.0 40.0 41.0 42.0 43.0 44.0 45.0 46.0 47.0 48.0 49.0 50.0 51.0 52.0 53.0 54.0 55.0 56.0 57.0 58.0 
58.0 59.0 60.0 61.0 62.0 63.0 64.0 63.0 62.0 61.0 60.0 59.0 58.0 57.0 56.0 55.0 54.0 53.0 52.0 51.0 50.0 49.0 48.0 47.0 46.0 45.0 44.0 43.0 42.0 41.0 40.0 39.0 38.0 37.0 36.0 35.0 34.0 33.0 32.0 31.0 30.0 29.0 28.0 27.0 26.0 25.0 24.0 23.0 22.0 21.0 20.0 19.0 18.0 17.0 16.0 15.0 14.0 13.0 12.0 11.0 10.0 9.0 8.0 7.0 6.0 5.0 4.0 3.0 2.0 1.0 0.0 1.0 2.0 3.0 4.0 5.0 6.0 7.0 8.0 9.0 10.0 11.0 12.0 13.0 14.0 15.0 16.0 17.0 18.0 19.0 20.0 21.0 22.0 23.0 24.0 25.0 26.0 27.0 28.0 29.0 30.0 31.0 32.0 33.0 34.0 35.0 36.0 37.0 38.0 39.0 40.0 41.0 42.0 43.0 44.0 45.0 46.0 47.0 48.0 49.0 50.0 51.0 52.0 53.0 54.0 55.0 56.0 57.0 
57.0 58.0 59.0 60.0 61.0 62.0 63.0 64.0 63.0 62.0 61.0 60.0 59.0 58.0 57.0 56.0 55.0 54.0 53.0 52.0 51.0 50.0 49.0 48.0 47.0 46.0 45.0 44.0 43.0 42.0 41.0 40.0 39.0 38.0 37.0 36.0 35.0 34.0 33.0 32.0 31.0 30.0 29.0 28.0 27.0 26.0 25.0 24.0 23.0 22.0 21.0 20.0 19.0 18.0 17.0 16.0 15.0 14.0 13.0 12.0 11.0 10.0 9.0 8.0 7.0 6.0 5.0 4.0 3.0 2.0 1.0 0.0 1.0 2.0 3.0 4.0 5.0 6.0 7.0 8.0 9.0 10.0 11.0 12.0 13.0 14.0 15.0 16.0 17.0 18.0 19.0 20.0 21.0 22.0 23.0 24.0 25.0 26.0 27.0 28.0 29.0 30.0 31.0 32.0 33.0 34.0 35.0 36.0 37.0 38.0 39.0 40.0 41.0 42.0 43.0 44.0 45.0 46.0 47.0 48.0 49.0 50.0 51.0 52.0 53.0 54.0 55.0 56.0 
56.0 57.0 58.0 59.0 60.0 61.0 62.0 63.0 64.0 63.0 62.0 61.0 60.0 59.0 58.0 57.0 56.0 55.0 54.0 53.0 52.0 51.0 50.0 49.0 48.0 47.0 46.0 45.0 44.0 43.0 42.0 41.0 40.0 39.0 38.0 37.0 36.0 35.0 34.0 33.0 32.0 31.0 30.0 29.0 28.0 27.0 26.0 25.0 24.0 23.0 22.0 21.0 20.0 19.0 18.0 17.0 16.0 15.0 14.0 13.0 12.0 11.0 10.0 9.0 8.0 7.0 6.0 5.0 4.0 3.0 2.0 1.0 0.0 1.0 2.0 3.0 4.0 5.0 6.0 7.0 8.0 9.0 10.0 11.0 12.0 13.0 14.0 15.0 16.0 17.0 18.0 19.0 20.0 21.0 22.0 23.0 24.0 25.0 26.0 27.0 28.0 29.0 30.0 31.0 32.0 33.0 34.0 35.0 36.0 37.0 38.0 39.0 40.0 41.0 42.0 43.0 44.0 45.0 46.0 47.0 48.0 49.0 50.0 51.0 52.0 53.0 54.0 55.0 
55.0 56.0 57.0 58.0 59.0 60.0 61.0 62.0 63.0 64.0 63.0 62.0 61.0 60.0 59.0 58.0 57.0 56.0 55.0 54.0 53.0 52.0 51.0 50.0 49.0 48.0 47.0 46.0 45.0 44.0 43.0 42.0 41.0 40.0 39.0 38.0 37.0 36.0 35.0 34.0 33.0 32.0 31.0 30.0 29.0 28.0 27.0 26.0 25.0 24.0 23.0 22.0 21.0 20.0 19.0 18.0 17.0 16.0 15.0 14.0 13.0 12.0 11.0 10.0 9.0 8.0 7.0 6.0 5.0 4.0 3.0 2.0 1.0 0.0 1.0 2.0 3.0 4.0 5.0 6.0 7.0 8.0 9.0 10.0 11.0 12.0 13.0 14.0 15.0 16.0 17.0 18.0 19.0 20.0 21.0 22.0 23.0 24.0 25.0 26.0 27.0 28.0 29.0 30.0 31.0 32.0 33.0 34.0 35.0 36.0 37.0 38.0 39.0 40.0 41.0 42.0 43.0 44.0 45.0 46.0 47.0 48.0 49.0 50.0 51.0 52.0 53.0 54.0 
54.0 55.0 56.0 57.0 58.0 59.0 60.0 61.0 62.0 63.0 64.0 63.0 62.0 61.0 60.0 59.0 58.0 57.0 56.0 55.0 54.0 53.0 52.0 51.0 50.0 49.0 48.0 47.0 46.0 45.0 44.0 43.0 42.0 41.0 40.0 39.0 38.0 37.0 36.0 35.0 34.0 33.0 32.0 31.0 30.0 29.0 28.0 27.0 26.0 25.0 24.0 23.0 22.0 21.0 20.0 19.0 18.0 17.0 16.0 15.0 14.0 13.0 12.0 11.0 10.0 9.0 8.0 7.0 6.0 5.0 4.0 3.0 2.0 1.0 0.0 1.0 2.0 3.0 4.0 5.0 6.0 7.0 8.0 9.0 10.0 11.0 12.0 13.0 14.0 15.0 16.0 17.0 18.0 19.0 20.0 21.0 22.0 23.0 24.0 25.0 26.0 27.0 28.0 29.0 30.0 31.0 32.0 33.0 34.0 35.0 36.0 37.0 38.0 39.0 40.0 41.0 42.0 43.0 44.0 45.0 46.0 47.0 48.0 49.0 50.0 51.0 52.0 53.0 
53.0 54.0 55.0 56.0 57.0 58.0 59.0 60.0 61.0 62.0 63.0 64.0 63.0 62.0 61.0 60.0 59.0 58.0 57.0 56.0 55.0 54.0 53.0 52.0 51.0 50.0 49.0 48.0 47.0 46.0 45.0 44.0 43.0 42.0 41.0 40.0 39.0 38.0 37.0 36.0 35.0 34.0 33.0 32.0 31.0 30.0 29.0 28.0 27.0 26.0 25.0 24.0 23.0 22.0 21.0 20.0 19.0 18.0 17.0 16.0 15.0 14.0 13.0 12.0 11.0 10.0 9.0 8.0 7.0 6.0 5.0 4.0 3.0 2.0 1.0 0.0 1.0 2.0 3.0 4.0 5.0 6.0 7.0 8.0 9.0 10.0 11.0 12.0 13.0 14.0 15.0 16.0 17.0 18.0 19.0 20.0 21.0 22.0 23.0 24.0 25.0 26.0 27.0 28.0 29.0 30.0 31.0 32.0 33.0 34.0 35.0 36.0 37.0 38.0 39.0 40.0 41.0 42.0 43.0 44.0 45.0 46.0 47.0 48.0 49.0 50.0 51.0 52.0 
52.0 53.0 54.0 55.0 56.0 57.0 58.0 59.0 60.0 61.0 62.0 63.0 64.0 63.0 62.0 61.0 60.0 59.0 58.0 57.0 56.0 55.0 54.0 53.0 52.0 51.0 50.0 49.0 48.0 47.0 46.0 45.0 44.0 43.0 42.0 41.0 40.0 39.0 38.0 37.0 36.0 35.0 34.0 33.0 32.0 31.0 30.0 29.0 28.0 27.0 26.0 25.0 24.0 23.0 22.0 21.0 20.0 19.0 18.0 17.0 16.0 15.0 14.0 13.0 12.0 11.0 10.0 9.0 8.0 7.0 6.0 5.0 4.0 3.0 2.0 1.0 0.0 1.0 2.0 3.0 4.0 5.0 6.0 7.0 8.0 9.0 10.0 11.0 12.0 13.0 14.0 15.0 16.0 17.0 18.0 19.0 20.0 21.0 22.0 23.0 24.0 25.0 26.0 27.0 28.0 29.0 30.0 31.0 32.0 33.0 34.0 35.0 36.0 37.0 38.0 39.0 40.0 41.0 42.0 43.0 44.0 45.0 46.0 47.0 48.0 49.0 50.0 51.0 
51.0 52.0 53.0 54.0 55.0 56.0 57.0 58.0 59.0 60.0 61.0 62.0 63.0 64.0 63.0 62.0 61.0 60.0 59.0 58.0 57.0 56.0 55.0 54.0 53.0 52.0 51.0 50.0 49.0 48.0 47.0 46.0 45.0 44.0 43.0 42.0 41.0 40.0 39.0 38.0 37.0 36.0 35.0 34.0 33.0 32.0 31.0 30.0 29.0 28.0 27.0 26.0 25.0 24.0 23.0 22.0 21.0 20.0 19.0 18.0 17.0 16.0 15.0 14.0 13.0 12.0 11.0 10.0 9.0 8.0 7.0 6.0 5.0 4.0 3.0 2.0 1.0 0.0 1.0 2.0 3.0 4.0 5.0 6.0 7.0 8.0 9.0 10.0 11.0 12.0 13.0 14.0 15.0 16.0 17.0 18.0 19.0 20.0 21.0 22.0 23.0 24.0 25.0 26.0 27.0 28.0 29.0 30.0 31.0 32.0 33.0 34.0 35.0 36.0 37.0 38.0 39.0 40.0 41.0 42.0 43.0 44.0 45.0 46.0 47.0 48.0 49.0 50.0 
50.0 51.0 52.0 53.0 54.0 55.0 56.0 57.0 58.0 59.0 60.0 61.0 62.0 63.0 64.0 63.0 62.0 61.0 60.0 59.0 58.0 57.0 56.0 55.0 54.0 53.0 52.0 51.0 50.0 49.0 48.0 47.0 46.0 45.0 44.0 43.0 42.0 41.0 40.0 39.0 38.0 37.0 36.0 35.0 34.0 33.0 32.0 31.0 30.0 29.0 28.0 27.0 26.0 25.0 24.0 23.0 22.0 21.0 20.0 19.0 18.0 17.0 16.0 15.0 14.0 13.0 12.0 11.0 10.0 9.0 8.0 7.0 6.0 5.0 4.0 3.0 2.0 1.0 0.0 1.0 2.0 3.0 4.0 5.0 6.0 7.0 8.0 9.0 10.0 11.0 12.0 13.0 14.0 15.0 16.0 17.0 18.0 19.0 20.0 21.0 22.0 23.0 24.0 25.0 26.0 27.0 28.0 29.0 30.0 31.0 32.0 33.0 34.0 35.0 36.0 37.0 38.0 39.0 40.0 41.0 42.0 43.0 44.0 45.0 46.0 47.0 48.0 49.0 
49.0 50.0 51.0 52.0 53.0 54.0 55.0 56.0 57.0 58.0 59.0 60.0 61.0 62.0 63.0 64.0 63.0 62.0 61.0 60.0 59.0 58.0 57.0 56.0 55.0 54.0 53.0 52.0 51.0 50.0 49.0 48.0 47.0 46.0 45.0 44.0 43.0 42.0 41.0 40.0 39.0 38.0 37.0 36.0 35.0 34.0 33.0 32.0 31.0 30.0 29.0 28.0 27.0 26.0 25.0 24.0 23.0 22.0 21.0 20.0 19.0 18.0 17.0 16.0 15.0 14.0 13.0 12.0 11.0 10.0 9.0 8.0 7.0 6.0 5.0 4.0 3.0 2.0 1.0 0.0 1.0 2.0 3.0 4.0 5.0 6.0 7.0 8.0 9.0 10.0 11.0 12.0 13.0 14.0 15.0 16.0 17.0 18.0 19.0 20.0 21.0 22.0 23.0 24.0 25.0 26.0 27.0 28.0 29.0 30.0 31.0 32.0 33.0 34.0 35.0 36.0 37.0 38.0 39.0 40.0 41.0 42.0 43.0 44.0 45.0 46.0 47.0 48.0 
48.0 49.0 50.0 51.0 52.0 53.0 54.0 55.0 56.0 57.0 58.0 59.0 60.0 61.0 62.0 63.0 64.0 63.0 62.0 61.0 60.0 59.0 58.0 57.0 56.0 55.0 54.0 53.0 52.0 51.0 50.0 49.0 48.0 47.0 46.0 45.0 44.0 43.0 42.0 41.0 40.0 39.0 38.0 37.0 36.0 35.0 34.0 33.0 32.0 31.0 30.0 29.0 28.0 27.0 26.0 25.0 24.0 23.0 22.0 21.0 20.0 19.0 18.0 17.0 16.0 15.0 14.0 13.0 12.0 11.0 10.0 9.0 8.0 7.0 6.0 5.0 4.0 3.0 2.0 1.0 0.0 1.0 2.0 3.0 4.0 5.0 6.0 7.0 8.0 9.0 10.0 11.0 12.0 13.0 14.0 15.0 16.0 17.0 18.0 19.0 20.0 21.0 22.0 23.0 24.0 25.0 26.0 27.0 28.0 29.0 30.0 31.0 32.0 33.0 34.0 35.0 36.0 37.0 38.0 39.0 40.0 41.0 42.0 43.0 44.0 45.0 46.0 47.0 
47.0 48.0 49.0 50.0 51.0 52.0 53.0 54.0 55.0 56.0 57.0 58.0 59.0 60.0 61.0 62.0 63.0 64.0 63.0 62.0 61.0 60.0 59.0 58.0 57.0 56.0 55.0 54.0 53.0 52.0 51.0 50.0 49.0 48.0 47.0 46.0 45.0 44.0 43.0 42.0 41.0 40.0 39.0 38.0 37.0 36.0 35.0 34.0 33.0 32.0 31.0 30.0 29.0 28.0 27.0 26.0 25.0 24.0 23.0 22.0 21.0 20.0 19.0 18.0 17.0 16.0 15.0 14.0 13.0 12.0 11.0 10.0 9.0 8.0 7.0 6.0 5.0 4.0 3.0 2.0 1.0 0.0 1.0 2.0 3.0 4.0 5.0 6.0 7.0 8.0 9.0 10.0 11.0 12.0 13.0 14.0 15.0 16.0 17.0 18.0 19.0 20.0 21.0 22.0 23.0 24.0 25.0 26.0 27.0 28.0 29.0 30.0 31.0 32.0 33.0 34.0 35.0 36.0 37.0 38.0 39.0 40.0 41.0 42.0 43.0 44.0 45.0 46.0 
46.0 47.0 48.0 49.0 50.0 51.0 52.0 53.0 54.0 55.0 56.0 57.0 58.0 59.0 60.0 61.0 62.0 63.0 64.0 63.0 62.0 61.0 60.0 59.0 58.0 57.0 56.0 55.0 54.0 53.0 52.0 51.0 50.0 49.0 48.0 47.0 46.0 45.0 44.0 43.0 42.0 41.0 40.0 39.0 38.0 37.0 36.0 35.0 34.0 33.0 32.0 31.0 30.0 29.0 28.0 27.0 26.0 25.0 24.0 23.0 22.0 21.0 20.0 19.0 18.0 17.0 16.0 15.0 14.0 13.0 12.0 11.0 10.0 9.0 8.0 7.0 6.0 5.0 4.0 3.0 2.0 1.0 0.0 1.0 2.0 3.0 4.0 5.0 6.0 7.0 8.0 9.0 10.0 11.0 12.0 13.0 14.0 15.0 16.0 17.0 18.0 19.0 20.0 21.0 22.0 23.0 24.0 25.0 26.0 27.0 28.0 29.0 30.0 31.0 32.0 33.0 34.0 35.0 36.0 37.0 38.0 39.0 40.0 41.0 42.0 43.0 44.0 45.0 
45.0 46.0 47.0 48.0 49.0 50.0 51.0 52.0 53.0 54.0 55.0 56.0 57.0 58.0 59.0 60.0 61.0 62.0 63.0 64.0 63.0 62.0 61.0 60.0 59.0 58.0 57.0 56.0 55.0 54.0 53.0 52.0 51.0 50.0 49.0 48.0 47.0 46.0 45.0 44.0 43.0 42.0 41.0 40.0 39.0 38.0 37.0 36.0 35.0 34.0 33.0 32.0 31.0 30.0 29.0 28.0 27.0 26.0 25.0 24.0 23.0 22.0 21.0 20.0 19.0 18.0 17.0 16.0 15.0 14.0 13.0 12.0 11.0 10.0 9.0 8.0 7.0 6.0 5.0 4.0 3.0 2.0 1.0 0.0 1.0 2.0 3.0 4.0 5.0 6.0 7.0 8.0 9.0 10.0 11.0 12.0 13.0 14.0 15.0 16.0 17.0 18.0 19.0 20.0 21.0 22.0 23.0 24.0 25.0 26.0 27.0 28.0 29.0 30.0 31.0 32.0 33.0 34.0 35.0 36.0 37.0 38.0 39.0 40.0 41.0 42.0 43.0 44.0 
44.0 45.0 46.0 47.0 48.0 49.0 50.0 51.0 52.0 53.0 54.0 55.0 56.0 57.0 58.0 59.0 60.0 61.0 62.0 63.0 64.0 63.0 62.0 61.0 60.0 59.0 58.0 57.0 56.0 55.0 54.0 53.0 52.0 51.0 50.0 49.0 48.0 47.0 46.0 45.0 44.0 43.0 42.0 41.0 40.0 39.0 38.0 37.0 36.0 35.0 34.0 33.0 32.0 31.0 30.0 29.0 28.0 27.0 26.0 25.0 24.0 23.0 22.0 21.0 20.0 19.0 18.0 17.0 16.0 15.0 14.0 13.0 12.0 11.0 10.0 9.0 8.0 7.0 6.0 5.0 4.0 3.0 2.0 1.0 0.0 1.0 2.0 3.0 4.0 5.0 6.0 7.0 8.0 9.0 10.0 11.0 12.0 13.0 14.0 15.0 16.0 17.0 18.0 19.0 20.0 21.0 22.0 23.0 24.0 25.0 26.0 27.0 28.0 29.0 30.0 31.0 32.0 33.0 34.0 35.0 36.0 37.0 38.0 39.0 40.0 41.0 42.0 43.0 
43.0 44.0 45.0 46.0 47.0 48.0 49.0 50.0 51.0 52.0 53.0 54.0 55.0 56.0 57.0 58.0 59.0 60.0 61.0 62.0 63.0 64.0 63.0 62.0 61.0 60.0 59.0 58.0 57.0 56.0 55.0 54.0 53.0 52.0 51.0 50.0 49.0 48.0 47.0 46.0 45.0 44.0 43.0 42.0 41.0 40.0 39.0 38.0 37.0 36.0 35.0 34.0 33.0 32.0 31.0 30.0 29.0 28.0 27.0 26.0 25.0 24.0 23.0 22.0 21.0 20.0 19.0 18.0 17.0 16.0 15.0 14.0 13.0 12.0 11.0 10.0 9.0 8.0 7.0 6.0 5.0 4.0 3.0 2.0 1.0 0.0 1.0 2.0 3.0 4.0 5.0 6.0 7.0 8.0 9.0 10.0 11.0 12.0 13.0 14.0 15.0 16.0 17.0 18.0 19.0 20.0 21.0 22.0 23.0 24.0 25.0 26.0 27.0 28.0 29.0 30.0 31.0 32.0 33.0 34.0 35.0 36.0 37.0 38.0 39.0 40.0 41.0 42.0 
42.0 43.0 44.0 45.0 46.0 47.0 48.0 49.0 50.0 51.0 52.0 53.0 54.0 55.0 56.0 57.0 58.0 59.0 60.0 61.0 62.0 63.0 64.0 63.0 62.0 61.0 60.0 59.0 58.0 57.0 56.0 55.0 54.0 53.0 52.0 51.0 50.0 49.0 48.0 47.0 46.0 45.0 44.0 43.0 42.0 41.0 40.0 39.0 38.0 37.0 36.0 35.0 34.0 33.0 32.0 31.0 30.0 29.0 28.0 27.0 26.0 25.0 24.0 23.0 22.0 21.0 20.0 19.0 18.0 17.0 16.0 15.0 14.0 13.0 12.0 11.0 10.0 9.0 8.0 7.0 6.0 5.0 4.0 3.0 2.0 1.0 0.0 1.0 2.0 3.0 4.0 5.0 6.0 7.0 8.0 9.0 10.0 11.0 12.0 13.0 14.0 15.0 16.0 17.0 18.0 19.0 20.0 21.0 22.0 23.0 24.0 25.0 26.0 27.0 28.0 29.0 30.0 31.0 32.0 33.0 34.0 35.0 36.0 37.0 38.0 39.0 40.0 41.0 
41.0 42.0 43.0 44.0 45.0 46.0 47.0 48.0 49.0 50.0 51.0 52.0 53.0 54.0 55.0 56.0 57.0 58.0 59.0 60.0 61.0 62.0 63.0 64.0 63.0 62.0 61.0 60.0 59.0 58.0 57.0 56.0 55.0 54.0 53.0 52.0 51.0 50.0 49.0 48.0 47.0 46.0 45.0 44.0 43.0 42.0 41.0 40.0 39.0 38.0 37.0 36.0 35.0 34.0 33.0 32.0 31.0 30.0 29.0 28.0 27.0 26.0 25.0 24.0 23.0 22.0 21.0 20.0 19.0 18.0 17.0 16.0 15.0 14.0 13.0 12.0 11.0 10.0 9.0 8.0 7.0 6.0 5.0 4.0 3.0 2.0 1.0 0.0 1.0 2.0 3.0 4.0 5.0 6.0 7.0 8.0 9.0 10.0 11.0 12.0 13.0 14.0 15.0 16.0 17.0 18.0 19.0 20.0 21.0 22.0 23.0 24.0 25.0 26.0 27.0 28.0 29.0 30.0 31.0 32.0 33.0 34.0 35.0 36.0 37.0 38.0 39.0 40.0 
40.0 41.0 42.0 43.0 44.0 45.0 46.0 47.0 48.0 49.0 50.0 51.0 52.0 53.0 54.0 55.0 56.0 57.0 58.0 59.0 60.0 61.0 62.0 63.0 64.0 63.0 62.0 61.0 60.0 59.0 58.0 57.0 56.0 55.0 54.0 53.0 52.0 51.0 50.0 49.0 48.0 47.0 46.0 45.0 44.0 43.0 42.0 41.0 40.0 39.0 38.0 37.0 36.0 35.0 34.0 33.0 32.0 31.0 30.0 29.0 28.0 27.0 26.0 25.0 24.0 23.0 22.0 21.0 20.0 19.0 18.0 17.0 16.0 15.0 14.0 13.0 12.0 11.0 10.0 9.0 8.0 7.0 6.0 5.0 4.0 3.0 2.0 1.0 0.0 1.0 2.0 3.0 4.0 5.0 6.0 7.0 8.0 9.0 10.0 11.0 12.0 13.0 14.0 15.0 16.0 17.0 18.0 19.0 20.0 21.0 22.0 23.0 24.0 25.0 26.0 27.0 28.0 29.0 30.0 31.0 32.0 33.0 34.0 35.0 36.0 37.0 38.0 39.0 
39.0 40.0 41.0 42.0 43.0 44.0 45.0 46.0 47.0 48.0 49.0 50.0 51.0 52.0 53.0 54.0 55.0 56.0 57.0 58.0 59.0 60.0 61.0 62.0 63.0 64.0 63.0 62.0 61.0 60.0 59.0 58.0 57.0 56.0 55.0 54.0 53.0 52.0 51.0 50.0 49.0 48.0 47.0 46.0 45.0 44.0 43.0 42.0 41.0 40.0 39.0 38.0 37.0 36.0 35.0 34.0 33.0 32.0 31.0 30.0 29.0 28.0 27.0 26.0 25.0 24.0 23.0 22.0 21.0 20.0 19.0 18.0 17.0 16.0 15.0 14.0 13.0 12.0 11.0 10.0 9.0 8.0 7.0 6.0 5.0 4.0 3.0 2.0 1.0 0.0 1.0 2.0 3.0 4.0 5.0 6.0 7.0 8.0 9.0 10.0 11.0 12.0 13.0 14.0 15.0 16.0 17.0 18.0 19.0 20.0 21.0 22.0 23.0 24.0 25.0 26.0 27.0 28.0 29.0 30.0 31.0 32.0 33.0 34.0 35.0 36.0 37.0 38.0 
38.0 39.0 40.0 41.0 42.0 43.0 44.0 45.0 46.0 47.0 48.0 49.0 50.0 51.0 52.0 53.0 54.0 55.0 56.0 57.0 58.0 59.0 60.0 61.0 62.0 63.0 64.0 63.0 62.0 61.0 60.0 59.0 58.0 57.0 56.0 55.0 54.0 53.0 52.0 51.0 50.0 49.0 48.0 47.0 46.0 45.0 44.0 43.0 42.0 41.0 40.0 39.0 38.0 37.0 36.0 35.0 34.0 33.0 32.0 31.0 30.0 29.0 28.0 27.0 26.0 25.0 24.0 23.0 22.0 21.0 20.0 19.0 18.0 17.0 16.0 15.0 14.0 13.0 12.0 11.0 10.0 9.0 8.0 7.0 6.0 5.0 4.0 3.0 2.0 1.0 0.0 1.0 2.0 3.0 4.0 5.0 6.0 7.0 8.0 9.0 10.0 11.0 12.0 13.0 14.0 15.0 16.0 17.0 18.0 19.0 20.0 21.0 22.0 23.0 24.0 25.0 26.0 27.0 28.0 29.0 30.0 31.0 32.0 33.0 34.0 35.0 36.0 37.0 
37.0 38.0 39.0 40.0 41.0 42.0 43.0 44.0 45.0 46.0 47.0 48.0 49.0 50.0 51.0 52.0 53.0 54.0 55.0 56.0 57.0 58.0 59.0 60.0 61.0 62.0 63.0 64.0 63.0 62.0 61.0 60.0 59.0 58.0 57.0 56.0 55.0 54.0 53.0 52.0 51.0 50.0 49.0 48.0 47.0 46.0 45.0 44.0 43.0 42.0 41.0 40.0 39.0 38.0 37.0 36.0 35.0 34.0 33.0 32.0 31.0 30.0 29.0 28.0 27.0 26.0 25.0 24.0 23.0 22.0 21.0 20.0 19.0 18.0 17.0 16.0 15.0 14.0 13.0 12.0 11.0 10.0 9.0 8.0 7.0 6.0 5.0 4.0 3.0 2.0 1.0 0.0 1.0 2.0 3.0 4.0 5.0 6.0 7.0 8.0 9.0 10.0 11.0 12.0 13.0 14.0 15.0 16.0 17.0 18.0 19.0 20.0 21.0 22.0 23.0 24.0 25.0 26.0 27.0 28.0 29.0 30.0 31.0 32.0 33.0 34.0 35.0 36.0 
36.0 37.0 38.0 39.0 40.0 41.0 42.0 43.0 44.0 45.0 46.0 47.0 48.0 49.0 50.0 51.0 52.0 53.0 54.0 55.0 56.0 57.0 58.0 59.0 60.0 61.0 62.0 63.0 64.0 63.0 62.0 61.0 60.0 59.0 58.0 57.0 56.0 55.0 54.0 53.0 52.0 51.0 50.0 49.0 48.0 47.0 46.0 45.0 44.0 43.0 42.0 41.0 40.0 39.0 38.0 37.0 36.0 35.0 34.0 33.0 32.0 31.0 30.0 29.0 28.0 27.0 26.0 25.0 24.0 23.0 22.0 21.0 20.0 19.0 18.0 17.0 16.0 15.0 14.0 13.0 12.0 11.0 10.0 9.0 8.0 7.0 6.0 5.0 4.0 3.0 2.0 1.0 0.0 1.0 2.0 3.0 4.0 5.0 6.0 7.0 8.0 9.0 10.0 11.0 12.0 13.0 14.0 15.0 16.0 17.0 18.0 19.0 20.0 21.0 22.0 23.0 24.0 25.0 26.0 27.0 28.0 29.0 30.0 31.0 32.0 33.0 34.0 35.0 
35.0 36.0 37.0 38.0 39.0 40.0 41.0 42.0 43.0 44.0 45.0 46.0 47.0 48.0 49.0 50.0 51.0 52.0 53.0 54.0 55.0 56.0 57.0 58.0 59.0 60.0 61.0 62.0 63.0 64.0 63.0 62.0 61.0 60.0 59.0 58.0 57.0 56.0 55.0 54.0 53.0 52.0 51.0 50.0 49.0 48.0 47.0 46.0 45.0 44.0 43.0 42.0 41.0 40.0 39.0 38.0 37.0 36.0 35.0 34.0 33.0 32.0 31.0 30.0 29.0 28.0 27.0 26.0 25.0 24.0 23.0 22.0 21.0 20.0 19.0 18.0 17.0 16.0 15.0 14.0 13.0 12.0 11.0 10.0 9.0 8.0 7.0 6.0 5.0 4.0 3.0 2.0 1.0 0.0 1.0 2.0 3.0 4.0 5.0 6.0 7.0 8.0 9.0 10.0 11.0 12.0 13.0 14.0 15.0 16.0 17.0 18.0 19.0 20.0 21.0 22.0 23.0 24.0 25.0 26.0 27.0 28.0 29.0 30.0 31.0 32.0 33.0 34.0 
34.0 35.0 36.0 37.0 38.0 39.0 40.0 41.0 42.0 43.0 44.0 45.0 46.0 47.0 48.0 49.0 50.0 51.0 52.0 53.0 54.0 55.0 56.0 57.0 58.0 59.0 60.0 61.0 62.0 63.0 64.0 63.0 62.0 61.0 60.0 59.0 58.0 57.0 56.0 55.0 54.0 53.0 52.0 51.0 50.0 49.0 48.0 47.0 46.0 45.0 44.0 43.0 42.0 41.0 40.0 39.0 38.0 37.0 36.0 35.0 34.0 33.0 32.0 31.0 30.0 29.0 28.0 27.0 26.0 25.0 24.0 23.0 22.0 21.0 20.0 19.0 18.0 17.0 16.0 15.0 14.0 13.0 12.0 11.0 10.0 9.0 8.0 7.0 6.0 5.0 4.0 3.0 2.0 1.0 0.0 1.0 2.0 3.0 4.0 5.0 6.0 7.0 8.0 9.0 10.0 11.0 12.0 13.0 14.0 15.0 16.0 17.0 18.0 19.0 20.0 21.0 22.0 23.0 24.0 25.0 26.0 27.0 28.0 29.0 30.0 31.0 32.0 33.0 
33.0 34.0 35.0 36.0 37.0 38.0 39.0 40.0 41.0 42.0 43.0 44.0 45.0 46.0 47.0 48.0 49.0 50.0 51.0 52.0 53.0 54.0 55.0 56.0 57.0 58.0 59.0 60.0 61.0 62.0 63.0 64.0 63.0 62.0 61.0 60.0 59.0 58.0 57.0 56.0 55.0 54.0 53.0 52.0 51.0 50.0 49.0 48.0 47.0 46.0 45.0 44.0 43.0 42.0 41.0 40.0 39.0 38.0 37.0 36.0 35.0 34.0 33.0 32.0 31.0 30.0 29.0 28.0 27.0 26.0 25.0 24.0 23.0 22.0 21.0 20.0 19.0 18.0 17.0 16.0 15.0 14.0 13.0 12.0 11.0 10.0 9.0 8.0 7.0 6.0 5.0 4.0 3.0 2.0 1.0 0.0 1.0 2.0 3.0 4.0 5.0 6.0 7.0 8.0 9.0 10.0 11.0 12.0 13.0 14.0 15.0 16.0 17.0 18.0 19.0 20.0 21.0 22.0 23.0 24.0 25.0 26.0 27.0 28.0 29.0 30.0 31.0 32.0 
32.0 33.0 34.0 35.0 36.0 37.0 38.0 39.0 40.0 41.0 42.0 43.0 44.0 45.0 46.0 47.0 48.0 49.0 50.0 51.0 52.0 53.0 54.0 55.0 56.0 57.0 58.0 59.0 60.0 61.0 62.0 63.0 64.0 63.0 62.0 61.0 60.0 59.0 58.0 57.0 56.0 55.0 54.0 53.0 52.0 51.0 50.0 49.0 48.0 47.0 46.0 45.0 44.0 43.0 42.0 41.0 40.0 39.0 38.0 37.0 36.0 35.0 34.0 33.0 32.0 31.0 30.0 29.0 28.0 27.0 26.0 25.0 24.0 23.0 22.0 21.0 20.0 19.0 18.0 17.0 16.0 15.0 14.0 13.0 12.0 11.0 10.0 9.0 8.0 7.0 6.0 5.0 4.0 3.0 2.0 1.0 0.0 1.0 2.0 3.0 4.0 5.0 6.0 7.0 8.0 9.0 10.0 11.0 12.0 13.0 14.0 15.0 16.0 17.0 18.0 19.0 20.0 21.0 22.0 23.0 24.0 25.0 26.0 27.0 28.0 29.0 30.0 31.0 
31.0 32.0 33.0 34.0 35.0 36.0 37.0 38.0 39.0 40.0 41.0 42.0 43.0 44.0 45.0 46.0 47.0 48.0 49.0 50.0 51.0 52.0 53.0 54.0 55.0 56.0 57.0 58.0 59.0 60.0 61.0 62.0 63.0 64.0 63.0 62.0 61.0 60.0 59.0 58.0 57.0 56.0 55.0 54.0 53.0 52.0 51.0 50.0 49.0 48.0 47.0 46.0 45.0 44.0 43.0 42.0 41.0 40.0 39.0 38.0 37.0 36.0 35.0 34.0 33.0 32.0 31.0 30.0 29.0 28.0 27.0 26.0 25.0 24.0 23.0 22.0 21.0 20.0 19.0 18.0 17.0 16.0 15.0 14.0 13.0 12.0 11.0 10.0 9.0 8.0 7.0 6.0 5.0 4.0 3.0 2.0 1.0 0.0 1.0 2.0 3.0 4.0 5.0 6.0 7.0 8.0 9.0 10.0 11.0 12.0 13.0 14.0 15.0 16.0 17.0 18.0 19.0 20.0 21.0 22.0 23.0 24.0 25.0 26.0 27.0 28.0 29.0 30.0 
30.0 31.0 32.0 33.0 34.0 35.0 36.0 37.0 38.0 39.0 40.0 41.0 42.0 43.0 44.0 45.0 46.0 47.0 48.0 49.0 50.0 51.0 52.0 53.0 54.0 55.0 56.0 57.0 58.0 59.0 60.0 61.0 62.0 63.0 64.0 63.0 62.0 61.0 60.0 59.0 58.0 57.0 56.0 55.0 54.0 53.0 52.0 51.0 50.0 49.0 48.0 47.0 46.0 45.0 44.0 43.0 42.0 41.0 40.0 39.0 38.0 37.0 36.0 35.0 34.0 33.0 32.0 31.0 30.0 29.0 28.0 27.0 26.0 25.0 24.0 23.0 22.0 21.0 20.0 19.0 18.0 17.0 16.0 15.0 14.0 13.0 12.0 11.0 10.0 9.0 8.0 7.0 6.0 5.0 4.0 3.0 2.0 1.0 0.0 1.0 2.0 3.0 4.0 5.0 6.0 7.0 8.0 9.0 10.0 11.0 12.0 13.0 14.0 15.0 16.0 17.0 18.0 19.0 20.0 21.0 22.0 23.0 24.0 25.0 26.0 27.0 28.0 29.0 
29.0 30.0 31.0 32.0 33.0 34.0 35.0 36.0 37.0 38.0 39.0 40.0 41.0 42.0 43.0 44.0 45.0 46.0 47.0 48.0 49.0 50.0 51.0 52.0 53.0 54.0 55.0 56.0 57.0 58.0 59.0 60.0 61.0 62.0 63.0 64.0 63.0 62.0 61.0 60.0 59.0 58.0 57.0 56.0 55.0 54.0 53.0 52.0 51.0 50.0 49.0 48.0 47.0 46.0 45.0 44.0 43.0 42.0 41.0 40.0 39.0 38.0 37.0 36.0 35.0 34.0 33.0 32.0 31.0 30.0 29.0 28.0 27.0 26.0 25.0 24.0 23.0 22.0 21.0 20.0 19.0 18.0 17.0 16.0 15.0 14.0 13.0 12.0 11.0 10.0 9.0 8.0 7.0 6.0 5.0 4.0 3.0 2.0 1.0 0.0 1.0 2.0 3.0 4.0 5.0 6.0 7.0 8.0 9.0 10.0 11.0 12.0 13.0 14.0 15.0 16.0 17.0 18.0 19.0 20.0 21.0 22.0 23.0 24.0 25.0 26.0 27.0 28.0 
28.0 29.0 30.0 31.0 32.0 33.0 34.0 35.0 36.0 37.0 38.0 39.0 40.0 41.0 42.0 43.0 44.0 45.0 46.0 47.0 48.0 49.0 50.0 51.0 52.0 53.0 54.0 55.0 56.0 57.0 58.0 59.0 60.0 61.0 62.0 63.0 64.0 63.0 62.0 61.0 60.0 59.0 58.0 57.0 56.0 55.0 54.0 53.0 52.0 51.0 50.0 49.0 48.0 47.0 46.0 45.0 44.0 43.0 42.0 41.0 40.0 39.0 38.0 37.0 36.0 35.0 34.0 33.0 32.0 31.0 30.0 29.0 28.0 27.0 26.0 25.0 24.0 23.0 22.0 21.0 20.0 19.0 18.0 17.0 16.0 15.0 14.0 13.0 12.0 11.0 10.0 9.0 8.0 7.0 6.0 5.0 4.0 3.0 2.0 1.0 0.0 1.0 2.0 3.0 4.0 5.0 6.0 7.0 8.0 9.0 10.0 11.0 12.0 13.0 14.0 15.0 16.0 17.0 18.0 19.0 20.0 21.0 22.0 23.0 24.0 25.0 26.0 27.0 
27.0 28.0 29.0 30.0 31.0 32.0 33.0 34.0 35.0 36.0 37.0 38.0 39.0 40.0 41.0 42.0 43.0 44.0 45.0 46.0 47.0 48.0 49.0 50.0 51.0 52.0 53.0 54.0 55.0 56.0 57.0 58.0 59.0 60.0 61.0 62.0 63.0 64.0 63.0 62.0 61.0 60.0 59.0 58.0 57.0 56.0 55.0 54.0 53.0 52.0 51.0 50.0 49.0 48.0 47.0 46.0 45.0 44.0 43.0 42.0 41.0 40.0 39.0 38.0 37.0 36.0 35.0 34.0 33.0 32.0 31.0 30.0 29.0 28.0 27.0 26.0 25.0 24.0 23.0 22.0 21.0 20.0 19.0 18.0 17.0 16.0 15.0 14.0 13.0 12.0 11.0 10.0 9.0 8.0 7.0 6.0 5.0 4.0 3.0 2.0 1.0 0.0 1.0 2.0 3.0 4.0 5.0 6.0 7.0 8.0 9.0 10.0 11.0 12.0 13.0 14.0 15.0 16.0 17.0 18.0 19.0 20.0 21.0 22.0 23.0 24.0 25.0 26.0 
26.0 27.0 28.0 29.0 30.0 31.0 32.0 33.0 34.0 35.0 36.0 37.0 38.0 39.0 40.0 41.0 42.0 43.0 44.0 45.0 46.0 47.0 48.0 49.0 50.0 51.0 52.0 53.0 54.0 55.0 56.0 57.0 58.0 59.0 60.0 61.0 62.0 63.0 64.0 63.0 62.0 61.0 60.0 59.0 58.0 57.0 56.0 55.0 54.0 53.0 52.0 51.0 50.0 49.0 48.0 47.0 46.0 45.0 44.0 43.0 42.0 41.0 40.0 39.0 38.0 37.0 36.0 35.0 34.0 33.0 32.0 31.0 30.0 29.0 28.0 27.0 26.0 25.0 24.0 23.0 22.0 21.0 20.0 19.0 18.0 17.0 16.0 15.0 14.0 13.0 12.0 11.0 10.0 9.0 8.0 7.0 6.0 5.0 4.0 3.0 2.0 1.0 0.0 1.0 2.0 3.0 4.0 5.0 6.0 7.0 8.0 9.0 10.0 11.0 12.0 13.0 14.0 15.0 16.0 17.0 18.0 19.0 20.0 21.0 22.0 23.0 24.0 25.0 
25.0 26.0 27.0 28.0 29.0 30.0 31.0 32.0 33.0 34.0 35.0 36.0 37.0 38.0 39.0 40.0 41.0 42.0 43.0 44.0 45.0 46.0 47.0 48.0 49.0 50.0 51.0 52.0 53.0 54.0 55.0 56.0 57.0 58.0 59.0 60.0 61.0 62.0 63.0 64.0 63.0 62.0 61.0 60.0 59.0 58.0 57.0 56.0 55.0 54.0 53.0 52.0 51.0 50.0 49.0 48.0 47.0 46.0 45.0 44.0 43.0 42.0 41.0 40.0 39.0 38.0 37.0 36.0 35.0 34.0 33.0 32.0 31.0 30.0 29.0 28.0 27.0 26.0 25.0 24.0 23.0 22.0 21.0 20.0 19.0 18.0 17.0 16.0 15.0 14.0 13.0 12.0 11.0 10.0 9.0 8.0 7.0 6.0 5.0 4.0 3.0 2.0 1.0 0.0 1.0 2.0 3.0 4.0 5.0 6.0 7.0 8.0 9.0 10.0 11.0 12.0 13.0 14.0 15.0 16.0 17.0 18.0 19.0 20.0 21.0 22.0 23.0 24.0 
24.0 25.0 26.0 27.0 28.0 29.0 30.0 31.0 32.0 33.0 34.0 35.0 36.0 37.0 38.0 39.0 40.0 41.0 42.0 43.0 44.0 45.0 46.0 47.0 48.0 49.0 50.0 51.0 52.0 53.0 54.0 55.0 56.0 57.0 58.0 59.0 60.0 61.0 62.0 63.0 64.0 63.0 62.0 61.0 60.0 59.0 58.0 57.0 56.0 55.0 54.0 53.0 52.0 51.0 50.0 49.0 48.0 47.0 46.0 45.0 44.0 43.0 42.0 41.0 40.0 39.0 38.0 37.0 36.0 35.0 34.0 33.0 32.0 31.0 30.0 29.0 28.0 27.0 26.0 25.0 24.0 23.0 22.0 21.0 20.0 19.0 18.0 17.0 16.0 15.0 14.0 13.0 12.0 11.0 10.0 9.0 8.0 7.0 6.0 5.0 4.0 3.0 2.0 1.0 0.0 1.0 2.0 3.0 4.0 5.0 6.0 7.0 8.0 9.0 10.0 11.0 12.0 13.0 14.0 15.0 16.0 17.0 18.0 19.0 20.0 21.0 22.0 23.0 
23.0 24.0 25.0 26.0 27.0 28.0 29.0 30.0 31.0 32.0 33.0 34.0 35.0 36.0 37.0 38.0 39.0 40.0 41.0 42.0 43.0 44.0 45.0 46.0 47.0 48.0 49.0 50.0 51.0 52.0 53.0 54.0 55.0 56.0 57.0 58.0 59.0 60.0 61.0 62.0 63.0 64.0 63.0 62.0 61.0 60.0 59.0 58.0 57.0 56.0 55.0 54.0 53.0 52.0 51.0 50.0 49.0 48.0 47.0 46.0 45.0 44.0 43.0 42.0 41.0 40.0 39.0 38.0 37.0 36.0 35.0 34.0 33.0 32.0 31.0 30.0 29.0 28.0 27.0 26.0 25.0 24.0 23.0 22.0 21.0 20.0 19.0 18.0 17.0 16.0 15.0 14.0 13.0 12.0 11.0 10.0 9.0 8.0 7.0 6.0 5.0 4.0 3.0 2.0 1.0 0.0 1.0 2.0 3.0 4.0 5.0 6.0 7.0 8.0 9.0 10.0 11.0 12.0 13.0 14.0 15.0 16.0 17.0 18.0 19.0 20.0 21.0 22.0 
22.0 23.0 24.0 25.0 26.0 27.0 28.0 29.0 30.0 31.0 32.0 33.0 34.0 35.0 36.0 37.0 38.0 39.0 40.0 41.0 42.0 43.0 44.0 45.0 46.0 47.0 48.0 49.0 50.0 51.0 52.0 53.0 54.0 55.0 56.0 57.0 58.0 59.0 60.0 61.0 62.0 63.0 64.0 63.0 62.0 61.0 60.0 59.0 58.0 57.0 56.0 55.0 54.0 53.0 52.0 51.0 50.0 49.0 48.0 47.0 46.0 45.0 44.0 43.0 42.0 41.0 40.0 39.0 38.0 37.0 36.0 35.0 34.0 33.0 32.0 31.0 30.0 29.0 28.0 27.0 26.0 25.0 24.0 23.0 22.0 21.0 20.0 19.0 18.0 17.0 16.0 15.0 14.0 13.0 12.0 11.0 10.0 9.0 8.0 7.0 6.0 5.0 4.0 3.0 2.0 1.0 0.0 1.0 2.0 3.0 4.0 5.0 6.0 7.0 8.0 9.0 10.0 11.0 12.0 13.0 14.0 15.0 16.0 17.0 18.0 19.0 20.0 21.0 
21.0 22.0 23.0 24.0 25.0 26.0 27.0 28.0 29.0 30.0 31.0 32.0 33.0 34.0 35.0 36.0 37.0 38.0 39.0 40.0 41.0 42.0 43.0 44.0 45.0 46.0 47.0 48.0 49.0 50.0 51.0 52.0 53.0 54.0 55.0 56.0 57.0 58.0 59.0 60.0 61.0 62.0 63.0 64.0 63.0 62.0 61.0 60.0 59.0 58.0 57.0 56.0 55.0 54.0 53.0 52.0 51.0 50.0 49.0 48.0 47.0 46.0 45.0 44.0 43.0 42.0 41.0 40.0 39.0 38.0 37.0 36.0 35.0 34.0 33.0 32.0 31.0 30.0 29.0 28.0 27.0 26.0 25.0 24.0 23.0 22.0 21.0 20.0 19.0 18.0 17.0 16.0 15.0 14.0 13.0 12.0 11.0 10.0 9.0 8.0 7.0 6.0 5.0 4.0 3.0 2.0 1.0 0.0 1.0 2.0 3.0 4.0 5.0 6.0 7.0 8.0 9.0 10.0 11.0 12.0 13.0 14.0 15.0 16.0 17.0 18.0 19.0 20.0 
20.0 21.0 22.0 23.0 24.0 25.0 26.0 27.0 28.0 29.0 30.0 31.0 32.0 33.0 34.0 35.0 36.0 37.0 38.0 39.0 40.0 41.0 42.0 43.0 44.0 45.0 46.0 47.0 48.0 49.0 50.0 51.0 52.0 53.0 54.0 55.0 56.0 57.0 58.0 59.0 60.0 61.0 62.0 63.0 64.0 63.0 62.0 61.0 60.0 59.0 58.0 57.0 56.0 55.0 54.0 53.0 52.0 51.0 50.0 49.0 48.0 47.0 46.0 45.0 44.0 43.0 42.0 41.0 40.0 39.0 38.0 37.0 36.0 35.0 34.0 33.0 32.0 31.0 30.0 29.0 28.0 27.0 26.0 25.0 24.0 23.0 22.0 21.0 20.0 19.0 18.0 17.0 16.0 15.0 14.0 13.0 12.0 11.0 10.0 9.0 8.0 7.0 6.0 5.0 4.0 3.0 2.0 1.0 0.0 1.0 2.0 3.0 4.0 5.0 6.0 7.0 8.0 9.0 10.0 11.0 12.0 13.0 14.0 15.0 16.0 17.0 18.0 19.0 
19.0 20.0 21.0 22.0 23.0 24.0 25.0 26.0 27.0 28.0 29.0 30.0 31.0 32.0 33.0 34.0 35.0 36.0 37.0 38.0 39.0 40.0 41.0 42.0 43.0 44.0 45.0 46.0 47.0 48.0 49.0 50.0 51.0 52.0 53.0 54.0 55.0 56.0 57.0 58.0 59.0 60.0 61.0 62.0 63.0 64.0 63.0 62.0 61.0 60.0 59.0 58.0 57.0 56.0 55.0 54.0 53.0 52.0 51.0 50.0 49.0 48.0 47.0 46.0 45.0 44.0 43.0 42.0 41.0 40.0 39.0 38.0 37.0 36.0 35.0 34.0 33.0 32.0 31.0 30.0 29.0 28.0 27.0 26.0 25.0 24.0 23.0 22.0 21.0 20.0 19.0 18.0 17.0 16.0 15.0 14.0 13.0 12.0 11.0 10.0 9.0 8.0 7.0 6.0 5.0 4.0 3.0 2.0 1.0 0.0 1.0 2.0 3.0 4.0 5.0 6.0 7.0 8.0 9.0 10.0 11.0 12.0 13.0 14.0 15.0 16.0 17.0 18.0 
18.0 19.0 20.0 21.0 22.0 23.0 24.0 25.0 26.0 27.0 28.0 29.0 30.0 31.0 32.0 33.0 34.0 35.0 36.0 37.0 38.0 39.0 40.0 41.0 42.0 43.0 44.0 45.0 46.0 47.0 48.0 49.0 50.0 51.0 52.0 53.0 54.0 55.0 56.0 57.0 58.0 59.0 60.0 61.0 62.0 63.0 64.0 63.0 62.0 61.0 60.0 59.0 58.0 57.0 56.0 55.0 54.0 53.0 52.0 51.0 50.0 49.0 48.0 47.0 46.0 45.0 44.0 43.0 42.0 41.0 40.0 39.0 38.0 37.0 36.0 35.0 34.0 33.0 32.0 31.0 30.0 29.0 28.0 27.0 26.0 25.0 24.0 23.0 22.0 21.0 20.0 19.0 18.0 17.0 16.0 15.0 14.0 13.0 12.0 11.0 10.0 9.0 8.0 7.0 6.0 5.0 4.0 3.0 2.0 1.0 0.0 1.0 2.0 3.0 4.0 5.0 6.0 7.0 8.0 9.0 10.0 11.0 12.0 13.0 14.0 15.0 16.0 17.0 
17.0 18.0 19.0 20.0 21.0 22.0 23.0 24.0 25.0 26.0 27.0 28.0 29.0 30.0 31.0 32.0 33.0 34.0 35.0 36.0 37.0 38.0 39.0 40.0 41.0 42.0 43.0 44.0 45.0 46.0 47.0 48.0 49.0 50.0 51.0 52.0 53.0 54.0 55.0 56.0 57.0 58.0 59.0 60.0 61.0 62.0 63.0 64.0 63.0 62.0 61.0 60.0 59.0 58.0 57.0 56.0 55.0 54.0 53.0 52.0 51.0 50.0 49.0 48.0 47.0 46.0 45.0 44.0 43.0 42.0 41.0 40.0 39.0 38.0 37.0 36.0 35.0 34.0 33.0 32.0 31.0 30.0 29.0 28.0 27.0 26.0 25.0 24.0 23.0 22.0 21.0 20.0 19.0 18.0 17.0 16.0 15.0 14.0 13.0 12.0 11.0 10.0 9.0 8.0 7.0 6.0 5.0 4.0 3.0 2.0 1.0 0.0 1.0 2.0 3.0 4.0 5.0 6.0 7.0 8.0 9.0 10.0 11.0 12.0 13.0 14.0 15.0 16.0 
16.0 17.0 18.0 19.0 20.0 21.0 22.0 23.0 24.0 25.0 26.0 27.0 28.0 29.0 30.0 31.0 32.0 33.0 34.0 35.0 36.0 37.0 38.0 39.0 40.0 41.0 42.0 43.0 44.0 45.0 46.0 47.0 48.0 49.0 50.0 51.0 52.0 53.0 54.0 55.0 56.0 57.0 58.0 59.0 60.0 61.0 62.0 63.0 64.0 63.0 62.0 61.0 60.0 59.0 58.0 57.0 56.0 55.0 54.0 53.0 52.0 51.0 50.0 49.0 48.0 47.0 46.0 45.0 44.0 43.0 42.0 41.0 40.0 39.0 38.0 37.0 36.0 35.0 34.0 33.0 32.0 31.0 30.0 29.0 28.0 27.0 26.0 25.0 24.0 23.0 22.0 21.0 20.0 19.0 18.0 17.0 16.0 15.0 14.0 13.0 12.0 11.0 10.0 9.0 8.0 7.0 6.0 5.0 4.0 3.0 2.0 1.0 0.0 1.0 2.0 3.0 4.0 5.0 6.0 7.0 8.0 9.0 10.0 11.0 12.0 13.0 14.0 15.0 
15.0 16.0 17.0 18.0 19.0 20.0 21.0 22.0 23.0 24.0 25.0 26.0 27.0 28.0 29.0 30.0 31.0 32.0 33.0 34.0 35.0 36.0 37.0 38.0 39.0 40.0 41.0 42.0 43.0 44.0 45.0 46.0 47.0 48.0 49.0 50.0 51.0 52.0 53.0 54.0 55.0 56.0 57.0 58.0 59.0 60.0 61.0 62.0 63.0 64.0 63.0 62.0 61.0 60.0 59.0 58.0 57.0 56.0 55.0 54.0 53.0 52.0 51.0 50.0 49.0 48.0 47.0 46.0 45.0 44.0 43.0 42.0 41.0 40.0 39.0 38.0 37.0 36.0 35.0 34.0 33.0 32.0 31.0 30.0 29.0 28.0 27.0 26.0 25.0 24.0 23.0 22.0 21.0 20.0 19.0 18.0 17.0 16.0 15.0 14.0 13.0 12.0 11.0 10.0 9.0 8.0 7.0 6.0 5.0 4.0 3.0 2.0 1.0 0.0 1.0 2.0 3.0 4.0 5.0 6.0 7.0 8.0 9.0 10.0 11.0 12.0 13.0 14.0 
14.0 15.0 16.0 17.0 18.0 19.0 20.0 21.0 22.0 23.0 24.0 25.0 26.0 27.0 28.0 29.0 30.0 31.0 32.0 33.0 34.0 35.0 36.0 37.0 38.0 39.0 40.0 41.0 42.0 43.0 44.0 45.0 46.0 47.0 48.0 49.0 50.0 51.0 52.0 53.0 54.0 55.0 56.0 57.0 58.0 59.0 60.0 61.0 62.0 63.0 64.0 63.0 62.0 61.0 60.0 59.0 58.0 57.0 56.0 55.0 54.0 53.0 52.0 51.0 50.0 49.0 48.0 47.0 46.0 45.0 44.0 43.0 42.0 41.0 40.0 39.0 38.0 37.0 36.0 35.0 34.0 33.0 32.0 31.0 30.0 29.0 28.0 27.0 26.0 25.0 24.0 23.0 22.0 21.0 20.0 19.0 18.0 17.0 16.0 15.0 14.0 13.0 12.0 11.0 10.0 9.0 8.0 7.0 6.0 5.0 4.0 3.0 2.0 1.0 0.0 1.0 2.0 3.0 4.0 5.0 6.0 7.0 8.0 9.0 10.0 11.0 12.0 13.0 
13.0 14.0 15.0 16.0 17.0 18.0 19.0 20.0 21.0 22.0 23.0 24.0 25.0 26.0 27.0 28.0 29.0 30.0 31.0 32.0 33.0 34.0 35.0 36.0 37.0 38.0 39.0 40.0 41.0 42.0 43.0 44.0 45.0 46.0 47.0 48.0 49.0 50.0 51.0 52.0 53.0 54.0 55.0 56.0 57.0 58.0 59.0 60.0 61.0 62.0 63.0 64.0 63.0 62.0 61.0 60.0 59.0 58.0 57.0 56.0 55.0 54.0 53.0 52.0 51.0 50.0 49.0 48.0 47.0 46.0 45.0 44.0 43.0 42.0 41.0 40.0 39.0 38.0 37.0 36.0 35.0 34.0 33.0 32.0 31.0 30.0 29.0 28.0 27.0 26.0 25.0 24.0 23.0 22.0 21.0 20.0 19.0 18.0 17.0 16.0 15.0 14.0 13.0 12.0 11.0 10.0 9.0 8.0 7.0 6.0 5.0 4.0 3.0 2.0 1.0 0.0 1.0 2.0 3.0 4.0 5.0 6.0 7.0 8.0 9.0 10.0 11.0 12.0 
12.0 13.0 14.0 15.0 16.0 17.0 18.0 19.0 20.0 21.0 22.0 23.0 24.0 25.0 26.0 27.0 28.0 29.0 30.0 31.0 32.0 33.0 34.0 35.0 36.0 37.0 38.0 39.0 40.0 41.0 42.0 43.0 44.0 45.0 46.0 47.0 48.0 49.0 50.0 51.0 52.0 53.0 54.0 55.0 56.0 57.0 58.0 59.0 60.0 61.0 62.0 63.0 64.0 63.0 62.0 61.0 60.0 59.0 58.0 57.0 56.0 55.0 54.0 53.0 52.0 51.0 50.0 49.0 48.0 47.0 46.0 45.0 44.0 43.0 42.0 41.0 40.0 39.0 38.0 37.0 36.0 35.0 34.0 33.0 32.0 31.0 30.0 29.0 28.0 27.0 26.0 25.0 24.0 23.0 22.0 21.0 20.0 19.0 18.0 17.0 16.0 15.0 14.0 13.0 12.0 11.0 10.0 9.0 8.0 7.0 6.0 5.0 4.0 3.0 2.0 1.0 0.0 1.0 2.0 3.0 4.0 5.0 6.0 7.0 8.0 9.0 10.0 11.0 
11.0 12.0 13.0 14.0 15.0 16.0 17.0 18.0 19.0 20.0 21.0 22.0 23.0 24.0 25.0 26.0 27.0 28.0 29.0 30.0 31.0 32.0 33.0 34.0 35.0 36.0 37.0 38.0 39.0 40.0 41.0 42.0 43.0 44.0 45.0 46.0 47.0 48.0 49.0 50.0 51.0 52.0 53.0 54.0 55.0 56.0 57.0 58.0 59.0 60.0 61.0 62.0 63.0 64.0 63.0 62.0 61.0 60.0 59.0 58.0 57.0 56.0 55.0 54.0 53.0 52.0 51.0 50.0 49.0 48.0 47.0 46.0 45.0 44.0 43.0 42.0 41.0 40.0 39.0 38.0 37.0 36.0 35.0 34.0 33.0 32.0 31.0 30.0 29.0 28.0 27.0 26.0 25.0 24.0 23.0 22.0 21.0 20.0 19.0 18.0 17.0 16.0 15.0 14.0 13.0 12.0 11.0 10.0 9.0 8.0 7.0 6.0 5.0 4.0 3.0 2.0 1.0 0.0 1.0 2.0 3.0 4.0 5.0 6.0 7.0 8.0 9.0 10.0 
10.0 11.0 12.0 13.0 14.0 15.0 16.0 17.0 18.0 19.0 20.0 21.0 22.0 23.0 24.0 25.0 26.0 27.0 28.0 29.0 30.0 31.0 32.0 33.0 34.0 35.0 36.0 37.0 38.0 39.0 40.0 41.0 42.0 43.0 44.0 45.0 46.0 47.0 48.0 49.0 50.0 51.0 52.0 53.0 54.0 55.0 56.0 57.0 58.0 59.0 60.0 61.0 62.0 63.0 64.0 63.0 62.0 61.0 60.0 59.0 58.0 57.0 56.0 55.0 54.0 53.0 52.0 51.0 50.0 49.0 48.0 47.0 46.0 45.0 44.0 43.0 42.0 41.0 40.0 39.0 38.0 37.0 36.0 35.0 34.0 33.0 32.0 31.0 30.0 29.0 28.0 27.0 26.0 25.0 24.0 23.0 22.0 21.0 20.0 19.0 18.0 17.0 16.0 15.0 14.0 13.0 12.0 11.0 10.0 9.0 8.0 7.0 6.0 5.0 4.0 3.0 2.0 1.0 0.0 1.0 2.0 3.0 4.0 5.0 6.0 7.0 8.0 9.0 
9.0 10.0 11.0 12.0 13.0 14.0 15.0 16.0 17.0 18.0 19.0 20.0 21.0 22.0 23.0 24.0 25.0 26.0 27.0 28.0 29.0 30.0 31.0 32.0 33.0 34.0 35.0 36.0 37.0 38.0 39.0 40.0 41.0 42.0 43.0 44.0 45.0 46.0 47.0 48.0 49.0 50.0 51.0 52.0 53.0 54.0 55.0 56.0 57.0 58.0 59.0 60.0 61.0 62.0 63.0 64.0 63.0 62.0 61.0 60.0 59.0 58.0 57.0 56.0 55.0 54.0 53.0 52.0 51.0 50.0 49.0 48.0 47.0 46.0 45.0 44.0 43.0 42.0 41.0 40.0 39.0 38.0 37.0 36.0 35.0 34.0 33.0 32.0 31.0 30.0 29.0 28.0 27.0 26.0 25.0 24.0 23.0 22.0 21.0 20.0 19.0 18.0 17.0 16.0 15.0 14.0 13.0 12.0 11.0 10.0 9.0 8.0 7.0 6.0 5.0 4.0 3.0 2.0 1.0 0.0 1.0 2.0 3.0 4.0 5.0 6.0 7.0 8.0 
8.0 9.0 10.0 11.0 12.0 13.0 14.0 15.0 16.0 17.0 18.0 19.0 20.0 21.0 22.0 23.0 24.0 25.0 26.0 27.0 28.0 29.0 30.0 31.0 32.0 33.0 34.0 35.0 36.0 37.0 38.0 39.0 40.0 41.0 42.0 43.0 44.0 45.0 46.0 47.0 48.0 49.0 50.0 51.0 52.0 53.0 54.0 55.0 56.0 57.0 58.0 59.0 60.0 61.0 62.0 63.0 64.0 63.0 62.0 61.0 60.0 59.0 58.0 57.0 56.0 55.0 54.0 53.0 52.0 51.0 50.0 49.0 48.0 47.0 46.0 45.0 44.0 43.0 42.0 41.0 40.0 39.0 38.0 37.0 36.0 35.0 34.0 33.0 32.0 31.0 30.0 29.0 28.0 27.0 26.0 25.0 24.0 23.0 22.0 21.0 20.0 19.0 18.0 17.0 16.0 15.0 14.0 13.0 12.0 11.0 10.0 9.0 8.0 7.0 6.0 5.0 4.0 3.0 2.0 1.0 0.0 1.0 2.0 3.0 4.0 5.0 6.0 7.0 
7.0 8.0 9.0 10.0 11.0 12.0 13.0 14.0 15.0 16.0 17.0 18.0 19.0 20.0 21.0 22.0 23.0 24.0 25.0 26.0 27.0 28.0 29.0 30.0 31.0 32.0 33.0 34.0 35.0 36.0 37.0 38.0 39.0 40.0 41.0 42.0 43.0 44.0 45.0 46.0 47.0 48.0 49.0 50.0 51.0 52.0 53.0 54.0 55.0 56.0 57.0 58.0 59.0 60.0 61.0 62.0 63.0 64.0 63.0 62.0 61.0 60.0 59.0 58.0 57.0 56.0 55.0 54.0 53.0 52.0 51.0 50.0 49.0 48.0 47.0 46.0 45.0 44.0 43.0 42.0 41.0 40.0 39.0 38.0 37.0 36.0 35.0 34.0 33.0 32.0 31.0 30.0 29.0 28.0 27.0 26.0 25.0 24.0 23.0 22.0 21.0 20.0 19.0 18.0 17.0 16.0 15.0 14.0 13.0 12.0 11.0 10.0 9.0 8.0 7.0 6.0 5.0 4.0 3.0 2.0 1.0 0.0 1.0 2.0 3.0 4.0 5.0 6.0 
6.0 7.0 8.0 9.0 10.0 11.0 12.0 13.0 14.0 15.0 16.0 17.0 18.0 19.0 20.0 21.0 22.0 23.0 24.0 25.0 26.0 27.0 28.0 29.0 30.0 31.0 32.0 33.0 34.0 35.0 36.0 37.0 38.0 39.0 40.0 41.0 42.0 43.0 44.0 45.0 46.0 47.0 48.0 49.0 50.0 51.0 52.0 53.0 54.0 55.0 56.0 57.0 58.0 59.0 60.0 61.0 62.0 63.0 64.0 63.0 62.0 61.0 60.0 59.0 58.0 57.0 56.0 55.0 54.0 53.0 52.0 51.0 50.0 49.0 48.0 47.0 46.0 45.0 44.0 43.0 42.0 41.0 40.0 39.0 38.0 37.0 36.0 35.0 34.0 33.0 32.0 31.0 30.0 29.0 28.0 27.0 26.0 25.0 24.0 23.0 22.0 21.0 20.0 19.0 18.0 17.0 16.0 15.0 14.0 13.0 12.0 11.0 10.0 9.0 8.0 7.0 6.0 5.0 4.0 3.0 2.0 1.0 0.0 1.0 2.0 3.0 4.0 5.0 
5.0 6.0 7.0 8.0 9.0 10.0 11.0 12.0 13.0 14.0 15.0 16.0 17.0 18.0 19.0 20.0 21.0 22.0 23.0 24.0 25.0 26.0 27.0 28.0 29.0 30.0 31.0 32.0 33.0 34.0 35.0 36.0 37.0 38.0 39.0 40.0 41.0 42.0 43.0 44.0 45.0 46.0 47.0 48.0 49.0 50.0 51.0 52.0 53.0 54.0 55.0 56.0 57.0 58.0 59.0 60.0 61.0 62.0 63.0 64.0 63.0 62.0 61.0 60.0 59.0 58.0 57.0 56.0 55.0 54.0 53.0 52.0 51.0 50.0 49.0 48.0 47.0 46.0 45.0 44.0 43.0 42.0 41.0 40.0 39.0 38.0 37.0 36.0 35.0 34.0 33.0 32.0 31.0 30.0 29.0 28.0 27.0 26.0 25.0 24.0 23.0 22.0 21.0 20.0 19.0 18.0 17.0 16.0 15.0 14.0 13.0 12.0 11.0 10.0 9.0 8.0 7.0 6.0 5.0 4.0 3.0 2.0 1.0 0.0 1.0 2.0 3.0 4.0 
4.0 5.0 6.0 7.0 8.0 9.0 10.0 11.0 12.0 13.0 14.0 15.0 16.0 17.0 18.0 19.0 20.0 21.0 22.0 23.0 24.0 25.0 26.0 27.0 28.0 29.0 30.0 31.0 32.0 33.0 34.0 35.0 36.0 37.0 38.0 39.0 40.0 41.0 42.0 43.0 44.0 45.0 46.0 47.0 48.0 49.0 50.0 51.0 52.0 53.0 54.0 55.0 56.0 57.0 58.0 59.0 60.0 61.0 62.0 63.0 64.0 63.0 62.0 61.0 60.0 59.0 58.0 57.0 56.0 55.0 54.0 53.0 52.0 51.0 50.0 49.0 48.0 47.0 46.0 45.0 44.0 43.0 42.0 41.0 40.0 39.0 38.0 37.0 36.0 35.0 34.0 33.0 32.0 31.0 30.0 29.0 28.0 27.0 26.0 25.0 24.0 23.0 22.0 21.0 20.0 19.0 18.0 17.0 16.0 15.0 14.0 13.0 12.0 11.0 10.0 9.0 8.0 7.0 6.0 5.0 4.0 3.0 2.0 1.0 0.0 1.0 2.0 3.0 
3.0 4.0 5.0 6.0 7.0 8.0 9.0 10.0 11.0 12.0 13.0 14.0 15.0 16.0 17.0 18.0 19.0 20.0 21.0 22.0 23.0 24.0 25.0 26.0 27.0 28.0 29.0 30.0 31.0 32.0 33.0 34.0 35.0 36.0 37.0 38.0 39.0 40.0 41.0 42.0 43.0 44.0 45.0 46.0 47.0 48.0 49.0 50.0 51.0 52.0 53.0 54.0 55.0 56.0 57.0 58.0 59.0 60.0 61.0 62.0 63.0 64.0 63.0 62.0 61.0 60.0 59.0 58.0 57.0 56.0 55.0 54.0 53.0 52.0 51.0 50.0 49.0 48.0 47.0 46.0 45.0 44.0 43.0 42.0 41.0 40.0 39.0 38.0 37.0 36.0 35.0 34.0 33.0 32.0 31.0 30.0 29.0 28.0 27.0 26.0 25.0 24.0 23.0 22.0 21.0 20.0 19.0 18.0 17.0 16.0 15.0 14.0 13.0 12.0 11.0 10.0 9.0 8.0 7.0 6.0 5.0 4.0 3.0 2.0 1.0 0.0 1.0 2.0 
2.0 3.0 4.0 5.0 6.0 7.0 8.0 9.0 10.0 11.0 12.0 13.0 14.0 15.0 16.0 17.0 18.0 19.0 20.0 21.0 22.0 23.0 24.0 25.0 26.0 27.0 28.0 29.0 30.0 31.0 32.0 33.0 34.0 35.0 36.0 37.0 38.0 39.0 40.0 41.0 42.0 43.0 44.0 45.0 46.0 47.0 48.0 49.0 50.0 51.0 52.0 53.0 54.0 55.0 56.0 57.0 58.0 59.0 60.0 61.0 62.0 63.0 64.0 63.0 62.0 61.0 60.0 59.0 58.0 57.0 56.0 55.0 54.0 53.0 52.0 51.0 50.0 49.0 48.0 47.0 46.0 45.0 44.0 43.0 42.0 41.0 40.0 39.0 38.0 37.0 36.0 35.0 34.0 33.0 32.0 31.0 30.0 29.0 28.0 27.0 26.0 25.0 24.0 23.0 22.0 21.0 20.0 19.0 18.0 17.0 16.0 15.0 14.0 13.0 12.0 11.0 10.0 9.0 8.0 7.0 6.0 5.0 4.0 3.0 2.0 1.0 0.0 1.0 
1.0 2.0 3.0 4.0 5.0 6.0 7.0 8.0 9.0 10.0 11.0 12.0 13.0 14.0 15.0 16.0 17.0 18.0 19.0 20.0 21.0 22.0 23.0 24.0 25.0 26.0 27.0 28.0 29.0 30.0 31.0 32.0 33.0 34.0 35.0 36.0 37.0 38.0 39.0 40.0 41.0 42.0 43.0 44.0 45.0 46.0 47.0 48.0 49.0 50.0 51.0 52.0 53.0 54.0 55.0 56.0 57.0 58.0 59.0 60.0 61.0 62.0 63.0 64.0 63.0 62.0 61.0 60.0 59.0 58.0 57.0 56.0 55.0 54.0 53.0 52.0 51.0 50.0 49.0 48.0 47.0 46.0 45.0 44.0 43.0 42.0 41.0 40.0 39.0 38.0 37.0 36.0 35.0 34.0 33.0 32.0 31.0 30.0 29.0 28.0 27.0 26.0 25.0 24.0 23.0 22.0 21.0 20.0 19.0 18.0 17.0 16.0 15.0 14.0 13.0 12.0 11.0 10.0 9.0 8.0 7.0 6.0 5.0 4.0 3.0 2.0 1.0 0.0 