128
83 95 74 73 71 37 99 24 57 40 41 13 3 28 87 64 38 94 64 26 18 17 38 43 56 55 16 83 59 16 85 47 85 68 90 46 3 51 81 98 61 63 5 4 6 22 1 8 13 33 67 31 31 51 45 97 81 53 34 73 24 29 21 36 83 7 91 46 4 24 85 74 59 44 97 92 1 51 74 10 52 99 46 33 8 23 68 58 44 80 38 10 30 78 95 47 68 7 37 60 15 54 47 30 10 69 52 19 12 72 57 60 94 7 88 22 91 21 3 44 47 10 63 7 36 61 31 63 
25 22 83 55 38 12 19 48 13 42 83 75 19 27 32 1 86 12 62 20 40 76 100 83 92 69 51 20 75 47 75 39 10 67 59 100 27 64 97 68 63 18 40 99 30 81 13 36 46 98 70 85 70 91 45 95 58 8 30 86 42 8 29 6 22 15 26 86 67 12 44 30 90 51 13 62 22 48 99 90 56 91 74 69 63 70 11 70 32 29 23 52 21 19 7 7 52 84 84 26 36 8 94 32 75 91 12 58 82 88 10 36 18 84 88 19 27 63 52 54 43 5 66 56 93 44 98 32 
8 42 53 91 47 58 69 41 48 55 54 93 7 57 18 53 69 13 49 40 58 74 71 14 43 58 2 42 33 98 92 52 81 35 44 56 85 28 19 53 41 20 25 69 14 36 22 2 56 33 92 87 56 62 61 31 3 18 58 88 60 78 57 90 52 43 23 35 10 29 10 93 81 66 4 9 51 21 19 45 1 66 76 45 3 62 75 5 87 33 51 57 60 53 28 22 6 76 63 44 22 17 16 20 95 37 68 2 69 55 66 75 54 41 26 95 100 90 53 94 15 89 41 54 56 71 64 60 
87 12 20 76 33 100 83 65 70 12 71 84 82 73 38 23 42 82 76 5 100 42 16 39 44 31 23 84 86 79 7 60 30 13 52 7 63 55 53 67 35 67 34 79 90 7 3 35 23 4 97 32 21 53 91 33 22 36 97 89 47 26 65 54 79 56 95 80 94 14 96 43 85 29 12 95 55 65 12 5 89 45 29 34 81 20 42 63 6 11 23 58 70 24 41 25 4 93 65 30 71 42 47 16 45 56 22 93 62 80 15 96 51 3 94 75 28 72 56 59 28 96 10 34 46 91 37 32 
24 9 45 10 64 60 23 66 70 38 100 60 61 46 92 42 78 29 55 35 56 59 59 15 38 58 17 94 96 11 44 79 55 94 87 59 18 28 43 27 91 77 10 65 98 47 25 86 65 76 31 8 29 74 52 47 16 11 94 88 54 11 27 8 25 45 43 88 4 1 84 34 19 50 24 42 23 30 9 42 57 64 92 8 90 46 75 84 25 94 79 88 71 38 74 62 84 21 67 90 88 47 47 61 67 22 90 84 58 87 80 42 50 15 64 88 73 50 84 94 77 99 3 72 96 10 22 21 
42 57 56 34 10 20 16 97 67 14 87 11 1 31 8 2 52 61 87 84 38 13 6 53 44 26 32 80 24 44 35 95 14 55 16 56 70 3 68 63 94 47 6 33 18 99 14 93 14 10 58 1 39 8 56 62 5 94 90 52 64 60 59 36 16 21 2 62 46 70 25 89 60 59 48 20 28 42 1 92 56 91 69 73 96 83 64 49 70 63 24 11 67 47 75 67 45 7 50 50 39 5 43 51 82 91 98 12 45 30 72 96 22 96 34 51 45 87 91 24 5 73 60 74 41 36 34 48 
73 86 34 39 39 16 26 82 94 87 1 71 59 65 75 44 29 77 50 77 14 75 7 30 7 69 43 33 96 52 94 100 19 27 94 26 41 59 2 55 1 20 13 24 82 22 60 25 14 66 43 13 60 53 60 89 30 24 86 24 52 75 90 35 93 45 12 38 61 90 32 28 10 49 14 44 12 14 48 22 85 96 77 2 57 56 95 50 96 13 90 4 40 58 8 8 43 6 35 3 23 88 3 76 81 48 75 41 73 82 61 42 91 41 51 37 13 31 43 58 52 87 86 99 2 77 100 46 
83 73 26 38 56 93 5 95 31 82 93 46 29 4 23 53 6 14 37 19 39 62 98 36 44 26 69 42 60 41 54 38 78 18 95 44 89 94 94 65 8 25 25 34 62 2 60 73 49 21 7 74 70 83 39 32 44 82 75 87 99 94 24 23 74 36 1 39 47 77 78 27 23 52 58 54 54 2 6 27 88 1 65 6 27 71 95 20 91 32 3 14 73 72 97 59 83 95 18 99 92 24 25 49 51 71 25 60 54 85 75 31 32 22 47 32 53 28 57 85 13 23 26 88 44 78 13 70 
87 48 71 14 98 38 1 46 58 33 43 62 80 76 51 18 44 49 14 91 11 98 69 25 92 55 89 42 73 100 99 69 61 1 87 15 72 74 35 50 14 61 4 1 65 63 49 87 2 60 39 41 29 31 89 24 30 31 61 47 74 39 90 82 47 44 36 65 71 99 92 13 63 98 17 72 16 40 12 46 88 6 81 83 60 66 51 87 24 96 94 46 85 52 58 8 65 59 18 21 60 46 68 92 97 38 50 38 88 68 68 63 69 17 53 41 41 19 85 50 6 19 43 19 22 5 72 94 
9 55 31 53 9 12 61 58 63 72 36 36 20 31 55 30 54 45 88 8 49 59 14 36 85 1 94 74 62 48 6 98 21 39 74 19 27 15 59 88 88 76 86 86 14 86 69 97 17 93 92 58 70 97 41 48 34 9 32 65 18 30 34 89 45 37 16 47 84 20 21 57 7 50 8 92 24 98 39 58 83 43 25 7 29 91 74 95 31 99 21 38 30 83 85 27 1 72 6 69 2 86 32 55 74 59 68 18 30 88 24 29 89 3 20 92 26 78 45 44 33 84 45 46 27 13 50 19 
87 33 63 21 62 39 44 58 9 56 93 53 97 94 62 35 95 87 16 9 58 8 16 79 92 24 75 86 53 83 100 37 37 49 80 72 29 98 80 29 17 51 94 7 8 62 79 26 1 81 14 28 19 17 8 8 25 77 24 90 71 59 97 96 36 65 39 73 58 66 29 100 23 61 55 76 16 83 42 3 75 77 47 71 83 37 41 28 14 45 79 20 62 72 26 33 67 70 55 43 2 80 77 10 31 79 6 98 12 91 54 53 49 54 82 4 86 72 80 23 87 95 95 91 13 19 55 21 
45 5 85 4 38 81 88 63 40 52 97 91 94 10 80 4 4 69 60 40 82 80 50 97 59 32 36 47 26 32 4 44 1 69 21 93 86 21 89 63 24 32 3 22 1 89 87 58 30 67 24 55 34 65 89 58 99 25 76 27 43 55 49 10 24 62 48 42 59 60 65 86 63 94 39 6 65 87 80 43 55 71 45 45 35 6 11 70 12 97 73 20 90 58 2 21 91 31 6 91 3 66 41 20 43 37 91 59 61 69 97 48 85 38 7 48 28 20 12 72 32 7 3 9 51 83 62 28 
67 35 18 14 32 97 26 49 34 70 50 75 37 44 15 49 52 41 33 53 70 23 82 51 13 45 87 38 35 81 13 68 81 41 18 96 90 36 11 58 65 50 74 88 41 48 63 36 50 39 59 12 8 37 94 45 3 89 19 11 39 30 69 50 6 53 31 43 14 17 5 11 22 37 52 61 50 29 60 48 72 91 67 100 58 100 62 52 13 66 73 82 83 70 68 34 85 54 65 30 90 98 6 70 100 78 83 26 58 64 14 64 24 59 80 35 23 1 49 77 16 70 56 62 88 69 78 5 
51 57 22 78 27 12 13 70 87 96 87 73 95 94 70 31 19 17 43 22 53 44 74 31 55 3 92 3 7 87 89 100 86 12 94 92 13 86 7 59 95 63 40 38 53 8 39 9 8 86 39 74 34 37 60 50 84 81 9 98 94 75 3 57 87 27 3 60 24 45 82 23 85 94 74 23 87 99 14 44 78 29 61 98 100 71 17 76 47 83 44 40 86 30 25 24 61 87 91 31 37 24 55 4 39 52 65 21 84 84 88 13 80 80 23 5 83 33 35 67 1 42 18 63 9 21 51 11 
87 79 35 41 23 77 37 97 34 31 53 86 8 12 32 81 5 63 86 4 6 51 1 64 53 41 41 24 84 48 41 40 24 26 60 9 3 61 81 99 51 15 70 62 74 59 30 24 49 89 59 19 83 39 42 41 5 25 99 33 42 78 66 93 42 51 24 80 73 58 22 76 30 65 98 74 53 30 100 25 47 56 3 65 45 46 27 74 52 21 11 91 54 7 30 9 100 92 78 31 61 3 95 33 7 100 98 62 30 16 93 67 62 81 47 70 69 4 71 81 54 92 92 11 87 66 16 48 
14 81 15 100 50 45 34 80 71 77 66 99 91 74 50 38 87 60 16 85 64 57 60 65 65 79 32 72 99 21 32 52 82 49 24 11 19 48 38 20 51 73 51 57 65 23 17 20 12 87 71 18 25 1 2 21 84 32 51 27 99 46 90 91 100 57 99 39 22 39 24 38 34 79 8 75 62 60 70 67 98 5 62 66 100 32 63 77 26 34 72 66 44 87 78 70 8 1 76 42 78 3 4 17 13 54 48 6 86 62 33 42 49 50 12 83 79 32 97 58 93 13 66 75 3 79 86 54 
13 22 60 85 52 25 94 70 22 80 32 53 22 13 77 55 23 50 39 8 25 72 41 67 86 22 69 96 82 47 2 58 63 41 5 58 38 95 3 87 66 61 5 33 41 41 58 73 92 60 86 43 7 63 28 33 19 1 68 59 43 37 82 62 26 92 8 46 93 1 48 73 87 82 64 39 75 58 79 58 88 82 81 56 3 92 69 24 44 40 9 41 19 57 81 48 12 1 4 10 74 46 74 10 64 24 22 57 46 28 44 66 69 45 5 40 89 59 67 96 40 69 25 67 88 74 76 3 
65 5 46 97 74 1 69 82 48 22 85 32 14 51 58 4 36 8 15 100 56 77 16 53 88 66 39 30 39 5 54 37 7 36 92 21 98 6 9 82 3 23 19 79 33 81 53 34 33 14 57 1 63 15 89 30 77 64 11 59 66 21 11 41 68 100 73 2 57 95 39 77 78 99 58 71 36 26 66 14 84 77 74 60 25 47 51 42 77 12 20 80 41 82 96 98 67 100 54 36 84 29 31 32 99 86 18 89 21 45 52 15 58 99 25 33 69 97 80 68 39 23 78 20 61 35 6 72 
45 19 92 22 22 28 46 76 71 98 23 38 51 1 62 45 35 1 45 90 52 1 11 46 1 99 6 38 38 16 16 48 1 14 69 4 8 30 53 85 79 69 11 44 96 48 48 74 2 78 65 67 21 93 82 77 18 6 97 70 71 77 94 92 82 100 45 3 2 69 9 91 31 51 73 92 53 27 68 77 1 26 10 73 15 34 2 35 70 62 55 48 94 86 98 42 39 81 84 99 46 77 24 98 8 9 83 96 49 19 31 72 9 66 6 12 9 96 44 61 65 34 54 23 14 76 30 51 
18 72 55 3 40 88 45 30 46 63 82 56 20 20 71 9 91 35 21 5 52 80 4 70 36 84 58 89 54 30 98 98 33 73 66 29 26 94 82 83 13 46 37 94 78 33 78 54 44 96 63 77 4 96 41 89 72 38 18 9 8 38 22 84 53 29 46 3 81 85 71 88 98 26 97 86 24 36 41 47 78 13 1 41 6 34 55 32 67 51 77 98 58 71 69 76 6 41 24 47 46 17 91 59 87 99 43 91 1 66 81 49 30 52 55 45 76 65 71 52 91 63 62 68 12 9 88 73 
53 7 71 61 100 37 77 17 67 43 41 100 84 53 54 23 33 45 51 28 54 88 64 13 58 95 69 76 90 39 98 53 60 8 56 71 63 100 78 27 93 70 100 23 90 46 63 22 78 87 13 99 6 95 45 50 14 100 1 52 24 21 27 11 65 99 63 30 52 89 26 92 58 61 57 82 18 81 96 3 9 47 57 8 40 59 70 7 6 42 27 64 97 83 95 8 97 62 59 21 79 36 38 95 67 43 74 33 54 66 64 38 41 15 67 93 48 77 46 95 30 88 60 1 86 81 68 50 
49 79 83 18 65 1 36 49 74 26 72 46 29 36 24 57 13 45 3 51 4 51 1 58 90 46 6 87 4 79 41 59 24 83 50 63 54 69 27 86 36 5 90 48 98 26 65 24 79 56 50 69 15 1 76 40 88 43 100 28 25 64 34 80 65 52 33 42 46 20 46 20 62 10 28 41 52 14 33 86 87 90 14 57 13 52 85 12 7 22 80 46 45 99 61 76 72 68 32 24 24 38 67 76 49 68 61 72 80 35 79 42 4 60 79 45 43 7 7 37 27 59 65 35 36 64 52 19 
54 1 37 1 3 43 47 73 73 58 72 25 51 39 19 99 47 83 5 74 100 14 73 19 72 4 34 100 62 6 28 7 29 23 71 37 28 73 25 67 44 50 83 24 58 15 44 100 10 20 23 8 28 93 71 80 51 9 5 36 79 15 57 90 89 86 59 61 85 28 36 51 52 47 22 54 81 26 5 3 96 78 23 59 90 91 71 84 47 76 14 67 23 59 7 40 84 20 2 71 63 3 30 5 28 41 97 70 78 61 45 77 77 35 1 85 91 19 43 81 76 76 97 92 79 37 6 54 
57 45 33 9 10 81 22 20 70 46 79 54 58 30 98 4 63 41 77 100 24 13 87 74 50 39 72 44 41 81 39 1 69 12 35 52 49 4 37 36 69 61 53 19 95 51 12 52 33 37 39 18 13 10 5 57 2 44 66 1 62 31 73 39 34 16 33 54 41 37 23 85 65 100 79 95 31 71 76 71 30 93 62 92 65 28 47 26 13 4 16 25 36 33 30 6 53 59 47 86 8 6 98 21 79 24 26 11 94 59 17 17 6 24 72 45 3 75 41 25 28 82 46 22 74 41 39 86 
7 98 36 66 48 3 97 12 62 51 3 82 97 71 22 93 15 88 28 64 2 77 20 55 42 79 38 29 92 15 11 91 63 23 88 52 51 15 2 45 77 55 81 21 50 86 42 47 96 82 84 7 10 6 3 40 81 32 32 59 22 89 41 1 47 64 21 82 49 25 78 33 11 78 64 97 60 61 46 49 50 21 74 44 65 85 84 9 16 68 77 64 96 57 68 64 49 66 28 72 92 43 25 37 53 25 35 79 3 67 79 24 13 29 99 63 47 66 68 40 22 35 12 80 30 34 82 71 
45 47 52 52 43 50 8 57 87 75 61 77 6 80 36 62 28 68 19 74 69 34 5 29 53 57 28 28 78 46 34 78 45 10 43 64 81 8 51 1 96 93 32 54 82 30 9 28 13 6 67 83 75 83 71 64 24 21 88 92 48 75 29 8 53 49 80 18 76 95 59 35 69 3 3 89 93 65 63 56 30 25 57 98 28 40 82 74 52 89 55 29 11 13 55 53 77 53 85 4 61 36 91 93 36 80 12 31 36 13 92 27 69 9 99 62 25 46 18 88 68 50 96 4 50 26 57 17 
21 30 46 55 79 88 18 18 93 50 91 43 9 28 54 8 45 7 80 35 80 77 84 82 3 80 40 37 74 13 9 25 8 62 91 97 73 39 89 10 74 43 90 96 67 11 16 95 97 21 3 61 22 68 79 10 89 10 98 99 88 68 48 100 2 76 39 55 98 36 8 96 72 86 57 18 23 55 44 23 73 28 35 13 43 71 59 93 54 72 12 52 69 92 22 72 64 37 86 53 2 33 31 9 30 36 29 43 58 75 31 47 59 1 43 37 13 62 39 17 42 45 75 37 98 99 75 85 
61 49 4 2 72 70 63 66 81 39 10 12 55 5 68 45 10 76 3 84 32 40 84 95 9 8 17 15 2 54 92 61 72 1 68 95 2 41 42 48 40 15 6 20 36 51 61 14 39 25 79 34 91 11 8 66 3 98 62 43 35 28 100 1 61 29 95 91 59 79 42 96 40 11 2 36 53 9 94 47 27 17 93 28 19 89 45 94 66 30 51 43 30 76 70 12 94 76 74 37 14 46 16 25 45 7 42 13 69 48 40 49 65 27 83 74 89 15 3 31 74 96 59 32 82 35 24 83 
37 15 78 98 63 6 97 93 34 43 50 96 79 13 100 97 43 25 18 89 54 43 91 51 48 67 12 90 94 71 21 30 93 79 83 90 72 36 84 99 43 59 88 57 61 65 53 80 20 7 50 96 29 29 10 26 63 67 76 19 32 2 99 15 23 100 33 52 12 26 28 61 54 41 99 17 75 40 51 55 49 81 5 93 11 44 52 27 88 88 39 64 100 23 53 28 59 81 15 46 21 58 83 12 56 95 92 92 54 37 29 100 81 74 1 35 26 88 62 58 46 24 95 91 51 92 49 87 
69 12 99 57 93 36 10 77 26 82 28 66 66 12 19 16 46 5 68 80 73 20 7 23 26 41 39 75 48 35 91 40 54 37 61 20 48 32 85 76 87 2 58 20 47 72 64 13 9 41 91 38 21 45 75 88 71 36 41 4 51 58 14 61 68 63 97 11 37 53 67 41 66 83 52 86 68 59 72 30 90 71 4 82 78 94 76 12 4 64 78 34 78 33 35 86 34 76 14 97 43 85 43 66 38 11 89 19 11 46 31 34 76 94 23 9 36 56 39 48 57 91 13 51 27 59 90 61 
36 58 71 87 33 21 14 14 42 35 67 62 58 51 34 64 44 17 48 25 98 66 46 96 41 21 97 1 68 57 85 6 9 39 42 22 23 87 15 9 78 60 27 12 42 23 51 25 39 96 14 38 19 16 84 88 34 7 86 75 60 15 52 52 33 53 47 7 10 86 54 10 61 60 19 67 61 50 90 7 87 54 31 9 35 19 67 91 96 20 66 11 18 76 68 11 37 43 72 50 35 57 70 60 15 16 43 41 70 50 37 31 83 29 90 65 19 22 85 83 55 66 26 64 51 49 17 49 
100 9 38 95 54 3 54 45 28 53 43 100 3 46 70 30 80 99 93 6 70 79 74 99 19 47 40 45 33 90 28 33 78 89 17 93 23 79 93 81 22 61 37 32 66 14 74 52 14 93 58 58 9 8 95 58 15 39 19 89 84 96 53 89 99 85 67 45 66 79 14 5 41 63 88 78 10 90 97 46 31 91 43 1 9 84 97 85 66 88 18 62 86 66 66 57 9 5 38 83 93 98 49 21 85 30 45 53 35 58 27 76 78 59 8 34 66 6 10 11 76 53 75 52 18 42 33 48 
72 89 68 48 76 21 68 67 12 77 15 86 50 42 24 8 14 92 16 69 21 86 28 44 5 37 13 6 32 82 33 75 94 85 8 66 36 39 46 19 49 55 82 99 92 66 96 44 31 35 52 63 55 58 28 31 25 35 96 10 50 56 43 2 22 15 72 65 25 94 53 100 1 100 75 59 22 69 24 54 59 29 4 46 76 87 50 36 20 3 25 59 96 16 89 80 66 18 15 41 81 99 16 44 32 74 5 70 11 11 59 25 24 23 42 4 63 65 45 90 62 59 82 21 10 74 13 47 
98 92 33 79 80 12 23 49 53 65 22 74 40 48 49 9 61 42 9 45 74 7 1 24 61 94 4 14 9 88 69 17 34 44 44 74 92 4 8 86 44 25 61 21 20 50 72 90 83 60 15 49 89 9 41 16 67 61 82 40 63 22 28 30 97 51 94 95 66 7 35 96 10 100 45 33 77 78 81 3 71 23 92 98 86 74 77 84 75 93 76 89 93 75 13 2 79 90 5 31 60 54 10 55 18 38 16 52 2 9 16 72 72 6 48 77 52 1 80 89 45 8 1 65 39 41 83 17 
80 53 13 27 17 98 91 24 43 35 43 57 19 83 3 11 2 57 97 38 62 4 8 34 69 32 27 56 6 81 71 87 42 36 39 31 96 94 4 14 14 17 99 5 7 81 10 93 61 56 23 30 74 84 99 52 42 1 88 87 19 21 90 61 29 69 12 87 30 43 83 31 14 19 20 81 78 67 35 27 19 26 77 98 13 1 70 65 73 47 20 86 76 4 47 5 21 22 33 14 55 38 85 52 90 42 11 42 20 18 63 52 95 8 44 99 50 58 56 100 42 58 88 56 60 76 92 97 
88 6 22 1 71 45 45 72 55 35 81 54 66 100 1 49 28 88 80 97 65 27 48 24 3 53 29 72 21 79 2 6 14 1 37 48 26 57 95 99 81 50 22 13 58 89 8 73 99 47 26 91 16 59 20 13 64 90 89 47 43 76 53 56 10 63 49 36 46 29 9 54 40 46 34 79 26 54 8 100 33 42 86 13 2 20 2 66 32 12 93 86 99 2 10 38 65 13 22 16 23 11 12 44 6 96 89 100 54 18 55 95 88 16 39 57 66 24 80 94 69 6 8 62 48 12 36 54 
100 47 63 97 31 49 2 39 79 99 72 84 58 66 61 72 22 79 36 32 95 22 80 43 89 1 30 96 10 46 64 8 86 61 91 40 39 35 98 37 37 16 20 22 91 76 46 68 21 71 77 56 29 63 16 51 66 10 85 77 66 81 84 9 86 89 43 43 57 89 48 22 68 5 38 61 37 53 74 97 78 33 77 34 91 27 21 100 13 30 28 3 12 14 48 79 2 70 7 27 91 54 22 14 59 11 3 71 24 63 93 23 75 32 75 81 30 20 47 100 90 62 38 48 49 44 65 43 
3 37 17 86 2 6 37 87 45 43 34 43 7 57 86 33 57 51 71 6 60 40 55 86 92 20 45 52 8 70 87 45 49 97 31 61 13 56 35 4 87 49 78 85 42 84 20 53 65 59 71 34 36 3 52 93 97 67 86 73 73 19 88 39 5 11 49 18 55 45 55 96 97 41 31 55 69 98 81 28 91 37 67 20 42 55 13 63 2 50 84 66 38 17 22 43 65 34 94 57 59 80 15 35 42 44 80 83 13 20 88 43 30 95 40 74 58 96 28 78 36 89 40 66 16 46 29 65 
49 98 88 34 77 90 66 77 19 95 68 34 97 15 70 81 4 65 43 28 22 36 29 81 25 29 22 42 21 8 23 18 62 77 43 61 88 56 47 82 76 72 78 79 61 27 86 78 48 97 67 52 55 76 46 89 54 54 46 41 27 98 100 64 62 41 70 91 82 65 11 41 20 86 61 46 3 61 70 92 94 10 86 14 17 7 72 81 84 81 39 9 34 60 5 24 27 72 2 31 17 42 65 28 96 32 81 17 11 15 36 83 2 48 22 65 60 32 13 26 88 33 54 11 73 92 24 85 
97 97 94 81 99 73 26 96 97 54 6 35 96 15 82 48 55 42 49 40 52 96 21 58 95 98 1 78 1 47 61 67 33 7 17 79 6 25 78 16 50 72 86 29 43 56 23 45 40 26 39 54 57 89 91 96 90 5 25 28 12 21 4 19 95 82 84 13 99 42 58 52 33 61 43 10 14 24 9 68 8 91 82 59 46 65 32 72 6 90 25 20 2 14 34 96 50 69 49 41 26 54 61 100 31 14 67 58 40 44 46 14 40 96 86 79 8 62 13 51 45 30 3 19 80 75 70 24 
19 88 75 37 50 28 41 21 20 20 60 20 49 11 30 90 24 3 80 31 58 31 19 61 67 43 41 76 87 26 43 2 43 19 42 50 76 36 65 28 86 50 41 39 56 95 98 68 100 71 32 98 84 5 90 62 63 33 49 61 46 35 60 25 68 56 53 9 36 72 72 72 39 71 43 65 90 45 96 1 18 8 43 79 37 64 73 67 85 32 6 5 72 6 29 79 47 24 50 13 68 76 20 60 79 75 94 89 90 48 84 7 2 31 17 37 37 81 9 48 1 57 81 64 31 16 95 36 
30 56 31 9 63 61 82 61 93 37 62 100 86 19 78 20 19 47 34 48 87 51 12 74 19 36 62 30 63 90 28 10 91 38 5 63 28 80 14 71 76 93 68 5 96 53 79 68 99 30 95 67 27 58 16 16 16 61 67 26 82 76 38 13 3 39 81 86 99 60 48 100 38 47 77 33 75 35 91 26 81 91 80 2 8 84 16 56 24 18 52 99 26 45 52 91 19 72 18 92 92 78 96 12 26 49 60 26 7 69 42 90 70 3 28 64 95 34 82 99 9 17 94 65 82 84 37 16 
80 18 9 71 83 93 60 3 10 85 44 32 95 72 6 85 83 14 41 3 40 2 69 33 60 84 93 45 18 33 35 29 46 87 4 75 50 45 9 32 26 97 45 84 85 66 25 88 91 68 66 18 76 90 26 49 63 15 42 54 77 4 33 37 35 82 64 21 99 84 41 8 42 95 65 78 67 17 69 13 63 59 44 99 88 64 60 64 84 28 16 9 74 89 81 33 14 60 18 46 28 21 11 4 97 94 59 12 96 22 65 38 82 64 7 24 65 52 25 95 33 67 88 67 70 75 39 78 
16 11 34 49 39 95 22 88 21 44 36 16 35 28 46 9 87 29 67 93 24 43 32 8 68 78 1 29 97 16 58 16 17 36 47 95 87 68 74 96 41 33 43 22 16 47 96 49 30 55 51 7 78 75 90 33 79 82 41 29 30 19 46 89 60 31 66 68 79 82 83 8 100 28 75 4 45 98 48 83 48 95 71 23 2 51 28 4 30 4 19 55 93 56 1 31 44 85 51 7 72 70 72 48 17 77 46 13 7 63 40 39 92 45 55 52 18 13 64 22 61 78 72 74 16 95 23 68 
73 17 76 82 77 79 4 46 67 4 64 88 89 36 36 60 84 19 73 59 93 67 100 55 57 60 15 63 10 42 79 73 55 56 14 3 39 82 39 45 21 66 34 39 65 51 68 89 80 54 94 82 35 41 56 72 66 6 92 16 63 50 95 78 86 72 62 78 51 47 38 76 26 43 45 14 15 77 14 5 100 48 93 21 99 88 36 69 57 96 69 85 75 76 84 54 81 58 86 12 36 39 38 53 29 37 10 48 47 24 20 48 11 21 82 14 45 6 80 72 1 22 15 91 93 76 29 48 
48 77 98 71 29 44 53 33 77 4 60 3 81 16 98 10 38 64 53 39 24 41 66 73 18 20 38 62 57 69 62 18 98 19 63 19 75 3 59 57 76 4 77 77 26 61 50 53 78 47 48 28 43 54 60 91 95 22 10 41 69 15 91 53 26 90 38 99 57 87 43 39 10 94 14 35 55 21 42 51 97 80 92 61 17 50 1 62 4 25 2 71 9 24 21 33 65 17 29 48 56 75 93 100 86 36 8 50 29 98 15 74 37 11 100 100 11 48 40 83 59 89 94 52 44 67 39 47 
18 82 18 75 20 91 42 82 39 27 30 94 6 26 32 2 46 96 97 96 45 27 91 39 15 50 72 98 54 77 48 13 100 70 77 15 50 86 8 93 2 97 27 36 93 77 65 34 58 75 13 86 71 65 28 33 88 3 16 88 19 66 98 14 11 14 30 53 51 10 68 84 69 40 95 100 96 65 7 31 25 46 50 25 25 23 21 29 10 59 73 45 80 62 30 76 22 57 9 75 8 74 41 52 89 99 26 72 40 82 17 12 91 50 5 9 5 58 90 24 80 7 41 87 61 50 43 37 
61 17 64 25 40 24 8 88 83 83 42 100 19 32 9 2 70 98 91 5 33 8 36 58 90 60 80 43 61 79 44 24 87 26 99 84 60 60 8 45 80 48 16 59 71 44 47 61 31 75 100 50 26 2 6 95 38 46 7 10 16 79 73 70 41 58 50 1 64 34 75 68 100 58 29 13 85 25 43 37 23 93 73 28 29 20 2 85 18 87 100 59 24 61 87 33 9 20 1 3 37 62 42 74 77 37 16 92 85 94 61 44 87 32 44 17 90 17 5 42 58 11 95 58 70 77 100 46 
39 66 29 59 11 21 100 20 5 4 20 3 88 51 51 86 78 86 27 20 73 57 94 58 29 59 70 82 35 8 10 79 75 37 60 38 89 29 67 23 7 89 56 15 3 58 78 24 33 96 88 65 64 69 68 25 22 24 14 40 78 73 96 91 3 7 68 86 21 85 74 64 48 79 14 45 67 60 81 53 26 98 67 67 92 88 27 74 5 89 17 26 40 84 83 33 69 79 83 8 66 1 43 31 35 15 24 88 52 51 44 41 21 6 54 66 82 89 20 41 43 10 65 33 61 27 98 14 
43 1 7 38 12 90 26 12 14 95 44 54 31 15 21 80 99 69 14 80 16 15 57 18 34 39 52 45 72 81 4 49 30 32 43 80 50 7 47 11 64 73 56 40 42 9 88 7 41 98 64 57 79 70 27 2 24 7 60 85 87 93 15 71 47 5 32 39 86 51 60 32 32 39 70 96 34 69 56 58 4 81 23 28 32 21 39 24 59 18 6 66 56 82 6 77 13 86 39 75 56 62 23 84 79 58 39 49 92 28 4 18 81 30 67 15 40 3 57 12 10 60 64 45 71 24 26 14 
62 95 61 62 22 67 8 25 54 18 71 72 26 4 40 5 79 38 41 47 34 90 69 65 69 26 29 87 6 35 97 30 37 23 31 17 16 68 12 40 42 31 9 81 61 17 12 16 27 78 86 49 45 31 89 69 8 73 40 27 94 9 87 37 83 62 53 36 100 54 54 34 29 78 70 30 51 89 34 13 47 81 40 39 8 6 74 15 38 92 97 90 4 39 11 44 33 7 64 35 65 13 85 45 29 44 45 91 61 30 92 59 82 60 72 93 73 19 10 84 60 13 45 68 91 76 91 2 
1 11 98 39 14 64 20 66 35 11 8 86 3 65 36 11 16 51 96 71 69 34 89 9 12 6 30 25 100 27 14 31 11 92 92 20 92 16 70 70 87 81 100 47 24 78 23 36 97 27 55 25 33 97 99 61 18 86 54 75 22 28 22 33 54 61 100 13 28 28 22 76 19 71 81 19 39 38 13 37 82 14 83 84 13 66 40 12 59 77 78 8 17 51 16 37 91 60 6 2 70 26 98 47 9 97 94 89 46 65 26 58 100 61 75 19 88 85 10 39 78 40 75 7 99 98 2 60 
33 80 29 76 57 88 9 17 82 52 35 37 63 47 55 62 78 19 32 22 83 58 86 87 96 85 36 45 94 93 6 31 41 98 44 39 74 19 95 51 58 22 56 49 87 33 60 21 73 80 55 55 1 18 49 38 16 3 90 64 89 22 71 66 99 6 54 77 19 19 63 9 19 32 33 41 51 83 100 4 16 73 81 27 5 68 83 46 58 28 64 95 84 4 11 87 8 4 56 22 21 22 39 73 56 71 34 84 96 70 47 29 33 52 90 61 27 69 63 30 14 45 38 97 30 68 78 63 
45 63 90 67 22 63 23 80 66 23 74 39 70 40 20 13 29 8 54 15 39 93 16 41 98 87 4 23 37 90 18 36 80 71 83 55 34 3 72 89 50 3 66 12 18 5 99 47 25 58 30 20 20 59 57 6 74 86 92 83 18 39 89 91 55 12 96 47 28 56 15 70 92 8 46 50 59 62 84 75 11 15 86 74 37 12 98 31 23 15 84 41 79 84 95 59 14 25 75 98 33 34 48 19 34 51 70 26 97 28 50 26 13 84 72 87 34 32 12 7 70 44 95 14 22 46 58 78 
45 74 24 45 53 32 17 3 66 79 31 48 3 33 1 93 97 39 36 29 97 93 61 100 52 92 78 76 93 88 69 33 9 60 1 12 52 15 15 53 94 87 87 14 18 73 100 42 40 9 97 63 36 92 75 46 40 60 46 59 43 17 51 92 44 9 61 36 75 55 36 42 27 29 82 89 61 44 29 47 71 66 51 97 95 7 93 25 1 43 76 5 10 42 82 90 78 71 63 32 96 80 2 45 30 81 54 8 21 86 40 93 87 13 78 8 98 27 38 26 9 12 34 90 55 23 77 38 
39 11 40 25 35 100 6 5 78 99 76 22 93 49 97 76 98 13 61 91 36 7 56 50 83 53 89 7 85 86 48 1 3 86 17 19 73 98 8 49 52 25 31 2 46 45 66 47 25 89 37 47 59 51 2 49 58 60 48 10 30 81 16 26 11 24 89 24 75 54 11 45 2 23 16 45 38 91 33 60 38 10 59 91 57 76 31 23 82 33 65 25 76 5 50 62 49 15 59 38 74 84 56 90 65 29 38 22 34 38 86 97 79 23 17 14 89 60 78 95 22 100 9 90 98 15 39 67 
35 82 33 58 93 90 80 75 62 86 39 78 33 52 83 46 53 74 75 40 61 26 72 29 63 9 37 55 57 8 4 41 24 35 100 100 64 1 13 82 63 44 89 49 10 25 66 59 29 10 23 45 92 8 60 31 45 77 1 93 51 66 13 45 14 92 52 36 50 46 87 12 96 39 13 52 29 25 30 27 33 5 94 52 91 89 64 87 9 39 57 4 19 98 42 52 95 39 71 100 77 44 64 79 49 73 77 4 75 100 54 69 5 31 9 66 47 92 95 79 62 50 76 44 58 66 24 80 
64 93 54 17 24 55 59 48 76 5 49 29 57 91 20 28 42 76 56 1 20 35 59 41 63 11 94 74 26 95 48 58 59 96 42 18 55 83 60 13 29 37 91 27 90 25 39 12 37 97 67 5 25 96 61 2 30 17 98 17 26 73 44 54 68 85 11 89 8 95 69 27 52 70 42 14 73 80 53 36 73 38 15 36 47 20 87 33 88 8 51 37 70 25 97 96 9 45 78 38 100 65 7 87 19 47 3 89 28 27 40 100 13 6 1 20 23 85 34 33 48 34 12 23 92 43 4 63 
94 86 22 18 41 3 22 59 22 27 63 30 31 61 90 68 59 37 7 52 31 87 34 87 62 23 2 89 83 65 75 56 12 56 78 69 73 34 65 36 69 96 58 71 83 14 77 42 35 47 10 24 97 66 46 78 71 86 84 76 17 91 100 38 15 92 49 71 19 50 75 5 78 1 83 82 66 8 45 35 81 94 52 54 53 92 30 95 45 100 57 13 98 31 52 31 79 32 33 49 21 2 58 35 83 71 74 55 40 70 31 99 67 24 19 43 41 6 63 53 16 1 84 22 42 27 16 13 
82 58 23 86 54 60 27 97 38 80 84 10 41 78 26 72 73 16 51 49 93 26 96 86 43 79 71 30 77 24 51 57 77 6 6 80 7 65 21 20 91 59 11 38 38 76 87 82 82 5 19 31 76 55 1 19 68 34 46 78 27 92 6 19 50 44 64 37 86 14 91 21 9 10 43 79 68 23 55 40 93 70 54 82 16 21 57 30 45 95 1 65 19 17 97 11 73 53 96 61 7 66 94 33 11 10 96 68 71 88 26 35 20 68 22 85 80 16 8 80 98 2 28 19 68 97 15 40 
99 23 16 85 70 67 32 43 20 3 12 79 64 70 54 56 43 32 45 9 70 36 93 95 16 97 72 81 48 95 36 12 14 54 71 21 20 81 38 7 15 17 71 75 83 41 92 50 41 45 60 94 22 57 12 98 94 85 58 2 52 7 33 30 11 43 59 39 17 31 80 13 42 45 89 73 24 87 45 92 66 58 87 84 6 43 8 48 10 22 86 79 43 29 20 18 54 33 43 13 3 59 57 64 100 51 76 17 19 16 26 31 14 74 4 19 98 47 63 91 78 86 57 45 45 51 45 79 
20 73 15 59 45 50 4 99 58 17 87 53 32 38 89 58 15 35 50 39 33 87 71 100 27 58 69 94 79 27 24 57 53 40 78 73 22 19 57 40 66 26 23 48 2 46 41 29 4 1 13 97 99 70 30 18 81 84 84 78 6 31 87 48 82 3 70 86 54 1 83 9 8 41 10 77 21 57 41 52 68 5 55 91 87 25 2 84 71 33 1 89 61 76 77 38 89 5 46 57 98 46 24 23 68 9 33 81 80 97 45 40 77 79 93 95 26 3 20 65 68 44 21 58 59 68 42 84 
38 12 89 35 100 16 25 66 39 1 100 75 12 68 57 72 55 10 97 73 77 73 9 61 43 59 75 33 97 19 36 44 34 65 70 7 93 72 28 96 55 14 71 87 32 35 23 42 39 82 16 91 48 7 53 59 22 48 97 31 39 7 25 12 19 20 41 96 32 38 18 2 96 5 23 50 60 22 53 48 36 6 69 8 64 92 15 11 59 50 10 94 11 21 91 17 89 58 90 5 35 59 34 72 62 29 66 34 32 23 19 70 31 69 70 80 24 73 4 18 91 14 51 34 59 24 62 54 
52 39 74 26 89 81 46 54 8 41 73 64 73 82 93 88 55 30 52 76 54 77 49 88 53 94 58 71 3 87 18 86 76 11 16 55 1 18 61 33 14 10 93 61 16 15 17 43 48 83 45 58 56 62 65 78 43 55 33 34 10 48 100 35 46 6 79 44 9 56 85 31 5 68 25 61 88 76 45 85 87 87 82 44 21 50 18 30 3 9 67 73 5 6 59 43 15 77 2 57 63 5 40 32 5 51 81 86 34 69 72 32 92 30 44 43 23 10 100 60 16 37 24 83 36 22 63 50 
41 54 20 9 81 89 55 40 35 11 3 43 58 48 65 43 43 41 27 7 12 21 85 31 45 31 10 57 59 97 96 64 32 53 26 58 96 32 47 89 11 30 93 84 100 60 96 90 51 32 18 45 52 23 4 100 84 8 20 15 68 8 58 28 51 4 71 38 92 11 33 33 12 19 60 81 30 36 56 2 18 64 19 27 97 96 86 87 5 41 38 53 60 4 58 29 92 82 58 91 26 36 1 32 90 69 53 76 4 24 58 60 22 20 75 20 48 12 72 57 63 82 14 37 69 94 26 78 
50 68 72 35 27 13 69 71 54 91 85 83 11 81 64 83 60 31 86 67 46 39 92 81 29 85 98 56 18 28 28 88 67 75 72 40 88 79 31 88 71 77 55 82 52 99 85 94 78 19 28 49 38 95 24 79 12 89 75 28 29 8 55 62 18 19 33 25 88 67 27 53 35 12 64 20 45 15 25 36 32 28 99 78 34 82 2 2 24 41 73 95 81 37 84 31 27 80 8 56 45 15 22 13 53 65 29 1 41 63 45 32 34 24 13 28 60 29 54 95 64 14 4 17 65 39 45 28 
26 23 72 87 48 69 84 83 27 49 73 68 53 58 76 31 33 25 63 51 66 90 61 79 90 60 71 97 34 54 55 97 19 1 26 16 11 52 5 62 74 14 76 22 8 46 66 12 55 17 90 50 38 69 23 14 44 96 2 92 56 2 29 100 21 28 72 21 55 40 26 83 89 5 42 75 49 78 66 83 72 60 69 39 38 5 63 49 2 37 9 97 75 96 97 86 23 2 83 21 25 34 79 50 75 25 8 5 27 61 57 68 28 48 78 82 64 87 5 94 50 5 90 30 9 64 17 66 
70 68 73 73 28 43 12 73 77 32 11 25 97 97 55 59 25 81 75 40 24 81 16 30 8 70 72 52 95 92 40 70 24 54 64 2 25 74 9 68 43 13 50 85 70 100 47 50 22 62 18 16 46 16 21 39 36 15 67 58 48 16 74 19 54 13 32 49 32 38 88 67 1 29 3 27 16 24 43 75 68 61 14 76 14 72 45 48 64 9 83 31 83 42 88 92 98 66 81 80 54 65 57 11 18 62 42 49 16 50 89 96 66 20 17 53 58 42 86 35 83 92 60 70 55 5 52 36 
61 22 68 61 47 84 76 12 85 63 65 4 23 1 58 40 65 20 50 41 68 58 82 13 75 54 75 69 40 100 61 7 27 59 80 8 17 61 77 26 49 91 12 3 42 23 96 27 89 41 77 91 59 90 14 58 48 45 94 6 54 44 23 24 80 78 99 62 67 23 3 86 49 30 37 27 56 96 44 29 91 99 95 83 1 70 57 42 14 34 10 80 14 68 18 41 52 73 1 25 54 51 79 9 2 100 55 17 46 97 59 1 5 88 48 96 48 17 70 91 76 67 63 27 15 91 67 32 
9 51 47 39 94 56 78 76 69 22 50 81 96 41 47 16 51 79 47 46 7 61 51 56 55 54 26 32 41 2 45 81 96 11 78 26 3 74 22 30 79 30 19 19 43 97 54 49 77 32 86 92 97 54 44 40 35 94 91 62 41 57 100 54 48 52 62 44 97 1 62 30 4 38 35 15 26 20 45 38 85 3 50 99 92 65 42 12 9 63 27 25 39 43 51 76 4 49 35 42 91 25 95 6 42 2 24 79 70 87 85 19 98 73 98 66 9 25 42 28 75 43 39 54 1 74 19 37 
74 66 85 16 91 69 96 1 68 83 88 34 25 35 41 98 72 98 83 50 81 76 18 14 95 65 98 73 66 57 90 28 9 12 57 94 38 65 11 95 94 16 56 86 17 31 53 37 56 90 34 24 84 27 28 64 31 29 33 100 73 25 27 34 7 1 41 88 95 77 41 10 92 23 85 70 69 71 17 98 18 34 81 83 33 35 23 4 34 15 75 24 98 90 12 39 7 66 65 27 51 58 55 93 42 36 61 10 17 58 47 25 92 57 78 12 56 35 33 98 44 31 19 75 76 92 100 48 
65 93 31 90 77 23 91 54 8 34 12 20 91 40 32 61 68 63 46 54 69 59 46 57 20 54 77 6 63 33 40 55 36 56 15 86 64 80 8 73 77 66 5 99 66 88 96 48 19 5 54 25 15 12 45 50 16 88 71 34 80 19 53 12 85 49 17 96 19 24 31 53 92 90 62 52 87 1 55 94 39 29 8 12 67 98 58 65 15 4 69 33 33 72 14 59 39 79 73 39 58 75 43 15 96 57 22 1 42 48 96 26 14 13 84 32 50 96 83 55 28 7 50 68 6 19 67 17 
82 34 19 57 40 32 80 100 41 96 50 1 26 30 65 5 52 47 5 27 7 3 27 6 56 10 25 6 72 6 14 82 86 17 23 56 74 8 70 64 30 68 60 5 2 28 5 90 50 90 10 9 85 52 82 55 59 67 58 27 68 76 66 15 55 9 96 90 38 35 44 23 41 76 91 52 17 29 97 60 16 4 47 64 74 92 5 43 80 97 75 70 51 25 37 82 63 77 31 4 87 71 88 60 33 25 87 37 95 34 47 30 35 99 69 89 51 8 14 62 15 11 46 80 54 82 66 27 
8 32 4 90 71 78 84 100 84 50 86 55 27 49 7 26 9 91 93 1 59 90 78 70 36 54 72 44 56 47 74 27 40 94 80 22 74 91 84 64 31 25 88 9 80 6 13 82 55 13 22 94 11 77 87 64 11 56 90 91 64 99 78 16 100 48 64 75 67 80 96 10 35 15 74 76 44 11 67 36 36 82 69 82 67 56 55 89 48 12 90 62 25 28 77 86 54 78 94 10 50 86 45 90 93 63 48 10 52 89 94 6 62 1 65 36 82 7 91 9 32 33 77 29 43 15 63 67 
68 82 82 30 22 53 76 82 47 85 61 63 25 71 29 19 4 77 54 25 82 65 23 7 56 40 40 97 69 20 64 27 98 29 97 80 22 47 18 25 94 60 36 9 36 85 98 92 70 69 5 14 42 30 23 40 65 14 45 76 58 83 9 30 71 14 69 2 46 5 68 45 88 75 64 48 61 5 98 3 37 27 74 63 69 97 63 38 59 95 82 75 20 71 95 72 45 89 12 67 93 13 85 72 25 36 76 60 94 74 65 98 51 23 73 11 8 74 93 94 41 77 25 49 41 86 71 44 
75 56 71 36 27 3 92 38 69 95 11 48 38 93 95 9 91 51 24 12 26 5 91 74 90 51 75 6 37 1 20 34 27 83 82 80 63 17 41 40 85 93 68 40 51 76 28 61 74 10 58 1 46 29 89 99 13 87 25 74 91 3 57 77 87 1 2 94 73 93 1 81 59 97 76 20 45 8 65 22 54 1 35 5 45 43 84 8 26 90 24 7 79 92 40 40 2 49 5 70 75 58 92 75 29 32 20 18 88 80 69 47 89 23 60 40 64 37 55 92 36 56 25 23 3 26 41 46 
89 48 34 47 13 6 36 48 20 56 70 23 71 65 76 56 12 34 18 44 97 8 37 51 47 87 30 63 42 66 18 39 25 93 23 22 52 4 6 76 15 66 77 22 8 38 59 67 18 58 14 22 40 43 53 90 18 16 31 14 78 19 23 29 42 67 60 74 59 58 27 43 99 70 97 23 65 61 27 47 29 49 98 38 23 47 97 100 18 47 89 46 25 45 46 18 59 90 62 64 88 85 88 43 52 73 39 55 59 46 90 72 4 35 15 84 51 3 58 78 86 23 96 54 87 45 71 26 
85 81 72 97 53 93 93 18 1 73 39 61 6 98 51 82 40 61 70 54 6 4 29 12 73 28 19 43 30 43 66 39 63 76 39 35 16 65 10 52 80 22 27 35 31 77 39 58 4 78 10 69 61 56 68 2 79 99 7 8 18 11 27 75 5 43 58 57 34 6 74 96 83 56 77 91 54 89 73 97 70 11 46 50 76 73 61 34 49 2 62 16 80 91 60 82 45 25 82 63 51 29 42 73 17 33 40 42 13 44 46 78 8 15 41 19 9 87 15 84 100 1 97 48 72 95 86 90 
9 58 57 45 52 33 19 90 12 61 69 36 93 70 94 27 46 21 27 41 51 18 29 65 46 41 54 69 58 67 91 35 11 59 84 71 86 7 69 95 97 72 73 12 4 63 6 87 85 52 1 89 67 97 14 37 57 64 8 34 89 8 13 56 42 93 59 4 62 90 18 15 6 43 13 30 14 30 60 81 33 39 53 17 93 22 43 28 72 93 21 95 41 20 30 55 6 11 49 88 66 72 64 82 81 4 18 64 98 24 54 55 40 82 14 77 98 41 37 71 14 72 51 22 45 21 76 58 
4 12 42 42 85 19 23 10 95 53 71 16 37 39 81 45 16 67 72 42 48 44 95 89 49 45 68 1 33 53 30 36 42 93 47 43 38 34 5 50 16 46 69 33 86 75 44 14 40 100 24 12 29 27 47 40 4 18 68 18 91 13 74 76 76 76 88 29 31 70 57 72 79 47 73 28 42 25 57 84 73 43 67 79 52 30 20 26 75 81 61 61 86 76 24 33 9 33 21 90 16 53 58 39 42 27 9 67 41 46 32 92 22 38 10 22 97 7 89 78 84 38 3 40 40 19 62 96 
90 93 32 77 2 84 61 19 54 50 60 23 32 55 97 26 51 98 4 93 99 79 28 21 68 32 57 42 36 5 35 92 95 48 55 38 47 27 7 89 64 28 35 17 34 64 87 79 6 63 45 13 19 24 57 58 16 82 90 81 10 29 92 99 30 3 2 21 31 57 8 84 51 89 72 56 40 99 82 83 57 34 60 99 10 42 3 20 26 49 40 48 48 20 73 76 11 93 77 29 81 46 3 78 30 22 71 24 31 13 100 96 70 38 54 3 58 17 87 94 83 65 30 49 57 99 43 94 
96 80 86 51 27 89 45 87 76 64 96 90 51 82 22 80 66 67 54 41 60 57 69 23 39 70 95 91 42 51 60 87 18 17 34 82 60 87 77 21 41 47 37 44 77 24 53 95 72 95 23 100 77 60 93 17 47 47 96 39 33 15 78 80 74 67 59 19 14 11 67 22 46 31 2 74 97 76 70 65 41 92 15 89 53 73 23 6 77 49 44 24 28 82 43 47 15 90 30 59 75 81 30 27 47 90 48 31 82 75 12 64 18 55 78 86 69 9 64 53 22 93 6 59 86 39 52 10 
41 42 20 39 84 31 84 27 96 45 52 78 91 68 67 52 59 67 93 54 86 51 72 50 8 40 58 56 73 40 84 10 61 68 76 47 53 11 13 74 24 8 68 1 73 36 69 47 41 24 34 98 90 87 19 91 55 21 47 12 18 24 4 84 45 6 97 50 56 10 52 44 13 23 47 52 88 11 89 89 1 40 43 1 53 89 83 29 46 62 27 15 63 64 18 3 11 67 61 51 37 88 78 70 88 77 15 52 75 59 52 84 3 43 58 48 16 3 63 86 60 96 20 76 7 23 38 52 
46 36 53 7 84 92 52 51 1 33 60 29 37 1 69 88 31 59 55 15 42 9 98 32 84 17 48 91 46 35 16 58 19 88 8 40 38 75 88 42 15 54 88 46 11 19 19 28 55 78 16 13 64 42 23 78 15 14 56 99 80 94 65 93 3 18 26 29 68 50 55 60 32 4 93 63 32 17 25 41 79 26 3 87 29 3 32 50 58 43 30 39 72 59 36 34 28 94 73 68 10 95 46 51 92 61 40 43 78 46 55 40 11 2 82 28 32 86 21 88 82 46 98 33 95 94 90 64 
59 15 42 100 75 24 54 89 18 48 60 26 72 42 39 41 49 68 46 84 21 52 63 33 42 28 68 32 32 83 50 20 51 17 45 10 59 35 26 81 51 81 15 13 18 48 87 98 94 13 17 5 82 57 98 29 34 41 9 99 96 60 69 46 89 97 36 48 17 97 82 69 91 60 31 85 46 91 27 83 50 87 3 99 100 31 1 24 70 3 46 38 8 9 20 98 58 36 28 78 28 62 97 92 32 50 35 85 31 33 52 51 98 7 86 19 18 77 69 98 19 46 45 72 47 72 3 84 
91 73 22 21 25 77 43 86 100 42 95 12 97 17 83 8 95 93 29 18 23 16 98 91 16 23 82 11 15 67 77 2 86 93 28 77 31 32 48 70 5 43 61 90 16 22 20 39 39 34 32 56 66 95 36 59 97 92 64 5 61 24 13 66 2 48 13 56 85 32 92 60 37 27 25 27 1 1 64 51 32 74 8 73 84 71 2 13 76 79 28 83 30 1 13 40 19 97 54 82 82 32 66 43 23 80 28 38 64 5 10 21 32 5 92 48 66 93 44 41 100 64 58 60 50 45 20 83 
70 53 45 71 26 57 89 46 61 11 1 11 38 87 43 7 20 94 60 91 33 10 79 64 56 90 55 30 71 70 87 42 73 13 56 26 42 79 1 30 25 15 71 31 95 28 44 10 99 60 56 40 38 39 89 82 40 10 86 6 26 75 78 84 40 35 16 91 57 8 59 71 73 77 69 96 43 25 79 48 21 83 23 7 33 34 58 77 22 22 31 13 22 35 50 15 7 22 93 3 66 75 18 31 73 35 62 64 88 52 98 77 72 1 77 69 1 85 99 9 91 25 36 39 17 73 30 87 
75 71 6 47 7 91 3 9 57 15 4 52 65 15 83 25 60 10 96 35 67 90 22 49 48 54 65 90 95 79 37 30 39 48 77 12 15 18 14 95 31 87 8 36 88 38 63 86 72 42 63 61 98 14 50 99 68 8 8 22 45 13 99 85 46 37 41 74 99 76 4 43 9 6 95 65 30 15 69 59 37 7 47 53 66 41 65 49 24 53 75 19 36 42 49 22 20 43 48 38 45 34 26 29 4 70 69 54 30 73 69 81 36 67 93 34 49 30 70 98 69 93 97 32 64 79 84 58 
92 70 36 54 98 48 87 19 34 30 15 22 84 96 38 21 71 57 50 7 79 19 9 64 58 82 86 82 34 20 47 72 66 46 89 22 68 5 97 59 15 89 86 64 53 32 24 22 69 79 59 53 73 50 8 32 95 18 35 67 85 95 96 82 6 6 59 24 34 29 98 69 21 21 8 49 96 11 96 65 55 27 36 97 76 29 88 92 16 50 65 67 79 2 2 53 55 61 9 14 82 46 6 80 88 12 17 57 100 63 67 59 27 24 40 37 35 93 38 51 94 60 23 13 64 13 16 44 
47 45 76 83 2 41 8 55 17 25 45 57 88 53 78 93 74 40 85 70 7 24 59 4 35 58 59 28 84 90 29 99 37 3 22 31 88 56 63 94 97 55 44 46 30 27 79 81 94 96 84 26 68 57 7 35 36 50 21 44 69 13 43 95 87 11 97 6 95 76 99 34 45 79 80 78 33 65 82 10 49 12 19 41 90 97 64 86 14 83 12 85 34 59 30 52 62 81 11 77 10 17 85 23 26 57 66 47 53 55 44 80 21 63 17 35 68 84 43 60 60 25 59 67 87 4 37 11 
81 42 42 47 71 52 65 67 51 16 62 65 4 32 87 92 53 96 77 48 42 2 63 18 47 69 31 64 6 50 55 44 62 12 60 5 63 2 88 47 21 89 28 61 43 86 17 38 90 17 37 79 64 70 33 44 40 1 55 44 62 93 72 48 39 12 59 26 28 80 4 6 47 67 26 32 30 50 14 19 51 68 83 14 51 41 4 71 40 22 50 63 9 58 75 39 90 46 8 9 46 75 2 80 56 85 89 34 55 97 25 42 37 17 86 5 27 83 31 72 45 80 18 19 79 90 63 11 
14 75 84 64 32 98 35 51 18 20 14 73 13 60 47 74 24 77 6 88 37 2 5 85 49 36 40 70 84 41 77 70 97 97 10 40 32 54 84 75 85 59 37 14 55 89 77 17 55 15 66 79 51 47 52 4 98 23 73 82 5 39 85 25 28 63 80 45 95 52 84 98 63 63 81 37 66 40 26 9 98 78 9 25 34 36 83 88 13 89 21 71 22 13 9 29 11 58 34 24 5 91 70 25 52 69 42 30 47 86 21 46 68 75 8 98 26 69 38 52 97 39 11 63 19 37 87 34 
58 54 40 34 93 86 58 38 87 70 73 26 78 51 58 6 8 56 82 85 53 89 89 30 74 75 66 76 28 96 23 93 64 91 19 5 41 99 95 9 42 39 31 48 89 79 38 73 60 66 3 35 13 90 4 96 15 3 99 93 91 52 98 91 60 32 59 7 28 82 75 35 54 78 40 45 38 91 49 61 97 95 88 82 28 24 56 33 60 12 45 15 1 100 52 8 28 56 45 63 26 39 36 90 19 25 88 30 84 13 16 27 57 56 63 7 33 61 98 48 6 96 66 98 12 21 72 67 
58 60 80 29 26 62 48 81 8 2 60 84 43 29 3 64 10 98 57 19 37 15 61 26 4 37 15 48 30 10 71 75 17 78 23 55 25 46 45 2 37 50 50 12 91 95 37 42 2 1 54 99 80 99 82 10 98 87 32 68 59 41 53 80 7 31 55 49 69 51 73 45 83 26 93 84 6 15 59 68 90 25 5 13 1 10 48 25 41 20 1 49 66 63 79 39 76 38 75 89 45 95 92 90 25 3 55 21 70 5 40 16 83 10 39 41 99 31 74 23 24 76 51 12 44 47 76 70 
67 2 7 40 24 45 64 73 40 74 62 43 53 62 29 87 83 35 45 55 44 70 42 64 68 97 78 78 82 27 39 83 11 24 68 21 71 16 54 66 22 42 56 69 49 31 73 64 5 31 88 47 11 69 15 44 40 30 50 13 93 77 81 93 4 94 95 50 49 45 62 14 94 91 89 59 23 91 28 59 20 62 4 13 72 96 42 82 86 45 95 29 23 9 79 30 100 35 25 73 64 75 1 87 32 3 28 92 55 86 59 77 56 17 65 2 93 25 17 45 87 40 28 36 82 47 12 97 
78 12 20 57 84 20 66 74 5 67 41 94 88 50 87 36 17 34 6 53 87 90 19 77 3 94 46 39 97 40 77 66 96 61 87 84 66 1 72 46 10 68 10 20 57 80 71 2 43 50 10 8 7 81 29 22 46 12 37 14 67 98 88 81 39 40 3 59 61 92 69 42 11 89 4 6 5 14 66 86 76 72 96 98 63 42 34 69 56 71 71 33 90 81 78 25 36 42 20 2 62 68 17 42 98 32 64 52 86 41 92 11 52 77 29 84 74 95 71 49 65 42 17 35 93 21 56 90 
1 55 48 51 1 87 67 90 34 51 83 39 79 90 77 95 64 2 77 85 10 15 14 41 90 91 37 69 18 72 42 78 59 18 48 18 38 15 27 92 36 67 27 34 20 25 44 61 99 80 86 66 71 76 78 79 57 76 10 23 75 39 6 84 41 76 58 86 74 69 78 96 55 22 88 1 84 42 78 89 39 42 44 77 45 20 99 8 8 43 36 57 20 19 10 70 71 19 77 72 51 82 40 59 32 48 11 9 88 95 79 69 84 23 67 1 45 37 49 33 99 74 37 5 5 88 40 23 
60 73 43 81 51 57 6 100 89 55 73 84 47 14 30 95 17 33 20 69 55 57 84 56 19 17 17 22 25 51 71 15 66 45 24 84 19 4 21 59 62 73 86 75 15 8 12 27 18 93 13 99 85 76 64 42 71 90 15 1 33 25 82 58 2 3 13 15 75 13 37 68 1 12 14 64 34 92 57 58 62 93 86 73 43 29 4 89 75 6 34 32 94 58 41 2 74 64 9 65 24 30 3 33 47 17 16 77 98 3 93 52 88 82 10 13 50 4 35 80 81 20 100 27 11 37 51 16 
64 53 13 46 8 98 12 44 7 90 99 3 91 82 84 25 30 44 17 49 57 16 30 65 71 89 96 66 91 23 76 63 47 42 40 78 27 49 85 52 3 69 42 71 23 60 70 62 58 17 90 76 87 20 84 43 75 93 33 57 4 68 14 23 73 27 21 95 6 92 89 61 26 42 30 78 39 24 4 75 45 42 18 76 47 54 11 21 26 32 41 62 55 6 4 19 3 33 91 11 71 28 12 87 83 52 49 36 15 46 63 51 58 5 62 22 91 83 74 12 52 86 37 52 39 31 73 28 
42 92 95 51 42 54 53 46 78 100 94 5 4 99 28 38 8 12 8 29 31 69 12 15 31 70 25 2 55 23 87 54 68 31 83 4 29 82 70 83 3 41 76 6 43 96 75 62 74 55 16 61 82 56 46 40 87 99 94 33 23 24 30 40 12 96 80 49 64 16 47 32 88 62 9 81 80 89 69 78 95 63 15 84 54 8 98 85 9 56 60 3 89 73 46 48 47 37 59 33 18 73 84 78 45 51 54 48 43 27 94 72 75 75 57 83 76 33 82 12 35 31 69 61 22 60 2 37 
44 31 75 47 97 71 92 18 32 17 4 43 32 4 23 93 33 61 31 9 57 61 53 31 13 48 63 30 34 6 85 11 53 43 91 28 13 82 4 6 96 95 94 63 68 81 38 19 84 49 99 32 35 50 70 85 84 9 84 86 31 58 78 41 53 9 79 5 96 32 1 18 13 33 47 85 67 72 92 78 89 10 72 50 59 16 58 78 37 57 27 14 65 18 7 24 45 8 34 11 26 7 21 40 97 34 74 46 69 54 67 66 40 48 46 20 90 41 47 4 97 87 100 10 39 27 62 72 
68 12 31 36 31 8 36 9 91 26 23 8 81 89 25 89 89 7 33 49 54 14 34 44 7 53 40 15 36 31 48 52 79 53 72 89 40 95 87 25 77 8 40 73 78 20 42 48 68 66 20 29 43 37 32 53 99 2 11 66 1 41 27 99 36 4 29 39 78 4 10 67 24 92 24 18 77 7 40 59 82 68 71 93 22 55 23 98 2 6 14 7 98 98 83 15 97 7 55 15 32 47 34 4 26 27 75 64 55 66 61 34 4 27 36 51 4 91 38 70 100 79 90 100 92 38 34 53 
37 5 61 10 75 57 16 8 71 84 18 25 90 69 67 34 25 98 19 66 24 57 57 66 33 91 70 2 83 88 47 76 48 67 91 43 79 29 2 90 5 92 57 4 34 11 25 81 55 31 68 64 18 75 81 80 85 38 87 61 73 98 52 45 3 67 44 14 1 37 49 80 75 55 5 80 27 64 14 4 46 64 43 88 76 42 42 66 87 45 28 53 61 22 59 31 28 48 75 50 97 27 2 83 44 45 72 78 80 2 48 9 99 51 40 82 75 19 50 83 30 1 89 86 40 98 99 93 
36 82 34 96 74 10 7 11 87 69 19 42 96 74 29 10 33 64 75 10 21 59 51 65 52 61 1 58 95 41 20 99 85 5 67 6 47 63 74 87 28 5 6 69 18 47 41 30 59 40 80 19 51 96 7 56 84 57 36 66 54 41 16 14 36 95 89 92 48 13 95 31 35 26 30 56 3 75 65 8 81 42 85 84 59 11 66 79 93 18 4 41 89 75 39 29 73 8 21 50 89 30 95 91 60 72 21 76 89 34 28 59 26 61 42 10 87 49 20 47 15 91 50 50 50 79 45 89 
64 96 60 33 97 43 21 65 41 4 65 21 27 73 30 34 27 92 21 21 82 43 85 62 87 6 85 75 64 33 99 45 61 83 78 47 74 7 10 100 42 40 21 23 55 35 69 41 31 80 93 98 99 7 24 2 36 60 46 27 17 33 78 95 56 43 100 1 90 58 54 30 58 56 29 13 51 64 68 20 22 78 88 17 76 39 60 31 72 85 3 69 59 13 4 9 75 74 70 72 30 30 24 62 64 68 90 11 78 82 6 15 3 8 88 39 52 97 82 2 1 36 31 58 6 8 76 88 
27 94 81 17 100 38 6 66 99 50 4 25 98 96 53 99 61 53 17 40 32 89 58 22 42 95 18 96 95 8 48 43 29 5 4 100 49 40 56 50 37 52 41 62 33 26 21 50 38 69 50 64 17 55 93 73 52 2 23 13 34 71 77 44 81 55 59 97 71 51 54 84 9 94 4 80 82 44 1 37 35 65 34 28 85 71 50 11 99 85 87 23 7 41 98 15 24 37 66 40 92 4 24 71 15 97 45 59 49 13 99 63 75 89 92 88 19 19 1 36 65 17 18 56 63 27 93 32 
1 58 39 61 38 60 37 85 50 20 40 84 35 7 51 68 11 25 83 9 76 66 94 73 79 34 53 55 86 64 97 4 24 52 35 5 79 99 50 71 50 91 48 72 47 12 71 17 84 22 62 62 80 41 31 2 29 67 100 44 48 19 82 74 79 25 93 74 50 79 73 68 60 79 9 15 76 29 13 92 76 54 58 55 24 67 77 13 85 83 36 13 38 28 69 55 35 30 93 70 62 21 37 4 5 67 62 56 20 30 42 9 24 88 82 16 66 17 72 53 40 37 69 59 28 46 70 3 
100 49 62 60 64 38 63 61 51 26 60 99 88 6 79 11 93 63 59 28 100 35 93 60 13 27 48 29 75 36 2 62 44 16 42 31 58 74 28 7 48 17 44 19 98 76 91 99 7 19 36 53 49 14 79 100 7 22 91 38 21 72 89 64 73 6 42 9 42 76 48 76 76 6 97 45 84 43 43 96 91 66 51 18 67 83 88 74 15 81 98 14 53 67 74 62 14 72 30 31 96 79 81 62 50 55 28 24 68 97 17 66 56 35 33 55 70 42 1 1 81 93 93 6 4 78 38 70 
48 12 99 40 9 94 49 54 31 60 16 53 21 38 78 80 70 60 13 48 79 21 71 96 89 66 74 34 61 54 23 28 6 64 78 75 28 43 20 35 63 33 34 87 67 72 74 1 8 99 60 51 96 60 2 98 46 17 71 2 84 62 20 86 15 12 89 60 88 55 11 46 42 81 24 70 62 63 29 70 58 50 47 26 94 79 76 100 41 19 82 5 58 76 24 1 54 71 67 53 56 34 38 12 28 67 9 76 5 36 59 44 55 98 17 84 65 78 69 15 73 92 31 13 92 85 63 39 
9 43 56 60 28 63 86 64 85 30 55 59 82 15 89 15 19 54 59 51 5 41 52 52 66 57 8 37 97 80 49 11 60 44 63 52 81 43 34 27 12 25 19 42 5 87 13 32 48 96 22 67 95 91 18 95 30 40 89 58 73 97 34 52 80 10 79 41 48 50 30 68 81 92 70 56 45 21 89 93 55 9 95 69 60 54 95 78 23 27 92 59 74 21 91 63 90 70 21 94 11 4 95 93 75 95 3 3 5 34 99 66 22 88 39 67 78 49 64 9 71 58 62 34 85 32 33 13 
20 10 45 1 28 57 19 94 89 53 88 71 58 12 14 71 28 71 50 3 95 6 89 66 29 2 85 83 40 63 35 24 66 68 29 20 41 36 3 44 4 9 79 32 56 99 82 29 74 50 40 16 55 64 87 69 11 26 75 10 78 57 80 72 36 80 31 8 94 28 45 7 11 35 20 45 27 62 95 92 3 22 8 56 72 85 2 31 65 21 48 47 40 83 18 57 23 54 5 76 19 26 15 8 57 6 67 90 93 22 11 40 94 45 67 4 19 35 44 31 5 24 54 95 90 50 83 30 
99 31 99 64 19 34 21 48 7 36 7 69 1 91 73 13 99 80 73 42 18 17 74 53 59 90 66 61 62 49 75 85 86 77 88 16 30 57 76 12 83 35 50 40 99 79 45 44 66 99 3 38 68 90 49 88 33 88 82 15 49 74 24 39 92 97 79 76 65 10 46 87 38 40 45 53 60 21 72 64 41 43 51 10 38 69 34 66 66 67 26 73 80 23 20 5 47 53 79 78 69 43 93 30 2 46 27 41 78 56 90 20 9 83 76 48 27 44 28 25 25 38 65 72 3 97 74 46 
43 77 91 43 3 59 32 72 75 39 14 53 47 65 36 11 70 2 35 19 5 26 7 100 67 17 47 75 81 39 19 2 71 17 58 30 35 39 94 48 19 19 54 2 27 85 76 16 56 44 18 69 17 36 44 63 29 39 14 10 17 58 65 41 39 53 74 99 94 53 1 33 45 64 99 37 92 31 3 53 17 27 40 28 17 59 55 88 81 31 94 2 88 8 57 72 41 75 15 32 3 100 51 84 48 70 90 51 1 96 78 82 83 33 12 57 97 67 52 20 14 7 75 37 46 71 80 87 
60 78 47 51 3 97 39 40 43 37 7 64 90 20 46 7 30 24 15 18 40 78 24 42 7 61 67 2 42 88 63 66 13 74 45 80 20 1 16 56 48 31 67 86 54 14 19 75 13 68 50 98 48 21 13 79 86 43 97 52 34 76 10 9 90 45 4 34 10 29 71 33 6 64 82 69 100 59 34 42 57 45 29 68 53 1 26 80 48 10 91 68 37 42 80 77 51 33 99 2 36 54 37 37 99 94 72 13 3 32 67 14 85 55 75 39 7 9 13 14 45 36 16 99 96 92 75 29 
100 21 63 78 95 77 9 40 51 24 35 80 33 94 71 73 100 30 24 42 53 82 20 94 48 83 97 27 98 8 37 81 99 56 75 49 25 78 56 8 46 81 8 15 39 80 14 17 22 38 64 44 44 37 22 97 26 38 85 74 39 8 59 21 47 25 34 32 34 77 99 39 32 2 24 96 89 20 64 51 37 92 20 89 28 33 15 24 80 21 79 12 82 87 25 67 38 48 74 35 95 56 30 21 1 44 65 13 60 76 58 18 50 76 37 97 21 99 91 98 84 100 89 5 78 96 80 29 
66 28 87 65 22 3 22 55 99 50 20 33 89 55 80 77 14 61 77 56 58 37 49 31 96 72 42 89 4 80 82 88 99 71 39 33 58 94 18 48 17 76 67 13 79 88 36 65 80 27 75 28 46 77 72 74 8 76 12 33 70 32 50 19 98 53 46 96 20 9 35 93 20 68 25 19 35 77 92 22 3 87 75 13 92 60 20 89 23 96 29 1 41 20 54 55 89 54 11 87 91 33 100 72 63 86 38 71 76 21 53 74 27 78 13 88 66 14 54 45 69 25 85 7 30 38 79 45 
10 17 74 78 12 46 8 64 56 34 87 69 13 32 55 59 35 78 61 97 21 45 96 63 4 94 19 45 47 6 79 44 41 35 68 22 21 77 77 89 27 81 96 27 34 96 84 24 78 33 93 34 1 87 17 16 73 20 90 68 78 82 72 56 57 68 59 57 88 82 45 87 86 59 81 97 29 81 14 61 74 50 79 64 78 20 22 81 48 99 69 61 18 92 57 82 14 18 47 39 82 71 96 58 86 28 33 27 99 54 91 98 14 46 61 74 50 9 19 21 23 24 39 74 14 67 7 26 
57 61 60 77 87 89 93 90 98 95 13 63 60 22 60 100 93 35 12 5 31 59 52 87 80 76 65 83 10 37 1 60 15 69 70 67 60 42 99 88 3 33 79 86 47 20 68 6 25 83 90 2 41 59 7 98 28 11 61 19 18 14 24 16 82 12 10 56 26 96 69 58 87 40 59 43 40 47 2 67 20 16 87 28 23 23 75 50 62 8 2 19 29 95 31 61 92 65 3 10 85 15 73 96 78 23 49 74 88 74 67 64 39 30 45 75 29 62 41 20 76 3 41 10 65 92 23 46 
96 43 100 51 9 21 85 36 92 87 93 64 42 10 39 14 64 43 36 87 11 92 2 29 79 3 60 59 93 6 52 9 8 87 84 83 23 96 56 20 28 85 86 17 69 63 26 58 84 18 73 83 30 69 46 75 23 38 19 52 19 79 32 37 80 14 97 12 7 52 83 46 92 31 46 21 66 89 56 18 14 70 16 52 20 85 56 8 36 81 80 20 30 88 98 8 16 19 5 29 92 13 5 1 35 54 98 2 22 66 41 97 66 86 26 76 25 63 27 51 16 20 7 45 10 17 74 56 
68 46 31 17 71 85 50 18 59 43 94 55 88 54 73 42 83 45 10 39 50 58 61 37 69 29 67 85 65 19 67 12 64 21 62 79 51 52 91 41 43 38 73 44 13 91 58 50 85 89 28 19 79 21 18 2 64 90 95 16 57 95 74 68 59 91 36 91 24 85 10 39 17 82 81 47 98 41 81 77 62 88 90 77 39 91 20 73 14 91 76 36 72 77 56 11 34 38 79 15 100 12 28 53 74 6 25 11 99 82 10 57 47 5 48 33 18 31 83 16 65 24 98 39 64 42 55 3 
53 30 77 79 44 87 28 24 7 70 43 83 15 78 15 88 12 16 68 98 59 66 23 80 53 35 60 63 73 9 37 39 55 4 82 86 34 78 17 87 40 93 5 37 37 19 2 33 4 58 25 49 16 51 14 87 1 3 42 12 59 60 39 5 98 74 45 16 2 32 84 67 33 5 31 24 94 96 55 85 47 59 27 15 89 32 77 47 3 50 81 4 61 59 22 20 75 81 83 38 26 62 61 12 61 77 55 95 66 53 67 36 55 52 96 27 69 59 24 82 72 62 56 13 71 50 92 91 
99 58 84 75 48 91 25 71 58 60 71 42 56 72 41 37 19 61 37 41 64 91 46 16 55 78 6 80 49 65 93 56 32 97 68 41 92 69 4 99 70 17 75 89 95 47 67 5 13 41 14 19 40 64 76 72 82 83 43 71 61 36 78 5 93 64 81 72 59 33 12 13 68 14 71 10 9 65 10 42 91 81 47 23 13 59 20 63 33 26 40 94 41 75 99 47 70 91 54 45 61 71 62 56 99 75 50 28 2 8 27 82 21 74 66 49 80 37 66 16 84 21 30 23 61 68 87 48 
77 18 55 28 90 12 50 95 34 40 56 11 35 44 99 29 90 79 20 79 82 45 72 82 26 1 29 63 83 23 91 55 31 28 46 41 74 40 52 3 82 44 57 17 2 36 43 17 65 26 56 6 20 7 18 43 77 66 85 20 35 28 50 72 32 37 11 100 39 14 99 56 43 98 56 78 22 39 62 54 44 31 95 7 73 42 41 82 26 59 82 19 35 26 100 77 30 57 50 78 29 31 27 43 24 68 21 39 34 59 29 91 3 30 37 3 18 44 11 25 3 53 99 12 49 8 4 54 
11 41 39 84 62 72 72 42 72 6 19 12 1 29 72 56 81 68 48 75 19 6 100 72 70 73 86 2 26 33 8 93 58 5 54 32 16 66 19 90 63 32 2 6 5 31 39 17 15 65 96 73 88 81 78 13 61 82 43 40 94 45 50 2 6 1 22 21 62 6 12 96 20 63 8 78 29 22 1 57 51 10 50 43 41 79 15 10 78 78 7 74 35 71 87 76 55 100 94 10 30 56 82 50 40 99 84 25 79 9 6 39 50 14 90 60 25 50 91 65 21 97 33 76 95 30 72 72 
67 10 25 46 92 52 95 33 84 98 88 17 49 66 62 59 11 66 69 94 4 45 24 15 2 28 91 10 89 97 71 72 67 26 60 19 79 45 41 12 79 65 19 65 88 78 15 41 32 74 59 30 2 29 61 55 15 66 53 91 91 11 43 56 17 77 69 19 40 87 1 25 59 57 49 94 93 19 47 55 46 63 18 41 73 65 68 30 75 100 65 51 63 3 97 72 58 47 53 52 57 28 38 92 73 77 76 81 34 32 59 16 79 58 21 48 96 38 16 1 57 13 87 55 68 2 51 1 
62 3 10 12 99 62 11 41 74 9 86 4 33 72 68 51 43 13 90 88 95 94 64 47 18 8 18 99 93 72 68 98 32 73 16 46 25 34 82 40 9 2 74 59 86 67 43 79 92 97 29 6 97 29 100 9 22 97 90 19 62 86 83 56 10 7 41 84 40 95 39 33 35 79 19 7 69 12 63 17 72 26 49 91 29 68 37 62 66 32 91 95 57 80 48 53 87 85 55 26 79 59 12 91 45 56 26 93 59 54 86 97 36 35 25 16 62 90 82 42 87 6 74 2 25 45 62 51 
10 73 2 58 27 70 30 7 12 7 62 99 23 4 88 17 79 94 73 14 42 18 55 43 11 76 64 99 59 70 16 39 91 20 4 76 31 51 41 92 94 84 18 18 76 80 45 87 55 97 57 1 63 28 50 1 93 85 95 70 39 57 1 56 91 39 1 70 99 54 28 67 88 2 64 99 89 43 42 24 50 41 49 9 66 94 12 26 69 36 89 93 84 65 78 87 87 3 58 33 41 21 18 35 43 43 71 83 33 51 43 8 54 74 99 5 27 12 74 89 72 42 37 58 57 85 35 94 
7 99 39 57 81 12 22 88 57 80 45 18 95 29 34 25 33 86 98 3 84 15 100 40 14 24 98 66 74 6 90 48 35 6 100 24 58 43 69 44 32 2 34 41 59 9 29 52 41 70 57 51 70 97 60 65 1 48 75 89 86 49 83 45 68 8 27 49 20 62 45 45 68 97 94 37 40 45 8 38 24 30 69 32 57 42 71 29 64 25 77 74 31 57 8 23 79 30 24 30 65 38 2 59 100 71 51 31 59 19 56 31 12 37 50 1 48 39 76 99 54 9 8 42 6 82 46 97 
0.0 1.0 2.0 3.0 4.0 5.0 6.0 7.0 8.0 9.0 10.0 11.0 12.0 13.0 14.0 15.0 16.0 17.0 18.0 19.0 20.0 21.0 22.0 23.0 24.0 25.0 26.0 27.0 28.0 29.0 30.0 31.0 32.0 33.0 34.0 35.0 36.0 37.0 38.0 39.0 40.0 41.0 42.0 43.0 44.0 45.0 46.0 47.0 48.0 49.0 50.0 51.0 52.0 53.0 54.0 55.0 56.0 57.0 58.0 59.0 60.0 61.0 62.0 63.0 64.0 63.0 62.0 61.0 60.0 59.0 58.0 57.0 56.0 55.0 54.0 53.0 52.0 51.0 50.0 49.0 48.0 47.0 46.0 45.0 44.0 43.0 42.0 41.0 40.0 39.0 38.0 37.0 36.0 35.0 34.0 33.0 32.0 31.0 30.0 29.0 28.0 27.0 26.0 25.0 24.0 23.0 22.0 21.0 20.0 19.0 18.0 17.0 16.0 15.0 14.0 13.0 12.0 11.0 10.0 9.0 8.0 7.0 6.0 5.0 4.0 3.0 2.0 1.0 
1.0 0.0 1.0 2.0 3.0 4.0 5.0 6.0 7.0 8.0 9.0 10.0 11.0 12.0 13.0 14.0 15.0 16.0 17.0 18.0 19.0 20.0 21.0 22.0 23.0 24.0 25.0 26.0 27.0 28.0 29.0 30.0 31.0 32.0 33.0 34.0 35.0 36.0 37.0 38.0 39.0 40.0 41.0 42.0 43.0 44.0 45.0 46.0 47.0 48.0 49.0 50.0 51.0 52.0 53.0 54.0 55.0 56.0 57.0 58.0 59.0 60.0 61.0 62.0 63.0 64.0 63.0 62.0 61.0 60.0 59.0 58.0 57.0 56.0 55.0 54.0 53.0 52.0 51.0 50.0 49.0 48.0 47.0 46.0 45.0 44.0 43.0 42.0 41.0 40.0 39.0 38.0 37.0 36.0 35.0 34.0 33.0 32.0 31.0 30.0 29.0 28.0 27.0 26.0 25.0 24.0 23.0 22.0 21.0 20.0 19.0 18.0 17.0 16.0 15.0 14.0 13.0 12.0 11.0 10.0 9.0 8.0 7.0 6.0 5.0 4.0 3.0 2.0 
2.0 1.0 0.0 1.0 2.0 3.0 4.0 5.0 6.0 7.0 8.0 9.0 10.0 11.0 12.0 13.0 14.0 15.0 16.0 17.0 18.0 19.0 20.0 21.0 22.0 23.0 24.0 25.0 26.0 27.0 28.0 29.0 30.0 31.0 32.0 33.0 34.0 35.0 36.0 37.0 38.0 39.0 40.0 41.0 42.0 43.0 44.0 45.0 46.0 47.0 48.0 49.0 50.0 51.0 52.0 53.0 54.0 55.0 56.0 57.0 58.0 59.0 60.0 61.0 62.0 63.0 64.0 63.0 62.0 61.0 60.0 59.0 58.0 57.0 56.0 55.0 54.0 53.0 52.0 51.0 50.0 49.0 48.0 47.0 46.0 45.0 44.0 43.0 42.0 41.0 40.0 39.0 38.0 37.0 36.0 35.0 34.0 33.0 32.0 31.0 30.0 29.0 28.0 27.0 26.0 25.0 24.0 23.0 22.0 21.0 20.0 19.0 18.0 17.0 16.0 15.0 14.0 13.0 12.0 11.0 10.0 9.0 8.0 7.0 6.0 5.0 4.0 3.0 
3.0 2.0 1.0 0.0 1.0 2.0 3.0 4.0 5.0 6.0 7.0 8.0 9.0 10.0 11.0 12.0 13.0 14.0 15.0 16.0 17.0 18.0 19.0 20.0 21.0 22.0 23.0 24.0 25.0 26.0 27.0 28.0 29.0 30.0 31.0 32.0 33.0 34.0 35.0 36.0 37.0 38.0 39.0 40.0 41.0 42.0 43.0 44.0 45.0 46.0 47.0 48.0 49.0 50.0 51.0 52.0 53.0 54.0 55.0 56.0 57.0 58.0 59.0 60.0 61.0 62.0 63.0 64.0 63.0 62.0 61.0 60.0 59.0 58.0 57.0 56.0 55.0 54.0 53.0 52.0 51.0 50.0 49.0 48.0 47.0 46.0 45.0 44.0 43.0 42.0 41.0 40.0 39.0 38.0 37.0 36.0 35.0 34.0 33.0 32.0 31.0 30.0 29.0 28.0 27.0 26.0 25.0 24.0 23.0 22.0 21.0 20.0 19.0 18.0 17.0 16.0 15.0 14.0 13.0 12.0 11.0 10.0 9.0 8.0 7.0 6.0 5.0 4.0 
4.0 3.0 2.0 1.0 0.0 1.0 2.0 3.0 4.0 5.0 6.0 7.0 8.0 9.0 10.0 11.0 12.0 13.0 14.0 15.0 16.0 17.0 18.0 19.0 20.0 21.0 22.0 23.0 24.0 25.0 26.0 27.0 28.0 29.0 30.0 31.0 32.0 33.0 34.0 35.0 36.0 37.0 38.0 39.0 40.0 41.0 42.0 43.0 44.0 45.0 46.0 47.0 48.0 49.0 50.0 51.0 52.0 53.0 54.0 55.0 56.0 57.0 58.0 59.0 60.0 61.0 62.0 63.0 64.0 63.0 62.0 61.0 60.0 59.0 58.0 57.0 56.0 55.0 54.0 53.0 52.0 51.0 50.0 49.0 48.0 47.0 46.0 45.0 44.0 43.0 42.0 41.0 40.0 39.0 38.0 37.0 36.0 35.0 34.0 33.0 32.0 31.0 30.0 29.0 28.0 27.0 26.0 25.0 24.0 23.0 22.0 21.0 20.0 19.0 18.0 17.0 16.0 15.0 14.0 13.0 12.0 11.0 10.0 9.0 8.0 7.0 6.0 5.0 
5.0 4.0 3.0 2.0 1.0 0.0 1.0 2.0 3.0 4.0 5.0 6.0 7.0 8.0 9.0 10.0 11.0 12.0 13.0 14.0 15.0 16.0 17.0 18.0 19.0 20.0 21.0 22.0 23.0 24.0 25.0 26.0 27.0 28.0 29.0 30.0 31.0 32.0 33.0 34.0 35.0 36.0 37.0 38.0 39.0 40.0 41.0 42.0 43.0 44.0 45.0 46.0 47.0 48.0 49.0 50.0 51.0 52.0 53.0 54.0 55.0 56.0 57.0 58.0 59.0 60.0 61.0 62.0 63.0 64.0 63.0 62.0 61.0 60.0 59.0 58.0 57.0 56.0 55.0 54.0 53.0 52.0 51.0 50.0 49.0 48.0 47.0 46.0 45.0 44.0 43.0 42.0 41.0 40.0 39.0 38.0 37.0 36.0 35.0 34.0 33.0 32.0 31.0 30.0 29.0 28.0 27.0 26.0 25.0 24.0 23.0 22.0 21.0 20.0 19.0 18.0 17.0 16.0 15.0 14.0 13.0 12.0 11.0 10.0 9.0 8.0 7.0 6.0 
6.0 5.0 4.0 3.0 2.0 1.0 0.0 1.0 2.0 3.0 4.0 5.0 6.0 7.0 8.0 9.0 10.0 11.0 12.0 13.0 14.0 15.0 16.0 17.0 18.0 19.0 20.0 21.0 22.0 23.0 24.0 25.0 26.0 27.0 28.0 29.0 30.0 31.0 32.0 33.0 34.0 35.0 36.0 37.0 38.0 39.0 40.0 41.0 42.0 43.0 44.0 45.0 46.0 47.0 48.0 49.0 50.0 51.0 52.0 53.0 54.0 55.0 56.0 57.0 58.0 59.0 60.0 61.0 62.0 63.0 64.0 63.0 62.0 61.0 60.0 59.0 58.0 57.0 56.0 55.0 54.0 53.0 52.0 51.0 50.0 49.0 48.0 47.0 46.0 45.0 44.0 43.0 42.0 41.0 40.0 39.0 38.0 37.0 36.0 35.0 34.0 33.0 32.0 31.0 30.0 29.0 28.0 27.0 26.0 25.0 24.0 23.0 22.0 21.0 20.0 19.0 18.0 17.0 16.0 15.0 14.0 13.0 12.0 11.0 10.0 9.0 8.0 7.0 
7.0 6.0 5.0 4.0 3.0 2.0 1.0 0.0 1.0 2.0 3.0 4.0 5.0 6.0 7.0 8.0 9.0 10.0 11.0 12.0 13.0 14.0 15.0 16.0 17.0 18.0 19.0 20.0 21.0 22.0 23.0 24.0 25.0 26.0 27.0 28.0 29.0 30.0 31.0 32.0 33.0 34.0 35.0 36.0 37.0 38.0 39.0 40.0 41.0 42.0 43.0 44.0 45.0 46.0 47.0 48.0 49.0 50.0 51.0 52.0 53.0 54.0 55.0 56.0 57.0 58.0 59.0 60.0 61.0 62.0 63.0 64.0 63.0 62.0 61.0 60.0 59.0 58.0 57.0 56.0 55.0 54.0 53.0 52.0 51.0 50.0 49.0 48.0 47.0 46.0 45.0 44.0 43.0 42.0 41.0 40.0 39.0 38.0 37.0 36.0 35.0 34.0 33.0 32.0 31.0 30.0 29.0 28.0 27.0 26.0 25.0 24.0 23.0 22.0 21.0 20.0 19.0 18.0 17.0 16.0 15.0 14.0 13.0 12.0 11.0 10.0 9.0 8.0 
8.0 7.0 6.0 5.0 4.0 3.0 2.0 1.0 0.0 1.0 2.0 3.0 4.0 5.0 6.0 7.0 8.0 9.0 10.0 11.0 12.0 13.0 14.0 15.0 16.0 17.0 18.0 19.0 20.0 21.0 22.0 23.0 24.0 25.0 26.0 27.0 28.0 29.0 30.0 31.0 32.0 33.0 34.0 35.0 36.0 37.0 38.0 39.0 40.0 41.0 42.0 43.0 44.0 45.0 46.0 47.0 48.0 49.0 50.0 51.0 52.0 53.0 54.0 55.0 56.0 57.0 58.0 59.0 60.0 61.0 62.0 63.0 64.0 63.0 62.0 61.0 60.0 59.0 58.0 57.0 56.0 55.0 54.0 53.0 52.0 51.0 50.0 49.0 48.0 47.0 46.0 45.0 44.0 43.0 42.0 41.0 40.0 39.0 38.0 37.0 36.0 35.0 34.0 33.0 32.0 31.0 30.0 29.0 28.0 27.0 26.0 25.0 24.0 23.0 22.0 21.0 20.0 19.0 18.0 17.0 16.0 15.0 14.0 13.0 12.0 11.0 10.0 9.0 
9.0 8.0 7.0 6.0 5.0 4.0 3.0 2.0 1.0 0.0 1.0 2.0 3.0 4.0 5.0 6.0 7.0 8.0 9.0 10.0 11.0 12.0 13.0 14.0 15.0 16.0 17.0 18.0 19.0 20.0 21.0 22.0 23.0 24.0 25.0 26.0 27.0 28.0 29.0 30.0 31.0 32.0 33.0 34.0 35.0 36.0 37.0 38.0 39.0 40.0 41.0 42.0 43.0 44.0 45.0 46.0 47.0 48.0 49.0 50.0 51.0 52.0 53.0 54.0 55.0 56.0 57.0 58.0 59.0 60.0 61.0 62.0 63.0 64.0 63.0 62.0 61.0 60.0 59.0 58.0 57.0 56.0 55.0 54.0 53.0 52.0 51.0 50.0 49.0 48.0 47.0 46.0 45.0 44.0 43.0 42.0 41.0 40.0 39.0 38.0 37.0 36.0 35.0 34.0 33.0 32.0 31.0 30.0 29.0 28.0 27.0 26.0 25.0 24.0 23.0 22.0 21.0 20.0 19.0 18.0 17.0 16.0 15.0 14.0 13.0 12.0 11.0 10.0 
10.0 9.0 8.0 7.0 6.0 5.0 4.0 3.0 2.0 1.0 0.0 1.0 2.0 3.0 4.0 5.0 6.0 7.0 8.0 9.0 10.0 11.0 12.0 13.0 14.0 15.0 16.0 17.0 18.0 19.0 20.0 21.0 22.0 23.0 24.0 25.0 26.0 27.0 28.0 29.0 30.0 31.0 32.0 33.0 34.0 35.0 36.0 37.0 38.0 39.0 40.0 41.0 42.0 43.0 44.0 45.0 46.0 47.0 48.0 49.0 50.0 51.0 52.0 53.0 54.0 55.0 56.0 57.0 58.0 59.0 60.0 61.0 62.0 63.0 64.0 63.0 62.0 61.0 60.0 59.0 58.0 57.0 56.0 55.0 54.0 53.0 52.0 51.0 50.0 49.0 48.0 47.0 46.0 45.0 44.0 43.0 42.0 41.0 40.0 39.0 38.0 37.0 36.0 35.0 34.0 33.0 32.0 31.0 30.0 29.0 28.0 27.0 26.0 25.0 24.0 23.0 22.0 21.0 20.0 19.0 18.0 17.0 16.0 15.0 14.0 13.0 12.0 11.0 
11.0 10.0 9.0 8.0 7.0 6.0 5.0 4.0 3.0 2.0 1.0 0.0 1.0 2.0 3.0 4.0 5.0 6.0 7.0 8.0 9.0 10.0 11.0 12.0 13.0 14.0 15.0 16.0 17.0 18.0 19.0 20.0 21.0 22.0 23.0 24.0 25.0 26.0 27.0 28.0 29.0 30.0 31.0 32.0 33.0 34.0 35.0 36.0 37.0 38.0 39.0 40.0 41.0 42.0 43.0 44.0 45.0 46.0 47.0 48.0 49.0 50.0 51.0 52.0 53.0 54.0 55.0 56.0 57.0 58.0 59.0 60.0 61.0 62.0 63.0 64.0 63.0 62.0 61.0 60.0 59.0 58.0 57.0 56.0 55.0 54.0 53.0 52.0 51.0 50.0 49.0 48.0 47.0 46.0 45.0 44.0 43.0 42.0 41.0 40.0 39.0 38.0 37.0 36.0 35.0 34.0 33.0 32.0 31.0 30.0 29.0 28.0 27.0 26.0 25.0 24.0 23.0 22.0 21.0 20.0 19.0 18.0 17.0 16.0 15.0 14.0 13.0 12.0 
12.0 11.0 10.0 9.0 8.0 7.0 6.0 5.0 4.0 3.0 2.0 1.0 0.0 1.0 2.0 3.0 4.0 5.0 6.0 7.0 8.0 9.0 10.0 11.0 12.0 13.0 14.0 15.0 16.0 17.0 18.0 19.0 20.0 21.0 22.0 23.0 24.0 25.0 26.0 27.0 28.0 29.0 30.0 31.0 32.0 33.0 34.0 35.0 36.0 37.0 38.0 39.0 40.0 41.0 42.0 43.0 44.0 45.0 46.0 47.0 48.0 49.0 50.0 51.0 52.0 53.0 54.0 55.0 56.0 57.0 58.0 59.0 60.0 61.0 62.0 63.0 64.0 63.0 62.0 61.0 60.0 59.0 58.0 57.0 56.0 55.0 54.0 53.0 52.0 51.0 50.0 49.0 48.0 47.0 46.0 45.0 44.0 43.0 42.0 41.0 40.0 39.0 38.0 37.0 36.0 35.0 34.0 33.0 32.0 31.0 30.0 29.0 28.0 27.0 26.0 25.0 24.0 23.0 22.0 21.0 20.0 19.0 18.0 17.0 16.0 15.0 14.0 13.0 
13.0 12.0 11.0 10.0 9.0 8.0 7.0 6.0 5.0 4.0 3.0 2.0 1.0 0.0 1.0 2.0 3.0 4.0 5.0 6.0 7.0 8.0 9.0 10.0 11.0 12.0 13.0 14.0 15.0 16.0 17.0 18.0 19.0 20.0 21.0 22.0 23.0 24.0 25.0 26.0 27.0 28.0 29.0 30.0 31.0 32.0 33.0 34.0 35.0 36.0 37.0 38.0 39.0 40.0 41.0 42.0 43.0 44.0 45.0 46.0 47.0 48.0 49.0 50.0 51.0 52.0 53.0 54.0 55.0 56.0 57.0 58.0 59.0 60.0 61.0 62.0 63.0 64.0 63.0 62.0 61.0 60.0 59.0 58.0 57.0 56.0 55.0 54.0 53.0 52.0 51.0 50.0 49.0 48.0 47.0 46.0 45.0 44.0 43.0 42.0 41.0 40.0 39.0 38.0 37.0 36.0 35.0 34.0 33.0 32.0 31.0 30.0 29.0 28.0 27.0 26.0 25.0 24.0 23.0 22.0 21.0 20.0 19.0 18.0 17.0 16.0 15.0 14.0 
14.0 13.0 12.0 11.0 10.0 9.0 8.0 7.0 6.0 5.0 4.0 3.0 2.0 1.0 0.0 1.0 2.0 3.0 4.0 5.0 6.0 7.0 8.0 9.0 10.0 11.0 12.0 13.0 14.0 15.0 16.0 17.0 18.0 19.0 20.0 21.0 22.0 23.0 24.0 25.0 26.0 27.0 28.0 29.0 30.0 31.0 32.0 33.0 34.0 35.0 36.0 37.0 38.0 39.0 40.0 41.0 42.0 43.0 44.0 45.0 46.0 47.0 48.0 49.0 50.0 51.0 52.0 53.0 54.0 55.0 56.0 57.0 58.0 59.0 60.0 61.0 62.0 63.0 64.0 63.0 62.0 61.0 60.0 59.0 58.0 57.0 56.0 55.0 54.0 53.0 52.0 51.0 50.0 49.0 48.0 47.0 46.0 45.0 44.0 43.0 42.0 41.0 40.0 39.0 38.0 37.0 36.0 35.0 34.0 33.0 32.0 31.0 30.0 29.0 28.0 27.0 26.0 25.0 24.0 23.0 22.0 21.0 20.0 19.0 18.0 17.0 16.0 15.0 
15.0 14.0 13.0 12.0 11.0 10.0 9.0 8.0 7.0 6.0 5.0 4.0 3.0 2.0 1.0 0.0 1.0 2.0 3.0 4.0 5.0 6.0 7.0 8.0 9.0 10.0 11.0 12.0 13.0 14.0 15.0 16.0 17.0 18.0 19.0 20.0 21.0 22.0 23.0 24.0 25.0 26.0 27.0 28.0 29.0 30.0 31.0 32.0 33.0 34.0 35.0 36.0 37.0 38.0 39.0 40.0 41.0 42.0 43.0 44.0 45.0 46.0 47.0 48.0 49.0 50.0 51.0 52.0 53.0 54.0 55.0 56.0 57.0 58.0 59.0 60.0 61.0 62.0 63.0 64.0 63.0 62.0 61.0 60.0 59.0 58.0 57.0 56.0 55.0 54.0 53.0 52.0 51.0 50.0 49.0 48.0 47.0 46.0 45.0 44.0 43.0 42.0 41.0 40.0 39.0 38.0 37.0 36.0 35.0 34.0 33.0 32.0 31.0 30.0 29.0 28.0 27.0 26.0 25.0 24.0 23.0 22.0 21.0 20.0 19.0 18.0 17.0 16.0 
16.0 15.0 14.0 13.0 12.0 11.0 10.0 9.0 8.0 7.0 6.0 5.0 4.0 3.0 2.0 1.0 0.0 1.0 2.0 3.0 4.0 5.0 6.0 7.0 8.0 9.0 10.0 11.0 12.0 13.0 14.0 15.0 16.0 17.0 18.0 19.0 20.0 21.0 22.0 23.0 24.0 25.0 26.0 27.0 28.0 29.0 30.0 31.0 32.0 33.0 34.0 35.0 36.0 37.0 38.0 39.0 40.0 41.0 42.0 43.0 44.0 45.0 46.0 47.0 48.0 49.0 50.0 51.0 52.0 53.0 54.0 55.0 56.0 57.0 58.0 59.0 60.0 61.0 62.0 63.0 64.0 63.0 62.0 61.0 60.0 59.0 58.0 57.0 56.0 55.0 54.0 53.0 52.0 51.0 50.0 49.0 48.0 47.0 46.0 45.0 44.0 43.0 42.0 41.0 40.0 39.0 38.0 37.0 36.0 35.0 34.0 33.0 32.0 31.0 30.0 29.0 28.0 27.0 26.0 25.0 24.0 23.0 22.0 21.0 20.0 19.0 18.0 17.0 
17.0 16.0 15.0 14.0 13.0 12.0 11.0 10.0 9.0 8.0 7.0 6.0 5.0 4.0 3.0 2.0 1.0 0.0 1.0 2.0 3.0 4.0 5.0 6.0 7.0 8.0 9.0 10.0 11.0 12.0 13.0 14.0 15.0 16.0 17.0 18.0 19.0 20.0 21.0 22.0 23.0 24.0 25.0 26.0 27.0 28.0 29.0 30.0 31.0 32.0 33.0 34.0 35.0 36.0 37.0 38.0 39.0 40.0 41.0 42.0 43.0 44.0 45.0 46.0 47.0 48.0 49.0 50.0 51.0 52.0 53.0 54.0 55.0 56.0 57.0 58.0 59.0 60.0 61.0 62.0 63.0 64.0 63.0 62.0 61.0 60.0 59.0 58.0 57.0 56.0 55.0 54.0 53.0 52.0 51.0 50.0 49.0 48.0 47.0 46.0 45.0 44.0 43.0 42.0 41.0 40.0 39.0 38.0 37.0 36.0 35.0 34.0 33.0 32.0 31.0 30.0 29.0 28.0 27.0 26.0 25.0 24.0 23.0 22.0 21.0 20.0 19.0 18.0 
18.0 17.0 16.0 15.0 14.0 13.0 12.0 11.0 10.0 9.0 8.0 7.0 6.0 5.0 4.0 3.0 2.0 1.0 0.0 1.0 2.0 3.0 4.0 5.0 6.0 7.0 8.0 9.0 10.0 11.0 12.0 13.0 14.0 15.0 16.0 17.0 18.0 19.0 20.0 21.0 22.0 23.0 24.0 25.0 26.0 27.0 28.0 29.0 30.0 31.0 32.0 33.0 34.0 35.0 36.0 37.0 38.0 39.0 40.0 41.0 42.0 43.0 44.0 45.0 46.0 47.0 48.0 49.0 50.0 51.0 52.0 53.0 54.0 55.0 56.0 57.0 58.0 59.0 60.0 61.0 62.0 63.0 64.0 63.0 62.0 61.0 60.0 59.0 58.0 57.0 56.0 55.0 54.0 53.0 52.0 51.0 50.0 49.0 48.0 47.0 46.0 45.0 44.0 43.0 42.0 41.0 40.0 39.0 38.0 37.0 36.0 35.0 34.0 33.0 32.0 31.0 30.0 29.0 28.0 27.0 26.0 25.0 24.0 23.0 22.0 21.0 20.0 19.0 
19.0 18.0 17.0 16.0 15.0 14.0 13.0 12.0 11.0 10.0 9.0 8.0 7.0 6.0 5.0 4.0 3.0 2.0 1.0 0.0 1.0 2.0 3.0 4.0 5.0 6.0 7.0 8.0 9.0 10.0 11.0 12.0 13.0 14.0 15.0 16.0 17.0 18.0 19.0 20.0 21.0 22.0 23.0 24.0 25.0 26.0 27.0 28.0 29.0 30.0 31.0 32.0 33.0 34.0 35.0 36.0 37.0 38.0 39.0 40.0 41.0 42.0 43.0 44.0 45.0 46.0 47.0 48.0 49.0 50.0 51.0 52.0 53.0 54.0 55.0 56.0 57.0 58.0 59.0 60.0 61.0 62.0 63.0 64.0 63.0 62.0 61.0 60.0 59.0 58.0 57.0 56.0 55.0 54.0 53.0 52.0 51.0 50.0 49.0 48.0 47.0 46.0 45.0 44.0 43.0 42.0 41.0 40.0 39.0 38.0 37.0 36.0 35.0 34.0 33.0 32.0 31.0 30.0 29.0 28.0 27.0 26.0 25.0 24.0 23.0 22.0 21.0 20.0 
20.0 19.0 18.0 17.0 16.0 15.0 14.0 13.0 12.0 11.0 10.0 9.0 8.0 7.0 6.0 5.0 4.0 3.0 2.0 1.0 0.0 1.0 2.0 3.0 4.0 5.0 6.0 7.0 8.0 9.0 10.0 11.0 12.0 13.0 14.0 15.0 16.0 17.0 18.0 19.0 20.0 21.0 22.0 23.0 24.0 25.0 26.0 27.0 28.0 29.0 30.0 31.0 32.0 33.0 34.0 35.0 36.0 37.0 38.0 39.0 40.0 41.0 42.0 43.0 44.0 45.0 46.0 47.0 48.0 49.0 50.0 51.0 52.0 53.0 54.0 55.0 56.0 57.0 58.0 59.0 60.0 61.0 62.0 63.0 64.0 63.0 62.0 61.0 60.0 59.0 58.0 57.0 56.0 55.0 54.0 53.0 52.0 51.0 50.0 49.0 48.0 47.0 46.0 45.0 44.0 43.0 42.0 41.0 40.0 39.0 38.0 37.0 36.0 35.0 34.0 33.0 32.0 31.0 30.0 29.0 28.0 27.0 26.0 25.0 24.0 23.0 22.0 21.0 
21.0 20.0 19.0 18.0 17.0 16.0 15.0 14.0 13.0 12.0 11.0 10.0 9.0 8.0 7.0 6.0 5.0 4.0 3.0 2.0 1.0 0.0 1.0 2.0 3.0 4.0 5.0 6.0 7.0 8.0 9.0 10.0 11.0 12.0 13.0 14.0 15.0 16.0 17.0 18.0 19.0 20.0 21.0 22.0 23.0 24.0 25.0 26.0 27.0 28.0 29.0 30.0 31.0 32.0 33.0 34.0 35.0 36.0 37.0 38.0 39.0 40.0 41.0 42.0 43.0 44.0 45.0 46.0 47.0 48.0 49.0 50.0 51.0 52.0 53.0 54.0 55.0 56.0 57.0 58.0 59.0 60.0 61.0 62.0 63.0 64.0 63.0 62.0 61.0 60.0 59.0 58.0 57.0 56.0 55.0 54.0 53.0 52.0 51.0 50.0 49.0 48.0 47.0 46.0 45.0 44.0 43.0 42.0 41.0 40.0 39.0 38.0 37.0 36.0 35.0 34.0 33.0 32.0 31.0 30.0 29.0 28.0 27.0 26.0 25.0 24.0 23.0 22.0 
22.0 21.0 20.0 19.0 18.0 17.0 16.0 15.0 14.0 13.0 12.0 11.0 10.0 9.0 8.0 7.0 6.0 5.0 4.0 3.0 2.0 1.0 0.0 1.0 2.0 3.0 4.0 5.0 6.0 7.0 8.0 9.0 10.0 11.0 12.0 13.0 14.0 15.0 16.0 17.0 18.0 19.0 20.0 21.0 22.0 23.0 24.0 25.0 26.0 27.0 28.0 29.0 30.0 31.0 32.0 33.0 34.0 35.0 36.0 37.0 38.0 39.0 40.0 41.0 42.0 43.0 44.0 45.0 46.0 47.0 48.0 49.0 50.0 51.0 52.0 53.0 54.0 55.0 56.0 57.0 58.0 59.0 60.0 61.0 62.0 63.0 64.0 63.0 62.0 61.0 60.0 59.0 58.0 57.0 56.0 55.0 54.0 53.0 52.0 51.0 50.0 49.0 48.0 47.0 46.0 45.0 44.0 43.0 42.0 41.0 40.0 39.0 38.0 37.0 36.0 35.0 34.0 33.0 32.0 31.0 30.0 29.0 28.0 27.0 26.0 25.0 24.0 23.0 
23.0 22.0 21.0 20.0 19.0 18.0 17.0 16.0 15.0 14.0 13.0 12.0 11.0 10.0 9.0 8.0 7.0 6.0 5.0 4.0 3.0 2.0 1.0 0.0 1.0 2.0 3.0 4.0 5.0 6.0 7.0 8.0 9.0 10.0 11.0 12.0 13.0 14.0 15.0 16.0 17.0 18.0 19.0 20.0 21.0 22.0 23.0 24.0 25.0 26.0 27.0 28.0 29.0 30.0 31.0 32.0 33.0 34.0 35.0 36.0 37.0 38.0 39.0 40.0 41.0 42.0 43.0 44.0 45.0 46.0 47.0 48.0 49.0 50.0 51.0 52.0 53.0 54.0 55.0 56.0 57.0 58.0 59.0 60.0 61.0 62.0 63.0 64.0 63.0 62.0 61.0 60.0 59.0 58.0 57.0 56.0 55.0 54.0 53.0 52.0 51.0 50.0 49.0 48.0 47.0 46.0 45.0 44.0 43.0 42.0 41.0 40.0 39.0 38.0 37.0 36.0 35.0 34.0 33.0 32.0 31.0 30.0 29.0 28.0 27.0 26.0 25.0 24.0 
24.0 23.0 22.0 21.0 20.0 19.0 18.0 17.0 16.0 15.0 14.0 13.0 12.0 11.0 10.0 9.0 8.0 7.0 6.0 5.0 4.0 3.0 2.0 1.0 0.0 1.0 2.0 3.0 4.0 5.0 6.0 7.0 8.0 9.0 10.0 11.0 12.0 13.0 14.0 15.0 16.0 17.0 18.0 19.0 20.0 21.0 22.0 23.0 24.0 25.0 26.0 27.0 28.0 29.0 30.0 31.0 32.0 33.0 34.0 35.0 36.0 37.0 38.0 39.0 40.0 41.0 42.0 43.0 44.0 45.0 46.0 47.0 48.0 49.0 50.0 51.0 52.0 53.0 54.0 55.0 56.0 57.0 58.0 59.0 60.0 61.0 62.0 63.0 64.0 63.0 62.0 61.0 60.0 59.0 58.0 57.0 56.0 55.0 54.0 53.0 52.0 51.0 50.0 49.0 48.0 47.0 46.0 45.0 44.0 43.0 42.0 41.0 40.0 39.0 38.0 37.0 36.0 35.0 34.0 33.0 32.0 31.0 30.0 29.0 28.0 27.0 26.0 25.0 
25.0 24.0 23.0 22.0 21.0 20.0 19.0 18.0 17.0 16.0 15.0 14.0 13.0 12.0 11.0 10.0 9.0 8.0 7.0 6.0 5.0 4.0 3.0 2.0 1.0 0.0 1.0 2.0 3.0 4.0 5.0 6.0 7.0 8.0 9.0 10.0 11.0 12.0 13.0 14.0 15.0 16.0 17.0 18.0 19.0 20.0 21.0 22.0 23.0 24.0 25.0 26.0 27.0 28.0 29.0 30.0 31.0 32.0 33.0 34.0 35.0 36.0 37.0 38.0 39.0 40.0 41.0 42.0 43.0 44.0 45.0 46.0 47.0 48.0 49.0 50.0 51.0 52.0 53.0 54.0 55.0 56.0 57.0 58.0 59.0 60.0 61.0 62.0 63.0 64.0 63.0 62.0 61.0 60.0 59.0 58.0 57.0 56.0 55.0 54.0 53.0 52.0 51.0 50.0 49.0 48.0 47.0 46.0 45.0 44.0 43.0 42.0 41.0 40.0 39.0 38.0 37.0 36.0 35.0 34.0 33.0 32.0 31.0 30.0 29.0 28.0 27.0 26.0 
26.0 25.0 24.0 23.0 22.0 21.0 20.0 19.0 18.0 17.0 16.0 15.0 14.0 13.0 12.0 11.0 10.0 9.0 8.0 7.0 6.0 5.0 4.0 3.0 2.0 1.0 0.0 1.0 2.0 3.0 4.0 5.0 6.0 7.0 8.0 9.0 10.0 11.0 12.0 13.0 14.0 15.0 16.0 17.0 18.0 19.0 20.0 21.0 22.0 23.0 24.0 25.0 26.0 27.0 28.0 29.0 30.0 31.0 32.0 33.0 34.0 35.0 36.0 37.0 38.0 39.0 40.0 41.0 42.0 43.0 44.0 45.0 46.0 47.0 48.0 49.0 50.0 51.0 52.0 53.0 54.0 55.0 56.0 57.0 58.0 59.0 60.0 61.0 62.0 63.0 64.0 63.0 62.0 61.0 60.0 59.0 58.0 57.0 56.0 55.0 54.0 53.0 52.0 51.0 50.0 49.0 48.0 47.0 46.0 45.0 44.0 43.0 42.0 41.0 40.0 39.0 38.0 37.0 36.0 35.0 34.0 33.0 32.0 31.0 30.0 29.0 28.0 27.0 
27.0 26.0 25.0 24.0 23.0 22.0 21.0 20.0 19.0 18.0 17.0 16.0 15.0 14.0 13.0 12.0 11.0 10.0 9.0 8.0 7.0 6.0 5.0 4.0 3.0 2.0 1.0 0.0 1.0 2.0 3.0 4.0 5.0 6.0 7.0 8.0 9.0 10.0 11.0 12.0 13.0 14.0 15.0 16.0 17.0 18.0 19.0 20.0 21.0 22.0 23.0 24.0 25.0 26.0 27.0 28.0 29.0 30.0 31.0 32.0 33.0 34.0 35.0 36.0 37.0 38.0 39.0 40.0 41.0 42.0 43.0 44.0 45.0 46.0 47.0 48.0 49.0 50.0 51.0 52.0 53.0 54.0 55.0 56.0 57.0 58.0 59.0 60.0 61.0 62.0 63.0 64.0 63.0 62.0 61.0 60.0 59.0 58.0 57.0 56.0 55.0 54.0 53.0 52.0 51.0 50.0 49.0 48.0 47.0 46.0 45.0 44.0 43.0 42.0 41.0 40.0 39.0 38.0 37.0 36.0 35.0 34.0 33.0 32.0 31.0 30.0 29.0 28.0 
28.0 27.0 26.0 25.0 24.0 23.0 22.0 21.0 20.0 19.0 18.0 17.0 16.0 15.0 14.0 13.0 12.0 11.0 10.0 9.0 8.0 7.0 6.0 5.0 4.0 3.0 2.0 1.0 0.0 1.0 2.0 3.0 4.0 5.0 6.0 7.0 8.0 9.0 10.0 11.0 12.0 13.0 14.0 15.0 16.0 17.0 18.0 19.0 20.0 21.0 22.0 23.0 24.0 25.0 26.0 27.0 28.0 29.0 30.0 31.0 32.0 33.0 34.0 35.0 36.0 37.0 38.0 39.0 40.0 41.0 42.0 43.0 44.0 45.0 46.0 47.0 48.0 49.0 50.0 51.0 52.0 53.0 54.0 55.0 56.0 57.0 58.0 59.0 60.0 61.0 62.0 63.0 64.0 63.0 62.0 61.0 60.0 59.0 58.0 57.0 56.0 55.0 54.0 53.0 52.0 51.0 50.0 49.0 48.0 47.0 46.0 45.0 44.0 43.0 42.0 41.0 40.0 39.0 38.0 37.0 36.0 35.0 34.0 33.0 32.0 31.0 30.0 29.0 
29.0 28.0 27.0 26.0 25.0 24.0 23.0 22.0 21.0 20.0 19.0 18.0 17.0 16.0 15.0 14.0 13.0 12.0 11.0 10.0 9.0 8.0 7.0 6.0 5.0 4.0 3.0 2.0 1.0 0.0 1.0 2.0 3.0 4.0 5.0 6.0 7.0 8.0 9.0 10.0 11.0 12.0 13.0 14.0 15.0 16.0 17.0 18.0 19.0 20.0 21.0 22.0 23.0 24.0 25.0 26.0 27.0 28.0 29.0 30.0 31.0 32.0 33.0 34.0 35.0 36.0 37.0 38.0 39.0 40.0 41.0 42.0 43.0 44.0 45.0 46.0 47.0 48.0 49.0 50.0 51.0 52.0 53.0 54.0 55.0 56.0 57.0 58.0 59.0 60.0 61.0 62.0 63.0 64.0 63.0 62.0 61.0 60.0 59.0 58.0 57.0 56.0 55.0 54.0 53.0 52.0 51.0 50.0 49.0 48.0 47.0 46.0 45.0 44.0 43.0 42.0 41.0 40.0 39.0 38.0 37.0 36.0 35.0 34.0 33.0 32.0 31.0 30.0 
30.0 29.0 28.0 27.0 26.0 25.0 24.0 23.0 22.0 21.0 20.0 19.0 18.0 17.0 16.0 15.0 14.0 13.0 12.0 11.0 10.0 9.0 8.0 7.0 6.0 5.0 4.0 3.0 2.0 1.0 0.0 1.0 2.0 3.0 4.0 5.0 6.0 7.0 8.0 9.0 10.0 11.0 12.0 13.0 14.0 15.0 16.0 17.0 18.0 19.0 20.0 21.0 22.0 23.0 24.0 25.0 26.0 27.0 28.0 29.0 30.0 31.0 32.0 33.0 34.0 35.0 36.0 37.0 38.0 39.0 40.0 41.0 42.0 43.0 44.0 45.0 46.0 47.0 48.0 49.0 50.0 51.0 52.0 53.0 54.0 55.0 56.0 57.0 58.0 59.0 60.0 61.0 62.0 63.0 64.0 63.0 62.0 61.0 60.0 59.0 58.0 57.0 56.0 55.0 54.0 53.0 52.0 51.0 50.0 49.0 48.0 47.0 46.0 45.0 44.0 43.0 42.0 41.0 40.0 39.0 38.0 37.0 36.0 35.0 34.0 33.0 32.0 31.0 
31.0 30.0 29.0 28.0 27.0 26.0 25.0 24.0 23.0 22.0 21.0 20.0 19.0 18.0 17.0 16.0 15.0 14.0 13.0 12.0 11.0 10.0 9.0 8.0 7.0 6.0 5.0 4.0 3.0 2.0 1.0 0.0 1.0 2.0 3.0 4.0 5.0 6.0 7.0 8.0 9.0 10.0 11.0 12.0 13.0 14.0 15.0 16.0 17.0 18.0 19.0 20.0 21.0 22.0 23.0 24.0 25.0 26.0 27.0 28.0 29.0 30.0 31.0 32.0 33.0 34.0 35.0 36.0 37.0 38.0 39.0 40.0 41.0 42.0 43.0 44.0 45.0 46.0 47.0 48.0 49.0 50.0 51.0 52.0 53.0 54.0 55.0 56.0 57.0 58.0 59.0 60.0 61.0 62.0 63.0 64.0 63.0 62.0 61.0 60.0 59.0 58.0 57.0 56.0 55.0 54.0 53.0 52.0 51.0 50.0 49.0 48.0 47.0 46.0 45.0 44.0 43.0 42.0 41.0 40.0 39.0 38.0 37.0 36.0 35.0 34.0 33.0 32.0 
32.0 31.0 30.0 29.0 28.0 27.0 26.0 25.0 24.0 23.0 22.0 21.0 20.0 19.0 18.0 17.0 16.0 15.0 14.0 13.0 12.0 11.0 10.0 9.0 8.0 7.0 6.0 5.0 4.0 3.0 2.0 1.0 0.0 1.0 2.0 3.0 4.0 5.0 6.0 7.0 8.0 9.0 10.0 11.0 12.0 13.0 14.0 15.0 16.0 17.0 18.0 19.0 20.0 21.0 22.0 23.0 24.0 25.0 26.0 27.0 28.0 29.0 30.0 31.0 32.0 33.0 34.0 35.0 36.0 37.0 38.0 39.0 40.0 41.0 42.0 43.0 44.0 45.0 46.0 47.0 48.0 49.0 50.0 51.0 52.0 53.0 54.0 55.0 56.0 57.0 58.0 59.0 60.0 61.0 62.0 63.0 64.0 63.0 62.0 61.0 60.0 59.0 58.0 57.0 56.0 55.0 54.0 53.0 52.0 51.0 50.0 49.0 48.0 47.0 46.0 45.0 44.0 43.0 42.0 41.0 40.0 39.0 38.0 37.0 36.0 35.0 34.0 33.0 
33.0 32.0 31.0 30.0 29.0 28.0 27.0 26.0 25.0 24.0 23.0 22.0 21.0 20.0 19.0 18.0 17.0 16.0 15.0 14.0 13.0 12.0 11.0 10.0 9.0 8.0 7.0 6.0 5.0 4.0 3.0 2.0 1.0 0.0 1.0 2.0 3.0 4.0 5.0 6.0 7.0 8.0 9.0 10.0 11.0 12.0 13.0 14.0 15.0 16.0 17.0 18.0 19.0 20.0 21.0 22.0 23.0 24.0 25.0 26.0 27.0 28.0 29.0 30.0 31.0 32.0 33.0 34.0 35.0 36.0 37.0 38.0 39.0 40.0 41.0 42.0 43.0 44.0 45.0 46.0 47.0 48.0 49.0 50.0 51.0 52.0 53.0 54.0 55.0 56.0 57.0 58.0 59.0 60.0 61.0 62.0 63.0 64.0 63.0 62.0 61.0 60.0 59.0 58.0 57.0 56.0 55.0 54.0 53.0 52.0 51.0 50.0 49.0 48.0 47.0 46.0 45.0 44.0 43.0 42.0 41.0 40.0 39.0 38.0 37.0 36.0 35.0 34.0 
34.0 33.0 32.0 31.0 30.0 29.0 28.0 27.0 26.0 25.0 24.0 23.0 22.0 21.0 20.0 19.0 18.0 17.0 16.0 15.0 14.0 13.0 12.0 11.0 10.0 9.0 8.0 7.0 6.0 5.0 4.0 3.0 2.0 1.0 0.0 1.0 2.0 3.0 4.0 5.0 6.0 7.0 8.0 9.0 10.0 11.0 12.0 13.0 14.0 15.0 16.0 17.0 18.0 19.0 20.0 21.0 22.0 23.0 24.0 25.0 26.0 27.0 28.0 29.0 30.0 31.0 32.0 33.0 34.0 35.0 36.0 37.0 38.0 39.0 40.0 41.0 42.0 43.0 44.0 45.0 46.0 47.0 48.0 49.0 50.0 51.0 52.0 53.0 54.0 55.0 56.0 57.0 58.0 59.0 60.0 61.0 62.0 63.0 64.0 63.0 62.0 61.0 60.0 59.0 58.0 57.0 56.0 55.0 54.0 53.0 52.0 51.0 50.0 49.0 48.0 47.0 46.0 45.0 44.0 43.0 42.0 41.0 40.0 39.0 38.0 37.0 36.0 35.0 
35.0 34.0 33.0 32.0 31.0 30.0 29.0 28.0 27.0 26.0 25.0 24.0 23.0 22.0 21.0 20.0 19.0 18.0 17.0 16.0 15.0 14.0 13.0 12.0 11.0 10.0 9.0 8.0 7.0 6.0 5.0 4.0 3.0 2.0 1.0 0.0 1.0 2.0 3.0 4.0 5.0 6.0 7.0 8.0 9.0 10.0 11.0 12.0 13.0 14.0 15.0 16.0 17.0 18.0 19.0 20.0 21.0 22.0 23.0 24.0 25.0 26.0 27.0 28.0 29.0 30.0 31.0 32.0 33.0 34.0 35.0 36.0 37.0 38.0 39.0 40.0 41.0 42.0 43.0 44.0 45.0 46.0 47.0 48.0 49.0 50.0 51.0 52.0 53.0 54.0 55.0 56.0 57.0 58.0 59.0 60.0 61.0 62.0 63.0 64.0 63.0 62.0 61.0 60.0 59.0 58.0 57.0 56.0 55.0 54.0 53.0 52.0 51.0 50.0 49.0 48.0 47.0 46.0 45.0 44.0 43.0 42.0 41.0 40.0 39.0 38.0 37.0 36.0 
36.0 35.0 34.0 33.0 32.0 31.0 30.0 29.0 28.0 27.0 26.0 25.0 24.0 23.0 22.0 21.0 20.0 19.0 18.0 17.0 16.0 15.0 14.0 13.0 12.0 11.0 10.0 9.0 8.0 7.0 6.0 5.0 4.0 3.0 2.0 1.0 0.0 1.0 2.0 3.0 4.0 5.0 6.0 7.0 8.0 9.0 10.0 11.0 12.0 13.0 14.0 15.0 16.0 17.0 18.0 19.0 20.0 21.0 22.0 23.0 24.0 25.0 26.0 27.0 28.0 29.0 30.0 31.0 32.0 33.0 34.0 35.0 36.0 37.0 38.0 39.0 40.0 41.0 42.0 43.0 44.0 45.0 46.0 47.0 48.0 49.0 50.0 51.0 52.0 53.0 54.0 55.0 56.0 57.0 58.0 59.0 60.0 61.0 62.0 63.0 64.0 63.0 62.0 61.0 60.0 59.0 58.0 57.0 56.0 55.0 54.0 53.0 52.0 51.0 50.0 49.0 48.0 47.0 46.0 45.0 44.0 43.0 42.0 41.0 40.0 39.0 38.0 37.0 
37.0 36.0 35.0 34.0 33.0 32.0 31.0 30.0 29.0 28.0 27.0 26.0 25.0 24.0 23.0 22.0 21.0 20.0 19.0 18.0 17.0 16.0 15.0 14.0 13.0 12.0 11.0 10.0 9.0 8.0 7.0 6.0 5.0 4.0 3.0 2.0 1.0 0.0 1.0 2.0 3.0 4.0 5.0 6.0 7.0 8.0 9.0 10.0 11.0 12.0 13.0 14.0 15.0 16.0 17.0 18.0 19.0 20.0 21.0 22.0 23.0 24.0 25.0 26.0 27.0 28.0 29.0 30.0 31.0 32.0 33.0 34.0 35.0 36.0 37.0 38.0 39.0 40.0 41.0 42.0 43.0 44.0 45.0 46.0 47.0 48.0 49.0 50.0 51.0 52.0 53.0 54.0 55.0 56.0 57.0 58.0 59.0 60.0 61.0 62.0 63.0 64.0 63.0 62.0 61.0 60.0 59.0 58.0 57.0 56.0 55.0 54.0 53.0 52.0 51.0 50.0 49.0 48.0 47.0 46.0 45.0 44.0 43.0 42.0 41.0 40.0 39.0 38.0 
38.0 37.0 36.0 35.0 34.0 33.0 32.0 31.0 30.0 29.0 28.0 27.0 26.0 25.0 24.0 23.0 22.0 21.0 20.0 19.0 18.0 17.0 16.0 15.0 14.0 13.0 12.0 11.0 10.0 9.0 8.0 7.0 6.0 5.0 4.0 3.0 2.0 1.0 0.0 1.0 2.0 3.0 4.0 5.0 6.0 7.0 8.0 9.0 10.0 11.0 12.0 13.0 14.0 15.0 16.0 17.0 18.0 19.0 20.0 21.0 22.0 23.0 24.0 25.0 26.0 27.0 28.0 29.0 30.0 31.0 32.0 33.0 34.0 35.0 36.0 37.0 38.0 39.0 40.0 41.0 42.0 43.0 44.0 45.0 46.0 47.0 48.0 49.0 50.0 51.0 52.0 53.0 54.0 55.0 56.0 57.0 58.0 59.0 60.0 61.0 62.0 63.0 64.0 63.0 62.0 61.0 60.0 59.0 58.0 57.0 56.0 55.0 54.0 53.0 52.0 51.0 50.0 49.0 48.0 47.0 46.0 45.0 44.0 43.0 42.0 41.0 40.0 39.0 
39.0 38.0 37.0 36.0 35.0 34.0 33.0 32.0 31.0 30.0 29.0 28.0 27.0 26.0 25.0 24.0 23.0 22.0 21.0 20.0 19.0 18.0 17.0 16.0 15.0 14.0 13.0 12.0 11.0 10.0 9.0 8.0 7.0 6.0 5.0 4.0 3.0 2.0 1.0 0.0 1.0 2.0 3.0 4.0 5.0 6.0 7.0 8.0 9.0 10.0 11.0 12.0 13.0 14.0 15.0 16.0 17.0 18.0 19.0 20.0 21.0 22.0 23.0 24.0 25.0 26.0 27.0 28.0 29.0 30.0 31.0 32.0 33.0 34.0 35.0 36.0 37.0 38.0 39.0 40.0 41.0 42.0 43.0 44.0 45.0 46.0 47.0 48.0 49.0 50.0 51.0 52.0 53.0 54.0 55.0 56.0 57.0 58.0 59.0 60.0 61.0 62.0 63.0 64.0 63.0 62.0 61.0 60.0 59.0 58.0 57.0 56.0 55.0 54.0 53.0 52.0 51.0 50.0 49.0 48.0 47.0 46.0 45.0 44.0 43.0 42.0 41.0 40.0 
40.0 39.0 38.0 37.0 36.0 35.0 34.0 33.0 32.0 31.0 30.0 29.0 28.0 27.0 26.0 25.0 24.0 23.0 22.0 21.0 20.0 19.0 18.0 17.0 16.0 15.0 14.0 13.0 12.0 11.0 10.0 9.0 8.0 7.0 6.0 5.0 4.0 3.0 2.0 1.0 0.0 1.0 2.0 3.0 4.0 5.0 6.0 7.0 8.0 9.0 10.0 11.0 12.0 13.0 14.0 15.0 16.0 17.0 18.0 19.0 20.0 21.0 22.0 23.0 24.0 25.0 26.0 27.0 28.0 29.0 30.0 31.0 32.0 33.0 34.0 35.0 36.0 37.0 38.0 39.0 40.0 41.0 42.0 43.0 44.0 45.0 46.0 47.0 48.0 49.0 50.0 51.0 52.0 53.0 54.0 55.0 56.0 57.0 58.0 59.0 60.0 61.0 62.0 63.0 64.0 63.0 62.0 61.0 60.0 59.0 58.0 57.0 56.0 55.0 54.0 53.0 52.0 51.0 50.0 49.0 48.0 47.0 46.0 45.0 44.0 43.0 42.0 41.0 
41.0 40.0 39.0 38.0 37.0 36.0 35.0 34.0 33.0 32.0 31.0 30.0 29.0 28.0 27.0 26.0 25.0 24.0 23.0 22.0 21.0 20.0 19.0 18.0 17.0 16.0 15.0 14.0 13.0 12.0 11.0 10.0 9.0 8.0 7.0 6.0 5.0 4.0 3.0 2.0 1.0 0.0 1.0 2.0 3.0 4.0 5.0 6.0 7.0 8.0 9.0 10.0 11.0 12.0 13.0 14.0 15.0 16.0 17.0 18.0 19.0 20.0 21.0 22.0 23.0 24.0 25.0 26.0 27.0 28.0 29.0 30.0 31.0 32.0 33.0 34.0 35.0 36.0 37.0 38.0 39.0 40.0 41.0 42.0 43.0 44.0 45.0 46.0 47.0 48.0 49.0 50.0 51.0 52.0 53.0 54.0 55.0 56.0 57.0 58.0 59.0 60.0 61.0 62.0 63.0 64.0 63.0 62.0 61.0 60.0 59.0 58.0 57.0 56.0 55.0 54.0 53.0 52.0 51.0 50.0 49.0 48.0 47.0 46.0 45.0 44.0 43.0 42.0 
42.0 41.0 40.0 39.0 38.0 37.0 36.0 35.0 34.0 33.0 32.0 31.0 30.0 29.0 28.0 27.0 26.0 25.0 24.0 23.0 22.0 21.0 20.0 19.0 18.0 17.0 16.0 15.0 14.0 13.0 12.0 11.0 10.0 9.0 8.0 7.0 6.0 5.0 4.0 3.0 2.0 1.0 0.0 1.0 2.0 3.0 4.0 5.0 6.0 7.0 8.0 9.0 10.0 11.0 12.0 13.0 14.0 15.0 16.0 17.0 18.0 19.0 20.0 21.0 22.0 23.0 24.0 25.0 26.0 27.0 28.0 29.0 30.0 31.0 32.0 33.0 34.0 35.0 36.0 37.0 38.0 39.0 40.0 41.0 42.0 43.0 44.0 45.0 46.0 47.0 48.0 49.0 50.0 51.0 52.0 53.0 54.0 55.0 56.0 57.0 58.0 59.0 60.0 61.0 62.0 63.0 64.0 63.0 62.0 61.0 60.0 59.0 58.0 57.0 56.0 55.0 54.0 53.0 52.0 51.0 50.0 49.0 48.0 47.0 46.0 45.0 44.0 43.0 
43.0 42.0 41.0 40.0 39.0 38.0 37.0 36.0 35.0 34.0 33.0 32.0 31.0 30.0 29.0 28.0 27.0 26.0 25.0 24.0 23.0 22.0 21.0 20.0 19.0 18.0 17.0 16.0 15.0 14.0 13.0 12.0 11.0 10.0 9.0 8.0 7.0 6.0 5.0 4.0 3.0 2.0 1.0 0.0 1.0 2.0 3.0 4.0 5.0 6.0 7.0 8.0 9.0 10.0 11.0 12.0 13.0 14.0 15.0 16.0 17.0 18.0 19.0 20.0 21.0 22.0 23.0 24.0 25.0 26.0 27.0 28.0 29.0 30.0 31.0 32.0 33.0 34.0 35.0 36.0 37.0 38.0 39.0 40.0 41.0 42.0 43.0 44.0 45.0 46.0 47.0 48.0 49.0 50.0 51.0 52.0 53.0 54.0 55.0 56.0 57.0 58.0 59.0 60.0 61.0 62.0 63.0 64.0 63.0 62.0 61.0 60.0 59.0 58.0 57.0 56.0 55.0 54.0 53.0 52.0 51.0 50.0 49.0 48.0 47.0 46.0 45.0 44.0 
44.0 43.0 42.0 41.0 40.0 39.0 38.0 37.0 36.0 35.0 34.0 33.0 32.0 31.0 30.0 29.0 28.0 27.0 26.0 25.0 24.0 23.0 22.0 21.0 20.0 19.0 18.0 17.0 16.0 15.0 14.0 13.0 12.0 11.0 10.0 9.0 8.0 7.0 6.0 5.0 4.0 3.0 2.0 1.0 0.0 1.0 2.0 3.0 4.0 5.0 6.0 7.0 8.0 9.0 10.0 11.0 12.0 13.0 14.0 15.0 16.0 17.0 18.0 19.0 20.0 21.0 22.0 23.0 24.0 25.0 26.0 27.0 28.0 29.0 30.0 31.0 32.0 33.0 34.0 35.0 36.0 37.0 38.0 39.0 40.0 41.0 42.0 43.0 44.0 45.0 46.0 47.0 48.0 49.0 50.0 51.0 52.0 53.0 54.0 55.0 56.0 57.0 58.0 59.0 60.0 61.0 62.0 63.0 64.0 63.0 62.0 61.0 60.0 59.0 58.0 57.0 56.0 55.0 54.0 53.0 52.0 51.0 50.0 49.0 48.0 47.0 46.0 45.0 
45.0 44.0 43.0 42.0 41.0 40.0 39.0 38.0 37.0 36.0 35.0 34.0 33.0 32.0 31.0 30.0 29.0 28.0 27.0 26.0 25.0 24.0 23.0 22.0 21.0 20.0 19.0 18.0 17.0 16.0 15.0 14.0 13.0 12.0 11.0 10.0 9.0 8.0 7.0 6.0 5.0 4.0 3.0 2.0 1.0 0.0 1.0 2.0 3.0 4.0 5.0 6.0 7.0 8.0 9.0 10.0 11.0 12.0 13.0 14.0 15.0 16.0 17.0 18.0 19.0 20.0 21.0 22.0 23.0 24.0 25.0 26.0 27.0 28.0 29.0 30.0 31.0 32.0 33.0 34.0 35.0 36.0 37.0 38.0 39.0 40.0 41.0 42.0 43.0 44.0 45.0 46.0 47.0 48.0 49.0 50.0 51.0 52.0 53.0 54.0 55.0 56.0 57.0 58.0 59.0 60.0 61.0 62.0 63.0 64.0 63.0 62.0 61.0 60.0 59.0 58.0 57.0 56.0 55.0 54.0 53.0 52.0 51.0 50.0 49.0 48.0 47.0 46.0 
46.0 45.0 44.0 43.0 42.0 41.0 40.0 39.0 38.0 37.0 36.0 35.0 34.0 33.0 32.0 31.0 30.0 29.0 28.0 27.0 26.0 25.0 24.0 23.0 22.0 21.0 20.0 19.0 18.0 17.0 16.0 15.0 14.0 13.0 12.0 11.0 10.0 9.0 8.0 7.0 6.0 5.0 4.0 3.0 2.0 1.0 0.0 1.0 2.0 3.0 4.0 5.0 6.0 7.0 8.0 9.0 10.0 11.0 12.0 13.0 14.0 15.0 16.0 17.0 18.0 19.0 20.0 21.0 22.0 23.0 24.0 25.0 26.0 27.0 28.0 29.0 30.0 31.0 32.0 33.0 34.0 35.0 36.0 37.0 38.0 39.0 40.0 41.0 42.0 43.0 44.0 45.0 46.0 47.0 48.0 49.0 50.0 51.0 52.0 53.0 54.0 55.0 56.0 57.0 58.0 59.0 60.0 61.0 62.0 63.0 64.0 63.0 62.0 61.0 60.0 59.0 58.0 57.0 56.0 55.0 54.0 53.0 52.0 51.0 50.0 49.0 48.0 47.0 
47.0 46.0 45.0 44.0 43.0 42.0 41.0 40.0 39.0 38.0 37.0 36.0 35.0 34.0 33.0 32.0 31.0 30.0 29.0 28.0 27.0 26.0 25.0 24.0 23.0 22.0 21.0 20.0 19.0 18.0 17.0 16.0 15.0 14.0 13.0 12.0 11.0 10.0 9.0 8.0 7.0 6.0 5.0 4.0 3.0 2.0 1.0 0.0 1.0 2.0 3.0 4.0 5.0 6.0 7.0 8.0 9.0 10.0 11.0 12.0 13.0 14.0 15.0 16.0 17.0 18.0 19.0 20.0 21.0 22.0 23.0 24.0 25.0 26.0 27.0 28.0 29.0 30.0 31.0 32.0 33.0 34.0 35.0 36.0 37.0 38.0 39.0 40.0 41.0 42.0 43.0 44.0 45.0 46.0 47.0 48.0 49.0 50.0 51.0 52.0 53.0 54.0 55.0 56.0 57.0 58.0 59.0 60.0 61.0 62.0 63.0 64.0 63.0 62.0 61.0 60.0 59.0 58.0 57.0 56.0 55.0 54.0 53.0 52.0 51.0 50.0 49.0 48.0 
48.0 47.0 46.0 45.0 44.0 43.0 42.0 41.0 40.0 39.0 38.0 37.0 36.0 35.0 34.0 33.0 32.0 31.0 30.0 29.0 28.0 27.0 26.0 25.0 24.0 23.0 22.0 21.0 20.0 19.0 18.0 17.0 16.0 15.0 14.0 13.0 12.0 11.0 10.0 9.0 8.0 7.0 6.0 5.0 4.0 3.0 2.0 1.0 0.0 1.0 2.0 3.0 4.0 5.0 6.0 7.0 8.0 9.0 10.0 11.0 12.0 13.0 14.0 15.0 16.0 17.0 18.0 19.0 20.0 21.0 22.0 23.0 24.0 25.0 26.0 27.0 28.0 29.0 30.0 31.0 32.0 33.0 34.0 35.0 36.0 37.0 38.0 39.0 40.0 41.0 42.0 43.0 44.0 45.0 46.0 47.0 48.0 49.0 50.0 51.0 52.0 53.0 54.0 55.0 56.0 57.0 58.0 59.0 60.0 61.0 62.0 63.0 64.0 63.0 62.0 61.0 60.0 59.0 58.0 57.0 56.0 55.0 54.0 53.0 52.0 51.0 50.0 49.0 
49.0 48.0 47.0 46.0 45.0 44.0 43.0 42.0 41.0 40.0 39.0 38.0 37.0 36.0 35.0 34.0 33.0 32.0 31.0 30.0 29.0 28.0 27.0 26.0 25.0 24.0 23.0 22.0 21.0 20.0 19.0 18.0 17.0 16.0 15.0 14.0 13.0 12.0 11.0 10.0 9.0 8.0 7.0 6.0 5.0 4.0 3.0 2.0 1.0 0.0 1.0 2.0 3.0 4.0 5.0 6.0 7.0 8.0 9.0 10.0 11.0 12.0 13.0 14.0 15.0 16.0 17.0 18.0 19.0 20.0 21.0 22.0 23.0 24.0 25.0 26.0 27.0 28.0 29.0 30.0 31.0 32.0 33.0 34.0 35.0 36.0 37.0 38.0 39.0 40.0 41.0 42.0 43.0 44.0 45.0 46.0 47.0 48.0 49.0 50.0 51.0 52.0 53.0 54.0 55.0 56.0 57.0 58.0 59.0 60.0 61.0 62.0 63.0 64.0 63.0 62.0 61.0 60.0 59.0 58.0 57.0 56.0 55.0 54.0 53.0 52.0 51.0 50.0 
50.0 49.0 48.0 47.0 46.0 45.0 44.0 43.0 42.0 41.0 40.0 39.0 38.0 37.0 36.0 35.0 34.0 33.0 32.0 31.0 30.0 29.0 28.0 27.0 26.0 25.0 24.0 23.0 22.0 21.0 20.0 19.0 18.0 17.0 16.0 15.0 14.0 13.0 12.0 11.0 10.0 9.0 8.0 7.0 6.0 5.0 4.0 3.0 2.0 1.0 0.0 1.0 2.0 3.0 4.0 5.0 6.0 7.0 8.0 9.0 10.0 11.0 12.0 13.0 14.0 15.0 16.0 17.0 18.0 19.0 20.0 21.0 22.0 23.0 24.0 25.0 26.0 27.0 28.0 29.0 30.0 31.0 32.0 33.0 34.0 35.0 36.0 37.0 38.0 39.0 40.0 41.0 42.0 43.0 44.0 45.0 46.0 47.0 48.0 49.0 50.0 51.0 52.0 53.0 54.0 55.0 56.0 57.0 58.0 59.0 60.0 61.0 62.0 63.0 64.0 63.0 62.0 61.0 60.0 59.0 58.0 57.0 56.0 55.0 54.0 53.0 52.0 51.0 
51.0 50.0 49.0 48.0 47.0 46.0 45.0 44.0 43.0 42.0 41.0 40.0 39.0 38.0 37.0 36.0 35.0 34.0 33.0 32.0 31.0 30.0 29.0 28.0 27.0 26.0 25.0 24.0 23.0 22.0 21.0 20.0 19.0 18.0 17.0 16.0 15.0 14.0 13.0 12.0 11.0 10.0 9.0 8.0 7.0 6.0 5.0 4.0 3.0 2.0 1.0 0.0 1.0 2.0 3.0 4.0 5.0 6.0 7.0 8.0 9.0 10.0 11.0 12.0 13.0 14.0 15.0 16.0 17.0 18.0 19.0 20.0 21.0 22.0 23.0 24.0 25.0 26.0 27.0 28.0 29.0 30.0 31.0 32.0 33.0 34.0 35.0 36.0 37.0 38.0 39.0 40.0 41.0 42.0 43.0 44.0 45.0 46.0 47.0 48.0 49.0 50.0 51.0 52.0 53.0 54.0 55.0 56.0 57.0 58.0 59.0 60.0 61.0 62.0 63.0 64.0 63.0 62.0 61.0 60.0 59.0 58.0 57.0 56.0 55.0 54.0 53.0 52.0 
52.0 51.0 50.0 49.0 48.0 47.0 46.0 45.0 44.0 43.0 42.0 41.0 40.0 39.0 38.0 37.0 36.0 35.0 34.0 33.0 32.0 31.0 30.0 29.0 28.0 27.0 26.0 25.0 24.0 23.0 22.0 21.0 20.0 19.0 18.0 17.0 16.0 15.0 14.0 13.0 12.0 11.0 10.0 9.0 8.0 7.0 6.0 5.0 4.0 3.0 2.0 1.0 0.0 1.0 2.0 3.0 4.0 5.0 6.0 7.0 8.0 9.0 10.0 11.0 12.0 13.0 14.0 15.0 16.0 17.0 18.0 19.0 20.0 21.0 22.0 23.0 24.0 25.0 26.0 27.0 28.0 29.0 30.0 31.0 32.0 33.0 34.0 35.0 36.0 37.0 38.0 39.0 40.0 41.0 42.0 43.0 44.0 45.0 46.0 47.0 48.0 49.0 50.0 51.0 52.0 53.0 54.0 55.0 56.0 57.0 58.0 59.0 60.0 61.0 62.0 63.0 64.0 63.0 62.0 61.0 60.0 59.0 58.0 57.0 56.0 55.0 54.0 53.0 
53.0 52.0 51.0 50.0 49.0 48.0 47.0 46.0 45.0 44.0 43.0 42.0 41.0 40.0 39.0 38.0 37.0 36.0 35.0 34.0 33.0 32.0 31.0 30.0 29.0 28.0 27.0 26.0 25.0 24.0 23.0 22.0 21.0 20.0 19.0 18.0 17.0 16.0 15.0 14.0 13.0 12.0 11.0 10.0 9.0 8.0 7.0 6.0 5.0 4.0 3.0 2.0 1.0 0.0 1.0 2.0 3.0 4.0 5.0 6.0 7.0 8.0 9.0 10.0 11.0 12.0 13.0 14.0 15.0 16.0 17.0 18.0 19.0 20.0 21.0 22.0 23.0 24.0 25.0 26.0 27.0 28.0 29.0 30.0 31.0 32.0 33.0 34.0 35.0 36.0 37.0 38.0 39.0 40.0 41.0 42.0 43.0 44.0 45.0 46.0 47.0 48.0 49.0 50.0 51.0 52.0 53.0 54.0 55.0 56.0 57.0 58.0 59.0 60.0 61.0 62.0 63.0 64.0 63.0 62.0 61.0 60.0 59.0 58.0 57.0 56.0 55.0 54.0 
54.0 53.0 52.0 51.0 50.0 49.0 48.0 47.0 46.0 45.0 44.0 43.0 42.0 41.0 40.0 39.0 38.0 37.0 36.0 35.0 34.0 33.0 32.0 31.0 30.0 29.0 28.0 27.0 26.0 25.0 24.0 23.0 22.0 21.0 20.0 19.0 18.0 17.0 16.0 15.0 14.0 13.0 12.0 11.0 10.0 9.0 8.0 7.0 6.0 5.0 4.0 3.0 2.0 1.0 0.0 1.0 2.0 3.0 4.0 5.0 6.0 7.0 8.0 9.0 10.0 11.0 12.0 13.0 14.0 15.0 16.0 17.0 18.0 19.0 20.0 21.0 22.0 23.0 24.0 25.0 26.0 27.0 28.0 29.0 30.0 31.0 32.0 33.0 34.0 35.0 36.0 37.0 38.0 39.0 40.0 41.0 42.0 43.0 44.0 45.0 46.0 47.0 48.0 49.0 50.0 51.0 52.0 53.0 54.0 55.0 56.0 57.0 58.0 59.0 60.0 61.0 62.0 63.0 64.0 63.0 62.0 61.0 60.0 59.0 58.0 57.0 56.0 55.0 
55.0 54.0 53.0 52.0 51.0 50.0 49.0 48.0 47.0 46.0 45.0 44.0 43.0 42.0 41.0 40.0 39.0 38.0 37.0 36.0 35.0 34.0 33.0 32.0 31.0 30.0 29.0 28.0 27.0 26.0 25.0 24.0 23.0 22.0 21.0 20.0 19.0 18.0 17.0 16.0 15.0 14.0 13.0 12.0 11.0 10.0 9.0 8.0 7.0 6.0 5.0 4.0 3.0 2.0 1.0 0.0 1.0 2.0 3.0 4.0 5.0 6.0 7.0 8.0 9.0 10.0 11.0 12.0 13.0 14.0 15.0 16.0 17.0 18.0 19.0 20.0 21.0 22.0 23.0 24.0 25.0 26.0 27.0 28.0 29.0 30.0 31.0 32.0 33.0 34.0 35.0 36.0 37.0 38.0 39.0 40.0 41.0 42.0 43.0 44.0 45.0 46.0 47.0 48.0 49.0 50.0 51.0 52.0 53.0 54.0 55.0 56.0 57.0 58.0 59.0 60.0 61.0 62.0 63.0 64.0 63.0 62.0 61.0 60.0 59.0 58.0 57.0 56.0 
56.0 55.0 54.0 53.0 52.0 51.0 50.0 49.0 48.0 47.0 46.0 45.0 44.0 43.0 42.0 41.0 40.0 39.0 38.0 37.0 36.0 35.0 34.0 33.0 32.0 31.0 30.0 29.0 28.0 27.0 26.0 25.0 24.0 23.0 22.0 21.0 20.0 19.0 18.0 17.0 16.0 15.0 14.0 13.0 12.0 11.0 10.0 9.0 8.0 7.0 6.0 5.0 4.0 3.0 2.0 1.0 0.0 1.0 2.0 3.0 4.0 5.0 6.0 7.0 8.0 9.0 10.0 11.0 12.0 13.0 14.0 15.0 16.0 17.0 18.0 19.0 20.0 21.0 22.0 23.0 24.0 25.0 26.0 27.0 28.0 29.0 30.0 31.0 32.0 33.0 34.0 35.0 36.0 37.0 38.0 39.0 40.0 41.0 42.0 43.0 44.0 45.0 46.0 47.0 48.0 49.0 50.0 51.0 52.0 53.0 54.0 55.0 56.0 57.0 58.0 59.0 60.0 61.0 62.0 63.0 64.0 63.0 62.0 61.0 60.0 59.0 58.0 57.0 
57.0 56.0 55.0 54.0 53.0 52.0 51.0 50.0 49.0 48.0 47.0 46.0 45.0 44.0 43.0 42.0 41.0 40.0 39.0 38.0 37.0 36.0 35.0 34.0 33.0 32.0 31.0 30.0 29.0 28.0 27.0 26.0 25.0 24.0 23.0 22.0 21.0 20.0 19.0 18.0 17.0 16.0 15.0 14.0 13.0 12.0 11.0 10.0 9.0 8.0 7.0 6.0 5.0 4.0 3.0 2.0 1.0 0.0 1.0 2.0 3.0 4.0 5.0 6.0 7.0 8.0 9.0 10.0 11.0 12.0 13.0 14.0 15.0 16.0 17.0 18.0 19.0 20.0 21.0 22.0 23.0 24.0 25.0 26.0 27.0 28.0 29.0 30.0 31.0 32.0 33.0 34.0 35.0 36.0 37.0 38.0 39.0 40.0 41.0 42.0 43.0 44.0 45.0 46.0 47.0 48.0 49.0 50.0 51.0 52.0 53.0 54.0 55.0 56.0 57.0 58.0 59.0 60.0 61.0 62.0 63.0 64.0 63.0 62.0 61.0 60.0 59.0 58.0 
58.0 57.0 56.0 55.0 54.0 53.0 52.0 51.0 50.0 49.0 48.0 47.0 46.0 45.0 44.0 43.0 42.0 41.0 40.0 39.0 38.0 37.0 36.0 35.0 34.0 33.0 32.0 31.0 30.0 29.0 28.0 27.0 26.0 25.0 24.0 23.0 22.0 21.0 20.0 19.0 18.0 17.0 16.0 15.0 14.0 13.0 12.0 11.0 10.0 9.0 8.0 7.0 6.0 5.0 4.0 3.0 2.0 1.0 0.0 1.0 2.0 3.0 4.0 5.0 6.0 7.0 8.0 9.0 10.0 11.0 12.0 13.0 14.0 15.0 16.0 17.0 18.0 19.0 20.0 21.0 22.0 23.0 24.0 25.0 26.0 27.0 28.0 29.0 30.0 31.0 32.0 33.0 34.0 35.0 36.0 37.0 38.0 39.0 40.0 41.0 42.0 43.0 44.0 45.0 46.0 47.0 48.0 49.0 50.0 51.0 52.0 53.0 54.0 55.0 56.0 57.0 58.0 59.0 60.0 61.0 62.0 63.0 64.0 63.0 62.0 61.0 60.0 59.0 
59.0 58.0 57.0 56.0 55.0 54.0 53.0 52.0 51.0 50.0 49.0 48.0 47.0 46.0 45.0 44.0 43.0 42.0 41.0 40.0 39.0 38.0 37.0 36.0 35.0 34.0 33.0 32.0 31.0 30.0 29.0 28.0 27.0 26.0 25.0 24.0 23.0 22.0 21.0 20.0 19.0 18.0 17.0 16.0 15.0 14.0 13.0 12.0 11.0 10.0 9.0 8.0 7.0 6.0 5.0 4.0 3.0 2.0 1.0 0.0 1.0 2.0 3.0 4.0 5.0 6.0 7.0 8.0 9.0 10.0 11.0 12.0 13.0 14.0 15.0 16.0 17.0 18.0 19.0 20.0 21.0 22.0 23.0 24.0 25.0 26.0 27.0 28.0 29.0 30.0 31.0 32.0 33.0 34.0 35.0 36.0 37.0 38.0 39.0 40.0 41.0 42.0 43.0 44.0 45.0 46.0 47.0 48.0 49.0 50.0 51.0 52.0 53.0 54.0 55.0 56.0 57.0 58.0 59.0 60.0 61.0 62.0 63.0 64.0 63.0 62.0 61.0 60.0 
60.0 59.0 58.0 57.0 56.0 55.0 54.0 53.0 52.0 51.0 50.0 49.0 48.0 47.0 46.0 45.0 44.0 43.0 42.0 41.0 40.0 39.0 38.0 37.0 36.0 35.0 34.0 33.0 32.0 31.0 30.0 29.0 28.0 27.0 26.0 25.0 24.0 23.0 22.0 21.0 20.0 19.0 18.0 17.0 16.0 15.0 14.0 13.0 12.0 11.0 10.0 9.0 8.0 7.0 6.0 5.0 4.0 3.0 2.0 1.0 0.0 1.0 2.0 3.0 4.0 5.0 6.0 7.0 8.0 9.0 10.0 11.0 12.0 13.0 14.0 15.0 16.0 17.0 18.0 19.0 20.0 21.0 22.0 23.0 24.0 25.0 26.0 27.0 28.0 29.0 30.0 31.0 32.0 33.0 34.0 35.0 36.0 37.0 38.0 39.0 40.0 41.0 42.0 43.0 44.0 45.0 46.0 47.0 48.0 49.0 50.0 51.0 52.0 53.0 54.0 55.0 56.0 57.0 58.0 59.0 60.0 61.0 62.0 63.0 64.0 63.0 62.0 61.0 
61.0 60.0 59.0 58.0 57.0 56.0 55.0 54.0 53.0 52.0 51.0 50.0 49.0 48.0 47.0 46.0 45.0 44.0 43.0 42.0 41.0 40.0 39.0 38.0 37.0 36.0 35.0 34.0 33.0 32.0 31.0 30.0 29.0 28.0 27.0 26.0 25.0 24.0 23.0 22.0 21.0 20.0 19.0 18.0 17.0 16.0 15.0 14.0 13.0 12.0 11.0 10.0 9.0 8.0 7.0 6.0 5.0 4.0 3.0 2.0 1.0 0.0 1.0 2.0 3.0 4.0 5.0 6.0 7.0 8.0 9.0 10.0 11.0 12.0 13.0 14.0 15.0 16.0 17.0 18.0 19.0 20.0 21.0 22.0 23.0 24.0 25.0 26.0 27.0 28.0 29.0 30.0 31.0 32.0 33.0 34.0 35.0 36.0 37.0 38.0 39.0 40.0 41.0 42.0 43.0 44.0 45.0 46.0 47.0 48.0 49.0 50.0 51.0 52.0 53.0 54.0 55.0 56.0 57.0 58.0 59.0 60.0 61.0 62.0 63.0 64.0 63.0 62.0 
62.0 61.0 60.0 59.0 58.0 57.0 56.0 55.0 54.0 53.0 52.0 51.0 50.0 49.0 48.0 47.0 46.0 45.0 44.0 43.0 42.0 41.0 40.0 39.0 38.0 37.0 36.0 35.0 34.0 33.0 32.0 31.0 30.0 29.0 28.0 27.0 26.0 25.0 24.0 23.0 22.0 21.0 20.0 19.0 18.0 17.0 16.0 15.0 14.0 13.0 12.0 11.0 10.0 9.0 8.0 7.0 6.0 5.0 4.0 3.0 2.0 1.0 0.0 1.0 2.0 3.0 4.0 5.0 6.0 7.0 8.0 9.0 10.0 11.0 12.0 13.0 14.0 15.0 16.0 17.0 18.0 19.0 20.0 21.0 22.0 23.0 24.0 25.0 26.0 27.0 28.0 29.0 30.0 31.0 32.0 33.0 34.0 35.0 36.0 37.0 38.0 39.0 40.0 41.0 42.0 43.0 44.0 45.0 46.0 47.0 48.0 49.0 50.0 51.0 52.0 53.0 54.0 55.0 56.0 57.0 58.0 59.0 60.0 61.0 62.0 63.0 64.0 63.0 
63.0 62.0 61.0 60.0 59.0 58.0 57.0 56.0 55.0 54.0 53.0 52.0 51.0 50.0 49.0 48.0 47.0 46.0 45.0 44.0 43.0 42.0 41.0 40.0 39.0 38.0 37.0 36.0 35.0 34.0 33.0 32.0 31.0 30.0 29.0 28.0 27.0 26.0 25.0 24.0 23.0 22.0 21.0 20.0 19.0 18.0 17.0 16.0 15.0 14.0 13.0 12.0 11.0 10.0 9.0 8.0 7.0 6.0 5.0 4.0 3.0 2.0 1.0 0.0 1.0 2.0 3.0 4.0 5.0 6.0 7.0 8.0 9.0 10.0 11.0 12.0 13.0 14.0 15.0 16.0 17.0 18.0 19.0 20.0 21.0 22.0 23.0 24.0 25.0 26.0 27.0 28.0 29.0 30.0 31.0 32.0 33.0 34.0 35.0 36.0 37.0 38.0 39.0 40.0 41.0 42.0 43.0 44.0 45.0 46.0 47.0 48.0 49.0 50.0 51.0 52.0 53.0 54.0 55.0 56.0 57.0 58.0 59.0 60.0 61.0 62.0 63.0 64.0 
64.0 63.0 62.0 61.0 60.0 59.0 58.0 57.0 56.0 55.0 54.0 53.0 52.0 51.0 50.0 49.0 48.0 47.0 46.0 45.0 44.0 43.0 42.0 41.0 40.0 39.0 38.0 37.0 36.0 35.0 34.0 33.0 32.0 31.0 30.0 29.0 28.0 27.0 26.0 25.0 24.0 23.0 22.0 21.0 20.0 19.0 18.0 17.0 16.0 15.0 14.0 13.0 12.0 11.0 10.0 9.0 8.0 7.0 6.0 5.0 4.0 3.0 2.0 1.0 0.0 1.0 2.0 3.0 4.0 5.0 6.0 7.0 8.0 9.0 10.0 11.0 12.0 13.0 14.0 15.0 16.0 17.0 18.0 19.0 20.0 21.0 22.0 23.0 24.0 25.0 26.0 27.0 28.0 29.0 30.0 31.0 32.0 33.0 34.0 35.0 36.0 37.0 38.0 39.0 40.0 41.0 42.0 43.0 44.0 45.0 46.0 47.0 48.0 49.0 50.0 51.0 52.0 53.0 54.0 55.0 56.0 57.0 58.0 59.0 60.0 61.0 62.0 63.0 
63.0 64.0 63.0 62.0 61.0 60.0 59.0 58.0 57.0 56.0 55.0 54.0 53.0 52.0 51.0 50.0 49.0 48.0 47.0 46.0 45.0 44.0 43.0 42.0 41.0 40.0 39.0 38.0 37.0 36.0 35.0 34.0 33.0 32.0 31.0 30.0 29.0 28.0 27.0 26.0 25.0 24.0 23.0 22.0 21.0 20.0 19.0 18.0 17.0 16.0 15.0 14.0 13.0 12.0 11.0 10.0 9.0 8.0 7.0 6.0 5.0 4.0 3.0 2.0 1.0 0.0 1.0 2.0 3.0 4.0 5.0 6.0 7.0 8.0 9.0 10.0 11.0 12.0 13.0 14.0 15.0 16.0 17.0 18.0 19.0 20.0 21.0 22.0 23.0 24.0 25.0 26.0 27.0 28.0 29.0 30.0 31.0 32.0 33.0 34.0 35.0 36.0 37.0 38.0 39.0 40.0 41.0 42.0 43.0 44.0 45.0 46.0 47.0 48.0 49.0 50.0 51.0 52.0 53.0 54.0 55.0 56.0 57.0 58.0 59.0 60.0 61.0 62.0 
62.0 63.0 64.0 63.0 62.0 61.0 60.0 59.0 58.0 57.0 56.0 55.0 54.0 53.0 52.0 51.0 50.0 49.0 48.0 47.0 46.0 45.0 44.0 43.0 42.0 41.0 40.0 39.0 38.0 37.0 36.0 35.0 34.0 33.0 32.0 31.0 30.0 29.0 28.0 27.0 26.0 25.0 24.0 23.0 22.0 21.0 20.0 19.0 18.0 17.0 16.0 15.0 14.0 13.0 12.0 11.0 10.0 9.0 8.0 7.0 6.0 5.0 4.0 3.0 2.0 1.0 0.0 1.0 2.0 3.0 4.0 5.0 6.0 7.0 8.0 9.0 10.0 11.0 12.0 13.0 14.0 15.0 16.0 17.0 18.0 19.0 20.0 21.0 22.0 23.0 24.0 25.0 26.0 27.0 28.0 29.0 30.0 31.0 32.0 33.0 34.0 35.0 36.0 37.0 38.0 39.0 40.0 41.0 42.0 43.0 44.0 45.0 46.0 47.0 48.0 49.0 50.0 51.0 52.0 53.0 54.0 55.0 56.0 57.0 58.0 59.0 60.0 61.0 
61.0 62.0 63.0 64.0 63.0 62.0 61.0 60.0 59.0 58.0 57.0 56.0 55.0 54.0 53.0 52.0 51.0 50.0 49.0 48.0 47.0 46.0 45.0 44.0 43.0 42.0 41.0 40.0 39.0 38.0 37.0 36.0 35.0 34.0 33.0 32.0 31.0 30.0 29.0 28.0 27.0 26.0 25.0 24.0 23.0 22.0 21.0 20.0 19.0 18.0 17.0 16.0 15.0 14.0 13.0 12.0 11.0 10.0 9.0 8.0 7.0 6.0 5.0 4.0 3.0 2.0 1.0 0.0 1.0 2.0 3.0 4.0 5.0 6.0 7.0 8.0 9.0 10.0 11.0 12.0 13.0 14.0 15.0 16.0 17.0 18.0 19.0 20.0 21.0 22.0 23.0 24.0 25.0 26.0 27.0 28.0 29.0 30.0 31.0 32.0 33.0 34.0 35.0 36.0 37.0 38.0 39.0 40.0 41.0 42.0 43.0 44.0 45.0 46.0 47.0 48.0 49.0 50.0 51.0 52.0 53.0 54.0 55.0 56.0 57.0 58.0 59.0 60.0 
60.0 61.0 62.0 63.0 64.0 63.0 62.0 61.0 60.0 59.0 58.0 57.0 56.0 55.0 54.0 53.0 52.0 51.0 50.0 49.0 48.0 47.0 46.0 45.0 44.0 43.0 42.0 41.0 40.0 39.0 38.0 37.0 36.0 35.0 34.0 33.0 32.0 31.0 30.0 29.0 28.0 27.0 26.0 25.0 24.0 23.0 22.0 21.0 20.0 19.0 18.0 17.0 16.0 15.0 14.0 13.0 12.0 11.0 10.0 9.0 8.0 7.0 6.0 5.0 4.0 3.0 2.0 1.0 0.0 1.0 2.0 3.0 4.0 5.0 6.0 7.0 8.0 9.0 10.0 11.0 12.0 13.0 14.0 15.0 16.0 17.0 18.0 19.0 20.0 21.0 22.0 23.0 24.0 25.0 26.0 27.0 28.0 29.0 30.0 31.0 32.0 33.0 34.0 35.0 36.0 37.0 38.0 39.0 40.0 41.0 42.0 43.0 44.0 45.0 46.0 47.0 48.0 49.0 50.0 51.0 52.0 53.0 54.0 55.0 56.0 57.0 58.0 59.0 
59.0 60.0 61.0 62.0 63.0 64.0 63.0 62.0 61.0 60.0 59.0 58.0 57.0 56.0 55.0 54.0 53.0 52.0 51.0 50.0 49.0 48.0 47.0 46.0 45.0 44.0 43.0 42.0 41.0 40.0 39.0 38.0 37.0 36.0 35.0 34.0 33.0 32.0 31.0 30.0 29.0 28.0 27.0 26.0 25.0 24.0 23.0 22.0 21.0 20.0 19.0 18.0 17.0 16.0 15.0 14.0 13.0 12.0 11.0 10.0 9.0 8.0 7.0 6.0 5.0 4.0 3.0 2.0 1.0 0.0 1.0 2.0 3.0 4.0 5.0 6.0 7.0 8.0 9.0 10.0 11.0 12.0 13.0 14.0 15.0 16.0 17.0 18.0 19.0 20.0 21.0 22.0 23.0 24.0 25.0 26.0 27.0 28.0 29.0 30.0 31.0 32.0 33.0 34.0 35.0 36.0 37.0 38.0 39.0 40.0 41.0 42.0 43.0 44.0 45.0 46.0 47.0 48.0 49.0 50.0 51.0 52.0 53.0 54.0 55.0 56.0 57.0 58.0 
58.0 59.0 60.0 61.0 62.0 63.0 64.0 63.0 62.0 61.0 60.0 59.0 58.0 57.0 56.0 55.0 54.0 53.0 52.0 51.0 50.0 49.0 48.0 47.0 46.0 45.0 44.0 43.0 42.0 41.0 40.0 39.0 38.0 37.0 36.0 35.0 34.0 33.0 32.0 31.0 30.0 29.0 28.0 27.0 26.0 25.0 24.0 23.0 22.0 21.0 20.0 19.0 18.0 17.0 16.0 15.0 14.0 13.0 12.0 11.0 10.0 9.0 8.0 7.0 6.0 5.0 4.0 3.0 2.0 1.0 0.0 1.0 2.0 3.0 4.0 5.0 6.0 7.0 8.0 9.0 10.0 11.0 12.0 13.0 14.0 15.0 16.0 17.0 18.0 19.0 20.0 21.0 22.0 23.0 24.0 25.0 26.0 27.0 28.0 29.0 30.0 31.0 32.0 33.0 34.0 35.0 36.0 37.0 38.0 39.0 40.0 41.0 42.0 43.0 44.0 45.0 46.0 47.0 48.0 49.0 50.0 51.0 52.0 53.0 54.0 55.0 56.0 57.0 
57.0 58.0 59.0 60.0 61.0 62.0 63.0 64.0 63.0 62.0 61.0 60.0 59.0 58.0 57.0 56.0 55.0 54.0 53.0 52.0 51.0 50.0 49.0 48.0 47.0 46.0 45.0 44.0 43.0 42.0 41.0 40.0 39.0 38.0 37.0 36.0 35.0 34.0 33.0 32.0 31.0 30.0 29.0 28.0 27.0 26.0 25.0 24.0 23.0 22.0 21.0 20.0 19.0 18.0 17.0 16.0 15.0 14.0 13.0 12.0 11.0 10.0 9.0 8.0 7.0 6.0 5.0 4.0 3.0 2.0 1.0 0.0 1.0 2.0 3.0 4.0 5.0 6.0 7.0 8.0 9.0 10.0 11.0 12.0 13.0 14.0 15.0 16.0 17.0 18.0 19.0 20.0 21.0 22.0 23.0 24.0 25.0 26.0 27.0 28.0 29.0 30.0 31.0 32.0 33.0 34.0 35.0 36.0 37.0 38.0 39.0 40.0 41.0 42.0 43.0 44.0 45.0 46.0 47.0 48.0 49.0 50.0 51.0 52.0 53.0 54.0 55.0 56.0 
56.0 57.0 58.0 59.0 60.0 61.0 62.0 63.0 64.0 63.0 62.0 61.0 60.0 59.0 58.0 57.0 56.0 55.0 54.0 53.0 52.0 51.0 50.0 49.0 48.0 47.0 46.0 45.0 44.0 43.0 42.0 41.0 40.0 39.0 38.0 37.0 36.0 35.0 34.0 33.0 32.0 31.0 30.0 29.0 28.0 27.0 26.0 25.0 24.0 23.0 22.0 21.0 20.0 19.0 18.0 17.0 16.0 15.0 14.0 13.0 12.0 11.0 10.0 9.0 8.0 7.0 6.0 5.0 4.0 3.0 2.0 1.0 0.0 1.0 2.0 3.0 4.0 5.0 6.0 7.0 8.0 9.0 10.0 11.0 12.0 13.0 14.0 15.0 16.0 17.0 18.0 19.0 20.0 21.0 22.0 23.0 24.0 25.0 26.0 27.0 28.0 29.0 30.0 31.0 32.0 33.0 34.0 35.0 36.0 37.0 38.0 39.0 40.0 41.0 42.0 43.0 44.0 45.0 46.0 47.0 48.0 49.0 50.0 51.0 52.0 53.0 54.0 55.0 
55.0 56.0 57.0 58.0 59.0 60.0 61.0 62.0 63.0 64.0 63.0 62.0 61.0 60.0 59.0 58.0 57.0 56.0 55.0 54.0 53.0 52.0 51.0 50.0 49.0 48.0 47.0 46.0 45.0 44.0 43.0 42.0 41.0 40.0 39.0 38.0 37.0 36.0 35.0 34.0 33.0 32.0 31.0 30.0 29.0 28.0 27.0 26.0 25.0 24.0 23.0 22.0 21.0 20.0 19.0 18.0 17.0 16.0 15.0 14.0 13.0 12.0 11.0 10.0 9.0 8.0 7.0 6.0 5.0 4.0 3.0 2.0 1.0 0.0 1.0 2.0 3.0 4.0 5.0 6.0 7.0 8.0 9.0 10.0 11.0 12.0 13.0 14.0 15.0 16.0 17.0 18.0 19.0 20.0 21.0 22.0 23.0 24.0 25.0 26.0 27.0 28.0 29.0 30.0 31.0 32.0 33.0 34.0 35.0 36.0 37.0 38.0 39.0 40.0 41.0 42.0 43.0 44.0 45.0 46.0 47.0 48.0 49.0 50.0 51.0 52.0 53.0 54.0 
54.0 55.0 56.0 57.0 58.0 59.0 60.0 61.0 62.0 63.0 64.0 63.0 62.0 61.0 60.0 59.0 58.0 57.0 56.0 55.0 54.0 53.0 52.0 51.0 50.0 49.0 48.0 47.0 46.0 45.0 44.0 43.0 42.0 41.0 40.0 39.0 38.0 37.0 36.0 35.0 34.0 33.0 32.0 31.0 30.0 29.0 28.0 27.0 26.0 25.0 24.0 23.0 22.0 21.0 20.0 19.0 18.0 17.0 16.0 15.0 14.0 13.0 12.0 11.0 10.0 9.0 8.0 7.0 6.0 5.0 4.0 3.0 2.0 1.0 0.0 1.0 2.0 3.0 4.0 5.0 6.0 7.0 8.0 9.0 10.0 11.0 12.0 13.0 14.0 15.0 16.0 17.0 18.0 19.0 20.0 21.0 22.0 23.0 24.0 25.0 26.0 27.0 28.0 29.0 30.0 31.0 32.0 33.0 34.0 35.0 36.0 37.0 38.0 39.0 40.0 41.0 42.0 43.0 44.0 45.0 46.0 47.0 48.0 49.0 50.0 51.0 52.0 53.0 
53.0 54.0 55.0 56.0 57.0 58.0 59.0 60.0 61.0 62.0 63.0 64.0 63.0 62.0 61.0 60.0 59.0 58.0 57.0 56.0 55.0 54.0 53.0 52.0 51.0 50.0 49.0 48.0 47.0 46.0 45.0 44.0 43.0 42.0 41.0 40.0 39.0 38.0 37.0 36.0 35.0 34.0 33.0 32.0 31.0 30.0 29.0 28.0 27.0 26.0 25.0 24.0 23.0 22.0 21.0 20.0 19.0 18.0 17.0 16.0 15.0 14.0 13.0 12.0 11.0 10.0 9.0 8.0 7.0 6.0 5.0 4.0 3.0 2.0 1.0 0.0 1.0 2.0 3.0 4.0 5.0 6.0 7.0 8.0 9.0 10.0 11.0 12.0 13.0 14.0 15.0 16.0 17.0 18.0 19.0 20.0 21.0 22.0 23.0 24.0 25.0 26.0 27.0 28.0 29.0 30.0 31.0 32.0 33.0 34.0 35.0 36.0 37.0 38.0 39.0 40.0 41.0 42.0 43.0 44.0 45.0 46.0 47.0 48.0 49.0 50.0 51.0 52.0 
52.0 53.0 54.0 55.0 56.0 57.0 58.0 59.0 60.0 61.0 62.0 63.0 64.0 63.0 62.0 61.0 60.0 59.0 58.0 57.0 56.0 55.0 54.0 53.0 52.0 51.0 50.0 49.0 48.0 47.0 46.0 45.0 44.0 43.0 42.0 41.0 40.0 39.0 38.0 37.0 36.0 35.0 34.0 33.0 32.0 31.0 30.0 29.0 28.0 27.0 26.0 25.0 24.0 23.0 22.0 21.0 20.0 19.0 18.0 17.0 16.0 15.0 14.0 13.0 12.0 11.0 10.0 9.0 8.0 7.0 6.0 5.0 4.0 3.0 2.0 1.0 0.0 1.0 2.0 3.0 4.0 5.0 6.0 7.0 8.0 9.0 10.0 11.0 12.0 13.0 14.0 15.0 16.0 17.0 18.0 19.0 20.0 21.0 22.0 23.0 24.0 25.0 26.0 27.0 28.0 29.0 30.0 31.0 32.0 33.0 34.0 35.0 36.0 37.0 38.0 39.0 40.0 41.0 42.0 43.0 44.0 45.0 46.0 47.0 48.0 49.0 50.0 51.0 
51.0 52.0 53.0 54.0 55.0 56.0 57.0 58.0 59.0 60.0 61.0 62.0 63.0 64.0 63.0 62.0 61.0 60.0 59.0 58.0 57.0 56.0 55.0 54.0 53.0 52.0 51.0 50.0 49.0 48.0 47.0 46.0 45.0 44.0 43.0 42.0 41.0 40.0 39.0 38.0 37.0 36.0 35.0 34.0 33.0 32.0 31.0 30.0 29.0 28.0 27.0 26.0 25.0 24.0 23.0 22.0 21.0 20.0 19.0 18.0 17.0 16.0 15.0 14.0 13.0 12.0 11.0 10.0 9.0 8.0 7.0 6.0 5.0 4.0 3.0 2.0 1.0 0.0 1.0 2.0 3.0 4.0 5.0 6.0 7.0 8.0 9.0 10.0 11.0 12.0 13.0 14.0 15.0 16.0 17.0 18.0 19.0 20.0 21.0 22.0 23.0 24.0 25.0 26.0 27.0 28.0 29.0 30.0 31.0 32.0 33.0 34.0 35.0 36.0 37.0 38.0 39.0 40.0 41.0 42.0 43.0 44.0 45.0 46.0 47.0 48.0 49.0 50.0 
50.0 51.0 52.0 53.0 54.0 55.0 56.0 57.0 58.0 59.0 60.0 61.0 62.0 63.0 64.0 63.0 62.0 61.0 60.0 59.0 58.0 57.0 56.0 55.0 54.0 53.0 52.0 51.0 50.0 49.0 48.0 47.0 46.0 45.0 44.0 43.0 42.0 41.0 40.0 39.0 38.0 37.0 36.0 35.0 34.0 33.0 32.0 31.0 30.0 29.0 28.0 27.0 26.0 25.0 24.0 23.0 22.0 21.0 20.0 19.0 18.0 17.0 16.0 15.0 14.0 13.0 12.0 11.0 10.0 9.0 8.0 7.0 6.0 5.0 4.0 3.0 2.0 1.0 0.0 1.0 2.0 3.0 4.0 5.0 6.0 7.0 8.0 9.0 10.0 11.0 12.0 13.0 14.0 15.0 16.0 17.0 18.0 19.0 20.0 21.0 22.0 23.0 24.0 25.0 26.0 27.0 28.0 29.0 30.0 31.0 32.0 33.0 34.0 35.0 36.0 37.0 38.0 39.0 40.0 41.0 42.0 43.0 44.0 45.0 46.0 47.0 48.0 49.0 
49.0 50.0 51.0 52.0 53.0 54.0 55.0 56.0 57.0 58.0 59.0 60.0 61.0 62.0 63.0 64.0 63.0 62.0 61.0 60.0 59.0 58.0 57.0 56.0 55.0 54.0 53.0 52.0 51.0 50.0 49.0 48.0 47.0 46.0 45.0 44.0 43.0 42.0 41.0 40.0 39.0 38.0 37.0 36.0 35.0 34.0 33.0 32.0 31.0 30.0 29.0 28.0 27.0 26.0 25.0 24.0 23.0 22.0 21.0 20.0 19.0 18.0 17.0 16.0 15.0 14.0 13.0 12.0 11.0 10.0 9.0 8.0 7.0 6.0 5.0 4.0 3.0 2.0 1.0 0.0 1.0 2.0 3.0 4.0 5.0 6.0 7.0 8.0 9.0 10.0 11.0 12.0 13.0 14.0 15.0 16.0 17.0 18.0 19.0 20.0 21.0 22.0 23.0 24.0 25.0 26.0 27.0 28.0 29.0 30.0 31.0 32.0 33.0 34.0 35.0 36.0 37.0 38.0 39.0 40.0 41.0 42.0 43.0 44.0 45.0 46.0 47.0 48.0 
48.0 49.0 50.0 51.0 52.0 53.0 54.0 55.0 56.0 57.0 58.0 59.0 60.0 61.0 62.0 63.0 64.0 63.0 62.0 61.0 60.0 59.0 58.0 57.0 56.0 55.0 54.0 53.0 52.0 51.0 50.0 49.0 48.0 47.0 46.0 45.0 44.0 43.0 42.0 41.0 40.0 39.0 38.0 37.0 36.0 35.0 34.0 33.0 32.0 31.0 30.0 29.0 28.0 27.0 26.0 25.0 24.0 23.0 22.0 21.0 20.0 19.0 18.0 17.0 16.0 15.0 14.0 13.0 12.0 11.0 10.0 9.0 8.0 7.0 6.0 5.0 4.0 3.0 2.0 1.0 0.0 1.0 2.0 3.0 4.0 5.0 6.0 7.0 8.0 9.0 10.0 11.0 12.0 13.0 14.0 15.0 16.0 17.0 18.0 19.0 20.0 21.0 22.0 23.0 24.0 25.0 26.0 27.0 28.0 29.0 30.0 31.0 32.0 33.0 34.0 35.0 36.0 37.0 38.0 39.0 40.0 41.0 42.0 43.0 44.0 45.0 46.0 47.0 
47.0 48.0 49.0 50.0 51.0 52.0 53.0 54.0 55.0 56.0 57.0 58.0 59.0 60.0 61.0 62.0 63.0 64.0 63.0 62.0 61.0 60.0 59.0 58.0 57.0 56.0 55.0 54.0 53.0 52.0 51.0 50.0 49.0 48.0 47.0 46.0 45.0 44.0 43.0 42.0 41.0 40.0 39.0 38.0 37.0 36.0 35.0 34.0 33.0 32.0 31.0 30.0 29.0 28.0 27.0 26.0 25.0 24.0 23.0 22.0 21.0 20.0 19.0 18.0 17.0 16.0 15.0 14.0 13.0 12.0 11.0 10.0 9.0 8.0 7.0 6.0 5.0 4.0 3.0 2.0 1.0 0.0 1.0 2.0 3.0 4.0 5.0 6.0 7.0 8.0 9.0 10.0 11.0 12.0 13.0 14.0 15.0 16.0 17.0 18.0 19.0 20.0 21.0 22.0 23.0 24.0 25.0 26.0 27.0 28.0 29.0 30.0 31.0 32.0 33.0 34.0 35.0 36.0 37.0 38.0 39.0 40.0 41.0 42.0 43.0 44.0 45.0 46.0 
46.0 47.0 48.0 49.0 50.0 51.0 52.0 53.0 54.0 55.0 56.0 57.0 58.0 59.0 60.0 61.0 62.0 63.0 64.0 63.0 62.0 61.0 60.0 59.0 58.0 57.0 56.0 55.0 54.0 53.0 52.0 51.0 50.0 49.0 48.0 47.0 46.0 45.0 44.0 43.0 42.0 41.0 40.0 39.0 38.0 37.0 36.0 35.0 34.0 33.0 32.0 31.0 30.0 29.0 28.0 27.0 26.0 25.0 24.0 23.0 22.0 21.0 20.0 19.0 18.0 17.0 16.0 15.0 14.0 13.0 12.0 11.0 10.0 9.0 8.0 7.0 6.0 5.0 4.0 3.0 2.0 1.0 0.0 1.0 2.0 3.0 4.0 5.0 6.0 7.0 8.0 9.0 10.0 11.0 12.0 13.0 14.0 15.0 16.0 17.0 18.0 19.0 20.0 21.0 22.0 23.0 24.0 25.0 26.0 27.0 28.0 29.0 30.0 31.0 32.0 33.0 34.0 35.0 36.0 37.0 38.0 39.0 40.0 41.0 42.0 43.0 44.0 45.0 
45.0 46.0 47.0 48.0 49.0 50.0 51.0 52.0 53.0 54.0 55.0 56.0 57.0 58.0 59.0 60.0 61.0 62.0 63.0 64.0 63.0 62.0 61.0 60.0 59.0 58.0 57.0 56.0 55.0 54.0 53.0 52.0 51.0 50.0 49.0 48.0 47.0 46.0 45.0 44.0 43.0 42.0 41.0 40.0 39.0 38.0 37.0 36.0 35.0 34.0 33.0 32.0 31.0 30.0 29.0 28.0 27.0 26.0 25.0 24.0 23.0 22.0 21.0 20.0 19.0 18.0 17.0 16.0 15.0 14.0 13.0 12.0 11.0 10.0 9.0 8.0 7.0 6.0 5.0 4.0 3.0 2.0 1.0 0.0 1.0 2.0 3.0 4.0 5.0 6.0 7.0 8.0 9.0 10.0 11.0 12.0 13.0 14.0 15.0 16.0 17.0 18.0 19.0 20.0 21.0 22.0 23.0 24.0 25.0 26.0 27.0 28.0 29.0 30.0 31.0 32.0 33.0 34.0 35.0 36.0 37.0 38.0 39.0 40.0 41.0 42.0 43.0 44.0 
44.0 45.0 46.0 47.0 48.0 49.0 50.0 51.0 52.0 53.0 54.0 55.0 56.0 57.0 58.0 59.0 60.0 61.0 62.0 63.0 64.0 63.0 62.0 61.0 60.0 59.0 58.0 57.0 56.0 55.0 54.0 53.0 52.0 51.0 50.0 49.0 48.0 47.0 46.0 45.0 44.0 43.0 42.0 41.0 40.0 39.0 38.0 37.0 36.0 35.0 34.0 33.0 32.0 31.0 30.0 29.0 28.0 27.0 26.0 25.0 24.0 23.0 22.0 21.0 20.0 19.0 18.0 17.0 16.0 15.0 14.0 13.0 12.0 11.0 10.0 9.0 8.0 7.0 6.0 5.0 4.0 3.0 2.0 1.0 0.0 1.0 2.0 3.0 4.0 5.0 6.0 7.0 8.0 9.0 10.0 11.0 12.0 13.0 14.0 15.0 16.0 17.0 18.0 19.0 20.0 21.0 22.0 23.0 24.0 25.0 26.0 27.0 28.0 29.0 30.0 31.0 32.0 33.0 34.0 35.0 36.0 37.0 38.0 39.0 40.0 41.0 42.0 43.0 
43.0 44.0 45.0 46.0 47.0 48.0 49.0 50.0 51.0 52.0 53.0 54.0 55.0 56.0 57.0 58.0 59.0 60.0 61.0 62.0 63.0 64.0 63.0 62.0 61.0 60.0 59.0 58.0 57.0 56.0 55.0 54.0 53.0 52.0 51.0 50.0 49.0 48.0 47.0 46.0 45.0 44.0 43.0 42.0 41.0 40.0 39.0 38.0 37.0 36.0 35.0 34.0 33.0 32.0 31.0 30.0 29.0 28.0 27.0 26.0 25.0 24.0 23.0 22.0 21.0 20.0 19.0 18.0 17.0 16.0 15.0 14.0 13.0 12.0 11.0 10.0 9.0 8.0 7.0 6.0 5.0 4.0 3.0 2.0 1.0 0.0 1.0 2.0 3.0 4.0 5.0 6.0 7.0 8.0 9.0 10.0 11.0 12.0 13.0 14.0 15.0 16.0 17.0 18.0 19.0 20.0 21.0 22.0 23.0 24.0 25.0 26.0 27.0 28.0 29.0 30.0 31.0 32.0 33.0 34.0 35.0 36.0 37.0 38.0 39.0 40.0 41.0 42.0 
42.0 43.0 44.0 45.0 46.0 47.0 48.0 49.0 50.0 51.0 52.0 53.0 54.0 55.0 56.0 57.0 58.0 59.0 60.0 61.0 62.0 63.0 64.0 63.0 62.0 61.0 60.0 59.0 58.0 57.0 56.0 55.0 54.0 53.0 52.0 51.0 50.0 49.0 48.0 47.0 46.0 45.0 44.0 43.0 42.0 41.0 40.0 39.0 38.0 37.0 36.0 35.0 34.0 33.0 32.0 31.0 30.0 29.0 28.0 27.0 26.0 25.0 24.0 23.0 22.0 21.0 20.0 19.0 18.0 17.0 16.0 15.0 14.0 13.0 12.0 11.0 10.0 9.0 8.0 7.0 6.0 5.0 4.0 3.0 2.0 1.0 0.0 1.0 2.0 3.0 4.0 5.0 6.0 7.0 8.0 9.0 10.0 11.0 12.0 13.0 14.0 15.0 16.0 17.0 18.0 19.0 20.0 21.0 22.0 23.0 24.0 25.0 26.0 27.0 28.0 29.0 30.0 31.0 32.0 33.0 34.0 35.0 36.0 37.0 38.0 39.0 40.0 41.0 
41.0 42.0 43.0 44.0 45.0 46.0 47.0 48.0 49.0 50.0 51.0 52.0 53.0 54.0 55.0 56.0 57.0 58.0 59.0 60.0 61.0 62.0 63.0 64.0 63.0 62.0 61.0 60.0 59.0 58.0 57.0 56.0 55.0 54.0 53.0 52.0 51.0 50.0 49.0 48.0 47.0 46.0 45.0 44.0 43.0 42.0 41.0 40.0 39.0 38.0 37.0 36.0 35.0 34.0 33.0 32.0 31.0 30.0 29.0 28.0 27.0 26.0 25.0 24.0 23.0 22.0 21.0 20.0 19.0 18.0 17.0 16.0 15.0 14.0 13.0 12.0 11.0 10.0 9.0 8.0 7.0 6.0 5.0 4.0 3.0 2.0 1.0 0.0 1.0 2.0 3.0 4.0 5.0 6.0 7.0 8.0 9.0 10.0 11.0 12.0 13.0 14.0 15.0 16.0 17.0 18.0 19.0 20.0 21.0 22.0 23.0 24.0 25.0 26.0 27.0 28.0 29.0 30.0 31.0 32.0 33.0 34.0 35.0 36.0 37.0 38.0 39.0 40.0 
40.0 41.0 42.0 43.0 44.0 45.0 46.0 47.0 48.0 49.0 50.0 51.0 52.0 53.0 54.0 55.0 56.0 57.0 58.0 59.0 60.0 61.0 62.0 63.0 64.0 63.0 62.0 61.0 60.0 59.0 58.0 57.0 56.0 55.0 54.0 53.0 52.0 51.0 50.0 49.0 48.0 47.0 46.0 45.0 44.0 43.0 42.0 41.0 40.0 39.0 38.0 37.0 36.0 35.0 34.0 33.0 32.0 31.0 30.0 29.0 28.0 27.0 26.0 25.0 24.0 23.0 22.0 21.0 20.0 19.0 18.0 17.0 16.0 15.0 14.0 13.0 12.0 11.0 10.0 9.0 8.0 7.0 6.0 5.0 4.0 3.0 2.0 1.0 0.0 1.0 2.0 3.0 4.0 5.0 6.0 7.0 8.0 9.0 10.0 11.0 12.0 13.0 14.0 15.0 16.0 17.0 18.0 19.0 20.0 21.0 22.0 23.0 24.0 25.0 26.0 27.0 28.0 29.0 30.0 31.0 32.0 33.0 34.0 35.0 36.0 37.0 38.0 39.0 
39.0 40.0 41.0 42.0 43.0 44.0 45.0 46.0 47.0 48.0 49.0 50.0 51.0 52.0 53.0 54.0 55.0 56.0 57.0 58.0 59.0 60.0 61.0 62.0 63.0 64.0 63.0 62.0 61.0 60.0 59.0 58.0 57.0 56.0 55.0 54.0 53.0 52.0 51.0 50.0 49.0 48.0 47.0 46.0 45.0 44.0 43.0 42.0 41.0 40.0 39.0 38.0 37.0 36.0 35.0 34.0 33.0 32.0 31.0 30.0 29.0 28.0 27.0 26.0 25.0 24.0 23.0 22.0 21.0 20.0 19.0 18.0 17.0 16.0 15.0 14.0 13.0 12.0 11.0 10.0 9.0 8.0 7.0 6.0 5.0 4.0 3.0 2.0 1.0 0.0 1.0 2.0 3.0 4.0 5.0 6.0 7.0 8.0 9.0 10.0 11.0 12.0 13.0 14.0 15.0 16.0 17.0 18.0 19.0 20.0 21.0 22.0 23.0 24.0 25.0 26.0 27.0 28.0 29.0 30.0 31.0 32.0 33.0 34.0 35.0 36.0 37.0 38.0 
38.0 39.0 40.0 41.0 42.0 43.0 44.0 45.0 46.0 47.0 48.0 49.0 50.0 51.0 52.0 53.0 54.0 55.0 56.0 57.0 58.0 59.0 60.0 61.0 62.0 63.0 64.0 63.0 62.0 61.0 60.0 59.0 58.0 57.0 56.0 55.0 54.0 53.0 52.0 51.0 50.0 49.0 48.0 47.0 46.0 45.0 44.0 43.0 42.0 41.0 40.0 39.0 38.0 37.0 36.0 35.0 34.0 33.0 32.0 31.0 30.0 29.0 28.0 27.0 26.0 25.0 24.0 23.0 22.0 21.0 20.0 19.0 18.0 17.0 16.0 15.0 14.0 13.0 12.0 11.0 10.0 9.0 8.0 7.0 6.0 5.0 4.0 3.0 2.0 1.0 0.0 1.0 2.0 3.0 4.0 5.0 6.0 7.0 8.0 9.0 10.0 11.0 12.0 13.0 14.0 15.0 16.0 17.0 18.0 19.0 20.0 21.0 22.0 23.0 24.0 25.0 26.0 27.0 28.0 29.0 30.0 31.0 32.0 33.0 34.0 35.0 36.0 37.0 
37.0 38.0 39.0 40.0 41.0 42.0 43.0 44.0 45.0 46.0 47.0 48.0 49.0 50.0 51.0 52.0 53.0 54.0 55.0 56.0 57.0 58.0 59.0 60.0 61.0 62.0 63.0 64.0 63.0 62.0 61.0 60.0 59.0 58.0 57.0 56.0 55.0 54.0 53.0 52.0 51.0 50.0 49.0 48.0 47.0 46.0 45.0 44.0 43.0 42.0 41.0 40.0 39.0 38.0 37.0 36.0 35.0 34.0 33.0 32.0 31.0 30.0 29.0 28.0 27.0 26.0 25.0 24.0 23.0 22.0 21.0 20.0 19.0 18.0 17.0 16.0 15.0 14.0 13.0 12.0 11.0 10.0 9.0 8.0 7.0 6.0 5.0 4.0 3.0 2.0 1.0 0.0 1.0 2.0 3.0 4.0 5.0 6.0 7.0 8.0 9.0 10.0 11.0 12.0 13.0 14.0 15.0 16.0 17.0 18.0 19.0 20.0 21.0 22.0 23.0 24.0 25.0 26.0 27.0 28.0 29.0 30.0 31.0 32.0 33.0 34.0 35.0 36.0 
36.0 37.0 38.0 39.0 40.0 41.0 42.0 43.0 44.0 45.0 46.0 47.0 48.0 49.0 50.0 51.0 52.0 53.0 54.0 55.0 56.0 57.0 58.0 59.0 60.0 61.0 62.0 63.0 64.0 63.0 62.0 61.0 60.0 59.0 58.0 57.0 56.0 55.0 54.0 53.0 52.0 51.0 50.0 49.0 48.0 47.0 46.0 45.0 44.0 43.0 42.0 41.0 40.0 39.0 38.0 37.0 36.0 35.0 34.0 33.0 32.0 31.0 30.0 29.0 28.0 27.0 26.0 25.0 24.0 23.0 22.0 21.0 20.0 19.0 18.0 17.0 16.0 15.0 14.0 13.0 12.0 11.0 10.0 9.0 8.0 7.0 6.0 5.0 4.0 3.0 2.0 1.0 0.0 1.0 2.0 3.0 4.0 5.0 6.0 7.0 8.0 9.0 10.0 11.0 12.0 13.0 14.0 15.0 16.0 17.0 18.0 19.0 20.0 21.0 22.0 23.0 24.0 25.0 26.0 27.0 28.0 29.0 30.0 31.0 32.0 33.0 34.0 35.0 
35.0 36.0 37.0 38.0 39.0 40.0 41.0 42.0 43.0 44.0 45.0 46.0 47.0 48.0 49.0 50.0 51.0 52.0 53.0 54.0 55.0 56.0 57.0 58.0 59.0 60.0 61.0 62.0 63.0 64.0 63.0 62.0 61.0 60.0 59.0 58.0 57.0 56.0 55.0 54.0 53.0 52.0 51.0 50.0 49.0 48.0 47.0 46.0 45.0 44.0 43.0 42.0 41.0 40.0 39.0 38.0 37.0 36.0 35.0 34.0 33.0 32.0 31.0 30.0 29.0 28.0 27.0 26.0 25.0 24.0 23.0 22.0 21.0 20.0 19.0 18.0 17.0 16.0 15.0 14.0 13.0 12.0 11.0 10.0 9.0 8.0 7.0 6.0 5.0 4.0 3.0 2.0 1.0 0.0 1.0 2.0 3.0 4.0 5.0 6.0 7.0 8.0 9.0 10.0 11.0 12.0 13.0 14.0 15.0 16.0 17.0 18.0 19.0 20.0 21.0 22.0 23.0 24.0 25.0 26.0 27.0 28.0 29.0 30.0 31.0 32.0 33.0 34.0 
34.0 35.0 36.0 37.0 38.0 39.0 40.0 41.0 42.0 43.0 44.0 45.0 46.0 47.0 48.0 49.0 50.0 51.0 52.0 53.0 54.0 55.0 56.0 57.0 58.0 59.0 60.0 61.0 62.0 63.0 64.0 63.0 62.0 61.0 60.0 59.0 58.0 57.0 56.0 55.0 54.0 53.0 52.0 51.0 50.0 49.0 48.0 47.0 46.0 45.0 44.0 43.0 42.0 41.0 40.0 39.0 38.0 37.0 36.0 35.0 34.0 33.0 32.0 31.0 30.0 29.0 28.0 27.0 26.0 25.0 24.0 23.0 22.0 21.0 20.0 19.0 18.0 17.0 16.0 15.0 14.0 13.0 12.0 11.0 10.0 9.0 8.0 7.0 6.0 5.0 4.0 3.0 2.0 1.0 0.0 1.0 2.0 3.0 4.0 5.0 6.0 7.0 8.0 9.0 10.0 11.0 12.0 13.0 14.0 15.0 16.0 17.0 18.0 19.0 20.0 21.0 22.0 23.0 24.0 25.0 26.0 27.0 28.0 29.0 30.0 31.0 32.0 33.0 
33.0 34.0 35.0 36.0 37.0 38.0 39.0 40.0 41.0 42.0 43.0 44.0 45.0 46.0 47.0 48.0 49.0 50.0 51.0 52.0 53.0 54.0 55.0 56.0 57.0 58.0 59.0 60.0 61.0 62.0 63.0 64.0 63.0 62.0 61.0 60.0 59.0 58.0 57.0 56.0 55.0 54.0 53.0 52.0 51.0 50.0 49.0 48.0 47.0 46.0 45.0 44.0 43.0 42.0 41.0 40.0 39.0 38.0 37.0 36.0 35.0 34.0 33.0 32.0 31.0 30.0 29.0 28.0 27.0 26.0 25.0 24.0 23.0 22.0 21.0 20.0 19.0 18.0 17.0 16.0 15.0 14.0 13.0 12.0 11.0 10.0 9.0 8.0 7.0 6.0 5.0 4.0 3.0 2.0 1.0 0.0 1.0 2.0 3.0 4.0 5.0 6.0 7.0 8.0 9.0 10.0 11.0 12.0 13.0 14.0 15.0 16.0 17.0 18.0 19.0 20.0 21.0 22.0 23.0 24.0 25.0 26.0 27.0 28.0 29.0 30.0 31.0 32.0 
32.0 33.0 34.0 35.0 36.0 37.0 38.0 39.0 40.0 41.0 42.0 43.0 44.0 45.0 46.0 47.0 48.0 49.0 50.0 51.0 52.0 53.0 54.0 55.0 56.0 57.0 58.0 59.0 60.0 61.0 62.0 63.0 64.0 63.0 62.0 61.0 60.0 59.0 58.0 57.0 56.0 55.0 54.0 53.0 52.0 51.0 50.0 49.0 48.0 47.0 46.0 45.0 44.0 43.0 42.0 41.0 40.0 39.0 38.0 37.0 36.0 35.0 34.0 33.0 32.0 31.0 30.0 29.0 28.0 27.0 26.0 25.0 24.0 23.0 22.0 21.0 20.0 19.0 18.0 17.0 16.0 15.0 14.0 13.0 12.0 11.0 10.0 9.0 8.0 7.0 6.0 5.0 4.0 3.0 2.0 1.0 0.0 1.0 2.0 3.0 4.0 5.0 6.0 7.0 8.0 9.0 10.0 11.0 12.0 13.0 14.0 15.0 16.0 17.0 18.0 19.0 20.0 21.0 22.0 23.0 24.0 25.0 26.0 27.0 28.0 29.0 30.0 31.0 
31.0 32.0 33.0 34.0 35.0 36.0 37.0 38.0 39.0 40.0 41.0 42.0 43.0 44.0 45.0 46.0 47.0 48.0 49.0 50.0 51.0 52.0 53.0 54.0 55.0 56.0 57.0 58.0 59.0 60.0 61.0 62.0 63.0 64.0 63.0 62.0 61.0 60.0 59.0 58.0 57.0 56.0 55.0 54.0 53.0 52.0 51.0 50.0 49.0 48.0 47.0 46.0 45.0 44.0 43.0 42.0 41.0 40.0 39.0 38.0 37.0 36.0 35.0 34.0 33.0 32.0 31.0 30.0 29.0 28.0 27.0 26.0 25.0 24.0 23.0 22.0 21.0 20.0 19.0 18.0 17.0 16.0 15.0 14.0 13.0 12.0 11.0 10.0 9.0 8.0 7.0 6.0 5.0 4.0 3.0 2.0 1.0 0.0 1.0 2.0 3.0 4.0 5.0 6.0 7.0 8.0 9.0 10.0 11.0 12.0 13.0 14.0 15.0 16.0 17.0 18.0 19.0 20.0 21.0 22.0 23.0 24.0 25.0 26.0 27.0 28.0 29.0 30.0 
30.0 31.0 32.0 33.0 34.0 35.0 36.0 37.0 38.0 39.0 40.0 41.0 42.0 43.0 44.0 45.0 46.0 47.0 48.0 49.0 50.0 51.0 52.0 53.0 54.0 55.0 56.0 57.0 58.0 59.0 60.0 61.0 62.0 63.0 64.0 63.0 62.0 61.0 60.0 59.0 58.0 57.0 56.0 55.0 54.0 53.0 52.0 51.0 50.0 49.0 48.0 47.0 46.0 45.0 44.0 43.0 42.0 41.0 40.0 39.0 38.0 37.0 36.0 35.0 34.0 33.0 32.0 31.0 30.0 29.0 28.0 27.0 26.0 25.0 24.0 23.0 22.0 21.0 20.0 19.0 18.0 17.0 16.0 15.0 14.0 13.0 12.0 11.0 10.0 9.0 8.0 7.0 6.0 5.0 4.0 3.0 2.0 1.0 0.0 1.0 2.0 3.0 4.0 5.0 6.0 7.0 8.0 9.0 10.0 11.0 12.0 13.0 14.0 15.0 16.0 17.0 18.0 19.0 20.0 21.0 22.0 23.0 24.0 25.0 26.0 27.0 28.0 29.0 
29.0 30.0 31.0 32.0 33.0 34.0 35.0 36.0 37.0 38.0 39.0 40.0 41.0 42.0 43.0 44.0 45.0 46.0 47.0 48.0 49.0 50.0 51.0 52.0 53.0 54.0 55.0 56.0 57.0 58.0 59.0 60.0 61.0 62.0 63.0 64.0 63.0 62.0 61.0 60.0 59.0 58.0 57.0 56.0 55.0 54.0 53.0 52.0 51.0 50.0 49.0 48.0 47.0 46.0 45.0 44.0 43.0 42.0 41.0 40.0 39.0 38.0 37.0 36.0 35.0 34.0 33.0 32.0 31.0 30.0 29.0 28.0 27.0 26.0 25.0 24.0 23.0 22.0 21.0 20.0 19.0 18.0 17.0 16.0 15.0 14.0 13.0 12.0 11.0 10.0 9.0 8.0 7.0 6.0 5.0 4.0 3.0 2.0 1.0 0.0 1.0 2.0 3.0 4.0 5.0 6.0 7.0 8.0 9.0 10.0 11.0 12.0 13.0 14.0 15.0 16.0 17.0 18.0 19.0 20.0 21.0 22.0 23.0 24.0 25.0 26.0 27.0 28.0 
28.0 29.0 30.0 31.0 32.0 33.0 34.0 35.0 36.0 37.0 38.0 39.0 40.0 41.0 42.0 43.0 44.0 45.0 46.0 47.0 48.0 49.0 50.0 51.0 52.0 53.0 54.0 55.0 56.0 57.0 58.0 59.0 60.0 61.0 62.0 63.0 64.0 63.0 62.0 61.0 60.0 59.0 58.0 57.0 56.0 55.0 54.0 53.0 52.0 51.0 50.0 49.0 48.0 47.0 46.0 45.0 44.0 43.0 42.0 41.0 40.0 39.0 38.0 37.0 36.0 35.0 34.0 33.0 32.0 31.0 30.0 29.0 28.0 27.0 26.0 25.0 24.0 23.0 22.0 21.0 20.0 19.0 18.0 17.0 16.0 15.0 14.0 13.0 12.0 11.0 10.0 9.0 8.0 7.0 6.0 5.0 4.0 3.0 2.0 1.0 0.0 1.0 2.0 3.0 4.0 5.0 6.0 7.0 8.0 9.0 10.0 11.0 12.0 13.0 14.0 15.0 16.0 17.0 18.0 19.0 20.0 21.0 22.0 23.0 24.0 25.0 26.0 27.0 
27.0 28.0 29.0 30.0 31.0 32.0 33.0 34.0 35.0 36.0 37.0 38.0 39.0 40.0 41.0 42.0 43.0 44.0 45.0 46.0 47.0 48.0 49.0 50.0 51.0 52.0 53.0 54.0 55.0 56.0 57.0 58.0 59.0 60.0 61.0 62.0 63.0 64.0 63.0 62.0 61.0 60.0 59.0 58.0 57.0 56.0 55.0 54.0 53.0 52.0 51.0 50.0 49.0 48.0 47.0 46.0 45.0 44.0 43.0 42.0 41.0 40.0 39.0 38.0 37.0 36.0 35.0 34.0 33.0 32.0 31.0 30.0 29.0 28.0 27.0 26.0 25.0 24.0 23.0 22.0 21.0 20.0 19.0 18.0 17.0 16.0 15.0 14.0 13.0 12.0 11.0 10.0 9.0 8.0 7.0 6.0 5.0 4.0 3.0 2.0 1.0 0.0 1.0 2.0 3.0 4.0 5.0 6.0 7.0 8.0 9.0 10.0 11.0 12.0 13.0 14.0 15.0 16.0 17.0 18.0 19.0 20.0 21.0 22.0 23.0 24.0 25.0 26.0 
26.0 27.0 28.0 29.0 30.0 31.0 32.0 33.0 34.0 35.0 36.0 37.0 38.0 39.0 40.0 41.0 42.0 43.0 44.0 45.0 46.0 47.0 48.0 49.0 50.0 51.0 52.0 53.0 54.0 55.0 56.0 57.0 58.0 59.0 60.0 61.0 62.0 63.0 64.0 63.0 62.0 61.0 60.0 59.0 58.0 57.0 56.0 55.0 54.0 53.0 52.0 51.0 50.0 49.0 48.0 47.0 46.0 45.0 44.0 43.0 42.0 41.0 40.0 39.0 38.0 37.0 36.0 35.0 34.0 33.0 32.0 31.0 30.0 29.0 28.0 27.0 26.0 25.0 24.0 23.0 22.0 21.0 20.0 19.0 18.0 17.0 16.0 15.0 14.0 13.0 12.0 11.0 10.0 9.0 8.0 7.0 6.0 5.0 4.0 3.0 2.0 1.0 0.0 1.0 2.0 3.0 4.0 5.0 6.0 7.0 8.0 9.0 10.0 11.0 12.0 13.0 14.0 15.0 16.0 17.0 18.0 19.0 20.0 21.0 22.0 23.0 24.0 25.0 
25.0 26.0 27.0 28.0 29.0 30.0 31.0 32.0 33.0 34.0 35.0 36.0 37.0 38.0 39.0 40.0 41.0 42.0 43.0 44.0 45.0 46.0 47.0 48.0 49.0 50.0 51.0 52.0 53.0 54.0 55.0 56.0 57.0 58.0 59.0 60.0 61.0 62.0 63.0 64.0 63.0 62.0 61.0 60.0 59.0 58.0 57.0 56.0 55.0 54.0 53.0 52.0 51.0 50.0 49.0 48.0 47.0 46.0 45.0 44.0 43.0 42.0 41.0 40.0 39.0 38.0 37.0 36.0 35.0 34.0 33.0 32.0 31.0 30.0 29.0 28.0 27.0 26.0 25.0 24.0 23.0 22.0 21.0 20.0 19.0 18.0 17.0 16.0 15.0 14.0 13.0 12.0 11.0 10.0 9.0 8.0 7.0 6.0 5.0 4.0 3.0 2.0 1.0 0.0 1.0 2.0 3.0 4.0 5.0 6.0 7.0 8.0 9.0 10.0 11.0 12.0 13.0 14.0 15.0 16.0 17.0 18.0 19.0 20.0 21.0 22.0 23.0 24.0 
24.0 25.0 26.0 27.0 28.0 29.0 30.0 31.0 32.0 33.0 34.0 35.0 36.0 37.0 38.0 39.0 40.0 41.0 42.0 43.0 44.0 45.0 46.0 47.0 48.0 49.0 50.0 51.0 52.0 53.0 54.0 55.0 56.0 57.0 58.0 59.0 60.0 61.0 62.0 63.0 64.0 63.0 62.0 61.0 60.0 59.0 58.0 57.0 56.0 55.0 54.0 53.0 52.0 51.0 50.0 49.0 48.0 47.0 46.0 45.0 44.0 43.0 42.0 41.0 40.0 39.0 38.0 37.0 36.0 35.0 34.0 33.0 32.0 31.0 30.0 29.0 28.0 27.0 26.0 25.0 24.0 23.0 22.0 21.0 20.0 19.0 18.0 17.0 16.0 15.0 14.0 13.0 12.0 11.0 10.0 9.0 8.0 7.0 6.0 5.0 4.0 3.0 2.0 1.0 0.0 1.0 2.0 3.0 4.0 5.0 6.0 7.0 8.0 9.0 10.0 11.0 12.0 13.0 14.0 15.0 16.0 17.0 18.0 19.0 20.0 21.0 22.0 23.0 
23.0 24.0 25.0 26.0 27.0 28.0 29.0 30.0 31.0 32.0 33.0 34.0 35.0 36.0 37.0 38.0 39.0 40.0 41.0 42.0 43.0 44.0 45.0 46.0 47.0 48.0 49.0 50.0 51.0 52.0 53.0 54.0 55.0 56.0 57.0 58.0 59.0 60.0 61.0 62.0 63.0 64.0 63.0 62.0 61.0 60.0 59.0 58.0 57.0 56.0 55.0 54.0 53.0 52.0 51.0 50.0 49.0 48.0 47.0 46.0 45.0 44.0 43.0 42.0 41.0 40.0 39.0 38.0 37.0 36.0 35.0 34.0 33.0 32.0 31.0 30.0 29.0 28.0 27.0 26.0 25.0 24.0 23.0 22.0 21.0 20.0 19.0 18.0 17.0 16.0 15.0 14.0 13.0 12.0 11.0 10.0 9.0 8.0 7.0 6.0 5.0 4.0 3.0 2.0 1.0 0.0 1.0 2.0 3.0 4.0 5.0 6.0 7.0 8.0 9.0 10.0 11.0 12.0 13.0 14.0 15.0 16.0 17.0 18.0 19.0 20.0 21.0 22.0 
22.0 23.0 24.0 25.0 26.0 27.0 28.0 29.0 30.0 31.0 32.0 33.0 34.0 35.0 36.0 37.0 38.0 39.0 40.0 41.0 42.0 43.0 44.0 45.0 46.0 47.0 48.0 49.0 50.0 51.0 52.0 53.0 54.0 55.0 56.0 57.0 58.0 59.0 60.0 61.0 62.0 63.0 64.0 63.0 62.0 61.0 60.0 59.0 58.0 57.0 56.0 55.0 54.0 53.0 52.0 51.0 50.0 49.0 48.0 47.0 46.0 45.0 44.0 43.0 42.0 41.0 40.0 39.0 38.0 37.0 36.0 35.0 34.0 33.0 32.0 31.0 30.0 29.0 28.0 27.0 26.0 25.0 24.0 23.0 22.0 21.0 20.0 19.0 18.0 17.0 16.0 15.0 14.0 13.0 12.0 11.0 10.0 9.0 8.0 7.0 6.0 5.0 4.0 3.0 2.0 1.0 0.0 1.0 2.0 3.0 4.0 5.0 6.0 7.0 8.0 9.0 10.0 11.0 12.0 13.0 14.0 15.0 16.0 17.0 18.0 19.0 20.0 21.0 
21.0 22.0 23.0 24.0 25.0 26.0 27.0 28.0 29.0 30.0 31.0 32.0 33.0 34.0 35.0 36.0 37.0 38.0 39.0 40.0 41.0 42.0 43.0 44.0 45.0 46.0 47.0 48.0 49.0 50.0 51.0 52.0 53.0 54.0 55.0 56.0 57.0 58.0 59.0 60.0 61.0 62.0 63.0 64.0 63.0 62.0 61.0 60.0 59.0 58.0 57.0 56.0 55.0 54.0 53.0 52.0 51.0 50.0 49.0 48.0 47.0 46.0 45.0 44.0 43.0 42.0 41.0 40.0 39.0 38.0 37.0 36.0 35.0 34.0 33.0 32.0 31.0 30.0 29.0 28.0 27.0 26.0 25.0 24.0 23.0 22.0 21.0 20.0 19.0 18.0 17.0 16.0 15.0 14.0 13.0 12.0 11.0 10.0 9.0 8.0 7.0 6.0 5.0 4.0 3.0 2.0 1.0 0.0 1.0 2.0 3.0 4.0 5.0 6.0 7.0 8.0 9.0 10.0 11.0 12.0 13.0 14.0 15.0 16.0 17.0 18.0 19.0 20.0 
20.0 21.0 22.0 23.0 24.0 25.0 26.0 27.0 28.0 29.0 30.0 31.0 32.0 33.0 34.0 35.0 36.0 37.0 38.0 39.0 40.0 41.0 42.0 43.0 44.0 45.0 46.0 47.0 48.0 49.0 50.0 51.0 52.0 53.0 54.0 55.0 56.0 57.0 58.0 59.0 60.0 61.0 62.0 63.0 64.0 63.0 62.0 61.0 60.0 59.0 58.0 57.0 56.0 55.0 54.0 53.0 52.0 51.0 50.0 49.0 48.0 47.0 46.0 45.0 44.0 43.0 42.0 41.0 40.0 39.0 38.0 37.0 36.0 35.0 34.0 33.0 32.0 31.0 30.0 29.0 28.0 27.0 26.0 25.0 24.0 23.0 22.0 21.0 20.0 19.0 18.0 17.0 16.0 15.0 14.0 13.0 12.0 11.0 10.0 9.0 8.0 7.0 6.0 5.0 4.0 3.0 2.0 1.0 0.0 1.0 2.0 3.0 4.0 5.0 6.0 7.0 8.0 9.0 10.0 11.0 12.0 13.0 14.0 15.0 16.0 17.0 18.0 19.0 
19.0 20.0 21.0 22.0 23.0 24.0 25.0 26.0 27.0 28.0 29.0 30.0 31.0 32.0 33.0 34.0 35.0 36.0 37.0 38.0 39.0 40.0 41.0 42.0 43.0 44.0 45.0 46.0 47.0 48.0 49.0 50.0 51.0 52.0 53.0 54.0 55.0 56.0 57.0 58.0 59.0 60.0 61.0 62.0 63.0 64.0 63.0 62.0 61.0 60.0 59.0 58.0 57.0 56.0 55.0 54.0 53.0 52.0 51.0 50.0 49.0 48.0 47.0 46.0 45.0 44.0 43.0 42.0 41.0 40.0 39.0 38.0 37.0 36.0 35.0 34.0 33.0 32.0 31.0 30.0 29.0 28.0 27.0 26.0 25.0 24.0 23.0 22.0 21.0 20.0 19.0 18.0 17.0 16.0 15.0 14.0 13.0 12.0 11.0 10.0 9.0 8.0 7.0 6.0 5.0 4.0 3.0 2.0 1.0 0.0 1.0 2.0 3.0 4.0 5.0 6.0 7.0 8.0 9.0 10.0 11.0 12.0 13.0 14.0 15.0 16.0 17.0 18.0 
18.0 19.0 20.0 21.0 22.0 23.0 24.0 25.0 26.0 27.0 28.0 29.0 30.0 31.0 32.0 33.0 34.0 35.0 36.0 37.0 38.0 39.0 40.0 41.0 42.0 43.0 44.0 45.0 46.0 47.0 48.0 49.0 50.0 51.0 52.0 53.0 54.0 55.0 56.0 57.0 58.0 59.0 60.0 61.0 62.0 63.0 64.0 63.0 62.0 61.0 60.0 59.0 58.0 57.0 56.0 55.0 54.0 53.0 52.0 51.0 50.0 49.0 48.0 47.0 46.0 45.0 44.0 43.0 42.0 41.0 40.0 39.0 38.0 37.0 36.0 35.0 34.0 33.0 32.0 31.0 30.0 29.0 28.0 27.0 26.0 25.0 24.0 23.0 22.0 21.0 20.0 19.0 18.0 17.0 16.0 15.0 14.0 13.0 12.0 11.0 10.0 9.0 8.0 7.0 6.0 5.0 4.0 3.0 2.0 1.0 0.0 1.0 2.0 3.0 4.0 5.0 6.0 7.0 8.0 9.0 10.0 11.0 12.0 13.0 14.0 15.0 16.0 17.0 
17.0 18.0 19.0 20.0 21.0 22.0 23.0 24.0 25.0 26.0 27.0 28.0 29.0 30.0 31.0 32.0 33.0 34.0 35.0 36.0 37.0 38.0 39.0 40.0 41.0 42.0 43.0 44.0 45.0 46.0 47.0 48.0 49.0 50.0 51.0 52.0 53.0 54.0 55.0 56.0 57.0 58.0 59.0 60.0 61.0 62.0 63.0 64.0 63.0 62.0 61.0 60.0 59.0 58.0 57.0 56.0 55.0 54.0 53.0 52.0 51.0 50.0 49.0 48.0 47.0 46.0 45.0 44.0 43.0 42.0 41.0 40.0 39.0 38.0 37.0 36.0 35.0 34.0 33.0 32.0 31.0 30.0 29.0 28.0 27.0 26.0 25.0 24.0 23.0 22.0 21.0 20.0 19.0 18.0 17.0 16.0 15.0 14.0 13.0 12.0 11.0 10.0 9.0 8.0 7.0 6.0 5.0 4.0 3.0 2.0 1.0 0.0 1.0 2.0 3.0 4.0 5.0 6.0 7.0 8.0 9.0 10.0 11.0 12.0 13.0 14.0 15.0 16.0 
16.0 17.0 18.0 19.0 20.0 21.0 22.0 23.0 24.0 25.0 26.0 27.0 28.0 29.0 30.0 31.0 32.0 33.0 34.0 35.0 36.0 37.0 38.0 39.0 40.0 41.0 42.0 43.0 44.0 45.0 46.0 47.0 48.0 49.0 50.0 51.0 52.0 53.0 54.0 55.0 56.0 57.0 58.0 59.0 60.0 61.0 62.0 63.0 64.0 63.0 62.0 61.0 60.0 59.0 58.0 57.0 56.0 55.0 54.0 53.0 52.0 51.0 50.0 49.0 48.0 47.0 46.0 45.0 44.0 43.0 42.0 41.0 40.0 39.0 38.0 37.0 36.0 35.0 34.0 33.0 32.0 31.0 30.0 29.0 28.0 27.0 26.0 25.0 24.0 23.0 22.0 21.0 20.0 19.0 18.0 17.0 16.0 15.0 14.0 13.0 12.0 11.0 10.0 9.0 8.0 7.0 6.0 5.0 4.0 3.0 2.0 1.0 0.0 1.0 2.0 3.0 4.0 5.0 6.0 7.0 8.0 9.0 10.0 11.0 12.0 13.0 14.0 15.0 
15.0 16.0 17.0 18.0 19.0 20.0 21.0 22.0 23.0 24.0 25.0 26.0 27.0 28.0 29.0 30.0 31.0 32.0 33.0 34.0 35.0 36.0 37.0 38.0 39.0 40.0 41.0 42.0 43.0 44.0 45.0 46.0 47.0 48.0 49.0 50.0 51.0 52.0 53.0 54.0 55.0 56.0 57.0 58.0 59.0 60.0 61.0 62.0 63.0 64.0 63.0 62.0 61.0 60.0 59.0 58.0 57.0 56.0 55.0 54.0 53.0 52.0 51.0 50.0 49.0 48.0 47.0 46.0 45.0 44.0 43.0 42.0 41.0 40.0 39.0 38.0 37.0 36.0 35.0 34.0 33.0 32.0 31.0 30.0 29.0 28.0 27.0 26.0 25.0 24.0 23.0 22.0 21.0 20.0 19.0 18.0 17.0 16.0 15.0 14.0 13.0 12.0 11.0 10.0 9.0 8.0 7.0 6.0 5.0 4.0 3.0 2.0 1.0 0.0 1.0 2.0 3.0 4.0 5.0 6.0 7.0 8.0 9.0 10.0 11.0 12.0 13.0 14.0 
14.0 15.0 16.0 17.0 18.0 19.0 20.0 21.0 22.0 23.0 24.0 25.0 26.0 27.0 28.0 29.0 30.0 31.0 32.0 33.0 34.0 35.0 36.0 37.0 38.0 39.0 40.0 41.0 42.0 43.0 44.0 45.0 46.0 47.0 48.0 49.0 50.0 51.0 52.0 53.0 54.0 55.0 56.0 57.0 58.0 59.0 60.0 61.0 62.0 63.0 64.0 63.0 62.0 61.0 60.0 59.0 58.0 57.0 56.0 55.0 54.0 53.0 52.0 51.0 50.0 49.0 48.0 47.0 46.0 45.0 44.0 43.0 42.0 41.0 40.0 39.0 38.0 37.0 36.0 35.0 34.0 33.0 32.0 31.0 30.0 29.0 28.0 27.0 26.0 25.0 24.0 23.0 22.0 21.0 20.0 19.0 18.0 17.0 16.0 15.0 14.0 13.0 12.0 11.0 10.0 9.0 8.0 7.0 6.0 5.0 4.0 3.0 2.0 1.0 0.0 1.0 2.0 3.0 4.0 5.0 6.0 7.0 8.0 9.0 10.0 11.0 12.0 13.0 
13.0 14.0 15.0 16.0 17.0 18.0 19.0 20.0 21.0 22.0 23.0 24.0 25.0 26.0 27.0 28.0 29.0 30.0 31.0 32.0 33.0 34.0 35.0 36.0 37.0 38.0 39.0 40.0 41.0 42.0 43.0 44.0 45.0 46.0 47.0 48.0 49.0 50.0 51.0 52.0 53.0 54.0 55.0 56.0 57.0 58.0 59.0 60.0 61.0 62.0 63.0 64.0 63.0 62.0 61.0 60.0 59.0 58.0 57.0 56.0 55.0 54.0 53.0 52.0 51.0 50.0 49.0 48.0 47.0 46.0 45.0 44.0 43.0 42.0 41.0 40.0 39.0 38.0 37.0 36.0 35.0 34.0 33.0 32.0 31.0 30.0 29.0 28.0 27.0 26.0 25.0 24.0 23.0 22.0 21.0 20.0 19.0 18.0 17.0 16.0 15.0 14.0 13.0 12.0 11.0 10.0 9.0 8.0 7.0 6.0 5.0 4.0 3.0 2.0 1.0 0.0 1.0 2.0 3.0 4.0 5.0 6.0 7.0 8.0 9.0 10.0 11.0 12.0 
12.0 13.0 14.0 15.0 16.0 17.0 18.0 19.0 20.0 21.0 22.0 23.0 24.0 25.0 26.0 27.0 28.0 29.0 30.0 31.0 32.0 33.0 34.0 35.0 36.0 37.0 38.0 39.0 40.0 41.0 42.0 43.0 44.0 45.0 46.0 47.0 48.0 49.0 50.0 51.0 52.0 53.0 54.0 55.0 56.0 57.0 58.0 59.0 60.0 61.0 62.0 63.0 64.0 63.0 62.0 61.0 60.0 59.0 58.0 57.0 56.0 55.0 54.0 53.0 52.0 51.0 50.0 49.0 48.0 47.0 46.0 45.0 44.0 43.0 42.0 41.0 40.0 39.0 38.0 37.0 36.0 35.0 34.0 33.0 32.0 31.0 30.0 29.0 28.0 27.0 26.0 25.0 24.0 23.0 22.0 21.0 20.0 19.0 18.0 17.0 16.0 15.0 14.0 13.0 12.0 11.0 10.0 9.0 8.0 7.0 6.0 5.0 4.0 3.0 2.0 1.0 0.0 1.0 2.0 3.0 4.0 5.0 6.0 7.0 8.0 9.0 10.0 11.0 
11.0 12.0 13.0 14.0 15.0 16.0 17.0 18.0 19.0 20.0 21.0 22.0 23.0 24.0 25.0 26.0 27.0 28.0 29.0 30.0 31.0 32.0 33.0 34.0 35.0 36.0 37.0 38.0 39.0 40.0 41.0 42.0 43.0 44.0 45.0 46.0 47.0 48.0 49.0 50.0 51.0 52.0 53.0 54.0 55.0 56.0 57.0 58.0 59.0 60.0 61.0 62.0 63.0 64.0 63.0 62.0 61.0 60.0 59.0 58.0 57.0 56.0 55.0 54.0 53.0 52.0 51.0 50.0 49.0 48.0 47.0 46.0 45.0 44.0 43.0 42.0 41.0 40.0 39.0 38.0 37.0 36.0 35.0 34.0 33.0 32.0 31.0 30.0 29.0 28.0 27.0 26.0 25.0 24.0 23.0 22.0 21.0 20.0 19.0 18.0 17.0 16.0 15.0 14.0 13.0 12.0 11.0 10.0 9.0 8.0 7.0 6.0 5.0 4.0 3.0 2.0 1.0 0.0 1.0 2.0 3.0 4.0 5.0 6.0 7.0 8.0 9.0 10.0 
10.0 11.0 12.0 13.0 14.0 15.0 16.0 17.0 18.0 19.0 20.0 21.0 22.0 23.0 24.0 25.0 26.0 27.0 28.0 29.0 30.0 31.0 32.0 33.0 34.0 35.0 36.0 37.0 38.0 39.0 40.0 41.0 42.0 43.0 44.0 45.0 46.0 47.0 48.0 49.0 50.0 51.0 52.0 53.0 54.0 55.0 56.0 57.0 58.0 59.0 60.0 61.0 62.0 63.0 64.0 63.0 62.0 61.0 60.0 59.0 58.0 57.0 56.0 55.0 54.0 53.0 52.0 51.0 50.0 49.0 48.0 47.0 46.0 45.0 44.0 43.0 42.0 41.0 40.0 39.0 38.0 37.0 36.0 35.0 34.0 33.0 32.0 31.0 30.0 29.0 28.0 27.0 26.0 25.0 24.0 23.0 22.0 21.0 20.0 19.0 18.0 17.0 16.0 15.0 14.0 13.0 12.0 11.0 10.0 9.0 8.0 7.0 6.0 5.0 4.0 3.0 2.0 1.0 0.0 1.0 2.0 3.0 4.0 5.0 6.0 7.0 8.0 9.0 
9.0 10.0 11.0 12.0 13.0 14.0 15.0 16.0 17.0 18.0 19.0 20.0 21.0 22.0 23.0 24.0 25.0 26.0 27.0 28.0 29.0 30.0 31.0 32.0 33.0 34.0 35.0 36.0 37.0 38.0 39.0 40.0 41.0 42.0 43.0 44.0 45.0 46.0 47.0 48.0 49.0 50.0 51.0 52.0 53.0 54.0 55.0 56.0 57.0 58.0 59.0 60.0 61.0 62.0 63.0 64.0 63.0 62.0 61.0 60.0 59.0 58.0 57.0 56.0 55.0 54.0 53.0 52.0 51.0 50.0 49.0 48.0 47.0 46.0 45.0 44.0 43.0 42.0 41.0 40.0 39.0 38.0 37.0 36.0 35.0 34.0 33.0 32.0 31.0 30.0 29.0 28.0 27.0 26.0 25.0 24.0 23.0 22.0 21.0 20.0 19.0 18.0 17.0 16.0 15.0 14.0 13.0 12.0 11.0 10.0 9.0 8.0 7.0 6.0 5.0 4.0 3.0 2.0 1.0 0.0 1.0 2.0 3.0 4.0 5.0 6.0 7.0 8.0 
8.0 9.0 10.0 11.0 12.0 13.0 14.0 15.0 16.0 17.0 18.0 19.0 20.0 21.0 22.0 23.0 24.0 25.0 26.0 27.0 28.0 29.0 30.0 31.0 32.0 33.0 34.0 35.0 36.0 37.0 38.0 39.0 40.0 41.0 42.0 43.0 44.0 45.0 46.0 47.0 48.0 49.0 50.0 51.0 52.0 53.0 54.0 55.0 56.0 57.0 58.0 59.0 60.0 61.0 62.0 63.0 64.0 63.0 62.0 61.0 60.0 59.0 58.0 57.0 56.0 55.0 54.0 53.0 52.0 51.0 50.0 49.0 48.0 47.0 46.0 45.0 44.0 43.0 42.0 41.0 40.0 39.0 38.0 37.0 36.0 35.0 34.0 33.0 32.0 31.0 30.0 29.0 28.0 27.0 26.0 25.0 24.0 23.0 22.0 21.0 20.0 19.0 18.0 17.0 16.0 15.0 14.0 13.0 12.0 11.0 10.0 9.0 8.0 7.0 6.0 5.0 4.0 3.0 2.0 1.0 0.0 1.0 2.0 3.0 4.0 5.0 6.0 7.0 
7.0 8.0 9.0 10.0 11.0 12.0 13.0 14.0 15.0 16.0 17.0 18.0 19.0 20.0 21.0 22.0 23.0 24.0 25.0 26.0 27.0 28.0 29.0 30.0 31.0 32.0 33.0 34.0 35.0 36.0 37.0 38.0 39.0 40.0 41.0 42.0 43.0 44.0 45.0 46.0 47.0 48.0 49.0 50.0 51.0 52.0 53.0 54.0 55.0 56.0 57.0 58.0 59.0 60.0 61.0 62.0 63.0 64.0 63.0 62.0 61.0 60.0 59.0 58.0 57.0 56.0 55.0 54.0 53.0 52.0 51.0 50.0 49.0 48.0 47.0 46.0 45.0 44.0 43.0 42.0 41.0 40.0 39.0 38.0 37.0 36.0 35.0 34.0 33.0 32.0 31.0 30.0 29.0 28.0 27.0 26.0 25.0 24.0 23.0 22.0 21.0 20.0 19.0 18.0 17.0 16.0 15.0 14.0 13.0 12.0 11.0 10.0 9.0 8.0 7.0 6.0 5.0 4.0 3.0 2.0 1.0 0.0 1.0 2.0 3.0 4.0 5.0 6.0 
6.0 7.0 8.0 9.0 10.0 11.0 12.0 13.0 14.0 15.0 16.0 17.0 18.0 19.0 20.0 21.0 22.0 23.0 24.0 25.0 26.0 27.0 28.0 29.0 30.0 31.0 32.0 33.0 34.0 35.0 36.0 37.0 38.0 39.0 40.0 41.0 42.0 43.0 44.0 45.0 46.0 47.0 48.0 49.0 50.0 51.0 52.0 53.0 54.0 55.0 56.0 57.0 58.0 59.0 60.0 61.0 62.0 63.0 64.0 63.0 62.0 61.0 60.0 59.0 58.0 57.0 56.0 55.0 54.0 53.0 52.0 51.0 50.0 49.0 48.0 47.0 46.0 45.0 44.0 43.0 42.0 41.0 40.0 39.0 38.0 37.0 36.0 35.0 34.0 33.0 32.0 31.0 30.0 29.0 28.0 27.0 26.0 25.0 24.0 23.0 22.0 21.0 20.0 19.0 18.0 17.0 16.0 15.0 14.0 13.0 12.0 11.0 10.0 9.0 8.0 7.0 6.0 5.0 4.0 3.0 2.0 1.0 0.0 1.0 2.0 3.0 4.0 5.0 
5.0 6.0 7.0 8.0 9.0 10.0 11.0 12.0 13.0 14.0 15.0 16.0 17.0 18.0 19.0 20.0 21.0 22.0 23.0 24.0 25.0 26.0 27.0 28.0 29.0 30.0 31.0 32.0 33.0 34.0 35.0 36.0 37.0 38.0 39.0 40.0 41.0 42.0 43.0 44.0 45.0 46.0 47.0 48.0 49.0 50.0 51.0 52.0 53.0 54.0 55.0 56.0 57.0 58.0 59.0 60.0 61.0 62.0 63.0 64.0 63.0 62.0 61.0 60.0 59.0 58.0 57.0 56.0 55.0 54.0 53.0 52.0 51.0 50.0 49.0 48.0 47.0 46.0 45.0 44.0 43.0 42.0 41.0 40.0 39.0 38.0 37.0 36.0 35.0 34.0 33.0 32.0 31.0 30.0 29.0 28.0 27.0 26.0 25.0 24.0 23.0 22.0 21.0 20.0 19.0 18.0 17.0 16.0 15.0 14.0 13.0 12.0 11.0 10.0 9.0 8.0 7.0 6.0 5.0 4.0 3.0 2.0 1.0 0.0 1.0 2.0 3.0 4.0 
4.0 5.0 6.0 7.0 8.0 9.0 10.0 11.0 12.0 13.0 14.0 15.0 16.0 17.0 18.0 19.0 20.0 21.0 22.0 23.0 24.0 25.0 26.0 27.0 28.0 29.0 30.0 31.0 32.0 33.0 34.0 35.0 36.0 37.0 38.0 39.0 40.0 41.0 42.0 43.0 44.0 45.0 46.0 47.0 48.0 49.0 50.0 51.0 52.0 53.0 54.0 55.0 56.0 57.0 58.0 59.0 60.0 61.0 62.0 63.0 64.0 63.0 62.0 61.0 60.0 59.0 58.0 57.0 56.0 55.0 54.0 53.0 52.0 51.0 50.0 49.0 48.0 47.0 46.0 45.0 44.0 43.0 42.0 41.0 40.0 39.0 38.0 37.0 36.0 35.0 34.0 33.0 32.0 31.0 30.0 29.0 28.0 27.0 26.0 25.0 24.0 23.0 22.0 21.0 20.0 19.0 18.0 17.0 16.0 15.0 14.0 13.0 12.0 11.0 10.0 9.0 8.0 7.0 6.0 5.0 4.0 3.0 2.0 1.0 0.0 1.0 2.0 3.0 
3.0 4.0 5.0 6.0 7.0 8.0 9.0 10.0 11.0 12.0 13.0 14.0 15.0 16.0 17.0 18.0 19.0 20.0 21.0 22.0 23.0 24.0 25.0 26.0 27.0 28.0 29.0 30.0 31.0 32.0 33.0 34.0 35.0 36.0 37.0 38.0 39.0 40.0 41.0 42.0 43.0 44.0 45.0 46.0 47.0 48.0 49.0 50.0 51.0 52.0 53.0 54.0 55.0 56.0 57.0 58.0 59.0 60.0 61.0 62.0 63.0 64.0 63.0 62.0 61.0 60.0 59.0 58.0 57.0 56.0 55.0 54.0 53.0 52.0 51.0 50.0 49.0 48.0 47.0 46.0 45.0 44.0 43.0 42.0 41.0 40.0 39.0 38.0 37.0 36.0 35.0 34.0 33.0 32.0 31.0 30.0 29.0 28.0 27.0 26.0 25.0 24.0 23.0 22.0 21.0 20.0 19.0 18.0 17.0 16.0 15.0 14.0 13.0 12.0 11.0 10.0 9.0 8.0 7.0 6.0 5.0 4.0 3.0 2.0 1.0 0.0 1.0 2.0 
2.0 3.0 4.0 5.0 6.0 7.0 8.0 9.0 10.0 11.0 12.0 13.0 14.0 15.0 16.0 17.0 18.0 19.0 20.0 21.0 22.0 23.0 24.0 25.0 26.0 27.0 28.0 29.0 30.0 31.0 32.0 33.0 34.0 35.0 36.0 37.0 38.0 39.0 40.0 41.0 42.0 43.0 44.0 45.0 46.0 47.0 48.0 49.0 50.0 51.0 52.0 53.0 54.0 55.0 56.0 57.0 58.0 59.0 60.0 61.0 62.0 63.0 64.0 63.0 62.0 61.0 60.0 59.0 58.0 57.0 56.0 55.0 54.0 53.0 52.0 51.0 50.0 49.0 48.0 47.0 46.0 45.0 44.0 43.0 42.0 41.0 40.0 39.0 38.0 37.0 36.0 35.0 34.0 33.0 32.0 31.0 30.0 29.0 28.0 27.0 26.0 25.0 24.0 23.0 22.0 21.0 20.0 19.0 18.0 17.0 16.0 15.0 14.0 13.0 12.0 11.0 10.0 9.0 8.0 7.0 6.0 5.0 4.0 3.0 2.0 1.0 0.0 1.0 
1.0 2.0 3.0 4.0 5.0 6.0 7.0 8.0 9.0 10.0 11.0 12.0 13.0 14.0 15.0 16.0 17.0 18.0 19.0 20.0 21.0 22.0 23.0 24.0 25.0 26.0 27.0 28.0 29.0 30.0 31.0 32.0 33.0 34.0 35.0 36.0 37.0 38.0 39.0 40.0 41.0 42.0 43.0 44.0 45.0 46.0 47.0 48.0 49.0 50.0 51.0 52.0 53.0 54.0 55.0 56.0 57.0 58.0 59.0 60.0 61.0 62.0 63.0 64.0 63.0 62.0 61.0 60.0 59.0 58.0 57.0 56.0 55.0 54.0 53.0 52.0 51.0 50.0 49.0 48.0 47.0 46.0 45.0 44.0 43.0 42.0 41.0 40.0 39.0 38.0 37.0 36.0 35.0 34.0 33.0 32.0 31.0 30.0 29.0 28.0 27.0 26.0 25.0 24.0 23.0 22.0 21.0 20.0 19.0 18.0 17.0 16.0 15.0 14.0 13.0 12.0 11.0 10.0 9.0 8.0 7.0 6.0 5.0 4.0 3.0 2.0 1.0 0.0 