128
36 33 32 82 46 41 94 14 20 93 77 3 55 52 69 95 79 14 50 57 62 64 64 80 18 68 19 1 98 63 46 1 10 43 86 73 60 73 2 33 46 49 80 15 6 40 46 8 85 37 79 3 99 9 37 14 29 18 69 92 60 89 95 59 42 46 89 64 59 82 22 98 22 71 88 96 59 9 88 25 18 48 77 6 86 16 81 46 8 82 36 63 18 60 81 83 55 22 17 3 50 74 11 98 73 54 53 63 68 74 1 66 74 81 59 32 33 96 31 69 6 74 42 72 59 83 71 83 
94 68 94 93 63 88 41 88 55 26 22 23 32 89 58 37 18 39 6 7 82 80 92 38 34 6 30 84 8 28 28 68 15 33 87 56 43 89 20 26 9 3 73 2 2 74 48 48 86 58 51 87 46 51 3 29 19 44 90 95 33 46 76 41 37 34 65 38 43 20 8 73 47 10 40 58 30 11 44 19 69 80 78 17 88 60 55 56 72 97 84 83 35 30 79 34 32 21 19 21 97 33 87 86 69 15 10 40 4 26 46 37 1 25 16 89 92 22 56 32 15 77 93 43 45 70 58 89 
83 80 25 69 93 59 93 34 33 89 58 34 62 10 19 10 90 91 47 41 1 64 95 93 34 60 34 45 33 48 6 54 31 19 8 33 6 81 39 47 13 66 65 75 14 41 69 71 98 5 32 73 76 39 6 59 20 8 68 92 54 56 73 48 28 73 9 5 74 72 55 62 64 76 94 39 36 27 10 82 31 2 96 13 85 23 79 10 79 15 88 20 17 75 20 24 10 14 70 95 46 66 4 89 91 45 73 76 3 36 1 4 15 9 32 27 30 42 1 88 40 15 45 14 24 63 19 90 
91 3 28 64 88 43 12 76 7 56 15 44 33 53 68 66 23 46 87 62 30 3 27 18 83 23 98 42 25 49 17 98 16 69 45 35 88 75 61 81 56 9 86 55 66 46 58 43 28 8 32 16 9 40 75 95 51 23 33 50 53 58 60 29 50 85 57 6 34 87 21 25 73 35 81 96 8 55 40 25 97 33 27 56 85 47 81 73 5 70 99 57 99 68 92 93 50 45 89 34 55 32 58 85 44 100 82 19 91 22 91 30 89 18 61 14 77 32 79 61 91 71 44 76 70 99 19 43 
29 42 57 5 76 52 39 63 35 78 18 42 54 20 74 16 54 76 85 92 73 36 31 2 70 96 56 56 73 39 87 44 54 71 24 49 43 40 97 72 87 94 86 86 89 56 95 97 46 64 96 77 52 27 39 70 17 46 34 92 80 78 100 49 92 65 23 61 13 80 83 9 29 86 12 95 48 92 92 99 5 1 23 88 78 95 15 67 34 85 24 60 64 60 69 28 70 5 42 83 94 17 86 72 92 71 79 85 3 46 58 67 76 41 4 46 5 60 100 78 65 12 82 69 69 62 48 11 
26 18 47 67 44 79 58 8 44 99 3 100 55 53 23 74 30 12 33 47 34 93 13 12 42 71 50 38 39 49 64 49 42 61 22 14 40 28 47 15 88 87 17 47 90 82 48 14 16 10 29 93 39 75 21 23 47 13 31 48 77 76 10 49 50 78 100 50 38 48 61 52 59 31 29 78 51 92 29 89 24 75 71 36 50 3 43 50 83 23 96 34 17 51 54 42 19 91 37 27 33 18 46 23 83 18 58 19 86 69 91 34 24 26 24 97 60 26 44 8 54 90 35 2 27 71 79 65 
77 24 73 96 96 62 14 93 66 30 88 48 10 53 29 94 38 21 2 51 73 60 73 52 58 81 80 99 24 35 13 38 46 37 58 88 89 68 25 26 42 2 28 40 30 85 4 52 66 88 28 67 1 60 14 68 90 7 35 94 31 16 50 78 96 69 49 82 13 43 83 63 64 61 37 54 59 79 6 23 83 21 84 71 35 46 49 26 99 49 53 54 18 43 33 44 42 3 15 16 24 94 22 78 82 100 75 41 62 76 75 28 83 33 56 6 85 83 49 3 1 92 10 83 66 91 5 15 
39 65 28 6 31 14 93 22 92 9 56 73 50 68 48 62 81 2 4 42 6 99 15 96 99 7 57 8 1 91 10 9 86 71 84 95 11 66 92 83 80 61 6 95 53 29 67 18 10 42 62 95 44 90 67 67 15 2 92 31 31 83 97 96 34 72 37 36 65 92 100 22 47 46 9 68 59 22 47 39 35 17 41 8 38 21 35 49 25 15 100 16 73 30 17 29 12 26 4 74 99 18 29 98 65 58 44 88 15 23 23 30 23 65 88 87 67 15 38 24 3 82 2 89 81 9 74 83 
27 82 23 99 68 82 2 41 69 18 65 86 34 1 88 86 77 91 38 17 85 75 23 58 54 64 91 60 49 63 94 25 21 98 4 64 40 59 77 96 83 95 49 84 56 78 8 14 79 70 90 52 17 1 8 23 85 28 79 48 40 95 90 14 73 91 87 39 27 91 50 5 41 44 25 85 99 10 63 77 94 41 2 67 31 94 44 90 69 74 99 29 9 12 41 82 13 50 41 38 13 63 76 62 46 74 8 27 64 30 8 100 38 71 66 49 4 30 26 66 100 33 49 14 29 17 41 43 
37 11 45 15 99 16 31 88 10 96 51 94 83 82 76 15 22 65 54 45 28 26 8 10 16 51 100 1 20 34 75 70 32 31 65 29 12 6 30 67 24 6 63 30 67 4 37 100 14 64 100 24 34 4 89 24 11 19 85 33 76 51 90 32 70 72 80 19 25 51 14 3 30 81 48 39 31 80 26 44 79 10 21 98 14 79 60 79 36 92 79 42 90 54 71 66 88 32 23 22 31 46 85 73 86 97 29 51 39 32 49 11 32 48 76 80 39 92 1 100 16 57 15 20 34 99 24 91 
7 69 100 76 25 88 28 51 69 71 68 90 49 12 92 29 65 55 37 80 19 98 22 42 91 31 88 87 66 28 37 36 52 15 46 18 22 77 89 7 1 9 28 78 28 74 14 24 31 57 5 30 79 94 49 63 54 85 57 76 99 1 69 64 32 49 24 9 36 17 83 28 33 68 52 90 17 35 76 45 21 64 25 19 57 53 60 38 76 71 12 13 60 83 86 2 95 88 86 39 81 4 99 33 86 54 82 20 11 8 46 27 85 6 79 27 51 14 25 72 60 83 60 34 93 47 21 99 
14 30 53 88 37 8 85 100 72 74 58 20 10 89 60 38 87 64 35 26 34 88 43 20 9 61 66 41 72 58 2 65 24 97 77 69 87 90 4 31 33 63 23 13 97 34 79 52 55 30 99 81 4 2 19 39 10 81 4 20 49 12 13 30 59 88 82 67 1 91 99 9 49 3 45 34 99 36 76 44 9 83 72 87 64 13 8 31 98 29 6 14 97 97 14 91 3 86 18 46 30 62 32 67 59 11 65 94 6 27 15 18 13 20 17 57 21 71 12 67 48 30 47 21 2 44 77 23 
17 51 89 17 69 1 70 75 62 16 9 16 34 65 15 61 34 86 11 96 92 40 13 51 51 26 88 79 6 67 97 40 41 29 61 18 65 70 25 86 7 83 83 72 30 6 5 44 52 48 67 17 83 64 87 2 72 80 28 49 96 25 36 68 68 25 23 61 87 15 75 18 68 98 100 76 100 14 39 66 67 12 43 7 46 48 27 38 23 11 95 45 54 36 27 67 38 33 2 94 72 12 50 28 46 98 96 80 4 64 35 57 26 91 91 60 18 71 16 61 24 84 54 51 76 81 100 79 
27 8 99 26 15 84 7 34 9 9 52 72 48 75 88 37 73 20 82 58 58 13 49 91 81 60 9 78 5 88 27 58 82 87 46 47 23 22 56 41 36 8 76 47 38 89 45 90 81 31 67 92 43 12 28 33 31 60 25 75 65 42 71 91 22 45 36 58 12 67 33 47 79 45 85 20 32 25 74 20 56 88 21 96 55 93 56 83 79 98 49 36 73 23 62 91 32 80 41 100 41 51 53 75 4 34 51 50 21 51 7 54 63 94 15 3 41 29 75 51 10 32 32 65 81 46 86 54 
39 80 3 42 14 94 85 44 10 18 60 84 18 2 15 38 96 57 63 51 86 83 34 36 40 31 78 67 2 33 68 84 44 56 36 56 50 32 39 89 19 39 38 19 71 41 41 49 46 37 49 50 12 95 23 49 89 37 48 63 93 7 74 46 32 95 13 39 27 46 45 91 27 54 100 56 99 92 41 99 12 100 40 54 50 43 91 57 26 76 1 26 33 62 31 39 83 67 48 54 93 48 21 35 1 74 10 49 81 54 81 45 90 46 37 44 9 13 74 64 12 72 91 31 69 51 97 76 
81 32 99 42 35 29 18 57 61 42 89 43 42 43 56 13 50 24 95 34 37 96 71 45 95 30 37 59 86 15 53 63 54 13 25 21 86 77 68 80 30 77 58 62 1 3 16 60 78 34 32 86 36 15 79 30 87 81 84 44 86 24 97 65 30 54 99 66 5 76 11 76 82 95 32 39 63 8 86 34 54 75 8 81 91 41 90 62 24 64 73 38 52 14 59 39 5 93 39 67 19 81 93 79 11 36 74 95 34 57 35 16 45 95 71 43 61 26 91 8 84 40 41 38 23 2 82 81 
13 11 23 75 17 36 49 33 34 61 74 77 38 36 21 76 88 71 98 90 82 89 14 9 82 43 58 34 67 51 13 39 92 94 100 48 38 71 52 25 91 83 33 81 83 76 11 63 55 35 91 97 64 32 6 45 77 7 23 57 23 80 23 84 80 96 76 41 81 33 50 72 91 100 75 51 52 80 10 49 81 46 10 41 32 61 42 25 52 44 91 54 28 31 3 7 44 31 14 29 33 18 12 15 87 71 84 36 4 14 74 78 80 7 93 17 30 52 67 54 58 70 64 86 24 75 41 83 
17 11 47 98 41 26 68 81 57 90 54 51 27 71 92 99 38 11 30 36 88 53 19 42 50 96 61 22 65 64 24 72 59 75 13 57 69 77 88 73 6 89 17 71 22 72 24 46 99 96 6 31 52 28 22 66 97 43 78 89 5 89 29 27 70 88 62 72 95 26 60 52 89 45 83 74 41 75 62 8 73 68 33 74 26 60 41 35 2 23 4 90 16 88 38 54 38 99 76 63 39 26 14 16 40 69 9 81 8 9 57 36 63 93 72 68 95 55 45 51 71 37 18 72 6 44 48 47 
43 5 11 96 35 2 3 81 57 57 81 39 16 90 80 47 97 71 26 93 30 99 45 87 16 58 34 14 7 59 88 6 7 64 69 8 98 56 48 54 40 31 15 6 43 70 90 55 48 3 51 74 37 24 93 1 90 52 7 16 11 98 34 69 96 40 36 56 77 21 41 55 33 94 62 93 80 98 30 81 14 83 23 75 73 98 53 41 90 95 51 80 97 98 29 29 55 63 34 99 36 93 42 81 85 88 12 13 25 97 68 89 24 23 64 25 35 95 20 91 24 23 44 49 10 21 11 47 
82 47 24 11 8 10 30 17 18 61 27 92 12 39 71 79 62 61 61 93 94 67 92 67 10 84 33 18 37 100 82 90 99 20 13 96 87 33 55 49 84 55 26 60 68 46 36 54 10 86 45 74 97 7 52 21 92 60 41 70 82 35 53 64 52 39 93 91 73 50 66 65 61 69 82 98 62 27 76 60 40 94 38 98 7 60 88 65 63 23 61 32 60 26 77 70 63 80 59 59 9 42 98 1 87 8 50 59 24 64 46 96 92 82 31 70 85 2 97 28 81 58 2 26 35 68 4 30 
46 7 98 76 81 76 97 40 99 25 31 13 41 11 40 31 26 82 23 10 46 2 97 59 76 71 90 56 9 39 33 23 23 41 95 99 25 59 24 43 41 48 1 21 10 57 5 45 45 74 89 63 13 26 70 73 36 75 50 91 2 54 2 72 78 99 10 32 51 93 99 41 67 22 67 45 18 80 55 46 91 11 3 62 98 72 11 13 27 85 7 100 87 35 85 62 19 46 75 87 45 61 14 73 100 38 17 19 76 50 44 64 81 100 62 50 92 54 91 70 20 79 30 97 63 61 29 31 
5 83 37 55 40 44 59 75 70 36 60 100 65 80 68 94 28 10 64 97 20 69 36 58 65 79 75 16 18 65 31 75 95 39 44 65 97 74 73 91 59 75 55 38 79 53 54 79 95 82 57 82 22 75 21 66 86 66 45 33 81 16 45 16 92 45 59 44 79 52 63 91 96 50 38 3 98 70 71 53 41 92 30 64 61 45 85 100 27 82 62 13 7 61 53 67 79 50 100 37 52 85 57 8 91 46 99 1 30 77 73 27 58 93 37 95 77 19 74 28 54 37 44 2 38 92 12 87 
57 11 2 48 64 87 39 54 26 27 70 58 24 26 53 59 73 63 41 49 51 1 82 98 6 20 77 33 16 79 92 52 58 2 72 91 99 59 44 3 4 28 16 25 63 97 18 49 34 10 12 1 31 19 62 7 73 95 37 100 40 16 65 91 67 76 78 37 49 9 94 61 19 77 62 92 26 52 49 4 78 34 61 43 49 57 19 65 100 55 35 70 23 15 45 84 20 71 52 59 45 89 17 16 44 16 100 97 19 90 71 40 39 85 29 58 83 43 86 9 17 17 18 57 28 15 46 86 
85 93 62 9 26 92 64 9 59 13 16 4 93 54 58 91 19 42 81 42 69 6 88 65 92 6 6 56 46 27 49 97 26 84 59 23 45 14 33 74 76 81 46 59 69 27 37 41 52 29 85 87 90 47 11 26 24 22 84 14 35 6 35 18 73 3 28 58 15 25 55 27 61 76 17 30 20 65 52 54 81 40 88 31 85 59 29 47 72 26 68 96 21 59 47 87 91 11 46 86 15 27 68 93 62 25 93 14 75 50 30 22 44 85 55 88 52 35 20 48 72 75 25 78 53 29 39 100 
68 40 13 76 54 82 61 47 3 4 88 100 56 52 14 15 94 12 91 56 10 33 77 43 4 3 90 23 36 37 57 18 98 82 78 60 70 50 13 75 78 4 42 68 60 15 23 89 82 58 83 34 36 12 70 75 38 65 27 6 45 43 3 75 55 69 97 50 50 83 41 87 60 47 10 45 74 59 88 30 32 69 32 20 97 19 34 1 5 32 24 79 71 44 5 39 69 73 82 62 8 77 43 79 53 49 60 34 38 49 45 11 17 55 10 47 58 32 16 22 72 71 82 9 98 8 39 17 
78 17 12 69 38 50 81 44 78 53 83 83 88 45 92 73 89 40 24 22 29 53 40 36 81 85 55 15 60 17 76 77 63 17 12 19 97 24 21 62 94 100 23 59 70 98 74 52 31 49 93 25 83 9 91 6 20 6 35 75 42 24 72 88 54 72 56 48 79 97 20 92 96 62 84 72 29 52 68 74 8 84 94 84 97 73 2 66 54 7 76 77 41 22 78 13 15 93 99 1 65 58 77 71 92 45 41 28 58 61 37 66 76 37 51 50 10 37 89 71 45 37 56 4 53 72 36 22 
63 91 22 72 76 37 23 29 85 23 97 56 34 84 33 13 22 89 79 79 30 31 69 6 10 61 6 52 55 94 5 47 50 8 10 30 97 89 50 6 77 92 8 92 82 25 95 70 55 26 23 51 8 22 19 46 4 39 60 86 79 80 57 48 18 84 77 46 15 84 38 56 80 43 99 94 59 22 95 33 88 50 78 54 41 43 5 15 85 27 93 73 73 31 84 92 98 43 1 8 8 78 70 83 93 88 13 73 11 62 3 69 40 3 73 29 48 12 19 64 63 37 32 16 64 45 8 68 
36 10 39 90 7 98 54 27 2 83 78 8 83 7 12 26 68 6 47 74 3 51 49 65 99 32 46 48 35 54 57 35 89 19 30 56 71 34 9 12 100 51 71 43 75 8 66 21 11 26 12 89 74 93 37 9 51 73 79 70 29 6 13 23 60 17 33 53 7 79 68 46 32 90 11 54 64 92 16 48 53 48 51 33 85 74 52 70 26 5 80 15 16 5 14 10 72 64 73 96 54 14 70 59 46 84 18 62 22 54 65 63 22 19 84 1 84 34 45 94 24 70 36 42 65 77 61 17 
71 83 18 70 94 68 61 81 91 11 95 31 9 35 53 42 85 68 11 20 96 59 1 23 45 95 98 32 76 48 2 12 91 19 13 35 88 26 57 67 90 40 62 19 100 14 53 43 84 62 5 62 28 32 48 46 63 9 61 83 21 68 60 31 71 41 68 96 22 47 55 83 77 89 40 88 91 18 76 43 37 1 63 76 20 70 82 58 44 92 23 79 16 32 31 97 73 41 76 63 12 35 45 99 54 73 77 46 39 84 62 35 16 24 87 90 2 50 49 53 87 89 88 70 34 5 78 50 
75 77 30 71 13 25 9 76 79 83 51 40 43 61 50 52 84 64 38 69 9 77 3 78 72 86 79 36 61 68 17 10 76 81 47 13 33 9 14 30 74 25 45 34 26 11 56 30 23 98 46 25 54 23 79 35 56 68 13 4 6 37 13 37 79 25 61 8 85 6 13 86 42 40 19 71 38 75 11 8 44 98 4 50 47 43 61 2 47 44 70 72 70 27 44 84 39 77 20 59 65 2 2 15 99 36 1 46 79 90 16 5 29 47 96 60 100 41 18 21 24 31 100 38 93 35 86 62 
100 84 17 95 17 48 27 11 95 61 30 61 63 7 9 55 15 25 96 8 65 70 30 28 41 51 70 88 63 62 58 69 34 11 85 27 21 13 69 73 53 89 5 77 32 64 41 75 43 36 38 16 78 11 78 36 31 13 35 81 9 55 51 81 33 67 7 98 98 78 83 31 53 30 55 40 81 44 88 4 85 25 71 68 77 24 95 52 98 5 51 11 83 95 80 27 12 29 95 31 49 35 66 9 9 80 16 8 39 13 87 10 84 12 58 100 71 100 1 5 8 23 73 40 16 64 16 5 
81 17 42 45 12 81 4 61 77 51 25 57 45 86 64 40 85 10 90 60 88 15 34 67 58 31 43 43 93 20 43 73 100 18 71 76 15 42 50 18 92 57 51 97 70 90 27 42 8 57 67 40 5 63 75 44 76 63 58 94 70 53 98 61 31 25 89 2 39 44 48 46 1 26 64 40 55 19 61 56 24 96 16 81 64 2 70 74 3 36 40 53 50 73 93 39 42 20 68 47 99 61 7 5 59 15 45 30 29 94 40 27 42 94 51 63 66 68 87 35 8 61 28 90 32 25 89 63 
33 89 90 51 81 94 100 50 59 89 19 52 12 7 21 86 19 84 79 85 42 60 5 46 19 45 24 26 84 96 45 53 89 64 81 61 2 58 66 81 77 13 25 18 41 100 70 91 23 93 67 57 51 18 30 70 52 52 24 2 1 83 95 46 58 52 21 68 17 2 98 30 10 6 17 91 42 91 14 3 88 88 6 63 24 96 96 24 46 27 43 12 60 72 59 43 17 90 67 72 69 69 18 97 53 26 16 53 38 34 43 8 54 51 77 88 84 88 96 18 21 50 12 16 61 1 74 96 
23 68 98 11 99 60 30 64 63 47 38 67 8 54 57 70 52 42 100 1 83 81 13 38 69 99 82 31 63 19 15 64 62 19 31 22 11 61 2 34 3 59 79 56 21 42 22 82 37 63 32 86 79 1 15 62 49 8 81 85 30 51 77 40 26 91 42 99 83 35 33 92 21 61 48 46 8 21 94 16 19 44 78 75 18 49 32 89 99 49 20 48 16 83 69 48 46 47 84 59 83 100 30 3 57 63 29 12 36 29 83 17 8 94 72 71 82 5 80 74 100 87 55 74 62 34 52 74 
76 97 50 24 42 8 11 17 5 59 64 100 52 60 35 79 60 2 67 99 48 17 92 82 88 57 10 34 42 97 84 89 66 63 21 5 43 79 10 5 93 63 3 45 55 30 22 95 90 39 8 65 52 94 71 6 75 15 37 39 80 35 99 57 23 58 20 13 46 31 21 83 42 29 3 41 56 29 69 73 44 79 18 51 51 86 69 87 7 81 77 38 66 25 12 55 35 43 74 84 36 31 4 82 81 29 36 87 60 99 22 90 6 12 65 89 71 41 61 58 12 25 6 30 91 41 72 89 
25 83 88 53 16 15 73 18 30 29 80 81 27 77 11 95 32 98 86 24 43 80 76 19 99 65 80 27 15 57 83 31 9 75 89 97 29 9 44 63 53 45 89 2 62 26 14 96 19 84 18 73 62 40 81 35 39 75 69 88 65 65 21 52 59 61 29 91 37 6 39 48 72 50 58 97 13 26 61 53 8 81 79 98 67 14 61 12 7 39 87 57 88 82 40 37 17 1 7 70 32 98 61 48 33 21 85 88 45 85 3 83 45 84 73 74 5 92 57 36 46 67 97 2 59 2 49 39 
77 55 74 53 20 37 2 93 52 44 4 90 43 95 55 50 61 46 96 2 46 47 55 77 97 34 85 53 92 10 55 9 61 78 47 67 23 11 14 19 54 19 84 33 27 98 84 3 43 56 29 8 15 16 45 95 100 17 18 13 33 30 54 88 31 11 41 93 12 83 87 8 33 38 87 48 53 11 58 59 45 85 31 48 32 5 79 39 20 35 93 62 76 36 38 51 54 99 60 33 51 31 93 66 5 79 38 63 4 24 65 74 41 3 83 22 99 27 27 37 10 66 52 44 90 30 26 15 
72 11 27 97 25 13 39 98 67 93 68 6 62 35 54 99 22 40 83 51 31 85 34 15 36 71 31 55 3 92 72 14 57 60 12 48 65 100 58 80 62 54 74 49 88 51 13 42 57 58 52 28 84 1 44 15 51 68 9 70 72 42 24 18 25 64 34 24 80 83 93 4 15 17 29 67 88 15 91 15 62 47 29 13 14 79 78 78 82 87 84 10 15 94 44 22 7 96 90 63 50 86 98 20 12 62 64 30 57 40 14 26 53 19 97 95 87 18 71 91 32 90 53 55 85 37 85 23 
30 20 62 99 25 73 98 39 48 28 28 56 6 39 58 65 28 56 61 78 96 54 46 80 61 66 80 98 84 57 45 92 80 68 63 37 72 70 54 57 8 74 65 29 100 67 61 42 35 93 41 81 83 57 39 94 89 41 17 94 88 82 58 97 40 40 42 40 57 65 56 74 99 86 22 73 82 96 55 56 37 28 68 11 95 49 70 68 70 82 31 15 39 58 62 9 14 85 74 77 33 25 99 54 90 80 75 43 16 82 91 38 67 71 16 2 29 16 47 69 12 61 57 86 26 76 43 85 
4 8 33 73 45 83 7 42 23 58 18 49 94 74 46 51 91 88 53 75 22 11 34 87 91 27 31 19 10 66 45 37 55 76 50 93 31 77 63 43 75 66 48 70 8 5 98 78 3 24 67 80 86 61 10 72 38 53 6 69 52 99 40 95 15 33 53 57 4 79 67 12 51 95 22 64 100 7 50 5 12 23 2 74 42 34 52 53 79 52 87 5 70 46 60 30 65 73 8 27 15 36 34 19 9 10 1 94 42 41 33 33 48 59 91 14 76 10 51 59 27 77 48 50 10 18 14 32 
19 3 67 40 65 13 73 28 12 21 78 94 56 36 78 61 78 1 30 99 70 12 84 63 34 94 33 46 100 48 74 58 63 100 40 78 99 19 20 56 18 71 11 29 83 15 44 33 6 68 79 49 86 83 68 15 43 81 46 88 31 49 90 92 4 92 55 39 82 65 75 84 99 83 63 56 88 73 14 98 13 41 54 39 2 12 43 46 33 60 22 74 11 77 62 7 56 22 58 32 40 83 57 31 22 53 9 20 100 11 82 96 77 45 77 55 7 43 55 76 88 16 82 69 21 42 92 94 
38 34 42 54 54 57 76 39 87 77 34 20 90 70 13 44 59 33 76 69 28 65 63 24 22 5 37 90 86 89 75 68 70 54 29 96 68 86 78 83 48 62 77 37 29 43 48 92 8 50 39 94 71 46 9 94 78 55 30 11 20 77 19 46 73 8 80 85 45 44 34 17 43 26 52 25 42 77 21 68 14 83 15 80 80 20 95 78 5 41 79 44 38 74 11 55 59 61 79 64 36 49 90 36 13 80 3 29 100 63 27 2 78 79 80 35 3 39 9 15 48 7 12 44 28 95 7 64 
82 77 58 66 34 10 68 64 46 65 57 69 30 60 31 97 80 57 69 82 39 49 35 32 24 81 25 74 43 81 39 51 96 64 90 73 11 87 75 4 77 100 44 48 73 97 91 68 50 26 74 64 76 81 96 6 20 50 71 67 13 42 61 89 13 86 69 72 15 51 29 71 57 25 87 41 12 93 15 23 99 92 75 60 73 22 98 69 18 37 38 12 96 86 78 93 18 25 76 85 27 83 36 20 20 4 40 63 92 6 88 20 60 13 15 13 92 57 52 49 16 80 56 2 73 95 30 13 
22 61 21 91 84 3 21 3 42 90 88 70 89 26 47 39 14 71 72 94 29 84 7 34 54 29 71 93 67 60 97 68 29 4 58 50 80 18 30 81 45 18 5 76 36 50 28 24 16 68 61 80 25 67 57 41 20 13 96 57 36 26 74 82 44 14 78 20 46 91 46 18 32 37 58 57 40 53 17 31 75 43 45 1 56 91 44 44 57 65 39 95 9 92 22 11 25 35 56 31 1 91 27 13 33 36 9 90 4 35 99 16 43 47 78 34 47 84 62 93 12 71 94 6 3 80 25 100 
60 49 87 6 33 74 16 73 93 64 3 98 10 8 38 81 51 8 58 40 23 50 12 54 39 18 46 98 4 52 96 71 100 79 38 96 58 64 76 70 96 28 73 49 72 61 75 67 58 16 74 7 7 1 70 48 82 24 22 9 29 38 66 85 12 62 100 8 75 51 23 38 75 85 67 22 91 14 99 33 5 14 95 58 49 51 23 17 96 72 32 77 26 85 27 22 6 29 1 25 21 57 35 97 91 24 76 81 16 48 84 30 27 13 85 42 8 86 33 93 29 16 95 42 13 100 65 14 
93 78 34 66 41 66 57 58 95 82 43 11 15 77 22 45 26 5 8 73 32 83 26 68 84 63 28 80 3 26 45 34 92 18 47 89 64 35 67 27 32 10 1 10 80 5 78 38 76 52 41 36 54 6 20 65 56 71 83 1 64 33 36 27 88 37 72 30 100 26 15 79 58 31 12 96 13 23 88 37 77 72 91 67 1 92 75 80 98 19 10 46 6 13 94 15 65 18 14 55 13 9 7 45 81 43 58 92 14 50 15 96 51 79 42 29 3 87 62 17 31 81 50 28 40 29 24 21 
11 52 77 38 67 75 74 24 50 42 12 12 34 85 89 66 12 93 93 10 62 91 95 81 64 19 2 49 17 73 78 75 67 91 100 31 78 72 4 81 65 58 74 5 65 33 33 11 38 8 36 9 90 83 14 37 97 14 12 47 6 32 66 29 66 77 31 12 5 23 21 65 63 13 97 63 36 97 78 9 30 34 52 58 68 40 54 57 20 39 80 85 33 38 9 66 74 6 58 94 34 32 31 67 10 8 95 81 57 35 94 65 13 22 91 10 19 48 88 71 41 29 53 55 82 79 100 17 
7 8 69 62 99 67 9 31 97 9 15 60 79 80 67 84 8 41 56 41 96 26 40 51 28 17 50 20 36 3 88 55 38 16 63 4 55 62 57 93 45 98 69 38 63 59 25 65 22 6 25 99 66 90 7 50 11 52 18 45 79 64 97 54 75 89 27 80 50 5 95 32 11 1 11 40 97 9 13 29 67 76 8 82 37 41 73 46 19 38 26 91 15 63 12 83 36 76 25 52 78 28 84 46 80 6 6 93 94 43 41 36 64 10 47 60 49 22 92 86 10 17 86 35 41 39 29 12 
11 33 93 27 51 57 22 36 35 72 78 77 55 67 65 21 97 46 26 5 20 7 31 84 53 51 10 84 32 88 99 38 57 60 55 6 78 97 35 43 56 30 87 40 63 42 2 62 98 82 66 61 11 15 29 24 5 8 4 100 86 12 41 37 97 56 90 24 15 37 34 6 95 30 93 31 26 25 74 18 40 46 41 16 90 81 71 48 65 22 22 93 18 18 38 91 41 89 60 32 2 60 93 61 26 82 18 29 70 23 55 99 45 4 60 75 61 11 62 33 81 37 71 9 15 59 86 5 
43 89 84 26 1 5 64 66 19 74 68 63 96 89 74 42 90 63 96 50 68 81 23 25 8 2 23 34 64 10 52 12 11 61 35 45 50 87 7 69 87 21 69 33 24 67 73 46 33 97 88 40 96 2 56 83 14 13 62 67 49 68 30 37 43 60 86 97 38 46 18 17 35 73 85 68 86 14 7 7 92 47 67 68 78 42 67 91 46 59 91 24 77 10 79 34 53 23 55 79 86 2 71 1 14 62 34 93 4 59 67 78 69 49 46 92 7 39 66 48 64 6 52 6 64 96 65 98 
25 27 77 81 69 42 90 97 43 11 61 57 55 25 38 86 64 1 37 91 89 74 18 9 90 6 64 71 75 46 74 7 45 75 4 100 80 93 42 35 62 57 67 92 39 68 84 49 29 33 38 56 12 17 16 42 31 94 90 18 70 22 8 96 18 43 56 18 22 91 25 20 77 84 98 73 76 85 44 23 53 46 37 12 12 73 80 36 84 85 45 92 22 84 66 28 51 16 80 91 75 21 63 36 45 57 60 34 61 89 31 11 18 15 70 83 55 45 8 58 87 21 69 48 8 40 18 97 
6 20 55 91 52 81 69 55 77 22 78 74 32 22 73 46 23 21 15 11 47 33 40 80 7 3 100 63 53 79 72 29 7 68 70 100 80 57 42 57 96 76 90 25 79 44 75 60 4 82 86 97 69 89 38 99 10 36 27 59 87 16 56 24 43 31 56 98 83 67 35 14 94 47 34 35 73 64 29 14 92 25 38 65 83 17 89 80 52 44 21 55 46 20 29 56 80 2 8 80 65 66 90 46 22 25 87 52 22 88 18 7 20 49 91 60 23 97 20 74 84 49 82 97 74 54 52 48 
12 24 69 55 22 85 2 97 77 76 6 88 65 68 66 32 80 27 39 94 50 8 63 59 75 82 21 1 84 4 2 38 76 60 46 32 73 57 21 10 22 72 87 86 82 83 66 49 58 44 6 90 10 75 22 28 60 35 98 69 40 3 27 52 38 49 10 12 19 88 39 11 42 28 18 44 90 13 74 8 83 14 98 68 59 54 35 42 25 24 7 82 48 58 23 22 10 28 59 62 27 54 66 72 69 54 14 56 85 13 74 31 13 82 58 65 20 96 30 83 17 60 46 2 40 61 100 77 
20 41 78 21 33 80 82 36 18 59 96 13 97 17 44 1 12 56 57 5 65 14 27 49 94 79 81 31 5 96 36 32 67 26 2 55 58 22 88 64 69 66 71 54 9 88 45 13 23 1 55 43 1 66 92 26 53 2 89 84 56 91 15 6 13 65 11 21 60 99 20 10 15 92 44 33 63 88 81 62 13 29 55 72 96 73 51 40 21 56 22 33 40 80 41 11 49 36 91 68 48 71 97 30 25 20 53 94 61 87 89 92 3 60 76 42 61 9 20 43 61 52 57 8 57 97 37 15 
55 78 28 45 60 15 45 65 18 52 96 89 45 66 75 12 58 2 61 98 50 62 94 33 83 18 28 90 19 9 4 29 81 51 10 93 58 6 3 9 72 37 89 95 16 55 92 53 13 69 60 20 1 62 41 61 60 13 31 49 55 12 58 56 29 94 70 49 1 69 42 87 82 97 60 73 87 61 32 38 85 17 51 71 83 29 59 2 35 15 63 39 48 85 86 28 79 77 51 30 29 34 45 68 99 51 54 38 80 83 68 97 30 65 92 67 62 4 19 43 61 43 48 86 94 32 87 25 
3 87 40 48 35 97 34 48 9 13 28 39 54 82 17 59 77 56 5 94 6 29 31 36 68 28 90 12 34 17 71 100 53 25 14 17 2 4 91 18 11 9 96 61 63 9 66 47 92 29 54 20 98 38 87 90 24 66 61 84 22 60 14 100 30 16 20 31 56 5 92 84 16 39 23 35 30 25 27 100 86 30 90 59 22 96 61 74 39 46 82 7 50 37 42 20 51 59 72 41 29 73 7 6 31 18 96 54 88 15 23 80 19 74 76 60 15 47 8 23 20 32 94 12 56 56 4 13 
50 86 16 32 71 54 3 82 63 1 47 87 65 84 100 12 42 73 10 49 45 54 97 85 14 27 44 39 66 81 56 99 30 95 34 59 93 11 49 40 27 37 69 25 72 82 60 70 88 89 51 51 62 32 19 31 94 80 54 48 1 25 12 2 87 47 58 90 12 59 57 87 87 41 66 65 50 2 74 86 58 10 98 19 52 90 67 85 56 21 95 27 79 79 50 29 37 21 20 20 25 15 70 35 31 79 55 87 19 54 46 10 52 73 50 78 20 36 88 48 72 98 60 68 54 11 69 8 
98 87 62 89 88 48 85 93 21 95 88 20 65 27 26 34 40 100 56 69 71 60 76 53 25 43 60 55 23 5 76 68 92 29 21 44 61 3 14 71 35 25 79 65 79 45 67 15 3 95 97 67 61 86 75 43 85 31 2 12 5 50 36 98 87 46 2 93 1 59 76 100 75 2 19 63 24 82 99 81 4 29 87 12 41 73 15 26 95 33 1 74 86 54 66 23 52 83 40 29 28 97 37 38 20 93 90 28 66 90 2 19 61 92 99 83 19 22 92 84 40 89 31 19 11 3 99 40 
59 48 72 16 87 89 61 94 91 44 74 14 21 43 67 40 44 49 70 36 53 37 67 95 75 92 14 10 24 63 41 54 63 88 79 47 41 19 79 8 81 68 100 29 57 49 49 43 77 32 9 1 49 58 30 62 59 79 21 17 20 19 20 63 54 51 42 86 41 55 2 57 85 63 3 51 5 46 2 49 41 29 68 30 27 84 48 53 38 55 28 11 38 59 80 50 99 43 59 10 49 84 22 13 84 76 42 88 95 73 45 60 22 89 75 11 74 6 10 43 6 65 79 16 14 18 22 96 
75 95 84 5 16 81 9 15 10 12 53 84 77 43 6 62 50 7 12 23 55 56 20 64 75 94 73 73 47 57 98 93 19 3 25 43 93 2 27 57 44 95 98 72 54 22 34 12 71 74 98 58 67 88 26 16 46 7 85 6 44 36 97 60 93 28 92 97 81 84 28 31 82 35 24 84 69 47 73 7 78 31 47 9 10 48 29 5 22 76 46 54 89 45 78 86 65 69 90 43 12 19 63 8 53 16 49 42 6 13 92 23 87 33 1 62 56 8 48 31 45 100 9 20 60 81 78 31 
33 60 14 6 25 49 29 68 73 20 76 81 87 73 59 11 2 45 34 80 81 52 65 3 71 74 73 11 36 57 42 5 4 65 59 46 41 43 66 38 10 6 27 38 93 54 39 72 90 57 59 33 71 3 26 92 13 26 63 24 36 23 50 26 44 2 92 49 46 77 76 84 70 2 76 76 79 66 3 88 21 97 87 17 19 12 9 83 17 5 78 61 11 37 48 97 5 83 13 11 25 62 46 57 64 6 33 86 47 84 61 85 70 44 14 94 45 10 16 38 61 16 72 34 49 72 77 85 
36 92 38 85 76 64 98 44 42 58 79 63 87 52 81 46 86 54 83 94 6 23 25 12 22 4 36 52 32 18 24 14 26 69 68 62 74 4 98 77 30 32 26 5 88 37 7 18 45 65 5 47 74 88 64 46 57 69 15 75 17 20 6 13 76 69 27 59 73 38 62 18 5 48 17 93 90 10 5 5 42 6 50 5 46 81 35 68 94 72 98 46 70 93 8 45 38 46 64 29 86 99 2 97 73 8 18 23 91 20 35 55 47 67 80 22 16 91 67 62 3 96 78 86 27 77 6 13 
48 18 27 77 99 67 49 63 2 87 17 38 29 96 26 94 38 46 5 1 95 89 96 39 13 31 44 54 20 99 98 48 44 31 97 52 8 74 23 49 98 36 43 16 61 86 6 6 81 13 25 44 49 90 91 24 89 92 19 12 97 41 96 42 73 55 54 95 80 38 44 82 54 65 39 50 8 86 60 56 38 36 43 97 2 89 18 75 75 23 96 25 11 4 49 14 45 2 25 91 54 44 75 58 14 2 27 48 77 48 95 73 91 76 84 51 100 89 12 54 33 7 91 68 3 63 18 39 
77 63 92 99 80 59 1 29 90 36 3 63 14 78 11 88 99 62 57 91 29 78 53 93 56 64 3 21 25 85 70 94 39 31 72 54 73 20 50 69 51 51 16 83 59 32 45 57 81 21 63 93 82 22 6 51 60 96 29 71 55 75 4 5 63 81 15 30 50 89 8 85 77 95 77 79 19 14 23 12 60 3 82 96 25 26 43 85 95 38 2 72 73 26 80 78 73 63 61 71 77 63 14 3 40 13 69 66 64 51 22 2 62 68 89 23 20 41 41 82 29 28 89 51 14 86 47 30 
66 66 55 97 89 22 99 35 66 70 45 95 87 69 44 42 8 62 76 83 3 64 55 71 88 8 76 41 54 21 20 36 90 63 89 60 34 94 16 33 19 77 6 5 90 35 82 97 12 6 70 64 52 33 30 15 93 62 95 46 80 44 3 3 50 85 67 70 18 96 95 3 22 17 34 52 85 9 51 20 38 21 73 75 54 82 58 96 51 14 75 67 19 28 52 49 50 35 36 5 39 71 53 33 77 24 11 64 100 37 51 57 1 45 26 7 13 90 1 63 65 86 44 53 52 27 21 8 
84 53 48 67 91 13 6 8 73 65 37 73 98 64 1 96 40 54 79 6 64 47 30 89 43 72 65 63 11 22 19 7 35 64 13 57 45 70 24 70 27 12 4 85 43 48 60 61 71 37 22 5 13 6 88 49 76 75 6 76 86 25 71 91 50 44 52 50 44 44 63 18 10 23 74 88 18 67 74 59 48 50 48 67 2 99 28 63 59 82 19 84 19 49 18 20 58 15 17 4 46 98 77 68 57 86 61 51 57 40 61 12 21 4 24 67 73 32 65 86 74 42 15 79 72 97 61 80 
34 25 1 15 26 98 95 90 21 39 26 61 88 63 18 90 47 39 44 60 46 8 89 81 76 76 86 52 33 69 44 58 68 26 8 52 88 84 95 10 96 69 35 72 37 51 42 60 10 4 75 66 32 30 32 38 34 52 72 69 20 79 83 7 28 4 47 23 30 23 69 67 62 7 81 77 53 65 54 43 38 98 23 20 78 92 99 36 5 44 8 26 2 86 27 57 93 11 82 1 99 24 82 30 90 42 20 56 50 94 75 37 71 14 35 79 7 34 81 36 35 46 3 86 44 48 59 33 
79 42 37 17 35 37 73 27 82 71 92 47 41 55 63 11 37 21 18 12 33 35 57 16 13 68 91 31 98 80 36 16 34 84 99 90 14 33 18 10 93 38 70 69 22 39 9 32 4 57 92 95 59 19 24 97 23 38 11 97 50 93 54 15 83 54 22 29 40 85 37 4 99 63 62 65 40 74 97 96 73 14 89 90 36 13 68 94 82 69 56 19 37 37 87 24 43 62 72 61 21 27 14 85 19 34 6 60 6 38 85 38 58 75 50 91 24 4 29 59 98 67 39 70 15 79 49 13 
82 27 96 48 57 3 30 35 93 20 22 33 80 42 97 78 64 37 80 33 84 21 16 19 68 70 67 2 50 70 53 32 67 82 6 1 5 69 16 53 17 56 70 50 21 19 81 25 28 50 43 35 44 41 6 69 23 67 94 25 65 24 30 98 8 94 55 39 24 83 16 46 35 5 6 75 51 8 61 2 47 68 97 91 79 99 14 86 89 57 40 87 15 16 76 52 56 25 40 81 87 73 52 26 9 20 25 34 56 60 25 4 59 4 65 50 74 59 66 73 20 69 63 26 94 23 74 82 
17 96 71 36 97 21 23 27 41 14 94 32 43 18 55 100 82 7 87 53 44 5 22 80 99 32 89 16 50 1 6 84 29 5 91 37 24 49 17 60 65 77 50 6 9 26 38 48 38 98 99 98 48 49 66 44 69 52 74 46 82 3 68 88 83 85 46 50 43 61 99 26 80 25 70 1 40 54 73 93 76 40 50 39 5 17 74 86 74 81 41 23 93 59 52 10 5 12 88 33 33 38 82 42 37 24 45 24 10 93 53 3 49 4 100 54 23 24 56 23 42 85 53 12 64 50 94 78 
100 27 33 59 77 47 84 40 43 74 12 38 31 24 71 24 81 90 53 1 74 14 95 36 90 40 48 51 9 35 2 47 50 97 43 20 89 65 40 82 10 53 58 91 100 60 50 52 39 96 11 72 67 89 83 52 39 99 19 91 46 85 51 61 8 5 15 43 72 13 4 49 10 36 97 98 34 94 46 87 69 82 38 24 29 19 16 42 15 4 12 14 60 48 45 81 27 67 97 52 44 71 2 18 83 46 81 27 36 44 32 62 97 15 80 56 91 32 50 66 43 54 95 38 37 41 94 15 
84 71 70 17 87 34 99 23 80 66 40 24 92 13 39 84 9 77 70 72 31 4 22 45 69 95 24 48 64 6 58 74 97 38 55 64 60 27 82 62 53 78 70 68 19 67 56 81 43 24 82 49 31 22 45 23 50 80 43 93 87 30 99 75 86 53 92 81 17 2 71 29 56 88 20 78 75 35 9 17 19 12 73 2 65 25 80 71 87 41 21 74 93 83 59 55 69 47 10 27 87 18 67 54 67 69 27 96 88 17 11 37 63 66 35 37 53 91 19 50 9 92 22 92 55 95 11 72 
16 86 83 25 35 63 84 51 69 84 9 76 98 82 45 92 87 90 71 20 14 42 26 92 65 22 68 74 15 15 14 54 49 35 29 52 32 83 95 52 18 12 66 71 99 70 5 58 79 54 71 73 67 73 53 24 65 9 6 22 51 23 95 49 20 11 95 20 10 67 44 51 85 88 15 84 43 82 86 62 51 29 84 18 56 45 22 69 64 76 8 68 61 66 90 2 88 5 36 8 56 10 99 58 93 44 66 40 39 64 86 35 1 29 19 37 8 25 50 76 100 92 64 90 77 84 51 65 
34 79 72 36 24 7 58 39 15 45 36 72 71 64 57 36 84 13 56 91 46 53 60 65 16 56 29 49 85 20 35 61 19 57 41 44 38 44 62 93 97 4 97 56 20 91 50 13 88 20 87 49 82 21 98 70 62 38 15 76 58 27 62 61 13 33 49 42 97 63 93 64 76 4 49 82 14 30 60 47 20 50 31 28 46 44 61 54 58 62 2 44 85 92 28 42 37 5 51 55 61 67 77 49 53 8 45 91 91 99 72 33 22 43 23 18 72 85 85 85 19 96 70 32 82 15 12 42 
70 6 8 15 40 3 74 48 34 31 89 55 20 48 34 34 24 50 99 80 34 3 53 40 21 86 22 68 29 57 81 50 99 29 7 36 86 27 17 55 13 6 91 26 22 63 27 42 29 36 25 74 63 12 45 8 10 34 21 51 73 62 32 86 23 37 15 75 71 49 46 56 59 57 79 36 35 47 20 74 43 15 78 46 57 31 35 91 56 59 77 26 60 74 12 48 69 22 72 14 42 27 19 97 91 16 81 93 34 92 22 71 36 90 75 14 8 24 73 81 93 34 63 15 78 31 74 28 
59 22 50 19 23 61 18 8 70 97 72 51 57 53 53 14 29 2 70 23 86 56 93 36 37 71 43 41 89 99 67 43 58 72 62 33 89 48 59 70 4 41 2 10 82 10 53 85 76 9 2 1 9 98 17 51 64 66 30 57 28 31 39 76 10 30 78 33 25 52 43 54 58 40 46 11 23 29 20 23 73 92 75 46 11 52 67 9 42 4 64 67 21 26 15 28 7 23 84 79 15 100 27 98 24 76 48 3 68 28 74 82 8 29 90 4 14 63 8 43 4 88 60 71 68 84 14 12 
29 93 8 49 77 12 60 90 96 68 70 47 49 74 80 20 74 19 78 39 47 99 43 3 83 23 10 87 57 13 1 44 15 60 35 6 33 18 93 84 77 10 15 77 50 47 44 71 76 63 25 88 22 97 7 73 13 26 32 13 79 79 81 51 44 68 44 43 45 29 32 23 83 100 4 100 23 25 75 57 66 12 62 69 75 14 49 8 56 3 86 6 68 31 49 39 12 86 31 15 83 26 66 73 43 42 70 99 79 53 9 50 50 32 67 58 52 20 4 92 42 59 65 7 46 73 36 73 
29 31 58 25 98 44 96 92 27 89 68 41 13 88 62 5 56 43 73 50 97 65 3 20 11 84 19 77 78 9 82 78 6 19 21 68 65 48 35 16 5 86 99 8 30 31 17 60 5 68 29 42 60 74 31 79 66 91 66 5 99 34 40 53 36 31 80 98 25 99 69 52 90 77 71 81 5 52 98 54 88 72 27 89 38 97 82 11 77 22 71 86 59 3 75 82 1 72 37 67 38 30 14 51 55 79 26 39 19 93 90 44 55 26 30 93 86 3 36 8 21 75 2 98 24 32 23 80 
97 45 76 11 35 54 31 79 45 40 75 67 15 63 10 9 40 96 95 80 18 18 50 70 31 43 98 8 91 54 82 32 35 3 51 20 92 84 95 30 92 70 13 76 7 92 51 1 82 99 43 87 40 68 72 100 91 71 41 49 15 89 40 76 11 86 70 14 69 5 86 6 26 66 70 70 61 8 3 38 5 84 93 39 88 68 74 88 17 22 76 96 65 8 8 38 30 77 24 81 9 64 24 4 87 79 50 59 41 98 31 75 27 54 23 70 2 85 20 26 63 74 71 25 42 19 96 54 
63 29 83 87 51 63 29 66 63 37 30 58 45 47 41 33 29 21 70 68 10 93 82 5 44 46 9 82 15 16 49 45 51 75 31 98 27 19 14 28 27 5 78 79 83 94 28 30 61 86 26 95 88 22 20 3 21 84 89 49 37 3 38 69 69 57 54 64 36 41 76 45 14 47 19 18 75 60 18 9 31 100 96 9 52 46 53 14 87 90 84 72 91 22 95 96 94 4 80 90 5 29 9 81 93 76 57 100 60 83 20 66 56 66 43 93 69 10 68 69 54 5 12 33 85 27 34 65 
90 33 63 90 76 78 58 63 5 24 67 23 28 70 27 7 18 30 11 33 63 36 74 54 25 95 24 77 74 60 57 4 29 22 78 56 90 40 23 98 72 100 4 16 51 100 65 81 76 13 52 4 25 19 14 38 95 55 62 11 87 46 9 2 88 58 5 93 61 5 73 9 41 31 28 64 88 20 40 88 40 3 97 34 66 3 40 54 68 85 44 6 55 22 42 45 25 29 94 13 92 20 62 87 60 39 46 29 54 45 71 78 60 93 14 53 48 59 97 16 33 3 30 4 97 80 33 65 
30 69 79 83 85 35 36 47 6 33 82 98 84 48 65 18 32 80 66 90 86 78 73 41 16 31 27 41 16 24 28 93 54 2 32 78 49 71 50 49 93 56 74 90 25 91 68 48 37 39 100 68 58 75 13 74 47 25 23 51 39 41 47 66 21 61 35 27 80 69 43 4 21 12 45 14 53 62 4 65 53 34 23 64 8 39 41 38 78 22 38 79 55 68 43 36 13 77 68 63 29 99 11 34 84 33 45 71 10 62 29 34 94 63 40 44 17 39 21 76 79 11 48 47 23 13 32 88 
64 38 17 31 77 16 82 61 64 62 66 65 64 50 1 88 62 5 50 93 90 3 71 80 76 69 22 48 81 91 94 46 66 49 77 15 98 83 46 30 15 64 31 80 5 39 20 77 46 30 90 37 58 41 19 76 60 61 94 13 20 9 66 19 19 100 2 57 33 59 2 1 62 89 100 45 70 54 100 95 9 27 20 17 29 41 35 72 9 8 83 40 87 98 59 60 37 52 73 38 15 59 14 30 66 13 42 14 45 42 57 77 1 12 93 10 72 67 99 38 94 94 45 62 9 28 25 39 
87 1 82 5 59 46 12 73 8 47 40 69 47 56 35 55 100 81 8 76 70 18 28 98 62 15 79 87 94 97 46 67 2 49 18 91 21 36 60 62 30 65 23 25 48 26 79 53 68 52 45 76 50 86 4 98 43 51 56 45 92 73 74 10 79 81 64 87 98 13 54 86 63 65 71 55 56 1 9 81 93 16 45 70 94 73 71 61 37 69 94 75 73 6 8 12 27 22 61 85 5 89 62 60 42 78 34 16 69 97 77 94 42 10 75 56 4 11 99 66 74 77 37 26 61 52 26 43 
87 84 94 98 82 19 91 24 6 60 18 25 31 81 80 60 73 34 76 48 71 44 40 18 74 37 53 75 75 14 39 65 84 39 23 90 85 51 3 8 37 58 46 51 9 99 61 3 82 90 37 88 57 16 77 23 70 65 2 63 26 77 16 7 64 54 82 29 92 4 99 26 75 100 90 30 22 73 11 46 42 25 68 16 23 46 2 70 20 33 48 72 74 27 1 30 90 6 57 77 87 15 84 55 26 40 82 23 43 82 85 17 95 17 58 6 13 76 4 85 6 88 12 41 68 62 54 16 
57 34 13 100 66 47 29 36 35 46 70 50 29 79 5 59 65 24 33 39 18 53 67 93 100 99 38 49 29 78 10 35 59 24 89 9 71 78 99 77 38 91 16 60 23 79 95 97 92 45 42 76 66 47 22 29 26 11 40 98 28 81 91 41 95 89 60 35 12 86 18 3 18 37 98 73 35 47 63 86 72 45 59 56 52 17 41 40 16 81 85 45 92 38 32 32 89 89 24 36 19 93 88 14 97 17 14 48 87 49 91 84 52 49 4 100 53 75 88 28 70 68 60 40 65 97 10 60 
43 84 100 27 90 24 99 78 80 36 10 2 92 32 39 49 49 28 15 41 32 58 7 24 59 59 14 37 46 42 9 97 59 36 1 9 88 81 92 31 43 33 96 94 42 44 89 69 9 55 1 61 2 14 67 25 18 91 24 23 46 74 39 86 38 59 87 98 53 89 82 27 29 60 6 5 26 4 95 16 88 58 49 55 88 79 70 49 49 85 79 89 30 7 15 75 22 41 85 76 85 33 19 91 52 53 74 45 9 39 95 53 97 75 70 40 68 93 30 17 6 25 70 86 46 88 93 3 
79 21 48 2 18 48 46 93 60 6 40 43 86 39 26 78 51 42 97 50 52 80 68 86 84 68 3 72 28 55 45 46 11 100 91 17 43 22 98 85 84 53 82 27 15 75 88 25 93 31 97 64 20 23 35 30 85 68 88 91 85 1 39 8 24 65 69 4 62 96 49 17 33 99 76 33 10 33 70 34 97 73 10 90 99 97 25 39 24 43 4 75 83 48 80 44 72 12 47 55 70 92 56 86 96 23 65 19 70 62 43 86 68 47 15 78 45 61 55 81 95 16 8 26 57 38 73 83 
92 12 16 82 91 76 53 96 59 41 3 58 20 88 63 85 73 94 1 28 36 38 12 87 100 27 78 30 73 14 30 8 81 49 52 93 29 57 85 79 26 80 50 75 59 39 40 30 86 30 89 75 61 81 6 28 90 13 59 40 41 90 9 91 71 10 60 28 52 7 30 71 43 21 34 89 38 26 29 26 86 49 61 58 34 10 97 53 8 10 34 86 5 28 45 57 64 97 49 71 93 59 76 2 50 59 97 75 64 42 47 59 13 65 47 10 65 36 61 29 37 18 56 35 89 12 99 69 
78 73 76 52 51 94 68 70 98 45 29 56 56 19 68 78 74 23 28 3 23 42 27 84 82 68 87 49 95 27 75 18 94 92 55 18 90 44 65 68 68 33 14 19 10 93 73 35 37 69 28 57 37 55 18 29 55 43 55 39 10 8 24 35 6 17 19 54 49 65 33 45 13 92 49 40 19 90 81 39 9 75 81 3 76 77 59 73 97 20 74 89 41 100 20 40 99 28 89 7 95 67 9 12 96 96 23 20 84 3 82 2 36 84 75 32 21 31 65 59 80 92 73 57 29 79 57 12 
38 17 77 42 69 38 87 91 40 99 49 42 4 87 82 88 79 59 33 88 46 80 54 30 89 9 79 51 72 27 14 34 94 87 28 17 87 93 37 86 4 40 47 100 22 78 21 27 50 21 58 10 62 39 100 1 2 59 73 1 77 52 62 23 14 40 48 7 89 19 25 94 36 4 77 32 53 27 98 57 49 45 86 73 15 28 8 74 73 77 36 93 68 48 47 52 6 16 55 23 44 79 19 21 76 51 24 93 29 94 93 11 12 77 48 37 29 70 75 40 2 38 77 55 46 57 12 8 
16 54 82 26 62 56 73 39 47 13 74 21 7 12 59 17 70 6 73 8 67 56 56 73 45 18 7 89 76 5 21 4 68 41 34 61 32 23 92 93 2 59 31 66 96 96 96 16 82 76 68 88 1 5 96 6 33 85 58 23 65 34 34 23 85 6 54 60 81 7 78 76 96 99 83 34 14 32 71 33 59 97 87 30 92 41 9 70 43 30 57 8 71 64 35 67 89 53 32 82 59 14 6 71 16 77 36 26 100 74 86 92 4 75 37 54 77 82 79 11 88 98 68 66 54 66 84 51 
98 41 93 94 3 87 36 53 65 81 76 80 79 88 85 36 42 43 44 12 68 64 95 17 32 36 8 14 85 64 86 60 71 3 54 97 61 70 36 48 18 97 5 40 67 83 84 15 36 32 55 62 63 75 6 34 58 7 41 10 90 17 60 24 19 37 55 73 44 24 46 19 34 9 21 40 6 98 73 73 71 54 76 22 78 35 30 20 64 19 3 91 82 40 48 4 45 24 79 28 90 35 84 32 98 96 41 44 37 8 21 91 68 81 63 36 24 51 72 37 34 23 31 35 19 82 8 45 
85 20 20 48 59 43 44 74 81 83 60 48 17 98 27 16 37 95 57 79 89 89 41 3 58 94 77 81 66 86 38 58 70 51 19 86 37 75 76 37 75 10 38 41 33 68 66 32 76 37 69 17 37 47 53 30 23 18 27 9 20 25 36 6 15 68 88 56 9 44 17 47 24 83 50 17 22 89 8 77 52 1 28 54 96 56 49 82 93 4 69 2 59 48 3 86 57 4 76 30 9 81 80 27 45 99 48 21 44 1 64 5 31 87 29 16 90 12 68 49 80 70 40 5 62 79 46 83 
59 23 57 56 43 64 59 13 15 100 59 22 99 73 20 78 87 42 60 28 64 72 95 71 83 66 80 74 8 22 91 85 90 36 32 63 11 62 61 18 24 31 62 34 85 62 59 86 30 29 95 53 32 45 36 41 20 13 71 31 83 23 65 50 35 94 41 88 38 92 43 74 35 85 34 59 79 78 11 5 44 3 23 66 77 19 8 51 54 56 41 70 42 17 33 50 89 42 57 97 76 76 65 47 93 46 59 91 74 92 84 34 52 87 75 83 71 92 68 63 55 16 10 33 16 46 76 78 
40 29 6 67 56 48 16 46 73 51 22 35 86 18 5 96 69 21 99 98 98 95 99 97 81 31 80 55 45 55 82 62 95 99 93 96 98 48 14 3 69 94 23 51 17 37 8 79 59 1 99 24 79 82 81 35 67 33 58 50 77 17 24 6 63 10 61 58 15 3 39 59 86 78 13 66 40 67 70 83 6 83 25 36 36 21 49 94 1 99 89 14 55 19 96 14 48 72 77 51 62 57 37 32 62 43 95 98 93 24 50 14 97 75 6 69 86 68 72 41 68 71 7 16 43 94 36 38 
73 91 50 100 50 39 89 92 46 20 67 87 82 5 4 28 49 28 91 52 16 32 12 47 57 85 74 91 100 58 78 20 8 30 56 40 2 17 97 95 65 82 29 64 70 23 80 97 74 87 27 56 15 41 14 89 72 98 83 94 70 28 17 94 72 32 33 55 12 85 69 35 13 97 48 67 54 63 75 40 67 75 9 4 44 41 15 60 100 11 12 31 98 45 68 80 80 98 29 41 86 40 48 21 77 25 71 51 97 30 22 75 92 7 63 48 33 89 7 21 28 67 3 86 76 85 6 97 
34 80 66 9 51 5 81 5 52 100 19 99 66 18 17 17 35 50 23 80 95 85 44 48 65 97 89 25 45 10 78 52 84 83 80 3 68 63 67 29 92 29 80 94 80 15 87 8 15 72 59 34 66 63 20 46 42 32 43 19 13 7 68 25 30 74 52 33 27 3 17 42 63 30 71 81 78 23 35 84 17 41 32 41 88 94 21 76 67 4 51 47 30 73 13 65 52 86 53 89 50 100 47 94 65 50 93 70 46 29 17 62 9 94 17 66 62 16 51 95 19 85 1 51 4 32 4 39 
76 13 21 100 42 17 63 32 58 46 35 44 3 21 61 12 47 22 89 79 69 72 87 28 48 51 21 85 98 27 37 6 69 90 16 88 82 91 35 93 89 34 7 61 69 5 45 3 94 70 80 3 86 64 4 2 95 40 69 95 50 90 49 65 20 26 84 36 15 80 4 59 11 32 60 100 73 76 24 47 57 34 78 94 44 36 52 61 11 27 33 93 86 55 53 57 77 89 55 15 1 95 28 99 50 7 75 7 82 49 87 74 72 46 40 69 87 25 77 15 90 22 70 27 44 38 56 31 
25 47 91 3 33 84 88 14 1 52 31 70 77 12 33 66 67 82 98 73 10 48 65 44 10 14 88 6 62 82 2 39 4 66 90 64 62 3 60 45 32 98 27 98 11 6 16 78 33 8 32 15 55 30 47 45 67 73 19 31 30 8 59 99 66 10 65 20 96 85 79 96 24 51 73 39 82 80 27 85 62 37 86 52 58 1 61 59 18 77 80 37 69 52 80 61 31 52 69 88 57 83 78 52 58 41 89 57 27 67 40 33 98 86 99 27 69 21 46 75 26 28 80 46 40 10 14 62 
16 73 35 25 71 67 49 38 5 92 96 51 28 69 42 70 67 85 10 36 95 100 92 44 24 68 23 23 71 38 76 25 30 89 5 88 52 41 53 25 75 71 78 81 71 8 71 41 38 74 23 56 74 8 4 33 59 82 34 42 68 47 7 68 94 10 84 9 19 25 87 99 81 92 18 11 7 33 88 21 62 81 28 96 29 41 19 22 77 49 70 28 36 72 42 38 97 94 67 64 4 23 33 14 56 80 82 79 59 31 46 100 9 43 12 67 35 65 88 53 14 7 79 57 69 83 10 19 
71 98 78 21 60 65 45 59 39 9 55 100 40 83 28 25 25 97 90 50 77 55 66 80 69 56 3 93 21 67 10 94 2 49 24 27 36 55 23 43 94 81 96 79 74 53 58 30 95 89 89 71 40 32 12 25 17 40 7 33 65 70 46 86 1 34 72 99 74 30 89 54 73 32 9 89 97 80 23 76 48 90 58 64 35 34 15 54 65 29 17 79 72 68 36 10 77 47 79 83 38 49 93 31 82 4 11 14 69 98 62 54 7 30 98 2 18 50 28 47 6 33 61 69 11 95 80 50 
51 74 37 98 43 4 23 94 6 52 70 97 71 5 87 100 4 80 48 7 61 60 50 73 46 80 23 99 66 98 57 95 27 64 72 89 49 12 33 57 55 66 27 88 64 78 26 92 56 17 7 11 80 87 74 82 75 75 12 99 57 23 80 23 3 33 15 3 41 6 60 100 99 23 24 55 41 54 54 95 35 64 90 48 28 13 59 62 21 40 51 74 77 67 66 55 27 83 5 34 63 13 43 21 29 26 99 8 19 63 74 56 64 78 56 35 15 42 81 38 30 49 66 24 73 22 2 67 
83 31 1 56 2 33 53 32 39 37 41 65 41 6 85 7 81 94 10 74 94 93 97 65 40 69 54 27 81 18 69 95 100 43 81 6 58 8 20 37 88 26 29 25 42 46 58 76 2 86 20 85 46 26 23 54 75 54 3 37 92 5 14 37 81 73 74 52 55 7 34 7 62 90 13 100 37 89 50 40 88 77 94 23 33 67 63 63 52 26 100 52 71 86 31 87 2 34 2 12 7 80 60 83 9 99 50 56 74 10 2 30 45 14 57 68 36 74 100 70 35 78 46 19 73 82 39 92 
23 88 99 89 37 54 77 53 56 62 14 89 58 34 49 10 42 9 94 84 23 29 50 67 60 65 7 47 96 42 22 13 46 61 49 100 13 14 86 90 12 97 20 3 13 72 55 28 14 66 23 84 88 36 95 41 67 88 63 89 22 38 40 70 2 93 83 62 36 82 86 96 97 77 15 39 63 28 51 79 76 40 44 21 7 16 6 57 91 9 74 8 80 42 37 94 77 53 41 43 88 77 74 20 79 47 36 97 34 58 92 12 44 81 9 62 30 35 80 36 52 43 41 25 47 75 41 7 
59 90 39 100 11 85 75 89 11 45 58 20 12 44 22 73 91 63 27 7 99 56 78 23 91 20 81 41 7 33 3 76 49 33 21 90 8 89 23 82 17 4 69 63 50 100 7 45 94 98 22 47 32 12 63 5 87 52 46 40 59 82 98 46 48 72 82 67 81 77 66 80 71 53 93 79 55 38 57 88 95 61 54 28 32 39 33 14 68 44 75 81 31 87 35 82 73 70 100 49 60 3 28 45 12 89 45 30 90 62 58 87 82 40 30 25 60 57 19 69 37 58 45 38 25 76 82 60 
88 35 24 1 41 71 36 5 65 97 34 22 94 45 78 95 88 63 92 51 30 18 71 19 99 61 21 8 9 60 10 67 56 85 25 1 42 63 21 74 82 73 97 90 61 10 52 9 47 7 29 52 25 53 29 31 26 22 6 36 21 41 95 89 62 46 24 8 8 73 43 87 2 22 68 8 53 1 8 87 33 71 30 43 6 15 56 61 38 91 66 86 84 28 55 89 7 87 67 80 63 28 65 99 99 55 73 64 100 81 81 29 18 78 60 39 39 66 12 3 96 72 33 81 54 39 55 31 
64 50 65 36 83 84 74 26 66 74 44 60 95 54 73 54 27 89 31 15 37 86 99 51 56 17 93 9 66 80 97 90 2 27 35 83 50 39 57 18 24 26 48 76 37 27 26 15 83 70 79 48 78 45 61 89 30 18 78 99 52 67 49 49 93 18 46 60 30 68 44 83 51 91 68 74 58 58 1 27 91 64 11 16 16 49 67 60 73 78 63 6 25 87 37 90 39 51 83 68 7 8 18 14 86 57 59 66 28 59 37 55 32 43 57 34 17 47 37 89 77 77 50 80 62 79 80 97 
51 54 60 63 25 28 4 66 25 76 32 50 90 78 24 24 67 61 65 40 80 32 89 92 19 87 83 98 37 29 5 80 83 78 99 90 2 99 67 47 34 53 76 29 25 15 27 1 59 48 43 74 15 92 38 42 64 84 22 41 66 46 16 65 18 53 76 19 29 81 53 40 17 76 19 42 33 65 70 33 98 60 52 100 17 96 98 72 28 38 86 47 56 44 78 96 100 18 57 49 80 3 43 54 13 30 42 1 10 68 83 58 26 98 18 94 58 77 78 95 31 85 79 99 37 72 98 65 
75 65 16 21 4 23 26 50 37 95 8 59 62 58 19 51 85 79 88 12 10 77 44 42 9 98 21 57 15 32 91 1 9 69 76 5 29 79 23 92 85 14 84 85 70 82 96 49 91 81 57 52 60 31 56 20 28 85 7 39 21 96 5 77 31 10 83 58 44 87 100 73 14 27 62 42 91 15 21 94 44 49 39 46 36 45 70 80 84 55 47 90 94 60 27 68 86 39 26 40 12 50 51 41 62 65 25 20 33 6 80 87 77 80 6 12 52 47 91 72 9 53 61 71 54 27 47 78 
89 70 40 91 36 31 72 41 93 15 72 57 85 79 82 76 54 62 49 74 40 23 24 65 100 28 43 100 5 75 63 9 99 29 8 36 77 75 41 44 77 39 58 63 70 89 54 7 23 21 16 3 6 20 60 96 86 22 65 62 99 65 98 73 98 1 87 85 41 97 21 55 15 79 42 79 100 13 54 93 84 74 74 22 61 35 36 52 94 75 68 60 38 72 68 51 89 73 31 40 68 83 19 95 95 1 88 1 11 97 17 43 79 57 9 22 55 77 33 52 18 63 20 100 22 35 4 5 
40 71 70 83 81 89 29 6 83 73 81 15 97 31 30 48 27 52 19 81 45 64 8 13 11 76 38 86 58 15 87 21 99 77 28 81 46 10 38 73 93 30 55 9 69 9 1 43 6 42 35 8 98 55 76 11 42 30 48 73 13 49 92 97 22 92 78 81 61 9 6 59 55 3 30 70 41 86 86 89 64 74 88 22 4 99 100 23 70 62 37 45 52 19 99 46 74 67 54 23 98 99 74 81 39 18 62 39 22 15 9 86 75 91 39 62 91 7 69 34 38 41 49 70 96 18 36 72 
41 10 18 20 5 42 85 91 99 25 26 52 85 5 61 43 60 64 83 94 9 8 60 93 39 4 31 50 55 11 71 21 67 74 27 19 37 91 86 74 76 81 38 56 78 70 78 28 44 31 16 47 32 81 3 15 22 33 82 98 19 64 99 35 98 55 80 2 67 69 23 29 41 41 40 41 59 86 6 35 81 1 37 39 89 30 57 6 49 59 39 99 84 42 24 69 32 93 92 73 89 4 76 72 86 93 72 47 23 4 30 84 86 19 37 2 40 32 7 73 32 16 32 19 40 57 17 76 
24 84 40 54 4 17 9 39 91 18 58 8 71 98 9 22 97 59 58 42 93 76 92 80 13 77 27 43 27 87 58 41 22 48 58 71 92 14 25 52 63 90 81 53 57 39 10 87 56 63 46 94 52 64 68 69 15 94 3 73 81 56 46 93 80 69 64 50 16 96 63 85 75 59 21 25 9 2 75 19 17 65 3 4 94 97 65 79 7 73 54 15 11 7 38 21 35 30 76 76 67 24 10 48 69 24 50 92 70 80 1 20 68 30 50 64 62 87 49 18 47 99 60 39 15 62 76 36 
74 75 30 65 64 34 57 70 39 10 87 94 67 11 97 58 24 61 3 28 28 66 63 17 45 75 15 32 69 97 82 68 33 99 64 81 94 42 19 63 52 54 93 5 66 82 100 46 48 18 47 89 51 58 69 84 73 51 36 1 36 20 45 98 53 95 84 39 24 46 68 47 31 95 77 6 93 75 93 69 85 39 1 16 3 25 46 45 77 53 81 32 88 96 34 3 91 29 55 71 44 99 65 57 69 88 76 1 19 16 94 43 64 77 93 15 94 83 40 56 60 76 93 15 51 98 75 36 
9 10 62 13 51 51 60 46 7 24 10 62 72 37 74 85 8 62 39 83 26 58 4 58 44 37 100 22 42 91 24 92 48 13 42 98 62 99 12 58 6 17 5 12 30 81 92 73 35 98 90 79 97 52 71 68 1 68 14 40 55 78 68 1 68 13 81 86 34 64 21 11 3 49 38 33 52 26 16 95 90 71 9 5 87 27 79 75 2 86 22 90 6 25 83 98 31 23 15 13 36 25 1 52 79 24 28 3 24 38 97 94 100 37 90 40 13 56 43 34 32 48 16 50 31 55 32 21 
65 41 41 73 74 44 62 43 59 87 66 38 60 64 47 70 10 38 9 63 59 92 87 73 46 51 97 38 27 45 54 59 21 21 75 4 85 17 84 70 19 50 7 24 8 17 96 46 78 58 35 7 2 40 36 53 89 36 78 57 57 38 38 6 95 91 12 45 35 72 9 92 61 70 11 2 9 56 69 96 79 66 25 96 58 48 49 78 17 63 52 70 87 72 48 73 24 73 12 57 19 59 81 20 74 19 87 49 6 25 86 100 76 58 77 3 85 65 60 81 33 20 30 16 22 53 76 49 
68 73 59 55 52 87 26 4 54 96 99 76 56 26 50 93 49 13 38 88 91 79 58 85 43 2 100 51 17 18 29 72 39 7 3 58 12 88 87 8 46 37 73 96 30 48 30 30 43 28 10 58 78 85 72 55 14 65 88 95 5 32 94 20 4 2 33 44 14 13 44 56 12 4 56 93 59 14 83 95 16 72 62 99 46 44 41 65 55 9 46 29 58 55 8 99 32 58 79 20 91 27 4 75 32 35 49 77 53 30 91 57 100 22 85 16 49 9 71 13 73 54 74 34 55 8 100 90 
10 92 66 44 73 32 18 76 64 2 80 57 88 36 68 97 15 78 92 68 8 22 9 53 63 45 61 91 85 50 39 40 18 28 34 16 52 36 61 34 79 34 39 57 21 89 10 84 86 82 100 29 58 67 88 93 83 94 46 27 85 77 64 29 99 52 40 67 64 30 44 75 57 35 23 16 47 29 82 40 84 92 96 17 33 84 35 4 80 26 89 55 27 83 48 70 3 65 84 54 81 40 50 98 38 45 98 95 11 19 38 89 91 93 83 2 83 35 50 98 87 55 17 3 14 55 1 64 
21 26 50 88 21 95 59 75 10 100 100 29 41 92 93 84 98 94 59 56 59 40 32 46 19 37 63 48 51 51 21 3 83 4 87 73 61 88 29 83 58 67 20 53 58 11 86 80 1 38 19 68 17 81 64 16 12 65 11 55 80 11 31 55 34 6 67 41 93 40 85 90 53 65 28 77 72 38 33 22 74 74 58 33 73 23 72 68 56 80 72 87 63 99 55 94 95 52 84 88 52 52 32 18 44 42 59 12 36 52 32 94 32 4 51 66 34 84 33 46 79 21 6 8 10 84 74 11 
21 29 51 66 12 20 52 5 91 32 31 91 60 16 31 69 9 6 96 80 89 98 97 18 24 87 56 73 94 50 58 81 3 4 75 24 31 87 81 1 29 49 2 78 96 55 69 76 1 71 98 7 30 94 4 33 62 94 73 16 32 66 32 79 1 59 5 62 42 41 95 70 33 66 82 21 39 64 36 82 74 7 62 30 77 61 48 58 87 57 66 14 37 72 61 29 72 52 83 93 85 14 8 60 67 73 66 60 59 42 64 85 91 48 22 77 27 49 74 9 29 26 84 12 77 96 33 87 
21 55 54 32 90 78 9 9 2 67 53 48 79 60 98 67 5 46 84 16 4 22 3 79 98 95 50 53 31 100 37 43 35 52 59 89 49 85 41 1 53 92 14 19 73 11 43 51 32 95 30 36 44 25 34 85 100 20 75 37 30 31 55 90 98 28 95 41 34 10 63 2 50 40 33 18 24 37 62 92 3 14 3 51 90 46 25 16 94 34 44 64 27 34 91 25 78 20 48 12 13 24 75 69 6 48 15 5 71 77 6 35 47 83 44 15 2 56 54 78 94 54 14 16 63 85 55 83 
68 41 72 83 27 34 51 19 35 48 18 29 77 58 32 13 50 91 1 73 11 56 3 2 51 8 65 57 3 87 49 3 9 11 22 30 72 57 71 64 2 2 63 96 82 79 23 51 94 37 1 79 82 62 84 9 82 96 88 23 55 91 76 71 28 76 9 54 83 51 24 51 5 27 99 71 77 82 82 41 8 76 58 7 62 74 47 72 55 55 15 52 78 25 69 45 24 38 6 29 99 58 28 90 22 93 3 86 88 26 39 56 4 29 69 44 5 84 55 78 15 50 29 46 17 7 93 19 
44 72 100 14 85 59 40 74 48 16 73 72 94 32 15 43 19 42 62 40 79 35 84 68 80 68 78 52 36 75 83 12 53 77 83 83 41 8 94 62 99 85 97 14 67 95 99 96 23 16 14 22 81 3 11 35 92 37 90 33 40 24 10 38 35 54 34 18 83 87 20 37 62 14 11 88 56 21 4 95 99 12 93 21 63 84 62 78 15 34 37 45 64 54 61 67 80 94 3 29 45 25 60 68 1 81 34 54 63 47 96 79 57 9 24 80 52 96 80 34 75 23 44 36 62 87 82 100 
23 63 71 69 20 8 31 14 74 53 51 98 34 64 70 64 60 48 34 73 54 69 20 47 38 19 92 10 82 30 52 82 82 42 72 46 74 79 96 12 85 54 22 10 98 82 99 48 39 75 77 60 82 36 88 18 81 54 45 32 35 91 93 62 56 93 13 78 59 98 82 45 72 8 76 51 99 74 66 94 35 98 93 32 25 56 86 10 45 65 28 52 52 56 63 84 37 44 88 20 49 97 44 14 3 65 24 30 71 5 15 82 77 78 16 52 97 51 97 49 1 97 55 26 80 3 57 19 
36 98 62 33 85 84 18 6 81 88 65 72 49 82 3 51 98 1 55 71 39 37 32 48 53 72 43 47 22 43 65 86 17 89 17 32 42 93 40 30 80 54 34 35 20 23 24 55 30 55 11 20 62 13 15 75 88 51 97 40 18 6 19 39 42 74 93 49 8 37 29 4 10 70 22 34 29 75 37 77 30 50 95 78 59 76 5 44 47 47 78 11 7 27 26 13 43 42 42 59 71 31 67 74 94 22 76 88 10 2 85 96 82 53 5 77 17 19 16 78 13 11 52 77 19 76 17 68 
54 86 16 20 82 62 3 50 71 1 40 50 39 91 85 87 64 52 77 23 44 25 72 64 25 40 94 94 62 25 27 24 15 22 17 52 70 29 85 34 91 56 75 100 84 52 53 78 48 25 64 19 71 88 68 25 17 38 72 100 95 43 31 31 72 99 13 35 53 68 35 11 86 90 29 66 75 38 53 63 86 11 53 94 67 3 68 88 46 84 61 91 27 90 100 14 30 54 95 6 42 96 35 55 69 44 80 14 84 53 97 34 69 62 100 57 39 66 84 17 1 41 46 55 43 89 20 48 
29 96 63 64 46 77 59 60 8 19 81 17 44 9 74 37 15 18 30 27 64 50 55 64 37 16 91 52 59 44 46 25 34 26 62 7 100 8 47 13 92 91 15 7 56 54 12 12 52 68 38 34 92 2 20 57 18 44 16 55 60 63 22 37 43 2 77 62 96 3 99 80 83 10 100 56 28 82 27 11 60 37 60 97 9 94 79 86 27 29 93 48 15 100 51 67 38 25 52 78 77 93 20 96 30 81 7 38 94 5 51 99 2 62 46 64 94 70 15 6 81 15 99 60 6 55 50 22 
0.0 1.0 2.0 3.0 4.0 5.0 6.0 7.0 8.0 9.0 10.0 11.0 12.0 13.0 14.0 15.0 16.0 17.0 18.0 19.0 20.0 21.0 22.0 23.0 24.0 25.0 26.0 27.0 28.0 29.0 30.0 31.0 32.0 33.0 34.0 35.0 36.0 37.0 38.0 39.0 40.0 41.0 42.0 43.0 44.0 45.0 46.0 47.0 48.0 49.0 50.0 51.0 52.0 53.0 54.0 55.0 56.0 57.0 58.0 59.0 60.0 61.0 62.0 63.0 64.0 63.0 62.0 61.0 60.0 59.0 58.0 57.0 56.0 55.0 54.0 53.0 52.0 51.0 50.0 49.0 48.0 47.0 46.0 45.0 44.0 43.0 42.0 41.0 40.0 39.0 38.0 37.0 36.0 35.0 34.0 33.0 32.0 31.0 30.0 29.0 28.0 27.0 26.0 25.0 24.0 23.0 22.0 21.0 20.0 19.0 18.0 17.0 16.0 15.0 14.0 13.0 12.0 11.0 10.0 9.0 8.0 7.0 6.0 5.0 4.0 3.0 2.0 1.0 
1.0 0.0 1.0 2.0 3.0 4.0 5.0 6.0 7.0 8.0 9.0 10.0 11.0 12.0 13.0 14.0 15.0 16.0 17.0 18.0 19.0 20.0 21.0 22.0 23.0 24.0 25.0 26.0 27.0 28.0 29.0 30.0 31.0 32.0 33.0 34.0 35.0 36.0 37.0 38.0 39.0 40.0 41.0 42.0 43.0 44.0 45.0 46.0 47.0 48.0 49.0 50.0 51.0 52.0 53.0 54.0 55.0 56.0 57.0 58.0 59.0 60.0 61.0 62.0 63.0 64.0 63.0 62.0 61.0 60.0 59.0 58.0 57.0 56.0 55.0 54.0 53.0 52.0 51.0 50.0 49.0 48.0 47.0 46.0 45.0 44.0 43.0 42.0 41.0 40.0 39.0 38.0 37.0 36.0 35.0 34.0 33.0 32.0 31.0 30.0 29.0 28.0 27.0 26.0 25.0 24.0 23.0 22.0 21.0 20.0 19.0 18.0 17.0 16.0 15.0 14.0 13.0 12.0 11.0 10.0 9.0 8.0 7.0 6.0 5.0 4.0 3.0 2.0 
2.0 1.0 0.0 1.0 2.0 3.0 4.0 5.0 6.0 7.0 8.0 9.0 10.0 11.0 12.0 13.0 14.0 15.0 16.0 17.0 18.0 19.0 20.0 21.0 22.0 23.0 24.0 25.0 26.0 27.0 28.0 29.0 30.0 31.0 32.0 33.0 34.0 35.0 36.0 37.0 38.0 39.0 40.0 41.0 42.0 43.0 44.0 45.0 46.0 47.0 48.0 49.0 50.0 51.0 52.0 53.0 54.0 55.0 56.0 57.0 58.0 59.0 60.0 61.0 62.0 63.0 64.0 63.0 62.0 61.0 60.0 59.0 58.0 57.0 56.0 55.0 54.0 53.0 52.0 51.0 50.0 49.0 48.0 47.0 46.0 45.0 44.0 43.0 42.0 41.0 40.0 39.0 38.0 37.0 36.0 35.0 34.0 33.0 32.0 31.0 30.0 29.0 28.0 27.0 26.0 25.0 24.0 23.0 22.0 21.0 20.0 19.0 18.0 17.0 16.0 15.0 14.0 13.0 12.0 11.0 10.0 9.0 8.0 7.0 6.0 5.0 4.0 3.0 
3.0 2.0 1.0 0.0 1.0 2.0 3.0 4.0 5.0 6.0 7.0 8.0 9.0 10.0 11.0 12.0 13.0 14.0 15.0 16.0 17.0 18.0 19.0 20.0 21.0 22.0 23.0 24.0 25.0 26.0 27.0 28.0 29.0 30.0 31.0 32.0 33.0 34.0 35.0 36.0 37.0 38.0 39.0 40.0 41.0 42.0 43.0 44.0 45.0 46.0 47.0 48.0 49.0 50.0 51.0 52.0 53.0 54.0 55.0 56.0 57.0 58.0 59.0 60.0 61.0 62.0 63.0 64.0 63.0 62.0 61.0 60.0 59.0 58.0 57.0 56.0 55.0 54.0 53.0 52.0 51.0 50.0 49.0 48.0 47.0 46.0 45.0 44.0 43.0 42.0 41.0 40.0 39.0 38.0 37.0 36.0 35.0 34.0 33.0 32.0 31.0 30.0 29.0 28.0 27.0 26.0 25.0 24.0 23.0 22.0 21.0 20.0 19.0 18.0 17.0 16.0 15.0 14.0 13.0 12.0 11.0 10.0 9.0 8.0 7.0 6.0 5.0 4.0 
4.0 3.0 2.0 1.0 0.0 1.0 2.0 3.0 4.0 5.0 6.0 7.0 8.0 9.0 10.0 11.0 12.0 13.0 14.0 15.0 16.0 17.0 18.0 19.0 20.0 21.0 22.0 23.0 24.0 25.0 26.0 27.0 28.0 29.0 30.0 31.0 32.0 33.0 34.0 35.0 36.0 37.0 38.0 39.0 40.0 41.0 42.0 43.0 44.0 45.0 46.0 47.0 48.0 49.0 50.0 51.0 52.0 53.0 54.0 55.0 56.0 57.0 58.0 59.0 60.0 61.0 62.0 63.0 64.0 63.0 62.0 61.0 60.0 59.0 58.0 57.0 56.0 55.0 54.0 53.0 52.0 51.0 50.0 49.0 48.0 47.0 46.0 45.0 44.0 43.0 42.0 41.0 40.0 39.0 38.0 37.0 36.0 35.0 34.0 33.0 32.0 31.0 30.0 29.0 28.0 27.0 26.0 25.0 24.0 23.0 22.0 21.0 20.0 19.0 18.0 17.0 16.0 15.0 14.0 13.0 12.0 11.0 10.0 9.0 8.0 7.0 6.0 5.0 
5.0 4.0 3.0 2.0 1.0 0.0 1.0 2.0 3.0 4.0 5.0 6.0 7.0 8.0 9.0 10.0 11.0 12.0 13.0 14.0 15.0 16.0 17.0 18.0 19.0 20.0 21.0 22.0 23.0 24.0 25.0 26.0 27.0 28.0 29.0 30.0 31.0 32.0 33.0 34.0 35.0 36.0 37.0 38.0 39.0 40.0 41.0 42.0 43.0 44.0 45.0 46.0 47.0 48.0 49.0 50.0 51.0 52.0 53.0 54.0 55.0 56.0 57.0 58.0 59.0 60.0 61.0 62.0 63.0 64.0 63.0 62.0 61.0 60.0 59.0 58.0 57.0 56.0 55.0 54.0 53.0 52.0 51.0 50.0 49.0 48.0 47.0 46.0 45.0 44.0 43.0 42.0 41.0 40.0 39.0 38.0 37.0 36.0 35.0 34.0 33.0 32.0 31.0 30.0 29.0 28.0 27.0 26.0 25.0 24.0 23.0 22.0 21.0 20.0 19.0 18.0 17.0 16.0 15.0 14.0 13.0 12.0 11.0 10.0 9.0 8.0 7.0 6.0 
6.0 5.0 4.0 3.0 2.0 1.0 0.0 1.0 2.0 3.0 4.0 5.0 6.0 7.0 8.0 9.0 10.0 11.0 12.0 13.0 14.0 15.0 16.0 17.0 18.0 19.0 20.0 21.0 22.0 23.0 24.0 25.0 26.0 27.0 28.0 29.0 30.0 31.0 32.0 33.0 34.0 35.0 36.0 37.0 38.0 39.0 40.0 41.0 42.0 43.0 44.0 45.0 46.0 47.0 48.0 49.0 50.0 51.0 52.0 53.0 54.0 55.0 56.0 57.0 58.0 59.0 60.0 61.0 62.0 63.0 64.0 63.0 62.0 61.0 60.0 59.0 58.0 57.0 56.0 55.0 54.0 53.0 52.0 51.0 50.0 49.0 48.0 47.0 46.0 45.0 44.0 43.0 42.0 41.0 40.0 39.0 38.0 37.0 36.0 35.0 34.0 33.0 32.0 31.0 30.0 29.0 28.0 27.0 26.0 25.0 24.0 23.0 22.0 21.0 20.0 19.0 18.0 17.0 16.0 15.0 14.0 13.0 12.0 11.0 10.0 9.0 8.0 7.0 
7.0 6.0 5.0 4.0 3.0 2.0 1.0 0.0 1.0 2.0 3.0 4.0 5.0 6.0 7.0 8.0 9.0 10.0 11.0 12.0 13.0 14.0 15.0 16.0 17.0 18.0 19.0 20.0 21.0 22.0 23.0 24.0 25.0 26.0 27.0 28.0 29.0 30.0 31.0 32.0 33.0 34.0 35.0 36.0 37.0 38.0 39.0 40.0 41.0 42.0 43.0 44.0 45.0 46.0 47.0 48.0 49.0 50.0 51.0 52.0 53.0 54.0 55.0 56.0 57.0 58.0 59.0 60.0 61.0 62.0 63.0 64.0 63.0 62.0 61.0 60.0 59.0 58.0 57.0 56.0 55.0 54.0 53.0 52.0 51.0 50.0 49.0 48.0 47.0 46.0 45.0 44.0 43.0 42.0 41.0 40.0 39.0 38.0 37.0 36.0 35.0 34.0 33.0 32.0 31.0 30.0 29.0 28.0 27.0 26.0 25.0 24.0 23.0 22.0 21.0 20.0 19.0 18.0 17.0 16.0 15.0 14.0 13.0 12.0 11.0 10.0 9.0 8.0 
8.0 7.0 6.0 5.0 4.0 3.0 2.0 1.0 0.0 1.0 2.0 3.0 4.0 5.0 6.0 7.0 8.0 9.0 10.0 11.0 12.0 13.0 14.0 15.0 16.0 17.0 18.0 19.0 20.0 21.0 22.0 23.0 24.0 25.0 26.0 27.0 28.0 29.0 30.0 31.0 32.0 33.0 34.0 35.0 36.0 37.0 38.0 39.0 40.0 41.0 42.0 43.0 44.0 45.0 46.0 47.0 48.0 49.0 50.0 51.0 52.0 53.0 54.0 55.0 56.0 57.0 58.0 59.0 60.0 61.0 62.0 63.0 64.0 63.0 62.0 61.0 60.0 59.0 58.0 57.0 56.0 55.0 54.0 53.0 52.0 51.0 50.0 49.0 48.0 47.0 46.0 45.0 44.0 43.0 42.0 41.0 40.0 39.0 38.0 37.0 36.0 35.0 34.0 33.0 32.0 31.0 30.0 29.0 28.0 27.0 26.0 25.0 24.0 23.0 22.0 21.0 20.0 19.0 18.0 17.0 16.0 15.0 14.0 13.0 12.0 11.0 10.0 9.0 
9.0 8.0 7.0 6.0 5.0 4.0 3.0 2.0 1.0 0.0 1.0 2.0 3.0 4.0 5.0 6.0 7.0 8.0 9.0 10.0 11.0 12.0 13.0 14.0 15.0 16.0 17.0 18.0 19.0 20.0 21.0 22.0 23.0 24.0 25.0 26.0 27.0 28.0 29.0 30.0 31.0 32.0 33.0 34.0 35.0 36.0 37.0 38.0 39.0 40.0 41.0 42.0 43.0 44.0 45.0 46.0 47.0 48.0 49.0 50.0 51.0 52.0 53.0 54.0 55.0 56.0 57.0 58.0 59.0 60.0 61.0 62.0 63.0 64.0 63.0 62.0 61.0 60.0 59.0 58.0 57.0 56.0 55.0 54.0 53.0 52.0 51.0 50.0 49.0 48.0 47.0 46.0 45.0 44.0 43.0 42.0 41.0 40.0 39.0 38.0 37.0 36.0 35.0 34.0 33.0 32.0 31.0 30.0 29.0 28.0 27.0 26.0 25.0 24.0 23.0 22.0 21.0 20.0 19.0 18.0 17.0 16.0 15.0 14.0 13.0 12.0 11.0 10.0 
10.0 9.0 8.0 7.0 6.0 5.0 4.0 3.0 2.0 1.0 0.0 1.0 2.0 3.0 4.0 5.0 6.0 7.0 8.0 9.0 10.0 11.0 12.0 13.0 14.0 15.0 16.0 17.0 18.0 19.0 20.0 21.0 22.0 23.0 24.0 25.0 26.0 27.0 28.0 29.0 30.0 31.0 32.0 33.0 34.0 35.0 36.0 37.0 38.0 39.0 40.0 41.0 42.0 43.0 44.0 45.0 46.0 47.0 48.0 49.0 50.0 51.0 52.0 53.0 54.0 55.0 56.0 57.0 58.0 59.0 60.0 61.0 62.0 63.0 64.0 63.0 62.0 61.0 60.0 59.0 58.0 57.0 56.0 55.0 54.0 53.0 52.0 51.0 50.0 49.0 48.0 47.0 46.0 45.0 44.0 43.0 42.0 41.0 40.0 39.0 38.0 37.0 36.0 35.0 34.0 33.0 32.0 31.0 30.0 29.0 28.0 27.0 26.0 25.0 24.0 23.0 22.0 21.0 20.0 19.0 18.0 17.0 16.0 15.0 14.0 13.0 12.0 11.0 
11.0 10.0 9.0 8.0 7.0 6.0 5.0 4.0 3.0 2.0 1.0 0.0 1.0 2.0 3.0 4.0 5.0 6.0 7.0 8.0 9.0 10.0 11.0 12.0 13.0 14.0 15.0 16.0 17.0 18.0 19.0 20.0 21.0 22.0 23.0 24.0 25.0 26.0 27.0 28.0 29.0 30.0 31.0 32.0 33.0 34.0 35.0 36.0 37.0 38.0 39.0 40.0 41.0 42.0 43.0 44.0 45.0 46.0 47.0 48.0 49.0 50.0 51.0 52.0 53.0 54.0 55.0 56.0 57.0 58.0 59.0 60.0 61.0 62.0 63.0 64.0 63.0 62.0 61.0 60.0 59.0 58.0 57.0 56.0 55.0 54.0 53.0 52.0 51.0 50.0 49.0 48.0 47.0 46.0 45.0 44.0 43.0 42.0 41.0 40.0 39.0 38.0 37.0 36.0 35.0 34.0 33.0 32.0 31.0 30.0 29.0 28.0 27.0 26.0 25.0 24.0 23.0 22.0 21.0 20.0 19.0 18.0 17.0 16.0 15.0 14.0 13.0 12.0 
12.0 11.0 10.0 9.0 8.0 7.0 6.0 5.0 4.0 3.0 2.0 1.0 0.0 1.0 2.0 3.0 4.0 5.0 6.0 7.0 8.0 9.0 10.0 11.0 12.0 13.0 14.0 15.0 16.0 17.0 18.0 19.0 20.0 21.0 22.0 23.0 24.0 25.0 26.0 27.0 28.0 29.0 30.0 31.0 32.0 33.0 34.0 35.0 36.0 37.0 38.0 39.0 40.0 41.0 42.0 43.0 44.0 45.0 46.0 47.0 48.0 49.0 50.0 51.0 52.0 53.0 54.0 55.0 56.0 57.0 58.0 59.0 60.0 61.0 62.0 63.0 64.0 63.0 62.0 61.0 60.0 59.0 58.0 57.0 56.0 55.0 54.0 53.0 52.0 51.0 50.0 49.0 48.0 47.0 46.0 45.0 44.0 43.0 42.0 41.0 40.0 39.0 38.0 37.0 36.0 35.0 34.0 33.0 32.0 31.0 30.0 29.0 28.0 27.0 26.0 25.0 24.0 23.0 22.0 21.0 20.0 19.0 18.0 17.0 16.0 15.0 14.0 13.0 
13.0 12.0 11.0 10.0 9.0 8.0 7.0 6.0 5.0 4.0 3.0 2.0 1.0 0.0 1.0 2.0 3.0 4.0 5.0 6.0 7.0 8.0 9.0 10.0 11.0 12.0 13.0 14.0 15.0 16.0 17.0 18.0 19.0 20.0 21.0 22.0 23.0 24.0 25.0 26.0 27.0 28.0 29.0 30.0 31.0 32.0 33.0 34.0 35.0 36.0 37.0 38.0 39.0 40.0 41.0 42.0 43.0 44.0 45.0 46.0 47.0 48.0 49.0 50.0 51.0 52.0 53.0 54.0 55.0 56.0 57.0 58.0 59.0 60.0 61.0 62.0 63.0 64.0 63.0 62.0 61.0 60.0 59.0 58.0 57.0 56.0 55.0 54.0 53.0 52.0 51.0 50.0 49.0 48.0 47.0 46.0 45.0 44.0 43.0 42.0 41.0 40.0 39.0 38.0 37.0 36.0 35.0 34.0 33.0 32.0 31.0 30.0 29.0 28.0 27.0 26.0 25.0 24.0 23.0 22.0 21.0 20.0 19.0 18.0 17.0 16.0 15.0 14.0 
14.0 13.0 12.0 11.0 10.0 9.0 8.0 7.0 6.0 5.0 4.0 3.0 2.0 1.0 0.0 1.0 2.0 3.0 4.0 5.0 6.0 7.0 8.0 9.0 10.0 11.0 12.0 13.0 14.0 15.0 16.0 17.0 18.0 19.0 20.0 21.0 22.0 23.0 24.0 25.0 26.0 27.0 28.0 29.0 30.0 31.0 32.0 33.0 34.0 35.0 36.0 37.0 38.0 39.0 40.0 41.0 42.0 43.0 44.0 45.0 46.0 47.0 48.0 49.0 50.0 51.0 52.0 53.0 54.0 55.0 56.0 57.0 58.0 59.0 60.0 61.0 62.0 63.0 64.0 63.0 62.0 61.0 60.0 59.0 58.0 57.0 56.0 55.0 54.0 53.0 52.0 51.0 50.0 49.0 48.0 47.0 46.0 45.0 44.0 43.0 42.0 41.0 40.0 39.0 38.0 37.0 36.0 35.0 34.0 33.0 32.0 31.0 30.0 29.0 28.0 27.0 26.0 25.0 24.0 23.0 22.0 21.0 20.0 19.0 18.0 17.0 16.0 15.0 
15.0 14.0 13.0 12.0 11.0 10.0 9.0 8.0 7.0 6.0 5.0 4.0 3.0 2.0 1.0 0.0 1.0 2.0 3.0 4.0 5.0 6.0 7.0 8.0 9.0 10.0 11.0 12.0 13.0 14.0 15.0 16.0 17.0 18.0 19.0 20.0 21.0 22.0 23.0 24.0 25.0 26.0 27.0 28.0 29.0 30.0 31.0 32.0 33.0 34.0 35.0 36.0 37.0 38.0 39.0 40.0 41.0 42.0 43.0 44.0 45.0 46.0 47.0 48.0 49.0 50.0 51.0 52.0 53.0 54.0 55.0 56.0 57.0 58.0 59.0 60.0 61.0 62.0 63.0 64.0 63.0 62.0 61.0 60.0 59.0 58.0 57.0 56.0 55.0 54.0 53.0 52.0 51.0 50.0 49.0 48.0 47.0 46.0 45.0 44.0 43.0 42.0 41.0 40.0 39.0 38.0 37.0 36.0 35.0 34.0 33.0 32.0 31.0 30.0 29.0 28.0 27.0 26.0 25.0 24.0 23.0 22.0 21.0 20.0 19.0 18.0 17.0 16.0 
16.0 15.0 14.0 13.0 12.0 11.0 10.0 9.0 8.0 7.0 6.0 5.0 4.0 3.0 2.0 1.0 0.0 1.0 2.0 3.0 4.0 5.0 6.0 7.0 8.0 9.0 10.0 11.0 12.0 13.0 14.0 15.0 16.0 17.0 18.0 19.0 20.0 21.0 22.0 23.0 24.0 25.0 26.0 27.0 28.0 29.0 30.0 31.0 32.0 33.0 34.0 35.0 36.0 37.0 38.0 39.0 40.0 41.0 42.0 43.0 44.0 45.0 46.0 47.0 48.0 49.0 50.0 51.0 52.0 53.0 54.0 55.0 56.0 57.0 58.0 59.0 60.0 61.0 62.0 63.0 64.0 63.0 62.0 61.0 60.0 59.0 58.0 57.0 56.0 55.0 54.0 53.0 52.0 51.0 50.0 49.0 48.0 47.0 46.0 45.0 44.0 43.0 42.0 41.0 40.0 39.0 38.0 37.0 36.0 35.0 34.0 33.0 32.0 31.0 30.0 29.0 28.0 27.0 26.0 25.0 24.0 23.0 22.0 21.0 20.0 19.0 18.0 17.0 
17.0 16.0 15.0 14.0 13.0 12.0 11.0 10.0 9.0 8.0 7.0 6.0 5.0 4.0 3.0 2.0 1.0 0.0 1.0 2.0 3.0 4.0 5.0 6.0 7.0 8.0 9.0 10.0 11.0 12.0 13.0 14.0 15.0 16.0 17.0 18.0 19.0 20.0 21.0 22.0 23.0 24.0 25.0 26.0 27.0 28.0 29.0 30.0 31.0 32.0 33.0 34.0 35.0 36.0 37.0 38.0 39.0 40.0 41.0 42.0 43.0 44.0 45.0 46.0 47.0 48.0 49.0 50.0 51.0 52.0 53.0 54.0 55.0 56.0 57.0 58.0 59.0 60.0 61.0 62.0 63.0 64.0 63.0 62.0 61.0 60.0 59.0 58.0 57.0 56.0 55.0 54.0 53.0 52.0 51.0 50.0 49.0 48.0 47.0 46.0 45.0 44.0 43.0 42.0 41.0 40.0 39.0 38.0 37.0 36.0 35.0 34.0 33.0 32.0 31.0 30.0 29.0 28.0 27.0 26.0 25.0 24.0 23.0 22.0 21.0 20.0 19.0 18.0 
18.0 17.0 16.0 15.0 14.0 13.0 12.0 11.0 10.0 9.0 8.0 7.0 6.0 5.0 4.0 3.0 2.0 1.0 0.0 1.0 2.0 3.0 4.0 5.0 6.0 7.0 8.0 9.0 10.0 11.0 12.0 13.0 14.0 15.0 16.0 17.0 18.0 19.0 20.0 21.0 22.0 23.0 24.0 25.0 26.0 27.0 28.0 29.0 30.0 31.0 32.0 33.0 34.0 35.0 36.0 37.0 38.0 39.0 40.0 41.0 42.0 43.0 44.0 45.0 46.0 47.0 48.0 49.0 50.0 51.0 52.0 53.0 54.0 55.0 56.0 57.0 58.0 59.0 60.0 61.0 62.0 63.0 64.0 63.0 62.0 61.0 60.0 59.0 58.0 57.0 56.0 55.0 54.0 53.0 52.0 51.0 50.0 49.0 48.0 47.0 46.0 45.0 44.0 43.0 42.0 41.0 40.0 39.0 38.0 37.0 36.0 35.0 34.0 33.0 32.0 31.0 30.0 29.0 28.0 27.0 26.0 25.0 24.0 23.0 22.0 21.0 20.0 19.0 
19.0 18.0 17.0 16.0 15.0 14.0 13.0 12.0 11.0 10.0 9.0 8.0 7.0 6.0 5.0 4.0 3.0 2.0 1.0 0.0 1.0 2.0 3.0 4.0 5.0 6.0 7.0 8.0 9.0 10.0 11.0 12.0 13.0 14.0 15.0 16.0 17.0 18.0 19.0 20.0 21.0 22.0 23.0 24.0 25.0 26.0 27.0 28.0 29.0 30.0 31.0 32.0 33.0 34.0 35.0 36.0 37.0 38.0 39.0 40.0 41.0 42.0 43.0 44.0 45.0 46.0 47.0 48.0 49.0 50.0 51.0 52.0 53.0 54.0 55.0 56.0 57.0 58.0 59.0 60.0 61.0 62.0 63.0 64.0 63.0 62.0 61.0 60.0 59.0 58.0 57.0 56.0 55.0 54.0 53.0 52.0 51.0 50.0 49.0 48.0 47.0 46.0 45.0 44.0 43.0 42.0 41.0 40.0 39.0 38.0 37.0 36.0 35.0 34.0 33.0 32.0 31.0 30.0 29.0 28.0 27.0 26.0 25.0 24.0 23.0 22.0 21.0 20.0 
20.0 19.0 18.0 17.0 16.0 15.0 14.0 13.0 12.0 11.0 10.0 9.0 8.0 7.0 6.0 5.0 4.0 3.0 2.0 1.0 0.0 1.0 2.0 3.0 4.0 5.0 6.0 7.0 8.0 9.0 10.0 11.0 12.0 13.0 14.0 15.0 16.0 17.0 18.0 19.0 20.0 21.0 22.0 23.0 24.0 25.0 26.0 27.0 28.0 29.0 30.0 31.0 32.0 33.0 34.0 35.0 36.0 37.0 38.0 39.0 40.0 41.0 42.0 43.0 44.0 45.0 46.0 47.0 48.0 49.0 50.0 51.0 52.0 53.0 54.0 55.0 56.0 57.0 58.0 59.0 60.0 61.0 62.0 63.0 64.0 63.0 62.0 61.0 60.0 59.0 58.0 57.0 56.0 55.0 54.0 53.0 52.0 51.0 50.0 49.0 48.0 47.0 46.0 45.0 44.0 43.0 42.0 41.0 40.0 39.0 38.0 37.0 36.0 35.0 34.0 33.0 32.0 31.0 30.0 29.0 28.0 27.0 26.0 25.0 24.0 23.0 22.0 21.0 
21.0 20.0 19.0 18.0 17.0 16.0 15.0 14.0 13.0 12.0 11.0 10.0 9.0 8.0 7.0 6.0 5.0 4.0 3.0 2.0 1.0 0.0 1.0 2.0 3.0 4.0 5.0 6.0 7.0 8.0 9.0 10.0 11.0 12.0 13.0 14.0 15.0 16.0 17.0 18.0 19.0 20.0 21.0 22.0 23.0 24.0 25.0 26.0 27.0 28.0 29.0 30.0 31.0 32.0 33.0 34.0 35.0 36.0 37.0 38.0 39.0 40.0 41.0 42.0 43.0 44.0 45.0 46.0 47.0 48.0 49.0 50.0 51.0 52.0 53.0 54.0 55.0 56.0 57.0 58.0 59.0 60.0 61.0 62.0 63.0 64.0 63.0 62.0 61.0 60.0 59.0 58.0 57.0 56.0 55.0 54.0 53.0 52.0 51.0 50.0 49.0 48.0 47.0 46.0 45.0 44.0 43.0 42.0 41.0 40.0 39.0 38.0 37.0 36.0 35.0 34.0 33.0 32.0 31.0 30.0 29.0 28.0 27.0 26.0 25.0 24.0 23.0 22.0 
22.0 21.0 20.0 19.0 18.0 17.0 16.0 15.0 14.0 13.0 12.0 11.0 10.0 9.0 8.0 7.0 6.0 5.0 4.0 3.0 2.0 1.0 0.0 1.0 2.0 3.0 4.0 5.0 6.0 7.0 8.0 9.0 10.0 11.0 12.0 13.0 14.0 15.0 16.0 17.0 18.0 19.0 20.0 21.0 22.0 23.0 24.0 25.0 26.0 27.0 28.0 29.0 30.0 31.0 32.0 33.0 34.0 35.0 36.0 37.0 38.0 39.0 40.0 41.0 42.0 43.0 44.0 45.0 46.0 47.0 48.0 49.0 50.0 51.0 52.0 53.0 54.0 55.0 56.0 57.0 58.0 59.0 60.0 61.0 62.0 63.0 64.0 63.0 62.0 61.0 60.0 59.0 58.0 57.0 56.0 55.0 54.0 53.0 52.0 51.0 50.0 49.0 48.0 47.0 46.0 45.0 44.0 43.0 42.0 41.0 40.0 39.0 38.0 37.0 36.0 35.0 34.0 33.0 32.0 31.0 30.0 29.0 28.0 27.0 26.0 25.0 24.0 23.0 
23.0 22.0 21.0 20.0 19.0 18.0 17.0 16.0 15.0 14.0 13.0 12.0 11.0 10.0 9.0 8.0 7.0 6.0 5.0 4.0 3.0 2.0 1.0 0.0 1.0 2.0 3.0 4.0 5.0 6.0 7.0 8.0 9.0 10.0 11.0 12.0 13.0 14.0 15.0 16.0 17.0 18.0 19.0 20.0 21.0 22.0 23.0 24.0 25.0 26.0 27.0 28.0 29.0 30.0 31.0 32.0 33.0 34.0 35.0 36.0 37.0 38.0 39.0 40.0 41.0 42.0 43.0 44.0 45.0 46.0 47.0 48.0 49.0 50.0 51.0 52.0 53.0 54.0 55.0 56.0 57.0 58.0 59.0 60.0 61.0 62.0 63.0 64.0 63.0 62.0 61.0 60.0 59.0 58.0 57.0 56.0 55.0 54.0 53.0 52.0 51.0 50.0 49.0 48.0 47.0 46.0 45.0 44.0 43.0 42.0 41.0 40.0 39.0 38.0 37.0 36.0 35.0 34.0 33.0 32.0 31.0 30.0 29.0 28.0 27.0 26.0 25.0 24.0 
24.0 23.0 22.0 21.0 20.0 19.0 18.0 17.0 16.0 15.0 14.0 13.0 12.0 11.0 10.0 9.0 8.0 7.0 6.0 5.0 4.0 3.0 2.0 1.0 0.0 1.0 2.0 3.0 4.0 5.0 6.0 7.0 8.0 9.0 10.0 11.0 12.0 13.0 14.0 15.0 16.0 17.0 18.0 19.0 20.0 21.0 22.0 23.0 24.0 25.0 26.0 27.0 28.0 29.0 30.0 31.0 32.0 33.0 34.0 35.0 36.0 37.0 38.0 39.0 40.0 41.0 42.0 43.0 44.0 45.0 46.0 47.0 48.0 49.0 50.0 51.0 52.0 53.0 54.0 55.0 56.0 57.0 58.0 59.0 60.0 61.0 62.0 63.0 64.0 63.0 62.0 61.0 60.0 59.0 58.0 57.0 56.0 55.0 54.0 53.0 52.0 51.0 50.0 49.0 48.0 47.0 46.0 45.0 44.0 43.0 42.0 41.0 40.0 39.0 38.0 37.0 36.0 35.0 34.0 33.0 32.0 31.0 30.0 29.0 28.0 27.0 26.0 25.0 
25.0 24.0 23.0 22.0 21.0 20.0 19.0 18.0 17.0 16.0 15.0 14.0 13.0 12.0 11.0 10.0 9.0 8.0 7.0 6.0 5.0 4.0 3.0 2.0 1.0 0.0 1.0 2.0 3.0 4.0 5.0 6.0 7.0 8.0 9.0 10.0 11.0 12.0 13.0 14.0 15.0 16.0 17.0 18.0 19.0 20.0 21.0 22.0 23.0 24.0 25.0 26.0 27.0 28.0 29.0 30.0 31.0 32.0 33.0 34.0 35.0 36.0 37.0 38.0 39.0 40.0 41.0 42.0 43.0 44.0 45.0 46.0 47.0 48.0 49.0 50.0 51.0 52.0 53.0 54.0 55.0 56.0 57.0 58.0 59.0 60.0 61.0 62.0 63.0 64.0 63.0 62.0 61.0 60.0 59.0 58.0 57.0 56.0 55.0 54.0 53.0 52.0 51.0 50.0 49.0 48.0 47.0 46.0 45.0 44.0 43.0 42.0 41.0 40.0 39.0 38.0 37.0 36.0 35.0 34.0 33.0 32.0 31.0 30.0 29.0 28.0 27.0 26.0 
26.0 25.0 24.0 23.0 22.0 21.0 20.0 19.0 18.0 17.0 16.0 15.0 14.0 13.0 12.0 11.0 10.0 9.0 8.0 7.0 6.0 5.0 4.0 3.0 2.0 1.0 0.0 1.0 2.0 3.0 4.0 5.0 6.0 7.0 8.0 9.0 10.0 11.0 12.0 13.0 14.0 15.0 16.0 17.0 18.0 19.0 20.0 21.0 22.0 23.0 24.0 25.0 26.0 27.0 28.0 29.0 30.0 31.0 32.0 33.0 34.0 35.0 36.0 37.0 38.0 39.0 40.0 41.0 42.0 43.0 44.0 45.0 46.0 47.0 48.0 49.0 50.0 51.0 52.0 53.0 54.0 55.0 56.0 57.0 58.0 59.0 60.0 61.0 62.0 63.0 64.0 63.0 62.0 61.0 60.0 59.0 58.0 57.0 56.0 55.0 54.0 53.0 52.0 51.0 50.0 49.0 48.0 47.0 46.0 45.0 44.0 43.0 42.0 41.0 40.0 39.0 38.0 37.0 36.0 35.0 34.0 33.0 32.0 31.0 30.0 29.0 28.0 27.0 
27.0 26.0 25.0 24.0 23.0 22.0 21.0 20.0 19.0 18.0 17.0 16.0 15.0 14.0 13.0 12.0 11.0 10.0 9.0 8.0 7.0 6.0 5.0 4.0 3.0 2.0 1.0 0.0 1.0 2.0 3.0 4.0 5.0 6.0 7.0 8.0 9.0 10.0 11.0 12.0 13.0 14.0 15.0 16.0 17.0 18.0 19.0 20.0 21.0 22.0 23.0 24.0 25.0 26.0 27.0 28.0 29.0 30.0 31.0 32.0 33.0 34.0 35.0 36.0 37.0 38.0 39.0 40.0 41.0 42.0 43.0 44.0 45.0 46.0 47.0 48.0 49.0 50.0 51.0 52.0 53.0 54.0 55.0 56.0 57.0 58.0 59.0 60.0 61.0 62.0 63.0 64.0 63.0 62.0 61.0 60.0 59.0 58.0 57.0 56.0 55.0 54.0 53.0 52.0 51.0 50.0 49.0 48.0 47.0 46.0 45.0 44.0 43.0 42.0 41.0 40.0 39.0 38.0 37.0 36.0 35.0 34.0 33.0 32.0 31.0 30.0 29.0 28.0 
28.0 27.0 26.0 25.0 24.0 23.0 22.0 21.0 20.0 19.0 18.0 17.0 16.0 15.0 14.0 13.0 12.0 11.0 10.0 9.0 8.0 7.0 6.0 5.0 4.0 3.0 2.0 1.0 0.0 1.0 2.0 3.0 4.0 5.0 6.0 7.0 8.0 9.0 10.0 11.0 12.0 13.0 14.0 15.0 16.0 17.0 18.0 19.0 20.0 21.0 22.0 23.0 24.0 25.0 26.0 27.0 28.0 29.0 30.0 31.0 32.0 33.0 34.0 35.0 36.0 37.0 38.0 39.0 40.0 41.0 42.0 43.0 44.0 45.0 46.0 47.0 48.0 49.0 50.0 51.0 52.0 53.0 54.0 55.0 56.0 57.0 58.0 59.0 60.0 61.0 62.0 63.0 64.0 63.0 62.0 61.0 60.0 59.0 58.0 57.0 56.0 55.0 54.0 53.0 52.0 51.0 50.0 49.0 48.0 47.0 46.0 45.0 44.0 43.0 42.0 41.0 40.0 39.0 38.0 37.0 36.0 35.0 34.0 33.0 32.0 31.0 30.0 29.0 
29.0 28.0 27.0 26.0 25.0 24.0 23.0 22.0 21.0 20.0 19.0 18.0 17.0 16.0 15.0 14.0 13.0 12.0 11.0 10.0 9.0 8.0 7.0 6.0 5.0 4.0 3.0 2.0 1.0 0.0 1.0 2.0 3.0 4.0 5.0 6.0 7.0 8.0 9.0 10.0 11.0 12.0 13.0 14.0 15.0 16.0 17.0 18.0 19.0 20.0 21.0 22.0 23.0 24.0 25.0 26.0 27.0 28.0 29.0 30.0 31.0 32.0 33.0 34.0 35.0 36.0 37.0 38.0 39.0 40.0 41.0 42.0 43.0 44.0 45.0 46.0 47.0 48.0 49.0 50.0 51.0 52.0 53.0 54.0 55.0 56.0 57.0 58.0 59.0 60.0 61.0 62.0 63.0 64.0 63.0 62.0 61.0 60.0 59.0 58.0 57.0 56.0 55.0 54.0 53.0 52.0 51.0 50.0 49.0 48.0 47.0 46.0 45.0 44.0 43.0 42.0 41.0 40.0 39.0 38.0 37.0 36.0 35.0 34.0 33.0 32.0 31.0 30.0 
30.0 29.0 28.0 27.0 26.0 25.0 24.0 23.0 22.0 21.0 20.0 19.0 18.0 17.0 16.0 15.0 14.0 13.0 12.0 11.0 10.0 9.0 8.0 7.0 6.0 5.0 4.0 3.0 2.0 1.0 0.0 1.0 2.0 3.0 4.0 5.0 6.0 7.0 8.0 9.0 10.0 11.0 12.0 13.0 14.0 15.0 16.0 17.0 18.0 19.0 20.0 21.0 22.0 23.0 24.0 25.0 26.0 27.0 28.0 29.0 30.0 31.0 32.0 33.0 34.0 35.0 36.0 37.0 38.0 39.0 40.0 41.0 42.0 43.0 44.0 45.0 46.0 47.0 48.0 49.0 50.0 51.0 52.0 53.0 54.0 55.0 56.0 57.0 58.0 59.0 60.0 61.0 62.0 63.0 64.0 63.0 62.0 61.0 60.0 59.0 58.0 57.0 56.0 55.0 54.0 53.0 52.0 51.0 50.0 49.0 48.0 47.0 46.0 45.0 44.0 43.0 42.0 41.0 40.0 39.0 38.0 37.0 36.0 35.0 34.0 33.0 32.0 31.0 
31.0 30.0 29.0 28.0 27.0 26.0 25.0 24.0 23.0 22.0 21.0 20.0 19.0 18.0 17.0 16.0 15.0 14.0 13.0 12.0 11.0 10.0 9.0 8.0 7.0 6.0 5.0 4.0 3.0 2.0 1.0 0.0 1.0 2.0 3.0 4.0 5.0 6.0 7.0 8.0 9.0 10.0 11.0 12.0 13.0 14.0 15.0 16.0 17.0 18.0 19.0 20.0 21.0 22.0 23.0 24.0 25.0 26.0 27.0 28.0 29.0 30.0 31.0 32.0 33.0 34.0 35.0 36.0 37.0 38.0 39.0 40.0 41.0 42.0 43.0 44.0 45.0 46.0 47.0 48.0 49.0 50.0 51.0 52.0 53.0 54.0 55.0 56.0 57.0 58.0 59.0 60.0 61.0 62.0 63.0 64.0 63.0 62.0 61.0 60.0 59.0 58.0 57.0 56.0 55.0 54.0 53.0 52.0 51.0 50.0 49.0 48.0 47.0 46.0 45.0 44.0 43.0 42.0 41.0 40.0 39.0 38.0 37.0 36.0 35.0 34.0 33.0 32.0 
32.0 31.0 30.0 29.0 28.0 27.0 26.0 25.0 24.0 23.0 22.0 21.0 20.0 19.0 18.0 17.0 16.0 15.0 14.0 13.0 12.0 11.0 10.0 9.0 8.0 7.0 6.0 5.0 4.0 3.0 2.0 1.0 0.0 1.0 2.0 3.0 4.0 5.0 6.0 7.0 8.0 9.0 10.0 11.0 12.0 13.0 14.0 15.0 16.0 17.0 18.0 19.0 20.0 21.0 22.0 23.0 24.0 25.0 26.0 27.0 28.0 29.0 30.0 31.0 32.0 33.0 34.0 35.0 36.0 37.0 38.0 39.0 40.0 41.0 42.0 43.0 44.0 45.0 46.0 47.0 48.0 49.0 50.0 51.0 52.0 53.0 54.0 55.0 56.0 57.0 58.0 59.0 60.0 61.0 62.0 63.0 64.0 63.0 62.0 61.0 60.0 59.0 58.0 57.0 56.0 55.0 54.0 53.0 52.0 51.0 50.0 49.0 48.0 47.0 46.0 45.0 44.0 43.0 42.0 41.0 40.0 39.0 38.0 37.0 36.0 35.0 34.0 33.0 
33.0 32.0 31.0 30.0 29.0 28.0 27.0 26.0 25.0 24.0 23.0 22.0 21.0 20.0 19.0 18.0 17.0 16.0 15.0 14.0 13.0 12.0 11.0 10.0 9.0 8.0 7.0 6.0 5.0 4.0 3.0 2.0 1.0 0.0 1.0 2.0 3.0 4.0 5.0 6.0 7.0 8.0 9.0 10.0 11.0 12.0 13.0 14.0 15.0 16.0 17.0 18.0 19.0 20.0 21.0 22.0 23.0 24.0 25.0 26.0 27.0 28.0 29.0 30.0 31.0 32.0 33.0 34.0 35.0 36.0 37.0 38.0 39.0 40.0 41.0 42.0 43.0 44.0 45.0 46.0 47.0 48.0 49.0 50.0 51.0 52.0 53.0 54.0 55.0 56.0 57.0 58.0 59.0 60.0 61.0 62.0 63.0 64.0 63.0 62.0 61.0 60.0 59.0 58.0 57.0 56.0 55.0 54.0 53.0 52.0 51.0 50.0 49.0 48.0 47.0 46.0 45.0 44.0 43.0 42.0 41.0 40.0 39.0 38.0 37.0 36.0 35.0 34.0 
34.0 33.0 32.0 31.0 30.0 29.0 28.0 27.0 26.0 25.0 24.0 23.0 22.0 21.0 20.0 19.0 18.0 17.0 16.0 15.0 14.0 13.0 12.0 11.0 10.0 9.0 8.0 7.0 6.0 5.0 4.0 3.0 2.0 1.0 0.0 1.0 2.0 3.0 4.0 5.0 6.0 7.0 8.0 9.0 10.0 11.0 12.0 13.0 14.0 15.0 16.0 17.0 18.0 19.0 20.0 21.0 22.0 23.0 24.0 25.0 26.0 27.0 28.0 29.0 30.0 31.0 32.0 33.0 34.0 35.0 36.0 37.0 38.0 39.0 40.0 41.0 42.0 43.0 44.0 45.0 46.0 47.0 48.0 49.0 50.0 51.0 52.0 53.0 54.0 55.0 56.0 57.0 58.0 59.0 60.0 61.0 62.0 63.0 64.0 63.0 62.0 61.0 60.0 59.0 58.0 57.0 56.0 55.0 54.0 53.0 52.0 51.0 50.0 49.0 48.0 47.0 46.0 45.0 44.0 43.0 42.0 41.0 40.0 39.0 38.0 37.0 36.0 35.0 
35.0 34.0 33.0 32.0 31.0 30.0 29.0 28.0 27.0 26.0 25.0 24.0 23.0 22.0 21.0 20.0 19.0 18.0 17.0 16.0 15.0 14.0 13.0 12.0 11.0 10.0 9.0 8.0 7.0 6.0 5.0 4.0 3.0 2.0 1.0 0.0 1.0 2.0 3.0 4.0 5.0 6.0 7.0 8.0 9.0 10.0 11.0 12.0 13.0 14.0 15.0 16.0 17.0 18.0 19.0 20.0 21.0 22.0 23.0 24.0 25.0 26.0 27.0 28.0 29.0 30.0 31.0 32.0 33.0 34.0 35.0 36.0 37.0 38.0 39.0 40.0 41.0 42.0 43.0 44.0 45.0 46.0 47.0 48.0 49.0 50.0 51.0 52.0 53.0 54.0 55.0 56.0 57.0 58.0 59.0 60.0 61.0 62.0 63.0 64.0 63.0 62.0 61.0 60.0 59.0 58.0 57.0 56.0 55.0 54.0 53.0 52.0 51.0 50.0 49.0 48.0 47.0 46.0 45.0 44.0 43.0 42.0 41.0 40.0 39.0 38.0 37.0 36.0 
36.0 35.0 34.0 33.0 32.0 31.0 30.0 29.0 28.0 27.0 26.0 25.0 24.0 23.0 22.0 21.0 20.0 19.0 18.0 17.0 16.0 15.0 14.0 13.0 12.0 11.0 10.0 9.0 8.0 7.0 6.0 5.0 4.0 3.0 2.0 1.0 0.0 1.0 2.0 3.0 4.0 5.0 6.0 7.0 8.0 9.0 10.0 11.0 12.0 13.0 14.0 15.0 16.0 17.0 18.0 19.0 20.0 21.0 22.0 23.0 24.0 25.0 26.0 27.0 28.0 29.0 30.0 31.0 32.0 33.0 34.0 35.0 36.0 37.0 38.0 39.0 40.0 41.0 42.0 43.0 44.0 45.0 46.0 47.0 48.0 49.0 50.0 51.0 52.0 53.0 54.0 55.0 56.0 57.0 58.0 59.0 60.0 61.0 62.0 63.0 64.0 63.0 62.0 61.0 60.0 59.0 58.0 57.0 56.0 55.0 54.0 53.0 52.0 51.0 50.0 49.0 48.0 47.0 46.0 45.0 44.0 43.0 42.0 41.0 40.0 39.0 38.0 37.0 
37.0 36.0 35.0 34.0 33.0 32.0 31.0 30.0 29.0 28.0 27.0 26.0 25.0 24.0 23.0 22.0 21.0 20.0 19.0 18.0 17.0 16.0 15.0 14.0 13.0 12.0 11.0 10.0 9.0 8.0 7.0 6.0 5.0 4.0 3.0 2.0 1.0 0.0 1.0 2.0 3.0 4.0 5.0 6.0 7.0 8.0 9.0 10.0 11.0 12.0 13.0 14.0 15.0 16.0 17.0 18.0 19.0 20.0 21.0 22.0 23.0 24.0 25.0 26.0 27.0 28.0 29.0 30.0 31.0 32.0 33.0 34.0 35.0 36.0 37.0 38.0 39.0 40.0 41.0 42.0 43.0 44.0 45.0 46.0 47.0 48.0 49.0 50.0 51.0 52.0 53.0 54.0 55.0 56.0 57.0 58.0 59.0 60.0 61.0 62.0 63.0 64.0 63.0 62.0 61.0 60.0 59.0 58.0 57.0 56.0 55.0 54.0 53.0 52.0 51.0 50.0 49.0 48.0 47.0 46.0 45.0 44.0 43.0 42.0 41.0 40.0 39.0 38.0 
38.0 37.0 36.0 35.0 34.0 33.0 32.0 31.0 30.0 29.0 28.0 27.0 26.0 25.0 24.0 23.0 22.0 21.0 20.0 19.0 18.0 17.0 16.0 15.0 14.0 13.0 12.0 11.0 10.0 9.0 8.0 7.0 6.0 5.0 4.0 3.0 2.0 1.0 0.0 1.0 2.0 3.0 4.0 5.0 6.0 7.0 8.0 9.0 10.0 11.0 12.0 13.0 14.0 15.0 16.0 17.0 18.0 19.0 20.0 21.0 22.0 23.0 24.0 25.0 26.0 27.0 28.0 29.0 30.0 31.0 32.0 33.0 34.0 35.0 36.0 37.0 38.0 39.0 40.0 41.0 42.0 43.0 44.0 45.0 46.0 47.0 48.0 49.0 50.0 51.0 52.0 53.0 54.0 55.0 56.0 57.0 58.0 59.0 60.0 61.0 62.0 63.0 64.0 63.0 62.0 61.0 60.0 59.0 58.0 57.0 56.0 55.0 54.0 53.0 52.0 51.0 50.0 49.0 48.0 47.0 46.0 45.0 44.0 43.0 42.0 41.0 40.0 39.0 
39.0 38.0 37.0 36.0 35.0 34.0 33.0 32.0 31.0 30.0 29.0 28.0 27.0 26.0 25.0 24.0 23.0 22.0 21.0 20.0 19.0 18.0 17.0 16.0 15.0 14.0 13.0 12.0 11.0 10.0 9.0 8.0 7.0 6.0 5.0 4.0 3.0 2.0 1.0 0.0 1.0 2.0 3.0 4.0 5.0 6.0 7.0 8.0 9.0 10.0 11.0 12.0 13.0 14.0 15.0 16.0 17.0 18.0 19.0 20.0 21.0 22.0 23.0 24.0 25.0 26.0 27.0 28.0 29.0 30.0 31.0 32.0 33.0 34.0 35.0 36.0 37.0 38.0 39.0 40.0 41.0 42.0 43.0 44.0 45.0 46.0 47.0 48.0 49.0 50.0 51.0 52.0 53.0 54.0 55.0 56.0 57.0 58.0 59.0 60.0 61.0 62.0 63.0 64.0 63.0 62.0 61.0 60.0 59.0 58.0 57.0 56.0 55.0 54.0 53.0 52.0 51.0 50.0 49.0 48.0 47.0 46.0 45.0 44.0 43.0 42.0 41.0 40.0 
40.0 39.0 38.0 37.0 36.0 35.0 34.0 33.0 32.0 31.0 30.0 29.0 28.0 27.0 26.0 25.0 24.0 23.0 22.0 21.0 20.0 19.0 18.0 17.0 16.0 15.0 14.0 13.0 12.0 11.0 10.0 9.0 8.0 7.0 6.0 5.0 4.0 3.0 2.0 1.0 0.0 1.0 2.0 3.0 4.0 5.0 6.0 7.0 8.0 9.0 10.0 11.0 12.0 13.0 14.0 15.0 16.0 17.0 18.0 19.0 20.0 21.0 22.0 23.0 24.0 25.0 26.0 27.0 28.0 29.0 30.0 31.0 32.0 33.0 34.0 35.0 36.0 37.0 38.0 39.0 40.0 41.0 42.0 43.0 44.0 45.0 46.0 47.0 48.0 49.0 50.0 51.0 52.0 53.0 54.0 55.0 56.0 57.0 58.0 59.0 60.0 61.0 62.0 63.0 64.0 63.0 62.0 61.0 60.0 59.0 58.0 57.0 56.0 55.0 54.0 53.0 52.0 51.0 50.0 49.0 48.0 47.0 46.0 45.0 44.0 43.0 42.0 41.0 
41.0 40.0 39.0 38.0 37.0 36.0 35.0 34.0 33.0 32.0 31.0 30.0 29.0 28.0 27.0 26.0 25.0 24.0 23.0 22.0 21.0 20.0 19.0 18.0 17.0 16.0 15.0 14.0 13.0 12.0 11.0 10.0 9.0 8.0 7.0 6.0 5.0 4.0 3.0 2.0 1.0 0.0 1.0 2.0 3.0 4.0 5.0 6.0 7.0 8.0 9.0 10.0 11.0 12.0 13.0 14.0 15.0 16.0 17.0 18.0 19.0 20.0 21.0 22.0 23.0 24.0 25.0 26.0 27.0 28.0 29.0 30.0 31.0 32.0 33.0 34.0 35.0 36.0 37.0 38.0 39.0 40.0 41.0 42.0 43.0 44.0 45.0 46.0 47.0 48.0 49.0 50.0 51.0 52.0 53.0 54.0 55.0 56.0 57.0 58.0 59.0 60.0 61.0 62.0 63.0 64.0 63.0 62.0 61.0 60.0 59.0 58.0 57.0 56.0 55.0 54.0 53.0 52.0 51.0 50.0 49.0 48.0 47.0 46.0 45.0 44.0 43.0 42.0 
42.0 41.0 40.0 39.0 38.0 37.0 36.0 35.0 34.0 33.0 32.0 31.0 30.0 29.0 28.0 27.0 26.0 25.0 24.0 23.0 22.0 21.0 20.0 19.0 18.0 17.0 16.0 15.0 14.0 13.0 12.0 11.0 10.0 9.0 8.0 7.0 6.0 5.0 4.0 3.0 2.0 1.0 0.0 1.0 2.0 3.0 4.0 5.0 6.0 7.0 8.0 9.0 10.0 11.0 12.0 13.0 14.0 15.0 16.0 17.0 18.0 19.0 20.0 21.0 22.0 23.0 24.0 25.0 26.0 27.0 28.0 29.0 30.0 31.0 32.0 33.0 34.0 35.0 36.0 37.0 38.0 39.0 40.0 41.0 42.0 43.0 44.0 45.0 46.0 47.0 48.0 49.0 50.0 51.0 52.0 53.0 54.0 55.0 56.0 57.0 58.0 59.0 60.0 61.0 62.0 63.0 64.0 63.0 62.0 61.0 60.0 59.0 58.0 57.0 56.0 55.0 54.0 53.0 52.0 51.0 50.0 49.0 48.0 47.0 46.0 45.0 44.0 43.0 
43.0 42.0 41.0 40.0 39.0 38.0 37.0 36.0 35.0 34.0 33.0 32.0 31.0 30.0 29.0 28.0 27.0 26.0 25.0 24.0 23.0 22.0 21.0 20.0 19.0 18.0 17.0 16.0 15.0 14.0 13.0 12.0 11.0 10.0 9.0 8.0 7.0 6.0 5.0 4.0 3.0 2.0 1.0 0.0 1.0 2.0 3.0 4.0 5.0 6.0 7.0 8.0 9.0 10.0 11.0 12.0 13.0 14.0 15.0 16.0 17.0 18.0 19.0 20.0 21.0 22.0 23.0 24.0 25.0 26.0 27.0 28.0 29.0 30.0 31.0 32.0 33.0 34.0 35.0 36.0 37.0 38.0 39.0 40.0 41.0 42.0 43.0 44.0 45.0 46.0 47.0 48.0 49.0 50.0 51.0 52.0 53.0 54.0 55.0 56.0 57.0 58.0 59.0 60.0 61.0 62.0 63.0 64.0 63.0 62.0 61.0 60.0 59.0 58.0 57.0 56.0 55.0 54.0 53.0 52.0 51.0 50.0 49.0 48.0 47.0 46.0 45.0 44.0 
44.0 43.0 42.0 41.0 40.0 39.0 38.0 37.0 36.0 35.0 34.0 33.0 32.0 31.0 30.0 29.0 28.0 27.0 26.0 25.0 24.0 23.0 22.0 21.0 20.0 19.0 18.0 17.0 16.0 15.0 14.0 13.0 12.0 11.0 10.0 9.0 8.0 7.0 6.0 5.0 4.0 3.0 2.0 1.0 0.0 1.0 2.0 3.0 4.0 5.0 6.0 7.0 8.0 9.0 10.0 11.0 12.0 13.0 14.0 15.0 16.0 17.0 18.0 19.0 20.0 21.0 22.0 23.0 24.0 25.0 26.0 27.0 28.0 29.0 30.0 31.0 32.0 33.0 34.0 35.0 36.0 37.0 38.0 39.0 40.0 41.0 42.0 43.0 44.0 45.0 46.0 47.0 48.0 49.0 50.0 51.0 52.0 53.0 54.0 55.0 56.0 57.0 58.0 59.0 60.0 61.0 62.0 63.0 64.0 63.0 62.0 61.0 60.0 59.0 58.0 57.0 56.0 55.0 54.0 53.0 52.0 51.0 50.0 49.0 48.0 47.0 46.0 45.0 
45.0 44.0 43.0 42.0 41.0 40.0 39.0 38.0 37.0 36.0 35.0 34.0 33.0 32.0 31.0 30.0 29.0 28.0 27.0 26.0 25.0 24.0 23.0 22.0 21.0 20.0 19.0 18.0 17.0 16.0 15.0 14.0 13.0 12.0 11.0 10.0 9.0 8.0 7.0 6.0 5.0 4.0 3.0 2.0 1.0 0.0 1.0 2.0 3.0 4.0 5.0 6.0 7.0 8.0 9.0 10.0 11.0 12.0 13.0 14.0 15.0 16.0 17.0 18.0 19.0 20.0 21.0 22.0 23.0 24.0 25.0 26.0 27.0 28.0 29.0 30.0 31.0 32.0 33.0 34.0 35.0 36.0 37.0 38.0 39.0 40.0 41.0 42.0 43.0 44.0 45.0 46.0 47.0 48.0 49.0 50.0 51.0 52.0 53.0 54.0 55.0 56.0 57.0 58.0 59.0 60.0 61.0 62.0 63.0 64.0 63.0 62.0 61.0 60.0 59.0 58.0 57.0 56.0 55.0 54.0 53.0 52.0 51.0 50.0 49.0 48.0 47.0 46.0 
46.0 45.0 44.0 43.0 42.0 41.0 40.0 39.0 38.0 37.0 36.0 35.0 34.0 33.0 32.0 31.0 30.0 29.0 28.0 27.0 26.0 25.0 24.0 23.0 22.0 21.0 20.0 19.0 18.0 17.0 16.0 15.0 14.0 13.0 12.0 11.0 10.0 9.0 8.0 7.0 6.0 5.0 4.0 3.0 2.0 1.0 0.0 1.0 2.0 3.0 4.0 5.0 6.0 7.0 8.0 9.0 10.0 11.0 12.0 13.0 14.0 15.0 16.0 17.0 18.0 19.0 20.0 21.0 22.0 23.0 24.0 25.0 26.0 27.0 28.0 29.0 30.0 31.0 32.0 33.0 34.0 35.0 36.0 37.0 38.0 39.0 40.0 41.0 42.0 43.0 44.0 45.0 46.0 47.0 48.0 49.0 50.0 51.0 52.0 53.0 54.0 55.0 56.0 57.0 58.0 59.0 60.0 61.0 62.0 63.0 64.0 63.0 62.0 61.0 60.0 59.0 58.0 57.0 56.0 55.0 54.0 53.0 52.0 51.0 50.0 49.0 48.0 47.0 
47.0 46.0 45.0 44.0 43.0 42.0 41.0 40.0 39.0 38.0 37.0 36.0 35.0 34.0 33.0 32.0 31.0 30.0 29.0 28.0 27.0 26.0 25.0 24.0 23.0 22.0 21.0 20.0 19.0 18.0 17.0 16.0 15.0 14.0 13.0 12.0 11.0 10.0 9.0 8.0 7.0 6.0 5.0 4.0 3.0 2.0 1.0 0.0 1.0 2.0 3.0 4.0 5.0 6.0 7.0 8.0 9.0 10.0 11.0 12.0 13.0 14.0 15.0 16.0 17.0 18.0 19.0 20.0 21.0 22.0 23.0 24.0 25.0 26.0 27.0 28.0 29.0 30.0 31.0 32.0 33.0 34.0 35.0 36.0 37.0 38.0 39.0 40.0 41.0 42.0 43.0 44.0 45.0 46.0 47.0 48.0 49.0 50.0 51.0 52.0 53.0 54.0 55.0 56.0 57.0 58.0 59.0 60.0 61.0 62.0 63.0 64.0 63.0 62.0 61.0 60.0 59.0 58.0 57.0 56.0 55.0 54.0 53.0 52.0 51.0 50.0 49.0 48.0 
48.0 47.0 46.0 45.0 44.0 43.0 42.0 41.0 40.0 39.0 38.0 37.0 36.0 35.0 34.0 33.0 32.0 31.0 30.0 29.0 28.0 27.0 26.0 25.0 24.0 23.0 22.0 21.0 20.0 19.0 18.0 17.0 16.0 15.0 14.0 13.0 12.0 11.0 10.0 9.0 8.0 7.0 6.0 5.0 4.0 3.0 2.0 1.0 0.0 1.0 2.0 3.0 4.0 5.0 6.0 7.0 8.0 9.0 10.0 11.0 12.0 13.0 14.0 15.0 16.0 17.0 18.0 19.0 20.0 21.0 22.0 23.0 24.0 25.0 26.0 27.0 28.0 29.0 30.0 31.0 32.0 33.0 34.0 35.0 36.0 37.0 38.0 39.0 40.0 41.0 42.0 43.0 44.0 45.0 46.0 47.0 48.0 49.0 50.0 51.0 52.0 53.0 54.0 55.0 56.0 57.0 58.0 59.0 60.0 61.0 62.0 63.0 64.0 63.0 62.0 61.0 60.0 59.0 58.0 57.0 56.0 55.0 54.0 53.0 52.0 51.0 50.0 49.0 
49.0 48.0 47.0 46.0 45.0 44.0 43.0 42.0 41.0 40.0 39.0 38.0 37.0 36.0 35.0 34.0 33.0 32.0 31.0 30.0 29.0 28.0 27.0 26.0 25.0 24.0 23.0 22.0 21.0 20.0 19.0 18.0 17.0 16.0 15.0 14.0 13.0 12.0 11.0 10.0 9.0 8.0 7.0 6.0 5.0 4.0 3.0 2.0 1.0 0.0 1.0 2.0 3.0 4.0 5.0 6.0 7.0 8.0 9.0 10.0 11.0 12.0 13.0 14.0 15.0 16.0 17.0 18.0 19.0 20.0 21.0 22.0 23.0 24.0 25.0 26.0 27.0 28.0 29.0 30.0 31.0 32.0 33.0 34.0 35.0 36.0 37.0 38.0 39.0 40.0 41.0 42.0 43.0 44.0 45.0 46.0 47.0 48.0 49.0 50.0 51.0 52.0 53.0 54.0 55.0 56.0 57.0 58.0 59.0 60.0 61.0 62.0 63.0 64.0 63.0 62.0 61.0 60.0 59.0 58.0 57.0 56.0 55.0 54.0 53.0 52.0 51.0 50.0 
50.0 49.0 48.0 47.0 46.0 45.0 44.0 43.0 42.0 41.0 40.0 39.0 38.0 37.0 36.0 35.0 34.0 33.0 32.0 31.0 30.0 29.0 28.0 27.0 26.0 25.0 24.0 23.0 22.0 21.0 20.0 19.0 18.0 17.0 16.0 15.0 14.0 13.0 12.0 11.0 10.0 9.0 8.0 7.0 6.0 5.0 4.0 3.0 2.0 1.0 0.0 1.0 2.0 3.0 4.0 5.0 6.0 7.0 8.0 9.0 10.0 11.0 12.0 13.0 14.0 15.0 16.0 17.0 18.0 19.0 20.0 21.0 22.0 23.0 24.0 25.0 26.0 27.0 28.0 29.0 30.0 31.0 32.0 33.0 34.0 35.0 36.0 37.0 38.0 39.0 40.0 41.0 42.0 43.0 44.0 45.0 46.0 47.0 48.0 49.0 50.0 51.0 52.0 53.0 54.0 55.0 56.0 57.0 58.0 59.0 60.0 61.0 62.0 63.0 64.0 63.0 62.0 61.0 60.0 59.0 58.0 57.0 56.0 55.0 54.0 53.0 52.0 51.0 
51.0 50.0 49.0 48.0 47.0 46.0 45.0 44.0 43.0 42.0 41.0 40.0 39.0 38.0 37.0 36.0 35.0 34.0 33.0 32.0 31.0 30.0 29.0 28.0 27.0 26.0 25.0 24.0 23.0 22.0 21.0 20.0 19.0 18.0 17.0 16.0 15.0 14.0 13.0 12.0 11.0 10.0 9.0 8.0 7.0 6.0 5.0 4.0 3.0 2.0 1.0 0.0 1.0 2.0 3.0 4.0 5.0 6.0 7.0 8.0 9.0 10.0 11.0 12.0 13.0 14.0 15.0 16.0 17.0 18.0 19.0 20.0 21.0 22.0 23.0 24.0 25.0 26.0 27.0 28.0 29.0 30.0 31.0 32.0 33.0 34.0 35.0 36.0 37.0 38.0 39.0 40.0 41.0 42.0 43.0 44.0 45.0 46.0 47.0 48.0 49.0 50.0 51.0 52.0 53.0 54.0 55.0 56.0 57.0 58.0 59.0 60.0 61.0 62.0 63.0 64.0 63.0 62.0 61.0 60.0 59.0 58.0 57.0 56.0 55.0 54.0 53.0 52.0 
52.0 51.0 50.0 49.0 48.0 47.0 46.0 45.0 44.0 43.0 42.0 41.0 40.0 39.0 38.0 37.0 36.0 35.0 34.0 33.0 32.0 31.0 30.0 29.0 28.0 27.0 26.0 25.0 24.0 23.0 22.0 21.0 20.0 19.0 18.0 17.0 16.0 15.0 14.0 13.0 12.0 11.0 10.0 9.0 8.0 7.0 6.0 5.0 4.0 3.0 2.0 1.0 0.0 1.0 2.0 3.0 4.0 5.0 6.0 7.0 8.0 9.0 10.0 11.0 12.0 13.0 14.0 15.0 16.0 17.0 18.0 19.0 20.0 21.0 22.0 23.0 24.0 25.0 26.0 27.0 28.0 29.0 30.0 31.0 32.0 33.0 34.0 35.0 36.0 37.0 38.0 39.0 40.0 41.0 42.0 43.0 44.0 45.0 46.0 47.0 48.0 49.0 50.0 51.0 52.0 53.0 54.0 55.0 56.0 57.0 58.0 59.0 60.0 61.0 62.0 63.0 64.0 63.0 62.0 61.0 60.0 59.0 58.0 57.0 56.0 55.0 54.0 53.0 
53.0 52.0 51.0 50.0 49.0 48.0 47.0 46.0 45.0 44.0 43.0 42.0 41.0 40.0 39.0 38.0 37.0 36.0 35.0 34.0 33.0 32.0 31.0 30.0 29.0 28.0 27.0 26.0 25.0 24.0 23.0 22.0 21.0 20.0 19.0 18.0 17.0 16.0 15.0 14.0 13.0 12.0 11.0 10.0 9.0 8.0 7.0 6.0 5.0 4.0 3.0 2.0 1.0 0.0 1.0 2.0 3.0 4.0 5.0 6.0 7.0 8.0 9.0 10.0 11.0 12.0 13.0 14.0 15.0 16.0 17.0 18.0 19.0 20.0 21.0 22.0 23.0 24.0 25.0 26.0 27.0 28.0 29.0 30.0 31.0 32.0 33.0 34.0 35.0 36.0 37.0 38.0 39.0 40.0 41.0 42.0 43.0 44.0 45.0 46.0 47.0 48.0 49.0 50.0 51.0 52.0 53.0 54.0 55.0 56.0 57.0 58.0 59.0 60.0 61.0 62.0 63.0 64.0 63.0 62.0 61.0 60.0 59.0 58.0 57.0 56.0 55.0 54.0 
54.0 53.0 52.0 51.0 50.0 49.0 48.0 47.0 46.0 45.0 44.0 43.0 42.0 41.0 40.0 39.0 38.0 37.0 36.0 35.0 34.0 33.0 32.0 31.0 30.0 29.0 28.0 27.0 26.0 25.0 24.0 23.0 22.0 21.0 20.0 19.0 18.0 17.0 16.0 15.0 14.0 13.0 12.0 11.0 10.0 9.0 8.0 7.0 6.0 5.0 4.0 3.0 2.0 1.0 0.0 1.0 2.0 3.0 4.0 5.0 6.0 7.0 8.0 9.0 10.0 11.0 12.0 13.0 14.0 15.0 16.0 17.0 18.0 19.0 20.0 21.0 22.0 23.0 24.0 25.0 26.0 27.0 28.0 29.0 30.0 31.0 32.0 33.0 34.0 35.0 36.0 37.0 38.0 39.0 40.0 41.0 42.0 43.0 44.0 45.0 46.0 47.0 48.0 49.0 50.0 51.0 52.0 53.0 54.0 55.0 56.0 57.0 58.0 59.0 60.0 61.0 62.0 63.0 64.0 63.0 62.0 61.0 60.0 59.0 58.0 57.0 56.0 55.0 
55.0 54.0 53.0 52.0 51.0 50.0 49.0 48.0 47.0 46.0 45.0 44.0 43.0 42.0 41.0 40.0 39.0 38.0 37.0 36.0 35.0 34.0 33.0 32.0 31.0 30.0 29.0 28.0 27.0 26.0 25.0 24.0 23.0 22.0 21.0 20.0 19.0 18.0 17.0 16.0 15.0 14.0 13.0 12.0 11.0 10.0 9.0 8.0 7.0 6.0 5.0 4.0 3.0 2.0 1.0 0.0 1.0 2.0 3.0 4.0 5.0 6.0 7.0 8.0 9.0 10.0 11.0 12.0 13.0 14.0 15.0 16.0 17.0 18.0 19.0 20.0 21.0 22.0 23.0 24.0 25.0 26.0 27.0 28.0 29.0 30.0 31.0 32.0 33.0 34.0 35.0 36.0 37.0 38.0 39.0 40.0 41.0 42.0 43.0 44.0 45.0 46.0 47.0 48.0 49.0 50.0 51.0 52.0 53.0 54.0 55.0 56.0 57.0 58.0 59.0 60.0 61.0 62.0 63.0 64.0 63.0 62.0 61.0 60.0 59.0 58.0 57.0 56.0 
56.0 55.0 54.0 53.0 52.0 51.0 50.0 49.0 48.0 47.0 46.0 45.0 44.0 43.0 42.0 41.0 40.0 39.0 38.0 37.0 36.0 35.0 34.0 33.0 32.0 31.0 30.0 29.0 28.0 27.0 26.0 25.0 24.0 23.0 22.0 21.0 20.0 19.0 18.0 17.0 16.0 15.0 14.0 13.0 12.0 11.0 10.0 9.0 8.0 7.0 6.0 5.0 4.0 3.0 2.0 1.0 0.0 1.0 2.0 3.0 4.0 5.0 6.0 7.0 8.0 9.0 10.0 11.0 12.0 13.0 14.0 15.0 16.0 17.0 18.0 19.0 20.0 21.0 22.0 23.0 24.0 25.0 26.0 27.0 28.0 29.0 30.0 31.0 32.0 33.0 34.0 35.0 36.0 37.0 38.0 39.0 40.0 41.0 42.0 43.0 44.0 45.0 46.0 47.0 48.0 49.0 50.0 51.0 52.0 53.0 54.0 55.0 56.0 57.0 58.0 59.0 60.0 61.0 62.0 63.0 64.0 63.0 62.0 61.0 60.0 59.0 58.0 57.0 
57.0 56.0 55.0 54.0 53.0 52.0 51.0 50.0 49.0 48.0 47.0 46.0 45.0 44.0 43.0 42.0 41.0 40.0 39.0 38.0 37.0 36.0 35.0 34.0 33.0 32.0 31.0 30.0 29.0 28.0 27.0 26.0 25.0 24.0 23.0 22.0 21.0 20.0 19.0 18.0 17.0 16.0 15.0 14.0 13.0 12.0 11.0 10.0 9.0 8.0 7.0 6.0 5.0 4.0 3.0 2.0 1.0 0.0 1.0 2.0 3.0 4.0 5.0 6.0 7.0 8.0 9.0 10.0 11.0 12.0 13.0 14.0 15.0 16.0 17.0 18.0 19.0 20.0 21.0 22.0 23.0 24.0 25.0 26.0 27.0 28.0 29.0 30.0 31.0 32.0 33.0 34.0 35.0 36.0 37.0 38.0 39.0 40.0 41.0 42.0 43.0 44.0 45.0 46.0 47.0 48.0 49.0 50.0 51.0 52.0 53.0 54.0 55.0 56.0 57.0 58.0 59.0 60.0 61.0 62.0 63.0 64.0 63.0 62.0 61.0 60.0 59.0 58.0 
58.0 57.0 56.0 55.0 54.0 53.0 52.0 51.0 50.0 49.0 48.0 47.0 46.0 45.0 44.0 43.0 42.0 41.0 40.0 39.0 38.0 37.0 36.0 35.0 34.0 33.0 32.0 31.0 30.0 29.0 28.0 27.0 26.0 25.0 24.0 23.0 22.0 21.0 20.0 19.0 18.0 17.0 16.0 15.0 14.0 13.0 12.0 11.0 10.0 9.0 8.0 7.0 6.0 5.0 4.0 3.0 2.0 1.0 0.0 1.0 2.0 3.0 4.0 5.0 6.0 7.0 8.0 9.0 10.0 11.0 12.0 13.0 14.0 15.0 16.0 17.0 18.0 19.0 20.0 21.0 22.0 23.0 24.0 25.0 26.0 27.0 28.0 29.0 30.0 31.0 32.0 33.0 34.0 35.0 36.0 37.0 38.0 39.0 40.0 41.0 42.0 43.0 44.0 45.0 46.0 47.0 48.0 49.0 50.0 51.0 52.0 53.0 54.0 55.0 56.0 57.0 58.0 59.0 60.0 61.0 62.0 63.0 64.0 63.0 62.0 61.0 60.0 59.0 
59.0 58.0 57.0 56.0 55.0 54.0 53.0 52.0 51.0 50.0 49.0 48.0 47.0 46.0 45.0 44.0 43.0 42.0 41.0 40.0 39.0 38.0 37.0 36.0 35.0 34.0 33.0 32.0 31.0 30.0 29.0 28.0 27.0 26.0 25.0 24.0 23.0 22.0 21.0 20.0 19.0 18.0 17.0 16.0 15.0 14.0 13.0 12.0 11.0 10.0 9.0 8.0 7.0 6.0 5.0 4.0 3.0 2.0 1.0 0.0 1.0 2.0 3.0 4.0 5.0 6.0 7.0 8.0 9.0 10.0 11.0 12.0 13.0 14.0 15.0 16.0 17.0 18.0 19.0 20.0 21.0 22.0 23.0 24.0 25.0 26.0 27.0 28.0 29.0 30.0 31.0 32.0 33.0 34.0 35.0 36.0 37.0 38.0 39.0 40.0 41.0 42.0 43.0 44.0 45.0 46.0 47.0 48.0 49.0 50.0 51.0 52.0 53.0 54.0 55.0 56.0 57.0 58.0 59.0 60.0 61.0 62.0 63.0 64.0 63.0 62.0 61.0 60.0 
60.0 59.0 58.0 57.0 56.0 55.0 54.0 53.0 52.0 51.0 50.0 49.0 48.0 47.0 46.0 45.0 44.0 43.0 42.0 41.0 40.0 39.0 38.0 37.0 36.0 35.0 34.0 33.0 32.0 31.0 30.0 29.0 28.0 27.0 26.0 25.0 24.0 23.0 22.0 21.0 20.0 19.0 18.0 17.0 16.0 15.0 14.0 13.0 12.0 11.0 10.0 9.0 8.0 7.0 6.0 5.0 4.0 3.0 2.0 1.0 0.0 1.0 2.0 3.0 4.0 5.0 6.0 7.0 8.0 9.0 10.0 11.0 12.0 13.0 14.0 15.0 16.0 17.0 18.0 19.0 20.0 21.0 22.0 23.0 24.0 25.0 26.0 27.0 28.0 29.0 30.0 31.0 32.0 33.0 34.0 35.0 36.0 37.0 38.0 39.0 40.0 41.0 42.0 43.0 44.0 45.0 46.0 47.0 48.0 49.0 50.0 51.0 52.0 53.0 54.0 55.0 56.0 57.0 58.0 59.0 60.0 61.0 62.0 63.0 64.0 63.0 62.0 61.0 
61.0 60.0 59.0 58.0 57.0 56.0 55.0 54.0 53.0 52.0 51.0 50.0 49.0 48.0 47.0 46.0 45.0 44.0 43.0 42.0 41.0 40.0 39.0 38.0 37.0 36.0 35.0 34.0 33.0 32.0 31.0 30.0 29.0 28.0 27.0 26.0 25.0 24.0 23.0 22.0 21.0 20.0 19.0 18.0 17.0 16.0 15.0 14.0 13.0 12.0 11.0 10.0 9.0 8.0 7.0 6.0 5.0 4.0 3.0 2.0 1.0 0.0 1.0 2.0 3.0 4.0 5.0 6.0 7.0 8.0 9.0 10.0 11.0 12.0 13.0 14.0 15.0 16.0 17.0 18.0 19.0 20.0 21.0 22.0 23.0 24.0 25.0 26.0 27.0 28.0 29.0 30.0 31.0 32.0 33.0 34.0 35.0 36.0 37.0 38.0 39.0 40.0 41.0 42.0 43.0 44.0 45.0 46.0 47.0 48.0 49.0 50.0 51.0 52.0 53.0 54.0 55.0 56.0 57.0 58.0 59.0 60.0 61.0 62.0 63.0 64.0 63.0 62.0 
62.0 61.0 60.0 59.0 58.0 57.0 56.0 55.0 54.0 53.0 52.0 51.0 50.0 49.0 48.0 47.0 46.0 45.0 44.0 43.0 42.0 41.0 40.0 39.0 38.0 37.0 36.0 35.0 34.0 33.0 32.0 31.0 30.0 29.0 28.0 27.0 26.0 25.0 24.0 23.0 22.0 21.0 20.0 19.0 18.0 17.0 16.0 15.0 14.0 13.0 12.0 11.0 10.0 9.0 8.0 7.0 6.0 5.0 4.0 3.0 2.0 1.0 0.0 1.0 2.0 3.0 4.0 5.0 6.0 7.0 8.0 9.0 10.0 11.0 12.0 13.0 14.0 15.0 16.0 17.0 18.0 19.0 20.0 21.0 22.0 23.0 24.0 25.0 26.0 27.0 28.0 29.0 30.0 31.0 32.0 33.0 34.0 35.0 36.0 37.0 38.0 39.0 40.0 41.0 42.0 43.0 44.0 45.0 46.0 47.0 48.0 49.0 50.0 51.0 52.0 53.0 54.0 55.0 56.0 57.0 58.0 59.0 60.0 61.0 62.0 63.0 64.0 63.0 
63.0 62.0 61.0 60.0 59.0 58.0 57.0 56.0 55.0 54.0 53.0 52.0 51.0 50.0 49.0 48.0 47.0 46.0 45.0 44.0 43.0 42.0 41.0 40.0 39.0 38.0 37.0 36.0 35.0 34.0 33.0 32.0 31.0 30.0 29.0 28.0 27.0 26.0 25.0 24.0 23.0 22.0 21.0 20.0 19.0 18.0 17.0 16.0 15.0 14.0 13.0 12.0 11.0 10.0 9.0 8.0 7.0 6.0 5.0 4.0 3.0 2.0 1.0 0.0 1.0 2.0 3.0 4.0 5.0 6.0 7.0 8.0 9.0 10.0 11.0 12.0 13.0 14.0 15.0 16.0 17.0 18.0 19.0 20.0 21.0 22.0 23.0 24.0 25.0 26.0 27.0 28.0 29.0 30.0 31.0 32.0 33.0 34.0 35.0 36.0 37.0 38.0 39.0 40.0 41.0 42.0 43.0 44.0 45.0 46.0 47.0 48.0 49.0 50.0 51.0 52.0 53.0 54.0 55.0 56.0 57.0 58.0 59.0 60.0 61.0 62.0 63.0 64.0 
64.0 63.0 62.0 61.0 60.0 59.0 58.0 57.0 56.0 55.0 54.0 53.0 52.0 51.0 50.0 49.0 48.0 47.0 46.0 45.0 44.0 43.0 42.0 41.0 40.0 39.0 38.0 37.0 36.0 35.0 34.0 33.0 32.0 31.0 30.0 29.0 28.0 27.0 26.0 25.0 24.0 23.0 22.0 21.0 20.0 19.0 18.0 17.0 16.0 15.0 14.0 13.0 12.0 11.0 10.0 9.0 8.0 7.0 6.0 5.0 4.0 3.0 2.0 1.0 0.0 1.0 2.0 3.0 4.0 5.0 6.0 7.0 8.0 9.0 10.0 11.0 12.0 13.0 14.0 15.0 16.0 17.0 18.0 19.0 20.0 21.0 22.0 23.0 24.0 25.0 26.0 27.0 28.0 29.0 30.0 31.0 32.0 33.0 34.0 35.0 36.0 37.0 38.0 39.0 40.0 41.0 42.0 43.0 44.0 45.0 46.0 47.0 48.0 49.0 50.0 51.0 52.0 53.0 54.0 55.0 56.0 57.0 58.0 59.0 60.0 61.0 62.0 63.0 
63.0 64.0 63.0 62.0 61.0 60.0 59.0 58.0 57.0 56.0 55.0 54.0 53.0 52.0 51.0 50.0 49.0 48.0 47.0 46.0 45.0 44.0 43.0 42.0 41.0 40.0 39.0 38.0 37.0 36.0 35.0 34.0 33.0 32.0 31.0 30.0 29.0 28.0 27.0 26.0 25.0 24.0 23.0 22.0 21.0 20.0 19.0 18.0 17.0 16.0 15.0 14.0 13.0 12.0 11.0 10.0 9.0 8.0 7.0 6.0 5.0 4.0 3.0 2.0 1.0 0.0 1.0 2.0 3.0 4.0 5.0 6.0 7.0 8.0 9.0 10.0 11.0 12.0 13.0 14.0 15.0 16.0 17.0 18.0 19.0 20.0 21.0 22.0 23.0 24.0 25.0 26.0 27.0 28.0 29.0 30.0 31.0 32.0 33.0 34.0 35.0 36.0 37.0 38.0 39.0 40.0 41.0 42.0 43.0 44.0 45.0 46.0 47.0 48.0 49.0 50.0 51.0 52.0 53.0 54.0 55.0 56.0 57.0 58.0 59.0 60.0 61.0 62.0 
62.0 63.0 64.0 63.0 62.0 61.0 60.0 59.0 58.0 57.0 56.0 55.0 54.0 53.0 52.0 51.0 50.0 49.0 48.0 47.0 46.0 45.0 44.0 43.0 42.0 41.0 40.0 39.0 38.0 37.0 36.0 35.0 34.0 33.0 32.0 31.0 30.0 29.0 28.0 27.0 26.0 25.0 24.0 23.0 22.0 21.0 20.0 19.0 18.0 17.0 16.0 15.0 14.0 13.0 12.0 11.0 10.0 9.0 8.0 7.0 6.0 5.0 4.0 3.0 2.0 1.0 0.0 1.0 2.0 3.0 4.0 5.0 6.0 7.0 8.0 9.0 10.0 11.0 12.0 13.0 14.0 15.0 16.0 17.0 18.0 19.0 20.0 21.0 22.0 23.0 24.0 25.0 26.0 27.0 28.0 29.0 30.0 31.0 32.0 33.0 34.0 35.0 36.0 37.0 38.0 39.0 40.0 41.0 42.0 43.0 44.0 45.0 46.0 47.0 48.0 49.0 50.0 51.0 52.0 53.0 54.0 55.0 56.0 57.0 58.0 59.0 60.0 61.0 
61.0 62.0 63.0 64.0 63.0 62.0 61.0 60.0 59.0 58.0 57.0 56.0 55.0 54.0 53.0 52.0 51.0 50.0 49.0 48.0 47.0 46.0 45.0 44.0 43.0 42.0 41.0 40.0 39.0 38.0 37.0 36.0 35.0 34.0 33.0 32.0 31.0 30.0 29.0 28.0 27.0 26.0 25.0 24.0 23.0 22.0 21.0 20.0 19.0 18.0 17.0 16.0 15.0 14.0 13.0 12.0 11.0 10.0 9.0 8.0 7.0 6.0 5.0 4.0 3.0 2.0 1.0 0.0 1.0 2.0 3.0 4.0 5.0 6.0 7.0 8.0 9.0 10.0 11.0 12.0 13.0 14.0 15.0 16.0 17.0 18.0 19.0 20.0 21.0 22.0 23.0 24.0 25.0 26.0 27.0 28.0 29.0 30.0 31.0 32.0 33.0 34.0 35.0 36.0 37.0 38.0 39.0 40.0 41.0 42.0 43.0 44.0 45.0 46.0 47.0 48.0 49.0 50.0 51.0 52.0 53.0 54.0 55.0 56.0 57.0 58.0 59.0 60.0 
60.0 61.0 62.0 63.0 64.0 63.0 62.0 61.0 60.0 59.0 58.0 57.0 56.0 55.0 54.0 53.0 52.0 51.0 50.0 49.0 48.0 47.0 46.0 45.0 44.0 43.0 42.0 41.0 40.0 39.0 38.0 37.0 36.0 35.0 34.0 33.0 32.0 31.0 30.0 29.0 28.0 27.0 26.0 25.0 24.0 23.0 22.0 21.0 20.0 19.0 18.0 17.0 16.0 15.0 14.0 13.0 12.0 11.0 10.0 9.0 8.0 7.0 6.0 5.0 4.0 3.0 2.0 1.0 0.0 1.0 2.0 3.0 4.0 5.0 6.0 7.0 8.0 9.0 10.0 11.0 12.0 13.0 14.0 15.0 16.0 17.0 18.0 19.0 20.0 21.0 22.0 23.0 24.0 25.0 26.0 27.0 28.0 29.0 30.0 31.0 32.0 33.0 34.0 35.0 36.0 37.0 38.0 39.0 40.0 41.0 42.0 43.0 44.0 45.0 46.0 47.0 48.0 49.0 50.0 51.0 52.0 53.0 54.0 55.0 56.0 57.0 58.0 59.0 
59.0 60.0 61.0 62.0 63.0 64.0 63.0 62.0 61.0 60.0 59.0 58.0 57.0 56.0 55.0 54.0 53.0 52.0 51.0 50.0 49.0 48.0 47.0 46.0 45.0 44.0 43.0 42.0 41.0 40.0 39.0 38.0 37.0 36.0 35.0 34.0 33.0 32.0 31.0 30.0 29.0 28.0 27.0 26.0 25.0 24.0 23.0 22.0 21.0 20.0 19.0 18.0 17.0 16.0 15.0 14.0 13.0 12.0 11.0 10.0 9.0 8.0 7.0 6.0 5.0 4.0 3.0 2.0 1.0 0.0 1.0 2.0 3.0 4.0 5.0 6.0 7.0 8.0 9.0 10.0 11.0 12.0 13.0 14.0 15.0 16.0 17.0 18.0 19.0 20.0 21.0 22.0 23.0 24.0 25.0 26.0 27.0 28.0 29.0 30.0 31.0 32.0 33.0 34.0 35.0 36.0 37.0 38.0 39.0 40.0 41.0 42.0 43.0 44.0 45.0 46.0 47.0 48.0 49.0 50.0 51.0 52.0 53.0 54.0 55.0 56.0 57.0 58.0 
58.0 59.0 60.0 61.0 62.0 63.0 64.0 63.0 62.0 61.0 60.0 59.0 58.0 57.0 56.0 55.0 54.0 53.0 52.0 51.0 50.0 49.0 48.0 47.0 46.0 45.0 44.0 43.0 42.0 41.0 40.0 39.0 38.0 37.0 36.0 35.0 34.0 33.0 32.0 31.0 30.0 29.0 28.0 27.0 26.0 25.0 24.0 23.0 22.0 21.0 20.0 19.0 18.0 17.0 16.0 15.0 14.0 13.0 12.0 11.0 10.0 9.0 8.0 7.0 6.0 5.0 4.0 3.0 2.0 1.0 0.0 1.0 2.0 3.0 4.0 5.0 6.0 7.0 8.0 9.0 10.0 11.0 12.0 13.0 14.0 15.0 16.0 17.0 18.0 19.0 20.0 21.0 22.0 23.0 24.0 25.0 26.0 27.0 28.0 29.0 30.0 31.0 32.0 33.0 34.0 35.0 36.0 37.0 38.0 39.0 40.0 41.0 42.0 43.0 44.0 45.0 46.0 47.0 48.0 49.0 50.0 51.0 52.0 53.0 54.0 55.0 56.0 57.0 
57.0 58.0 59.0 60.0 61.0 62.0 63.0 64.0 63.0 62.0 61.0 60.0 59.0 58.0 57.0 56.0 55.0 54.0 53.0 52.0 51.0 50.0 49.0 48.0 47.0 46.0 45.0 44.0 43.0 42.0 41.0 40.0 39.0 38.0 37.0 36.0 35.0 34.0 33.0 32.0 31.0 30.0 29.0 28.0 27.0 26.0 25.0 24.0 23.0 22.0 21.0 20.0 19.0 18.0 17.0 16.0 15.0 14.0 13.0 12.0 11.0 10.0 9.0 8.0 7.0 6.0 5.0 4.0 3.0 2.0 1.0 0.0 1.0 2.0 3.0 4.0 5.0 6.0 7.0 8.0 9.0 10.0 11.0 12.0 13.0 14.0 15.0 16.0 17.0 18.0 19.0 20.0 21.0 22.0 23.0 24.0 25.0 26.0 27.0 28.0 29.0 30.0 31.0 32.0 33.0 34.0 35.0 36.0 37.0 38.0 39.0 40.0 41.0 42.0 43.0 44.0 45.0 46.0 47.0 48.0 49.0 50.0 51.0 52.0 53.0 54.0 55.0 56.0 
56.0 57.0 58.0 59.0 60.0 61.0 62.0 63.0 64.0 63.0 62.0 61.0 60.0 59.0 58.0 57.0 56.0 55.0 54.0 53.0 52.0 51.0 50.0 49.0 48.0 47.0 46.0 45.0 44.0 43.0 42.0 41.0 40.0 39.0 38.0 37.0 36.0 35.0 34.0 33.0 32.0 31.0 30.0 29.0 28.0 27.0 26.0 25.0 24.0 23.0 22.0 21.0 20.0 19.0 18.0 17.0 16.0 15.0 14.0 13.0 12.0 11.0 10.0 9.0 8.0 7.0 6.0 5.0 4.0 3.0 2.0 1.0 0.0 1.0 2.0 3.0 4.0 5.0 6.0 7.0 8.0 9.0 10.0 11.0 12.0 13.0 14.0 15.0 16.0 17.0 18.0 19.0 20.0 21.0 22.0 23.0 24.0 25.0 26.0 27.0 28.0 29.0 30.0 31.0 32.0 33.0 34.0 35.0 36.0 37.0 38.0 39.0 40.0 41.0 42.0 43.0 44.0 45.0 46.0 47.0 48.0 49.0 50.0 51.0 52.0 53.0 54.0 55.0 
55.0 56.0 57.0 58.0 59.0 60.0 61.0 62.0 63.0 64.0 63.0 62.0 61.0 60.0 59.0 58.0 57.0 56.0 55.0 54.0 53.0 52.0 51.0 50.0 49.0 48.0 47.0 46.0 45.0 44.0 43.0 42.0 41.0 40.0 39.0 38.0 37.0 36.0 35.0 34.0 33.0 32.0 31.0 30.0 29.0 28.0 27.0 26.0 25.0 24.0 23.0 22.0 21.0 20.0 19.0 18.0 17.0 16.0 15.0 14.0 13.0 12.0 11.0 10.0 9.0 8.0 7.0 6.0 5.0 4.0 3.0 2.0 1.0 0.0 1.0 2.0 3.0 4.0 5.0 6.0 7.0 8.0 9.0 10.0 11.0 12.0 13.0 14.0 15.0 16.0 17.0 18.0 19.0 20.0 21.0 22.0 23.0 24.0 25.0 26.0 27.0 28.0 29.0 30.0 31.0 32.0 33.0 34.0 35.0 36.0 37.0 38.0 39.0 40.0 41.0 42.0 43.0 44.0 45.0 46.0 47.0 48.0 49.0 50.0 51.0 52.0 53.0 54.0 
54.0 55.0 56.0 57.0 58.0 59.0 60.0 61.0 62.0 63.0 64.0 63.0 62.0 61.0 60.0 59.0 58.0 57.0 56.0 55.0 54.0 53.0 52.0 51.0 50.0 49.0 48.0 47.0 46.0 45.0 44.0 43.0 42.0 41.0 40.0 39.0 38.0 37.0 36.0 35.0 34.0 33.0 32.0 31.0 30.0 29.0 28.0 27.0 26.0 25.0 24.0 23.0 22.0 21.0 20.0 19.0 18.0 17.0 16.0 15.0 14.0 13.0 12.0 11.0 10.0 9.0 8.0 7.0 6.0 5.0 4.0 3.0 2.0 1.0 0.0 1.0 2.0 3.0 4.0 5.0 6.0 7.0 8.0 9.0 10.0 11.0 12.0 13.0 14.0 15.0 16.0 17.0 18.0 19.0 20.0 21.0 22.0 23.0 24.0 25.0 26.0 27.0 28.0 29.0 30.0 31.0 32.0 33.0 34.0 35.0 36.0 37.0 38.0 39.0 40.0 41.0 42.0 43.0 44.0 45.0 46.0 47.0 48.0 49.0 50.0 51.0 52.0 53.0 
53.0 54.0 55.0 56.0 57.0 58.0 59.0 60.0 61.0 62.0 63.0 64.0 63.0 62.0 61.0 60.0 59.0 58.0 57.0 56.0 55.0 54.0 53.0 52.0 51.0 50.0 49.0 48.0 47.0 46.0 45.0 44.0 43.0 42.0 41.0 40.0 39.0 38.0 37.0 36.0 35.0 34.0 33.0 32.0 31.0 30.0 29.0 28.0 27.0 26.0 25.0 24.0 23.0 22.0 21.0 20.0 19.0 18.0 17.0 16.0 15.0 14.0 13.0 12.0 11.0 10.0 9.0 8.0 7.0 6.0 5.0 4.0 3.0 2.0 1.0 0.0 1.0 2.0 3.0 4.0 5.0 6.0 7.0 8.0 9.0 10.0 11.0 12.0 13.0 14.0 15.0 16.0 17.0 18.0 19.0 20.0 21.0 22.0 23.0 24.0 25.0 26.0 27.0 28.0 29.0 30.0 31.0 32.0 33.0 34.0 35.0 36.0 37.0 38.0 39.0 40.0 41.0 42.0 43.0 44.0 45.0 46.0 47.0 48.0 49.0 50.0 51.0 52.0 
52.0 53.0 54.0 55.0 56.0 57.0 58.0 59.0 60.0 61.0 62.0 63.0 64.0 63.0 62.0 61.0 60.0 59.0 58.0 57.0 56.0 55.0 54.0 53.0 52.0 51.0 50.0 49.0 48.0 47.0 46.0 45.0 44.0 43.0 42.0 41.0 40.0 39.0 38.0 37.0 36.0 35.0 34.0 33.0 32.0 31.0 30.0 29.0 28.0 27.0 26.0 25.0 24.0 23.0 22.0 21.0 20.0 19.0 18.0 17.0 16.0 15.0 14.0 13.0 12.0 11.0 10.0 9.0 8.0 7.0 6.0 5.0 4.0 3.0 2.0 1.0 0.0 1.0 2.0 3.0 4.0 5.0 6.0 7.0 8.0 9.0 10.0 11.0 12.0 13.0 14.0 15.0 16.0 17.0 18.0 19.0 20.0 21.0 22.0 23.0 24.0 25.0 26.0 27.0 28.0 29.0 30.0 31.0 32.0 33.0 34.0 35.0 36.0 37.0 38.0 39.0 40.0 41.0 42.0 43.0 44.0 45.0 46.0 47.0 48.0 49.0 50.0 51.0 
51.0 52.0 53.0 54.0 55.0 56.0 57.0 58.0 59.0 60.0 61.0 62.0 63.0 64.0 63.0 62.0 61.0 60.0 59.0 58.0 57.0 56.0 55.0 54.0 53.0 52.0 51.0 50.0 49.0 48.0 47.0 46.0 45.0 44.0 43.0 42.0 41.0 40.0 39.0 38.0 37.0 36.0 35.0 34.0 33.0 32.0 31.0 30.0 29.0 28.0 27.0 26.0 25.0 24.0 23.0 22.0 21.0 20.0 19.0 18.0 17.0 16.0 15.0 14.0 13.0 12.0 11.0 10.0 9.0 8.0 7.0 6.0 5.0 4.0 3.0 2.0 1.0 0.0 1.0 2.0 3.0 4.0 5.0 6.0 7.0 8.0 9.0 10.0 11.0 12.0 13.0 14.0 15.0 16.0 17.0 18.0 19.0 20.0 21.0 22.0 23.0 24.0 25.0 26.0 27.0 28.0 29.0 30.0 31.0 32.0 33.0 34.0 35.0 36.0 37.0 38.0 39.0 40.0 41.0 42.0 43.0 44.0 45.0 46.0 47.0 48.0 49.0 50.0 
50.0 51.0 52.0 53.0 54.0 55.0 56.0 57.0 58.0 59.0 60.0 61.0 62.0 63.0 64.0 63.0 62.0 61.0 60.0 59.0 58.0 57.0 56.0 55.0 54.0 53.0 52.0 51.0 50.0 49.0 48.0 47.0 46.0 45.0 44.0 43.0 42.0 41.0 40.0 39.0 38.0 37.0 36.0 35.0 34.0 33.0 32.0 31.0 30.0 29.0 28.0 27.0 26.0 25.0 24.0 23.0 22.0 21.0 20.0 19.0 18.0 17.0 16.0 15.0 14.0 13.0 12.0 11.0 10.0 9.0 8.0 7.0 6.0 5.0 4.0 3.0 2.0 1.0 0.0 1.0 2.0 3.0 4.0 5.0 6.0 7.0 8.0 9.0 10.0 11.0 12.0 13.0 14.0 15.0 16.0 17.0 18.0 19.0 20.0 21.0 22.0 23.0 24.0 25.0 26.0 27.0 28.0 29.0 30.0 31.0 32.0 33.0 34.0 35.0 36.0 37.0 38.0 39.0 40.0 41.0 42.0 43.0 44.0 45.0 46.0 47.0 48.0 49.0 
49.0 50.0 51.0 52.0 53.0 54.0 55.0 56.0 57.0 58.0 59.0 60.0 61.0 62.0 63.0 64.0 63.0 62.0 61.0 60.0 59.0 58.0 57.0 56.0 55.0 54.0 53.0 52.0 51.0 50.0 49.0 48.0 47.0 46.0 45.0 44.0 43.0 42.0 41.0 40.0 39.0 38.0 37.0 36.0 35.0 34.0 33.0 32.0 31.0 30.0 29.0 28.0 27.0 26.0 25.0 24.0 23.0 22.0 21.0 20.0 19.0 18.0 17.0 16.0 15.0 14.0 13.0 12.0 11.0 10.0 9.0 8.0 7.0 6.0 5.0 4.0 3.0 2.0 1.0 0.0 1.0 2.0 3.0 4.0 5.0 6.0 7.0 8.0 9.0 10.0 11.0 12.0 13.0 14.0 15.0 16.0 17.0 18.0 19.0 20.0 21.0 22.0 23.0 24.0 25.0 26.0 27.0 28.0 29.0 30.0 31.0 32.0 33.0 34.0 35.0 36.0 37.0 38.0 39.0 40.0 41.0 42.0 43.0 44.0 45.0 46.0 47.0 48.0 
48.0 49.0 50.0 51.0 52.0 53.0 54.0 55.0 56.0 57.0 58.0 59.0 60.0 61.0 62.0 63.0 64.0 63.0 62.0 61.0 60.0 59.0 58.0 57.0 56.0 55.0 54.0 53.0 52.0 51.0 50.0 49.0 48.0 47.0 46.0 45.0 44.0 43.0 42.0 41.0 40.0 39.0 38.0 37.0 36.0 35.0 34.0 33.0 32.0 31.0 30.0 29.0 28.0 27.0 26.0 25.0 24.0 23.0 22.0 21.0 20.0 19.0 18.0 17.0 16.0 15.0 14.0 13.0 12.0 11.0 10.0 9.0 8.0 7.0 6.0 5.0 4.0 3.0 2.0 1.0 0.0 1.0 2.0 3.0 4.0 5.0 6.0 7.0 8.0 9.0 10.0 11.0 12.0 13.0 14.0 15.0 16.0 17.0 18.0 19.0 20.0 21.0 22.0 23.0 24.0 25.0 26.0 27.0 28.0 29.0 30.0 31.0 32.0 33.0 34.0 35.0 36.0 37.0 38.0 39.0 40.0 41.0 42.0 43.0 44.0 45.0 46.0 47.0 
47.0 48.0 49.0 50.0 51.0 52.0 53.0 54.0 55.0 56.0 57.0 58.0 59.0 60.0 61.0 62.0 63.0 64.0 63.0 62.0 61.0 60.0 59.0 58.0 57.0 56.0 55.0 54.0 53.0 52.0 51.0 50.0 49.0 48.0 47.0 46.0 45.0 44.0 43.0 42.0 41.0 40.0 39.0 38.0 37.0 36.0 35.0 34.0 33.0 32.0 31.0 30.0 29.0 28.0 27.0 26.0 25.0 24.0 23.0 22.0 21.0 20.0 19.0 18.0 17.0 16.0 15.0 14.0 13.0 12.0 11.0 10.0 9.0 8.0 7.0 6.0 5.0 4.0 3.0 2.0 1.0 0.0 1.0 2.0 3.0 4.0 5.0 6.0 7.0 8.0 9.0 10.0 11.0 12.0 13.0 14.0 15.0 16.0 17.0 18.0 19.0 20.0 21.0 22.0 23.0 24.0 25.0 26.0 27.0 28.0 29.0 30.0 31.0 32.0 33.0 34.0 35.0 36.0 37.0 38.0 39.0 40.0 41.0 42.0 43.0 44.0 45.0 46.0 
46.0 47.0 48.0 49.0 50.0 51.0 52.0 53.0 54.0 55.0 56.0 57.0 58.0 59.0 60.0 61.0 62.0 63.0 64.0 63.0 62.0 61.0 60.0 59.0 58.0 57.0 56.0 55.0 54.0 53.0 52.0 51.0 50.0 49.0 48.0 47.0 46.0 45.0 44.0 43.0 42.0 41.0 40.0 39.0 38.0 37.0 36.0 35.0 34.0 33.0 32.0 31.0 30.0 29.0 28.0 27.0 26.0 25.0 24.0 23.0 22.0 21.0 20.0 19.0 18.0 17.0 16.0 15.0 14.0 13.0 12.0 11.0 10.0 9.0 8.0 7.0 6.0 5.0 4.0 3.0 2.0 1.0 0.0 1.0 2.0 3.0 4.0 5.0 6.0 7.0 8.0 9.0 10.0 11.0 12.0 13.0 14.0 15.0 16.0 17.0 18.0 19.0 20.0 21.0 22.0 23.0 24.0 25.0 26.0 27.0 28.0 29.0 30.0 31.0 32.0 33.0 34.0 35.0 36.0 37.0 38.0 39.0 40.0 41.0 42.0 43.0 44.0 45.0 
45.0 46.0 47.0 48.0 49.0 50.0 51.0 52.0 53.0 54.0 55.0 56.0 57.0 58.0 59.0 60.0 61.0 62.0 63.0 64.0 63.0 62.0 61.0 60.0 59.0 58.0 57.0 56.0 55.0 54.0 53.0 52.0 51.0 50.0 49.0 48.0 47.0 46.0 45.0 44.0 43.0 42.0 41.0 40.0 39.0 38.0 37.0 36.0 35.0 34.0 33.0 32.0 31.0 30.0 29.0 28.0 27.0 26.0 25.0 24.0 23.0 22.0 21.0 20.0 19.0 18.0 17.0 16.0 15.0 14.0 13.0 12.0 11.0 10.0 9.0 8.0 7.0 6.0 5.0 4.0 3.0 2.0 1.0 0.0 1.0 2.0 3.0 4.0 5.0 6.0 7.0 8.0 9.0 10.0 11.0 12.0 13.0 14.0 15.0 16.0 17.0 18.0 19.0 20.0 21.0 22.0 23.0 24.0 25.0 26.0 27.0 28.0 29.0 30.0 31.0 32.0 33.0 34.0 35.0 36.0 37.0 38.0 39.0 40.0 41.0 42.0 43.0 44.0 
44.0 45.0 46.0 47.0 48.0 49.0 50.0 51.0 52.0 53.0 54.0 55.0 56.0 57.0 58.0 59.0 60.0 61.0 62.0 63.0 64.0 63.0 62.0 61.0 60.0 59.0 58.0 57.0 56.0 55.0 54.0 53.0 52.0 51.0 50.0 49.0 48.0 47.0 46.0 45.0 44.0 43.0 42.0 41.0 40.0 39.0 38.0 37.0 36.0 35.0 34.0 33.0 32.0 31.0 30.0 29.0 28.0 27.0 26.0 25.0 24.0 23.0 22.0 21.0 20.0 19.0 18.0 17.0 16.0 15.0 14.0 13.0 12.0 11.0 10.0 9.0 8.0 7.0 6.0 5.0 4.0 3.0 2.0 1.0 0.0 1.0 2.0 3.0 4.0 5.0 6.0 7.0 8.0 9.0 10.0 11.0 12.0 13.0 14.0 15.0 16.0 17.0 18.0 19.0 20.0 21.0 22.0 23.0 24.0 25.0 26.0 27.0 28.0 29.0 30.0 31.0 32.0 33.0 34.0 35.0 36.0 37.0 38.0 39.0 40.0 41.0 42.0 43.0 
43.0 44.0 45.0 46.0 47.0 48.0 49.0 50.0 51.0 52.0 53.0 54.0 55.0 56.0 57.0 58.0 59.0 60.0 61.0 62.0 63.0 64.0 63.0 62.0 61.0 60.0 59.0 58.0 57.0 56.0 55.0 54.0 53.0 52.0 51.0 50.0 49.0 48.0 47.0 46.0 45.0 44.0 43.0 42.0 41.0 40.0 39.0 38.0 37.0 36.0 35.0 34.0 33.0 32.0 31.0 30.0 29.0 28.0 27.0 26.0 25.0 24.0 23.0 22.0 21.0 20.0 19.0 18.0 17.0 16.0 15.0 14.0 13.0 12.0 11.0 10.0 9.0 8.0 7.0 6.0 5.0 4.0 3.0 2.0 1.0 0.0 1.0 2.0 3.0 4.0 5.0 6.0 7.0 8.0 9.0 10.0 11.0 12.0 13.0 14.0 15.0 16.0 17.0 18.0 19.0 20.0 21.0 22.0 23.0 24.0 25.0 26.0 27.0 28.0 29.0 30.0 31.0 32.0 33.0 34.0 35.0 36.0 37.0 38.0 39.0 40.0 41.0 42.0 
42.0 43.0 44.0 45.0 46.0 47.0 48.0 49.0 50.0 51.0 52.0 53.0 54.0 55.0 56.0 57.0 58.0 59.0 60.0 61.0 62.0 63.0 64.0 63.0 62.0 61.0 60.0 59.0 58.0 57.0 56.0 55.0 54.0 53.0 52.0 51.0 50.0 49.0 48.0 47.0 46.0 45.0 44.0 43.0 42.0 41.0 40.0 39.0 38.0 37.0 36.0 35.0 34.0 33.0 32.0 31.0 30.0 29.0 28.0 27.0 26.0 25.0 24.0 23.0 22.0 21.0 20.0 19.0 18.0 17.0 16.0 15.0 14.0 13.0 12.0 11.0 10.0 9.0 8.0 7.0 6.0 5.0 4.0 3.0 2.0 1.0 0.0 1.0 2.0 3.0 4.0 5.0 6.0 7.0 8.0 9.0 10.0 11.0 12.0 13.0 14.0 15.0 16.0 17.0 18.0 19.0 20.0 21.0 22.0 23.0 24.0 25.0 26.0 27.0 28.0 29.0 30.0 31.0 32.0 33.0 34.0 35.0 36.0 37.0 38.0 39.0 40.0 41.0 
41.0 42.0 43.0 44.0 45.0 46.0 47.0 48.0 49.0 50.0 51.0 52.0 53.0 54.0 55.0 56.0 57.0 58.0 59.0 60.0 61.0 62.0 63.0 64.0 63.0 62.0 61.0 60.0 59.0 58.0 57.0 56.0 55.0 54.0 53.0 52.0 51.0 50.0 49.0 48.0 47.0 46.0 45.0 44.0 43.0 42.0 41.0 40.0 39.0 38.0 37.0 36.0 35.0 34.0 33.0 32.0 31.0 30.0 29.0 28.0 27.0 26.0 25.0 24.0 23.0 22.0 21.0 20.0 19.0 18.0 17.0 16.0 15.0 14.0 13.0 12.0 11.0 10.0 9.0 8.0 7.0 6.0 5.0 4.0 3.0 2.0 1.0 0.0 1.0 2.0 3.0 4.0 5.0 6.0 7.0 8.0 9.0 10.0 11.0 12.0 13.0 14.0 15.0 16.0 17.0 18.0 19.0 20.0 21.0 22.0 23.0 24.0 25.0 26.0 27.0 28.0 29.0 30.0 31.0 32.0 33.0 34.0 35.0 36.0 37.0 38.0 39.0 40.0 
40.0 41.0 42.0 43.0 44.0 45.0 46.0 47.0 48.0 49.0 50.0 51.0 52.0 53.0 54.0 55.0 56.0 57.0 58.0 59.0 60.0 61.0 62.0 63.0 64.0 63.0 62.0 61.0 60.0 59.0 58.0 57.0 56.0 55.0 54.0 53.0 52.0 51.0 50.0 49.0 48.0 47.0 46.0 45.0 44.0 43.0 42.0 41.0 40.0 39.0 38.0 37.0 36.0 35.0 34.0 33.0 32.0 31.0 30.0 29.0 28.0 27.0 26.0 25.0 24.0 23.0 22.0 21.0 20.0 19.0 18.0 17.0 16.0 15.0 14.0 13.0 12.0 11.0 10.0 9.0 8.0 7.0 6.0 5.0 4.0 3.0 2.0 1.0 0.0 1.0 2.0 3.0 4.0 5.0 6.0 7.0 8.0 9.0 10.0 11.0 12.0 13.0 14.0 15.0 16.0 17.0 18.0 19.0 20.0 21.0 22.0 23.0 24.0 25.0 26.0 27.0 28.0 29.0 30.0 31.0 32.0 33.0 34.0 35.0 36.0 37.0 38.0 39.0 
39.0 40.0 41.0 42.0 43.0 44.0 45.0 46.0 47.0 48.0 49.0 50.0 51.0 52.0 53.0 54.0 55.0 56.0 57.0 58.0 59.0 60.0 61.0 62.0 63.0 64.0 63.0 62.0 61.0 60.0 59.0 58.0 57.0 56.0 55.0 54.0 53.0 52.0 51.0 50.0 49.0 48.0 47.0 46.0 45.0 44.0 43.0 42.0 41.0 40.0 39.0 38.0 37.0 36.0 35.0 34.0 33.0 32.0 31.0 30.0 29.0 28.0 27.0 26.0 25.0 24.0 23.0 22.0 21.0 20.0 19.0 18.0 17.0 16.0 15.0 14.0 13.0 12.0 11.0 10.0 9.0 8.0 7.0 6.0 5.0 4.0 3.0 2.0 1.0 0.0 1.0 2.0 3.0 4.0 5.0 6.0 7.0 8.0 9.0 10.0 11.0 12.0 13.0 14.0 15.0 16.0 17.0 18.0 19.0 20.0 21.0 22.0 23.0 24.0 25.0 26.0 27.0 28.0 29.0 30.0 31.0 32.0 33.0 34.0 35.0 36.0 37.0 38.0 
38.0 39.0 40.0 41.0 42.0 43.0 44.0 45.0 46.0 47.0 48.0 49.0 50.0 51.0 52.0 53.0 54.0 55.0 56.0 57.0 58.0 59.0 60.0 61.0 62.0 63.0 64.0 63.0 62.0 61.0 60.0 59.0 58.0 57.0 56.0 55.0 54.0 53.0 52.0 51.0 50.0 49.0 48.0 47.0 46.0 45.0 44.0 43.0 42.0 41.0 40.0 39.0 38.0 37.0 36.0 35.0 34.0 33.0 32.0 31.0 30.0 29.0 28.0 27.0 26.0 25.0 24.0 23.0 22.0 21.0 20.0 19.0 18.0 17.0 16.0 15.0 14.0 13.0 12.0 11.0 10.0 9.0 8.0 7.0 6.0 5.0 4.0 3.0 2.0 1.0 0.0 1.0 2.0 3.0 4.0 5.0 6.0 7.0 8.0 9.0 10.0 11.0 12.0 13.0 14.0 15.0 16.0 17.0 18.0 19.0 20.0 21.0 22.0 23.0 24.0 25.0 26.0 27.0 28.0 29.0 30.0 31.0 32.0 33.0 34.0 35.0 36.0 37.0 
37.0 38.0 39.0 40.0 41.0 42.0 43.0 44.0 45.0 46.0 47.0 48.0 49.0 50.0 51.0 52.0 53.0 54.0 55.0 56.0 57.0 58.0 59.0 60.0 61.0 62.0 63.0 64.0 63.0 62.0 61.0 60.0 59.0 58.0 57.0 56.0 55.0 54.0 53.0 52.0 51.0 50.0 49.0 48.0 47.0 46.0 45.0 44.0 43.0 42.0 41.0 40.0 39.0 38.0 37.0 36.0 35.0 34.0 33.0 32.0 31.0 30.0 29.0 28.0 27.0 26.0 25.0 24.0 23.0 22.0 21.0 20.0 19.0 18.0 17.0 16.0 15.0 14.0 13.0 12.0 11.0 10.0 9.0 8.0 7.0 6.0 5.0 4.0 3.0 2.0 1.0 0.0 1.0 2.0 3.0 4.0 5.0 6.0 7.0 8.0 9.0 10.0 11.0 12.0 13.0 14.0 15.0 16.0 17.0 18.0 19.0 20.0 21.0 22.0 23.0 24.0 25.0 26.0 27.0 28.0 29.0 30.0 31.0 32.0 33.0 34.0 35.0 36.0 
36.0 37.0 38.0 39.0 40.0 41.0 42.0 43.0 44.0 45.0 46.0 47.0 48.0 49.0 50.0 51.0 52.0 53.0 54.0 55.0 56.0 57.0 58.0 59.0 60.0 61.0 62.0 63.0 64.0 63.0 62.0 61.0 60.0 59.0 58.0 57.0 56.0 55.0 54.0 53.0 52.0 51.0 50.0 49.0 48.0 47.0 46.0 45.0 44.0 43.0 42.0 41.0 40.0 39.0 38.0 37.0 36.0 35.0 34.0 33.0 32.0 31.0 30.0 29.0 28.0 27.0 26.0 25.0 24.0 23.0 22.0 21.0 20.0 19.0 18.0 17.0 16.0 15.0 14.0 13.0 12.0 11.0 10.0 9.0 8.0 7.0 6.0 5.0 4.0 3.0 2.0 1.0 0.0 1.0 2.0 3.0 4.0 5.0 6.0 7.0 8.0 9.0 10.0 11.0 12.0 13.0 14.0 15.0 16.0 17.0 18.0 19.0 20.0 21.0 22.0 23.0 24.0 25.0 26.0 27.0 28.0 29.0 30.0 31.0 32.0 33.0 34.0 35.0 
35.0 36.0 37.0 38.0 39.0 40.0 41.0 42.0 43.0 44.0 45.0 46.0 47.0 48.0 49.0 50.0 51.0 52.0 53.0 54.0 55.0 56.0 57.0 58.0 59.0 60.0 61.0 62.0 63.0 64.0 63.0 62.0 61.0 60.0 59.0 58.0 57.0 56.0 55.0 54.0 53.0 52.0 51.0 50.0 49.0 48.0 47.0 46.0 45.0 44.0 43.0 42.0 41.0 40.0 39.0 38.0 37.0 36.0 35.0 34.0 33.0 32.0 31.0 30.0 29.0 28.0 27.0 26.0 25.0 24.0 23.0 22.0 21.0 20.0 19.0 18.0 17.0 16.0 15.0 14.0 13.0 12.0 11.0 10.0 9.0 8.0 7.0 6.0 5.0 4.0 3.0 2.0 1.0 0.0 1.0 2.0 3.0 4.0 5.0 6.0 7.0 8.0 9.0 10.0 11.0 12.0 13.0 14.0 15.0 16.0 17.0 18.0 19.0 20.0 21.0 22.0 23.0 24.0 25.0 26.0 27.0 28.0 29.0 30.0 31.0 32.0 33.0 34.0 
34.0 35.0 36.0 37.0 38.0 39.0 40.0 41.0 42.0 43.0 44.0 45.0 46.0 47.0 48.0 49.0 50.0 51.0 52.0 53.0 54.0 55.0 56.0 57.0 58.0 59.0 60.0 61.0 62.0 63.0 64.0 63.0 62.0 61.0 60.0 59.0 58.0 57.0 56.0 55.0 54.0 53.0 52.0 51.0 50.0 49.0 48.0 47.0 46.0 45.0 44.0 43.0 42.0 41.0 40.0 39.0 38.0 37.0 36.0 35.0 34.0 33.0 32.0 31.0 30.0 29.0 28.0 27.0 26.0 25.0 24.0 23.0 22.0 21.0 20.0 19.0 18.0 17.0 16.0 15.0 14.0 13.0 12.0 11.0 10.0 9.0 8.0 7.0 6.0 5.0 4.0 3.0 2.0 1.0 0.0 1.0 2.0 3.0 4.0 5.0 6.0 7.0 8.0 9.0 10.0 11.0 12.0 13.0 14.0 15.0 16.0 17.0 18.0 19.0 20.0 21.0 22.0 23.0 24.0 25.0 26.0 27.0 28.0 29.0 30.0 31.0 32.0 33.0 
33.0 34.0 35.0 36.0 37.0 38.0 39.0 40.0 41.0 42.0 43.0 44.0 45.0 46.0 47.0 48.0 49.0 50.0 51.0 52.0 53.0 54.0 55.0 56.0 57.0 58.0 59.0 60.0 61.0 62.0 63.0 64.0 63.0 62.0 61.0 60.0 59.0 58.0 57.0 56.0 55.0 54.0 53.0 52.0 51.0 50.0 49.0 48.0 47.0 46.0 45.0 44.0 43.0 42.0 41.0 40.0 39.0 38.0 37.0 36.0 35.0 34.0 33.0 32.0 31.0 30.0 29.0 28.0 27.0 26.0 25.0 24.0 23.0 22.0 21.0 20.0 19.0 18.0 17.0 16.0 15.0 14.0 13.0 12.0 11.0 10.0 9.0 8.0 7.0 6.0 5.0 4.0 3.0 2.0 1.0 0.0 1.0 2.0 3.0 4.0 5.0 6.0 7.0 8.0 9.0 10.0 11.0 12.0 13.0 14.0 15.0 16.0 17.0 18.0 19.0 20.0 21.0 22.0 23.0 24.0 25.0 26.0 27.0 28.0 29.0 30.0 31.0 32.0 
32.0 33.0 34.0 35.0 36.0 37.0 38.0 39.0 40.0 41.0 42.0 43.0 44.0 45.0 46.0 47.0 48.0 49.0 50.0 51.0 52.0 53.0 54.0 55.0 56.0 57.0 58.0 59.0 60.0 61.0 62.0 63.0 64.0 63.0 62.0 61.0 60.0 59.0 58.0 57.0 56.0 55.0 54.0 53.0 52.0 51.0 50.0 49.0 48.0 47.0 46.0 45.0 44.0 43.0 42.0 41.0 40.0 39.0 38.0 37.0 36.0 35.0 34.0 33.0 32.0 31.0 30.0 29.0 28.0 27.0 26.0 25.0 24.0 23.0 22.0 21.0 20.0 19.0 18.0 17.0 16.0 15.0 14.0 13.0 12.0 11.0 10.0 9.0 8.0 7.0 6.0 5.0 4.0 3.0 2.0 1.0 0.0 1.0 2.0 3.0 4.0 5.0 6.0 7.0 8.0 9.0 10.0 11.0 12.0 13.0 14.0 15.0 16.0 17.0 18.0 19.0 20.0 21.0 22.0 23.0 24.0 25.0 26.0 27.0 28.0 29.0 30.0 31.0 
31.0 32.0 33.0 34.0 35.0 36.0 37.0 38.0 39.0 40.0 41.0 42.0 43.0 44.0 45.0 46.0 47.0 48.0 49.0 50.0 51.0 52.0 53.0 54.0 55.0 56.0 57.0 58.0 59.0 60.0 61.0 62.0 63.0 64.0 63.0 62.0 61.0 60.0 59.0 58.0 57.0 56.0 55.0 54.0 53.0 52.0 51.0 50.0 49.0 48.0 47.0 46.0 45.0 44.0 43.0 42.0 41.0 40.0 39.0 38.0 37.0 36.0 35.0 34.0 33.0 32.0 31.0 30.0 29.0 28.0 27.0 26.0 25.0 24.0 23.0 22.0 21.0 20.0 19.0 18.0 17.0 16.0 15.0 14.0 13.0 12.0 11.0 10.0 9.0 8.0 7.0 6.0 5.0 4.0 3.0 2.0 1.0 0.0 1.0 2.0 3.0 4.0 5.0 6.0 7.0 8.0 9.0 10.0 11.0 12.0 13.0 14.0 15.0 16.0 17.0 18.0 19.0 20.0 21.0 22.0 23.0 24.0 25.0 26.0 27.0 28.0 29.0 30.0 
30.0 31.0 32.0 33.0 34.0 35.0 36.0 37.0 38.0 39.0 40.0 41.0 42.0 43.0 44.0 45.0 46.0 47.0 48.0 49.0 50.0 51.0 52.0 53.0 54.0 55.0 56.0 57.0 58.0 59.0 60.0 61.0 62.0 63.0 64.0 63.0 62.0 61.0 60.0 59.0 58.0 57.0 56.0 55.0 54.0 53.0 52.0 51.0 50.0 49.0 48.0 47.0 46.0 45.0 44.0 43.0 42.0 41.0 40.0 39.0 38.0 37.0 36.0 35.0 34.0 33.0 32.0 31.0 30.0 29.0 28.0 27.0 26.0 25.0 24.0 23.0 22.0 21.0 20.0 19.0 18.0 17.0 16.0 15.0 14.0 13.0 12.0 11.0 10.0 9.0 8.0 7.0 6.0 5.0 4.0 3.0 2.0 1.0 0.0 1.0 2.0 3.0 4.0 5.0 6.0 7.0 8.0 9.0 10.0 11.0 12.0 13.0 14.0 15.0 16.0 17.0 18.0 19.0 20.0 21.0 22.0 23.0 24.0 25.0 26.0 27.0 28.0 29.0 
29.0 30.0 31.0 32.0 33.0 34.0 35.0 36.0 37.0 38.0 39.0 40.0 41.0 42.0 43.0 44.0 45.0 46.0 47.0 48.0 49.0 50.0 51.0 52.0 53.0 54.0 55.0 56.0 57.0 58.0 59.0 60.0 61.0 62.0 63.0 64.0 63.0 62.0 61.0 60.0 59.0 58.0 57.0 56.0 55.0 54.0 53.0 52.0 51.0 50.0 49.0 48.0 47.0 46.0 45.0 44.0 43.0 42.0 41.0 40.0 39.0 38.0 37.0 36.0 35.0 34.0 33.0 32.0 31.0 30.0 29.0 28.0 27.0 26.0 25.0 24.0 23.0 22.0 21.0 20.0 19.0 18.0 17.0 16.0 15.0 14.0 13.0 12.0 11.0 10.0 9.0 8.0 7.0 6.0 5.0 4.0 3.0 2.0 1.0 0.0 1.0 2.0 3.0 4.0 5.0 6.0 7.0 8.0 9.0 10.0 11.0 12.0 13.0 14.0 15.0 16.0 17.0 18.0 19.0 20.0 21.0 22.0 23.0 24.0 25.0 26.0 27.0 28.0 
28.0 29.0 30.0 31.0 32.0 33.0 34.0 35.0 36.0 37.0 38.0 39.0 40.0 41.0 42.0 43.0 44.0 45.0 46.0 47.0 48.0 49.0 50.0 51.0 52.0 53.0 54.0 55.0 56.0 57.0 58.0 59.0 60.0 61.0 62.0 63.0 64.0 63.0 62.0 61.0 60.0 59.0 58.0 57.0 56.0 55.0 54.0 53.0 52.0 51.0 50.0 49.0 48.0 47.0 46.0 45.0 44.0 43.0 42.0 41.0 40.0 39.0 38.0 37.0 36.0 35.0 34.0 33.0 32.0 31.0 30.0 29.0 28.0 27.0 26.0 25.0 24.0 23.0 22.0 21.0 20.0 19.0 18.0 17.0 16.0 15.0 14.0 13.0 12.0 11.0 10.0 9.0 8.0 7.0 6.0 5.0 4.0 3.0 2.0 1.0 0.0 1.0 2.0 3.0 4.0 5.0 6.0 7.0 8.0 9.0 10.0 11.0 12.0 13.0 14.0 15.0 16.0 17.0 18.0 19.0 20.0 21.0 22.0 23.0 24.0 25.0 26.0 27.0 
27.0 28.0 29.0 30.0 31.0 32.0 33.0 34.0 35.0 36.0 37.0 38.0 39.0 40.0 41.0 42.0 43.0 44.0 45.0 46.0 47.0 48.0 49.0 50.0 51.0 52.0 53.0 54.0 55.0 56.0 57.0 58.0 59.0 60.0 61.0 62.0 63.0 64.0 63.0 62.0 61.0 60.0 59.0 58.0 57.0 56.0 55.0 54.0 53.0 52.0 51.0 50.0 49.0 48.0 47.0 46.0 45.0 44.0 43.0 42.0 41.0 40.0 39.0 38.0 37.0 36.0 35.0 34.0 33.0 32.0 31.0 30.0 29.0 28.0 27.0 26.0 25.0 24.0 23.0 22.0 21.0 20.0 19.0 18.0 17.0 16.0 15.0 14.0 13.0 12.0 11.0 10.0 9.0 8.0 7.0 6.0 5.0 4.0 3.0 2.0 1.0 0.0 1.0 2.0 3.0 4.0 5.0 6.0 7.0 8.0 9.0 10.0 11.0 12.0 13.0 14.0 15.0 16.0 17.0 18.0 19.0 20.0 21.0 22.0 23.0 24.0 25.0 26.0 
26.0 27.0 28.0 29.0 30.0 31.0 32.0 33.0 34.0 35.0 36.0 37.0 38.0 39.0 40.0 41.0 42.0 43.0 44.0 45.0 46.0 47.0 48.0 49.0 50.0 51.0 52.0 53.0 54.0 55.0 56.0 57.0 58.0 59.0 60.0 61.0 62.0 63.0 64.0 63.0 62.0 61.0 60.0 59.0 58.0 57.0 56.0 55.0 54.0 53.0 52.0 51.0 50.0 49.0 48.0 47.0 46.0 45.0 44.0 43.0 42.0 41.0 40.0 39.0 38.0 37.0 36.0 35.0 34.0 33.0 32.0 31.0 30.0 29.0 28.0 27.0 26.0 25.0 24.0 23.0 22.0 21.0 20.0 19.0 18.0 17.0 16.0 15.0 14.0 13.0 12.0 11.0 10.0 9.0 8.0 7.0 6.0 5.0 4.0 3.0 2.0 1.0 0.0 1.0 2.0 3.0 4.0 5.0 6.0 7.0 8.0 9.0 10.0 11.0 12.0 13.0 14.0 15.0 16.0 17.0 18.0 19.0 20.0 21.0 22.0 23.0 24.0 25.0 
25.0 26.0 27.0 28.0 29.0 30.0 31.0 32.0 33.0 34.0 35.0 36.0 37.0 38.0 39.0 40.0 41.0 42.0 43.0 44.0 45.0 46.0 47.0 48.0 49.0 50.0 51.0 52.0 53.0 54.0 55.0 56.0 57.0 58.0 59.0 60.0 61.0 62.0 63.0 64.0 63.0 62.0 61.0 60.0 59.0 58.0 57.0 56.0 55.0 54.0 53.0 52.0 51.0 50.0 49.0 48.0 47.0 46.0 45.0 44.0 43.0 42.0 41.0 40.0 39.0 38.0 37.0 36.0 35.0 34.0 33.0 32.0 31.0 30.0 29.0 28.0 27.0 26.0 25.0 24.0 23.0 22.0 21.0 20.0 19.0 18.0 17.0 16.0 15.0 14.0 13.0 12.0 11.0 10.0 9.0 8.0 7.0 6.0 5.0 4.0 3.0 2.0 1.0 0.0 1.0 2.0 3.0 4.0 5.0 6.0 7.0 8.0 9.0 10.0 11.0 12.0 13.0 14.0 15.0 16.0 17.0 18.0 19.0 20.0 21.0 22.0 23.0 24.0 
24.0 25.0 26.0 27.0 28.0 29.0 30.0 31.0 32.0 33.0 34.0 35.0 36.0 37.0 38.0 39.0 40.0 41.0 42.0 43.0 44.0 45.0 46.0 47.0 48.0 49.0 50.0 51.0 52.0 53.0 54.0 55.0 56.0 57.0 58.0 59.0 60.0 61.0 62.0 63.0 64.0 63.0 62.0 61.0 60.0 59.0 58.0 57.0 56.0 55.0 54.0 53.0 52.0 51.0 50.0 49.0 48.0 47.0 46.0 45.0 44.0 43.0 42.0 41.0 40.0 39.0 38.0 37.0 36.0 35.0 34.0 33.0 32.0 31.0 30.0 29.0 28.0 27.0 26.0 25.0 24.0 23.0 22.0 21.0 20.0 19.0 18.0 17.0 16.0 15.0 14.0 13.0 12.0 11.0 10.0 9.0 8.0 7.0 6.0 5.0 4.0 3.0 2.0 1.0 0.0 1.0 2.0 3.0 4.0 5.0 6.0 7.0 8.0 9.0 10.0 11.0 12.0 13.0 14.0 15.0 16.0 17.0 18.0 19.0 20.0 21.0 22.0 23.0 
23.0 24.0 25.0 26.0 27.0 28.0 29.0 30.0 31.0 32.0 33.0 34.0 35.0 36.0 37.0 38.0 39.0 40.0 41.0 42.0 43.0 44.0 45.0 46.0 47.0 48.0 49.0 50.0 51.0 52.0 53.0 54.0 55.0 56.0 57.0 58.0 59.0 60.0 61.0 62.0 63.0 64.0 63.0 62.0 61.0 60.0 59.0 58.0 57.0 56.0 55.0 54.0 53.0 52.0 51.0 50.0 49.0 48.0 47.0 46.0 45.0 44.0 43.0 42.0 41.0 40.0 39.0 38.0 37.0 36.0 35.0 34.0 33.0 32.0 31.0 30.0 29.0 28.0 27.0 26.0 25.0 24.0 23.0 22.0 21.0 20.0 19.0 18.0 17.0 16.0 15.0 14.0 13.0 12.0 11.0 10.0 9.0 8.0 7.0 6.0 5.0 4.0 3.0 2.0 1.0 0.0 1.0 2.0 3.0 4.0 5.0 6.0 7.0 8.0 9.0 10.0 11.0 12.0 13.0 14.0 15.0 16.0 17.0 18.0 19.0 20.0 21.0 22.0 
22.0 23.0 24.0 25.0 26.0 27.0 28.0 29.0 30.0 31.0 32.0 33.0 34.0 35.0 36.0 37.0 38.0 39.0 40.0 41.0 42.0 43.0 44.0 45.0 46.0 47.0 48.0 49.0 50.0 51.0 52.0 53.0 54.0 55.0 56.0 57.0 58.0 59.0 60.0 61.0 62.0 63.0 64.0 63.0 62.0 61.0 60.0 59.0 58.0 57.0 56.0 55.0 54.0 53.0 52.0 51.0 50.0 49.0 48.0 47.0 46.0 45.0 44.0 43.0 42.0 41.0 40.0 39.0 38.0 37.0 36.0 35.0 34.0 33.0 32.0 31.0 30.0 29.0 28.0 27.0 26.0 25.0 24.0 23.0 22.0 21.0 20.0 19.0 18.0 17.0 16.0 15.0 14.0 13.0 12.0 11.0 10.0 9.0 8.0 7.0 6.0 5.0 4.0 3.0 2.0 1.0 0.0 1.0 2.0 3.0 4.0 5.0 6.0 7.0 8.0 9.0 10.0 11.0 12.0 13.0 14.0 15.0 16.0 17.0 18.0 19.0 20.0 21.0 
21.0 22.0 23.0 24.0 25.0 26.0 27.0 28.0 29.0 30.0 31.0 32.0 33.0 34.0 35.0 36.0 37.0 38.0 39.0 40.0 41.0 42.0 43.0 44.0 45.0 46.0 47.0 48.0 49.0 50.0 51.0 52.0 53.0 54.0 55.0 56.0 57.0 58.0 59.0 60.0 61.0 62.0 63.0 64.0 63.0 62.0 61.0 60.0 59.0 58.0 57.0 56.0 55.0 54.0 53.0 52.0 51.0 50.0 49.0 48.0 47.0 46.0 45.0 44.0 43.0 42.0 41.0 40.0 39.0 38.0 37.0 36.0 35.0 34.0 33.0 32.0 31.0 30.0 29.0 28.0 27.0 26.0 25.0 24.0 23.0 22.0 21.0 20.0 19.0 18.0 17.0 16.0 15.0 14.0 13.0 12.0 11.0 10.0 9.0 8.0 7.0 6.0 5.0 4.0 3.0 2.0 1.0 0.0 1.0 2.0 3.0 4.0 5.0 6.0 7.0 8.0 9.0 10.0 11.0 12.0 13.0 14.0 15.0 16.0 17.0 18.0 19.0 20.0 
20.0 21.0 22.0 23.0 24.0 25.0 26.0 27.0 28.0 29.0 30.0 31.0 32.0 33.0 34.0 35.0 36.0 37.0 38.0 39.0 40.0 41.0 42.0 43.0 44.0 45.0 46.0 47.0 48.0 49.0 50.0 51.0 52.0 53.0 54.0 55.0 56.0 57.0 58.0 59.0 60.0 61.0 62.0 63.0 64.0 63.0 62.0 61.0 60.0 59.0 58.0 57.0 56.0 55.0 54.0 53.0 52.0 51.0 50.0 49.0 48.0 47.0 46.0 45.0 44.0 43.0 42.0 41.0 40.0 39.0 38.0 37.0 36.0 35.0 34.0 33.0 32.0 31.0 30.0 29.0 28.0 27.0 26.0 25.0 24.0 23.0 22.0 21.0 20.0 19.0 18.0 17.0 16.0 15.0 14.0 13.0 12.0 11.0 10.0 9.0 8.0 7.0 6.0 5.0 4.0 3.0 2.0 1.0 0.0 1.0 2.0 3.0 4.0 5.0 6.0 7.0 8.0 9.0 10.0 11.0 12.0 13.0 14.0 15.0 16.0 17.0 18.0 19.0 
19.0 20.0 21.0 22.0 23.0 24.0 25.0 26.0 27.0 28.0 29.0 30.0 31.0 32.0 33.0 34.0 35.0 36.0 37.0 38.0 39.0 40.0 41.0 42.0 43.0 44.0 45.0 46.0 47.0 48.0 49.0 50.0 51.0 52.0 53.0 54.0 55.0 56.0 57.0 58.0 59.0 60.0 61.0 62.0 63.0 64.0 63.0 62.0 61.0 60.0 59.0 58.0 57.0 56.0 55.0 54.0 53.0 52.0 51.0 50.0 49.0 48.0 47.0 46.0 45.0 44.0 43.0 42.0 41.0 40.0 39.0 38.0 37.0 36.0 35.0 34.0 33.0 32.0 31.0 30.0 29.0 28.0 27.0 26.0 25.0 24.0 23.0 22.0 21.0 20.0 19.0 18.0 17.0 16.0 15.0 14.0 13.0 12.0 11.0 10.0 9.0 8.0 7.0 6.0 5.0 4.0 3.0 2.0 1.0 0.0 1.0 2.0 3.0 4.0 5.0 6.0 7.0 8.0 9.0 10.0 11.0 12.0 13.0 14.0 15.0 16.0 17.0 18.0 
18.0 19.0 20.0 21.0 22.0 23.0 24.0 25.0 26.0 27.0 28.0 29.0 30.0 31.0 32.0 33.0 34.0 35.0 36.0 37.0 38.0 39.0 40.0 41.0 42.0 43.0 44.0 45.0 46.0 47.0 48.0 49.0 50.0 51.0 52.0 53.0 54.0 55.0 56.0 57.0 58.0 59.0 60.0 61.0 62.0 63.0 64.0 63.0 62.0 61.0 60.0 59.0 58.0 57.0 56.0 55.0 54.0 53.0 52.0 51.0 50.0 49.0 48.0 47.0 46.0 45.0 44.0 43.0 42.0 41.0 40.0 39.0 38.0 37.0 36.0 35.0 34.0 33.0 32.0 31.0 30.0 29.0 28.0 27.0 26.0 25.0 24.0 23.0 22.0 21.0 20.0 19.0 18.0 17.0 16.0 15.0 14.0 13.0 12.0 11.0 10.0 9.0 8.0 7.0 6.0 5.0 4.0 3.0 2.0 1.0 0.0 1.0 2.0 3.0 4.0 5.0 6.0 7.0 8.0 9.0 10.0 11.0 12.0 13.0 14.0 15.0 16.0 17.0 
17.0 18.0 19.0 20.0 21.0 22.0 23.0 24.0 25.0 26.0 27.0 28.0 29.0 30.0 31.0 32.0 33.0 34.0 35.0 36.0 37.0 38.0 39.0 40.0 41.0 42.0 43.0 44.0 45.0 46.0 47.0 48.0 49.0 50.0 51.0 52.0 53.0 54.0 55.0 56.0 57.0 58.0 59.0 60.0 61.0 62.0 63.0 64.0 63.0 62.0 61.0 60.0 59.0 58.0 57.0 56.0 55.0 54.0 53.0 52.0 51.0 50.0 49.0 48.0 47.0 46.0 45.0 44.0 43.0 42.0 41.0 40.0 39.0 38.0 37.0 36.0 35.0 34.0 33.0 32.0 31.0 30.0 29.0 28.0 27.0 26.0 25.0 24.0 23.0 22.0 21.0 20.0 19.0 18.0 17.0 16.0 15.0 14.0 13.0 12.0 11.0 10.0 9.0 8.0 7.0 6.0 5.0 4.0 3.0 2.0 1.0 0.0 1.0 2.0 3.0 4.0 5.0 6.0 7.0 8.0 9.0 10.0 11.0 12.0 13.0 14.0 15.0 16.0 
16.0 17.0 18.0 19.0 20.0 21.0 22.0 23.0 24.0 25.0 26.0 27.0 28.0 29.0 30.0 31.0 32.0 33.0 34.0 35.0 36.0 37.0 38.0 39.0 40.0 41.0 42.0 43.0 44.0 45.0 46.0 47.0 48.0 49.0 50.0 51.0 52.0 53.0 54.0 55.0 56.0 57.0 58.0 59.0 60.0 61.0 62.0 63.0 64.0 63.0 62.0 61.0 60.0 59.0 58.0 57.0 56.0 55.0 54.0 53.0 52.0 51.0 50.0 49.0 48.0 47.0 46.0 45.0 44.0 43.0 42.0 41.0 40.0 39.0 38.0 37.0 36.0 35.0 34.0 33.0 32.0 31.0 30.0 29.0 28.0 27.0 26.0 25.0 24.0 23.0 22.0 21.0 20.0 19.0 18.0 17.0 16.0 15.0 14.0 13.0 12.0 11.0 10.0 9.0 8.0 7.0 6.0 5.0 4.0 3.0 2.0 1.0 0.0 1.0 2.0 3.0 4.0 5.0 6.0 7.0 8.0 9.0 10.0 11.0 12.0 13.0 14.0 15.0 
15.0 16.0 17.0 18.0 19.0 20.0 21.0 22.0 23.0 24.0 25.0 26.0 27.0 28.0 29.0 30.0 31.0 32.0 33.0 34.0 35.0 36.0 37.0 38.0 39.0 40.0 41.0 42.0 43.0 44.0 45.0 46.0 47.0 48.0 49.0 50.0 51.0 52.0 53.0 54.0 55.0 56.0 57.0 58.0 59.0 60.0 61.0 62.0 63.0 64.0 63.0 62.0 61.0 60.0 59.0 58.0 57.0 56.0 55.0 54.0 53.0 52.0 51.0 50.0 49.0 48.0 47.0 46.0 45.0 44.0 43.0 42.0 41.0 40.0 39.0 38.0 37.0 36.0 35.0 34.0 33.0 32.0 31.0 30.0 29.0 28.0 27.0 26.0 25.0 24.0 23.0 22.0 21.0 20.0 19.0 18.0 17.0 16.0 15.0 14.0 13.0 12.0 11.0 10.0 9.0 8.0 7.0 6.0 5.0 4.0 3.0 2.0 1.0 0.0 1.0 2.0 3.0 4.0 5.0 6.0 7.0 8.0 9.0 10.0 11.0 12.0 13.0 14.0 
14.0 15.0 16.0 17.0 18.0 19.0 20.0 21.0 22.0 23.0 24.0 25.0 26.0 27.0 28.0 29.0 30.0 31.0 32.0 33.0 34.0 35.0 36.0 37.0 38.0 39.0 40.0 41.0 42.0 43.0 44.0 45.0 46.0 47.0 48.0 49.0 50.0 51.0 52.0 53.0 54.0 55.0 56.0 57.0 58.0 59.0 60.0 61.0 62.0 63.0 64.0 63.0 62.0 61.0 60.0 59.0 58.0 57.0 56.0 55.0 54.0 53.0 52.0 51.0 50.0 49.0 48.0 47.0 46.0 45.0 44.0 43.0 42.0 41.0 40.0 39.0 38.0 37.0 36.0 35.0 34.0 33.0 32.0 31.0 30.0 29.0 28.0 27.0 26.0 25.0 24.0 23.0 22.0 21.0 20.0 19.0 18.0 17.0 16.0 15.0 14.0 13.0 12.0 11.0 10.0 9.0 8.0 7.0 6.0 5.0 4.0 3.0 2.0 1.0 0.0 1.0 2.0 3.0 4.0 5.0 6.0 7.0 8.0 9.0 10.0 11.0 12.0 13.0 
13.0 14.0 15.0 16.0 17.0 18.0 19.0 20.0 21.0 22.0 23.0 24.0 25.0 26.0 27.0 28.0 29.0 30.0 31.0 32.0 33.0 34.0 35.0 36.0 37.0 38.0 39.0 40.0 41.0 42.0 43.0 44.0 45.0 46.0 47.0 48.0 49.0 50.0 51.0 52.0 53.0 54.0 55.0 56.0 57.0 58.0 59.0 60.0 61.0 62.0 63.0 64.0 63.0 62.0 61.0 60.0 59.0 58.0 57.0 56.0 55.0 54.0 53.0 52.0 51.0 50.0 49.0 48.0 47.0 46.0 45.0 44.0 43.0 42.0 41.0 40.0 39.0 38.0 37.0 36.0 35.0 34.0 33.0 32.0 31.0 30.0 29.0 28.0 27.0 26.0 25.0 24.0 23.0 22.0 21.0 20.0 19.0 18.0 17.0 16.0 15.0 14.0 13.0 12.0 11.0 10.0 9.0 8.0 7.0 6.0 5.0 4.0 3.0 2.0 1.0 0.0 1.0 2.0 3.0 4.0 5.0 6.0 7.0 8.0 9.0 10.0 11.0 12.0 
12.0 13.0 14.0 15.0 16.0 17.0 18.0 19.0 20.0 21.0 22.0 23.0 24.0 25.0 26.0 27.0 28.0 29.0 30.0 31.0 32.0 33.0 34.0 35.0 36.0 37.0 38.0 39.0 40.0 41.0 42.0 43.0 44.0 45.0 46.0 47.0 48.0 49.0 50.0 51.0 52.0 53.0 54.0 55.0 56.0 57.0 58.0 59.0 60.0 61.0 62.0 63.0 64.0 63.0 62.0 61.0 60.0 59.0 58.0 57.0 56.0 55.0 54.0 53.0 52.0 51.0 50.0 49.0 48.0 47.0 46.0 45.0 44.0 43.0 42.0 41.0 40.0 39.0 38.0 37.0 36.0 35.0 34.0 33.0 32.0 31.0 30.0 29.0 28.0 27.0 26.0 25.0 24.0 23.0 22.0 21.0 20.0 19.0 18.0 17.0 16.0 15.0 14.0 13.0 12.0 11.0 10.0 9.0 8.0 7.0 6.0 5.0 4.0 3.0 2.0 1.0 0.0 1.0 2.0 3.0 4.0 5.0 6.0 7.0 8.0 9.0 10.0 11.0 
11.0 12.0 13.0 14.0 15.0 16.0 17.0 18.0 19.0 20.0 21.0 22.0 23.0 24.0 25.0 26.0 27.0 28.0 29.0 30.0 31.0 32.0 33.0 34.0 35.0 36.0 37.0 38.0 39.0 40.0 41.0 42.0 43.0 44.0 45.0 46.0 47.0 48.0 49.0 50.0 51.0 52.0 53.0 54.0 55.0 56.0 57.0 58.0 59.0 60.0 61.0 62.0 63.0 64.0 63.0 62.0 61.0 60.0 59.0 58.0 57.0 56.0 55.0 54.0 53.0 52.0 51.0 50.0 49.0 48.0 47.0 46.0 45.0 44.0 43.0 42.0 41.0 40.0 39.0 38.0 37.0 36.0 35.0 34.0 33.0 32.0 31.0 30.0 29.0 28.0 27.0 26.0 25.0 24.0 23.0 22.0 21.0 20.0 19.0 18.0 17.0 16.0 15.0 14.0 13.0 12.0 11.0 10.0 9.0 8.0 7.0 6.0 5.0 4.0 3.0 2.0 1.0 0.0 1.0 2.0 3.0 4.0 5.0 6.0 7.0 8.0 9.0 10.0 
10.0 11.0 12.0 13.0 14.0 15.0 16.0 17.0 18.0 19.0 20.0 21.0 22.0 23.0 24.0 25.0 26.0 27.0 28.0 29.0 30.0 31.0 32.0 33.0 34.0 35.0 36.0 37.0 38.0 39.0 40.0 41.0 42.0 43.0 44.0 45.0 46.0 47.0 48.0 49.0 50.0 51.0 52.0 53.0 54.0 55.0 56.0 57.0 58.0 59.0 60.0 61.0 62.0 63.0 64.0 63.0 62.0 61.0 60.0 59.0 58.0 57.0 56.0 55.0 54.0 53.0 52.0 51.0 50.0 49.0 48.0 47.0 46.0 45.0 44.0 43.0 42.0 41.0 40.0 39.0 38.0 37.0 36.0 35.0 34.0 33.0 32.0 31.0 30.0 29.0 28.0 27.0 26.0 25.0 24.0 23.0 22.0 21.0 20.0 19.0 18.0 17.0 16.0 15.0 14.0 13.0 12.0 11.0 10.0 9.0 8.0 7.0 6.0 5.0 4.0 3.0 2.0 1.0 0.0 1.0 2.0 3.0 4.0 5.0 6.0 7.0 8.0 9.0 
9.0 10.0 11.0 12.0 13.0 14.0 15.0 16.0 17.0 18.0 19.0 20.0 21.0 22.0 23.0 24.0 25.0 26.0 27.0 28.0 29.0 30.0 31.0 32.0 33.0 34.0 35.0 36.0 37.0 38.0 39.0 40.0 41.0 42.0 43.0 44.0 45.0 46.0 47.0 48.0 49.0 50.0 51.0 52.0 53.0 54.0 55.0 56.0 57.0 58.0 59.0 60.0 61.0 62.0 63.0 64.0 63.0 62.0 61.0 60.0 59.0 58.0 57.0 56.0 55.0 54.0 53.0 52.0 51.0 50.0 49.0 48.0 47.0 46.0 45.0 44.0 43.0 42.0 41.0 40.0 39.0 38.0 37.0 36.0 35.0 34.0 33.0 32.0 31.0 30.0 29.0 28.0 27.0 26.0 25.0 24.0 23.0 22.0 21.0 20.0 19.0 18.0 17.0 16.0 15.0 14.0 13.0 12.0 11.0 10.0 9.0 8.0 7.0 6.0 5.0 4.0 3.0 2.0 1.0 0.0 1.0 2.0 3.0 4.0 5.0 6.0 7.0 8.0 
8.0 9.0 10.0 11.0 12.0 13.0 14.0 15.0 16.0 17.0 18.0 19.0 20.0 21.0 22.0 23.0 24.0 25.0 26.0 27.0 28.0 29.0 30.0 31.0 32.0 33.0 34.0 35.0 36.0 37.0 38.0 39.0 40.0 41.0 42.0 43.0 44.0 45.0 46.0 47.0 48.0 49.0 50.0 51.0 52.0 53.0 54.0 55.0 56.0 57.0 58.0 59.0 60.0 61.0 62.0 63.0 64.0 63.0 62.0 61.0 60.0 59.0 58.0 57.0 56.0 55.0 54.0 53.0 52.0 51.0 50.0 49.0 48.0 47.0 46.0 45.0 44.0 43.0 42.0 41.0 40.0 39.0 38.0 37.0 36.0 35.0 34.0 33.0 32.0 31.0 30.0 29.0 28.0 27.0 26.0 25.0 24.0 23.0 22.0 21.0 20.0 19.0 18.0 17.0 16.0 15.0 14.0 13.0 12.0 11.0 10.0 9.0 8.0 7.0 6.0 5.0 4.0 3.0 2.0 1.0 0.0 1.0 2.0 3.0 4.0 5.0 6.0 7.0 
7.0 8.0 9.0 10.0 11.0 12.0 13.0 14.0 15.0 16.0 17.0 18.0 19.0 20.0 21.0 22.0 23.0 24.0 25.0 26.0 27.0 28.0 29.0 30.0 31.0 32.0 33.0 34.0 35.0 36.0 37.0 38.0 39.0 40.0 41.0 42.0 43.0 44.0 45.0 46.0 47.0 48.0 49.0 50.0 51.0 52.0 53.0 54.0 55.0 56.0 57.0 58.0 59.0 60.0 61.0 62.0 63.0 64.0 63.0 62.0 61.0 60.0 59.0 58.0 57.0 56.0 55.0 54.0 53.0 52.0 51.0 50.0 49.0 48.0 47.0 46.0 45.0 44.0 43.0 42.0 41.0 40.0 39.0 38.0 37.0 36.0 35.0 34.0 33.0 32.0 31.0 30.0 29.0 28.0 27.0 26.0 25.0 24.0 23.0 22.0 21.0 20.0 19.0 18.0 17.0 16.0 15.0 14.0 13.0 12.0 11.0 10.0 9.0 8.0 7.0 6.0 5.0 4.0 3.0 2.0 1.0 0.0 1.0 2.0 3.0 4.0 5.0 6.0 
6.0 7.0 8.0 9.0 10.0 11.0 12.0 13.0 14.0 15.0 16.0 17.0 18.0 19.0 20.0 21.0 22.0 23.0 24.0 25.0 26.0 27.0 28.0 29.0 30.0 31.0 32.0 33.0 34.0 35.0 36.0 37.0 38.0 39.0 40.0 41.0 42.0 43.0 44.0 45.0 46.0 47.0 48.0 49.0 50.0 51.0 52.0 53.0 54.0 55.0 56.0 57.0 58.0 59.0 60.0 61.0 62.0 63.0 64.0 63.0 62.0 61.0 60.0 59.0 58.0 57.0 56.0 55.0 54.0 53.0 52.0 51.0 50.0 49.0 48.0 47.0 46.0 45.0 44.0 43.0 42.0 41.0 40.0 39.0 38.0 37.0 36.0 35.0 34.0 33.0 32.0 31.0 30.0 29.0 28.0 27.0 26.0 25.0 24.0 23.0 22.0 21.0 20.0 19.0 18.0 17.0 16.0 15.0 14.0 13.0 12.0 11.0 10.0 9.0 8.0 7.0 6.0 5.0 4.0 3.0 2.0 1.0 0.0 1.0 2.0 3.0 4.0 5.0 
5.0 6.0 7.0 8.0 9.0 10.0 11.0 12.0 13.0 14.0 15.0 16.0 17.0 18.0 19.0 20.0 21.0 22.0 23.0 24.0 25.0 26.0 27.0 28.0 29.0 30.0 31.0 32.0 33.0 34.0 35.0 36.0 37.0 38.0 39.0 40.0 41.0 42.0 43.0 44.0 45.0 46.0 47.0 48.0 49.0 50.0 51.0 52.0 53.0 54.0 55.0 56.0 57.0 58.0 59.0 60.0 61.0 62.0 63.0 64.0 63.0 62.0 61.0 60.0 59.0 58.0 57.0 56.0 55.0 54.0 53.0 52.0 51.0 50.0 49.0 48.0 47.0 46.0 45.0 44.0 43.0 42.0 41.0 40.0 39.0 38.0 37.0 36.0 35.0 34.0 33.0 32.0 31.0 30.0 29.0 28.0 27.0 26.0 25.0 24.0 23.0 22.0 21.0 20.0 19.0 18.0 17.0 16.0 15.0 14.0 13.0 12.0 11.0 10.0 9.0 8.0 7.0 6.0 5.0 4.0 3.0 2.0 1.0 0.0 1.0 2.0 3.0 4.0 
4.0 5.0 6.0 7.0 8.0 9.0 10.0 11.0 12.0 13.0 14.0 15.0 16.0 17.0 18.0 19.0 20.0 21.0 22.0 23.0 24.0 25.0 26.0 27.0 28.0 29.0 30.0 31.0 32.0 33.0 34.0 35.0 36.0 37.0 38.0 39.0 40.0 41.0 42.0 43.0 44.0 45.0 46.0 47.0 48.0 49.0 50.0 51.0 52.0 53.0 54.0 55.0 56.0 57.0 58.0 59.0 60.0 61.0 62.0 63.0 64.0 63.0 62.0 61.0 60.0 59.0 58.0 57.0 56.0 55.0 54.0 53.0 52.0 51.0 50.0 49.0 48.0 47.0 46.0 45.0 44.0 43.0 42.0 41.0 40.0 39.0 38.0 37.0 36.0 35.0 34.0 33.0 32.0 31.0 30.0 29.0 28.0 27.0 26.0 25.0 24.0 23.0 22.0 21.0 20.0 19.0 18.0 17.0 16.0 15.0 14.0 13.0 12.0 11.0 10.0 9.0 8.0 7.0 6.0 5.0 4.0 3.0 2.0 1.0 0.0 1.0 2.0 3.0 
3.0 4.0 5.0 6.0 7.0 8.0 9.0 10.0 11.0 12.0 13.0 14.0 15.0 16.0 17.0 18.0 19.0 20.0 21.0 22.0 23.0 24.0 25.0 26.0 27.0 28.0 29.0 30.0 31.0 32.0 33.0 34.0 35.0 36.0 37.0 38.0 39.0 40.0 41.0 42.0 43.0 44.0 45.0 46.0 47.0 48.0 49.0 50.0 51.0 52.0 53.0 54.0 55.0 56.0 57.0 58.0 59.0 60.0 61.0 62.0 63.0 64.0 63.0 62.0 61.0 60.0 59.0 58.0 57.0 56.0 55.0 54.0 53.0 52.0 51.0 50.0 49.0 48.0 47.0 46.0 45.0 44.0 43.0 42.0 41.0 40.0 39.0 38.0 37.0 36.0 35.0 34.0 33.0 32.0 31.0 30.0 29.0 28.0 27.0 26.0 25.0 24.0 23.0 22.0 21.0 20.0 19.0 18.0 17.0 16.0 15.0 14.0 13.0 12.0 11.0 10.0 9.0 8.0 7.0 6.0 5.0 4.0 3.0 2.0 1.0 0.0 1.0 2.0 
2.0 3.0 4.0 5.0 6.0 7.0 8.0 9.0 10.0 11.0 12.0 13.0 14.0 15.0 16.0 17.0 18.0 19.0 20.0 21.0 22.0 23.0 24.0 25.0 26.0 27.0 28.0 29.0 30.0 31.0 32.0 33.0 34.0 35.0 36.0 37.0 38.0 39.0 40.0 41.0 42.0 43.0 44.0 45.0 46.0 47.0 48.0 49.0 50.0 51.0 52.0 53.0 54.0 55.0 56.0 57.0 58.0 59.0 60.0 61.0 62.0 63.0 64.0 63.0 62.0 61.0 60.0 59.0 58.0 57.0 56.0 55.0 54.0 53.0 52.0 51.0 50.0 49.0 48.0 47.0 46.0 45.0 44.0 43.0 42.0 41.0 40.0 39.0 38.0 37.0 36.0 35.0 34.0 33.0 32.0 31.0 30.0 29.0 28.0 27.0 26.0 25.0 24.0 23.0 22.0 21.0 20.0 19.0 18.0 17.0 16.0 15.0 14.0 13.0 12.0 11.0 10.0 9.0 8.0 7.0 6.0 5.0 4.0 3.0 2.0 1.0 0.0 1.0 
1.0 2.0 3.0 4.0 5.0 6.0 7.0 8.0 9.0 10.0 11.0 12.0 13.0 14.0 15.0 16.0 17.0 18.0 19.0 20.0 21.0 22.0 23.0 24.0 25.0 26.0 27.0 28.0 29.0 30.0 31.0 32.0 33.0 34.0 35.0 36.0 37.0 38.0 39.0 40.0 41.0 42.0 43.0 44.0 45.0 46.0 47.0 48.0 49.0 50.0 51.0 52.0 53.0 54.0 55.0 56.0 57.0 58.0 59.0 60.0 61.0 62.0 63.0 64.0 63.0 62.0 61.0 60.0 59.0 58.0 57.0 56.0 55.0 54.0 53.0 52.0 51.0 50.0 49.0 48.0 47.0 46.0 45.0 44.0 43.0 42.0 41.0 40.0 39.0 38.0 37.0 36.0 35.0 34.0 33.0 32.0 31.0 30.0 29.0 28.0 27.0 26.0 25.0 24.0 23.0 22.0 21.0 20.0 19.0 18.0 17.0 16.0 15.0 14.0 13.0 12.0 11.0 10.0 9.0 8.0 7.0 6.0 5.0 4.0 3.0 2.0 1.0 0.0 