128
3 60 97 67 89 64 28 14 17 80 64 71 28 47 82 32 11 1 95 3 26 67 5 96 9 95 17 81 40 83 16 12 20 49 18 43 77 66 68 24 84 33 84 7 90 95 2 41 68 62 11 20 92 50 52 51 78 80 31 78 45 87 76 56 17 81 94 15 46 96 72 91 35 54 34 72 51 31 71 6 5 82 21 59 50 52 76 54 98 11 27 20 97 36 19 75 68 30 16 27 91 86 27 89 23 76 98 84 35 9 46 24 89 16 9 33 94 47 56 39 71 77 89 1 29 83 74 17 
63 77 85 45 89 50 80 71 23 31 45 43 22 54 57 56 5 65 84 39 4 31 76 23 93 68 34 91 56 89 53 65 11 88 94 93 12 10 48 13 51 71 67 91 65 97 14 81 93 11 22 86 15 15 42 91 10 64 40 8 66 35 23 1 52 53 74 52 82 93 2 8 12 10 30 32 38 70 97 51 16 81 21 19 58 65 64 56 21 48 34 40 53 76 81 82 91 39 9 69 67 70 15 33 36 86 52 57 63 89 100 69 12 16 74 58 70 83 82 17 10 85 12 54 62 9 85 22 
7 95 59 58 35 97 16 95 100 61 91 49 51 47 9 9 48 8 49 35 3 40 23 33 99 21 46 30 89 32 97 6 93 28 2 22 85 68 44 67 97 29 7 33 16 81 17 24 93 31 61 57 16 50 78 45 82 49 42 33 5 85 62 49 44 1 44 77 89 95 24 34 5 75 3 48 72 58 4 69 76 33 81 65 98 44 45 66 87 23 71 23 83 51 89 73 71 66 47 41 84 35 66 29 77 59 84 79 85 28 3 46 95 15 55 34 61 15 56 56 95 61 24 68 36 98 62 54 
11 78 90 100 81 85 86 17 52 96 15 35 93 15 62 12 55 3 23 100 12 80 49 52 68 38 81 72 42 89 83 41 39 33 88 81 61 33 53 23 5 77 25 50 68 17 31 72 7 2 87 79 2 30 40 8 72 27 95 12 83 75 40 73 40 57 3 62 83 53 50 59 85 42 4 21 97 88 64 90 40 60 30 12 77 60 46 71 97 88 24 42 96 85 81 86 80 20 79 20 53 1 89 34 1 75 78 37 20 20 39 50 28 88 12 35 20 71 18 29 60 61 23 57 23 96 69 76 
18 49 29 4 66 69 85 40 83 47 98 46 88 55 62 18 35 4 18 98 59 48 45 91 49 94 83 18 85 91 96 72 37 31 35 41 78 45 86 17 60 10 22 8 47 50 73 72 50 63 55 85 94 89 12 25 94 11 4 7 39 73 14 16 99 15 85 85 45 79 11 38 78 1 55 43 95 48 17 94 74 61 57 1 99 51 66 98 5 53 77 42 47 4 14 97 9 2 84 48 33 60 42 43 92 22 92 42 38 29 89 66 20 79 71 29 44 22 66 22 24 37 20 49 78 63 7 100 
86 32 86 27 99 76 14 72 88 77 93 58 1 25 98 10 90 21 83 88 90 58 72 13 6 20 39 84 7 79 46 76 92 73 55 43 48 20 20 38 31 7 13 57 87 79 97 51 49 1 1 76 42 27 87 69 48 28 74 25 13 32 69 29 7 55 96 42 58 91 71 86 50 95 30 4 63 44 50 20 1 74 86 39 8 19 96 54 50 48 73 1 80 88 74 60 47 58 43 42 8 3 62 6 23 61 41 14 42 51 25 99 58 54 30 21 42 8 29 52 3 47 86 73 93 23 41 94 
18 19 96 54 45 79 25 65 16 44 84 10 98 3 11 58 74 18 19 52 76 70 12 7 30 1 31 39 90 46 64 67 23 21 94 78 11 75 69 19 41 28 4 88 90 27 8 60 6 97 96 65 91 91 98 87 27 34 31 44 46 61 31 39 33 34 40 71 52 20 71 76 97 99 87 23 42 9 4 51 44 61 22 1 25 84 40 61 64 39 4 4 96 9 60 79 49 97 29 92 66 74 17 54 28 61 58 19 82 12 57 44 93 67 32 95 71 10 19 37 26 91 32 60 1 65 69 2 
88 38 11 89 16 84 44 12 14 42 63 72 6 82 52 32 90 38 71 73 11 30 73 7 29 22 29 2 2 24 52 49 96 77 87 42 27 24 50 31 18 82 46 42 73 11 98 93 1 80 12 14 92 49 90 43 14 65 9 63 54 59 37 16 85 99 44 76 24 81 19 72 8 20 100 38 23 40 39 23 76 82 75 13 14 33 27 67 41 77 53 15 30 85 82 69 43 86 27 99 8 6 98 50 13 1 17 6 22 91 80 5 50 87 51 41 63 87 21 31 28 21 11 37 92 52 49 22 
99 85 12 5 70 2 10 55 21 8 38 56 18 89 75 87 80 22 5 26 13 5 80 76 36 63 16 3 27 98 68 99 93 45 21 74 45 61 76 89 86 27 100 77 99 75 67 82 8 65 22 21 81 52 85 9 60 79 20 32 31 85 89 29 75 80 40 98 63 99 99 78 50 95 13 23 97 58 58 88 30 26 16 87 15 86 47 69 78 95 84 67 37 76 71 66 18 1 55 47 42 86 95 73 63 23 31 43 19 11 18 65 64 3 1 78 6 87 86 99 84 36 57 70 77 90 6 11 
69 45 74 64 81 87 79 19 78 39 68 26 51 60 57 68 78 41 99 60 81 56 84 7 75 85 97 55 82 7 83 70 67 41 85 39 11 48 62 29 60 21 4 50 14 92 56 17 61 44 7 45 79 84 73 55 64 39 17 3 84 10 68 72 14 35 87 39 21 47 37 20 78 95 47 43 82 76 3 58 82 7 71 63 80 2 17 31 4 14 6 90 54 24 47 84 7 11 95 32 52 19 33 19 28 55 39 35 69 53 91 53 55 48 52 71 77 61 69 23 27 79 52 66 64 82 43 41 
77 64 44 1 49 89 65 94 27 94 87 1 43 83 32 20 13 76 94 53 46 79 100 54 61 23 77 52 83 20 69 53 13 15 29 88 16 44 70 95 26 42 10 22 80 49 53 24 86 77 31 72 58 77 13 9 36 96 87 6 23 88 27 39 94 41 60 100 9 6 14 56 36 33 47 80 32 81 35 20 66 79 66 97 78 4 34 18 59 43 43 20 50 17 38 74 35 9 59 20 23 91 83 84 40 64 89 84 8 96 97 57 90 80 61 31 41 75 48 98 21 21 33 4 47 28 52 93 
47 99 42 25 76 43 56 47 15 84 25 78 98 69 70 53 22 4 86 8 28 70 90 94 36 86 17 62 97 45 82 10 41 96 87 9 8 43 2 19 28 9 18 64 28 35 82 3 79 67 56 94 40 47 15 85 3 13 46 90 11 37 79 18 28 11 35 69 6 32 21 70 15 37 56 61 79 33 72 38 43 34 18 94 60 11 66 32 35 50 33 72 50 39 63 81 21 47 28 82 16 80 65 32 57 80 59 38 7 41 77 78 8 18 36 26 92 72 74 82 12 11 70 51 27 82 86 49 
3 70 99 40 85 70 87 31 46 96 38 45 91 59 38 28 29 66 60 42 8 7 79 40 78 84 13 14 1 9 73 77 88 85 31 48 65 6 95 88 29 3 69 75 64 65 23 5 45 49 21 89 73 62 99 50 60 78 38 11 51 28 77 31 73 34 14 79 34 92 32 18 54 64 84 4 93 39 54 37 35 90 13 94 14 50 33 85 70 28 15 21 76 93 17 100 79 92 70 38 36 14 23 59 82 86 57 96 23 100 61 54 48 42 100 9 20 39 5 69 92 73 79 6 33 83 88 36 
92 47 91 80 54 6 85 14 62 26 67 49 53 22 45 31 77 71 6 20 81 59 4 88 15 61 51 72 41 16 52 72 77 12 11 62 99 63 96 11 38 23 92 51 64 3 81 86 8 39 1 7 69 40 26 14 27 65 98 82 91 56 69 93 54 38 16 5 57 52 50 81 28 38 14 72 72 93 39 50 96 100 28 72 74 80 16 59 42 62 28 74 79 85 92 51 73 12 12 88 95 41 20 86 100 38 61 93 95 15 53 27 78 56 55 44 50 20 41 42 30 68 20 42 58 25 79 13 
37 1 17 50 50 34 5 61 65 95 84 97 33 93 56 44 61 13 84 59 20 84 3 17 81 43 48 80 80 28 90 68 87 100 44 54 59 64 58 31 36 43 85 5 33 44 84 86 25 91 81 29 54 39 84 2 45 87 90 15 75 60 27 62 5 79 97 74 43 54 60 58 12 25 32 100 4 6 55 84 76 5 58 94 31 78 93 5 75 78 29 26 96 30 23 66 3 6 70 16 76 70 63 88 38 28 84 15 37 56 19 99 36 22 12 59 12 73 93 88 54 31 24 24 63 33 28 37 
57 57 95 90 32 52 4 39 25 41 42 86 69 38 29 26 93 17 98 60 34 77 84 78 62 77 63 18 83 24 90 76 37 68 91 12 22 73 22 91 57 9 16 43 72 20 79 90 68 45 31 91 76 58 77 92 100 88 57 6 51 69 24 83 37 91 36 69 86 24 77 14 86 32 97 70 71 87 20 3 8 29 54 28 94 63 54 38 74 26 85 57 26 9 78 59 86 53 65 59 74 17 78 11 97 79 56 34 33 33 71 98 60 42 95 56 19 49 83 89 10 79 72 41 52 73 50 14 
3 36 87 22 21 97 1 8 43 3 37 53 67 67 81 87 84 4 78 94 50 53 1 99 33 16 34 56 8 55 25 31 44 6 66 100 77 78 79 97 76 94 87 65 98 87 58 36 58 21 59 19 76 84 78 51 52 38 19 5 13 22 22 46 32 64 58 50 15 45 35 84 82 51 99 40 30 58 84 11 41 29 5 57 94 9 2 36 52 42 20 69 29 61 60 39 48 85 47 64 73 25 22 77 58 73 14 52 58 78 67 23 44 4 48 59 38 6 43 28 45 91 50 55 35 64 53 71 
19 73 30 25 17 43 12 62 98 50 28 61 71 92 65 88 93 61 82 70 24 71 13 94 32 78 66 91 52 86 75 69 60 69 87 17 48 96 16 59 67 91 74 53 97 39 97 78 69 33 96 14 14 80 82 84 59 21 38 91 38 87 71 93 5 13 76 53 11 87 82 16 88 57 96 33 23 60 93 71 31 74 81 44 66 85 17 81 49 28 48 53 96 89 76 10 55 8 54 15 5 22 30 89 35 24 89 11 31 94 58 64 68 84 92 90 74 46 96 88 5 72 47 7 66 83 14 24 
25 88 13 59 79 36 54 93 14 12 49 66 32 56 99 15 3 73 10 40 42 11 2 15 41 30 18 61 51 88 15 3 1 8 1 5 21 12 30 12 51 39 42 33 98 64 54 7 16 93 59 21 53 99 66 44 42 78 10 82 79 16 2 81 1 22 2 82 60 69 89 92 51 11 61 2 83 98 4 83 63 20 80 35 29 10 98 98 98 83 59 94 40 39 39 31 29 77 100 32 62 21 17 63 91 87 25 34 63 6 84 42 71 21 89 24 63 24 28 62 57 27 77 99 47 83 86 27 
58 85 9 73 98 66 32 23 54 21 48 14 54 74 60 39 40 87 9 3 35 61 80 13 97 61 4 62 98 69 100 91 96 49 14 39 68 73 41 66 87 57 28 14 10 9 89 55 58 52 49 61 42 52 96 90 37 69 37 60 91 96 73 38 55 78 35 38 31 12 1 76 85 55 4 87 56 16 67 89 87 38 54 72 41 73 13 53 67 100 9 78 23 31 84 80 2 15 61 52 92 73 36 77 4 60 21 47 87 17 38 35 85 23 21 37 30 65 66 58 51 13 89 47 45 48 99 57 
43 53 75 85 73 11 90 16 51 35 11 7 60 27 6 73 52 94 83 47 21 59 16 52 26 68 89 78 16 21 98 28 2 28 91 54 38 88 69 18 13 52 77 53 96 69 81 24 66 77 44 86 41 81 74 85 19 9 4 81 39 42 70 89 68 18 47 3 63 76 81 59 21 92 1 57 12 89 79 10 99 84 6 8 84 90 20 30 12 10 83 100 41 100 31 11 70 82 8 61 67 50 67 4 70 19 93 12 52 93 65 46 73 16 73 28 40 31 30 39 62 14 14 84 45 86 33 11 
24 11 46 69 99 92 3 34 55 81 81 20 46 48 5 37 71 76 49 8 14 45 75 21 92 54 31 56 92 30 61 29 91 73 20 8 49 89 77 14 1 99 38 4 35 59 91 2 23 26 44 62 76 30 3 46 58 14 73 45 43 5 57 76 4 34 24 59 35 80 8 40 43 31 51 83 2 75 65 94 19 79 43 87 61 80 82 90 52 72 96 15 98 54 94 94 41 71 92 2 8 99 51 49 63 66 86 78 59 23 50 55 97 69 93 36 8 84 3 20 56 45 18 70 2 52 12 30 
10 6 24 22 49 57 36 93 41 51 91 59 76 4 21 56 76 2 79 65 83 27 6 63 35 84 96 35 81 44 17 79 98 62 50 5 73 28 86 60 54 80 7 60 44 79 91 7 67 51 84 42 95 47 83 92 99 77 18 31 88 58 20 87 43 19 15 6 39 58 45 18 65 40 33 90 32 75 100 85 45 7 94 93 25 45 17 57 62 72 95 92 34 18 72 67 11 97 76 85 81 51 58 15 6 58 69 23 12 37 6 71 93 39 56 91 79 67 38 28 4 90 50 80 55 53 70 69 
28 14 7 85 19 1 81 2 62 38 59 16 61 41 100 92 71 21 85 23 50 1 34 67 97 94 59 95 86 91 75 16 81 89 84 65 91 44 33 87 10 13 32 38 75 76 10 8 73 2 80 45 55 6 58 99 11 47 44 93 42 84 40 43 17 35 22 95 93 55 88 52 77 28 17 79 16 2 20 67 35 14 35 77 66 49 15 41 12 61 38 96 71 78 6 33 23 64 49 17 13 1 100 11 41 76 100 82 52 40 89 8 9 65 59 79 12 78 56 82 39 44 1 32 45 17 3 47 
82 19 85 56 18 20 54 66 56 33 30 70 8 34 16 24 40 2 91 15 18 52 19 6 54 26 76 95 32 31 91 66 61 92 94 22 1 71 7 5 24 91 55 78 75 17 73 6 8 85 75 55 18 75 22 85 62 86 50 88 1 14 92 7 43 68 9 54 65 26 37 60 2 60 30 18 81 80 33 73 15 81 14 67 79 70 92 70 67 31 15 32 57 77 17 79 8 99 38 57 32 1 52 81 56 58 39 22 74 16 29 16 85 49 92 62 10 47 93 23 49 43 61 82 82 28 100 99 
72 98 83 21 79 35 12 41 78 76 12 95 3 56 41 37 96 53 90 16 62 92 27 21 57 83 6 36 38 98 96 80 9 71 43 82 95 34 53 89 17 13 10 44 50 32 6 44 20 76 37 13 88 98 54 3 58 76 56 76 51 17 30 93 94 80 36 42 13 40 31 49 97 86 17 87 17 30 85 40 55 84 84 72 40 55 3 35 21 30 81 62 19 91 42 75 31 29 35 8 79 31 2 93 58 81 71 26 18 13 57 25 22 5 51 32 73 100 65 59 10 60 77 94 36 74 89 2 
36 54 13 40 37 25 29 55 71 23 5 61 59 86 56 1 23 87 4 45 47 46 59 17 26 81 71 16 89 14 46 9 48 48 36 73 40 90 55 20 66 61 4 88 91 60 92 20 13 12 68 85 82 8 54 1 27 25 99 57 4 96 57 14 34 40 81 13 76 16 18 72 89 32 91 81 42 92 55 19 72 90 15 59 30 19 32 28 38 40 17 74 84 100 49 91 66 28 36 97 69 52 28 10 92 58 16 97 27 49 47 67 86 9 54 87 72 67 57 97 70 9 70 44 66 90 49 56 
99 45 91 78 70 47 27 3 48 2 96 17 19 34 12 96 70 19 59 42 30 84 94 37 68 78 81 49 1 48 15 27 2 39 20 4 7 86 61 36 34 43 47 74 10 30 64 38 82 24 100 90 7 96 93 73 28 94 94 34 81 91 77 81 58 25 32 8 5 7 29 63 57 89 64 33 27 65 61 60 76 30 88 47 11 56 88 90 77 48 31 91 19 67 32 93 78 11 30 2 10 10 32 16 30 77 4 100 51 90 72 75 44 52 58 19 33 14 81 72 4 79 79 34 43 14 59 92 
26 34 5 63 76 62 13 75 57 54 33 30 47 58 23 98 94 88 64 19 14 9 14 15 29 26 59 78 43 65 23 63 50 6 38 44 16 77 56 90 43 30 62 56 84 51 23 11 5 21 87 13 55 31 91 84 43 23 100 77 17 31 39 89 18 18 47 11 15 38 59 39 55 22 60 44 59 32 86 25 59 82 53 94 25 76 29 36 87 49 29 39 23 72 7 7 70 40 18 34 82 15 46 95 58 83 39 4 37 14 61 18 50 30 80 68 25 14 59 3 86 91 43 65 1 11 4 33 
94 48 91 5 96 68 94 74 97 74 92 11 67 49 55 47 57 100 15 74 6 38 70 83 37 90 36 29 51 11 88 13 59 56 39 10 53 58 93 41 31 43 35 96 34 62 34 42 82 5 73 22 62 80 67 33 96 6 62 51 42 16 15 94 36 19 47 74 42 18 2 74 70 83 65 64 7 24 66 50 11 24 39 74 80 39 75 27 52 25 96 32 25 94 60 8 6 63 15 97 34 84 75 52 37 55 51 39 78 95 86 74 96 92 72 64 33 29 29 33 70 33 72 24 53 9 91 2 
32 84 68 47 55 51 89 87 3 48 3 78 14 84 67 18 14 53 89 46 7 90 10 77 36 19 69 58 63 43 33 76 80 64 60 74 65 58 39 77 45 9 6 83 37 18 14 83 97 30 38 86 82 59 56 17 79 66 1 41 21 28 5 33 95 31 67 41 95 12 66 32 24 32 39 67 81 2 43 27 13 24 98 37 66 43 88 100 79 9 2 65 40 42 27 70 75 22 15 70 33 8 32 21 11 3 70 77 9 50 84 24 23 55 80 87 6 91 77 74 26 86 69 11 16 60 69 37 
4 30 95 50 32 24 33 88 28 23 85 84 54 53 78 34 80 19 72 14 76 73 48 89 25 17 74 3 26 22 29 85 63 83 49 74 98 94 22 71 60 21 26 10 67 27 99 51 73 80 27 89 40 68 69 72 16 45 42 62 98 95 86 27 62 50 21 78 71 41 17 21 36 3 27 53 49 39 45 21 58 70 47 29 21 99 98 82 48 27 70 94 25 76 70 19 80 89 10 64 46 77 27 4 50 27 78 13 45 39 8 77 45 84 78 87 59 90 23 58 84 42 69 45 22 11 94 23 
42 68 19 12 42 85 8 21 57 38 56 58 55 71 1 21 55 56 13 30 46 86 55 89 17 81 17 14 100 66 48 44 53 46 37 12 46 25 50 67 25 74 29 43 1 12 38 14 8 87 94 18 11 11 27 96 29 17 70 14 56 33 45 91 42 18 39 6 88 3 63 2 2 44 78 95 16 92 3 89 66 54 40 88 62 54 12 82 94 51 31 49 12 72 86 97 26 3 42 48 37 66 39 46 25 9 21 20 85 6 34 60 6 6 92 33 100 87 73 5 82 75 56 41 4 32 63 72 
79 52 69 58 39 24 89 22 39 10 38 63 60 66 7 28 39 97 39 77 49 13 27 37 96 71 21 7 4 91 86 54 13 45 21 23 43 77 24 81 93 32 14 86 28 88 62 94 7 19 21 20 93 15 98 73 30 95 4 82 39 76 43 34 5 45 18 29 46 88 94 3 39 4 62 54 98 23 30 73 55 39 24 10 30 32 77 22 99 40 37 45 37 81 96 6 68 79 25 34 31 32 1 68 44 26 28 71 73 64 97 60 7 49 5 38 34 53 98 9 87 68 77 42 29 75 45 68 
72 9 74 61 11 65 26 19 46 24 21 25 87 17 84 47 16 55 46 94 34 68 14 90 95 74 59 41 87 24 48 32 92 73 39 33 79 49 32 29 48 34 76 42 36 71 97 45 63 48 51 47 74 4 21 20 62 34 45 24 21 46 81 20 53 3 89 33 39 37 98 48 33 58 82 1 22 50 100 86 29 93 10 22 94 53 6 30 23 8 46 42 76 36 1 18 36 51 30 23 29 50 67 24 27 83 10 5 92 8 100 32 55 98 19 78 14 94 58 54 20 82 68 82 80 41 14 54 
27 94 36 39 78 33 83 49 93 98 55 41 92 93 57 88 92 16 6 93 48 20 40 33 54 86 22 48 19 34 7 56 46 67 40 33 30 7 63 56 72 78 25 43 91 74 6 74 96 77 15 16 74 100 78 33 41 27 36 8 60 90 38 63 6 19 73 88 52 59 49 19 12 96 75 18 55 96 5 87 60 14 56 81 22 88 55 62 25 27 60 81 61 46 72 2 28 4 46 17 15 100 67 5 31 20 69 75 63 66 78 31 50 23 98 91 20 16 63 74 36 58 76 91 37 17 7 16 
68 95 51 68 84 45 55 23 64 70 74 24 8 86 34 23 9 72 90 8 24 70 93 82 26 10 26 25 43 40 38 56 53 31 84 62 64 68 77 99 77 43 53 20 52 52 4 82 73 67 35 60 75 79 76 42 10 11 61 30 67 28 63 90 76 27 91 70 80 21 82 10 88 43 58 21 59 92 83 64 54 39 90 64 53 63 8 2 59 51 81 24 88 56 68 47 28 83 84 66 25 95 48 22 96 50 80 36 92 77 53 34 78 68 36 76 25 42 47 68 2 90 44 78 47 17 36 10 
28 50 90 40 52 42 91 96 10 94 60 62 11 14 32 75 18 84 85 48 38 95 87 69 5 46 42 4 42 88 53 77 46 32 4 86 5 59 22 27 36 41 58 63 41 36 39 91 89 99 51 68 4 14 46 96 12 80 36 17 5 79 52 54 51 92 55 74 12 83 51 3 45 89 24 62 68 24 56 53 26 13 76 19 100 93 88 35 94 78 25 42 92 71 73 68 11 100 49 65 94 72 73 71 64 23 3 86 19 79 42 5 2 51 2 84 87 84 83 21 32 88 37 63 49 70 56 74 
87 95 22 71 4 54 6 7 10 66 34 45 80 36 93 20 24 90 2 96 14 7 99 23 74 50 96 75 97 39 32 76 2 92 4 72 21 56 30 81 67 11 50 78 48 4 52 85 29 77 57 65 93 40 98 3 69 14 39 96 64 67 57 77 19 97 88 6 21 98 85 46 4 33 19 98 67 88 53 55 91 85 55 31 99 35 72 27 42 65 19 60 63 31 2 85 59 30 96 17 69 74 65 43 29 65 29 87 54 8 10 2 31 72 92 20 4 3 44 90 40 64 36 3 81 54 2 19 
74 62 69 53 24 76 2 92 97 51 35 55 34 96 97 83 92 99 81 61 54 16 55 24 22 31 100 5 43 8 93 61 36 8 59 32 52 44 98 21 50 90 98 22 53 61 40 30 49 35 17 2 37 11 24 19 27 77 18 90 21 8 18 69 20 16 95 67 36 59 84 21 79 52 6 32 49 48 66 16 5 81 100 48 33 83 84 48 91 44 1 95 68 75 18 40 38 8 92 4 80 48 97 8 53 49 75 59 100 26 10 6 99 66 41 37 38 12 82 72 83 49 25 98 63 13 14 17 
74 20 41 15 26 4 67 3 74 61 22 58 50 54 83 5 41 67 39 73 54 54 28 18 1 76 2 100 36 99 57 73 85 17 5 3 70 77 12 2 92 52 38 8 66 31 39 99 90 92 95 12 87 61 89 75 19 16 91 59 14 74 59 76 22 47 76 36 20 5 73 25 96 67 13 69 42 56 98 58 38 29 10 10 95 57 82 90 31 30 100 95 73 32 31 18 85 20 65 24 50 21 69 87 84 60 65 16 69 84 6 65 18 63 6 55 86 68 7 66 11 54 71 80 44 42 26 33 
29 48 63 53 81 88 76 63 86 47 10 2 83 68 95 72 87 75 30 85 99 45 96 12 67 6 71 90 22 31 60 37 65 54 62 67 22 67 61 17 37 67 53 87 80 69 55 95 79 1 98 18 64 26 84 98 12 98 49 9 45 26 55 58 90 81 27 84 74 78 7 99 55 3 79 65 15 31 27 2 2 98 5 35 90 82 49 81 78 29 82 62 9 51 48 83 8 83 80 72 24 96 100 36 93 67 21 50 54 47 4 98 3 29 78 27 73 46 17 8 78 56 25 50 93 93 55 39 
38 85 50 14 7 18 54 25 74 50 20 55 30 33 27 31 70 23 49 99 21 83 31 19 31 58 92 86 49 82 87 80 17 96 95 98 29 30 27 24 94 25 57 87 4 24 66 27 76 36 5 89 78 2 25 52 24 48 1 53 100 85 6 5 83 76 35 65 6 81 87 93 70 13 58 96 45 52 59 30 22 24 45 66 30 9 17 90 67 67 71 78 7 79 53 11 6 83 34 3 84 46 33 99 31 25 84 85 54 68 97 59 44 11 10 20 14 72 27 15 35 95 77 59 95 30 7 8 
30 49 72 83 2 100 11 54 72 24 81 47 30 93 69 30 89 30 46 2 13 1 48 99 84 69 41 29 36 20 45 88 90 67 73 44 26 68 92 80 16 58 72 20 95 41 20 63 55 61 99 76 13 46 58 38 81 34 28 1 94 66 46 23 27 87 66 86 62 51 58 76 63 86 87 24 86 59 78 72 46 100 24 65 78 61 14 85 97 87 1 2 37 9 43 36 18 58 1 71 21 84 33 53 33 76 48 67 95 16 52 28 5 35 17 73 60 54 75 3 73 88 78 35 83 87 7 25 
2 75 20 11 58 56 6 72 85 95 99 61 85 30 79 91 6 96 100 57 81 40 2 55 62 51 90 82 68 27 29 15 28 79 70 12 77 98 80 7 76 63 63 59 96 77 21 64 4 82 23 52 74 17 48 99 7 28 79 67 61 79 51 81 22 53 93 95 69 86 76 27 17 39 72 13 24 30 96 68 10 43 4 45 56 64 10 16 7 33 93 97 49 35 79 99 54 3 71 33 39 10 85 47 62 71 77 66 80 21 66 34 78 68 19 93 27 36 50 96 54 23 97 79 71 89 34 68 
50 72 14 38 81 41 16 3 80 22 20 96 19 47 66 2 34 19 75 75 11 35 10 37 50 25 51 42 36 85 99 84 50 90 34 79 13 59 95 21 61 45 83 82 75 72 87 31 100 71 7 82 85 96 88 75 10 11 83 72 4 57 58 94 56 20 16 71 84 19 45 33 15 13 51 66 11 86 17 87 76 40 8 20 51 51 85 32 33 53 75 39 42 12 88 88 20 95 99 68 18 62 86 82 73 77 71 57 45 65 43 2 39 25 60 69 46 38 65 72 95 13 50 19 35 78 45 51 
26 14 75 19 29 25 67 4 54 81 35 96 46 53 4 43 70 40 38 57 99 53 79 76 52 54 11 54 11 68 58 84 30 49 98 67 96 74 37 69 30 63 33 81 12 74 88 6 18 65 63 6 66 96 99 36 94 58 73 38 11 52 15 6 38 20 19 91 90 28 60 61 57 14 12 62 35 67 69 3 88 64 64 15 66 40 70 38 2 25 27 31 64 49 90 64 61 63 37 17 71 51 27 64 33 73 66 23 83 35 53 56 96 48 33 98 21 31 65 8 92 100 1 92 38 88 19 53 
40 3 18 54 74 50 69 41 64 10 48 54 34 16 57 81 79 46 96 64 81 99 24 53 47 80 67 16 47 41 8 72 2 46 26 41 86 18 3 76 38 63 69 18 76 8 21 87 59 15 17 1 76 9 43 33 47 96 10 33 42 5 84 31 30 97 49 5 11 98 17 79 5 53 39 47 64 21 33 94 43 18 100 68 48 75 53 55 56 66 48 94 58 94 88 84 67 43 41 11 56 3 97 77 36 29 62 35 57 18 38 36 54 79 40 6 44 22 42 57 14 40 42 91 94 10 31 71 
25 94 71 14 90 55 90 26 28 9 85 96 77 60 25 58 63 45 43 87 56 31 64 74 96 16 50 60 59 5 73 82 14 79 60 69 53 74 62 18 7 63 22 68 12 33 82 20 25 39 13 7 59 100 58 59 51 3 23 93 82 64 80 57 47 33 76 57 78 37 28 20 99 2 6 99 84 84 91 49 79 89 31 91 42 7 78 60 57 79 17 25 54 87 22 46 61 27 75 11 21 36 70 23 61 85 90 55 17 69 3 83 86 76 53 66 87 19 15 91 26 87 40 5 69 1 76 4 
19 1 48 51 2 67 11 51 43 73 79 51 71 30 19 100 49 25 28 24 72 72 38 25 33 1 31 54 7 55 32 83 93 49 15 24 90 24 40 97 34 36 47 17 81 77 63 70 93 60 38 72 54 77 53 52 51 84 19 33 17 48 28 87 43 82 50 43 77 7 8 65 80 61 72 83 26 74 31 70 100 85 27 19 35 23 6 20 54 35 47 98 47 42 88 65 38 90 10 99 6 67 46 76 74 11 63 5 41 93 64 73 34 18 81 62 19 17 85 13 70 10 97 73 38 59 74 45 
91 54 19 85 35 85 35 71 80 53 56 100 41 19 20 75 90 18 72 36 85 78 83 43 85 93 91 9 93 50 55 49 2 86 22 99 63 73 26 56 98 8 60 17 16 78 73 47 20 80 23 67 55 26 93 68 34 49 57 97 86 20 84 22 28 30 80 44 99 13 25 61 43 58 33 29 46 32 40 76 34 89 70 30 71 89 93 27 10 69 47 93 1 43 10 55 27 60 82 18 52 56 37 7 75 78 46 18 65 3 68 38 33 62 3 23 43 34 19 63 63 82 46 79 82 37 21 37 
31 91 49 80 64 41 80 72 5 71 71 45 7 69 24 96 67 11 59 1 54 12 27 56 38 74 76 69 58 33 62 74 44 4 16 93 93 19 75 65 4 13 5 47 70 33 18 1 94 7 42 68 67 85 50 23 91 82 23 1 70 55 93 43 65 17 11 31 59 84 7 60 39 47 46 83 38 52 48 47 76 72 28 91 29 96 40 84 92 8 80 53 36 43 69 36 13 14 6 67 88 13 82 11 2 16 34 59 28 87 74 76 82 55 11 100 97 50 52 63 71 91 52 14 34 34 39 88 
100 20 5 46 68 25 9 49 79 21 2 61 46 53 84 64 44 50 78 54 85 23 24 95 24 52 98 59 52 65 7 87 29 32 80 63 80 3 29 2 52 60 36 8 19 12 74 44 54 60 20 5 75 69 60 53 30 98 35 11 79 51 54 45 50 3 47 50 41 56 37 60 92 34 47 92 62 56 33 38 53 99 27 19 62 16 90 9 82 80 40 6 38 90 34 87 50 13 88 35 17 96 93 29 1 15 87 83 58 27 91 1 88 34 70 27 94 34 59 25 15 55 29 18 78 21 76 3 
47 65 95 63 75 28 36 23 75 20 55 9 50 28 7 71 34 12 63 94 93 4 5 83 31 81 36 59 58 14 9 81 40 50 23 45 100 29 40 24 61 80 26 60 41 4 17 28 43 40 51 23 25 73 30 68 24 80 56 49 8 36 83 57 68 98 92 57 97 88 69 100 42 78 40 83 34 92 50 92 9 62 20 83 27 5 10 46 41 96 43 31 75 74 57 48 73 24 21 9 63 50 25 11 87 36 86 87 45 70 3 47 18 42 81 12 19 84 86 1 97 39 58 48 99 87 10 34 
99 23 58 14 25 31 36 72 14 42 100 34 14 14 89 58 52 76 64 80 21 77 88 59 17 47 69 71 15 6 86 43 33 15 24 89 45 6 42 87 92 92 1 37 14 90 10 41 2 64 77 1 88 46 1 47 36 12 30 80 86 89 46 94 51 92 29 30 40 6 11 67 37 3 41 55 13 81 52 20 21 39 82 31 36 91 1 16 98 69 98 19 39 49 51 8 80 81 38 65 24 54 37 17 7 17 98 27 51 46 72 75 88 25 9 39 8 60 100 1 3 46 90 86 8 46 60 100 
4 90 4 72 15 94 21 24 86 35 90 30 51 74 67 9 62 33 21 53 88 85 85 43 12 37 6 50 90 86 36 94 95 76 9 98 82 54 88 36 31 74 5 26 18 65 90 65 75 5 83 44 49 94 16 18 13 9 16 11 16 2 20 50 1 17 80 56 24 37 100 2 61 6 100 46 87 10 96 33 80 35 18 15 29 33 76 60 25 60 64 73 72 64 76 8 11 99 36 3 91 8 17 31 73 28 72 21 65 85 48 22 45 3 60 32 78 81 14 65 10 58 87 45 55 7 37 91 
100 84 72 95 95 70 37 84 94 33 75 7 72 82 98 37 59 94 42 38 51 8 92 95 5 46 81 67 56 51 15 3 94 25 27 18 93 34 50 18 80 16 54 23 36 96 84 87 28 24 89 30 92 100 85 99 79 66 44 62 64 98 34 70 51 84 56 84 86 11 97 1 22 68 33 46 79 22 70 82 62 13 43 54 82 54 49 42 78 73 95 45 44 15 75 57 100 56 83 36 58 15 12 29 67 95 65 20 63 66 57 80 57 79 50 70 96 51 12 98 52 81 20 1 91 33 39 74 
91 53 78 63 8 58 100 93 52 89 64 30 1 19 74 18 84 85 8 1 47 96 62 17 75 25 21 77 31 21 80 59 38 71 78 46 26 86 81 87 25 47 73 48 26 49 48 15 56 72 9 92 45 99 93 40 83 8 56 17 28 30 19 29 22 10 60 17 84 23 14 47 97 67 49 73 7 53 66 71 32 28 8 43 51 51 55 69 51 29 48 69 18 94 71 12 18 21 18 34 95 66 42 49 16 1 59 28 65 12 11 85 67 59 37 8 67 10 92 40 49 33 43 92 15 28 15 77 
81 91 30 32 51 64 54 38 26 70 27 20 11 70 93 10 20 71 56 53 31 90 90 15 82 95 88 7 65 75 92 19 74 58 81 48 87 15 57 12 90 53 43 35 68 99 55 86 68 14 17 70 66 17 26 24 76 86 65 62 63 48 57 9 32 64 86 69 28 54 71 61 53 19 22 61 98 18 68 57 27 7 58 68 57 38 30 9 62 34 27 30 19 64 65 30 78 82 20 93 14 97 11 86 98 50 52 74 69 17 7 51 46 16 40 2 35 80 56 26 35 24 35 15 74 98 95 53 
1 71 56 81 14 30 10 86 25 60 43 4 31 83 54 27 83 74 56 31 65 60 93 39 4 14 3 89 60 45 10 83 24 25 98 68 43 73 49 8 31 19 49 78 5 98 11 14 20 17 53 33 1 32 50 59 36 8 20 92 100 72 87 95 27 95 70 11 31 18 23 50 55 89 18 83 43 74 20 40 56 99 31 39 64 61 34 33 19 49 13 99 37 16 30 53 1 70 97 70 71 57 96 64 24 82 74 42 17 31 97 3 45 49 20 35 78 45 21 43 1 23 69 63 43 54 77 62 
50 34 38 87 33 83 50 8 4 49 73 98 61 61 10 17 73 99 54 76 30 82 82 90 44 53 74 20 32 40 22 90 17 18 68 5 66 36 65 89 21 43 26 7 45 55 39 42 55 45 58 71 26 94 45 20 9 27 95 5 30 41 40 39 71 8 18 20 46 90 67 32 54 67 90 99 93 76 83 16 96 56 27 72 79 17 2 33 60 85 84 33 3 63 51 28 20 42 2 81 9 67 49 50 79 62 84 54 87 9 86 87 30 35 70 60 34 3 91 59 38 21 84 17 9 28 70 32 
63 97 9 57 17 30 91 62 44 17 73 96 47 91 73 16 3 85 67 37 23 43 42 83 9 75 71 84 2 25 27 39 36 41 95 90 28 88 76 1 28 39 87 7 74 58 61 59 49 13 93 40 21 100 2 43 82 47 85 58 62 11 22 98 62 89 55 49 86 87 84 91 97 73 77 30 82 18 33 44 88 38 26 7 13 4 38 39 68 21 4 29 68 4 48 66 30 93 67 74 53 43 48 89 16 34 77 87 91 6 30 57 49 51 87 20 17 4 98 78 10 44 68 92 56 9 36 90 
24 21 83 90 46 92 2 62 41 34 71 66 53 96 78 86 9 38 39 16 54 93 14 22 95 47 18 20 86 85 80 19 32 82 96 20 15 48 47 44 69 95 89 47 57 23 61 76 98 6 12 95 14 42 79 95 51 73 56 87 17 84 36 42 6 69 50 65 69 56 26 46 97 13 66 83 23 37 82 99 42 59 51 85 90 52 83 86 18 87 42 49 71 49 62 66 16 99 94 98 67 1 66 69 91 44 3 70 10 5 98 2 56 81 7 87 49 15 22 97 27 22 97 96 50 92 56 90 
94 43 73 9 62 30 81 13 60 38 53 15 15 75 79 5 64 69 53 46 76 31 55 32 6 2 49 90 62 5 3 70 67 49 39 34 100 17 86 73 19 68 10 34 91 65 60 53 37 42 76 66 49 53 89 82 48 75 13 35 7 90 54 30 69 34 61 23 3 12 96 37 19 46 26 26 55 32 67 74 93 67 4 15 76 51 95 99 78 39 13 86 18 67 37 27 22 65 84 75 25 28 72 68 35 98 98 16 94 27 22 80 79 84 30 100 99 73 25 69 13 97 98 76 23 23 93 29 
64 67 55 29 26 11 35 32 67 83 87 55 96 100 44 10 38 79 47 52 12 21 98 4 44 44 53 14 67 44 100 90 45 23 87 14 34 3 20 55 46 60 39 2 85 53 99 22 17 36 54 40 9 94 1 71 17 14 59 58 78 66 27 100 43 80 21 97 100 32 61 89 50 95 37 28 61 66 4 41 79 57 17 58 32 47 50 63 55 23 8 79 87 31 88 7 72 71 20 76 76 41 88 58 23 64 29 18 63 63 87 70 65 52 32 5 35 87 64 23 46 28 28 75 90 49 29 34 
78 18 2 36 24 45 73 19 24 37 78 18 94 7 44 31 48 92 38 73 92 94 72 56 34 54 15 97 18 60 1 90 43 59 70 26 6 13 59 69 90 63 41 3 10 32 51 20 81 69 91 36 51 1 78 92 99 74 53 67 69 14 36 27 42 3 87 94 83 94 82 6 10 58 19 86 23 83 4 34 51 22 30 96 56 21 92 45 67 27 35 40 31 88 91 76 90 47 71 38 8 52 45 31 18 74 57 47 33 21 43 27 39 11 83 60 98 47 52 91 38 61 65 1 27 19 53 46 
78 72 12 44 63 53 61 99 42 39 17 55 88 34 77 89 80 23 88 65 49 52 43 92 3 64 90 65 1 48 49 19 31 98 41 24 98 51 31 64 31 4 64 38 74 54 26 50 84 48 76 98 87 12 41 4 76 92 86 13 59 4 7 35 72 72 74 70 79 11 54 90 66 72 53 13 76 41 85 27 20 54 10 94 22 53 96 13 89 11 18 81 33 79 73 86 58 19 5 96 1 36 33 73 26 14 72 78 21 74 49 28 77 45 26 22 13 97 69 58 10 71 94 4 80 50 40 18 
24 52 76 93 69 24 40 38 11 24 2 84 71 22 10 18 41 35 29 11 68 30 69 99 41 81 87 40 36 27 25 66 17 61 51 56 67 69 50 84 64 54 15 82 28 65 16 98 11 3 8 6 41 84 33 80 14 51 95 55 63 76 41 13 22 3 33 36 82 34 33 19 73 100 85 31 21 2 52 64 86 7 39 65 48 77 24 100 10 21 55 5 77 2 56 42 21 79 35 4 45 49 77 90 7 65 58 10 53 83 95 37 11 100 87 63 88 56 38 46 35 71 81 20 69 89 79 87 
68 55 16 28 50 54 1 39 4 43 32 98 75 30 72 48 38 81 11 75 47 82 30 90 40 34 20 51 74 79 13 19 5 100 41 95 37 32 69 75 38 78 85 18 32 27 77 35 10 62 75 57 83 17 42 81 90 30 18 14 27 26 71 55 90 1 24 32 13 13 98 18 74 62 8 65 23 66 97 17 61 89 42 26 37 88 16 76 51 42 56 86 60 83 67 71 47 41 33 72 47 87 92 53 73 6 30 38 23 26 77 8 42 71 25 58 39 60 6 44 75 56 30 18 10 83 30 77 
78 74 46 42 80 31 96 83 67 89 52 72 94 61 51 41 31 45 82 45 59 100 17 62 23 99 66 41 79 4 88 70 60 53 75 24 74 7 59 51 36 64 28 94 70 58 34 4 14 93 4 55 88 99 9 51 82 27 85 19 14 86 17 31 78 70 52 65 76 94 66 54 95 58 74 99 64 88 85 39 35 76 24 55 64 54 18 15 29 83 91 17 42 75 47 97 40 96 20 68 57 68 3 65 56 6 7 59 49 33 54 91 37 5 14 100 21 84 94 100 8 60 73 76 76 29 44 100 
74 17 98 55 54 81 19 7 78 1 89 32 96 89 29 31 21 17 55 36 15 47 78 15 91 67 46 43 40 70 31 38 36 80 60 23 61 12 61 27 11 4 78 99 90 57 93 52 37 18 64 41 4 85 87 75 52 48 19 80 93 95 53 10 26 39 86 98 99 90 36 53 100 5 66 31 53 49 88 5 90 100 85 93 17 70 59 23 59 66 35 75 51 75 81 5 28 65 84 89 98 40 33 64 7 91 7 72 100 47 74 73 21 41 26 63 58 38 11 11 72 33 55 2 75 50 93 94 
90 78 61 45 40 1 69 80 32 46 87 44 69 83 2 73 11 44 36 50 59 50 36 80 83 82 4 21 57 95 36 64 64 9 67 29 36 13 62 14 78 48 32 11 37 35 60 64 93 79 96 45 95 11 95 80 88 70 96 79 6 43 54 32 24 85 100 12 57 71 12 58 78 50 90 3 25 25 35 53 21 89 5 5 76 65 11 4 90 68 44 74 3 97 81 42 91 47 73 67 61 21 89 53 36 26 2 78 79 64 36 33 2 51 16 46 27 7 51 97 12 26 7 9 47 19 93 38 
87 11 71 79 57 34 50 91 53 52 73 50 64 6 40 34 59 6 51 10 71 69 71 46 66 39 91 50 49 58 48 92 40 45 68 32 70 23 77 25 60 97 39 72 33 97 94 7 41 66 80 26 57 86 71 71 75 11 87 91 32 70 82 71 18 37 4 66 19 65 81 21 77 87 32 46 80 49 89 54 70 29 86 51 26 45 1 27 67 23 54 37 51 80 90 4 1 17 14 94 93 70 64 78 17 14 1 35 93 14 5 60 12 13 88 51 44 45 37 91 15 63 11 45 54 31 65 80 
61 74 57 2 75 6 3 42 11 30 22 56 64 19 21 67 73 27 25 89 15 49 79 35 32 88 1 21 40 7 78 97 93 35 98 66 15 29 94 56 92 51 64 32 48 17 14 60 48 55 82 37 90 84 92 57 20 15 93 100 80 35 89 60 52 25 85 10 96 13 78 13 81 69 39 46 73 34 42 19 4 41 78 22 26 96 60 35 52 1 22 5 70 26 92 90 57 75 67 16 22 53 3 100 34 75 77 48 95 81 98 100 81 88 77 15 43 45 28 12 96 69 81 58 70 51 33 73 
62 42 42 86 89 2 82 69 36 75 64 16 3 64 97 1 22 97 22 49 81 37 10 39 46 94 41 66 18 10 89 85 46 26 92 78 11 40 75 23 13 100 81 14 46 28 46 62 67 59 45 24 2 42 93 98 1 11 54 37 68 63 55 93 73 41 56 59 95 94 80 54 93 7 97 28 30 12 89 40 64 74 87 67 44 38 96 67 79 62 31 88 55 42 53 9 24 83 76 16 36 71 70 13 14 20 13 75 5 90 99 10 49 48 67 16 80 5 61 79 46 33 91 72 83 78 18 96 
16 69 13 6 17 74 74 66 60 22 89 30 84 90 23 20 15 78 52 72 8 35 66 19 4 85 92 70 16 4 14 59 57 21 84 78 34 95 56 30 35 56 96 61 76 60 8 14 9 80 8 51 14 81 91 34 50 90 85 76 55 22 61 7 33 61 96 69 31 53 57 19 61 55 8 66 2 12 40 45 25 20 10 16 88 6 41 1 55 84 74 77 38 36 1 66 30 29 15 31 1 40 7 16 66 78 27 43 35 64 57 59 47 70 45 67 68 33 22 53 38 17 66 7 36 30 26 13 
84 24 35 25 12 48 5 50 60 85 40 66 19 57 9 77 95 45 25 28 28 26 84 34 32 69 87 23 36 11 35 73 15 66 49 21 80 40 11 33 17 26 61 33 19 65 59 100 45 52 8 45 10 52 99 16 92 16 29 48 62 33 68 58 45 27 59 83 31 38 16 59 72 62 22 4 82 26 4 18 86 91 20 54 21 56 61 26 38 76 22 11 91 96 22 44 58 66 83 24 47 15 68 8 78 11 83 24 31 88 9 16 78 61 45 45 71 23 87 51 75 25 13 27 74 42 91 4 
98 4 13 14 51 55 52 21 8 65 72 39 73 75 60 78 2 11 18 61 31 5 74 28 52 65 94 42 45 93 73 19 1 79 87 50 93 85 46 71 8 82 65 90 56 36 33 64 29 98 54 62 59 98 35 47 27 29 15 10 83 71 58 54 100 81 25 58 50 57 3 93 50 19 24 12 73 19 12 3 97 4 69 63 31 32 54 46 63 66 98 42 45 25 73 5 49 66 34 60 66 24 92 37 97 15 19 46 2 85 92 74 37 87 45 34 77 65 47 72 83 89 72 65 65 69 36 18 
48 49 34 23 60 81 30 70 22 77 61 7 56 73 18 92 92 88 25 57 59 47 11 89 17 76 16 54 52 4 43 32 71 36 70 92 14 66 37 52 88 15 19 18 8 8 85 18 4 82 69 62 33 12 42 79 96 46 64 56 47 64 9 38 37 12 16 4 97 55 86 48 16 88 68 67 8 57 58 51 25 1 100 78 81 60 45 74 81 38 63 8 2 21 24 4 100 71 86 32 23 25 17 31 46 26 64 83 96 90 73 77 50 90 54 69 39 8 4 25 42 3 38 5 27 25 12 26 
63 32 18 45 78 29 59 44 48 18 21 67 30 37 20 45 38 99 43 68 59 49 48 12 83 58 12 60 91 37 87 13 41 10 84 65 19 65 66 91 39 90 63 56 97 81 28 26 71 50 19 87 86 51 78 82 66 96 61 7 96 4 8 5 71 45 44 88 86 87 29 72 98 65 72 81 13 16 97 62 26 18 14 4 9 27 90 10 69 39 85 51 23 21 44 47 41 61 16 74 85 77 14 69 58 11 88 19 74 47 84 13 55 54 58 45 14 45 82 80 95 75 48 30 76 28 20 55 
8 15 7 81 7 61 2 3 25 35 36 91 37 75 92 47 48 49 11 18 96 48 5 9 91 61 37 4 98 3 89 64 85 53 35 53 58 47 67 90 67 78 38 32 74 34 62 95 52 52 75 53 29 46 32 97 62 35 32 81 18 13 62 20 76 41 85 11 7 55 14 59 94 24 49 67 39 20 24 54 69 6 86 59 63 95 74 79 98 10 58 44 15 80 22 73 30 95 6 29 15 56 8 58 74 77 63 88 56 58 77 49 26 53 78 73 31 31 96 59 68 56 68 64 73 62 98 68 
57 85 59 8 13 99 24 50 18 78 94 10 69 5 28 71 20 83 67 69 10 93 35 60 99 8 40 15 27 54 60 66 90 67 9 68 21 38 24 24 33 85 80 9 48 49 24 76 18 41 93 77 61 81 92 30 63 37 60 18 58 24 72 53 9 51 57 3 26 23 35 44 29 63 56 25 66 66 63 33 49 84 70 76 27 51 29 71 11 23 52 55 5 46 97 19 76 81 39 46 94 65 58 45 82 21 7 86 67 87 19 74 76 31 40 24 45 100 66 9 41 8 94 1 39 99 83 68 
36 37 64 76 85 56 100 89 56 31 93 18 24 28 8 51 4 12 65 60 18 79 41 12 27 69 66 33 99 8 89 1 16 89 29 67 98 91 88 19 51 44 70 7 87 22 15 12 43 71 1 46 96 48 55 17 55 87 47 26 76 41 55 19 97 67 55 58 18 85 47 81 2 67 67 66 53 2 13 44 26 45 48 44 37 95 13 57 49 77 62 37 66 88 49 82 69 41 83 62 52 39 42 18 31 58 63 21 28 70 30 94 40 22 68 1 95 8 1 67 43 81 12 77 12 18 51 56 
66 7 2 33 79 67 24 51 12 29 21 75 24 63 52 90 77 27 9 34 3 91 3 93 66 42 25 58 50 88 40 49 78 13 69 59 9 68 23 42 1 65 61 75 28 13 53 40 32 21 98 53 30 6 47 20 42 30 39 48 35 8 63 29 46 2 82 93 62 40 35 56 14 31 66 73 71 41 55 53 29 5 9 64 48 2 55 45 20 60 46 52 25 61 35 25 16 72 26 41 78 67 4 33 53 72 42 11 18 8 33 33 23 69 57 100 75 50 9 8 59 72 92 64 60 56 43 6 
99 64 70 17 44 81 15 5 27 43 73 76 18 48 16 80 64 100 73 79 26 81 71 12 47 19 98 62 31 9 23 60 35 14 71 7 38 85 36 23 98 93 99 3 90 5 32 7 58 23 72 11 1 5 85 62 1 97 4 17 15 89 68 35 1 80 84 84 18 4 13 62 79 77 9 100 13 32 87 78 67 5 52 19 51 48 75 82 77 94 8 69 93 56 29 29 52 72 42 82 46 23 17 93 16 74 2 59 41 8 73 99 22 43 38 59 37 39 57 45 30 29 34 16 88 80 95 46 
60 28 46 70 85 12 8 13 98 14 98 23 30 22 46 99 69 82 15 44 14 40 6 91 45 20 49 33 54 59 36 65 60 100 65 99 74 37 52 64 94 5 1 46 99 82 44 83 88 44 76 3 15 22 28 61 45 79 97 24 90 77 99 81 48 7 58 3 91 86 64 54 75 86 68 47 57 66 55 36 36 62 88 8 28 46 49 58 91 82 65 35 13 92 49 54 73 54 43 39 95 24 34 74 20 45 52 53 25 34 86 1 65 15 29 35 89 14 54 49 53 100 90 52 62 74 26 69 
76 92 48 21 29 100 66 17 72 38 28 83 98 15 96 14 5 5 87 61 27 62 51 7 90 37 33 94 10 22 5 3 4 19 28 3 20 48 22 22 70 49 80 93 7 64 44 35 94 21 67 60 7 72 4 97 84 3 9 66 2 92 82 87 8 28 82 74 94 30 60 81 14 24 16 85 71 65 12 90 65 1 80 50 93 19 95 25 24 76 21 80 64 48 55 86 44 81 22 62 86 16 48 71 53 3 91 19 72 85 43 24 80 66 86 3 52 20 6 29 29 87 46 78 41 60 27 85 
99 22 92 25 55 32 86 91 71 58 27 65 88 70 26 63 55 29 45 34 74 81 77 35 75 84 61 7 52 29 66 11 85 21 5 31 79 50 21 96 48 79 7 79 87 92 14 79 44 93 17 51 6 47 32 2 10 20 81 61 87 53 28 7 69 59 51 21 41 40 16 85 90 18 92 51 40 77 25 99 28 40 2 88 31 55 18 30 11 49 96 61 46 32 92 48 85 39 100 80 46 4 89 80 28 18 60 7 37 95 27 47 93 23 14 95 21 68 33 54 69 96 11 61 90 29 28 81 
36 90 73 67 77 89 75 46 43 4 56 45 77 42 71 70 93 17 41 96 22 27 31 90 3 81 94 98 73 78 33 89 55 55 87 32 46 69 45 17 4 23 88 65 68 91 100 47 93 52 31 73 56 23 15 57 46 40 88 20 22 6 57 91 52 31 14 72 25 5 23 48 75 5 2 64 39 53 14 39 76 96 49 90 66 14 39 77 50 65 83 57 74 64 99 80 67 18 79 58 7 74 54 79 84 17 26 35 44 76 67 68 26 79 59 66 31 33 27 59 16 59 26 82 19 16 62 96 
80 2 89 52 25 94 57 62 16 28 88 78 66 8 49 88 94 72 74 98 62 69 37 55 6 70 20 52 54 88 53 3 77 15 7 2 77 100 46 57 73 17 94 16 33 36 20 8 70 64 6 16 87 32 83 41 60 59 20 100 12 85 37 86 83 91 43 62 79 42 90 5 80 58 76 90 35 29 76 51 55 11 8 32 90 21 81 50 18 78 89 9 26 99 7 81 76 27 91 15 72 7 39 52 3 69 8 37 81 54 98 96 7 46 73 83 5 55 57 67 18 2 68 49 66 51 11 99 
80 54 34 43 30 67 96 41 50 78 27 85 97 10 41 49 88 55 71 95 84 96 39 5 9 68 94 65 58 40 49 39 21 80 25 23 35 70 94 48 24 17 78 71 95 39 33 32 54 69 25 43 78 4 59 55 60 31 82 27 100 75 19 92 39 1 5 34 33 13 28 39 80 68 74 32 57 21 83 33 38 1 42 99 34 49 86 89 67 64 41 2 94 48 91 78 23 25 95 66 8 46 66 53 15 6 68 88 27 60 40 58 35 99 48 65 10 56 85 54 15 4 41 12 23 71 9 24 
83 66 56 2 62 33 37 56 28 71 22 22 98 22 17 48 30 35 53 93 2 4 47 6 21 42 91 60 53 3 60 41 43 53 64 20 82 5 82 89 82 98 32 26 88 68 83 97 60 27 76 12 57 30 35 89 15 38 77 96 45 36 52 76 28 36 51 36 97 96 48 19 9 12 100 84 72 65 25 56 25 100 83 68 48 34 62 74 25 81 18 18 23 77 75 16 2 56 56 66 56 91 38 59 11 2 92 50 61 69 57 51 28 93 34 24 100 6 19 15 100 7 13 36 52 78 78 32 
94 51 53 19 60 1 85 38 26 2 65 68 5 42 45 17 52 13 71 3 97 92 18 84 53 7 81 87 84 13 30 41 55 7 51 29 43 40 83 85 2 59 15 87 13 8 28 72 74 24 19 41 93 89 6 85 7 88 59 89 32 20 57 62 31 10 19 69 13 58 59 42 65 76 41 10 68 97 38 18 23 24 76 77 9 60 98 72 19 55 88 82 10 36 18 91 77 20 36 62 46 49 42 17 66 95 51 54 65 54 14 61 72 61 94 30 33 41 88 97 27 43 50 95 55 88 75 8 
18 66 55 88 66 1 42 21 50 34 18 89 51 50 98 60 77 85 46 15 1 15 30 86 61 30 60 57 58 36 62 53 50 34 1 28 10 36 69 80 3 96 55 68 17 30 55 78 82 17 42 32 96 36 30 17 72 9 82 66 38 85 59 69 10 62 46 28 33 19 58 37 90 77 45 89 69 20 86 8 46 22 71 8 22 64 51 26 3 20 35 80 18 82 89 88 74 22 16 29 32 73 58 98 76 66 53 41 100 2 41 21 81 20 72 12 67 80 22 75 20 8 21 86 11 99 98 60 
9 77 24 59 28 4 53 11 44 99 48 62 92 82 41 46 58 74 14 22 43 11 85 24 25 72 55 83 65 19 34 4 38 80 48 3 88 47 10 16 71 88 20 32 32 3 48 95 49 96 26 89 27 36 24 51 63 84 41 56 74 99 30 84 40 54 70 16 13 56 57 93 21 96 2 77 28 16 68 48 50 8 82 64 8 57 34 90 79 34 71 49 17 29 84 58 16 51 8 90 32 57 36 98 13 39 83 39 84 93 1 62 57 1 73 55 91 61 7 46 94 90 75 45 64 32 19 10 
89 25 31 82 15 77 86 9 17 19 7 74 7 80 79 99 42 30 20 82 14 15 66 46 18 87 76 50 16 27 44 45 37 24 54 3 96 48 61 83 61 3 61 56 73 54 23 65 72 100 90 96 93 85 61 13 21 49 54 57 90 16 4 64 78 39 46 25 71 44 35 12 85 1 88 18 89 60 71 80 3 37 67 41 43 97 22 86 52 61 69 49 43 44 4 66 82 100 53 83 39 74 51 93 62 20 78 16 58 90 93 28 53 75 53 86 71 50 11 48 91 39 24 10 40 37 55 63 
83 75 83 65 48 75 37 64 82 44 53 88 17 6 19 10 37 20 54 36 92 9 84 75 20 73 81 46 22 39 11 98 23 5 31 94 69 93 51 85 49 67 41 55 93 30 91 53 92 9 40 56 79 30 79 62 55 80 15 1 64 89 35 29 37 82 90 92 56 58 79 38 13 1 57 9 93 53 77 96 56 51 69 90 16 3 69 50 37 64 25 47 21 26 15 75 27 84 5 70 37 38 80 24 16 13 7 56 51 72 37 24 75 67 25 51 22 85 92 15 48 6 29 15 25 34 18 84 
3 69 47 95 2 70 61 39 69 28 93 6 11 71 2 62 79 97 19 78 19 71 12 93 2 83 29 62 46 1 56 33 50 88 43 60 63 26 65 60 59 35 22 5 80 41 55 8 6 54 11 77 12 36 29 30 65 92 47 65 98 12 98 64 66 74 52 21 7 7 23 34 34 77 91 58 51 66 38 33 87 75 1 2 52 67 99 75 54 31 23 79 16 70 20 27 23 17 19 92 42 5 24 44 69 38 86 68 76 23 64 55 9 53 32 97 54 5 21 54 5 44 30 89 29 85 61 19 
27 58 12 38 22 30 18 28 60 98 18 73 33 47 84 4 71 91 72 49 9 20 60 89 63 5 61 77 76 58 71 95 75 31 82 24 80 38 53 84 26 59 27 33 72 35 3 24 53 16 22 90 41 13 8 80 15 89 92 12 68 12 19 55 67 53 47 82 58 51 73 3 22 20 61 32 28 18 21 30 31 100 43 29 69 91 9 58 87 2 57 91 7 32 4 57 29 78 1 18 50 74 92 85 54 62 52 79 61 92 9 3 68 3 4 97 73 61 88 51 58 69 63 45 90 45 70 73 
18 59 19 21 37 37 42 74 71 69 16 18 36 80 32 100 8 44 63 20 64 93 76 22 96 25 61 94 49 22 31 76 88 88 65 74 47 65 24 52 49 70 90 68 42 73 24 50 48 9 26 15 32 56 76 59 9 21 42 19 24 85 18 97 57 50 19 43 100 10 85 86 83 56 81 20 37 67 62 34 49 87 3 29 48 32 30 10 39 72 80 77 28 30 70 30 27 85 61 16 92 89 40 30 53 28 33 83 95 82 15 65 59 79 20 64 81 86 44 94 98 64 31 14 20 79 97 23 
27 33 19 47 67 18 54 100 18 44 58 79 95 81 36 32 84 75 20 61 27 74 10 91 42 72 50 57 89 60 49 68 95 45 91 57 80 68 2 86 53 49 93 15 7 16 97 76 14 39 63 95 89 66 74 73 65 19 45 49 95 28 66 11 64 15 80 2 15 59 3 38 48 96 66 8 91 39 82 91 60 83 69 3 19 9 96 35 20 93 19 57 97 16 87 48 47 34 36 6 54 73 32 85 68 99 44 80 88 79 26 96 92 82 40 12 1 69 93 10 51 70 28 42 57 99 79 99 
32 79 56 13 10 3 78 93 14 30 67 58 10 96 95 42 7 37 14 4 51 52 58 68 36 5 26 81 59 89 32 52 51 20 17 31 36 51 6 55 76 47 25 62 78 42 67 95 61 99 83 70 83 27 11 86 60 37 75 18 87 77 26 39 2 84 66 24 26 17 49 46 88 100 86 82 36 80 82 10 85 12 4 22 3 16 19 87 78 38 15 85 83 89 3 33 61 77 91 68 83 6 53 95 99 25 14 29 96 24 58 56 38 16 93 22 90 100 65 73 56 58 75 71 68 74 1 7 
39 56 51 95 5 64 28 86 18 48 71 24 97 7 24 87 80 64 77 94 2 8 19 2 66 100 79 6 21 6 28 33 85 71 81 23 41 15 53 33 19 45 31 57 96 31 40 38 99 59 10 80 87 32 46 33 7 25 11 76 64 18 4 11 50 79 30 14 60 53 42 72 39 1 25 3 55 1 64 39 39 31 24 80 28 51 95 48 85 80 26 1 97 28 42 78 42 76 46 67 34 67 5 9 57 79 1 17 39 98 90 30 86 25 85 79 49 100 86 31 76 9 90 78 71 17 69 13 
7 34 34 28 55 14 11 91 3 40 47 65 39 32 63 51 5 8 82 12 30 31 8 95 11 81 56 96 38 40 93 48 25 95 48 82 57 37 96 48 25 65 61 83 69 95 70 20 70 39 93 25 75 82 95 13 54 72 79 39 53 26 6 21 85 15 97 78 100 69 56 7 51 45 62 86 67 94 62 59 81 70 57 54 70 98 95 7 18 47 58 56 88 86 89 24 14 65 100 62 68 11 17 8 99 36 74 81 65 51 75 91 76 65 40 82 62 24 54 25 44 61 30 35 9 61 89 40 
58 58 41 40 59 24 63 89 4 57 63 82 80 9 73 16 97 86 36 52 96 50 54 24 49 2 88 47 96 80 100 23 45 75 34 100 74 57 96 26 47 74 29 19 65 55 95 42 69 80 100 99 98 28 47 7 76 11 59 92 60 30 29 87 67 19 92 88 53 31 55 61 82 85 31 95 52 3 25 11 3 77 85 77 7 77 29 38 61 43 49 21 24 15 43 74 41 33 99 73 16 58 65 43 78 16 48 24 76 21 25 81 9 35 32 9 83 69 67 10 45 69 58 20 33 52 70 62 
37 75 69 4 13 3 55 67 11 4 61 38 91 76 31 90 97 95 84 43 83 8 98 28 59 58 52 93 40 15 67 32 86 18 15 47 42 81 34 75 46 75 55 82 48 22 42 26 39 75 73 97 40 44 63 47 44 16 74 5 81 94 39 99 73 27 11 89 41 93 42 84 23 33 38 77 22 86 78 45 55 14 2 3 61 23 44 85 40 21 49 23 58 90 46 72 75 95 4 40 81 97 27 98 57 74 81 75 14 81 64 57 62 71 49 65 5 48 23 5 33 30 16 74 69 21 74 12 
13 73 31 83 74 51 94 51 34 72 96 92 5 63 74 33 26 92 90 80 23 94 48 72 45 37 2 96 97 84 47 73 62 15 37 82 85 22 29 57 89 90 5 74 48 13 46 34 56 97 25 40 59 54 62 7 66 50 96 1 28 85 62 73 15 84 34 52 65 89 20 100 68 83 49 2 63 54 87 86 23 71 91 26 31 67 3 79 38 74 43 18 88 12 19 62 85 16 10 28 97 47 48 48 61 11 71 26 49 97 51 69 93 27 55 55 83 37 31 53 6 18 5 56 78 89 70 43 
26 77 8 2 19 22 63 3 16 11 95 93 38 93 69 64 35 100 4 97 34 91 36 13 28 83 32 75 24 97 74 21 51 6 91 61 16 69 67 23 79 2 88 88 47 81 69 96 9 83 90 59 29 11 88 33 65 16 15 50 69 54 78 76 59 90 12 7 42 52 53 91 28 57 61 87 29 89 41 8 5 21 95 93 27 14 66 26 81 93 92 43 23 57 5 82 95 45 2 7 95 80 49 47 89 38 19 75 70 65 17 82 71 100 14 91 59 62 74 6 29 47 50 24 57 39 15 4 
82 41 78 33 84 13 22 15 87 31 3 56 65 39 7 20 52 9 11 8 47 95 10 28 90 95 73 18 20 79 32 16 15 65 51 72 25 12 92 3 84 74 20 44 27 35 45 30 71 31 61 67 19 21 37 57 1 4 68 44 37 28 6 46 62 91 33 53 12 37 5 24 88 49 56 91 97 33 12 63 24 33 40 63 36 32 64 94 23 2 92 24 92 14 14 76 48 31 77 90 17 45 94 71 59 49 49 65 70 27 35 86 100 67 38 4 58 77 16 69 21 84 80 7 5 63 45 31 
52 91 8 28 3 86 56 63 97 32 7 68 94 81 53 98 96 61 58 51 15 2 14 17 51 67 87 27 36 39 84 59 18 69 67 40 80 54 98 24 91 51 88 9 58 96 87 56 71 58 21 59 41 15 16 27 76 13 72 63 54 18 11 46 25 45 38 3 59 1 33 42 83 20 7 89 62 60 42 81 34 1 43 2 49 13 6 18 57 85 99 66 40 68 7 68 31 9 89 36 13 64 61 64 63 96 76 27 53 50 90 29 10 76 51 75 42 95 1 47 30 99 33 95 99 34 50 51 
31 30 80 98 68 42 85 45 47 64 55 1 12 79 16 21 48 80 51 2 47 69 39 19 54 34 75 47 24 96 33 2 13 88 43 39 71 25 81 33 86 49 100 66 87 67 47 31 17 96 80 85 59 52 11 50 56 84 24 58 59 10 93 92 21 77 44 90 66 45 90 50 88 57 65 62 26 21 86 73 28 28 22 28 84 69 37 52 55 7 15 94 11 45 41 43 56 75 35 62 55 99 23 74 52 58 90 21 38 76 25 49 69 31 99 21 49 67 89 11 63 58 73 44 8 27 10 54 
1 36 2 87 78 31 93 40 12 10 9 7 1 99 65 77 55 18 84 94 35 34 29 84 41 46 89 23 91 75 50 85 66 12 5 62 99 73 62 55 49 55 7 93 70 29 74 47 47 51 76 56 94 65 41 13 87 85 15 65 58 41 27 37 98 60 90 75 92 83 69 55 70 41 50 8 7 73 32 43 22 13 68 1 15 21 60 34 41 42 70 40 9 64 67 79 39 84 59 14 76 49 85 67 40 17 12 23 59 92 17 93 10 27 87 24 40 50 7 73 69 50 8 44 100 51 21 8 
44 12 9 38 68 89 52 27 20 46 5 34 78 6 41 22 87 83 64 53 5 71 22 86 51 39 15 91 85 3 72 19 84 31 70 7 40 92 91 38 32 89 77 97 12 44 89 62 13 2 47 32 3 21 39 96 69 92 57 80 94 98 54 9 91 63 48 1 11 55 68 31 26 43 27 82 30 87 84 50 82 86 83 80 2 78 61 86 69 21 38 36 94 35 49 79 15 12 58 34 38 42 36 95 57 81 19 4 27 24 41 97 30 33 82 19 68 7 80 62 74 49 40 24 13 19 13 29 
26 78 27 66 41 10 85 11 36 41 10 49 14 11 94 24 46 33 91 65 64 51 94 52 45 75 67 72 6 81 9 96 79 21 60 19 61 85 25 74 93 93 71 2 11 38 8 79 21 17 78 80 52 84 49 16 78 20 33 99 23 35 17 18 79 34 57 48 15 29 77 32 94 38 68 15 31 86 2 66 28 85 50 57 23 60 81 27 20 61 32 88 75 74 24 59 77 25 22 97 48 47 67 40 42 46 58 15 14 90 89 84 28 80 73 47 93 31 49 77 11 49 58 31 84 29 70 71 
46 89 7 47 66 5 36 87 67 62 83 84 61 46 46 13 55 52 67 24 37 58 74 48 54 93 29 58 86 36 48 71 96 33 85 90 42 90 72 79 36 9 78 87 74 57 97 57 64 74 34 90 4 7 71 73 95 2 60 8 97 74 23 31 33 48 20 55 6 63 75 22 5 63 61 35 84 30 6 80 98 11 1 32 69 41 42 72 76 56 45 9 49 63 15 59 61 82 14 100 94 67 64 90 36 76 65 98 32 13 87 97 14 2 2 88 76 87 94 64 8 79 88 44 68 77 82 8 
78 99 2 63 6 30 52 66 3 64 99 77 42 22 74 30 88 64 61 87 6 82 7 91 14 59 59 46 70 9 93 79 76 33 65 28 39 32 64 43 75 53 4 43 55 65 90 24 52 50 12 73 6 50 7 39 62 67 32 78 51 98 56 97 73 28 65 6 64 47 35 16 42 87 61 80 14 8 41 32 80 41 13 24 46 86 99 20 73 91 35 92 78 73 61 84 11 61 25 52 11 67 70 58 19 1 52 54 74 56 68 29 31 4 1 36 65 57 18 48 22 31 37 62 86 61 56 2 
24 62 90 41 57 28 37 72 55 78 71 34 24 58 79 58 30 12 75 29 4 66 35 11 66 10 87 70 37 33 77 60 30 98 21 89 1 69 16 48 17 26 7 40 77 18 40 66 68 55 75 65 18 95 58 90 44 89 43 62 33 94 35 12 65 40 39 27 61 6 15 64 86 58 50 93 20 58 15 27 33 8 27 27 78 46 25 25 6 98 76 32 93 63 12 31 23 75 41 52 16 78 30 77 82 10 24 31 76 46 51 35 67 79 64 71 36 88 46 24 67 7 78 28 42 43 52 35 
50 12 30 3 90 78 3 42 76 36 7 49 73 37 80 67 50 85 10 70 32 36 93 5 80 42 40 63 41 31 20 64 25 37 17 69 56 82 53 3 90 14 53 7 28 91 82 75 33 17 83 77 92 61 45 23 53 17 53 50 18 16 26 64 10 100 73 2 61 64 5 33 13 25 79 36 48 48 74 88 75 24 8 92 28 14 64 51 23 74 53 80 29 28 22 77 84 17 55 96 79 73 92 57 99 72 33 43 81 17 62 34 39 4 61 59 33 23 69 19 44 48 1 33 46 97 52 93 
73 27 60 34 20 94 72 44 72 45 49 90 54 67 80 60 46 24 46 5 90 59 51 95 79 93 62 25 3 74 68 2 63 61 72 81 8 29 19 26 42 25 40 7 53 4 93 46 72 51 86 24 22 15 96 62 24 15 73 44 67 48 97 28 21 17 77 56 82 69 18 15 70 96 47 59 14 3 68 75 67 61 6 49 56 6 42 38 35 51 77 51 52 86 67 28 47 40 19 90 87 30 27 10 95 80 89 71 55 8 5 22 93 72 56 60 69 53 53 9 10 29 71 13 67 3 68 65 
100 28 16 77 63 88 23 7 64 28 5 13 56 26 8 96 43 5 39 90 70 39 15 53 12 7 68 9 98 95 79 64 10 96 45 100 32 11 67 94 60 62 71 17 93 43 86 15 23 73 61 41 81 23 48 14 54 78 17 16 23 7 36 1 46 29 84 96 78 84 86 47 28 67 18 34 26 20 35 95 44 50 67 59 38 34 98 63 9 47 39 51 32 43 65 8 13 31 83 62 99 3 55 65 76 33 76 7 5 74 33 59 22 42 29 12 31 9 63 52 5 45 85 39 55 68 5 51 
71 65 38 91 57 67 99 9 74 19 24 44 9 74 73 44 61 98 79 32 86 23 75 77 84 50 68 65 28 84 45 98 97 77 1 43 10 73 69 52 45 64 98 52 91 32 23 86 19 14 82 74 22 50 2 3 22 32 84 96 38 5 5 93 36 16 7 60 11 85 55 42 82 53 96 20 22 91 68 70 85 83 77 11 60 37 23 61 56 28 7 66 77 79 74 67 22 70 93 100 5 98 6 21 75 28 33 66 37 54 82 53 86 6 33 9 67 14 91 7 53 41 98 81 33 13 100 31 
19 21 35 53 45 96 63 12 48 54 79 64 29 87 10 93 38 71 36 28 50 71 63 73 83 73 57 81 41 38 35 54 98 97 25 52 37 34 23 15 67 20 73 67 49 39 51 70 22 20 94 95 73 48 47 93 42 37 35 66 40 38 1 46 19 90 27 51 52 83 17 42 69 66 23 83 50 73 83 43 74 97 41 60 97 14 86 32 49 6 95 11 2 21 81 40 96 67 77 94 54 54 27 31 93 61 43 43 14 1 88 31 91 52 87 80 56 42 14 41 62 66 68 57 25 39 44 50 
49 60 57 10 62 80 45 77 81 34 31 13 9 51 17 32 92 72 16 41 27 32 29 10 35 64 9 61 90 54 34 98 6 77 51 46 1 99 64 21 32 3 79 27 100 24 95 49 5 99 14 59 32 14 99 62 71 56 45 63 13 26 37 55 83 1 81 41 71 68 55 49 7 83 17 23 5 91 20 47 31 98 2 56 50 72 74 1 15 29 93 99 87 5 40 90 73 27 78 86 51 26 20 50 41 76 92 82 44 34 53 35 38 53 77 91 69 55 7 6 67 56 37 30 28 25 100 43 
25 86 57 46 56 77 21 85 83 50 100 79 44 13 72 36 98 17 95 71 13 74 52 89 93 43 65 65 31 27 14 54 27 86 65 76 58 37 55 35 19 30 45 69 24 13 95 58 26 29 68 36 31 94 51 38 73 5 97 1 4 42 24 77 100 62 41 72 17 59 74 50 87 87 71 69 1 47 95 4 23 20 17 11 70 69 26 23 8 96 77 97 93 16 71 41 41 50 84 73 12 3 1 85 3 3 54 88 13 70 10 60 37 77 31 70 84 49 91 96 25 59 76 41 60 95 99 53 
64 93 2 31 85 91 92 38 48 95 21 70 75 84 90 39 96 60 11 7 59 88 43 54 12 85 81 93 50 16 40 28 93 80 39 3 32 49 70 21 19 79 20 55 64 93 44 52 80 82 58 100 54 91 96 25 13 58 43 17 60 51 68 88 7 29 71 56 65 6 54 16 80 62 77 18 86 5 34 40 68 94 50 70 86 62 56 71 48 65 95 5 4 79 85 70 57 45 64 51 13 55 73 9 92 88 8 79 75 39 28 88 97 57 67 18 40 36 19 2 25 6 47 57 8 23 68 26 
15 56 30 74 77 66 38 33 16 85 67 74 61 92 12 23 80 93 60 55 13 53 42 52 23 18 29 62 79 23 83 96 18 99 40 49 25 68 28 97 97 14 12 68 51 80 54 3 31 90 90 77 16 19 22 80 54 31 98 66 88 22 3 73 53 29 12 96 28 6 14 99 40 69 9 58 38 3 14 32 92 60 13 48 54 42 46 65 12 55 77 31 53 56 57 10 58 2 56 32 96 65 97 87 46 9 10 55 79 100 69 55 54 2 56 19 11 55 60 24 25 48 12 68 64 40 16 44 
65 45 67 5 11 1 83 73 77 56 37 76 71 71 9 34 6 68 1 46 46 49 78 1 2 4 4 78 3 43 68 89 91 25 4 64 87 75 69 69 93 2 87 47 75 95 76 75 50 92 78 80 26 76 74 90 60 44 49 38 86 74 75 41 77 5 30 49 58 14 35 63 85 5 78 26 94 75 19 29 77 5 98 76 94 29 78 61 42 71 69 51 34 56 25 70 33 15 54 58 74 84 22 80 54 35 56 5 4 98 84 46 28 75 95 86 61 26 90 85 38 5 51 75 72 61 80 44 
7 76 85 42 91 46 96 2 39 46 96 42 18 62 54 76 58 95 10 81 54 24 6 5 91 82 72 90 55 18 41 76 39 95 23 39 67 35 15 8 50 36 9 17 84 34 90 81 30 2 80 43 8 93 6 33 6 31 40 70 39 60 53 40 5 49 83 58 50 72 6 86 81 62 13 35 11 84 45 63 28 34 25 84 6 75 69 91 91 54 59 30 12 30 19 59 98 47 13 21 56 97 49 17 24 40 40 76 7 6 16 90 64 35 12 59 60 12 99 30 95 55 15 16 26 64 99 12 
0.0 1.0 2.0 3.0 4.0 5.0 6.0 7.0 8.0 9.0 10.0 11.0 12.0 13.0 14.0 15.0 16.0 17.0 18.0 19.0 20.0 21.0 22.0 23.0 24.0 25.0 26.0 27.0 28.0 29.0 30.0 31.0 32.0 33.0 34.0 35.0 36.0 37.0 38.0 39.0 40.0 41.0 42.0 43.0 44.0 45.0 46.0 47.0 48.0 49.0 50.0 51.0 52.0 53.0 54.0 55.0 56.0 57.0 58.0 59.0 60.0 61.0 62.0 63.0 64.0 63.0 62.0 61.0 60.0 59.0 58.0 57.0 56.0 55.0 54.0 53.0 52.0 51.0 50.0 49.0 48.0 47.0 46.0 45.0 44.0 43.0 42.0 41.0 40.0 39.0 38.0 37.0 36.0 35.0 34.0 33.0 32.0 31.0 30.0 29.0 28.0 27.0 26.0 25.0 24.0 23.0 22.0 21.0 20.0 19.0 18.0 17.0 16.0 15.0 14.0 13.0 12.0 11.0 10.0 9.0 8.0 7.0 6.0 5.0 4.0 3.0 2.0 1.0 
1.0 0.0 1.0 2.0 3.0 4.0 5.0 6.0 7.0 8.0 9.0 10.0 11.0 12.0 13.0 14.0 15.0 16.0 17.0 18.0 19.0 20.0 21.0 22.0 23.0 24.0 25.0 26.0 27.0 28.0 29.0 30.0 31.0 32.0 33.0 34.0 35.0 36.0 37.0 38.0 39.0 40.0 41.0 42.0 43.0 44.0 45.0 46.0 47.0 48.0 49.0 50.0 51.0 52.0 53.0 54.0 55.0 56.0 57.0 58.0 59.0 60.0 61.0 62.0 63.0 64.0 63.0 62.0 61.0 60.0 59.0 58.0 57.0 56.0 55.0 54.0 53.0 52.0 51.0 50.0 49.0 48.0 47.0 46.0 45.0 44.0 43.0 42.0 41.0 40.0 39.0 38.0 37.0 36.0 35.0 34.0 33.0 32.0 31.0 30.0 29.0 28.0 27.0 26.0 25.0 24.0 23.0 22.0 21.0 20.0 19.0 18.0 17.0 16.0 15.0 14.0 13.0 12.0 11.0 10.0 9.0 8.0 7.0 6.0 5.0 4.0 3.0 2.0 
2.0 1.0 0.0 1.0 2.0 3.0 4.0 5.0 6.0 7.0 8.0 9.0 10.0 11.0 12.0 13.0 14.0 15.0 16.0 17.0 18.0 19.0 20.0 21.0 22.0 23.0 24.0 25.0 26.0 27.0 28.0 29.0 30.0 31.0 32.0 33.0 34.0 35.0 36.0 37.0 38.0 39.0 40.0 41.0 42.0 43.0 44.0 45.0 46.0 47.0 48.0 49.0 50.0 51.0 52.0 53.0 54.0 55.0 56.0 57.0 58.0 59.0 60.0 61.0 62.0 63.0 64.0 63.0 62.0 61.0 60.0 59.0 58.0 57.0 56.0 55.0 54.0 53.0 52.0 51.0 50.0 49.0 48.0 47.0 46.0 45.0 44.0 43.0 42.0 41.0 40.0 39.0 38.0 37.0 36.0 35.0 34.0 33.0 32.0 31.0 30.0 29.0 28.0 27.0 26.0 25.0 24.0 23.0 22.0 21.0 20.0 19.0 18.0 17.0 16.0 15.0 14.0 13.0 12.0 11.0 10.0 9.0 8.0 7.0 6.0 5.0 4.0 3.0 
3.0 2.0 1.0 0.0 1.0 2.0 3.0 4.0 5.0 6.0 7.0 8.0 9.0 10.0 11.0 12.0 13.0 14.0 15.0 16.0 17.0 18.0 19.0 20.0 21.0 22.0 23.0 24.0 25.0 26.0 27.0 28.0 29.0 30.0 31.0 32.0 33.0 34.0 35.0 36.0 37.0 38.0 39.0 40.0 41.0 42.0 43.0 44.0 45.0 46.0 47.0 48.0 49.0 50.0 51.0 52.0 53.0 54.0 55.0 56.0 57.0 58.0 59.0 60.0 61.0 62.0 63.0 64.0 63.0 62.0 61.0 60.0 59.0 58.0 57.0 56.0 55.0 54.0 53.0 52.0 51.0 50.0 49.0 48.0 47.0 46.0 45.0 44.0 43.0 42.0 41.0 40.0 39.0 38.0 37.0 36.0 35.0 34.0 33.0 32.0 31.0 30.0 29.0 28.0 27.0 26.0 25.0 24.0 23.0 22.0 21.0 20.0 19.0 18.0 17.0 16.0 15.0 14.0 13.0 12.0 11.0 10.0 9.0 8.0 7.0 6.0 5.0 4.0 
4.0 3.0 2.0 1.0 0.0 1.0 2.0 3.0 4.0 5.0 6.0 7.0 8.0 9.0 10.0 11.0 12.0 13.0 14.0 15.0 16.0 17.0 18.0 19.0 20.0 21.0 22.0 23.0 24.0 25.0 26.0 27.0 28.0 29.0 30.0 31.0 32.0 33.0 34.0 35.0 36.0 37.0 38.0 39.0 40.0 41.0 42.0 43.0 44.0 45.0 46.0 47.0 48.0 49.0 50.0 51.0 52.0 53.0 54.0 55.0 56.0 57.0 58.0 59.0 60.0 61.0 62.0 63.0 64.0 63.0 62.0 61.0 60.0 59.0 58.0 57.0 56.0 55.0 54.0 53.0 52.0 51.0 50.0 49.0 48.0 47.0 46.0 45.0 44.0 43.0 42.0 41.0 40.0 39.0 38.0 37.0 36.0 35.0 34.0 33.0 32.0 31.0 30.0 29.0 28.0 27.0 26.0 25.0 24.0 23.0 22.0 21.0 20.0 19.0 18.0 17.0 16.0 15.0 14.0 13.0 12.0 11.0 10.0 9.0 8.0 7.0 6.0 5.0 
5.0 4.0 3.0 2.0 1.0 0.0 1.0 2.0 3.0 4.0 5.0 6.0 7.0 8.0 9.0 10.0 11.0 12.0 13.0 14.0 15.0 16.0 17.0 18.0 19.0 20.0 21.0 22.0 23.0 24.0 25.0 26.0 27.0 28.0 29.0 30.0 31.0 32.0 33.0 34.0 35.0 36.0 37.0 38.0 39.0 40.0 41.0 42.0 43.0 44.0 45.0 46.0 47.0 48.0 49.0 50.0 51.0 52.0 53.0 54.0 55.0 56.0 57.0 58.0 59.0 60.0 61.0 62.0 63.0 64.0 63.0 62.0 61.0 60.0 59.0 58.0 57.0 56.0 55.0 54.0 53.0 52.0 51.0 50.0 49.0 48.0 47.0 46.0 45.0 44.0 43.0 42.0 41.0 40.0 39.0 38.0 37.0 36.0 35.0 34.0 33.0 32.0 31.0 30.0 29.0 28.0 27.0 26.0 25.0 24.0 23.0 22.0 21.0 20.0 19.0 18.0 17.0 16.0 15.0 14.0 13.0 12.0 11.0 10.0 9.0 8.0 7.0 6.0 
6.0 5.0 4.0 3.0 2.0 1.0 0.0 1.0 2.0 3.0 4.0 5.0 6.0 7.0 8.0 9.0 10.0 11.0 12.0 13.0 14.0 15.0 16.0 17.0 18.0 19.0 20.0 21.0 22.0 23.0 24.0 25.0 26.0 27.0 28.0 29.0 30.0 31.0 32.0 33.0 34.0 35.0 36.0 37.0 38.0 39.0 40.0 41.0 42.0 43.0 44.0 45.0 46.0 47.0 48.0 49.0 50.0 51.0 52.0 53.0 54.0 55.0 56.0 57.0 58.0 59.0 60.0 61.0 62.0 63.0 64.0 63.0 62.0 61.0 60.0 59.0 58.0 57.0 56.0 55.0 54.0 53.0 52.0 51.0 50.0 49.0 48.0 47.0 46.0 45.0 44.0 43.0 42.0 41.0 40.0 39.0 38.0 37.0 36.0 35.0 34.0 33.0 32.0 31.0 30.0 29.0 28.0 27.0 26.0 25.0 24.0 23.0 22.0 21.0 20.0 19.0 18.0 17.0 16.0 15.0 14.0 13.0 12.0 11.0 10.0 9.0 8.0 7.0 
7.0 6.0 5.0 4.0 3.0 2.0 1.0 0.0 1.0 2.0 3.0 4.0 5.0 6.0 7.0 8.0 9.0 10.0 11.0 12.0 13.0 14.0 15.0 16.0 17.0 18.0 19.0 20.0 21.0 22.0 23.0 24.0 25.0 26.0 27.0 28.0 29.0 30.0 31.0 32.0 33.0 34.0 35.0 36.0 37.0 38.0 39.0 40.0 41.0 42.0 43.0 44.0 45.0 46.0 47.0 48.0 49.0 50.0 51.0 52.0 53.0 54.0 55.0 56.0 57.0 58.0 59.0 60.0 61.0 62.0 63.0 64.0 63.0 62.0 61.0 60.0 59.0 58.0 57.0 56.0 55.0 54.0 53.0 52.0 51.0 50.0 49.0 48.0 47.0 46.0 45.0 44.0 43.0 42.0 41.0 40.0 39.0 38.0 37.0 36.0 35.0 34.0 33.0 32.0 31.0 30.0 29.0 28.0 27.0 26.0 25.0 24.0 23.0 22.0 21.0 20.0 19.0 18.0 17.0 16.0 15.0 14.0 13.0 12.0 11.0 10.0 9.0 8.0 
8.0 7.0 6.0 5.0 4.0 3.0 2.0 1.0 0.0 1.0 2.0 3.0 4.0 5.0 6.0 7.0 8.0 9.0 10.0 11.0 12.0 13.0 14.0 15.0 16.0 17.0 18.0 19.0 20.0 21.0 22.0 23.0 24.0 25.0 26.0 27.0 28.0 29.0 30.0 31.0 32.0 33.0 34.0 35.0 36.0 37.0 38.0 39.0 40.0 41.0 42.0 43.0 44.0 45.0 46.0 47.0 48.0 49.0 50.0 51.0 52.0 53.0 54.0 55.0 56.0 57.0 58.0 59.0 60.0 61.0 62.0 63.0 64.0 63.0 62.0 61.0 60.0 59.0 58.0 57.0 56.0 55.0 54.0 53.0 52.0 51.0 50.0 49.0 48.0 47.0 46.0 45.0 44.0 43.0 42.0 41.0 40.0 39.0 38.0 37.0 36.0 35.0 34.0 33.0 32.0 31.0 30.0 29.0 28.0 27.0 26.0 25.0 24.0 23.0 22.0 21.0 20.0 19.0 18.0 17.0 16.0 15.0 14.0 13.0 12.0 11.0 10.0 9.0 
9.0 8.0 7.0 6.0 5.0 4.0 3.0 2.0 1.0 0.0 1.0 2.0 3.0 4.0 5.0 6.0 7.0 8.0 9.0 10.0 11.0 12.0 13.0 14.0 15.0 16.0 17.0 18.0 19.0 20.0 21.0 22.0 23.0 24.0 25.0 26.0 27.0 28.0 29.0 30.0 31.0 32.0 33.0 34.0 35.0 36.0 37.0 38.0 39.0 40.0 41.0 42.0 43.0 44.0 45.0 46.0 47.0 48.0 49.0 50.0 51.0 52.0 53.0 54.0 55.0 56.0 57.0 58.0 59.0 60.0 61.0 62.0 63.0 64.0 63.0 62.0 61.0 60.0 59.0 58.0 57.0 56.0 55.0 54.0 53.0 52.0 51.0 50.0 49.0 48.0 47.0 46.0 45.0 44.0 43.0 42.0 41.0 40.0 39.0 38.0 37.0 36.0 35.0 34.0 33.0 32.0 31.0 30.0 29.0 28.0 27.0 26.0 25.0 24.0 23.0 22.0 21.0 20.0 19.0 18.0 17.0 16.0 15.0 14.0 13.0 12.0 11.0 10.0 
10.0 9.0 8.0 7.0 6.0 5.0 4.0 3.0 2.0 1.0 0.0 1.0 2.0 3.0 4.0 5.0 6.0 7.0 8.0 9.0 10.0 11.0 12.0 13.0 14.0 15.0 16.0 17.0 18.0 19.0 20.0 21.0 22.0 23.0 24.0 25.0 26.0 27.0 28.0 29.0 30.0 31.0 32.0 33.0 34.0 35.0 36.0 37.0 38.0 39.0 40.0 41.0 42.0 43.0 44.0 45.0 46.0 47.0 48.0 49.0 50.0 51.0 52.0 53.0 54.0 55.0 56.0 57.0 58.0 59.0 60.0 61.0 62.0 63.0 64.0 63.0 62.0 61.0 60.0 59.0 58.0 57.0 56.0 55.0 54.0 53.0 52.0 51.0 50.0 49.0 48.0 47.0 46.0 45.0 44.0 43.0 42.0 41.0 40.0 39.0 38.0 37.0 36.0 35.0 34.0 33.0 32.0 31.0 30.0 29.0 28.0 27.0 26.0 25.0 24.0 23.0 22.0 21.0 20.0 19.0 18.0 17.0 16.0 15.0 14.0 13.0 12.0 11.0 
11.0 10.0 9.0 8.0 7.0 6.0 5.0 4.0 3.0 2.0 1.0 0.0 1.0 2.0 3.0 4.0 5.0 6.0 7.0 8.0 9.0 10.0 11.0 12.0 13.0 14.0 15.0 16.0 17.0 18.0 19.0 20.0 21.0 22.0 23.0 24.0 25.0 26.0 27.0 28.0 29.0 30.0 31.0 32.0 33.0 34.0 35.0 36.0 37.0 38.0 39.0 40.0 41.0 42.0 43.0 44.0 45.0 46.0 47.0 48.0 49.0 50.0 51.0 52.0 53.0 54.0 55.0 56.0 57.0 58.0 59.0 60.0 61.0 62.0 63.0 64.0 63.0 62.0 61.0 60.0 59.0 58.0 57.0 56.0 55.0 54.0 53.0 52.0 51.0 50.0 49.0 48.0 47.0 46.0 45.0 44.0 43.0 42.0 41.0 40.0 39.0 38.0 37.0 36.0 35.0 34.0 33.0 32.0 31.0 30.0 29.0 28.0 27.0 26.0 25.0 24.0 23.0 22.0 21.0 20.0 19.0 18.0 17.0 16.0 15.0 14.0 13.0 12.0 
12.0 11.0 10.0 9.0 8.0 7.0 6.0 5.0 4.0 3.0 2.0 1.0 0.0 1.0 2.0 3.0 4.0 5.0 6.0 7.0 8.0 9.0 10.0 11.0 12.0 13.0 14.0 15.0 16.0 17.0 18.0 19.0 20.0 21.0 22.0 23.0 24.0 25.0 26.0 27.0 28.0 29.0 30.0 31.0 32.0 33.0 34.0 35.0 36.0 37.0 38.0 39.0 40.0 41.0 42.0 43.0 44.0 45.0 46.0 47.0 48.0 49.0 50.0 51.0 52.0 53.0 54.0 55.0 56.0 57.0 58.0 59.0 60.0 61.0 62.0 63.0 64.0 63.0 62.0 61.0 60.0 59.0 58.0 57.0 56.0 55.0 54.0 53.0 52.0 51.0 50.0 49.0 48.0 47.0 46.0 45.0 44.0 43.0 42.0 41.0 40.0 39.0 38.0 37.0 36.0 35.0 34.0 33.0 32.0 31.0 30.0 29.0 28.0 27.0 26.0 25.0 24.0 23.0 22.0 21.0 20.0 19.0 18.0 17.0 16.0 15.0 14.0 13.0 
13.0 12.0 11.0 10.0 9.0 8.0 7.0 6.0 5.0 4.0 3.0 2.0 1.0 0.0 1.0 2.0 3.0 4.0 5.0 6.0 7.0 8.0 9.0 10.0 11.0 12.0 13.0 14.0 15.0 16.0 17.0 18.0 19.0 20.0 21.0 22.0 23.0 24.0 25.0 26.0 27.0 28.0 29.0 30.0 31.0 32.0 33.0 34.0 35.0 36.0 37.0 38.0 39.0 40.0 41.0 42.0 43.0 44.0 45.0 46.0 47.0 48.0 49.0 50.0 51.0 52.0 53.0 54.0 55.0 56.0 57.0 58.0 59.0 60.0 61.0 62.0 63.0 64.0 63.0 62.0 61.0 60.0 59.0 58.0 57.0 56.0 55.0 54.0 53.0 52.0 51.0 50.0 49.0 48.0 47.0 46.0 45.0 44.0 43.0 42.0 41.0 40.0 39.0 38.0 37.0 36.0 35.0 34.0 33.0 32.0 31.0 30.0 29.0 28.0 27.0 26.0 25.0 24.0 23.0 22.0 21.0 20.0 19.0 18.0 17.0 16.0 15.0 14.0 
14.0 13.0 12.0 11.0 10.0 9.0 8.0 7.0 6.0 5.0 4.0 3.0 2.0 1.0 0.0 1.0 2.0 3.0 4.0 5.0 6.0 7.0 8.0 9.0 10.0 11.0 12.0 13.0 14.0 15.0 16.0 17.0 18.0 19.0 20.0 21.0 22.0 23.0 24.0 25.0 26.0 27.0 28.0 29.0 30.0 31.0 32.0 33.0 34.0 35.0 36.0 37.0 38.0 39.0 40.0 41.0 42.0 43.0 44.0 45.0 46.0 47.0 48.0 49.0 50.0 51.0 52.0 53.0 54.0 55.0 56.0 57.0 58.0 59.0 60.0 61.0 62.0 63.0 64.0 63.0 62.0 61.0 60.0 59.0 58.0 57.0 56.0 55.0 54.0 53.0 52.0 51.0 50.0 49.0 48.0 47.0 46.0 45.0 44.0 43.0 42.0 41.0 40.0 39.0 38.0 37.0 36.0 35.0 34.0 33.0 32.0 31.0 30.0 29.0 28.0 27.0 26.0 25.0 24.0 23.0 22.0 21.0 20.0 19.0 18.0 17.0 16.0 15.0 
15.0 14.0 13.0 12.0 11.0 10.0 9.0 8.0 7.0 6.0 5.0 4.0 3.0 2.0 1.0 0.0 1.0 2.0 3.0 4.0 5.0 6.0 7.0 8.0 9.0 10.0 11.0 12.0 13.0 14.0 15.0 16.0 17.0 18.0 19.0 20.0 21.0 22.0 23.0 24.0 25.0 26.0 27.0 28.0 29.0 30.0 31.0 32.0 33.0 34.0 35.0 36.0 37.0 38.0 39.0 40.0 41.0 42.0 43.0 44.0 45.0 46.0 47.0 48.0 49.0 50.0 51.0 52.0 53.0 54.0 55.0 56.0 57.0 58.0 59.0 60.0 61.0 62.0 63.0 64.0 63.0 62.0 61.0 60.0 59.0 58.0 57.0 56.0 55.0 54.0 53.0 52.0 51.0 50.0 49.0 48.0 47.0 46.0 45.0 44.0 43.0 42.0 41.0 40.0 39.0 38.0 37.0 36.0 35.0 34.0 33.0 32.0 31.0 30.0 29.0 28.0 27.0 26.0 25.0 24.0 23.0 22.0 21.0 20.0 19.0 18.0 17.0 16.0 
16.0 15.0 14.0 13.0 12.0 11.0 10.0 9.0 8.0 7.0 6.0 5.0 4.0 3.0 2.0 1.0 0.0 1.0 2.0 3.0 4.0 5.0 6.0 7.0 8.0 9.0 10.0 11.0 12.0 13.0 14.0 15.0 16.0 17.0 18.0 19.0 20.0 21.0 22.0 23.0 24.0 25.0 26.0 27.0 28.0 29.0 30.0 31.0 32.0 33.0 34.0 35.0 36.0 37.0 38.0 39.0 40.0 41.0 42.0 43.0 44.0 45.0 46.0 47.0 48.0 49.0 50.0 51.0 52.0 53.0 54.0 55.0 56.0 57.0 58.0 59.0 60.0 61.0 62.0 63.0 64.0 63.0 62.0 61.0 60.0 59.0 58.0 57.0 56.0 55.0 54.0 53.0 52.0 51.0 50.0 49.0 48.0 47.0 46.0 45.0 44.0 43.0 42.0 41.0 40.0 39.0 38.0 37.0 36.0 35.0 34.0 33.0 32.0 31.0 30.0 29.0 28.0 27.0 26.0 25.0 24.0 23.0 22.0 21.0 20.0 19.0 18.0 17.0 
17.0 16.0 15.0 14.0 13.0 12.0 11.0 10.0 9.0 8.0 7.0 6.0 5.0 4.0 3.0 2.0 1.0 0.0 1.0 2.0 3.0 4.0 5.0 6.0 7.0 8.0 9.0 10.0 11.0 12.0 13.0 14.0 15.0 16.0 17.0 18.0 19.0 20.0 21.0 22.0 23.0 24.0 25.0 26.0 27.0 28.0 29.0 30.0 31.0 32.0 33.0 34.0 35.0 36.0 37.0 38.0 39.0 40.0 41.0 42.0 43.0 44.0 45.0 46.0 47.0 48.0 49.0 50.0 51.0 52.0 53.0 54.0 55.0 56.0 57.0 58.0 59.0 60.0 61.0 62.0 63.0 64.0 63.0 62.0 61.0 60.0 59.0 58.0 57.0 56.0 55.0 54.0 53.0 52.0 51.0 50.0 49.0 48.0 47.0 46.0 45.0 44.0 43.0 42.0 41.0 40.0 39.0 38.0 37.0 36.0 35.0 34.0 33.0 32.0 31.0 30.0 29.0 28.0 27.0 26.0 25.0 24.0 23.0 22.0 21.0 20.0 19.0 18.0 
18.0 17.0 16.0 15.0 14.0 13.0 12.0 11.0 10.0 9.0 8.0 7.0 6.0 5.0 4.0 3.0 2.0 1.0 0.0 1.0 2.0 3.0 4.0 5.0 6.0 7.0 8.0 9.0 10.0 11.0 12.0 13.0 14.0 15.0 16.0 17.0 18.0 19.0 20.0 21.0 22.0 23.0 24.0 25.0 26.0 27.0 28.0 29.0 30.0 31.0 32.0 33.0 34.0 35.0 36.0 37.0 38.0 39.0 40.0 41.0 42.0 43.0 44.0 45.0 46.0 47.0 48.0 49.0 50.0 51.0 52.0 53.0 54.0 55.0 56.0 57.0 58.0 59.0 60.0 61.0 62.0 63.0 64.0 63.0 62.0 61.0 60.0 59.0 58.0 57.0 56.0 55.0 54.0 53.0 52.0 51.0 50.0 49.0 48.0 47.0 46.0 45.0 44.0 43.0 42.0 41.0 40.0 39.0 38.0 37.0 36.0 35.0 34.0 33.0 32.0 31.0 30.0 29.0 28.0 27.0 26.0 25.0 24.0 23.0 22.0 21.0 20.0 19.0 
19.0 18.0 17.0 16.0 15.0 14.0 13.0 12.0 11.0 10.0 9.0 8.0 7.0 6.0 5.0 4.0 3.0 2.0 1.0 0.0 1.0 2.0 3.0 4.0 5.0 6.0 7.0 8.0 9.0 10.0 11.0 12.0 13.0 14.0 15.0 16.0 17.0 18.0 19.0 20.0 21.0 22.0 23.0 24.0 25.0 26.0 27.0 28.0 29.0 30.0 31.0 32.0 33.0 34.0 35.0 36.0 37.0 38.0 39.0 40.0 41.0 42.0 43.0 44.0 45.0 46.0 47.0 48.0 49.0 50.0 51.0 52.0 53.0 54.0 55.0 56.0 57.0 58.0 59.0 60.0 61.0 62.0 63.0 64.0 63.0 62.0 61.0 60.0 59.0 58.0 57.0 56.0 55.0 54.0 53.0 52.0 51.0 50.0 49.0 48.0 47.0 46.0 45.0 44.0 43.0 42.0 41.0 40.0 39.0 38.0 37.0 36.0 35.0 34.0 33.0 32.0 31.0 30.0 29.0 28.0 27.0 26.0 25.0 24.0 23.0 22.0 21.0 20.0 
20.0 19.0 18.0 17.0 16.0 15.0 14.0 13.0 12.0 11.0 10.0 9.0 8.0 7.0 6.0 5.0 4.0 3.0 2.0 1.0 0.0 1.0 2.0 3.0 4.0 5.0 6.0 7.0 8.0 9.0 10.0 11.0 12.0 13.0 14.0 15.0 16.0 17.0 18.0 19.0 20.0 21.0 22.0 23.0 24.0 25.0 26.0 27.0 28.0 29.0 30.0 31.0 32.0 33.0 34.0 35.0 36.0 37.0 38.0 39.0 40.0 41.0 42.0 43.0 44.0 45.0 46.0 47.0 48.0 49.0 50.0 51.0 52.0 53.0 54.0 55.0 56.0 57.0 58.0 59.0 60.0 61.0 62.0 63.0 64.0 63.0 62.0 61.0 60.0 59.0 58.0 57.0 56.0 55.0 54.0 53.0 52.0 51.0 50.0 49.0 48.0 47.0 46.0 45.0 44.0 43.0 42.0 41.0 40.0 39.0 38.0 37.0 36.0 35.0 34.0 33.0 32.0 31.0 30.0 29.0 28.0 27.0 26.0 25.0 24.0 23.0 22.0 21.0 
21.0 20.0 19.0 18.0 17.0 16.0 15.0 14.0 13.0 12.0 11.0 10.0 9.0 8.0 7.0 6.0 5.0 4.0 3.0 2.0 1.0 0.0 1.0 2.0 3.0 4.0 5.0 6.0 7.0 8.0 9.0 10.0 11.0 12.0 13.0 14.0 15.0 16.0 17.0 18.0 19.0 20.0 21.0 22.0 23.0 24.0 25.0 26.0 27.0 28.0 29.0 30.0 31.0 32.0 33.0 34.0 35.0 36.0 37.0 38.0 39.0 40.0 41.0 42.0 43.0 44.0 45.0 46.0 47.0 48.0 49.0 50.0 51.0 52.0 53.0 54.0 55.0 56.0 57.0 58.0 59.0 60.0 61.0 62.0 63.0 64.0 63.0 62.0 61.0 60.0 59.0 58.0 57.0 56.0 55.0 54.0 53.0 52.0 51.0 50.0 49.0 48.0 47.0 46.0 45.0 44.0 43.0 42.0 41.0 40.0 39.0 38.0 37.0 36.0 35.0 34.0 33.0 32.0 31.0 30.0 29.0 28.0 27.0 26.0 25.0 24.0 23.0 22.0 
22.0 21.0 20.0 19.0 18.0 17.0 16.0 15.0 14.0 13.0 12.0 11.0 10.0 9.0 8.0 7.0 6.0 5.0 4.0 3.0 2.0 1.0 0.0 1.0 2.0 3.0 4.0 5.0 6.0 7.0 8.0 9.0 10.0 11.0 12.0 13.0 14.0 15.0 16.0 17.0 18.0 19.0 20.0 21.0 22.0 23.0 24.0 25.0 26.0 27.0 28.0 29.0 30.0 31.0 32.0 33.0 34.0 35.0 36.0 37.0 38.0 39.0 40.0 41.0 42.0 43.0 44.0 45.0 46.0 47.0 48.0 49.0 50.0 51.0 52.0 53.0 54.0 55.0 56.0 57.0 58.0 59.0 60.0 61.0 62.0 63.0 64.0 63.0 62.0 61.0 60.0 59.0 58.0 57.0 56.0 55.0 54.0 53.0 52.0 51.0 50.0 49.0 48.0 47.0 46.0 45.0 44.0 43.0 42.0 41.0 40.0 39.0 38.0 37.0 36.0 35.0 34.0 33.0 32.0 31.0 30.0 29.0 28.0 27.0 26.0 25.0 24.0 23.0 
23.0 22.0 21.0 20.0 19.0 18.0 17.0 16.0 15.0 14.0 13.0 12.0 11.0 10.0 9.0 8.0 7.0 6.0 5.0 4.0 3.0 2.0 1.0 0.0 1.0 2.0 3.0 4.0 5.0 6.0 7.0 8.0 9.0 10.0 11.0 12.0 13.0 14.0 15.0 16.0 17.0 18.0 19.0 20.0 21.0 22.0 23.0 24.0 25.0 26.0 27.0 28.0 29.0 30.0 31.0 32.0 33.0 34.0 35.0 36.0 37.0 38.0 39.0 40.0 41.0 42.0 43.0 44.0 45.0 46.0 47.0 48.0 49.0 50.0 51.0 52.0 53.0 54.0 55.0 56.0 57.0 58.0 59.0 60.0 61.0 62.0 63.0 64.0 63.0 62.0 61.0 60.0 59.0 58.0 57.0 56.0 55.0 54.0 53.0 52.0 51.0 50.0 49.0 48.0 47.0 46.0 45.0 44.0 43.0 42.0 41.0 40.0 39.0 38.0 37.0 36.0 35.0 34.0 33.0 32.0 31.0 30.0 29.0 28.0 27.0 26.0 25.0 24.0 
24.0 23.0 22.0 21.0 20.0 19.0 18.0 17.0 16.0 15.0 14.0 13.0 12.0 11.0 10.0 9.0 8.0 7.0 6.0 5.0 4.0 3.0 2.0 1.0 0.0 1.0 2.0 3.0 4.0 5.0 6.0 7.0 8.0 9.0 10.0 11.0 12.0 13.0 14.0 15.0 16.0 17.0 18.0 19.0 20.0 21.0 22.0 23.0 24.0 25.0 26.0 27.0 28.0 29.0 30.0 31.0 32.0 33.0 34.0 35.0 36.0 37.0 38.0 39.0 40.0 41.0 42.0 43.0 44.0 45.0 46.0 47.0 48.0 49.0 50.0 51.0 52.0 53.0 54.0 55.0 56.0 57.0 58.0 59.0 60.0 61.0 62.0 63.0 64.0 63.0 62.0 61.0 60.0 59.0 58.0 57.0 56.0 55.0 54.0 53.0 52.0 51.0 50.0 49.0 48.0 47.0 46.0 45.0 44.0 43.0 42.0 41.0 40.0 39.0 38.0 37.0 36.0 35.0 34.0 33.0 32.0 31.0 30.0 29.0 28.0 27.0 26.0 25.0 
25.0 24.0 23.0 22.0 21.0 20.0 19.0 18.0 17.0 16.0 15.0 14.0 13.0 12.0 11.0 10.0 9.0 8.0 7.0 6.0 5.0 4.0 3.0 2.0 1.0 0.0 1.0 2.0 3.0 4.0 5.0 6.0 7.0 8.0 9.0 10.0 11.0 12.0 13.0 14.0 15.0 16.0 17.0 18.0 19.0 20.0 21.0 22.0 23.0 24.0 25.0 26.0 27.0 28.0 29.0 30.0 31.0 32.0 33.0 34.0 35.0 36.0 37.0 38.0 39.0 40.0 41.0 42.0 43.0 44.0 45.0 46.0 47.0 48.0 49.0 50.0 51.0 52.0 53.0 54.0 55.0 56.0 57.0 58.0 59.0 60.0 61.0 62.0 63.0 64.0 63.0 62.0 61.0 60.0 59.0 58.0 57.0 56.0 55.0 54.0 53.0 52.0 51.0 50.0 49.0 48.0 47.0 46.0 45.0 44.0 43.0 42.0 41.0 40.0 39.0 38.0 37.0 36.0 35.0 34.0 33.0 32.0 31.0 30.0 29.0 28.0 27.0 26.0 
26.0 25.0 24.0 23.0 22.0 21.0 20.0 19.0 18.0 17.0 16.0 15.0 14.0 13.0 12.0 11.0 10.0 9.0 8.0 7.0 6.0 5.0 4.0 3.0 2.0 1.0 0.0 1.0 2.0 3.0 4.0 5.0 6.0 7.0 8.0 9.0 10.0 11.0 12.0 13.0 14.0 15.0 16.0 17.0 18.0 19.0 20.0 21.0 22.0 23.0 24.0 25.0 26.0 27.0 28.0 29.0 30.0 31.0 32.0 33.0 34.0 35.0 36.0 37.0 38.0 39.0 40.0 41.0 42.0 43.0 44.0 45.0 46.0 47.0 48.0 49.0 50.0 51.0 52.0 53.0 54.0 55.0 56.0 57.0 58.0 59.0 60.0 61.0 62.0 63.0 64.0 63.0 62.0 61.0 60.0 59.0 58.0 57.0 56.0 55.0 54.0 53.0 52.0 51.0 50.0 49.0 48.0 47.0 46.0 45.0 44.0 43.0 42.0 41.0 40.0 39.0 38.0 37.0 36.0 35.0 34.0 33.0 32.0 31.0 30.0 29.0 28.0 27.0 
27.0 26.0 25.0 24.0 23.0 22.0 21.0 20.0 19.0 18.0 17.0 16.0 15.0 14.0 13.0 12.0 11.0 10.0 9.0 8.0 7.0 6.0 5.0 4.0 3.0 2.0 1.0 0.0 1.0 2.0 3.0 4.0 5.0 6.0 7.0 8.0 9.0 10.0 11.0 12.0 13.0 14.0 15.0 16.0 17.0 18.0 19.0 20.0 21.0 22.0 23.0 24.0 25.0 26.0 27.0 28.0 29.0 30.0 31.0 32.0 33.0 34.0 35.0 36.0 37.0 38.0 39.0 40.0 41.0 42.0 43.0 44.0 45.0 46.0 47.0 48.0 49.0 50.0 51.0 52.0 53.0 54.0 55.0 56.0 57.0 58.0 59.0 60.0 61.0 62.0 63.0 64.0 63.0 62.0 61.0 60.0 59.0 58.0 57.0 56.0 55.0 54.0 53.0 52.0 51.0 50.0 49.0 48.0 47.0 46.0 45.0 44.0 43.0 42.0 41.0 40.0 39.0 38.0 37.0 36.0 35.0 34.0 33.0 32.0 31.0 30.0 29.0 28.0 
28.0 27.0 26.0 25.0 24.0 23.0 22.0 21.0 20.0 19.0 18.0 17.0 16.0 15.0 14.0 13.0 12.0 11.0 10.0 9.0 8.0 7.0 6.0 5.0 4.0 3.0 2.0 1.0 0.0 1.0 2.0 3.0 4.0 5.0 6.0 7.0 8.0 9.0 10.0 11.0 12.0 13.0 14.0 15.0 16.0 17.0 18.0 19.0 20.0 21.0 22.0 23.0 24.0 25.0 26.0 27.0 28.0 29.0 30.0 31.0 32.0 33.0 34.0 35.0 36.0 37.0 38.0 39.0 40.0 41.0 42.0 43.0 44.0 45.0 46.0 47.0 48.0 49.0 50.0 51.0 52.0 53.0 54.0 55.0 56.0 57.0 58.0 59.0 60.0 61.0 62.0 63.0 64.0 63.0 62.0 61.0 60.0 59.0 58.0 57.0 56.0 55.0 54.0 53.0 52.0 51.0 50.0 49.0 48.0 47.0 46.0 45.0 44.0 43.0 42.0 41.0 40.0 39.0 38.0 37.0 36.0 35.0 34.0 33.0 32.0 31.0 30.0 29.0 
29.0 28.0 27.0 26.0 25.0 24.0 23.0 22.0 21.0 20.0 19.0 18.0 17.0 16.0 15.0 14.0 13.0 12.0 11.0 10.0 9.0 8.0 7.0 6.0 5.0 4.0 3.0 2.0 1.0 0.0 1.0 2.0 3.0 4.0 5.0 6.0 7.0 8.0 9.0 10.0 11.0 12.0 13.0 14.0 15.0 16.0 17.0 18.0 19.0 20.0 21.0 22.0 23.0 24.0 25.0 26.0 27.0 28.0 29.0 30.0 31.0 32.0 33.0 34.0 35.0 36.0 37.0 38.0 39.0 40.0 41.0 42.0 43.0 44.0 45.0 46.0 47.0 48.0 49.0 50.0 51.0 52.0 53.0 54.0 55.0 56.0 57.0 58.0 59.0 60.0 61.0 62.0 63.0 64.0 63.0 62.0 61.0 60.0 59.0 58.0 57.0 56.0 55.0 54.0 53.0 52.0 51.0 50.0 49.0 48.0 47.0 46.0 45.0 44.0 43.0 42.0 41.0 40.0 39.0 38.0 37.0 36.0 35.0 34.0 33.0 32.0 31.0 30.0 
30.0 29.0 28.0 27.0 26.0 25.0 24.0 23.0 22.0 21.0 20.0 19.0 18.0 17.0 16.0 15.0 14.0 13.0 12.0 11.0 10.0 9.0 8.0 7.0 6.0 5.0 4.0 3.0 2.0 1.0 0.0 1.0 2.0 3.0 4.0 5.0 6.0 7.0 8.0 9.0 10.0 11.0 12.0 13.0 14.0 15.0 16.0 17.0 18.0 19.0 20.0 21.0 22.0 23.0 24.0 25.0 26.0 27.0 28.0 29.0 30.0 31.0 32.0 33.0 34.0 35.0 36.0 37.0 38.0 39.0 40.0 41.0 42.0 43.0 44.0 45.0 46.0 47.0 48.0 49.0 50.0 51.0 52.0 53.0 54.0 55.0 56.0 57.0 58.0 59.0 60.0 61.0 62.0 63.0 64.0 63.0 62.0 61.0 60.0 59.0 58.0 57.0 56.0 55.0 54.0 53.0 52.0 51.0 50.0 49.0 48.0 47.0 46.0 45.0 44.0 43.0 42.0 41.0 40.0 39.0 38.0 37.0 36.0 35.0 34.0 33.0 32.0 31.0 
31.0 30.0 29.0 28.0 27.0 26.0 25.0 24.0 23.0 22.0 21.0 20.0 19.0 18.0 17.0 16.0 15.0 14.0 13.0 12.0 11.0 10.0 9.0 8.0 7.0 6.0 5.0 4.0 3.0 2.0 1.0 0.0 1.0 2.0 3.0 4.0 5.0 6.0 7.0 8.0 9.0 10.0 11.0 12.0 13.0 14.0 15.0 16.0 17.0 18.0 19.0 20.0 21.0 22.0 23.0 24.0 25.0 26.0 27.0 28.0 29.0 30.0 31.0 32.0 33.0 34.0 35.0 36.0 37.0 38.0 39.0 40.0 41.0 42.0 43.0 44.0 45.0 46.0 47.0 48.0 49.0 50.0 51.0 52.0 53.0 54.0 55.0 56.0 57.0 58.0 59.0 60.0 61.0 62.0 63.0 64.0 63.0 62.0 61.0 60.0 59.0 58.0 57.0 56.0 55.0 54.0 53.0 52.0 51.0 50.0 49.0 48.0 47.0 46.0 45.0 44.0 43.0 42.0 41.0 40.0 39.0 38.0 37.0 36.0 35.0 34.0 33.0 32.0 
32.0 31.0 30.0 29.0 28.0 27.0 26.0 25.0 24.0 23.0 22.0 21.0 20.0 19.0 18.0 17.0 16.0 15.0 14.0 13.0 12.0 11.0 10.0 9.0 8.0 7.0 6.0 5.0 4.0 3.0 2.0 1.0 0.0 1.0 2.0 3.0 4.0 5.0 6.0 7.0 8.0 9.0 10.0 11.0 12.0 13.0 14.0 15.0 16.0 17.0 18.0 19.0 20.0 21.0 22.0 23.0 24.0 25.0 26.0 27.0 28.0 29.0 30.0 31.0 32.0 33.0 34.0 35.0 36.0 37.0 38.0 39.0 40.0 41.0 42.0 43.0 44.0 45.0 46.0 47.0 48.0 49.0 50.0 51.0 52.0 53.0 54.0 55.0 56.0 57.0 58.0 59.0 60.0 61.0 62.0 63.0 64.0 63.0 62.0 61.0 60.0 59.0 58.0 57.0 56.0 55.0 54.0 53.0 52.0 51.0 50.0 49.0 48.0 47.0 46.0 45.0 44.0 43.0 42.0 41.0 40.0 39.0 38.0 37.0 36.0 35.0 34.0 33.0 
33.0 32.0 31.0 30.0 29.0 28.0 27.0 26.0 25.0 24.0 23.0 22.0 21.0 20.0 19.0 18.0 17.0 16.0 15.0 14.0 13.0 12.0 11.0 10.0 9.0 8.0 7.0 6.0 5.0 4.0 3.0 2.0 1.0 0.0 1.0 2.0 3.0 4.0 5.0 6.0 7.0 8.0 9.0 10.0 11.0 12.0 13.0 14.0 15.0 16.0 17.0 18.0 19.0 20.0 21.0 22.0 23.0 24.0 25.0 26.0 27.0 28.0 29.0 30.0 31.0 32.0 33.0 34.0 35.0 36.0 37.0 38.0 39.0 40.0 41.0 42.0 43.0 44.0 45.0 46.0 47.0 48.0 49.0 50.0 51.0 52.0 53.0 54.0 55.0 56.0 57.0 58.0 59.0 60.0 61.0 62.0 63.0 64.0 63.0 62.0 61.0 60.0 59.0 58.0 57.0 56.0 55.0 54.0 53.0 52.0 51.0 50.0 49.0 48.0 47.0 46.0 45.0 44.0 43.0 42.0 41.0 40.0 39.0 38.0 37.0 36.0 35.0 34.0 
34.0 33.0 32.0 31.0 30.0 29.0 28.0 27.0 26.0 25.0 24.0 23.0 22.0 21.0 20.0 19.0 18.0 17.0 16.0 15.0 14.0 13.0 12.0 11.0 10.0 9.0 8.0 7.0 6.0 5.0 4.0 3.0 2.0 1.0 0.0 1.0 2.0 3.0 4.0 5.0 6.0 7.0 8.0 9.0 10.0 11.0 12.0 13.0 14.0 15.0 16.0 17.0 18.0 19.0 20.0 21.0 22.0 23.0 24.0 25.0 26.0 27.0 28.0 29.0 30.0 31.0 32.0 33.0 34.0 35.0 36.0 37.0 38.0 39.0 40.0 41.0 42.0 43.0 44.0 45.0 46.0 47.0 48.0 49.0 50.0 51.0 52.0 53.0 54.0 55.0 56.0 57.0 58.0 59.0 60.0 61.0 62.0 63.0 64.0 63.0 62.0 61.0 60.0 59.0 58.0 57.0 56.0 55.0 54.0 53.0 52.0 51.0 50.0 49.0 48.0 47.0 46.0 45.0 44.0 43.0 42.0 41.0 40.0 39.0 38.0 37.0 36.0 35.0 
35.0 34.0 33.0 32.0 31.0 30.0 29.0 28.0 27.0 26.0 25.0 24.0 23.0 22.0 21.0 20.0 19.0 18.0 17.0 16.0 15.0 14.0 13.0 12.0 11.0 10.0 9.0 8.0 7.0 6.0 5.0 4.0 3.0 2.0 1.0 0.0 1.0 2.0 3.0 4.0 5.0 6.0 7.0 8.0 9.0 10.0 11.0 12.0 13.0 14.0 15.0 16.0 17.0 18.0 19.0 20.0 21.0 22.0 23.0 24.0 25.0 26.0 27.0 28.0 29.0 30.0 31.0 32.0 33.0 34.0 35.0 36.0 37.0 38.0 39.0 40.0 41.0 42.0 43.0 44.0 45.0 46.0 47.0 48.0 49.0 50.0 51.0 52.0 53.0 54.0 55.0 56.0 57.0 58.0 59.0 60.0 61.0 62.0 63.0 64.0 63.0 62.0 61.0 60.0 59.0 58.0 57.0 56.0 55.0 54.0 53.0 52.0 51.0 50.0 49.0 48.0 47.0 46.0 45.0 44.0 43.0 42.0 41.0 40.0 39.0 38.0 37.0 36.0 
36.0 35.0 34.0 33.0 32.0 31.0 30.0 29.0 28.0 27.0 26.0 25.0 24.0 23.0 22.0 21.0 20.0 19.0 18.0 17.0 16.0 15.0 14.0 13.0 12.0 11.0 10.0 9.0 8.0 7.0 6.0 5.0 4.0 3.0 2.0 1.0 0.0 1.0 2.0 3.0 4.0 5.0 6.0 7.0 8.0 9.0 10.0 11.0 12.0 13.0 14.0 15.0 16.0 17.0 18.0 19.0 20.0 21.0 22.0 23.0 24.0 25.0 26.0 27.0 28.0 29.0 30.0 31.0 32.0 33.0 34.0 35.0 36.0 37.0 38.0 39.0 40.0 41.0 42.0 43.0 44.0 45.0 46.0 47.0 48.0 49.0 50.0 51.0 52.0 53.0 54.0 55.0 56.0 57.0 58.0 59.0 60.0 61.0 62.0 63.0 64.0 63.0 62.0 61.0 60.0 59.0 58.0 57.0 56.0 55.0 54.0 53.0 52.0 51.0 50.0 49.0 48.0 47.0 46.0 45.0 44.0 43.0 42.0 41.0 40.0 39.0 38.0 37.0 
37.0 36.0 35.0 34.0 33.0 32.0 31.0 30.0 29.0 28.0 27.0 26.0 25.0 24.0 23.0 22.0 21.0 20.0 19.0 18.0 17.0 16.0 15.0 14.0 13.0 12.0 11.0 10.0 9.0 8.0 7.0 6.0 5.0 4.0 3.0 2.0 1.0 0.0 1.0 2.0 3.0 4.0 5.0 6.0 7.0 8.0 9.0 10.0 11.0 12.0 13.0 14.0 15.0 16.0 17.0 18.0 19.0 20.0 21.0 22.0 23.0 24.0 25.0 26.0 27.0 28.0 29.0 30.0 31.0 32.0 33.0 34.0 35.0 36.0 37.0 38.0 39.0 40.0 41.0 42.0 43.0 44.0 45.0 46.0 47.0 48.0 49.0 50.0 51.0 52.0 53.0 54.0 55.0 56.0 57.0 58.0 59.0 60.0 61.0 62.0 63.0 64.0 63.0 62.0 61.0 60.0 59.0 58.0 57.0 56.0 55.0 54.0 53.0 52.0 51.0 50.0 49.0 48.0 47.0 46.0 45.0 44.0 43.0 42.0 41.0 40.0 39.0 38.0 
38.0 37.0 36.0 35.0 34.0 33.0 32.0 31.0 30.0 29.0 28.0 27.0 26.0 25.0 24.0 23.0 22.0 21.0 20.0 19.0 18.0 17.0 16.0 15.0 14.0 13.0 12.0 11.0 10.0 9.0 8.0 7.0 6.0 5.0 4.0 3.0 2.0 1.0 0.0 1.0 2.0 3.0 4.0 5.0 6.0 7.0 8.0 9.0 10.0 11.0 12.0 13.0 14.0 15.0 16.0 17.0 18.0 19.0 20.0 21.0 22.0 23.0 24.0 25.0 26.0 27.0 28.0 29.0 30.0 31.0 32.0 33.0 34.0 35.0 36.0 37.0 38.0 39.0 40.0 41.0 42.0 43.0 44.0 45.0 46.0 47.0 48.0 49.0 50.0 51.0 52.0 53.0 54.0 55.0 56.0 57.0 58.0 59.0 60.0 61.0 62.0 63.0 64.0 63.0 62.0 61.0 60.0 59.0 58.0 57.0 56.0 55.0 54.0 53.0 52.0 51.0 50.0 49.0 48.0 47.0 46.0 45.0 44.0 43.0 42.0 41.0 40.0 39.0 
39.0 38.0 37.0 36.0 35.0 34.0 33.0 32.0 31.0 30.0 29.0 28.0 27.0 26.0 25.0 24.0 23.0 22.0 21.0 20.0 19.0 18.0 17.0 16.0 15.0 14.0 13.0 12.0 11.0 10.0 9.0 8.0 7.0 6.0 5.0 4.0 3.0 2.0 1.0 0.0 1.0 2.0 3.0 4.0 5.0 6.0 7.0 8.0 9.0 10.0 11.0 12.0 13.0 14.0 15.0 16.0 17.0 18.0 19.0 20.0 21.0 22.0 23.0 24.0 25.0 26.0 27.0 28.0 29.0 30.0 31.0 32.0 33.0 34.0 35.0 36.0 37.0 38.0 39.0 40.0 41.0 42.0 43.0 44.0 45.0 46.0 47.0 48.0 49.0 50.0 51.0 52.0 53.0 54.0 55.0 56.0 57.0 58.0 59.0 60.0 61.0 62.0 63.0 64.0 63.0 62.0 61.0 60.0 59.0 58.0 57.0 56.0 55.0 54.0 53.0 52.0 51.0 50.0 49.0 48.0 47.0 46.0 45.0 44.0 43.0 42.0 41.0 40.0 
40.0 39.0 38.0 37.0 36.0 35.0 34.0 33.0 32.0 31.0 30.0 29.0 28.0 27.0 26.0 25.0 24.0 23.0 22.0 21.0 20.0 19.0 18.0 17.0 16.0 15.0 14.0 13.0 12.0 11.0 10.0 9.0 8.0 7.0 6.0 5.0 4.0 3.0 2.0 1.0 0.0 1.0 2.0 3.0 4.0 5.0 6.0 7.0 8.0 9.0 10.0 11.0 12.0 13.0 14.0 15.0 16.0 17.0 18.0 19.0 20.0 21.0 22.0 23.0 24.0 25.0 26.0 27.0 28.0 29.0 30.0 31.0 32.0 33.0 34.0 35.0 36.0 37.0 38.0 39.0 40.0 41.0 42.0 43.0 44.0 45.0 46.0 47.0 48.0 49.0 50.0 51.0 52.0 53.0 54.0 55.0 56.0 57.0 58.0 59.0 60.0 61.0 62.0 63.0 64.0 63.0 62.0 61.0 60.0 59.0 58.0 57.0 56.0 55.0 54.0 53.0 52.0 51.0 50.0 49.0 48.0 47.0 46.0 45.0 44.0 43.0 42.0 41.0 
41.0 40.0 39.0 38.0 37.0 36.0 35.0 34.0 33.0 32.0 31.0 30.0 29.0 28.0 27.0 26.0 25.0 24.0 23.0 22.0 21.0 20.0 19.0 18.0 17.0 16.0 15.0 14.0 13.0 12.0 11.0 10.0 9.0 8.0 7.0 6.0 5.0 4.0 3.0 2.0 1.0 0.0 1.0 2.0 3.0 4.0 5.0 6.0 7.0 8.0 9.0 10.0 11.0 12.0 13.0 14.0 15.0 16.0 17.0 18.0 19.0 20.0 21.0 22.0 23.0 24.0 25.0 26.0 27.0 28.0 29.0 30.0 31.0 32.0 33.0 34.0 35.0 36.0 37.0 38.0 39.0 40.0 41.0 42.0 43.0 44.0 45.0 46.0 47.0 48.0 49.0 50.0 51.0 52.0 53.0 54.0 55.0 56.0 57.0 58.0 59.0 60.0 61.0 62.0 63.0 64.0 63.0 62.0 61.0 60.0 59.0 58.0 57.0 56.0 55.0 54.0 53.0 52.0 51.0 50.0 49.0 48.0 47.0 46.0 45.0 44.0 43.0 42.0 
42.0 41.0 40.0 39.0 38.0 37.0 36.0 35.0 34.0 33.0 32.0 31.0 30.0 29.0 28.0 27.0 26.0 25.0 24.0 23.0 22.0 21.0 20.0 19.0 18.0 17.0 16.0 15.0 14.0 13.0 12.0 11.0 10.0 9.0 8.0 7.0 6.0 5.0 4.0 3.0 2.0 1.0 0.0 1.0 2.0 3.0 4.0 5.0 6.0 7.0 8.0 9.0 10.0 11.0 12.0 13.0 14.0 15.0 16.0 17.0 18.0 19.0 20.0 21.0 22.0 23.0 24.0 25.0 26.0 27.0 28.0 29.0 30.0 31.0 32.0 33.0 34.0 35.0 36.0 37.0 38.0 39.0 40.0 41.0 42.0 43.0 44.0 45.0 46.0 47.0 48.0 49.0 50.0 51.0 52.0 53.0 54.0 55.0 56.0 57.0 58.0 59.0 60.0 61.0 62.0 63.0 64.0 63.0 62.0 61.0 60.0 59.0 58.0 57.0 56.0 55.0 54.0 53.0 52.0 51.0 50.0 49.0 48.0 47.0 46.0 45.0 44.0 43.0 
43.0 42.0 41.0 40.0 39.0 38.0 37.0 36.0 35.0 34.0 33.0 32.0 31.0 30.0 29.0 28.0 27.0 26.0 25.0 24.0 23.0 22.0 21.0 20.0 19.0 18.0 17.0 16.0 15.0 14.0 13.0 12.0 11.0 10.0 9.0 8.0 7.0 6.0 5.0 4.0 3.0 2.0 1.0 0.0 1.0 2.0 3.0 4.0 5.0 6.0 7.0 8.0 9.0 10.0 11.0 12.0 13.0 14.0 15.0 16.0 17.0 18.0 19.0 20.0 21.0 22.0 23.0 24.0 25.0 26.0 27.0 28.0 29.0 30.0 31.0 32.0 33.0 34.0 35.0 36.0 37.0 38.0 39.0 40.0 41.0 42.0 43.0 44.0 45.0 46.0 47.0 48.0 49.0 50.0 51.0 52.0 53.0 54.0 55.0 56.0 57.0 58.0 59.0 60.0 61.0 62.0 63.0 64.0 63.0 62.0 61.0 60.0 59.0 58.0 57.0 56.0 55.0 54.0 53.0 52.0 51.0 50.0 49.0 48.0 47.0 46.0 45.0 44.0 
44.0 43.0 42.0 41.0 40.0 39.0 38.0 37.0 36.0 35.0 34.0 33.0 32.0 31.0 30.0 29.0 28.0 27.0 26.0 25.0 24.0 23.0 22.0 21.0 20.0 19.0 18.0 17.0 16.0 15.0 14.0 13.0 12.0 11.0 10.0 9.0 8.0 7.0 6.0 5.0 4.0 3.0 2.0 1.0 0.0 1.0 2.0 3.0 4.0 5.0 6.0 7.0 8.0 9.0 10.0 11.0 12.0 13.0 14.0 15.0 16.0 17.0 18.0 19.0 20.0 21.0 22.0 23.0 24.0 25.0 26.0 27.0 28.0 29.0 30.0 31.0 32.0 33.0 34.0 35.0 36.0 37.0 38.0 39.0 40.0 41.0 42.0 43.0 44.0 45.0 46.0 47.0 48.0 49.0 50.0 51.0 52.0 53.0 54.0 55.0 56.0 57.0 58.0 59.0 60.0 61.0 62.0 63.0 64.0 63.0 62.0 61.0 60.0 59.0 58.0 57.0 56.0 55.0 54.0 53.0 52.0 51.0 50.0 49.0 48.0 47.0 46.0 45.0 
45.0 44.0 43.0 42.0 41.0 40.0 39.0 38.0 37.0 36.0 35.0 34.0 33.0 32.0 31.0 30.0 29.0 28.0 27.0 26.0 25.0 24.0 23.0 22.0 21.0 20.0 19.0 18.0 17.0 16.0 15.0 14.0 13.0 12.0 11.0 10.0 9.0 8.0 7.0 6.0 5.0 4.0 3.0 2.0 1.0 0.0 1.0 2.0 3.0 4.0 5.0 6.0 7.0 8.0 9.0 10.0 11.0 12.0 13.0 14.0 15.0 16.0 17.0 18.0 19.0 20.0 21.0 22.0 23.0 24.0 25.0 26.0 27.0 28.0 29.0 30.0 31.0 32.0 33.0 34.0 35.0 36.0 37.0 38.0 39.0 40.0 41.0 42.0 43.0 44.0 45.0 46.0 47.0 48.0 49.0 50.0 51.0 52.0 53.0 54.0 55.0 56.0 57.0 58.0 59.0 60.0 61.0 62.0 63.0 64.0 63.0 62.0 61.0 60.0 59.0 58.0 57.0 56.0 55.0 54.0 53.0 52.0 51.0 50.0 49.0 48.0 47.0 46.0 
46.0 45.0 44.0 43.0 42.0 41.0 40.0 39.0 38.0 37.0 36.0 35.0 34.0 33.0 32.0 31.0 30.0 29.0 28.0 27.0 26.0 25.0 24.0 23.0 22.0 21.0 20.0 19.0 18.0 17.0 16.0 15.0 14.0 13.0 12.0 11.0 10.0 9.0 8.0 7.0 6.0 5.0 4.0 3.0 2.0 1.0 0.0 1.0 2.0 3.0 4.0 5.0 6.0 7.0 8.0 9.0 10.0 11.0 12.0 13.0 14.0 15.0 16.0 17.0 18.0 19.0 20.0 21.0 22.0 23.0 24.0 25.0 26.0 27.0 28.0 29.0 30.0 31.0 32.0 33.0 34.0 35.0 36.0 37.0 38.0 39.0 40.0 41.0 42.0 43.0 44.0 45.0 46.0 47.0 48.0 49.0 50.0 51.0 52.0 53.0 54.0 55.0 56.0 57.0 58.0 59.0 60.0 61.0 62.0 63.0 64.0 63.0 62.0 61.0 60.0 59.0 58.0 57.0 56.0 55.0 54.0 53.0 52.0 51.0 50.0 49.0 48.0 47.0 
47.0 46.0 45.0 44.0 43.0 42.0 41.0 40.0 39.0 38.0 37.0 36.0 35.0 34.0 33.0 32.0 31.0 30.0 29.0 28.0 27.0 26.0 25.0 24.0 23.0 22.0 21.0 20.0 19.0 18.0 17.0 16.0 15.0 14.0 13.0 12.0 11.0 10.0 9.0 8.0 7.0 6.0 5.0 4.0 3.0 2.0 1.0 0.0 1.0 2.0 3.0 4.0 5.0 6.0 7.0 8.0 9.0 10.0 11.0 12.0 13.0 14.0 15.0 16.0 17.0 18.0 19.0 20.0 21.0 22.0 23.0 24.0 25.0 26.0 27.0 28.0 29.0 30.0 31.0 32.0 33.0 34.0 35.0 36.0 37.0 38.0 39.0 40.0 41.0 42.0 43.0 44.0 45.0 46.0 47.0 48.0 49.0 50.0 51.0 52.0 53.0 54.0 55.0 56.0 57.0 58.0 59.0 60.0 61.0 62.0 63.0 64.0 63.0 62.0 61.0 60.0 59.0 58.0 57.0 56.0 55.0 54.0 53.0 52.0 51.0 50.0 49.0 48.0 
48.0 47.0 46.0 45.0 44.0 43.0 42.0 41.0 40.0 39.0 38.0 37.0 36.0 35.0 34.0 33.0 32.0 31.0 30.0 29.0 28.0 27.0 26.0 25.0 24.0 23.0 22.0 21.0 20.0 19.0 18.0 17.0 16.0 15.0 14.0 13.0 12.0 11.0 10.0 9.0 8.0 7.0 6.0 5.0 4.0 3.0 2.0 1.0 0.0 1.0 2.0 3.0 4.0 5.0 6.0 7.0 8.0 9.0 10.0 11.0 12.0 13.0 14.0 15.0 16.0 17.0 18.0 19.0 20.0 21.0 22.0 23.0 24.0 25.0 26.0 27.0 28.0 29.0 30.0 31.0 32.0 33.0 34.0 35.0 36.0 37.0 38.0 39.0 40.0 41.0 42.0 43.0 44.0 45.0 46.0 47.0 48.0 49.0 50.0 51.0 52.0 53.0 54.0 55.0 56.0 57.0 58.0 59.0 60.0 61.0 62.0 63.0 64.0 63.0 62.0 61.0 60.0 59.0 58.0 57.0 56.0 55.0 54.0 53.0 52.0 51.0 50.0 49.0 
49.0 48.0 47.0 46.0 45.0 44.0 43.0 42.0 41.0 40.0 39.0 38.0 37.0 36.0 35.0 34.0 33.0 32.0 31.0 30.0 29.0 28.0 27.0 26.0 25.0 24.0 23.0 22.0 21.0 20.0 19.0 18.0 17.0 16.0 15.0 14.0 13.0 12.0 11.0 10.0 9.0 8.0 7.0 6.0 5.0 4.0 3.0 2.0 1.0 0.0 1.0 2.0 3.0 4.0 5.0 6.0 7.0 8.0 9.0 10.0 11.0 12.0 13.0 14.0 15.0 16.0 17.0 18.0 19.0 20.0 21.0 22.0 23.0 24.0 25.0 26.0 27.0 28.0 29.0 30.0 31.0 32.0 33.0 34.0 35.0 36.0 37.0 38.0 39.0 40.0 41.0 42.0 43.0 44.0 45.0 46.0 47.0 48.0 49.0 50.0 51.0 52.0 53.0 54.0 55.0 56.0 57.0 58.0 59.0 60.0 61.0 62.0 63.0 64.0 63.0 62.0 61.0 60.0 59.0 58.0 57.0 56.0 55.0 54.0 53.0 52.0 51.0 50.0 
50.0 49.0 48.0 47.0 46.0 45.0 44.0 43.0 42.0 41.0 40.0 39.0 38.0 37.0 36.0 35.0 34.0 33.0 32.0 31.0 30.0 29.0 28.0 27.0 26.0 25.0 24.0 23.0 22.0 21.0 20.0 19.0 18.0 17.0 16.0 15.0 14.0 13.0 12.0 11.0 10.0 9.0 8.0 7.0 6.0 5.0 4.0 3.0 2.0 1.0 0.0 1.0 2.0 3.0 4.0 5.0 6.0 7.0 8.0 9.0 10.0 11.0 12.0 13.0 14.0 15.0 16.0 17.0 18.0 19.0 20.0 21.0 22.0 23.0 24.0 25.0 26.0 27.0 28.0 29.0 30.0 31.0 32.0 33.0 34.0 35.0 36.0 37.0 38.0 39.0 40.0 41.0 42.0 43.0 44.0 45.0 46.0 47.0 48.0 49.0 50.0 51.0 52.0 53.0 54.0 55.0 56.0 57.0 58.0 59.0 60.0 61.0 62.0 63.0 64.0 63.0 62.0 61.0 60.0 59.0 58.0 57.0 56.0 55.0 54.0 53.0 52.0 51.0 
51.0 50.0 49.0 48.0 47.0 46.0 45.0 44.0 43.0 42.0 41.0 40.0 39.0 38.0 37.0 36.0 35.0 34.0 33.0 32.0 31.0 30.0 29.0 28.0 27.0 26.0 25.0 24.0 23.0 22.0 21.0 20.0 19.0 18.0 17.0 16.0 15.0 14.0 13.0 12.0 11.0 10.0 9.0 8.0 7.0 6.0 5.0 4.0 3.0 2.0 1.0 0.0 1.0 2.0 3.0 4.0 5.0 6.0 7.0 8.0 9.0 10.0 11.0 12.0 13.0 14.0 15.0 16.0 17.0 18.0 19.0 20.0 21.0 22.0 23.0 24.0 25.0 26.0 27.0 28.0 29.0 30.0 31.0 32.0 33.0 34.0 35.0 36.0 37.0 38.0 39.0 40.0 41.0 42.0 43.0 44.0 45.0 46.0 47.0 48.0 49.0 50.0 51.0 52.0 53.0 54.0 55.0 56.0 57.0 58.0 59.0 60.0 61.0 62.0 63.0 64.0 63.0 62.0 61.0 60.0 59.0 58.0 57.0 56.0 55.0 54.0 53.0 52.0 
52.0 51.0 50.0 49.0 48.0 47.0 46.0 45.0 44.0 43.0 42.0 41.0 40.0 39.0 38.0 37.0 36.0 35.0 34.0 33.0 32.0 31.0 30.0 29.0 28.0 27.0 26.0 25.0 24.0 23.0 22.0 21.0 20.0 19.0 18.0 17.0 16.0 15.0 14.0 13.0 12.0 11.0 10.0 9.0 8.0 7.0 6.0 5.0 4.0 3.0 2.0 1.0 0.0 1.0 2.0 3.0 4.0 5.0 6.0 7.0 8.0 9.0 10.0 11.0 12.0 13.0 14.0 15.0 16.0 17.0 18.0 19.0 20.0 21.0 22.0 23.0 24.0 25.0 26.0 27.0 28.0 29.0 30.0 31.0 32.0 33.0 34.0 35.0 36.0 37.0 38.0 39.0 40.0 41.0 42.0 43.0 44.0 45.0 46.0 47.0 48.0 49.0 50.0 51.0 52.0 53.0 54.0 55.0 56.0 57.0 58.0 59.0 60.0 61.0 62.0 63.0 64.0 63.0 62.0 61.0 60.0 59.0 58.0 57.0 56.0 55.0 54.0 53.0 
53.0 52.0 51.0 50.0 49.0 48.0 47.0 46.0 45.0 44.0 43.0 42.0 41.0 40.0 39.0 38.0 37.0 36.0 35.0 34.0 33.0 32.0 31.0 30.0 29.0 28.0 27.0 26.0 25.0 24.0 23.0 22.0 21.0 20.0 19.0 18.0 17.0 16.0 15.0 14.0 13.0 12.0 11.0 10.0 9.0 8.0 7.0 6.0 5.0 4.0 3.0 2.0 1.0 0.0 1.0 2.0 3.0 4.0 5.0 6.0 7.0 8.0 9.0 10.0 11.0 12.0 13.0 14.0 15.0 16.0 17.0 18.0 19.0 20.0 21.0 22.0 23.0 24.0 25.0 26.0 27.0 28.0 29.0 30.0 31.0 32.0 33.0 34.0 35.0 36.0 37.0 38.0 39.0 40.0 41.0 42.0 43.0 44.0 45.0 46.0 47.0 48.0 49.0 50.0 51.0 52.0 53.0 54.0 55.0 56.0 57.0 58.0 59.0 60.0 61.0 62.0 63.0 64.0 63.0 62.0 61.0 60.0 59.0 58.0 57.0 56.0 55.0 54.0 
54.0 53.0 52.0 51.0 50.0 49.0 48.0 47.0 46.0 45.0 44.0 43.0 42.0 41.0 40.0 39.0 38.0 37.0 36.0 35.0 34.0 33.0 32.0 31.0 30.0 29.0 28.0 27.0 26.0 25.0 24.0 23.0 22.0 21.0 20.0 19.0 18.0 17.0 16.0 15.0 14.0 13.0 12.0 11.0 10.0 9.0 8.0 7.0 6.0 5.0 4.0 3.0 2.0 1.0 0.0 1.0 2.0 3.0 4.0 5.0 6.0 7.0 8.0 9.0 10.0 11.0 12.0 13.0 14.0 15.0 16.0 17.0 18.0 19.0 20.0 21.0 22.0 23.0 24.0 25.0 26.0 27.0 28.0 29.0 30.0 31.0 32.0 33.0 34.0 35.0 36.0 37.0 38.0 39.0 40.0 41.0 42.0 43.0 44.0 45.0 46.0 47.0 48.0 49.0 50.0 51.0 52.0 53.0 54.0 55.0 56.0 57.0 58.0 59.0 60.0 61.0 62.0 63.0 64.0 63.0 62.0 61.0 60.0 59.0 58.0 57.0 56.0 55.0 
55.0 54.0 53.0 52.0 51.0 50.0 49.0 48.0 47.0 46.0 45.0 44.0 43.0 42.0 41.0 40.0 39.0 38.0 37.0 36.0 35.0 34.0 33.0 32.0 31.0 30.0 29.0 28.0 27.0 26.0 25.0 24.0 23.0 22.0 21.0 20.0 19.0 18.0 17.0 16.0 15.0 14.0 13.0 12.0 11.0 10.0 9.0 8.0 7.0 6.0 5.0 4.0 3.0 2.0 1.0 0.0 1.0 2.0 3.0 4.0 5.0 6.0 7.0 8.0 9.0 10.0 11.0 12.0 13.0 14.0 15.0 16.0 17.0 18.0 19.0 20.0 21.0 22.0 23.0 24.0 25.0 26.0 27.0 28.0 29.0 30.0 31.0 32.0 33.0 34.0 35.0 36.0 37.0 38.0 39.0 40.0 41.0 42.0 43.0 44.0 45.0 46.0 47.0 48.0 49.0 50.0 51.0 52.0 53.0 54.0 55.0 56.0 57.0 58.0 59.0 60.0 61.0 62.0 63.0 64.0 63.0 62.0 61.0 60.0 59.0 58.0 57.0 56.0 
56.0 55.0 54.0 53.0 52.0 51.0 50.0 49.0 48.0 47.0 46.0 45.0 44.0 43.0 42.0 41.0 40.0 39.0 38.0 37.0 36.0 35.0 34.0 33.0 32.0 31.0 30.0 29.0 28.0 27.0 26.0 25.0 24.0 23.0 22.0 21.0 20.0 19.0 18.0 17.0 16.0 15.0 14.0 13.0 12.0 11.0 10.0 9.0 8.0 7.0 6.0 5.0 4.0 3.0 2.0 1.0 0.0 1.0 2.0 3.0 4.0 5.0 6.0 7.0 8.0 9.0 10.0 11.0 12.0 13.0 14.0 15.0 16.0 17.0 18.0 19.0 20.0 21.0 22.0 23.0 24.0 25.0 26.0 27.0 28.0 29.0 30.0 31.0 32.0 33.0 34.0 35.0 36.0 37.0 38.0 39.0 40.0 41.0 42.0 43.0 44.0 45.0 46.0 47.0 48.0 49.0 50.0 51.0 52.0 53.0 54.0 55.0 56.0 57.0 58.0 59.0 60.0 61.0 62.0 63.0 64.0 63.0 62.0 61.0 60.0 59.0 58.0 57.0 
57.0 56.0 55.0 54.0 53.0 52.0 51.0 50.0 49.0 48.0 47.0 46.0 45.0 44.0 43.0 42.0 41.0 40.0 39.0 38.0 37.0 36.0 35.0 34.0 33.0 32.0 31.0 30.0 29.0 28.0 27.0 26.0 25.0 24.0 23.0 22.0 21.0 20.0 19.0 18.0 17.0 16.0 15.0 14.0 13.0 12.0 11.0 10.0 9.0 8.0 7.0 6.0 5.0 4.0 3.0 2.0 1.0 0.0 1.0 2.0 3.0 4.0 5.0 6.0 7.0 8.0 9.0 10.0 11.0 12.0 13.0 14.0 15.0 16.0 17.0 18.0 19.0 20.0 21.0 22.0 23.0 24.0 25.0 26.0 27.0 28.0 29.0 30.0 31.0 32.0 33.0 34.0 35.0 36.0 37.0 38.0 39.0 40.0 41.0 42.0 43.0 44.0 45.0 46.0 47.0 48.0 49.0 50.0 51.0 52.0 53.0 54.0 55.0 56.0 57.0 58.0 59.0 60.0 61.0 62.0 63.0 64.0 63.0 62.0 61.0 60.0 59.0 58.0 
58.0 57.0 56.0 55.0 54.0 53.0 52.0 51.0 50.0 49.0 48.0 47.0 46.0 45.0 44.0 43.0 42.0 41.0 40.0 39.0 38.0 37.0 36.0 35.0 34.0 33.0 32.0 31.0 30.0 29.0 28.0 27.0 26.0 25.0 24.0 23.0 22.0 21.0 20.0 19.0 18.0 17.0 16.0 15.0 14.0 13.0 12.0 11.0 10.0 9.0 8.0 7.0 6.0 5.0 4.0 3.0 2.0 1.0 0.0 1.0 2.0 3.0 4.0 5.0 6.0 7.0 8.0 9.0 10.0 11.0 12.0 13.0 14.0 15.0 16.0 17.0 18.0 19.0 20.0 21.0 22.0 23.0 24.0 25.0 26.0 27.0 28.0 29.0 30.0 31.0 32.0 33.0 34.0 35.0 36.0 37.0 38.0 39.0 40.0 41.0 42.0 43.0 44.0 45.0 46.0 47.0 48.0 49.0 50.0 51.0 52.0 53.0 54.0 55.0 56.0 57.0 58.0 59.0 60.0 61.0 62.0 63.0 64.0 63.0 62.0 61.0 60.0 59.0 
59.0 58.0 57.0 56.0 55.0 54.0 53.0 52.0 51.0 50.0 49.0 48.0 47.0 46.0 45.0 44.0 43.0 42.0 41.0 40.0 39.0 38.0 37.0 36.0 35.0 34.0 33.0 32.0 31.0 30.0 29.0 28.0 27.0 26.0 25.0 24.0 23.0 22.0 21.0 20.0 19.0 18.0 17.0 16.0 15.0 14.0 13.0 12.0 11.0 10.0 9.0 8.0 7.0 6.0 5.0 4.0 3.0 2.0 1.0 0.0 1.0 2.0 3.0 4.0 5.0 6.0 7.0 8.0 9.0 10.0 11.0 12.0 13.0 14.0 15.0 16.0 17.0 18.0 19.0 20.0 21.0 22.0 23.0 24.0 25.0 26.0 27.0 28.0 29.0 30.0 31.0 32.0 33.0 34.0 35.0 36.0 37.0 38.0 39.0 40.0 41.0 42.0 43.0 44.0 45.0 46.0 47.0 48.0 49.0 50.0 51.0 52.0 53.0 54.0 55.0 56.0 57.0 58.0 59.0 60.0 61.0 62.0 63.0 64.0 63.0 62.0 61.0 60.0 
60.0 59.0 58.0 57.0 56.0 55.0 54.0 53.0 52.0 51.0 50.0 49.0 48.0 47.0 46.0 45.0 44.0 43.0 42.0 41.0 40.0 39.0 38.0 37.0 36.0 35.0 34.0 33.0 32.0 31.0 30.0 29.0 28.0 27.0 26.0 25.0 24.0 23.0 22.0 21.0 20.0 19.0 18.0 17.0 16.0 15.0 14.0 13.0 12.0 11.0 10.0 9.0 8.0 7.0 6.0 5.0 4.0 3.0 2.0 1.0 0.0 1.0 2.0 3.0 4.0 5.0 6.0 7.0 8.0 9.0 10.0 11.0 12.0 13.0 14.0 15.0 16.0 17.0 18.0 19.0 20.0 21.0 22.0 23.0 24.0 25.0 26.0 27.0 28.0 29.0 30.0 31.0 32.0 33.0 34.0 35.0 36.0 37.0 38.0 39.0 40.0 41.0 42.0 43.0 44.0 45.0 46.0 47.0 48.0 49.0 50.0 51.0 52.0 53.0 54.0 55.0 56.0 57.0 58.0 59.0 60.0 61.0 62.0 63.0 64.0 63.0 62.0 61.0 
61.0 60.0 59.0 58.0 57.0 56.0 55.0 54.0 53.0 52.0 51.0 50.0 49.0 48.0 47.0 46.0 45.0 44.0 43.0 42.0 41.0 40.0 39.0 38.0 37.0 36.0 35.0 34.0 33.0 32.0 31.0 30.0 29.0 28.0 27.0 26.0 25.0 24.0 23.0 22.0 21.0 20.0 19.0 18.0 17.0 16.0 15.0 14.0 13.0 12.0 11.0 10.0 9.0 8.0 7.0 6.0 5.0 4.0 3.0 2.0 1.0 0.0 1.0 2.0 3.0 4.0 5.0 6.0 7.0 8.0 9.0 10.0 11.0 12.0 13.0 14.0 15.0 16.0 17.0 18.0 19.0 20.0 21.0 22.0 23.0 24.0 25.0 26.0 27.0 28.0 29.0 30.0 31.0 32.0 33.0 34.0 35.0 36.0 37.0 38.0 39.0 40.0 41.0 42.0 43.0 44.0 45.0 46.0 47.0 48.0 49.0 50.0 51.0 52.0 53.0 54.0 55.0 56.0 57.0 58.0 59.0 60.0 61.0 62.0 63.0 64.0 63.0 62.0 
62.0 61.0 60.0 59.0 58.0 57.0 56.0 55.0 54.0 53.0 52.0 51.0 50.0 49.0 48.0 47.0 46.0 45.0 44.0 43.0 42.0 41.0 40.0 39.0 38.0 37.0 36.0 35.0 34.0 33.0 32.0 31.0 30.0 29.0 28.0 27.0 26.0 25.0 24.0 23.0 22.0 21.0 20.0 19.0 18.0 17.0 16.0 15.0 14.0 13.0 12.0 11.0 10.0 9.0 8.0 7.0 6.0 5.0 4.0 3.0 2.0 1.0 0.0 1.0 2.0 3.0 4.0 5.0 6.0 7.0 8.0 9.0 10.0 11.0 12.0 13.0 14.0 15.0 16.0 17.0 18.0 19.0 20.0 21.0 22.0 23.0 24.0 25.0 26.0 27.0 28.0 29.0 30.0 31.0 32.0 33.0 34.0 35.0 36.0 37.0 38.0 39.0 40.0 41.0 42.0 43.0 44.0 45.0 46.0 47.0 48.0 49.0 50.0 51.0 52.0 53.0 54.0 55.0 56.0 57.0 58.0 59.0 60.0 61.0 62.0 63.0 64.0 63.0 
63.0 62.0 61.0 60.0 59.0 58.0 57.0 56.0 55.0 54.0 53.0 52.0 51.0 50.0 49.0 48.0 47.0 46.0 45.0 44.0 43.0 42.0 41.0 40.0 39.0 38.0 37.0 36.0 35.0 34.0 33.0 32.0 31.0 30.0 29.0 28.0 27.0 26.0 25.0 24.0 23.0 22.0 21.0 20.0 19.0 18.0 17.0 16.0 15.0 14.0 13.0 12.0 11.0 10.0 9.0 8.0 7.0 6.0 5.0 4.0 3.0 2.0 1.0 0.0 1.0 2.0 3.0 4.0 5.0 6.0 7.0 8.0 9.0 10.0 11.0 12.0 13.0 14.0 15.0 16.0 17.0 18.0 19.0 20.0 21.0 22.0 23.0 24.0 25.0 26.0 27.0 28.0 29.0 30.0 31.0 32.0 33.0 34.0 35.0 36.0 37.0 38.0 39.0 40.0 41.0 42.0 43.0 44.0 45.0 46.0 47.0 48.0 49.0 50.0 51.0 52.0 53.0 54.0 55.0 56.0 57.0 58.0 59.0 60.0 61.0 62.0 63.0 64.0 
64.0 63.0 62.0 61.0 60.0 59.0 58.0 57.0 56.0 55.0 54.0 53.0 52.0 51.0 50.0 49.0 48.0 47.0 46.0 45.0 44.0 43.0 42.0 41.0 40.0 39.0 38.0 37.0 36.0 35.0 34.0 33.0 32.0 31.0 30.0 29.0 28.0 27.0 26.0 25.0 24.0 23.0 22.0 21.0 20.0 19.0 18.0 17.0 16.0 15.0 14.0 13.0 12.0 11.0 10.0 9.0 8.0 7.0 6.0 5.0 4.0 3.0 2.0 1.0 0.0 1.0 2.0 3.0 4.0 5.0 6.0 7.0 8.0 9.0 10.0 11.0 12.0 13.0 14.0 15.0 16.0 17.0 18.0 19.0 20.0 21.0 22.0 23.0 24.0 25.0 26.0 27.0 28.0 29.0 30.0 31.0 32.0 33.0 34.0 35.0 36.0 37.0 38.0 39.0 40.0 41.0 42.0 43.0 44.0 45.0 46.0 47.0 48.0 49.0 50.0 51.0 52.0 53.0 54.0 55.0 56.0 57.0 58.0 59.0 60.0 61.0 62.0 63.0 
63.0 64.0 63.0 62.0 61.0 60.0 59.0 58.0 57.0 56.0 55.0 54.0 53.0 52.0 51.0 50.0 49.0 48.0 47.0 46.0 45.0 44.0 43.0 42.0 41.0 40.0 39.0 38.0 37.0 36.0 35.0 34.0 33.0 32.0 31.0 30.0 29.0 28.0 27.0 26.0 25.0 24.0 23.0 22.0 21.0 20.0 19.0 18.0 17.0 16.0 15.0 14.0 13.0 12.0 11.0 10.0 9.0 8.0 7.0 6.0 5.0 4.0 3.0 2.0 1.0 0.0 1.0 2.0 3.0 4.0 5.0 6.0 7.0 8.0 9.0 10.0 11.0 12.0 13.0 14.0 15.0 16.0 17.0 18.0 19.0 20.0 21.0 22.0 23.0 24.0 25.0 26.0 27.0 28.0 29.0 30.0 31.0 32.0 33.0 34.0 35.0 36.0 37.0 38.0 39.0 40.0 41.0 42.0 43.0 44.0 45.0 46.0 47.0 48.0 49.0 50.0 51.0 52.0 53.0 54.0 55.0 56.0 57.0 58.0 59.0 60.0 61.0 62.0 
62.0 63.0 64.0 63.0 62.0 61.0 60.0 59.0 58.0 57.0 56.0 55.0 54.0 53.0 52.0 51.0 50.0 49.0 48.0 47.0 46.0 45.0 44.0 43.0 42.0 41.0 40.0 39.0 38.0 37.0 36.0 35.0 34.0 33.0 32.0 31.0 30.0 29.0 28.0 27.0 26.0 25.0 24.0 23.0 22.0 21.0 20.0 19.0 18.0 17.0 16.0 15.0 14.0 13.0 12.0 11.0 10.0 9.0 8.0 7.0 6.0 5.0 4.0 3.0 2.0 1.0 0.0 1.0 2.0 3.0 4.0 5.0 6.0 7.0 8.0 9.0 10.0 11.0 12.0 13.0 14.0 15.0 16.0 17.0 18.0 19.0 20.0 21.0 22.0 23.0 24.0 25.0 26.0 27.0 28.0 29.0 30.0 31.0 32.0 33.0 34.0 35.0 36.0 37.0 38.0 39.0 40.0 41.0 42.0 43.0 44.0 45.0 46.0 47.0 48.0 49.0 50.0 51.0 52.0 53.0 54.0 55.0 56.0 57.0 58.0 59.0 60.0 61.0 
61.0 62.0 63.0 64.0 63.0 62.0 61.0 60.0 59.0 58.0 57.0 56.0 55.0 54.0 53.0 52.0 51.0 50.0 49.0 48.0 47.0 46.0 45.0 44.0 43.0 42.0 41.0 40.0 39.0 38.0 37.0 36.0 35.0 34.0 33.0 32.0 31.0 30.0 29.0 28.0 27.0 26.0 25.0 24.0 23.0 22.0 21.0 20.0 19.0 18.0 17.0 16.0 15.0 14.0 13.0 12.0 11.0 10.0 9.0 8.0 7.0 6.0 5.0 4.0 3.0 2.0 1.0 0.0 1.0 2.0 3.0 4.0 5.0 6.0 7.0 8.0 9.0 10.0 11.0 12.0 13.0 14.0 15.0 16.0 17.0 18.0 19.0 20.0 21.0 22.0 23.0 24.0 25.0 26.0 27.0 28.0 29.0 30.0 31.0 32.0 33.0 34.0 35.0 36.0 37.0 38.0 39.0 40.0 41.0 42.0 43.0 44.0 45.0 46.0 47.0 48.0 49.0 50.0 51.0 52.0 53.0 54.0 55.0 56.0 57.0 58.0 59.0 60.0 
60.0 61.0 62.0 63.0 64.0 63.0 62.0 61.0 60.0 59.0 58.0 57.0 56.0 55.0 54.0 53.0 52.0 51.0 50.0 49.0 48.0 47.0 46.0 45.0 44.0 43.0 42.0 41.0 40.0 39.0 38.0 37.0 36.0 35.0 34.0 33.0 32.0 31.0 30.0 29.0 28.0 27.0 26.0 25.0 24.0 23.0 22.0 21.0 20.0 19.0 18.0 17.0 16.0 15.0 14.0 13.0 12.0 11.0 10.0 9.0 8.0 7.0 6.0 5.0 4.0 3.0 2.0 1.0 0.0 1.0 2.0 3.0 4.0 5.0 6.0 7.0 8.0 9.0 10.0 11.0 12.0 13.0 14.0 15.0 16.0 17.0 18.0 19.0 20.0 21.0 22.0 23.0 24.0 25.0 26.0 27.0 28.0 29.0 30.0 31.0 32.0 33.0 34.0 35.0 36.0 37.0 38.0 39.0 40.0 41.0 42.0 43.0 44.0 45.0 46.0 47.0 48.0 49.0 50.0 51.0 52.0 53.0 54.0 55.0 56.0 57.0 58.0 59.0 
59.0 60.0 61.0 62.0 63.0 64.0 63.0 62.0 61.0 60.0 59.0 58.0 57.0 56.0 55.0 54.0 53.0 52.0 51.0 50.0 49.0 48.0 47.0 46.0 45.0 44.0 43.0 42.0 41.0 40.0 39.0 38.0 37.0 36.0 35.0 34.0 33.0 32.0 31.0 30.0 29.0 28.0 27.0 26.0 25.0 24.0 23.0 22.0 21.0 20.0 19.0 18.0 17.0 16.0 15.0 14.0 13.0 12.0 11.0 10.0 9.0 8.0 7.0 6.0 5.0 4.0 3.0 2.0 1.0 0.0 1.0 2.0 3.0 4.0 5.0 6.0 7.0 8.0 9.0 10.0 11.0 12.0 13.0 14.0 15.0 16.0 17.0 18.0 19.0 20.0 21.0 22.0 23.0 24.0 25.0 26.0 27.0 28.0 29.0 30.0 31.0 32.0 33.0 34.0 35.0 36.0 37.0 38.0 39.0 40.0 41.0 42.0 43.0 44.0 45.0 46.0 47.0 48.0 49.0 50.0 51.0 52.0 53.0 54.0 55.0 56.0 57.0 58.0 
58.0 59.0 60.0 61.0 62.0 63.0 64.0 63.0 62.0 61.0 60.0 59.0 58.0 57.0 56.0 55.0 54.0 53.0 52.0 51.0 50.0 49.0 48.0 47.0 46.0 45.0 44.0 43.0 42.0 41.0 40.0 39.0 38.0 37.0 36.0 35.0 34.0 33.0 32.0 31.0 30.0 29.0 28.0 27.0 26.0 25.0 24.0 23.0 22.0 21.0 20.0 19.0 18.0 17.0 16.0 15.0 14.0 13.0 12.0 11.0 10.0 9.0 8.0 7.0 6.0 5.0 4.0 3.0 2.0 1.0 0.0 1.0 2.0 3.0 4.0 5.0 6.0 7.0 8.0 9.0 10.0 11.0 12.0 13.0 14.0 15.0 16.0 17.0 18.0 19.0 20.0 21.0 22.0 23.0 24.0 25.0 26.0 27.0 28.0 29.0 30.0 31.0 32.0 33.0 34.0 35.0 36.0 37.0 38.0 39.0 40.0 41.0 42.0 43.0 44.0 45.0 46.0 47.0 48.0 49.0 50.0 51.0 52.0 53.0 54.0 55.0 56.0 57.0 
57.0 58.0 59.0 60.0 61.0 62.0 63.0 64.0 63.0 62.0 61.0 60.0 59.0 58.0 57.0 56.0 55.0 54.0 53.0 52.0 51.0 50.0 49.0 48.0 47.0 46.0 45.0 44.0 43.0 42.0 41.0 40.0 39.0 38.0 37.0 36.0 35.0 34.0 33.0 32.0 31.0 30.0 29.0 28.0 27.0 26.0 25.0 24.0 23.0 22.0 21.0 20.0 19.0 18.0 17.0 16.0 15.0 14.0 13.0 12.0 11.0 10.0 9.0 8.0 7.0 6.0 5.0 4.0 3.0 2.0 1.0 0.0 1.0 2.0 3.0 4.0 5.0 6.0 7.0 8.0 9.0 10.0 11.0 12.0 13.0 14.0 15.0 16.0 17.0 18.0 19.0 20.0 21.0 22.0 23.0 24.0 25.0 26.0 27.0 28.0 29.0 30.0 31.0 32.0 33.0 34.0 35.0 36.0 37.0 38.0 39.0 40.0 41.0 42.0 43.0 44.0 45.0 46.0 47.0 48.0 49.0 50.0 51.0 52.0 53.0 54.0 55.0 56.0 
56.0 57.0 58.0 59.0 60.0 61.0 62.0 63.0 64.0 63.0 62.0 61.0 60.0 59.0 58.0 57.0 56.0 55.0 54.0 53.0 52.0 51.0 50.0 49.0 48.0 47.0 46.0 45.0 44.0 43.0 42.0 41.0 40.0 39.0 38.0 37.0 36.0 35.0 34.0 33.0 32.0 31.0 30.0 29.0 28.0 27.0 26.0 25.0 24.0 23.0 22.0 21.0 20.0 19.0 18.0 17.0 16.0 15.0 14.0 13.0 12.0 11.0 10.0 9.0 8.0 7.0 6.0 5.0 4.0 3.0 2.0 1.0 0.0 1.0 2.0 3.0 4.0 5.0 6.0 7.0 8.0 9.0 10.0 11.0 12.0 13.0 14.0 15.0 16.0 17.0 18.0 19.0 20.0 21.0 22.0 23.0 24.0 25.0 26.0 27.0 28.0 29.0 30.0 31.0 32.0 33.0 34.0 35.0 36.0 37.0 38.0 39.0 40.0 41.0 42.0 43.0 44.0 45.0 46.0 47.0 48.0 49.0 50.0 51.0 52.0 53.0 54.0 55.0 
55.0 56.0 57.0 58.0 59.0 60.0 61.0 62.0 63.0 64.0 63.0 62.0 61.0 60.0 59.0 58.0 57.0 56.0 55.0 54.0 53.0 52.0 51.0 50.0 49.0 48.0 47.0 46.0 45.0 44.0 43.0 42.0 41.0 40.0 39.0 38.0 37.0 36.0 35.0 34.0 33.0 32.0 31.0 30.0 29.0 28.0 27.0 26.0 25.0 24.0 23.0 22.0 21.0 20.0 19.0 18.0 17.0 16.0 15.0 14.0 13.0 12.0 11.0 10.0 9.0 8.0 7.0 6.0 5.0 4.0 3.0 2.0 1.0 0.0 1.0 2.0 3.0 4.0 5.0 6.0 7.0 8.0 9.0 10.0 11.0 12.0 13.0 14.0 15.0 16.0 17.0 18.0 19.0 20.0 21.0 22.0 23.0 24.0 25.0 26.0 27.0 28.0 29.0 30.0 31.0 32.0 33.0 34.0 35.0 36.0 37.0 38.0 39.0 40.0 41.0 42.0 43.0 44.0 45.0 46.0 47.0 48.0 49.0 50.0 51.0 52.0 53.0 54.0 
54.0 55.0 56.0 57.0 58.0 59.0 60.0 61.0 62.0 63.0 64.0 63.0 62.0 61.0 60.0 59.0 58.0 57.0 56.0 55.0 54.0 53.0 52.0 51.0 50.0 49.0 48.0 47.0 46.0 45.0 44.0 43.0 42.0 41.0 40.0 39.0 38.0 37.0 36.0 35.0 34.0 33.0 32.0 31.0 30.0 29.0 28.0 27.0 26.0 25.0 24.0 23.0 22.0 21.0 20.0 19.0 18.0 17.0 16.0 15.0 14.0 13.0 12.0 11.0 10.0 9.0 8.0 7.0 6.0 5.0 4.0 3.0 2.0 1.0 0.0 1.0 2.0 3.0 4.0 5.0 6.0 7.0 8.0 9.0 10.0 11.0 12.0 13.0 14.0 15.0 16.0 17.0 18.0 19.0 20.0 21.0 22.0 23.0 24.0 25.0 26.0 27.0 28.0 29.0 30.0 31.0 32.0 33.0 34.0 35.0 36.0 37.0 38.0 39.0 40.0 41.0 42.0 43.0 44.0 45.0 46.0 47.0 48.0 49.0 50.0 51.0 52.0 53.0 
53.0 54.0 55.0 56.0 57.0 58.0 59.0 60.0 61.0 62.0 63.0 64.0 63.0 62.0 61.0 60.0 59.0 58.0 57.0 56.0 55.0 54.0 53.0 52.0 51.0 50.0 49.0 48.0 47.0 46.0 45.0 44.0 43.0 42.0 41.0 40.0 39.0 38.0 37.0 36.0 35.0 34.0 33.0 32.0 31.0 30.0 29.0 28.0 27.0 26.0 25.0 24.0 23.0 22.0 21.0 20.0 19.0 18.0 17.0 16.0 15.0 14.0 13.0 12.0 11.0 10.0 9.0 8.0 7.0 6.0 5.0 4.0 3.0 2.0 1.0 0.0 1.0 2.0 3.0 4.0 5.0 6.0 7.0 8.0 9.0 10.0 11.0 12.0 13.0 14.0 15.0 16.0 17.0 18.0 19.0 20.0 21.0 22.0 23.0 24.0 25.0 26.0 27.0 28.0 29.0 30.0 31.0 32.0 33.0 34.0 35.0 36.0 37.0 38.0 39.0 40.0 41.0 42.0 43.0 44.0 45.0 46.0 47.0 48.0 49.0 50.0 51.0 52.0 
52.0 53.0 54.0 55.0 56.0 57.0 58.0 59.0 60.0 61.0 62.0 63.0 64.0 63.0 62.0 61.0 60.0 59.0 58.0 57.0 56.0 55.0 54.0 53.0 52.0 51.0 50.0 49.0 48.0 47.0 46.0 45.0 44.0 43.0 42.0 41.0 40.0 39.0 38.0 37.0 36.0 35.0 34.0 33.0 32.0 31.0 30.0 29.0 28.0 27.0 26.0 25.0 24.0 23.0 22.0 21.0 20.0 19.0 18.0 17.0 16.0 15.0 14.0 13.0 12.0 11.0 10.0 9.0 8.0 7.0 6.0 5.0 4.0 3.0 2.0 1.0 0.0 1.0 2.0 3.0 4.0 5.0 6.0 7.0 8.0 9.0 10.0 11.0 12.0 13.0 14.0 15.0 16.0 17.0 18.0 19.0 20.0 21.0 22.0 23.0 24.0 25.0 26.0 27.0 28.0 29.0 30.0 31.0 32.0 33.0 34.0 35.0 36.0 37.0 38.0 39.0 40.0 41.0 42.0 43.0 44.0 45.0 46.0 47.0 48.0 49.0 50.0 51.0 
51.0 52.0 53.0 54.0 55.0 56.0 57.0 58.0 59.0 60.0 61.0 62.0 63.0 64.0 63.0 62.0 61.0 60.0 59.0 58.0 57.0 56.0 55.0 54.0 53.0 52.0 51.0 50.0 49.0 48.0 47.0 46.0 45.0 44.0 43.0 42.0 41.0 40.0 39.0 38.0 37.0 36.0 35.0 34.0 33.0 32.0 31.0 30.0 29.0 28.0 27.0 26.0 25.0 24.0 23.0 22.0 21.0 20.0 19.0 18.0 17.0 16.0 15.0 14.0 13.0 12.0 11.0 10.0 9.0 8.0 7.0 6.0 5.0 4.0 3.0 2.0 1.0 0.0 1.0 2.0 3.0 4.0 5.0 6.0 7.0 8.0 9.0 10.0 11.0 12.0 13.0 14.0 15.0 16.0 17.0 18.0 19.0 20.0 21.0 22.0 23.0 24.0 25.0 26.0 27.0 28.0 29.0 30.0 31.0 32.0 33.0 34.0 35.0 36.0 37.0 38.0 39.0 40.0 41.0 42.0 43.0 44.0 45.0 46.0 47.0 48.0 49.0 50.0 
50.0 51.0 52.0 53.0 54.0 55.0 56.0 57.0 58.0 59.0 60.0 61.0 62.0 63.0 64.0 63.0 62.0 61.0 60.0 59.0 58.0 57.0 56.0 55.0 54.0 53.0 52.0 51.0 50.0 49.0 48.0 47.0 46.0 45.0 44.0 43.0 42.0 41.0 40.0 39.0 38.0 37.0 36.0 35.0 34.0 33.0 32.0 31.0 30.0 29.0 28.0 27.0 26.0 25.0 24.0 23.0 22.0 21.0 20.0 19.0 18.0 17.0 16.0 15.0 14.0 13.0 12.0 11.0 10.0 9.0 8.0 7.0 6.0 5.0 4.0 3.0 2.0 1.0 0.0 1.0 2.0 3.0 4.0 5.0 6.0 7.0 8.0 9.0 10.0 11.0 12.0 13.0 14.0 15.0 16.0 17.0 18.0 19.0 20.0 21.0 22.0 23.0 24.0 25.0 26.0 27.0 28.0 29.0 30.0 31.0 32.0 33.0 34.0 35.0 36.0 37.0 38.0 39.0 40.0 41.0 42.0 43.0 44.0 45.0 46.0 47.0 48.0 49.0 
49.0 50.0 51.0 52.0 53.0 54.0 55.0 56.0 57.0 58.0 59.0 60.0 61.0 62.0 63.0 64.0 63.0 62.0 61.0 60.0 59.0 58.0 57.0 56.0 55.0 54.0 53.0 52.0 51.0 50.0 49.0 48.0 47.0 46.0 45.0 44.0 43.0 42.0 41.0 40.0 39.0 38.0 37.0 36.0 35.0 34.0 33.0 32.0 31.0 30.0 29.0 28.0 27.0 26.0 25.0 24.0 23.0 22.0 21.0 20.0 19.0 18.0 17.0 16.0 15.0 14.0 13.0 12.0 11.0 10.0 9.0 8.0 7.0 6.0 5.0 4.0 3.0 2.0 1.0 0.0 1.0 2.0 3.0 4.0 5.0 6.0 7.0 8.0 9.0 10.0 11.0 12.0 13.0 14.0 15.0 16.0 17.0 18.0 19.0 20.0 21.0 22.0 23.0 24.0 25.0 26.0 27.0 28.0 29.0 30.0 31.0 32.0 33.0 34.0 35.0 36.0 37.0 38.0 39.0 40.0 41.0 42.0 43.0 44.0 45.0 46.0 47.0 48.0 
48.0 49.0 50.0 51.0 52.0 53.0 54.0 55.0 56.0 57.0 58.0 59.0 60.0 61.0 62.0 63.0 64.0 63.0 62.0 61.0 60.0 59.0 58.0 57.0 56.0 55.0 54.0 53.0 52.0 51.0 50.0 49.0 48.0 47.0 46.0 45.0 44.0 43.0 42.0 41.0 40.0 39.0 38.0 37.0 36.0 35.0 34.0 33.0 32.0 31.0 30.0 29.0 28.0 27.0 26.0 25.0 24.0 23.0 22.0 21.0 20.0 19.0 18.0 17.0 16.0 15.0 14.0 13.0 12.0 11.0 10.0 9.0 8.0 7.0 6.0 5.0 4.0 3.0 2.0 1.0 0.0 1.0 2.0 3.0 4.0 5.0 6.0 7.0 8.0 9.0 10.0 11.0 12.0 13.0 14.0 15.0 16.0 17.0 18.0 19.0 20.0 21.0 22.0 23.0 24.0 25.0 26.0 27.0 28.0 29.0 30.0 31.0 32.0 33.0 34.0 35.0 36.0 37.0 38.0 39.0 40.0 41.0 42.0 43.0 44.0 45.0 46.0 47.0 
47.0 48.0 49.0 50.0 51.0 52.0 53.0 54.0 55.0 56.0 57.0 58.0 59.0 60.0 61.0 62.0 63.0 64.0 63.0 62.0 61.0 60.0 59.0 58.0 57.0 56.0 55.0 54.0 53.0 52.0 51.0 50.0 49.0 48.0 47.0 46.0 45.0 44.0 43.0 42.0 41.0 40.0 39.0 38.0 37.0 36.0 35.0 34.0 33.0 32.0 31.0 30.0 29.0 28.0 27.0 26.0 25.0 24.0 23.0 22.0 21.0 20.0 19.0 18.0 17.0 16.0 15.0 14.0 13.0 12.0 11.0 10.0 9.0 8.0 7.0 6.0 5.0 4.0 3.0 2.0 1.0 0.0 1.0 2.0 3.0 4.0 5.0 6.0 7.0 8.0 9.0 10.0 11.0 12.0 13.0 14.0 15.0 16.0 17.0 18.0 19.0 20.0 21.0 22.0 23.0 24.0 25.0 26.0 27.0 28.0 29.0 30.0 31.0 32.0 33.0 34.0 35.0 36.0 37.0 38.0 39.0 40.0 41.0 42.0 43.0 44.0 45.0 46.0 
46.0 47.0 48.0 49.0 50.0 51.0 52.0 53.0 54.0 55.0 56.0 57.0 58.0 59.0 60.0 61.0 62.0 63.0 64.0 63.0 62.0 61.0 60.0 59.0 58.0 57.0 56.0 55.0 54.0 53.0 52.0 51.0 50.0 49.0 48.0 47.0 46.0 45.0 44.0 43.0 42.0 41.0 40.0 39.0 38.0 37.0 36.0 35.0 34.0 33.0 32.0 31.0 30.0 29.0 28.0 27.0 26.0 25.0 24.0 23.0 22.0 21.0 20.0 19.0 18.0 17.0 16.0 15.0 14.0 13.0 12.0 11.0 10.0 9.0 8.0 7.0 6.0 5.0 4.0 3.0 2.0 1.0 0.0 1.0 2.0 3.0 4.0 5.0 6.0 7.0 8.0 9.0 10.0 11.0 12.0 13.0 14.0 15.0 16.0 17.0 18.0 19.0 20.0 21.0 22.0 23.0 24.0 25.0 26.0 27.0 28.0 29.0 30.0 31.0 32.0 33.0 34.0 35.0 36.0 37.0 38.0 39.0 40.0 41.0 42.0 43.0 44.0 45.0 
45.0 46.0 47.0 48.0 49.0 50.0 51.0 52.0 53.0 54.0 55.0 56.0 57.0 58.0 59.0 60.0 61.0 62.0 63.0 64.0 63.0 62.0 61.0 60.0 59.0 58.0 57.0 56.0 55.0 54.0 53.0 52.0 51.0 50.0 49.0 48.0 47.0 46.0 45.0 44.0 43.0 42.0 41.0 40.0 39.0 38.0 37.0 36.0 35.0 34.0 33.0 32.0 31.0 30.0 29.0 28.0 27.0 26.0 25.0 24.0 23.0 22.0 21.0 20.0 19.0 18.0 17.0 16.0 15.0 14.0 13.0 12.0 11.0 10.0 9.0 8.0 7.0 6.0 5.0 4.0 3.0 2.0 1.0 0.0 1.0 2.0 3.0 4.0 5.0 6.0 7.0 8.0 9.0 10.0 11.0 12.0 13.0 14.0 15.0 16.0 17.0 18.0 19.0 20.0 21.0 22.0 23.0 24.0 25.0 26.0 27.0 28.0 29.0 30.0 31.0 32.0 33.0 34.0 35.0 36.0 37.0 38.0 39.0 40.0 41.0 42.0 43.0 44.0 
44.0 45.0 46.0 47.0 48.0 49.0 50.0 51.0 52.0 53.0 54.0 55.0 56.0 57.0 58.0 59.0 60.0 61.0 62.0 63.0 64.0 63.0 62.0 61.0 60.0 59.0 58.0 57.0 56.0 55.0 54.0 53.0 52.0 51.0 50.0 49.0 48.0 47.0 46.0 45.0 44.0 43.0 42.0 41.0 40.0 39.0 38.0 37.0 36.0 35.0 34.0 33.0 32.0 31.0 30.0 29.0 28.0 27.0 26.0 25.0 24.0 23.0 22.0 21.0 20.0 19.0 18.0 17.0 16.0 15.0 14.0 13.0 12.0 11.0 10.0 9.0 8.0 7.0 6.0 5.0 4.0 3.0 2.0 1.0 0.0 1.0 2.0 3.0 4.0 5.0 6.0 7.0 8.0 9.0 10.0 11.0 12.0 13.0 14.0 15.0 16.0 17.0 18.0 19.0 20.0 21.0 22.0 23.0 24.0 25.0 26.0 27.0 28.0 29.0 30.0 31.0 32.0 33.0 34.0 35.0 36.0 37.0 38.0 39.0 40.0 41.0 42.0 43.0 
43.0 44.0 45.0 46.0 47.0 48.0 49.0 50.0 51.0 52.0 53.0 54.0 55.0 56.0 57.0 58.0 59.0 60.0 61.0 62.0 63.0 64.0 63.0 62.0 61.0 60.0 59.0 58.0 57.0 56.0 55.0 54.0 53.0 52.0 51.0 50.0 49.0 48.0 47.0 46.0 45.0 44.0 43.0 42.0 41.0 40.0 39.0 38.0 37.0 36.0 35.0 34.0 33.0 32.0 31.0 30.0 29.0 28.0 27.0 26.0 25.0 24.0 23.0 22.0 21.0 20.0 19.0 18.0 17.0 16.0 15.0 14.0 13.0 12.0 11.0 10.0 9.0 8.0 7.0 6.0 5.0 4.0 3.0 2.0 1.0 0.0 1.0 2.0 3.0 4.0 5.0 6.0 7.0 8.0 9.0 10.0 11.0 12.0 13.0 14.0 15.0 16.0 17.0 18.0 19.0 20.0 21.0 22.0 23.0 24.0 25.0 26.0 27.0 28.0 29.0 30.0 31.0 32.0 33.0 34.0 35.0 36.0 37.0 38.0 39.0 40.0 41.0 42.0 
42.0 43.0 44.0 45.0 46.0 47.0 48.0 49.0 50.0 51.0 52.0 53.0 54.0 55.0 56.0 57.0 58.0 59.0 60.0 61.0 62.0 63.0 64.0 63.0 62.0 61.0 60.0 59.0 58.0 57.0 56.0 55.0 54.0 53.0 52.0 51.0 50.0 49.0 48.0 47.0 46.0 45.0 44.0 43.0 42.0 41.0 40.0 39.0 38.0 37.0 36.0 35.0 34.0 33.0 32.0 31.0 30.0 29.0 28.0 27.0 26.0 25.0 24.0 23.0 22.0 21.0 20.0 19.0 18.0 17.0 16.0 15.0 14.0 13.0 12.0 11.0 10.0 9.0 8.0 7.0 6.0 5.0 4.0 3.0 2.0 1.0 0.0 1.0 2.0 3.0 4.0 5.0 6.0 7.0 8.0 9.0 10.0 11.0 12.0 13.0 14.0 15.0 16.0 17.0 18.0 19.0 20.0 21.0 22.0 23.0 24.0 25.0 26.0 27.0 28.0 29.0 30.0 31.0 32.0 33.0 34.0 35.0 36.0 37.0 38.0 39.0 40.0 41.0 
41.0 42.0 43.0 44.0 45.0 46.0 47.0 48.0 49.0 50.0 51.0 52.0 53.0 54.0 55.0 56.0 57.0 58.0 59.0 60.0 61.0 62.0 63.0 64.0 63.0 62.0 61.0 60.0 59.0 58.0 57.0 56.0 55.0 54.0 53.0 52.0 51.0 50.0 49.0 48.0 47.0 46.0 45.0 44.0 43.0 42.0 41.0 40.0 39.0 38.0 37.0 36.0 35.0 34.0 33.0 32.0 31.0 30.0 29.0 28.0 27.0 26.0 25.0 24.0 23.0 22.0 21.0 20.0 19.0 18.0 17.0 16.0 15.0 14.0 13.0 12.0 11.0 10.0 9.0 8.0 7.0 6.0 5.0 4.0 3.0 2.0 1.0 0.0 1.0 2.0 3.0 4.0 5.0 6.0 7.0 8.0 9.0 10.0 11.0 12.0 13.0 14.0 15.0 16.0 17.0 18.0 19.0 20.0 21.0 22.0 23.0 24.0 25.0 26.0 27.0 28.0 29.0 30.0 31.0 32.0 33.0 34.0 35.0 36.0 37.0 38.0 39.0 40.0 
40.0 41.0 42.0 43.0 44.0 45.0 46.0 47.0 48.0 49.0 50.0 51.0 52.0 53.0 54.0 55.0 56.0 57.0 58.0 59.0 60.0 61.0 62.0 63.0 64.0 63.0 62.0 61.0 60.0 59.0 58.0 57.0 56.0 55.0 54.0 53.0 52.0 51.0 50.0 49.0 48.0 47.0 46.0 45.0 44.0 43.0 42.0 41.0 40.0 39.0 38.0 37.0 36.0 35.0 34.0 33.0 32.0 31.0 30.0 29.0 28.0 27.0 26.0 25.0 24.0 23.0 22.0 21.0 20.0 19.0 18.0 17.0 16.0 15.0 14.0 13.0 12.0 11.0 10.0 9.0 8.0 7.0 6.0 5.0 4.0 3.0 2.0 1.0 0.0 1.0 2.0 3.0 4.0 5.0 6.0 7.0 8.0 9.0 10.0 11.0 12.0 13.0 14.0 15.0 16.0 17.0 18.0 19.0 20.0 21.0 22.0 23.0 24.0 25.0 26.0 27.0 28.0 29.0 30.0 31.0 32.0 33.0 34.0 35.0 36.0 37.0 38.0 39.0 
39.0 40.0 41.0 42.0 43.0 44.0 45.0 46.0 47.0 48.0 49.0 50.0 51.0 52.0 53.0 54.0 55.0 56.0 57.0 58.0 59.0 60.0 61.0 62.0 63.0 64.0 63.0 62.0 61.0 60.0 59.0 58.0 57.0 56.0 55.0 54.0 53.0 52.0 51.0 50.0 49.0 48.0 47.0 46.0 45.0 44.0 43.0 42.0 41.0 40.0 39.0 38.0 37.0 36.0 35.0 34.0 33.0 32.0 31.0 30.0 29.0 28.0 27.0 26.0 25.0 24.0 23.0 22.0 21.0 20.0 19.0 18.0 17.0 16.0 15.0 14.0 13.0 12.0 11.0 10.0 9.0 8.0 7.0 6.0 5.0 4.0 3.0 2.0 1.0 0.0 1.0 2.0 3.0 4.0 5.0 6.0 7.0 8.0 9.0 10.0 11.0 12.0 13.0 14.0 15.0 16.0 17.0 18.0 19.0 20.0 21.0 22.0 23.0 24.0 25.0 26.0 27.0 28.0 29.0 30.0 31.0 32.0 33.0 34.0 35.0 36.0 37.0 38.0 
38.0 39.0 40.0 41.0 42.0 43.0 44.0 45.0 46.0 47.0 48.0 49.0 50.0 51.0 52.0 53.0 54.0 55.0 56.0 57.0 58.0 59.0 60.0 61.0 62.0 63.0 64.0 63.0 62.0 61.0 60.0 59.0 58.0 57.0 56.0 55.0 54.0 53.0 52.0 51.0 50.0 49.0 48.0 47.0 46.0 45.0 44.0 43.0 42.0 41.0 40.0 39.0 38.0 37.0 36.0 35.0 34.0 33.0 32.0 31.0 30.0 29.0 28.0 27.0 26.0 25.0 24.0 23.0 22.0 21.0 20.0 19.0 18.0 17.0 16.0 15.0 14.0 13.0 12.0 11.0 10.0 9.0 8.0 7.0 6.0 5.0 4.0 3.0 2.0 1.0 0.0 1.0 2.0 3.0 4.0 5.0 6.0 7.0 8.0 9.0 10.0 11.0 12.0 13.0 14.0 15.0 16.0 17.0 18.0 19.0 20.0 21.0 22.0 23.0 24.0 25.0 26.0 27.0 28.0 29.0 30.0 31.0 32.0 33.0 34.0 35.0 36.0 37.0 
37.0 38.0 39.0 40.0 41.0 42.0 43.0 44.0 45.0 46.0 47.0 48.0 49.0 50.0 51.0 52.0 53.0 54.0 55.0 56.0 57.0 58.0 59.0 60.0 61.0 62.0 63.0 64.0 63.0 62.0 61.0 60.0 59.0 58.0 57.0 56.0 55.0 54.0 53.0 52.0 51.0 50.0 49.0 48.0 47.0 46.0 45.0 44.0 43.0 42.0 41.0 40.0 39.0 38.0 37.0 36.0 35.0 34.0 33.0 32.0 31.0 30.0 29.0 28.0 27.0 26.0 25.0 24.0 23.0 22.0 21.0 20.0 19.0 18.0 17.0 16.0 15.0 14.0 13.0 12.0 11.0 10.0 9.0 8.0 7.0 6.0 5.0 4.0 3.0 2.0 1.0 0.0 1.0 2.0 3.0 4.0 5.0 6.0 7.0 8.0 9.0 10.0 11.0 12.0 13.0 14.0 15.0 16.0 17.0 18.0 19.0 20.0 21.0 22.0 23.0 24.0 25.0 26.0 27.0 28.0 29.0 30.0 31.0 32.0 33.0 34.0 35.0 36.0 
36.0 37.0 38.0 39.0 40.0 41.0 42.0 43.0 44.0 45.0 46.0 47.0 48.0 49.0 50.0 51.0 52.0 53.0 54.0 55.0 56.0 57.0 58.0 59.0 60.0 61.0 62.0 63.0 64.0 63.0 62.0 61.0 60.0 59.0 58.0 57.0 56.0 55.0 54.0 53.0 52.0 51.0 50.0 49.0 48.0 47.0 46.0 45.0 44.0 43.0 42.0 41.0 40.0 39.0 38.0 37.0 36.0 35.0 34.0 33.0 32.0 31.0 30.0 29.0 28.0 27.0 26.0 25.0 24.0 23.0 22.0 21.0 20.0 19.0 18.0 17.0 16.0 15.0 14.0 13.0 12.0 11.0 10.0 9.0 8.0 7.0 6.0 5.0 4.0 3.0 2.0 1.0 0.0 1.0 2.0 3.0 4.0 5.0 6.0 7.0 8.0 9.0 10.0 11.0 12.0 13.0 14.0 15.0 16.0 17.0 18.0 19.0 20.0 21.0 22.0 23.0 24.0 25.0 26.0 27.0 28.0 29.0 30.0 31.0 32.0 33.0 34.0 35.0 
35.0 36.0 37.0 38.0 39.0 40.0 41.0 42.0 43.0 44.0 45.0 46.0 47.0 48.0 49.0 50.0 51.0 52.0 53.0 54.0 55.0 56.0 57.0 58.0 59.0 60.0 61.0 62.0 63.0 64.0 63.0 62.0 61.0 60.0 59.0 58.0 57.0 56.0 55.0 54.0 53.0 52.0 51.0 50.0 49.0 48.0 47.0 46.0 45.0 44.0 43.0 42.0 41.0 40.0 39.0 38.0 37.0 36.0 35.0 34.0 33.0 32.0 31.0 30.0 29.0 28.0 27.0 26.0 25.0 24.0 23.0 22.0 21.0 20.0 19.0 18.0 17.0 16.0 15.0 14.0 13.0 12.0 11.0 10.0 9.0 8.0 7.0 6.0 5.0 4.0 3.0 2.0 1.0 0.0 1.0 2.0 3.0 4.0 5.0 6.0 7.0 8.0 9.0 10.0 11.0 12.0 13.0 14.0 15.0 16.0 17.0 18.0 19.0 20.0 21.0 22.0 23.0 24.0 25.0 26.0 27.0 28.0 29.0 30.0 31.0 32.0 33.0 34.0 
34.0 35.0 36.0 37.0 38.0 39.0 40.0 41.0 42.0 43.0 44.0 45.0 46.0 47.0 48.0 49.0 50.0 51.0 52.0 53.0 54.0 55.0 56.0 57.0 58.0 59.0 60.0 61.0 62.0 63.0 64.0 63.0 62.0 61.0 60.0 59.0 58.0 57.0 56.0 55.0 54.0 53.0 52.0 51.0 50.0 49.0 48.0 47.0 46.0 45.0 44.0 43.0 42.0 41.0 40.0 39.0 38.0 37.0 36.0 35.0 34.0 33.0 32.0 31.0 30.0 29.0 28.0 27.0 26.0 25.0 24.0 23.0 22.0 21.0 20.0 19.0 18.0 17.0 16.0 15.0 14.0 13.0 12.0 11.0 10.0 9.0 8.0 7.0 6.0 5.0 4.0 3.0 2.0 1.0 0.0 1.0 2.0 3.0 4.0 5.0 6.0 7.0 8.0 9.0 10.0 11.0 12.0 13.0 14.0 15.0 16.0 17.0 18.0 19.0 20.0 21.0 22.0 23.0 24.0 25.0 26.0 27.0 28.0 29.0 30.0 31.0 32.0 33.0 
33.0 34.0 35.0 36.0 37.0 38.0 39.0 40.0 41.0 42.0 43.0 44.0 45.0 46.0 47.0 48.0 49.0 50.0 51.0 52.0 53.0 54.0 55.0 56.0 57.0 58.0 59.0 60.0 61.0 62.0 63.0 64.0 63.0 62.0 61.0 60.0 59.0 58.0 57.0 56.0 55.0 54.0 53.0 52.0 51.0 50.0 49.0 48.0 47.0 46.0 45.0 44.0 43.0 42.0 41.0 40.0 39.0 38.0 37.0 36.0 35.0 34.0 33.0 32.0 31.0 30.0 29.0 28.0 27.0 26.0 25.0 24.0 23.0 22.0 21.0 20.0 19.0 18.0 17.0 16.0 15.0 14.0 13.0 12.0 11.0 10.0 9.0 8.0 7.0 6.0 5.0 4.0 3.0 2.0 1.0 0.0 1.0 2.0 3.0 4.0 5.0 6.0 7.0 8.0 9.0 10.0 11.0 12.0 13.0 14.0 15.0 16.0 17.0 18.0 19.0 20.0 21.0 22.0 23.0 24.0 25.0 26.0 27.0 28.0 29.0 30.0 31.0 32.0 
32.0 33.0 34.0 35.0 36.0 37.0 38.0 39.0 40.0 41.0 42.0 43.0 44.0 45.0 46.0 47.0 48.0 49.0 50.0 51.0 52.0 53.0 54.0 55.0 56.0 57.0 58.0 59.0 60.0 61.0 62.0 63.0 64.0 63.0 62.0 61.0 60.0 59.0 58.0 57.0 56.0 55.0 54.0 53.0 52.0 51.0 50.0 49.0 48.0 47.0 46.0 45.0 44.0 43.0 42.0 41.0 40.0 39.0 38.0 37.0 36.0 35.0 34.0 33.0 32.0 31.0 30.0 29.0 28.0 27.0 26.0 25.0 24.0 23.0 22.0 21.0 20.0 19.0 18.0 17.0 16.0 15.0 14.0 13.0 12.0 11.0 10.0 9.0 8.0 7.0 6.0 5.0 4.0 3.0 2.0 1.0 0.0 1.0 2.0 3.0 4.0 5.0 6.0 7.0 8.0 9.0 10.0 11.0 12.0 13.0 14.0 15.0 16.0 17.0 18.0 19.0 20.0 21.0 22.0 23.0 24.0 25.0 26.0 27.0 28.0 29.0 30.0 31.0 
31.0 32.0 33.0 34.0 35.0 36.0 37.0 38.0 39.0 40.0 41.0 42.0 43.0 44.0 45.0 46.0 47.0 48.0 49.0 50.0 51.0 52.0 53.0 54.0 55.0 56.0 57.0 58.0 59.0 60.0 61.0 62.0 63.0 64.0 63.0 62.0 61.0 60.0 59.0 58.0 57.0 56.0 55.0 54.0 53.0 52.0 51.0 50.0 49.0 48.0 47.0 46.0 45.0 44.0 43.0 42.0 41.0 40.0 39.0 38.0 37.0 36.0 35.0 34.0 33.0 32.0 31.0 30.0 29.0 28.0 27.0 26.0 25.0 24.0 23.0 22.0 21.0 20.0 19.0 18.0 17.0 16.0 15.0 14.0 13.0 12.0 11.0 10.0 9.0 8.0 7.0 6.0 5.0 4.0 3.0 2.0 1.0 0.0 1.0 2.0 3.0 4.0 5.0 6.0 7.0 8.0 9.0 10.0 11.0 12.0 13.0 14.0 15.0 16.0 17.0 18.0 19.0 20.0 21.0 22.0 23.0 24.0 25.0 26.0 27.0 28.0 29.0 30.0 
30.0 31.0 32.0 33.0 34.0 35.0 36.0 37.0 38.0 39.0 40.0 41.0 42.0 43.0 44.0 45.0 46.0 47.0 48.0 49.0 50.0 51.0 52.0 53.0 54.0 55.0 56.0 57.0 58.0 59.0 60.0 61.0 62.0 63.0 64.0 63.0 62.0 61.0 60.0 59.0 58.0 57.0 56.0 55.0 54.0 53.0 52.0 51.0 50.0 49.0 48.0 47.0 46.0 45.0 44.0 43.0 42.0 41.0 40.0 39.0 38.0 37.0 36.0 35.0 34.0 33.0 32.0 31.0 30.0 29.0 28.0 27.0 26.0 25.0 24.0 23.0 22.0 21.0 20.0 19.0 18.0 17.0 16.0 15.0 14.0 13.0 12.0 11.0 10.0 9.0 8.0 7.0 6.0 5.0 4.0 3.0 2.0 1.0 0.0 1.0 2.0 3.0 4.0 5.0 6.0 7.0 8.0 9.0 10.0 11.0 12.0 13.0 14.0 15.0 16.0 17.0 18.0 19.0 20.0 21.0 22.0 23.0 24.0 25.0 26.0 27.0 28.0 29.0 
29.0 30.0 31.0 32.0 33.0 34.0 35.0 36.0 37.0 38.0 39.0 40.0 41.0 42.0 43.0 44.0 45.0 46.0 47.0 48.0 49.0 50.0 51.0 52.0 53.0 54.0 55.0 56.0 57.0 58.0 59.0 60.0 61.0 62.0 63.0 64.0 63.0 62.0 61.0 60.0 59.0 58.0 57.0 56.0 55.0 54.0 53.0 52.0 51.0 50.0 49.0 48.0 47.0 46.0 45.0 44.0 43.0 42.0 41.0 40.0 39.0 38.0 37.0 36.0 35.0 34.0 33.0 32.0 31.0 30.0 29.0 28.0 27.0 26.0 25.0 24.0 23.0 22.0 21.0 20.0 19.0 18.0 17.0 16.0 15.0 14.0 13.0 12.0 11.0 10.0 9.0 8.0 7.0 6.0 5.0 4.0 3.0 2.0 1.0 0.0 1.0 2.0 3.0 4.0 5.0 6.0 7.0 8.0 9.0 10.0 11.0 12.0 13.0 14.0 15.0 16.0 17.0 18.0 19.0 20.0 21.0 22.0 23.0 24.0 25.0 26.0 27.0 28.0 
28.0 29.0 30.0 31.0 32.0 33.0 34.0 35.0 36.0 37.0 38.0 39.0 40.0 41.0 42.0 43.0 44.0 45.0 46.0 47.0 48.0 49.0 50.0 51.0 52.0 53.0 54.0 55.0 56.0 57.0 58.0 59.0 60.0 61.0 62.0 63.0 64.0 63.0 62.0 61.0 60.0 59.0 58.0 57.0 56.0 55.0 54.0 53.0 52.0 51.0 50.0 49.0 48.0 47.0 46.0 45.0 44.0 43.0 42.0 41.0 40.0 39.0 38.0 37.0 36.0 35.0 34.0 33.0 32.0 31.0 30.0 29.0 28.0 27.0 26.0 25.0 24.0 23.0 22.0 21.0 20.0 19.0 18.0 17.0 16.0 15.0 14.0 13.0 12.0 11.0 10.0 9.0 8.0 7.0 6.0 5.0 4.0 3.0 2.0 1.0 0.0 1.0 2.0 3.0 4.0 5.0 6.0 7.0 8.0 9.0 10.0 11.0 12.0 13.0 14.0 15.0 16.0 17.0 18.0 19.0 20.0 21.0 22.0 23.0 24.0 25.0 26.0 27.0 
27.0 28.0 29.0 30.0 31.0 32.0 33.0 34.0 35.0 36.0 37.0 38.0 39.0 40.0 41.0 42.0 43.0 44.0 45.0 46.0 47.0 48.0 49.0 50.0 51.0 52.0 53.0 54.0 55.0 56.0 57.0 58.0 59.0 60.0 61.0 62.0 63.0 64.0 63.0 62.0 61.0 60.0 59.0 58.0 57.0 56.0 55.0 54.0 53.0 52.0 51.0 50.0 49.0 48.0 47.0 46.0 45.0 44.0 43.0 42.0 41.0 40.0 39.0 38.0 37.0 36.0 35.0 34.0 33.0 32.0 31.0 30.0 29.0 28.0 27.0 26.0 25.0 24.0 23.0 22.0 21.0 20.0 19.0 18.0 17.0 16.0 15.0 14.0 13.0 12.0 11.0 10.0 9.0 8.0 7.0 6.0 5.0 4.0 3.0 2.0 1.0 0.0 1.0 2.0 3.0 4.0 5.0 6.0 7.0 8.0 9.0 10.0 11.0 12.0 13.0 14.0 15.0 16.0 17.0 18.0 19.0 20.0 21.0 22.0 23.0 24.0 25.0 26.0 
26.0 27.0 28.0 29.0 30.0 31.0 32.0 33.0 34.0 35.0 36.0 37.0 38.0 39.0 40.0 41.0 42.0 43.0 44.0 45.0 46.0 47.0 48.0 49.0 50.0 51.0 52.0 53.0 54.0 55.0 56.0 57.0 58.0 59.0 60.0 61.0 62.0 63.0 64.0 63.0 62.0 61.0 60.0 59.0 58.0 57.0 56.0 55.0 54.0 53.0 52.0 51.0 50.0 49.0 48.0 47.0 46.0 45.0 44.0 43.0 42.0 41.0 40.0 39.0 38.0 37.0 36.0 35.0 34.0 33.0 32.0 31.0 30.0 29.0 28.0 27.0 26.0 25.0 24.0 23.0 22.0 21.0 20.0 19.0 18.0 17.0 16.0 15.0 14.0 13.0 12.0 11.0 10.0 9.0 8.0 7.0 6.0 5.0 4.0 3.0 2.0 1.0 0.0 1.0 2.0 3.0 4.0 5.0 6.0 7.0 8.0 9.0 10.0 11.0 12.0 13.0 14.0 15.0 16.0 17.0 18.0 19.0 20.0 21.0 22.0 23.0 24.0 25.0 
25.0 26.0 27.0 28.0 29.0 30.0 31.0 32.0 33.0 34.0 35.0 36.0 37.0 38.0 39.0 40.0 41.0 42.0 43.0 44.0 45.0 46.0 47.0 48.0 49.0 50.0 51.0 52.0 53.0 54.0 55.0 56.0 57.0 58.0 59.0 60.0 61.0 62.0 63.0 64.0 63.0 62.0 61.0 60.0 59.0 58.0 57.0 56.0 55.0 54.0 53.0 52.0 51.0 50.0 49.0 48.0 47.0 46.0 45.0 44.0 43.0 42.0 41.0 40.0 39.0 38.0 37.0 36.0 35.0 34.0 33.0 32.0 31.0 30.0 29.0 28.0 27.0 26.0 25.0 24.0 23.0 22.0 21.0 20.0 19.0 18.0 17.0 16.0 15.0 14.0 13.0 12.0 11.0 10.0 9.0 8.0 7.0 6.0 5.0 4.0 3.0 2.0 1.0 0.0 1.0 2.0 3.0 4.0 5.0 6.0 7.0 8.0 9.0 10.0 11.0 12.0 13.0 14.0 15.0 16.0 17.0 18.0 19.0 20.0 21.0 22.0 23.0 24.0 
24.0 25.0 26.0 27.0 28.0 29.0 30.0 31.0 32.0 33.0 34.0 35.0 36.0 37.0 38.0 39.0 40.0 41.0 42.0 43.0 44.0 45.0 46.0 47.0 48.0 49.0 50.0 51.0 52.0 53.0 54.0 55.0 56.0 57.0 58.0 59.0 60.0 61.0 62.0 63.0 64.0 63.0 62.0 61.0 60.0 59.0 58.0 57.0 56.0 55.0 54.0 53.0 52.0 51.0 50.0 49.0 48.0 47.0 46.0 45.0 44.0 43.0 42.0 41.0 40.0 39.0 38.0 37.0 36.0 35.0 34.0 33.0 32.0 31.0 30.0 29.0 28.0 27.0 26.0 25.0 24.0 23.0 22.0 21.0 20.0 19.0 18.0 17.0 16.0 15.0 14.0 13.0 12.0 11.0 10.0 9.0 8.0 7.0 6.0 5.0 4.0 3.0 2.0 1.0 0.0 1.0 2.0 3.0 4.0 5.0 6.0 7.0 8.0 9.0 10.0 11.0 12.0 13.0 14.0 15.0 16.0 17.0 18.0 19.0 20.0 21.0 22.0 23.0 
23.0 24.0 25.0 26.0 27.0 28.0 29.0 30.0 31.0 32.0 33.0 34.0 35.0 36.0 37.0 38.0 39.0 40.0 41.0 42.0 43.0 44.0 45.0 46.0 47.0 48.0 49.0 50.0 51.0 52.0 53.0 54.0 55.0 56.0 57.0 58.0 59.0 60.0 61.0 62.0 63.0 64.0 63.0 62.0 61.0 60.0 59.0 58.0 57.0 56.0 55.0 54.0 53.0 52.0 51.0 50.0 49.0 48.0 47.0 46.0 45.0 44.0 43.0 42.0 41.0 40.0 39.0 38.0 37.0 36.0 35.0 34.0 33.0 32.0 31.0 30.0 29.0 28.0 27.0 26.0 25.0 24.0 23.0 22.0 21.0 20.0 19.0 18.0 17.0 16.0 15.0 14.0 13.0 12.0 11.0 10.0 9.0 8.0 7.0 6.0 5.0 4.0 3.0 2.0 1.0 0.0 1.0 2.0 3.0 4.0 5.0 6.0 7.0 8.0 9.0 10.0 11.0 12.0 13.0 14.0 15.0 16.0 17.0 18.0 19.0 20.0 21.0 22.0 
22.0 23.0 24.0 25.0 26.0 27.0 28.0 29.0 30.0 31.0 32.0 33.0 34.0 35.0 36.0 37.0 38.0 39.0 40.0 41.0 42.0 43.0 44.0 45.0 46.0 47.0 48.0 49.0 50.0 51.0 52.0 53.0 54.0 55.0 56.0 57.0 58.0 59.0 60.0 61.0 62.0 63.0 64.0 63.0 62.0 61.0 60.0 59.0 58.0 57.0 56.0 55.0 54.0 53.0 52.0 51.0 50.0 49.0 48.0 47.0 46.0 45.0 44.0 43.0 42.0 41.0 40.0 39.0 38.0 37.0 36.0 35.0 34.0 33.0 32.0 31.0 30.0 29.0 28.0 27.0 26.0 25.0 24.0 23.0 22.0 21.0 20.0 19.0 18.0 17.0 16.0 15.0 14.0 13.0 12.0 11.0 10.0 9.0 8.0 7.0 6.0 5.0 4.0 3.0 2.0 1.0 0.0 1.0 2.0 3.0 4.0 5.0 6.0 7.0 8.0 9.0 10.0 11.0 12.0 13.0 14.0 15.0 16.0 17.0 18.0 19.0 20.0 21.0 
21.0 22.0 23.0 24.0 25.0 26.0 27.0 28.0 29.0 30.0 31.0 32.0 33.0 34.0 35.0 36.0 37.0 38.0 39.0 40.0 41.0 42.0 43.0 44.0 45.0 46.0 47.0 48.0 49.0 50.0 51.0 52.0 53.0 54.0 55.0 56.0 57.0 58.0 59.0 60.0 61.0 62.0 63.0 64.0 63.0 62.0 61.0 60.0 59.0 58.0 57.0 56.0 55.0 54.0 53.0 52.0 51.0 50.0 49.0 48.0 47.0 46.0 45.0 44.0 43.0 42.0 41.0 40.0 39.0 38.0 37.0 36.0 35.0 34.0 33.0 32.0 31.0 30.0 29.0 28.0 27.0 26.0 25.0 24.0 23.0 22.0 21.0 20.0 19.0 18.0 17.0 16.0 15.0 14.0 13.0 12.0 11.0 10.0 9.0 8.0 7.0 6.0 5.0 4.0 3.0 2.0 1.0 0.0 1.0 2.0 3.0 4.0 5.0 6.0 7.0 8.0 9.0 10.0 11.0 12.0 13.0 14.0 15.0 16.0 17.0 18.0 19.0 20.0 
20.0 21.0 22.0 23.0 24.0 25.0 26.0 27.0 28.0 29.0 30.0 31.0 32.0 33.0 34.0 35.0 36.0 37.0 38.0 39.0 40.0 41.0 42.0 43.0 44.0 45.0 46.0 47.0 48.0 49.0 50.0 51.0 52.0 53.0 54.0 55.0 56.0 57.0 58.0 59.0 60.0 61.0 62.0 63.0 64.0 63.0 62.0 61.0 60.0 59.0 58.0 57.0 56.0 55.0 54.0 53.0 52.0 51.0 50.0 49.0 48.0 47.0 46.0 45.0 44.0 43.0 42.0 41.0 40.0 39.0 38.0 37.0 36.0 35.0 34.0 33.0 32.0 31.0 30.0 29.0 28.0 27.0 26.0 25.0 24.0 23.0 22.0 21.0 20.0 19.0 18.0 17.0 16.0 15.0 14.0 13.0 12.0 11.0 10.0 9.0 8.0 7.0 6.0 5.0 4.0 3.0 2.0 1.0 0.0 1.0 2.0 3.0 4.0 5.0 6.0 7.0 8.0 9.0 10.0 11.0 12.0 13.0 14.0 15.0 16.0 17.0 18.0 19.0 
19.0 20.0 21.0 22.0 23.0 24.0 25.0 26.0 27.0 28.0 29.0 30.0 31.0 32.0 33.0 34.0 35.0 36.0 37.0 38.0 39.0 40.0 41.0 42.0 43.0 44.0 45.0 46.0 47.0 48.0 49.0 50.0 51.0 52.0 53.0 54.0 55.0 56.0 57.0 58.0 59.0 60.0 61.0 62.0 63.0 64.0 63.0 62.0 61.0 60.0 59.0 58.0 57.0 56.0 55.0 54.0 53.0 52.0 51.0 50.0 49.0 48.0 47.0 46.0 45.0 44.0 43.0 42.0 41.0 40.0 39.0 38.0 37.0 36.0 35.0 34.0 33.0 32.0 31.0 30.0 29.0 28.0 27.0 26.0 25.0 24.0 23.0 22.0 21.0 20.0 19.0 18.0 17.0 16.0 15.0 14.0 13.0 12.0 11.0 10.0 9.0 8.0 7.0 6.0 5.0 4.0 3.0 2.0 1.0 0.0 1.0 2.0 3.0 4.0 5.0 6.0 7.0 8.0 9.0 10.0 11.0 12.0 13.0 14.0 15.0 16.0 17.0 18.0 
18.0 19.0 20.0 21.0 22.0 23.0 24.0 25.0 26.0 27.0 28.0 29.0 30.0 31.0 32.0 33.0 34.0 35.0 36.0 37.0 38.0 39.0 40.0 41.0 42.0 43.0 44.0 45.0 46.0 47.0 48.0 49.0 50.0 51.0 52.0 53.0 54.0 55.0 56.0 57.0 58.0 59.0 60.0 61.0 62.0 63.0 64.0 63.0 62.0 61.0 60.0 59.0 58.0 57.0 56.0 55.0 54.0 53.0 52.0 51.0 50.0 49.0 48.0 47.0 46.0 45.0 44.0 43.0 42.0 41.0 40.0 39.0 38.0 37.0 36.0 35.0 34.0 33.0 32.0 31.0 30.0 29.0 28.0 27.0 26.0 25.0 24.0 23.0 22.0 21.0 20.0 19.0 18.0 17.0 16.0 15.0 14.0 13.0 12.0 11.0 10.0 9.0 8.0 7.0 6.0 5.0 4.0 3.0 2.0 1.0 0.0 1.0 2.0 3.0 4.0 5.0 6.0 7.0 8.0 9.0 10.0 11.0 12.0 13.0 14.0 15.0 16.0 17.0 
17.0 18.0 19.0 20.0 21.0 22.0 23.0 24.0 25.0 26.0 27.0 28.0 29.0 30.0 31.0 32.0 33.0 34.0 35.0 36.0 37.0 38.0 39.0 40.0 41.0 42.0 43.0 44.0 45.0 46.0 47.0 48.0 49.0 50.0 51.0 52.0 53.0 54.0 55.0 56.0 57.0 58.0 59.0 60.0 61.0 62.0 63.0 64.0 63.0 62.0 61.0 60.0 59.0 58.0 57.0 56.0 55.0 54.0 53.0 52.0 51.0 50.0 49.0 48.0 47.0 46.0 45.0 44.0 43.0 42.0 41.0 40.0 39.0 38.0 37.0 36.0 35.0 34.0 33.0 32.0 31.0 30.0 29.0 28.0 27.0 26.0 25.0 24.0 23.0 22.0 21.0 20.0 19.0 18.0 17.0 16.0 15.0 14.0 13.0 12.0 11.0 10.0 9.0 8.0 7.0 6.0 5.0 4.0 3.0 2.0 1.0 0.0 1.0 2.0 3.0 4.0 5.0 6.0 7.0 8.0 9.0 10.0 11.0 12.0 13.0 14.0 15.0 16.0 
16.0 17.0 18.0 19.0 20.0 21.0 22.0 23.0 24.0 25.0 26.0 27.0 28.0 29.0 30.0 31.0 32.0 33.0 34.0 35.0 36.0 37.0 38.0 39.0 40.0 41.0 42.0 43.0 44.0 45.0 46.0 47.0 48.0 49.0 50.0 51.0 52.0 53.0 54.0 55.0 56.0 57.0 58.0 59.0 60.0 61.0 62.0 63.0 64.0 63.0 62.0 61.0 60.0 59.0 58.0 57.0 56.0 55.0 54.0 53.0 52.0 51.0 50.0 49.0 48.0 47.0 46.0 45.0 44.0 43.0 42.0 41.0 40.0 39.0 38.0 37.0 36.0 35.0 34.0 33.0 32.0 31.0 30.0 29.0 28.0 27.0 26.0 25.0 24.0 23.0 22.0 21.0 20.0 19.0 18.0 17.0 16.0 15.0 14.0 13.0 12.0 11.0 10.0 9.0 8.0 7.0 6.0 5.0 4.0 3.0 2.0 1.0 0.0 1.0 2.0 3.0 4.0 5.0 6.0 7.0 8.0 9.0 10.0 11.0 12.0 13.0 14.0 15.0 
15.0 16.0 17.0 18.0 19.0 20.0 21.0 22.0 23.0 24.0 25.0 26.0 27.0 28.0 29.0 30.0 31.0 32.0 33.0 34.0 35.0 36.0 37.0 38.0 39.0 40.0 41.0 42.0 43.0 44.0 45.0 46.0 47.0 48.0 49.0 50.0 51.0 52.0 53.0 54.0 55.0 56.0 57.0 58.0 59.0 60.0 61.0 62.0 63.0 64.0 63.0 62.0 61.0 60.0 59.0 58.0 57.0 56.0 55.0 54.0 53.0 52.0 51.0 50.0 49.0 48.0 47.0 46.0 45.0 44.0 43.0 42.0 41.0 40.0 39.0 38.0 37.0 36.0 35.0 34.0 33.0 32.0 31.0 30.0 29.0 28.0 27.0 26.0 25.0 24.0 23.0 22.0 21.0 20.0 19.0 18.0 17.0 16.0 15.0 14.0 13.0 12.0 11.0 10.0 9.0 8.0 7.0 6.0 5.0 4.0 3.0 2.0 1.0 0.0 1.0 2.0 3.0 4.0 5.0 6.0 7.0 8.0 9.0 10.0 11.0 12.0 13.0 14.0 
14.0 15.0 16.0 17.0 18.0 19.0 20.0 21.0 22.0 23.0 24.0 25.0 26.0 27.0 28.0 29.0 30.0 31.0 32.0 33.0 34.0 35.0 36.0 37.0 38.0 39.0 40.0 41.0 42.0 43.0 44.0 45.0 46.0 47.0 48.0 49.0 50.0 51.0 52.0 53.0 54.0 55.0 56.0 57.0 58.0 59.0 60.0 61.0 62.0 63.0 64.0 63.0 62.0 61.0 60.0 59.0 58.0 57.0 56.0 55.0 54.0 53.0 52.0 51.0 50.0 49.0 48.0 47.0 46.0 45.0 44.0 43.0 42.0 41.0 40.0 39.0 38.0 37.0 36.0 35.0 34.0 33.0 32.0 31.0 30.0 29.0 28.0 27.0 26.0 25.0 24.0 23.0 22.0 21.0 20.0 19.0 18.0 17.0 16.0 15.0 14.0 13.0 12.0 11.0 10.0 9.0 8.0 7.0 6.0 5.0 4.0 3.0 2.0 1.0 0.0 1.0 2.0 3.0 4.0 5.0 6.0 7.0 8.0 9.0 10.0 11.0 12.0 13.0 
13.0 14.0 15.0 16.0 17.0 18.0 19.0 20.0 21.0 22.0 23.0 24.0 25.0 26.0 27.0 28.0 29.0 30.0 31.0 32.0 33.0 34.0 35.0 36.0 37.0 38.0 39.0 40.0 41.0 42.0 43.0 44.0 45.0 46.0 47.0 48.0 49.0 50.0 51.0 52.0 53.0 54.0 55.0 56.0 57.0 58.0 59.0 60.0 61.0 62.0 63.0 64.0 63.0 62.0 61.0 60.0 59.0 58.0 57.0 56.0 55.0 54.0 53.0 52.0 51.0 50.0 49.0 48.0 47.0 46.0 45.0 44.0 43.0 42.0 41.0 40.0 39.0 38.0 37.0 36.0 35.0 34.0 33.0 32.0 31.0 30.0 29.0 28.0 27.0 26.0 25.0 24.0 23.0 22.0 21.0 20.0 19.0 18.0 17.0 16.0 15.0 14.0 13.0 12.0 11.0 10.0 9.0 8.0 7.0 6.0 5.0 4.0 3.0 2.0 1.0 0.0 1.0 2.0 3.0 4.0 5.0 6.0 7.0 8.0 9.0 10.0 11.0 12.0 
12.0 13.0 14.0 15.0 16.0 17.0 18.0 19.0 20.0 21.0 22.0 23.0 24.0 25.0 26.0 27.0 28.0 29.0 30.0 31.0 32.0 33.0 34.0 35.0 36.0 37.0 38.0 39.0 40.0 41.0 42.0 43.0 44.0 45.0 46.0 47.0 48.0 49.0 50.0 51.0 52.0 53.0 54.0 55.0 56.0 57.0 58.0 59.0 60.0 61.0 62.0 63.0 64.0 63.0 62.0 61.0 60.0 59.0 58.0 57.0 56.0 55.0 54.0 53.0 52.0 51.0 50.0 49.0 48.0 47.0 46.0 45.0 44.0 43.0 42.0 41.0 40.0 39.0 38.0 37.0 36.0 35.0 34.0 33.0 32.0 31.0 30.0 29.0 28.0 27.0 26.0 25.0 24.0 23.0 22.0 21.0 20.0 19.0 18.0 17.0 16.0 15.0 14.0 13.0 12.0 11.0 10.0 9.0 8.0 7.0 6.0 5.0 4.0 3.0 2.0 1.0 0.0 1.0 2.0 3.0 4.0 5.0 6.0 7.0 8.0 9.0 10.0 11.0 
11.0 12.0 13.0 14.0 15.0 16.0 17.0 18.0 19.0 20.0 21.0 22.0 23.0 24.0 25.0 26.0 27.0 28.0 29.0 30.0 31.0 32.0 33.0 34.0 35.0 36.0 37.0 38.0 39.0 40.0 41.0 42.0 43.0 44.0 45.0 46.0 47.0 48.0 49.0 50.0 51.0 52.0 53.0 54.0 55.0 56.0 57.0 58.0 59.0 60.0 61.0 62.0 63.0 64.0 63.0 62.0 61.0 60.0 59.0 58.0 57.0 56.0 55.0 54.0 53.0 52.0 51.0 50.0 49.0 48.0 47.0 46.0 45.0 44.0 43.0 42.0 41.0 40.0 39.0 38.0 37.0 36.0 35.0 34.0 33.0 32.0 31.0 30.0 29.0 28.0 27.0 26.0 25.0 24.0 23.0 22.0 21.0 20.0 19.0 18.0 17.0 16.0 15.0 14.0 13.0 12.0 11.0 10.0 9.0 8.0 7.0 6.0 5.0 4.0 3.0 2.0 1.0 0.0 1.0 2.0 3.0 4.0 5.0 6.0 7.0 8.0 9.0 10.0 
10.0 11.0 12.0 13.0 14.0 15.0 16.0 17.0 18.0 19.0 20.0 21.0 22.0 23.0 24.0 25.0 26.0 27.0 28.0 29.0 30.0 31.0 32.0 33.0 34.0 35.0 36.0 37.0 38.0 39.0 40.0 41.0 42.0 43.0 44.0 45.0 46.0 47.0 48.0 49.0 50.0 51.0 52.0 53.0 54.0 55.0 56.0 57.0 58.0 59.0 60.0 61.0 62.0 63.0 64.0 63.0 62.0 61.0 60.0 59.0 58.0 57.0 56.0 55.0 54.0 53.0 52.0 51.0 50.0 49.0 48.0 47.0 46.0 45.0 44.0 43.0 42.0 41.0 40.0 39.0 38.0 37.0 36.0 35.0 34.0 33.0 32.0 31.0 30.0 29.0 28.0 27.0 26.0 25.0 24.0 23.0 22.0 21.0 20.0 19.0 18.0 17.0 16.0 15.0 14.0 13.0 12.0 11.0 10.0 9.0 8.0 7.0 6.0 5.0 4.0 3.0 2.0 1.0 0.0 1.0 2.0 3.0 4.0 5.0 6.0 7.0 8.0 9.0 
9.0 10.0 11.0 12.0 13.0 14.0 15.0 16.0 17.0 18.0 19.0 20.0 21.0 22.0 23.0 24.0 25.0 26.0 27.0 28.0 29.0 30.0 31.0 32.0 33.0 34.0 35.0 36.0 37.0 38.0 39.0 40.0 41.0 42.0 43.0 44.0 45.0 46.0 47.0 48.0 49.0 50.0 51.0 52.0 53.0 54.0 55.0 56.0 57.0 58.0 59.0 60.0 61.0 62.0 63.0 64.0 63.0 62.0 61.0 60.0 59.0 58.0 57.0 56.0 55.0 54.0 53.0 52.0 51.0 50.0 49.0 48.0 47.0 46.0 45.0 44.0 43.0 42.0 41.0 40.0 39.0 38.0 37.0 36.0 35.0 34.0 33.0 32.0 31.0 30.0 29.0 28.0 27.0 26.0 25.0 24.0 23.0 22.0 21.0 20.0 19.0 18.0 17.0 16.0 15.0 14.0 13.0 12.0 11.0 10.0 9.0 8.0 7.0 6.0 5.0 4.0 3.0 2.0 1.0 0.0 1.0 2.0 3.0 4.0 5.0 6.0 7.0 8.0 
8.0 9.0 10.0 11.0 12.0 13.0 14.0 15.0 16.0 17.0 18.0 19.0 20.0 21.0 22.0 23.0 24.0 25.0 26.0 27.0 28.0 29.0 30.0 31.0 32.0 33.0 34.0 35.0 36.0 37.0 38.0 39.0 40.0 41.0 42.0 43.0 44.0 45.0 46.0 47.0 48.0 49.0 50.0 51.0 52.0 53.0 54.0 55.0 56.0 57.0 58.0 59.0 60.0 61.0 62.0 63.0 64.0 63.0 62.0 61.0 60.0 59.0 58.0 57.0 56.0 55.0 54.0 53.0 52.0 51.0 50.0 49.0 48.0 47.0 46.0 45.0 44.0 43.0 42.0 41.0 40.0 39.0 38.0 37.0 36.0 35.0 34.0 33.0 32.0 31.0 30.0 29.0 28.0 27.0 26.0 25.0 24.0 23.0 22.0 21.0 20.0 19.0 18.0 17.0 16.0 15.0 14.0 13.0 12.0 11.0 10.0 9.0 8.0 7.0 6.0 5.0 4.0 3.0 2.0 1.0 0.0 1.0 2.0 3.0 4.0 5.0 6.0 7.0 
7.0 8.0 9.0 10.0 11.0 12.0 13.0 14.0 15.0 16.0 17.0 18.0 19.0 20.0 21.0 22.0 23.0 24.0 25.0 26.0 27.0 28.0 29.0 30.0 31.0 32.0 33.0 34.0 35.0 36.0 37.0 38.0 39.0 40.0 41.0 42.0 43.0 44.0 45.0 46.0 47.0 48.0 49.0 50.0 51.0 52.0 53.0 54.0 55.0 56.0 57.0 58.0 59.0 60.0 61.0 62.0 63.0 64.0 63.0 62.0 61.0 60.0 59.0 58.0 57.0 56.0 55.0 54.0 53.0 52.0 51.0 50.0 49.0 48.0 47.0 46.0 45.0 44.0 43.0 42.0 41.0 40.0 39.0 38.0 37.0 36.0 35.0 34.0 33.0 32.0 31.0 30.0 29.0 28.0 27.0 26.0 25.0 24.0 23.0 22.0 21.0 20.0 19.0 18.0 17.0 16.0 15.0 14.0 13.0 12.0 11.0 10.0 9.0 8.0 7.0 6.0 5.0 4.0 3.0 2.0 1.0 0.0 1.0 2.0 3.0 4.0 5.0 6.0 
6.0 7.0 8.0 9.0 10.0 11.0 12.0 13.0 14.0 15.0 16.0 17.0 18.0 19.0 20.0 21.0 22.0 23.0 24.0 25.0 26.0 27.0 28.0 29.0 30.0 31.0 32.0 33.0 34.0 35.0 36.0 37.0 38.0 39.0 40.0 41.0 42.0 43.0 44.0 45.0 46.0 47.0 48.0 49.0 50.0 51.0 52.0 53.0 54.0 55.0 56.0 57.0 58.0 59.0 60.0 61.0 62.0 63.0 64.0 63.0 62.0 61.0 60.0 59.0 58.0 57.0 56.0 55.0 54.0 53.0 52.0 51.0 50.0 49.0 48.0 47.0 46.0 45.0 44.0 43.0 42.0 41.0 40.0 39.0 38.0 37.0 36.0 35.0 34.0 33.0 32.0 31.0 30.0 29.0 28.0 27.0 26.0 25.0 24.0 23.0 22.0 21.0 20.0 19.0 18.0 17.0 16.0 15.0 14.0 13.0 12.0 11.0 10.0 9.0 8.0 7.0 6.0 5.0 4.0 3.0 2.0 1.0 0.0 1.0 2.0 3.0 4.0 5.0 
5.0 6.0 7.0 8.0 9.0 10.0 11.0 12.0 13.0 14.0 15.0 16.0 17.0 18.0 19.0 20.0 21.0 22.0 23.0 24.0 25.0 26.0 27.0 28.0 29.0 30.0 31.0 32.0 33.0 34.0 35.0 36.0 37.0 38.0 39.0 40.0 41.0 42.0 43.0 44.0 45.0 46.0 47.0 48.0 49.0 50.0 51.0 52.0 53.0 54.0 55.0 56.0 57.0 58.0 59.0 60.0 61.0 62.0 63.0 64.0 63.0 62.0 61.0 60.0 59.0 58.0 57.0 56.0 55.0 54.0 53.0 52.0 51.0 50.0 49.0 48.0 47.0 46.0 45.0 44.0 43.0 42.0 41.0 40.0 39.0 38.0 37.0 36.0 35.0 34.0 33.0 32.0 31.0 30.0 29.0 28.0 27.0 26.0 25.0 24.0 23.0 22.0 21.0 20.0 19.0 18.0 17.0 16.0 15.0 14.0 13.0 12.0 11.0 10.0 9.0 8.0 7.0 6.0 5.0 4.0 3.0 2.0 1.0 0.0 1.0 2.0 3.0 4.0 
4.0 5.0 6.0 7.0 8.0 9.0 10.0 11.0 12.0 13.0 14.0 15.0 16.0 17.0 18.0 19.0 20.0 21.0 22.0 23.0 24.0 25.0 26.0 27.0 28.0 29.0 30.0 31.0 32.0 33.0 34.0 35.0 36.0 37.0 38.0 39.0 40.0 41.0 42.0 43.0 44.0 45.0 46.0 47.0 48.0 49.0 50.0 51.0 52.0 53.0 54.0 55.0 56.0 57.0 58.0 59.0 60.0 61.0 62.0 63.0 64.0 63.0 62.0 61.0 60.0 59.0 58.0 57.0 56.0 55.0 54.0 53.0 52.0 51.0 50.0 49.0 48.0 47.0 46.0 45.0 44.0 43.0 42.0 41.0 40.0 39.0 38.0 37.0 36.0 35.0 34.0 33.0 32.0 31.0 30.0 29.0 28.0 27.0 26.0 25.0 24.0 23.0 22.0 21.0 20.0 19.0 18.0 17.0 16.0 15.0 14.0 13.0 12.0 11.0 10.0 9.0 8.0 7.0 6.0 5.0 4.0 3.0 2.0 1.0 0.0 1.0 2.0 3.0 
3.0 4.0 5.0 6.0 7.0 8.0 9.0 10.0 11.0 12.0 13.0 14.0 15.0 16.0 17.0 18.0 19.0 20.0 21.0 22.0 23.0 24.0 25.0 26.0 27.0 28.0 29.0 30.0 31.0 32.0 33.0 34.0 35.0 36.0 37.0 38.0 39.0 40.0 41.0 42.0 43.0 44.0 45.0 46.0 47.0 48.0 49.0 50.0 51.0 52.0 53.0 54.0 55.0 56.0 57.0 58.0 59.0 60.0 61.0 62.0 63.0 64.0 63.0 62.0 61.0 60.0 59.0 58.0 57.0 56.0 55.0 54.0 53.0 52.0 51.0 50.0 49.0 48.0 47.0 46.0 45.0 44.0 43.0 42.0 41.0 40.0 39.0 38.0 37.0 36.0 35.0 34.0 33.0 32.0 31.0 30.0 29.0 28.0 27.0 26.0 25.0 24.0 23.0 22.0 21.0 20.0 19.0 18.0 17.0 16.0 15.0 14.0 13.0 12.0 11.0 10.0 9.0 8.0 7.0 6.0 5.0 4.0 3.0 2.0 1.0 0.0 1.0 2.0 
2.0 3.0 4.0 5.0 6.0 7.0 8.0 9.0 10.0 11.0 12.0 13.0 14.0 15.0 16.0 17.0 18.0 19.0 20.0 21.0 22.0 23.0 24.0 25.0 26.0 27.0 28.0 29.0 30.0 31.0 32.0 33.0 34.0 35.0 36.0 37.0 38.0 39.0 40.0 41.0 42.0 43.0 44.0 45.0 46.0 47.0 48.0 49.0 50.0 51.0 52.0 53.0 54.0 55.0 56.0 57.0 58.0 59.0 60.0 61.0 62.0 63.0 64.0 63.0 62.0 61.0 60.0 59.0 58.0 57.0 56.0 55.0 54.0 53.0 52.0 51.0 50.0 49.0 48.0 47.0 46.0 45.0 44.0 43.0 42.0 41.0 40.0 39.0 38.0 37.0 36.0 35.0 34.0 33.0 32.0 31.0 30.0 29.0 28.0 27.0 26.0 25.0 24.0 23.0 22.0 21.0 20.0 19.0 18.0 17.0 16.0 15.0 14.0 13.0 12.0 11.0 10.0 9.0 8.0 7.0 6.0 5.0 4.0 3.0 2.0 1.0 0.0 1.0 
1.0 2.0 3.0 4.0 5.0 6.0 7.0 8.0 9.0 10.0 11.0 12.0 13.0 14.0 15.0 16.0 17.0 18.0 19.0 20.0 21.0 22.0 23.0 24.0 25.0 26.0 27.0 28.0 29.0 30.0 31.0 32.0 33.0 34.0 35.0 36.0 37.0 38.0 39.0 40.0 41.0 42.0 43.0 44.0 45.0 46.0 47.0 48.0 49.0 50.0 51.0 52.0 53.0 54.0 55.0 56.0 57.0 58.0 59.0 60.0 61.0 62.0 63.0 64.0 63.0 62.0 61.0 60.0 59.0 58.0 57.0 56.0 55.0 54.0 53.0 52.0 51.0 50.0 49.0 48.0 47.0 46.0 45.0 44.0 43.0 42.0 41.0 40.0 39.0 38.0 37.0 36.0 35.0 34.0 33.0 32.0 31.0 30.0 29.0 28.0 27.0 26.0 25.0 24.0 23.0 22.0 21.0 20.0 19.0 18.0 17.0 16.0 15.0 14.0 13.0 12.0 11.0 10.0 9.0 8.0 7.0 6.0 5.0 4.0 3.0 2.0 1.0 0.0 