128
44 42 19 62 67 83 2 32 80 15 46 67 46 62 77 40 68 86 63 79 65 69 2 59 23 52 73 69 25 48 86 73 83 83 24 15 41 65 93 68 84 29 18 65 91 29 57 85 45 90 73 43 39 5 2 86 89 57 18 93 79 78 72 24 73 18 10 50 43 25 75 47 5 23 82 70 8 66 89 15 64 100 98 68 26 9 49 45 5 57 91 80 87 9 40 54 70 83 26 90 60 74 36 25 9 18 80 18 80 12 32 10 49 100 68 99 11 48 97 97 69 4 16 23 96 86 26 32 
12 55 23 73 76 11 26 12 98 24 52 33 39 37 76 97 71 77 21 60 46 89 78 89 42 51 88 68 45 23 73 82 29 55 39 71 89 87 20 96 89 79 30 61 49 32 73 18 79 96 80 49 90 22 94 56 94 15 87 38 15 31 46 18 25 35 18 87 80 89 13 33 100 57 88 21 78 8 47 54 56 85 69 48 96 94 24 29 59 7 56 58 78 10 63 22 85 32 62 90 80 64 24 56 7 95 14 44 60 67 63 13 63 88 52 72 74 66 52 62 34 66 73 75 75 77 32 68 
62 67 54 33 76 30 34 64 3 84 49 44 12 15 55 48 20 60 30 80 73 61 12 43 6 94 15 86 50 72 57 80 54 5 30 51 77 2 90 11 7 64 54 86 45 82 3 8 76 22 33 55 23 33 66 61 90 100 73 66 40 78 21 97 57 58 42 37 13 1 60 46 53 90 58 4 64 56 40 21 90 28 6 17 44 12 18 64 96 72 89 72 16 25 81 90 33 73 95 46 17 91 65 49 49 60 94 84 99 81 80 15 78 74 44 35 79 58 72 92 58 97 79 73 35 97 15 81 
25 39 76 94 100 45 18 71 98 23 41 49 95 58 63 16 41 36 63 93 71 45 65 10 41 26 15 26 50 45 52 56 2 81 21 85 41 22 40 31 95 6 65 44 36 24 79 55 39 36 54 92 19 92 88 40 58 53 85 74 40 30 96 2 21 14 1 62 25 25 88 6 45 59 91 69 93 89 27 30 3 21 83 49 58 26 38 83 90 20 99 71 76 41 5 40 93 7 74 81 35 45 51 43 37 91 82 59 85 48 37 71 19 86 20 7 35 25 61 17 60 76 26 24 52 100 31 40 
38 75 78 72 41 49 38 54 4 70 43 63 49 89 23 19 95 76 83 25 80 79 97 33 64 31 26 57 90 29 22 20 98 51 6 51 56 52 99 17 9 59 88 68 65 82 61 69 10 20 93 14 70 97 80 54 1 10 89 90 71 51 11 12 96 80 43 46 43 31 77 6 88 93 15 41 14 45 65 32 75 60 49 89 51 68 89 77 86 9 31 87 53 80 30 2 94 23 47 53 73 44 71 91 45 79 21 17 18 22 87 67 56 44 98 5 21 13 20 91 63 19 29 14 8 84 94 79 
21 11 56 87 48 69 72 59 26 58 98 90 64 20 49 56 82 89 84 50 18 7 57 61 94 68 36 71 38 88 82 82 9 55 97 53 25 40 60 86 35 6 86 57 66 51 2 91 36 76 85 58 95 95 75 28 53 22 82 34 59 84 83 85 83 97 15 4 48 24 35 57 16 3 72 36 60 41 37 71 93 46 43 57 21 7 26 26 62 16 5 93 96 27 99 61 6 13 36 72 74 83 63 42 83 97 80 14 33 14 45 77 19 58 86 99 98 22 1 76 7 48 48 64 60 100 90 63 
2 95 87 19 88 33 64 80 1 22 28 11 51 60 1 48 32 14 17 89 16 37 60 83 49 88 68 14 30 15 40 32 10 61 68 21 96 20 46 70 93 4 26 3 10 62 49 64 32 25 7 39 36 94 42 56 19 41 58 61 49 33 82 90 5 8 20 4 99 9 54 68 79 47 52 54 60 66 61 12 55 7 45 18 23 4 70 38 24 62 39 41 51 5 94 41 38 5 94 45 91 84 50 57 28 68 34 41 88 54 43 50 76 51 24 67 71 59 28 53 66 71 87 12 51 11 97 63 
95 52 11 14 34 31 91 100 11 86 17 84 75 74 23 72 28 15 21 22 68 70 97 76 43 76 78 69 70 36 52 56 87 10 57 32 72 20 71 13 73 76 77 43 11 45 62 49 30 16 73 59 71 18 87 21 90 66 36 71 71 86 54 86 65 31 3 23 71 70 89 62 18 55 16 82 9 77 69 58 17 73 6 60 14 25 59 93 62 55 82 26 93 99 88 38 15 59 26 89 64 34 8 85 76 95 100 85 90 65 14 63 96 32 28 40 79 81 20 89 49 76 7 77 7 44 19 65 
100 44 17 34 38 61 38 33 10 18 49 49 56 30 31 15 15 9 37 28 68 54 67 68 23 44 3 62 20 94 88 93 81 44 64 73 79 29 22 49 28 56 2 13 66 2 69 75 70 21 3 67 77 66 32 94 1 85 21 50 76 24 53 87 6 23 26 24 22 21 37 28 67 12 41 75 89 68 88 57 61 28 21 34 82 66 80 87 85 12 55 85 96 81 20 24 97 26 21 87 96 84 98 16 65 66 70 13 60 23 49 100 100 10 5 2 63 51 63 87 67 8 17 75 97 18 14 49 
17 76 55 31 58 63 11 21 36 45 40 71 57 36 82 40 62 27 4 21 92 72 23 18 43 44 66 96 26 8 91 16 69 73 72 85 69 2 32 36 11 43 98 55 96 75 26 45 97 93 49 10 80 11 3 53 13 60 21 49 12 97 31 71 5 95 77 94 51 9 78 30 84 87 45 20 87 66 89 78 94 26 99 10 95 21 29 61 72 86 63 80 76 96 65 94 56 20 20 16 57 16 44 43 66 66 86 80 83 42 24 76 41 37 62 75 8 54 9 73 55 74 17 19 44 41 50 31 
82 68 92 100 43 45 23 86 73 98 44 61 53 54 45 41 98 87 85 76 43 22 89 33 62 78 65 85 79 49 85 20 58 36 4 48 20 16 99 30 99 4 37 40 71 11 67 25 19 54 5 23 67 31 28 41 13 10 96 62 83 56 23 55 52 78 58 42 6 65 35 76 27 21 72 97 80 64 40 15 68 89 54 65 29 12 24 93 61 52 62 44 16 83 35 59 51 93 99 62 35 1 99 27 8 11 57 72 69 6 49 92 7 43 62 6 28 39 35 21 2 11 12 21 18 54 70 87 
77 81 59 91 59 18 81 66 87 60 54 93 73 73 98 14 2 6 74 54 42 47 42 70 48 56 5 48 86 77 57 6 71 62 14 5 70 78 80 38 89 79 45 91 29 35 93 74 72 16 58 38 60 86 17 88 31 26 26 14 46 65 27 12 48 33 73 33 77 96 38 38 54 63 54 93 57 6 78 90 100 62 26 68 17 25 29 28 47 53 48 55 85 10 25 66 75 42 44 4 8 86 6 58 97 38 59 98 69 93 43 62 54 50 9 90 58 12 39 59 76 44 60 34 39 38 95 24 
15 53 71 63 22 49 93 22 11 10 92 69 61 97 80 53 7 73 46 45 73 8 12 11 49 11 75 5 98 71 8 40 69 64 87 32 93 7 28 94 85 94 26 36 29 58 71 27 38 93 42 81 45 74 13 38 22 76 34 100 49 6 97 77 53 64 90 24 54 95 65 41 37 63 16 2 23 11 66 6 3 2 28 77 42 22 64 13 8 12 75 94 89 53 29 24 77 23 62 33 54 70 98 91 95 11 58 96 82 44 94 64 28 76 36 15 70 39 48 28 16 76 81 62 48 30 31 25 
12 47 7 89 57 74 29 11 99 72 27 18 94 74 14 81 71 35 45 25 64 20 8 50 54 98 86 93 3 58 82 80 82 23 88 95 44 24 98 30 25 89 15 10 1 9 5 4 81 99 89 49 81 83 34 10 58 13 56 42 86 27 57 56 72 23 39 82 45 15 27 8 45 70 17 79 51 90 36 39 88 30 49 81 53 67 7 55 43 50 36 51 56 50 89 46 48 16 17 47 35 55 93 3 35 30 14 63 1 35 31 90 52 80 22 59 81 71 18 63 87 8 7 12 34 26 56 65 
38 2 47 88 18 73 53 82 39 84 97 94 86 78 82 4 74 28 14 50 46 38 100 80 56 56 39 34 1 76 64 93 33 26 8 68 23 18 20 3 65 29 84 25 35 37 5 86 13 58 9 4 70 14 46 72 59 15 9 80 74 44 20 91 94 87 80 83 73 14 64 38 1 57 79 31 85 94 76 5 18 4 20 21 77 6 60 35 44 67 40 59 19 69 88 40 45 50 54 65 57 79 81 58 6 94 39 71 13 59 23 41 3 84 39 9 2 39 25 89 77 38 83 51 96 57 42 73 
83 60 72 62 12 58 12 7 13 46 61 8 86 24 2 62 63 25 78 37 29 88 63 93 86 12 22 70 48 76 91 38 36 68 95 49 8 32 17 63 92 22 54 80 51 93 93 99 44 54 2 78 72 51 92 75 34 61 64 71 51 25 83 66 78 57 51 83 57 26 47 45 35 35 80 34 92 95 73 36 83 17 78 21 18 30 61 44 92 27 27 12 49 28 79 65 67 45 54 8 82 10 53 39 64 89 78 100 75 89 49 40 62 20 12 11 39 33 76 73 88 55 63 37 3 35 91 78 
86 27 65 29 43 50 6 97 44 90 43 13 91 32 55 82 23 46 68 7 95 21 35 9 60 3 15 5 12 91 98 98 43 94 18 93 88 80 19 51 69 21 7 86 23 80 90 60 11 79 64 39 35 54 56 58 23 46 50 7 3 67 33 13 17 38 54 31 26 63 6 69 37 59 95 30 66 64 29 17 59 43 14 99 54 42 51 14 25 47 44 27 41 84 26 82 92 17 67 71 51 39 13 98 7 60 100 91 50 82 69 16 31 98 91 89 99 26 52 54 62 48 23 44 15 13 58 1 
73 8 97 83 46 44 1 60 40 36 72 27 99 92 100 17 77 11 90 47 12 61 76 91 32 56 72 13 48 51 70 26 77 55 90 7 100 45 95 77 58 59 34 97 88 19 64 85 96 96 9 66 24 75 63 63 81 36 42 27 52 56 80 8 80 22 37 64 35 78 66 34 98 58 38 76 14 59 8 80 63 85 23 87 22 42 45 5 33 99 8 49 47 54 21 86 28 27 16 25 54 75 72 98 93 82 32 24 64 4 90 77 88 42 34 85 46 30 13 55 96 25 53 29 66 95 2 76 
90 97 47 74 20 32 31 11 52 85 64 98 53 93 81 40 47 84 69 90 91 56 30 14 27 63 13 45 20 84 65 71 38 93 35 72 49 83 99 75 55 36 85 37 84 90 1 75 17 26 74 6 63 7 88 87 40 33 68 22 58 41 4 76 26 36 92 80 96 23 86 69 20 45 36 32 14 96 73 53 52 58 54 58 7 85 15 84 31 10 5 13 81 17 8 80 10 47 17 59 56 15 20 75 66 92 18 21 78 77 59 92 85 14 33 66 62 26 6 20 17 21 69 25 1 55 23 9 
90 18 13 35 88 26 12 71 33 53 48 97 76 6 1 31 69 49 31 14 26 20 2 14 16 53 95 37 19 4 86 48 76 42 48 94 42 16 100 97 77 91 88 75 95 24 46 26 56 93 96 51 89 89 8 73 55 71 1 79 39 35 1 48 63 77 38 55 89 75 31 86 22 83 78 82 79 45 17 74 54 6 27 84 65 79 71 34 35 8 41 8 26 16 82 85 48 20 54 69 76 73 8 37 49 82 35 19 52 13 38 35 51 33 42 6 67 66 89 10 94 27 11 89 85 72 46 22 
100 95 96 36 37 25 72 88 67 93 50 82 78 1 96 12 8 65 9 74 77 95 15 42 52 42 37 1 13 98 81 19 16 47 12 22 39 100 67 11 19 41 67 3 78 34 82 19 23 29 83 70 80 43 5 14 51 70 75 59 71 79 15 89 48 60 62 38 95 89 80 63 64 86 16 95 51 92 65 37 56 19 5 100 47 83 46 93 20 99 45 34 51 85 52 23 46 3 75 20 41 12 8 2 37 33 18 91 90 50 41 64 99 96 8 87 65 6 71 23 30 33 65 69 73 91 53 46 
73 7 57 79 26 4 57 95 2 9 41 56 80 55 5 93 88 65 65 65 54 74 47 58 64 41 18 52 39 55 72 7 66 3 66 62 8 63 73 7 39 63 23 77 16 72 5 92 88 30 75 81 9 15 13 74 12 72 14 86 28 73 58 45 74 36 75 71 25 66 56 23 88 21 76 85 45 68 77 81 41 26 56 49 71 62 45 3 33 89 98 59 26 8 18 46 29 60 76 46 85 13 22 34 37 24 41 67 91 67 37 4 14 62 33 17 45 12 11 44 17 56 34 34 67 15 87 99 
30 96 55 42 20 18 77 99 42 4 36 72 11 70 2 15 95 96 16 65 27 11 75 30 56 37 38 69 95 31 17 90 8 65 83 36 35 46 52 57 14 95 27 65 93 8 90 39 36 76 15 15 2 10 84 7 44 82 83 70 63 22 3 2 31 21 80 16 14 65 14 51 30 46 30 75 60 59 53 79 26 44 9 91 83 32 38 47 50 13 37 21 84 47 64 33 36 27 66 76 47 53 88 62 5 77 41 45 25 47 56 68 59 70 90 79 53 50 85 40 57 9 77 85 50 33 13 94 
68 100 20 97 10 46 45 36 67 11 63 94 88 88 78 16 28 40 26 2 30 69 58 45 17 96 56 39 79 3 83 21 16 8 9 98 32 51 38 61 16 14 66 51 37 94 56 94 30 60 3 64 61 46 86 31 76 56 19 22 74 10 52 12 8 83 83 40 34 5 53 50 85 35 38 92 84 13 44 9 11 53 61 82 7 23 88 100 59 37 22 47 5 5 71 94 14 57 28 48 56 94 63 15 27 77 54 35 92 4 29 26 37 62 39 10 26 71 30 16 70 35 76 69 64 66 53 48 
67 6 61 62 82 6 89 29 6 47 69 81 6 5 94 97 86 59 72 36 70 48 93 22 74 85 17 98 60 26 42 82 61 27 46 31 61 49 50 93 50 93 66 23 35 91 75 45 12 1 31 18 79 78 19 95 89 67 87 7 98 89 7 23 58 83 65 18 96 51 80 45 18 46 35 40 49 66 98 6 14 31 24 81 24 19 2 81 56 76 36 88 12 71 12 22 12 61 60 64 41 59 81 6 1 74 50 98 18 14 23 82 8 89 56 91 20 85 71 73 54 71 17 63 62 13 9 33 
23 47 63 56 18 17 74 19 62 85 32 15 63 84 43 71 36 24 51 44 88 90 54 9 61 73 26 63 83 85 90 49 23 53 20 13 28 46 83 48 31 54 90 29 42 11 55 40 96 26 72 71 85 31 71 23 37 35 19 91 54 16 94 52 75 56 12 23 32 87 67 31 11 41 42 54 27 18 79 60 9 24 37 14 45 7 70 78 93 72 74 94 67 4 72 23 77 41 36 35 55 83 56 77 52 78 71 12 60 96 36 15 53 54 25 16 49 30 13 37 66 97 63 71 21 71 40 68 
89 48 84 12 63 17 40 38 9 91 27 21 52 99 79 8 29 22 40 26 7 32 67 44 44 45 16 97 13 7 52 93 29 92 15 9 70 5 7 24 7 16 75 85 21 5 31 30 75 25 91 94 51 7 52 88 17 33 19 81 16 46 88 75 47 47 85 11 88 40 80 53 54 4 26 47 82 36 12 19 19 78 98 64 97 82 100 59 36 53 17 84 47 11 96 5 38 28 1 39 9 28 52 69 96 22 36 22 70 48 87 33 12 74 12 59 86 7 56 70 8 46 35 65 25 71 47 21 
7 33 33 29 75 75 59 15 60 73 42 68 44 11 19 50 7 5 13 58 94 81 23 73 30 28 35 31 93 64 51 92 74 1 65 34 58 58 14 16 89 29 33 82 89 26 3 46 50 52 94 52 62 50 41 31 41 48 58 100 66 50 41 48 73 89 58 30 96 14 1 81 78 42 9 77 70 4 63 14 91 80 51 65 85 26 28 27 92 23 94 21 57 48 35 44 47 66 41 96 75 79 80 80 36 9 21 14 7 17 22 40 81 84 58 37 26 2 25 19 11 19 89 63 53 71 30 33 
47 57 8 52 28 95 81 72 10 89 12 43 61 41 71 63 60 64 52 97 100 68 79 47 76 85 5 19 87 100 9 83 65 74 99 14 98 87 3 20 88 97 86 90 92 78 20 22 54 74 67 9 82 57 46 30 51 84 25 82 96 72 17 70 47 53 31 16 5 31 85 13 25 88 35 85 51 30 2 39 61 9 25 70 41 63 64 41 50 82 97 73 63 22 27 36 93 87 49 34 99 27 46 96 27 7 32 59 13 39 2 38 31 38 75 36 31 11 35 13 95 68 41 76 18 62 37 66 
19 22 88 89 60 13 43 47 78 24 28 54 25 44 77 27 88 94 75 92 90 37 3 16 51 48 74 43 69 8 59 49 41 70 14 19 68 14 61 37 75 24 22 38 89 58 27 73 13 60 72 89 92 99 19 50 33 76 57 35 64 1 73 26 2 69 76 61 48 14 9 13 34 15 9 7 19 8 60 37 99 11 50 18 49 67 54 47 95 86 70 76 72 97 85 76 41 56 76 47 40 42 81 25 37 37 67 26 7 96 57 76 52 63 30 76 73 73 74 3 77 77 58 5 31 46 27 80 
38 50 77 93 96 54 90 49 34 56 98 100 56 19 43 98 85 2 26 28 47 43 57 53 42 23 35 32 18 81 98 86 63 56 69 74 91 72 2 63 92 43 26 7 80 31 82 22 59 11 28 28 93 81 14 73 11 31 75 51 76 17 74 89 53 52 49 71 79 83 10 53 81 28 88 1 54 63 2 28 57 67 17 44 28 99 4 34 47 58 13 37 17 16 87 35 85 88 47 19 35 77 74 58 66 8 79 68 67 12 21 15 15 35 25 49 95 42 57 23 26 81 50 1 70 32 80 18 
3 76 31 85 2 96 91 62 58 27 97 92 73 90 73 89 47 8 29 92 33 22 48 63 29 38 29 24 58 42 85 33 73 11 36 51 33 79 56 17 7 76 24 70 15 31 89 40 42 91 42 97 38 42 30 71 53 31 24 83 61 10 10 16 69 59 83 86 1 98 17 46 81 92 63 80 2 89 17 84 44 37 47 14 15 98 17 14 7 87 20 27 85 44 73 95 2 60 25 28 46 94 49 70 30 100 75 14 32 33 50 51 54 83 71 55 97 52 49 72 26 76 47 63 34 58 93 14 
43 54 69 35 60 79 5 32 23 42 83 31 3 45 49 78 48 83 27 7 96 28 73 34 94 69 91 3 20 63 98 5 99 20 5 77 7 78 98 62 11 93 14 62 26 62 77 16 81 10 40 41 2 67 77 36 46 20 11 82 29 20 95 54 25 65 66 20 62 83 38 29 93 60 73 25 61 3 8 76 15 57 64 3 14 67 15 73 40 93 96 58 93 29 19 54 82 78 87 76 4 28 85 43 80 59 60 87 30 2 68 19 30 28 64 14 10 61 11 60 38 75 81 38 3 22 26 84 
87 51 99 65 11 77 2 8 70 31 84 22 45 29 53 51 95 94 88 6 20 15 30 80 13 64 73 76 35 69 25 15 85 96 64 7 92 89 6 59 59 9 3 34 51 96 52 77 49 5 81 19 82 87 36 24 85 54 100 39 63 97 42 11 23 52 77 72 82 100 69 99 87 82 46 71 4 94 43 20 86 3 51 64 64 45 15 99 35 24 92 84 59 53 51 65 86 69 45 81 98 15 13 86 22 66 89 18 75 68 77 92 50 48 38 54 54 29 38 14 54 100 3 14 92 100 58 70 
15 19 79 45 30 47 51 82 82 77 54 70 9 30 19 49 67 1 62 51 12 26 73 46 78 8 27 82 17 85 91 10 51 70 25 38 4 86 34 69 34 33 91 99 37 57 87 14 28 19 92 70 34 85 57 100 24 46 60 21 90 2 49 28 42 44 96 25 98 30 60 8 96 74 21 36 9 42 40 43 93 12 58 56 14 46 60 56 98 9 46 18 44 97 82 10 6 100 99 97 52 68 9 79 99 83 34 65 24 31 86 37 8 98 24 15 39 38 81 31 30 63 56 66 56 87 65 67 
98 29 35 78 8 2 43 18 74 61 72 48 14 91 65 26 73 76 46 70 93 51 40 14 70 50 89 51 55 79 45 68 24 95 95 78 75 21 34 4 63 38 22 63 66 38 90 56 64 88 69 17 47 83 18 6 48 66 6 8 63 32 43 50 75 41 100 12 90 58 10 83 64 33 20 50 67 65 12 34 21 54 66 68 61 59 30 87 72 55 80 40 61 36 89 74 10 1 56 46 80 100 86 72 45 92 86 34 52 39 6 82 60 92 9 80 10 85 90 61 91 67 80 40 56 17 4 38 
23 32 38 6 4 52 88 17 42 1 49 12 59 43 96 60 39 33 47 75 5 63 70 37 46 12 71 95 100 100 22 72 39 68 13 16 35 73 57 59 12 30 13 64 63 47 74 27 76 37 31 70 32 43 91 88 57 82 78 20 100 52 43 95 1 98 79 56 43 98 98 39 81 32 79 75 35 100 22 43 89 89 74 88 94 96 13 60 35 29 88 24 41 8 32 19 11 65 45 95 56 99 17 87 8 86 71 92 40 55 39 69 27 43 72 67 4 14 65 51 78 31 77 56 20 12 18 14 
49 52 64 75 38 23 96 11 11 82 38 97 58 70 37 86 97 45 15 42 79 36 37 61 81 59 25 17 2 45 14 81 56 19 9 46 64 96 41 4 32 98 51 91 84 51 68 45 72 30 51 95 13 64 56 23 43 38 82 12 100 30 85 49 77 4 82 20 34 83 33 48 74 58 99 83 6 44 82 4 98 79 82 36 3 51 39 5 41 65 43 34 27 70 100 30 53 68 55 27 84 17 25 67 23 28 39 1 20 96 54 28 54 68 4 39 51 12 41 86 75 31 91 86 31 15 36 24 
28 20 61 39 26 37 24 80 70 100 96 66 79 51 3 73 6 86 88 30 2 5 5 48 19 23 31 29 32 27 68 15 28 84 19 26 26 63 42 56 86 77 96 85 28 8 69 77 38 26 14 65 91 38 9 45 83 28 23 4 37 19 20 58 81 32 4 55 71 25 54 99 68 95 18 50 34 12 48 88 12 27 52 65 70 68 61 85 47 73 12 22 89 38 53 23 2 68 2 19 39 67 81 87 83 37 52 34 93 4 65 4 46 60 83 58 90 85 89 21 95 10 64 69 99 60 39 21 
50 95 73 5 54 68 38 95 75 92 32 34 1 55 33 44 1 70 83 62 46 49 84 47 79 93 16 41 4 86 60 75 50 39 36 30 11 92 1 48 67 49 1 40 52 20 65 52 17 70 84 92 36 28 92 71 36 40 55 49 82 51 60 55 59 84 43 6 8 94 99 64 23 6 19 11 74 58 94 97 79 33 3 81 54 45 96 37 47 75 29 44 86 11 5 83 50 55 26 77 28 20 40 61 46 79 46 27 48 71 97 54 68 48 91 80 71 85 81 89 70 51 12 32 23 32 17 5 
93 89 42 95 53 94 32 57 67 29 25 50 20 52 35 31 46 9 14 83 77 66 9 4 73 60 77 46 69 49 63 60 38 71 70 92 38 96 82 9 47 66 71 97 76 85 57 75 86 99 82 98 18 13 15 7 80 30 23 45 99 32 86 61 85 97 36 22 25 28 23 62 43 68 91 96 53 83 52 80 86 52 89 49 18 90 99 23 63 5 36 83 64 87 43 85 43 26 46 91 15 45 79 49 70 34 82 47 74 39 9 77 76 14 66 33 5 67 10 48 32 80 68 57 75 78 20 9 
60 71 32 70 61 6 57 64 43 25 50 97 56 67 79 39 34 68 61 51 66 62 42 85 1 63 50 99 1 19 10 4 77 65 39 98 19 53 62 54 82 18 27 35 40 13 21 74 95 33 55 97 29 23 54 29 96 40 67 85 36 41 35 46 40 83 22 4 2 35 87 98 23 81 19 15 67 59 46 49 74 74 93 98 38 17 72 88 28 93 69 59 62 4 36 39 71 50 1 3 31 3 47 41 78 30 96 41 34 97 93 64 11 8 25 61 16 27 97 2 68 89 25 17 55 48 69 43 
31 79 77 46 75 55 24 24 71 54 87 21 91 50 82 45 84 79 5 14 25 86 73 75 91 96 2 81 35 91 9 70 92 36 74 8 10 33 21 81 76 40 68 2 92 57 58 70 14 12 89 53 23 93 99 49 60 19 4 89 83 73 32 93 50 34 88 81 75 72 62 30 58 52 53 65 11 54 24 69 37 64 52 13 28 96 50 6 11 50 46 70 94 6 30 37 68 83 29 88 6 34 71 49 27 11 2 93 42 60 54 68 21 12 96 14 86 18 6 82 2 1 34 2 28 46 18 10 
33 20 12 49 68 38 88 23 32 21 1 19 21 1 63 84 30 17 23 24 82 38 17 41 33 94 63 17 24 74 51 48 6 95 73 4 57 55 69 12 95 33 24 45 7 13 61 77 92 71 22 44 46 2 51 80 21 91 31 21 61 61 53 32 37 20 96 86 89 80 8 50 13 66 12 47 52 33 5 41 69 61 30 12 13 67 80 53 94 96 91 29 29 74 95 97 100 99 38 68 9 19 30 35 82 67 1 46 2 95 66 42 54 92 93 16 52 60 51 5 14 46 41 67 35 76 19 80 
90 92 52 62 67 30 64 84 7 93 77 36 26 64 57 46 80 85 11 99 81 52 23 10 76 31 53 91 95 34 96 88 97 56 96 63 17 4 11 19 14 60 89 83 19 99 17 21 91 16 100 8 23 100 2 88 97 61 29 9 49 56 48 66 44 26 17 2 81 98 12 68 31 10 11 83 62 4 64 15 99 23 6 27 82 12 100 39 52 45 90 14 14 63 3 32 80 93 56 100 41 60 37 84 90 89 65 40 70 5 49 57 52 32 90 57 8 59 83 50 88 2 63 20 35 46 21 67 
17 55 69 7 39 60 2 23 90 65 25 91 29 84 62 72 11 96 6 9 96 58 72 67 86 79 40 21 86 2 92 80 27 75 41 4 20 33 83 38 66 86 30 16 15 21 24 89 38 7 73 65 89 14 51 22 70 50 6 22 58 72 32 86 54 65 34 57 26 4 63 22 54 38 17 38 89 44 6 71 89 1 38 71 14 89 79 27 30 76 55 84 60 55 87 16 61 95 87 41 80 82 28 89 27 51 84 8 45 65 29 88 53 93 44 81 6 52 14 81 3 26 40 82 25 16 23 51 
88 26 34 54 64 91 5 54 85 88 72 42 31 6 77 62 67 22 50 35 22 45 99 88 46 42 32 12 21 15 12 51 42 97 39 99 34 93 1 13 89 70 79 94 41 90 25 99 93 25 37 37 48 92 69 32 17 72 32 97 23 19 68 45 46 57 96 49 9 8 54 29 92 88 38 86 76 38 18 48 62 71 30 29 91 4 51 51 6 99 32 43 79 32 17 95 49 58 89 58 56 18 3 70 40 20 4 90 61 26 7 85 28 89 94 72 55 49 6 34 20 28 98 54 88 44 89 58 
53 60 4 35 11 34 34 5 16 83 75 44 56 28 28 41 24 80 1 64 67 90 98 65 70 64 98 51 88 25 4 23 43 76 57 45 26 50 73 73 41 91 16 53 82 54 53 71 70 76 22 80 95 78 59 13 49 6 1 16 81 6 22 13 62 26 21 28 73 15 88 87 59 25 21 38 57 28 33 61 11 22 19 36 38 47 39 20 35 54 77 24 89 89 46 2 64 72 59 17 40 15 70 34 79 42 29 17 31 63 41 99 52 96 44 71 26 92 43 56 82 18 8 84 85 15 75 39 
82 1 43 45 50 14 89 65 27 46 19 27 80 34 60 37 16 56 12 73 68 51 44 77 89 5 20 92 25 80 98 97 27 18 81 13 17 60 75 25 72 6 97 89 74 99 58 62 32 60 60 53 99 15 58 91 64 24 29 80 43 22 12 67 41 8 27 63 69 9 71 69 27 97 66 14 85 83 72 23 32 50 63 1 27 12 23 83 21 54 10 61 75 53 19 84 33 14 28 68 10 18 5 35 56 31 53 33 18 3 5 73 79 52 6 35 25 86 76 93 13 43 2 86 88 52 29 1 
98 92 24 66 57 45 22 52 91 25 10 92 24 56 79 49 55 71 93 71 25 24 78 95 3 91 7 85 31 98 34 42 99 88 77 60 62 85 22 14 21 43 55 62 4 35 36 22 81 74 59 33 66 10 29 66 10 18 14 52 95 68 9 38 36 33 97 11 64 91 13 86 92 17 59 59 11 11 13 55 72 97 84 82 46 52 73 72 36 76 58 28 78 10 93 37 45 49 34 77 69 45 31 66 58 18 62 11 21 90 47 61 87 45 17 63 38 11 67 55 63 30 20 100 42 79 43 13 
33 91 38 33 15 69 19 31 5 96 100 49 72 22 61 24 9 54 15 27 50 19 75 63 93 2 76 1 21 45 59 72 69 13 32 99 66 23 92 26 81 15 26 74 98 42 63 76 96 71 12 53 60 83 7 62 98 34 64 14 58 93 40 45 92 99 83 16 40 32 14 100 14 82 5 68 37 66 13 88 89 27 45 36 79 64 5 17 100 69 16 23 60 24 47 88 35 32 37 26 36 77 19 72 35 38 31 50 68 15 56 33 44 87 87 37 99 93 3 40 12 13 93 15 60 18 25 22 
46 28 2 49 23 78 100 52 20 90 89 67 15 60 32 62 87 25 41 44 53 21 24 19 92 90 31 41 25 30 7 43 9 79 86 38 64 29 36 45 50 29 13 78 9 67 10 79 11 51 29 77 63 69 5 11 31 23 6 48 19 87 85 63 52 70 56 36 62 4 67 96 53 63 27 38 6 18 50 43 55 71 22 71 4 35 96 50 10 49 68 78 15 54 95 4 72 73 28 46 60 45 69 39 93 41 34 90 84 39 18 20 98 48 56 70 16 51 64 46 64 29 21 14 82 27 15 95 
49 79 49 63 42 75 51 52 49 3 34 59 5 33 18 54 72 72 36 66 80 52 2 57 89 95 22 8 77 75 77 10 1 74 74 5 77 30 64 90 75 25 41 26 91 95 56 6 42 18 96 69 51 71 27 66 13 16 14 56 49 47 7 31 21 26 64 20 94 83 72 89 40 87 42 34 22 65 26 81 84 53 99 99 40 10 6 38 97 21 91 42 27 30 66 86 3 63 88 51 91 88 69 32 27 20 66 43 92 74 74 90 65 96 24 29 51 85 89 29 4 9 58 39 46 98 86 33 
14 44 77 13 35 31 95 62 65 42 29 44 53 63 61 99 98 88 65 68 38 2 29 53 73 15 8 46 27 73 66 72 23 9 73 15 91 93 10 18 10 52 50 11 36 40 31 75 11 92 77 60 10 30 99 26 86 80 70 51 84 28 1 28 97 87 19 86 38 98 87 73 75 2 21 31 71 79 67 58 9 88 52 7 25 25 7 73 51 96 55 87 14 43 92 73 45 56 91 98 21 75 12 74 52 89 5 17 83 32 58 61 76 80 63 50 26 64 84 10 6 54 25 12 57 49 27 64 
49 2 93 84 25 47 41 76 11 51 15 61 36 9 2 98 95 39 63 34 7 58 63 25 10 60 77 26 37 39 67 34 57 48 74 15 88 20 100 37 65 11 50 88 34 19 38 76 63 15 50 97 91 79 16 43 60 52 71 43 1 4 39 41 51 46 64 53 85 85 64 42 54 76 45 66 86 86 47 84 38 9 18 83 20 70 66 62 87 59 18 78 79 11 37 18 95 86 86 18 65 79 10 73 37 84 85 5 2 99 28 6 28 62 41 5 99 53 70 59 94 3 79 33 77 48 56 10 
79 6 96 8 30 65 1 25 39 77 76 94 28 31 31 10 59 7 77 5 87 37 65 22 39 20 95 98 82 13 84 36 87 93 24 49 86 77 25 91 11 25 77 43 77 16 95 63 59 63 93 13 26 26 67 25 20 61 82 1 59 38 74 5 91 87 23 24 29 94 55 42 3 23 54 78 82 4 92 55 70 78 67 70 89 86 31 52 9 38 95 22 80 79 88 81 95 85 88 97 9 4 74 1 16 40 5 46 58 42 62 36 93 10 55 18 61 20 88 43 27 81 78 44 68 35 56 4 
46 34 30 45 33 93 92 70 32 84 33 14 9 97 59 35 37 93 25 70 74 17 43 23 73 20 8 34 65 69 58 66 26 80 57 51 77 86 76 85 68 75 52 54 70 43 43 67 30 59 48 10 58 43 73 85 48 89 52 41 14 41 86 75 2 65 67 1 55 34 64 92 31 75 69 96 64 2 1 4 18 57 97 55 28 47 23 84 79 95 85 5 6 64 48 56 88 74 9 34 50 19 49 40 78 53 6 47 47 57 96 6 65 9 3 10 22 24 76 33 69 5 51 63 32 36 13 2 
94 86 55 56 86 68 8 2 84 8 53 64 64 63 52 81 91 45 34 17 62 3 37 56 26 46 20 51 10 55 5 13 2 94 51 52 49 32 54 99 6 26 87 63 65 99 56 7 97 16 7 62 63 32 63 92 38 86 98 94 3 52 78 68 98 84 87 97 57 47 76 45 83 87 40 22 77 7 41 37 93 14 9 18 78 36 26 2 4 16 23 61 20 24 81 29 28 29 91 76 45 6 54 54 32 99 99 90 33 1 4 44 58 54 36 88 95 78 42 8 80 15 10 92 47 56 27 63 
24 64 26 75 88 57 63 86 95 74 47 29 5 28 29 14 24 68 48 49 73 68 66 97 52 95 60 86 24 90 84 98 84 22 71 98 4 6 76 76 67 98 22 32 85 58 27 62 50 46 66 17 76 51 46 93 58 66 30 92 84 55 66 56 81 85 91 43 68 46 61 35 53 42 95 50 31 20 38 12 49 9 95 58 24 32 49 85 9 10 6 39 36 97 28 37 42 12 30 3 47 95 7 83 19 14 79 22 36 6 52 82 96 48 37 60 65 57 87 92 22 20 55 2 34 55 70 81 
15 43 57 24 22 68 50 13 4 60 41 13 70 10 92 84 95 68 84 48 64 23 10 56 34 6 46 44 58 76 69 78 100 29 24 50 12 23 68 68 22 82 97 98 88 64 26 15 100 2 9 23 2 20 2 62 93 58 99 62 9 65 55 64 59 41 5 73 6 54 87 53 64 76 95 84 8 29 81 79 71 20 5 16 64 30 82 65 89 60 64 27 96 92 96 51 7 66 38 79 80 30 12 14 53 71 85 88 84 84 69 33 32 14 9 71 2 5 83 93 54 74 4 8 42 85 82 98 
35 90 48 36 94 1 35 97 92 38 77 95 2 12 28 94 2 9 42 59 34 71 89 97 45 78 69 12 25 82 95 58 99 77 57 10 30 36 42 44 41 64 74 82 8 25 100 38 95 26 32 50 87 22 34 100 4 76 94 61 53 1 20 68 97 73 50 41 83 34 47 14 89 11 43 13 97 87 49 64 19 89 56 83 11 95 68 92 33 16 21 54 11 54 16 20 49 100 87 11 2 4 14 86 30 66 20 70 58 79 40 59 13 9 23 71 8 76 6 43 96 42 37 12 78 57 91 32 
48 48 20 32 78 89 64 91 60 59 35 16 64 80 19 14 25 40 13 28 96 66 55 13 72 87 8 97 27 55 69 40 49 29 49 87 97 85 59 73 81 11 76 15 97 39 27 99 1 28 14 9 46 68 40 46 5 64 85 34 84 22 83 8 3 43 61 71 30 18 56 20 39 31 75 37 30 97 38 29 82 14 80 73 100 38 38 54 47 28 47 49 11 6 97 92 76 16 72 80 43 18 88 91 8 87 6 13 18 5 84 26 34 65 73 1 4 57 69 45 70 14 15 61 32 49 10 2 
33 81 72 40 29 24 28 14 38 8 29 42 32 86 46 18 10 24 76 4 12 86 25 10 73 36 64 66 88 89 71 46 3 74 87 58 71 34 10 46 61 19 25 21 98 11 74 51 32 42 44 6 42 34 11 89 58 16 20 5 93 76 94 38 62 11 86 68 17 17 65 87 55 75 18 24 96 81 100 34 61 63 65 77 56 93 69 79 11 10 35 13 10 60 32 17 85 35 96 26 17 98 71 20 63 47 27 34 76 27 72 14 25 26 78 22 59 35 89 60 86 79 41 91 98 79 23 83 
72 79 61 65 68 91 81 6 45 9 68 91 39 40 100 28 13 51 7 53 77 64 4 72 97 15 71 79 76 28 81 75 69 10 16 33 95 54 73 14 100 4 28 77 41 65 11 20 57 69 11 27 46 70 57 80 23 79 88 97 96 100 40 86 24 11 41 58 53 100 31 96 3 8 14 73 18 78 53 88 95 43 81 61 85 31 54 58 24 91 82 94 89 4 56 44 78 38 11 21 19 71 83 62 24 3 44 37 82 98 64 76 63 63 82 94 57 1 27 54 87 56 37 98 91 57 52 17 
28 87 77 100 70 49 89 6 25 85 2 24 20 61 70 17 78 56 96 14 76 12 71 93 8 7 56 12 60 41 97 83 33 43 46 83 71 43 13 89 79 52 90 75 44 15 86 36 62 92 92 86 28 38 31 21 86 18 74 82 24 35 55 36 68 66 57 92 19 30 37 16 39 38 55 9 22 10 33 88 14 13 66 11 95 77 57 18 66 3 33 21 40 77 59 77 25 3 78 98 90 56 21 91 82 41 49 93 12 37 55 97 81 22 3 76 90 10 84 82 21 41 67 25 35 16 89 75 
73 17 97 12 24 98 51 93 10 81 19 15 55 59 87 49 22 74 77 55 1 71 20 70 27 57 29 64 65 28 2 1 83 67 64 12 8 25 60 55 18 76 26 88 31 91 41 42 91 19 42 33 54 36 98 12 20 37 68 79 85 84 25 28 45 65 65 39 80 83 72 98 54 20 72 22 57 31 37 25 26 81 43 83 50 94 29 34 29 2 61 7 27 99 64 71 32 95 80 70 62 20 44 32 16 85 1 33 66 49 70 56 12 76 85 68 2 20 29 37 85 75 9 53 58 57 87 38 
14 64 79 16 43 25 40 24 13 90 35 30 56 14 55 81 78 11 16 70 54 83 84 98 66 55 33 41 59 41 23 15 9 56 2 88 26 55 75 64 6 76 20 36 44 46 89 95 84 81 63 31 20 24 39 59 75 4 60 20 72 15 40 56 88 76 76 65 23 30 89 46 3 48 5 22 93 56 10 21 88 17 28 65 46 38 49 83 24 54 86 44 17 38 44 30 9 45 19 20 82 36 22 41 22 68 86 66 21 93 61 46 85 34 87 56 9 51 61 28 64 9 92 31 68 57 27 85 
84 55 73 3 21 54 69 91 40 40 75 79 44 95 61 37 29 49 50 48 83 1 31 32 72 13 94 50 48 43 3 73 17 64 26 94 8 52 55 56 4 5 68 64 18 53 87 83 83 2 62 76 15 25 84 27 91 72 85 98 74 55 30 83 12 38 11 87 82 77 91 41 48 14 82 72 29 34 48 26 69 91 5 30 39 84 18 79 9 28 61 39 59 69 79 25 68 95 73 76 18 72 54 1 53 54 86 7 91 74 92 69 67 81 79 90 33 90 24 77 83 94 97 26 40 17 16 61 
20 52 2 28 46 4 24 12 63 54 86 20 77 34 29 82 2 4 61 47 68 53 6 47 50 20 64 32 55 77 30 66 76 92 86 59 7 41 71 12 14 1 43 3 98 26 96 13 68 82 74 77 63 11 44 80 22 97 12 75 73 4 91 21 59 23 92 30 83 58 76 62 2 100 66 25 98 40 48 93 28 3 3 65 67 81 98 1 26 93 50 12 85 13 76 78 20 98 6 31 3 45 38 75 94 62 85 73 27 90 85 63 62 46 33 60 79 32 98 83 64 52 9 74 43 7 64 16 
24 24 18 23 21 44 51 81 78 45 34 21 64 14 44 64 30 98 73 14 98 28 27 95 30 21 98 19 83 99 4 19 58 94 43 80 36 62 8 78 77 87 53 8 28 11 22 52 21 91 96 46 89 9 53 87 87 48 4 26 37 81 35 30 74 64 54 36 51 50 34 36 38 42 10 33 4 40 21 54 72 1 78 64 15 20 18 81 74 60 79 2 85 37 11 78 94 3 25 20 10 21 92 77 61 82 32 39 100 41 8 77 25 71 18 67 20 85 67 84 85 84 61 83 95 87 45 67 
10 12 65 23 66 59 21 26 32 62 18 26 95 7 15 74 68 22 39 96 34 49 48 3 13 55 18 31 43 28 24 64 24 94 65 7 39 28 85 67 81 41 2 39 100 76 29 37 12 99 46 77 47 10 84 56 59 7 22 39 30 100 83 87 82 26 27 71 6 22 41 77 94 80 4 85 99 77 15 3 52 89 4 72 49 16 37 76 83 43 76 50 30 65 76 51 46 2 100 71 24 11 99 2 32 58 38 11 15 31 5 24 43 27 67 36 82 75 51 2 38 61 89 64 1 56 9 9 
81 49 58 88 99 81 9 28 1 70 94 92 73 29 85 31 31 74 55 52 30 99 27 10 57 64 75 4 89 74 31 87 33 52 8 7 43 92 69 98 81 30 2 22 4 32 28 22 1 80 25 96 57 49 66 52 36 85 97 47 100 83 95 49 73 94 100 32 70 92 43 96 93 4 100 34 70 52 87 33 86 38 22 49 52 31 5 50 19 62 33 8 73 6 92 33 81 14 36 82 49 96 44 21 1 87 72 7 82 63 1 16 68 43 77 49 26 86 34 38 52 41 82 57 24 13 18 59 
23 61 97 59 44 89 46 44 77 33 62 10 35 9 80 70 28 26 5 33 64 69 31 28 10 36 62 38 10 45 51 27 40 42 50 55 71 53 5 85 92 95 41 89 81 3 37 82 73 21 33 19 66 39 4 81 98 63 96 45 4 51 78 84 31 58 4 9 54 35 19 28 9 60 84 42 18 96 42 79 55 31 61 93 10 91 80 81 72 84 85 2 36 83 66 17 60 78 59 5 62 51 53 50 27 47 31 15 90 77 23 52 82 57 49 24 48 35 55 14 41 81 10 78 61 52 31 74 
54 35 97 5 54 32 56 23 17 4 41 20 94 1 29 9 57 37 50 28 44 93 79 35 45 69 72 13 77 96 78 32 49 10 5 5 6 20 86 82 57 88 60 88 89 64 64 91 37 100 61 14 72 57 93 97 67 21 59 65 24 42 7 58 98 50 76 9 47 11 85 91 37 68 47 60 34 19 27 68 99 11 83 3 27 30 79 79 2 70 83 7 1 76 57 58 88 52 55 26 36 2 36 77 32 24 41 43 100 100 56 45 64 72 99 4 28 44 41 23 64 6 10 73 49 40 1 35 
92 41 63 11 21 44 49 57 37 100 42 20 73 1 77 45 16 63 78 97 66 64 94 5 9 22 6 99 81 85 31 67 86 30 67 95 82 2 14 74 24 64 8 98 80 35 99 68 56 79 83 6 87 60 23 55 92 72 89 28 40 79 20 95 69 58 9 89 96 75 30 50 67 99 86 54 37 79 11 32 19 66 46 43 58 90 42 49 3 8 49 14 55 61 34 53 52 10 50 10 65 25 53 57 74 9 92 2 58 97 92 78 44 25 11 96 52 54 74 88 86 8 23 17 63 35 45 73 
27 13 7 8 86 34 97 74 15 25 23 60 18 83 49 4 81 67 67 88 67 3 52 97 12 22 13 73 68 78 1 27 52 8 40 57 94 47 87 59 41 89 96 18 79 54 55 46 66 76 69 99 33 67 92 37 56 24 100 46 61 81 92 20 42 92 11 66 28 32 21 35 25 90 37 90 7 72 48 16 21 18 72 62 93 49 21 20 43 71 31 90 4 37 36 16 24 96 85 54 67 86 62 80 42 89 26 63 39 38 40 90 8 56 46 17 51 2 69 82 67 91 91 73 17 73 56 85 
89 38 60 16 48 59 17 47 24 70 83 50 64 50 96 87 82 45 93 99 46 37 66 78 78 87 55 35 99 7 58 30 44 45 66 34 74 4 74 42 77 65 17 22 78 79 55 10 22 71 75 71 90 16 41 80 31 73 65 27 29 85 29 87 23 22 26 98 1 39 92 78 31 11 98 83 40 26 95 31 71 11 41 8 19 25 61 82 97 41 9 80 25 77 3 13 52 59 2 80 96 42 26 40 22 74 31 97 65 45 76 19 46 12 75 13 2 51 11 55 30 18 77 36 93 76 65 91 
74 78 73 96 45 7 30 78 8 34 87 70 99 62 52 94 74 96 55 23 80 79 40 73 57 69 14 69 3 28 78 57 44 19 85 93 15 61 87 97 30 91 65 18 7 56 91 26 36 64 89 20 60 52 44 71 63 9 11 35 13 26 82 70 64 60 18 18 89 37 57 40 34 22 21 57 78 7 81 39 92 69 47 91 74 8 15 76 45 89 66 14 55 54 46 95 36 6 33 61 38 51 29 30 31 15 75 29 30 59 37 60 98 1 5 21 45 60 54 35 94 98 19 32 25 46 100 13 
75 12 13 98 20 50 72 4 59 46 73 82 67 29 44 11 66 72 63 58 47 82 25 34 52 77 70 13 46 51 99 40 81 52 47 86 93 92 47 18 10 92 90 4 81 47 78 78 70 97 88 16 23 36 92 6 72 84 77 75 80 68 91 49 99 26 10 32 8 33 68 53 38 54 79 2 66 85 70 70 58 39 3 6 59 50 32 96 38 1 6 92 17 78 62 22 13 1 51 5 26 69 74 19 72 78 57 30 17 77 42 58 22 61 15 34 27 54 79 81 69 30 7 62 56 79 73 59 
43 28 5 20 65 45 92 27 72 37 95 26 11 32 6 69 5 24 32 80 65 95 39 8 18 42 11 63 55 41 50 15 13 40 42 11 66 81 21 86 73 93 92 58 14 77 47 2 69 79 70 50 44 100 22 90 98 63 51 39 3 98 22 84 80 76 68 25 79 73 72 35 34 45 97 91 1 65 81 67 77 59 67 29 97 69 34 94 100 29 58 72 65 49 95 29 37 10 61 38 77 69 18 83 64 3 45 1 84 87 15 68 37 66 19 30 93 54 93 56 72 20 26 20 58 64 69 38 
31 76 59 15 68 68 80 12 68 70 68 21 41 65 11 81 40 62 6 84 98 78 18 34 94 5 56 81 9 21 85 37 21 28 19 65 99 87 57 19 13 62 15 14 90 3 31 75 75 98 26 98 97 28 33 49 91 99 95 47 86 96 6 31 77 90 2 69 26 31 45 76 51 57 94 21 91 18 25 25 56 60 90 78 40 76 18 10 19 14 66 12 51 97 73 65 6 94 65 45 23 79 57 77 51 16 49 46 7 10 26 66 36 40 77 51 68 95 38 2 5 28 37 36 89 20 96 83 
80 2 19 65 97 99 7 24 11 84 100 34 46 56 95 40 100 71 80 2 21 82 72 22 79 90 79 97 35 4 64 47 61 2 54 30 7 53 56 66 11 74 60 35 31 49 31 99 50 31 93 91 99 94 91 54 1 92 26 41 44 10 33 34 12 55 26 9 30 94 40 73 90 46 48 21 24 84 2 72 74 45 57 93 94 17 1 12 6 70 21 40 79 75 14 37 58 79 49 89 57 16 22 80 67 71 93 99 1 91 93 62 11 81 85 48 99 91 92 4 65 29 64 1 36 75 63 80 
83 46 96 62 50 48 60 41 67 51 34 40 25 58 29 69 43 8 18 59 53 74 51 13 84 85 63 74 39 11 1 68 41 90 57 27 48 98 56 53 79 52 66 33 77 76 45 25 24 22 19 69 30 21 89 68 11 39 64 37 35 21 61 91 73 68 56 60 61 15 13 30 76 33 62 22 66 96 38 35 17 12 1 80 77 83 5 58 11 90 92 85 76 76 31 88 91 42 99 94 34 55 15 54 83 16 15 86 58 38 55 2 63 7 72 71 73 35 59 39 81 52 43 5 47 93 47 29 
87 77 54 98 49 70 80 32 29 23 32 72 50 32 76 18 45 75 16 5 73 16 24 83 78 10 98 7 76 29 88 75 62 89 95 94 81 53 39 48 79 56 80 56 77 86 30 65 3 45 15 100 25 61 23 2 40 67 66 63 56 89 47 92 64 83 19 70 86 52 47 76 6 69 50 66 43 68 28 13 69 74 95 37 35 9 3 71 31 31 49 78 13 31 91 36 39 100 31 20 55 15 73 38 53 14 62 10 96 44 67 79 97 72 14 64 8 79 10 58 72 73 99 67 64 19 61 27 
3 38 87 8 57 25 66 21 76 50 27 95 83 89 65 69 42 30 76 19 52 52 6 51 55 57 20 29 65 51 48 99 16 68 86 3 72 62 65 55 30 29 79 56 24 60 42 64 78 44 13 5 40 52 34 35 11 77 49 73 77 51 78 2 85 82 53 96 4 95 78 42 10 22 7 68 69 69 58 49 22 34 6 65 42 9 1 2 44 21 90 69 92 40 3 81 59 75 42 51 69 90 32 47 5 50 12 78 81 86 64 81 59 11 87 87 19 93 15 45 45 94 94 57 59 10 98 1 
81 81 82 71 88 18 69 14 56 4 65 24 50 39 46 37 69 52 95 62 56 98 32 10 27 6 40 54 72 48 77 69 53 26 90 35 55 21 78 25 36 43 40 86 20 97 79 17 73 15 45 34 79 50 88 25 96 70 50 90 93 20 97 29 69 75 56 82 43 13 28 24 82 52 28 73 6 22 37 22 8 29 87 92 77 7 49 17 98 14 20 99 99 87 53 10 71 52 47 65 39 27 35 83 76 57 74 62 73 80 11 94 45 89 95 23 73 96 4 29 15 49 59 91 56 55 88 88 
83 58 2 42 94 34 29 3 97 17 7 28 37 33 35 81 28 3 74 80 45 46 51 62 5 27 58 100 94 7 27 30 71 54 44 45 32 23 10 49 26 84 79 79 44 12 45 77 23 98 38 64 34 7 83 9 80 64 10 36 66 12 91 98 87 4 53 95 100 66 89 3 46 94 29 37 44 52 2 41 46 53 30 44 17 50 91 46 71 68 99 89 40 52 41 44 6 69 51 19 79 98 61 57 19 25 65 72 2 86 36 69 9 7 97 59 79 5 92 61 38 44 90 76 71 6 23 74 
12 79 66 66 55 35 59 85 69 95 27 35 6 21 81 46 4 5 88 95 40 63 87 49 6 63 68 11 65 1 84 32 13 62 46 69 68 15 43 80 73 85 10 95 22 45 74 83 80 16 20 54 83 37 12 45 20 73 48 27 68 91 90 15 83 48 87 70 75 96 50 86 58 39 78 41 55 28 45 86 73 85 82 55 93 2 38 85 54 39 30 63 63 36 55 63 1 89 5 61 75 93 12 94 35 38 84 43 77 24 47 93 45 89 16 67 14 2 10 80 46 68 22 22 42 11 6 81 
2 41 37 45 98 23 69 100 77 60 23 81 91 40 77 76 2 13 51 72 93 19 39 18 10 61 93 16 32 80 43 1 84 66 51 99 96 86 65 93 28 65 34 79 78 54 46 47 14 5 55 98 24 12 21 98 51 34 64 53 2 12 88 44 57 49 26 77 63 62 83 72 40 89 12 21 40 17 24 10 22 51 74 16 59 37 100 12 65 98 78 40 78 68 87 66 18 80 37 74 45 48 93 68 15 48 42 64 19 96 55 36 98 78 64 94 92 14 38 19 51 18 60 59 100 83 50 32 
97 95 82 9 54 82 64 16 9 20 9 52 73 10 84 52 54 35 4 70 51 52 1 72 46 83 46 34 93 64 14 86 60 100 69 83 30 4 54 33 42 81 49 55 55 82 81 50 60 56 12 37 84 51 80 22 86 22 22 11 41 90 13 67 54 20 18 59 51 12 91 46 79 11 53 49 29 61 5 64 73 11 4 26 32 74 27 85 94 32 20 91 57 77 11 4 48 48 11 35 95 96 14 69 86 62 13 18 46 31 19 62 55 24 98 50 13 84 90 24 82 12 40 17 1 35 58 22 
19 5 79 26 91 60 76 59 58 38 97 11 86 90 65 10 62 87 56 28 40 37 61 25 90 97 54 50 56 50 59 13 61 43 23 85 30 2 56 96 65 25 61 100 98 54 24 78 93 59 10 87 18 32 99 33 20 4 49 49 85 16 84 35 64 56 59 23 9 98 36 59 13 76 16 42 50 4 73 17 62 79 78 7 89 65 40 9 68 86 34 53 32 65 57 3 39 33 49 76 82 29 24 79 13 69 9 61 12 66 28 4 84 11 9 10 83 67 46 83 93 25 23 44 91 33 1 94 
10 66 24 47 51 6 21 89 84 20 2 83 9 30 95 90 17 57 48 79 11 84 50 42 16 58 50 28 62 10 70 2 88 10 43 37 95 83 70 19 2 33 46 17 25 84 22 74 24 85 33 2 51 14 73 61 78 65 14 26 49 58 23 77 7 46 39 79 3 71 43 83 43 48 67 2 20 24 20 19 3 70 82 22 69 16 62 85 78 11 47 89 63 11 8 12 43 84 48 4 20 87 53 39 5 18 67 83 25 36 94 55 63 13 41 30 69 65 62 76 91 48 10 68 72 34 36 2 
36 86 18 47 60 28 60 100 98 39 97 57 99 37 72 17 80 27 27 5 93 9 42 1 65 26 93 65 96 27 94 65 96 25 86 41 14 45 91 46 40 56 10 8 58 80 39 79 58 96 93 84 59 10 14 15 57 88 22 29 52 29 81 13 23 68 89 22 95 88 70 78 45 35 81 44 1 28 29 40 8 85 35 36 70 9 72 73 60 52 81 21 8 92 35 85 17 6 60 87 98 52 58 50 10 23 56 9 49 56 60 34 21 14 30 54 64 36 2 82 28 29 85 84 7 90 80 78 
12 94 48 58 78 83 43 93 10 90 37 4 19 82 20 33 41 46 65 51 47 81 3 9 17 56 58 24 93 13 11 94 79 89 38 1 85 69 61 17 53 85 9 35 92 41 60 20 45 79 62 85 31 91 61 92 99 32 1 59 37 45 66 33 21 41 22 92 74 2 32 90 86 73 90 91 58 85 81 100 80 65 63 17 22 5 1 94 57 30 90 64 33 39 85 2 37 2 32 71 39 31 92 27 42 17 1 27 15 72 47 2 26 79 100 57 5 11 33 60 13 69 90 35 8 46 21 100 
21 86 50 94 64 71 67 79 60 28 67 84 8 33 2 21 71 71 27 81 33 55 45 81 29 19 78 94 27 66 37 80 89 4 37 14 81 50 83 98 3 14 1 50 83 80 22 91 18 48 59 47 28 21 18 37 96 9 68 57 39 91 59 77 81 39 58 17 21 97 40 100 97 28 88 99 44 1 12 93 34 43 52 27 19 96 88 65 20 46 53 56 31 33 52 82 62 85 82 6 52 12 23 96 62 5 54 11 44 13 42 51 90 3 8 6 41 90 49 27 45 37 29 68 8 8 89 28 
98 57 61 68 18 74 74 75 17 32 1 29 41 59 29 1 91 37 49 57 87 52 2 33 34 94 67 73 38 56 82 42 67 82 58 58 68 4 81 7 89 47 26 93 91 61 68 13 15 21 55 99 93 18 12 5 62 32 14 91 23 11 27 75 43 86 16 92 8 99 24 78 67 1 30 12 43 25 69 56 21 14 38 98 58 43 2 15 23 53 67 32 52 64 70 66 85 95 52 42 13 62 52 92 35 32 65 32 3 37 17 85 95 31 37 79 56 48 90 27 5 7 73 42 10 1 53 6 
52 51 70 12 47 85 32 50 71 93 96 95 81 90 45 14 94 24 39 26 44 85 30 71 75 82 66 83 61 70 70 35 69 22 94 38 15 14 63 31 88 66 24 61 100 34 24 63 53 72 36 57 68 26 6 18 26 76 44 77 58 41 67 16 48 66 91 69 22 6 76 42 12 21 89 63 24 46 27 37 57 9 82 25 12 47 78 57 33 21 82 11 20 75 70 27 13 53 81 83 93 77 89 47 49 37 8 45 78 26 33 18 67 8 66 77 27 54 93 23 67 72 12 37 3 1 56 87 
74 4 42 88 98 44 84 63 97 84 41 49 12 23 46 61 16 1 47 11 88 40 30 46 95 7 39 48 60 91 75 56 87 67 41 64 28 54 45 81 84 70 47 7 62 26 11 39 63 52 4 79 1 48 13 15 30 47 90 15 49 73 28 44 82 34 6 61 25 77 100 34 66 28 6 90 69 75 93 45 52 80 84 21 62 12 45 55 64 1 44 30 58 62 13 29 53 89 72 39 7 32 51 25 5 94 35 91 16 70 3 82 22 5 5 60 16 91 14 84 85 25 97 53 19 33 23 97 
62 14 5 15 51 19 43 39 62 19 31 52 65 10 14 3 73 57 82 39 58 89 96 98 7 96 96 93 32 48 81 14 56 38 92 86 32 44 33 42 78 23 100 98 44 93 79 22 95 97 78 48 78 11 8 78 4 82 84 31 24 77 62 75 69 93 12 96 57 54 21 57 72 34 23 23 47 59 18 39 49 6 32 34 5 55 48 84 73 1 8 90 55 97 90 78 93 73 45 77 80 82 25 27 82 98 65 9 43 13 60 69 95 87 1 41 44 89 63 42 34 70 6 50 17 39 47 99 
32 72 24 60 71 68 38 60 63 35 75 78 12 98 25 22 99 52 26 20 50 14 2 83 65 61 75 61 83 53 22 76 44 83 37 63 96 77 80 37 35 21 76 84 86 39 31 29 10 92 67 32 22 77 100 76 22 19 69 50 35 38 27 46 89 59 89 47 72 54 19 13 29 4 11 99 58 89 88 87 29 89 48 70 43 33 62 15 29 88 47 39 34 84 5 98 24 40 12 30 77 3 93 61 60 76 65 10 91 30 56 71 96 86 40 88 98 69 72 69 53 100 97 36 74 73 32 94 
92 6 24 10 48 79 65 16 77 5 66 23 45 13 100 82 68 56 35 18 89 17 54 49 58 87 41 53 46 59 47 1 39 18 94 96 19 97 33 58 52 14 83 93 17 76 92 53 9 27 56 29 75 6 85 60 88 53 47 90 21 79 48 67 18 73 73 9 26 99 30 73 25 85 93 37 87 59 63 42 66 78 89 83 92 25 42 35 36 99 78 33 95 50 33 62 71 89 60 35 94 97 23 63 47 19 46 79 33 20 95 45 64 24 27 16 83 71 6 37 50 94 4 45 85 52 71 36 
95 69 99 31 21 33 41 94 100 60 6 21 38 59 22 64 5 55 92 31 8 53 27 12 83 52 75 14 79 75 70 42 2 43 49 80 72 30 11 11 13 80 93 40 15 60 20 29 34 61 24 55 84 48 22 79 97 24 31 86 93 58 80 24 5 54 15 35 75 24 63 29 65 55 11 48 99 23 27 8 70 30 100 44 9 91 49 98 33 83 36 3 52 49 15 100 20 67 57 11 80 10 10 19 27 96 97 65 86 52 28 16 73 7 27 82 99 31 66 58 12 84 40 37 1 53 49 42 
76 58 36 37 90 35 81 31 54 99 15 97 82 28 54 52 17 34 48 91 74 73 73 87 49 83 55 19 24 37 77 14 69 64 11 69 88 69 95 39 50 11 71 93 63 23 64 89 26 79 46 31 31 84 57 23 90 88 31 78 29 51 99 40 43 52 15 19 86 94 66 51 62 80 44 5 29 94 16 66 44 65 28 13 42 24 22 94 17 55 32 86 97 6 61 11 98 45 91 82 86 55 58 89 62 32 25 62 27 59 87 96 3 17 41 72 49 82 62 41 85 64 9 36 55 88 49 8 
21 62 99 97 85 8 57 31 17 90 16 6 71 48 49 94 78 48 97 40 63 87 63 30 36 54 26 73 57 83 32 83 81 39 93 62 40 71 100 69 67 4 15 82 30 45 21 96 30 57 66 29 78 45 37 53 20 52 39 9 47 78 31 13 74 60 90 87 90 70 33 7 62 100 55 15 76 52 10 22 66 63 57 91 26 69 34 90 7 42 96 30 16 39 62 71 70 58 45 11 31 12 46 67 62 100 95 38 56 81 62 92 29 61 50 35 9 70 59 34 41 3 71 69 67 17 73 93 
88 36 35 61 66 50 88 4 93 83 60 56 56 95 80 1 44 9 27 10 13 76 100 37 15 74 64 52 92 55 74 53 27 81 21 35 92 63 26 53 90 65 75 62 36 88 6 46 70 10 92 91 10 91 6 47 5 18 11 41 79 53 23 52 81 14 31 91 27 57 83 84 30 86 64 34 79 53 96 6 22 68 89 89 82 13 18 19 59 43 87 77 84 13 15 73 25 3 36 7 42 19 15 59 11 20 76 25 53 19 48 86 25 75 4 20 42 18 26 36 60 74 32 71 30 79 93 32 
63 29 41 56 38 50 18 21 32 79 10 74 53 78 24 3 1 99 60 93 97 46 61 23 54 83 26 69 86 22 14 77 60 33 10 13 5 7 17 98 36 12 96 37 86 13 64 70 30 28 47 48 33 77 76 69 25 3 94 29 56 70 19 95 59 8 45 66 66 6 68 1 17 18 98 73 31 98 8 92 27 31 72 84 81 85 56 67 23 40 89 91 88 20 49 19 89 28 22 94 8 90 32 61 26 40 8 46 17 45 86 56 63 86 42 72 58 22 48 43 62 32 86 51 94 2 93 71 
81 96 67 18 83 70 84 88 38 34 56 17 46 30 49 44 30 85 19 92 58 43 7 83 43 52 76 68 65 4 32 90 83 72 34 59 49 92 39 29 4 73 52 5 46 24 42 30 14 13 65 28 92 6 45 16 62 32 3 34 41 42 85 74 31 25 9 11 41 73 59 92 42 57 93 99 22 12 97 60 71 24 67 100 73 47 34 13 71 28 63 67 93 68 89 81 72 86 96 92 90 35 27 8 29 14 28 89 21 95 65 64 12 47 49 90 99 55 25 51 77 49 75 34 4 11 47 2 
17 20 59 100 52 5 63 9 23 27 65 82 15 4 70 71 5 28 93 3 66 10 55 68 74 22 53 37 20 32 10 33 40 84 71 75 21 60 44 97 44 14 26 74 85 28 56 68 89 75 80 79 53 18 10 71 16 45 83 4 23 69 6 59 60 31 64 1 20 11 99 90 50 86 2 52 67 28 50 59 56 53 3 46 52 73 78 54 7 7 93 83 52 66 80 35 88 36 5 10 2 74 25 97 8 68 94 32 56 98 78 49 30 92 72 97 45 2 78 68 48 77 100 51 86 86 25 36 
92 93 87 75 60 44 7 68 31 50 38 41 56 37 67 19 21 74 1 76 45 85 93 61 49 79 6 17 19 30 79 88 78 73 63 18 22 45 45 57 11 18 72 4 89 25 75 2 53 9 88 40 94 85 53 45 73 72 1 85 64 84 7 46 52 84 69 5 96 2 29 53 86 72 81 96 26 48 22 60 52 18 45 46 59 74 74 26 77 41 16 67 15 24 33 72 86 72 56 44 39 20 93 54 31 87 73 27 16 15 79 65 34 78 1 76 81 70 57 37 69 11 48 32 87 98 74 80 
38 56 77 43 66 98 11 91 51 17 10 54 23 51 65 24 86 87 33 12 50 97 92 85 99 33 62 79 36 90 2 88 55 62 72 31 27 75 47 78 61 34 67 65 2 99 49 2 78 16 62 89 94 82 2 76 54 39 19 93 87 2 79 1 66 55 42 99 86 20 19 72 96 7 8 77 6 71 73 75 91 79 45 79 3 18 4 85 26 54 32 72 6 89 7 18 4 3 95 90 71 19 69 29 96 27 24 68 50 89 71 80 25 60 11 12 36 52 63 85 49 36 40 70 33 100 59 65 
13 3 46 46 14 69 87 45 79 37 71 83 75 62 34 32 69 91 17 87 87 20 75 31 36 93 35 72 83 95 25 85 6 17 86 31 49 73 58 1 10 12 22 71 53 73 63 1 75 44 12 47 1 34 41 40 45 10 40 63 22 54 5 26 5 8 88 30 60 70 54 19 73 35 44 83 34 37 87 47 45 50 38 46 49 21 21 95 60 22 87 73 72 79 89 54 76 5 95 85 76 13 16 43 27 16 86 25 70 68 59 17 63 12 54 48 79 34 95 97 69 41 70 83 71 58 64 39 
4 57 33 64 63 40 64 1 36 28 45 31 88 41 51 19 49 86 65 36 100 4 53 56 72 32 86 63 53 1 70 77 11 46 52 99 61 100 65 23 68 93 95 74 9 94 11 5 21 49 15 99 70 81 8 49 8 13 16 15 54 65 31 32 10 91 9 55 43 94 38 78 94 28 13 52 17 2 72 70 98 92 7 87 43 63 35 53 23 36 51 83 23 40 45 51 6 45 69 98 79 84 95 30 85 70 70 71 71 46 1 94 16 50 91 86 30 16 76 59 8 42 67 55 15 41 38 90 
31 41 61 93 47 9 79 32 71 47 68 98 98 93 5 98 45 64 50 47 62 42 51 81 65 62 68 13 28 51 97 8 79 25 29 13 6 83 40 45 3 28 23 18 68 84 90 96 65 3 18 31 9 61 49 21 37 62 96 28 62 98 49 74 45 36 51 78 79 5 54 6 71 77 15 2 18 59 26 44 28 98 94 28 81 47 77 52 83 8 31 53 17 3 42 65 48 45 13 11 33 85 61 28 83 36 75 10 41 31 38 47 37 76 6 18 100 86 90 76 79 26 92 56 38 46 84 9 
89 94 7 5 17 57 77 84 36 19 52 13 91 24 19 59 91 87 32 51 81 16 23 22 83 12 52 6 3 76 75 83 33 13 96 85 84 19 47 47 52 62 90 63 95 67 44 15 68 22 62 85 58 18 60 14 86 76 25 53 72 83 61 35 65 1 16 4 98 54 66 17 97 25 39 55 27 45 48 97 46 90 98 91 36 15 74 62 81 60 54 90 92 27 50 24 42 90 94 58 82 59 60 87 49 21 39 60 31 67 40 42 5 67 68 67 74 38 28 71 73 80 83 59 28 99 92 85 
18 44 72 74 74 73 22 30 74 36 59 82 5 6 32 91 59 39 42 70 35 38 58 98 73 38 79 78 31 36 15 2 23 37 42 98 32 2 58 48 17 82 48 7 6 89 97 45 32 38 74 39 88 45 27 32 4 92 32 12 99 99 16 80 34 94 30 20 61 98 18 49 65 38 54 41 93 41 57 77 7 60 56 43 10 70 88 98 28 58 27 49 82 76 46 92 69 1 66 68 34 45 82 13 58 45 7 90 11 20 17 64 68 78 6 99 43 21 43 69 89 47 82 47 78 8 78 25 
86 86 40 40 39 89 57 92 9 33 84 43 23 32 27 59 71 67 26 65 59 87 27 76 85 58 92 20 48 82 21 49 52 24 27 85 12 51 49 84 32 100 39 21 13 83 69 43 62 96 23 53 96 25 22 4 7 17 69 21 66 32 1 87 93 79 4 76 33 94 83 84 47 88 75 13 53 35 50 2 29 28 8 42 87 63 78 91 37 93 48 31 97 57 24 5 7 48 65 78 70 77 86 94 94 52 9 69 75 100 58 17 10 76 68 58 84 61 59 14 29 19 8 97 80 24 56 6 
24 36 83 6 69 65 88 96 57 15 70 51 81 87 100 31 61 84 62 94 38 27 26 60 53 1 55 55 59 17 38 13 6 84 83 75 8 5 29 50 91 26 24 97 68 85 99 92 94 38 76 95 9 93 14 76 8 26 5 46 58 43 23 86 53 43 55 18 97 76 31 39 7 43 91 27 37 31 9 72 72 29 24 83 16 6 63 73 54 83 5 18 33 57 30 54 31 90 74 54 11 60 88 92 25 87 44 91 12 48 93 17 67 44 88 35 70 22 28 55 52 43 39 20 88 84 50 51 
31 14 69 27 9 93 71 91 14 59 88 28 86 40 85 13 20 83 2 74 98 53 97 41 25 8 96 82 73 100 19 41 3 78 49 38 8 74 47 44 35 89 80 24 95 10 10 56 86 47 47 75 86 42 21 74 93 64 26 70 67 64 87 37 22 69 19 69 77 63 30 82 11 65 34 80 73 90 4 11 97 71 29 64 2 63 11 88 44 61 93 49 39 40 53 82 97 83 6 82 19 47 68 55 11 86 10 30 49 46 58 48 8 13 18 1 15 78 25 81 30 78 73 33 16 7 16 57 
57 94 47 70 93 31 37 21 40 27 1 66 20 25 83 56 55 93 29 77 27 99 21 68 70 62 55 76 72 81 81 79 91 59 69 59 45 70 33 27 38 29 18 43 33 79 63 97 59 1 86 95 30 28 4 3 16 25 69 55 64 12 90 62 58 100 42 62 100 11 36 83 72 85 60 35 80 86 100 19 57 35 21 10 7 96 72 23 27 46 81 26 95 45 83 76 73 30 71 29 20 60 98 63 36 58 76 51 20 17 13 61 51 29 19 72 10 89 64 44 48 97 52 45 45 95 69 49 
2 36 44 91 69 25 16 14 73 35 95 2 77 90 88 100 76 47 41 60 11 99 70 63 100 61 67 11 24 11 23 5 47 79 72 53 28 22 72 89 84 72 95 93 23 17 69 60 58 63 12 99 58 52 28 8 7 81 94 38 63 9 6 31 1 58 28 99 81 15 18 61 65 80 34 17 67 46 77 31 37 3 88 84 17 25 98 37 66 10 46 34 7 4 50 93 50 28 24 54 57 71 6 84 11 33 5 80 30 35 48 26 84 51 42 94 54 48 4 53 85 57 98 9 48 76 43 17 
1 85 41 62 17 68 69 41 14 20 26 8 59 50 26 70 43 7 16 68 34 26 55 72 20 4 38 63 49 62 34 17 23 94 34 75 20 82 85 13 85 60 51 20 37 15 92 51 44 41 60 55 2 28 61 39 89 94 17 78 25 3 36 39 96 3 86 61 40 85 51 72 93 96 83 43 34 16 10 14 46 61 65 1 77 50 66 62 73 49 84 93 44 97 49 99 12 10 73 80 57 39 5 10 89 14 42 53 28 72 81 58 67 100 37 31 71 62 24 2 98 99 74 85 47 61 14 29 
35 21 77 85 64 18 2 68 29 33 18 88 97 40 60 65 16 42 61 54 21 8 44 40 100 50 48 99 3 78 90 63 9 61 100 57 66 58 41 73 69 26 47 89 40 39 64 48 3 35 63 23 48 24 26 74 32 54 22 76 13 37 11 78 36 46 92 94 24 83 41 93 91 16 91 61 90 33 57 69 61 71 57 93 17 83 87 74 18 81 10 85 85 22 81 18 66 45 43 45 42 22 45 38 86 31 14 7 89 42 29 57 44 56 54 73 65 7 45 55 46 88 79 39 47 79 7 7 
67 39 55 100 54 75 74 19 4 19 15 44 61 97 13 80 11 55 43 19 82 37 4 4 20 71 12 3 92 89 22 30 49 41 82 11 73 44 73 51 79 69 52 91 75 41 78 75 69 52 55 17 91 58 5 22 45 99 25 19 57 20 12 23 77 71 19 31 93 71 62 92 33 95 17 4 12 85 54 13 3 31 99 43 2 59 3 42 28 55 38 62 71 15 29 82 39 65 44 22 57 96 14 57 24 85 27 92 68 91 81 13 79 70 49 88 3 20 39 86 81 21 96 62 77 35 54 48 
12 41 3 58 58 96 44 55 76 92 50 63 47 69 88 94 41 15 85 34 27 48 21 66 11 27 99 65 69 13 41 32 46 98 17 71 3 96 72 89 16 27 38 10 47 26 78 88 87 30 22 100 68 93 73 15 52 66 42 47 55 98 37 100 20 17 25 18 85 6 80 97 24 48 40 31 11 51 43 21 17 96 10 87 87 64 23 27 80 44 66 95 65 83 39 81 66 80 25 31 32 53 56 67 86 77 11 70 55 94 86 88 88 42 28 34 95 31 43 75 85 77 5 66 66 21 84 42 
8 76 23 43 59 64 38 80 77 43 89 74 5 8 17 37 56 49 31 84 62 73 70 14 35 36 44 24 89 98 20 49 23 79 59 12 10 55 7 92 38 12 32 4 62 51 25 91 81 11 89 73 25 58 1 77 100 25 26 72 30 24 36 6 69 65 71 94 29 51 17 52 1 76 62 35 10 1 11 28 84 20 40 83 93 68 33 12 35 75 81 31 96 94 50 11 79 46 15 2 41 4 24 27 46 94 29 66 49 14 19 86 66 57 89 58 64 46 92 5 33 2 22 51 55 17 54 36 
59 96 28 21 20 83 64 64 67 97 65 81 66 50 82 10 30 75 94 71 85 54 6 67 57 100 23 50 80 62 11 72 75 85 25 25 80 37 63 30 61 64 37 22 5 95 36 38 59 42 46 45 93 36 62 5 53 48 22 90 39 96 60 3 97 40 94 47 88 18 51 4 49 76 67 71 17 100 16 9 32 22 8 74 25 64 6 53 55 16 44 7 77 42 91 21 20 20 78 41 61 18 57 68 79 25 64 96 31 73 85 84 58 88 22 9 9 52 16 41 39 48 3 83 60 74 2 22 
39 72 99 92 93 62 54 61 87 53 94 66 90 82 50 62 26 21 65 50 88 19 9 32 56 10 9 85 24 57 53 83 90 96 50 76 23 55 59 60 20 85 90 65 7 15 43 19 95 77 36 87 59 30 23 13 17 82 20 74 62 7 60 56 45 18 85 38 85 23 60 36 16 43 17 51 34 6 61 84 6 23 93 40 67 33 42 100 4 26 47 49 22 15 13 84 79 14 98 95 7 80 2 81 41 58 43 67 80 14 94 22 37 1 55 34 57 83 23 12 97 44 61 16 55 42 61 57 
58 79 49 3 63 85 78 72 64 2 91 66 95 62 29 96 46 39 44 51 17 31 89 69 83 90 98 23 65 63 83 6 35 24 41 57 58 80 28 21 47 64 75 40 95 7 72 3 74 2 28 83 91 67 95 38 98 98 55 79 70 82 19 50 24 82 81 22 6 37 88 5 9 91 23 60 67 16 20 6 90 95 81 95 64 98 13 90 80 10 2 43 84 16 55 94 42 56 3 74 29 62 53 83 12 88 25 21 57 30 19 59 14 81 71 3 15 40 22 76 25 2 50 21 26 69 44 23 
0.0 1.0 2.0 3.0 4.0 5.0 6.0 7.0 8.0 9.0 10.0 11.0 12.0 13.0 14.0 15.0 16.0 17.0 18.0 19.0 20.0 21.0 22.0 23.0 24.0 25.0 26.0 27.0 28.0 29.0 30.0 31.0 32.0 33.0 34.0 35.0 36.0 37.0 38.0 39.0 40.0 41.0 42.0 43.0 44.0 45.0 46.0 47.0 48.0 49.0 50.0 51.0 52.0 53.0 54.0 55.0 56.0 57.0 58.0 59.0 60.0 61.0 62.0 63.0 64.0 63.0 62.0 61.0 60.0 59.0 58.0 57.0 56.0 55.0 54.0 53.0 52.0 51.0 50.0 49.0 48.0 47.0 46.0 45.0 44.0 43.0 42.0 41.0 40.0 39.0 38.0 37.0 36.0 35.0 34.0 33.0 32.0 31.0 30.0 29.0 28.0 27.0 26.0 25.0 24.0 23.0 22.0 21.0 20.0 19.0 18.0 17.0 16.0 15.0 14.0 13.0 12.0 11.0 10.0 9.0 8.0 7.0 6.0 5.0 4.0 3.0 2.0 1.0 
1.0 0.0 1.0 2.0 3.0 4.0 5.0 6.0 7.0 8.0 9.0 10.0 11.0 12.0 13.0 14.0 15.0 16.0 17.0 18.0 19.0 20.0 21.0 22.0 23.0 24.0 25.0 26.0 27.0 28.0 29.0 30.0 31.0 32.0 33.0 34.0 35.0 36.0 37.0 38.0 39.0 40.0 41.0 42.0 43.0 44.0 45.0 46.0 47.0 48.0 49.0 50.0 51.0 52.0 53.0 54.0 55.0 56.0 57.0 58.0 59.0 60.0 61.0 62.0 63.0 64.0 63.0 62.0 61.0 60.0 59.0 58.0 57.0 56.0 55.0 54.0 53.0 52.0 51.0 50.0 49.0 48.0 47.0 46.0 45.0 44.0 43.0 42.0 41.0 40.0 39.0 38.0 37.0 36.0 35.0 34.0 33.0 32.0 31.0 30.0 29.0 28.0 27.0 26.0 25.0 24.0 23.0 22.0 21.0 20.0 19.0 18.0 17.0 16.0 15.0 14.0 13.0 12.0 11.0 10.0 9.0 8.0 7.0 6.0 5.0 4.0 3.0 2.0 
2.0 1.0 0.0 1.0 2.0 3.0 4.0 5.0 6.0 7.0 8.0 9.0 10.0 11.0 12.0 13.0 14.0 15.0 16.0 17.0 18.0 19.0 20.0 21.0 22.0 23.0 24.0 25.0 26.0 27.0 28.0 29.0 30.0 31.0 32.0 33.0 34.0 35.0 36.0 37.0 38.0 39.0 40.0 41.0 42.0 43.0 44.0 45.0 46.0 47.0 48.0 49.0 50.0 51.0 52.0 53.0 54.0 55.0 56.0 57.0 58.0 59.0 60.0 61.0 62.0 63.0 64.0 63.0 62.0 61.0 60.0 59.0 58.0 57.0 56.0 55.0 54.0 53.0 52.0 51.0 50.0 49.0 48.0 47.0 46.0 45.0 44.0 43.0 42.0 41.0 40.0 39.0 38.0 37.0 36.0 35.0 34.0 33.0 32.0 31.0 30.0 29.0 28.0 27.0 26.0 25.0 24.0 23.0 22.0 21.0 20.0 19.0 18.0 17.0 16.0 15.0 14.0 13.0 12.0 11.0 10.0 9.0 8.0 7.0 6.0 5.0 4.0 3.0 
3.0 2.0 1.0 0.0 1.0 2.0 3.0 4.0 5.0 6.0 7.0 8.0 9.0 10.0 11.0 12.0 13.0 14.0 15.0 16.0 17.0 18.0 19.0 20.0 21.0 22.0 23.0 24.0 25.0 26.0 27.0 28.0 29.0 30.0 31.0 32.0 33.0 34.0 35.0 36.0 37.0 38.0 39.0 40.0 41.0 42.0 43.0 44.0 45.0 46.0 47.0 48.0 49.0 50.0 51.0 52.0 53.0 54.0 55.0 56.0 57.0 58.0 59.0 60.0 61.0 62.0 63.0 64.0 63.0 62.0 61.0 60.0 59.0 58.0 57.0 56.0 55.0 54.0 53.0 52.0 51.0 50.0 49.0 48.0 47.0 46.0 45.0 44.0 43.0 42.0 41.0 40.0 39.0 38.0 37.0 36.0 35.0 34.0 33.0 32.0 31.0 30.0 29.0 28.0 27.0 26.0 25.0 24.0 23.0 22.0 21.0 20.0 19.0 18.0 17.0 16.0 15.0 14.0 13.0 12.0 11.0 10.0 9.0 8.0 7.0 6.0 5.0 4.0 
4.0 3.0 2.0 1.0 0.0 1.0 2.0 3.0 4.0 5.0 6.0 7.0 8.0 9.0 10.0 11.0 12.0 13.0 14.0 15.0 16.0 17.0 18.0 19.0 20.0 21.0 22.0 23.0 24.0 25.0 26.0 27.0 28.0 29.0 30.0 31.0 32.0 33.0 34.0 35.0 36.0 37.0 38.0 39.0 40.0 41.0 42.0 43.0 44.0 45.0 46.0 47.0 48.0 49.0 50.0 51.0 52.0 53.0 54.0 55.0 56.0 57.0 58.0 59.0 60.0 61.0 62.0 63.0 64.0 63.0 62.0 61.0 60.0 59.0 58.0 57.0 56.0 55.0 54.0 53.0 52.0 51.0 50.0 49.0 48.0 47.0 46.0 45.0 44.0 43.0 42.0 41.0 40.0 39.0 38.0 37.0 36.0 35.0 34.0 33.0 32.0 31.0 30.0 29.0 28.0 27.0 26.0 25.0 24.0 23.0 22.0 21.0 20.0 19.0 18.0 17.0 16.0 15.0 14.0 13.0 12.0 11.0 10.0 9.0 8.0 7.0 6.0 5.0 
5.0 4.0 3.0 2.0 1.0 0.0 1.0 2.0 3.0 4.0 5.0 6.0 7.0 8.0 9.0 10.0 11.0 12.0 13.0 14.0 15.0 16.0 17.0 18.0 19.0 20.0 21.0 22.0 23.0 24.0 25.0 26.0 27.0 28.0 29.0 30.0 31.0 32.0 33.0 34.0 35.0 36.0 37.0 38.0 39.0 40.0 41.0 42.0 43.0 44.0 45.0 46.0 47.0 48.0 49.0 50.0 51.0 52.0 53.0 54.0 55.0 56.0 57.0 58.0 59.0 60.0 61.0 62.0 63.0 64.0 63.0 62.0 61.0 60.0 59.0 58.0 57.0 56.0 55.0 54.0 53.0 52.0 51.0 50.0 49.0 48.0 47.0 46.0 45.0 44.0 43.0 42.0 41.0 40.0 39.0 38.0 37.0 36.0 35.0 34.0 33.0 32.0 31.0 30.0 29.0 28.0 27.0 26.0 25.0 24.0 23.0 22.0 21.0 20.0 19.0 18.0 17.0 16.0 15.0 14.0 13.0 12.0 11.0 10.0 9.0 8.0 7.0 6.0 
6.0 5.0 4.0 3.0 2.0 1.0 0.0 1.0 2.0 3.0 4.0 5.0 6.0 7.0 8.0 9.0 10.0 11.0 12.0 13.0 14.0 15.0 16.0 17.0 18.0 19.0 20.0 21.0 22.0 23.0 24.0 25.0 26.0 27.0 28.0 29.0 30.0 31.0 32.0 33.0 34.0 35.0 36.0 37.0 38.0 39.0 40.0 41.0 42.0 43.0 44.0 45.0 46.0 47.0 48.0 49.0 50.0 51.0 52.0 53.0 54.0 55.0 56.0 57.0 58.0 59.0 60.0 61.0 62.0 63.0 64.0 63.0 62.0 61.0 60.0 59.0 58.0 57.0 56.0 55.0 54.0 53.0 52.0 51.0 50.0 49.0 48.0 47.0 46.0 45.0 44.0 43.0 42.0 41.0 40.0 39.0 38.0 37.0 36.0 35.0 34.0 33.0 32.0 31.0 30.0 29.0 28.0 27.0 26.0 25.0 24.0 23.0 22.0 21.0 20.0 19.0 18.0 17.0 16.0 15.0 14.0 13.0 12.0 11.0 10.0 9.0 8.0 7.0 
7.0 6.0 5.0 4.0 3.0 2.0 1.0 0.0 1.0 2.0 3.0 4.0 5.0 6.0 7.0 8.0 9.0 10.0 11.0 12.0 13.0 14.0 15.0 16.0 17.0 18.0 19.0 20.0 21.0 22.0 23.0 24.0 25.0 26.0 27.0 28.0 29.0 30.0 31.0 32.0 33.0 34.0 35.0 36.0 37.0 38.0 39.0 40.0 41.0 42.0 43.0 44.0 45.0 46.0 47.0 48.0 49.0 50.0 51.0 52.0 53.0 54.0 55.0 56.0 57.0 58.0 59.0 60.0 61.0 62.0 63.0 64.0 63.0 62.0 61.0 60.0 59.0 58.0 57.0 56.0 55.0 54.0 53.0 52.0 51.0 50.0 49.0 48.0 47.0 46.0 45.0 44.0 43.0 42.0 41.0 40.0 39.0 38.0 37.0 36.0 35.0 34.0 33.0 32.0 31.0 30.0 29.0 28.0 27.0 26.0 25.0 24.0 23.0 22.0 21.0 20.0 19.0 18.0 17.0 16.0 15.0 14.0 13.0 12.0 11.0 10.0 9.0 8.0 
8.0 7.0 6.0 5.0 4.0 3.0 2.0 1.0 0.0 1.0 2.0 3.0 4.0 5.0 6.0 7.0 8.0 9.0 10.0 11.0 12.0 13.0 14.0 15.0 16.0 17.0 18.0 19.0 20.0 21.0 22.0 23.0 24.0 25.0 26.0 27.0 28.0 29.0 30.0 31.0 32.0 33.0 34.0 35.0 36.0 37.0 38.0 39.0 40.0 41.0 42.0 43.0 44.0 45.0 46.0 47.0 48.0 49.0 50.0 51.0 52.0 53.0 54.0 55.0 56.0 57.0 58.0 59.0 60.0 61.0 62.0 63.0 64.0 63.0 62.0 61.0 60.0 59.0 58.0 57.0 56.0 55.0 54.0 53.0 52.0 51.0 50.0 49.0 48.0 47.0 46.0 45.0 44.0 43.0 42.0 41.0 40.0 39.0 38.0 37.0 36.0 35.0 34.0 33.0 32.0 31.0 30.0 29.0 28.0 27.0 26.0 25.0 24.0 23.0 22.0 21.0 20.0 19.0 18.0 17.0 16.0 15.0 14.0 13.0 12.0 11.0 10.0 9.0 
9.0 8.0 7.0 6.0 5.0 4.0 3.0 2.0 1.0 0.0 1.0 2.0 3.0 4.0 5.0 6.0 7.0 8.0 9.0 10.0 11.0 12.0 13.0 14.0 15.0 16.0 17.0 18.0 19.0 20.0 21.0 22.0 23.0 24.0 25.0 26.0 27.0 28.0 29.0 30.0 31.0 32.0 33.0 34.0 35.0 36.0 37.0 38.0 39.0 40.0 41.0 42.0 43.0 44.0 45.0 46.0 47.0 48.0 49.0 50.0 51.0 52.0 53.0 54.0 55.0 56.0 57.0 58.0 59.0 60.0 61.0 62.0 63.0 64.0 63.0 62.0 61.0 60.0 59.0 58.0 57.0 56.0 55.0 54.0 53.0 52.0 51.0 50.0 49.0 48.0 47.0 46.0 45.0 44.0 43.0 42.0 41.0 40.0 39.0 38.0 37.0 36.0 35.0 34.0 33.0 32.0 31.0 30.0 29.0 28.0 27.0 26.0 25.0 24.0 23.0 22.0 21.0 20.0 19.0 18.0 17.0 16.0 15.0 14.0 13.0 12.0 11.0 10.0 
10.0 9.0 8.0 7.0 6.0 5.0 4.0 3.0 2.0 1.0 0.0 1.0 2.0 3.0 4.0 5.0 6.0 7.0 8.0 9.0 10.0 11.0 12.0 13.0 14.0 15.0 16.0 17.0 18.0 19.0 20.0 21.0 22.0 23.0 24.0 25.0 26.0 27.0 28.0 29.0 30.0 31.0 32.0 33.0 34.0 35.0 36.0 37.0 38.0 39.0 40.0 41.0 42.0 43.0 44.0 45.0 46.0 47.0 48.0 49.0 50.0 51.0 52.0 53.0 54.0 55.0 56.0 57.0 58.0 59.0 60.0 61.0 62.0 63.0 64.0 63.0 62.0 61.0 60.0 59.0 58.0 57.0 56.0 55.0 54.0 53.0 52.0 51.0 50.0 49.0 48.0 47.0 46.0 45.0 44.0 43.0 42.0 41.0 40.0 39.0 38.0 37.0 36.0 35.0 34.0 33.0 32.0 31.0 30.0 29.0 28.0 27.0 26.0 25.0 24.0 23.0 22.0 21.0 20.0 19.0 18.0 17.0 16.0 15.0 14.0 13.0 12.0 11.0 
11.0 10.0 9.0 8.0 7.0 6.0 5.0 4.0 3.0 2.0 1.0 0.0 1.0 2.0 3.0 4.0 5.0 6.0 7.0 8.0 9.0 10.0 11.0 12.0 13.0 14.0 15.0 16.0 17.0 18.0 19.0 20.0 21.0 22.0 23.0 24.0 25.0 26.0 27.0 28.0 29.0 30.0 31.0 32.0 33.0 34.0 35.0 36.0 37.0 38.0 39.0 40.0 41.0 42.0 43.0 44.0 45.0 46.0 47.0 48.0 49.0 50.0 51.0 52.0 53.0 54.0 55.0 56.0 57.0 58.0 59.0 60.0 61.0 62.0 63.0 64.0 63.0 62.0 61.0 60.0 59.0 58.0 57.0 56.0 55.0 54.0 53.0 52.0 51.0 50.0 49.0 48.0 47.0 46.0 45.0 44.0 43.0 42.0 41.0 40.0 39.0 38.0 37.0 36.0 35.0 34.0 33.0 32.0 31.0 30.0 29.0 28.0 27.0 26.0 25.0 24.0 23.0 22.0 21.0 20.0 19.0 18.0 17.0 16.0 15.0 14.0 13.0 12.0 
12.0 11.0 10.0 9.0 8.0 7.0 6.0 5.0 4.0 3.0 2.0 1.0 0.0 1.0 2.0 3.0 4.0 5.0 6.0 7.0 8.0 9.0 10.0 11.0 12.0 13.0 14.0 15.0 16.0 17.0 18.0 19.0 20.0 21.0 22.0 23.0 24.0 25.0 26.0 27.0 28.0 29.0 30.0 31.0 32.0 33.0 34.0 35.0 36.0 37.0 38.0 39.0 40.0 41.0 42.0 43.0 44.0 45.0 46.0 47.0 48.0 49.0 50.0 51.0 52.0 53.0 54.0 55.0 56.0 57.0 58.0 59.0 60.0 61.0 62.0 63.0 64.0 63.0 62.0 61.0 60.0 59.0 58.0 57.0 56.0 55.0 54.0 53.0 52.0 51.0 50.0 49.0 48.0 47.0 46.0 45.0 44.0 43.0 42.0 41.0 40.0 39.0 38.0 37.0 36.0 35.0 34.0 33.0 32.0 31.0 30.0 29.0 28.0 27.0 26.0 25.0 24.0 23.0 22.0 21.0 20.0 19.0 18.0 17.0 16.0 15.0 14.0 13.0 
13.0 12.0 11.0 10.0 9.0 8.0 7.0 6.0 5.0 4.0 3.0 2.0 1.0 0.0 1.0 2.0 3.0 4.0 5.0 6.0 7.0 8.0 9.0 10.0 11.0 12.0 13.0 14.0 15.0 16.0 17.0 18.0 19.0 20.0 21.0 22.0 23.0 24.0 25.0 26.0 27.0 28.0 29.0 30.0 31.0 32.0 33.0 34.0 35.0 36.0 37.0 38.0 39.0 40.0 41.0 42.0 43.0 44.0 45.0 46.0 47.0 48.0 49.0 50.0 51.0 52.0 53.0 54.0 55.0 56.0 57.0 58.0 59.0 60.0 61.0 62.0 63.0 64.0 63.0 62.0 61.0 60.0 59.0 58.0 57.0 56.0 55.0 54.0 53.0 52.0 51.0 50.0 49.0 48.0 47.0 46.0 45.0 44.0 43.0 42.0 41.0 40.0 39.0 38.0 37.0 36.0 35.0 34.0 33.0 32.0 31.0 30.0 29.0 28.0 27.0 26.0 25.0 24.0 23.0 22.0 21.0 20.0 19.0 18.0 17.0 16.0 15.0 14.0 
14.0 13.0 12.0 11.0 10.0 9.0 8.0 7.0 6.0 5.0 4.0 3.0 2.0 1.0 0.0 1.0 2.0 3.0 4.0 5.0 6.0 7.0 8.0 9.0 10.0 11.0 12.0 13.0 14.0 15.0 16.0 17.0 18.0 19.0 20.0 21.0 22.0 23.0 24.0 25.0 26.0 27.0 28.0 29.0 30.0 31.0 32.0 33.0 34.0 35.0 36.0 37.0 38.0 39.0 40.0 41.0 42.0 43.0 44.0 45.0 46.0 47.0 48.0 49.0 50.0 51.0 52.0 53.0 54.0 55.0 56.0 57.0 58.0 59.0 60.0 61.0 62.0 63.0 64.0 63.0 62.0 61.0 60.0 59.0 58.0 57.0 56.0 55.0 54.0 53.0 52.0 51.0 50.0 49.0 48.0 47.0 46.0 45.0 44.0 43.0 42.0 41.0 40.0 39.0 38.0 37.0 36.0 35.0 34.0 33.0 32.0 31.0 30.0 29.0 28.0 27.0 26.0 25.0 24.0 23.0 22.0 21.0 20.0 19.0 18.0 17.0 16.0 15.0 
15.0 14.0 13.0 12.0 11.0 10.0 9.0 8.0 7.0 6.0 5.0 4.0 3.0 2.0 1.0 0.0 1.0 2.0 3.0 4.0 5.0 6.0 7.0 8.0 9.0 10.0 11.0 12.0 13.0 14.0 15.0 16.0 17.0 18.0 19.0 20.0 21.0 22.0 23.0 24.0 25.0 26.0 27.0 28.0 29.0 30.0 31.0 32.0 33.0 34.0 35.0 36.0 37.0 38.0 39.0 40.0 41.0 42.0 43.0 44.0 45.0 46.0 47.0 48.0 49.0 50.0 51.0 52.0 53.0 54.0 55.0 56.0 57.0 58.0 59.0 60.0 61.0 62.0 63.0 64.0 63.0 62.0 61.0 60.0 59.0 58.0 57.0 56.0 55.0 54.0 53.0 52.0 51.0 50.0 49.0 48.0 47.0 46.0 45.0 44.0 43.0 42.0 41.0 40.0 39.0 38.0 37.0 36.0 35.0 34.0 33.0 32.0 31.0 30.0 29.0 28.0 27.0 26.0 25.0 24.0 23.0 22.0 21.0 20.0 19.0 18.0 17.0 16.0 
16.0 15.0 14.0 13.0 12.0 11.0 10.0 9.0 8.0 7.0 6.0 5.0 4.0 3.0 2.0 1.0 0.0 1.0 2.0 3.0 4.0 5.0 6.0 7.0 8.0 9.0 10.0 11.0 12.0 13.0 14.0 15.0 16.0 17.0 18.0 19.0 20.0 21.0 22.0 23.0 24.0 25.0 26.0 27.0 28.0 29.0 30.0 31.0 32.0 33.0 34.0 35.0 36.0 37.0 38.0 39.0 40.0 41.0 42.0 43.0 44.0 45.0 46.0 47.0 48.0 49.0 50.0 51.0 52.0 53.0 54.0 55.0 56.0 57.0 58.0 59.0 60.0 61.0 62.0 63.0 64.0 63.0 62.0 61.0 60.0 59.0 58.0 57.0 56.0 55.0 54.0 53.0 52.0 51.0 50.0 49.0 48.0 47.0 46.0 45.0 44.0 43.0 42.0 41.0 40.0 39.0 38.0 37.0 36.0 35.0 34.0 33.0 32.0 31.0 30.0 29.0 28.0 27.0 26.0 25.0 24.0 23.0 22.0 21.0 20.0 19.0 18.0 17.0 
17.0 16.0 15.0 14.0 13.0 12.0 11.0 10.0 9.0 8.0 7.0 6.0 5.0 4.0 3.0 2.0 1.0 0.0 1.0 2.0 3.0 4.0 5.0 6.0 7.0 8.0 9.0 10.0 11.0 12.0 13.0 14.0 15.0 16.0 17.0 18.0 19.0 20.0 21.0 22.0 23.0 24.0 25.0 26.0 27.0 28.0 29.0 30.0 31.0 32.0 33.0 34.0 35.0 36.0 37.0 38.0 39.0 40.0 41.0 42.0 43.0 44.0 45.0 46.0 47.0 48.0 49.0 50.0 51.0 52.0 53.0 54.0 55.0 56.0 57.0 58.0 59.0 60.0 61.0 62.0 63.0 64.0 63.0 62.0 61.0 60.0 59.0 58.0 57.0 56.0 55.0 54.0 53.0 52.0 51.0 50.0 49.0 48.0 47.0 46.0 45.0 44.0 43.0 42.0 41.0 40.0 39.0 38.0 37.0 36.0 35.0 34.0 33.0 32.0 31.0 30.0 29.0 28.0 27.0 26.0 25.0 24.0 23.0 22.0 21.0 20.0 19.0 18.0 
18.0 17.0 16.0 15.0 14.0 13.0 12.0 11.0 10.0 9.0 8.0 7.0 6.0 5.0 4.0 3.0 2.0 1.0 0.0 1.0 2.0 3.0 4.0 5.0 6.0 7.0 8.0 9.0 10.0 11.0 12.0 13.0 14.0 15.0 16.0 17.0 18.0 19.0 20.0 21.0 22.0 23.0 24.0 25.0 26.0 27.0 28.0 29.0 30.0 31.0 32.0 33.0 34.0 35.0 36.0 37.0 38.0 39.0 40.0 41.0 42.0 43.0 44.0 45.0 46.0 47.0 48.0 49.0 50.0 51.0 52.0 53.0 54.0 55.0 56.0 57.0 58.0 59.0 60.0 61.0 62.0 63.0 64.0 63.0 62.0 61.0 60.0 59.0 58.0 57.0 56.0 55.0 54.0 53.0 52.0 51.0 50.0 49.0 48.0 47.0 46.0 45.0 44.0 43.0 42.0 41.0 40.0 39.0 38.0 37.0 36.0 35.0 34.0 33.0 32.0 31.0 30.0 29.0 28.0 27.0 26.0 25.0 24.0 23.0 22.0 21.0 20.0 19.0 
19.0 18.0 17.0 16.0 15.0 14.0 13.0 12.0 11.0 10.0 9.0 8.0 7.0 6.0 5.0 4.0 3.0 2.0 1.0 0.0 1.0 2.0 3.0 4.0 5.0 6.0 7.0 8.0 9.0 10.0 11.0 12.0 13.0 14.0 15.0 16.0 17.0 18.0 19.0 20.0 21.0 22.0 23.0 24.0 25.0 26.0 27.0 28.0 29.0 30.0 31.0 32.0 33.0 34.0 35.0 36.0 37.0 38.0 39.0 40.0 41.0 42.0 43.0 44.0 45.0 46.0 47.0 48.0 49.0 50.0 51.0 52.0 53.0 54.0 55.0 56.0 57.0 58.0 59.0 60.0 61.0 62.0 63.0 64.0 63.0 62.0 61.0 60.0 59.0 58.0 57.0 56.0 55.0 54.0 53.0 52.0 51.0 50.0 49.0 48.0 47.0 46.0 45.0 44.0 43.0 42.0 41.0 40.0 39.0 38.0 37.0 36.0 35.0 34.0 33.0 32.0 31.0 30.0 29.0 28.0 27.0 26.0 25.0 24.0 23.0 22.0 21.0 20.0 
20.0 19.0 18.0 17.0 16.0 15.0 14.0 13.0 12.0 11.0 10.0 9.0 8.0 7.0 6.0 5.0 4.0 3.0 2.0 1.0 0.0 1.0 2.0 3.0 4.0 5.0 6.0 7.0 8.0 9.0 10.0 11.0 12.0 13.0 14.0 15.0 16.0 17.0 18.0 19.0 20.0 21.0 22.0 23.0 24.0 25.0 26.0 27.0 28.0 29.0 30.0 31.0 32.0 33.0 34.0 35.0 36.0 37.0 38.0 39.0 40.0 41.0 42.0 43.0 44.0 45.0 46.0 47.0 48.0 49.0 50.0 51.0 52.0 53.0 54.0 55.0 56.0 57.0 58.0 59.0 60.0 61.0 62.0 63.0 64.0 63.0 62.0 61.0 60.0 59.0 58.0 57.0 56.0 55.0 54.0 53.0 52.0 51.0 50.0 49.0 48.0 47.0 46.0 45.0 44.0 43.0 42.0 41.0 40.0 39.0 38.0 37.0 36.0 35.0 34.0 33.0 32.0 31.0 30.0 29.0 28.0 27.0 26.0 25.0 24.0 23.0 22.0 21.0 
21.0 20.0 19.0 18.0 17.0 16.0 15.0 14.0 13.0 12.0 11.0 10.0 9.0 8.0 7.0 6.0 5.0 4.0 3.0 2.0 1.0 0.0 1.0 2.0 3.0 4.0 5.0 6.0 7.0 8.0 9.0 10.0 11.0 12.0 13.0 14.0 15.0 16.0 17.0 18.0 19.0 20.0 21.0 22.0 23.0 24.0 25.0 26.0 27.0 28.0 29.0 30.0 31.0 32.0 33.0 34.0 35.0 36.0 37.0 38.0 39.0 40.0 41.0 42.0 43.0 44.0 45.0 46.0 47.0 48.0 49.0 50.0 51.0 52.0 53.0 54.0 55.0 56.0 57.0 58.0 59.0 60.0 61.0 62.0 63.0 64.0 63.0 62.0 61.0 60.0 59.0 58.0 57.0 56.0 55.0 54.0 53.0 52.0 51.0 50.0 49.0 48.0 47.0 46.0 45.0 44.0 43.0 42.0 41.0 40.0 39.0 38.0 37.0 36.0 35.0 34.0 33.0 32.0 31.0 30.0 29.0 28.0 27.0 26.0 25.0 24.0 23.0 22.0 
22.0 21.0 20.0 19.0 18.0 17.0 16.0 15.0 14.0 13.0 12.0 11.0 10.0 9.0 8.0 7.0 6.0 5.0 4.0 3.0 2.0 1.0 0.0 1.0 2.0 3.0 4.0 5.0 6.0 7.0 8.0 9.0 10.0 11.0 12.0 13.0 14.0 15.0 16.0 17.0 18.0 19.0 20.0 21.0 22.0 23.0 24.0 25.0 26.0 27.0 28.0 29.0 30.0 31.0 32.0 33.0 34.0 35.0 36.0 37.0 38.0 39.0 40.0 41.0 42.0 43.0 44.0 45.0 46.0 47.0 48.0 49.0 50.0 51.0 52.0 53.0 54.0 55.0 56.0 57.0 58.0 59.0 60.0 61.0 62.0 63.0 64.0 63.0 62.0 61.0 60.0 59.0 58.0 57.0 56.0 55.0 54.0 53.0 52.0 51.0 50.0 49.0 48.0 47.0 46.0 45.0 44.0 43.0 42.0 41.0 40.0 39.0 38.0 37.0 36.0 35.0 34.0 33.0 32.0 31.0 30.0 29.0 28.0 27.0 26.0 25.0 24.0 23.0 
23.0 22.0 21.0 20.0 19.0 18.0 17.0 16.0 15.0 14.0 13.0 12.0 11.0 10.0 9.0 8.0 7.0 6.0 5.0 4.0 3.0 2.0 1.0 0.0 1.0 2.0 3.0 4.0 5.0 6.0 7.0 8.0 9.0 10.0 11.0 12.0 13.0 14.0 15.0 16.0 17.0 18.0 19.0 20.0 21.0 22.0 23.0 24.0 25.0 26.0 27.0 28.0 29.0 30.0 31.0 32.0 33.0 34.0 35.0 36.0 37.0 38.0 39.0 40.0 41.0 42.0 43.0 44.0 45.0 46.0 47.0 48.0 49.0 50.0 51.0 52.0 53.0 54.0 55.0 56.0 57.0 58.0 59.0 60.0 61.0 62.0 63.0 64.0 63.0 62.0 61.0 60.0 59.0 58.0 57.0 56.0 55.0 54.0 53.0 52.0 51.0 50.0 49.0 48.0 47.0 46.0 45.0 44.0 43.0 42.0 41.0 40.0 39.0 38.0 37.0 36.0 35.0 34.0 33.0 32.0 31.0 30.0 29.0 28.0 27.0 26.0 25.0 24.0 
24.0 23.0 22.0 21.0 20.0 19.0 18.0 17.0 16.0 15.0 14.0 13.0 12.0 11.0 10.0 9.0 8.0 7.0 6.0 5.0 4.0 3.0 2.0 1.0 0.0 1.0 2.0 3.0 4.0 5.0 6.0 7.0 8.0 9.0 10.0 11.0 12.0 13.0 14.0 15.0 16.0 17.0 18.0 19.0 20.0 21.0 22.0 23.0 24.0 25.0 26.0 27.0 28.0 29.0 30.0 31.0 32.0 33.0 34.0 35.0 36.0 37.0 38.0 39.0 40.0 41.0 42.0 43.0 44.0 45.0 46.0 47.0 48.0 49.0 50.0 51.0 52.0 53.0 54.0 55.0 56.0 57.0 58.0 59.0 60.0 61.0 62.0 63.0 64.0 63.0 62.0 61.0 60.0 59.0 58.0 57.0 56.0 55.0 54.0 53.0 52.0 51.0 50.0 49.0 48.0 47.0 46.0 45.0 44.0 43.0 42.0 41.0 40.0 39.0 38.0 37.0 36.0 35.0 34.0 33.0 32.0 31.0 30.0 29.0 28.0 27.0 26.0 25.0 
25.0 24.0 23.0 22.0 21.0 20.0 19.0 18.0 17.0 16.0 15.0 14.0 13.0 12.0 11.0 10.0 9.0 8.0 7.0 6.0 5.0 4.0 3.0 2.0 1.0 0.0 1.0 2.0 3.0 4.0 5.0 6.0 7.0 8.0 9.0 10.0 11.0 12.0 13.0 14.0 15.0 16.0 17.0 18.0 19.0 20.0 21.0 22.0 23.0 24.0 25.0 26.0 27.0 28.0 29.0 30.0 31.0 32.0 33.0 34.0 35.0 36.0 37.0 38.0 39.0 40.0 41.0 42.0 43.0 44.0 45.0 46.0 47.0 48.0 49.0 50.0 51.0 52.0 53.0 54.0 55.0 56.0 57.0 58.0 59.0 60.0 61.0 62.0 63.0 64.0 63.0 62.0 61.0 60.0 59.0 58.0 57.0 56.0 55.0 54.0 53.0 52.0 51.0 50.0 49.0 48.0 47.0 46.0 45.0 44.0 43.0 42.0 41.0 40.0 39.0 38.0 37.0 36.0 35.0 34.0 33.0 32.0 31.0 30.0 29.0 28.0 27.0 26.0 
26.0 25.0 24.0 23.0 22.0 21.0 20.0 19.0 18.0 17.0 16.0 15.0 14.0 13.0 12.0 11.0 10.0 9.0 8.0 7.0 6.0 5.0 4.0 3.0 2.0 1.0 0.0 1.0 2.0 3.0 4.0 5.0 6.0 7.0 8.0 9.0 10.0 11.0 12.0 13.0 14.0 15.0 16.0 17.0 18.0 19.0 20.0 21.0 22.0 23.0 24.0 25.0 26.0 27.0 28.0 29.0 30.0 31.0 32.0 33.0 34.0 35.0 36.0 37.0 38.0 39.0 40.0 41.0 42.0 43.0 44.0 45.0 46.0 47.0 48.0 49.0 50.0 51.0 52.0 53.0 54.0 55.0 56.0 57.0 58.0 59.0 60.0 61.0 62.0 63.0 64.0 63.0 62.0 61.0 60.0 59.0 58.0 57.0 56.0 55.0 54.0 53.0 52.0 51.0 50.0 49.0 48.0 47.0 46.0 45.0 44.0 43.0 42.0 41.0 40.0 39.0 38.0 37.0 36.0 35.0 34.0 33.0 32.0 31.0 30.0 29.0 28.0 27.0 
27.0 26.0 25.0 24.0 23.0 22.0 21.0 20.0 19.0 18.0 17.0 16.0 15.0 14.0 13.0 12.0 11.0 10.0 9.0 8.0 7.0 6.0 5.0 4.0 3.0 2.0 1.0 0.0 1.0 2.0 3.0 4.0 5.0 6.0 7.0 8.0 9.0 10.0 11.0 12.0 13.0 14.0 15.0 16.0 17.0 18.0 19.0 20.0 21.0 22.0 23.0 24.0 25.0 26.0 27.0 28.0 29.0 30.0 31.0 32.0 33.0 34.0 35.0 36.0 37.0 38.0 39.0 40.0 41.0 42.0 43.0 44.0 45.0 46.0 47.0 48.0 49.0 50.0 51.0 52.0 53.0 54.0 55.0 56.0 57.0 58.0 59.0 60.0 61.0 62.0 63.0 64.0 63.0 62.0 61.0 60.0 59.0 58.0 57.0 56.0 55.0 54.0 53.0 52.0 51.0 50.0 49.0 48.0 47.0 46.0 45.0 44.0 43.0 42.0 41.0 40.0 39.0 38.0 37.0 36.0 35.0 34.0 33.0 32.0 31.0 30.0 29.0 28.0 
28.0 27.0 26.0 25.0 24.0 23.0 22.0 21.0 20.0 19.0 18.0 17.0 16.0 15.0 14.0 13.0 12.0 11.0 10.0 9.0 8.0 7.0 6.0 5.0 4.0 3.0 2.0 1.0 0.0 1.0 2.0 3.0 4.0 5.0 6.0 7.0 8.0 9.0 10.0 11.0 12.0 13.0 14.0 15.0 16.0 17.0 18.0 19.0 20.0 21.0 22.0 23.0 24.0 25.0 26.0 27.0 28.0 29.0 30.0 31.0 32.0 33.0 34.0 35.0 36.0 37.0 38.0 39.0 40.0 41.0 42.0 43.0 44.0 45.0 46.0 47.0 48.0 49.0 50.0 51.0 52.0 53.0 54.0 55.0 56.0 57.0 58.0 59.0 60.0 61.0 62.0 63.0 64.0 63.0 62.0 61.0 60.0 59.0 58.0 57.0 56.0 55.0 54.0 53.0 52.0 51.0 50.0 49.0 48.0 47.0 46.0 45.0 44.0 43.0 42.0 41.0 40.0 39.0 38.0 37.0 36.0 35.0 34.0 33.0 32.0 31.0 30.0 29.0 
29.0 28.0 27.0 26.0 25.0 24.0 23.0 22.0 21.0 20.0 19.0 18.0 17.0 16.0 15.0 14.0 13.0 12.0 11.0 10.0 9.0 8.0 7.0 6.0 5.0 4.0 3.0 2.0 1.0 0.0 1.0 2.0 3.0 4.0 5.0 6.0 7.0 8.0 9.0 10.0 11.0 12.0 13.0 14.0 15.0 16.0 17.0 18.0 19.0 20.0 21.0 22.0 23.0 24.0 25.0 26.0 27.0 28.0 29.0 30.0 31.0 32.0 33.0 34.0 35.0 36.0 37.0 38.0 39.0 40.0 41.0 42.0 43.0 44.0 45.0 46.0 47.0 48.0 49.0 50.0 51.0 52.0 53.0 54.0 55.0 56.0 57.0 58.0 59.0 60.0 61.0 62.0 63.0 64.0 63.0 62.0 61.0 60.0 59.0 58.0 57.0 56.0 55.0 54.0 53.0 52.0 51.0 50.0 49.0 48.0 47.0 46.0 45.0 44.0 43.0 42.0 41.0 40.0 39.0 38.0 37.0 36.0 35.0 34.0 33.0 32.0 31.0 30.0 
30.0 29.0 28.0 27.0 26.0 25.0 24.0 23.0 22.0 21.0 20.0 19.0 18.0 17.0 16.0 15.0 14.0 13.0 12.0 11.0 10.0 9.0 8.0 7.0 6.0 5.0 4.0 3.0 2.0 1.0 0.0 1.0 2.0 3.0 4.0 5.0 6.0 7.0 8.0 9.0 10.0 11.0 12.0 13.0 14.0 15.0 16.0 17.0 18.0 19.0 20.0 21.0 22.0 23.0 24.0 25.0 26.0 27.0 28.0 29.0 30.0 31.0 32.0 33.0 34.0 35.0 36.0 37.0 38.0 39.0 40.0 41.0 42.0 43.0 44.0 45.0 46.0 47.0 48.0 49.0 50.0 51.0 52.0 53.0 54.0 55.0 56.0 57.0 58.0 59.0 60.0 61.0 62.0 63.0 64.0 63.0 62.0 61.0 60.0 59.0 58.0 57.0 56.0 55.0 54.0 53.0 52.0 51.0 50.0 49.0 48.0 47.0 46.0 45.0 44.0 43.0 42.0 41.0 40.0 39.0 38.0 37.0 36.0 35.0 34.0 33.0 32.0 31.0 
31.0 30.0 29.0 28.0 27.0 26.0 25.0 24.0 23.0 22.0 21.0 20.0 19.0 18.0 17.0 16.0 15.0 14.0 13.0 12.0 11.0 10.0 9.0 8.0 7.0 6.0 5.0 4.0 3.0 2.0 1.0 0.0 1.0 2.0 3.0 4.0 5.0 6.0 7.0 8.0 9.0 10.0 11.0 12.0 13.0 14.0 15.0 16.0 17.0 18.0 19.0 20.0 21.0 22.0 23.0 24.0 25.0 26.0 27.0 28.0 29.0 30.0 31.0 32.0 33.0 34.0 35.0 36.0 37.0 38.0 39.0 40.0 41.0 42.0 43.0 44.0 45.0 46.0 47.0 48.0 49.0 50.0 51.0 52.0 53.0 54.0 55.0 56.0 57.0 58.0 59.0 60.0 61.0 62.0 63.0 64.0 63.0 62.0 61.0 60.0 59.0 58.0 57.0 56.0 55.0 54.0 53.0 52.0 51.0 50.0 49.0 48.0 47.0 46.0 45.0 44.0 43.0 42.0 41.0 40.0 39.0 38.0 37.0 36.0 35.0 34.0 33.0 32.0 
32.0 31.0 30.0 29.0 28.0 27.0 26.0 25.0 24.0 23.0 22.0 21.0 20.0 19.0 18.0 17.0 16.0 15.0 14.0 13.0 12.0 11.0 10.0 9.0 8.0 7.0 6.0 5.0 4.0 3.0 2.0 1.0 0.0 1.0 2.0 3.0 4.0 5.0 6.0 7.0 8.0 9.0 10.0 11.0 12.0 13.0 14.0 15.0 16.0 17.0 18.0 19.0 20.0 21.0 22.0 23.0 24.0 25.0 26.0 27.0 28.0 29.0 30.0 31.0 32.0 33.0 34.0 35.0 36.0 37.0 38.0 39.0 40.0 41.0 42.0 43.0 44.0 45.0 46.0 47.0 48.0 49.0 50.0 51.0 52.0 53.0 54.0 55.0 56.0 57.0 58.0 59.0 60.0 61.0 62.0 63.0 64.0 63.0 62.0 61.0 60.0 59.0 58.0 57.0 56.0 55.0 54.0 53.0 52.0 51.0 50.0 49.0 48.0 47.0 46.0 45.0 44.0 43.0 42.0 41.0 40.0 39.0 38.0 37.0 36.0 35.0 34.0 33.0 
33.0 32.0 31.0 30.0 29.0 28.0 27.0 26.0 25.0 24.0 23.0 22.0 21.0 20.0 19.0 18.0 17.0 16.0 15.0 14.0 13.0 12.0 11.0 10.0 9.0 8.0 7.0 6.0 5.0 4.0 3.0 2.0 1.0 0.0 1.0 2.0 3.0 4.0 5.0 6.0 7.0 8.0 9.0 10.0 11.0 12.0 13.0 14.0 15.0 16.0 17.0 18.0 19.0 20.0 21.0 22.0 23.0 24.0 25.0 26.0 27.0 28.0 29.0 30.0 31.0 32.0 33.0 34.0 35.0 36.0 37.0 38.0 39.0 40.0 41.0 42.0 43.0 44.0 45.0 46.0 47.0 48.0 49.0 50.0 51.0 52.0 53.0 54.0 55.0 56.0 57.0 58.0 59.0 60.0 61.0 62.0 63.0 64.0 63.0 62.0 61.0 60.0 59.0 58.0 57.0 56.0 55.0 54.0 53.0 52.0 51.0 50.0 49.0 48.0 47.0 46.0 45.0 44.0 43.0 42.0 41.0 40.0 39.0 38.0 37.0 36.0 35.0 34.0 
34.0 33.0 32.0 31.0 30.0 29.0 28.0 27.0 26.0 25.0 24.0 23.0 22.0 21.0 20.0 19.0 18.0 17.0 16.0 15.0 14.0 13.0 12.0 11.0 10.0 9.0 8.0 7.0 6.0 5.0 4.0 3.0 2.0 1.0 0.0 1.0 2.0 3.0 4.0 5.0 6.0 7.0 8.0 9.0 10.0 11.0 12.0 13.0 14.0 15.0 16.0 17.0 18.0 19.0 20.0 21.0 22.0 23.0 24.0 25.0 26.0 27.0 28.0 29.0 30.0 31.0 32.0 33.0 34.0 35.0 36.0 37.0 38.0 39.0 40.0 41.0 42.0 43.0 44.0 45.0 46.0 47.0 48.0 49.0 50.0 51.0 52.0 53.0 54.0 55.0 56.0 57.0 58.0 59.0 60.0 61.0 62.0 63.0 64.0 63.0 62.0 61.0 60.0 59.0 58.0 57.0 56.0 55.0 54.0 53.0 52.0 51.0 50.0 49.0 48.0 47.0 46.0 45.0 44.0 43.0 42.0 41.0 40.0 39.0 38.0 37.0 36.0 35.0 
35.0 34.0 33.0 32.0 31.0 30.0 29.0 28.0 27.0 26.0 25.0 24.0 23.0 22.0 21.0 20.0 19.0 18.0 17.0 16.0 15.0 14.0 13.0 12.0 11.0 10.0 9.0 8.0 7.0 6.0 5.0 4.0 3.0 2.0 1.0 0.0 1.0 2.0 3.0 4.0 5.0 6.0 7.0 8.0 9.0 10.0 11.0 12.0 13.0 14.0 15.0 16.0 17.0 18.0 19.0 20.0 21.0 22.0 23.0 24.0 25.0 26.0 27.0 28.0 29.0 30.0 31.0 32.0 33.0 34.0 35.0 36.0 37.0 38.0 39.0 40.0 41.0 42.0 43.0 44.0 45.0 46.0 47.0 48.0 49.0 50.0 51.0 52.0 53.0 54.0 55.0 56.0 57.0 58.0 59.0 60.0 61.0 62.0 63.0 64.0 63.0 62.0 61.0 60.0 59.0 58.0 57.0 56.0 55.0 54.0 53.0 52.0 51.0 50.0 49.0 48.0 47.0 46.0 45.0 44.0 43.0 42.0 41.0 40.0 39.0 38.0 37.0 36.0 
36.0 35.0 34.0 33.0 32.0 31.0 30.0 29.0 28.0 27.0 26.0 25.0 24.0 23.0 22.0 21.0 20.0 19.0 18.0 17.0 16.0 15.0 14.0 13.0 12.0 11.0 10.0 9.0 8.0 7.0 6.0 5.0 4.0 3.0 2.0 1.0 0.0 1.0 2.0 3.0 4.0 5.0 6.0 7.0 8.0 9.0 10.0 11.0 12.0 13.0 14.0 15.0 16.0 17.0 18.0 19.0 20.0 21.0 22.0 23.0 24.0 25.0 26.0 27.0 28.0 29.0 30.0 31.0 32.0 33.0 34.0 35.0 36.0 37.0 38.0 39.0 40.0 41.0 42.0 43.0 44.0 45.0 46.0 47.0 48.0 49.0 50.0 51.0 52.0 53.0 54.0 55.0 56.0 57.0 58.0 59.0 60.0 61.0 62.0 63.0 64.0 63.0 62.0 61.0 60.0 59.0 58.0 57.0 56.0 55.0 54.0 53.0 52.0 51.0 50.0 49.0 48.0 47.0 46.0 45.0 44.0 43.0 42.0 41.0 40.0 39.0 38.0 37.0 
37.0 36.0 35.0 34.0 33.0 32.0 31.0 30.0 29.0 28.0 27.0 26.0 25.0 24.0 23.0 22.0 21.0 20.0 19.0 18.0 17.0 16.0 15.0 14.0 13.0 12.0 11.0 10.0 9.0 8.0 7.0 6.0 5.0 4.0 3.0 2.0 1.0 0.0 1.0 2.0 3.0 4.0 5.0 6.0 7.0 8.0 9.0 10.0 11.0 12.0 13.0 14.0 15.0 16.0 17.0 18.0 19.0 20.0 21.0 22.0 23.0 24.0 25.0 26.0 27.0 28.0 29.0 30.0 31.0 32.0 33.0 34.0 35.0 36.0 37.0 38.0 39.0 40.0 41.0 42.0 43.0 44.0 45.0 46.0 47.0 48.0 49.0 50.0 51.0 52.0 53.0 54.0 55.0 56.0 57.0 58.0 59.0 60.0 61.0 62.0 63.0 64.0 63.0 62.0 61.0 60.0 59.0 58.0 57.0 56.0 55.0 54.0 53.0 52.0 51.0 50.0 49.0 48.0 47.0 46.0 45.0 44.0 43.0 42.0 41.0 40.0 39.0 38.0 
38.0 37.0 36.0 35.0 34.0 33.0 32.0 31.0 30.0 29.0 28.0 27.0 26.0 25.0 24.0 23.0 22.0 21.0 20.0 19.0 18.0 17.0 16.0 15.0 14.0 13.0 12.0 11.0 10.0 9.0 8.0 7.0 6.0 5.0 4.0 3.0 2.0 1.0 0.0 1.0 2.0 3.0 4.0 5.0 6.0 7.0 8.0 9.0 10.0 11.0 12.0 13.0 14.0 15.0 16.0 17.0 18.0 19.0 20.0 21.0 22.0 23.0 24.0 25.0 26.0 27.0 28.0 29.0 30.0 31.0 32.0 33.0 34.0 35.0 36.0 37.0 38.0 39.0 40.0 41.0 42.0 43.0 44.0 45.0 46.0 47.0 48.0 49.0 50.0 51.0 52.0 53.0 54.0 55.0 56.0 57.0 58.0 59.0 60.0 61.0 62.0 63.0 64.0 63.0 62.0 61.0 60.0 59.0 58.0 57.0 56.0 55.0 54.0 53.0 52.0 51.0 50.0 49.0 48.0 47.0 46.0 45.0 44.0 43.0 42.0 41.0 40.0 39.0 
39.0 38.0 37.0 36.0 35.0 34.0 33.0 32.0 31.0 30.0 29.0 28.0 27.0 26.0 25.0 24.0 23.0 22.0 21.0 20.0 19.0 18.0 17.0 16.0 15.0 14.0 13.0 12.0 11.0 10.0 9.0 8.0 7.0 6.0 5.0 4.0 3.0 2.0 1.0 0.0 1.0 2.0 3.0 4.0 5.0 6.0 7.0 8.0 9.0 10.0 11.0 12.0 13.0 14.0 15.0 16.0 17.0 18.0 19.0 20.0 21.0 22.0 23.0 24.0 25.0 26.0 27.0 28.0 29.0 30.0 31.0 32.0 33.0 34.0 35.0 36.0 37.0 38.0 39.0 40.0 41.0 42.0 43.0 44.0 45.0 46.0 47.0 48.0 49.0 50.0 51.0 52.0 53.0 54.0 55.0 56.0 57.0 58.0 59.0 60.0 61.0 62.0 63.0 64.0 63.0 62.0 61.0 60.0 59.0 58.0 57.0 56.0 55.0 54.0 53.0 52.0 51.0 50.0 49.0 48.0 47.0 46.0 45.0 44.0 43.0 42.0 41.0 40.0 
40.0 39.0 38.0 37.0 36.0 35.0 34.0 33.0 32.0 31.0 30.0 29.0 28.0 27.0 26.0 25.0 24.0 23.0 22.0 21.0 20.0 19.0 18.0 17.0 16.0 15.0 14.0 13.0 12.0 11.0 10.0 9.0 8.0 7.0 6.0 5.0 4.0 3.0 2.0 1.0 0.0 1.0 2.0 3.0 4.0 5.0 6.0 7.0 8.0 9.0 10.0 11.0 12.0 13.0 14.0 15.0 16.0 17.0 18.0 19.0 20.0 21.0 22.0 23.0 24.0 25.0 26.0 27.0 28.0 29.0 30.0 31.0 32.0 33.0 34.0 35.0 36.0 37.0 38.0 39.0 40.0 41.0 42.0 43.0 44.0 45.0 46.0 47.0 48.0 49.0 50.0 51.0 52.0 53.0 54.0 55.0 56.0 57.0 58.0 59.0 60.0 61.0 62.0 63.0 64.0 63.0 62.0 61.0 60.0 59.0 58.0 57.0 56.0 55.0 54.0 53.0 52.0 51.0 50.0 49.0 48.0 47.0 46.0 45.0 44.0 43.0 42.0 41.0 
41.0 40.0 39.0 38.0 37.0 36.0 35.0 34.0 33.0 32.0 31.0 30.0 29.0 28.0 27.0 26.0 25.0 24.0 23.0 22.0 21.0 20.0 19.0 18.0 17.0 16.0 15.0 14.0 13.0 12.0 11.0 10.0 9.0 8.0 7.0 6.0 5.0 4.0 3.0 2.0 1.0 0.0 1.0 2.0 3.0 4.0 5.0 6.0 7.0 8.0 9.0 10.0 11.0 12.0 13.0 14.0 15.0 16.0 17.0 18.0 19.0 20.0 21.0 22.0 23.0 24.0 25.0 26.0 27.0 28.0 29.0 30.0 31.0 32.0 33.0 34.0 35.0 36.0 37.0 38.0 39.0 40.0 41.0 42.0 43.0 44.0 45.0 46.0 47.0 48.0 49.0 50.0 51.0 52.0 53.0 54.0 55.0 56.0 57.0 58.0 59.0 60.0 61.0 62.0 63.0 64.0 63.0 62.0 61.0 60.0 59.0 58.0 57.0 56.0 55.0 54.0 53.0 52.0 51.0 50.0 49.0 48.0 47.0 46.0 45.0 44.0 43.0 42.0 
42.0 41.0 40.0 39.0 38.0 37.0 36.0 35.0 34.0 33.0 32.0 31.0 30.0 29.0 28.0 27.0 26.0 25.0 24.0 23.0 22.0 21.0 20.0 19.0 18.0 17.0 16.0 15.0 14.0 13.0 12.0 11.0 10.0 9.0 8.0 7.0 6.0 5.0 4.0 3.0 2.0 1.0 0.0 1.0 2.0 3.0 4.0 5.0 6.0 7.0 8.0 9.0 10.0 11.0 12.0 13.0 14.0 15.0 16.0 17.0 18.0 19.0 20.0 21.0 22.0 23.0 24.0 25.0 26.0 27.0 28.0 29.0 30.0 31.0 32.0 33.0 34.0 35.0 36.0 37.0 38.0 39.0 40.0 41.0 42.0 43.0 44.0 45.0 46.0 47.0 48.0 49.0 50.0 51.0 52.0 53.0 54.0 55.0 56.0 57.0 58.0 59.0 60.0 61.0 62.0 63.0 64.0 63.0 62.0 61.0 60.0 59.0 58.0 57.0 56.0 55.0 54.0 53.0 52.0 51.0 50.0 49.0 48.0 47.0 46.0 45.0 44.0 43.0 
43.0 42.0 41.0 40.0 39.0 38.0 37.0 36.0 35.0 34.0 33.0 32.0 31.0 30.0 29.0 28.0 27.0 26.0 25.0 24.0 23.0 22.0 21.0 20.0 19.0 18.0 17.0 16.0 15.0 14.0 13.0 12.0 11.0 10.0 9.0 8.0 7.0 6.0 5.0 4.0 3.0 2.0 1.0 0.0 1.0 2.0 3.0 4.0 5.0 6.0 7.0 8.0 9.0 10.0 11.0 12.0 13.0 14.0 15.0 16.0 17.0 18.0 19.0 20.0 21.0 22.0 23.0 24.0 25.0 26.0 27.0 28.0 29.0 30.0 31.0 32.0 33.0 34.0 35.0 36.0 37.0 38.0 39.0 40.0 41.0 42.0 43.0 44.0 45.0 46.0 47.0 48.0 49.0 50.0 51.0 52.0 53.0 54.0 55.0 56.0 57.0 58.0 59.0 60.0 61.0 62.0 63.0 64.0 63.0 62.0 61.0 60.0 59.0 58.0 57.0 56.0 55.0 54.0 53.0 52.0 51.0 50.0 49.0 48.0 47.0 46.0 45.0 44.0 
44.0 43.0 42.0 41.0 40.0 39.0 38.0 37.0 36.0 35.0 34.0 33.0 32.0 31.0 30.0 29.0 28.0 27.0 26.0 25.0 24.0 23.0 22.0 21.0 20.0 19.0 18.0 17.0 16.0 15.0 14.0 13.0 12.0 11.0 10.0 9.0 8.0 7.0 6.0 5.0 4.0 3.0 2.0 1.0 0.0 1.0 2.0 3.0 4.0 5.0 6.0 7.0 8.0 9.0 10.0 11.0 12.0 13.0 14.0 15.0 16.0 17.0 18.0 19.0 20.0 21.0 22.0 23.0 24.0 25.0 26.0 27.0 28.0 29.0 30.0 31.0 32.0 33.0 34.0 35.0 36.0 37.0 38.0 39.0 40.0 41.0 42.0 43.0 44.0 45.0 46.0 47.0 48.0 49.0 50.0 51.0 52.0 53.0 54.0 55.0 56.0 57.0 58.0 59.0 60.0 61.0 62.0 63.0 64.0 63.0 62.0 61.0 60.0 59.0 58.0 57.0 56.0 55.0 54.0 53.0 52.0 51.0 50.0 49.0 48.0 47.0 46.0 45.0 
45.0 44.0 43.0 42.0 41.0 40.0 39.0 38.0 37.0 36.0 35.0 34.0 33.0 32.0 31.0 30.0 29.0 28.0 27.0 26.0 25.0 24.0 23.0 22.0 21.0 20.0 19.0 18.0 17.0 16.0 15.0 14.0 13.0 12.0 11.0 10.0 9.0 8.0 7.0 6.0 5.0 4.0 3.0 2.0 1.0 0.0 1.0 2.0 3.0 4.0 5.0 6.0 7.0 8.0 9.0 10.0 11.0 12.0 13.0 14.0 15.0 16.0 17.0 18.0 19.0 20.0 21.0 22.0 23.0 24.0 25.0 26.0 27.0 28.0 29.0 30.0 31.0 32.0 33.0 34.0 35.0 36.0 37.0 38.0 39.0 40.0 41.0 42.0 43.0 44.0 45.0 46.0 47.0 48.0 49.0 50.0 51.0 52.0 53.0 54.0 55.0 56.0 57.0 58.0 59.0 60.0 61.0 62.0 63.0 64.0 63.0 62.0 61.0 60.0 59.0 58.0 57.0 56.0 55.0 54.0 53.0 52.0 51.0 50.0 49.0 48.0 47.0 46.0 
46.0 45.0 44.0 43.0 42.0 41.0 40.0 39.0 38.0 37.0 36.0 35.0 34.0 33.0 32.0 31.0 30.0 29.0 28.0 27.0 26.0 25.0 24.0 23.0 22.0 21.0 20.0 19.0 18.0 17.0 16.0 15.0 14.0 13.0 12.0 11.0 10.0 9.0 8.0 7.0 6.0 5.0 4.0 3.0 2.0 1.0 0.0 1.0 2.0 3.0 4.0 5.0 6.0 7.0 8.0 9.0 10.0 11.0 12.0 13.0 14.0 15.0 16.0 17.0 18.0 19.0 20.0 21.0 22.0 23.0 24.0 25.0 26.0 27.0 28.0 29.0 30.0 31.0 32.0 33.0 34.0 35.0 36.0 37.0 38.0 39.0 40.0 41.0 42.0 43.0 44.0 45.0 46.0 47.0 48.0 49.0 50.0 51.0 52.0 53.0 54.0 55.0 56.0 57.0 58.0 59.0 60.0 61.0 62.0 63.0 64.0 63.0 62.0 61.0 60.0 59.0 58.0 57.0 56.0 55.0 54.0 53.0 52.0 51.0 50.0 49.0 48.0 47.0 
47.0 46.0 45.0 44.0 43.0 42.0 41.0 40.0 39.0 38.0 37.0 36.0 35.0 34.0 33.0 32.0 31.0 30.0 29.0 28.0 27.0 26.0 25.0 24.0 23.0 22.0 21.0 20.0 19.0 18.0 17.0 16.0 15.0 14.0 13.0 12.0 11.0 10.0 9.0 8.0 7.0 6.0 5.0 4.0 3.0 2.0 1.0 0.0 1.0 2.0 3.0 4.0 5.0 6.0 7.0 8.0 9.0 10.0 11.0 12.0 13.0 14.0 15.0 16.0 17.0 18.0 19.0 20.0 21.0 22.0 23.0 24.0 25.0 26.0 27.0 28.0 29.0 30.0 31.0 32.0 33.0 34.0 35.0 36.0 37.0 38.0 39.0 40.0 41.0 42.0 43.0 44.0 45.0 46.0 47.0 48.0 49.0 50.0 51.0 52.0 53.0 54.0 55.0 56.0 57.0 58.0 59.0 60.0 61.0 62.0 63.0 64.0 63.0 62.0 61.0 60.0 59.0 58.0 57.0 56.0 55.0 54.0 53.0 52.0 51.0 50.0 49.0 48.0 
48.0 47.0 46.0 45.0 44.0 43.0 42.0 41.0 40.0 39.0 38.0 37.0 36.0 35.0 34.0 33.0 32.0 31.0 30.0 29.0 28.0 27.0 26.0 25.0 24.0 23.0 22.0 21.0 20.0 19.0 18.0 17.0 16.0 15.0 14.0 13.0 12.0 11.0 10.0 9.0 8.0 7.0 6.0 5.0 4.0 3.0 2.0 1.0 0.0 1.0 2.0 3.0 4.0 5.0 6.0 7.0 8.0 9.0 10.0 11.0 12.0 13.0 14.0 15.0 16.0 17.0 18.0 19.0 20.0 21.0 22.0 23.0 24.0 25.0 26.0 27.0 28.0 29.0 30.0 31.0 32.0 33.0 34.0 35.0 36.0 37.0 38.0 39.0 40.0 41.0 42.0 43.0 44.0 45.0 46.0 47.0 48.0 49.0 50.0 51.0 52.0 53.0 54.0 55.0 56.0 57.0 58.0 59.0 60.0 61.0 62.0 63.0 64.0 63.0 62.0 61.0 60.0 59.0 58.0 57.0 56.0 55.0 54.0 53.0 52.0 51.0 50.0 49.0 
49.0 48.0 47.0 46.0 45.0 44.0 43.0 42.0 41.0 40.0 39.0 38.0 37.0 36.0 35.0 34.0 33.0 32.0 31.0 30.0 29.0 28.0 27.0 26.0 25.0 24.0 23.0 22.0 21.0 20.0 19.0 18.0 17.0 16.0 15.0 14.0 13.0 12.0 11.0 10.0 9.0 8.0 7.0 6.0 5.0 4.0 3.0 2.0 1.0 0.0 1.0 2.0 3.0 4.0 5.0 6.0 7.0 8.0 9.0 10.0 11.0 12.0 13.0 14.0 15.0 16.0 17.0 18.0 19.0 20.0 21.0 22.0 23.0 24.0 25.0 26.0 27.0 28.0 29.0 30.0 31.0 32.0 33.0 34.0 35.0 36.0 37.0 38.0 39.0 40.0 41.0 42.0 43.0 44.0 45.0 46.0 47.0 48.0 49.0 50.0 51.0 52.0 53.0 54.0 55.0 56.0 57.0 58.0 59.0 60.0 61.0 62.0 63.0 64.0 63.0 62.0 61.0 60.0 59.0 58.0 57.0 56.0 55.0 54.0 53.0 52.0 51.0 50.0 
50.0 49.0 48.0 47.0 46.0 45.0 44.0 43.0 42.0 41.0 40.0 39.0 38.0 37.0 36.0 35.0 34.0 33.0 32.0 31.0 30.0 29.0 28.0 27.0 26.0 25.0 24.0 23.0 22.0 21.0 20.0 19.0 18.0 17.0 16.0 15.0 14.0 13.0 12.0 11.0 10.0 9.0 8.0 7.0 6.0 5.0 4.0 3.0 2.0 1.0 0.0 1.0 2.0 3.0 4.0 5.0 6.0 7.0 8.0 9.0 10.0 11.0 12.0 13.0 14.0 15.0 16.0 17.0 18.0 19.0 20.0 21.0 22.0 23.0 24.0 25.0 26.0 27.0 28.0 29.0 30.0 31.0 32.0 33.0 34.0 35.0 36.0 37.0 38.0 39.0 40.0 41.0 42.0 43.0 44.0 45.0 46.0 47.0 48.0 49.0 50.0 51.0 52.0 53.0 54.0 55.0 56.0 57.0 58.0 59.0 60.0 61.0 62.0 63.0 64.0 63.0 62.0 61.0 60.0 59.0 58.0 57.0 56.0 55.0 54.0 53.0 52.0 51.0 
51.0 50.0 49.0 48.0 47.0 46.0 45.0 44.0 43.0 42.0 41.0 40.0 39.0 38.0 37.0 36.0 35.0 34.0 33.0 32.0 31.0 30.0 29.0 28.0 27.0 26.0 25.0 24.0 23.0 22.0 21.0 20.0 19.0 18.0 17.0 16.0 15.0 14.0 13.0 12.0 11.0 10.0 9.0 8.0 7.0 6.0 5.0 4.0 3.0 2.0 1.0 0.0 1.0 2.0 3.0 4.0 5.0 6.0 7.0 8.0 9.0 10.0 11.0 12.0 13.0 14.0 15.0 16.0 17.0 18.0 19.0 20.0 21.0 22.0 23.0 24.0 25.0 26.0 27.0 28.0 29.0 30.0 31.0 32.0 33.0 34.0 35.0 36.0 37.0 38.0 39.0 40.0 41.0 42.0 43.0 44.0 45.0 46.0 47.0 48.0 49.0 50.0 51.0 52.0 53.0 54.0 55.0 56.0 57.0 58.0 59.0 60.0 61.0 62.0 63.0 64.0 63.0 62.0 61.0 60.0 59.0 58.0 57.0 56.0 55.0 54.0 53.0 52.0 
52.0 51.0 50.0 49.0 48.0 47.0 46.0 45.0 44.0 43.0 42.0 41.0 40.0 39.0 38.0 37.0 36.0 35.0 34.0 33.0 32.0 31.0 30.0 29.0 28.0 27.0 26.0 25.0 24.0 23.0 22.0 21.0 20.0 19.0 18.0 17.0 16.0 15.0 14.0 13.0 12.0 11.0 10.0 9.0 8.0 7.0 6.0 5.0 4.0 3.0 2.0 1.0 0.0 1.0 2.0 3.0 4.0 5.0 6.0 7.0 8.0 9.0 10.0 11.0 12.0 13.0 14.0 15.0 16.0 17.0 18.0 19.0 20.0 21.0 22.0 23.0 24.0 25.0 26.0 27.0 28.0 29.0 30.0 31.0 32.0 33.0 34.0 35.0 36.0 37.0 38.0 39.0 40.0 41.0 42.0 43.0 44.0 45.0 46.0 47.0 48.0 49.0 50.0 51.0 52.0 53.0 54.0 55.0 56.0 57.0 58.0 59.0 60.0 61.0 62.0 63.0 64.0 63.0 62.0 61.0 60.0 59.0 58.0 57.0 56.0 55.0 54.0 53.0 
53.0 52.0 51.0 50.0 49.0 48.0 47.0 46.0 45.0 44.0 43.0 42.0 41.0 40.0 39.0 38.0 37.0 36.0 35.0 34.0 33.0 32.0 31.0 30.0 29.0 28.0 27.0 26.0 25.0 24.0 23.0 22.0 21.0 20.0 19.0 18.0 17.0 16.0 15.0 14.0 13.0 12.0 11.0 10.0 9.0 8.0 7.0 6.0 5.0 4.0 3.0 2.0 1.0 0.0 1.0 2.0 3.0 4.0 5.0 6.0 7.0 8.0 9.0 10.0 11.0 12.0 13.0 14.0 15.0 16.0 17.0 18.0 19.0 20.0 21.0 22.0 23.0 24.0 25.0 26.0 27.0 28.0 29.0 30.0 31.0 32.0 33.0 34.0 35.0 36.0 37.0 38.0 39.0 40.0 41.0 42.0 43.0 44.0 45.0 46.0 47.0 48.0 49.0 50.0 51.0 52.0 53.0 54.0 55.0 56.0 57.0 58.0 59.0 60.0 61.0 62.0 63.0 64.0 63.0 62.0 61.0 60.0 59.0 58.0 57.0 56.0 55.0 54.0 
54.0 53.0 52.0 51.0 50.0 49.0 48.0 47.0 46.0 45.0 44.0 43.0 42.0 41.0 40.0 39.0 38.0 37.0 36.0 35.0 34.0 33.0 32.0 31.0 30.0 29.0 28.0 27.0 26.0 25.0 24.0 23.0 22.0 21.0 20.0 19.0 18.0 17.0 16.0 15.0 14.0 13.0 12.0 11.0 10.0 9.0 8.0 7.0 6.0 5.0 4.0 3.0 2.0 1.0 0.0 1.0 2.0 3.0 4.0 5.0 6.0 7.0 8.0 9.0 10.0 11.0 12.0 13.0 14.0 15.0 16.0 17.0 18.0 19.0 20.0 21.0 22.0 23.0 24.0 25.0 26.0 27.0 28.0 29.0 30.0 31.0 32.0 33.0 34.0 35.0 36.0 37.0 38.0 39.0 40.0 41.0 42.0 43.0 44.0 45.0 46.0 47.0 48.0 49.0 50.0 51.0 52.0 53.0 54.0 55.0 56.0 57.0 58.0 59.0 60.0 61.0 62.0 63.0 64.0 63.0 62.0 61.0 60.0 59.0 58.0 57.0 56.0 55.0 
55.0 54.0 53.0 52.0 51.0 50.0 49.0 48.0 47.0 46.0 45.0 44.0 43.0 42.0 41.0 40.0 39.0 38.0 37.0 36.0 35.0 34.0 33.0 32.0 31.0 30.0 29.0 28.0 27.0 26.0 25.0 24.0 23.0 22.0 21.0 20.0 19.0 18.0 17.0 16.0 15.0 14.0 13.0 12.0 11.0 10.0 9.0 8.0 7.0 6.0 5.0 4.0 3.0 2.0 1.0 0.0 1.0 2.0 3.0 4.0 5.0 6.0 7.0 8.0 9.0 10.0 11.0 12.0 13.0 14.0 15.0 16.0 17.0 18.0 19.0 20.0 21.0 22.0 23.0 24.0 25.0 26.0 27.0 28.0 29.0 30.0 31.0 32.0 33.0 34.0 35.0 36.0 37.0 38.0 39.0 40.0 41.0 42.0 43.0 44.0 45.0 46.0 47.0 48.0 49.0 50.0 51.0 52.0 53.0 54.0 55.0 56.0 57.0 58.0 59.0 60.0 61.0 62.0 63.0 64.0 63.0 62.0 61.0 60.0 59.0 58.0 57.0 56.0 
56.0 55.0 54.0 53.0 52.0 51.0 50.0 49.0 48.0 47.0 46.0 45.0 44.0 43.0 42.0 41.0 40.0 39.0 38.0 37.0 36.0 35.0 34.0 33.0 32.0 31.0 30.0 29.0 28.0 27.0 26.0 25.0 24.0 23.0 22.0 21.0 20.0 19.0 18.0 17.0 16.0 15.0 14.0 13.0 12.0 11.0 10.0 9.0 8.0 7.0 6.0 5.0 4.0 3.0 2.0 1.0 0.0 1.0 2.0 3.0 4.0 5.0 6.0 7.0 8.0 9.0 10.0 11.0 12.0 13.0 14.0 15.0 16.0 17.0 18.0 19.0 20.0 21.0 22.0 23.0 24.0 25.0 26.0 27.0 28.0 29.0 30.0 31.0 32.0 33.0 34.0 35.0 36.0 37.0 38.0 39.0 40.0 41.0 42.0 43.0 44.0 45.0 46.0 47.0 48.0 49.0 50.0 51.0 52.0 53.0 54.0 55.0 56.0 57.0 58.0 59.0 60.0 61.0 62.0 63.0 64.0 63.0 62.0 61.0 60.0 59.0 58.0 57.0 
57.0 56.0 55.0 54.0 53.0 52.0 51.0 50.0 49.0 48.0 47.0 46.0 45.0 44.0 43.0 42.0 41.0 40.0 39.0 38.0 37.0 36.0 35.0 34.0 33.0 32.0 31.0 30.0 29.0 28.0 27.0 26.0 25.0 24.0 23.0 22.0 21.0 20.0 19.0 18.0 17.0 16.0 15.0 14.0 13.0 12.0 11.0 10.0 9.0 8.0 7.0 6.0 5.0 4.0 3.0 2.0 1.0 0.0 1.0 2.0 3.0 4.0 5.0 6.0 7.0 8.0 9.0 10.0 11.0 12.0 13.0 14.0 15.0 16.0 17.0 18.0 19.0 20.0 21.0 22.0 23.0 24.0 25.0 26.0 27.0 28.0 29.0 30.0 31.0 32.0 33.0 34.0 35.0 36.0 37.0 38.0 39.0 40.0 41.0 42.0 43.0 44.0 45.0 46.0 47.0 48.0 49.0 50.0 51.0 52.0 53.0 54.0 55.0 56.0 57.0 58.0 59.0 60.0 61.0 62.0 63.0 64.0 63.0 62.0 61.0 60.0 59.0 58.0 
58.0 57.0 56.0 55.0 54.0 53.0 52.0 51.0 50.0 49.0 48.0 47.0 46.0 45.0 44.0 43.0 42.0 41.0 40.0 39.0 38.0 37.0 36.0 35.0 34.0 33.0 32.0 31.0 30.0 29.0 28.0 27.0 26.0 25.0 24.0 23.0 22.0 21.0 20.0 19.0 18.0 17.0 16.0 15.0 14.0 13.0 12.0 11.0 10.0 9.0 8.0 7.0 6.0 5.0 4.0 3.0 2.0 1.0 0.0 1.0 2.0 3.0 4.0 5.0 6.0 7.0 8.0 9.0 10.0 11.0 12.0 13.0 14.0 15.0 16.0 17.0 18.0 19.0 20.0 21.0 22.0 23.0 24.0 25.0 26.0 27.0 28.0 29.0 30.0 31.0 32.0 33.0 34.0 35.0 36.0 37.0 38.0 39.0 40.0 41.0 42.0 43.0 44.0 45.0 46.0 47.0 48.0 49.0 50.0 51.0 52.0 53.0 54.0 55.0 56.0 57.0 58.0 59.0 60.0 61.0 62.0 63.0 64.0 63.0 62.0 61.0 60.0 59.0 
59.0 58.0 57.0 56.0 55.0 54.0 53.0 52.0 51.0 50.0 49.0 48.0 47.0 46.0 45.0 44.0 43.0 42.0 41.0 40.0 39.0 38.0 37.0 36.0 35.0 34.0 33.0 32.0 31.0 30.0 29.0 28.0 27.0 26.0 25.0 24.0 23.0 22.0 21.0 20.0 19.0 18.0 17.0 16.0 15.0 14.0 13.0 12.0 11.0 10.0 9.0 8.0 7.0 6.0 5.0 4.0 3.0 2.0 1.0 0.0 1.0 2.0 3.0 4.0 5.0 6.0 7.0 8.0 9.0 10.0 11.0 12.0 13.0 14.0 15.0 16.0 17.0 18.0 19.0 20.0 21.0 22.0 23.0 24.0 25.0 26.0 27.0 28.0 29.0 30.0 31.0 32.0 33.0 34.0 35.0 36.0 37.0 38.0 39.0 40.0 41.0 42.0 43.0 44.0 45.0 46.0 47.0 48.0 49.0 50.0 51.0 52.0 53.0 54.0 55.0 56.0 57.0 58.0 59.0 60.0 61.0 62.0 63.0 64.0 63.0 62.0 61.0 60.0 
60.0 59.0 58.0 57.0 56.0 55.0 54.0 53.0 52.0 51.0 50.0 49.0 48.0 47.0 46.0 45.0 44.0 43.0 42.0 41.0 40.0 39.0 38.0 37.0 36.0 35.0 34.0 33.0 32.0 31.0 30.0 29.0 28.0 27.0 26.0 25.0 24.0 23.0 22.0 21.0 20.0 19.0 18.0 17.0 16.0 15.0 14.0 13.0 12.0 11.0 10.0 9.0 8.0 7.0 6.0 5.0 4.0 3.0 2.0 1.0 0.0 1.0 2.0 3.0 4.0 5.0 6.0 7.0 8.0 9.0 10.0 11.0 12.0 13.0 14.0 15.0 16.0 17.0 18.0 19.0 20.0 21.0 22.0 23.0 24.0 25.0 26.0 27.0 28.0 29.0 30.0 31.0 32.0 33.0 34.0 35.0 36.0 37.0 38.0 39.0 40.0 41.0 42.0 43.0 44.0 45.0 46.0 47.0 48.0 49.0 50.0 51.0 52.0 53.0 54.0 55.0 56.0 57.0 58.0 59.0 60.0 61.0 62.0 63.0 64.0 63.0 62.0 61.0 
61.0 60.0 59.0 58.0 57.0 56.0 55.0 54.0 53.0 52.0 51.0 50.0 49.0 48.0 47.0 46.0 45.0 44.0 43.0 42.0 41.0 40.0 39.0 38.0 37.0 36.0 35.0 34.0 33.0 32.0 31.0 30.0 29.0 28.0 27.0 26.0 25.0 24.0 23.0 22.0 21.0 20.0 19.0 18.0 17.0 16.0 15.0 14.0 13.0 12.0 11.0 10.0 9.0 8.0 7.0 6.0 5.0 4.0 3.0 2.0 1.0 0.0 1.0 2.0 3.0 4.0 5.0 6.0 7.0 8.0 9.0 10.0 11.0 12.0 13.0 14.0 15.0 16.0 17.0 18.0 19.0 20.0 21.0 22.0 23.0 24.0 25.0 26.0 27.0 28.0 29.0 30.0 31.0 32.0 33.0 34.0 35.0 36.0 37.0 38.0 39.0 40.0 41.0 42.0 43.0 44.0 45.0 46.0 47.0 48.0 49.0 50.0 51.0 52.0 53.0 54.0 55.0 56.0 57.0 58.0 59.0 60.0 61.0 62.0 63.0 64.0 63.0 62.0 
62.0 61.0 60.0 59.0 58.0 57.0 56.0 55.0 54.0 53.0 52.0 51.0 50.0 49.0 48.0 47.0 46.0 45.0 44.0 43.0 42.0 41.0 40.0 39.0 38.0 37.0 36.0 35.0 34.0 33.0 32.0 31.0 30.0 29.0 28.0 27.0 26.0 25.0 24.0 23.0 22.0 21.0 20.0 19.0 18.0 17.0 16.0 15.0 14.0 13.0 12.0 11.0 10.0 9.0 8.0 7.0 6.0 5.0 4.0 3.0 2.0 1.0 0.0 1.0 2.0 3.0 4.0 5.0 6.0 7.0 8.0 9.0 10.0 11.0 12.0 13.0 14.0 15.0 16.0 17.0 18.0 19.0 20.0 21.0 22.0 23.0 24.0 25.0 26.0 27.0 28.0 29.0 30.0 31.0 32.0 33.0 34.0 35.0 36.0 37.0 38.0 39.0 40.0 41.0 42.0 43.0 44.0 45.0 46.0 47.0 48.0 49.0 50.0 51.0 52.0 53.0 54.0 55.0 56.0 57.0 58.0 59.0 60.0 61.0 62.0 63.0 64.0 63.0 
63.0 62.0 61.0 60.0 59.0 58.0 57.0 56.0 55.0 54.0 53.0 52.0 51.0 50.0 49.0 48.0 47.0 46.0 45.0 44.0 43.0 42.0 41.0 40.0 39.0 38.0 37.0 36.0 35.0 34.0 33.0 32.0 31.0 30.0 29.0 28.0 27.0 26.0 25.0 24.0 23.0 22.0 21.0 20.0 19.0 18.0 17.0 16.0 15.0 14.0 13.0 12.0 11.0 10.0 9.0 8.0 7.0 6.0 5.0 4.0 3.0 2.0 1.0 0.0 1.0 2.0 3.0 4.0 5.0 6.0 7.0 8.0 9.0 10.0 11.0 12.0 13.0 14.0 15.0 16.0 17.0 18.0 19.0 20.0 21.0 22.0 23.0 24.0 25.0 26.0 27.0 28.0 29.0 30.0 31.0 32.0 33.0 34.0 35.0 36.0 37.0 38.0 39.0 40.0 41.0 42.0 43.0 44.0 45.0 46.0 47.0 48.0 49.0 50.0 51.0 52.0 53.0 54.0 55.0 56.0 57.0 58.0 59.0 60.0 61.0 62.0 63.0 64.0 
64.0 63.0 62.0 61.0 60.0 59.0 58.0 57.0 56.0 55.0 54.0 53.0 52.0 51.0 50.0 49.0 48.0 47.0 46.0 45.0 44.0 43.0 42.0 41.0 40.0 39.0 38.0 37.0 36.0 35.0 34.0 33.0 32.0 31.0 30.0 29.0 28.0 27.0 26.0 25.0 24.0 23.0 22.0 21.0 20.0 19.0 18.0 17.0 16.0 15.0 14.0 13.0 12.0 11.0 10.0 9.0 8.0 7.0 6.0 5.0 4.0 3.0 2.0 1.0 0.0 1.0 2.0 3.0 4.0 5.0 6.0 7.0 8.0 9.0 10.0 11.0 12.0 13.0 14.0 15.0 16.0 17.0 18.0 19.0 20.0 21.0 22.0 23.0 24.0 25.0 26.0 27.0 28.0 29.0 30.0 31.0 32.0 33.0 34.0 35.0 36.0 37.0 38.0 39.0 40.0 41.0 42.0 43.0 44.0 45.0 46.0 47.0 48.0 49.0 50.0 51.0 52.0 53.0 54.0 55.0 56.0 57.0 58.0 59.0 60.0 61.0 62.0 63.0 
63.0 64.0 63.0 62.0 61.0 60.0 59.0 58.0 57.0 56.0 55.0 54.0 53.0 52.0 51.0 50.0 49.0 48.0 47.0 46.0 45.0 44.0 43.0 42.0 41.0 40.0 39.0 38.0 37.0 36.0 35.0 34.0 33.0 32.0 31.0 30.0 29.0 28.0 27.0 26.0 25.0 24.0 23.0 22.0 21.0 20.0 19.0 18.0 17.0 16.0 15.0 14.0 13.0 12.0 11.0 10.0 9.0 8.0 7.0 6.0 5.0 4.0 3.0 2.0 1.0 0.0 1.0 2.0 3.0 4.0 5.0 6.0 7.0 8.0 9.0 10.0 11.0 12.0 13.0 14.0 15.0 16.0 17.0 18.0 19.0 20.0 21.0 22.0 23.0 24.0 25.0 26.0 27.0 28.0 29.0 30.0 31.0 32.0 33.0 34.0 35.0 36.0 37.0 38.0 39.0 40.0 41.0 42.0 43.0 44.0 45.0 46.0 47.0 48.0 49.0 50.0 51.0 52.0 53.0 54.0 55.0 56.0 57.0 58.0 59.0 60.0 61.0 62.0 
62.0 63.0 64.0 63.0 62.0 61.0 60.0 59.0 58.0 57.0 56.0 55.0 54.0 53.0 52.0 51.0 50.0 49.0 48.0 47.0 46.0 45.0 44.0 43.0 42.0 41.0 40.0 39.0 38.0 37.0 36.0 35.0 34.0 33.0 32.0 31.0 30.0 29.0 28.0 27.0 26.0 25.0 24.0 23.0 22.0 21.0 20.0 19.0 18.0 17.0 16.0 15.0 14.0 13.0 12.0 11.0 10.0 9.0 8.0 7.0 6.0 5.0 4.0 3.0 2.0 1.0 0.0 1.0 2.0 3.0 4.0 5.0 6.0 7.0 8.0 9.0 10.0 11.0 12.0 13.0 14.0 15.0 16.0 17.0 18.0 19.0 20.0 21.0 22.0 23.0 24.0 25.0 26.0 27.0 28.0 29.0 30.0 31.0 32.0 33.0 34.0 35.0 36.0 37.0 38.0 39.0 40.0 41.0 42.0 43.0 44.0 45.0 46.0 47.0 48.0 49.0 50.0 51.0 52.0 53.0 54.0 55.0 56.0 57.0 58.0 59.0 60.0 61.0 
61.0 62.0 63.0 64.0 63.0 62.0 61.0 60.0 59.0 58.0 57.0 56.0 55.0 54.0 53.0 52.0 51.0 50.0 49.0 48.0 47.0 46.0 45.0 44.0 43.0 42.0 41.0 40.0 39.0 38.0 37.0 36.0 35.0 34.0 33.0 32.0 31.0 30.0 29.0 28.0 27.0 26.0 25.0 24.0 23.0 22.0 21.0 20.0 19.0 18.0 17.0 16.0 15.0 14.0 13.0 12.0 11.0 10.0 9.0 8.0 7.0 6.0 5.0 4.0 3.0 2.0 1.0 0.0 1.0 2.0 3.0 4.0 5.0 6.0 7.0 8.0 9.0 10.0 11.0 12.0 13.0 14.0 15.0 16.0 17.0 18.0 19.0 20.0 21.0 22.0 23.0 24.0 25.0 26.0 27.0 28.0 29.0 30.0 31.0 32.0 33.0 34.0 35.0 36.0 37.0 38.0 39.0 40.0 41.0 42.0 43.0 44.0 45.0 46.0 47.0 48.0 49.0 50.0 51.0 52.0 53.0 54.0 55.0 56.0 57.0 58.0 59.0 60.0 
60.0 61.0 62.0 63.0 64.0 63.0 62.0 61.0 60.0 59.0 58.0 57.0 56.0 55.0 54.0 53.0 52.0 51.0 50.0 49.0 48.0 47.0 46.0 45.0 44.0 43.0 42.0 41.0 40.0 39.0 38.0 37.0 36.0 35.0 34.0 33.0 32.0 31.0 30.0 29.0 28.0 27.0 26.0 25.0 24.0 23.0 22.0 21.0 20.0 19.0 18.0 17.0 16.0 15.0 14.0 13.0 12.0 11.0 10.0 9.0 8.0 7.0 6.0 5.0 4.0 3.0 2.0 1.0 0.0 1.0 2.0 3.0 4.0 5.0 6.0 7.0 8.0 9.0 10.0 11.0 12.0 13.0 14.0 15.0 16.0 17.0 18.0 19.0 20.0 21.0 22.0 23.0 24.0 25.0 26.0 27.0 28.0 29.0 30.0 31.0 32.0 33.0 34.0 35.0 36.0 37.0 38.0 39.0 40.0 41.0 42.0 43.0 44.0 45.0 46.0 47.0 48.0 49.0 50.0 51.0 52.0 53.0 54.0 55.0 56.0 57.0 58.0 59.0 
59.0 60.0 61.0 62.0 63.0 64.0 63.0 62.0 61.0 60.0 59.0 58.0 57.0 56.0 55.0 54.0 53.0 52.0 51.0 50.0 49.0 48.0 47.0 46.0 45.0 44.0 43.0 42.0 41.0 40.0 39.0 38.0 37.0 36.0 35.0 34.0 33.0 32.0 31.0 30.0 29.0 28.0 27.0 26.0 25.0 24.0 23.0 22.0 21.0 20.0 19.0 18.0 17.0 16.0 15.0 14.0 13.0 12.0 11.0 10.0 9.0 8.0 7.0 6.0 5.0 4.0 3.0 2.0 1.0 0.0 1.0 2.0 3.0 4.0 5.0 6.0 7.0 8.0 9.0 10.0 11.0 12.0 13.0 14.0 15.0 16.0 17.0 18.0 19.0 20.0 21.0 22.0 23.0 24.0 25.0 26.0 27.0 28.0 29.0 30.0 31.0 32.0 33.0 34.0 35.0 36.0 37.0 38.0 39.0 40.0 41.0 42.0 43.0 44.0 45.0 46.0 47.0 48.0 49.0 50.0 51.0 52.0 53.0 54.0 55.0 56.0 57.0 58.0 
58.0 59.0 60.0 61.0 62.0 63.0 64.0 63.0 62.0 61.0 60.0 59.0 58.0 57.0 56.0 55.0 54.0 53.0 52.0 51.0 50.0 49.0 48.0 47.0 46.0 45.0 44.0 43.0 42.0 41.0 40.0 39.0 38.0 37.0 36.0 35.0 34.0 33.0 32.0 31.0 30.0 29.0 28.0 27.0 26.0 25.0 24.0 23.0 22.0 21.0 20.0 19.0 18.0 17.0 16.0 15.0 14.0 13.0 12.0 11.0 10.0 9.0 8.0 7.0 6.0 5.0 4.0 3.0 2.0 1.0 0.0 1.0 2.0 3.0 4.0 5.0 6.0 7.0 8.0 9.0 10.0 11.0 12.0 13.0 14.0 15.0 16.0 17.0 18.0 19.0 20.0 21.0 22.0 23.0 24.0 25.0 26.0 27.0 28.0 29.0 30.0 31.0 32.0 33.0 34.0 35.0 36.0 37.0 38.0 39.0 40.0 41.0 42.0 43.0 44.0 45.0 46.0 47.0 48.0 49.0 50.0 51.0 52.0 53.0 54.0 55.0 56.0 57.0 
57.0 58.0 59.0 60.0 61.0 62.0 63.0 64.0 63.0 62.0 61.0 60.0 59.0 58.0 57.0 56.0 55.0 54.0 53.0 52.0 51.0 50.0 49.0 48.0 47.0 46.0 45.0 44.0 43.0 42.0 41.0 40.0 39.0 38.0 37.0 36.0 35.0 34.0 33.0 32.0 31.0 30.0 29.0 28.0 27.0 26.0 25.0 24.0 23.0 22.0 21.0 20.0 19.0 18.0 17.0 16.0 15.0 14.0 13.0 12.0 11.0 10.0 9.0 8.0 7.0 6.0 5.0 4.0 3.0 2.0 1.0 0.0 1.0 2.0 3.0 4.0 5.0 6.0 7.0 8.0 9.0 10.0 11.0 12.0 13.0 14.0 15.0 16.0 17.0 18.0 19.0 20.0 21.0 22.0 23.0 24.0 25.0 26.0 27.0 28.0 29.0 30.0 31.0 32.0 33.0 34.0 35.0 36.0 37.0 38.0 39.0 40.0 41.0 42.0 43.0 44.0 45.0 46.0 47.0 48.0 49.0 50.0 51.0 52.0 53.0 54.0 55.0 56.0 
56.0 57.0 58.0 59.0 60.0 61.0 62.0 63.0 64.0 63.0 62.0 61.0 60.0 59.0 58.0 57.0 56.0 55.0 54.0 53.0 52.0 51.0 50.0 49.0 48.0 47.0 46.0 45.0 44.0 43.0 42.0 41.0 40.0 39.0 38.0 37.0 36.0 35.0 34.0 33.0 32.0 31.0 30.0 29.0 28.0 27.0 26.0 25.0 24.0 23.0 22.0 21.0 20.0 19.0 18.0 17.0 16.0 15.0 14.0 13.0 12.0 11.0 10.0 9.0 8.0 7.0 6.0 5.0 4.0 3.0 2.0 1.0 0.0 1.0 2.0 3.0 4.0 5.0 6.0 7.0 8.0 9.0 10.0 11.0 12.0 13.0 14.0 15.0 16.0 17.0 18.0 19.0 20.0 21.0 22.0 23.0 24.0 25.0 26.0 27.0 28.0 29.0 30.0 31.0 32.0 33.0 34.0 35.0 36.0 37.0 38.0 39.0 40.0 41.0 42.0 43.0 44.0 45.0 46.0 47.0 48.0 49.0 50.0 51.0 52.0 53.0 54.0 55.0 
55.0 56.0 57.0 58.0 59.0 60.0 61.0 62.0 63.0 64.0 63.0 62.0 61.0 60.0 59.0 58.0 57.0 56.0 55.0 54.0 53.0 52.0 51.0 50.0 49.0 48.0 47.0 46.0 45.0 44.0 43.0 42.0 41.0 40.0 39.0 38.0 37.0 36.0 35.0 34.0 33.0 32.0 31.0 30.0 29.0 28.0 27.0 26.0 25.0 24.0 23.0 22.0 21.0 20.0 19.0 18.0 17.0 16.0 15.0 14.0 13.0 12.0 11.0 10.0 9.0 8.0 7.0 6.0 5.0 4.0 3.0 2.0 1.0 0.0 1.0 2.0 3.0 4.0 5.0 6.0 7.0 8.0 9.0 10.0 11.0 12.0 13.0 14.0 15.0 16.0 17.0 18.0 19.0 20.0 21.0 22.0 23.0 24.0 25.0 26.0 27.0 28.0 29.0 30.0 31.0 32.0 33.0 34.0 35.0 36.0 37.0 38.0 39.0 40.0 41.0 42.0 43.0 44.0 45.0 46.0 47.0 48.0 49.0 50.0 51.0 52.0 53.0 54.0 
54.0 55.0 56.0 57.0 58.0 59.0 60.0 61.0 62.0 63.0 64.0 63.0 62.0 61.0 60.0 59.0 58.0 57.0 56.0 55.0 54.0 53.0 52.0 51.0 50.0 49.0 48.0 47.0 46.0 45.0 44.0 43.0 42.0 41.0 40.0 39.0 38.0 37.0 36.0 35.0 34.0 33.0 32.0 31.0 30.0 29.0 28.0 27.0 26.0 25.0 24.0 23.0 22.0 21.0 20.0 19.0 18.0 17.0 16.0 15.0 14.0 13.0 12.0 11.0 10.0 9.0 8.0 7.0 6.0 5.0 4.0 3.0 2.0 1.0 0.0 1.0 2.0 3.0 4.0 5.0 6.0 7.0 8.0 9.0 10.0 11.0 12.0 13.0 14.0 15.0 16.0 17.0 18.0 19.0 20.0 21.0 22.0 23.0 24.0 25.0 26.0 27.0 28.0 29.0 30.0 31.0 32.0 33.0 34.0 35.0 36.0 37.0 38.0 39.0 40.0 41.0 42.0 43.0 44.0 45.0 46.0 47.0 48.0 49.0 50.0 51.0 52.0 53.0 
53.0 54.0 55.0 56.0 57.0 58.0 59.0 60.0 61.0 62.0 63.0 64.0 63.0 62.0 61.0 60.0 59.0 58.0 57.0 56.0 55.0 54.0 53.0 52.0 51.0 50.0 49.0 48.0 47.0 46.0 45.0 44.0 43.0 42.0 41.0 40.0 39.0 38.0 37.0 36.0 35.0 34.0 33.0 32.0 31.0 30.0 29.0 28.0 27.0 26.0 25.0 24.0 23.0 22.0 21.0 20.0 19.0 18.0 17.0 16.0 15.0 14.0 13.0 12.0 11.0 10.0 9.0 8.0 7.0 6.0 5.0 4.0 3.0 2.0 1.0 0.0 1.0 2.0 3.0 4.0 5.0 6.0 7.0 8.0 9.0 10.0 11.0 12.0 13.0 14.0 15.0 16.0 17.0 18.0 19.0 20.0 21.0 22.0 23.0 24.0 25.0 26.0 27.0 28.0 29.0 30.0 31.0 32.0 33.0 34.0 35.0 36.0 37.0 38.0 39.0 40.0 41.0 42.0 43.0 44.0 45.0 46.0 47.0 48.0 49.0 50.0 51.0 52.0 
52.0 53.0 54.0 55.0 56.0 57.0 58.0 59.0 60.0 61.0 62.0 63.0 64.0 63.0 62.0 61.0 60.0 59.0 58.0 57.0 56.0 55.0 54.0 53.0 52.0 51.0 50.0 49.0 48.0 47.0 46.0 45.0 44.0 43.0 42.0 41.0 40.0 39.0 38.0 37.0 36.0 35.0 34.0 33.0 32.0 31.0 30.0 29.0 28.0 27.0 26.0 25.0 24.0 23.0 22.0 21.0 20.0 19.0 18.0 17.0 16.0 15.0 14.0 13.0 12.0 11.0 10.0 9.0 8.0 7.0 6.0 5.0 4.0 3.0 2.0 1.0 0.0 1.0 2.0 3.0 4.0 5.0 6.0 7.0 8.0 9.0 10.0 11.0 12.0 13.0 14.0 15.0 16.0 17.0 18.0 19.0 20.0 21.0 22.0 23.0 24.0 25.0 26.0 27.0 28.0 29.0 30.0 31.0 32.0 33.0 34.0 35.0 36.0 37.0 38.0 39.0 40.0 41.0 42.0 43.0 44.0 45.0 46.0 47.0 48.0 49.0 50.0 51.0 
51.0 52.0 53.0 54.0 55.0 56.0 57.0 58.0 59.0 60.0 61.0 62.0 63.0 64.0 63.0 62.0 61.0 60.0 59.0 58.0 57.0 56.0 55.0 54.0 53.0 52.0 51.0 50.0 49.0 48.0 47.0 46.0 45.0 44.0 43.0 42.0 41.0 40.0 39.0 38.0 37.0 36.0 35.0 34.0 33.0 32.0 31.0 30.0 29.0 28.0 27.0 26.0 25.0 24.0 23.0 22.0 21.0 20.0 19.0 18.0 17.0 16.0 15.0 14.0 13.0 12.0 11.0 10.0 9.0 8.0 7.0 6.0 5.0 4.0 3.0 2.0 1.0 0.0 1.0 2.0 3.0 4.0 5.0 6.0 7.0 8.0 9.0 10.0 11.0 12.0 13.0 14.0 15.0 16.0 17.0 18.0 19.0 20.0 21.0 22.0 23.0 24.0 25.0 26.0 27.0 28.0 29.0 30.0 31.0 32.0 33.0 34.0 35.0 36.0 37.0 38.0 39.0 40.0 41.0 42.0 43.0 44.0 45.0 46.0 47.0 48.0 49.0 50.0 
50.0 51.0 52.0 53.0 54.0 55.0 56.0 57.0 58.0 59.0 60.0 61.0 62.0 63.0 64.0 63.0 62.0 61.0 60.0 59.0 58.0 57.0 56.0 55.0 54.0 53.0 52.0 51.0 50.0 49.0 48.0 47.0 46.0 45.0 44.0 43.0 42.0 41.0 40.0 39.0 38.0 37.0 36.0 35.0 34.0 33.0 32.0 31.0 30.0 29.0 28.0 27.0 26.0 25.0 24.0 23.0 22.0 21.0 20.0 19.0 18.0 17.0 16.0 15.0 14.0 13.0 12.0 11.0 10.0 9.0 8.0 7.0 6.0 5.0 4.0 3.0 2.0 1.0 0.0 1.0 2.0 3.0 4.0 5.0 6.0 7.0 8.0 9.0 10.0 11.0 12.0 13.0 14.0 15.0 16.0 17.0 18.0 19.0 20.0 21.0 22.0 23.0 24.0 25.0 26.0 27.0 28.0 29.0 30.0 31.0 32.0 33.0 34.0 35.0 36.0 37.0 38.0 39.0 40.0 41.0 42.0 43.0 44.0 45.0 46.0 47.0 48.0 49.0 
49.0 50.0 51.0 52.0 53.0 54.0 55.0 56.0 57.0 58.0 59.0 60.0 61.0 62.0 63.0 64.0 63.0 62.0 61.0 60.0 59.0 58.0 57.0 56.0 55.0 54.0 53.0 52.0 51.0 50.0 49.0 48.0 47.0 46.0 45.0 44.0 43.0 42.0 41.0 40.0 39.0 38.0 37.0 36.0 35.0 34.0 33.0 32.0 31.0 30.0 29.0 28.0 27.0 26.0 25.0 24.0 23.0 22.0 21.0 20.0 19.0 18.0 17.0 16.0 15.0 14.0 13.0 12.0 11.0 10.0 9.0 8.0 7.0 6.0 5.0 4.0 3.0 2.0 1.0 0.0 1.0 2.0 3.0 4.0 5.0 6.0 7.0 8.0 9.0 10.0 11.0 12.0 13.0 14.0 15.0 16.0 17.0 18.0 19.0 20.0 21.0 22.0 23.0 24.0 25.0 26.0 27.0 28.0 29.0 30.0 31.0 32.0 33.0 34.0 35.0 36.0 37.0 38.0 39.0 40.0 41.0 42.0 43.0 44.0 45.0 46.0 47.0 48.0 
48.0 49.0 50.0 51.0 52.0 53.0 54.0 55.0 56.0 57.0 58.0 59.0 60.0 61.0 62.0 63.0 64.0 63.0 62.0 61.0 60.0 59.0 58.0 57.0 56.0 55.0 54.0 53.0 52.0 51.0 50.0 49.0 48.0 47.0 46.0 45.0 44.0 43.0 42.0 41.0 40.0 39.0 38.0 37.0 36.0 35.0 34.0 33.0 32.0 31.0 30.0 29.0 28.0 27.0 26.0 25.0 24.0 23.0 22.0 21.0 20.0 19.0 18.0 17.0 16.0 15.0 14.0 13.0 12.0 11.0 10.0 9.0 8.0 7.0 6.0 5.0 4.0 3.0 2.0 1.0 0.0 1.0 2.0 3.0 4.0 5.0 6.0 7.0 8.0 9.0 10.0 11.0 12.0 13.0 14.0 15.0 16.0 17.0 18.0 19.0 20.0 21.0 22.0 23.0 24.0 25.0 26.0 27.0 28.0 29.0 30.0 31.0 32.0 33.0 34.0 35.0 36.0 37.0 38.0 39.0 40.0 41.0 42.0 43.0 44.0 45.0 46.0 47.0 
47.0 48.0 49.0 50.0 51.0 52.0 53.0 54.0 55.0 56.0 57.0 58.0 59.0 60.0 61.0 62.0 63.0 64.0 63.0 62.0 61.0 60.0 59.0 58.0 57.0 56.0 55.0 54.0 53.0 52.0 51.0 50.0 49.0 48.0 47.0 46.0 45.0 44.0 43.0 42.0 41.0 40.0 39.0 38.0 37.0 36.0 35.0 34.0 33.0 32.0 31.0 30.0 29.0 28.0 27.0 26.0 25.0 24.0 23.0 22.0 21.0 20.0 19.0 18.0 17.0 16.0 15.0 14.0 13.0 12.0 11.0 10.0 9.0 8.0 7.0 6.0 5.0 4.0 3.0 2.0 1.0 0.0 1.0 2.0 3.0 4.0 5.0 6.0 7.0 8.0 9.0 10.0 11.0 12.0 13.0 14.0 15.0 16.0 17.0 18.0 19.0 20.0 21.0 22.0 23.0 24.0 25.0 26.0 27.0 28.0 29.0 30.0 31.0 32.0 33.0 34.0 35.0 36.0 37.0 38.0 39.0 40.0 41.0 42.0 43.0 44.0 45.0 46.0 
46.0 47.0 48.0 49.0 50.0 51.0 52.0 53.0 54.0 55.0 56.0 57.0 58.0 59.0 60.0 61.0 62.0 63.0 64.0 63.0 62.0 61.0 60.0 59.0 58.0 57.0 56.0 55.0 54.0 53.0 52.0 51.0 50.0 49.0 48.0 47.0 46.0 45.0 44.0 43.0 42.0 41.0 40.0 39.0 38.0 37.0 36.0 35.0 34.0 33.0 32.0 31.0 30.0 29.0 28.0 27.0 26.0 25.0 24.0 23.0 22.0 21.0 20.0 19.0 18.0 17.0 16.0 15.0 14.0 13.0 12.0 11.0 10.0 9.0 8.0 7.0 6.0 5.0 4.0 3.0 2.0 1.0 0.0 1.0 2.0 3.0 4.0 5.0 6.0 7.0 8.0 9.0 10.0 11.0 12.0 13.0 14.0 15.0 16.0 17.0 18.0 19.0 20.0 21.0 22.0 23.0 24.0 25.0 26.0 27.0 28.0 29.0 30.0 31.0 32.0 33.0 34.0 35.0 36.0 37.0 38.0 39.0 40.0 41.0 42.0 43.0 44.0 45.0 
45.0 46.0 47.0 48.0 49.0 50.0 51.0 52.0 53.0 54.0 55.0 56.0 57.0 58.0 59.0 60.0 61.0 62.0 63.0 64.0 63.0 62.0 61.0 60.0 59.0 58.0 57.0 56.0 55.0 54.0 53.0 52.0 51.0 50.0 49.0 48.0 47.0 46.0 45.0 44.0 43.0 42.0 41.0 40.0 39.0 38.0 37.0 36.0 35.0 34.0 33.0 32.0 31.0 30.0 29.0 28.0 27.0 26.0 25.0 24.0 23.0 22.0 21.0 20.0 19.0 18.0 17.0 16.0 15.0 14.0 13.0 12.0 11.0 10.0 9.0 8.0 7.0 6.0 5.0 4.0 3.0 2.0 1.0 0.0 1.0 2.0 3.0 4.0 5.0 6.0 7.0 8.0 9.0 10.0 11.0 12.0 13.0 14.0 15.0 16.0 17.0 18.0 19.0 20.0 21.0 22.0 23.0 24.0 25.0 26.0 27.0 28.0 29.0 30.0 31.0 32.0 33.0 34.0 35.0 36.0 37.0 38.0 39.0 40.0 41.0 42.0 43.0 44.0 
44.0 45.0 46.0 47.0 48.0 49.0 50.0 51.0 52.0 53.0 54.0 55.0 56.0 57.0 58.0 59.0 60.0 61.0 62.0 63.0 64.0 63.0 62.0 61.0 60.0 59.0 58.0 57.0 56.0 55.0 54.0 53.0 52.0 51.0 50.0 49.0 48.0 47.0 46.0 45.0 44.0 43.0 42.0 41.0 40.0 39.0 38.0 37.0 36.0 35.0 34.0 33.0 32.0 31.0 30.0 29.0 28.0 27.0 26.0 25.0 24.0 23.0 22.0 21.0 20.0 19.0 18.0 17.0 16.0 15.0 14.0 13.0 12.0 11.0 10.0 9.0 8.0 7.0 6.0 5.0 4.0 3.0 2.0 1.0 0.0 1.0 2.0 3.0 4.0 5.0 6.0 7.0 8.0 9.0 10.0 11.0 12.0 13.0 14.0 15.0 16.0 17.0 18.0 19.0 20.0 21.0 22.0 23.0 24.0 25.0 26.0 27.0 28.0 29.0 30.0 31.0 32.0 33.0 34.0 35.0 36.0 37.0 38.0 39.0 40.0 41.0 42.0 43.0 
43.0 44.0 45.0 46.0 47.0 48.0 49.0 50.0 51.0 52.0 53.0 54.0 55.0 56.0 57.0 58.0 59.0 60.0 61.0 62.0 63.0 64.0 63.0 62.0 61.0 60.0 59.0 58.0 57.0 56.0 55.0 54.0 53.0 52.0 51.0 50.0 49.0 48.0 47.0 46.0 45.0 44.0 43.0 42.0 41.0 40.0 39.0 38.0 37.0 36.0 35.0 34.0 33.0 32.0 31.0 30.0 29.0 28.0 27.0 26.0 25.0 24.0 23.0 22.0 21.0 20.0 19.0 18.0 17.0 16.0 15.0 14.0 13.0 12.0 11.0 10.0 9.0 8.0 7.0 6.0 5.0 4.0 3.0 2.0 1.0 0.0 1.0 2.0 3.0 4.0 5.0 6.0 7.0 8.0 9.0 10.0 11.0 12.0 13.0 14.0 15.0 16.0 17.0 18.0 19.0 20.0 21.0 22.0 23.0 24.0 25.0 26.0 27.0 28.0 29.0 30.0 31.0 32.0 33.0 34.0 35.0 36.0 37.0 38.0 39.0 40.0 41.0 42.0 
42.0 43.0 44.0 45.0 46.0 47.0 48.0 49.0 50.0 51.0 52.0 53.0 54.0 55.0 56.0 57.0 58.0 59.0 60.0 61.0 62.0 63.0 64.0 63.0 62.0 61.0 60.0 59.0 58.0 57.0 56.0 55.0 54.0 53.0 52.0 51.0 50.0 49.0 48.0 47.0 46.0 45.0 44.0 43.0 42.0 41.0 40.0 39.0 38.0 37.0 36.0 35.0 34.0 33.0 32.0 31.0 30.0 29.0 28.0 27.0 26.0 25.0 24.0 23.0 22.0 21.0 20.0 19.0 18.0 17.0 16.0 15.0 14.0 13.0 12.0 11.0 10.0 9.0 8.0 7.0 6.0 5.0 4.0 3.0 2.0 1.0 0.0 1.0 2.0 3.0 4.0 5.0 6.0 7.0 8.0 9.0 10.0 11.0 12.0 13.0 14.0 15.0 16.0 17.0 18.0 19.0 20.0 21.0 22.0 23.0 24.0 25.0 26.0 27.0 28.0 29.0 30.0 31.0 32.0 33.0 34.0 35.0 36.0 37.0 38.0 39.0 40.0 41.0 
41.0 42.0 43.0 44.0 45.0 46.0 47.0 48.0 49.0 50.0 51.0 52.0 53.0 54.0 55.0 56.0 57.0 58.0 59.0 60.0 61.0 62.0 63.0 64.0 63.0 62.0 61.0 60.0 59.0 58.0 57.0 56.0 55.0 54.0 53.0 52.0 51.0 50.0 49.0 48.0 47.0 46.0 45.0 44.0 43.0 42.0 41.0 40.0 39.0 38.0 37.0 36.0 35.0 34.0 33.0 32.0 31.0 30.0 29.0 28.0 27.0 26.0 25.0 24.0 23.0 22.0 21.0 20.0 19.0 18.0 17.0 16.0 15.0 14.0 13.0 12.0 11.0 10.0 9.0 8.0 7.0 6.0 5.0 4.0 3.0 2.0 1.0 0.0 1.0 2.0 3.0 4.0 5.0 6.0 7.0 8.0 9.0 10.0 11.0 12.0 13.0 14.0 15.0 16.0 17.0 18.0 19.0 20.0 21.0 22.0 23.0 24.0 25.0 26.0 27.0 28.0 29.0 30.0 31.0 32.0 33.0 34.0 35.0 36.0 37.0 38.0 39.0 40.0 
40.0 41.0 42.0 43.0 44.0 45.0 46.0 47.0 48.0 49.0 50.0 51.0 52.0 53.0 54.0 55.0 56.0 57.0 58.0 59.0 60.0 61.0 62.0 63.0 64.0 63.0 62.0 61.0 60.0 59.0 58.0 57.0 56.0 55.0 54.0 53.0 52.0 51.0 50.0 49.0 48.0 47.0 46.0 45.0 44.0 43.0 42.0 41.0 40.0 39.0 38.0 37.0 36.0 35.0 34.0 33.0 32.0 31.0 30.0 29.0 28.0 27.0 26.0 25.0 24.0 23.0 22.0 21.0 20.0 19.0 18.0 17.0 16.0 15.0 14.0 13.0 12.0 11.0 10.0 9.0 8.0 7.0 6.0 5.0 4.0 3.0 2.0 1.0 0.0 1.0 2.0 3.0 4.0 5.0 6.0 7.0 8.0 9.0 10.0 11.0 12.0 13.0 14.0 15.0 16.0 17.0 18.0 19.0 20.0 21.0 22.0 23.0 24.0 25.0 26.0 27.0 28.0 29.0 30.0 31.0 32.0 33.0 34.0 35.0 36.0 37.0 38.0 39.0 
39.0 40.0 41.0 42.0 43.0 44.0 45.0 46.0 47.0 48.0 49.0 50.0 51.0 52.0 53.0 54.0 55.0 56.0 57.0 58.0 59.0 60.0 61.0 62.0 63.0 64.0 63.0 62.0 61.0 60.0 59.0 58.0 57.0 56.0 55.0 54.0 53.0 52.0 51.0 50.0 49.0 48.0 47.0 46.0 45.0 44.0 43.0 42.0 41.0 40.0 39.0 38.0 37.0 36.0 35.0 34.0 33.0 32.0 31.0 30.0 29.0 28.0 27.0 26.0 25.0 24.0 23.0 22.0 21.0 20.0 19.0 18.0 17.0 16.0 15.0 14.0 13.0 12.0 11.0 10.0 9.0 8.0 7.0 6.0 5.0 4.0 3.0 2.0 1.0 0.0 1.0 2.0 3.0 4.0 5.0 6.0 7.0 8.0 9.0 10.0 11.0 12.0 13.0 14.0 15.0 16.0 17.0 18.0 19.0 20.0 21.0 22.0 23.0 24.0 25.0 26.0 27.0 28.0 29.0 30.0 31.0 32.0 33.0 34.0 35.0 36.0 37.0 38.0 
38.0 39.0 40.0 41.0 42.0 43.0 44.0 45.0 46.0 47.0 48.0 49.0 50.0 51.0 52.0 53.0 54.0 55.0 56.0 57.0 58.0 59.0 60.0 61.0 62.0 63.0 64.0 63.0 62.0 61.0 60.0 59.0 58.0 57.0 56.0 55.0 54.0 53.0 52.0 51.0 50.0 49.0 48.0 47.0 46.0 45.0 44.0 43.0 42.0 41.0 40.0 39.0 38.0 37.0 36.0 35.0 34.0 33.0 32.0 31.0 30.0 29.0 28.0 27.0 26.0 25.0 24.0 23.0 22.0 21.0 20.0 19.0 18.0 17.0 16.0 15.0 14.0 13.0 12.0 11.0 10.0 9.0 8.0 7.0 6.0 5.0 4.0 3.0 2.0 1.0 0.0 1.0 2.0 3.0 4.0 5.0 6.0 7.0 8.0 9.0 10.0 11.0 12.0 13.0 14.0 15.0 16.0 17.0 18.0 19.0 20.0 21.0 22.0 23.0 24.0 25.0 26.0 27.0 28.0 29.0 30.0 31.0 32.0 33.0 34.0 35.0 36.0 37.0 
37.0 38.0 39.0 40.0 41.0 42.0 43.0 44.0 45.0 46.0 47.0 48.0 49.0 50.0 51.0 52.0 53.0 54.0 55.0 56.0 57.0 58.0 59.0 60.0 61.0 62.0 63.0 64.0 63.0 62.0 61.0 60.0 59.0 58.0 57.0 56.0 55.0 54.0 53.0 52.0 51.0 50.0 49.0 48.0 47.0 46.0 45.0 44.0 43.0 42.0 41.0 40.0 39.0 38.0 37.0 36.0 35.0 34.0 33.0 32.0 31.0 30.0 29.0 28.0 27.0 26.0 25.0 24.0 23.0 22.0 21.0 20.0 19.0 18.0 17.0 16.0 15.0 14.0 13.0 12.0 11.0 10.0 9.0 8.0 7.0 6.0 5.0 4.0 3.0 2.0 1.0 0.0 1.0 2.0 3.0 4.0 5.0 6.0 7.0 8.0 9.0 10.0 11.0 12.0 13.0 14.0 15.0 16.0 17.0 18.0 19.0 20.0 21.0 22.0 23.0 24.0 25.0 26.0 27.0 28.0 29.0 30.0 31.0 32.0 33.0 34.0 35.0 36.0 
36.0 37.0 38.0 39.0 40.0 41.0 42.0 43.0 44.0 45.0 46.0 47.0 48.0 49.0 50.0 51.0 52.0 53.0 54.0 55.0 56.0 57.0 58.0 59.0 60.0 61.0 62.0 63.0 64.0 63.0 62.0 61.0 60.0 59.0 58.0 57.0 56.0 55.0 54.0 53.0 52.0 51.0 50.0 49.0 48.0 47.0 46.0 45.0 44.0 43.0 42.0 41.0 40.0 39.0 38.0 37.0 36.0 35.0 34.0 33.0 32.0 31.0 30.0 29.0 28.0 27.0 26.0 25.0 24.0 23.0 22.0 21.0 20.0 19.0 18.0 17.0 16.0 15.0 14.0 13.0 12.0 11.0 10.0 9.0 8.0 7.0 6.0 5.0 4.0 3.0 2.0 1.0 0.0 1.0 2.0 3.0 4.0 5.0 6.0 7.0 8.0 9.0 10.0 11.0 12.0 13.0 14.0 15.0 16.0 17.0 18.0 19.0 20.0 21.0 22.0 23.0 24.0 25.0 26.0 27.0 28.0 29.0 30.0 31.0 32.0 33.0 34.0 35.0 
35.0 36.0 37.0 38.0 39.0 40.0 41.0 42.0 43.0 44.0 45.0 46.0 47.0 48.0 49.0 50.0 51.0 52.0 53.0 54.0 55.0 56.0 57.0 58.0 59.0 60.0 61.0 62.0 63.0 64.0 63.0 62.0 61.0 60.0 59.0 58.0 57.0 56.0 55.0 54.0 53.0 52.0 51.0 50.0 49.0 48.0 47.0 46.0 45.0 44.0 43.0 42.0 41.0 40.0 39.0 38.0 37.0 36.0 35.0 34.0 33.0 32.0 31.0 30.0 29.0 28.0 27.0 26.0 25.0 24.0 23.0 22.0 21.0 20.0 19.0 18.0 17.0 16.0 15.0 14.0 13.0 12.0 11.0 10.0 9.0 8.0 7.0 6.0 5.0 4.0 3.0 2.0 1.0 0.0 1.0 2.0 3.0 4.0 5.0 6.0 7.0 8.0 9.0 10.0 11.0 12.0 13.0 14.0 15.0 16.0 17.0 18.0 19.0 20.0 21.0 22.0 23.0 24.0 25.0 26.0 27.0 28.0 29.0 30.0 31.0 32.0 33.0 34.0 
34.0 35.0 36.0 37.0 38.0 39.0 40.0 41.0 42.0 43.0 44.0 45.0 46.0 47.0 48.0 49.0 50.0 51.0 52.0 53.0 54.0 55.0 56.0 57.0 58.0 59.0 60.0 61.0 62.0 63.0 64.0 63.0 62.0 61.0 60.0 59.0 58.0 57.0 56.0 55.0 54.0 53.0 52.0 51.0 50.0 49.0 48.0 47.0 46.0 45.0 44.0 43.0 42.0 41.0 40.0 39.0 38.0 37.0 36.0 35.0 34.0 33.0 32.0 31.0 30.0 29.0 28.0 27.0 26.0 25.0 24.0 23.0 22.0 21.0 20.0 19.0 18.0 17.0 16.0 15.0 14.0 13.0 12.0 11.0 10.0 9.0 8.0 7.0 6.0 5.0 4.0 3.0 2.0 1.0 0.0 1.0 2.0 3.0 4.0 5.0 6.0 7.0 8.0 9.0 10.0 11.0 12.0 13.0 14.0 15.0 16.0 17.0 18.0 19.0 20.0 21.0 22.0 23.0 24.0 25.0 26.0 27.0 28.0 29.0 30.0 31.0 32.0 33.0 
33.0 34.0 35.0 36.0 37.0 38.0 39.0 40.0 41.0 42.0 43.0 44.0 45.0 46.0 47.0 48.0 49.0 50.0 51.0 52.0 53.0 54.0 55.0 56.0 57.0 58.0 59.0 60.0 61.0 62.0 63.0 64.0 63.0 62.0 61.0 60.0 59.0 58.0 57.0 56.0 55.0 54.0 53.0 52.0 51.0 50.0 49.0 48.0 47.0 46.0 45.0 44.0 43.0 42.0 41.0 40.0 39.0 38.0 37.0 36.0 35.0 34.0 33.0 32.0 31.0 30.0 29.0 28.0 27.0 26.0 25.0 24.0 23.0 22.0 21.0 20.0 19.0 18.0 17.0 16.0 15.0 14.0 13.0 12.0 11.0 10.0 9.0 8.0 7.0 6.0 5.0 4.0 3.0 2.0 1.0 0.0 1.0 2.0 3.0 4.0 5.0 6.0 7.0 8.0 9.0 10.0 11.0 12.0 13.0 14.0 15.0 16.0 17.0 18.0 19.0 20.0 21.0 22.0 23.0 24.0 25.0 26.0 27.0 28.0 29.0 30.0 31.0 32.0 
32.0 33.0 34.0 35.0 36.0 37.0 38.0 39.0 40.0 41.0 42.0 43.0 44.0 45.0 46.0 47.0 48.0 49.0 50.0 51.0 52.0 53.0 54.0 55.0 56.0 57.0 58.0 59.0 60.0 61.0 62.0 63.0 64.0 63.0 62.0 61.0 60.0 59.0 58.0 57.0 56.0 55.0 54.0 53.0 52.0 51.0 50.0 49.0 48.0 47.0 46.0 45.0 44.0 43.0 42.0 41.0 40.0 39.0 38.0 37.0 36.0 35.0 34.0 33.0 32.0 31.0 30.0 29.0 28.0 27.0 26.0 25.0 24.0 23.0 22.0 21.0 20.0 19.0 18.0 17.0 16.0 15.0 14.0 13.0 12.0 11.0 10.0 9.0 8.0 7.0 6.0 5.0 4.0 3.0 2.0 1.0 0.0 1.0 2.0 3.0 4.0 5.0 6.0 7.0 8.0 9.0 10.0 11.0 12.0 13.0 14.0 15.0 16.0 17.0 18.0 19.0 20.0 21.0 22.0 23.0 24.0 25.0 26.0 27.0 28.0 29.0 30.0 31.0 
31.0 32.0 33.0 34.0 35.0 36.0 37.0 38.0 39.0 40.0 41.0 42.0 43.0 44.0 45.0 46.0 47.0 48.0 49.0 50.0 51.0 52.0 53.0 54.0 55.0 56.0 57.0 58.0 59.0 60.0 61.0 62.0 63.0 64.0 63.0 62.0 61.0 60.0 59.0 58.0 57.0 56.0 55.0 54.0 53.0 52.0 51.0 50.0 49.0 48.0 47.0 46.0 45.0 44.0 43.0 42.0 41.0 40.0 39.0 38.0 37.0 36.0 35.0 34.0 33.0 32.0 31.0 30.0 29.0 28.0 27.0 26.0 25.0 24.0 23.0 22.0 21.0 20.0 19.0 18.0 17.0 16.0 15.0 14.0 13.0 12.0 11.0 10.0 9.0 8.0 7.0 6.0 5.0 4.0 3.0 2.0 1.0 0.0 1.0 2.0 3.0 4.0 5.0 6.0 7.0 8.0 9.0 10.0 11.0 12.0 13.0 14.0 15.0 16.0 17.0 18.0 19.0 20.0 21.0 22.0 23.0 24.0 25.0 26.0 27.0 28.0 29.0 30.0 
30.0 31.0 32.0 33.0 34.0 35.0 36.0 37.0 38.0 39.0 40.0 41.0 42.0 43.0 44.0 45.0 46.0 47.0 48.0 49.0 50.0 51.0 52.0 53.0 54.0 55.0 56.0 57.0 58.0 59.0 60.0 61.0 62.0 63.0 64.0 63.0 62.0 61.0 60.0 59.0 58.0 57.0 56.0 55.0 54.0 53.0 52.0 51.0 50.0 49.0 48.0 47.0 46.0 45.0 44.0 43.0 42.0 41.0 40.0 39.0 38.0 37.0 36.0 35.0 34.0 33.0 32.0 31.0 30.0 29.0 28.0 27.0 26.0 25.0 24.0 23.0 22.0 21.0 20.0 19.0 18.0 17.0 16.0 15.0 14.0 13.0 12.0 11.0 10.0 9.0 8.0 7.0 6.0 5.0 4.0 3.0 2.0 1.0 0.0 1.0 2.0 3.0 4.0 5.0 6.0 7.0 8.0 9.0 10.0 11.0 12.0 13.0 14.0 15.0 16.0 17.0 18.0 19.0 20.0 21.0 22.0 23.0 24.0 25.0 26.0 27.0 28.0 29.0 
29.0 30.0 31.0 32.0 33.0 34.0 35.0 36.0 37.0 38.0 39.0 40.0 41.0 42.0 43.0 44.0 45.0 46.0 47.0 48.0 49.0 50.0 51.0 52.0 53.0 54.0 55.0 56.0 57.0 58.0 59.0 60.0 61.0 62.0 63.0 64.0 63.0 62.0 61.0 60.0 59.0 58.0 57.0 56.0 55.0 54.0 53.0 52.0 51.0 50.0 49.0 48.0 47.0 46.0 45.0 44.0 43.0 42.0 41.0 40.0 39.0 38.0 37.0 36.0 35.0 34.0 33.0 32.0 31.0 30.0 29.0 28.0 27.0 26.0 25.0 24.0 23.0 22.0 21.0 20.0 19.0 18.0 17.0 16.0 15.0 14.0 13.0 12.0 11.0 10.0 9.0 8.0 7.0 6.0 5.0 4.0 3.0 2.0 1.0 0.0 1.0 2.0 3.0 4.0 5.0 6.0 7.0 8.0 9.0 10.0 11.0 12.0 13.0 14.0 15.0 16.0 17.0 18.0 19.0 20.0 21.0 22.0 23.0 24.0 25.0 26.0 27.0 28.0 
28.0 29.0 30.0 31.0 32.0 33.0 34.0 35.0 36.0 37.0 38.0 39.0 40.0 41.0 42.0 43.0 44.0 45.0 46.0 47.0 48.0 49.0 50.0 51.0 52.0 53.0 54.0 55.0 56.0 57.0 58.0 59.0 60.0 61.0 62.0 63.0 64.0 63.0 62.0 61.0 60.0 59.0 58.0 57.0 56.0 55.0 54.0 53.0 52.0 51.0 50.0 49.0 48.0 47.0 46.0 45.0 44.0 43.0 42.0 41.0 40.0 39.0 38.0 37.0 36.0 35.0 34.0 33.0 32.0 31.0 30.0 29.0 28.0 27.0 26.0 25.0 24.0 23.0 22.0 21.0 20.0 19.0 18.0 17.0 16.0 15.0 14.0 13.0 12.0 11.0 10.0 9.0 8.0 7.0 6.0 5.0 4.0 3.0 2.0 1.0 0.0 1.0 2.0 3.0 4.0 5.0 6.0 7.0 8.0 9.0 10.0 11.0 12.0 13.0 14.0 15.0 16.0 17.0 18.0 19.0 20.0 21.0 22.0 23.0 24.0 25.0 26.0 27.0 
27.0 28.0 29.0 30.0 31.0 32.0 33.0 34.0 35.0 36.0 37.0 38.0 39.0 40.0 41.0 42.0 43.0 44.0 45.0 46.0 47.0 48.0 49.0 50.0 51.0 52.0 53.0 54.0 55.0 56.0 57.0 58.0 59.0 60.0 61.0 62.0 63.0 64.0 63.0 62.0 61.0 60.0 59.0 58.0 57.0 56.0 55.0 54.0 53.0 52.0 51.0 50.0 49.0 48.0 47.0 46.0 45.0 44.0 43.0 42.0 41.0 40.0 39.0 38.0 37.0 36.0 35.0 34.0 33.0 32.0 31.0 30.0 29.0 28.0 27.0 26.0 25.0 24.0 23.0 22.0 21.0 20.0 19.0 18.0 17.0 16.0 15.0 14.0 13.0 12.0 11.0 10.0 9.0 8.0 7.0 6.0 5.0 4.0 3.0 2.0 1.0 0.0 1.0 2.0 3.0 4.0 5.0 6.0 7.0 8.0 9.0 10.0 11.0 12.0 13.0 14.0 15.0 16.0 17.0 18.0 19.0 20.0 21.0 22.0 23.0 24.0 25.0 26.0 
26.0 27.0 28.0 29.0 30.0 31.0 32.0 33.0 34.0 35.0 36.0 37.0 38.0 39.0 40.0 41.0 42.0 43.0 44.0 45.0 46.0 47.0 48.0 49.0 50.0 51.0 52.0 53.0 54.0 55.0 56.0 57.0 58.0 59.0 60.0 61.0 62.0 63.0 64.0 63.0 62.0 61.0 60.0 59.0 58.0 57.0 56.0 55.0 54.0 53.0 52.0 51.0 50.0 49.0 48.0 47.0 46.0 45.0 44.0 43.0 42.0 41.0 40.0 39.0 38.0 37.0 36.0 35.0 34.0 33.0 32.0 31.0 30.0 29.0 28.0 27.0 26.0 25.0 24.0 23.0 22.0 21.0 20.0 19.0 18.0 17.0 16.0 15.0 14.0 13.0 12.0 11.0 10.0 9.0 8.0 7.0 6.0 5.0 4.0 3.0 2.0 1.0 0.0 1.0 2.0 3.0 4.0 5.0 6.0 7.0 8.0 9.0 10.0 11.0 12.0 13.0 14.0 15.0 16.0 17.0 18.0 19.0 20.0 21.0 22.0 23.0 24.0 25.0 
25.0 26.0 27.0 28.0 29.0 30.0 31.0 32.0 33.0 34.0 35.0 36.0 37.0 38.0 39.0 40.0 41.0 42.0 43.0 44.0 45.0 46.0 47.0 48.0 49.0 50.0 51.0 52.0 53.0 54.0 55.0 56.0 57.0 58.0 59.0 60.0 61.0 62.0 63.0 64.0 63.0 62.0 61.0 60.0 59.0 58.0 57.0 56.0 55.0 54.0 53.0 52.0 51.0 50.0 49.0 48.0 47.0 46.0 45.0 44.0 43.0 42.0 41.0 40.0 39.0 38.0 37.0 36.0 35.0 34.0 33.0 32.0 31.0 30.0 29.0 28.0 27.0 26.0 25.0 24.0 23.0 22.0 21.0 20.0 19.0 18.0 17.0 16.0 15.0 14.0 13.0 12.0 11.0 10.0 9.0 8.0 7.0 6.0 5.0 4.0 3.0 2.0 1.0 0.0 1.0 2.0 3.0 4.0 5.0 6.0 7.0 8.0 9.0 10.0 11.0 12.0 13.0 14.0 15.0 16.0 17.0 18.0 19.0 20.0 21.0 22.0 23.0 24.0 
24.0 25.0 26.0 27.0 28.0 29.0 30.0 31.0 32.0 33.0 34.0 35.0 36.0 37.0 38.0 39.0 40.0 41.0 42.0 43.0 44.0 45.0 46.0 47.0 48.0 49.0 50.0 51.0 52.0 53.0 54.0 55.0 56.0 57.0 58.0 59.0 60.0 61.0 62.0 63.0 64.0 63.0 62.0 61.0 60.0 59.0 58.0 57.0 56.0 55.0 54.0 53.0 52.0 51.0 50.0 49.0 48.0 47.0 46.0 45.0 44.0 43.0 42.0 41.0 40.0 39.0 38.0 37.0 36.0 35.0 34.0 33.0 32.0 31.0 30.0 29.0 28.0 27.0 26.0 25.0 24.0 23.0 22.0 21.0 20.0 19.0 18.0 17.0 16.0 15.0 14.0 13.0 12.0 11.0 10.0 9.0 8.0 7.0 6.0 5.0 4.0 3.0 2.0 1.0 0.0 1.0 2.0 3.0 4.0 5.0 6.0 7.0 8.0 9.0 10.0 11.0 12.0 13.0 14.0 15.0 16.0 17.0 18.0 19.0 20.0 21.0 22.0 23.0 
23.0 24.0 25.0 26.0 27.0 28.0 29.0 30.0 31.0 32.0 33.0 34.0 35.0 36.0 37.0 38.0 39.0 40.0 41.0 42.0 43.0 44.0 45.0 46.0 47.0 48.0 49.0 50.0 51.0 52.0 53.0 54.0 55.0 56.0 57.0 58.0 59.0 60.0 61.0 62.0 63.0 64.0 63.0 62.0 61.0 60.0 59.0 58.0 57.0 56.0 55.0 54.0 53.0 52.0 51.0 50.0 49.0 48.0 47.0 46.0 45.0 44.0 43.0 42.0 41.0 40.0 39.0 38.0 37.0 36.0 35.0 34.0 33.0 32.0 31.0 30.0 29.0 28.0 27.0 26.0 25.0 24.0 23.0 22.0 21.0 20.0 19.0 18.0 17.0 16.0 15.0 14.0 13.0 12.0 11.0 10.0 9.0 8.0 7.0 6.0 5.0 4.0 3.0 2.0 1.0 0.0 1.0 2.0 3.0 4.0 5.0 6.0 7.0 8.0 9.0 10.0 11.0 12.0 13.0 14.0 15.0 16.0 17.0 18.0 19.0 20.0 21.0 22.0 
22.0 23.0 24.0 25.0 26.0 27.0 28.0 29.0 30.0 31.0 32.0 33.0 34.0 35.0 36.0 37.0 38.0 39.0 40.0 41.0 42.0 43.0 44.0 45.0 46.0 47.0 48.0 49.0 50.0 51.0 52.0 53.0 54.0 55.0 56.0 57.0 58.0 59.0 60.0 61.0 62.0 63.0 64.0 63.0 62.0 61.0 60.0 59.0 58.0 57.0 56.0 55.0 54.0 53.0 52.0 51.0 50.0 49.0 48.0 47.0 46.0 45.0 44.0 43.0 42.0 41.0 40.0 39.0 38.0 37.0 36.0 35.0 34.0 33.0 32.0 31.0 30.0 29.0 28.0 27.0 26.0 25.0 24.0 23.0 22.0 21.0 20.0 19.0 18.0 17.0 16.0 15.0 14.0 13.0 12.0 11.0 10.0 9.0 8.0 7.0 6.0 5.0 4.0 3.0 2.0 1.0 0.0 1.0 2.0 3.0 4.0 5.0 6.0 7.0 8.0 9.0 10.0 11.0 12.0 13.0 14.0 15.0 16.0 17.0 18.0 19.0 20.0 21.0 
21.0 22.0 23.0 24.0 25.0 26.0 27.0 28.0 29.0 30.0 31.0 32.0 33.0 34.0 35.0 36.0 37.0 38.0 39.0 40.0 41.0 42.0 43.0 44.0 45.0 46.0 47.0 48.0 49.0 50.0 51.0 52.0 53.0 54.0 55.0 56.0 57.0 58.0 59.0 60.0 61.0 62.0 63.0 64.0 63.0 62.0 61.0 60.0 59.0 58.0 57.0 56.0 55.0 54.0 53.0 52.0 51.0 50.0 49.0 48.0 47.0 46.0 45.0 44.0 43.0 42.0 41.0 40.0 39.0 38.0 37.0 36.0 35.0 34.0 33.0 32.0 31.0 30.0 29.0 28.0 27.0 26.0 25.0 24.0 23.0 22.0 21.0 20.0 19.0 18.0 17.0 16.0 15.0 14.0 13.0 12.0 11.0 10.0 9.0 8.0 7.0 6.0 5.0 4.0 3.0 2.0 1.0 0.0 1.0 2.0 3.0 4.0 5.0 6.0 7.0 8.0 9.0 10.0 11.0 12.0 13.0 14.0 15.0 16.0 17.0 18.0 19.0 20.0 
20.0 21.0 22.0 23.0 24.0 25.0 26.0 27.0 28.0 29.0 30.0 31.0 32.0 33.0 34.0 35.0 36.0 37.0 38.0 39.0 40.0 41.0 42.0 43.0 44.0 45.0 46.0 47.0 48.0 49.0 50.0 51.0 52.0 53.0 54.0 55.0 56.0 57.0 58.0 59.0 60.0 61.0 62.0 63.0 64.0 63.0 62.0 61.0 60.0 59.0 58.0 57.0 56.0 55.0 54.0 53.0 52.0 51.0 50.0 49.0 48.0 47.0 46.0 45.0 44.0 43.0 42.0 41.0 40.0 39.0 38.0 37.0 36.0 35.0 34.0 33.0 32.0 31.0 30.0 29.0 28.0 27.0 26.0 25.0 24.0 23.0 22.0 21.0 20.0 19.0 18.0 17.0 16.0 15.0 14.0 13.0 12.0 11.0 10.0 9.0 8.0 7.0 6.0 5.0 4.0 3.0 2.0 1.0 0.0 1.0 2.0 3.0 4.0 5.0 6.0 7.0 8.0 9.0 10.0 11.0 12.0 13.0 14.0 15.0 16.0 17.0 18.0 19.0 
19.0 20.0 21.0 22.0 23.0 24.0 25.0 26.0 27.0 28.0 29.0 30.0 31.0 32.0 33.0 34.0 35.0 36.0 37.0 38.0 39.0 40.0 41.0 42.0 43.0 44.0 45.0 46.0 47.0 48.0 49.0 50.0 51.0 52.0 53.0 54.0 55.0 56.0 57.0 58.0 59.0 60.0 61.0 62.0 63.0 64.0 63.0 62.0 61.0 60.0 59.0 58.0 57.0 56.0 55.0 54.0 53.0 52.0 51.0 50.0 49.0 48.0 47.0 46.0 45.0 44.0 43.0 42.0 41.0 40.0 39.0 38.0 37.0 36.0 35.0 34.0 33.0 32.0 31.0 30.0 29.0 28.0 27.0 26.0 25.0 24.0 23.0 22.0 21.0 20.0 19.0 18.0 17.0 16.0 15.0 14.0 13.0 12.0 11.0 10.0 9.0 8.0 7.0 6.0 5.0 4.0 3.0 2.0 1.0 0.0 1.0 2.0 3.0 4.0 5.0 6.0 7.0 8.0 9.0 10.0 11.0 12.0 13.0 14.0 15.0 16.0 17.0 18.0 
18.0 19.0 20.0 21.0 22.0 23.0 24.0 25.0 26.0 27.0 28.0 29.0 30.0 31.0 32.0 33.0 34.0 35.0 36.0 37.0 38.0 39.0 40.0 41.0 42.0 43.0 44.0 45.0 46.0 47.0 48.0 49.0 50.0 51.0 52.0 53.0 54.0 55.0 56.0 57.0 58.0 59.0 60.0 61.0 62.0 63.0 64.0 63.0 62.0 61.0 60.0 59.0 58.0 57.0 56.0 55.0 54.0 53.0 52.0 51.0 50.0 49.0 48.0 47.0 46.0 45.0 44.0 43.0 42.0 41.0 40.0 39.0 38.0 37.0 36.0 35.0 34.0 33.0 32.0 31.0 30.0 29.0 28.0 27.0 26.0 25.0 24.0 23.0 22.0 21.0 20.0 19.0 18.0 17.0 16.0 15.0 14.0 13.0 12.0 11.0 10.0 9.0 8.0 7.0 6.0 5.0 4.0 3.0 2.0 1.0 0.0 1.0 2.0 3.0 4.0 5.0 6.0 7.0 8.0 9.0 10.0 11.0 12.0 13.0 14.0 15.0 16.0 17.0 
17.0 18.0 19.0 20.0 21.0 22.0 23.0 24.0 25.0 26.0 27.0 28.0 29.0 30.0 31.0 32.0 33.0 34.0 35.0 36.0 37.0 38.0 39.0 40.0 41.0 42.0 43.0 44.0 45.0 46.0 47.0 48.0 49.0 50.0 51.0 52.0 53.0 54.0 55.0 56.0 57.0 58.0 59.0 60.0 61.0 62.0 63.0 64.0 63.0 62.0 61.0 60.0 59.0 58.0 57.0 56.0 55.0 54.0 53.0 52.0 51.0 50.0 49.0 48.0 47.0 46.0 45.0 44.0 43.0 42.0 41.0 40.0 39.0 38.0 37.0 36.0 35.0 34.0 33.0 32.0 31.0 30.0 29.0 28.0 27.0 26.0 25.0 24.0 23.0 22.0 21.0 20.0 19.0 18.0 17.0 16.0 15.0 14.0 13.0 12.0 11.0 10.0 9.0 8.0 7.0 6.0 5.0 4.0 3.0 2.0 1.0 0.0 1.0 2.0 3.0 4.0 5.0 6.0 7.0 8.0 9.0 10.0 11.0 12.0 13.0 14.0 15.0 16.0 
16.0 17.0 18.0 19.0 20.0 21.0 22.0 23.0 24.0 25.0 26.0 27.0 28.0 29.0 30.0 31.0 32.0 33.0 34.0 35.0 36.0 37.0 38.0 39.0 40.0 41.0 42.0 43.0 44.0 45.0 46.0 47.0 48.0 49.0 50.0 51.0 52.0 53.0 54.0 55.0 56.0 57.0 58.0 59.0 60.0 61.0 62.0 63.0 64.0 63.0 62.0 61.0 60.0 59.0 58.0 57.0 56.0 55.0 54.0 53.0 52.0 51.0 50.0 49.0 48.0 47.0 46.0 45.0 44.0 43.0 42.0 41.0 40.0 39.0 38.0 37.0 36.0 35.0 34.0 33.0 32.0 31.0 30.0 29.0 28.0 27.0 26.0 25.0 24.0 23.0 22.0 21.0 20.0 19.0 18.0 17.0 16.0 15.0 14.0 13.0 12.0 11.0 10.0 9.0 8.0 7.0 6.0 5.0 4.0 3.0 2.0 1.0 0.0 1.0 2.0 3.0 4.0 5.0 6.0 7.0 8.0 9.0 10.0 11.0 12.0 13.0 14.0 15.0 
15.0 16.0 17.0 18.0 19.0 20.0 21.0 22.0 23.0 24.0 25.0 26.0 27.0 28.0 29.0 30.0 31.0 32.0 33.0 34.0 35.0 36.0 37.0 38.0 39.0 40.0 41.0 42.0 43.0 44.0 45.0 46.0 47.0 48.0 49.0 50.0 51.0 52.0 53.0 54.0 55.0 56.0 57.0 58.0 59.0 60.0 61.0 62.0 63.0 64.0 63.0 62.0 61.0 60.0 59.0 58.0 57.0 56.0 55.0 54.0 53.0 52.0 51.0 50.0 49.0 48.0 47.0 46.0 45.0 44.0 43.0 42.0 41.0 40.0 39.0 38.0 37.0 36.0 35.0 34.0 33.0 32.0 31.0 30.0 29.0 28.0 27.0 26.0 25.0 24.0 23.0 22.0 21.0 20.0 19.0 18.0 17.0 16.0 15.0 14.0 13.0 12.0 11.0 10.0 9.0 8.0 7.0 6.0 5.0 4.0 3.0 2.0 1.0 0.0 1.0 2.0 3.0 4.0 5.0 6.0 7.0 8.0 9.0 10.0 11.0 12.0 13.0 14.0 
14.0 15.0 16.0 17.0 18.0 19.0 20.0 21.0 22.0 23.0 24.0 25.0 26.0 27.0 28.0 29.0 30.0 31.0 32.0 33.0 34.0 35.0 36.0 37.0 38.0 39.0 40.0 41.0 42.0 43.0 44.0 45.0 46.0 47.0 48.0 49.0 50.0 51.0 52.0 53.0 54.0 55.0 56.0 57.0 58.0 59.0 60.0 61.0 62.0 63.0 64.0 63.0 62.0 61.0 60.0 59.0 58.0 57.0 56.0 55.0 54.0 53.0 52.0 51.0 50.0 49.0 48.0 47.0 46.0 45.0 44.0 43.0 42.0 41.0 40.0 39.0 38.0 37.0 36.0 35.0 34.0 33.0 32.0 31.0 30.0 29.0 28.0 27.0 26.0 25.0 24.0 23.0 22.0 21.0 20.0 19.0 18.0 17.0 16.0 15.0 14.0 13.0 12.0 11.0 10.0 9.0 8.0 7.0 6.0 5.0 4.0 3.0 2.0 1.0 0.0 1.0 2.0 3.0 4.0 5.0 6.0 7.0 8.0 9.0 10.0 11.0 12.0 13.0 
13.0 14.0 15.0 16.0 17.0 18.0 19.0 20.0 21.0 22.0 23.0 24.0 25.0 26.0 27.0 28.0 29.0 30.0 31.0 32.0 33.0 34.0 35.0 36.0 37.0 38.0 39.0 40.0 41.0 42.0 43.0 44.0 45.0 46.0 47.0 48.0 49.0 50.0 51.0 52.0 53.0 54.0 55.0 56.0 57.0 58.0 59.0 60.0 61.0 62.0 63.0 64.0 63.0 62.0 61.0 60.0 59.0 58.0 57.0 56.0 55.0 54.0 53.0 52.0 51.0 50.0 49.0 48.0 47.0 46.0 45.0 44.0 43.0 42.0 41.0 40.0 39.0 38.0 37.0 36.0 35.0 34.0 33.0 32.0 31.0 30.0 29.0 28.0 27.0 26.0 25.0 24.0 23.0 22.0 21.0 20.0 19.0 18.0 17.0 16.0 15.0 14.0 13.0 12.0 11.0 10.0 9.0 8.0 7.0 6.0 5.0 4.0 3.0 2.0 1.0 0.0 1.0 2.0 3.0 4.0 5.0 6.0 7.0 8.0 9.0 10.0 11.0 12.0 
12.0 13.0 14.0 15.0 16.0 17.0 18.0 19.0 20.0 21.0 22.0 23.0 24.0 25.0 26.0 27.0 28.0 29.0 30.0 31.0 32.0 33.0 34.0 35.0 36.0 37.0 38.0 39.0 40.0 41.0 42.0 43.0 44.0 45.0 46.0 47.0 48.0 49.0 50.0 51.0 52.0 53.0 54.0 55.0 56.0 57.0 58.0 59.0 60.0 61.0 62.0 63.0 64.0 63.0 62.0 61.0 60.0 59.0 58.0 57.0 56.0 55.0 54.0 53.0 52.0 51.0 50.0 49.0 48.0 47.0 46.0 45.0 44.0 43.0 42.0 41.0 40.0 39.0 38.0 37.0 36.0 35.0 34.0 33.0 32.0 31.0 30.0 29.0 28.0 27.0 26.0 25.0 24.0 23.0 22.0 21.0 20.0 19.0 18.0 17.0 16.0 15.0 14.0 13.0 12.0 11.0 10.0 9.0 8.0 7.0 6.0 5.0 4.0 3.0 2.0 1.0 0.0 1.0 2.0 3.0 4.0 5.0 6.0 7.0 8.0 9.0 10.0 11.0 
11.0 12.0 13.0 14.0 15.0 16.0 17.0 18.0 19.0 20.0 21.0 22.0 23.0 24.0 25.0 26.0 27.0 28.0 29.0 30.0 31.0 32.0 33.0 34.0 35.0 36.0 37.0 38.0 39.0 40.0 41.0 42.0 43.0 44.0 45.0 46.0 47.0 48.0 49.0 50.0 51.0 52.0 53.0 54.0 55.0 56.0 57.0 58.0 59.0 60.0 61.0 62.0 63.0 64.0 63.0 62.0 61.0 60.0 59.0 58.0 57.0 56.0 55.0 54.0 53.0 52.0 51.0 50.0 49.0 48.0 47.0 46.0 45.0 44.0 43.0 42.0 41.0 40.0 39.0 38.0 37.0 36.0 35.0 34.0 33.0 32.0 31.0 30.0 29.0 28.0 27.0 26.0 25.0 24.0 23.0 22.0 21.0 20.0 19.0 18.0 17.0 16.0 15.0 14.0 13.0 12.0 11.0 10.0 9.0 8.0 7.0 6.0 5.0 4.0 3.0 2.0 1.0 0.0 1.0 2.0 3.0 4.0 5.0 6.0 7.0 8.0 9.0 10.0 
10.0 11.0 12.0 13.0 14.0 15.0 16.0 17.0 18.0 19.0 20.0 21.0 22.0 23.0 24.0 25.0 26.0 27.0 28.0 29.0 30.0 31.0 32.0 33.0 34.0 35.0 36.0 37.0 38.0 39.0 40.0 41.0 42.0 43.0 44.0 45.0 46.0 47.0 48.0 49.0 50.0 51.0 52.0 53.0 54.0 55.0 56.0 57.0 58.0 59.0 60.0 61.0 62.0 63.0 64.0 63.0 62.0 61.0 60.0 59.0 58.0 57.0 56.0 55.0 54.0 53.0 52.0 51.0 50.0 49.0 48.0 47.0 46.0 45.0 44.0 43.0 42.0 41.0 40.0 39.0 38.0 37.0 36.0 35.0 34.0 33.0 32.0 31.0 30.0 29.0 28.0 27.0 26.0 25.0 24.0 23.0 22.0 21.0 20.0 19.0 18.0 17.0 16.0 15.0 14.0 13.0 12.0 11.0 10.0 9.0 8.0 7.0 6.0 5.0 4.0 3.0 2.0 1.0 0.0 1.0 2.0 3.0 4.0 5.0 6.0 7.0 8.0 9.0 
9.0 10.0 11.0 12.0 13.0 14.0 15.0 16.0 17.0 18.0 19.0 20.0 21.0 22.0 23.0 24.0 25.0 26.0 27.0 28.0 29.0 30.0 31.0 32.0 33.0 34.0 35.0 36.0 37.0 38.0 39.0 40.0 41.0 42.0 43.0 44.0 45.0 46.0 47.0 48.0 49.0 50.0 51.0 52.0 53.0 54.0 55.0 56.0 57.0 58.0 59.0 60.0 61.0 62.0 63.0 64.0 63.0 62.0 61.0 60.0 59.0 58.0 57.0 56.0 55.0 54.0 53.0 52.0 51.0 50.0 49.0 48.0 47.0 46.0 45.0 44.0 43.0 42.0 41.0 40.0 39.0 38.0 37.0 36.0 35.0 34.0 33.0 32.0 31.0 30.0 29.0 28.0 27.0 26.0 25.0 24.0 23.0 22.0 21.0 20.0 19.0 18.0 17.0 16.0 15.0 14.0 13.0 12.0 11.0 10.0 9.0 8.0 7.0 6.0 5.0 4.0 3.0 2.0 1.0 0.0 1.0 2.0 3.0 4.0 5.0 6.0 7.0 8.0 
8.0 9.0 10.0 11.0 12.0 13.0 14.0 15.0 16.0 17.0 18.0 19.0 20.0 21.0 22.0 23.0 24.0 25.0 26.0 27.0 28.0 29.0 30.0 31.0 32.0 33.0 34.0 35.0 36.0 37.0 38.0 39.0 40.0 41.0 42.0 43.0 44.0 45.0 46.0 47.0 48.0 49.0 50.0 51.0 52.0 53.0 54.0 55.0 56.0 57.0 58.0 59.0 60.0 61.0 62.0 63.0 64.0 63.0 62.0 61.0 60.0 59.0 58.0 57.0 56.0 55.0 54.0 53.0 52.0 51.0 50.0 49.0 48.0 47.0 46.0 45.0 44.0 43.0 42.0 41.0 40.0 39.0 38.0 37.0 36.0 35.0 34.0 33.0 32.0 31.0 30.0 29.0 28.0 27.0 26.0 25.0 24.0 23.0 22.0 21.0 20.0 19.0 18.0 17.0 16.0 15.0 14.0 13.0 12.0 11.0 10.0 9.0 8.0 7.0 6.0 5.0 4.0 3.0 2.0 1.0 0.0 1.0 2.0 3.0 4.0 5.0 6.0 7.0 
7.0 8.0 9.0 10.0 11.0 12.0 13.0 14.0 15.0 16.0 17.0 18.0 19.0 20.0 21.0 22.0 23.0 24.0 25.0 26.0 27.0 28.0 29.0 30.0 31.0 32.0 33.0 34.0 35.0 36.0 37.0 38.0 39.0 40.0 41.0 42.0 43.0 44.0 45.0 46.0 47.0 48.0 49.0 50.0 51.0 52.0 53.0 54.0 55.0 56.0 57.0 58.0 59.0 60.0 61.0 62.0 63.0 64.0 63.0 62.0 61.0 60.0 59.0 58.0 57.0 56.0 55.0 54.0 53.0 52.0 51.0 50.0 49.0 48.0 47.0 46.0 45.0 44.0 43.0 42.0 41.0 40.0 39.0 38.0 37.0 36.0 35.0 34.0 33.0 32.0 31.0 30.0 29.0 28.0 27.0 26.0 25.0 24.0 23.0 22.0 21.0 20.0 19.0 18.0 17.0 16.0 15.0 14.0 13.0 12.0 11.0 10.0 9.0 8.0 7.0 6.0 5.0 4.0 3.0 2.0 1.0 0.0 1.0 2.0 3.0 4.0 5.0 6.0 
6.0 7.0 8.0 9.0 10.0 11.0 12.0 13.0 14.0 15.0 16.0 17.0 18.0 19.0 20.0 21.0 22.0 23.0 24.0 25.0 26.0 27.0 28.0 29.0 30.0 31.0 32.0 33.0 34.0 35.0 36.0 37.0 38.0 39.0 40.0 41.0 42.0 43.0 44.0 45.0 46.0 47.0 48.0 49.0 50.0 51.0 52.0 53.0 54.0 55.0 56.0 57.0 58.0 59.0 60.0 61.0 62.0 63.0 64.0 63.0 62.0 61.0 60.0 59.0 58.0 57.0 56.0 55.0 54.0 53.0 52.0 51.0 50.0 49.0 48.0 47.0 46.0 45.0 44.0 43.0 42.0 41.0 40.0 39.0 38.0 37.0 36.0 35.0 34.0 33.0 32.0 31.0 30.0 29.0 28.0 27.0 26.0 25.0 24.0 23.0 22.0 21.0 20.0 19.0 18.0 17.0 16.0 15.0 14.0 13.0 12.0 11.0 10.0 9.0 8.0 7.0 6.0 5.0 4.0 3.0 2.0 1.0 0.0 1.0 2.0 3.0 4.0 5.0 
5.0 6.0 7.0 8.0 9.0 10.0 11.0 12.0 13.0 14.0 15.0 16.0 17.0 18.0 19.0 20.0 21.0 22.0 23.0 24.0 25.0 26.0 27.0 28.0 29.0 30.0 31.0 32.0 33.0 34.0 35.0 36.0 37.0 38.0 39.0 40.0 41.0 42.0 43.0 44.0 45.0 46.0 47.0 48.0 49.0 50.0 51.0 52.0 53.0 54.0 55.0 56.0 57.0 58.0 59.0 60.0 61.0 62.0 63.0 64.0 63.0 62.0 61.0 60.0 59.0 58.0 57.0 56.0 55.0 54.0 53.0 52.0 51.0 50.0 49.0 48.0 47.0 46.0 45.0 44.0 43.0 42.0 41.0 40.0 39.0 38.0 37.0 36.0 35.0 34.0 33.0 32.0 31.0 30.0 29.0 28.0 27.0 26.0 25.0 24.0 23.0 22.0 21.0 20.0 19.0 18.0 17.0 16.0 15.0 14.0 13.0 12.0 11.0 10.0 9.0 8.0 7.0 6.0 5.0 4.0 3.0 2.0 1.0 0.0 1.0 2.0 3.0 4.0 
4.0 5.0 6.0 7.0 8.0 9.0 10.0 11.0 12.0 13.0 14.0 15.0 16.0 17.0 18.0 19.0 20.0 21.0 22.0 23.0 24.0 25.0 26.0 27.0 28.0 29.0 30.0 31.0 32.0 33.0 34.0 35.0 36.0 37.0 38.0 39.0 40.0 41.0 42.0 43.0 44.0 45.0 46.0 47.0 48.0 49.0 50.0 51.0 52.0 53.0 54.0 55.0 56.0 57.0 58.0 59.0 60.0 61.0 62.0 63.0 64.0 63.0 62.0 61.0 60.0 59.0 58.0 57.0 56.0 55.0 54.0 53.0 52.0 51.0 50.0 49.0 48.0 47.0 46.0 45.0 44.0 43.0 42.0 41.0 40.0 39.0 38.0 37.0 36.0 35.0 34.0 33.0 32.0 31.0 30.0 29.0 28.0 27.0 26.0 25.0 24.0 23.0 22.0 21.0 20.0 19.0 18.0 17.0 16.0 15.0 14.0 13.0 12.0 11.0 10.0 9.0 8.0 7.0 6.0 5.0 4.0 3.0 2.0 1.0 0.0 1.0 2.0 3.0 
3.0 4.0 5.0 6.0 7.0 8.0 9.0 10.0 11.0 12.0 13.0 14.0 15.0 16.0 17.0 18.0 19.0 20.0 21.0 22.0 23.0 24.0 25.0 26.0 27.0 28.0 29.0 30.0 31.0 32.0 33.0 34.0 35.0 36.0 37.0 38.0 39.0 40.0 41.0 42.0 43.0 44.0 45.0 46.0 47.0 48.0 49.0 50.0 51.0 52.0 53.0 54.0 55.0 56.0 57.0 58.0 59.0 60.0 61.0 62.0 63.0 64.0 63.0 62.0 61.0 60.0 59.0 58.0 57.0 56.0 55.0 54.0 53.0 52.0 51.0 50.0 49.0 48.0 47.0 46.0 45.0 44.0 43.0 42.0 41.0 40.0 39.0 38.0 37.0 36.0 35.0 34.0 33.0 32.0 31.0 30.0 29.0 28.0 27.0 26.0 25.0 24.0 23.0 22.0 21.0 20.0 19.0 18.0 17.0 16.0 15.0 14.0 13.0 12.0 11.0 10.0 9.0 8.0 7.0 6.0 5.0 4.0 3.0 2.0 1.0 0.0 1.0 2.0 
2.0 3.0 4.0 5.0 6.0 7.0 8.0 9.0 10.0 11.0 12.0 13.0 14.0 15.0 16.0 17.0 18.0 19.0 20.0 21.0 22.0 23.0 24.0 25.0 26.0 27.0 28.0 29.0 30.0 31.0 32.0 33.0 34.0 35.0 36.0 37.0 38.0 39.0 40.0 41.0 42.0 43.0 44.0 45.0 46.0 47.0 48.0 49.0 50.0 51.0 52.0 53.0 54.0 55.0 56.0 57.0 58.0 59.0 60.0 61.0 62.0 63.0 64.0 63.0 62.0 61.0 60.0 59.0 58.0 57.0 56.0 55.0 54.0 53.0 52.0 51.0 50.0 49.0 48.0 47.0 46.0 45.0 44.0 43.0 42.0 41.0 40.0 39.0 38.0 37.0 36.0 35.0 34.0 33.0 32.0 31.0 30.0 29.0 28.0 27.0 26.0 25.0 24.0 23.0 22.0 21.0 20.0 19.0 18.0 17.0 16.0 15.0 14.0 13.0 12.0 11.0 10.0 9.0 8.0 7.0 6.0 5.0 4.0 3.0 2.0 1.0 0.0 1.0 
1.0 2.0 3.0 4.0 5.0 6.0 7.0 8.0 9.0 10.0 11.0 12.0 13.0 14.0 15.0 16.0 17.0 18.0 19.0 20.0 21.0 22.0 23.0 24.0 25.0 26.0 27.0 28.0 29.0 30.0 31.0 32.0 33.0 34.0 35.0 36.0 37.0 38.0 39.0 40.0 41.0 42.0 43.0 44.0 45.0 46.0 47.0 48.0 49.0 50.0 51.0 52.0 53.0 54.0 55.0 56.0 57.0 58.0 59.0 60.0 61.0 62.0 63.0 64.0 63.0 62.0 61.0 60.0 59.0 58.0 57.0 56.0 55.0 54.0 53.0 52.0 51.0 50.0 49.0 48.0 47.0 46.0 45.0 44.0 43.0 42.0 41.0 40.0 39.0 38.0 37.0 36.0 35.0 34.0 33.0 32.0 31.0 30.0 29.0 28.0 27.0 26.0 25.0 24.0 23.0 22.0 21.0 20.0 19.0 18.0 17.0 16.0 15.0 14.0 13.0 12.0 11.0 10.0 9.0 8.0 7.0 6.0 5.0 4.0 3.0 2.0 1.0 0.0 