128
58 8 35 72 16 94 83 8 67 19 6 17 54 96 83 91 27 10 74 67 77 30 95 12 57 100 27 18 53 51 90 38 56 27 42 35 37 3 41 88 33 47 83 30 39 49 69 3 13 37 75 17 51 96 87 79 65 16 70 65 3 53 87 56 57 49 87 79 24 98 58 47 9 62 68 17 18 47 67 41 53 71 86 48 89 34 7 15 23 69 5 9 11 27 83 81 81 70 37 83 15 63 67 37 8 83 92 20 45 39 65 6 57 19 95 35 10 72 81 18 95 1 15 94 71 31 16 97 
31 21 31 12 62 87 72 96 39 62 14 100 96 96 13 83 49 77 36 92 26 1 1 88 23 14 19 22 4 23 1 70 32 100 13 15 6 17 63 70 1 10 58 25 6 10 86 56 54 49 98 28 71 68 42 31 88 29 96 44 83 72 96 27 7 82 35 1 56 78 52 71 69 15 72 37 46 4 20 96 18 100 87 36 76 84 25 21 8 80 60 19 79 52 22 11 100 42 33 35 2 10 72 90 31 98 67 85 13 6 25 29 61 9 17 4 11 7 50 78 40 29 88 54 69 56 39 86 
47 14 36 19 83 63 54 74 64 54 43 56 43 39 81 21 3 14 90 6 8 31 64 34 15 100 14 58 29 88 97 58 29 82 20 21 20 28 6 12 92 35 48 66 13 23 19 64 62 92 83 41 33 98 32 20 94 43 32 22 68 33 89 34 77 33 46 23 25 22 28 67 20 80 3 34 55 9 2 40 90 18 38 30 57 81 23 40 40 93 4 77 40 94 13 96 8 81 64 94 74 79 55 100 91 18 70 80 66 81 67 31 58 87 90 46 38 40 91 66 29 99 16 83 33 88 83 51 
82 27 72 88 6 49 32 78 1 51 42 69 68 70 32 29 85 76 3 33 24 55 16 72 84 13 46 96 98 18 76 67 73 61 6 45 43 15 56 44 33 10 48 5 100 84 85 49 43 9 75 37 55 63 83 17 50 38 34 21 93 43 79 96 5 53 72 73 68 52 55 89 34 53 67 39 34 40 45 38 72 83 37 24 13 3 70 64 46 88 86 40 88 92 18 21 72 100 22 93 22 98 60 99 10 21 71 84 11 46 17 15 87 61 84 1 82 82 59 72 56 84 95 74 80 99 97 44 
80 100 57 2 61 70 88 2 93 14 84 22 26 85 35 31 94 57 65 74 79 58 27 95 98 4 22 58 95 91 93 95 29 47 96 7 72 46 35 36 14 58 15 52 78 99 56 25 34 95 76 85 81 37 86 25 72 6 7 1 7 88 18 17 72 62 51 64 99 81 27 28 27 98 29 72 62 92 64 79 19 25 51 29 29 84 90 52 28 10 90 96 68 11 88 28 33 93 52 75 78 4 75 59 74 4 41 21 20 68 97 8 65 52 21 49 74 27 11 44 66 8 22 40 46 44 54 80 
97 33 15 81 36 34 53 1 28 76 58 55 55 50 26 41 89 45 88 42 74 40 78 15 75 51 37 11 18 52 25 75 42 10 79 77 36 6 91 60 98 72 12 7 19 8 79 78 73 61 2 37 96 100 24 23 82 77 44 15 88 36 38 39 61 14 87 45 45 9 80 10 54 54 24 68 85 47 48 29 43 29 27 99 73 82 44 19 85 59 33 98 79 19 95 63 40 79 33 42 60 65 6 18 79 30 27 20 74 50 42 16 77 93 47 43 65 69 15 41 66 2 73 99 74 73 59 64 
17 30 64 73 13 95 19 61 68 16 70 26 69 31 57 59 94 72 90 95 97 92 55 90 8 67 23 88 6 40 14 19 92 63 81 69 94 16 11 62 52 52 13 67 11 24 48 81 85 73 56 7 16 33 71 97 74 56 66 72 79 97 66 48 79 46 74 36 59 76 14 85 50 46 59 32 4 59 61 66 18 7 26 33 26 4 36 47 62 31 14 52 81 77 19 93 21 14 75 32 8 47 69 1 3 74 73 91 62 90 56 90 56 44 63 15 71 77 50 87 91 94 17 53 53 77 32 9 
83 65 23 25 53 93 46 74 36 51 40 7 36 29 35 14 78 39 53 8 73 3 68 93 17 97 58 48 4 43 2 95 73 17 67 57 1 25 62 3 100 3 40 23 11 85 23 14 65 19 66 43 35 23 93 40 87 56 98 38 81 38 45 83 83 77 72 86 35 54 25 63 84 40 81 45 40 93 64 11 1 91 41 74 22 93 53 34 63 17 37 17 53 43 82 18 6 52 15 51 39 65 2 52 42 5 35 61 82 88 92 100 93 40 27 86 10 38 61 15 15 26 6 32 13 90 26 16 
80 43 42 72 91 11 40 77 7 3 66 96 86 78 3 44 61 78 19 57 86 30 97 18 15 86 31 95 48 97 35 19 40 60 24 89 40 83 14 31 50 41 57 22 21 60 64 81 66 84 62 60 47 87 30 93 83 84 89 54 66 1 44 81 83 80 6 57 66 13 81 31 11 22 77 42 92 70 81 1 18 66 64 84 98 14 48 37 80 24 12 78 43 22 51 26 17 97 97 93 34 78 76 22 34 69 22 91 38 30 40 46 50 81 43 37 34 13 72 4 42 33 1 26 9 15 15 22 
79 56 93 53 42 77 88 40 57 79 84 49 30 25 64 86 26 97 87 96 99 13 55 59 63 2 95 96 54 42 40 61 51 14 2 76 60 9 11 45 33 4 82 39 5 12 64 96 89 88 81 19 71 82 20 65 60 65 18 55 72 42 70 18 25 93 38 85 96 36 23 30 54 59 47 63 74 84 42 37 2 68 94 47 9 43 41 26 47 33 29 100 81 70 96 77 4 56 1 77 1 39 28 3 78 54 52 41 36 81 80 89 96 44 20 95 43 84 26 4 46 79 61 79 34 2 82 86 
18 15 30 74 33 91 83 62 11 75 67 94 93 81 50 89 80 53 58 92 96 41 19 75 19 51 21 2 92 77 9 96 10 17 89 45 49 46 39 52 50 54 71 11 8 27 3 76 84 16 99 49 90 28 54 80 45 60 34 67 9 85 61 41 12 71 61 30 11 90 17 89 61 96 94 72 69 68 64 12 11 5 41 47 11 72 10 16 12 47 78 22 62 14 52 24 37 86 50 54 60 28 10 62 96 91 84 45 43 41 29 64 8 44 71 13 32 53 15 8 21 6 88 12 14 79 3 16 
27 72 67 97 99 74 9 20 70 1 99 53 86 32 94 50 8 56 66 89 72 54 79 71 27 71 43 60 13 48 5 84 45 82 49 42 21 32 2 19 84 15 83 66 65 83 63 80 87 92 62 86 60 90 78 92 89 40 64 24 67 80 16 23 37 69 23 66 86 81 32 96 35 71 92 92 66 27 51 86 60 2 1 80 73 35 91 67 35 2 99 90 91 62 92 94 47 90 75 4 58 47 94 94 79 36 95 49 56 59 71 34 6 63 34 39 94 99 92 29 79 52 2 36 4 68 28 48 
65 17 93 41 82 55 90 85 60 27 78 98 49 76 78 56 14 62 96 54 91 66 38 41 92 45 78 74 11 57 35 83 6 37 74 56 65 49 58 19 2 9 44 14 36 15 16 98 3 97 87 85 69 90 17 33 92 78 17 51 65 55 99 18 72 32 50 32 66 48 23 13 45 4 30 19 30 36 95 63 47 66 99 16 20 23 94 84 4 50 33 52 78 52 42 64 72 71 24 78 98 84 72 51 23 24 51 44 76 16 49 57 50 66 86 45 81 2 93 12 16 29 10 59 97 37 43 39 
74 1 61 32 6 19 27 74 74 74 92 37 59 91 40 10 75 98 34 56 59 35 7 56 23 13 85 54 30 24 35 86 26 24 46 45 6 8 78 95 2 57 41 1 68 68 52 88 84 58 16 94 1 30 79 58 84 93 50 86 13 54 89 36 89 14 66 11 98 43 32 29 87 90 45 99 9 74 7 70 85 75 72 82 44 97 56 30 66 78 60 100 2 46 21 85 15 95 29 72 60 32 1 62 90 79 8 11 67 92 44 8 19 39 45 26 81 65 19 29 65 27 34 57 19 16 64 93 
92 42 20 48 69 1 80 45 9 14 80 91 33 25 8 97 87 37 26 28 96 59 13 99 28 26 88 77 52 99 99 20 98 54 25 39 85 18 15 96 54 84 92 26 92 58 55 3 98 77 17 39 15 14 8 71 85 60 67 90 70 57 15 69 4 16 100 34 73 22 60 82 97 35 20 18 47 62 23 95 64 89 91 71 35 23 1 80 13 14 77 38 84 96 89 1 82 49 86 13 38 34 48 2 42 32 5 24 19 71 27 73 71 84 39 5 72 59 2 98 35 43 26 62 40 49 22 52 
99 54 40 22 55 69 22 25 9 30 52 79 27 56 3 15 80 13 95 33 77 15 94 23 53 99 35 54 84 96 63 58 13 34 98 55 25 1 40 83 53 4 17 13 60 5 10 13 19 2 91 65 21 15 74 13 54 52 42 42 12 6 33 93 35 90 82 15 36 94 99 69 10 70 19 83 17 43 98 55 26 99 97 23 23 52 23 40 96 56 93 56 8 9 6 57 36 87 21 2 13 74 46 50 6 72 88 34 74 53 44 92 64 100 16 98 39 17 45 68 82 68 17 10 61 23 62 16 
7 32 44 35 60 22 16 47 69 30 99 40 100 64 33 48 29 75 20 75 81 4 52 98 46 40 2 41 68 61 14 54 88 36 77 6 96 61 68 9 1 44 77 16 79 37 43 84 42 35 82 49 47 21 80 1 22 41 62 3 46 81 90 21 63 31 82 48 94 58 21 60 7 97 58 43 88 42 16 32 25 58 30 27 43 23 88 95 94 62 40 90 31 22 60 65 51 32 33 46 67 78 41 93 88 56 57 14 36 100 58 46 96 53 18 45 36 36 8 21 31 38 97 49 4 85 52 76 
92 82 28 18 98 40 40 61 78 91 89 55 24 72 92 66 74 17 82 52 52 32 11 83 24 65 75 15 79 66 18 74 71 65 56 49 59 82 73 63 49 49 43 17 8 35 20 55 66 55 45 8 24 41 100 18 100 24 77 68 60 77 45 94 5 62 69 82 83 91 84 26 4 2 7 51 22 14 1 9 5 94 69 43 69 16 67 15 69 5 66 6 64 76 68 82 44 81 12 82 93 78 88 14 71 72 76 40 38 9 12 71 89 21 4 70 82 76 25 97 77 72 20 16 54 20 44 61 
32 3 31 5 64 79 76 68 35 10 66 22 13 20 2 36 20 60 88 65 70 74 30 25 53 38 7 17 100 17 62 72 61 81 92 22 32 66 23 81 12 12 76 6 70 49 19 27 73 58 32 79 67 70 68 93 47 79 23 86 41 74 64 58 44 85 58 78 56 32 11 52 54 82 100 25 53 45 49 31 87 48 27 85 20 69 7 99 54 10 23 83 65 4 41 14 44 75 38 93 11 47 56 57 54 46 9 17 85 45 42 98 78 10 50 60 100 55 82 4 96 44 8 36 68 87 13 92 
60 1 70 48 5 15 43 2 2 72 38 84 25 95 96 69 14 31 78 91 39 25 15 70 87 70 83 84 71 27 3 18 37 52 39 89 33 40 62 12 57 2 95 76 14 67 58 83 62 47 98 79 86 52 78 6 100 92 100 12 64 26 21 88 43 1 38 39 86 40 73 36 48 70 94 44 47 99 27 2 12 72 26 29 53 77 90 74 93 83 16 85 88 32 37 70 5 26 89 37 42 49 43 46 28 27 48 95 83 41 70 76 69 34 16 33 43 91 25 14 43 10 30 58 13 6 52 48 
93 27 45 22 80 44 55 80 94 64 75 54 38 90 14 64 89 6 95 44 76 59 26 60 31 35 72 98 99 70 93 22 100 58 57 58 25 31 46 38 31 25 65 73 90 38 29 6 46 71 61 92 69 4 10 45 10 50 93 68 33 45 90 56 54 14 44 9 95 14 9 76 77 46 48 16 42 4 53 26 86 86 93 54 93 70 88 93 12 55 14 87 81 23 7 4 88 80 39 59 44 96 41 7 85 45 19 61 5 69 54 100 4 84 99 98 49 52 9 40 68 85 65 84 62 67 21 10 
83 10 4 18 8 60 75 42 1 44 95 94 13 26 24 79 83 24 39 46 11 90 59 74 77 58 59 81 74 36 21 94 8 41 67 13 13 20 38 26 43 27 83 39 51 62 32 25 36 99 19 4 63 68 53 24 25 100 5 67 97 19 80 74 24 77 1 26 65 42 41 38 4 47 22 35 10 3 35 58 40 19 49 40 44 40 74 33 93 38 51 43 65 4 37 2 94 87 92 60 71 82 40 31 94 14 43 5 62 53 33 18 27 80 51 22 40 89 83 92 71 19 90 78 26 5 73 43 
48 79 6 29 24 51 35 62 23 24 76 18 68 42 12 66 3 5 20 61 97 66 99 33 68 40 98 62 30 45 97 94 48 90 57 81 37 27 82 39 94 43 70 42 81 98 49 66 14 73 97 83 33 48 44 25 98 73 17 34 68 77 8 40 68 99 48 72 43 70 75 95 43 32 23 81 91 26 38 61 25 84 8 21 79 81 39 33 32 5 26 4 29 13 52 48 12 66 95 49 24 69 55 23 68 4 57 25 94 100 25 43 27 90 13 14 83 47 7 47 45 32 51 69 50 4 67 36 
58 33 67 1 6 29 38 74 84 27 25 2 12 46 53 15 91 12 88 50 10 59 23 84 13 34 43 8 59 93 3 91 76 65 14 63 67 51 13 18 73 34 38 67 1 84 76 76 77 28 45 99 25 76 70 92 93 97 95 78 91 51 23 32 46 25 24 44 52 21 47 69 64 57 9 100 21 3 7 80 30 61 28 74 8 43 96 8 21 28 62 90 9 90 22 82 11 62 15 37 27 12 80 90 35 24 5 44 58 29 20 80 89 38 63 90 79 51 92 47 75 71 23 34 50 56 98 69 
81 67 99 63 8 39 96 94 65 40 69 61 93 31 70 64 14 44 27 94 45 73 11 73 65 25 18 81 89 56 16 90 50 14 33 20 61 74 42 79 25 85 86 95 28 31 98 90 88 73 57 93 29 50 31 11 15 19 29 79 48 19 15 19 58 29 48 74 50 28 18 89 71 36 52 85 26 96 3 67 86 24 81 14 89 82 65 76 18 91 83 2 36 39 65 57 50 36 48 5 37 17 35 35 86 2 36 34 68 52 51 88 17 4 27 54 94 47 5 83 95 56 57 45 91 51 56 57 
58 27 85 95 65 97 3 57 40 42 75 24 19 67 39 80 80 47 2 48 74 14 79 48 43 14 7 18 64 33 31 3 91 41 2 27 77 17 77 43 47 35 94 84 83 43 97 41 63 71 16 20 44 85 17 35 63 23 70 51 41 71 74 8 45 16 59 12 96 1 13 28 61 67 7 78 88 14 21 67 89 53 67 43 83 95 31 35 100 12 11 26 67 89 76 2 30 28 51 83 38 90 81 86 64 77 14 43 8 71 67 20 87 95 71 82 11 20 35 98 43 55 96 39 43 95 78 82 
79 36 13 70 94 31 13 79 77 97 62 34 3 92 6 4 86 68 33 55 96 27 55 74 12 43 4 80 98 59 7 63 92 50 35 65 42 83 57 52 25 4 74 44 49 35 76 59 49 11 47 98 41 45 46 96 51 58 87 41 21 56 98 10 37 28 88 59 74 21 83 74 71 33 36 97 12 74 7 91 94 38 54 77 22 2 42 76 62 35 77 82 84 57 21 15 74 2 72 52 79 94 30 85 64 65 45 35 87 36 88 66 76 80 50 66 66 44 47 20 66 76 6 45 50 10 62 78 
78 44 91 82 7 40 50 22 6 61 61 85 78 66 73 52 5 14 41 81 68 62 92 12 16 45 86 34 28 85 90 82 25 23 33 82 33 69 60 89 58 98 19 60 45 51 86 49 35 68 55 24 96 74 33 34 76 31 93 72 1 9 30 87 44 79 37 19 17 15 60 31 74 47 13 56 85 54 12 9 99 71 99 37 51 52 9 97 2 42 100 26 70 20 9 94 56 27 76 13 97 5 66 15 76 43 75 11 36 46 8 56 67 49 30 78 84 22 7 100 96 69 55 16 35 74 96 22 
80 90 50 59 65 50 94 47 24 13 36 51 81 80 40 80 91 9 27 90 67 73 49 71 19 77 42 9 43 69 94 53 14 13 42 99 16 45 55 35 41 60 7 86 13 63 100 19 64 96 76 6 13 92 5 68 86 88 87 10 88 94 39 40 50 74 43 9 58 32 92 86 36 34 48 82 78 40 72 26 45 30 40 50 26 50 80 90 79 99 26 46 62 26 36 40 88 50 94 46 75 99 75 80 16 11 38 5 88 11 36 29 26 1 80 58 57 23 33 56 76 6 57 90 45 43 14 16 
93 68 82 65 47 33 61 58 65 90 84 15 40 26 44 19 47 39 29 19 72 5 85 54 71 87 68 27 71 79 28 13 21 72 72 15 37 49 61 67 26 15 31 95 12 39 58 48 23 37 64 11 3 11 77 34 18 79 81 99 56 57 88 35 9 20 5 43 15 39 61 87 27 35 5 76 11 76 27 29 84 98 27 83 36 38 61 39 51 22 43 57 59 35 57 30 24 74 42 53 37 52 30 69 80 96 28 1 61 95 74 19 27 83 23 94 4 30 47 74 52 97 6 45 90 26 89 50 
68 3 37 62 4 19 61 69 23 51 36 51 37 30 62 98 59 8 55 49 28 33 93 18 55 74 25 73 98 40 98 98 75 49 10 73 23 55 13 59 80 12 41 26 18 71 9 21 55 61 83 31 75 55 98 72 73 40 49 8 8 4 61 79 58 87 16 49 13 42 70 24 53 52 71 91 98 69 23 41 34 40 32 39 21 77 34 30 14 66 33 28 9 62 51 86 54 20 87 39 3 31 32 60 67 48 19 36 86 66 66 92 76 2 51 29 98 31 80 96 22 6 29 89 80 38 77 93 
83 34 54 10 42 67 40 40 31 8 24 67 52 1 2 6 36 27 90 28 23 34 36 56 82 48 77 7 74 42 80 26 58 21 38 50 20 32 93 16 73 12 29 8 18 92 97 59 85 58 7 55 32 37 38 4 11 77 89 80 36 81 81 58 42 25 51 61 94 35 49 49 3 99 78 40 37 47 12 76 82 41 11 78 72 40 85 67 77 93 22 18 87 68 2 74 59 86 92 54 63 73 64 2 35 64 63 94 75 94 86 93 100 33 1 30 54 50 10 92 33 97 43 31 34 94 28 76 
34 71 94 77 50 36 26 99 74 9 49 87 75 39 45 91 34 63 51 53 14 17 11 33 88 15 66 97 4 38 56 60 1 35 18 10 100 61 38 5 66 46 9 47 63 10 80 84 44 98 67 43 26 87 98 51 54 93 3 85 30 1 21 80 23 43 63 50 78 70 10 34 98 17 50 58 99 89 53 13 87 43 85 32 61 27 49 26 93 41 14 70 44 41 29 42 34 13 71 15 55 27 53 30 2 61 10 87 92 39 39 38 46 96 91 83 21 76 8 30 17 25 66 65 30 80 18 74 
55 33 78 26 45 98 5 70 81 18 33 84 80 5 27 77 3 53 26 62 49 44 24 63 10 76 89 72 37 12 23 89 31 43 10 77 14 37 34 39 84 86 13 15 60 29 52 69 27 26 74 53 12 87 24 34 57 94 80 49 46 14 4 55 65 92 89 81 52 29 18 15 18 84 2 64 87 27 54 44 98 11 60 3 80 18 28 70 25 36 26 100 33 58 78 83 61 97 90 43 97 1 84 85 79 78 97 27 37 42 63 42 3 63 56 87 54 56 59 7 49 56 47 44 50 40 9 14 
77 26 73 55 96 81 30 38 62 60 85 56 93 47 55 1 7 11 91 73 60 21 77 24 6 24 49 24 8 79 27 69 69 34 36 38 36 74 50 22 86 58 24 29 35 54 39 46 23 81 10 69 83 58 41 55 54 46 82 32 74 55 92 70 43 25 82 29 45 22 94 54 38 66 81 35 56 32 65 22 91 22 48 34 2 70 94 58 53 40 67 84 13 6 87 23 93 18 25 77 16 70 54 72 29 73 87 51 70 86 47 85 64 54 43 55 59 53 43 75 71 99 1 22 22 33 88 22 
64 90 70 62 72 57 43 86 79 87 36 14 51 56 29 14 1 62 56 71 16 30 45 16 89 10 67 62 22 59 86 97 35 55 90 36 93 47 14 54 19 63 5 43 53 41 24 69 27 26 93 9 80 86 61 55 27 5 33 10 20 14 46 75 78 18 15 52 35 31 55 92 87 94 16 39 45 92 64 69 45 67 68 84 46 41 96 58 86 88 85 14 13 30 20 31 95 11 55 47 53 83 60 86 1 60 21 25 49 59 82 29 31 58 4 19 2 29 35 98 93 2 51 75 3 61 14 29 
28 65 9 33 75 55 62 98 13 25 32 6 17 63 71 71 44 87 97 37 47 64 59 32 97 20 4 35 44 66 92 58 32 17 100 48 65 68 82 83 54 20 4 46 21 88 3 99 15 56 24 70 84 21 92 52 72 79 32 36 27 44 70 32 56 83 33 33 46 32 25 65 82 93 100 32 56 22 33 87 6 26 69 59 44 64 21 79 83 51 43 37 83 100 60 8 18 78 83 57 40 26 46 56 100 19 35 43 46 87 5 78 23 94 16 30 20 17 79 75 3 99 29 52 71 24 41 31 
24 27 16 4 19 25 99 76 87 29 68 94 67 63 46 95 64 32 76 38 90 54 27 32 85 22 92 24 11 21 8 13 12 67 54 22 52 95 24 83 87 72 10 71 95 18 84 39 52 78 74 72 35 9 38 7 82 9 40 97 61 7 19 60 52 61 59 64 71 17 34 90 8 74 64 59 40 21 35 59 38 74 33 49 51 96 34 61 92 100 19 66 7 53 21 17 83 43 82 91 34 88 31 69 56 16 99 54 89 38 22 96 71 67 5 5 18 73 97 93 85 88 53 16 5 66 68 37 
88 67 38 30 95 74 41 71 65 52 70 87 89 37 70 39 53 34 16 37 33 57 52 35 64 74 17 56 3 68 1 99 72 21 86 2 8 56 42 35 3 10 64 89 56 21 96 74 44 99 2 9 39 82 50 20 93 18 46 56 94 41 33 20 55 49 83 81 43 49 100 42 25 23 98 84 48 37 57 41 68 59 41 87 14 77 39 12 22 80 30 53 9 60 49 68 90 95 27 29 45 45 64 21 84 19 34 2 15 87 38 56 95 96 12 50 85 54 90 24 9 78 85 64 53 94 79 27 
6 88 59 49 95 69 82 41 91 86 2 62 94 23 84 55 52 53 10 83 52 70 96 100 76 98 9 52 37 60 62 31 69 87 92 58 48 69 49 14 56 22 15 49 19 17 40 85 67 60 40 53 4 34 64 7 66 75 2 63 98 28 84 59 81 8 74 65 45 73 54 40 81 76 49 82 18 21 8 33 28 40 14 38 16 37 78 30 95 75 53 26 63 41 52 85 88 1 70 37 67 38 69 89 88 75 55 43 1 14 7 15 57 74 72 6 92 75 84 65 86 79 38 35 10 23 44 48 
20 52 46 45 26 49 15 79 75 71 47 22 4 48 93 85 8 94 53 19 78 85 76 49 54 84 57 51 100 94 31 95 93 22 88 88 96 17 72 32 66 66 97 64 25 85 31 19 31 14 89 54 96 70 45 44 26 93 53 92 23 24 58 21 82 40 5 61 62 11 54 44 24 32 83 53 54 95 53 13 55 54 47 43 53 39 76 79 94 74 68 32 17 47 1 99 18 96 23 29 55 71 40 27 54 31 96 71 10 6 57 21 64 40 58 41 15 53 55 92 90 76 50 1 74 66 34 52 
46 87 50 64 55 33 11 68 41 59 23 94 6 99 71 98 24 94 83 19 17 88 69 82 80 52 57 3 90 15 3 3 89 23 92 79 21 15 93 46 68 64 72 44 87 90 96 13 33 98 31 71 40 26 95 93 61 55 31 97 45 69 87 23 49 6 19 85 50 41 11 33 62 72 47 99 4 4 99 33 42 9 90 10 66 49 27 44 59 58 25 38 95 8 42 41 26 26 24 2 94 38 25 69 90 3 47 27 54 80 40 17 12 4 76 58 63 2 98 40 46 13 27 21 65 47 59 98 
35 44 84 53 21 67 33 11 69 33 67 64 39 16 72 93 40 22 90 79 40 67 34 3 71 20 34 46 75 47 55 69 75 24 38 42 20 87 66 40 26 82 9 43 18 53 57 41 78 44 2 89 54 97 14 17 8 37 50 29 1 6 70 71 74 93 77 94 48 84 61 60 19 78 8 64 22 50 98 98 27 92 55 87 28 17 78 93 48 86 24 80 57 4 46 19 44 33 66 1 99 29 96 24 45 19 72 65 78 31 100 41 100 99 52 24 45 22 41 76 97 57 73 68 64 5 87 11 
8 76 27 76 32 24 63 40 66 45 94 69 27 55 68 31 38 67 3 7 96 49 4 57 5 45 14 93 17 27 11 10 73 4 12 7 55 21 35 65 90 34 5 88 20 81 13 35 50 23 7 88 78 10 8 17 36 89 5 68 83 18 58 71 76 98 35 62 62 86 47 3 53 79 29 61 68 100 14 5 85 61 80 44 64 58 57 36 52 66 61 13 39 34 7 95 66 14 21 54 84 63 61 97 44 27 17 36 28 10 64 3 91 55 22 68 23 91 30 78 18 100 28 20 62 48 50 21 
75 38 44 10 80 96 41 59 27 95 4 96 33 35 76 57 11 52 18 8 91 18 11 10 86 47 54 49 20 54 25 89 29 43 28 65 53 38 74 19 45 6 18 94 26 98 76 92 66 25 69 24 60 7 95 85 70 14 43 33 44 58 31 44 46 8 66 96 10 12 68 88 95 9 56 94 36 95 87 42 6 97 30 38 10 28 34 19 50 30 52 94 11 66 42 45 12 45 2 17 44 64 33 44 71 64 98 38 12 98 59 33 55 35 26 46 53 75 24 23 58 87 9 73 29 78 25 53 
16 58 58 69 82 39 20 69 87 88 60 37 81 90 98 41 24 80 41 56 30 71 13 58 21 12 11 54 97 20 23 9 58 95 11 39 94 30 8 90 100 95 98 96 92 40 78 5 4 50 33 21 32 43 64 37 22 16 93 100 13 22 53 99 91 80 50 8 37 99 97 99 28 15 49 58 44 33 39 30 90 79 36 9 90 19 63 43 86 95 4 11 32 3 90 78 40 36 57 37 48 36 31 37 56 90 20 32 22 43 81 2 30 7 37 68 68 72 39 96 10 34 52 15 49 75 100 37 
44 95 100 84 1 68 49 45 83 29 58 85 21 96 53 28 18 41 53 78 4 83 19 79 20 73 48 11 59 2 76 35 75 95 90 38 52 25 71 87 27 70 14 69 91 47 29 41 12 78 55 87 53 80 2 21 10 80 100 78 92 99 28 79 92 12 85 99 24 60 8 50 49 22 28 22 39 83 34 89 64 94 21 37 66 19 86 61 40 2 62 58 23 78 99 69 76 51 15 20 20 14 37 38 42 75 91 30 11 16 20 49 44 53 50 66 98 18 60 42 8 61 14 69 66 58 83 47 
43 43 52 47 36 36 65 55 64 13 48 97 81 18 8 90 88 82 45 88 100 92 80 66 37 80 41 89 66 72 1 45 94 71 98 66 49 25 84 52 63 87 7 12 5 15 54 35 58 36 100 49 86 14 96 34 86 51 86 29 87 91 20 82 36 71 82 44 82 9 58 25 43 56 51 29 7 89 98 72 38 89 42 66 88 53 53 72 69 90 1 70 71 76 100 94 13 36 11 73 75 16 26 12 6 84 24 20 10 90 38 6 43 26 57 42 57 7 36 84 97 98 94 53 71 99 22 73 
13 80 10 93 56 95 19 98 58 74 71 84 85 54 13 46 18 82 68 48 14 17 77 61 69 52 16 14 74 21 58 92 8 71 41 21 25 43 63 40 29 30 92 39 32 83 91 98 24 7 80 67 64 32 31 69 82 13 80 2 69 94 74 58 58 58 72 39 6 44 50 80 24 27 63 33 21 100 35 97 84 52 74 46 53 29 53 16 88 7 100 56 71 97 40 72 20 65 89 66 32 58 75 43 75 73 50 14 75 61 50 16 48 49 32 43 52 95 84 4 26 79 53 7 34 70 50 52 
66 55 65 2 30 16 20 62 12 87 7 84 70 75 20 66 3 81 99 81 12 63 52 28 18 3 42 65 98 4 76 11 23 20 76 67 54 50 97 23 80 2 34 61 41 89 47 87 14 51 58 7 50 51 44 98 33 12 67 71 44 78 81 71 57 32 84 65 52 9 62 87 51 58 20 55 8 58 70 69 42 51 60 78 65 64 40 5 55 24 29 86 26 80 61 63 64 79 86 62 51 41 48 21 1 62 38 99 63 35 26 11 9 3 96 55 98 66 57 76 34 79 100 84 45 21 68 19 
24 3 15 2 72 64 56 85 5 10 96 12 73 9 4 90 42 49 66 38 21 19 62 51 71 50 19 14 23 72 77 68 96 55 40 31 45 42 76 84 87 39 59 92 89 12 68 61 98 49 8 74 30 74 9 34 16 75 21 93 11 7 6 84 28 92 29 94 96 67 55 1 83 35 87 100 6 82 83 94 69 90 32 28 25 74 35 20 36 14 4 34 42 15 87 40 18 72 53 28 84 77 67 23 5 52 22 23 31 14 42 13 50 59 42 18 63 84 44 81 21 22 88 100 39 22 8 15 
2 9 48 26 18 45 77 78 74 93 92 31 11 70 92 4 86 15 45 42 88 81 71 59 57 62 23 37 31 62 64 72 29 78 83 32 26 39 68 13 22 88 64 99 76 62 100 61 85 58 46 3 12 85 48 9 26 63 22 61 89 11 15 11 47 25 65 96 47 5 81 12 50 100 17 87 78 41 13 62 52 49 52 90 13 32 16 6 94 17 40 4 18 83 55 43 13 53 9 96 21 24 8 51 8 83 10 2 31 36 35 60 98 84 70 82 88 25 92 51 75 5 1 51 81 3 63 87 
63 56 69 81 30 92 74 46 83 19 34 45 56 92 77 6 98 29 10 13 19 51 77 87 94 97 49 25 17 13 1 52 69 69 26 47 82 95 54 61 40 73 33 22 3 66 83 16 49 73 7 94 79 30 73 19 11 91 28 55 42 82 50 39 22 82 46 31 74 88 31 97 61 67 70 97 3 64 86 22 49 91 44 82 47 30 31 80 45 87 51 61 78 95 34 66 68 44 40 23 52 48 51 33 61 18 42 23 24 98 46 17 90 33 3 43 69 42 55 17 67 21 19 50 27 68 60 25 
12 78 34 27 33 13 30 15 3 17 75 75 74 55 66 41 84 33 59 1 47 97 50 63 85 75 64 51 96 90 39 99 67 56 87 90 35 20 39 84 50 80 11 75 96 77 6 88 98 20 2 30 77 79 13 18 37 22 27 34 5 25 100 18 66 69 87 21 72 46 71 90 71 10 29 8 38 45 85 95 64 70 23 26 29 21 59 48 49 20 10 11 29 20 86 15 83 59 87 53 92 29 26 53 96 22 89 69 3 7 61 21 49 96 97 17 71 55 48 50 29 96 26 77 58 38 79 95 
71 31 27 96 35 77 9 45 95 59 50 49 86 63 63 60 63 13 11 6 57 41 41 26 34 94 76 33 83 100 75 88 48 19 25 92 7 71 72 62 78 60 44 61 100 41 21 7 6 13 28 12 47 57 12 33 91 15 26 60 99 63 4 98 56 25 52 30 20 24 18 22 15 8 75 63 89 85 16 39 79 99 62 84 80 60 97 46 12 49 91 63 48 87 82 63 73 60 46 6 63 90 68 95 7 63 14 100 87 29 54 91 21 31 72 31 23 59 97 27 45 33 57 36 12 37 31 93 
48 96 39 98 28 9 27 62 62 36 9 48 3 11 52 31 43 59 77 7 38 33 1 76 96 92 54 20 78 87 78 99 8 63 49 79 71 67 29 8 71 83 57 32 70 86 58 51 75 4 17 1 31 89 99 24 19 19 83 45 11 23 27 81 10 78 38 88 21 24 53 61 12 56 62 78 71 79 90 77 86 79 35 56 54 99 31 51 37 43 42 14 46 41 78 89 20 24 52 55 17 84 48 54 98 23 57 76 70 52 50 24 23 88 24 20 32 1 58 64 17 68 24 12 71 66 26 1 
60 72 59 9 54 85 36 85 1 46 98 38 55 31 29 12 15 87 31 67 99 2 76 51 37 14 94 69 46 11 46 55 82 64 73 53 86 68 62 64 45 62 25 75 95 55 77 58 11 92 33 94 55 28 69 70 26 19 1 100 47 12 71 43 77 11 48 32 14 29 43 35 22 53 27 3 25 85 14 14 78 97 34 42 92 65 31 100 37 36 22 35 85 98 52 58 26 63 9 82 67 23 41 98 20 86 31 50 100 24 49 39 37 72 95 53 91 38 31 26 49 92 3 18 51 54 19 71 
43 71 100 56 34 65 23 75 81 73 69 66 92 48 66 84 98 4 22 27 60 23 38 47 73 34 8 5 81 95 2 29 56 66 4 24 41 98 56 11 27 85 50 6 28 77 19 66 63 98 5 88 93 49 76 38 90 29 25 52 55 71 92 23 12 48 63 54 60 56 16 93 52 9 68 80 5 97 15 82 73 97 30 17 65 49 34 57 88 32 21 93 25 15 97 92 29 39 57 3 72 23 89 75 56 61 88 98 57 80 58 8 96 39 88 100 95 20 43 64 69 83 49 97 15 90 58 66 
4 1 6 56 97 52 90 57 96 25 16 85 36 13 50 97 67 80 19 20 69 95 96 81 65 3 98 38 16 19 18 72 59 23 5 24 69 9 26 53 6 66 60 27 28 98 61 21 5 47 67 63 54 83 28 90 82 14 47 69 99 75 96 86 97 97 55 29 86 84 7 68 63 11 59 11 1 1 96 66 27 58 73 83 85 52 12 11 78 98 33 32 81 96 99 41 94 47 22 56 24 59 53 65 85 78 28 24 72 4 28 45 76 83 58 93 74 37 2 35 58 23 98 55 68 39 75 66 
48 12 60 12 50 17 25 4 3 75 64 31 45 35 90 30 21 30 81 29 11 38 5 97 15 89 36 85 28 62 68 32 47 26 58 73 4 96 51 27 71 51 86 51 65 99 75 56 61 75 67 85 78 64 46 30 8 4 13 11 54 100 16 70 44 6 96 65 83 64 62 66 68 1 75 2 17 53 61 86 20 89 24 16 23 71 53 81 73 36 53 57 17 54 50 44 98 14 85 52 88 10 53 35 15 7 93 17 6 11 54 8 41 86 49 63 11 42 13 99 27 63 88 39 100 7 24 70 
35 70 13 50 90 96 6 40 7 86 40 6 62 39 86 28 23 98 79 93 87 8 58 40 11 59 65 96 56 99 60 92 77 47 18 59 74 82 47 97 47 99 49 25 32 78 63 39 66 56 86 92 80 17 38 39 68 49 66 81 22 73 94 25 58 66 70 47 25 66 48 14 1 89 6 90 33 26 18 4 58 45 80 12 27 79 90 63 75 17 72 99 60 4 61 58 26 39 19 15 38 95 84 79 10 51 59 81 26 69 68 17 50 33 8 55 69 87 99 64 4 72 79 84 19 15 91 60 
11 73 23 77 9 5 28 94 66 53 82 39 45 16 88 58 82 40 91 60 13 86 22 67 31 44 10 61 5 55 38 46 30 57 63 60 6 49 82 7 51 22 53 24 82 82 19 65 5 58 19 15 15 59 52 19 62 27 82 73 42 43 9 32 90 64 4 63 81 3 6 59 26 55 81 6 85 89 21 78 68 84 25 35 99 87 96 4 94 97 81 62 86 92 87 50 38 20 67 92 88 6 92 7 23 64 13 45 89 37 1 65 28 61 78 98 39 61 96 41 63 21 76 21 93 66 17 34 
66 26 35 35 61 26 23 99 9 15 14 47 56 78 12 91 61 79 51 43 78 35 36 73 97 100 38 64 73 57 41 48 33 40 70 73 97 23 15 64 95 24 100 77 15 9 73 22 96 81 87 42 76 49 85 74 59 57 28 66 1 38 73 3 28 98 36 59 92 60 71 28 42 94 76 68 26 4 47 31 29 57 16 46 85 29 86 45 77 2 60 48 17 47 39 42 61 3 69 87 14 43 79 11 84 83 83 35 34 38 73 70 71 15 2 55 47 1 85 49 93 6 50 12 8 97 67 68 
39 25 88 25 3 78 51 90 68 27 26 21 81 33 76 6 64 100 72 83 100 83 72 68 29 70 97 48 78 27 37 50 92 72 50 41 89 25 11 95 55 22 85 71 62 43 74 67 76 12 24 65 16 92 49 58 9 9 7 76 8 34 49 82 34 46 51 76 77 50 82 2 98 3 71 88 69 70 28 32 88 18 12 21 75 83 35 38 66 32 87 42 33 80 34 28 6 18 85 11 78 65 3 19 17 68 39 80 38 24 99 22 46 92 62 99 56 5 22 62 17 14 21 91 52 80 26 58 
29 97 43 1 80 8 45 78 45 51 29 64 94 9 88 20 11 29 74 79 79 86 7 14 90 84 16 37 98 18 72 29 70 85 70 19 39 89 83 90 23 98 58 48 88 59 46 73 77 19 16 32 42 86 93 27 75 98 53 42 95 7 57 53 32 27 91 55 31 20 8 53 81 37 20 75 32 19 23 38 72 86 32 57 24 57 67 28 74 70 62 54 20 13 15 94 62 35 69 90 43 12 86 85 86 62 78 22 22 79 100 91 90 41 91 46 30 14 30 21 53 68 21 39 79 84 46 39 
2 20 88 86 44 92 52 11 85 32 12 67 96 31 91 52 64 99 8 50 6 25 51 65 23 99 90 27 10 49 72 7 8 13 17 65 6 68 90 62 59 93 19 35 63 91 8 44 7 94 96 34 24 1 98 7 81 35 95 40 10 84 48 74 18 34 33 67 48 79 39 43 52 5 22 59 48 3 31 24 28 38 75 6 28 86 60 4 33 94 93 62 77 65 34 55 22 62 76 63 1 80 84 76 80 36 4 10 53 100 20 5 54 41 58 80 97 25 52 81 72 24 30 100 28 30 43 47 
72 13 11 31 47 15 65 68 36 82 57 69 19 67 10 78 76 3 88 84 18 59 97 88 77 84 22 96 48 73 68 92 25 2 40 10 82 25 78 15 87 29 35 79 48 25 30 76 40 13 38 66 72 47 59 62 28 19 34 55 68 19 62 17 54 49 51 97 44 38 23 55 48 54 76 97 76 23 85 72 90 37 95 46 17 89 86 99 43 33 18 76 32 69 87 37 6 14 60 24 7 24 42 65 85 28 73 57 14 93 85 45 23 32 81 60 9 100 89 90 87 75 74 20 79 46 95 76 
44 44 15 6 79 68 2 31 97 85 86 9 39 2 55 49 97 54 56 68 33 44 95 32 43 58 62 38 90 14 59 35 8 23 29 29 87 58 3 65 4 13 5 78 54 13 64 67 61 61 54 67 21 69 87 52 27 37 92 41 72 23 48 94 37 43 21 80 45 49 51 73 13 32 84 91 46 66 79 9 70 63 51 40 46 52 9 26 31 4 21 11 45 14 15 3 2 46 34 98 49 33 100 65 54 76 1 99 82 47 83 18 94 97 17 52 33 38 97 84 24 27 96 83 52 59 100 68 
92 28 69 41 34 41 96 46 59 92 41 11 66 50 22 87 81 27 20 92 65 26 8 39 58 93 11 57 42 26 24 4 19 1 66 47 63 2 24 88 14 13 45 1 15 52 82 55 11 63 10 26 62 90 42 72 99 72 97 28 9 50 74 72 90 2 41 99 62 21 30 51 58 29 49 8 61 11 23 25 1 16 60 73 19 20 78 87 16 1 22 77 59 37 45 27 99 48 17 36 8 90 69 2 98 17 1 48 20 97 62 44 31 13 89 7 81 13 84 61 25 75 92 11 82 81 18 89 
2 79 35 90 82 10 50 57 64 92 48 30 2 12 14 59 100 19 54 29 100 58 84 49 93 10 11 16 88 19 13 64 78 33 76 6 29 47 74 34 17 72 85 22 4 61 68 9 91 10 26 43 12 16 40 30 53 80 11 30 35 75 21 13 65 55 76 84 45 35 78 64 24 80 84 54 86 21 6 16 34 62 90 99 56 94 44 76 86 2 68 75 90 8 93 9 96 52 40 6 58 62 83 48 64 44 72 74 19 53 59 69 11 97 4 4 1 39 3 25 22 64 21 76 97 12 94 94 
84 18 17 89 19 7 89 1 86 88 90 31 32 84 5 88 39 22 94 5 58 50 43 13 82 2 81 78 60 50 41 72 97 88 36 88 6 22 11 72 20 59 58 69 11 16 80 14 53 71 67 68 96 24 48 77 40 17 4 2 59 33 36 40 17 18 8 65 67 77 46 51 89 8 50 77 59 46 63 38 72 95 61 98 45 16 11 74 40 19 16 31 24 32 54 44 71 22 75 49 73 6 94 34 44 89 87 60 96 66 55 27 65 58 21 87 60 3 47 73 82 1 69 66 95 67 1 15 
2 29 57 13 61 72 41 19 24 2 96 22 34 19 69 47 51 76 72 69 18 54 63 61 48 35 49 7 23 23 77 2 52 34 33 77 78 23 65 33 54 37 59 39 62 54 53 19 75 27 71 4 1 42 18 95 61 29 81 59 25 18 45 25 42 14 49 65 65 68 13 16 19 24 38 81 94 47 8 12 22 84 73 86 33 49 10 10 98 57 50 70 94 34 19 11 47 90 78 100 21 49 39 86 62 96 95 6 8 52 7 43 94 29 21 42 99 39 12 69 60 29 99 27 16 15 86 70 
70 17 39 65 1 44 43 5 82 71 12 88 52 52 51 81 91 43 16 30 39 70 53 91 64 10 13 62 46 2 80 14 5 63 78 95 53 88 65 27 97 96 17 73 31 82 18 39 81 10 97 28 10 34 64 63 32 38 57 58 45 37 96 26 83 88 50 17 84 78 64 45 2 9 44 53 35 26 43 32 88 55 24 87 33 17 24 63 100 15 87 71 63 97 86 25 10 10 19 79 47 27 33 39 40 62 61 86 88 52 81 99 99 23 14 60 40 29 40 88 87 50 26 83 9 100 98 53 
72 7 16 19 58 98 12 59 35 13 58 47 3 51 93 11 41 80 9 50 49 70 46 57 70 15 41 81 14 10 13 25 60 20 92 71 45 96 72 65 12 19 17 16 30 89 43 29 96 79 87 83 93 37 94 46 87 71 73 83 51 80 75 49 75 69 42 30 16 20 15 14 71 32 18 61 82 57 61 37 56 37 98 92 94 28 29 57 22 51 49 100 82 34 81 33 75 99 18 85 61 100 9 73 51 29 69 5 9 42 59 83 68 65 73 52 15 93 74 7 56 18 67 6 76 95 48 17 
30 80 58 1 79 66 16 68 34 16 33 74 40 23 44 67 89 46 91 31 65 28 9 13 8 98 87 71 54 95 37 56 21 4 16 29 99 91 28 39 69 32 70 23 30 87 47 80 83 29 17 28 25 36 92 45 58 70 100 45 58 55 64 39 13 53 25 17 82 58 24 74 96 68 67 67 27 91 22 21 78 13 57 7 42 76 7 60 25 99 17 92 36 22 89 33 37 25 52 16 67 36 59 14 36 98 58 65 12 75 19 43 67 71 20 4 40 100 1 65 2 13 86 88 91 28 79 68 
54 94 94 53 25 26 74 32 21 10 16 98 83 15 94 69 3 78 9 8 93 81 75 9 80 77 41 24 43 92 72 28 15 34 38 57 22 79 68 38 59 54 71 68 49 79 10 3 80 98 7 4 54 15 68 50 1 26 29 9 92 34 65 9 22 43 11 10 26 78 10 5 54 4 69 97 58 22 21 75 92 80 98 58 58 90 12 49 24 60 87 60 48 17 45 38 44 83 83 89 17 4 50 72 75 89 37 1 14 39 13 26 23 84 95 30 13 98 73 50 52 56 4 67 16 4 31 7 
48 7 43 65 53 21 85 94 10 65 5 54 2 7 8 18 73 68 86 91 86 86 99 32 95 40 97 91 15 69 70 56 2 23 16 35 6 31 90 84 91 46 58 63 23 21 82 55 51 72 13 31 28 18 35 5 39 16 13 27 1 8 53 40 14 55 99 75 22 16 73 30 80 90 47 97 3 52 58 77 31 78 75 74 79 48 21 21 31 32 61 92 24 19 55 91 21 25 82 45 63 48 73 26 67 18 100 24 2 78 52 61 33 53 46 54 82 27 10 67 81 81 95 22 12 83 64 76 
58 42 45 70 62 27 8 13 2 30 78 32 29 19 99 49 1 45 4 79 94 20 83 62 45 51 36 10 7 30 61 52 93 12 61 49 61 16 12 73 86 66 30 73 42 92 23 8 59 80 64 2 17 32 50 95 57 98 42 25 52 61 43 14 87 81 70 62 35 50 10 24 16 71 83 68 50 40 13 70 61 62 60 51 71 15 74 57 67 97 16 23 99 3 79 11 48 89 52 10 80 29 57 71 57 79 32 91 5 48 58 49 82 24 70 82 78 48 70 88 99 47 46 42 94 18 3 90 
22 34 9 62 51 74 78 47 13 86 83 89 81 87 31 100 90 66 63 77 4 74 21 60 91 35 75 3 1 70 85 94 77 69 74 49 45 4 83 99 52 30 15 24 45 47 47 22 10 96 97 29 95 12 65 40 63 37 22 2 63 86 100 68 43 75 20 65 58 6 54 49 85 46 63 13 44 34 24 21 20 82 95 87 62 75 86 35 93 95 91 32 18 82 88 45 56 49 99 94 10 57 8 90 30 65 84 17 32 39 11 25 65 67 19 59 56 1 11 25 93 74 87 42 3 8 46 15 
10 88 71 62 5 60 44 75 87 100 78 63 81 17 80 93 58 86 33 27 19 20 60 15 37 17 84 14 14 47 20 70 44 87 88 99 30 5 3 11 88 17 31 6 87 28 85 46 19 58 92 17 85 27 7 10 17 8 14 15 64 70 44 63 27 1 99 6 23 38 41 54 52 54 8 92 82 64 94 97 24 43 100 96 1 79 23 8 52 61 49 20 99 61 55 13 54 27 52 26 36 77 62 41 75 58 75 21 11 17 7 37 87 65 57 45 67 35 41 31 85 83 97 57 16 51 35 35 
59 48 72 100 31 15 20 20 84 52 81 86 58 18 76 35 99 59 89 49 32 94 82 98 50 42 5 96 48 33 55 26 17 91 23 90 3 19 51 6 1 14 67 89 100 38 21 93 34 99 52 45 27 94 60 24 56 66 13 47 41 9 56 38 54 7 32 4 53 74 91 71 61 54 35 91 38 17 90 84 14 10 51 97 35 12 24 46 60 80 66 1 83 34 60 5 49 8 39 50 77 94 54 76 59 18 16 6 35 43 77 15 88 91 82 84 84 64 44 24 86 87 68 77 14 80 83 28 
24 38 59 81 13 7 74 49 13 63 24 87 13 10 100 5 75 20 65 40 72 22 13 31 60 98 94 54 2 57 4 40 89 29 34 83 66 1 26 42 95 15 71 80 9 23 97 37 76 76 46 41 68 64 30 55 5 27 32 1 73 59 38 65 72 61 100 86 72 25 93 81 80 2 100 67 84 92 4 90 81 90 87 65 18 20 80 21 26 72 93 88 87 16 30 70 42 82 10 47 93 63 61 61 60 100 21 5 65 65 18 11 33 86 17 30 58 66 53 92 27 37 33 80 13 50 31 64 
4 47 29 9 63 43 69 59 71 70 14 26 7 35 56 64 22 31 78 8 84 20 91 27 52 57 67 51 94 75 4 68 3 7 100 57 92 7 79 59 89 29 35 50 60 55 96 82 79 17 72 55 48 33 51 72 67 15 38 47 54 85 74 60 39 8 45 42 71 8 13 11 88 64 53 92 69 64 24 27 33 99 38 73 81 98 94 91 34 6 47 6 7 13 17 43 39 2 27 82 48 89 69 11 73 30 10 62 39 29 91 48 67 91 3 75 22 18 21 33 38 36 64 96 99 7 89 10 
22 83 93 14 89 34 67 49 46 58 70 69 66 19 78 89 52 1 63 73 10 37 83 40 10 96 89 64 24 28 90 14 26 69 46 49 2 14 30 29 96 59 57 83 65 22 57 95 23 83 44 86 25 44 64 62 1 70 67 93 27 90 2 78 21 90 91 45 60 23 55 48 78 59 13 27 2 13 16 53 13 76 89 98 70 82 24 12 62 27 42 21 45 2 25 28 88 43 32 60 54 82 32 27 40 95 35 98 47 93 17 89 81 100 95 91 59 72 95 10 32 29 85 53 76 87 95 62 
89 5 68 29 94 82 55 92 39 81 45 25 20 33 1 23 47 80 70 34 30 59 58 28 77 53 30 78 60 88 14 40 99 100 38 38 26 91 94 2 100 21 60 41 7 55 66 36 14 31 6 49 52 92 57 69 62 74 30 69 91 53 58 28 51 37 94 29 90 33 15 83 77 31 71 87 95 69 48 30 24 100 39 1 59 50 26 93 31 35 92 75 53 90 76 7 71 61 13 95 30 3 94 8 20 95 66 40 63 3 84 55 6 80 23 24 97 7 36 71 30 85 30 36 28 95 70 69 
78 92 15 73 14 80 52 22 3 58 37 98 9 70 96 47 12 53 91 95 91 57 18 62 88 32 7 8 78 40 56 69 33 20 10 1 20 20 8 38 41 26 9 73 22 10 64 47 45 62 61 48 32 60 69 88 26 86 99 96 41 68 10 70 71 98 18 75 88 48 54 81 61 91 8 12 6 11 49 8 7 84 55 46 8 51 4 71 30 29 12 59 94 49 29 31 7 93 66 55 21 69 48 41 66 2 28 24 67 20 84 52 31 44 48 44 100 45 83 97 52 66 77 36 88 83 88 42 
2 42 84 88 51 54 51 46 73 93 49 13 50 20 60 17 14 51 44 44 43 11 47 61 77 87 12 65 63 19 52 40 78 9 74 81 46 11 14 59 10 89 26 85 99 66 76 93 52 32 26 23 57 46 53 93 30 63 7 25 30 18 77 89 91 33 35 75 84 65 99 73 11 75 95 36 31 48 62 26 2 58 25 72 97 37 39 34 2 35 39 3 93 19 7 23 66 95 53 14 57 28 67 34 67 28 80 40 90 17 48 36 63 58 80 56 78 91 83 78 69 29 17 66 18 92 33 24 
42 98 60 67 23 55 82 82 73 97 20 40 70 25 94 12 12 13 54 12 35 32 17 22 11 90 48 40 19 40 28 96 28 51 74 53 14 72 85 8 14 9 82 57 60 13 30 70 29 57 90 10 44 40 67 40 18 54 25 17 33 63 17 69 13 81 73 28 19 75 2 90 82 36 26 58 65 84 48 18 9 71 18 31 28 86 67 1 74 70 47 79 38 59 42 1 50 28 17 87 36 28 19 15 26 56 45 48 43 46 15 75 49 51 93 28 60 92 1 67 6 91 81 11 50 7 2 32 
100 1 92 85 82 82 65 15 27 89 60 91 37 12 62 46 44 28 1 56 69 79 36 90 99 99 40 73 95 10 84 51 30 90 60 94 77 44 47 53 97 42 54 22 53 78 50 20 56 57 88 63 32 97 44 63 62 75 57 49 7 80 40 60 69 99 56 81 70 97 27 4 3 80 18 11 100 86 5 60 17 23 55 77 61 100 56 90 79 36 68 48 33 26 75 7 51 97 5 44 80 20 90 76 6 28 25 4 50 60 92 82 46 98 70 67 91 4 55 39 17 72 33 35 18 97 14 33 
64 63 40 11 43 71 2 60 50 77 65 77 10 99 86 37 89 23 81 83 15 99 47 98 79 24 71 94 46 17 17 18 94 87 66 89 13 87 48 86 19 10 72 40 56 4 73 61 76 21 15 42 90 34 23 97 99 56 24 18 38 3 76 52 77 70 44 95 27 27 94 19 73 52 66 18 64 70 61 98 33 67 63 21 28 9 32 18 65 41 68 50 79 65 19 22 65 10 67 87 33 26 5 30 9 62 36 38 43 93 41 41 90 92 42 67 66 77 86 96 21 30 38 84 77 72 63 89 
74 18 61 25 8 54 27 21 51 8 89 89 72 66 95 67 11 50 15 18 8 42 10 31 89 92 5 20 80 40 97 72 3 31 95 91 28 15 75 19 46 57 46 44 18 29 97 49 100 50 29 93 44 44 1 80 43 7 35 2 63 56 42 81 7 49 54 80 90 50 89 26 95 98 73 62 95 76 80 4 65 61 34 40 92 91 11 7 71 1 19 35 39 6 48 39 57 27 62 9 74 33 3 46 70 79 80 60 71 81 42 49 48 63 47 82 19 45 39 6 63 13 72 34 46 88 55 76 
3 18 99 1 53 96 93 57 9 53 66 57 81 22 40 69 27 19 15 25 58 1 7 89 35 62 64 51 48 45 42 87 28 11 34 30 48 81 35 50 41 69 17 87 70 1 2 1 32 66 79 78 42 36 99 72 82 91 6 15 38 4 10 38 50 35 49 80 47 57 68 17 58 16 65 92 3 71 96 39 66 24 100 49 22 22 66 35 81 18 74 38 15 91 24 17 86 98 17 11 64 83 47 36 32 50 83 38 12 36 93 49 85 67 86 25 29 85 76 84 99 89 95 7 75 41 20 54 
38 31 31 11 70 79 63 49 63 50 80 39 26 61 42 75 39 70 5 42 100 66 64 100 89 69 1 90 46 9 60 48 54 85 29 62 13 39 60 64 40 33 13 66 10 86 72 88 1 84 90 29 73 58 6 57 65 47 62 93 31 91 13 25 26 39 72 4 99 8 70 74 38 72 20 30 51 91 43 31 82 67 54 18 33 40 58 47 69 14 89 89 53 99 72 15 28 34 75 96 94 20 52 59 32 73 2 38 42 26 46 56 46 39 81 92 17 23 91 100 46 44 65 46 9 93 67 20 
11 72 62 58 89 31 75 8 71 23 18 25 86 54 94 17 17 65 79 58 10 66 90 94 58 16 97 70 84 51 62 2 75 7 24 95 24 89 7 18 57 15 61 83 96 8 27 40 96 63 8 59 27 58 20 27 83 45 37 62 72 87 90 24 60 77 7 69 30 83 54 96 66 74 88 29 98 29 81 85 79 58 16 99 97 32 48 61 81 37 90 42 31 97 91 58 64 58 35 37 84 44 44 23 8 62 3 48 38 23 11 28 73 15 43 38 39 45 23 34 31 10 82 2 93 3 7 65 
83 36 44 42 89 15 35 34 10 98 29 19 34 30 28 50 1 84 56 7 26 24 12 32 45 71 1 90 87 72 74 100 73 11 54 92 75 29 25 56 34 84 11 29 81 52 38 54 61 95 40 41 33 32 28 46 77 64 72 14 68 69 1 51 32 37 43 93 27 56 35 46 63 52 99 36 16 31 45 63 75 77 61 21 29 92 37 87 82 13 21 38 21 72 50 70 66 64 68 80 57 56 39 18 23 13 71 27 28 67 88 50 6 19 83 71 17 69 83 14 36 49 57 23 29 75 41 31 
89 100 34 83 2 99 6 75 53 1 54 9 47 42 81 89 26 23 95 11 41 5 83 13 53 45 8 31 18 83 77 95 38 40 44 58 29 99 52 16 78 9 4 53 61 85 21 51 58 14 2 6 84 69 64 2 78 74 58 24 8 75 66 36 23 14 45 37 88 95 60 90 36 90 55 31 16 54 100 23 84 3 73 90 73 92 35 98 95 5 76 11 32 15 83 19 97 100 38 96 73 75 48 93 59 19 79 22 59 89 93 79 6 61 79 72 72 16 59 96 17 31 32 16 68 62 73 43 
93 46 86 23 14 29 97 58 53 7 15 20 38 72 95 24 44 9 45 42 18 21 42 52 47 89 75 81 15 4 91 68 81 48 73 56 58 72 75 94 61 78 48 84 19 14 39 77 69 54 22 6 21 85 72 15 10 46 44 27 55 27 29 51 12 99 12 46 15 83 54 83 4 97 21 3 88 34 37 92 16 77 63 91 41 8 38 14 10 5 18 2 25 5 39 25 77 33 18 65 14 57 4 61 23 72 4 82 48 62 15 13 67 53 71 66 45 54 96 1 77 13 8 91 82 90 28 10 
38 38 33 44 71 23 66 81 35 34 85 69 81 44 54 9 90 88 24 22 18 88 16 54 45 48 60 50 15 34 15 40 62 92 48 41 99 100 53 100 25 84 65 3 25 76 48 46 1 69 80 98 85 71 86 91 93 8 63 83 65 55 15 58 22 83 92 84 22 28 43 77 1 36 83 74 17 30 22 85 26 100 30 63 80 63 8 67 25 67 21 54 84 67 51 55 68 55 32 26 75 74 5 34 87 99 14 30 9 19 1 27 63 76 81 97 6 50 81 9 47 74 22 84 10 76 91 27 
65 15 16 29 31 77 84 79 81 43 93 50 18 64 98 95 41 39 65 42 73 68 90 20 87 21 66 65 7 13 75 37 76 99 68 2 19 61 22 96 25 49 68 10 44 97 55 34 26 6 28 31 29 10 4 5 2 37 12 36 72 4 70 32 32 84 29 46 58 40 58 99 53 82 95 34 3 3 100 60 24 82 29 47 24 57 70 38 35 46 52 66 5 88 67 78 83 14 97 66 27 76 12 7 99 96 38 46 72 93 83 41 73 62 40 29 14 21 35 99 88 55 54 38 57 70 2 23 
44 62 19 67 85 41 82 93 57 64 93 77 93 23 72 92 94 79 20 92 6 89 46 15 16 1 9 11 80 73 56 35 86 20 51 3 42 51 42 25 41 30 31 84 58 51 5 36 48 39 22 83 71 22 32 1 43 90 5 91 22 99 37 34 19 49 87 100 95 96 64 50 25 97 78 52 19 11 10 51 42 65 34 33 28 49 100 96 90 100 18 93 22 17 12 80 79 31 69 80 78 38 80 90 91 52 47 27 38 12 97 73 50 8 54 72 50 51 90 29 60 20 51 17 60 21 65 42 
63 69 17 42 29 48 62 85 58 79 28 38 80 38 50 51 59 63 60 52 29 36 44 1 84 73 26 67 73 7 3 9 45 18 44 83 86 82 33 70 41 73 11 70 89 2 75 100 35 74 93 8 96 78 21 49 84 97 27 45 89 68 79 46 3 70 68 97 72 24 46 76 43 89 76 54 39 8 85 92 39 92 92 38 5 94 21 5 14 58 87 50 29 100 97 88 72 92 48 16 46 21 36 12 98 17 28 77 76 39 94 21 46 37 3 91 81 73 18 79 35 34 46 49 92 29 2 91 
35 62 85 64 33 70 82 25 39 93 13 35 69 30 16 50 44 98 27 100 84 96 88 8 29 49 70 53 2 7 80 26 93 24 13 48 20 90 95 88 3 3 11 64 57 7 79 18 91 70 94 41 48 1 76 3 16 49 49 72 98 21 9 23 82 88 11 33 90 62 46 44 98 22 39 81 9 74 15 20 55 57 20 60 63 9 21 97 13 3 47 6 56 7 50 8 9 9 37 62 98 2 75 19 27 55 54 65 98 36 47 71 31 1 18 39 48 17 2 38 69 60 70 58 73 99 19 73 
96 79 32 30 69 58 81 47 90 64 15 49 26 1 47 37 68 91 65 93 79 3 78 31 62 75 33 82 43 83 21 1 5 59 20 97 77 5 84 27 23 2 42 78 94 55 53 16 21 2 79 90 1 52 85 56 70 21 28 8 41 19 59 67 52 46 52 72 59 26 43 98 65 87 28 2 92 45 48 98 22 80 79 67 79 69 50 34 17 43 58 56 42 41 43 67 74 11 72 24 79 76 40 76 97 83 41 10 25 52 77 70 63 65 12 19 8 38 20 81 59 59 14 64 24 47 5 72 
80 70 93 28 34 89 25 8 20 89 14 53 21 39 79 70 54 34 23 4 66 26 6 90 65 62 26 45 84 56 72 1 43 71 78 46 97 7 87 14 68 87 84 74 71 63 32 19 32 76 84 48 5 56 50 82 98 71 32 4 18 14 37 80 93 29 66 17 97 38 13 74 51 23 1 86 23 60 17 90 54 32 55 6 98 66 53 39 25 96 56 1 63 42 76 91 31 17 83 95 94 6 97 63 5 3 5 61 64 32 61 1 34 79 84 41 8 74 73 38 6 52 100 79 68 63 64 19 
37 23 77 92 88 92 21 13 55 64 61 5 34 7 88 85 9 74 28 68 84 45 27 24 1 73 59 22 15 33 2 60 7 4 96 41 32 98 88 21 49 69 92 7 79 87 69 6 15 86 16 5 29 22 76 91 82 61 29 96 92 67 6 59 54 2 83 94 30 21 66 41 96 24 34 50 83 34 63 88 31 57 17 20 90 43 12 67 94 90 15 45 4 84 8 74 46 94 21 37 98 46 7 73 88 85 52 78 64 5 44 12 50 23 32 100 72 83 82 23 20 100 51 33 21 73 64 21 
63 62 100 24 99 22 13 89 29 34 66 33 41 17 2 79 15 59 11 77 14 60 24 59 69 41 34 60 22 21 84 70 81 92 13 86 18 22 64 31 13 98 46 28 54 47 91 53 44 29 70 87 2 94 28 42 9 89 38 88 98 89 57 75 13 11 32 96 32 90 12 27 29 69 18 35 40 65 57 11 90 23 79 86 38 46 71 79 93 63 98 92 71 40 78 86 24 63 46 49 37 89 55 18 67 83 12 20 4 50 14 10 82 89 100 7 50 3 18 12 50 41 62 88 4 75 13 84 
49 98 97 88 95 96 23 86 63 80 16 26 1 55 77 72 51 11 35 48 59 46 73 48 74 5 82 88 32 39 1 84 12 45 72 46 33 84 18 7 24 1 17 77 84 76 51 41 88 84 96 57 25 33 85 41 40 36 84 42 28 86 65 47 4 30 92 6 37 98 41 80 89 27 3 28 73 43 9 41 16 69 55 21 32 4 85 39 48 29 86 92 98 1 68 55 57 10 24 8 28 91 30 36 29 40 24 48 12 1 20 25 32 60 19 2 18 41 41 95 36 10 87 38 10 81 27 36 
63 83 48 48 91 43 20 26 15 35 97 48 62 80 30 100 48 43 53 85 68 71 46 13 50 51 72 88 31 71 93 66 93 64 60 36 6 20 98 60 43 87 70 94 30 41 28 100 99 1 65 8 8 78 97 75 77 91 66 36 17 88 84 27 36 83 44 65 19 97 87 97 100 72 21 90 1 32 24 34 17 69 9 90 60 10 90 36 100 51 77 82 31 40 66 39 27 28 7 85 76 55 4 13 25 52 23 28 9 75 11 31 30 82 60 45 2 54 81 97 2 17 100 69 73 22 94 72 
11 54 67 16 70 78 79 74 93 66 94 32 48 26 40 70 44 38 29 84 88 13 10 90 41 9 58 74 51 83 18 83 51 82 87 57 52 43 85 67 68 15 63 84 44 45 1 8 94 98 88 18 21 54 70 29 44 40 9 45 72 51 88 38 45 14 46 54 87 66 91 71 69 30 98 79 50 34 27 72 33 91 34 16 54 35 83 92 42 100 93 59 45 94 54 68 18 4 54 58 73 83 77 71 22 34 33 16 50 9 100 10 92 45 78 7 39 39 14 88 12 87 48 13 59 46 19 19 
94 22 42 52 57 70 57 29 64 53 60 77 16 17 9 49 25 69 14 13 97 39 71 53 93 86 32 41 70 7 26 39 20 22 48 50 68 48 43 24 2 28 29 39 8 51 76 3 21 26 1 82 44 85 52 29 83 80 20 42 3 62 20 72 47 29 52 19 51 90 7 66 69 26 57 21 57 43 64 4 3 51 1 75 86 32 86 85 8 19 78 13 75 3 29 19 43 52 24 4 35 35 24 21 61 4 58 30 82 5 78 1 73 35 90 61 48 29 58 33 16 68 41 31 20 53 3 86 
14 51 26 6 79 2 17 83 87 17 18 73 69 4 60 7 89 94 12 90 40 47 4 71 23 21 2 81 88 96 78 33 46 70 8 12 76 100 38 100 25 77 56 59 15 68 18 21 74 11 43 22 38 4 64 58 67 23 6 50 93 53 63 41 34 38 44 58 43 51 19 21 35 64 93 28 21 14 11 19 80 25 16 79 52 48 11 34 6 38 69 86 37 41 37 11 32 44 79 91 39 94 33 59 73 15 61 21 44 19 21 10 45 53 36 23 25 33 31 36 27 16 19 52 44 61 69 68 
77 25 66 78 96 90 13 69 58 7 7 2 99 3 47 20 68 44 67 44 39 43 89 2 7 39 51 97 19 92 99 99 63 13 1 70 55 35 51 14 21 72 28 92 26 16 89 39 53 14 57 33 12 99 43 60 94 82 77 3 24 2 76 16 88 93 28 94 63 93 10 11 38 33 2 85 7 11 95 27 49 24 47 84 55 16 9 30 86 96 64 48 3 41 96 41 8 39 84 2 39 16 33 71 55 64 89 59 62 7 97 67 91 13 47 46 82 43 89 23 82 5 76 29 64 49 11 62 
58 56 6 97 94 8 91 37 2 22 44 64 83 7 98 100 61 35 32 81 4 61 47 96 79 21 95 82 61 74 19 19 87 98 7 71 30 96 10 48 41 7 45 68 1 26 22 87 8 5 10 50 31 98 42 18 61 85 76 4 3 43 5 2 77 3 12 18 57 48 61 21 85 17 34 74 37 83 94 10 75 12 45 64 67 42 72 59 17 20 34 60 100 26 69 68 70 30 31 39 88 22 32 24 90 66 35 28 81 52 83 92 12 64 38 81 97 73 65 63 10 32 98 99 30 77 22 87 
32 53 59 23 46 92 6 13 65 51 5 78 85 69 95 42 41 44 98 38 74 58 20 87 94 88 26 15 41 34 79 10 73 65 31 31 66 36 46 96 69 90 55 48 70 74 60 12 59 16 21 37 50 46 34 67 44 94 85 45 5 62 35 25 27 42 63 2 41 35 84 85 96 58 5 28 27 61 14 91 17 2 55 67 25 64 62 75 26 42 93 89 82 92 13 42 75 61 67 95 72 61 9 87 81 50 61 82 10 72 28 68 95 62 37 44 67 49 21 27 46 55 87 89 32 80 84 47 
60 21 84 45 76 13 72 54 80 23 95 29 73 27 35 84 75 13 40 81 30 14 57 8 7 64 98 94 61 8 53 26 53 90 92 58 24 52 92 37 20 91 21 49 34 9 57 78 8 81 30 56 17 8 70 14 81 15 32 81 99 94 62 90 52 88 12 41 6 25 97 55 53 97 73 82 92 13 7 92 32 64 21 44 13 22 12 98 64 2 50 50 39 100 48 88 10 18 81 93 3 60 70 32 51 26 29 78 87 45 24 53 54 34 53 38 77 72 27 80 12 32 16 24 92 75 67 5 
65 24 9 46 64 60 50 84 41 69 59 45 93 23 54 12 73 82 42 72 36 8 39 3 66 62 9 80 82 95 60 62 100 49 52 18 27 70 13 73 20 77 55 34 50 23 18 85 47 91 62 77 17 20 74 25 22 99 82 93 44 56 57 41 27 95 23 96 29 11 62 4 21 54 89 17 47 52 51 50 24 68 52 31 78 19 76 64 66 41 56 1 42 29 58 3 76 44 32 52 62 39 55 34 58 33 11 29 22 73 10 43 88 27 67 34 100 75 98 83 9 51 22 37 64 34 65 3 
58 49 2 26 42 16 99 26 76 22 97 69 6 76 25 85 99 34 66 1 87 4 71 77 8 91 57 68 51 91 51 42 40 41 85 100 85 31 98 3 54 3 49 96 64 28 24 36 3 11 89 32 23 67 9 94 77 30 29 68 6 36 95 84 80 72 100 24 30 89 55 79 77 85 18 19 43 6 41 84 5 21 90 22 54 58 60 93 62 96 82 4 75 25 46 58 63 44 11 14 66 90 81 8 33 31 71 21 41 95 23 55 37 79 23 52 56 91 14 42 98 81 13 92 59 90 53 35 
66 36 19 63 61 33 72 14 36 9 58 19 95 10 52 1 20 10 17 30 42 59 72 29 93 48 27 94 98 33 84 67 35 37 5 9 25 76 44 69 42 38 17 90 55 86 2 65 12 31 81 32 76 33 42 59 41 81 57 42 23 45 41 13 4 60 8 46 76 45 85 3 61 79 28 1 41 53 27 84 91 81 35 2 5 9 44 97 1 15 30 23 77 99 55 23 19 62 100 62 72 74 41 41 24 94 27 75 9 26 48 49 89 25 5 33 74 71 36 78 7 90 99 9 32 67 62 55 
60 24 10 43 5 39 23 28 3 61 23 80 14 94 55 89 15 73 46 32 38 55 29 46 25 88 91 3 51 16 13 15 22 2 60 27 18 69 20 82 20 55 10 30 11 34 54 1 96 23 65 89 45 89 74 83 1 33 82 50 63 73 17 56 84 46 22 96 92 30 6 40 62 80 4 24 34 93 8 47 7 55 22 41 39 97 11 98 17 8 40 16 59 65 61 12 75 62 52 14 23 66 82 93 11 21 95 51 89 44 99 77 70 14 67 82 28 51 90 81 89 81 9 47 76 88 30 8 
4 25 15 6 55 68 26 18 69 52 56 96 48 55 5 33 90 6 34 7 8 39 96 42 59 28 24 76 27 36 49 57 1 47 52 98 48 42 86 18 66 97 13 15 79 67 94 69 74 87 70 3 67 74 87 86 18 13 22 88 93 87 26 90 2 35 28 78 85 33 32 78 95 91 85 98 71 30 59 97 59 54 85 81 2 40 48 52 95 60 95 13 73 47 31 94 72 93 41 89 55 45 78 9 8 97 77 68 17 63 51 66 74 20 33 62 40 68 1 9 6 70 23 40 3 54 25 20 
10 21 100 53 19 88 87 10 15 6 24 87 66 21 9 34 66 79 6 22 76 67 57 83 17 35 15 44 8 77 77 35 15 44 24 8 100 87 83 40 29 81 52 46 7 26 73 2 26 3 92 29 62 24 11 34 59 4 6 58 35 15 62 87 55 30 12 95 84 83 97 68 25 4 2 82 38 38 87 21 97 46 33 89 39 66 3 71 94 9 10 37 87 86 5 21 39 26 30 16 17 76 41 95 7 15 59 19 87 14 85 94 35 71 40 40 38 62 70 14 23 76 32 13 39 16 3 99 
35 15 53 13 74 87 29 49 72 10 1 29 21 56 40 63 12 38 97 53 71 77 19 62 78 79 92 22 21 15 37 16 40 53 37 41 36 32 81 20 15 28 35 53 19 93 73 89 84 52 57 58 8 65 85 33 40 60 17 86 92 7 17 39 9 88 61 60 79 5 52 86 50 31 49 67 96 83 79 50 71 25 25 50 12 15 31 65 89 21 77 81 97 95 96 72 18 56 6 33 100 99 69 53 40 41 79 77 3 35 93 32 50 48 89 23 54 13 48 21 70 25 36 55 4 37 90 63 
32 25 34 56 96 89 48 60 51 38 96 75 88 9 43 36 1 80 34 10 34 51 47 3 84 74 31 18 70 71 32 23 88 71 80 93 10 70 21 63 50 80 51 85 37 39 42 24 19 94 13 18 46 49 86 22 96 17 91 78 93 38 1 49 5 7 70 96 49 17 51 57 14 49 27 42 15 49 47 6 23 56 79 46 90 90 31 5 100 27 35 78 76 41 29 37 33 100 38 62 17 76 87 95 76 49 2 66 97 13 25 34 16 29 68 49 32 94 98 15 1 87 58 31 15 46 12 4 
73 45 85 3 99 59 59 24 47 13 85 13 37 31 53 3 46 95 5 53 93 37 62 9 63 97 8 75 79 88 36 98 11 94 88 30 23 54 70 21 67 41 89 41 36 14 58 20 30 74 36 65 5 33 12 36 98 33 32 56 24 40 79 14 39 86 60 65 21 53 45 64 53 45 38 47 100 63 74 58 25 79 56 5 38 54 98 91 34 23 79 82 80 69 33 54 67 55 67 32 5 83 26 78 83 43 38 27 5 60 78 97 10 64 86 8 22 45 10 83 74 62 75 98 85 36 49 59 
33 26 91 47 1 33 27 6 98 42 10 90 72 5 89 68 74 9 82 42 43 49 78 7 25 9 56 27 61 19 58 22 34 96 29 48 54 52 96 30 90 51 71 22 83 71 30 85 41 79 100 73 65 99 95 79 67 24 35 35 50 72 3 83 58 33 40 30 24 70 8 45 89 63 75 27 61 48 17 96 54 27 3 80 84 75 55 4 26 48 53 39 30 93 10 42 59 65 86 28 82 69 28 86 39 94 1 90 81 59 27 96 77 22 33 53 12 23 77 63 61 66 35 44 50 79 60 4 
97 14 59 37 37 45 31 6 15 40 38 18 4 27 27 46 74 4 32 64 84 10 51 67 52 87 28 61 73 13 85 81 37 50 26 85 3 53 22 90 94 41 19 56 62 47 13 39 36 91 41 98 98 87 4 30 70 98 24 60 24 52 81 19 52 79 44 17 79 27 84 45 42 79 20 83 34 1 29 30 24 77 87 68 46 74 15 20 17 11 19 19 45 80 27 90 56 13 1 62 63 74 65 53 17 43 11 56 11 25 9 95 50 62 11 72 36 39 42 21 13 57 20 41 64 41 8 89 
81 12 17 17 82 4 8 94 52 50 12 15 69 31 91 79 96 96 72 24 90 8 42 99 56 75 45 3 93 92 54 55 21 43 62 41 93 59 13 53 94 71 19 85 33 74 23 14 12 91 50 78 80 72 18 43 98 92 4 94 14 84 48 3 96 93 7 80 71 85 77 52 5 97 60 72 63 88 82 40 40 89 93 43 23 74 92 56 37 89 100 49 45 92 70 88 97 40 95 21 28 97 100 55 88 49 51 44 81 31 94 6 38 76 25 66 81 17 47 13 65 49 65 8 19 20 62 77 
10 13 24 11 10 64 54 15 23 78 23 50 19 28 59 58 45 29 12 95 77 96 81 9 96 83 8 18 74 49 21 63 38 36 7 4 88 7 76 74 7 67 57 77 3 72 50 13 5 47 85 12 39 49 100 16 89 4 90 77 9 34 19 49 69 65 43 22 18 10 82 84 91 64 64 25 81 23 98 92 72 37 57 82 21 24 99 59 69 20 12 99 64 79 66 42 98 54 48 29 69 33 50 92 53 46 90 11 10 7 91 90 46 52 40 78 72 62 33 20 76 35 13 62 69 98 71 34 
184 81 54 104 59 153 102 155 56 63 97 102 103 100 35 115 120 105 72 116 63 141 67 100 108 37 116 140 60 182 82 27 152 70 156 54 33 70 134 61 122 123 128 155 100 85 168 158 101 61 73 134 89 113 111 34 51 33 115 187 141 33 111 90 99 124 79 33 160 62 115 46 33 97 132 47 76 115 96 77 87 112 108 91 100 88 75 117 109 77 123 156 87 109 92 100 62 69 133 99 125 66 141 153 79 122 104 47 22 60 63 110 98 64 41 92 161 51 89 142 84 78 69 49 57 75 106 106 
81 162 87 33 135 16 66 84 5 71 76 149 174 147 88 168 98 159 77 49 72 146 2 113 126 99 53 99 170 74 16 104 75 72 184 185 147 91 76 100 74 134 162 63 136 57 60 83 117 110 173 41 134 32 39 140 109 46 98 69 127 48 25 152 33 85 105 60 190 87 24 128 109 146 133 188 133 70 70 133 178 56 101 126 116 103 54 182 188 85 124 44 141 165 92 95 85 152 155 170 50 153 75 148 162 99 158 162 15 81 105 104 37 85 142 170 92 153 121 102 65 76 86 96 83 112 48 39 
54 87 70 118 99 19 177 104 93 110 99 116 126 166 21 53 180 85 102 104 102 136 144 112 119 141 150 173 71 85 149 57 165 111 184 91 96 38 15 163 181 111 175 100 160 31 68 122 21 120 89 140 145 30 127 68 95 94 58 152 125 143 21 125 177 129 130 158 89 60 30 71 42 123 174 147 112 92 103 102 114 89 65 93 124 130 128 166 93 33 132 176 37 121 76 15 52 123 121 103 89 86 6 87 122 131 144 108 98 124 177 101 126 106 160 140 187 120 152 109 105 68 81 61 128 93 125 54 
104 33 118 20 40 96 21 99 117 91 142 139 99 64 94 48 106 66 128 125 151 103 151 11 35 10 120 117 175 98 117 29 33 121 56 49 83 138 93 111 100 90 116 147 111 119 13 47 39 178 98 156 146 95 104 136 90 149 148 63 166 152 110 15 84 100 126 125 114 110 143 123 145 135 63 118 149 194 165 120 121 136 115 173 38 57 124 86 78 9 98 145 118 176 102 127 100 84 48 72 109 65 162 76 121 173 131 152 121 89 101 115 111 101 143 26 38 68 129 169 92 112 68 133 153 112 146 121 
59 135 99 40 170 78 68 95 170 81 102 21 53 175 109 22 98 168 79 117 48 148 114 104 105 139 116 134 48 132 78 149 61 28 178 116 60 76 88 124 163 27 142 59 132 78 158 100 80 67 156 101 135 111 102 144 136 42 18 151 112 170 92 133 147 99 64 92 33 75 98 125 160 116 5 31 47 111 117 125 121 114 99 160 166 45 67 147 98 116 77 134 57 32 96 138 162 157 102 57 176 81 172 143 149 119 141 139 48 126 114 54 93 148 133 76 109 174 59 106 110 108 112 73 44 107 34 40 
153 16 19 96 78 150 107 137 116 92 103 97 13 70 150 163 69 146 12 113 128 27 92 48 64 85 144 168 76 48 141 64 79 131 95 92 141 124 78 79 85 107 180 139 68 92 103 11 118 99 47 27 118 99 135 58 37 132 114 106 64 99 155 124 133 49 94 174 102 50 128 135 88 118 83 58 21 126 23 89 59 111 79 112 136 73 177 110 101 125 194 123 132 91 48 148 13 80 149 15 126 149 51 140 84 128 153 51 124 62 129 44 140 57 48 68 64 114 60 90 119 87 79 64 41 90 63 129 
102 66 177 21 68 107 8 35 79 165 44 56 166 15 59 146 140 122 125 110 126 82 103 100 73 76 152 100 88 70 98 170 77 150 114 29 112 128 143 105 145 158 105 28 84 137 20 124 97 63 89 9 148 125 102 120 16 89 138 101 85 130 102 56 142 114 76 74 99 108 37 172 130 90 43 116 136 167 124 108 68 68 64 110 36 160 84 136 105 82 75 153 76 64 51 46 164 157 194 97 106 96 77 98 131 98 93 84 122 104 95 122 110 89 30 98 98 34 26 131 187 96 7 124 82 129 42 103 
155 84 104 99 95 137 35 76 99 116 154 141 159 34 123 155 72 119 112 113 61 98 124 150 124 108 151 115 91 53 120 121 108 75 126 110 153 91 20 59 53 143 65 181 91 109 73 77 131 85 82 90 74 82 32 75 90 72 23 79 88 133 74 14 129 114 183 171 47 37 66 49 137 27 7 127 72 125 65 165 138 78 148 53 134 59 149 140 34 80 105 114 60 120 174 72 30 78 133 97 146 145 16 123 174 186 49 71 32 139 78 165 82 62 101 78 116 166 42 94 86 38 76 65 152 97 171 95 
56 5 93 117 170 116 79 99 140 125 100 65 84 111 118 29 77 131 48 168 33 141 83 91 140 114 73 111 75 66 122 114 40 117 162 163 72 68 109 138 52 82 41 150 139 47 96 64 31 82 80 143 90 190 105 42 92 30 81 73 169 94 48 142 25 145 97 180 79 63 68 88 27 145 41 166 123 140 62 89 107 176 37 120 128 100 132 71 73 54 128 74 65 51 4 76 123 70 58 45 142 76 128 138 70 34 124 120 113 76 104 58 107 82 77 133 147 145 30 118 97 82 80 132 189 82 63 131 
63 71 110 91 81 92 165 116 125 58 73 72 91 78 121 113 102 53 26 103 101 18 90 134 141 124 145 158 91 104 60 104 85 31 183 59 18 98 26 11 156 78 121 61 49 157 57 122 149 114 174 161 141 122 162 137 104 133 112 143 110 111 33 28 145 128 93 142 20 93 72 144 190 170 122 188 167 41 70 91 121 51 114 72 81 110 40 90 110 166 90 71 78 39 71 88 79 160 100 107 73 95 98 164 115 115 154 94 148 155 69 77 134 112 27 72 95 89 94 130 90 122 112 164 36 132 103 81 
97 76 99 142 102 103 44 154 100 73 128 66 42 116 89 164 93 53 144 144 82 82 93 156 128 135 62 176 182 59 126 90 103 188 71 18 77 43 80 90 185 11 106 53 106 100 108 89 116 99 153 135 78 49 136 148 156 100 144 88 98 55 163 123 44 102 112 157 150 93 138 137 107 39 137 106 117 85 88 76 93 108 107 35 139 41 82 109 70 95 75 151 51 121 104 160 93 177 99 98 178 143 107 119 166 131 177 72 87 87 110 122 100 93 124 28 172 47 93 69 90 97 139 154 60 66 67 75 
102 149 116 139 21 97 56 141 65 72 66 12 157 196 145 74 131 113 56 156 176 112 129 13 104 61 151 68 127 169 64 175 66 165 96 147 67 86 104 113 112 119 83 123 120 49 129 109 148 189 95 68 124 156 59 40 129 140 113 78 166 144 120 132 86 57 41 136 85 93 118 67 153 64 38 149 93 120 48 33 94 75 120 114 84 140 106 119 163 87 146 116 17 100 101 67 75 62 96 128 78 53 186 58 63 133 147 76 80 66 126 79 39 94 145 85 39 63 45 123 110 12 136 38 95 115 148 85 
103 174 126 99 53 13 166 159 84 91 42 157 168 94 93 126 119 124 184 106 50 68 64 118 73 53 79 93 127 49 96 41 33 84 94 91 141 161 162 90 70 175 116 33 105 19 61 113 134 96 110 113 20 104 136 121 44 147 68 26 90 47 38 159 82 75 39 75 94 41 186 173 193 122 122 146 64 145 77 127 47 68 95 126 117 111 54 183 69 60 93 46 164 141 158 50 57 112 64 116 128 107 107 143 104 118 109 153 161 76 115 85 64 72 44 98 119 112 56 50 68 184 117 119 127 135 62 53 
100 147 166 64 175 70 15 34 111 78 116 196 94 46 94 26 188 124 111 116 42 103 64 148 133 81 68 130 117 34 93 4 47 116 39 128 85 68 166 157 106 44 126 157 117 95 119 58 138 90 73 37 95 111 100 122 117 138 126 152 152 89 79 80 65 24 42 102 78 163 91 120 19 126 53 93 73 130 77 114 126 143 6 96 127 90 80 72 130 85 133 26 53 149 131 70 91 22 117 83 124 80 107 90 183 47 104 121 132 30 64 132 83 150 108 32 102 91 61 77 84 59 190 100 111 94 50 39 
35 88 21 94 109 150 59 123 118 121 89 145 93 94 16 179 82 88 80 101 161 129 77 111 52 112 92 121 85 176 58 29 77 161 157 151 90 88 46 57 73 28 96 9 95 150 110 100 141 68 173 112 142 110 90 20 127 151 153 95 107 124 75 129 134 85 135 60 56 151 84 106 142 147 108 15 93 131 32 146 28 150 53 158 119 81 114 133 70 59 84 105 171 43 113 110 130 61 105 95 116 77 77 137 135 51 82 93 69 105 65 48 74 44 114 116 126 41 89 102 142 117 91 117 37 158 72 58 
115 168 53 48 22 163 146 155 29 113 164 74 126 26 179 186 30 188 122 110 169 128 194 115 87 156 162 128 89 75 108 86 78 78 71 165 31 111 126 152 65 117 92 106 114 115 115 148 142 112 111 77 71 91 93 35 171 96 93 73 72 50 156 85 80 134 126 151 83 115 65 57 104 82 77 68 108 71 70 87 57 89 145 179 76 71 121 154 161 73 101 49 71 176 142 108 67 101 127 94 46 90 138 116 174 116 124 123 41 29 109 180 46 154 70 63 108 170 126 73 131 41 90 93 33 109 113 179 
120 98 180 106 98 69 140 72 77 102 93 131 119 188 82 30 140 70 93 61 151 29 88 101 112 43 174 122 112 87 87 5 98 160 47 88 127 61 96 140 93 62 173 149 73 159 129 55 108 163 83 108 148 10 71 36 77 147 117 112 53 123 47 150 113 78 104 69 77 124 41 40 110 3 90 57 165 74 65 75 94 26 75 94 46 131 110 62 164 17 54 49 137 148 77 39 67 81 92 93 156 78 130 146 95 111 150 76 24 134 62 61 140 133 138 158 178 141 61 150 121 85 181 128 96 96 94 51 
105 159 85 66 168 146 122 119 131 53 53 113 124 124 88 188 70 114 94 101 91 149 145 79 62 90 112 27 116 163 106 25 123 150 72 60 177 63 171 70 100 129 132 128 131 148 61 126 84 135 112 6 36 125 173 83 131 59 128 35 132 161 102 38 45 56 116 121 44 28 150 92 117 26 13 86 78 51 116 80 48 112 117 112 61 74 81 69 103 70 120 88 65 97 118 128 81 176 25 71 157 100 100 48 147 39 119 82 51 49 99 78 87 132 154 113 79 120 104 134 136 147 59 106 37 128 132 24 
72 77 102 128 79 12 125 112 48 26 144 56 184 111 80 122 93 94 104 97 102 80 134 195 142 110 158 117 70 11 36 43 108 50 53 74 82 59 47 147 117 45 167 160 172 113 81 55 98 80 92 75 27 81 132 87 88 101 81 70 112 17 78 144 94 75 48 120 153 130 41 182 94 188 85 111 75 37 167 162 167 143 78 47 37 57 107 31 108 78 55 144 96 104 49 98 54 52 59 116 36 108 52 101 86 112 103 84 71 16 144 147 78 160 105 79 92 49 36 93 102 39 124 69 183 171 114 152 
116 49 104 125 117 113 110 113 168 103 144 156 106 116 101 110 61 101 97 52 20 21 54 143 175 80 178 133 140 115 159 131 159 74 14 121 137 166 48 120 150 70 108 102 123 117 130 82 116 113 86 164 32 23 126 160 152 37 111 54 133 57 95 126 90 78 32 156 54 109 60 31 131 40 72 94 108 170 131 150 127 92 112 149 92 86 98 111 90 114 51 181 116 107 147 84 95 77 174 183 94 87 76 139 115 47 81 70 116 40 99 25 68 90 87 95 14 121 132 74 165 125 54 44 106 127 126 110 
63 72 102 151 48 128 126 61 33 101 82 176 50 42 161 169 151 91 102 20 70 24 99 68 133 114 86 134 77 55 60 78 118 102 56 122 92 87 105 67 149 159 62 104 89 100 108 47 116 127 164 55 33 151 88 92 162 100 92 157 76 76 68 62 155 157 105 129 92 164 131 129 116 59 56 103 143 113 136 165 76 77 104 174 90 116 87 137 184 28 98 105 105 104 122 80 65 149 67 94 125 87 124 57 45 111 107 122 97 113 132 78 85 44 108 107 166 54 163 141 88 150 163 132 77 100 97 95 
141 146 136 103 148 27 82 98 141 18 82 112 68 103 129 128 29 149 80 21 24 60 59 88 96 75 173 129 183 109 140 118 103 68 108 8 78 69 123 151 59 100 53 74 179 49 82 167 70 128 150 139 114 62 33 48 138 138 116 180 142 68 127 99 151 70 20 64 196 96 94 73 70 68 19 30 36 55 37 85 71 127 158 81 90 88 83 100 113 88 57 102 6 154 69 76 131 94 81 71 142 108 104 14 92 31 31 37 154 146 180 52 138 90 120 106 102 56 159 134 86 60 115 25 130 100 131 133 
67 2 144 151 114 92 103 124 83 90 93 129 64 64 77 194 88 145 134 54 99 59 186 95 68 171 109 84 26 18 152 110 77 14 47 89 104 68 165 64 63 128 114 54 111 164 88 100 115 121 132 104 70 42 78 157 89 165 66 146 87 81 81 90 106 109 108 140 89 152 32 146 45 119 163 84 45 147 63 82 114 63 99 29 173 43 85 105 89 117 89 103 137 105 50 86 106 166 76 111 152 44 101 35 121 80 99 136 79 164 151 99 199 123 89 67 145 94 174 74 36 79 159 68 105 122 149 112 
100 113 112 11 104 48 100 150 91 134 156 13 118 148 111 115 101 79 195 143 68 88 95 102 170 117 78 98 107 69 105 102 91 98 119 151 97 136 135 86 152 103 116 124 99 153 28 143 97 50 113 120 116 117 112 65 177 86 29 86 84 129 103 83 91 136 93 41 132 89 100 82 181 47 117 84 55 85 101 126 97 13 90 118 125 126 93 50 108 134 72 116 54 81 96 86 56 63 128 44 57 175 86 77 58 100 148 154 115 93 162 54 100 69 134 116 33 170 123 91 156 52 157 88 122 61 153 72 
108 126 119 35 105 64 73 124 140 141 128 104 73 133 52 87 112 62 142 175 133 96 68 170 22 62 146 97 102 99 47 115 102 98 162 112 152 57 165 100 121 108 180 154 183 101 44 125 79 52 98 88 178 70 124 162 96 101 90 113 179 133 137 75 75 28 147 133 137 139 56 160 155 74 86 115 86 83 130 89 141 143 104 95 80 79 99 76 99 44 54 155 145 20 74 150 57 136 58 101 194 74 126 177 151 53 60 65 99 113 87 89 112 127 135 110 91 122 109 55 150 174 167 144 120 102 178 73 
37 99 141 10 139 85 76 108 114 124 135 61 53 81 112 156 43 90 110 80 114 75 171 117 62 52 147 85 131 145 100 109 62 157 131 57 37 58 130 61 134 18 76 82 168 133 123 147 60 68 139 40 121 122 126 169 170 146 67 156 106 82 21 174 164 104 76 18 106 77 110 99 114 73 100 163 96 107 79 122 177 143 59 73 146 61 61 118 113 131 113 100 123 44 26 158 130 75 81 28 55 117 58 175 63 36 77 68 171 69 122 40 60 124 53 129 126 47 108 131 46 164 110 3 76 133 143 178 
116 53 150 120 116 144 152 151 73 145 62 151 79 68 92 162 174 112 158 178 86 173 109 78 146 147 40 97 79 17 102 117 107 62 129 135 120 94 70 158 90 138 146 55 31 176 20 86 78 154 73 77 167 105 51 92 88 115 71 80 94 85 81 65 61 75 118 46 24 113 92 71 186 143 85 85 139 164 86 76 90 58 24 68 120 71 59 161 35 39 134 72 185 144 116 63 138 73 112 103 135 102 171 179 64 45 68 80 142 19 68 57 143 153 177 91 104 125 177 144 66 72 76 59 106 157 65 15 
140 99 173 117 134 168 100 115 111 158 176 68 93 130 121 128 122 27 117 133 134 129 84 98 97 85 97 168 6 105 99 138 72 106 141 16 84 108 70 117 24 143 117 69 53 45 193 87 114 119 56 67 110 32 136 95 99 54 116 65 176 51 78 104 142 129 52 147 85 104 114 126 97 54 34 119 65 87 125 94 81 81 128 107 133 152 53 45 127 108 92 17 148 152 138 155 164 83 62 87 56 156 61 112 121 107 73 65 165 150 116 64 59 152 112 170 65 45 23 58 75 168 158 114 118 95 93 146 
60 170 71 175 48 76 88 91 75 91 182 127 127 117 85 89 112 116 70 140 77 183 26 107 102 131 79 6 86 114 116 94 111 126 116 98 74 148 68 138 170 122 102 34 6 74 81 24 43 129 65 175 71 100 129 114 190 121 16 126 91 152 98 123 196 83 152 38 80 101 72 73 141 140 114 124 87 53 134 135 134 117 91 67 94 68 24 105 129 62 77 146 72 143 170 53 172 25 68 149 108 126 138 26 44 41 35 66 53 119 156 92 187 110 103 52 105 85 166 106 133 49 116 122 10 109 34 133 
182 74 85 98 132 48 70 53 66 104 59 169 49 34 176 75 87 163 11 115 55 109 18 69 99 145 17 105 114 116 143 63 92 131 36 113 110 147 105 74 105 77 112 95 84 81 157 96 98 118 115 98 155 73 82 116 31 103 136 108 58 123 174 111 78 29 62 90 54 125 53 178 123 81 87 66 87 158 135 90 187 50 43 124 107 101 132 163 151 137 68 106 105 113 45 48 40 110 189 89 118 95 105 109 79 110 10 94 169 51 148 158 84 87 99 115 71 113 186 54 26 42 86 55 88 133 151 135 
82 16 149 117 78 141 98 120 122 60 126 64 96 93 58 108 87 106 36 159 60 140 152 105 47 100 102 99 116 143 200 80 128 112 129 149 90 75 140 43 143 100 95 79 158 42 47 101 77 72 96 107 94 58 186 72 48 90 61 111 96 95 137 138 137 130 135 61 137 84 123 150 189 178 186 173 73 93 134 95 106 104 35 115 117 127 95 7 61 137 96 129 66 125 104 49 67 131 93 98 107 43 127 78 122 98 105 97 149 26 92 76 18 76 76 59 80 107 70 58 144 131 131 122 45 104 149 76 
27 104 57 29 149 64 170 121 114 104 90 175 41 4 29 86 5 25 43 131 78 118 110 102 115 109 117 138 94 63 80 52 14 29 170 156 160 164 20 147 88 65 88 86 58 113 165 131 68 121 118 143 11 120 147 96 42 107 130 133 176 25 37 63 41 65 108 177 68 138 87 103 158 138 125 128 153 151 118 35 98 124 109 118 177 99 88 137 149 28 56 83 157 40 86 161 84 98 138 150 112 60 153 189 126 59 125 125 25 77 117 142 160 11 103 112 154 112 80 143 176 151 57 145 114 191 109 143 
152 75 165 33 61 79 77 108 40 85 103 66 33 47 77 78 98 123 108 159 118 103 77 91 102 62 107 72 111 92 128 14 90 71 43 149 100 81 172 125 105 58 167 36 140 149 157 89 146 66 127 59 120 96 168 135 186 136 156 113 53 119 97 27 90 108 87 65 69 147 130 127 95 90 157 88 34 82 152 83 111 82 115 47 78 96 74 111 144 69 58 85 161 135 92 66 22 64 143 116 110 109 159 158 33 51 82 77 98 155 39 165 112 44 161 106 80 124 52 118 16 65 97 54 80 148 129 98 
70 72 111 121 28 131 150 75 117 31 188 165 84 116 161 78 160 150 50 74 102 68 14 98 98 157 62 106 126 131 112 29 71 188 102 89 38 125 78 116 108 172 70 74 98 98 93 42 101 129 141 88 69 98 55 142 138 145 137 146 156 97 181 118 173 78 111 48 145 102 119 143 107 81 73 70 111 91 97 49 155 77 84 73 48 110 49 177 80 107 32 95 159 190 50 118 98 161 124 108 69 108 63 83 125 94 111 81 69 41 185 113 107 90 63 147 102 115 146 105 149 86 177 101 59 46 84 46 
156 184 184 56 178 95 114 126 162 183 71 96 94 39 157 71 47 72 53 14 56 108 47 119 162 131 129 141 116 36 129 170 43 102 194 178 53 117 76 111 106 57 137 132 120 164 98 50 100 134 51 122 86 145 49 115 128 101 136 81 96 71 55 101 63 103 92 105 73 24 142 49 158 85 158 100 104 86 121 72 72 64 69 83 153 194 88 93 73 68 129 103 103 122 95 122 64 109 149 27 96 99 180 156 163 29 128 80 42 51 60 118 101 124 99 171 116 84 96 27 139 118 72 136 154 98 91 162 
54 185 91 49 116 92 29 110 163 59 18 147 91 128 151 165 88 60 74 121 122 8 89 151 112 57 135 16 98 113 149 156 149 89 178 78 69 67 145 56 140 81 137 74 73 16 55 41 97 94 54 52 85 119 115 115 101 117 110 64 176 47 162 98 131 116 55 144 96 83 48 62 67 83 120 108 136 121 61 18 171 25 73 119 113 4 109 174 161 153 15 87 65 152 84 122 66 113 13 61 65 129 164 117 82 62 57 112 83 174 132 82 114 132 131 82 134 122 116 163 73 57 170 141 175 49 50 60 
33 147 96 83 60 141 112 153 72 18 77 67 141 85 90 31 127 177 82 137 92 78 104 97 152 37 120 84 74 110 90 160 100 38 53 69 38 28 103 20 159 158 101 63 121 132 93 147 93 79 153 160 132 128 120 123 177 91 100 124 99 85 71 92 97 98 89 150 68 105 115 116 143 94 114 90 126 96 86 124 91 114 40 97 123 129 43 116 77 164 105 102 95 152 71 101 28 55 133 103 51 131 46 48 84 191 54 134 75 133 113 70 71 165 63 91 84 154 117 88 57 138 167 43 124 166 115 89 
70 91 38 138 76 124 128 91 68 98 43 86 161 68 88 111 61 63 59 166 87 69 68 136 57 58 94 108 148 147 75 164 81 125 117 67 28 162 80 78 72 72 106 80 130 114 102 55 32 104 94 92 126 98 87 142 138 22 104 104 143 141 154 88 134 127 183 69 123 57 125 186 72 52 165 70 142 34 64 112 16 113 37 37 53 63 80 153 72 60 97 72 91 72 163 83 138 126 142 82 47 17 87 76 106 9 116 106 106 143 97 68 58 51 104 80 75 106 80 100 65 111 140 85 107 54 125 59 
134 76 15 93 88 78 143 20 109 26 80 104 162 166 46 126 96 171 47 48 105 123 165 135 165 130 70 70 68 105 140 20 172 78 76 145 103 80 160 101 82 72 76 83 54 176 151 48 150 185 66 65 95 173 117 123 192 121 112 118 64 180 19 84 96 69 126 24 105 107 81 89 118 118 123 92 105 100 146 100 75 126 116 74 119 123 105 98 95 87 120 70 136 61 101 177 108 106 56 73 149 74 36 62 83 136 154 110 68 84 101 48 124 168 80 79 38 120 134 86 85 105 120 180 98 131 144 40 
61 100 163 111 124 79 105 59 138 11 90 113 90 157 57 152 140 70 147 120 67 151 64 86 100 61 158 117 138 74 43 147 125 116 111 56 20 78 101 32 52 93 146 141 138 163 103 80 68 135 131 47 167 89 71 153 130 188 90 97 37 99 119 57 79 146 149 121 59 123 173 150 104 89 161 113 91 43 169 154 157 105 63 165 126 130 4 45 165 84 164 154 26 167 174 74 115 67 47 165 87 83 151 103 94 151 32 79 97 56 150 106 85 110 133 62 160 159 122 160 113 130 48 166 122 66 91 163 
122 74 181 100 163 85 145 53 52 156 185 112 70 106 73 65 93 100 117 150 149 59 63 152 121 134 90 24 170 105 143 88 105 108 106 140 159 72 82 52 142 88 149 123 18 53 71 74 106 143 106 28 124 104 74 99 95 163 53 99 187 61 108 123 129 19 70 13 38 55 33 44 167 89 21 105 69 44 94 74 122 101 98 158 131 81 187 77 176 68 61 127 35 53 55 28 21 79 112 89 76 140 85 43 86 71 132 125 44 78 77 76 126 79 25 169 98 15 97 102 134 32 177 103 50 115 109 123 
123 134 111 90 27 107 158 143 82 78 11 119 175 44 28 117 62 129 45 70 159 100 128 103 108 18 138 143 122 77 100 65 58 172 57 81 158 72 72 93 88 102 105 88 109 174 86 116 64 127 133 49 124 24 130 121 100 127 117 116 162 91 61 158 86 110 173 139 124 199 108 65 65 81 56 47 66 84 97 68 114 66 107 101 37 167 135 113 149 68 108 167 128 97 76 112 139 63 46 103 62 14 106 41 98 140 192 116 119 72 163 155 47 97 80 111 88 119 91 87 117 129 64 93 108 72 173 122 
128 162 175 116 142 180 105 65 41 121 106 83 116 126 96 92 173 132 167 108 62 53 114 116 180 76 146 117 102 112 95 88 167 70 137 137 101 106 76 146 149 105 24 48 109 125 98 102 71 22 132 64 59 100 156 148 95 188 46 94 148 117 164 89 160 83 102 82 27 49 92 103 108 157 147 178 131 91 172 97 162 112 99 54 175 186 133 21 82 132 70 60 162 79 23 143 73 73 62 87 79 98 81 132 108 87 98 84 66 47 89 33 57 75 58 107 83 163 124 133 147 58 85 126 154 126 79 37 
155 63 100 147 59 139 28 181 150 61 53 123 33 157 9 106 149 128 160 102 104 74 54 124 154 82 55 69 34 95 79 86 36 74 132 74 63 80 83 141 123 88 48 40 133 66 20 52 105 125 108 36 65 41 32 82 36 178 46 190 81 71 75 15 95 129 106 7 109 56 39 105 142 38 71 52 159 121 140 107 142 94 55 81 167 109 78 98 100 86 99 63 147 57 91 101 81 95 52 98 67 154 90 155 142 123 89 83 87 170 159 39 96 49 144 130 104 31 92 181 131 25 64 141 84 111 153 155 
100 136 160 111 132 68 84 91 139 49 106 120 105 117 95 114 73 131 172 123 89 179 111 99 183 168 31 53 6 84 158 58 140 98 120 73 121 130 54 138 18 109 109 133 174 118 188 96 115 82 91 156 35 47 62 34 128 126 130 51 169 151 188 12 119 121 150 74 67 74 96 73 88 116 124 112 149 142 129 96 153 36 189 98 96 58 110 168 137 134 95 149 121 43 106 69 89 98 53 164 138 83 103 106 98 69 41 139 50 122 156 78 35 85 69 82 73 101 159 98 65 135 116 114 28 95 56 34 
85 57 31 119 78 92 137 109 47 157 100 49 19 95 150 115 159 148 113 117 100 49 164 153 101 133 176 45 74 81 42 113 149 98 164 16 132 114 176 163 53 174 125 66 118 50 108 179 88 110 110 63 108 14 80 150 119 58 116 112 111 48 135 68 112 166 102 44 122 146 64 40 71 114 95 114 118 97 115 49 140 162 111 78 95 89 111 114 140 136 96 120 139 25 148 97 86 67 87 51 129 56 55 115 60 90 100 192 124 9 37 54 99 15 137 80 99 111 139 106 79 88 56 105 76 93 165 76 
168 60 68 13 158 103 20 73 96 57 108 129 61 119 110 115 129 61 81 130 108 82 88 28 44 123 20 193 81 157 47 165 157 93 98 55 93 102 151 103 71 86 98 20 188 108 170 98 121 84 145 123 30 48 150 138 9 137 35 69 102 141 78 139 178 76 84 161 75 73 181 102 149 80 180 120 116 86 56 48 91 130 41 118 184 50 130 87 44 99 98 46 19 95 48 85 149 118 130 96 112 79 76 158 86 83 81 73 144 71 132 154 76 62 110 54 50 146 150 44 124 134 112 110 128 79 140 85 
158 83 122 47 100 11 124 77 64 122 89 109 113 58 100 148 55 126 55 82 47 167 100 143 125 147 86 87 24 96 101 131 89 42 50 41 147 55 48 80 74 116 102 52 96 179 98 84 110 30 12 140 114 158 71 104 119 103 105 139 17 73 146 84 10 92 63 56 90 107 155 90 112 67 113 149 115 46 110 142 121 101 80 98 114 125 132 139 116 63 75 111 65 138 60 27 59 103 124 38 166 93 93 99 123 110 113 122 113 83 92 95 94 29 76 35 165 84 92 142 104 117 146 171 99 72 101 41 
101 117 21 39 80 118 97 131 31 149 116 148 134 138 141 142 108 84 98 116 116 70 115 97 79 60 78 114 43 98 77 68 146 101 100 97 93 32 150 68 106 64 71 105 115 88 121 110 62 98 32 95 113 96 46 45 41 94 51 32 180 117 58 197 84 160 68 93 183 96 45 129 61 26 126 134 169 115 92 81 158 59 102 106 163 86 121 94 52 95 136 42 144 92 118 155 65 79 54 130 52 95 88 96 132 108 94 147 122 96 22 64 68 90 29 181 91 68 73 143 114 47 117 106 58 61 62 53 
61 110 120 178 67 99 63 85 82 114 99 189 96 90 68 112 163 135 80 113 127 128 121 50 52 68 154 119 129 118 72 121 66 129 134 94 79 104 185 135 143 127 22 125 82 110 84 30 98 16 43 131 105 137 36 141 132 112 156 122 137 6 49 55 118 96 67 34 176 84 60 115 39 152 85 164 54 62 171 158 97 142 54 162 92 133 86 65 128 136 77 77 100 123 62 79 106 130 89 109 163 72 103 158 152 142 72 56 142 82 27 149 114 85 158 134 107 117 54 136 180 119 122 166 106 67 101 107 
73 173 89 98 156 47 89 82 80 174 153 95 110 73 173 111 83 112 92 86 164 150 132 113 98 139 73 56 65 115 96 118 127 141 51 54 153 94 66 131 106 133 132 108 91 110 145 12 32 43 84 63 57 81 158 52 55 53 98 92 117 179 37 65 106 125 128 49 120 142 133 100 113 35 127 91 120 141 82 157 132 189 150 86 114 72 84 99 71 77 140 61 80 70 173 34 35 45 68 31 54 121 63 94 125 126 92 91 124 174 129 91 93 51 29 98 184 126 31 122 89 28 182 132 128 77 97 171 
134 41 140 156 101 27 9 90 143 161 135 68 113 37 112 77 108 6 75 164 55 139 104 120 88 40 77 67 175 98 107 143 59 88 122 52 160 92 65 47 28 49 64 36 156 63 123 140 95 131 63 158 49 87 88 126 162 62 117 160 96 86 160 43 92 108 70 73 55 67 115 100 69 35 112 147 101 135 80 69 137 86 101 95 149 64 111 112 120 95 161 54 150 81 78 130 139 121 160 111 108 122 58 53 101 81 138 136 121 105 182 179 102 144 148 84 64 128 118 146 159 35 28 156 44 32 128 110 
89 134 145 146 135 118 148 74 90 141 78 124 20 95 142 71 148 36 27 32 33 114 70 116 178 121 167 110 71 155 94 11 120 69 86 85 132 126 95 167 124 124 59 65 35 108 30 114 113 105 57 49 80 74 106 161 142 117 45 118 65 120 116 107 70 27 139 100 56 49 62 97 81 67 131 113 181 137 57 157 99 117 61 87 7 76 107 96 108 37 67 114 95 92 78 11 194 25 154 147 105 22 70 85 69 126 94 196 136 110 59 105 88 71 134 123 166 139 111 81 82 56 28 123 123 60 136 112 
113 32 30 95 111 99 125 82 190 122 49 156 104 111 110 91 10 125 81 23 151 62 42 117 70 122 105 32 100 73 58 120 96 98 145 119 128 98 173 89 104 24 100 41 47 14 48 158 96 137 81 87 74 72 49 59 51 74 112 156 64 101 120 17 121 111 97 119 111 21 62 97 73 128 125 159 47 136 154 123 100 157 108 8 58 78 157 130 105 65 55 132 112 142 183 59 27 185 135 85 63 101 49 101 52 60 71 101 78 118 113 22 147 33 105 87 82 25 181 125 183 128 95 28 36 122 160 91 
111 39 127 104 102 135 102 32 105 162 136 59 136 100 90 93 71 173 132 126 88 33 78 112 124 126 51 136 129 82 186 147 168 55 49 115 120 87 117 71 74 130 156 32 62 80 150 71 46 36 158 88 106 49 144 176 119 49 119 53 90 117 110 129 98 196 154 149 128 75 165 111 132 132 130 173 35 28 167 98 133 103 147 125 40 118 19 38 117 170 129 83 125 108 129 105 159 64 28 94 67 105 146 123 73 119 108 59 89 83 64 115 123 176 128 30 132 158 112 132 163 41 66 99 137 35 91 109 
34 140 68 136 144 58 120 75 42 137 148 40 121 122 20 35 36 83 87 160 92 48 157 65 162 169 92 95 114 116 72 96 135 142 115 115 123 142 123 153 99 121 148 82 34 150 138 104 45 141 52 126 161 59 176 166 131 136 138 74 74 91 104 77 133 132 22 157 100 139 111 141 31 66 138 101 42 47 60 60 152 97 20 154 90 63 81 71 140 89 55 90 38 120 172 75 126 158 144 24 52 69 98 95 70 125 148 141 100 100 49 104 8 168 143 91 154 84 52 10 153 24 73 145 79 151 60 184 
51 109 95 90 136 37 16 90 92 104 156 129 44 117 127 171 77 131 88 152 162 138 89 177 96 170 88 99 190 31 48 42 186 138 128 101 177 138 192 130 95 100 95 36 128 119 9 119 41 132 55 162 142 51 119 131 148 91 29 83 159 106 131 174 86 127 138 179 40 50 39 31 100 83 111 14 67 110 126 64 63 28 90 99 92 113 84 182 104 116 29 83 85 52 146 101 68 62 17 138 95 166 143 100 160 26 59 115 42 75 145 32 106 61 81 129 107 92 138 157 102 139 99 147 57 115 147 120 
33 46 94 149 42 132 89 72 30 133 100 140 147 138 151 96 147 59 101 37 100 138 165 86 101 146 115 54 121 103 90 107 136 145 101 117 91 22 121 188 163 127 188 178 126 58 137 103 94 112 53 62 117 74 49 136 91 110 96 112 119 110 82 147 154 149 130 79 99 109 102 35 158 63 90 51 132 92 59 77 154 124 87 66 57 143 132 102 150 54 78 9 106 137 59 175 88 53 136 68 95 106 64 56 82 57 43 5 108 68 134 86 102 188 71 130 106 84 75 115 89 118 148 52 108 116 61 101 
115 98 58 148 18 114 138 23 81 112 144 113 68 126 153 93 117 128 81 111 92 116 66 29 90 67 71 116 16 136 61 130 156 137 136 110 100 104 112 90 53 117 46 46 130 116 35 105 51 156 98 117 45 112 119 138 29 96 2 145 80 36 106 122 156 153 134 96 62 50 92 154 89 167 47 166 84 121 133 80 77 86 151 69 43 178 184 55 75 72 90 163 127 91 70 96 110 117 82 59 158 176 124 72 121 55 156 118 143 133 74 28 172 194 155 44 111 80 141 113 96 138 150 138 90 176 73 109 
187 69 152 63 151 106 101 79 73 143 88 78 26 152 95 73 112 35 70 54 157 180 146 86 113 156 80 65 126 108 111 133 113 146 81 64 124 104 118 97 99 116 94 190 51 112 69 139 32 122 92 160 118 156 53 74 83 112 145 100 104 87 134 151 133 169 41 169 135 81 102 59 135 132 126 97 74 188 97 118 72 56 99 27 179 41 91 81 120 86 12 108 59 158 126 58 100 151 50 104 66 64 153 104 180 63 127 75 41 120 42 147 147 88 130 95 89 72 68 120 115 86 138 61 95 169 177 75 
141 127 125 166 112 64 85 88 169 110 98 166 90 152 107 72 53 132 112 133 76 142 87 84 179 106 94 176 91 58 96 176 53 156 96 176 99 143 64 37 187 162 148 81 169 111 102 17 180 137 117 96 65 64 90 74 159 119 80 104 48 102 113 107 35 165 123 125 41 135 124 182 65 106 37 93 35 66 149 77 120 43 104 69 118 115 105 141 123 52 100 188 170 58 111 154 65 100 79 128 99 140 128 134 145 127 66 47 94 50 69 192 53 167 110 146 42 151 71 104 72 166 140 104 104 154 67 84 
33 48 143 152 170 99 130 133 94 111 55 144 47 89 124 50 123 161 17 57 76 68 81 129 133 82 85 51 152 123 95 25 119 97 71 47 85 141 180 99 61 91 117 71 151 48 141 73 117 6 179 86 120 101 117 91 106 110 36 87 102 38 124 90 137 81 155 88 116 45 62 120 108 70 174 98 116 97 125 111 94 132 188 72 98 97 113 90 76 57 157 176 84 91 90 157 122 161 78 118 112 51 75 18 105 131 162 120 102 108 110 28 175 104 55 161 164 112 114 71 90 131 93 44 150 112 114 66 
111 25 21 110 92 155 102 74 48 33 163 120 38 79 75 156 47 102 78 95 68 127 81 103 137 21 81 78 98 174 137 37 97 181 55 162 71 154 19 119 108 61 164 75 188 135 78 146 58 49 37 160 116 120 110 104 131 82 106 134 113 124 56 66 50 180 60 12 97 111 122 42 118 77 107 166 91 164 93 94 169 52 54 42 81 102 128 72 111 119 123 88 68 124 58 87 114 180 128 154 159 47 106 119 44 57 52 78 138 84 118 51 75 125 18 116 158 72 106 105 106 74 78 170 47 133 85 143 
90 152 125 15 133 124 56 14 142 28 123 132 159 80 129 85 150 38 144 126 62 99 90 83 75 174 65 104 123 111 138 63 27 118 101 98 92 88 84 57 123 158 89 15 12 68 139 84 197 55 65 43 107 17 129 77 174 147 122 151 107 90 66 56 139 64 77 133 57 75 63 85 76 139 119 103 49 156 98 117 55 42 146 19 84 46 95 59 183 82 118 148 108 178 151 94 121 64 163 129 108 20 42 151 133 125 119 48 134 53 105 105 52 162 117 102 102 48 76 132 103 63 74 99 37 85 82 92 
99 33 177 84 147 133 142 129 25 145 44 86 82 65 134 80 113 45 94 90 155 151 106 91 75 164 61 142 196 78 137 41 90 173 63 131 97 134 96 79 129 86 160 95 119 112 178 10 84 118 106 92 70 121 98 133 86 154 156 133 35 137 50 139 60 91 135 137 90 96 30 133 193 21 67 82 165 88 102 71 125 159 35 75 163 117 100 125 34 21 47 120 154 32 135 129 77 88 107 94 109 161 126 95 125 95 62 83 128 74 145 141 158 157 173 155 116 83 132 99 91 127 147 69 121 95 122 102 
124 85 129 100 99 49 114 114 145 128 102 57 75 24 85 134 78 56 75 78 157 70 109 136 28 104 75 129 83 29 130 65 108 78 103 116 98 127 69 146 19 110 83 129 121 166 76 92 160 96 125 108 27 111 196 132 127 149 153 169 165 81 180 64 91 138 74 48 137 115 119 132 118 180 110 26 104 100 131 125 108 73 152 122 57 140 102 160 90 142 103 5 54 115 141 134 89 143 103 101 90 37 153 121 70 94 106 168 65 172 142 67 90 45 150 170 105 119 35 69 6 53 77 174 147 72 110 67 
79 105 130 126 64 94 76 183 97 93 112 41 39 42 135 126 104 116 48 32 105 20 108 93 147 76 118 52 152 62 135 108 87 111 92 55 89 183 126 149 70 173 102 106 150 102 84 63 68 67 128 70 139 97 154 22 138 130 134 41 123 155 60 77 135 74 24 62 99 91 93 134 75 20 58 61 68 168 157 136 102 55 93 44 48 124 134 115 99 117 59 85 83 77 148 148 88 63 81 77 104 63 90 18 167 91 158 92 32 116 128 118 112 141 92 128 90 65 42 84 171 145 145 128 155 167 91 87 
33 60 158 125 92 174 74 171 180 142 157 136 75 102 60 151 69 121 120 156 129 64 140 41 133 18 46 147 38 90 61 177 65 48 105 144 150 69 24 121 13 139 82 7 74 44 161 56 93 34 49 73 100 119 149 157 179 79 96 169 125 88 12 133 137 48 62 192 100 93 146 73 153 38 112 29 85 158 177 65 136 186 72 99 96 51 63 99 128 79 53 55 129 99 136 115 89 87 150 130 122 132 83 51 162 94 87 152 54 127 53 63 161 124 62 101 136 44 104 112 100 91 108 52 131 93 78 57 
160 190 89 114 33 102 99 47 79 20 150 85 94 78 56 83 77 44 153 54 92 196 89 132 137 106 24 85 80 54 137 68 69 145 73 96 68 123 105 59 38 124 27 109 67 122 75 90 183 176 120 55 56 111 128 100 40 99 62 135 41 116 97 57 90 137 99 100 68 166 149 181 80 44 152 80 49 112 80 35 60 171 179 39 80 94 113 179 177 64 32 78 17 196 92 172 126 157 104 173 135 80 151 125 136 75 42 128 72 37 99 109 164 78 142 102 122 49 52 34 98 93 114 109 123 89 82 109 
62 87 60 110 75 50 108 37 63 93 93 93 41 163 151 115 124 28 130 109 164 96 152 89 139 77 113 104 101 125 84 138 147 102 24 83 105 57 107 123 55 199 49 56 74 146 73 107 96 84 142 67 49 21 75 139 50 109 50 81 135 45 111 75 96 115 91 93 166 88 64 124 61 49 68 144 65 95 139 109 98 103 77 47 110 78 115 189 43 83 126 88 69 169 69 59 83 104 136 162 157 130 172 61 120 119 85 86 41 89 103 164 126 145 121 114 76 87 160 78 38 74 157 35 55 106 96 103 
115 24 30 143 98 128 37 66 68 72 138 118 186 91 84 65 41 150 41 60 131 94 32 100 56 110 92 114 72 53 123 87 130 119 142 48 115 125 81 173 33 108 92 39 96 64 181 155 45 60 133 115 62 62 165 111 39 102 92 102 124 62 122 63 30 119 93 146 149 64 46 133 129 153 113 89 101 135 103 124 181 170 89 74 98 15 110 122 44 54 61 144 70 79 160 115 68 55 100 104 83 118 87 165 51 56 61 62 186 126 112 138 54 179 83 73 18 74 115 54 82 86 148 124 82 76 92 46 
46 128 71 123 125 135 172 49 88 144 137 67 173 120 106 57 40 92 182 31 129 73 146 82 160 99 71 126 73 178 150 103 127 143 49 62 116 186 89 150 44 65 103 105 73 40 102 90 129 115 100 100 97 97 111 141 31 35 154 59 182 120 42 85 133 132 134 73 181 124 133 46 127 104 80 128 124 182 108 109 23 23 63 135 101 129 131 125 144 78 100 101 101 58 78 106 21 146 117 164 130 81 22 59 107 123 155 151 100 68 133 108 113 122 94 43 16 122 69 89 82 87 111 143 136 104 58 115 
33 109 42 145 160 88 130 137 27 190 107 153 193 19 142 104 110 117 94 131 116 70 45 181 155 114 186 97 141 123 189 158 95 107 158 67 143 72 118 104 167 65 108 142 88 71 149 112 61 39 113 69 81 73 132 31 100 158 89 135 65 108 118 76 193 118 75 153 80 61 129 127 178 40 101 76 146 59 164 11 83 193 90 51 111 18 119 98 50 148 99 145 153 103 7 69 131 103 150 128 93 152 138 48 160 110 105 122 72 128 98 127 79 57 85 103 126 45 26 28 147 52 135 45 100 60 145 143 
97 146 123 135 116 118 90 27 145 170 39 64 122 126 147 82 3 26 188 40 59 68 119 47 74 73 143 54 140 81 178 138 90 81 85 83 94 52 118 89 89 81 157 38 116 114 80 67 26 152 35 35 67 128 132 66 83 63 167 132 106 70 77 139 21 180 20 38 44 49 153 104 40 144 89 155 77 127 176 152 128 21 101 148 91 116 96 158 86 162 150 107 115 94 153 181 92 136 126 134 38 54 93 30 88 34 147 59 183 186 39 75 114 59 175 137 60 60 41 135 160 109 22 74 50 89 171 119 
132 133 174 63 5 83 43 7 41 122 137 38 122 53 108 77 90 13 85 72 56 19 163 117 86 100 85 34 114 87 186 125 157 73 158 120 114 165 123 161 21 56 147 71 124 95 180 113 126 85 127 112 131 125 130 138 111 90 47 126 37 174 107 119 67 110 58 112 152 68 113 80 101 89 54 82 93 150 186 168 94 115 42 34 147 48 75 101 115 24 40 77 93 30 80 78 131 139 146 151 53 65 135 95 44 38 65 111 100 118 133 143 150 84 88 60 102 67 81 110 21 30 121 88 89 126 99 101 
47 188 147 118 31 58 116 127 166 188 106 149 146 93 15 68 57 86 111 94 103 30 84 84 115 163 85 119 124 66 173 128 88 70 100 108 90 70 92 113 105 47 178 52 112 114 120 149 134 164 91 147 113 159 173 101 14 51 166 97 93 98 166 103 82 26 61 29 80 144 89 128 76 155 82 76 160 172 94 135 75 53 110 78 102 105 79 68 117 107 87 44 158 98 141 140 62 116 80 53 119 117 117 50 46 60 118 93 78 52 26 50 54 89 161 68 113 108 110 72 97 120 89 98 110 91 138 108 
76 133 112 149 47 21 136 72 123 167 117 93 64 73 93 108 165 78 75 108 143 36 45 55 86 96 139 65 87 87 73 153 34 111 104 136 126 142 105 91 69 66 131 159 149 118 116 115 169 54 120 101 181 47 35 42 67 132 84 74 35 116 91 49 165 104 68 85 49 65 101 124 146 77 93 160 134 115 122 87 135 105 97 8 78 132 89 19 133 137 128 174 51 179 151 89 147 61 94 74 90 94 40 59 51 40 41 100 138 69 96 22 94 70 161 43 27 128 97 92 108 145 61 111 73 67 52 129 
115 70 92 194 111 126 167 125 140 41 85 120 145 130 131 71 74 51 37 170 113 55 147 85 83 107 164 87 53 158 93 151 82 91 86 121 96 34 100 43 44 84 91 121 142 97 86 46 115 62 141 135 137 136 28 47 110 92 121 188 66 97 164 156 88 100 168 158 112 95 135 182 59 127 150 172 115 170 25 104 53 103 158 199 56 136 110 110 110 40 94 196 142 63 132 171 100 140 72 106 50 152 55 156 86 133 137 73 63 95 82 145 110 192 87 74 178 40 159 129 49 126 114 105 148 141 45 11 
96 70 103 165 117 23 124 65 62 70 88 48 77 77 32 70 65 116 167 131 136 37 63 101 130 79 86 125 134 135 134 118 152 97 121 61 86 64 146 169 94 97 172 140 129 115 56 110 92 171 82 80 57 154 167 60 126 59 133 97 149 125 93 98 102 131 157 177 80 139 103 108 164 176 186 94 122 25 190 147 103 123 150 136 63 68 101 62 125 105 161 63 118 78 182 70 13 31 95 75 117 103 57 101 83 146 92 71 72 142 118 158 119 48 36 124 161 72 79 77 71 84 113 118 97 105 110 104 
77 133 102 120 125 89 108 165 89 91 76 33 127 114 146 87 75 80 162 150 165 85 82 126 89 122 76 94 135 90 95 35 83 49 72 18 124 112 100 154 74 68 97 107 96 49 48 142 81 158 157 69 157 123 98 60 64 77 80 118 77 111 94 117 71 125 136 65 35 109 124 109 11 152 168 135 87 104 147 198 127 164 105 160 130 42 83 152 75 119 82 75 137 86 107 64 79 117 123 14 93 190 109 107 139 102 177 55 94 114 82 64 60 70 112 116 133 176 81 89 30 53 116 100 128 104 136 87 
87 178 114 121 121 59 68 138 107 121 93 94 47 126 28 57 94 48 167 127 76 71 114 97 141 177 90 81 134 187 106 98 111 155 72 171 91 16 75 157 122 114 162 142 153 140 91 121 158 97 132 137 99 100 133 152 63 154 77 72 120 94 169 55 125 108 102 136 60 98 181 23 83 128 94 75 135 53 103 127 136 92 180 67 159 100 92 144 137 133 83 147 129 165 80 70 107 129 88 140 33 126 97 88 148 135 156 23 117 153 173 102 113 79 119 92 119 98 172 57 138 138 68 114 151 128 115 93 
112 56 89 136 114 111 68 78 176 51 108 75 68 143 150 89 26 112 143 92 77 127 63 13 143 143 58 81 117 50 104 124 82 77 64 25 114 113 126 105 101 66 112 94 36 162 130 101 59 142 189 86 117 157 103 97 28 124 86 56 43 132 52 42 159 73 55 186 171 103 170 23 193 21 115 53 105 103 123 164 92 56 26 123 117 42 98 118 42 142 36 109 68 106 74 170 163 33 21 135 179 131 118 68 38 159 166 107 168 124 150 96 103 98 91 156 77 111 144 153 129 181 158 129 63 100 118 100 
108 101 65 115 99 79 64 148 37 114 107 120 95 6 53 145 75 117 78 112 104 158 99 90 104 59 24 128 91 43 35 109 115 84 69 73 40 37 116 63 98 107 99 55 189 111 41 80 102 54 150 101 61 108 147 20 90 87 151 99 104 188 54 146 35 152 93 72 179 77 89 63 90 101 42 110 97 158 150 105 180 26 48 60 101 59 130 32 46 94 153 90 147 136 65 138 79 72 31 142 72 65 82 179 158 17 101 169 70 55 96 26 99 101 73 178 85 90 129 82 70 146 69 36 103 187 16 60 
91 126 93 173 160 112 110 53 120 72 35 114 126 96 158 179 94 112 47 149 174 81 29 118 95 73 68 107 67 124 115 118 47 73 83 119 97 37 74 165 158 101 54 81 98 78 118 98 106 162 86 95 87 8 125 154 99 66 69 27 69 72 42 19 75 122 44 99 39 47 74 135 51 148 34 78 8 199 136 160 67 123 60 182 185 80 85 104 114 152 96 100 116 121 40 152 40 109 126 54 81 94 126 79 148 117 133 135 101 90 120 16 72 112 68 140 74 91 70 37 98 97 134 183 91 153 162 136 
100 116 124 38 166 136 36 134 128 81 139 84 117 127 119 76 46 61 37 92 90 90 173 125 80 146 120 133 94 107 117 177 78 48 153 113 123 53 119 126 131 37 175 167 96 95 184 114 163 92 114 149 7 58 40 90 92 57 43 179 118 98 81 84 163 57 48 96 80 110 98 101 111 91 147 102 78 56 63 130 159 117 101 185 138 173 103 118 142 95 162 50 51 90 112 71 84 132 68 124 41 87 24 159 157 39 86 178 73 48 116 128 114 131 101 91 73 114 47 126 126 112 134 68 139 136 111 98 
88 103 130 57 45 73 160 59 100 110 41 140 111 90 81 71 131 74 57 86 116 88 43 126 79 61 71 152 68 101 127 99 96 110 194 4 129 63 123 130 81 167 186 109 58 89 50 125 86 133 72 64 76 78 118 63 113 143 178 41 115 97 102 46 117 140 124 51 94 78 15 129 18 116 48 105 132 136 68 42 100 42 59 80 173 48 88 84 168 114 127 91 69 104 46 52 81 76 62 48 105 103 114 121 64 131 52 55 97 139 131 59 101 159 146 124 26 96 90 169 114 154 135 172 51 126 94 67 
75 54 128 124 67 177 84 149 132 40 82 106 54 80 114 121 110 81 107 98 87 83 85 93 99 61 59 53 24 132 95 88 74 49 88 109 43 80 105 4 187 135 133 78 110 111 130 132 121 86 84 111 107 157 19 81 84 132 184 91 105 113 128 95 100 102 134 63 113 115 110 131 119 96 75 79 89 110 101 83 92 98 130 85 103 88 102 71 5 93 184 84 23 139 113 158 70 118 92 175 53 104 73 124 137 120 118 88 100 61 125 136 109 71 72 115 75 135 106 49 99 100 31 172 115 67 55 107 
117 182 166 86 147 110 136 140 71 90 109 119 183 72 133 154 62 69 31 111 137 100 105 50 76 118 161 45 105 163 7 137 111 177 93 174 116 153 98 45 77 113 21 98 168 114 87 139 94 65 99 112 96 130 38 71 182 102 55 81 141 90 72 59 125 160 115 99 179 189 122 125 98 158 101 68 19 110 62 152 144 118 32 104 118 84 71 48 88 112 62 143 37 98 77 135 79 34 120 92 84 73 106 56 166 92 154 77 132 146 81 146 109 105 81 78 135 114 188 139 94 122 23 128 104 76 140 113 
109 188 93 78 98 101 105 34 73 110 70 163 69 130 70 161 164 103 108 90 184 113 89 108 99 113 35 127 129 151 61 149 144 80 73 161 77 72 95 165 176 149 82 100 137 140 44 116 52 128 71 120 108 105 117 140 104 150 75 120 123 76 111 183 34 90 99 128 177 43 44 144 50 86 115 117 133 110 125 75 137 42 46 114 142 168 5 88 34 68 136 45 73 54 126 102 59 92 43 46 103 79 191 179 153 117 141 110 38 104 88 84 99 110 159 50 172 118 135 27 171 112 85 147 88 83 119 70 
77 85 33 9 116 125 82 80 54 166 95 87 60 85 59 73 17 70 78 114 28 88 117 134 44 131 39 108 62 137 137 28 69 107 68 153 164 60 87 84 68 68 132 86 134 136 99 63 95 136 77 95 37 65 170 89 116 54 72 86 52 57 119 82 21 142 117 79 64 83 54 78 148 162 24 107 137 40 105 119 133 142 94 152 95 114 93 112 68 62 18 40 40 127 96 191 117 110 113 84 34 31 98 78 22 188 191 66 105 125 98 78 48 124 58 105 75 126 115 146 93 93 103 88 137 96 63 131 
123 124 132 98 77 194 75 105 128 90 75 146 93 133 84 101 54 120 55 51 98 57 89 72 54 113 134 92 77 68 96 56 58 32 129 15 105 97 120 164 61 108 70 99 95 96 98 75 136 77 140 161 67 55 129 55 29 78 90 12 100 157 123 118 47 103 59 53 32 126 61 100 99 150 40 87 128 94 161 82 83 36 153 96 162 127 184 62 136 18 154 112 32 107 171 48 147 123 76 124 159 38 134 114 48 125 97 40 48 173 17 89 151 135 37 83 87 116 44 59 146 122 105 119 143 106 55 125 
156 44 176 145 134 123 153 114 74 71 151 116 46 26 105 49 49 88 144 181 105 102 103 116 155 100 72 17 146 106 129 83 85 95 103 87 102 72 70 154 127 167 60 63 149 120 46 111 42 77 61 54 114 132 83 90 83 9 163 108 188 176 88 148 120 5 85 55 78 88 144 101 145 107 77 44 174 196 63 75 147 109 90 100 50 91 84 143 45 40 112 114 29 167 154 88 78 94 122 100 118 117 94 133 105 22 97 153 187 102 99 121 110 75 84 96 100 147 145 101 100 144 56 133 119 103 97 66 
87 141 37 118 57 132 76 60 65 78 51 17 164 53 171 71 137 65 96 116 105 6 137 54 145 123 185 148 72 105 66 157 161 159 103 65 95 91 136 26 35 128 162 147 121 139 19 65 144 100 80 150 95 112 125 38 85 106 127 59 170 84 68 108 154 54 83 129 17 69 70 101 153 115 93 158 51 142 118 137 129 68 147 116 51 69 23 37 73 40 32 29 156 34 42 124 29 42 123 113 83 133 139 119 133 110 82 173 89 107 58 189 103 93 95 50 55 51 74 166 146 63 108 103 122 55 79 75 
109 165 121 176 32 91 64 120 51 39 121 100 141 149 43 176 148 97 104 107 104 154 105 81 20 44 144 152 143 113 125 40 135 190 122 152 152 72 61 167 53 97 79 57 43 25 95 138 92 123 70 81 92 142 108 120 52 137 91 158 58 91 124 178 32 115 77 99 196 169 79 58 103 94 30 98 179 63 78 86 165 106 136 121 90 104 139 98 54 127 107 167 34 120 94 94 109 132 66 93 166 110 95 85 64 79 78 96 121 158 137 68 115 176 95 86 58 15 73 28 131 110 50 137 82 94 53 58 
92 92 76 102 96 48 51 174 4 71 104 101 158 131 113 142 77 118 49 147 122 69 50 96 74 26 116 138 170 45 104 86 92 50 95 84 71 163 101 174 55 76 23 91 106 148 48 60 118 62 173 78 78 183 129 172 146 59 70 126 111 90 58 151 135 141 148 136 92 69 160 78 7 153 80 141 151 132 182 107 80 74 65 40 112 46 113 77 126 96 171 154 42 94 150 75 95 119 102 68 34 116 95 70 174 78 25 138 14 44 126 97 94 100 97 96 175 117 91 170 70 86 144 110 101 94 130 98 
100 95 15 127 138 148 46 72 76 88 160 67 50 70 110 108 39 128 98 84 80 76 86 86 150 158 63 155 53 48 49 161 66 118 122 122 101 83 177 74 28 112 143 101 69 97 85 27 155 79 34 130 11 59 105 75 101 175 96 58 154 157 87 94 129 134 148 115 172 59 115 106 69 181 78 140 89 171 70 64 70 170 138 152 71 52 158 135 102 191 48 88 124 94 75 104 75 65 32 109 117 118 29 34 164 74 118 122 125 71 131 87 134 69 68 152 140 139 24 113 91 106 150 21 85 54 125 67 
62 85 52 100 162 13 164 30 123 79 93 75 57 91 130 67 67 81 54 95 65 131 106 56 57 130 138 164 172 40 67 84 22 98 64 66 28 138 108 115 21 139 73 81 89 86 149 59 65 106 35 139 194 27 159 126 68 88 110 100 65 122 114 121 77 89 88 89 126 83 68 21 131 92 131 62 147 100 13 79 107 163 79 40 84 81 70 79 59 117 147 78 29 109 95 75 124 124 74 162 66 75 120 125 112 128 148 56 44 106 103 159 104 127 102 74 82 174 110 129 107 100 153 107 95 109 122 114 
69 152 123 84 157 80 157 78 70 160 177 62 112 22 61 101 81 176 52 77 149 94 166 63 136 75 73 83 25 110 131 98 64 161 109 113 55 126 106 67 79 63 73 95 98 67 118 103 79 130 45 121 25 185 64 158 62 53 117 151 100 161 180 64 88 143 63 87 157 104 55 146 103 136 139 116 61 140 31 117 129 33 72 109 132 76 118 34 92 110 123 94 42 132 119 65 124 86 85 85 66 172 167 140 87 147 130 104 117 146 75 162 25 112 169 177 158 114 81 111 106 133 198 20 175 152 49 110 
133 155 121 48 102 149 194 133 58 100 99 96 64 117 105 127 92 25 59 174 67 81 76 128 58 81 112 62 68 189 93 138 143 124 149 13 133 142 56 47 112 46 62 52 53 87 130 124 54 89 68 160 154 135 28 144 17 136 82 50 79 78 128 163 107 103 81 150 104 136 100 117 150 126 146 80 94 72 95 123 88 21 31 126 68 62 92 120 43 113 76 122 123 66 102 32 74 85 44 130 104 115 69 143 53 68 81 145 72 93 53 149 112 122 103 50 99 145 185 108 71 95 152 135 122 63 75 161 
99 170 103 72 57 15 97 97 45 107 98 128 116 83 95 94 93 71 116 183 94 71 111 44 101 28 103 87 149 89 98 150 116 108 27 61 103 82 73 165 89 103 87 98 164 51 96 38 130 109 31 111 147 85 94 24 138 68 59 104 128 118 154 129 94 101 77 130 173 162 104 164 128 134 151 53 74 106 75 14 140 135 142 54 124 48 175 92 46 84 124 100 113 93 68 109 162 85 130 96 123 177 36 132 77 89 138 135 55 107 143 92 116 48 82 114 75 67 85 64 62 34 101 174 154 48 27 99 
125 50 89 109 176 126 106 146 142 73 178 78 128 124 116 46 156 157 36 94 125 142 152 57 194 55 135 56 108 118 107 112 110 69 96 65 51 47 149 87 76 62 79 67 138 129 112 166 52 163 54 108 105 63 67 52 95 95 158 66 99 112 159 108 109 90 104 122 135 157 83 130 93 38 53 119 90 50 117 93 33 179 72 81 41 105 53 84 103 34 159 118 83 166 34 117 66 66 104 123 136 50 21 55 81 51 17 45 141 93 134 126 122 141 63 57 165 39 123 82 137 88 93 98 115 67 140 106 
66 153 86 65 81 149 96 145 76 95 143 53 107 80 77 90 78 100 108 87 87 108 44 175 74 117 102 156 126 95 43 60 109 108 99 129 131 17 74 83 140 14 98 154 83 56 79 93 95 72 121 122 22 101 105 69 166 106 176 64 140 51 47 20 161 37 63 132 80 130 118 81 152 54 65 117 94 152 103 190 126 131 65 94 87 103 104 73 79 31 38 117 133 110 116 118 75 172 115 177 50 58 71 147 160 77 83 153 173 24 152 125 170 152 120 127 70 124 98 53 108 110 160 104 137 129 141 150 
141 75 6 162 172 51 77 16 128 98 107 186 107 107 77 138 130 100 52 76 124 104 101 86 126 58 171 61 138 105 127 153 159 63 180 164 46 87 36 151 85 106 81 90 103 55 76 93 88 103 63 58 70 49 146 98 143 64 124 153 128 75 106 42 126 153 90 83 151 172 87 22 138 93 135 117 40 55 57 109 97 118 82 126 24 114 73 106 191 98 134 94 139 95 95 29 120 167 69 36 21 71 126 96 117 115 67 156 67 67 168 126 133 159 53 31 68 95 39 40 58 126 55 113 93 104 56 99 
153 148 87 76 143 140 98 123 138 164 119 58 143 90 137 116 146 48 101 139 57 14 35 77 177 175 179 112 26 109 78 189 158 83 156 117 48 76 62 103 43 41 132 155 106 115 158 99 96 158 94 53 85 101 123 95 100 56 72 104 134 18 119 151 95 121 18 51 125 61 165 59 48 30 95 50 59 156 101 107 88 68 179 79 159 121 124 56 179 78 114 133 119 85 70 34 125 140 143 132 55 147 96 14 54 44 63 118 178 106 36 109 30 47 77 85 62 103 119 85 113 120 174 151 103 108 63 167 
79 162 122 121 149 84 131 174 70 115 166 63 104 183 135 174 95 147 86 115 45 92 121 58 151 63 64 121 44 79 122 126 33 125 163 82 84 106 83 94 86 98 108 142 98 60 86 123 132 152 125 101 69 52 73 70 160 82 121 180 145 105 44 133 125 70 167 162 136 120 51 107 160 88 44 46 51 86 83 139 148 38 158 148 157 64 137 166 153 22 48 105 133 64 174 164 112 87 53 77 81 160 117 54 166 39 79 126 123 108 101 63 123 144 123 79 54 54 41 159 74 108 117 100 132 78 137 132 
122 99 131 173 119 128 98 186 34 115 131 133 118 47 51 116 111 39 112 47 111 31 80 100 53 36 45 107 41 110 98 59 51 94 29 62 191 9 136 151 71 140 87 123 69 90 83 110 108 142 126 81 126 60 119 125 26 57 55 63 127 131 57 125 95 94 91 94 75 119 56 123 110 34 38 60 40 133 146 102 135 159 17 117 39 131 120 92 117 188 125 22 110 79 78 74 128 147 68 89 51 77 115 44 39 72 158 59 107 80 125 97 64 93 122 148 40 174 121 89 64 147 51 104 94 72 28 111 
104 158 144 131 141 153 93 49 124 154 177 147 109 104 82 124 150 119 103 81 107 31 99 148 60 77 68 73 35 10 105 125 82 111 128 57 54 116 154 32 132 192 98 89 41 100 81 113 94 72 92 138 94 71 108 148 59 43 156 127 66 162 52 119 62 106 158 87 42 85 61 155 105 147 65 118 41 137 92 177 156 166 101 133 86 52 118 154 141 191 97 97 82 78 25 118 148 130 81 138 17 83 67 63 79 158 52 176 154 23 90 90 154 90 179 129 107 104 81 142 90 34 168 191 140 118 46 60 
47 162 108 152 139 51 84 71 120 94 72 76 153 121 93 123 76 82 84 70 122 37 136 154 65 68 80 65 66 94 97 125 77 81 80 112 134 106 110 79 125 116 84 83 139 192 73 122 147 56 91 136 196 101 59 141 115 5 118 75 47 120 78 48 83 168 92 152 128 86 62 151 122 59 111 93 100 73 71 55 23 107 169 135 178 55 88 77 110 66 40 153 173 96 138 122 56 104 145 135 45 153 156 118 126 59 176 14 84 69 96 93 120 48 117 111 60 146 72 73 95 33 154 81 125 134 136 79 
22 15 98 121 48 124 122 32 113 148 87 80 161 132 69 41 24 51 71 116 97 154 79 115 99 171 142 165 53 169 149 25 98 69 42 83 75 106 68 97 44 119 66 87 50 124 144 113 122 142 124 121 136 78 89 100 42 108 143 41 94 102 138 134 128 65 32 54 72 41 186 100 72 183 100 78 138 63 72 94 117 168 70 101 73 97 100 132 38 105 48 187 89 121 14 125 44 117 72 55 141 173 67 178 123 107 154 84 128 91 109 107 132 21 107 96 59 10 83 122 105 49 86 179 100 170 130 90 
60 81 124 89 126 62 104 139 76 155 87 66 76 30 105 29 134 49 16 40 113 146 164 93 113 69 19 150 119 51 26 77 155 41 51 174 133 143 84 56 78 72 47 170 122 9 71 83 96 82 174 105 110 118 83 100 75 68 133 120 50 108 84 53 74 172 116 127 37 89 126 68 128 186 118 52 69 95 142 114 153 124 55 90 48 139 61 146 104 125 173 102 107 158 44 71 106 146 93 107 93 24 67 106 108 80 23 69 91 134 34 66 132 137 94 74 56 41 130 77 88 83 111 96 55 105 102 127 
63 105 177 101 114 129 95 78 104 69 110 126 115 64 65 109 62 99 144 99 132 180 151 162 87 122 68 116 156 148 92 117 39 185 60 132 113 97 101 150 77 163 89 159 156 37 132 92 22 27 129 182 59 113 64 49 145 134 74 42 69 110 118 105 145 142 128 53 99 103 112 133 98 39 133 26 96 82 118 82 173 150 96 120 116 131 125 81 88 98 17 99 58 137 126 131 103 75 53 143 134 152 168 36 101 125 90 96 109 34 6 73 73 107 83 117 118 145 140 134 96 80 27 169 47 65 55 46 
110 104 101 115 54 44 122 165 58 77 122 79 85 132 48 180 61 78 147 25 78 52 99 54 89 40 57 64 92 158 76 142 165 113 118 82 70 68 48 106 76 155 33 39 78 54 154 95 64 149 91 179 105 22 115 104 32 86 28 147 192 28 51 105 141 67 118 63 109 164 138 108 127 75 143 50 22 145 158 64 102 96 26 16 128 59 136 146 84 78 89 121 189 68 97 87 159 162 149 92 126 125 126 109 63 97 90 93 107 66 73 54 148 121 124 154 98 19 109 110 57 94 156 129 122 28 53 50 
98 37 126 111 93 140 110 82 107 134 100 39 64 83 74 46 140 87 78 68 85 138 199 100 112 60 143 59 187 84 18 160 112 107 101 114 71 58 124 85 126 47 57 96 35 99 76 94 68 114 93 102 88 147 123 8 106 102 172 147 53 175 75 52 158 90 112 161 164 126 54 113 79 114 150 54 94 110 119 60 113 103 99 72 114 101 109 109 99 48 151 110 103 115 94 134 104 25 112 116 122 170 133 30 123 64 154 120 132 132 73 148 182 128 99 84 68 102 38 122 154 122 31 140 70 61 106 122 
64 85 106 101 148 57 89 62 82 112 93 94 72 150 44 154 133 132 160 90 44 90 123 69 127 124 153 152 110 87 76 11 44 90 124 132 165 51 168 110 79 97 75 49 85 15 62 29 90 85 51 144 71 33 176 168 61 188 194 88 167 104 125 162 157 45 141 124 78 145 179 122 57 59 84 89 70 192 48 70 79 98 101 112 131 159 71 105 110 124 135 75 93 176 100 69 127 112 122 48 141 152 159 47 144 93 90 48 21 137 107 121 128 14 52 170 135 113 101 54 48 104 116 110 116 86 168 97 
41 142 160 143 133 48 30 101 77 27 124 145 44 108 114 70 138 154 105 87 108 120 89 134 135 53 177 112 103 99 76 103 161 63 99 131 63 104 80 133 25 80 58 144 69 137 110 76 29 158 29 148 134 105 128 143 81 71 155 130 110 55 18 117 173 150 92 62 142 121 83 94 85 175 88 161 161 87 36 112 119 91 73 68 101 146 72 81 159 58 37 84 95 95 97 68 102 169 103 82 63 120 53 77 123 122 179 117 107 94 83 124 99 52 80 190 113 96 48 191 141 155 115 188 95 122 66 23 
92 170 140 26 76 68 98 78 133 72 28 85 98 32 116 63 158 113 79 95 107 106 67 116 110 129 91 170 52 115 59 112 106 147 171 82 91 80 79 62 169 111 107 130 82 80 54 35 181 134 98 84 123 87 30 91 129 130 44 95 146 161 116 102 155 170 128 101 102 114 73 43 103 137 60 68 43 74 124 116 92 156 178 140 91 124 115 78 50 105 83 96 50 86 96 152 74 177 50 114 57 127 31 85 79 148 129 111 96 74 117 154 84 170 190 32 49 113 132 7 139 57 71 145 92 121 143 81 
161 92 187 38 109 64 98 116 147 95 172 39 119 102 126 108 178 79 92 14 166 102 145 33 91 126 104 65 105 71 80 154 80 102 116 134 84 75 38 160 98 88 83 104 73 99 50 165 91 107 184 64 166 82 132 154 107 106 111 89 42 164 158 102 116 105 90 136 122 76 18 16 126 60 102 113 27 178 161 133 119 77 85 74 73 26 75 135 172 75 87 100 55 58 175 140 82 158 99 75 165 70 68 62 54 40 107 60 59 56 118 98 68 135 113 49 74 26 58 78 171 138 63 171 77 30 31 173 
51 153 120 68 174 114 34 166 145 89 47 63 112 91 41 170 141 120 49 121 54 56 94 170 122 47 125 45 85 113 107 112 124 115 84 122 154 106 120 159 15 119 163 31 101 111 146 84 68 117 126 128 139 25 158 84 92 84 80 72 151 112 72 48 83 119 65 44 49 87 74 122 45 60 67 108 128 40 72 176 98 111 90 91 114 96 135 114 118 126 116 147 51 15 117 139 174 114 145 67 39 124 95 103 54 174 104 146 10 41 145 19 102 113 96 113 26 190 152 44 145 153 108 103 95 110 65 90 
89 121 152 129 59 60 26 42 30 94 93 45 56 61 89 126 61 104 36 132 163 159 174 123 109 108 177 23 166 186 70 80 52 146 96 116 117 80 134 122 97 91 124 92 159 139 150 92 73 54 31 118 111 181 112 52 138 75 141 68 71 114 106 76 132 35 42 104 52 160 115 69 26 41 81 110 97 159 79 81 172 144 129 70 47 90 106 188 135 115 44 145 74 73 91 24 110 81 185 85 123 98 39 119 41 121 81 72 83 130 140 109 38 101 48 132 58 152 184 136 37 76 98 160 111 77 116 27 
142 102 109 169 106 90 131 94 118 130 69 123 50 77 102 73 150 134 93 74 141 134 74 91 55 131 144 58 106 54 58 143 118 105 27 163 88 100 86 160 102 87 133 181 98 106 44 142 143 136 122 146 81 125 132 10 157 115 113 120 104 71 105 132 99 69 84 112 34 78 54 89 28 135 110 72 92 129 77 89 57 153 82 37 126 169 49 139 27 146 59 101 166 28 170 113 129 111 108 64 82 53 40 85 159 89 142 73 122 77 134 110 122 54 191 7 78 44 136 36 102 76 83 57 143 71 37 107 
84 65 105 92 110 119 187 86 97 90 90 110 68 84 142 131 121 136 102 165 88 86 36 156 150 46 66 75 133 26 144 176 16 149 139 73 57 65 85 113 134 117 147 131 65 79 124 104 114 180 89 159 82 183 163 153 102 89 96 115 72 90 106 103 91 6 171 100 98 38 82 82 147 160 21 97 108 49 71 30 138 129 70 98 126 114 99 94 171 93 146 100 146 131 70 91 107 106 71 62 137 108 58 113 74 64 90 95 105 88 96 57 154 48 141 139 171 145 37 102 116 90 96 58 161 23 141 125 
78 76 68 112 108 87 96 38 82 122 97 12 184 59 117 41 85 147 39 125 150 60 79 52 174 164 72 168 49 42 131 151 65 86 118 57 138 111 105 130 32 129 58 25 135 88 134 117 47 119 28 35 56 128 41 24 139 118 138 86 166 131 74 63 127 53 145 91 93 74 86 87 52 109 30 120 145 126 84 53 138 181 146 97 112 154 100 122 112 93 122 144 63 110 86 106 100 133 95 34 88 110 126 120 108 147 34 33 49 83 80 94 122 104 155 57 138 153 76 76 90 40 25 145 142 67 107 95 
69 86 81 68 112 79 7 76 80 112 139 136 117 190 91 90 181 59 124 54 163 115 159 157 167 110 76 158 116 86 131 57 97 177 72 170 167 140 120 48 177 64 85 64 116 56 112 146 117 122 182 28 28 95 66 73 99 148 150 138 140 93 78 74 147 77 145 108 114 157 148 111 135 22 121 89 61 114 113 116 68 158 69 134 134 135 31 23 85 103 105 56 108 50 144 150 153 198 152 101 93 160 55 174 117 51 168 154 86 111 27 156 31 116 115 71 63 108 98 83 96 25 12 103 62 156 126 119 
49 96 61 133 73 64 124 65 132 164 154 38 119 100 117 93 128 106 69 44 132 25 68 88 144 3 59 114 122 55 122 145 54 101 136 141 43 85 180 166 103 93 126 141 114 105 110 171 106 166 132 156 123 28 99 145 147 52 138 61 104 44 170 99 69 174 128 52 109 35 124 143 45 74 88 98 111 105 118 100 114 129 36 183 68 172 172 128 147 88 119 133 103 137 110 21 107 20 135 174 98 104 113 151 100 104 191 81 179 96 169 129 140 110 188 145 171 103 160 57 58 145 103 138 123 149 84 119 
57 83 128 153 44 41 82 152 189 36 60 95 127 111 37 33 96 37 183 106 77 130 105 122 120 76 106 118 10 88 45 114 80 59 154 175 124 107 98 122 50 108 154 84 28 76 128 99 58 106 128 44 123 36 137 79 57 108 90 95 104 150 47 37 121 147 155 131 123 55 82 136 100 50 89 110 73 148 97 128 151 63 103 91 139 51 115 104 88 137 143 119 122 82 101 85 95 175 122 154 115 137 93 103 132 94 140 125 100 55 47 122 70 116 95 92 77 95 111 143 161 142 62 123 12 121 9 104 
75 112 93 112 107 90 129 97 82 132 66 115 135 94 158 109 96 128 171 127 100 100 122 61 102 133 157 95 109 133 104 191 148 46 98 49 166 54 131 66 115 72 126 111 95 93 79 72 61 67 77 32 60 122 35 151 115 116 176 169 154 112 133 85 95 72 167 93 89 106 76 104 60 89 126 91 67 141 105 104 128 100 187 153 136 126 67 76 83 96 106 103 55 94 94 54 109 152 63 48 67 129 104 108 78 72 118 134 170 105 65 28 61 86 122 121 30 110 77 71 23 67 156 149 121 114 12 84 
106 48 125 146 34 63 42 171 63 103 67 148 62 50 72 113 94 132 114 126 97 131 149 153 178 143 65 93 34 151 149 109 129 84 91 50 115 125 144 91 109 173 79 153 56 165 140 101 62 101 97 128 136 160 91 60 147 61 73 177 67 114 85 82 122 110 91 78 82 96 92 58 145 171 99 138 52 45 110 136 115 118 16 162 111 94 55 140 119 63 55 97 79 53 130 125 122 49 75 27 140 141 56 63 137 28 46 136 130 102 55 53 106 168 66 143 31 65 116 37 141 107 126 84 9 12 10 116 
106 39 54 121 40 129 103 95 131 81 75 85 53 39 58 179 51 24 152 110 95 133 112 72 73 178 15 146 133 135 76 143 98 46 162 60 89 59 40 163 123 122 37 155 34 76 85 41 53 107 171 110 112 91 109 184 120 101 109 75 84 66 143 92 102 67 87 57 109 103 46 115 143 119 101 108 129 11 104 87 93 100 60 136 98 67 107 113 70 131 125 66 75 58 98 67 114 110 161 99 106 150 99 167 132 111 60 79 90 127 46 50 122 97 23 81 173 90 27 107 125 95 119 119 104 84 116 200 