128
3 75 71 10 29 53 51 15 96 12 86 72 44 64 3 75 60 30 18 19 31 22 47 85 96 48 37 61 5 100 8 29 41 71 59 42 12 87 51 27 6 98 22 15 1 19 99 7 44 90 44 2 70 81 5 93 94 84 71 84 31 48 23 95 6 62 62 95 74 74 45 83 16 82 92 94 29 16 3 71 23 84 55 61 65 29 34 65 34 23 55 86 64 78 64 77 67 59 12 42 66 11 32 89 25 84 27 68 37 67 77 17 88 90 49 34 14 13 24 85 52 63 4 42 33 75 17 78 
62 79 98 97 41 16 69 37 66 55 67 87 32 76 54 84 54 39 44 36 62 38 60 72 87 92 25 31 8 14 77 66 85 38 88 66 99 34 26 68 38 92 85 37 74 60 94 35 80 76 41 56 54 32 70 63 19 18 99 69 94 38 77 96 74 29 13 63 50 78 79 51 29 10 10 28 66 11 84 62 70 39 24 6 2 71 25 29 89 8 71 24 47 95 25 32 89 36 49 10 36 64 4 26 75 91 9 91 5 52 21 17 91 50 39 16 100 57 23 46 65 46 28 15 28 56 52 61 
93 40 57 98 29 8 48 75 8 87 100 94 80 72 32 20 18 59 5 2 85 63 76 62 55 96 49 19 78 27 83 85 84 78 51 97 99 3 13 87 80 94 38 5 73 73 51 3 74 81 64 25 50 29 85 1 48 54 96 4 24 75 41 24 19 60 52 45 52 3 63 33 69 80 36 17 55 98 81 17 42 95 96 14 35 76 26 28 81 27 66 32 59 92 91 81 27 20 70 34 5 62 4 43 41 67 51 85 85 95 43 11 30 41 33 86 90 86 39 93 33 71 18 15 69 100 90 13 
48 50 71 65 16 6 26 89 91 46 16 99 37 68 96 55 16 83 14 9 88 88 73 17 60 20 1 34 45 10 97 34 7 4 36 76 31 74 15 34 68 72 15 96 58 53 100 57 99 1 94 83 80 63 18 1 40 80 94 3 49 36 61 60 63 63 32 76 86 51 88 99 75 49 46 22 59 16 44 15 28 16 68 35 31 78 68 15 30 5 52 68 60 100 50 54 90 65 99 49 47 3 56 19 93 62 75 82 91 62 44 14 50 87 69 49 95 25 43 33 48 84 88 4 95 45 92 59 
27 96 93 42 56 71 60 59 49 6 14 5 31 57 99 61 20 29 27 80 75 67 38 12 76 74 79 77 54 29 87 75 45 24 9 68 43 37 12 39 80 10 14 77 21 28 53 100 95 43 65 91 46 36 94 7 41 23 2 67 50 42 1 3 9 92 28 42 43 63 52 63 6 40 10 2 52 88 1 74 74 2 24 82 18 74 12 24 61 13 68 59 19 52 85 49 10 3 25 87 91 17 89 71 59 97 23 12 12 98 99 18 4 96 67 23 35 84 64 72 33 65 16 85 70 4 12 87 
72 63 99 52 48 46 36 8 43 74 15 34 54 85 22 3 28 68 96 93 13 43 54 26 59 28 93 79 31 75 3 22 24 31 92 80 71 83 20 50 39 99 3 1 26 88 84 83 97 87 74 83 15 40 22 91 81 97 36 25 31 77 12 88 14 1 98 17 99 67 31 23 1 90 2 8 84 55 13 5 79 15 98 81 52 90 18 11 93 85 58 80 87 66 55 92 2 53 55 1 42 95 76 61 96 72 60 24 52 36 14 87 1 60 56 54 66 90 12 39 82 96 14 1 98 19 4 13 
35 70 30 29 67 85 4 92 2 91 92 95 49 69 4 22 79 83 7 29 23 6 24 41 83 82 31 9 60 96 86 74 5 19 18 24 86 49 79 69 96 67 85 70 25 22 79 8 55 25 42 49 24 74 31 89 94 92 78 91 58 97 2 87 52 56 34 57 100 67 11 21 33 86 52 88 13 48 14 27 11 44 77 16 47 80 60 23 75 41 49 80 86 21 83 66 59 12 55 12 49 46 99 9 71 98 3 29 72 84 63 43 48 20 26 12 30 96 79 48 64 59 25 28 78 34 24 24 
24 63 2 52 83 44 3 73 19 67 98 25 74 49 25 81 28 11 15 37 20 23 6 65 5 37 39 95 58 33 15 51 83 30 1 3 44 68 32 37 96 11 32 30 64 16 93 81 72 10 55 42 96 27 83 78 32 96 17 84 49 1 45 88 44 23 22 85 61 85 15 18 66 41 13 58 96 20 42 98 26 42 93 58 49 76 41 12 75 39 71 73 33 46 18 19 12 2 73 52 84 44 54 63 35 71 29 2 80 85 16 19 45 79 81 22 36 28 44 85 58 24 18 46 60 24 68 82 
40 41 23 37 60 28 34 97 64 7 55 74 17 87 49 73 3 66 23 74 83 21 2 75 22 82 18 25 7 79 40 84 16 36 33 95 41 49 29 63 45 81 72 3 3 99 98 69 47 17 10 15 60 60 14 23 75 99 51 37 73 52 67 73 35 56 80 84 22 47 17 80 77 50 46 48 46 91 25 20 45 17 83 2 25 69 35 71 31 28 32 60 61 9 36 88 26 62 1 6 98 70 43 57 95 87 9 71 40 92 15 8 71 55 46 71 88 34 25 52 46 83 11 82 23 36 15 18 
29 100 70 76 68 96 70 38 1 26 64 98 85 30 32 30 7 14 24 90 28 50 73 82 69 16 6 42 23 31 46 67 95 6 44 43 71 12 93 24 77 50 46 1 68 12 92 36 53 57 55 9 9 13 5 71 14 75 59 48 79 15 10 19 38 93 67 23 3 40 23 20 91 60 95 68 60 58 36 55 58 34 46 6 60 17 77 57 54 88 62 44 34 84 52 51 23 51 67 41 13 90 62 87 22 73 88 52 43 26 19 86 39 72 64 57 56 88 18 64 100 39 86 49 23 15 30 62 
98 64 4 58 50 54 55 44 90 55 24 55 48 37 19 78 51 68 35 87 32 65 52 50 27 24 44 38 52 47 45 16 2 37 66 64 35 20 70 62 8 87 78 66 14 86 88 22 69 49 60 98 6 34 35 83 93 76 69 28 25 73 34 68 24 50 9 49 84 92 70 95 24 100 24 62 75 88 20 47 47 99 99 58 62 47 4 9 77 22 21 26 1 26 48 87 69 25 23 89 27 94 9 44 53 76 55 30 81 20 70 96 18 62 38 53 73 64 85 18 55 83 82 63 27 5 44 31 
6 2 76 87 40 54 86 98 38 48 100 91 22 11 23 34 79 43 72 48 48 42 45 7 98 96 72 73 56 70 72 22 13 85 21 11 63 85 38 29 74 99 48 57 65 63 57 25 57 66 28 73 48 79 92 80 87 60 32 95 78 27 74 95 9 74 26 56 16 91 47 55 79 62 9 82 87 64 30 86 85 65 60 2 10 66 92 36 20 37 33 99 35 96 4 81 19 49 83 86 33 55 22 52 54 60 9 53 4 51 65 42 8 22 86 100 58 4 53 69 65 39 29 3 61 92 9 69 
37 70 46 62 48 55 40 94 80 60 69 10 29 65 91 18 16 40 59 35 82 31 99 54 68 54 86 87 7 58 38 49 83 51 57 22 58 70 63 48 52 20 100 54 46 68 70 54 34 83 29 71 32 80 95 7 53 87 90 37 38 71 65 33 8 77 60 7 91 81 96 54 63 7 6 8 98 60 82 58 85 7 84 57 54 25 78 26 70 72 73 66 48 99 21 46 23 48 82 28 97 74 20 36 33 94 12 69 52 33 79 10 87 65 50 41 99 65 2 29 6 7 3 70 23 32 26 42 
2 68 55 71 28 26 3 76 84 45 57 37 3 97 66 40 15 49 58 97 12 28 72 11 86 19 60 69 92 88 75 100 28 66 46 1 55 60 51 82 28 70 9 52 32 5 81 39 36 79 47 92 38 94 27 4 16 13 49 85 13 49 46 99 58 6 22 37 37 85 58 45 70 70 10 54 68 51 82 35 45 25 88 21 5 52 62 88 73 44 27 85 36 21 27 2 66 5 22 24 33 61 90 20 59 73 23 48 68 60 69 36 88 95 8 28 5 33 10 39 26 3 76 81 36 30 70 87 
100 35 26 57 63 91 77 95 70 82 5 48 85 83 37 37 35 97 55 6 11 79 57 30 37 47 51 82 80 90 11 38 40 25 86 28 72 35 40 20 29 72 69 71 95 37 55 38 65 24 77 56 58 88 80 46 87 71 96 85 49 29 70 30 56 40 56 5 80 5 62 64 99 55 39 69 53 37 27 35 55 79 55 65 48 19 5 74 48 95 27 75 6 70 79 82 58 65 55 92 84 28 44 52 56 46 74 37 54 25 17 4 47 23 100 76 47 59 62 78 24 12 63 85 69 46 61 77 
79 20 21 24 46 18 51 66 20 80 68 99 13 9 9 10 2 63 37 19 30 68 99 88 51 42 78 61 38 69 32 41 68 33 85 67 57 11 13 57 65 62 29 13 46 100 83 76 57 42 35 71 87 53 10 18 31 65 58 77 74 15 2 27 61 25 12 86 42 18 37 2 48 8 24 96 86 5 76 82 8 14 2 53 89 23 98 53 91 5 38 65 22 94 100 98 20 77 33 52 15 3 9 46 42 42 53 19 61 85 12 4 78 46 86 71 24 55 42 21 75 24 34 91 26 93 19 12 
18 28 17 93 33 86 72 70 35 37 7 87 64 84 58 78 29 37 60 57 96 51 6 45 4 88 71 90 83 45 49 22 87 56 13 90 57 87 3 36 99 75 95 18 85 66 54 58 94 70 60 74 48 15 75 37 72 60 29 89 24 16 82 89 29 43 20 38 12 31 33 92 80 36 48 52 36 6 3 10 6 23 11 66 93 76 53 98 16 44 28 34 82 65 20 70 1 86 7 93 58 84 86 71 99 14 88 62 29 20 48 60 98 74 14 15 71 11 100 52 17 75 15 74 6 5 43 60 
11 72 45 44 65 17 23 12 95 39 41 84 44 14 97 68 74 88 77 91 81 27 41 45 25 28 60 7 83 49 18 31 48 19 99 84 32 70 60 63 11 71 13 59 12 13 38 65 47 91 73 54 19 31 56 18 83 68 34 54 85 99 56 10 65 77 66 57 30 40 5 57 72 2 70 97 94 74 38 9 49 8 73 5 99 31 10 7 24 100 88 40 67 32 39 91 85 83 18 72 27 30 78 100 93 40 52 70 40 20 71 62 98 17 42 51 21 45 39 55 17 59 58 96 60 43 10 50 
96 90 25 26 39 26 96 11 67 86 44 45 55 48 72 41 89 16 32 87 64 38 64 68 93 37 61 77 64 18 13 39 59 70 9 50 22 96 56 11 24 38 16 49 32 89 2 28 77 85 39 78 50 68 73 34 54 40 45 72 5 40 27 35 15 66 26 26 45 17 86 15 65 72 18 13 100 47 7 70 39 33 92 58 43 31 83 11 78 29 72 31 56 16 99 80 15 37 48 27 57 43 16 19 76 81 14 58 95 57 6 45 50 68 58 15 85 61 96 19 68 55 66 7 17 66 52 9 
53 1 54 4 87 37 99 41 64 64 6 37 40 37 80 64 83 33 39 98 96 51 8 19 16 19 7 68 43 87 58 67 100 18 71 39 1 59 78 5 20 24 61 34 3 22 67 44 40 75 55 41 70 52 37 70 98 74 3 54 5 93 90 82 51 31 63 65 49 2 86 28 18 51 72 6 63 21 11 41 35 11 28 29 38 67 50 96 14 19 40 13 69 79 88 86 18 50 53 7 86 27 22 21 28 8 93 82 54 27 39 79 6 67 33 80 55 78 73 9 14 78 31 27 35 28 18 36 
67 81 61 99 26 64 78 52 53 62 14 21 79 24 74 11 19 85 14 3 53 77 83 47 98 100 36 65 77 48 92 40 40 61 56 66 81 99 16 67 43 68 68 38 12 7 72 100 97 63 2 18 20 23 26 34 9 96 70 78 90 75 31 46 61 3 17 47 25 65 43 4 9 77 10 93 30 59 26 83 34 97 38 21 35 78 73 86 11 45 94 83 43 81 58 1 56 42 35 59 63 7 20 99 84 30 75 88 23 89 21 38 74 69 35 33 56 9 97 69 90 76 9 80 10 18 26 93 
47 44 83 51 41 61 39 37 79 41 39 66 49 18 23 15 89 19 1 92 6 91 78 6 20 29 25 98 36 57 16 82 46 11 46 34 39 12 87 93 24 48 82 77 42 69 38 90 77 1 44 93 99 89 65 62 75 45 98 63 89 50 78 44 2 34 29 6 3 93 47 58 3 30 46 41 44 99 25 18 15 53 91 69 78 79 75 84 7 56 14 33 23 39 29 84 8 45 45 100 78 59 25 48 84 73 87 14 40 48 100 94 42 40 83 96 93 74 87 61 54 63 26 95 75 14 72 30 
67 73 53 43 40 48 94 82 72 43 32 5 19 35 80 82 24 68 95 78 56 19 67 92 75 100 76 37 31 63 38 50 51 17 72 48 23 49 15 8 26 7 28 69 11 81 95 93 39 88 49 80 34 64 39 40 88 30 38 92 57 66 16 15 92 27 84 5 6 32 78 39 89 73 16 88 88 74 54 4 11 96 53 81 24 77 45 91 61 48 77 65 24 20 47 20 49 86 93 65 92 51 86 79 62 36 57 72 73 52 74 50 55 57 63 80 19 27 65 27 71 46 42 78 11 50 63 93 
74 78 54 48 41 91 54 97 97 51 6 57 92 79 55 47 69 49 19 99 93 52 20 16 54 74 53 41 70 45 45 86 23 59 73 2 48 61 77 67 13 91 82 10 30 76 43 84 70 62 59 92 57 67 41 9 19 19 87 57 13 90 6 59 27 78 80 54 37 75 95 20 45 15 4 30 28 41 32 66 14 73 24 90 43 94 36 71 19 41 5 72 92 45 73 5 53 45 36 40 40 30 6 3 31 82 82 75 21 70 63 84 42 86 95 67 28 23 60 60 45 53 56 74 80 55 52 68 
94 4 51 5 58 34 68 6 42 35 51 67 67 15 32 75 13 39 42 25 27 96 60 73 16 35 39 48 49 57 55 30 83 50 44 92 4 15 34 54 31 73 18 96 42 12 87 54 98 87 41 52 51 97 8 27 90 69 58 78 4 62 57 62 70 55 32 66 20 17 51 54 1 89 22 73 93 78 24 35 4 35 100 60 58 20 71 27 3 93 56 80 94 21 91 72 7 90 6 84 14 58 79 25 29 5 31 16 90 75 67 27 34 46 61 35 6 1 38 36 73 27 70 25 94 9 54 72 
2 87 62 87 53 100 48 18 85 77 32 5 100 4 10 65 22 53 68 20 90 85 85 87 31 6 28 58 19 49 46 22 10 47 99 79 100 78 69 38 29 94 81 9 35 39 27 41 30 2 89 63 97 16 43 16 94 11 34 82 4 100 13 68 16 84 49 23 8 97 26 16 85 40 58 59 19 97 68 42 72 70 33 72 42 62 17 50 7 62 97 84 96 32 30 47 50 92 69 51 39 98 22 89 52 12 28 16 44 70 65 18 2 58 47 26 34 99 19 21 6 94 58 87 28 32 64 63 
69 73 8 12 99 63 31 17 32 56 5 14 43 47 67 77 98 11 2 96 72 36 31 98 67 62 36 99 16 99 37 79 56 26 69 81 43 11 51 12 62 86 16 74 58 23 63 51 22 43 12 14 11 44 86 94 20 100 11 47 92 69 98 85 29 90 38 9 43 45 38 83 81 36 28 18 41 60 3 50 94 71 10 98 93 41 96 78 39 33 33 89 39 31 10 34 50 11 85 27 12 48 85 18 82 52 44 49 48 53 60 62 54 64 9 59 14 17 42 41 31 42 48 93 43 29 100 55 
67 15 31 21 33 92 14 29 26 67 95 68 6 50 100 12 97 13 72 29 7 39 75 82 1 72 89 63 93 23 25 43 50 12 47 53 6 30 79 92 97 80 7 96 41 46 9 26 45 55 75 19 80 6 22 31 56 22 96 98 12 78 65 76 12 76 60 88 44 55 74 11 80 39 95 83 53 92 7 2 4 66 78 8 87 40 54 3 44 21 84 4 10 2 95 99 81 47 66 25 46 1 59 18 7 73 40 32 39 31 32 99 51 24 11 39 56 82 93 40 16 33 86 57 21 88 28 21 
54 66 6 70 4 42 43 30 85 53 52 41 98 61 89 51 20 48 99 15 90 3 13 48 16 86 43 51 6 47 2 26 79 41 20 38 5 75 10 49 50 80 45 74 13 60 50 32 19 81 65 77 47 72 44 25 97 23 88 89 39 47 80 16 91 86 43 58 51 79 40 27 43 92 48 47 60 20 69 61 32 39 1 53 15 11 72 90 28 100 82 26 67 62 25 99 86 2 25 34 88 33 89 70 6 28 71 8 12 70 46 3 53 36 23 38 98 9 89 21 51 83 58 71 70 70 10 99 
45 14 58 13 59 76 87 9 57 43 57 83 22 35 80 3 65 40 4 85 15 44 45 1 26 2 28 72 52 16 10 71 41 10 22 100 85 91 81 44 92 30 10 84 91 38 84 71 5 72 71 64 76 45 15 12 54 95 22 50 75 35 27 55 83 89 33 79 80 39 88 83 26 10 52 7 52 38 42 80 90 54 58 19 25 16 38 12 55 77 72 39 76 1 79 50 28 94 69 73 86 55 29 24 47 54 9 78 13 31 1 17 70 87 3 10 97 85 46 5 92 19 25 86 79 86 34 49 
48 28 94 82 52 11 35 5 13 27 77 97 76 17 92 91 80 42 46 53 55 73 49 27 53 50 73 99 21 14 26 15 70 20 14 54 39 74 54 57 30 73 7 27 34 98 65 86 63 66 26 77 84 38 26 76 7 84 23 89 24 4 39 49 8 92 30 29 75 34 25 23 34 23 3 66 89 94 57 71 79 98 14 81 8 22 75 89 80 46 48 57 55 18 56 11 99 95 81 36 84 8 50 32 17 83 40 56 29 64 2 71 77 40 25 68 19 59 58 72 27 44 16 63 48 75 5 34 
45 2 91 85 55 33 27 32 82 19 48 44 66 22 86 21 12 48 2 23 89 37 46 72 31 45 28 99 45 69 38 49 74 98 6 88 26 16 5 76 90 42 67 71 53 8 57 62 83 93 55 43 93 84 80 15 21 37 11 2 21 17 70 41 14 29 86 5 52 100 99 79 23 85 55 77 10 23 64 90 97 89 6 55 92 54 3 90 26 100 7 25 77 30 46 65 54 63 6 47 49 51 87 21 3 30 84 56 59 9 33 34 98 20 19 78 40 58 56 98 50 66 35 65 97 74 16 50 
51 37 32 55 38 69 5 43 26 85 46 38 67 94 92 62 4 57 92 64 47 94 11 29 36 54 86 56 48 21 78 77 82 34 6 44 79 27 44 7 9 36 83 56 89 4 4 66 69 47 49 76 25 98 72 100 87 1 18 76 67 33 33 38 6 5 68 79 51 92 14 8 27 11 93 100 31 93 100 31 36 20 65 44 97 64 44 18 48 24 71 3 58 18 76 9 100 57 66 66 75 96 91 83 70 95 23 94 78 7 95 36 59 74 27 91 5 96 6 72 75 97 14 54 65 9 65 77 
37 35 91 63 24 53 10 96 11 45 79 31 7 36 58 24 85 75 7 78 14 95 69 1 85 71 37 76 55 26 15 25 24 97 7 8 95 33 62 68 60 6 78 52 15 96 37 97 16 46 85 8 14 96 11 83 72 58 84 23 40 57 50 14 48 100 24 95 22 28 100 67 60 12 74 71 25 61 20 62 64 76 57 60 19 42 6 36 65 7 45 21 89 40 83 6 95 97 34 60 76 14 53 4 38 40 78 1 44 98 6 96 61 89 89 18 11 56 99 99 52 72 84 92 4 61 75 41 
46 79 95 97 31 22 27 40 33 74 94 63 80 19 78 39 33 95 67 98 33 30 83 88 6 47 33 55 3 51 67 31 73 7 50 100 73 41 24 7 16 91 58 49 74 98 52 81 94 89 77 11 42 28 58 16 73 11 20 19 55 8 27 78 60 27 1 74 5 75 34 33 7 25 42 44 88 69 89 9 75 27 12 84 62 70 86 85 45 31 13 20 41 21 83 12 68 50 22 40 82 13 43 57 3 40 19 65 93 17 72 81 99 18 91 87 44 52 59 60 29 45 68 17 59 16 47 20 
30 42 95 79 100 79 59 18 11 90 42 60 76 71 27 69 46 61 76 25 50 55 69 1 25 63 3 39 79 40 68 72 99 94 68 59 37 40 51 65 45 89 20 100 52 61 19 39 54 73 79 73 52 44 80 60 10 96 98 3 71 67 31 41 87 5 94 99 98 71 58 13 30 50 91 45 65 45 55 35 45 39 78 81 80 23 19 95 38 70 81 33 50 38 89 9 46 15 66 55 32 57 94 74 63 11 65 15 38 20 70 96 99 6 50 22 41 73 47 27 69 96 51 15 34 8 88 25 
28 68 57 23 72 89 69 14 42 25 87 87 98 96 78 18 72 37 82 99 17 77 99 48 81 98 86 51 81 42 29 6 17 69 69 57 16 43 64 77 94 32 51 67 68 73 8 8 28 33 8 90 56 49 8 16 9 79 52 60 79 85 83 32 86 12 26 50 67 38 84 48 47 65 65 83 93 29 54 5 81 60 63 11 82 65 62 45 58 41 51 24 12 63 66 6 58 70 16 91 37 57 21 62 18 56 37 34 75 42 43 15 91 42 37 58 22 55 1 69 24 87 1 34 41 74 88 51 
39 46 98 42 36 48 31 80 46 36 62 65 19 53 24 78 55 100 7 61 64 27 4 27 5 26 51 48 61 18 57 69 10 88 27 98 79 78 5 1 73 45 42 17 10 41 66 59 74 80 66 28 33 57 20 79 78 92 55 86 16 40 2 65 33 64 89 2 66 4 15 81 62 83 10 48 9 52 2 26 83 73 70 54 8 17 92 2 89 69 48 72 69 47 12 68 57 77 11 12 70 72 91 15 23 4 13 6 9 13 16 29 42 21 68 46 39 12 64 100 38 28 67 41 58 52 32 98 
3 12 48 46 20 48 46 76 65 69 17 38 45 50 59 11 98 9 88 58 64 93 62 64 67 53 7 83 98 7 55 56 7 63 72 23 38 36 39 8 4 21 47 99 75 92 52 5 11 97 41 14 33 84 75 62 37 33 19 62 7 27 12 65 55 64 84 54 76 21 47 5 31 87 80 3 45 20 37 66 24 46 90 53 10 26 27 51 75 5 86 47 16 71 20 28 68 86 14 98 88 80 14 84 53 77 33 73 18 86 58 85 46 87 90 13 13 65 37 42 85 78 25 36 79 6 7 99 
85 57 38 79 91 3 59 34 19 55 92 30 51 55 35 77 93 76 38 7 36 90 21 72 71 21 73 81 35 5 65 31 27 77 37 73 33 58 8 46 38 9 84 90 20 79 92 100 23 28 83 74 68 65 44 82 41 31 70 74 99 64 84 10 72 16 83 10 50 42 5 32 82 38 89 11 38 32 63 70 21 52 7 74 12 11 5 61 4 7 8 78 1 76 42 76 94 50 69 22 36 23 12 14 85 45 41 82 18 14 90 22 96 36 22 27 24 28 6 74 32 36 39 34 13 15 2 6 
73 28 64 45 29 66 79 14 61 37 29 65 85 78 37 65 100 74 72 76 15 14 1 44 22 27 36 60 84 11 55 92 96 88 36 15 31 56 26 97 68 73 11 13 32 25 14 36 18 15 33 4 60 97 48 43 82 13 29 97 87 19 52 51 69 10 24 38 96 69 9 35 35 27 55 93 87 73 13 41 14 25 99 46 90 39 44 96 57 38 41 41 44 5 70 96 46 56 65 4 47 71 43 99 15 92 57 43 52 19 87 58 63 58 72 56 41 48 77 22 37 8 15 90 92 59 21 70 
32 76 91 32 42 28 47 82 27 88 53 48 1 4 87 49 49 28 35 41 49 35 44 74 61 48 45 5 53 63 27 82 76 35 76 27 79 82 40 98 55 32 94 78 28 54 48 45 16 12 85 2 4 48 37 21 21 53 19 28 50 29 28 11 7 58 43 5 30 39 32 55 64 83 93 68 55 1 97 69 86 78 20 78 86 22 45 3 81 51 16 57 62 38 78 48 55 62 26 18 47 72 7 6 79 82 55 41 14 14 6 94 4 12 100 25 42 50 16 21 67 17 6 80 59 92 100 27 
88 87 67 26 94 68 36 64 3 49 60 72 7 56 35 61 12 9 38 73 39 6 36 9 68 29 38 39 18 37 41 75 28 37 60 92 47 10 30 26 15 45 51 97 81 77 93 4 71 62 34 57 17 97 56 82 8 1 44 50 90 25 36 71 33 83 10 82 7 10 20 80 26 96 1 55 76 17 22 39 38 84 8 96 95 34 26 75 55 93 69 44 44 24 19 20 46 51 84 56 15 3 45 61 78 68 72 41 69 85 13 41 60 2 99 37 41 92 59 49 53 67 92 11 66 71 79 85 
5 3 85 91 91 55 74 25 75 76 43 25 100 85 43 96 1 74 29 40 21 8 41 12 23 92 28 14 94 63 87 7 74 61 91 79 91 71 6 61 34 99 32 36 39 33 50 2 64 75 96 78 17 6 97 93 76 61 37 99 64 82 33 31 47 87 9 93 13 72 81 20 63 71 84 9 74 2 81 96 95 21 69 62 3 3 11 83 20 40 50 30 18 13 30 80 37 1 32 33 77 19 51 56 63 38 68 48 25 77 81 90 50 4 33 68 97 21 91 62 70 57 59 73 16 32 90 77 
47 38 81 64 52 36 10 52 2 6 98 71 70 59 21 19 52 80 43 63 46 32 24 63 75 28 96 36 9 12 61 33 2 67 57 27 58 68 87 92 86 90 78 45 60 12 17 40 82 20 78 58 18 36 18 96 63 64 91 28 43 57 97 27 5 22 33 31 57 82 55 1 65 25 69 48 89 79 18 9 80 32 26 40 43 89 8 93 72 20 100 90 74 66 88 84 64 44 19 74 40 86 89 79 55 95 84 2 26 15 25 23 79 15 41 35 17 66 7 98 31 93 48 97 77 64 70 17 
79 7 33 14 24 45 91 62 32 99 24 74 60 73 86 72 67 54 5 35 91 6 25 80 99 44 48 82 77 64 9 84 97 79 76 11 64 78 22 33 11 82 71 54 41 70 67 34 16 82 44 3 91 33 64 89 82 23 65 69 35 33 74 100 48 99 57 40 99 98 19 50 49 54 62 53 15 12 5 75 11 41 35 71 60 16 59 7 37 71 61 9 5 83 72 60 49 83 84 5 7 31 28 37 16 49 77 22 47 28 13 64 64 85 77 37 69 73 64 3 19 11 49 26 28 65 53 91 
21 16 46 9 29 50 34 15 65 10 76 65 54 44 69 61 21 60 91 79 67 71 17 81 81 91 39 81 11 67 41 42 80 67 13 83 36 57 12 59 34 53 17 64 64 22 78 52 32 41 52 71 7 79 59 51 2 88 42 23 49 71 17 28 5 13 8 94 96 72 97 91 1 26 14 8 72 97 11 73 33 8 33 97 38 63 15 72 57 25 45 85 30 4 75 87 96 54 54 62 84 91 18 92 12 14 88 66 77 57 54 74 23 100 4 16 2 70 78 27 57 40 77 37 49 43 91 8 
59 62 56 7 23 68 96 28 45 35 69 49 24 84 13 85 39 92 60 29 21 41 55 90 5 38 65 1 72 56 55 28 12 50 70 81 90 45 9 38 98 60 47 50 17 11 1 43 39 93 3 68 49 40 88 76 34 50 55 1 4 18 31 73 95 50 68 86 17 96 36 11 38 81 4 18 59 33 34 89 60 53 67 8 98 77 57 66 30 4 14 89 29 72 63 27 21 22 21 9 36 89 2 99 85 46 91 31 83 88 11 100 66 89 65 52 70 54 59 75 54 74 13 41 13 2 70 11 
33 36 89 99 73 56 91 58 94 98 85 27 38 91 6 67 67 65 86 73 20 70 3 19 95 60 77 35 57 76 24 22 63 67 24 75 93 50 66 100 30 7 50 23 7 87 49 15 57 85 54 81 69 58 5 93 8 1 31 1 27 98 77 58 64 60 29 51 55 85 32 92 85 67 88 90 85 25 74 46 91 2 24 26 35 18 82 68 91 34 4 55 30 30 71 7 53 20 33 70 77 44 40 82 56 32 73 13 84 27 96 21 22 44 60 3 57 61 83 97 32 87 73 13 76 60 12 97 
41 26 33 32 38 19 29 83 23 90 51 64 63 76 100 90 47 100 16 67 45 56 29 72 32 47 60 39 31 61 48 77 1 51 62 100 17 43 64 20 32 68 82 29 70 17 21 61 3 82 79 44 49 8 60 30 73 84 37 96 33 39 30 70 66 26 44 63 20 91 70 65 35 70 57 8 72 40 67 61 98 6 72 48 46 70 60 22 45 10 4 18 49 45 84 18 90 16 88 96 67 77 42 52 3 65 84 18 24 88 91 100 69 65 79 63 67 83 84 7 60 37 47 46 29 66 47 61 
95 30 17 48 91 93 47 90 34 3 41 100 61 58 95 39 56 44 34 33 87 37 95 20 67 83 64 40 83 35 84 90 65 40 3 9 83 78 95 95 60 39 69 70 69 100 25 11 32 46 61 85 65 21 37 21 32 40 47 19 28 87 98 72 70 31 56 16 48 23 30 70 19 65 6 32 42 82 55 32 10 34 11 72 10 71 96 45 5 13 45 80 7 61 29 62 25 1 40 32 52 88 29 76 80 17 12 96 6 90 70 32 4 92 87 2 21 47 87 40 68 54 23 6 95 88 44 72 
95 6 58 69 56 96 33 32 33 78 77 83 98 93 97 9 22 4 97 81 72 90 84 39 62 65 84 83 60 45 33 8 76 38 86 74 95 98 26 27 39 96 81 10 30 93 61 87 54 54 59 73 59 39 42 59 64 48 34 57 47 54 18 59 25 37 78 85 14 63 27 84 96 22 79 93 76 42 43 87 24 54 12 4 14 53 55 96 62 5 49 53 54 58 38 89 97 66 82 61 54 5 57 67 45 70 18 73 86 73 40 70 30 20 99 11 34 69 4 77 8 81 3 59 61 62 84 95 
70 38 89 36 16 31 87 31 52 18 68 58 37 8 17 39 87 100 37 41 14 81 32 46 15 66 6 16 15 45 52 19 11 72 42 22 9 38 17 93 33 94 13 67 62 80 69 99 43 91 81 93 69 55 16 41 44 9 14 92 92 22 67 70 22 26 36 15 64 90 41 86 73 29 32 97 79 7 98 31 18 9 82 22 60 65 91 57 36 29 11 88 43 16 69 92 53 52 7 5 58 35 69 96 56 46 82 94 66 3 8 29 13 88 15 33 63 90 51 4 75 42 31 10 42 14 78 23 
8 31 20 19 39 60 13 63 85 27 30 68 48 46 98 21 46 11 9 33 64 20 34 9 65 40 77 57 16 90 97 6 12 44 31 3 68 8 9 61 58 64 61 53 92 67 100 40 9 56 29 86 32 2 65 100 17 5 4 98 36 57 91 93 7 25 56 37 32 14 55 75 58 9 97 30 94 19 84 44 91 9 93 11 31 98 61 93 24 27 23 41 91 97 16 93 50 94 8 35 92 19 38 10 36 4 92 12 63 47 9 13 19 85 8 80 1 60 31 13 76 74 1 93 4 91 72 45 
24 37 13 23 56 32 47 17 58 97 56 23 7 32 21 8 73 19 46 38 53 24 60 24 41 16 20 74 26 80 86 4 71 100 38 73 7 96 27 48 99 10 100 78 99 18 91 7 91 68 62 16 19 79 83 30 34 36 35 49 46 82 64 6 33 29 66 18 1 72 38 5 74 97 84 67 15 59 67 52 85 8 26 49 42 9 89 35 91 25 62 72 97 86 53 46 53 68 56 93 55 72 87 57 76 71 18 1 15 57 24 17 89 32 34 77 82 43 18 60 50 46 17 12 15 54 25 9 
57 100 2 26 12 8 47 94 60 10 63 1 21 21 53 94 75 66 66 49 46 21 68 6 84 68 1 9 89 86 94 28 36 57 12 92 31 89 37 17 54 89 15 17 40 47 70 48 5 17 26 81 35 7 6 16 11 41 51 85 11 16 98 24 25 58 94 25 54 82 53 18 5 42 92 87 6 75 41 19 47 8 3 34 79 57 74 99 1 48 66 98 16 37 60 33 60 81 9 89 13 65 23 87 97 68 13 36 71 29 9 45 4 7 11 96 70 81 25 93 13 98 64 72 46 10 95 74 
46 17 54 60 77 79 78 30 92 16 31 91 28 63 32 80 64 67 61 42 59 22 49 14 96 83 99 96 26 52 72 64 22 7 88 16 16 74 97 81 72 43 70 64 26 77 15 6 38 50 11 39 33 61 1 71 72 51 64 99 11 98 59 40 71 7 77 42 80 22 73 98 43 56 71 16 30 96 35 34 27 66 20 52 18 16 60 40 8 83 58 90 69 75 33 18 100 1 76 64 99 77 82 97 81 63 65 26 44 73 12 85 4 34 57 29 6 32 44 30 31 45 43 24 38 43 97 42 
92 41 47 61 5 89 34 76 74 10 75 28 81 96 95 37 46 73 98 4 8 58 18 37 52 7 94 56 65 60 5 82 87 12 21 5 6 5 22 100 87 71 35 85 62 61 5 47 44 46 44 76 90 40 83 47 68 56 37 52 73 19 88 56 12 34 60 47 71 93 1 37 100 52 71 49 93 19 61 32 20 80 29 100 1 94 90 21 57 7 95 38 90 90 98 92 95 9 90 9 93 34 56 68 42 34 25 7 88 10 82 78 51 30 34 79 17 19 60 41 69 16 11 60 32 78 39 7 
11 52 66 16 4 23 30 31 51 96 33 75 49 33 17 83 28 89 14 66 9 99 19 71 54 47 11 54 75 32 77 80 15 99 36 96 54 95 13 53 88 44 28 7 18 43 71 20 84 35 17 86 63 33 16 34 88 76 61 98 100 44 63 77 54 58 22 37 85 40 91 100 38 53 53 56 100 41 89 39 84 69 13 31 55 22 64 62 29 51 46 41 45 82 4 7 88 61 12 77 66 95 1 51 62 86 64 27 13 84 49 25 55 95 80 48 79 3 36 18 80 75 22 60 65 71 79 42 
77 40 33 21 72 70 12 6 19 28 50 67 64 90 38 44 12 47 33 95 99 41 50 5 11 57 28 20 25 13 99 70 50 44 13 33 84 80 25 29 72 50 61 54 30 57 9 83 10 16 27 22 43 91 54 91 8 22 78 38 70 86 59 7 44 86 75 55 91 51 67 95 33 98 65 86 1 69 75 71 81 68 70 50 79 82 33 52 83 100 27 89 69 5 25 1 19 42 47 60 49 87 52 73 36 53 77 26 75 69 99 58 84 55 2 36 14 93 52 47 96 100 70 2 76 5 74 3 
80 14 83 76 73 70 40 4 76 55 26 12 48 81 31 4 63 77 25 86 46 82 82 95 18 65 35 65 23 10 79 46 100 43 94 96 26 82 22 20 60 92 14 96 79 58 53 59 44 94 44 75 55 71 35 5 90 9 97 47 66 59 81 67 58 25 2 24 71 83 41 65 65 77 93 32 97 44 44 41 68 36 11 5 31 55 47 100 19 87 51 81 25 56 63 63 83 35 43 84 93 41 66 7 41 60 26 96 26 15 58 88 42 68 69 60 96 1 80 83 93 100 69 4 3 87 84 84 
40 1 39 8 4 19 47 19 60 14 33 48 71 41 50 92 78 98 23 43 61 74 28 32 99 11 71 9 86 99 4 26 74 29 91 21 49 94 12 2 18 67 87 90 46 19 90 32 13 86 32 37 16 28 35 85 53 99 1 43 32 38 43 16 42 92 52 93 69 22 41 31 15 49 61 76 20 64 51 7 79 65 84 30 48 44 20 59 1 16 48 76 100 63 58 16 45 37 76 40 23 24 43 69 34 36 81 99 98 100 59 57 60 51 71 79 48 15 58 47 46 100 80 60 20 84 82 25 
61 20 90 29 48 19 88 50 23 19 100 47 3 22 1 36 88 46 9 11 62 79 8 18 27 28 56 54 10 42 57 3 24 59 49 70 9 32 32 59 33 41 12 87 11 57 72 61 6 88 9 60 16 53 74 15 16 88 84 29 25 65 68 2 52 24 39 80 46 35 46 7 28 24 83 35 82 23 3 22 84 1 27 10 58 42 37 3 71 32 74 33 37 85 70 97 9 55 81 79 2 42 52 45 5 54 6 4 80 14 72 51 29 9 94 82 96 93 48 69 48 5 33 6 10 9 79 3 
15 74 3 96 16 76 60 11 58 37 80 90 29 79 62 76 77 94 49 91 67 96 75 34 24 35 54 65 34 52 51 42 88 24 70 53 54 93 92 100 33 50 83 44 86 64 73 12 86 12 87 35 24 89 86 74 9 2 30 86 10 34 89 9 9 33 90 81 100 69 50 90 62 86 1 47 34 59 5 21 7 10 35 7 3 58 9 93 82 60 75 28 14 74 19 2 74 74 86 83 64 70 19 76 39 79 19 53 17 4 11 49 33 7 53 13 77 65 4 17 43 35 57 8 76 98 1 12 
22 95 9 19 81 37 15 41 60 96 14 11 55 85 18 77 40 98 26 2 80 61 63 75 11 76 6 53 67 21 53 52 50 14 5 75 55 5 31 16 13 30 12 11 52 68 85 79 13 75 76 58 58 48 96 25 75 26 25 51 25 38 4 48 73 92 9 32 83 98 21 32 77 5 88 16 53 74 11 96 33 51 9 12 24 36 12 17 25 62 56 49 70 78 90 8 24 34 73 6 96 7 10 34 83 3 75 7 83 52 46 20 69 78 40 68 70 70 33 41 41 15 52 73 13 89 64 97 
2 28 2 79 50 55 19 21 32 46 43 98 49 11 99 3 78 31 29 6 53 3 14 7 78 97 60 63 95 2 40 70 91 13 51 78 96 72 29 85 26 68 32 32 22 100 82 83 26 75 8 37 15 43 12 65 85 66 92 63 26 87 4 32 41 70 77 45 28 50 34 9 86 5 70 46 90 19 14 60 76 93 91 69 76 54 53 99 55 60 41 78 76 76 48 97 84 87 15 9 93 58 7 88 21 90 28 93 23 73 29 62 90 34 19 67 53 1 34 65 21 90 68 11 54 23 58 50 
81 12 35 100 56 89 79 47 27 80 31 54 27 88 26 25 68 58 86 72 38 51 85 11 61 11 11 36 15 74 89 57 80 41 98 64 29 73 44 1 66 62 43 96 81 53 72 10 79 13 78 76 25 20 71 51 65 76 88 84 53 42 54 34 100 25 11 41 14 47 60 81 57 51 83 26 8 51 3 18 19 42 36 57 92 52 33 96 38 36 58 37 24 50 11 30 62 66 94 2 63 93 15 1 31 2 85 4 47 33 35 14 27 67 12 72 79 91 15 34 45 66 9 86 97 99 79 43 
93 30 90 46 32 84 87 34 64 3 38 94 92 7 90 66 44 5 96 43 74 10 87 7 19 99 38 7 98 27 46 87 89 74 68 29 21 90 67 4 5 88 77 40 26 31 81 73 20 45 98 47 68 65 52 31 45 38 2 87 97 31 35 18 26 32 45 50 69 89 51 48 56 13 94 99 23 38 99 99 85 4 52 4 66 8 92 13 37 31 50 70 39 51 2 50 59 67 24 19 100 89 12 27 73 83 82 21 90 100 86 27 76 67 63 65 20 53 13 79 87 46 60 83 1 38 35 48 
8 11 11 64 81 66 92 29 43 55 70 48 87 96 46 59 8 90 19 6 97 48 53 67 31 50 59 95 2 64 39 2 89 64 48 96 75 9 94 68 61 13 62 29 29 91 44 3 10 54 97 51 63 85 100 43 92 81 86 57 82 61 72 27 2 65 8 67 37 5 94 42 88 8 31 3 80 64 57 38 8 22 23 81 41 41 63 14 65 67 2 86 97 67 92 77 66 6 37 67 14 86 31 10 34 55 22 80 78 73 67 15 55 28 91 43 88 79 84 80 65 78 19 50 6 18 60 13 
83 32 51 37 50 1 23 52 52 49 32 73 60 41 22 77 42 23 15 54 95 37 62 96 52 74 60 88 10 20 73 83 35 92 13 39 37 7 31 70 96 99 83 20 69 35 45 25 36 31 18 49 59 21 63 100 100 83 60 33 65 96 64 97 10 49 51 36 10 99 27 47 12 25 69 69 55 46 94 40 43 12 69 32 53 92 43 84 27 66 82 35 19 17 91 63 14 27 15 98 72 99 35 70 42 40 84 69 76 66 47 12 6 81 6 8 38 22 85 44 43 61 92 52 37 83 75 74 
38 59 40 64 22 16 41 50 85 46 26 58 4 50 70 58 73 96 91 43 90 24 44 3 38 15 68 40 68 94 62 2 21 50 90 19 57 48 42 10 5 97 59 43 77 39 82 56 50 56 58 43 7 2 77 60 29 32 46 68 8 82 10 47 46 79 43 87 92 98 33 69 5 6 48 74 83 85 18 43 19 35 95 40 37 51 51 76 26 66 7 85 26 90 4 84 69 95 27 20 76 76 94 56 94 66 39 88 58 78 31 29 5 63 48 69 70 13 14 38 42 97 28 50 4 88 6 85 
10 4 18 37 1 33 26 20 67 25 1 85 9 49 61 98 19 76 78 83 25 91 96 13 70 77 59 6 97 70 67 34 97 38 67 30 44 92 44 40 35 7 51 10 57 9 95 31 86 2 48 79 57 33 57 49 45 77 12 2 88 52 11 54 8 3 12 56 52 73 31 47 72 54 13 75 69 65 62 31 60 39 8 45 36 1 60 5 62 51 73 3 57 69 48 46 81 33 60 19 73 65 44 22 50 12 57 9 6 48 88 54 32 58 10 74 22 78 38 38 88 38 56 80 84 91 72 13 
40 46 58 87 33 32 28 13 98 88 45 60 32 90 60 58 24 95 67 56 11 99 87 10 92 51 69 28 72 77 44 60 72 87 49 75 46 70 79 8 28 77 18 72 45 82 40 15 56 82 55 99 39 74 30 54 91 69 41 72 36 36 36 75 65 84 89 2 55 26 46 27 10 56 57 68 91 98 50 51 5 92 82 76 72 86 76 32 23 51 61 15 54 97 57 95 89 38 68 6 6 28 2 59 3 98 19 57 48 97 31 80 99 31 17 13 15 68 23 23 24 74 41 55 9 57 87 89 
26 38 91 90 18 90 67 64 47 22 78 41 56 99 15 38 91 84 66 5 51 8 18 80 31 43 97 49 87 96 41 48 94 31 15 33 81 45 14 97 41 82 16 25 58 29 84 87 73 17 84 41 3 35 38 13 42 67 52 75 3 16 57 89 55 56 59 23 27 90 2 84 26 16 37 82 66 51 85 17 29 22 2 5 48 70 98 23 40 8 88 34 17 61 93 65 59 36 28 40 19 42 72 16 100 64 6 85 41 70 22 45 79 50 19 84 29 10 94 59 14 46 52 51 72 31 15 78 
82 20 55 57 75 18 60 92 36 64 47 31 64 53 9 44 25 93 96 44 55 26 88 53 68 82 86 18 75 91 99 16 84 16 36 27 76 18 31 92 22 68 8 84 49 49 59 71 2 28 27 40 33 59 68 65 99 4 82 16 8 43 24 39 1 45 60 69 42 55 45 71 17 18 8 55 57 40 6 70 67 3 5 19 62 99 75 82 17 56 10 22 21 15 8 90 19 3 77 65 39 30 81 15 97 21 27 34 75 83 26 22 32 19 81 67 16 47 100 42 11 24 10 5 89 45 96 80 
8 93 82 94 94 27 78 2 50 71 30 96 8 48 24 87 15 22 35 28 75 51 5 54 18 3 78 84 79 45 56 71 86 27 69 52 4 98 14 93 23 73 93 78 28 55 79 36 7 42 97 60 78 61 98 63 99 64 89 88 47 32 3 35 83 86 69 99 7 69 39 88 88 12 7 69 77 64 47 11 9 33 66 34 19 24 57 75 50 84 47 6 54 58 80 98 37 33 3 56 48 35 63 23 51 51 86 87 55 69 14 23 64 31 25 86 38 62 35 67 78 4 71 95 75 1 57 64 
98 72 18 34 58 15 68 81 60 79 5 41 49 78 8 76 67 29 94 4 57 35 83 60 78 87 64 20 83 44 21 33 71 13 35 99 25 62 30 78 63 8 62 99 84 47 60 18 34 71 83 78 30 31 78 52 70 2 24 6 45 88 83 95 45 20 71 43 93 34 12 22 94 36 69 92 52 98 85 48 25 50 52 11 9 26 13 98 20 33 81 80 29 8 67 24 35 8 43 51 58 16 42 8 58 2 33 35 85 3 89 6 68 83 2 41 31 53 46 88 34 41 45 25 45 26 95 89 
95 79 72 8 39 58 95 17 8 88 38 35 56 96 82 30 79 87 93 8 88 14 64 43 57 51 12 60 18 11 76 72 60 47 73 81 94 87 59 56 83 36 23 97 67 70 28 26 99 97 71 74 66 24 10 36 37 91 72 87 45 64 49 21 9 28 2 29 74 97 10 2 4 97 93 90 10 87 21 48 72 19 10 100 67 41 79 35 12 22 30 17 46 31 6 55 4 4 97 78 72 11 40 32 52 57 52 44 81 47 22 76 69 51 55 24 64 75 68 89 11 89 21 59 7 32 46 72 
38 91 9 100 95 91 55 90 36 27 27 86 35 13 94 96 97 23 54 70 2 72 90 11 82 19 36 56 100 20 20 64 9 72 33 84 42 68 68 37 52 21 86 78 48 57 41 13 84 26 23 47 43 78 11 89 68 48 36 37 35 43 86 57 39 71 29 18 75 18 42 44 39 47 86 1 26 11 5 51 64 47 90 63 70 9 24 33 92 69 66 78 6 21 63 36 74 28 48 17 19 88 94 50 40 48 90 92 99 14 70 81 72 58 11 78 42 83 73 59 14 16 92 50 94 37 43 10 
32 76 97 51 37 10 71 19 55 68 46 52 96 59 21 38 100 1 77 42 98 71 76 47 57 13 75 5 51 93 72 62 54 16 52 22 53 86 56 65 34 25 41 6 40 29 39 24 46 41 91 46 46 16 81 11 97 10 19 87 77 25 59 14 67 61 5 26 54 59 38 86 61 65 95 97 99 96 31 55 24 4 20 62 9 72 8 88 12 20 24 45 6 32 51 83 14 41 22 97 28 90 59 16 64 16 64 20 16 29 56 26 32 66 76 12 64 17 1 90 46 86 26 93 96 26 3 16 
24 46 56 13 23 84 44 28 41 20 88 17 38 32 99 62 83 60 27 66 7 7 60 26 94 1 6 21 1 78 45 73 9 9 46 84 38 4 19 44 26 92 42 56 20 41 65 65 48 77 82 62 1 88 96 52 10 61 79 31 18 90 89 43 37 82 29 55 91 90 1 92 21 8 2 13 100 8 19 69 22 88 74 65 74 99 11 95 20 64 48 6 50 46 83 26 49 5 14 46 97 22 13 42 50 96 17 98 62 42 63 31 68 26 97 9 82 77 80 51 14 11 44 35 51 93 52 88 
17 58 83 40 58 56 48 80 32 52 13 92 54 26 19 94 14 28 21 45 3 69 88 67 55 1 86 30 48 50 65 34 39 88 6 64 93 48 42 7 24 90 47 11 52 83 45 4 26 1 98 4 89 79 72 55 91 48 76 65 86 42 1 38 1 66 26 2 55 30 49 5 74 43 22 77 43 15 40 47 100 33 7 19 63 83 14 61 8 34 69 100 77 86 46 14 58 88 11 11 8 60 12 90 90 72 31 58 37 70 62 34 54 67 81 14 88 33 71 95 40 80 40 69 59 47 9 92 
56 92 98 86 31 80 26 53 24 69 28 22 80 84 6 66 88 85 13 53 98 7 46 29 62 78 71 96 100 44 20 49 57 45 70 65 3 48 76 52 74 6 74 22 26 9 34 67 14 2 62 74 72 43 76 84 76 30 64 18 63 75 61 27 54 91 13 36 71 50 66 88 91 84 15 83 60 94 34 73 79 2 59 50 8 88 75 35 77 23 20 9 92 82 27 33 45 33 31 55 2 98 54 19 19 60 52 40 27 3 26 32 71 60 93 5 36 28 76 15 86 19 22 27 50 17 51 93 
44 16 62 100 26 9 38 16 87 30 67 15 39 44 57 7 94 16 91 14 70 35 41 79 38 95 12 33 97 94 22 84 35 5 99 79 17 37 70 43 73 27 54 40 61 67 51 56 3 71 48 69 62 66 97 58 7 29 27 90 27 9 32 5 46 26 68 76 72 73 74 41 29 60 1 63 67 96 50 30 30 75 41 60 43 40 93 11 67 68 96 6 15 90 1 98 40 61 41 10 18 38 75 6 32 73 68 99 40 21 34 73 50 30 97 32 18 8 80 80 2 35 2 96 1 3 93 30 
53 12 74 4 19 94 33 90 86 85 42 12 28 100 96 21 77 2 79 61 89 27 1 89 51 7 50 11 72 85 58 2 75 61 73 12 95 9 18 40 68 71 36 35 8 11 60 4 97 77 41 49 90 50 57 75 52 98 16 57 12 36 72 3 26 36 3 94 88 80 5 26 40 79 79 80 44 14 67 6 97 49 66 38 40 91 97 98 3 16 24 97 54 48 13 17 44 27 98 31 54 39 66 50 26 98 72 79 70 73 56 44 58 90 34 70 90 13 71 54 67 55 31 59 93 52 43 65 
5 13 24 67 15 29 2 40 10 80 5 79 11 62 11 18 25 80 56 63 85 2 72 55 11 48 8 2 23 63 15 38 35 74 28 42 5 24 94 25 59 59 62 77 42 32 15 8 96 30 3 47 91 89 65 57 63 74 99 18 10 96 47 86 48 66 82 36 93 87 57 73 31 80 24 34 25 75 70 43 10 70 87 61 7 30 8 21 13 56 18 34 1 7 80 78 34 13 85 13 32 23 99 96 41 75 21 24 30 19 56 71 21 13 57 16 19 56 79 92 78 62 39 75 31 89 5 70 
14 84 53 51 12 86 51 61 16 38 69 30 71 2 24 8 51 98 30 38 4 73 16 50 42 58 63 49 46 80 83 2 54 81 42 22 42 96 1 14 95 55 81 77 55 24 56 64 34 85 94 7 55 64 88 58 91 58 59 69 81 1 42 11 100 66 4 99 80 83 92 2 95 46 3 25 14 2 72 82 58 82 90 64 3 95 20 53 58 32 37 40 93 79 68 69 94 16 71 53 26 43 72 91 87 87 87 86 51 71 90 77 70 42 46 100 51 7 28 54 35 65 72 68 96 36 96 24 
4 40 38 1 21 22 36 66 47 27 67 74 46 13 36 70 56 93 81 11 2 77 68 67 44 21 42 1 38 12 44 62 43 11 17 91 65 54 86 32 77 47 27 32 90 68 98 72 48 46 51 93 29 40 1 83 9 14 74 64 11 74 64 44 89 9 38 42 56 22 90 59 35 80 17 8 75 37 56 74 50 19 3 54 58 76 43 98 4 39 75 20 57 56 12 59 62 72 41 79 52 2 50 58 72 31 37 54 40 62 67 28 12 93 90 31 21 27 82 51 51 3 59 46 33 32 37 75 
65 41 73 60 27 59 42 80 92 87 60 24 77 86 45 1 92 5 66 28 85 64 14 70 16 33 7 6 5 21 82 72 10 19 20 80 56 49 88 45 75 11 14 23 53 66 58 18 62 83 5 33 71 84 14 19 59 13 53 89 20 93 49 70 78 52 86 28 99 99 65 9 67 53 38 61 3 51 62 35 97 53 22 15 25 98 36 8 2 23 96 33 23 94 87 49 85 82 42 60 64 27 7 87 28 33 89 65 42 21 38 79 30 95 78 92 63 2 72 51 75 76 17 63 35 36 89 32 
77 72 18 59 64 87 67 72 69 30 62 74 65 53 73 9 52 26 38 59 69 18 40 94 37 4 53 41 47 59 51 18 43 4 85 16 69 79 42 8 35 83 46 24 77 23 87 43 45 79 19 49 34 66 20 88 31 83 74 4 85 6 5 86 46 38 52 58 87 8 30 81 13 2 60 53 91 3 85 83 4 56 37 48 94 77 51 90 80 86 23 76 49 5 45 17 16 18 11 81 66 67 82 11 22 81 2 30 39 57 27 41 40 4 36 53 33 3 55 92 2 87 20 42 37 66 42 28 
63 23 10 70 100 46 87 50 92 19 100 24 2 40 99 48 81 72 52 1 96 36 91 16 52 33 73 100 43 84 52 93 23 32 19 21 81 22 26 58 36 54 47 5 38 85 68 73 90 15 97 29 49 66 41 99 27 69 3 17 44 34 43 54 90 54 23 92 3 27 10 85 12 43 74 57 78 35 69 26 13 74 13 63 89 80 32 52 3 57 17 76 10 37 8 11 57 41 22 58 13 92 40 92 79 88 46 79 85 3 24 15 45 51 18 58 87 71 99 22 91 38 15 60 60 38 53 95 
54 21 58 34 65 91 13 45 2 75 34 93 89 58 63 51 75 33 48 92 21 35 77 4 82 18 57 62 88 62 23 55 75 67 68 67 34 92 86 6 13 70 97 50 35 47 43 4 98 94 94 12 9 27 55 81 33 69 45 98 8 91 43 80 18 96 8 65 95 41 92 5 57 67 37 55 67 72 46 75 37 28 38 5 63 27 96 31 64 83 20 86 69 2 94 98 39 21 16 81 89 26 90 49 93 30 9 84 26 87 5 94 16 37 77 84 90 14 28 52 52 42 41 82 35 54 69 53 
34 57 46 57 1 95 47 55 48 80 91 79 70 55 5 10 24 64 83 29 23 49 20 10 92 31 77 56 60 25 88 12 11 52 75 98 68 30 78 28 20 69 3 94 32 87 39 67 68 51 34 47 35 24 78 99 77 35 28 38 46 13 59 37 34 32 44 86 98 63 42 43 95 96 76 43 68 43 86 44 21 73 57 44 76 56 76 92 31 60 54 12 93 74 11 5 38 45 82 38 94 4 17 94 31 85 90 50 64 88 70 47 34 60 45 22 8 59 25 31 89 86 80 51 96 68 48 99 
84 98 9 100 77 99 84 59 4 31 25 36 35 97 67 28 71 27 62 35 35 8 54 22 72 3 19 71 28 2 55 85 95 41 85 2 52 52 100 71 94 93 21 27 88 67 46 98 21 20 24 53 79 56 61 100 16 50 25 85 95 30 36 63 43 13 69 52 68 61 7 7 20 39 73 10 57 29 46 18 35 74 88 100 10 25 94 39 23 75 68 48 64 37 90 23 44 79 31 24 62 38 21 51 78 94 92 56 79 8 10 78 9 99 36 10 57 4 9 65 20 3 35 68 56 90 91 25 
4 17 87 87 88 43 80 48 39 32 79 17 61 41 65 23 73 59 54 57 18 97 54 50 4 69 78 24 25 45 78 48 54 8 79 29 72 42 99 4 17 22 10 55 52 74 64 95 61 93 76 59 55 20 5 41 23 81 29 30 81 5 88 89 45 26 51 59 6 27 79 49 57 93 44 73 94 46 36 68 5 30 17 13 12 2 15 60 43 75 72 46 86 30 45 21 11 62 44 23 27 43 49 96 94 18 72 98 88 19 32 53 49 93 55 49 41 79 69 22 7 90 23 95 88 88 92 59 
7 54 44 54 47 80 68 44 30 60 72 75 33 70 10 54 79 67 65 6 45 84 41 79 96 26 12 63 34 55 39 75 25 13 47 13 80 45 52 1 73 38 40 27 83 92 40 73 27 72 2 58 52 57 25 92 26 43 35 43 37 46 39 34 25 87 36 80 89 87 78 9 67 77 80 87 81 78 24 93 23 77 87 14 9 60 35 63 55 72 34 74 3 74 33 16 60 61 83 65 60 54 38 32 16 50 21 80 9 46 34 100 20 50 34 39 75 1 79 98 88 85 33 87 6 27 80 22 
19 30 60 87 65 73 67 28 49 97 61 79 51 11 23 94 56 73 86 11 32 32 99 98 79 50 98 44 43 96 15 70 34 78 89 35 91 83 77 34 43 88 11 43 21 68 57 62 36 74 6 77 25 7 8 30 65 32 79 43 28 88 52 90 75 79 42 70 23 36 86 52 94 96 7 69 23 77 48 71 53 32 98 93 93 43 87 1 94 53 82 30 10 43 15 45 48 64 76 17 10 30 76 63 33 49 78 30 31 74 59 88 99 30 1 4 50 24 49 99 51 37 89 62 68 23 8 57 
59 92 82 33 81 49 86 65 1 80 90 32 55 67 93 89 95 47 13 86 49 13 95 13 63 26 67 73 58 7 94 38 76 57 26 13 73 20 85 12 50 87 87 4 78 47 10 82 16 48 72 11 47 86 35 58 18 60 24 19 68 56 69 80 99 23 92 29 25 2 95 92 34 56 1 100 60 24 6 58 67 88 74 54 33 1 26 46 46 40 1 80 98 26 2 82 89 19 79 51 87 9 33 41 17 67 91 93 5 6 26 84 71 59 69 73 94 40 79 34 100 85 33 57 66 75 21 76 
35 10 97 63 36 7 57 13 3 36 55 65 85 75 3 31 93 29 54 57 50 5 6 69 87 99 79 58 99 22 80 64 52 94 1 52 67 53 18 63 45 17 13 79 30 45 60 15 79 25 73 70 28 17 3 44 38 49 53 79 89 77 93 97 62 54 24 82 5 27 53 42 89 2 73 96 100 6 6 75 55 5 32 15 93 30 81 56 68 64 9 99 91 20 5 32 32 53 69 2 48 48 39 26 89 86 85 4 24 59 22 66 16 23 34 45 65 70 57 39 25 24 19 95 54 75 93 60 
84 55 91 86 8 79 92 1 70 90 27 25 12 91 52 63 80 82 20 17 17 6 40 63 62 18 17 72 64 12 93 68 67 81 58 45 23 32 34 96 50 11 45 20 58 69 44 60 35 83 75 59 78 11 92 77 47 36 67 64 85 54 30 44 76 97 64 52 4 70 79 35 14 58 93 94 93 93 93 50 43 12 97 36 52 15 89 49 99 66 18 77 87 51 25 70 46 23 93 27 5 90 6 90 39 68 16 26 74 16 91 40 41 52 100 45 47 84 17 61 100 58 57 84 82 56 15 23 
59 48 88 25 74 26 40 65 84 75 43 45 81 6 87 28 19 40 41 16 67 75 42 91 10 78 65 45 98 52 2 1 43 18 84 79 92 63 95 15 93 57 9 91 15 99 82 8 78 13 51 27 97 49 30 78 74 51 88 54 16 88 60 74 28 95 74 95 36 92 64 25 64 70 48 83 83 9 82 69 91 94 13 97 84 4 11 29 52 1 29 85 10 8 3 46 11 51 72 47 7 70 69 88 12 33 80 60 37 65 100 82 26 72 98 70 99 68 2 36 86 32 76 79 33 41 37 28 
75 41 89 61 41 49 80 87 99 24 78 87 18 77 61 28 96 35 66 87 72 5 62 62 20 93 83 51 17 60 92 96 20 53 39 42 87 6 49 92 41 80 99 75 79 8 44 79 55 95 81 17 68 10 74 83 69 12 74 17 26 74 89 34 40 70 98 75 9 6 48 60 67 96 98 85 4 86 79 11 15 71 59 69 62 96 72 78 41 1 85 50 54 93 92 77 40 34 4 75 10 76 69 18 88 99 35 39 6 55 95 99 24 30 42 55 52 48 46 89 66 93 6 66 1 18 48 64 
77 49 35 100 59 2 44 3 7 82 48 36 84 34 37 65 20 12 97 68 4 73 35 99 57 46 54 61 86 14 97 33 93 39 23 65 24 68 24 46 45 19 77 31 27 68 10 38 14 60 100 34 14 17 95 97 7 43 18 7 70 74 77 45 72 89 30 43 3 32 71 72 71 5 58 7 75 63 82 49 94 49 18 9 74 66 93 35 52 5 91 86 19 33 69 12 43 81 72 17 8 24 58 5 37 85 66 98 100 74 44 20 92 96 55 3 13 13 68 75 75 58 12 80 80 23 26 34 
54 84 89 51 82 17 55 82 30 73 95 9 46 23 34 54 93 40 72 28 18 25 47 85 34 45 35 55 2 18 14 5 4 97 84 14 46 52 37 80 69 85 61 80 53 57 36 41 75 3 41 13 58 56 42 94 26 99 12 54 60 49 32 48 14 67 83 55 65 86 51 49 78 16 4 35 79 9 44 95 93 89 5 34 48 1 88 7 12 50 25 97 19 28 13 8 18 87 81 50 29 19 13 55 52 22 76 22 97 98 76 89 83 73 72 37 24 34 8 27 97 93 35 29 4 62 31 1 
98 57 5 31 70 41 26 19 24 91 8 17 88 85 92 23 99 18 98 54 20 54 72 78 60 71 77 81 5 64 2 6 36 69 90 56 84 47 89 36 47 88 21 22 100 21 29 10 58 26 72 67 70 75 5 98 95 30 79 90 67 8 11 39 6 56 14 39 16 5 66 90 26 64 44 70 5 49 90 21 61 92 46 100 15 88 21 48 27 29 3 96 6 19 3 17 61 22 7 74 31 76 95 22 69 6 55 58 47 67 87 99 1 18 38 81 20 23 14 83 53 82 46 33 98 26 35 68 
10 63 7 97 17 72 32 89 12 100 81 88 36 53 78 77 43 98 25 9 70 90 58 11 40 79 100 72 35 29 43 23 88 2 56 13 77 40 76 66 53 64 78 98 61 60 5 81 9 67 11 88 81 27 20 49 2 16 78 41 74 25 33 18 28 16 15 55 62 32 37 17 96 52 80 36 58 31 22 46 46 26 32 48 84 12 32 82 39 56 78 75 8 98 61 7 53 52 58 1 38 2 73 56 93 27 64 28 17 68 19 55 5 94 15 100 85 99 99 67 68 78 67 50 69 1 30 25 
31 52 90 10 24 65 7 93 6 72 45 23 70 68 4 18 89 30 55 74 14 65 75 66 16 42 70 57 11 6 77 70 18 11 30 45 93 12 30 71 97 26 61 89 81 40 77 87 93 82 19 83 57 91 50 61 14 64 48 4 50 47 84 66 86 52 3 87 23 66 9 57 87 33 59 54 80 17 77 73 80 31 79 20 95 19 25 34 74 51 79 68 64 17 54 82 15 22 38 8 18 28 43 54 41 85 15 87 51 59 83 11 27 6 22 47 100 21 52 62 95 14 49 51 16 30 53 41 
28 75 91 89 20 83 8 98 2 14 100 51 80 88 95 5 18 8 50 10 32 26 53 67 61 50 63 67 63 34 56 81 66 60 84 72 87 83 28 8 71 95 86 69 29 65 68 17 13 9 27 29 42 50 20 22 16 43 48 17 65 45 5 70 10 30 52 63 8 31 55 16 93 76 42 18 61 91 24 37 47 52 77 31 95 94 4 14 22 70 18 35 2 59 62 9 44 87 24 5 75 44 74 94 97 28 43 40 23 58 55 83 71 75 38 78 24 84 97 97 67 58 40 64 21 48 2 96 
54 95 22 65 45 45 18 16 27 15 13 9 42 21 27 5 65 68 74 96 23 8 37 56 71 69 33 89 74 31 48 37 32 36 7 73 3 11 15 41 53 67 20 14 48 87 30 79 55 90 49 93 48 24 16 54 65 23 92 94 82 7 82 36 27 25 100 84 17 33 62 8 20 14 49 96 1 11 26 44 44 56 35 57 38 79 86 99 51 20 40 16 12 98 46 91 36 43 95 57 63 80 71 37 45 81 29 39 72 47 74 60 45 93 98 55 91 100 95 21 48 13 23 78 77 71 88 44 
49 79 18 7 63 62 42 35 62 16 82 18 90 43 13 47 40 16 13 13 67 8 37 19 67 79 22 45 61 61 78 27 67 41 11 8 60 22 51 25 4 34 80 65 34 99 57 92 19 28 26 80 27 81 38 85 6 63 38 81 45 53 61 47 53 94 8 60 84 44 33 16 87 33 65 26 77 67 49 73 60 73 22 42 95 91 68 7 41 18 36 27 10 58 52 15 90 59 71 10 46 9 55 93 56 70 48 32 53 82 59 42 5 71 36 84 13 9 27 60 29 97 14 29 11 16 92 23 
98 39 90 17 49 88 16 18 29 67 100 60 87 17 100 86 61 21 31 66 22 37 61 40 48 2 4 71 68 86 43 33 44 39 70 78 76 74 4 56 61 43 45 59 3 68 87 73 95 61 57 56 91 19 70 7 7 87 8 83 38 59 66 86 43 63 70 29 25 15 74 26 81 24 19 73 77 46 83 16 58 12 26 42 1 94 71 43 98 4 98 23 38 80 34 84 8 30 82 23 4 26 46 74 100 56 69 52 24 90 43 71 71 58 91 84 26 11 66 41 16 29 2 96 21 16 39 81 
5 4 35 18 13 22 59 77 93 6 25 89 17 81 81 3 28 42 61 10 13 88 10 18 26 56 70 5 44 9 74 57 24 17 83 27 2 82 82 4 69 16 36 94 30 34 84 47 75 5 20 45 13 83 99 87 79 59 77 15 15 78 34 51 72 79 76 99 28 67 3 24 82 32 64 26 62 6 40 40 70 43 47 65 22 53 81 33 83 11 91 18 86 84 30 64 7 93 88 69 70 56 25 94 12 61 19 63 92 65 37 63 13 81 21 3 1 49 24 7 59 79 77 74 39 7 71 70 
41 19 41 69 80 14 43 80 93 71 35 47 55 63 61 73 2 76 6 44 14 56 25 13 76 47 46 51 96 29 91 65 72 75 43 19 89 44 15 98 26 40 98 11 45 86 32 49 69 64 74 48 62 39 43 49 85 3 70 10 68 72 30 4 15 68 77 100 78 70 39 59 51 19 44 22 59 33 19 1 20 10 81 60 69 17 2 96 69 89 53 49 43 53 74 51 77 54 37 59 97 30 73 83 35 98 75 89 60 75 72 51 31 16 45 63 30 65 13 64 46 38 47 61 43 88 62 31 
5 79 58 46 36 44 53 26 50 100 81 47 60 75 58 84 30 100 77 20 30 8 85 72 45 17 34 42 87 18 80 20 39 14 34 46 44 60 39 83 65 71 31 42 86 25 63 97 74 58 8 59 69 58 45 68 38 93 52 63 84 94 98 7 29 52 98 81 91 8 14 78 10 56 13 74 27 48 69 35 39 21 88 63 27 13 25 60 51 38 84 20 59 39 8 5 46 57 73 61 30 66 91 36 44 90 83 25 33 78 62 77 97 97 99 27 34 40 14 45 2 8 17 25 22 64 39 68 
17 78 47 35 95 91 56 85 58 21 50 16 89 49 20 15 18 88 79 32 72 22 66 26 29 67 78 46 46 38 16 93 55 48 93 49 88 24 84 83 77 78 41 3 12 55 71 49 100 51 51 19 36 29 49 72 45 19 45 61 8 91 89 59 88 37 2 81 32 59 34 99 83 34 8 32 17 10 86 17 35 31 61 71 87 30 80 9 84 60 71 41 65 88 100 16 23 65 17 21 86 14 98 8 7 20 51 69 99 56 85 3 16 83 76 28 32 71 66 3 96 29 37 8 63 83 69 27 
49 57 12 68 30 46 75 30 3 65 32 100 86 56 36 33 17 61 71 37 11 60 27 34 35 41 54 48 7 71 17 50 45 93 45 6 94 66 27 80 73 17 25 17 81 34 78 38 51 18 13 70 67 27 95 42 92 70 9 12 51 69 100 26 14 82 32 79 95 30 64 53 54 73 24 50 43 13 7 98 88 20 40 64 87 24 17 79 57 61 5 76 19 12 60 49 36 44 42 56 93 25 77 59 55 81 92 68 25 42 17 70 2 1 74 67 71 93 69 13 32 98 1 4 40 9 9 1 
76 18 85 74 34 59 2 34 6 9 66 99 80 32 86 72 16 21 52 56 16 77 75 96 6 39 44 27 22 34 90 5 25 16 52 81 28 10 73 98 14 16 57 54 33 98 89 28 33 75 42 5 27 32 16 53 41 44 10 20 29 81 81 98 64 51 63 91 22 88 30 92 46 31 34 94 38 54 1 35 94 84 84 76 8 76 15 26 7 62 27 61 62 15 31 100 19 56 12 9 70 7 32 64 59 17 26 25 83 45 58 62 76 44 63 16 64 38 7 4 76 99 97 76 70 23 70 18 
86 90 9 74 26 51 86 28 71 73 81 37 96 60 67 80 92 26 34 2 16 48 52 94 2 8 39 37 23 91 48 70 24 85 69 31 19 51 15 88 62 34 25 90 95 46 76 77 93 96 43 66 43 100 23 21 83 20 57 72 100 54 40 35 54 20 35 2 45 23 26 89 26 64 34 95 86 49 98 34 84 35 82 33 12 7 46 34 11 51 94 52 66 29 78 2 90 19 66 47 38 7 1 94 64 10 65 49 72 93 85 97 60 1 78 30 58 23 73 28 78 99 41 21 82 38 73 99 
44 3 37 83 34 49 94 34 11 24 40 25 35 69 7 36 41 14 6 83 37 67 88 56 36 34 50 67 72 100 18 52 6 99 33 25 83 60 88 15 30 75 54 14 44 71 95 98 18 62 68 29 8 75 6 28 75 59 70 7 89 3 53 14 52 52 81 80 73 58 70 87 96 93 11 89 55 8 91 21 8 3 33 54 8 80 66 42 69 42 15 72 50 91 82 92 68 60 61 14 21 41 17 34 42 78 98 94 86 99 9 27 50 2 15 18 10 75 23 41 85 5 76 23 81 79 89 77 
81 53 58 57 6 47 30 22 66 95 76 52 51 34 24 61 82 94 24 99 2 34 64 42 69 74 35 90 21 7 70 21 21 23 100 47 2 96 94 40 25 100 48 53 84 78 52 67 4 36 19 53 52 93 4 6 86 50 85 49 40 15 9 88 31 47 85 34 23 32 3 84 55 32 95 22 67 58 55 30 77 80 10 43 30 66 70 82 8 85 65 2 31 30 26 64 43 100 43 88 18 77 89 19 72 53 11 77 57 22 44 21 10 31 92 36 52 48 22 5 63 21 43 4 1 64 13 48 
81 86 22 31 73 81 50 7 5 12 12 9 88 77 78 70 71 99 12 85 44 25 51 48 52 92 16 88 67 88 48 15 58 3 14 83 91 52 48 43 28 15 48 50 90 85 74 70 11 6 41 87 22 66 18 24 53 27 99 11 98 77 76 83 84 32 55 13 1 67 100 84 56 14 91 23 42 17 44 47 83 52 28 77 2 27 96 45 10 57 1 8 60 57 86 83 38 40 23 66 32 92 56 7 51 24 69 40 91 4 13 21 96 75 73 90 87 69 66 53 26 3 2 71 72 44 53 3 
98 69 23 28 33 44 4 6 41 14 22 98 30 68 38 41 84 36 53 12 82 64 15 23 30 88 82 88 72 83 48 66 82 69 33 74 51 29 67 43 93 62 4 94 62 17 1 56 64 47 27 75 31 2 77 18 1 19 63 62 100 20 97 32 29 26 79 70 20 10 3 97 43 67 50 62 90 43 61 86 57 73 28 60 85 34 50 66 92 81 17 21 36 35 98 85 98 94 59 85 20 37 91 39 3 59 4 65 61 17 73 26 29 1 7 44 1 41 23 11 80 11 41 22 63 74 95 2 
58 44 76 85 85 47 44 22 21 63 60 85 2 52 93 81 57 55 81 45 26 31 19 44 88 21 76 11 65 68 5 79 82 61 27 34 37 18 77 19 1 79 72 13 100 100 83 30 44 28 58 24 74 3 25 31 71 83 98 38 23 60 49 95 70 16 3 9 1 90 26 12 60 11 16 27 13 23 76 15 42 27 99 89 93 16 85 60 57 18 97 20 9 15 28 94 96 54 33 5 71 40 52 93 19 50 75 16 91 4 81 34 78 43 57 24 7 72 79 79 22 61 88 58 53 4 52 76 
15 70 17 51 30 32 89 61 96 55 22 62 17 75 3 69 29 9 83 17 68 98 6 22 39 72 31 50 79 13 51 16 65 56 16 5 52 76 77 18 80 29 61 60 61 42 100 96 34 99 3 36 30 13 83 84 35 70 51 39 20 75 7 37 10 75 51 66 5 90 32 52 64 84 8 70 58 75 73 88 75 54 46 37 17 56 89 16 14 9 11 73 88 26 47 31 15 3 58 25 5 3 17 53 12 19 70 84 68 100 55 40 44 16 52 12 22 75 63 66 82 55 67 42 37 69 48 16 
6 46 40 81 72 18 75 82 67 81 100 67 59 81 44 85 59 20 71 11 72 31 80 24 42 79 100 72 67 73 94 50 7 62 46 54 38 1 13 16 66 85 17 55 12 73 6 9 30 30 30 26 38 100 90 55 48 52 34 91 86 77 84 20 73 15 23 49 62 6 76 72 98 80 11 44 41 97 31 69 98 20 88 9 14 48 49 56 81 88 2 35 14 25 76 18 79 69 79 21 90 41 68 15 3 74 32 18 28 60 32 67 3 47 4 96 18 26 92 71 13 84 88 5 26 100 19 74 
69 89 75 79 40 56 61 76 89 29 52 5 90 29 26 29 85 44 26 55 38 20 96 75 84 12 39 15 56 93 12 85 61 80 37 74 70 21 95 28 43 19 63 71 73 54 65 27 17 99 25 72 51 95 97 37 14 66 10 34 23 2 24 70 35 66 22 85 96 32 11 13 67 77 94 36 13 58 12 3 77 56 24 24 21 72 4 3 44 65 71 81 39 8 41 32 83 78 72 57 77 73 36 43 95 7 11 94 90 35 31 8 31 27 13 16 76 22 72 61 10 46 58 14 40 2 2 40 
25 65 20 75 25 45 33 84 36 45 47 5 92 40 80 93 53 85 18 23 95 6 89 34 32 75 38 100 32 34 23 48 38 16 31 13 14 61 55 60 17 64 59 35 52 62 42 90 60 69 14 88 27 5 3 12 63 61 31 37 55 18 76 33 18 70 73 49 31 37 24 59 97 33 97 25 61 12 66 18 73 10 37 91 28 45 90 55 18 31 90 32 90 19 84 3 37 90 72 84 50 54 45 3 47 45 62 56 30 73 6 4 92 37 40 83 42 68 28 56 90 4 82 81 49 14 48 3 
25 6 64 12 25 56 58 54 89 39 98 99 51 68 35 17 78 94 25 19 72 68 54 60 41 89 38 85 91 1 79 42 100 63 2 79 46 70 68 19 26 23 96 26 82 83 97 79 18 65 10 26 96 88 29 93 48 7 94 29 8 67 79 48 69 28 88 22 7 39 13 22 93 85 95 82 54 65 75 13 88 94 21 2 80 45 82 47 92 96 63 57 72 31 83 47 33 11 37 41 41 44 62 73 81 82 34 91 97 3 84 50 10 7 4 33 49 68 27 19 95 24 66 19 74 96 18 78 
40 154 130 67 170 82 156 111 38 138 140 113 150 40 94 127 37 81 104 172 82 89 153 156 188 58 116 40 52 68 15 127 153 39 36 42 12 111 191 142 75 104 118 121 119 113 139 82 128 83 88 21 89 193 59 99 98 18 82 116 136 24 166 100 14 56 118 47 161 53 74 134 175 96 45 97 144 106 116 115 111 61 77 90 119 131 120 109 71 88 66 41 137 181 66 54 19 69 138 54 149 177 24 66 101 104 61 149 154 100 176 53 92 153 102 98 177 79 68 41 103 101 107 134 125 48 56 121 
154 104 101 75 95 102 107 105 168 120 171 161 153 127 107 141 146 172 142 114 30 156 129 135 141 107 100 52 77 154 95 139 116 134 141 80 76 54 92 140 28 75 134 70 110 69 110 79 103 78 103 116 87 134 141 48 110 79 134 38 37 114 131 108 27 90 109 108 110 84 118 92 113 146 131 43 76 89 66 33 100 83 54 94 104 115 128 115 155 71 119 70 69 130 144 162 113 165 64 82 75 172 119 46 41 76 55 102 42 112 135 55 174 82 131 60 84 86 157 105 65 168 52 123 123 61 134 84 
130 101 180 68 89 39 86 62 102 183 110 157 177 83 13 16 19 104 63 167 87 117 79 108 181 9 101 85 26 137 66 50 58 131 65 144 93 124 125 75 77 82 146 169 56 184 141 112 84 170 87 87 128 128 155 121 43 135 89 120 140 189 143 159 44 100 159 73 70 91 90 71 101 90 101 135 44 84 51 146 104 95 131 130 96 28 147 153 70 96 127 49 126 112 145 127 14 141 99 86 137 106 144 76 104 154 189 122 22 158 83 117 121 100 94 51 132 141 96 86 98 194 59 69 125 100 136 73 
67 75 68 56 142 116 94 156 72 119 135 89 133 118 123 34 169 130 36 106 128 30 76 97 130 174 104 73 4 73 171 106 117 68 89 99 55 84 99 102 58 76 98 145 131 74 122 118 131 98 90 71 61 29 117 15 59 101 129 77 56 135 182 106 60 85 77 67 124 89 126 120 163 42 106 73 19 62 49 152 65 73 19 120 57 91 103 6 81 150 118 129 154 54 32 124 121 30 133 56 45 102 99 27 108 93 111 159 140 87 32 90 141 164 64 168 91 149 33 66 97 167 140 90 92 171 118 57 
170 95 89 142 48 94 137 102 93 119 150 110 50 134 112 97 133 96 143 26 35 102 85 61 54 45 106 90 129 109 107 162 114 141 187 103 122 118 129 132 156 104 109 74 93 94 193 138 76 120 109 30 190 74 102 52 120 141 177 53 122 60 84 99 53 110 123 99 145 152 43 80 109 92 47 156 135 88 127 86 57 117 116 46 139 70 132 169 156 134 123 117 164 185 97 24 142 58 161 150 188 103 32 154 42 39 79 87 110 126 84 67 84 141 94 114 88 117 81 72 130 33 175 65 82 154 94 100 
82 102 39 116 94 32 140 118 153 51 28 188 164 83 117 19 140 83 88 140 70 88 60 79 127 24 97 45 169 113 49 191 165 44 73 92 104 79 139 82 131 88 186 150 101 144 110 32 146 78 92 98 152 116 191 76 124 88 27 160 151 107 106 97 108 132 181 82 117 34 120 33 98 156 154 141 141 152 92 66 130 48 136 53 99 54 170 164 82 112 44 125 80 84 102 155 91 39 77 104 131 104 100 70 126 116 172 103 35 80 147 102 100 97 44 33 38 25 131 79 64 111 122 89 151 69 53 24 
156 107 86 94 137 140 38 47 163 64 115 69 127 148 136 112 110 126 81 154 127 46 151 98 55 86 103 128 70 111 59 174 72 127 96 138 137 140 80 139 91 112 97 163 64 72 151 101 58 190 119 145 140 78 86 137 75 124 117 136 98 118 159 72 153 72 92 96 126 25 140 96 100 58 118 161 83 125 115 119 95 71 142 162 150 128 35 60 127 127 112 123 111 150 121 84 146 159 89 101 52 80 132 63 133 48 37 112 153 147 135 118 125 114 45 121 70 107 158 51 82 150 133 123 125 104 75 102 
111 105 62 156 102 118 47 18 44 117 109 140 122 80 74 43 160 94 149 89 48 100 112 91 136 130 98 87 90 140 114 138 141 85 99 125 172 111 53 33 114 115 89 142 65 148 108 145 61 47 142 68 80 40 50 135 95 127 155 103 135 85 175 91 118 71 38 60 174 131 74 133 15 88 56 118 103 46 104 139 131 86 79 124 7 109 133 140 165 35 105 62 72 119 183 106 72 84 101 70 154 136 78 147 141 50 104 115 144 136 175 82 186 100 122 116 110 100 116 187 118 48 103 122 118 64 139 102 
38 168 102 72 93 153 163 44 148 122 36 140 94 58 136 97 108 107 85 135 41 63 77 95 66 38 71 39 198 122 142 82 37 146 3 137 141 67 84 55 94 164 87 17 138 93 139 168 75 163 161 70 98 128 78 35 120 23 38 106 23 32 30 137 94 98 119 106 176 140 123 79 90 118 53 120 72 94 45 90 97 109 118 159 154 50 52 142 100 167 157 76 76 91 163 89 137 95 126 126 59 78 167 86 130 104 39 79 127 133 34 79 67 54 117 42 113 72 88 56 93 134 162 46 127 146 99 95 
138 120 183 119 119 51 64 117 122 78 152 97 131 131 30 70 107 146 46 153 69 139 102 131 69 151 77 79 75 80 91 83 57 126 87 85 101 134 147 142 83 132 69 67 65 131 183 144 102 105 147 68 79 123 140 183 45 81 117 142 126 83 129 119 145 152 135 64 149 176 119 105 129 171 176 112 88 67 91 84 77 146 115 134 177 164 130 28 30 112 105 87 56 89 194 35 103 104 145 32 133 51 133 124 102 183 107 68 156 109 108 77 124 41 133 26 123 111 58 58 76 130 36 90 119 66 127 90 
140 171 110 135 150 28 115 109 36 152 196 68 52 94 84 62 144 69 8 119 90 113 57 44 70 88 88 155 76 152 71 90 122 102 91 33 100 103 100 137 59 90 107 123 149 108 139 140 99 145 52 189 155 152 155 88 150 76 129 135 125 155 76 155 95 49 104 70 74 43 65 50 83 164 74 124 89 102 10 180 103 86 183 72 137 129 74 134 169 175 99 157 150 88 122 145 130 116 97 85 55 66 159 84 62 107 82 120 109 95 139 132 81 140 79 41 42 126 162 140 98 74 171 90 146 124 17 159 
113 161 157 89 110 188 69 140 140 97 68 192 13 164 25 122 48 83 170 93 51 145 42 79 109 140 112 107 169 148 29 92 41 63 122 158 89 159 25 82 165 126 147 124 116 173 156 48 53 90 159 130 116 97 185 85 25 60 82 114 131 55 118 78 74 28 120 98 152 151 77 153 128 110 118 101 28 88 120 87 125 19 115 119 13 52 95 62 171 142 86 95 29 101 111 76 104 34 84 55 63 67 134 86 146 129 58 174 61 199 164 185 60 158 123 175 145 156 154 33 120 77 21 101 171 109 49 57 
150 153 177 133 50 164 127 122 94 131 52 13 38 95 30 92 113 83 94 90 132 125 86 115 192 45 60 69 96 127 143 161 128 135 129 91 160 109 59 118 103 150 169 24 71 45 77 84 83 92 40 115 122 145 40 150 149 88 103 103 180 97 146 112 77 25 110 101 153 95 65 39 136 54 154 77 159 93 37 99 79 119 47 127 143 104 121 67 91 97 87 150 139 53 81 61 51 111 127 101 86 91 121 187 40 104 126 100 139 75 99 116 89 89 64 89 81 84 47 110 63 146 71 105 132 86 99 146 
40 127 83 118 134 83 148 80 58 131 94 164 95 84 61 174 112 96 97 73 170 72 9 103 89 23 12 70 105 106 121 154 33 92 135 45 147 125 101 83 159 148 101 89 89 79 44 119 152 199 32 95 90 117 79 59 146 99 116 78 182 147 98 77 121 118 144 18 51 54 163 79 149 107 68 121 166 53 118 168 125 67 47 165 135 121 95 58 169 55 121 53 162 86 106 76 44 145 115 95 41 126 120 116 87 39 132 20 62 85 163 59 121 112 30 144 58 58 119 98 137 88 54 89 130 189 80 112 
94 107 13 123 112 117 136 74 136 30 84 25 30 61 110 120 151 42 169 74 81 74 61 186 119 102 111 89 149 88 84 129 64 118 103 145 142 103 110 125 105 90 127 175 116 98 124 67 68 102 45 110 78 74 116 71 78 67 51 91 83 49 96 155 96 180 24 104 118 31 174 76 22 68 76 59 149 54 112 132 146 103 126 52 171 96 126 119 114 49 37 96 38 80 48 96 124 96 55 105 145 101 118 158 176 83 151 98 157 47 139 127 67 146 99 101 72 107 118 131 99 140 100 33 78 159 102 109 
127 141 16 34 97 19 112 43 97 70 62 122 92 174 120 6 134 105 123 98 54 72 74 45 128 72 16 100 150 40 108 110 138 157 46 116 117 72 65 156 179 95 142 70 114 36 56 180 80 52 131 166 169 145 122 83 86 43 159 156 101 115 144 58 120 94 75 94 67 90 63 127 36 73 132 102 105 93 45 125 73 120 160 95 68 161 122 174 183 60 95 112 62 79 93 165 124 79 75 169 56 66 187 68 66 121 90 186 82 110 13 62 127 102 128 120 175 96 133 82 46 124 72 175 159 155 103 190 
37 146 19 169 133 140 110 160 108 107 144 48 113 112 151 134 2 191 111 80 179 162 60 22 74 134 120 97 61 91 12 16 133 115 167 129 128 160 128 55 105 76 65 58 95 86 92 81 191 111 142 161 185 97 152 136 122 109 144 59 55 126 160 138 106 31 102 168 83 88 134 106 46 100 88 126 31 173 132 148 110 100 49 68 114 93 111 151 138 134 106 65 155 55 49 115 117 138 172 99 35 176 167 94 110 100 85 113 121 111 86 154 105 148 95 113 94 137 104 115 84 136 59 81 167 29 73 45 
81 172 104 130 96 83 126 94 107 146 69 83 83 96 42 105 191 134 60 40 156 89 71 182 31 33 139 125 52 43 100 128 124 131 106 142 41 59 61 32 51 136 135 63 108 152 84 104 121 100 77 80 64 141 67 128 106 121 93 105 79 170 64 72 128 82 123 129 82 153 93 85 40 160 154 109 177 122 54 142 71 67 164 76 99 82 178 152 118 107 98 99 104 76 40 120 114 44 189 151 135 53 110 123 33 99 139 52 131 110 102 135 82 179 103 190 45 71 94 95 90 100 73 103 92 96 131 85 
104 142 63 36 143 88 81 149 85 46 8 170 94 97 169 123 111 60 90 92 109 101 78 123 119 139 120 141 30 108 26 106 79 113 121 80 40 93 175 64 166 149 93 76 131 147 146 66 139 114 63 188 154 135 180 149 82 166 87 85 132 66 134 76 168 180 164 84 111 50 88 65 79 42 75 54 74 123 98 97 101 141 44 91 115 55 192 145 168 108 58 124 163 198 150 49 111 104 65 85 155 74 135 60 100 80 106 74 159 96 93 85 64 96 57 71 142 87 109 34 177 127 81 68 181 102 168 171 
172 114 167 106 26 140 154 89 135 153 119 93 90 73 74 98 80 40 92 104 125 134 99 87 178 172 125 168 40 113 139 131 143 134 54 129 179 94 91 63 96 154 40 166 132 110 154 88 58 129 63 115 68 131 120 136 105 139 83 105 102 22 56 151 174 107 154 117 120 87 65 123 132 66 96 55 148 100 104 101 34 164 23 106 57 135 145 133 27 100 63 96 115 122 135 130 78 152 104 105 105 99 84 52 62 102 173 105 94 91 66 72 95 113 172 123 120 160 51 123 137 158 10 151 45 96 77 155 
82 30 87 128 35 70 127 48 41 69 90 51 132 170 81 54 179 156 109 125 154 54 62 129 34 53 80 125 133 141 38 103 133 87 119 80 70 146 78 153 98 65 80 57 139 134 96 13 74 105 58 124 45 66 135 112 116 27 155 135 152 63 89 95 92 51 113 127 91 54 150 104 103 81 54 133 140 83 75 27 98 114 109 197 179 74 115 30 115 85 54 111 44 43 97 168 90 64 155 100 127 75 81 160 59 69 75 89 140 181 96 117 115 168 61 70 90 69 102 122 76 65 74 84 123 116 76 55 
89 156 117 30 102 88 46 100 63 139 113 145 125 72 74 72 162 89 101 134 54 52 118 27 89 120 40 53 87 110 94 36 102 105 54 40 157 131 119 46 49 125 50 27 48 106 89 60 146 122 129 178 111 46 71 84 108 39 127 148 38 85 73 58 120 90 56 137 123 105 79 91 122 137 157 110 119 154 46 146 18 92 43 81 134 95 114 103 127 55 70 55 144 64 149 50 150 135 149 91 122 181 97 86 109 48 103 111 102 95 89 157 48 72 79 81 54 12 97 152 46 59 164 134 81 44 44 161 
153 129 79 76 85 60 151 112 77 102 57 42 86 9 61 74 60 71 78 99 62 118 122 59 123 106 48 36 89 54 120 89 94 129 172 172 161 120 72 54 77 15 141 74 83 30 193 99 92 49 187 125 119 129 144 118 123 192 88 120 45 112 60 183 95 162 99 110 45 78 45 130 58 38 183 110 26 117 27 18 66 55 113 49 188 121 149 38 122 87 101 133 171 115 52 89 78 79 164 42 126 168 162 83 74 14 103 121 144 88 177 129 52 119 135 156 53 89 178 100 69 31 54 74 146 28 115 145 
156 135 108 97 61 79 98 91 95 131 44 79 115 103 186 45 22 182 123 87 129 27 59 6 110 145 159 75 131 53 126 89 49 123 53 53 175 53 139 96 111 128 64 95 48 134 126 146 169 185 186 126 140 134 98 169 159 168 75 113 55 6 156 57 110 161 126 81 58 84 144 86 79 108 131 86 96 52 57 174 87 125 122 146 93 148 199 33 110 72 76 46 135 19 90 50 161 127 122 98 63 80 101 109 36 115 132 172 46 119 93 107 167 60 81 78 71 50 13 162 106 153 51 110 132 106 107 119 
188 141 181 130 54 127 55 136 66 69 70 109 192 89 119 128 74 31 119 178 34 89 123 110 42 182 98 141 123 133 128 128 120 137 138 129 116 9 31 159 74 150 25 81 66 122 78 84 101 36 100 156 77 95 117 139 91 163 82 127 140 112 87 98 90 109 48 119 140 79 161 165 103 62 130 91 101 136 87 46 131 59 53 199 126 123 74 88 127 148 110 93 126 61 130 167 76 45 70 93 60 98 108 136 98 63 125 147 97 61 142 66 50 92 59 85 169 87 64 124 133 59 56 40 149 34 123 132 
58 107 9 174 45 24 86 130 38 151 88 140 45 23 102 72 134 33 139 172 53 120 106 145 182 196 71 133 174 123 125 111 77 159 75 122 45 42 110 89 79 155 111 104 128 78 136 115 83 127 105 97 92 95 50 50 64 94 105 103 105 104 103 80 127 150 103 158 122 140 84 146 48 63 179 167 153 140 94 11 30 109 120 137 31 76 25 129 142 89 86 89 84 155 47 109 40 110 52 51 69 169 106 125 112 113 139 152 170 79 35 64 128 120 15 127 124 83 189 110 116 50 192 71 59 43 140 106 
116 100 101 104 106 97 103 98 71 77 88 112 60 12 111 16 120 139 120 125 80 40 48 159 98 71 148 70 104 94 169 110 158 120 186 42 43 93 94 130 91 96 182 72 85 54 116 93 149 191 125 96 126 60 88 109 135 180 87 72 92 112 157 54 86 153 72 67 36 86 169 101 101 72 95 75 107 112 162 97 69 115 22 32 165 33 78 188 86 123 88 168 89 33 82 139 110 107 90 153 82 88 136 98 144 136 76 65 141 66 52 83 183 123 41 130 65 121 86 98 153 123 133 159 46 96 21 73 
40 52 85 73 90 45 128 87 39 79 155 107 69 70 89 100 97 125 141 168 125 53 36 75 141 133 70 26 81 73 46 155 99 163 163 63 103 78 57 141 85 98 152 116 98 128 179 7 81 75 176 63 52 12 124 135 124 118 112 107 169 148 71 113 16 63 58 102 91 107 149 63 104 79 114 145 172 68 28 109 93 109 153 86 92 108 189 16 102 81 108 102 154 152 178 123 79 147 138 111 131 86 62 114 71 94 106 81 119 110 96 69 82 130 40 77 178 54 42 180 128 149 71 38 97 55 70 134 
52 77 26 4 129 169 70 90 198 75 76 169 96 105 149 150 61 52 30 40 133 87 89 131 123 174 104 81 64 159 103 143 106 26 80 78 5 65 181 137 83 70 111 154 54 19 118 61 127 82 173 127 75 104 118 58 148 106 85 72 67 69 122 52 50 185 98 93 57 138 132 57 160 127 87 119 122 60 78 163 130 29 90 97 96 48 89 59 121 84 124 68 125 52 90 161 104 52 140 52 102 43 64 88 82 104 88 142 109 62 87 66 108 105 111 175 149 172 130 88 162 178 168 153 91 87 66 88 
68 154 137 73 109 113 111 140 122 80 152 148 127 106 88 40 91 43 108 113 141 110 54 53 133 123 94 73 159 176 69 94 63 96 78 169 80 103 96 95 34 107 52 59 167 58 60 104 76 121 156 117 125 83 23 192 102 29 102 77 188 81 80 115 138 183 105 58 46 88 154 83 29 62 93 132 101 46 53 135 171 94 146 93 24 87 131 73 78 92 123 96 155 128 83 105 68 28 63 89 179 115 76 117 144 109 101 107 93 105 70 83 155 84 126 51 49 108 67 93 122 79 46 75 142 93 104 45 
15 95 66 171 107 49 59 114 142 91 71 29 143 121 84 108 12 100 26 139 38 94 120 126 128 125 169 46 103 69 24 127 55 34 108 50 95 145 103 71 110 114 134 95 140 111 97 113 52 23 136 61 134 150 97 73 79 156 80 70 99 173 74 56 182 101 133 112 43 107 136 133 156 145 162 86 84 69 51 63 27 72 83 107 140 130 45 114 96 75 113 101 44 116 109 82 64 154 24 142 34 148 134 110 90 35 85 38 61 119 123 32 129 122 181 126 12 92 144 138 145 176 75 101 123 146 167 79 
127 139 50 106 162 191 174 138 82 83 90 92 161 154 129 110 16 128 106 131 103 36 89 89 128 111 110 155 143 94 127 148 77 94 109 60 101 165 79 117 15 130 65 94 57 105 82 168 141 61 15 97 125 103 51 129 38 112 143 127 99 138 108 63 89 97 103 21 114 58 144 140 107 84 170 129 149 192 89 118 131 74 28 68 36 78 179 108 151 114 114 111 44 107 102 85 162 127 169 113 140 106 102 38 91 120 75 100 109 69 64 101 18 105 100 78 146 75 96 65 82 159 145 139 187 193 100 194 
153 116 58 117 114 165 72 141 37 57 122 41 128 33 64 138 133 124 79 143 133 102 94 49 120 77 158 99 106 63 55 77 164 29 43 59 95 43 101 88 78 154 123 72 58 9 97 63 142 111 76 191 122 106 106 88 119 76 191 152 89 88 117 118 177 111 71 53 133 98 121 103 40 152 109 103 91 47 80 125 78 85 96 39 53 73 167 130 34 109 143 150 106 174 48 73 94 131 165 36 98 68 133 104 181 58 41 97 95 45 62 106 181 71 118 112 101 91 165 97 171 45 82 182 98 99 99 50 
39 134 131 68 141 44 127 85 146 126 102 63 135 92 118 157 115 131 113 134 87 105 129 123 137 159 120 163 26 96 34 94 29 42 73 160 74 102 72 130 176 168 148 155 80 79 79 85 60 52 54 126 92 101 39 116 101 105 56 135 119 89 69 109 119 85 127 109 19 118 125 142 88 114 70 196 115 99 72 123 34 110 83 73 73 103 108 156 101 113 69 58 121 20 180 38 115 72 136 77 105 102 155 66 95 145 128 135 134 154 129 44 35 86 101 104 90 137 81 184 118 119 115 32 83 67 173 112 
36 141 65 89 187 73 96 99 3 87 91 122 129 135 103 46 167 106 121 54 119 54 172 53 138 75 186 163 80 78 108 109 43 73 190 150 151 93 105 88 98 105 34 185 117 22 86 110 40 101 80 97 102 169 157 27 113 46 133 118 57 95 69 65 106 150 3 126 186 27 179 75 130 147 51 116 102 92 62 57 85 34 53 147 16 91 121 120 111 32 100 162 55 102 89 180 63 92 134 65 190 152 61 76 10 152 97 49 104 154 126 69 180 132 100 164 92 91 69 73 140 64 141 112 125 170 82 96 
42 80 144 99 103 92 138 125 137 85 33 158 91 45 145 116 129 142 80 129 80 40 172 53 129 122 42 63 78 169 50 60 59 160 150 94 55 140 95 99 103 107 64 121 32 77 95 71 84 69 103 97 112 61 53 41 182 25 102 60 29 99 105 78 63 94 74 104 44 87 149 184 59 140 121 52 116 108 28 41 30 125 130 136 43 35 122 119 78 120 56 21 109 118 52 150 144 21 95 133 102 105 15 136 98 73 100 73 17 88 90 130 64 31 140 93 75 64 155 126 129 49 155 64 88 132 50 49 
12 76 93 55 122 104 137 172 141 101 100 89 160 147 142 117 128 41 40 179 70 157 161 175 116 45 43 103 5 80 95 101 95 74 151 55 52 119 63 51 126 110 169 121 89 91 68 134 140 112 141 102 159 75 118 81 83 100 126 173 66 89 87 154 136 121 67 86 20 6 123 74 101 77 77 103 55 60 150 129 125 100 60 159 71 44 92 68 88 56 90 135 146 98 177 84 70 94 141 130 140 144 65 188 84 59 114 94 99 54 111 133 72 98 43 117 101 56 112 101 104 164 72 167 139 119 11 73 
111 54 124 84 118 79 140 111 67 134 103 159 109 125 103 72 160 59 93 94 146 131 120 53 9 42 93 78 65 103 145 165 43 102 93 140 119 12 104 95 119 132 98 98 56 147 88 67 117 109 172 165 157 144 137 103 106 102 100 58 100 48 106 85 44 47 109 87 126 51 63 78 54 54 67 43 96 102 75 166 89 93 144 112 38 133 40 186 35 39 129 114 106 48 112 40 142 96 105 116 34 179 131 70 108 59 103 139 137 78 149 19 143 79 93 153 171 105 65 92 50 150 144 196 168 60 141 113 
191 92 125 99 129 139 80 53 84 147 100 25 59 101 110 65 128 61 175 91 78 119 72 139 31 110 94 57 181 96 103 79 101 72 105 95 63 104 140 77 107 43 100 33 46 92 137 73 70 97 160 32 94 180 131 110 66 128 110 129 65 139 151 118 90 130 78 77 72 94 110 90 112 75 127 92 64 101 127 90 43 33 174 92 154 142 98 154 74 107 111 44 97 46 165 170 77 51 73 96 155 123 113 152 29 45 67 51 162 192 126 61 56 85 161 91 61 67 49 88 58 91 42 88 50 80 59 144 
142 140 75 102 132 82 139 33 55 142 137 82 118 83 125 156 55 32 64 63 153 46 54 96 159 89 130 141 137 95 71 117 88 130 88 99 51 95 77 26 40 127 115 120 76 160 107 135 123 105 80 46 114 188 126 103 88 128 43 120 90 130 101 75 17 104 112 91 85 69 117 76 170 54 40 95 137 116 25 88 77 161 137 153 44 66 103 146 109 19 44 134 49 78 133 66 50 112 152 184 152 127 119 123 151 170 116 86 172 104 116 101 71 89 45 11 33 157 146 68 28 38 97 65 157 132 100 78 
75 28 77 58 156 131 91 114 94 83 59 165 103 159 105 179 105 51 166 96 98 49 77 111 74 79 91 85 83 34 110 15 78 176 98 103 126 119 107 40 16 137 99 52 100 143 182 88 82 101 43 137 106 96 98 124 144 12 185 103 58 89 95 146 123 147 131 149 118 190 156 131 145 120 154 81 47 128 93 116 54 79 16 52 116 53 140 66 14 177 76 147 171 108 122 81 109 162 179 153 149 104 62 120 101 148 80 143 66 78 182 51 157 75 35 86 121 44 27 61 124 151 70 136 125 114 6 107 
104 75 82 76 104 88 112 115 164 132 90 126 150 148 90 95 76 136 149 154 65 125 15 128 150 155 96 98 70 107 114 130 154 168 105 107 110 132 43 127 137 136 168 64 73 150 74 99 83 144 41 98 57 73 99 32 140 89 137 62 145 75 84 50 23 46 108 48 88 17 177 140 99 102 115 143 140 166 86 59 188 97 19 119 67 89 155 31 182 63 166 92 183 124 116 112 100 114 83 81 75 148 180 86 98 129 146 29 81 69 127 109 102 133 108 74 180 61 62 84 78 13 131 159 110 112 132 127 
118 134 146 98 109 186 97 89 87 69 107 147 169 101 127 142 65 135 93 40 80 50 141 64 25 111 182 152 111 52 134 65 123 148 34 64 169 98 100 115 99 168 66 60 122 73 161 158 61 110 114 53 98 106 30 148 138 172 24 127 166 92 77 95 155 181 146 187 65 110 104 54 40 127 163 97 191 29 98 58 160 110 127 178 65 148 147 80 87 61 96 151 42 160 125 60 159 83 89 129 104 22 33 21 96 21 106 92 74 85 85 81 27 126 43 104 155 131 136 55 177 75 120 84 61 60 114 144 
121 70 169 145 74 150 163 142 17 67 123 124 24 89 175 70 58 63 76 166 57 27 74 95 81 104 72 116 154 59 95 94 72 155 185 121 121 98 33 120 52 64 60 108 74 63 46 73 128 71 131 123 119 83 101 71 165 99 83 69 80 72 150 75 69 31 28 145 154 70 98 117 91 28 51 124 103 99 11 72 76 132 138 91 76 46 157 110 82 110 191 71 111 88 131 71 65 140 100 179 150 67 46 133 102 59 69 145 98 83 120 170 32 64 151 153 61 45 70 35 99 52 44 100 111 94 69 62 
119 110 56 131 93 101 64 65 138 65 149 116 71 89 116 114 95 108 131 132 139 48 83 48 66 128 85 98 54 167 140 57 58 80 117 32 89 56 46 76 100 73 122 74 72 50 46 146 60 107 71 20 50 51 164 88 41 128 38 110 84 104 93 59 103 155 53 185 97 72 61 102 34 87 132 96 52 89 83 84 15 105 140 151 146 167 131 81 127 33 98 139 93 65 72 116 159 44 94 39 133 83 133 107 47 104 90 109 156 125 92 153 144 119 126 82 88 53 157 192 97 87 102 146 135 119 77 157 
113 69 184 74 94 144 72 148 93 131 108 173 45 79 98 36 86 152 147 110 134 106 30 134 122 78 54 128 19 58 111 105 9 79 22 77 91 147 92 160 143 150 73 63 50 178 75 68 137 112 77 161 75 52 42 84 123 82 149 36 140 109 76 47 167 130 32 129 131 183 17 126 28 101 177 87 148 109 92 79 177 110 123 87 73 103 117 113 129 107 75 140 157 120 57 116 117 166 63 169 49 57 128 49 16 110 64 125 96 142 119 127 138 128 106 20 151 69 24 54 53 43 72 96 101 71 70 35 
139 110 141 122 193 110 151 108 139 183 139 156 77 44 124 56 92 84 146 154 96 89 193 126 78 136 116 179 118 60 97 82 97 79 86 95 68 88 137 107 182 74 161 46 46 75 60 106 87 148 140 100 171 120 89 68 101 119 90 122 85 103 74 103 142 65 79 135 165 146 132 130 73 41 39 122 147 94 86 188 104 168 67 87 176 151 84 157 106 88 104 100 90 150 151 105 118 79 115 110 193 30 109 74 108 143 66 143 178 15 75 99 113 106 37 17 145 150 76 156 116 47 114 95 190 139 110 97 
82 79 112 118 138 32 101 145 168 144 140 48 84 119 67 180 81 104 66 88 13 60 99 146 84 115 93 7 61 104 113 168 63 85 110 71 134 67 73 135 88 99 158 73 146 68 106 160 95 91 148 38 136 39 123 93 151 55 84 65 151 71 105 94 91 80 27 133 67 43 115 100 45 136 48 67 125 67 102 123 101 36 26 124 137 102 179 120 40 120 110 188 124 88 109 147 55 55 51 191 69 116 167 74 79 168 124 23 38 149 119 110 25 133 140 87 64 102 84 155 91 145 71 112 109 119 55 58 
128 103 84 131 76 146 58 61 75 102 99 53 83 152 68 80 191 121 139 58 74 146 92 169 101 83 149 81 127 76 52 141 142 60 40 84 140 117 70 123 82 83 61 128 60 137 87 95 36 124 70 144 32 162 138 76 147 196 115 109 81 114 55 71 124 46 100 147 93 77 107 118 81 130 38 108 187 138 44 132 80 58 180 142 121 124 95 32 158 156 110 159 18 134 141 167 124 163 131 136 69 73 64 31 118 51 15 142 106 27 53 102 163 142 152 55 174 60 138 144 45 20 124 100 28 175 133 38 
83 78 170 98 120 78 190 47 163 105 145 90 92 199 102 52 111 100 114 129 105 122 49 185 36 127 191 75 82 121 23 61 111 52 101 69 112 109 97 105 101 144 110 71 107 112 148 91 124 186 98 81 130 105 117 86 57 28 80 152 78 110 98 114 100 156 86 79 42 130 68 39 86 149 189 105 40 66 129 53 47 73 75 67 126 23 30 45 163 133 118 116 61 108 115 138 125 166 153 136 68 114 71 81 108 72 92 120 19 120 164 170 27 188 133 153 59 151 157 94 166 92 107 195 113 34 119 12 
88 103 87 90 109 92 119 142 161 147 52 159 40 32 45 131 142 77 63 63 58 129 187 186 100 105 125 176 173 156 136 15 76 54 80 103 141 172 160 80 43 41 114 131 71 77 140 148 70 98 80 157 43 112 82 26 73 189 93 104 54 135 72 38 82 84 88 94 141 135 30 170 117 105 79 137 103 105 141 96 126 115 132 71 123 5 101 143 162 109 159 107 69 101 70 80 117 115 92 70 66 114 88 56 42 129 105 136 85 26 167 124 99 41 89 37 163 74 157 112 132 97 21 169 101 114 108 24 
21 116 87 71 30 98 145 68 70 68 189 130 115 95 110 166 161 80 188 115 124 178 125 126 156 97 96 63 127 117 61 97 191 126 97 97 102 165 32 46 137 98 53 123 20 161 100 38 144 81 157 36 165 95 155 25 108 111 122 91 59 63 120 126 106 115 101 142 41 175 89 78 104 93 183 152 66 78 100 78 75 157 52 112 157 101 41 121 127 115 68 91 111 27 110 75 116 172 91 180 43 133 117 123 160 81 46 110 101 171 116 155 153 123 68 133 102 34 136 126 96 49 96 70 85 61 103 137 
89 87 128 61 190 152 140 80 98 79 155 116 122 90 78 169 185 64 154 68 45 111 119 140 77 92 126 52 75 125 134 125 122 92 102 112 159 157 94 114 106 57 98 119 50 75 171 136 32 130 43 165 104 47 108 92 151 85 107 62 56 146 95 158 99 182 130 133 51 130 95 122 191 137 85 131 152 55 46 37 36 124 124 127 39 68 104 123 64 177 96 140 70 69 63 77 17 136 125 86 128 121 115 152 114 112 155 121 70 83 82 91 75 94 113 122 106 40 111 118 161 126 73 80 90 75 84 82 
193 134 128 29 74 116 78 40 128 123 152 97 145 117 74 145 97 141 135 131 66 46 129 134 95 95 60 12 104 83 150 103 106 101 169 61 75 144 180 188 96 73 106 83 51 52 120 39 162 105 112 95 47 78 53 120 73 105 32 135 97 94 96 123 96 159 59 161 59 10 53 157 117 86 145 153 76 85 144 93 119 109 78 99 79 102 124 126 198 82 28 24 37 104 165 89 138 160 147 118 79 92 130 147 62 55 21 26 38 132 104 70 103 74 44 58 81 89 118 72 53 83 100 149 153 84 153 124 
59 141 155 117 102 191 86 50 78 140 155 185 40 79 116 122 152 67 180 120 135 71 144 98 117 50 88 124 118 23 97 51 106 39 157 53 118 137 131 126 98 99 30 101 164 42 89 123 138 117 82 155 108 53 58 84 90 117 77 2 92 76 161 123 107 54 79 58 134 73 88 158 73 71 170 106 61 107 146 79 106 101 115 95 88 88 120 114 111 10 50 119 118 37 57 69 131 88 64 106 69 71 100 64 99 109 92 45 121 57 170 151 69 151 111 20 133 76 42 103 110 113 90 154 29 148 130 45 
99 48 121 15 52 76 137 135 35 183 88 85 150 59 71 83 136 128 149 136 112 84 118 169 139 50 109 135 58 192 73 129 88 116 27 41 81 103 110 103 124 32 148 71 88 84 68 93 76 86 26 25 92 120 84 44 163 70 44 128 134 161 119 53 111 79 99 150 149 188 89 66 112 56 102 130 124 147 55 159 182 56 125 140 51 114 172 96 78 48 100 85 62 193 85 125 55 34 175 52 74 67 19 70 151 89 46 19 150 105 29 91 138 176 141 25 87 127 130 65 38 94 146 79 31 61 38 165 
98 110 43 59 120 124 75 95 120 45 150 25 149 146 78 86 122 106 82 105 116 108 123 159 91 64 135 124 148 102 79 38 119 101 113 182 83 106 66 88 144 140 138 165 41 123 101 151 147 57 73 108 151 73 90 163 104 100 134 132 112 121 102 114 96 78 178 98 54 91 62 24 127 107 40 51 150 121 111 78 127 94 109 95 104 96 150 84 57 97 83 138 127 139 143 128 77 100 94 138 116 61 32 61 64 83 45 84 143 104 132 136 159 23 141 133 87 139 49 79 138 51 11 79 81 162 85 30 
18 79 135 101 141 88 124 127 23 81 76 60 88 99 67 43 109 121 166 139 27 39 192 168 163 94 180 118 106 29 156 112 76 105 46 25 100 102 128 128 12 89 172 99 128 82 119 55 196 28 189 111 85 105 117 70 100 174 67 117 112 54 98 124 47 69 78 14 83 20 30 76 17 186 53 102 161 85 99 107 119 129 137 127 108 25 91 135 128 77 62 78 100 135 112 102 37 73 119 108 44 52 86 162 131 118 137 27 29 104 170 117 161 54 132 43 135 98 136 128 124 149 165 153 39 171 142 87 
82 134 89 129 177 27 117 155 38 117 129 82 103 116 51 159 144 93 87 83 155 127 88 75 82 105 87 112 85 102 80 143 191 56 133 102 126 100 110 43 185 137 24 83 38 149 90 84 115 80 93 122 107 32 77 44 134 67 66 127 90 158 59 120 51 116 63 98 101 109 171 108 21 93 32 177 71 115 147 112 41 110 116 118 24 82 179 85 78 70 111 85 36 84 141 88 101 46 67 85 127 60 142 109 126 87 76 159 109 81 120 55 194 87 27 82 41 115 20 107 103 90 121 106 22 30 62 105 
116 38 120 77 53 160 136 103 106 142 135 114 103 78 91 156 59 105 85 105 135 148 120 113 127 103 72 107 72 77 70 127 152 135 118 60 173 58 129 120 103 62 127 69 110 36 122 65 109 152 104 91 62 135 2 128 132 117 127 54 137 87 72 132 162 95 90 85 78 170 49 97 86 91 79 90 72 109 123 168 156 38 47 120 193 142 102 164 147 190 52 72 82 84 120 48 129 81 45 56 61 114 146 162 179 112 145 107 175 90 154 155 134 79 86 148 23 154 196 90 58 109 55 75 191 69 130 56 
136 37 140 56 122 151 98 135 23 126 125 131 180 182 83 101 55 79 132 102 152 38 45 55 140 105 92 169 67 188 99 99 89 119 57 29 66 100 65 90 58 145 166 80 84 140 85 151 81 78 54 59 56 97 92 134 112 112 90 137 188 143 83 38 79 38 121 51 103 86 16 140 174 77 109 151 107 78 162 29 47 16 132 182 88 126 122 39 25 118 153 17 100 73 191 51 88 113 120 105 79 146 35 129 54 66 48 84 138 77 179 137 45 158 194 89 103 140 112 102 56 126 108 119 162 173 32 107 
24 114 189 135 60 107 118 85 32 83 155 55 97 147 49 115 126 170 66 22 63 85 112 6 112 104 112 148 69 81 173 138 88 89 95 99 89 48 139 130 89 75 92 72 104 109 103 71 114 110 135 63 146 94 76 161 121 54 158 87 143 156 139 116 130 133 127 120 136 142 48 41 140 42 22 60 93 73 131 54 39 169 84 89 101 50 129 112 139 60 158 107 146 119 43 139 59 88 73 133 59 132 181 131 81 30 84 89 180 89 30 111 148 58 126 112 65 68 93 130 54 165 157 56 73 46 73 112 
166 131 143 182 84 106 159 175 30 129 76 118 146 98 96 144 160 64 134 56 89 73 60 156 87 103 157 71 122 80 74 108 117 69 69 105 87 106 151 101 95 84 77 150 93 76 74 105 55 98 72 120 95 96 161 119 102 98 59 72 83 139 30 134 135 25 66 79 166 89 54 52 43 146 138 116 93 13 92 65 73 61 120 157 180 132 145 38 116 28 123 82 99 145 66 96 54 133 6 96 37 52 70 126 119 142 52 51 93 31 169 58 161 99 30 141 142 145 138 30 123 112 125 119 87 92 84 60 
100 108 159 106 99 97 72 91 137 119 155 78 112 77 155 58 138 72 76 151 95 58 183 57 98 80 54 113 52 115 56 63 118 109 65 78 154 85 118 75 146 50 95 75 59 47 103 94 71 114 38 126 158 123 123 53 114 124 120 132 38 116 134 162 42 173 164 132 81 38 164 102 45 72 58 53 71 27 50 68 148 120 142 141 153 117 95 130 185 170 129 121 98 123 100 131 109 122 38 157 47 115 182 153 159 164 44 97 78 148 118 91 169 110 158 53 46 78 182 33 134 157 104 109 20 17 167 99 
14 27 44 60 53 108 153 118 94 145 95 74 77 121 96 120 106 128 168 174 92 120 95 110 90 127 86 16 50 138 182 89 177 119 106 63 136 44 90 17 123 23 155 69 103 167 142 91 124 100 82 106 99 96 107 111 96 47 51 162 79 130 135 42 36 138 110 73 81 120 100 143 76 73 81 45 145 56 96 135 166 37 157 182 145 87 28 146 153 48 101 156 41 36 97 46 90 147 153 81 22 63 86 138 105 94 110 15 66 181 174 84 111 95 38 89 113 127 146 65 18 123 75 14 83 152 133 66 
56 90 100 85 110 132 72 71 98 152 49 28 25 118 180 94 31 82 180 107 51 90 162 161 109 150 153 63 185 183 101 97 111 85 150 94 121 47 130 104 147 46 181 31 155 130 65 80 46 156 84 115 182 159 54 79 78 69 116 95 38 133 25 173 138 194 169 93 89 114 78 89 92 36 82 65 112 95 129 131 147 59 46 188 172 172 74 73 130 81 97 138 49 107 92 56 113 93 53 95 83 44 106 40 112 109 121 46 75 156 80 170 153 62 78 56 145 62 36 77 96 96 169 112 115 122 75 156 
118 109 159 77 123 181 92 38 119 135 104 120 110 144 24 75 102 123 164 154 113 56 99 126 48 103 72 58 98 105 133 103 71 127 3 74 67 109 78 112 131 108 146 28 53 32 79 27 100 86 88 101 130 59 79 99 178 78 63 90 121 127 66 164 110 169 98 160 94 82 167 28 76 25 66 52 62 125 141 89 100 124 95 121 139 146 119 26 133 61 139 139 93 94 66 136 110 114 38 86 98 105 181 89 111 118 153 97 181 150 38 142 91 89 38 49 147 159 70 113 133 86 6 102 138 22 105 90 
47 108 73 67 99 82 96 60 106 64 70 98 101 18 104 94 168 129 84 117 127 137 110 81 119 158 67 102 93 58 112 21 53 109 126 104 86 87 77 91 149 48 187 145 185 129 135 133 147 79 94 142 133 161 58 150 98 14 98 85 51 120 79 132 73 93 160 6 107 46 110 141 121 95 185 107 59 156 27 110 152 105 21 155 74 107 148 114 90 119 127 104 67 102 112 19 72 117 60 49 86 100 49 184 95 74 91 178 86 132 77 88 59 94 88 30 108 145 82 61 115 109 84 91 52 106 109 85 
161 110 70 124 145 117 126 174 176 149 74 152 153 51 118 67 83 82 111 120 91 123 45 58 140 122 36 91 57 46 43 114 133 19 186 44 20 126 72 85 118 88 65 154 97 131 165 67 93 42 141 41 51 59 134 149 54 83 101 78 103 136 166 81 81 89 94 107 184 98 104 81 155 82 83 189 135 75 95 24 71 91 62 69 153 57 155 127 129 153 85 175 106 86 29 124 27 70 129 66 159 99 167 39 26 137 80 170 100 111 79 95 65 90 112 95 86 65 124 83 125 123 64 89 108 93 131 107 
53 84 91 89 152 34 25 131 140 176 43 151 95 54 31 90 88 153 50 87 54 105 78 84 79 140 86 107 138 88 107 58 98 118 27 87 6 51 94 69 190 17 110 70 72 183 146 43 77 130 135 175 130 10 73 188 91 20 109 170 86 142 89 38 120 114 82 46 98 64 49 160 89 64 28 163 136 73 118 79 97 75 112 156 42 55 154 90 76 121 109 59 140 105 126 23 169 113 7 166 98 129 26 62 137 153 54 109 148 127 173 58 75 62 122 59 86 70 128 147 149 100 140 140 40 53 34 160 
74 118 90 126 43 120 140 74 123 119 65 77 65 163 174 63 134 93 88 65 150 79 45 144 161 84 169 149 132 154 136 144 121 125 179 149 123 63 110 117 156 177 104 98 61 17 132 115 107 68 30 89 95 53 88 89 62 30 171 49 16 48 54 164 100 78 167 110 104 49 152 115 134 141 103 51 103 113 9 152 118 99 120 77 68 99 128 130 13 68 138 141 65 150 21 99 108 18 30 87 16 100 65 50 80 91 124 112 109 87 173 171 174 113 134 156 82 151 159 87 184 134 192 166 150 132 133 99 
134 92 71 120 80 33 96 133 79 105 50 153 39 79 76 127 106 85 65 123 104 91 130 86 165 146 101 63 57 83 133 140 103 142 75 184 74 78 90 76 131 140 54 117 102 126 130 100 118 39 170 78 122 157 158 66 24 76 108 97 140 41 52 102 143 89 28 141 81 160 115 150 133 149 100 110 96 72 141 92 31 141 123 139 114 46 24 97 109 187 145 137 104 106 59 54 60 133 86 31 106 33 130 72 151 135 35 72 69 153 37 169 161 151 89 112 31 58 106 38 49 130 79 147 160 123 111 62 
175 113 101 163 109 98 100 15 90 129 83 128 136 149 22 36 46 40 79 132 103 122 58 79 103 48 101 104 160 29 156 107 40 88 130 59 101 54 112 170 145 99 40 91 34 28 73 45 81 86 117 104 191 117 73 112 127 17 21 86 174 140 43 45 76 92 76 121 155 89 134 133 192 90 174 117 132 107 109 185 82 85 63 47 144 101 84 74 78 115 138 18 80 83 146 119 148 175 75 83 135 100 153 123 57 105 104 94 10 111 60 76 110 99 109 140 83 18 130 150 120 126 138 107 35 60 75 148 
96 146 90 42 92 156 58 88 118 171 164 110 54 107 68 73 100 160 42 66 81 137 38 108 62 63 72 79 127 62 145 84 152 114 147 140 77 54 75 54 120 102 127 28 87 101 41 136 130 149 105 93 137 86 71 56 107 186 93 91 77 42 146 72 73 36 25 95 82 64 141 149 90 78 170 17 105 50 110 62 45 44 135 90 137 84 104 167 121 86 181 30 58 130 87 112 114 33 162 128 95 149 105 167 130 62 112 109 78 73 136 33 44 73 149 149 103 139 149 188 90 84 109 117 73 98 136 118 
45 131 101 106 47 154 118 56 53 176 74 118 154 68 76 132 88 154 75 96 54 157 183 131 130 179 95 114 87 93 162 170 109 70 51 121 77 67 127 40 154 115 163 51 132 177 39 48 38 189 79 183 85 145 170 102 40 53 32 79 109 22 138 58 81 82 66 185 83 28 103 100 174 170 136 64 113 145 139 120 93 169 104 75 161 178 40 94 136 82 90 114 94 103 72 76 68 133 103 84 110 70 105 41 130 48 142 175 98 78 25 136 88 149 99 74 113 97 167 59 46 124 144 104 44 155 113 68 
97 43 135 73 156 141 161 118 120 112 124 101 77 121 59 102 126 109 54 55 133 110 110 86 91 167 75 145 119 132 86 129 103 196 116 52 103 43 92 95 81 143 97 124 96 87 122 67 108 105 137 152 131 153 106 130 51 102 177 90 151 60 116 53 45 65 52 107 189 163 51 110 117 17 64 64 166 121 173 134 107 36 72 155 135 103 81 85 122 155 107 167 94 40 144 127 81 129 72 98 36 189 100 30 143 84 158 146 43 99 71 103 135 50 92 123 142 55 53 72 116 160 108 117 141 133 134 173 
144 76 44 19 135 141 83 103 72 88 89 28 159 166 149 105 31 177 74 148 140 119 26 96 101 153 107 172 122 101 84 149 91 115 102 116 55 96 64 137 47 140 191 103 52 148 147 125 187 40 103 66 152 76 61 124 150 161 71 72 107 93 93 71 145 112 62 59 135 136 103 96 132 105 113 166 154 73 88 69 126 79 124 85 128 103 41 129 105 78 58 19 67 120 45 7 76 102 81 132 186 49 42 182 96 159 70 124 139 94 93 121 97 78 103 158 105 169 121 107 95 80 148 134 66 133 130 142 
106 89 84 62 88 152 125 46 94 67 102 88 93 53 54 93 173 122 123 100 83 154 117 52 136 140 112 68 60 46 69 192 47 99 92 108 60 102 101 116 128 166 29 99 89 109 94 67 138 66 105 78 55 85 107 147 121 85 115 109 78 73 13 27 56 95 125 156 75 73 113 72 107 50 145 121 73 44 62 137 128 90 82 82 99 110 86 116 55 111 123 61 125 164 181 134 103 147 104 67 95 139 110 44 173 139 67 133 128 63 143 46 98 70 105 98 62 160 94 145 128 86 135 136 130 126 134 46 
116 66 51 49 127 92 115 104 45 91 10 120 37 118 112 45 132 54 98 104 75 46 27 57 87 94 162 28 78 53 51 89 80 72 62 28 150 75 127 25 93 86 98 11 83 92 86 102 44 129 141 100 46 144 146 55 111 99 147 123 162 131 92 50 96 129 141 27 95 118 9 141 109 110 139 173 88 62 138 75 96 41 134 95 85 45 65 124 61 111 77 45 118 141 143 109 87 113 108 57 104 111 159 68 97 117 114 37 58 82 145 138 45 118 95 83 156 59 29 130 168 111 89 192 33 90 57 58 
115 33 146 152 86 66 119 139 90 84 180 87 99 168 132 125 148 142 97 101 27 146 18 174 46 11 97 109 163 135 63 118 125 123 57 41 129 166 90 88 116 59 58 72 84 79 188 123 132 53 96 78 37 93 79 159 78 107 112 168 29 54 65 68 135 131 89 110 24 79 152 92 185 62 120 134 69 137 75 46 166 154 83 141 122 119 46 143 111 131 124 143 118 99 50 82 66 112 96 131 47 163 153 21 110 122 96 54 100 127 20 71 171 29 68 105 117 136 113 119 20 166 56 86 130 96 131 106 
111 100 104 65 57 130 95 131 97 77 103 125 79 125 146 73 110 71 101 34 98 18 66 87 131 30 69 93 130 171 27 131 78 34 85 30 125 89 43 77 54 188 160 76 15 177 104 101 80 47 126 75 36 119 106 182 127 119 41 156 47 39 73 148 166 147 100 152 71 97 118 31 82 45 93 107 126 128 96 166 2 131 154 113 85 184 14 124 103 28 105 92 39 108 124 71 163 166 96 174 57 123 88 56 84 58 124 101 71 52 120 105 59 166 80 107 152 87 71 30 109 103 125 154 112 154 156 108 
61 83 95 73 117 48 71 86 109 146 86 19 119 67 103 120 100 67 141 164 114 92 55 125 59 109 115 109 29 94 72 74 85 110 34 125 100 93 33 161 79 97 110 132 105 110 168 36 58 73 115 157 124 109 101 56 94 129 110 38 16 169 61 120 37 59 124 105 91 75 99 141 85 44 169 36 79 90 41 154 131 40 81 122 131 110 77 75 122 161 41 95 140 31 24 185 60 131 119 41 41 61 70 111 71 152 100 147 91 151 78 109 89 43 139 74 96 175 66 174 149 100 90 29 65 71 123 103 
77 54 131 19 116 136 142 79 118 115 183 115 47 47 126 160 49 164 44 23 109 43 113 122 53 120 22 153 90 146 83 28 96 83 53 130 60 144 174 137 16 19 127 138 140 123 67 26 180 75 132 52 124 78 115 125 109 137 116 47 132 84 120 142 157 46 95 21 62 112 120 123 63 135 104 72 124 82 134 83 154 81 92 192 104 61 56 113 182 53 97 127 99 97 134 52 105 43 73 160 156 52 89 119 193 149 133 109 62 53 57 107 121 121 145 137 115 123 136 91 97 90 135 60 18 136 189 84 
90 94 130 120 46 53 162 124 159 134 72 119 127 165 52 95 68 76 91 106 197 81 49 146 199 137 32 86 97 93 107 68 39 73 147 136 159 112 92 153 52 119 178 91 151 87 87 124 142 67 71 112 127 99 95 140 95 127 118 120 182 89 157 141 182 188 121 155 69 156 77 139 47 90 75 155 85 82 95 141 113 122 192 56 83 121 123 85 134 121 30 164 110 93 153 139 106 81 26 162 164 144 141 186 56 112 125 131 124 178 122 173 137 121 158 132 150 128 121 73 38 70 101 109 106 67 61 79 
119 104 96 57 139 99 150 7 154 177 137 13 143 135 171 68 114 99 115 57 179 134 188 93 126 31 165 92 96 24 140 36 53 73 16 43 71 38 154 44 116 67 65 76 146 73 176 137 121 126 123 157 39 79 88 51 104 108 24 193 88 101 180 153 145 172 139 74 153 42 68 114 144 137 161 135 128 99 85 122 85 131 104 83 182 72 115 176 160 113 96 146 92 116 133 157 70 15 106 83 100 115 126 33 120 60 87 94 86 169 121 195 101 62 101 112 121 110 143 194 77 112 86 69 136 80 124 62 
131 115 28 91 70 54 128 109 50 164 129 52 104 121 96 161 93 82 55 135 74 95 121 148 123 76 33 108 48 87 130 78 73 103 91 35 44 133 142 66 53 89 148 46 167 103 151 102 124 23 5 101 68 102 88 114 96 25 82 142 126 50 132 117 87 172 146 107 57 55 99 46 101 84 178 103 103 110 45 119 184 110 61 121 72 4 163 73 103 95 85 120 120 86 181 121 112 78 191 190 110 115 112 190 164 191 179 192 137 152 52 143 55 103 166 73 96 138 52 148 34 75 84 168 148 71 52 47 
120 128 147 103 132 170 35 133 52 130 74 95 121 95 126 122 111 178 192 145 115 114 149 199 74 25 78 189 89 131 45 179 167 108 121 122 92 40 98 103 140 155 147 157 131 117 84 179 95 30 101 41 104 124 120 172 150 91 179 102 122 129 145 95 28 74 119 148 155 154 128 24 84 104 40 81 41 86 65 46 14 77 56 123 115 163 108 61 125 100 178 69 112 33 64 75 147 147 120 109 27 166 110 165 109 97 180 115 121 33 54 123 28 104 195 56 69 162 129 57 81 74 76 68 101 153 124 39 
109 115 153 6 169 164 60 140 142 28 134 62 67 58 119 174 151 152 145 133 30 103 38 33 88 129 188 16 59 73 114 108 130 156 120 119 68 186 154 146 66 31 80 110 81 113 157 120 32 45 143 121 123 126 114 96 84 135 85 164 39 112 38 130 146 73 26 114 127 90 130 97 74 167 94 85 129 116 124 143 124 75 113 85 176 73 61 116 20 76 101 126 110 115 136 63 166 137 49 145 14 88 93 153 79 119 103 73 79 101 119 83 130 43 96 113 80 38 171 93 95 121 174 71 93 127 98 170 
71 155 70 81 156 82 127 165 100 30 169 171 91 169 114 183 138 118 168 27 115 127 122 110 127 142 86 102 121 78 96 151 34 101 111 78 88 35 74 109 14 182 87 82 127 129 106 40 158 163 162 127 64 198 111 78 57 128 78 147 25 139 116 185 153 130 133 90 129 76 13 109 78 121 136 122 105 55 61 111 103 122 182 134 160 103 125 20 116 119 93 92 77 32 90 159 42 125 129 48 117 126 138 97 113 159 115 72 115 86 67 87 109 92 159 70 124 137 88 144 17 140 117 82 92 84 115 101 
88 71 96 150 134 112 127 35 167 112 175 142 97 55 49 60 134 107 108 100 85 55 87 72 148 89 123 81 84 92 75 114 109 113 32 120 56 39 107 19 177 63 61 110 33 107 88 120 156 133 109 115 177 82 10 48 97 77 70 190 118 60 28 170 48 81 61 119 153 121 68 187 115 86 82 155 78 111 111 131 28 161 53 121 113 95 100 76 119 78 90 112 131 86 38 104 48 45 162 61 77 20 117 134 129 113 67 149 191 111 91 60 77 91 176 63 118 62 179 26 160 177 96 98 34 137 156 156 
66 119 127 118 123 44 112 105 157 105 99 86 87 121 37 95 106 98 58 63 54 70 101 76 110 86 88 108 124 123 113 114 143 69 100 56 90 129 111 44 76 166 96 191 98 75 104 110 110 118 159 68 96 28 50 100 83 62 111 52 153 158 123 129 101 97 139 127 85 109 138 145 138 181 90 107 58 123 77 124 105 41 97 30 96 85 178 101 93 90 94 58 136 40 121 59 150 157 151 41 68 50 105 30 200 82 136 39 107 74 164 113 122 136 53 140 129 76 39 126 53 37 90 125 64 57 105 75 
41 70 49 129 117 125 123 62 76 87 157 95 150 53 96 112 65 99 124 96 111 55 133 46 93 89 168 102 68 96 101 111 150 58 162 21 135 114 44 134 147 92 151 71 139 140 100 188 159 116 107 91 140 24 119 85 138 78 85 72 17 107 82 121 156 138 139 104 175 59 141 137 18 30 114 167 19 61 45 143 92 95 127 164 146 120 69 126 92 112 58 102 80 57 97 45 154 83 90 143 45 191 160 51 109 117 86 90 74 8 114 136 72 116 123 45 125 23 189 86 150 126 120 112 149 107 98 141 
137 69 126 154 164 80 111 72 76 56 150 29 139 162 38 62 155 104 163 115 44 144 171 135 126 84 89 154 125 155 44 44 106 121 55 109 146 106 97 49 171 183 42 111 93 157 90 124 18 61 69 111 70 37 118 62 127 100 36 82 100 146 99 98 41 49 93 67 106 140 65 104 80 58 94 94 67 125 118 118 39 140 99 110 92 120 112 110 77 131 136 80 18 37 24 134 43 132 102 77 65 79 90 69 96 154 69 86 105 121 110 136 163 115 56 121 121 165 129 111 91 112 114 42 92 98 169 27 
181 130 112 54 185 84 150 119 91 89 88 101 53 86 80 79 55 76 198 122 43 64 115 19 61 155 33 152 52 128 116 107 174 20 102 118 98 48 46 78 108 124 160 88 65 120 150 88 134 108 101 27 69 104 37 193 139 135 84 84 73 119 145 123 36 107 94 102 86 105 150 106 83 130 103 40 120 164 141 99 108 31 97 93 116 86 33 115 32 86 40 57 37 130 184 59 166 39 115 115 92 52 85 162 62 65 28 96 85 101 50 32 70 9 57 74 151 83 10 70 105 137 74 71 86 120 148 185 
66 144 145 32 97 102 121 183 163 194 122 111 81 106 48 93 49 40 150 135 97 149 52 90 130 47 82 178 90 83 109 102 48 180 89 52 177 112 165 133 122 116 125 131 72 57 151 109 141 115 70 110 63 165 57 85 143 112 141 120 191 43 66 100 97 92 66 112 29 126 21 59 146 87 72 144 45 181 143 50 124 24 134 153 133 181 64 136 90 38 121 97 24 184 178 159 122 66 102 122 145 132 94 110 73 74 54 70 114 82 97 42 110 112 45 157 92 156 49 55 68 143 22 167 60 122 110 109 
54 162 127 124 24 155 84 106 89 35 145 76 61 76 96 165 115 120 49 130 168 50 89 50 167 109 139 123 161 105 82 85 73 38 180 150 84 40 170 66 81 112 60 71 116 116 105 147 167 138 80 75 77 89 69 125 128 102 88 48 51 139 96 131 46 56 136 19 124 23 99 54 119 112 76 127 7 134 109 82 71 185 52 139 157 121 75 63 159 104 59 45 134 59 159 168 118 59 72 180 14 81 88 43 76 48 99 43 71 162 181 72 184 151 97 153 126 42 25 146 93 88 143 135 95 102 108 63 
19 113 14 121 142 91 146 72 137 103 130 104 51 44 124 124 117 114 111 78 90 150 78 161 76 40 110 79 104 68 64 162 94 115 63 144 70 142 77 50 109 100 159 65 159 117 118 55 124 125 117 116 17 138 131 55 77 37 101 129 88 59 54 109 90 113 110 72 27 169 108 60 148 114 68 81 76 103 87 66 163 60 105 106 70 112 147 166 42 48 150 154 43 166 122 118 12 105 115 117 112 109 76 111 146 85 80 93 168 149 148 110 107 176 116 155 33 87 80 57 100 79 79 93 132 86 109 96 
69 165 141 30 58 39 159 84 95 104 116 34 111 145 96 79 138 44 104 152 64 135 79 127 45 110 107 147 52 28 154 127 131 72 92 21 94 96 51 112 162 114 83 140 44 166 79 55 163 166 115 172 136 160 88 34 100 73 46 81 113 88 133 122 147 93 114 117 70 113 18 133 175 33 133 129 102 147 113 112 166 131 43 81 15 78 147 137 125 45 157 83 132 39 66 59 105 196 20 130 108 50 108 131 147 174 107 61 44 139 86 135 180 136 160 147 128 52 122 44 133 62 76 143 45 124 93 73 
138 64 99 133 161 77 89 101 126 145 97 84 127 115 55 75 172 189 65 104 155 149 164 122 70 52 90 138 140 63 24 169 165 136 134 95 141 105 73 152 179 83 89 100 94 63 115 51 131 153 92 91 125 147 64 175 94 119 67 45 120 73 6 38 153 53 38 60 129 7 30 86 75 162 103 72 81 104 108 96 96 119 73 26 106 191 120 49 129 162 151 90 102 115 102 72 115 20 140 96 103 110 32 179 47 84 144 116 131 86 145 119 106 93 190 121 22 89 119 134 23 135 61 43 169 107 167 72 
54 82 86 56 150 104 101 70 126 32 85 55 101 95 105 169 99 151 85 105 100 91 42 98 93 51 153 111 52 89 142 113 36 77 65 133 130 116 96 184 153 81 129 179 39 169 110 191 136 136 70 180 86 118 106 52 138 108 85 56 105 133 96 157 81 95 86 49 66 166 87 31 83 128 84 98 132 67 57 131 174 41 160 162 83 190 109 145 48 61 41 143 77 115 122 180 117 130 96 30 123 87 70 73 44 39 141 121 103 84 65 104 87 142 123 172 113 106 75 64 131 75 133 155 45 108 91 133 
149 75 137 45 188 131 52 154 59 133 55 63 86 41 145 56 35 135 155 105 127 122 126 63 60 69 82 131 102 179 34 140 98 105 190 102 140 34 155 152 149 75 104 150 133 49 193 69 69 68 66 43 128 79 69 74 116 44 127 61 79 59 37 47 22 83 98 86 159 98 16 106 135 95 110 36 186 95 104 47 57 41 156 164 100 110 27 14 117 77 68 45 65 92 145 14 112 108 103 123 198 59 161 98 94 89 104 108 191 83 128 10 101 107 69 154 123 105 147 121 107 166 172 62 172 109 127 96 
177 172 106 102 103 104 80 136 78 51 66 67 91 126 101 66 176 53 74 99 75 181 168 80 98 169 88 86 43 115 148 106 68 102 152 105 144 179 123 127 104 148 22 67 83 57 30 116 73 114 114 133 121 92 71 67 61 52 60 114 146 132 52 115 63 44 105 100 99 129 100 33 100 149 70 189 49 139 111 163 123 61 52 144 115 115 166 88 126 20 50 191 79 52 132 81 109 50 110 87 59 46 113 194 24 110 113 79 152 75 117 143 59 105 115 139 17 100 176 132 179 134 95 100 65 135 109 44 
24 119 144 99 32 100 132 78 167 133 159 134 121 120 118 187 167 110 135 84 81 97 162 101 108 106 136 62 64 76 134 102 133 155 61 15 65 131 113 119 62 180 33 46 133 128 109 167 64 71 88 117 115 130 100 19 32 86 142 146 35 181 70 182 86 106 181 49 167 26 65 130 153 105 105 100 42 110 159 153 88 70 89 141 126 112 110 93 138 117 105 160 90 85 94 88 76 108 32 70 161 113 194 130 80 84 120 79 113 66 89 75 110 126 128 120 104 66 135 47 115 74 82 9 96 91 146 71 
66 46 76 27 154 70 63 147 86 124 84 86 187 116 158 68 94 123 60 52 160 86 83 109 136 125 98 114 88 117 110 38 104 66 76 136 188 70 152 123 120 86 21 133 107 49 74 74 31 81 56 123 152 147 64 70 61 162 109 162 129 131 126 153 138 40 89 184 39 62 50 72 123 167 41 30 182 44 68 21 56 111 119 186 33 190 165 153 97 134 30 51 69 162 110 43 111 131 179 73 98 194 130 82 68 63 87 133 61 92 161 43 104 90 82 47 90 70 53 9 150 108 40 87 156 99 98 171 
101 41 104 108 42 126 133 141 130 102 62 146 40 87 176 66 110 33 100 62 59 109 74 36 98 112 144 71 82 144 90 91 181 95 10 98 84 108 29 151 101 98 96 102 47 16 108 79 118 108 42 160 114 62 99 151 64 131 126 179 54 81 119 159 105 112 111 95 26 137 80 151 57 130 130 143 96 173 97 110 84 71 193 56 120 164 109 79 113 129 200 109 96 62 73 76 146 147 47 44 94 24 80 68 20 44 118 66 45 122 105 37 82 44 138 95 40 110 79 177 144 57 73 125 32 58 101 108 
104 76 154 93 39 116 48 50 104 183 107 129 104 39 83 121 100 99 80 102 69 48 14 115 63 113 136 94 104 109 35 120 58 145 152 73 59 59 45 170 148 129 21 59 104 110 143 168 51 72 129 81 112 55 109 89 83 118 87 112 66 30 142 164 94 109 118 74 137 153 91 135 105 62 48 84 159 139 117 122 58 152 149 112 60 191 97 119 159 113 82 117 154 65 74 48 85 174 84 39 89 110 84 63 44 38 130 141 39 92 106 144 70 72 119 110 35 94 178 122 180 120 124 112 168 130 128 55 
61 55 189 111 79 172 37 104 39 107 82 58 126 132 151 90 85 139 106 173 75 103 103 132 125 139 76 106 88 101 85 75 41 128 97 100 114 103 67 116 80 146 106 69 90 64 66 124 15 92 105 46 155 21 92 46 45 137 76 145 48 84 52 44 110 121 153 91 80 54 124 35 104 112 142 158 70 67 114 96 124 100 133 125 87 179 180 103 115 67 136 86 69 28 54 99 80 107 144 141 104 113 120 87 118 130 54 174 96 59 50 140 72 177 141 43 158 160 165 94 145 74 101 98 92 85 68 149 
149 102 122 159 87 103 112 115 79 68 120 174 100 20 98 186 113 52 74 105 89 111 121 172 147 152 65 81 142 107 38 100 97 135 49 73 94 139 51 86 143 29 92 145 109 125 143 23 142 120 136 110 121 26 45 19 84 27 159 107 84 89 51 97 15 46 97 178 170 109 112 72 94 109 175 146 124 133 37 54 101 147 109 131 94 192 115 73 72 149 39 90 86 96 70 43 93 61 116 121 108 79 79 133 66 141 174 110 38 142 76 76 181 79 141 121 120 78 94 95 72 121 174 73 124 129 147 162 
154 42 22 140 110 35 153 144 127 156 109 61 139 62 157 82 121 131 159 94 140 102 144 46 97 170 141 119 109 93 61 109 95 134 104 17 99 137 162 172 66 81 74 98 156 96 178 38 106 19 85 101 70 38 121 150 143 29 109 175 138 180 93 78 66 75 181 86 100 148 109 69 10 78 98 43 139 128 58 100 71 91 62 124 86 137 121 79 115 191 107 74 105 85 114 71 168 44 131 103 191 152 113 61 45 39 96 38 168 138 126 98 150 60 59 72 119 166 84 92 34 41 64 121 31 93 137 58 
100 112 158 87 126 80 147 136 133 109 95 199 75 85 47 110 111 110 96 91 181 95 88 119 61 79 66 110 62 105 119 69 45 154 154 88 54 78 192 104 78 69 85 83 125 142 15 149 27 120 26 171 83 132 57 105 104 104 81 90 77 89 31 148 181 156 150 132 111 127 87 153 111 73 78 99 94 63 82 127 52 151 53 178 169 152 33 101 86 111 74 8 121 101 82 162 149 139 86 84 83 75 66 92 122 92 59 142 138 116 172 124 100 77 70 77 84 90 66 81 54 91 108 57 141 114 108 126 
176 135 83 32 84 147 135 175 34 108 139 164 99 163 139 13 86 102 93 66 96 89 177 93 142 35 52 96 87 70 123 64 62 129 126 90 111 149 126 116 182 127 85 120 92 119 75 119 53 164 167 116 82 104 170 29 132 170 120 154 179 30 169 118 174 80 38 77 79 173 173 37 60 136 25 71 93 143 145 20 120 78 57 122 121 52 54 119 67 91 164 114 110 50 97 181 148 86 145 65 128 117 89 161 105 106 50 76 126 172 94 64 49 76 128 124 108 48 132 88 169 86 27 92 156 71 69 84 
53 55 117 90 67 102 118 82 79 77 132 185 116 59 127 62 154 135 85 72 117 157 129 107 66 64 83 69 66 83 32 101 106 44 69 130 133 19 61 101 51 109 81 170 153 127 99 110 102 170 124 155 91 70 151 91 136 117 55 155 137 111 58 91 84 170 142 88 95 58 171 169 76 33 136 103 121 46 138 71 105 109 107 173 195 143 123 83 87 60 113 136 136 32 42 72 110 135 119 104 10 143 75 43 37 144 140 76 98 124 64 30 94 139 138 31 102 138 132 29 124 80 131 86 95 92 109 144 
92 174 121 141 84 100 125 186 67 124 81 60 89 121 67 127 105 82 64 95 115 48 52 167 50 128 183 82 108 155 129 18 181 35 180 64 72 143 56 71 157 102 27 32 144 138 113 25 163 27 99 153 75 103 69 138 159 161 194 134 45 148 161 169 111 153 91 59 65 75 174 161 110 44 88 135 97 98 45 171 59 89 121 137 101 55 28 130 109 77 122 72 163 70 110 184 107 180 106 87 101 59 110 104 82 70 72 181 150 100 49 94 4 16 144 63 98 89 12 106 155 107 134 77 112 92 49 92 
153 82 100 164 141 97 114 100 54 41 140 158 89 112 146 102 148 179 96 113 168 72 119 60 92 120 123 130 105 84 122 105 71 86 132 31 98 79 85 89 75 133 126 64 119 128 106 133 142 188 41 123 94 74 151 176 23 54 87 79 158 58 99 110 95 62 89 94 90 62 113 151 99 73 149 50 78 70 118 29 166 43 121 121 62 103 104 43 92 91 136 116 115 9 112 151 176 136 93 142 107 105 126 90 44 72 177 79 60 77 76 139 16 148 50 107 54 71 56 84 19 94 133 73 195 191 31 175 
102 131 94 64 94 44 45 122 117 133 79 123 64 30 99 128 95 103 57 172 61 79 135 81 59 15 41 40 111 126 181 100 118 101 100 140 43 93 161 45 35 108 43 151 126 106 37 140 152 133 89 68 113 44 111 141 141 132 27 86 194 126 30 158 38 78 38 88 112 122 134 89 109 149 99 92 103 105 95 68 80 139 145 158 101 166 195 96 159 176 53 123 56 57 45 97 116 160 190 123 69 115 128 82 138 119 141 141 59 70 128 138 144 50 36 67 107 125 139 107 163 139 130 159 120 101 135 82 
98 60 51 168 114 33 121 116 42 26 41 175 89 144 101 120 113 190 71 123 70 81 156 78 85 127 130 77 175 51 126 78 112 104 164 93 117 153 91 11 86 74 104 153 82 20 17 87 55 153 37 133 122 58 20 25 133 43 82 148 89 112 141 53 89 56 49 30 95 59 156 112 140 149 74 123 158 98 83 105 107 74 137 132 112 73 56 113 70 63 140 45 121 74 157 153 155 147 121 172 154 139 120 47 95 110 43 121 72 77 124 31 63 107 67 180 97 127 90 126 179 108 162 114 166 116 121 63 
177 84 132 91 88 38 70 110 113 123 42 145 81 58 72 175 94 45 142 120 90 54 53 71 169 124 65 178 149 49 12 146 101 90 92 75 101 171 61 33 121 180 155 61 88 151 145 64 174 59 163 102 106 81 133 87 87 135 41 23 103 65 142 46 113 145 147 108 86 86 82 31 83 103 113 142 105 62 156 117 152 96 115 150 121 96 69 80 124 118 129 125 121 151 92 126 33 128 22 113 123 17 104 90 40 35 158 120 119 84 108 102 98 54 107 97 138 153 74 146 108 120 152 162 132 198 100 79 
79 86 141 149 117 25 107 100 72 111 126 156 84 58 107 96 137 71 87 160 69 12 89 50 87 83 121 54 172 108 92 75 91 137 91 64 56 105 67 157 44 61 131 45 53 69 150 102 60 151 74 34 40 89 76 127 139 98 115 154 140 68 145 78 127 62 159 145 65 70 151 58 18 139 97 55 169 160 59 136 87 175 123 128 110 138 162 38 137 62 76 23 165 83 156 42 87 52 89 106 105 100 66 70 110 94 160 78 166 90 48 138 89 71 125 127 153 120 91 83 68 82 135 108 30 114 135 133 
68 157 96 33 81 131 158 116 88 58 162 154 47 119 118 133 104 94 109 51 102 97 178 13 64 189 86 42 130 67 144 96 165 81 69 155 112 65 49 146 27 62 136 70 157 24 76 84 138 157 157 136 111 118 42 130 49 136 20 196 112 93 138 182 146 36 70 82 124 128 159 106 130 149 167 53 121 94 29 113 71 66 136 121 143 52 129 171 88 179 39 189 129 10 49 25 80 122 119 75 147 176 135 53 79 178 165 94 84 66 132 132 12 56 139 90 74 91 188 13 62 124 64 98 21 121 119 92 
41 105 86 66 72 79 51 187 56 58 140 33 110 98 131 82 115 95 34 123 122 152 100 162 124 110 98 180 88 93 138 65 97 184 73 126 101 92 88 68 61 84 55 35 192 54 156 155 144 94 112 126 118 72 103 65 79 128 107 90 102 130 30 33 65 77 113 61 83 147 87 38 150 188 59 72 107 145 130 119 30 174 91 73 194 148 57 93 144 26 126 86 111 70 55 146 57 44 134 64 121 132 47 9 177 122 94 95 92 81 88 29 106 84 107 126 146 83 13 136 142 130 103 110 133 146 53 131 
103 65 98 97 130 64 82 118 93 76 98 120 63 137 99 46 84 90 177 137 76 46 69 106 133 116 153 128 162 122 145 82 171 118 140 129 104 50 58 28 124 78 177 99 97 53 116 91 45 166 132 96 161 53 110 38 138 124 103 58 56 54 123 134 18 96 133 115 125 149 184 49 120 90 46 116 95 128 168 20 109 149 97 38 77 34 81 95 17 160 53 150 91 105 68 93 100 133 23 131 107 179 115 150 144 180 145 72 34 54 169 124 155 19 163 179 108 68 62 142 194 51 100 137 116 168 100 57 
101 168 194 167 33 111 150 48 134 130 74 77 146 88 140 124 136 100 127 158 65 59 31 153 59 50 123 149 178 79 176 159 45 119 64 49 164 150 91 38 151 13 75 52 87 43 47 145 20 92 97 49 126 83 113 94 51 149 90 109 126 165 112 157 123 96 86 109 123 100 134 130 126 84 124 160 80 86 111 166 103 100 90 70 112 75 74 121 140 177 37 126 112 137 143 88 79 62 135 75 166 134 74 108 57 120 74 121 41 91 86 80 107 94 139 108 120 82 124 130 51 156 119 64 131 110 98 136 
107 52 59 140 175 122 133 103 162 36 171 21 71 54 100 72 59 73 81 10 74 164 54 51 56 192 133 71 168 46 75 145 82 115 141 155 72 144 42 97 70 131 120 44 102 72 114 71 124 107 21 96 73 100 90 146 11 165 121 55 108 157 125 104 75 169 6 84 64 140 192 79 138 109 144 108 148 135 89 56 125 90 135 101 86 84 76 174 117 96 90 120 114 74 22 143 79 76 61 133 172 95 82 40 73 124 101 174 64 108 27 131 134 133 130 162 152 135 64 103 100 119 104 12 89 80 88 70 
134 123 69 90 65 89 123 122 46 90 90 101 105 89 33 175 81 103 68 151 84 134 74 110 40 71 159 38 153 75 101 139 182 32 112 64 167 196 88 65 136 159 84 100 146 96 95 112 100 195 169 70 80 149 154 79 79 153 106 75 119 56 119 109 14 112 102 91 89 140 166 147 107 117 104 117 134 136 192 86 154 29 60 109 69 168 68 71 82 98 125 112 42 71 167 135 93 143 43 155 62 100 9 87 125 112 98 73 121 57 92 86 77 73 159 114 162 108 98 110 137 64 12 182 127 78 84 86 
125 123 125 92 82 151 125 118 127 119 146 171 132 130 78 159 167 92 181 45 123 81 146 132 149 59 46 97 91 142 123 187 98 83 125 88 139 168 50 157 125 110 61 111 135 101 190 109 28 113 101 85 90 153 29 31 81 39 22 191 162 73 87 20 83 115 138 52 108 40 150 160 35 73 44 141 66 130 33 130 112 65 18 106 136 148 101 93 92 34 64 149 92 86 60 95 132 45 169 45 172 65 96 156 32 168 92 124 31 141 156 95 112 195 120 166 132 30 21 133 116 131 89 127 166 33 68 99 
48 61 100 171 154 69 104 64 146 66 124 109 86 189 159 155 29 96 102 96 116 44 28 106 34 43 96 55 87 93 146 193 99 67 170 132 119 60 80 132 114 112 60 94 119 71 139 119 175 34 114 61 75 84 148 61 162 171 30 69 173 46 92 17 152 122 22 106 93 53 132 123 60 98 155 133 133 126 90 96 154 71 136 67 80 71 153 127 84 137 57 107 98 120 122 102 86 124 107 108 109 135 91 99 58 130 85 129 93 114 71 92 92 191 101 116 198 114 121 146 168 110 80 78 33 72 81 43 
56 134 136 118 94 53 75 139 99 127 17 49 99 80 102 103 73 131 168 77 76 44 115 107 123 140 21 70 66 104 167 100 99 173 82 50 11 141 59 100 6 132 114 69 77 70 110 55 133 119 108 103 84 153 130 38 85 142 62 130 32 73 84 167 133 75 105 109 131 34 133 111 75 136 113 134 130 134 57 131 156 123 189 61 124 52 124 98 115 156 105 98 169 148 110 108 109 93 167 91 127 109 146 98 101 128 68 147 137 108 69 109 49 31 135 121 100 135 119 53 100 98 88 84 68 81 112 110 
121 84 73 57 100 24 102 102 95 90 159 57 146 112 109 190 45 85 171 155 55 161 145 119 132 106 73 134 88 45 79 194 50 112 96 49 73 113 144 78 107 127 144 62 157 35 97 58 38 12 24 137 82 124 45 165 30 87 105 56 107 112 60 99 66 156 90 85 107 160 99 62 148 118 68 173 142 46 58 106 108 103 84 79 62 47 39 170 101 156 75 141 27 185 109 63 96 73 72 133 96 44 71 171 108 55 149 162 58 126 84 144 92 175 82 63 79 133 92 131 57 136 70 86 99 43 110 160 