128
61 55 49 4 19 34 32 41 20 10 51 63 4 83 91 74 97 68 78 96 99 80 32 43 3 44 40 27 44 77 69 56 26 31 17 48 94 70 34 100 20 31 85 25 7 44 75 43 89 66 76 43 4 24 60 72 96 80 4 78 97 87 72 38 3 36 14 6 86 86 34 29 66 35 50 33 64 9 54 31 26 10 64 23 3 4 72 89 41 36 52 35 73 79 87 27 19 16 2 26 75 75 57 94 61 50 66 36 19 97 29 74 36 3 90 70 35 72 40 32 68 81 45 92 28 40 62 6 
99 91 52 83 65 56 92 76 44 30 15 73 8 73 70 94 35 99 50 80 57 50 85 61 45 59 32 48 1 25 23 99 22 1 25 81 43 21 54 42 69 26 12 11 2 47 75 51 18 49 28 97 54 83 27 29 27 84 82 19 53 11 92 27 2 93 57 64 93 37 4 35 64 62 23 62 87 55 93 22 34 88 15 63 36 22 92 8 24 5 85 97 35 56 69 60 47 14 15 6 90 77 22 41 83 3 22 8 10 49 64 60 97 94 15 52 100 15 27 40 64 32 26 34 52 18 12 93 
87 83 21 26 52 98 89 36 99 3 49 21 8 27 74 75 80 20 45 7 61 91 82 24 24 29 19 62 77 3 44 33 29 18 96 97 31 4 66 76 55 17 77 1 27 48 23 86 32 25 43 66 100 36 11 8 97 50 34 20 37 23 2 82 22 5 82 28 45 21 5 11 4 25 5 40 99 43 27 16 34 58 36 45 79 8 25 10 14 34 31 10 28 70 59 45 86 28 85 60 46 47 40 97 92 50 100 53 52 24 17 87 58 46 83 24 17 80 99 35 9 26 14 85 45 43 71 4 
77 98 89 93 15 82 100 71 36 60 82 94 59 9 91 23 44 57 35 47 10 41 57 72 33 89 96 41 56 31 56 32 6 69 100 4 61 79 28 20 42 27 78 93 89 29 86 50 17 90 40 52 29 58 2 57 65 15 54 76 11 40 56 82 35 14 9 75 54 74 73 84 12 11 57 96 86 50 31 99 76 39 60 94 15 14 88 71 100 100 80 49 96 4 42 21 43 10 50 48 14 4 20 4 19 57 40 86 21 84 85 41 81 90 27 38 44 34 53 98 90 81 9 99 95 35 42 87 
94 28 42 70 67 3 67 11 75 29 93 37 87 91 23 95 36 34 32 77 15 64 63 14 83 40 11 37 51 46 11 55 20 26 6 71 11 71 43 64 72 77 43 43 64 98 84 100 94 26 95 15 49 14 47 14 57 61 52 60 27 62 50 46 64 80 76 100 41 47 85 27 62 40 38 74 51 15 37 4 89 45 57 55 28 72 74 22 79 57 49 11 32 25 36 29 92 72 30 77 54 23 51 24 77 45 51 87 53 99 1 40 64 65 84 1 93 77 43 92 89 45 34 21 38 32 32 48 
50 95 89 49 79 47 98 75 30 62 6 69 54 68 76 67 13 68 38 83 86 28 3 53 100 16 69 9 32 52 40 83 34 18 45 63 9 92 25 25 85 8 51 2 82 5 60 8 1 72 20 99 66 90 7 75 39 1 82 73 99 17 74 4 24 30 33 12 59 53 38 34 53 78 28 25 97 48 79 49 56 5 61 96 74 40 41 88 8 75 8 89 94 94 25 51 19 91 61 99 17 73 78 45 85 84 37 68 73 1 61 42 33 15 55 12 50 90 54 98 48 62 97 67 15 4 2 85 
99 10 53 63 31 44 67 89 58 93 22 6 76 16 62 16 56 85 30 51 81 29 86 20 49 6 6 93 46 100 61 100 61 91 88 44 93 96 15 91 76 35 51 95 5 47 11 99 99 21 32 65 60 67 82 27 11 40 75 60 78 16 94 41 90 75 51 97 18 44 31 72 99 23 41 17 64 17 37 88 95 60 75 15 41 89 84 96 83 61 7 55 47 85 71 74 21 99 86 42 58 49 25 83 38 5 43 24 49 100 62 37 17 99 61 36 98 62 4 65 39 35 95 27 64 86 94 24 
33 50 28 57 16 48 8 89 16 76 63 5 5 26 97 40 59 44 22 15 90 59 24 42 63 74 18 75 51 13 85 47 64 6 55 13 71 44 29 67 47 65 50 32 40 53 32 56 59 48 82 62 13 63 69 10 59 70 11 100 64 38 67 48 12 39 55 89 44 75 56 4 93 94 6 69 99 26 24 23 85 72 83 61 40 6 85 80 16 52 46 33 18 68 9 42 8 4 41 93 85 6 90 34 41 94 67 26 32 62 68 49 81 8 88 28 17 37 21 67 28 46 91 6 65 33 77 15 
26 16 96 98 7 84 98 62 10 73 26 23 67 57 81 48 98 22 76 44 14 61 57 2 83 90 48 27 48 26 17 9 10 31 31 35 39 33 80 92 83 44 91 12 89 25 39 8 38 89 48 95 85 7 81 84 1 88 46 100 26 97 77 20 67 57 97 21 100 70 79 73 49 65 72 90 58 21 76 22 25 67 63 40 3 20 74 71 9 86 97 93 47 37 31 92 12 16 91 89 58 67 45 75 17 44 45 76 64 38 46 6 56 82 65 30 70 78 49 33 13 63 60 66 44 17 34 50 
93 44 58 73 32 2 81 24 3 53 97 24 94 2 84 42 17 67 89 44 71 27 10 49 96 17 97 15 43 32 93 94 43 27 36 34 3 84 96 58 87 69 28 100 50 99 82 79 23 33 32 83 41 65 50 86 69 2 46 71 60 32 78 58 18 54 63 29 82 64 5 65 63 60 65 91 95 52 25 28 81 38 74 55 43 79 32 95 18 17 12 76 84 16 63 54 82 10 1 100 7 33 40 40 26 84 60 13 31 71 18 37 64 49 76 27 100 2 3 42 67 49 84 20 29 48 62 86 
57 22 22 28 49 34 2 71 85 51 88 44 94 84 16 99 6 75 63 35 38 60 48 51 26 66 38 61 1 66 38 70 54 67 79 70 20 35 59 70 15 8 50 85 49 29 32 94 28 5 46 24 27 5 34 17 73 2 23 63 54 75 69 59 92 6 9 53 39 15 22 13 32 61 67 57 38 70 42 26 82 41 32 97 20 50 64 84 14 94 59 63 47 59 66 92 39 71 1 53 31 42 56 64 32 41 28 1 68 83 10 53 31 20 91 90 91 60 10 62 33 61 79 31 90 30 81 7 
67 4 39 59 7 97 17 44 7 33 30 60 79 45 22 1 91 11 67 71 69 55 83 21 87 64 22 34 39 50 59 5 47 35 98 76 17 61 57 74 48 55 57 92 77 57 73 4 82 8 33 92 4 91 12 26 99 48 94 32 42 68 31 74 86 66 52 41 78 39 86 9 44 95 67 58 75 76 28 34 34 84 35 65 78 21 19 30 58 80 8 48 23 17 95 60 38 84 100 63 29 25 67 46 13 46 97 91 28 29 50 61 15 30 6 32 63 88 74 73 23 64 18 53 7 86 36 29 
76 26 57 31 8 97 21 59 70 86 57 72 87 92 8 66 9 60 87 53 93 1 35 67 67 30 62 53 37 1 35 74 39 39 72 38 6 88 82 58 3 11 73 68 22 95 99 87 85 14 94 21 46 39 11 10 79 19 59 58 65 79 49 48 54 27 55 26 53 99 91 95 34 1 40 25 56 79 67 1 18 12 17 44 67 8 22 53 16 92 52 70 38 98 67 1 41 64 56 26 79 62 78 33 45 11 12 37 38 21 78 78 73 72 25 70 80 23 73 55 100 97 33 48 94 47 30 67 
1 29 67 27 97 17 4 5 46 25 32 54 64 32 69 55 27 62 53 39 99 34 7 100 77 84 67 9 5 73 2 59 56 2 44 14 38 48 5 65 96 52 11 30 36 1 10 79 84 14 39 53 72 20 63 23 3 7 52 45 84 58 32 77 40 63 45 67 3 56 31 8 89 16 61 39 93 20 65 87 75 71 72 48 85 68 91 9 45 85 77 86 47 16 72 64 24 36 84 58 20 15 80 3 84 83 47 75 46 1 26 91 55 82 94 69 21 10 76 18 49 76 42 64 99 100 40 43 
96 26 18 82 19 51 69 7 95 18 57 19 62 58 66 31 56 1 87 42 37 39 81 31 99 28 7 92 80 93 35 50 25 55 40 46 11 56 15 7 88 75 37 12 44 5 91 17 75 76 73 11 27 24 65 4 19 60 36 49 60 26 7 27 91 74 34 90 4 53 97 84 98 88 59 73 39 85 70 37 100 85 27 63 63 36 39 8 6 96 63 14 4 93 47 58 92 35 88 1 54 67 25 86 17 38 14 15 57 22 94 27 24 11 87 80 46 55 1 46 47 69 22 4 48 88 17 15 
64 24 46 37 4 92 60 79 79 72 4 40 96 64 31 85 95 89 26 57 12 73 49 6 76 5 54 7 33 27 72 35 91 24 59 76 59 28 51 2 71 88 16 28 32 42 2 96 48 30 50 22 88 24 57 14 44 30 22 86 76 97 28 78 61 37 23 89 49 33 40 78 36 28 42 92 97 28 69 40 16 59 80 21 75 91 66 34 58 100 14 35 93 86 47 72 48 43 17 91 61 14 7 18 98 43 38 53 28 30 57 69 63 5 24 65 67 12 11 93 29 61 4 75 69 78 94 28 
2 70 22 12 42 43 59 46 48 12 96 46 80 73 50 33 44 45 30 95 77 72 22 72 93 54 68 96 63 25 9 55 34 35 87 74 79 64 15 60 52 18 34 55 28 6 51 92 50 6 84 24 61 61 37 26 6 99 65 29 9 98 13 80 88 8 84 91 83 82 31 89 74 78 86 5 100 87 75 5 17 41 96 72 39 96 65 90 10 79 49 35 15 41 41 38 20 12 57 15 78 24 72 86 87 28 65 92 85 26 27 78 51 89 91 93 44 27 50 71 47 44 35 98 70 17 67 6 
99 83 25 2 40 78 48 77 97 26 86 97 41 26 47 28 33 33 80 6 54 78 60 32 17 44 4 51 77 25 45 47 63 41 24 93 49 3 52 37 8 22 95 84 43 43 90 43 6 83 28 22 82 19 71 89 12 99 41 36 50 29 60 51 61 8 51 86 46 31 85 70 5 54 37 55 41 85 58 84 51 8 89 27 56 5 67 22 13 72 49 76 21 45 45 42 34 94 31 91 24 4 17 24 10 30 1 99 11 10 96 27 60 49 71 8 87 67 83 51 27 38 18 17 45 77 3 45 
7 77 60 1 33 34 85 32 14 12 60 95 74 59 40 59 63 70 17 13 8 59 31 97 42 26 57 43 42 16 77 19 64 55 32 86 27 82 1 77 92 25 2 24 99 83 8 26 97 26 94 6 74 91 81 40 7 17 23 27 99 23 43 70 66 66 7 8 26 63 73 13 35 80 15 68 15 58 85 24 100 51 70 2 37 8 27 76 26 5 92 23 90 92 80 80 41 21 47 20 97 33 82 58 82 62 1 51 77 98 25 93 100 74 59 71 27 84 29 48 19 27 91 100 72 40 44 96 
100 67 78 48 3 3 68 28 9 69 46 66 53 46 39 94 9 14 99 10 98 51 77 12 87 25 84 8 29 26 32 100 44 36 52 25 50 87 74 54 8 47 42 25 98 21 36 33 48 1 51 40 53 54 24 55 1 77 94 46 55 24 90 11 24 60 59 4 10 8 48 52 64 41 98 63 96 23 92 39 31 2 48 54 72 1 62 64 98 41 30 10 90 37 44 80 20 18 46 66 2 18 51 68 24 64 57 89 55 58 41 65 27 75 1 52 76 22 70 2 30 47 26 46 32 32 21 62 
89 37 15 54 13 95 41 97 35 11 93 93 17 88 72 92 32 68 44 90 40 80 76 16 3 21 11 98 78 62 26 86 65 81 49 54 52 9 92 4 57 53 39 15 79 23 7 62 2 22 73 90 67 65 7 23 21 88 72 12 32 28 16 53 78 18 51 63 82 28 87 61 66 18 59 20 31 5 35 65 57 56 9 1 64 97 45 17 56 67 84 100 95 59 7 43 29 9 37 13 16 3 11 56 51 62 1 65 61 43 69 75 97 48 9 8 81 97 73 21 81 98 20 48 99 16 62 1 
78 64 25 35 32 9 97 70 65 38 73 93 9 98 100 1 27 52 30 23 85 42 31 67 47 86 90 67 18 30 15 37 3 64 53 44 86 86 57 22 25 21 8 3 62 18 46 71 25 9 30 98 3 22 63 20 3 32 21 96 41 44 24 43 72 33 12 64 22 73 45 85 74 52 38 93 81 74 58 70 9 65 63 87 94 22 18 42 5 12 70 58 23 86 5 96 36 11 97 58 70 12 34 58 84 13 97 87 41 64 19 92 45 82 47 20 85 82 83 55 19 21 1 5 14 24 27 26 
53 45 5 84 70 41 93 19 63 38 76 58 44 67 16 71 13 13 85 20 72 81 66 94 42 65 68 8 74 43 2 81 19 24 37 4 45 44 63 72 1 75 1 36 56 44 26 20 79 17 23 100 85 85 76 15 41 30 36 12 25 68 92 69 81 10 44 95 30 15 81 21 78 31 46 35 16 97 71 52 6 52 55 37 57 37 49 73 98 60 35 24 69 97 23 80 85 49 17 98 81 12 20 99 16 64 19 4 97 40 56 67 71 36 66 86 24 28 61 4 55 66 79 97 66 38 62 92 
99 52 74 16 25 6 67 26 48 46 62 26 89 44 13 48 15 12 42 81 65 94 70 65 33 55 24 93 70 70 9 39 11 37 5 5 5 27 9 23 37 56 55 51 82 18 80 20 49 15 41 98 18 7 72 75 88 27 95 9 52 90 77 68 18 48 28 92 37 15 54 73 73 87 51 63 67 64 56 50 77 66 89 79 55 28 84 24 47 70 14 35 22 4 54 43 23 94 33 39 1 69 97 37 27 11 75 41 34 9 53 13 95 79 75 46 6 76 12 14 44 68 92 59 42 22 77 42 
30 67 83 26 67 61 14 94 58 53 23 15 90 20 71 67 8 85 75 69 50 12 93 83 94 38 28 100 78 11 76 59 22 100 46 75 41 72 83 80 29 91 26 39 95 99 71 53 62 34 87 56 51 4 69 73 90 100 19 73 76 37 93 83 98 58 74 34 48 92 73 67 16 81 46 11 40 26 81 100 29 42 72 12 96 73 35 78 44 78 99 4 42 76 14 30 59 13 25 69 46 64 2 89 33 89 56 50 82 11 75 77 98 17 54 44 87 61 15 98 89 100 40 75 21 17 95 33 
40 56 26 20 68 98 29 9 9 40 94 33 26 67 63 20 20 45 1 27 64 42 60 94 48 4 11 25 47 63 52 62 89 10 98 2 42 24 49 22 74 64 7 48 19 6 48 18 56 65 66 87 1 22 43 2 73 76 67 93 77 48 21 19 79 56 23 15 35 42 17 53 81 68 78 98 76 97 3 34 52 23 96 35 99 52 21 50 65 66 4 74 33 1 88 10 60 66 35 74 15 75 57 94 53 14 73 26 3 97 35 42 54 18 75 66 53 70 67 99 12 5 11 58 40 41 18 22 
64 16 33 20 74 5 95 40 56 62 59 16 86 95 87 67 4 54 55 37 35 94 85 36 66 95 67 5 72 34 72 23 98 66 62 90 96 32 32 51 78 46 97 1 53 84 20 45 14 72 73 4 96 76 61 11 41 96 31 43 78 41 100 98 93 97 83 30 53 40 57 44 82 86 65 42 100 14 41 12 32 97 63 23 54 8 99 61 75 58 1 73 19 17 49 25 10 24 48 60 91 61 72 41 50 6 68 93 13 52 16 50 36 60 1 82 73 10 81 63 99 100 40 60 35 91 26 2 
1 85 69 100 50 56 26 76 75 99 58 84 25 85 22 59 30 60 62 48 39 26 16 68 83 14 13 1 32 24 1 82 82 52 55 32 54 63 56 58 53 63 54 62 92 15 15 21 1 12 85 84 76 80 91 4 82 42 70 19 11 96 27 65 98 23 68 77 8 66 22 35 82 63 48 27 85 95 60 16 99 38 14 87 68 59 58 23 35 7 38 11 40 22 35 92 11 22 86 35 83 61 74 19 98 43 40 80 72 9 50 66 73 69 85 93 98 3 34 26 93 28 33 38 65 2 21 16 
16 21 22 89 30 63 41 66 10 2 83 87 58 42 77 42 4 57 17 53 84 49 20 27 95 31 95 71 50 32 60 61 50 46 97 36 24 34 77 27 4 29 26 17 31 91 13 11 24 90 68 100 31 86 81 97 71 32 100 75 53 11 78 17 36 44 78 46 47 84 39 68 63 34 97 47 78 31 61 96 64 27 96 69 50 65 15 83 68 59 55 35 20 21 55 44 67 18 7 74 96 41 93 75 62 6 26 2 75 1 52 53 31 41 84 24 28 79 13 57 39 57 97 56 9 84 18 60 
28 12 89 54 15 22 84 27 52 92 48 98 49 83 52 55 6 8 60 59 73 95 32 30 29 73 38 7 5 43 74 9 26 64 93 47 29 66 38 18 60 76 53 71 87 12 50 11 72 5 16 73 46 47 88 77 17 19 42 6 35 96 40 32 53 2 98 40 19 64 91 6 39 18 35 93 84 78 18 87 34 38 16 16 20 28 48 90 67 55 60 32 58 11 33 7 49 85 67 83 56 25 24 48 83 14 88 27 9 98 30 9 15 71 78 78 22 44 99 98 5 55 91 99 29 60 37 9 
78 95 100 59 85 35 74 20 100 23 5 35 9 29 83 19 100 16 80 59 12 69 59 81 60 69 34 6 97 87 89 17 55 55 9 73 21 3 73 42 71 51 45 14 96 36 35 16 48 41 98 6 8 66 77 45 31 31 43 45 81 7 74 66 7 33 36 15 23 100 37 80 30 71 51 29 86 34 4 12 17 55 63 30 58 96 83 3 7 14 75 31 58 65 76 45 48 49 96 3 74 14 57 69 56 85 78 13 56 23 34 10 24 24 19 48 14 91 79 97 44 54 92 94 40 17 17 12 
63 25 6 79 31 35 35 98 73 34 82 89 19 58 17 82 33 17 50 8 92 33 16 90 80 69 4 29 78 12 21 71 67 57 86 74 92 8 70 70 58 91 68 52 11 20 95 75 47 90 38 25 23 63 48 69 76 35 21 8 33 17 76 88 12 35 96 94 16 9 29 19 3 59 53 83 25 29 10 43 29 40 54 56 95 70 95 33 97 39 84 87 96 5 95 25 14 54 95 48 67 75 89 76 44 22 46 95 48 71 26 35 64 41 52 73 71 60 52 65 66 27 21 13 40 92 13 24 
85 48 14 12 48 17 2 23 15 63 34 62 5 88 74 32 46 36 74 22 14 10 82 70 4 15 64 24 97 34 18 58 40 41 20 39 3 77 23 49 61 63 78 55 92 88 25 30 55 25 90 71 13 60 12 30 34 51 9 85 36 43 58 48 39 58 53 70 53 85 33 79 48 28 94 75 80 57 85 32 23 55 31 79 71 72 83 82 28 74 84 45 23 58 18 75 72 51 13 36 48 16 82 22 95 8 44 55 43 45 5 33 11 3 100 92 88 25 15 99 99 62 94 56 66 21 6 73 
79 29 19 18 89 5 51 35 17 64 47 31 31 33 23 47 93 39 72 92 46 54 20 19 91 31 92 45 39 82 9 93 99 75 65 8 46 86 45 21 77 37 3 79 52 36 69 56 55 66 72 93 73 44 14 58 74 73 72 80 57 42 55 100 34 77 18 66 52 84 46 78 37 66 16 43 75 12 55 36 77 21 34 61 95 47 48 42 62 95 41 46 69 54 92 21 24 90 59 73 57 4 76 73 37 13 12 39 24 84 62 23 45 98 58 82 74 99 25 8 65 84 48 10 21 48 16 4 
62 13 99 16 11 13 15 49 32 46 92 51 56 51 55 70 4 68 45 37 83 76 3 92 93 45 34 73 73 82 72 65 65 83 26 1 39 23 97 97 42 23 6 94 42 74 12 73 25 100 97 43 92 21 47 70 45 81 10 29 92 64 52 27 18 39 21 75 4 73 31 47 21 55 29 94 9 1 30 46 15 4 98 33 77 52 56 8 41 82 5 28 83 20 79 22 74 72 59 8 46 76 35 15 83 26 69 19 37 97 19 32 60 36 12 91 49 97 74 81 65 6 97 47 39 80 84 36 
57 4 73 26 15 75 47 95 65 87 6 11 38 23 56 80 69 91 85 87 29 91 16 27 71 7 92 36 76 61 100 16 86 72 68 53 71 49 13 6 32 86 36 73 93 15 81 64 9 95 54 46 11 3 31 41 7 84 28 34 39 22 93 10 50 88 47 77 6 3 34 56 71 70 67 4 35 68 58 56 7 33 96 40 40 84 65 98 67 76 95 40 87 14 26 27 62 22 4 17 63 14 32 68 14 38 83 1 64 36 76 53 7 31 69 73 51 86 83 19 45 79 23 5 97 36 10 67 
55 18 83 93 80 89 100 65 87 83 82 84 78 71 87 59 13 15 90 41 80 58 11 100 59 62 58 7 54 84 24 62 41 12 23 100 42 49 12 26 56 1 76 99 85 59 8 13 52 83 99 99 90 35 2 52 96 76 61 99 65 9 68 27 16 2 44 8 8 29 64 64 42 32 58 62 47 28 66 46 37 63 29 63 28 49 18 36 62 53 52 20 4 88 51 57 90 12 40 20 24 61 57 70 5 60 39 17 6 78 74 14 96 13 16 43 22 34 9 1 96 52 23 93 68 78 71 27 
79 68 66 89 89 59 36 45 15 87 4 58 54 42 89 2 42 40 5 8 74 50 70 77 96 99 85 99 56 68 57 17 65 45 57 83 74 33 91 70 6 83 100 46 9 10 9 41 63 63 40 16 13 33 44 64 73 41 75 94 38 91 77 15 91 24 91 16 16 94 49 18 95 67 73 73 32 16 42 90 21 56 28 48 15 80 15 85 83 49 25 78 96 17 11 82 58 52 68 28 45 59 33 71 30 54 93 58 12 99 13 20 58 24 45 11 19 97 51 36 85 50 94 19 4 45 43 28 
28 52 7 37 18 74 77 73 2 67 36 48 16 63 45 64 67 29 43 37 60 16 21 14 69 87 21 34 32 3 54 87 93 53 26 49 97 30 10 17 61 26 33 64 28 84 99 68 17 57 71 49 98 46 65 10 82 90 31 75 39 30 100 39 85 88 31 28 34 16 26 11 88 100 2 21 56 66 31 12 46 90 66 84 59 40 44 17 39 67 81 70 31 44 25 11 11 10 33 89 67 13 98 98 26 2 70 76 35 61 93 41 19 56 11 97 47 75 43 84 44 31 52 96 49 34 100 39 
45 6 4 61 29 71 43 5 51 83 19 97 87 91 22 37 35 97 56 53 32 19 7 76 11 13 74 75 97 13 43 67 92 20 45 15 55 77 73 5 88 38 21 18 95 31 85 100 90 75 29 76 39 61 11 27 7 9 68 21 75 47 70 29 4 95 89 88 18 18 28 34 33 41 19 88 80 79 70 87 79 12 74 96 75 30 87 66 30 41 53 46 73 23 7 19 50 60 58 53 65 13 29 10 18 76 32 45 18 57 73 64 22 29 85 23 88 34 95 27 92 72 31 33 74 88 60 13 
75 91 43 73 70 91 24 51 48 1 33 3 69 75 42 60 87 62 68 19 24 14 42 87 2 80 61 7 87 8 27 1 25 35 38 31 99 97 26 47 19 77 10 50 76 82 15 95 57 69 10 36 40 51 55 32 22 63 77 61 80 32 71 36 48 32 26 82 13 98 34 89 49 56 86 24 4 17 59 85 66 33 53 62 96 53 68 6 13 72 80 58 95 77 53 26 68 88 44 86 83 36 97 48 44 39 77 99 10 32 10 61 69 68 72 64 37 62 96 57 16 52 89 57 76 47 37 92 
100 6 3 13 2 42 87 22 17 52 72 82 67 8 4 70 84 85 53 89 54 16 22 72 92 4 87 9 81 52 66 27 25 84 68 72 100 1 85 58 92 37 62 31 28 56 34 29 76 83 67 59 7 86 73 68 58 10 69 74 36 46 23 20 28 12 6 38 25 10 66 21 48 71 14 100 36 61 27 11 9 11 82 7 90 15 74 32 65 78 11 42 61 15 25 5 42 89 18 69 62 33 84 37 43 94 51 48 94 32 16 77 44 85 38 40 69 29 15 93 55 97 34 42 35 51 26 30 
27 33 63 37 2 97 6 11 24 70 84 93 98 10 80 79 10 88 8 9 48 26 93 90 5 61 93 15 2 64 98 59 65 38 66 99 71 75 65 52 46 58 74 71 97 57 38 39 1 79 25 70 92 42 40 56 41 9 77 74 54 97 11 53 93 13 13 2 93 86 95 56 83 86 53 48 47 58 97 53 41 1 3 38 53 79 44 23 7 73 12 48 100 65 57 96 4 48 82 63 51 15 62 82 36 74 78 70 18 72 5 43 84 90 91 17 53 95 78 2 89 45 69 24 81 35 38 75 
97 33 28 90 52 37 76 77 35 20 78 47 36 85 46 19 41 71 99 13 60 71 48 49 66 71 34 97 64 77 69 96 20 2 83 72 40 31 58 13 31 47 49 89 66 44 18 73 20 26 48 42 84 95 16 6 35 23 10 96 56 43 65 2 30 48 50 85 78 38 51 86 72 15 20 25 1 91 81 18 68 89 76 63 75 58 19 94 81 7 19 33 33 48 1 9 27 77 30 4 46 89 94 88 81 21 50 6 31 95 4 29 77 95 21 16 44 14 89 58 32 21 56 24 15 72 5 5 
88 94 44 45 58 3 55 67 91 19 64 27 70 39 66 34 82 99 85 62 71 98 95 4 89 26 50 87 80 51 57 33 11 88 46 65 12 94 53 54 48 33 56 14 85 85 72 69 28 80 48 66 96 79 2 21 81 55 48 96 40 29 23 8 3 1 76 10 78 78 19 7 20 90 66 38 27 75 56 37 95 87 11 6 83 100 14 21 1 19 77 23 84 50 11 30 75 10 58 77 94 37 44 6 57 80 34 15 91 8 45 19 57 20 93 84 31 6 49 75 34 53 47 2 45 24 60 57 
6 51 89 9 91 61 55 91 35 75 27 90 93 26 16 96 98 80 98 39 59 20 6 22 19 85 81 72 48 59 58 92 38 10 55 67 35 31 2 74 99 69 90 18 95 92 9 78 25 100 60 70 91 78 1 44 25 30 54 85 82 42 22 77 86 14 2 14 74 49 73 3 42 1 21 77 67 81 91 80 68 82 15 65 38 94 51 25 2 79 96 47 46 75 82 1 8 18 88 27 36 4 48 98 76 86 90 66 90 67 72 91 66 75 24 69 63 77 86 43 26 48 8 28 66 64 2 81 
11 54 99 82 42 72 74 62 26 2 29 81 81 82 58 61 94 69 44 18 39 3 45 8 92 96 78 57 84 56 54 41 57 39 23 37 61 14 67 55 79 43 89 7 57 23 94 2 78 1 54 98 94 77 78 14 34 98 96 21 40 26 81 88 96 8 92 75 54 53 53 95 61 80 84 73 2 100 98 64 58 67 100 16 100 21 19 11 29 31 57 68 76 87 70 84 6 94 69 99 26 59 19 7 29 6 49 18 53 61 53 64 29 79 37 55 55 69 14 8 55 55 58 100 43 99 99 78 
73 20 54 50 42 54 24 18 16 93 24 77 43 83 80 12 94 89 94 71 33 12 24 63 21 84 59 6 60 9 74 38 16 60 49 50 56 71 22 87 36 90 63 24 3 48 38 17 91 92 63 18 97 38 94 69 75 91 89 9 80 31 73 64 83 44 96 92 46 20 75 96 92 34 87 12 3 46 19 99 61 28 45 93 11 14 57 44 34 86 77 74 40 72 23 69 34 55 34 2 36 74 29 98 9 1 67 76 64 11 2 19 70 64 27 85 56 17 69 21 78 84 1 93 67 24 84 87 
88 12 11 3 92 37 53 77 65 23 59 37 91 39 83 21 90 73 17 20 98 1 42 14 84 77 33 47 4 90 34 50 57 82 94 19 69 94 51 84 88 3 43 41 39 10 81 53 47 41 42 44 7 22 63 72 12 98 11 40 50 58 3 14 85 99 30 66 60 59 12 25 74 2 25 26 76 96 9 56 6 14 99 49 83 37 8 59 50 65 67 66 98 89 12 75 49 92 12 66 32 46 98 9 2 72 34 67 65 52 68 100 61 71 25 100 6 61 48 7 10 11 93 62 29 14 69 70 
34 45 43 97 66 66 26 76 6 72 24 8 15 78 78 5 88 13 76 71 2 21 18 9 65 92 39 27 92 49 57 68 12 14 23 18 38 58 56 17 7 38 42 16 33 64 82 20 75 98 87 99 67 36 36 67 50 70 4 30 60 17 56 26 68 86 22 42 67 72 5 56 11 69 9 92 48 7 69 79 100 64 42 89 37 6 63 36 10 34 9 72 49 69 57 25 99 80 50 66 29 1 57 4 84 45 93 32 93 87 57 44 13 32 28 36 16 55 95 18 19 45 98 63 85 28 89 47 
34 76 14 16 9 32 92 100 78 97 87 25 33 91 40 82 15 87 17 37 5 32 3 67 49 64 48 72 37 85 41 34 2 87 45 99 43 16 99 63 57 41 47 42 24 45 39 2 75 52 29 96 80 61 85 40 100 79 63 4 75 28 49 73 9 72 76 31 81 84 27 74 44 47 65 54 65 43 14 67 51 4 82 27 11 14 83 44 69 90 12 37 19 76 92 60 66 41 51 99 3 29 73 45 61 62 75 51 64 97 21 90 20 27 26 12 65 28 43 87 30 40 95 64 51 85 2 75 
32 8 98 14 47 59 55 79 97 9 50 85 76 18 2 67 11 7 77 89 17 38 90 11 56 9 9 87 25 4 6 68 89 79 41 60 96 98 16 61 10 70 100 29 48 39 82 81 74 51 33 65 51 50 43 42 96 94 72 86 93 86 5 84 65 32 86 48 13 1 16 71 28 10 74 85 87 8 60 26 60 66 73 67 40 1 32 64 46 75 66 64 33 74 25 43 54 71 93 92 68 100 32 24 36 5 36 29 25 64 18 8 44 50 71 78 63 87 28 31 71 73 60 26 5 96 42 92 
40 44 92 87 68 80 7 79 97 94 63 55 28 7 20 70 88 56 70 93 44 87 50 75 5 70 61 91 88 12 30 21 88 3 76 31 15 71 94 49 42 49 35 55 17 80 88 80 13 63 75 55 67 7 54 31 47 59 44 22 55 15 39 5 43 62 19 43 21 57 57 31 83 38 96 14 49 30 23 55 52 38 68 98 65 60 31 77 38 88 92 30 61 98 46 59 93 39 89 66 67 60 36 69 37 25 49 59 88 93 38 90 21 88 63 26 95 75 23 87 52 77 30 55 34 77 1 52 
88 82 24 73 27 67 40 97 17 9 33 10 75 55 77 65 42 89 7 12 71 48 47 10 23 21 57 75 37 95 64 86 69 52 82 29 27 79 59 52 15 91 6 35 9 16 80 66 47 21 31 6 4 74 89 16 16 63 10 63 95 90 26 72 20 65 62 54 56 14 56 93 100 86 36 95 6 13 10 57 16 20 89 14 12 94 2 17 77 1 3 98 46 25 68 50 90 25 62 61 82 69 78 16 42 45 5 58 45 65 39 42 23 70 17 75 100 21 43 2 91 29 45 9 95 100 66 63 
17 13 94 57 41 17 35 13 33 71 72 53 35 19 48 67 28 32 93 74 37 37 91 46 2 3 22 3 90 54 60 73 91 83 8 60 24 41 50 27 88 16 48 75 43 54 84 83 4 62 20 96 77 62 48 84 98 100 62 75 48 80 49 50 90 15 55 83 99 63 83 74 88 92 79 43 70 64 55 2 80 8 84 2 78 64 35 13 58 19 99 35 66 75 100 10 68 45 23 47 91 10 87 29 2 32 15 19 80 95 27 54 41 17 98 2 62 52 11 96 26 55 4 87 59 56 84 45 
77 53 10 51 44 87 75 26 55 72 77 76 5 57 66 27 51 72 21 95 71 44 7 29 88 31 14 83 96 83 13 22 90 41 60 55 15 85 40 90 44 89 82 23 18 21 24 36 85 94 91 36 50 67 52 98 70 52 83 66 48 57 8 97 63 76 20 27 56 56 76 51 37 89 79 53 24 57 11 12 92 78 37 90 77 53 35 82 93 99 11 14 2 12 7 23 100 71 52 27 33 87 26 19 25 46 45 81 54 59 34 63 31 82 15 50 13 16 49 55 64 65 83 97 19 90 85 2 
62 81 85 85 30 26 58 33 30 15 51 7 78 66 61 3 46 43 70 35 30 4 21 68 98 21 6 8 84 69 27 43 75 60 26 36 13 68 44 7 30 75 40 56 52 94 31 38 94 76 27 58 74 55 82 91 40 29 3 32 48 15 51 23 77 89 10 93 48 25 41 61 97 25 35 65 14 88 60 99 77 9 52 66 90 18 61 26 59 77 29 61 56 62 15 68 42 11 46 1 49 88 30 57 98 41 55 84 65 74 73 77 33 14 30 7 61 47 90 5 44 34 65 46 74 14 63 50 
19 74 21 9 94 36 29 63 55 61 37 48 96 89 94 38 28 40 66 66 67 56 18 66 60 68 17 41 59 52 50 22 94 27 49 45 78 9 57 15 51 49 73 87 12 87 44 5 86 43 48 41 48 12 15 47 44 22 80 10 51 54 89 38 61 97 79 74 39 60 46 2 54 85 91 93 57 71 58 41 56 9 62 69 11 23 40 9 51 94 44 89 72 73 33 8 62 36 67 91 94 51 16 26 4 76 51 83 28 50 97 57 67 86 55 92 24 24 80 16 35 8 87 53 77 98 54 59 
46 23 73 81 28 8 84 22 68 76 76 38 20 65 65 73 1 42 40 52 79 31 8 97 31 29 37 90 47 79 89 25 61 37 73 86 61 16 22 92 92 44 86 100 79 35 31 26 3 7 18 8 50 86 3 19 50 40 24 61 53 25 84 97 65 17 86 98 71 4 87 58 35 39 96 54 24 69 55 92 43 36 37 70 29 24 37 5 37 58 90 56 98 100 94 5 31 66 50 43 42 27 22 98 58 53 65 51 72 61 30 48 72 4 6 41 80 44 54 6 90 35 88 52 52 79 1 28 
65 61 99 81 69 6 65 100 25 99 55 49 99 48 23 57 100 66 79 85 12 95 96 50 49 30 99 29 15 93 34 71 13 81 18 35 49 93 15 59 69 50 52 82 43 10 64 56 85 26 58 51 26 9 13 14 78 24 30 35 52 14 33 38 39 78 91 61 72 14 61 45 76 10 50 63 28 32 96 94 10 1 89 66 33 62 71 57 18 93 68 35 40 5 48 36 60 66 73 56 92 25 96 48 72 3 44 8 81 29 26 81 78 91 33 50 16 83 53 66 100 92 35 92 23 22 56 55 
78 71 42 48 79 64 12 73 62 54 56 32 24 86 75 98 29 13 27 48 26 100 82 97 84 34 39 80 86 20 94 74 33 78 21 86 87 78 63 81 1 4 69 40 73 84 87 60 92 26 29 3 47 19 11 17 20 49 54 83 85 63 33 1 22 76 23 4 46 8 99 82 42 94 57 74 75 36 40 21 43 58 49 79 97 61 13 39 3 68 74 89 1 2 4 35 65 90 50 11 89 22 80 52 27 54 59 16 76 73 65 59 50 93 7 64 8 64 76 52 39 27 99 99 68 22 16 61 
3 63 34 32 9 55 69 24 30 88 29 63 27 36 32 48 76 40 75 57 16 8 50 86 19 2 80 96 39 97 59 100 83 83 17 26 62 50 83 96 13 12 86 31 19 90 76 37 5 60 45 44 86 31 5 23 18 74 19 86 24 53 76 13 37 59 35 54 15 67 88 99 40 38 64 9 68 58 63 8 63 18 67 87 27 66 18 85 30 57 90 27 26 37 18 97 36 63 99 56 52 47 55 12 30 15 60 87 69 91 61 29 67 23 11 57 14 13 40 35 23 65 65 57 63 2 50 37 
49 8 35 49 7 66 13 92 64 47 60 46 21 7 98 66 87 2 83 47 6 69 12 45 14 48 73 86 54 23 90 28 60 27 93 89 47 40 55 50 53 89 53 63 4 71 34 28 85 20 11 20 7 66 44 24 87 33 60 75 43 82 12 59 7 39 56 90 98 23 63 36 67 56 28 91 26 25 27 69 92 55 20 2 9 55 49 61 22 5 73 77 17 3 11 86 87 99 22 82 18 25 24 60 21 91 89 43 39 44 1 38 9 13 52 6 14 87 19 11 83 99 59 42 70 5 34 84 
74 97 32 96 46 57 26 11 23 22 53 2 47 67 11 60 9 81 49 58 38 5 19 89 53 54 33 60 73 73 57 66 4 75 76 5 67 38 21 7 52 89 94 3 48 73 72 88 50 21 42 41 56 42 75 62 32 51 44 56 37 53 85 14 51 74 36 82 4 91 62 88 66 45 74 80 73 24 71 31 14 59 36 17 13 89 1 12 34 87 64 54 41 54 34 62 82 83 52 56 71 62 7 23 80 33 6 80 68 98 63 9 8 32 52 66 13 89 83 50 50 51 16 45 88 8 47 97 
33 44 6 1 61 75 80 10 46 98 82 94 94 50 15 10 79 70 98 17 29 31 75 87 4 65 81 77 8 68 11 51 78 15 31 58 80 78 81 69 60 78 39 67 57 60 95 94 54 76 39 25 73 26 36 21 23 58 1 84 13 7 24 84 54 26 24 25 28 13 16 61 21 54 87 19 44 67 7 54 72 41 15 10 82 64 25 52 18 76 75 61 24 76 34 65 90 19 30 46 55 50 73 70 14 33 99 15 95 68 92 1 1 98 82 56 36 27 49 32 44 54 77 41 56 4 54 82 
83 21 98 89 65 23 46 47 50 40 71 60 34 7 30 74 78 36 88 61 28 9 67 61 58 11 3 36 36 61 65 72 24 7 10 64 73 87 100 95 80 39 50 50 18 57 25 95 45 42 17 75 23 70 50 75 37 56 77 57 76 16 99 74 76 34 11 25 49 24 56 37 30 94 78 1 56 11 39 92 44 38 81 95 91 97 67 46 22 72 54 92 6 99 95 97 74 38 18 32 99 79 4 76 54 17 85 94 67 45 13 47 29 99 13 22 99 72 85 19 33 42 66 85 89 31 88 70 
37 45 27 83 25 63 11 72 26 33 98 53 60 42 58 52 27 29 98 79 17 36 67 85 25 62 31 39 47 43 16 55 59 2 62 94 9 5 37 54 93 21 47 82 6 22 22 71 92 69 32 17 66 27 18 84 24 63 29 98 50 58 82 20 38 88 13 67 67 93 92 14 14 45 39 6 65 57 34 30 70 89 19 63 3 73 34 13 69 17 52 38 30 89 93 31 22 34 41 59 50 3 25 27 30 57 16 19 32 72 98 43 6 78 97 23 74 9 23 34 53 55 71 16 48 3 12 57 
100 70 37 31 67 11 63 67 23 81 34 3 88 2 12 12 46 92 32 11 15 63 89 72 27 19 65 49 60 27 42 86 19 85 1 44 5 42 13 41 6 73 20 57 82 94 20 43 83 26 21 59 25 64 83 77 11 44 23 29 6 70 91 86 59 99 86 30 80 38 54 76 82 22 45 39 49 17 11 83 33 87 57 85 67 41 8 48 58 61 97 56 85 98 68 25 97 1 78 43 19 54 31 19 19 86 58 31 55 58 22 77 84 48 44 51 68 31 82 65 86 40 40 61 1 86 10 96 
43 82 9 27 69 91 25 36 97 95 76 36 15 81 67 4 55 80 98 63 46 83 51 94 91 64 12 20 87 31 78 67 18 99 16 61 79 5 11 94 14 3 85 7 20 66 1 100 3 2 95 20 49 38 87 91 10 26 71 28 88 43 26 69 12 19 62 52 97 75 32 96 78 86 18 7 89 99 28 77 39 70 93 75 96 38 32 23 9 5 7 84 40 18 90 27 16 14 98 91 36 69 50 72 25 3 71 43 65 54 8 51 88 10 74 56 59 26 97 61 6 26 84 86 26 38 53 16 
74 97 87 84 92 57 9 77 54 58 85 55 3 70 59 55 94 40 73 28 71 82 54 44 49 37 42 29 8 71 26 69 60 64 70 66 74 42 43 68 60 49 55 92 54 1 54 92 6 60 29 6 26 31 55 42 16 43 47 17 38 63 69 20 18 36 10 49 31 85 60 80 80 22 49 77 50 33 40 34 32 66 78 28 33 75 77 100 99 44 34 9 59 49 58 68 98 17 83 57 86 8 12 53 100 61 21 90 24 4 56 59 1 5 22 38 100 92 74 57 81 73 99 27 28 19 90 28 
83 45 67 68 87 99 4 96 22 75 19 69 32 94 23 63 72 60 71 87 11 33 37 28 15 53 13 34 5 8 52 3 84 80 8 37 67 73 77 6 85 62 74 48 9 55 54 53 89 58 26 46 25 14 18 14 12 2 80 69 14 38 35 66 51 62 79 47 85 1 46 4 62 66 79 10 66 12 73 68 35 25 3 54 58 23 81 57 15 78 40 82 77 48 79 34 4 27 64 76 92 93 10 85 65 15 29 52 78 83 13 81 97 74 66 39 7 51 82 51 78 59 96 34 77 87 75 65 
97 30 28 98 29 87 77 69 33 26 94 76 48 12 70 62 46 37 92 25 32 5 59 17 54 5 35 13 42 64 46 75 58 6 46 40 41 26 90 50 80 82 43 54 58 15 88 86 50 83 95 9 19 11 17 58 60 36 75 82 91 7 91 69 96 75 88 85 29 59 69 42 90 39 90 23 74 82 59 78 48 51 76 88 22 78 98 84 72 67 66 11 5 6 79 100 88 58 59 27 20 16 33 53 94 59 67 45 78 92 72 37 51 69 18 26 84 79 78 60 1 16 34 35 9 95 46 86 
92 76 20 46 61 73 39 61 33 98 44 28 38 52 84 71 45 69 23 25 12 32 17 77 94 5 22 71 83 30 46 47 27 27 47 25 30 64 27 78 18 85 42 73 96 18 70 20 25 79 23 1 30 10 34 22 77 32 64 8 7 55 36 45 86 14 30 8 11 73 63 37 53 27 25 14 48 37 73 83 20 92 51 33 26 72 33 82 11 15 35 33 51 35 92 74 53 42 49 11 76 31 64 41 81 98 93 27 96 77 12 86 90 30 17 35 96 8 5 40 90 19 69 18 59 10 6 36 
38 61 35 6 95 56 76 92 77 52 99 57 8 91 4 99 88 70 52 41 54 84 38 34 98 17 84 54 81 23 85 76 59 13 75 65 91 77 39 55 68 36 76 27 11 20 71 43 16 48 26 61 39 32 98 65 92 37 43 33 93 80 83 85 61 56 71 4 91 63 10 68 52 99 60 59 74 75 20 63 81 75 16 81 92 43 64 29 2 96 21 16 35 36 70 51 92 71 22 27 75 2 27 90 25 21 37 50 46 57 73 87 47 22 85 66 74 60 35 33 12 18 80 92 53 38 2 72 
8 19 31 55 57 39 21 79 93 28 89 12 16 22 88 54 29 1 71 51 12 49 15 1 79 37 85 37 19 5 16 51 28 61 55 90 59 87 59 29 93 96 4 82 66 95 26 61 25 50 43 15 42 18 57 29 41 97 66 92 59 9 11 96 5 72 64 19 2 44 7 23 35 6 10 63 46 70 50 54 76 52 83 41 63 81 60 37 23 79 80 62 61 19 35 25 44 46 21 85 28 12 18 10 48 42 63 65 37 49 74 67 42 51 76 65 91 1 8 91 68 60 10 39 17 18 91 34 
31 51 31 22 25 79 36 100 83 41 54 100 56 12 11 83 49 81 39 62 83 12 43 71 74 42 58 25 22 60 52 35 38 20 60 41 14 83 64 48 64 40 100 26 4 50 69 55 43 51 41 94 98 46 62 36 74 56 8 56 16 59 10 9 89 76 5 4 35 27 41 46 6 7 69 60 2 12 57 74 46 84 15 94 14 7 55 46 26 40 100 83 76 70 37 12 27 15 89 11 32 34 68 22 17 28 62 22 54 74 28 32 34 95 67 17 56 80 53 51 97 19 50 71 3 31 80 91 
49 22 49 36 95 2 100 79 12 84 68 91 29 40 96 51 25 31 22 49 53 99 97 11 3 2 60 95 61 58 31 57 15 46 30 5 22 23 82 53 33 57 40 58 38 17 66 50 46 92 40 85 80 8 45 90 7 68 12 38 19 16 26 98 72 64 48 78 20 43 26 91 67 54 40 73 52 4 98 33 2 61 72 14 47 82 27 23 12 10 17 27 56 11 27 87 71 9 21 48 95 97 53 47 19 40 37 2 83 9 38 26 27 1 11 35 47 38 43 15 40 73 36 57 48 56 35 61 
53 50 80 37 75 69 46 47 36 61 6 62 93 4 78 66 36 59 16 90 83 45 60 50 72 35 75 3 24 7 72 37 1 48 24 71 61 64 47 48 95 100 13 5 70 42 20 100 8 73 32 96 30 44 96 93 3 19 8 98 35 93 45 63 18 38 17 48 25 50 77 8 6 4 11 31 53 21 85 10 44 95 17 39 70 28 63 94 36 53 49 7 30 45 79 28 7 10 85 58 80 82 22 31 90 17 20 42 50 26 75 87 35 76 70 15 28 25 23 54 50 28 35 98 57 13 1 92 
9 29 25 65 100 6 60 62 97 73 70 80 17 69 52 14 74 5 5 61 99 53 68 80 93 3 20 95 16 6 78 7 33 48 81 24 88 40 14 16 47 8 80 51 88 44 68 31 32 82 1 12 33 76 85 46 58 76 56 78 84 19 73 22 33 5 26 23 68 44 77 13 39 28 71 34 39 64 81 69 66 13 67 83 64 20 54 23 100 4 84 85 84 50 56 94 50 40 65 93 71 33 75 70 90 48 88 66 71 33 77 44 60 25 33 51 41 39 41 66 3 16 82 51 52 54 90 30 
9 28 35 62 22 4 21 40 19 99 7 73 37 11 24 8 63 84 11 14 39 25 27 69 17 81 66 38 74 91 98 5 42 67 79 73 12 12 29 46 39 35 70 50 59 6 38 41 52 50 2 49 85 56 91 52 7 13 9 61 57 45 15 54 99 73 61 85 23 82 48 63 9 84 10 91 13 15 70 87 39 100 27 40 30 93 14 72 21 36 92 74 40 99 98 14 27 24 5 40 64 66 27 59 56 53 25 34 26 21 82 79 98 68 1 59 87 98 17 54 51 23 69 25 56 40 95 25 
60 51 33 20 66 87 30 79 82 13 19 71 35 33 33 55 13 95 68 54 41 21 48 37 43 77 33 41 72 62 67 40 38 35 21 19 72 45 19 84 22 15 63 71 75 52 31 71 60 71 46 83 16 27 64 81 67 82 96 12 98 37 66 28 40 25 46 24 37 6 89 99 5 47 10 8 13 32 44 30 78 82 13 46 24 35 23 87 96 95 20 2 11 61 28 89 97 40 81 41 34 60 94 89 85 14 54 43 36 31 98 52 99 85 95 47 52 18 15 44 58 86 80 89 31 10 95 77 
34 95 87 10 24 28 2 97 16 93 98 16 79 19 48 55 78 98 62 72 31 19 78 63 33 60 25 14 33 70 5 71 6 89 53 92 14 21 23 68 55 64 43 25 14 9 27 45 24 91 82 87 52 44 97 33 50 57 51 72 85 79 83 86 22 22 60 32 13 99 79 19 47 77 82 28 84 27 60 14 6 80 88 52 50 6 78 85 12 1 30 8 1 98 5 80 22 19 89 74 91 22 78 79 36 26 12 60 8 45 98 97 97 84 33 74 77 31 78 57 49 54 86 14 1 72 27 70 
49 52 99 96 76 84 62 87 83 65 11 55 7 80 57 45 28 72 5 77 100 59 53 72 38 2 28 85 41 48 75 97 4 56 97 25 51 37 1 13 27 62 82 82 21 93 38 80 90 10 98 16 70 74 22 10 73 24 89 65 31 44 21 29 90 98 2 80 68 78 96 11 32 31 68 28 8 1 63 24 62 27 17 1 46 53 87 88 76 21 82 10 16 88 77 1 24 88 11 71 35 34 42 14 7 52 52 37 20 74 8 81 13 12 80 73 31 79 76 30 54 12 51 84 17 19 32 43 
100 89 44 24 1 92 21 75 22 48 4 18 36 34 2 8 99 49 68 29 40 69 94 86 68 77 25 7 80 13 66 19 48 62 66 30 15 69 54 47 18 98 99 34 27 82 1 18 6 83 98 49 19 60 2 6 40 79 55 95 4 47 41 39 97 26 89 94 42 88 8 41 32 56 96 68 8 59 100 66 54 61 41 74 48 26 76 49 17 75 26 87 39 11 42 36 98 10 78 76 27 77 5 1 14 57 92 83 27 23 46 3 65 68 66 76 52 57 90 40 69 57 63 66 21 19 38 64 
80 38 48 90 28 65 61 12 89 72 59 85 26 41 78 15 49 17 7 74 76 49 70 29 83 61 97 99 9 95 51 24 56 61 84 34 39 99 77 38 50 62 40 95 26 59 81 74 62 53 16 70 95 20 53 43 63 41 79 86 16 66 82 20 90 39 2 61 30 4 44 4 80 51 23 68 8 60 17 98 70 44 89 30 33 76 5 39 12 70 43 26 47 13 16 45 35 39 71 95 79 88 38 57 88 98 7 41 13 46 46 13 12 37 37 12 79 22 18 28 30 44 62 88 33 4 95 69 
38 57 98 69 10 76 42 62 24 14 39 65 22 41 6 54 67 49 23 97 24 89 69 31 54 51 44 87 45 61 62 44 89 69 97 42 53 81 68 62 85 7 94 86 10 76 30 43 80 15 35 32 51 80 60 54 50 96 63 71 23 31 39 26 99 65 59 29 69 37 62 6 30 73 64 89 4 55 2 100 24 91 24 40 19 11 87 30 83 26 83 40 83 51 70 10 26 12 14 30 58 68 30 63 52 65 74 61 47 63 51 64 87 66 44 28 78 72 36 30 69 47 4 28 12 82 88 84 
24 44 60 73 65 37 21 34 28 24 79 92 40 18 34 51 88 28 49 62 37 68 54 45 44 43 85 60 81 21 8 27 49 74 56 7 86 78 21 42 39 21 64 96 45 39 24 4 83 84 18 11 23 34 81 29 43 71 25 72 13 73 83 23 87 39 35 56 29 43 73 5 49 88 32 58 21 95 78 97 24 44 82 16 78 43 51 89 4 48 13 91 62 75 43 74 45 38 61 85 49 71 33 69 10 20 38 27 86 93 22 76 62 10 56 40 40 11 61 7 94 95 8 47 38 23 31 62 
15 68 62 93 68 59 57 37 65 30 26 75 89 34 3 2 88 59 88 93 18 9 12 85 68 59 64 38 79 24 69 27 18 48 85 67 7 99 52 79 29 30 43 35 36 60 89 95 39 50 3 34 41 68 44 44 83 64 18 77 11 61 41 33 42 67 63 9 57 47 67 81 3 83 35 7 31 54 21 89 35 13 94 96 56 80 50 91 49 51 53 18 59 54 33 9 46 3 85 91 34 2 14 96 36 52 5 32 97 97 25 9 81 71 20 88 11 77 39 34 8 9 96 68 90 34 70 20 
49 40 6 4 87 99 92 4 64 81 65 46 99 4 29 4 36 69 82 72 75 4 79 41 42 79 4 47 39 59 9 7 45 95 41 50 89 81 64 46 84 38 22 79 11 19 49 65 29 42 37 82 81 33 45 52 63 75 30 76 81 61 39 32 91 33 7 64 96 93 73 34 36 2 99 12 73 58 80 77 35 32 93 1 31 45 23 18 25 10 76 89 31 83 6 88 80 89 70 37 76 71 83 90 80 51 6 37 24 17 69 33 67 21 20 94 15 5 46 8 50 96 12 99 37 78 76 53 
8 11 76 20 33 89 63 68 25 77 71 58 44 53 77 100 15 6 13 32 68 56 49 56 5 45 57 43 19 60 11 14 19 2 85 82 90 92 1 38 17 84 25 49 21 2 56 89 16 44 33 95 12 95 71 5 21 35 77 28 73 70 43 96 89 47 57 94 32 99 38 20 40 36 34 95 43 85 53 94 70 26 61 97 12 24 63 14 92 47 83 47 38 83 88 14 13 85 63 17 58 75 53 72 38 4 89 13 39 45 35 63 69 59 17 81 4 23 46 94 99 31 61 43 95 87 37 55 
35 70 42 89 21 12 24 100 59 18 55 35 69 44 79 94 31 95 10 96 60 94 10 94 49 15 71 82 82 64 91 81 90 21 37 65 26 37 54 18 71 43 71 58 48 95 22 48 45 32 39 36 99 8 37 41 26 53 10 4 29 31 83 78 78 11 64 95 38 15 42 41 63 33 95 58 1 79 96 72 2 44 52 37 40 55 57 4 46 13 72 48 91 52 7 44 59 74 69 23 85 68 87 16 72 90 16 14 31 61 75 98 98 82 31 32 67 89 90 86 22 55 84 96 85 74 37 85 
31 30 29 39 21 48 50 89 86 98 25 18 88 52 33 34 35 34 90 85 91 37 88 76 58 29 41 7 88 78 48 36 42 32 7 90 44 47 46 79 63 25 40 16 69 32 55 81 64 12 20 78 72 61 65 25 85 7 35 11 15 46 20 33 21 79 23 64 7 44 10 47 32 82 97 68 15 39 97 33 95 43 27 81 53 100 76 25 90 11 57 58 51 42 61 50 41 96 86 66 12 47 19 26 77 57 19 66 31 93 44 16 64 84 32 82 21 6 33 12 26 30 33 37 25 82 52 39 
40 55 32 40 77 42 13 44 65 87 26 11 20 76 92 63 81 64 69 25 36 73 96 89 13 53 20 40 9 3 64 57 49 91 25 20 89 51 61 44 42 94 33 75 80 12 88 42 24 82 42 62 62 44 91 2 54 49 73 19 56 37 31 18 61 46 64 33 68 88 92 60 64 93 75 15 15 50 57 33 14 89 1 24 11 45 22 62 91 41 85 19 93 67 94 39 22 75 73 19 39 20 62 55 64 85 76 19 5 38 58 28 56 54 56 50 9 43 21 88 14 46 9 15 31 55 16 71 
29 96 17 80 29 3 59 87 29 12 4 51 43 42 76 66 54 30 60 46 96 52 24 33 82 57 10 25 75 97 10 53 60 75 66 39 98 11 10 62 26 45 29 60 6 100 65 89 23 30 34 65 21 32 44 10 39 36 79 27 36 99 32 15 63 66 37 77 90 16 55 1 42 25 5 77 58 37 79 32 25 32 44 8 71 42 38 74 49 100 56 48 30 53 76 92 45 46 57 65 77 24 89 87 98 87 82 46 43 34 11 15 91 63 59 75 70 61 83 34 65 10 15 20 65 47 21 14 
81 23 54 18 79 61 96 16 12 36 37 37 85 23 72 12 98 20 18 49 65 83 37 59 97 58 51 54 38 14 100 45 19 86 78 6 47 86 48 52 9 23 20 12 83 63 10 19 52 62 26 97 67 5 33 20 1 21 86 37 75 23 24 70 30 13 36 57 16 12 81 20 54 85 40 45 78 21 20 64 93 83 50 35 18 4 40 51 92 24 28 58 27 92 55 62 85 56 70 82 26 78 13 14 41 45 25 93 32 97 82 47 39 34 64 56 84 94 31 89 90 11 25 92 91 20 60 37 
89 11 82 25 99 35 88 68 89 80 76 19 3 8 27 18 93 28 31 100 4 4 2 22 96 14 81 74 12 58 64 42 32 72 38 30 56 34 7 49 70 8 42 83 7 4 54 14 27 24 9 87 28 77 72 36 65 5 39 44 78 23 32 58 14 92 82 34 6 24 55 91 94 55 16 78 59 33 77 33 29 86 10 74 65 54 16 58 91 82 23 68 8 25 40 85 43 32 40 49 39 11 89 55 36 87 89 58 15 97 15 11 2 19 84 77 97 47 84 86 72 97 12 44 88 99 77 59 
32 10 21 85 81 5 24 70 18 79 90 6 89 68 97 63 63 17 4 93 99 20 64 90 96 6 27 7 69 68 40 27 52 13 95 70 82 16 34 44 16 39 51 24 96 65 61 89 23 56 85 67 97 50 77 54 93 50 62 47 81 8 64 58 82 38 61 90 66 13 94 27 40 10 43 30 15 38 48 86 73 43 26 1 67 49 49 75 50 71 74 91 70 67 74 8 53 10 24 17 99 99 69 84 3 90 57 15 11 71 12 98 88 49 11 16 38 29 72 9 63 68 71 20 77 13 8 10 
64 27 17 6 59 40 86 85 66 94 63 42 15 28 50 61 23 9 76 66 30 28 99 75 59 95 22 76 55 47 13 75 14 35 15 36 30 37 43 62 72 85 32 45 97 88 7 37 89 87 6 71 13 18 89 16 21 59 79 43 72 47 76 50 99 30 4 6 46 95 71 36 37 65 37 9 26 84 92 99 31 78 3 71 86 86 41 66 37 79 99 82 18 15 69 11 80 1 60 41 31 89 23 4 62 12 98 1 12 38 71 85 78 95 81 4 78 40 11 23 37 52 24 61 91 54 3 86 
79 69 6 46 53 63 97 42 12 83 78 81 11 30 11 66 11 28 16 71 92 73 63 3 96 1 93 31 48 83 91 23 28 65 81 58 34 47 33 46 2 30 80 43 10 38 58 87 91 41 34 25 55 25 95 51 58 26 17 88 36 30 92 98 96 90 85 72 42 17 51 30 58 53 17 68 78 79 37 6 88 87 8 41 34 55 2 23 33 62 50 36 16 51 83 75 56 97 75 35 22 46 36 7 79 85 98 21 18 24 48 88 97 18 91 82 9 23 90 41 24 79 72 87 52 60 73 51 
8 34 81 2 87 41 56 47 60 51 42 64 3 29 32 50 24 6 19 47 48 24 54 60 22 66 41 40 53 92 29 54 82 68 42 32 72 37 4 25 96 73 94 54 21 25 87 96 24 41 58 44 89 20 57 63 17 78 80 71 2 9 7 85 45 41 12 7 51 79 9 34 32 80 15 53 17 55 80 23 43 79 52 90 96 42 87 37 92 66 92 61 9 89 100 78 84 4 50 85 35 35 68 19 22 10 13 15 31 35 37 93 96 7 11 84 71 86 32 42 42 26 63 70 73 69 13 67 
18 20 87 75 71 38 50 6 46 28 81 1 26 39 22 56 90 42 23 24 21 6 6 12 65 13 67 80 61 31 33 98 2 43 39 48 78 25 100 25 41 17 12 8 1 13 7 54 2 59 57 40 52 60 98 4 13 72 33 81 57 90 39 9 21 78 8 77 10 98 1 23 36 30 10 67 46 33 79 65 52 47 78 89 38 87 45 62 8 89 49 41 60 10 83 89 20 23 74 66 16 47 5 65 52 34 38 10 13 75 92 66 77 92 86 4 84 15 56 19 7 13 1 37 94 53 78 64 
30 29 53 98 90 21 10 63 8 15 4 15 10 91 87 86 5 52 79 53 58 23 85 38 79 5 36 21 2 14 36 59 75 3 68 51 28 81 64 1 91 53 72 69 5 89 62 54 60 30 49 88 41 75 62 60 35 10 90 26 59 28 61 90 58 75 99 42 61 89 55 51 69 36 33 38 3 79 97 64 13 95 13 60 26 73 100 33 5 69 41 16 39 71 59 46 10 81 32 2 1 13 51 48 26 48 31 54 64 98 19 34 82 39 58 9 60 59 84 53 14 55 73 36 94 64 18 60 
63 2 100 50 79 96 77 60 2 19 78 44 17 67 99 15 9 38 51 29 48 32 53 31 13 75 88 54 61 98 31 28 20 75 76 26 63 63 1 84 64 99 78 70 4 87 64 70 69 10 48 90 52 26 62 74 81 43 11 21 95 28 29 27 89 48 100 16 88 49 99 86 43 46 52 69 76 40 96 80 90 6 72 75 70 27 82 75 81 53 52 18 97 36 33 17 28 81 3 29 38 63 83 16 25 30 1 93 18 42 22 61 92 48 60 46 85 16 21 13 71 81 42 82 17 98 69 57 
32 69 87 38 32 73 43 48 46 26 54 94 78 68 30 54 58 32 92 37 95 93 59 41 45 69 18 99 26 12 67 65 48 98 17 37 84 5 31 62 44 97 82 48 11 65 17 94 54 91 29 67 33 93 49 23 60 43 54 47 12 48 32 83 54 79 97 72 58 18 56 54 93 76 68 70 54 83 73 97 88 13 61 65 45 85 12 86 38 13 71 58 79 68 83 5 39 97 76 88 78 11 3 18 16 42 42 26 31 51 51 22 9 34 60 40 87 58 46 82 93 44 22 75 38 6 35 53 
79 83 76 59 29 37 4 70 3 78 100 65 12 97 49 12 36 19 7 10 44 77 27 48 84 3 25 25 30 65 91 28 14 84 53 4 92 69 93 28 63 2 78 94 34 66 100 84 81 68 92 64 13 11 74 40 46 94 95 69 50 8 77 3 3 68 96 70 23 16 55 36 53 14 35 68 28 89 6 46 48 92 51 13 79 45 28 88 98 74 26 36 7 83 34 53 98 95 75 65 81 40 66 68 20 99 59 68 28 91 94 65 80 23 8 43 86 53 2 9 83 88 91 12 38 95 56 23 
23 43 9 56 93 59 80 15 63 89 85 65 29 3 42 43 1 3 93 62 57 31 69 62 66 18 96 23 10 23 100 14 1 58 78 56 24 93 72 6 60 73 36 14 61 13 67 69 83 13 98 28 77 15 22 66 82 51 80 83 34 57 43 82 54 79 84 14 76 3 35 19 44 84 23 96 12 77 61 42 52 79 5 36 28 88 40 51 71 85 98 59 73 34 80 13 94 48 68 16 93 96 12 100 12 59 25 47 43 10 39 14 13 67 33 55 76 13 77 76 31 38 48 38 93 44 32 56 
57 72 2 90 23 95 39 17 97 52 81 43 48 74 6 12 51 64 75 98 45 50 14 41 75 69 44 42 38 82 4 24 46 48 57 55 33 47 35 83 11 14 83 2 10 99 65 73 87 81 95 75 62 100 96 99 31 23 81 24 1 64 73 6 30 78 22 74 89 11 76 3 66 71 31 22 94 99 61 10 19 46 58 44 73 6 4 62 13 18 20 86 57 67 44 38 36 3 74 69 4 41 71 13 68 21 3 96 15 52 87 8 41 45 54 33 62 46 50 19 75 73 81 68 56 100 82 43 
56 37 29 30 19 21 67 77 20 64 34 41 14 16 11 30 44 87 52 82 78 23 68 56 88 84 26 78 78 40 16 61 50 40 70 13 36 50 77 64 45 37 57 95 23 91 88 31 89 31 64 24 48 67 36 5 88 50 73 23 23 9 95 35 49 32 27 37 52 44 63 25 10 38 99 55 14 84 34 53 47 52 5 82 7 30 34 10 94 53 56 21 49 4 38 81 47 32 59 66 76 26 61 13 62 10 48 20 25 68 95 40 83 40 27 61 12 28 66 73 73 96 79 17 99 77 50 92 
43 83 23 27 64 83 33 9 20 12 54 45 10 2 14 86 80 6 3 77 34 79 32 55 26 55 75 51 55 46 39 4 53 96 42 67 60 82 84 51 72 36 96 90 92 37 54 9 76 22 86 57 69 68 15 23 19 57 29 45 30 3 89 41 27 82 34 95 35 73 95 49 36 13 95 44 49 70 90 83 5 46 58 50 87 82 20 56 3 52 84 88 78 29 76 31 40 73 28 73 97 89 64 95 4 99 45 54 13 99 30 3 60 23 25 76 15 24 24 57 36 100 18 19 24 55 5 48 
3 57 35 58 68 64 19 36 27 46 88 59 82 48 20 93 51 76 24 46 50 77 6 63 66 47 61 21 51 48 53 31 29 21 14 53 89 79 99 72 13 16 88 75 54 53 40 87 98 2 3 20 4 78 61 8 76 52 100 80 33 66 73 75 68 55 19 29 43 89 41 24 97 68 94 47 64 20 28 86 99 46 74 74 67 94 11 61 33 48 17 81 64 55 77 100 38 73 57 83 85 36 92 69 70 29 59 75 50 24 6 9 99 12 53 55 68 63 45 27 94 66 89 6 23 90 73 62 
58 91 90 67 10 17 99 93 69 76 38 21 77 61 75 11 87 13 34 85 78 61 91 83 37 23 21 96 72 13 89 53 71 37 94 97 55 93 88 42 83 64 64 71 5 80 6 96 3 35 86 99 66 37 82 2 26 62 37 8 30 52 41 45 56 17 76 73 17 100 76 73 83 73 26 57 9 16 87 32 3 78 55 24 24 100 24 35 41 91 88 17 5 71 60 73 59 12 7 35 55 16 30 84 68 99 14 36 35 43 41 60 14 75 63 26 63 9 44 40 38 11 31 73 83 8 48 75 
50 31 30 92 19 65 47 41 11 26 42 37 26 9 43 100 73 88 57 47 70 83 57 38 97 14 44 33 46 60 22 74 86 64 17 94 97 81 17 53 79 4 11 1 13 23 19 34 82 91 44 5 38 14 14 2 85 11 1 96 21 47 58 44 41 1 65 48 83 87 34 99 2 15 91 78 82 66 98 91 33 41 85 50 4 15 44 71 44 34 74 17 54 8 41 11 80 55 93 20 59 54 27 88 74 42 78 81 15 28 53 74 82 32 64 14 42 96 30 76 22 86 84 63 40 27 60 13 
76 46 87 7 39 9 16 2 53 19 12 61 57 67 13 17 78 42 82 1 99 14 26 59 11 51 49 27 60 65 93 73 41 26 2 62 63 21 45 91 6 90 49 79 23 58 46 70 52 89 64 73 10 51 30 3 95 36 82 27 53 81 54 68 93 53 39 20 84 41 16 37 98 94 54 81 54 29 7 72 10 67 11 85 73 65 37 90 29 37 23 4 25 10 21 23 79 50 93 70 37 20 94 24 96 38 61 2 20 36 95 48 58 14 56 50 68 96 5 13 22 96 38 21 57 62 21 88 
45 78 36 38 15 73 45 27 85 24 37 95 7 91 56 94 23 6 22 11 41 64 62 76 26 67 60 21 17 28 84 36 18 74 15 79 29 31 56 12 69 35 37 93 28 82 98 84 75 94 82 6 8 54 80 85 80 31 36 19 17 64 62 73 4 67 4 22 7 80 66 63 80 2 40 8 40 39 53 83 37 47 83 81 54 9 6 90 69 37 70 78 50 88 31 80 57 87 19 5 33 27 8 71 80 87 28 27 94 61 78 20 26 78 36 35 2 57 24 10 85 5 55 91 33 28 13 50 
84 18 48 62 91 44 13 62 10 42 26 13 84 60 79 43 86 80 55 68 19 20 31 89 1 27 59 58 25 63 56 25 84 8 41 43 76 15 41 4 77 16 17 80 97 7 25 83 39 76 62 93 19 16 62 80 99 94 84 49 71 91 16 65 78 15 17 19 82 49 49 90 36 40 97 81 94 60 57 39 16 20 66 43 85 56 41 24 20 64 79 14 40 35 27 63 35 13 66 41 82 4 100 97 38 99 51 84 93 24 10 55 52 28 10 94 41 43 54 35 74 79 29 76 37 46 54 66 
61 71 97 35 71 77 28 56 97 93 64 42 12 29 14 38 10 12 84 30 74 21 26 52 82 41 17 52 30 64 98 17 31 27 65 21 16 26 84 6 54 9 55 6 3 13 68 11 2 49 79 83 37 56 31 28 98 19 44 16 17 36 46 98 22 75 10 92 38 44 94 76 65 89 81 83 8 27 22 76 91 60 47 65 78 6 50 85 93 28 44 40 50 68 58 6 43 21 86 5 50 58 83 19 52 15 20 19 45 4 43 41 79 10 9 63 21 80 61 76 13 34 52 65 68 79 43 35 
60 4 27 21 60 51 34 16 32 19 81 40 92 74 17 8 43 11 30 92 92 97 36 47 47 69 60 8 22 61 24 47 8 94 54 27 24 49 51 93 3 40 30 67 19 74 90 84 61 63 66 26 32 28 68 96 93 81 33 36 11 89 40 96 98 29 33 15 45 6 65 20 14 2 38 85 49 98 92 29 81 77 88 80 63 97 17 43 18 11 41 46 8 75 57 17 88 45 30 78 12 57 93 45 16 18 93 14 63 1 50 59 2 67 57 3 98 89 39 92 69 58 36 77 44 57 46 41 
39 52 71 2 7 38 87 12 9 35 17 46 95 45 20 79 4 86 64 59 36 89 32 16 5 12 1 87 61 76 79 23 64 10 44 53 17 45 24 23 38 21 37 45 75 83 24 71 22 65 55 80 23 6 89 9 50 12 21 53 97 14 16 55 34 15 11 64 63 41 38 86 47 23 41 50 95 18 82 44 56 64 9 28 63 70 88 87 14 30 88 40 81 72 52 55 90 68 57 37 71 87 61 57 4 11 63 12 97 28 13 49 22 57 89 51 31 94 48 24 80 17 100 21 48 35 28 84 
61 53 87 40 23 26 71 77 97 68 29 2 77 21 57 20 93 33 60 68 9 22 17 65 44 71 14 3 24 53 89 71 96 2 81 63 90 88 5 34 79 16 86 60 38 40 29 87 2 82 92 26 46 50 65 65 89 38 14 73 60 45 3 63 37 93 8 65 64 73 17 10 76 75 74 81 94 23 25 8 80 25 85 2 18 18 44 88 87 40 37 69 71 84 12 5 90 30 71 39 57 90 75 21 18 7 83 100 11 17 2 11 34 29 82 27 92 82 87 22 27 65 80 79 49 77 56 89 
79 2 96 68 40 16 48 66 64 32 100 58 47 88 12 63 38 98 44 99 9 67 7 63 89 97 90 28 1 37 9 76 4 62 95 20 38 10 18 98 67 42 88 16 18 49 58 94 84 22 54 82 3 52 86 1 23 89 87 69 78 30 48 44 60 31 83 85 12 43 87 5 19 74 99 68 81 27 27 44 100 13 8 76 59 24 10 83 53 7 42 1 47 94 36 81 64 48 70 39 73 88 67 3 92 52 2 54 74 81 4 11 32 13 80 4 24 33 61 54 20 51 51 83 33 52 95 24 
50 32 79 70 62 55 24 21 11 50 14 2 42 56 78 52 41 38 72 77 41 2 50 25 41 7 46 12 35 65 6 11 12 3 67 10 96 54 10 20 55 37 20 48 8 80 5 71 7 57 19 45 48 11 49 93 8 7 48 88 99 88 98 2 81 95 86 1 89 43 62 1 58 83 32 39 88 94 48 96 56 44 92 98 74 16 65 89 31 77 57 94 7 33 27 87 79 56 59 73 54 82 15 96 18 19 94 95 92 96 44 60 25 96 89 42 87 79 68 4 29 62 98 40 11 55 39 15 
2 89 9 30 92 23 60 7 83 89 71 21 17 5 54 19 18 85 20 85 9 24 19 22 63 45 25 50 51 24 40 55 30 80 7 73 78 81 100 55 54 6 30 95 36 77 97 55 54 92 88 15 40 35 33 13 57 3 44 13 59 55 90 58 31 8 7 44 79 42 14 77 18 1 78 38 60 70 28 55 71 78 24 78 32 12 39 64 46 25 4 25 11 18 92 16 71 71 27 96 99 51 27 81 80 21 24 55 31 83 29 75 88 23 5 74 33 3 88 88 18 50 88 58 86 30 85 24 
91 91 53 23 69 37 62 67 17 74 59 62 54 25 46 95 69 61 87 32 90 52 22 69 18 52 35 18 99 5 69 22 26 20 49 74 91 3 21 70 12 61 40 45 55 38 80 95 45 88 41 84 65 46 24 34 59 65 7 27 75 2 11 30 97 34 21 22 96 28 69 78 91 2 77 75 11 40 50 69 68 47 42 40 17 55 37 40 57 30 67 34 74 70 33 1 50 65 98 4 23 74 32 26 38 83 57 52 6 33 34 53 88 20 64 99 17 91 64 68 99 18 21 57 70 77 41 33 
70 30 39 45 38 56 59 16 2 9 30 16 67 31 11 31 17 49 42 89 95 47 84 91 42 58 43 60 11 84 78 70 19 77 2 86 41 21 1 35 56 79 60 26 89 67 83 65 4 62 56 77 77 29 77 19 79 74 23 91 4 52 88 11 81 38 15 20 84 84 63 88 13 14 92 57 55 54 86 71 45 47 63 88 35 68 90 64 92 78 43 50 49 73 85 49 5 87 70 47 15 5 19 70 91 7 84 35 71 9 26 51 10 80 22 24 65 61 33 61 81 4 62 99 63 91 59 38 
71 59 93 13 96 2 14 51 80 35 8 29 79 94 61 88 66 47 43 63 65 35 49 85 77 76 64 66 11 18 74 55 35 45 72 20 35 24 60 48 36 40 57 50 64 37 36 38 64 25 37 88 88 9 73 38 44 26 79 72 4 41 77 48 7 98 68 97 71 62 58 76 97 65 26 30 2 64 9 74 74 77 11 43 32 55 63 93 89 43 1 64 60 58 90 77 71 23 48 19 60 19 72 98 71 20 75 74 46 98 94 43 63 67 82 2 92 63 1 65 58 100 91 80 85 20 72 93 
48 84 4 20 16 22 41 1 52 46 10 70 35 3 99 94 75 4 86 25 82 27 76 75 87 8 72 61 52 73 100 59 59 14 84 2 93 16 64 83 3 60 37 40 56 86 12 58 3 34 81 81 50 22 31 41 27 56 98 37 66 70 53 82 64 85 10 85 5 42 51 38 90 22 14 55 61 92 69 5 64 29 30 5 92 83 44 63 60 34 48 59 89 98 48 66 48 93 38 38 77 65 97 55 8 96 7 38 78 46 96 50 24 87 72 35 100 13 47 56 62 24 42 48 95 15 2 58 
76 51 28 33 65 73 100 74 80 95 85 3 12 43 20 48 39 60 75 3 25 34 30 88 13 39 49 19 97 21 9 81 93 22 90 74 59 58 49 34 42 28 35 56 6 90 22 98 66 18 87 15 25 76 8 53 70 48 68 26 16 60 39 27 17 30 84 84 55 93 48 60 66 92 57 7 82 21 100 6 38 24 23 22 4 90 6 73 20 74 21 91 100 1 6 90 37 79 59 71 25 8 2 17 8 25 67 7 24 5 72 49 83 74 70 99 77 15 34 47 29 98 86 3 94 98 70 60 
74 38 6 93 75 50 16 65 27 19 96 50 34 24 25 51 35 14 15 94 33 1 2 10 3 75 97 63 42 97 16 83 66 19 55 88 14 71 52 38 70 6 18 17 99 48 87 67 34 57 70 38 98 7 43 85 59 28 80 89 74 29 18 44 66 85 3 95 80 68 11 62 97 44 84 31 30 75 53 17 83 84 73 96 97 91 93 19 38 37 21 38 64 59 84 86 50 26 32 86 15 53 97 26 3 59 42 97 71 29 44 45 19 81 48 9 18 97 38 62 84 87 53 68 6 56 68 7 
166 52 49 59 87 50 123 61 66 106 155 170 100 117 81 48 107 21 39 20 115 198 22 75 124 127 96 89 50 54 90 9 29 112 69 106 34 69 71 97 97 153 64 105 90 142 111 95 144 56 138 79 140 104 143 123 99 40 110 157 61 107 63 19 152 49 90 53 105 59 92 103 77 85 182 169 171 55 93 162 85 67 128 137 79 146 64 127 52 125 101 48 139 48 110 76 84 150 154 79 68 105 70 113 93 59 112 67 116 196 162 100 75 104 120 43 100 152 117 107 51 39 31 155 128 38 129 29 
52 42 157 186 19 48 44 126 114 72 101 111 65 49 22 115 118 117 20 67 46 154 101 52 27 188 178 74 109 98 87 35 65 79 42 80 101 82 51 62 184 94 128 88 18 68 51 129 41 153 153 50 141 96 67 142 64 116 31 117 94 119 111 111 141 128 102 68 66 72 54 141 117 154 148 137 102 117 88 109 32 56 79 36 96 76 72 69 30 94 175 91 107 134 164 135 63 50 99 130 141 41 154 99 125 58 77 49 75 165 85 52 23 56 135 69 77 150 106 76 132 106 67 123 87 119 60 86 
49 157 96 96 112 156 77 42 38 153 136 102 101 51 175 64 112 156 44 149 68 124 60 85 77 94 144 100 185 77 60 127 40 102 55 69 58 32 88 86 140 17 89 130 135 130 121 115 97 159 78 46 138 16 67 93 179 78 100 185 131 128 83 131 141 51 135 67 64 142 143 53 88 116 87 125 66 82 47 110 106 99 112 50 136 75 187 50 124 119 79 66 23 80 135 133 59 84 67 93 106 126 115 86 143 123 137 84 122 27 64 55 102 148 86 55 137 84 109 164 161 100 45 143 48 159 120 120 
59 186 96 104 126 48 52 186 143 61 117 178 53 48 76 168 90 98 141 86 83 100 159 34 136 84 61 143 33 42 161 101 115 170 67 149 106 131 77 65 168 115 58 110 92 68 99 147 30 152 115 71 93 125 144 63 80 109 92 143 124 82 52 74 165 153 44 122 42 183 65 137 148 42 95 161 101 136 131 51 101 77 130 118 57 49 84 114 88 106 121 118 125 93 48 89 103 147 145 95 177 83 162 98 130 126 38 41 78 186 83 122 184 173 86 59 153 167 44 97 104 134 107 143 113 154 101 118 
87 19 112 126 132 87 65 95 94 128 154 76 141 124 37 79 56 74 111 81 70 157 123 162 139 73 39 116 147 112 53 94 103 144 123 148 96 114 79 104 127 170 97 45 152 131 90 82 100 83 108 122 123 66 85 145 117 139 157 20 148 69 108 103 177 123 113 185 112 148 114 59 58 138 87 105 94 79 86 63 92 147 60 89 171 117 102 88 30 63 140 95 95 164 141 187 112 88 139 67 70 123 189 101 69 89 64 40 101 43 166 97 131 128 154 103 165 36 142 122 111 125 75 139 135 24 65 69 
50 48 156 48 87 160 150 58 75 86 113 34 76 46 79 119 83 34 113 30 130 104 113 128 92 134 148 53 80 102 84 171 110 120 63 120 122 130 110 60 97 88 94 84 165 106 84 83 20 126 110 114 115 68 82 129 16 87 9 96 62 88 123 154 21 81 24 52 97 33 74 56 58 137 51 165 120 124 115 170 154 92 90 83 97 81 29 105 137 69 160 104 79 100 90 114 114 124 152 158 59 150 77 96 94 169 106 162 133 107 76 49 175 82 92 96 137 121 140 128 119 76 73 101 126 146 65 62 
123 44 77 52 65 150 140 18 82 107 101 70 51 79 146 93 127 103 63 142 137 114 85 59 154 60 36 102 63 37 60 104 128 31 60 125 8 121 142 196 133 72 124 141 111 79 87 182 180 58 86 130 104 74 43 50 79 77 45 80 38 45 24 84 93 90 125 167 126 72 39 76 70 68 171 100 84 179 112 153 149 151 72 9 146 117 96 113 158 120 108 78 168 110 73 112 57 48 130 61 99 127 75 68 186 155 115 76 75 67 89 121 57 80 74 102 47 157 46 178 64 122 97 31 89 142 136 30 
61 126 42 186 95 58 18 96 122 31 87 84 69 123 44 49 106 90 151 104 74 67 64 112 52 124 86 155 90 45 90 39 135 137 93 100 123 121 137 135 126 87 99 112 90 176 104 126 40 134 131 108 122 137 100 151 52 81 90 147 152 165 83 69 99 93 90 55 91 90 143 85 64 40 132 15 146 61 119 63 145 48 135 61 58 191 88 188 93 107 35 134 56 87 120 128 134 124 84 155 113 48 71 87 103 182 77 107 80 152 109 105 87 85 63 117 73 61 135 51 132 19 90 126 72 72 174 105 
66 114 38 143 94 75 82 122 90 66 133 155 96 88 136 126 93 77 83 87 99 117 36 52 66 51 34 140 73 62 65 161 133 45 87 109 164 169 101 132 103 185 167 122 122 90 66 140 113 15 105 118 147 116 112 65 125 114 137 132 140 62 29 140 54 66 59 119 144 96 159 143 77 152 154 86 116 113 52 78 62 109 162 48 84 127 129 31 108 112 51 113 169 135 114 43 64 137 115 142 67 66 139 85 116 166 137 151 112 71 65 125 116 71 188 154 90 118 78 142 104 112 139 5 165 125 147 68 
106 72 153 61 128 86 107 31 66 112 145 110 162 108 49 176 63 166 109 121 96 13 92 134 112 115 86 86 111 75 96 46 109 94 85 104 152 85 111 117 138 99 138 100 76 97 103 76 95 59 178 94 129 141 83 143 25 30 17 86 184 123 141 99 163 103 102 102 144 105 113 126 119 67 116 117 12 117 153 99 40 59 98 68 97 34 125 115 107 77 141 173 111 105 120 187 98 85 130 85 78 109 139 73 187 162 13 112 104 103 44 88 18 123 70 102 113 67 87 125 37 103 105 55 116 129 115 22 
155 101 136 117 154 113 101 87 133 145 18 81 119 97 85 107 153 54 149 124 170 146 75 54 173 75 117 103 101 135 47 147 82 106 121 44 56 59 84 117 68 132 120 105 132 63 119 124 135 133 98 26 138 153 11 73 130 66 61 85 102 107 174 109 107 127 99 134 152 139 164 102 103 120 36 24 147 98 100 101 128 196 118 144 120 105 153 76 100 86 101 163 78 163 123 118 81 131 53 124 89 108 86 131 109 56 19 151 98 96 29 112 135 66 146 97 93 21 59 124 101 67 62 179 145 106 92 39 
170 111 102 178 76 34 70 84 155 110 81 176 65 133 120 84 76 94 139 11 56 93 81 64 121 152 150 89 118 170 76 107 113 76 69 158 101 138 97 44 32 40 62 145 127 169 143 46 96 36 96 115 60 80 52 71 97 175 9 161 76 94 74 128 84 144 143 123 164 146 105 61 98 46 122 35 99 80 63 60 120 121 143 138 151 98 100 84 52 117 158 117 160 129 118 116 116 42 69 126 80 107 67 53 144 62 156 157 56 156 111 118 128 134 85 167 104 104 53 136 180 134 109 146 96 63 93 83 
100 65 101 53 141 76 51 69 96 162 119 65 170 83 114 117 59 59 161 49 111 148 86 169 124 166 85 38 90 148 71 37 108 188 30 95 127 58 102 127 123 41 32 97 75 138 66 81 67 121 104 139 86 100 98 158 95 123 133 120 46 43 127 189 94 76 96 72 156 47 128 97 147 115 74 74 55 141 111 71 38 159 88 109 110 122 135 160 107 81 107 94 135 152 134 59 122 54 30 66 131 196 27 89 113 73 84 113 110 105 153 24 119 142 115 97 136 118 73 55 97 42 160 89 62 79 122 105 
117 49 51 48 124 46 79 123 88 108 97 133 83 120 73 99 98 138 96 174 102 139 172 43 126 82 36 21 86 64 25 46 184 43 70 142 46 73 125 138 98 66 79 97 74 115 93 122 126 88 35 157 80 146 86 182 56 52 54 98 154 73 106 117 31 191 56 66 62 112 153 101 136 112 117 10 185 87 119 92 72 140 155 111 100 157 89 153 147 157 145 138 84 141 142 79 88 185 97 98 123 162 101 183 113 125 43 64 80 73 56 82 176 137 91 90 107 33 177 129 145 190 83 172 88 90 17 72 
81 22 175 76 37 79 146 44 136 49 85 120 114 73 70 58 5 159 84 119 136 72 125 11 63 159 115 22 181 93 165 148 100 66 175 79 136 134 135 74 143 116 83 108 151 130 87 115 131 53 139 66 94 66 144 92 170 89 27 95 102 131 136 124 136 80 176 104 66 97 98 176 46 181 120 138 107 163 167 128 128 68 99 80 42 110 125 91 96 86 88 135 119 62 103 154 91 114 57 70 139 24 76 109 138 107 152 28 97 53 101 123 171 41 80 100 49 110 84 159 133 123 81 153 131 150 139 55 
48 115 64 168 79 119 93 49 126 176 107 84 117 99 58 130 141 63 70 91 7 58 152 105 59 160 103 88 171 59 22 139 78 131 134 11 73 175 166 69 123 21 88 133 50 107 65 129 88 106 57 90 169 143 79 58 80 104 138 96 101 114 78 109 112 89 60 100 23 94 41 38 166 193 51 49 76 61 77 103 101 171 136 151 45 92 102 156 77 64 49 126 124 187 90 183 179 101 89 174 170 50 61 176 126 99 83 99 171 59 32 122 64 182 94 79 59 65 129 96 99 139 115 116 175 110 70 166 
107 118 112 90 56 83 127 106 93 63 153 76 59 98 5 141 50 179 139 122 108 59 80 55 145 57 82 109 169 104 98 118 60 125 81 174 152 120 40 105 108 156 44 162 107 125 96 93 133 48 99 96 90 55 62 62 100 65 148 100 11 87 56 150 18 118 76 58 52 169 45 35 110 173 96 66 96 156 78 95 86 74 123 145 107 126 67 170 139 174 47 87 46 90 155 95 61 101 128 88 132 151 90 82 152 65 38 79 12 92 104 104 90 112 51 71 57 82 125 47 87 31 90 39 107 88 104 76 
21 117 156 98 74 34 103 90 77 166 54 94 59 138 159 63 179 184 93 178 149 145 144 57 137 87 162 148 91 82 101 97 150 112 76 98 52 59 46 175 73 90 123 71 133 78 104 100 59 122 93 54 55 185 178 115 96 123 21 88 138 126 90 167 74 180 89 127 97 121 99 123 58 51 85 110 164 90 111 105 87 143 35 151 94 30 126 116 175 126 62 86 65 129 29 69 103 110 116 48 92 57 155 108 99 175 124 105 93 87 135 110 89 122 119 65 40 184 85 78 13 92 106 46 137 66 170 52 
39 20 44 141 111 113 63 151 83 109 149 139 161 96 84 70 139 93 52 90 45 84 88 183 53 86 169 171 162 76 107 44 163 129 140 123 159 140 86 162 89 163 153 54 130 55 80 167 104 189 83 51 65 103 189 105 80 112 166 145 115 193 112 93 53 111 125 117 138 111 156 109 102 127 132 99 107 80 42 31 101 152 85 139 171 119 143 48 18 81 118 153 32 92 68 70 30 79 158 154 83 82 125 26 144 136 82 89 125 105 46 19 93 156 74 75 147 57 56 103 36 116 69 91 60 121 136 59 
20 67 149 86 81 30 142 104 87 121 124 11 49 174 119 91 122 178 90 48 70 180 133 147 116 102 185 112 98 132 143 75 109 35 103 24 25 53 190 104 72 112 150 85 169 147 24 51 141 36 99 53 103 55 81 86 142 83 59 147 118 137 135 158 179 85 172 73 82 57 76 80 140 110 175 50 36 49 71 98 124 117 25 117 101 185 41 114 91 103 47 104 108 111 118 68 62 82 138 77 59 179 129 25 66 123 58 102 78 178 80 152 90 130 120 129 83 152 102 93 76 181 144 178 69 53 81 96 
115 46 68 83 70 130 137 74 99 96 170 56 111 102 136 7 108 149 45 70 78 25 150 122 79 88 36 117 45 120 92 125 110 17 78 103 50 139 137 138 53 142 41 26 130 113 66 112 131 102 44 6 76 29 179 135 148 69 101 75 151 141 145 145 64 21 103 75 104 34 85 145 77 58 140 108 81 155 125 107 83 56 132 110 94 86 101 136 81 151 175 106 66 76 102 104 76 90 49 139 113 179 105 170 29 100 95 15 163 118 146 141 189 82 174 80 57 144 195 89 133 146 69 192 128 153 132 110 
198 154 124 100 157 104 114 67 117 13 146 93 148 139 72 58 59 145 84 180 25 84 121 120 64 128 141 54 60 148 133 192 56 127 124 51 100 178 46 75 125 125 173 121 196 121 131 69 125 128 99 34 84 104 31 143 30 140 184 66 76 95 51 159 102 98 106 68 133 29 166 51 70 71 184 70 28 181 124 190 107 183 167 120 132 51 111 130 77 76 91 76 131 105 72 185 149 134 152 56 152 61 184 22 53 45 98 107 128 100 108 60 96 86 163 54 61 146 74 19 132 81 107 148 158 93 197 97 
22 101 60 159 123 113 85 64 36 92 75 81 86 172 125 152 80 144 88 133 150 121 178 148 47 135 121 71 37 106 169 108 118 121 62 169 44 112 120 44 54 155 142 83 78 115 73 114 73 88 90 104 63 87 135 20 44 66 70 148 112 82 102 52 132 45 122 143 58 154 90 72 43 96 108 86 104 100 63 37 115 35 103 76 78 154 147 168 94 108 127 52 102 50 127 110 75 167 31 53 142 174 81 162 159 39 41 130 102 88 43 181 105 92 33 101 110 82 4 159 83 58 140 117 49 21 23 155 
75 52 85 34 162 128 59 112 52 134 54 64 169 43 11 105 55 57 183 147 122 120 148 174 195 71 111 140 116 188 111 40 173 120 148 101 189 106 147 11 102 119 32 65 102 95 110 57 123 79 133 76 175 194 78 126 124 108 60 61 174 167 158 101 96 118 36 45 84 79 71 126 148 40 99 176 112 185 98 85 51 118 82 19 48 36 105 113 86 77 122 138 135 67 98 88 91 158 94 67 105 82 53 97 33 90 68 74 80 156 115 88 98 108 75 121 80 122 121 88 112 48 108 149 105 63 36 76 
124 27 77 136 139 92 154 52 66 112 173 121 124 126 63 59 145 137 53 116 79 64 47 195 198 65 107 93 170 34 55 27 101 69 92 132 167 150 64 98 102 99 117 127 90 40 114 9 83 111 48 100 105 68 88 20 84 153 64 106 26 136 116 166 118 40 50 116 75 109 92 109 57 143 124 106 84 105 169 188 138 97 50 67 63 181 47 61 71 116 82 28 127 68 192 22 182 42 174 140 151 98 52 65 73 100 88 48 38 153 123 185 80 105 137 47 35 124 70 68 84 117 147 76 110 122 68 108 
127 188 94 84 73 134 60 124 51 115 75 152 166 82 159 160 57 87 86 102 88 128 135 71 65 100 145 111 48 170 111 119 123 83 89 32 111 104 101 74 94 102 93 106 35 121 31 103 89 105 92 124 141 57 62 124 142 59 41 112 102 96 70 87 120 42 100 49 178 67 61 84 15 100 74 82 49 112 62 152 92 97 67 71 150 42 115 136 26 106 143 175 81 42 122 85 99 134 113 125 152 55 180 95 52 75 66 56 94 184 101 30 93 175 103 108 83 95 34 18 28 71 46 118 114 19 96 108 
96 178 144 61 39 148 36 86 34 86 117 150 85 36 115 103 82 162 169 185 36 141 121 111 107 145 6 97 117 157 117 85 97 60 85 96 44 60 133 197 176 100 88 43 120 125 20 174 63 147 168 96 21 56 60 119 74 148 71 119 94 122 71 52 168 184 9 128 37 143 78 42 116 125 89 121 76 110 121 125 72 95 117 82 90 168 174 101 146 116 103 105 174 103 115 113 173 110 44 69 144 144 84 117 92 71 108 128 39 139 91 148 88 79 192 77 120 50 138 88 146 58 114 89 65 103 87 144 
89 74 100 143 116 53 102 155 140 86 103 89 38 21 22 88 109 148 171 112 117 54 71 140 93 111 97 58 20 97 148 129 164 119 89 82 126 69 67 124 88 34 114 107 63 100 81 100 135 89 79 78 39 73 139 103 142 99 179 115 186 153 41 114 88 93 97 157 46 110 51 182 194 74 105 126 141 121 104 6 67 123 140 134 123 136 143 73 96 115 125 154 54 153 138 98 115 156 108 155 172 78 195 85 77 120 92 80 139 87 162 112 52 130 64 123 105 48 107 74 92 114 99 106 166 162 143 20 
50 109 185 33 147 80 63 90 73 111 101 118 90 86 181 171 169 91 162 98 45 60 37 116 170 48 117 20 62 90 74 107 163 135 98 162 64 133 105 117 108 85 87 149 149 57 144 103 158 119 59 92 108 102 183 94 89 118 10 92 101 167 132 48 97 91 120 19 120 124 33 60 143 82 139 60 39 117 85 91 43 113 66 68 57 135 179 49 84 113 146 91 3 117 52 78 138 46 112 147 51 160 133 76 21 127 116 88 85 91 36 70 47 51 79 117 113 126 166 89 122 172 39 69 126 97 112 72 
54 98 77 42 112 102 37 45 62 75 135 170 148 64 93 59 104 82 76 132 120 148 106 188 34 170 157 97 90 10 127 65 13 106 92 82 154 90 77 46 111 65 131 58 136 147 131 98 49 105 101 137 39 85 36 128 71 117 104 84 147 96 70 20 138 101 78 45 34 69 69 89 96 126 39 53 107 54 129 124 65 130 98 100 157 153 144 65 97 30 101 149 54 126 92 120 126 44 142 87 160 43 147 41 61 157 37 20 93 174 94 124 115 143 127 125 76 95 51 116 141 45 170 69 74 111 120 145 
90 87 60 161 53 84 60 90 65 96 47 76 71 25 165 22 98 101 107 143 92 133 169 111 55 111 117 148 74 127 62 22 132 96 107 101 139 64 151 116 140 58 107 31 134 81 134 192 78 111 149 45 85 139 77 107 46 154 107 133 60 98 100 21 81 93 74 149 49 118 17 34 162 168 118 90 131 121 106 33 186 141 75 107 71 130 111 41 127 112 8 125 176 170 80 81 130 140 46 99 150 143 133 96 42 43 106 88 100 119 104 102 96 129 118 64 87 107 84 107 159 82 65 71 127 120 102 52 
9 35 127 101 94 171 104 39 161 46 147 107 37 46 148 139 118 97 44 75 125 192 108 40 27 119 85 129 107 65 22 74 114 125 45 42 109 94 64 108 60 61 134 138 41 48 63 26 92 100 142 111 160 56 9 38 168 127 87 71 119 105 185 14 133 118 110 104 146 85 151 90 95 188 83 42 105 101 165 34 99 148 83 97 94 31 183 137 156 83 18 88 183 28 71 122 141 120 91 117 136 45 140 113 148 145 84 128 84 176 181 133 36 108 127 122 100 149 87 66 8 110 154 113 48 84 146 98 
29 65 40 115 103 110 128 135 133 109 82 113 108 184 100 78 60 150 163 109 110 56 118 173 101 123 97 164 163 13 132 114 150 84 96 80 136 13 140 114 55 110 172 78 35 60 134 12 97 155 128 114 82 69 95 80 94 52 52 68 59 123 66 132 67 70 21 52 149 92 172 89 58 75 115 184 97 109 126 112 152 103 35 93 44 129 165 121 89 86 154 137 78 117 48 131 135 44 93 54 165 119 18 90 56 36 143 177 69 140 82 107 56 77 89 158 197 60 161 54 77 85 96 101 89 146 78 56 
112 79 102 170 144 120 31 137 45 94 106 76 188 43 66 131 125 112 129 35 17 127 121 120 69 83 60 119 135 106 96 125 84 130 128 118 88 103 29 160 111 134 172 151 122 88 103 82 156 177 100 188 130 53 65 98 62 114 80 152 105 36 112 163 126 123 99 54 76 50 53 63 84 93 82 97 88 66 106 127 149 72 86 115 60 87 115 51 81 44 149 121 110 97 47 137 111 116 148 70 110 85 114 114 38 146 104 10 133 167 96 134 196 78 156 21 111 66 108 47 186 39 166 58 59 130 70 82 
69 42 55 67 123 63 60 93 87 85 121 69 30 70 175 134 81 76 140 103 78 124 62 148 92 89 85 89 98 92 107 45 96 128 38 127 98 97 77 48 23 97 24 92 118 65 80 191 109 81 141 130 81 128 37 82 128 136 86 78 87 42 50 143 68 52 60 21 118 129 183 160 87 61 95 151 78 160 128 86 57 125 21 43 94 148 7 120 75 82 33 83 79 133 75 79 129 103 157 72 113 25 68 81 26 74 165 58 93 105 119 75 58 129 28 114 97 154 35 123 138 146 178 195 128 41 88 133 
106 80 69 149 148 120 125 100 109 104 44 158 95 142 79 11 174 98 123 24 103 51 169 101 132 32 96 82 162 82 101 42 80 118 127 160 136 179 102 128 146 77 117 79 141 59 117 142 118 54 38 174 81 104 86 115 122 92 40 106 154 49 71 90 125 95 86 105 83 111 137 113 116 172 166 89 59 57 93 65 71 107 146 78 41 95 61 45 122 72 164 98 51 119 77 61 147 116 69 76 111 136 66 133 104 105 26 108 51 119 68 104 187 146 90 95 114 118 70 16 76 158 62 111 133 73 99 69 
34 101 58 106 96 122 8 123 164 152 56 101 127 46 136 73 152 52 159 25 50 100 44 189 167 111 44 126 64 154 139 109 136 88 98 136 36 130 59 67 154 123 145 73 147 130 62 50 120 120 147 171 6 126 73 54 190 75 40 91 33 102 140 50 49 101 72 81 142 101 107 149 71 75 61 106 74 116 144 54 81 64 114 59 84 51 154 51 107 94 75 132 48 74 92 106 139 138 87 33 82 170 65 103 104 68 94 103 189 121 44 183 112 93 11 100 160 160 73 165 144 60 120 148 124 57 126 112 
69 82 32 131 114 130 121 121 169 85 59 138 58 73 134 175 120 59 140 53 139 178 112 106 150 104 60 69 133 90 64 94 13 103 97 179 130 40 34 170 106 120 161 113 164 144 90 69 69 140 57 126 114 151 174 91 177 127 92 86 128 101 94 56 145 44 100 174 182 150 103 105 147 57 84 124 146 116 146 148 70 60 131 45 83 173 98 51 62 105 142 125 144 103 73 119 181 88 68 94 113 175 69 154 55 111 105 133 127 93 116 104 150 59 142 117 92 84 11 43 28 177 74 83 130 131 57 49 
71 51 88 77 79 110 142 137 101 111 84 97 102 125 135 166 40 46 86 190 137 46 120 147 64 101 133 67 105 77 151 64 140 29 77 102 59 34 100 59 55 145 45 47 109 106 54 66 36 43 167 104 68 42 140 133 115 64 131 86 144 98 65 176 116 92 84 93 79 112 53 131 129 120 89 99 178 131 7 79 127 29 139 110 123 150 54 96 74 106 44 114 71 62 51 165 56 173 81 33 104 35 111 48 182 96 30 34 76 134 189 76 66 72 53 166 71 133 10 52 107 49 156 76 20 156 105 122 
97 62 86 65 104 60 196 135 132 117 117 44 127 138 74 69 105 175 162 104 138 75 44 11 98 74 197 124 117 46 116 108 114 160 48 128 67 170 59 98 82 155 144 187 73 22 120 140 39 69 96 85 90 108 156 88 30 55 102 142 105 99 94 51 143 60 89 75 67 86 42 147 146 83 159 71 116 105 88 51 99 36 119 112 165 92 37 114 53 134 104 85 104 95 107 168 161 49 162 155 108 42 38 118 99 110 172 135 143 72 113 99 137 84 54 126 137 90 125 88 139 147 127 172 46 68 46 101 
97 184 140 168 127 97 133 126 103 138 68 32 123 98 143 123 108 73 89 72 53 125 54 102 102 94 176 88 108 111 140 60 55 111 23 146 154 106 55 82 174 173 67 8 111 94 144 97 116 179 44 83 92 76 166 142 50 103 146 82 146 46 143 152 13 88 58 188 100 78 111 107 118 92 27 84 41 94 54 51 139 39 60 143 86 140 51 162 89 95 71 118 113 79 67 84 88 29 125 144 95 85 17 128 141 112 111 116 11 63 129 67 127 68 182 18 146 133 130 108 96 70 81 110 70 28 154 104 
153 94 17 115 170 88 72 87 185 99 132 40 41 66 116 21 156 90 163 112 142 125 155 119 99 102 100 34 85 65 58 61 110 134 97 77 123 120 145 155 173 18 114 105 122 190 94 86 132 54 25 75 48 87 86 141 96 15 146 111 132 97 79 141 105 128 99 114 55 98 139 158 117 107 96 102 137 87 71 55 109 153 112 167 198 93 31 26 114 94 121 96 118 108 49 156 139 82 132 121 68 24 100 133 142 166 128 57 97 117 53 114 126 123 147 86 72 102 66 102 112 149 88 94 116 110 72 158 
64 128 89 58 97 94 124 99 167 138 120 62 32 79 83 88 44 123 153 150 41 173 142 32 117 93 88 114 87 131 107 134 172 172 24 117 145 161 45 144 67 114 12 45 116 121 73 134 172 100 50 61 168 36 82 68 59 32 33 80 78 53 112 117 83 19 157 75 148 93 124 159 113 137 175 169 22 99 34 114 132 72 23 104 127 38 102 84 86 95 135 54 135 152 156 96 29 80 61 77 62 94 67 29 112 72 75 49 98 136 57 105 67 104 82 72 43 126 168 102 49 110 69 122 22 83 149 26 
105 88 130 110 45 84 141 112 122 100 105 145 97 97 108 133 162 71 54 85 26 121 83 65 127 106 43 107 149 58 31 138 78 151 92 79 73 113 47 187 8 105 45 150 125 75 168 98 46 109 151 73 129 157 129 61 37 105 145 157 114 183 35 154 28 97 126 87 117 30 148 146 85 165 109 169 60 84 127 29 109 114 118 173 167 37 75 22 52 93 128 78 46 105 153 92 190 59 67 37 122 142 73 98 46 56 190 69 44 45 82 63 15 131 63 74 102 85 141 137 103 104 117 138 51 67 119 101 
90 18 135 92 152 165 111 90 122 76 132 127 75 74 151 50 107 133 130 169 130 196 78 102 90 35 120 63 149 136 134 41 35 122 118 141 147 164 109 73 111 122 116 125 124 72 100 113 78 79 143 73 77 98 132 131 162 193 78 26 170 94 115 39 119 105 102 102 51 151 108 178 118 138 57 157 165 119 164 110 135 74 111 118 139 132 121 106 114 140 81 159 126 106 53 138 90 52 89 143 105 37 127 49 17 52 177 104 83 104 130 89 146 111 126 59 54 68 145 172 21 52 126 76 95 101 144 62 
142 68 130 68 131 106 79 176 90 97 63 169 138 115 130 107 125 78 55 147 113 121 115 95 40 121 125 100 57 147 81 48 60 88 65 59 130 144 106 22 94 190 121 75 72 40 114 116 28 49 133 37 104 92 114 109 167 126 94 91 151 144 21 107 160 127 69 119 17 103 18 34 42 92 26 131 6 112 112 95 66 65 86 150 106 100 35 23 37 37 126 94 153 172 161 112 91 139 59 113 104 49 132 69 108 121 88 106 162 92 17 165 128 185 92 46 90 130 85 114 96 42 93 196 120 146 127 179 
111 51 121 99 90 84 87 104 66 103 119 143 66 93 87 65 96 104 80 24 66 131 73 110 114 31 20 81 144 131 134 63 134 103 80 117 62 90 54 120 144 94 73 168 100 114 100 114 96 41 124 68 123 159 18 26 119 119 161 144 129 141 64 188 46 72 107 100 95 177 147 168 120 43 65 98 136 170 35 60 128 107 106 112 117 120 60 127 41 97 66 104 67 181 50 75 74 130 78 126 74 26 153 106 37 99 67 141 129 128 82 181 104 89 65 112 69 80 110 136 109 88 130 63 81 147 154 103 
95 129 115 147 82 83 182 126 140 76 124 46 81 122 115 129 93 100 167 51 112 69 114 57 9 103 174 100 103 98 192 26 12 82 191 142 50 69 66 140 97 86 134 98 113 116 114 200 57 103 140 84 151 102 111 52 107 58 188 124 122 100 87 39 69 141 152 54 151 79 146 110 126 56 94 90 80 191 183 181 77 25 143 61 71 10 95 59 75 83 45 109 118 122 117 110 83 63 92 73 76 111 113 70 172 155 126 75 84 97 105 75 122 140 102 27 135 130 63 99 156 112 74 78 77 79 62 108 
144 41 97 30 100 20 180 40 113 95 135 96 67 126 131 88 133 59 104 141 131 125 73 123 83 89 63 135 158 49 78 92 97 156 109 118 120 69 36 39 116 132 172 46 78 28 96 57 112 154 148 64 158 96 38 53 140 137 125 135 169 89 93 125 65 67 74 94 45 122 39 105 115 116 108 65 135 104 73 94 157 98 130 98 103 30 102 139 44 96 99 123 106 40 71 176 158 80 115 46 195 63 90 113 67 97 51 91 54 37 116 84 68 123 71 123 135 81 114 168 155 74 65 153 165 70 101 66 
56 153 159 152 83 126 58 134 15 59 133 36 121 88 53 106 48 122 189 36 102 128 88 79 111 105 147 89 119 105 111 100 155 177 81 54 120 140 43 69 179 54 100 109 79 49 41 103 154 104 45 113 143 131 66 78 56 91 50 144 158 46 89 61 68 47 59 7 114 72 164 92 57 179 119 75 28 129 120 69 11 152 148 88 137 107 85 90 42 103 165 75 111 162 115 141 88 87 181 111 85 61 36 158 106 118 93 166 74 162 94 85 142 42 25 90 150 74 87 107 98 96 149 140 19 83 101 170 
138 153 78 115 108 110 86 131 105 178 98 96 104 35 139 57 99 93 83 99 44 99 90 133 48 92 168 79 59 101 149 142 128 100 141 38 147 57 167 96 44 25 50 151 143 133 124 140 148 45 60 109 47 149 85 104 150 83 90 48 114 76 131 113 117 96 135 61 103 70 64 54 80 152 103 115 153 113 89 92 57 141 101 96 30 91 146 144 171 61 86 68 105 124 17 129 120 149 89 169 131 77 98 83 76 150 94 31 58 165 88 109 167 66 47 164 65 56 49 109 50 112 121 106 170 118 94 74 
79 50 46 71 122 114 130 108 118 94 26 115 139 157 66 90 96 54 51 53 6 34 104 76 100 124 96 78 92 137 45 111 114 188 130 174 171 126 104 85 83 75 61 73 73 37 68 84 64 113 109 130 87 97 192 139 75 95 151 129 72 32 112 17 100 59 128 59 114 111 30 114 166 81 85 104 172 155 110 114 38 149 133 122 96 142 97 90 117 64 115 122 151 105 67 113 78 39 122 177 67 26 80 125 107 4 63 152 99 136 50 142 68 89 42 150 48 34 12 55 164 101 124 96 147 116 114 165 
140 141 138 93 123 115 104 122 147 129 138 60 86 80 94 169 90 55 65 103 76 84 63 175 105 141 21 39 108 39 85 160 82 130 81 81 6 114 68 90 92 48 168 129 77 104 123 151 158 143 47 87 112 148 62 120 70 142 51 64 88 160 72 92 95 127 66 100 52 165 48 96 109 132 106 121 84 113 150 99 71 89 154 114 143 132 96 49 118 99 80 66 77 131 153 45 173 134 82 38 102 95 12 94 113 89 99 112 87 128 41 95 48 51 117 68 41 99 45 104 152 157 103 155 105 80 79 80 
104 96 16 125 66 68 74 137 116 141 153 80 100 146 66 143 55 185 103 55 29 104 87 194 68 57 56 73 102 85 139 56 69 53 128 104 126 151 42 108 76 87 36 157 98 92 159 102 96 131 149 97 148 2 116 32 140 140 145 26 37 22 82 167 110 175 183 109 45 125 90 51 74 133 51 153 62 159 82 109 108 88 43 154 89 125 72 120 55 44 77 82 135 69 75 55 104 66 161 83 48 116 101 149 89 121 101 102 62 131 117 73 119 173 38 178 149 117 64 117 131 101 131 42 106 89 112 86 
143 67 67 144 85 82 43 100 112 83 11 52 98 86 144 79 62 178 189 81 179 31 135 78 88 62 60 139 183 36 77 9 95 65 37 86 73 174 140 156 166 86 82 129 132 114 18 111 38 66 85 192 62 116 66 160 152 101 81 46 109 134 164 52 111 157 136 95 89 49 124 125 140 114 74 47 73 107 146 100 118 20 146 98 98 96 27 144 68 152 65 116 148 156 107 31 108 80 150 38 101 157 115 116 65 66 90 108 114 83 20 98 105 61 110 120 34 125 84 40 179 48 86 72 90 128 87 131 
123 142 93 63 145 129 50 151 65 143 73 71 158 182 92 58 62 115 105 86 135 143 20 126 20 124 119 103 94 128 107 38 80 98 82 115 54 91 133 88 142 141 68 61 131 109 26 52 53 78 104 139 120 32 160 166 116 99 133 16 40 127 86 48 116 71 38 79 186 155 2 104 62 145 24 156 104 44 120 97 68 182 44 98 57 141 109 97 95 108 166 85 95 114 73 77 17 59 46 141 126 101 104 40 187 84 163 174 122 63 100 64 86 53 115 89 16 93 187 106 104 77 74 110 44 87 92 40 
99 64 179 80 117 16 79 52 125 25 130 97 95 56 170 80 100 96 80 142 148 30 44 124 84 142 74 142 89 71 46 168 94 62 128 122 190 177 115 30 50 96 59 37 162 167 119 107 140 56 150 75 70 140 152 116 150 43 162 69 53 120 75 64 48 96 76 167 116 15 151 108 59 126 146 32 42 101 113 51 104 109 88 159 133 173 87 131 120 117 70 27 93 58 9 48 145 160 106 66 130 50 92 72 72 118 127 88 140 100 152 92 101 81 170 118 97 176 131 134 48 112 75 164 32 168 124 110 
40 116 78 109 139 87 77 81 114 30 66 175 123 52 89 104 65 123 112 83 69 140 66 108 153 59 148 99 118 117 154 127 52 114 136 92 75 127 64 55 103 15 32 105 193 126 119 58 137 91 83 95 142 140 101 99 43 180 106 63 12 91 67 133 80 141 143 79 143 74 72 111 189 123 107 197 135 74 173 74 55 87 68 134 177 104 88 93 85 59 97 34 132 39 57 14 147 129 55 75 135 10 130 88 102 65 13 67 44 171 129 123 104 44 147 71 18 101 128 169 173 62 49 155 77 94 150 118 
110 31 100 92 157 9 45 90 137 17 61 9 133 54 27 138 148 21 166 59 101 184 70 60 64 41 71 179 10 104 107 87 52 80 86 40 40 92 131 102 146 146 33 145 78 94 161 188 125 50 90 151 51 145 81 133 162 106 118 149 130 119 131 154 125 56 49 88 62 57 112 47 123 79 54 131 102 127 122 161 125 162 143 45 178 139 66 164 109 136 70 89 52 182 110 71 148 137 96 76 106 96 41 95 43 33 23 146 136 98 158 12 172 65 38 132 74 92 54 153 156 97 167 129 73 148 68 122 
157 117 185 143 20 96 80 147 132 86 85 161 120 98 95 96 100 88 145 147 75 66 148 61 106 112 119 115 92 84 133 71 68 152 78 106 91 86 86 142 82 111 80 157 26 91 144 124 135 144 48 129 64 26 46 16 69 63 149 14 22 112 124 109 58 124 58 87 118 98 74 159 103 120 159 66 72 72 33 117 88 92 82 32 60 107 95 136 97 171 90 177 151 53 104 184 24 66 66 83 83 190 45 130 87 96 149 43 19 115 86 128 140 97 109 117 127 100 60 97 121 116 68 129 113 137 49 65 
61 94 131 124 148 62 38 152 140 184 102 76 46 154 102 101 11 138 115 118 151 76 112 174 26 102 94 186 101 147 60 119 59 105 87 154 33 128 144 105 146 132 78 114 170 151 129 122 169 158 114 72 88 37 109 40 53 12 130 22 130 148 44 146 130 160 55 81 79 69 103 110 40 57 162 100 115 124 89 140 148 131 92 137 18 166 48 94 166 79 83 105 79 38 169 130 43 171 92 23 76 45 113 101 116 21 139 142 85 95 93 134 65 72 112 83 112 104 52 57 79 115 170 58 94 129 99 97 
107 119 128 82 69 88 45 165 62 123 107 94 43 73 131 114 87 126 193 137 141 95 82 167 136 96 122 153 167 96 98 105 123 36 42 49 102 101 98 99 46 97 53 183 94 144 141 100 89 46 76 32 160 22 134 127 120 91 119 112 148 116 144 85 60 154 162 162 137 55 92 113 62 70 121 124 107 98 116 50 84 97 130 181 19 59 128 107 91 88 153 64 43 185 67 118 40 144 95 113 84 134 113 128 40 77 122 132 91 92 137 117 109 110 69 63 116 141 139 156 196 89 68 104 65 153 138 121 
63 111 83 52 108 123 24 83 29 141 174 74 127 106 136 78 56 90 112 135 145 51 102 158 116 70 71 41 132 70 100 185 66 112 50 71 140 94 65 94 143 79 112 35 115 21 64 87 93 89 131 112 72 82 164 86 75 67 131 124 44 144 112 103 93 94 55 90 116 56 102 42 108 98 114 130 109 159 113 121 135 143 45 118 92 19 18 121 51 151 116 97 77 57 30 102 134 71 70 47 40 177 99 174 69 95 106 82 144 131 87 109 140 121 73 92 115 84 90 101 109 146 111 96 148 139 88 75 
19 111 131 74 103 154 84 69 140 99 109 128 189 117 124 109 150 167 93 158 145 159 52 101 166 87 52 114 48 20 21 14 132 163 143 90 50 56 176 51 152 141 117 154 39 107 188 39 125 61 113 17 92 167 52 48 64 133 154 109 146 85 103 198 92 140 120 186 66 83 162 86 83 88 154 14 102 121 160 41 79 163 100 48 33 139 101 86 57 115 84 82 77 105 116 106 100 75 130 136 119 136 140 99 112 170 65 82 166 26 39 87 106 135 105 112 63 128 102 91 140 129 113 41 112 70 45 177 
152 141 141 165 177 21 93 99 54 163 107 84 94 31 136 112 18 74 53 179 64 102 132 96 118 120 168 88 97 138 81 133 67 126 68 125 49 145 116 143 13 105 83 28 119 160 46 69 65 68 117 100 95 110 111 116 48 80 125 58 130 60 93 92 154 19 110 96 103 87 45 119 107 115 69 113 127 94 100 82 159 61 94 43 91 112 155 146 56 37 122 109 91 119 69 138 27 88 41 121 197 101 41 130 112 69 19 124 75 67 94 53 152 48 48 40 151 75 123 130 120 71 141 145 31 106 155 39 
49 128 51 153 123 81 90 93 66 103 127 144 76 191 80 89 118 180 111 85 21 98 45 118 40 42 184 93 91 101 93 118 70 123 52 95 101 44 92 60 88 128 19 97 105 127 72 141 67 47 96 59 127 175 157 71 96 141 56 124 160 154 94 140 19 86 78 139 52 56 131 124 92 116 126 125 100 102 116 112 96 93 96 109 39 188 142 111 126 50 96 119 100 116 103 118 119 135 74 80 183 126 60 121 130 143 82 60 103 81 108 113 153 64 139 41 120 84 47 102 44 78 175 104 58 131 90 40 
90 102 135 44 113 24 125 90 59 102 99 143 96 56 176 60 76 89 125 172 103 106 122 36 50 100 9 97 120 78 74 110 21 99 60 86 72 100 84 89 58 99 157 126 102 69 107 152 74 59 135 128 66 183 136 38 76 143 49 58 55 162 55 120 110 78 26 106 21 95 107 180 159 90 59 84 137 179 151 119 70 114 71 125 125 23 50 89 153 112 9 107 129 32 165 121 99 140 109 117 157 40 110 61 142 41 92 126 64 151 34 77 110 111 43 96 28 123 100 113 58 102 140 70 179 104 94 132 
53 68 67 122 185 52 167 55 119 102 134 123 72 66 104 100 58 127 117 73 75 68 143 45 116 49 128 157 19 45 149 104 52 54 21 105 81 174 93 75 188 114 75 87 102 119 100 54 94 7 61 59 100 109 95 79 167 79 88 87 81 162 90 186 96 139 106 128 145 96 96 93 97 103 161 130 166 179 102 132 39 118 69 168 81 172 125 95 115 101 127 35 126 67 136 96 149 161 185 117 150 36 101 117 35 113 120 117 95 101 101 46 57 148 90 139 81 26 130 59 61 151 100 133 85 122 76 135 
105 66 64 42 112 97 126 91 144 144 152 164 156 62 66 23 52 97 138 82 104 133 58 84 75 178 37 46 120 34 49 146 149 76 118 83 142 182 79 67 100 55 148 117 51 17 95 151 45 114 103 114 52 45 89 186 116 143 62 118 79 137 116 66 103 52 21 145 100 160 168 106 62 54 86 107 87 148 86 143 90 34 120 76 144 149 48 128 138 144 153 156 157 78 129 31 115 130 83 55 50 70 137 51 44 49 156 128 56 145 42 147 61 84 68 119 77 162 139 194 68 163 76 45 137 106 54 32 
59 72 142 183 148 33 72 90 96 105 139 146 47 112 97 94 169 121 111 57 34 29 154 79 109 67 143 110 124 69 118 85 92 50 129 111 101 150 112 86 78 98 93 30 151 103 177 79 122 72 70 111 165 125 49 155 15 74 57 98 69 55 56 83 87 56 95 96 160 86 97 89 43 161 168 100 120 130 79 59 56 120 26 76 33 74 152 166 102 84 74 136 94 128 131 145 160 22 79 87 33 111 96 71 97 74 160 88 89 129 156 91 165 123 108 105 161 62 127 54 118 97 118 127 129 120 76 72 
92 54 143 65 114 74 39 143 159 113 164 105 128 153 98 41 45 99 156 76 85 166 90 71 92 61 78 51 33 69 17 151 172 53 183 137 107 103 53 42 111 139 124 148 108 18 147 146 39 164 64 30 48 90 124 2 151 72 112 74 103 92 102 162 45 131 107 96 168 97 112 158 189 135 93 179 82 114 125 159 87 35 145 57 147 89 120 117 49 137 102 49 80 131 79 87 98 129 110 81 112 102 70 77 46 85 57 51 148 108 77 172 151 70 51 125 93 67 123 65 48 116 97 109 110 69 157 91 
103 141 53 137 59 56 76 85 143 126 102 61 97 101 176 38 35 123 109 80 145 51 72 126 109 84 42 182 60 89 34 90 89 63 160 113 149 105 131 147 107 158 159 146 178 34 168 110 105 92 54 114 96 51 125 104 108 111 47 159 110 113 42 86 119 124 180 93 106 89 158 174 147 90 135 172 113 98 156 120 65 139 147 127 28 164 79 48 65 108 158 45 141 100 97 112 75 143 151 158 136 84 39 82 141 29 141 99 108 27 71 174 111 56 112 100 101 123 129 65 87 138 141 121 70 96 24 129 
77 117 88 148 58 58 70 64 77 119 103 98 147 136 46 166 110 58 102 140 77 70 43 148 57 15 116 194 143 96 162 95 58 84 87 116 71 147 129 146 118 117 113 85 118 42 120 126 115 57 80 166 109 74 140 62 59 189 123 103 40 62 108 83 107 92 159 97 62 43 189 147 90 197 119 104 37 21 122 121 166 144 107 48 120 113 37 59 57 79 30 117 142 52 57 87 101 110 118 55 87 101 178 49 88 93 128 43 56 100 155 144 191 49 167 54 81 91 62 86 149 169 141 79 108 172 69 88 
85 154 116 42 138 137 68 40 152 67 120 46 115 112 181 193 173 51 127 110 58 71 96 40 143 100 125 74 82 126 168 188 75 93 61 172 75 57 120 83 92 107 137 165 138 92 43 56 116 179 152 81 132 133 114 145 126 123 79 120 57 70 98 88 115 116 90 103 54 161 135 90 197 170 164 169 24 112 137 47 76 40 111 109 19 183 97 139 34 109 104 34 63 54 102 106 21 68 81 80 47 100 123 138 27 29 143 95 96 102 105 103 88 163 111 49 121 153 158 79 168 67 111 23 51 119 137 97 
182 148 87 95 87 51 171 132 154 116 36 122 74 117 120 51 96 85 132 175 140 184 108 99 124 74 89 105 139 39 118 83 115 82 95 166 61 84 89 159 27 96 175 109 57 26 65 94 108 119 103 85 106 51 74 24 146 107 54 159 162 121 114 154 69 126 59 161 86 168 93 135 119 164 100 154 53 99 95 121 120 83 109 147 81 144 90 141 16 141 55 121 97 111 156 108 148 128 147 163 44 138 48 139 129 37 96 121 167 74 95 32 33 173 110 161 131 143 168 67 169 101 134 151 170 83 82 49 
169 137 125 161 105 165 100 15 86 117 24 35 74 10 138 49 66 110 99 50 108 70 86 176 106 82 121 126 60 53 90 42 184 97 151 89 106 124 99 71 84 102 169 169 157 131 98 90 65 75 115 104 121 153 47 156 32 197 131 66 100 124 130 14 113 125 84 130 107 100 179 172 104 169 154 62 105 115 125 105 74 129 103 125 125 91 180 117 118 76 46 167 60 115 116 60 107 122 120 173 142 87 23 104 86 89 51 33 94 119 135 96 54 95 90 79 67 155 124 84 114 122 129 66 164 131 59 130 
171 102 66 101 94 120 84 146 116 12 147 99 55 185 107 76 96 164 107 36 81 28 104 112 84 49 76 141 39 107 131 105 97 88 78 59 74 146 178 116 41 137 22 60 165 6 136 80 135 28 153 172 84 62 73 104 42 135 102 72 115 107 109 102 127 100 137 166 87 120 82 113 37 24 53 105 138 85 69 166 152 110 70 93 79 174 105 162 166 167 51 103 37 41 31 83 134 117 25 124 100 67 76 120 93 94 182 82 107 192 62 140 101 100 134 155 184 79 109 98 154 68 88 95 61 92 66 145 
55 117 82 136 79 124 179 61 113 117 98 80 141 87 163 61 156 90 80 49 155 181 100 185 105 112 110 121 117 54 121 101 109 66 160 57 116 116 131 105 94 87 99 84 119 112 170 191 104 129 113 155 113 159 107 44 101 74 127 72 124 98 159 121 94 102 179 179 148 130 114 98 21 112 99 115 85 186 74 124 120 106 85 82 66 171 90 36 160 57 117 111 114 107 65 146 117 80 80 86 115 90 121 181 34 166 52 24 23 38 137 177 59 144 129 27 95 142 144 64 130 105 85 125 151 23 76 151 
93 88 47 131 86 115 112 119 52 153 100 63 111 119 167 77 78 111 42 71 125 124 63 98 169 62 121 104 85 129 106 165 126 106 128 93 144 146 7 88 54 71 34 127 164 112 35 183 73 120 89 110 150 82 146 120 113 173 122 33 89 116 113 160 100 116 151 102 86 79 125 156 122 137 95 125 69 74 172 93 54 141 21 75 76 157 91 112 38 25 76 67 47 108 64 45 153 181 151 36 98 80 7 147 91 187 184 94 164 91 119 77 32 64 99 86 86 49 99 171 148 97 50 74 189 121 128 129 
162 109 110 51 63 170 153 63 78 99 101 60 71 92 128 103 95 105 31 98 107 190 37 85 188 152 125 6 91 124 33 34 112 127 86 65 54 148 79 51 51 55 114 29 110 95 60 181 94 69 92 114 99 109 100 97 51 74 161 117 140 50 121 41 82 112 119 132 143 59 159 120 121 47 121 105 166 124 93 132 180 98 103 106 124 136 103 63 186 119 43 16 82 165 86 124 115 114 146 113 81 144 101 28 76 167 158 151 118 152 103 97 76 139 150 64 54 36 138 65 126 84 18 124 142 130 72 98 
85 32 106 101 92 154 149 145 62 40 128 120 38 72 128 101 86 87 101 124 83 107 115 51 138 92 72 67 43 65 186 99 152 149 57 71 81 70 127 99 139 109 132 109 135 66 128 77 157 11 57 38 71 108 118 68 104 55 125 88 148 84 135 79 159 96 70 39 90 56 87 65 166 76 120 74 152 120 54 180 14 95 66 107 105 118 49 128 158 126 167 146 70 157 147 54 44 101 64 48 24 101 70 153 155 179 155 96 79 46 180 108 103 18 105 116 107 104 38 93 61 122 155 150 128 170 88 147 
67 56 99 77 147 92 151 48 109 59 196 121 159 140 68 171 74 143 152 117 56 183 35 118 97 97 95 123 113 130 141 148 103 72 125 107 64 60 29 36 39 153 72 114 74 65 107 25 98 152 141 149 89 88 20 182 109 87 162 92 131 97 143 163 61 93 114 118 34 120 35 139 144 40 83 129 110 106 141 98 95 28 146 91 81 99 107 91 28 93 51 175 128 153 147 53 155 174 54 119 177 123 59 51 169 74 139 87 43 129 33 174 101 90 86 74 18 80 94 34 117 79 21 96 73 74 139 105 
128 79 112 130 60 90 72 135 162 98 118 143 88 155 99 136 123 35 85 25 132 167 103 82 50 67 117 140 66 98 75 83 35 86 21 146 114 131 139 119 60 112 23 118 111 86 106 143 130 148 101 133 154 43 146 44 88 68 143 82 92 130 45 100 94 96 71 69 120 26 145 147 107 111 109 103 70 85 21 103 66 146 36 98 91 121 101 152 95 185 100 95 91 37 89 123 147 67 37 118 117 48 158 149 120 135 62 69 159 42 160 131 58 44 96 59 129 163 62 139 52 114 71 83 88 66 101 74 
137 36 50 118 89 83 9 61 48 68 144 138 109 111 80 151 145 151 139 117 110 120 76 19 67 71 82 134 68 100 107 97 93 115 43 78 59 45 110 112 143 167 104 173 118 150 112 61 98 88 96 122 114 154 98 98 159 134 45 32 137 181 118 48 43 109 125 168 76 76 57 127 48 109 147 125 93 82 75 106 107 91 98 170 122 141 104 155 91 90 108 75 117 52 167 126 83 123 109 123 48 128 40 77 122 101 98 32 106 41 51 121 161 88 63 152 170 76 127 95 103 52 31 153 69 38 101 65 
79 96 136 57 171 97 146 58 84 97 120 151 110 100 42 45 107 94 171 101 94 132 78 48 63 150 90 123 57 157 71 94 44 60 94 41 84 83 123 165 86 198 127 167 139 106 117 71 103 137 30 96 143 89 98 57 133 177 178 60 18 19 92 33 91 39 125 81 144 33 147 28 120 19 81 125 79 66 76 124 105 81 91 122 58 134 107 176 82 70 59 139 77 116 170 138 101 137 64 171 162 39 71 156 124 112 120 136 119 52 164 120 156 13 89 49 177 167 137 83 47 183 93 122 111 125 48 99 
146 76 75 49 117 81 117 191 127 34 105 98 122 157 110 92 126 30 119 185 86 51 154 36 181 42 168 136 135 153 130 31 129 87 148 95 51 173 150 92 140 93 38 37 132 100 120 10 30 107 91 142 132 125 96 141 173 104 139 107 166 59 19 139 112 188 23 172 149 74 89 164 113 183 144 91 174 171 157 136 118 99 121 141 134 94 152 78 129 57 135 38 58 122 18 135 106 94 65 118 108 67 94 51 141 117 133 151 152 66 26 89 70 83 63 137 22 74 119 98 130 122 80 76 191 143 108 186 
64 72 187 84 102 29 96 88 129 125 153 100 135 89 125 102 67 126 143 41 101 111 147 105 47 115 174 143 179 144 111 183 165 115 7 61 154 98 54 37 51 31 102 75 121 35 60 95 102 85 146 97 96 72 27 109 87 88 66 95 48 128 18 101 155 142 50 125 48 152 120 79 37 97 90 180 105 90 91 103 49 107 101 104 107 152 130 134 102 94 139 106 154 84 120 47 123 104 113 71 108 132 115 95 69 123 100 158 83 137 150 79 105 93 19 102 164 103 188 69 124 156 65 106 31 78 71 22 
127 69 50 114 88 105 113 188 31 115 76 84 160 153 91 156 170 116 48 114 136 130 168 113 61 136 101 73 49 65 41 137 121 51 120 45 51 51 96 114 162 26 84 22 106 23 127 59 139 90 144 90 49 120 144 97 131 93 164 136 94 107 121 86 146 111 89 95 128 166 117 48 59 139 141 117 162 36 112 63 128 91 152 155 176 78 134 72 125 139 65 29 70 60 52 178 193 104 58 82 135 43 63 98 74 41 189 77 142 108 40 123 126 82 139 27 156 124 70 144 139 136 80 92 83 152 137 166 
52 30 124 88 30 137 158 93 108 107 100 52 107 147 96 77 139 175 18 91 81 77 94 86 71 26 146 96 84 97 127 156 89 81 75 122 107 62 74 53 89 114 86 52 114 37 41 75 44 42 171 117 118 55 68 95 120 85 109 97 166 91 51 57 56 126 153 115 138 102 49 65 57 34 16 118 166 160 38 186 158 28 95 91 82 129 102 125 8 83 140 136 158 71 78 119 71 134 32 177 178 181 115 110 47 185 67 142 82 181 140 66 25 113 80 184 40 53 141 93 91 157 91 23 117 44 146 67 
125 94 119 106 63 69 120 107 112 77 86 117 81 157 86 64 174 126 81 103 151 76 108 77 116 106 116 115 113 30 112 83 86 44 82 72 94 105 106 134 95 94 95 93 140 37 97 83 96 103 61 64 99 44 152 108 117 59 136 171 79 88 151 115 37 50 112 101 144 84 137 108 79 109 141 76 167 57 25 119 126 93 185 90 70 57 94 139 83 116 68 112 131 122 89 103 72 48 132 63 115 134 104 164 108 107 84 66 103 87 105 41 55 97 136 113 60 134 98 161 118 72 110 32 100 181 28 133 
101 175 79 121 140 160 108 35 51 141 101 158 107 145 88 49 47 62 118 47 175 91 127 122 82 143 103 125 146 101 8 18 154 149 33 164 75 142 44 104 71 121 135 128 81 126 66 45 99 165 86 115 80 77 65 166 70 97 70 90 83 153 116 84 122 96 9 127 153 74 102 158 30 104 55 46 51 117 76 43 167 51 100 108 59 135 139 65 140 68 164 36 78 154 114 51 117 60 124 75 87 92 167 74 106 63 30 125 70 118 154 79 93 62 93 87 98 84 121 140 121 101 121 92 107 21 78 136 
48 91 66 118 95 104 78 134 113 173 163 117 94 138 135 126 87 86 153 104 106 76 52 138 28 175 105 154 91 149 125 88 137 121 83 98 132 125 114 85 118 96 54 78 159 94 104 109 123 75 68 122 66 82 116 85 27 34 89 177 105 64 97 82 109 119 107 35 156 136 49 45 117 34 121 167 103 111 67 16 146 175 95 75 139 38 106 29 136 112 36 8 182 187 88 95 115 92 51 74 117 72 19 135 96 172 147 120 36 111 52 111 70 28 101 168 109 72 124 168 132 41 104 122 85 99 120 175 
139 107 23 125 95 79 168 56 169 111 78 160 135 84 119 124 46 65 32 108 66 131 102 135 127 81 174 54 3 54 176 183 78 110 79 51 48 144 71 104 113 118 135 46 126 153 67 118 106 111 105 151 77 135 148 95 93 132 52 151 79 43 77 77 91 100 129 126 157 94 80 141 142 63 97 60 37 114 47 82 70 128 91 117 77 58 154 70 158 131 78 182 74 50 113 64 59 51 96 101 31 68 173 117 95 58 122 108 131 137 158 71 108 79 89 90 129 134 64 79 88 165 108 93 108 94 170 105 
48 134 80 93 164 100 110 87 135 105 163 129 152 141 62 187 90 129 92 111 76 105 50 67 68 42 103 153 117 126 170 28 117 97 133 119 74 103 62 95 79 108 152 105 106 172 181 122 40 162 124 105 131 69 156 114 58 39 182 53 38 185 57 105 119 116 32 67 78 128 131 100 52 54 111 115 41 107 108 165 157 153 37 52 116 122 84 60 71 122 154 187 50 12 102 40 111 51 111 115 143 111 102 75 81 116 101 122 88 136 115 137 150 129 129 120 63 155 77 52 133 131 129 157 177 91 52 80 
110 164 135 48 141 90 73 120 114 120 123 118 134 142 103 90 155 29 68 118 102 72 127 98 192 122 115 138 52 92 80 71 48 47 75 77 92 73 51 107 67 49 156 153 53 161 50 117 71 115 17 67 153 75 107 73 9 57 110 104 169 67 30 116 69 103 165 136 129 131 79 97 57 102 156 116 31 65 64 86 147 147 89 167 170 18 120 52 78 89 114 88 113 102 48 143 89 118 105 118 81 167 95 29 83 150 161 127 48 95 65 150 137 92 134 57 86 58 120 138 57 79 68 34 117 92 58 44 
76 135 133 89 187 114 112 128 43 187 118 116 59 79 154 183 95 69 70 68 104 185 110 88 22 85 113 98 78 120 81 122 131 137 79 61 106 119 165 168 84 156 96 92 138 112 75 110 176 141 129 113 45 55 31 77 48 14 71 184 130 118 102 106 138 118 121 96 31 145 87 112 87 106 108 60 83 146 45 124 54 53 123 126 138 135 47 178 119 103 51 95 64 40 143 148 120 166 78 142 60 115 119 41 96 48 92 140 70 87 105 151 89 114 43 15 100 141 22 38 115 178 180 190 92 96 172 45 
84 63 59 103 112 114 57 134 64 98 81 116 122 88 91 179 61 103 30 62 76 149 75 91 182 99 173 115 138 126 130 141 135 111 129 147 139 181 56 161 88 139 29 190 90 91 74 83 158 88 120 78 173 104 108 17 145 147 148 24 43 40 134 100 27 119 99 149 115 160 98 75 101 21 148 107 134 117 153 115 44 155 147 83 101 106 123 193 71 72 117 115 59 111 89 120 28 94 126 120 27 128 121 145 108 159 145 72 90 56 166 145 50 109 152 78 159 106 137 108 40 115 35 143 170 128 162 135 
150 50 84 147 88 124 48 124 137 85 131 42 54 185 114 101 101 110 79 82 90 134 167 158 42 134 110 156 46 44 140 120 44 116 103 116 138 88 173 49 29 82 80 59 52 139 130 63 80 87 149 39 134 66 80 59 160 129 137 66 171 144 71 75 88 135 140 161 130 22 129 143 110 68 128 122 117 80 181 114 101 174 67 123 137 94 104 104 134 48 60 92 51 51 118 166 94 80 124 176 110 117 95 20 79 63 91 113 85 105 185 14 123 92 107 70 92 49 31 144 181 78 139 110 102 140 140 73 
154 99 67 145 139 152 130 84 115 130 53 69 30 97 57 89 128 116 158 138 49 152 31 94 174 113 44 108 112 142 46 91 93 148 157 69 87 68 81 162 125 132 61 67 89 59 78 92 115 181 89 122 82 161 150 46 106 55 96 66 92 95 70 130 41 74 109 185 83 79 110 151 118 81 147 120 25 80 151 146 64 54 37 109 64 65 113 58 32 132 124 51 96 111 105 78 126 124 192 130 86 183 54 127 125 102 90 169 113 20 187 32 174 141 124 98 109 94 174 134 119 111 84 71 115 191 77 83 
79 130 93 95 67 158 61 155 142 85 124 126 66 98 70 174 88 48 154 77 139 56 53 67 140 125 69 155 147 87 99 117 54 70 72 76 33 94 33 155 144 121 77 37 143 113 126 73 46 111 169 177 38 83 38 141 66 75 76 83 23 113 47 136 121 80 117 117 55 87 81 158 55 80 163 173 124 86 36 113 48 119 118 123 171 118 71 82 177 63 75 74 101 115 118 142 120 176 130 24 115 35 29 145 73 18 44 182 70 101 78 146 117 142 131 71 79 127 31 111 113 44 56 138 159 159 103 183 
68 141 106 177 70 59 99 113 67 78 89 80 131 123 139 170 132 92 83 59 113 152 142 105 151 152 144 172 51 160 150 136 165 110 113 111 82 113 104 108 95 68 62 122 105 104 74 76 195 85 131 67 102 48 101 126 130 135 106 83 76 84 40 119 197 183 157 150 50 33 112 136 87 47 44 142 100 115 98 81 24 177 117 48 162 108 108 135 178 115 87 117 31 143 81 60 27 110 86 115 176 145 169 182 101 98 41 141 92 103 88 86 116 89 53 92 87 99 144 97 73 25 86 49 104 111 74 63 
105 41 126 83 123 150 127 48 66 109 108 107 196 162 24 50 151 57 82 179 179 61 174 82 98 55 144 78 160 43 143 45 119 85 25 136 170 175 35 42 85 24 94 142 37 49 26 111 63 61 77 26 95 116 157 101 50 10 96 190 45 134 177 136 101 126 40 36 70 111 102 84 101 100 138 87 67 90 80 144 101 123 48 128 39 67 132 43 181 134 92 72 68 111 167 115 128 117 183 35 145 8 40 149 97 86 133 52 111 148 163 79 91 99 165 68 121 41 61 57 145 106 107 69 78 42 169 106 
70 154 115 162 189 77 75 71 139 139 86 67 27 101 76 61 90 155 125 129 105 184 81 53 52 180 84 195 133 147 133 140 18 114 68 66 65 69 111 38 17 100 67 73 127 132 153 113 90 36 98 80 12 101 115 104 92 130 41 45 113 113 99 140 41 60 110 101 137 96 70 39 178 123 48 23 76 121 7 101 70 59 158 40 71 94 115 63 115 104 167 19 173 102 95 119 121 95 54 29 169 40 118 70 102 42 68 131 130 136 116 71 101 122 90 4 15 149 184 126 43 36 164 84 92 76 71 13 
113 99 86 98 101 96 68 87 85 73 131 53 89 183 109 176 82 108 26 25 170 22 162 97 65 95 117 85 76 41 96 113 90 114 81 133 103 154 48 118 128 133 29 98 49 69 106 70 113 158 83 125 94 149 116 40 72 88 95 130 101 128 174 99 130 121 61 117 51 71 77 82 49 138 139 104 120 181 147 28 153 51 149 77 156 51 95 98 110 164 74 135 117 75 29 41 145 20 127 145 182 149 70 128 96 79 58 91 122 98 104 111 98 94 135 103 162 59 147 157 38 94 134 192 83 44 146 171 
93 125 143 130 69 94 186 103 116 187 109 144 113 113 138 126 152 99 144 66 29 53 159 33 73 52 92 77 21 61 42 148 56 38 26 104 104 55 182 99 141 142 112 46 17 108 37 172 67 106 76 107 113 89 65 187 72 102 43 87 116 40 69 112 112 130 142 35 44 97 46 141 88 27 129 86 93 34 91 76 155 169 120 122 124 141 69 74 47 108 106 96 95 81 83 96 108 79 125 73 101 97 102 96 188 94 91 77 99 88 138 59 145 145 136 149 117 30 133 42 116 179 134 134 107 40 73 68 
59 58 123 126 89 169 155 182 166 162 56 62 73 125 107 99 65 175 136 123 100 45 39 90 100 75 71 120 127 157 43 145 36 146 74 105 68 111 96 110 112 166 72 56 52 121 99 155 97 118 150 4 89 121 66 84 118 65 33 96 21 77 95 170 69 143 41 113 49 74 85 29 93 29 37 89 94 166 187 167 179 74 135 101 112 117 123 41 185 107 63 172 58 116 150 48 159 63 102 18 98 86 42 79 94 140 54 60 79 98 70 160 82 108 50 89 84 150 52 137 71 58 145 109 179 103 51 61 
112 77 137 38 64 106 115 77 137 13 19 156 84 43 152 83 38 124 82 58 95 98 41 68 88 66 108 92 116 37 106 84 143 104 165 26 94 105 30 172 111 128 75 190 177 88 67 126 51 93 94 63 99 101 90 163 127 13 23 149 139 122 106 65 19 82 92 120 156 160 57 141 128 143 96 51 182 52 184 158 155 139 62 98 120 133 100 189 67 84 30 147 122 101 161 92 145 91 90 44 41 133 68 58 91 54 32 157 143 166 144 33 68 102 166 116 61 78 131 74 87 120 45 171 106 132 132 62 
67 49 84 41 40 162 76 107 151 112 151 157 113 64 28 99 79 105 89 102 15 107 130 74 48 56 128 80 88 20 88 128 177 10 58 108 103 133 34 135 116 57 49 69 104 106 141 75 91 166 31 152 112 102 108 174 88 67 146 43 142 132 82 82 124 60 126 117 128 88 51 99 43 95 121 33 82 24 94 151 96 87 69 32 136 151 158 77 142 66 125 120 108 122 127 140 72 113 169 182 141 52 131 91 77 60 157 86 163 200 63 85 92 124 119 158 80 44 136 92 36 132 107 125 147 123 105 126 
116 75 122 78 101 133 75 80 112 104 98 56 110 80 97 171 12 93 125 78 163 128 102 80 38 94 39 139 85 93 100 84 69 133 93 51 189 127 76 143 11 97 98 44 83 162 129 84 54 74 58 99 87 62 114 122 140 44 136 19 85 91 144 166 75 103 64 95 56 89 148 108 56 96 167 94 107 23 164 118 79 43 159 106 119 152 83 142 82 103 70 36 131 88 48 70 90 85 113 70 92 111 130 122 99 79 143 163 164 18 43 178 72 113 43 57 145 142 128 165 108 150 82 81 86 73 61 140 
196 165 27 186 43 107 67 152 71 103 96 156 105 73 53 59 92 87 105 178 118 100 88 156 153 184 139 87 91 174 119 176 140 167 105 119 121 93 134 72 63 117 136 45 104 92 128 97 37 162 165 136 128 131 83 63 100 171 98 115 95 92 131 26 67 81 151 101 145 129 108 27 100 102 74 119 192 38 91 152 46 129 42 41 52 66 137 108 181 87 118 111 137 136 95 87 56 105 20 101 103 148 136 98 88 98 166 200 18 168 123 159 93 86 88 108 85 95 9 133 80 161 100 68 74 109 53 96 
162 85 64 83 166 76 89 109 65 44 29 111 153 56 101 32 104 135 46 80 146 108 43 115 123 101 91 162 36 94 104 181 82 96 119 68 44 116 189 113 129 53 57 82 130 17 82 105 116 94 88 50 41 117 20 100 152 129 158 86 93 137 87 39 94 108 34 101 42 156 77 71 155 105 95 135 62 137 119 103 180 33 160 51 164 26 150 40 140 105 154 52 158 115 65 105 166 185 187 78 88 163 116 104 138 70 144 63 43 123 48 155 80 116 52 139 105 72 63 67 169 97 70 103 80 13 39 168 
100 52 55 122 97 49 121 105 125 88 112 118 24 82 123 122 104 110 19 152 141 60 181 88 185 30 148 112 70 124 102 133 107 134 75 104 183 104 76 99 67 114 105 63 89 165 181 75 84 85 109 142 95 73 98 64 92 123 12 128 134 117 109 87 53 113 77 46 147 91 172 174 144 103 32 96 140 177 77 97 108 174 131 121 120 89 79 123 66 41 79 111 71 137 150 151 145 14 32 146 86 79 71 111 59 160 33 85 178 159 155 196 153 96 76 120 106 81 117 54 143 75 122 112 123 60 37 101 
75 23 102 184 131 175 57 87 116 18 135 128 119 176 171 64 90 89 93 90 189 96 105 98 80 93 88 52 47 115 96 36 56 196 58 187 112 150 66 137 127 126 67 15 146 128 104 122 68 142 167 68 48 119 105 86 101 104 172 140 65 109 140 106 152 153 110 57 61 165 151 111 191 88 33 54 101 59 32 76 103 101 58 161 156 70 105 126 25 55 93 70 108 150 137 89 50 123 174 117 116 91 101 98 145 82 68 92 72 93 80 153 162 150 101 126 45 94 182 113 90 100 180 79 115 3 142 110 
104 56 148 173 128 82 80 85 71 123 66 134 142 137 41 182 112 122 156 130 82 86 92 108 105 175 79 130 51 143 129 108 77 78 129 146 93 59 72 84 68 123 104 131 111 185 89 140 123 42 66 89 51 173 61 53 81 44 65 97 72 110 121 135 48 64 111 148 84 123 70 56 49 163 173 95 100 144 64 139 18 90 44 88 13 83 93 82 113 97 62 28 79 129 92 114 109 92 141 142 89 99 122 94 145 108 102 124 113 86 116 96 150 80 121 99 138 8 71 94 110 126 87 140 61 161 68 64 
120 135 86 86 154 92 74 63 188 70 146 85 115 91 80 94 51 119 74 120 174 163 33 75 137 103 192 64 79 127 118 127 89 156 28 90 11 142 53 54 182 147 82 63 126 92 65 102 71 25 47 42 117 38 110 115 170 147 38 109 112 69 73 105 48 139 43 90 68 108 51 112 167 111 110 90 134 129 99 150 105 86 96 63 89 63 19 139 80 136 93 101 89 129 134 43 152 107 124 131 53 165 90 135 136 50 166 119 43 88 52 76 101 121 122 152 30 84 121 56 67 140 169 77 147 114 80 113 
43 69 55 59 103 96 102 117 154 102 97 167 97 90 100 79 71 65 75 129 80 54 101 121 47 108 77 123 117 125 64 122 158 21 114 95 100 117 166 126 18 86 72 74 59 46 112 27 123 90 164 150 68 178 120 89 118 71 132 117 83 63 92 112 40 41 96 139 119 105 125 100 54 49 161 79 155 27 86 64 116 74 59 152 49 137 102 27 184 113 87 168 90 120 57 15 78 70 98 71 92 68 4 103 149 89 116 158 57 108 139 120 126 99 152 172 49 59 62 118 71 132 109 41 48 121 55 47 
100 77 137 153 165 137 47 73 90 113 93 104 136 107 49 59 57 40 147 83 57 61 110 80 35 83 120 105 113 76 87 100 197 111 97 114 160 92 71 137 146 72 43 102 54 90 69 135 135 150 65 48 41 149 34 16 97 18 74 127 112 116 115 63 151 120 28 81 77 161 93 101 81 121 131 67 184 95 86 54 107 18 129 170 177 22 164 156 40 60 98 109 129 63 86 100 159 92 109 79 87 121 15 162 117 84 61 80 145 85 105 106 45 138 30 49 64 94 102 60 55 16 145 116 101 147 178 153 
152 150 84 167 36 121 157 61 118 67 21 104 118 33 110 65 82 184 57 152 144 146 82 122 124 95 50 48 126 95 107 149 60 66 154 118 160 84 133 90 133 102 126 85 68 130 80 130 81 74 56 34 99 117 125 93 176 101 92 100 104 141 84 128 75 84 123 26 162 62 67 123 91 153 143 155 79 142 49 36 104 80 163 76 167 74 103 124 53 134 84 72 134 155 58 141 106 49 94 127 99 41 149 59 30 150 78 44 142 95 72 81 94 8 84 59 94 194 151 116 145 102 93 194 104 94 165 19 
117 106 109 44 142 140 46 135 78 87 59 53 73 177 84 129 125 85 56 102 195 74 4 121 70 34 138 107 166 51 84 87 161 108 35 70 73 11 10 125 130 66 168 141 145 85 110 63 114 87 49 12 45 64 84 187 131 128 54 60 52 139 90 102 123 47 100 130 139 127 123 129 62 158 168 124 109 144 99 138 38 94 62 127 137 119 188 70 141 98 121 124 64 77 120 22 137 31 174 31 144 61 184 147 133 52 131 136 128 9 63 117 182 71 121 62 102 151 176 140 30 130 155 87 34 63 63 98 
107 76 164 97 122 128 178 51 142 125 124 136 55 129 159 96 47 78 103 93 89 19 159 88 68 18 88 74 89 116 107 66 54 47 123 16 165 43 52 88 108 102 102 137 172 114 136 99 168 107 109 55 104 117 40 106 134 169 153 97 57 156 101 91 130 102 113 59 194 54 65 65 86 79 67 84 98 64 171 65 93 34 139 95 83 98 69 144 93 161 140 168 79 52 138 38 108 144 134 111 97 57 126 157 42 137 74 92 165 133 67 54 113 94 56 118 60 116 140 156 125 81 82 52 65 66 115 67 
51 132 161 104 111 119 64 132 104 37 101 180 97 145 133 99 87 13 36 76 133 132 83 112 84 28 146 92 122 141 159 8 77 186 138 76 144 28 107 139 96 112 49 103 21 96 109 156 155 98 50 164 152 131 179 104 48 173 156 121 79 196 109 140 120 44 58 61 68 118 48 87 149 168 169 114 154 130 148 126 61 117 52 103 47 130 124 139 91 118 121 132 88 133 57 115 40 181 119 113 73 145 43 38 116 71 87 36 108 80 169 143 90 110 67 71 55 145 30 125 126 88 191 26 109 86 81 116 
39 106 100 134 125 76 122 19 112 103 67 134 42 190 123 139 31 92 116 181 146 81 58 48 117 71 58 114 172 45 82 110 85 39 146 158 60 177 49 147 70 149 110 104 52 42 88 112 74 96 112 101 157 101 48 77 112 62 97 116 115 89 146 129 71 78 102 151 163 97 116 138 169 67 101 122 68 105 97 84 122 79 114 52 183 122 156 136 157 72 101 41 165 131 79 178 115 78 111 44 25 106 36 94 179 58 120 132 150 161 97 75 100 126 140 132 16 102 130 81 88 58 130 72 145 109 49 83 
31 67 45 107 75 73 97 90 139 105 62 109 160 83 81 115 90 106 69 144 69 107 140 108 147 46 114 99 39 170 65 154 96 166 178 62 120 74 156 127 81 88 69 117 126 93 130 74 65 149 121 124 103 131 86 74 75 49 167 68 170 68 111 113 141 175 140 100 76 118 97 141 141 111 134 129 88 85 50 18 155 21 71 31 93 80 65 80 91 110 121 104 108 129 68 180 35 139 84 56 86 107 164 134 134 145 45 107 82 100 70 122 180 87 169 109 145 93 155 82 191 130 152 44 80 182 155 81 
155 123 143 143 139 101 31 126 5 55 179 146 89 172 153 116 39 46 91 178 192 148 117 149 76 118 89 106 69 69 71 113 101 58 195 111 148 83 76 172 110 94 122 138 76 196 63 78 153 140 106 96 155 42 72 110 164 155 129 129 58 104 96 41 145 104 70 133 45 127 109 121 79 23 151 66 95 125 74 124 150 96 83 153 122 76 106 92 23 32 92 122 93 157 34 190 143 110 71 138 49 69 84 192 134 109 171 125 81 68 103 112 79 140 77 41 116 194 87 52 26 72 44 124 88 145 100 113 
128 87 48 113 135 126 89 72 165 116 145 96 62 88 131 175 107 137 60 69 128 158 49 105 110 114 65 166 126 74 127 48 89 59 128 133 124 130 20 46 70 116 22 51 95 120 81 77 165 19 170 147 105 106 90 44 32 77 73 113 94 65 148 112 31 58 179 85 137 129 110 70 108 51 170 164 61 151 189 142 128 73 88 69 111 191 31 83 117 100 107 85 108 177 117 92 170 102 115 159 104 78 92 83 107 179 106 147 86 74 80 123 115 61 147 48 101 104 34 65 109 145 80 88 136 130 73 113 
38 119 159 154 24 146 142 72 125 129 106 63 79 90 150 110 88 66 121 53 153 93 21 63 122 19 103 162 97 111 120 84 146 130 41 73 57 131 156 68 28 110 83 67 101 146 147 79 70 83 118 116 80 89 128 87 168 94 148 137 129 153 139 70 106 131 104 122 106 120 69 96 172 119 83 131 92 23 121 130 170 74 66 38 125 143 78 152 44 181 21 99 94 91 92 96 128 140 191 159 111 42 76 44 40 103 132 123 73 109 13 60 3 161 114 121 147 94 63 66 86 109 182 145 130 174 147 65 
129 60 120 101 65 65 136 174 147 115 92 93 122 17 139 70 104 170 136 81 132 197 23 36 68 96 87 143 112 120 102 146 78 70 88 99 126 57 105 46 154 72 149 119 144 127 154 62 101 101 94 114 79 112 87 92 124 150 68 49 99 138 88 45 155 90 94 76 54 76 157 24 69 137 82 59 66 76 128 72 88 139 101 101 48 108 71 137 146 28 78 120 170 52 58 172 162 140 77 103 74 169 71 146 73 51 132 105 61 53 39 37 142 68 80 55 178 165 63 115 81 49 155 100 73 147 144 120 
29 86 120 118 69 62 30 105 68 22 39 83 105 72 55 166 76 52 59 96 110 97 155 76 108 108 144 20 72 145 52 98 56 82 133 69 112 49 122 101 104 158 26 101 62 179 103 108 66 170 74 165 80 86 131 40 110 118 122 65 97 121 75 177 39 40 132 135 32 72 91 129 88 97 49 130 145 151 129 98 147 105 74 65 99 186 22 166 67 133 136 175 105 80 44 45 135 73 83 183 63 106 13 171 68 61 62 126 140 96 168 101 110 64 113 47 153 19 98 67 116 83 81 113 113 65 120 68 