128
70 28 2 20 99 80 66 26 37 55 13 19 38 66 48 38 62 14 51 40 97 86 83 49 29 50 36 37 98 58 4 14 51 55 87 6 45 45 88 64 59 63 81 92 8 2 3 18 5 4 67 66 11 12 99 24 37 78 16 58 8 7 41 31 41 5 39 27 69 69 77 60 78 71 97 58 44 60 64 21 25 17 25 54 30 19 23 12 29 94 56 90 71 20 88 33 28 14 100 25 48 9 15 46 83 83 20 39 79 44 64 86 82 25 24 70 69 36 1 83 100 20 3 97 52 24 12 90 
2 54 3 99 55 57 1 73 34 74 82 74 38 57 63 60 77 52 22 57 73 24 46 35 88 8 4 81 42 82 97 1 7 87 6 9 41 100 31 9 73 29 78 14 42 6 17 33 93 3 6 74 94 36 65 49 13 25 41 69 56 79 7 3 60 86 27 94 77 22 42 95 84 55 67 75 32 1 11 91 36 64 89 22 44 1 60 91 87 52 3 56 36 46 63 11 42 12 58 56 85 62 98 92 100 22 93 28 72 18 42 82 48 98 78 58 2 73 68 63 26 55 3 89 16 39 21 37 
32 77 52 18 29 13 13 48 76 29 1 85 16 16 87 13 10 50 69 90 81 24 95 8 28 9 40 57 43 10 55 76 95 64 52 49 29 31 14 44 72 63 16 77 53 17 42 41 19 27 92 7 53 17 32 36 81 14 66 79 21 95 87 91 100 32 97 41 91 77 64 60 57 65 61 20 50 33 57 24 36 91 12 95 24 52 2 58 44 46 74 62 10 54 47 49 98 9 77 9 57 72 47 41 81 43 48 88 64 52 59 49 15 95 10 8 66 29 64 68 33 41 57 14 39 39 100 69 
9 34 23 20 31 18 100 51 38 5 94 9 27 21 22 34 7 63 6 52 64 71 78 75 24 78 20 77 19 58 59 73 13 8 25 50 20 52 84 6 75 29 6 7 59 9 98 18 13 68 63 85 99 94 91 65 69 17 89 68 19 5 53 2 43 32 15 53 86 35 74 21 39 75 50 84 87 82 96 2 52 45 2 54 82 58 17 61 16 35 41 38 2 24 67 26 10 31 62 34 98 47 93 4 2 8 12 3 43 79 91 50 86 27 87 71 93 60 48 94 94 9 9 92 42 78 67 67 
30 60 79 32 56 100 19 75 25 29 71 42 9 98 82 18 64 12 11 76 57 31 35 57 8 30 65 74 66 75 3 82 66 28 31 31 43 45 36 10 1 43 80 89 35 67 53 60 28 67 21 92 100 34 69 53 96 29 99 1 82 23 3 91 40 18 55 87 31 22 74 65 31 69 100 21 17 60 13 39 9 18 12 16 50 35 69 10 24 1 43 55 85 10 97 1 35 79 22 1 26 17 64 50 2 8 14 91 49 52 100 63 10 86 61 57 20 93 23 44 1 9 97 28 71 53 45 91 
75 40 55 38 38 69 85 8 78 32 98 43 51 20 1 22 29 6 6 42 68 16 8 6 40 82 64 99 34 8 23 66 64 89 46 91 90 74 41 25 3 1 97 67 62 27 33 68 28 20 10 41 24 77 57 81 80 79 92 85 4 58 29 32 81 24 74 30 21 88 70 6 70 33 87 42 80 45 51 79 94 15 90 87 80 46 48 59 58 46 75 10 45 67 5 89 35 72 60 37 42 76 54 8 94 18 41 52 11 40 96 40 3 5 92 61 3 33 19 96 86 87 6 40 39 25 20 23 
7 4 26 13 66 69 68 65 14 79 80 21 27 46 31 53 59 15 77 43 90 77 47 52 75 58 37 71 38 90 9 45 1 61 66 38 46 16 55 1 31 36 72 81 27 75 43 33 38 20 33 69 99 91 58 68 98 7 82 23 40 94 82 32 54 25 2 31 29 43 27 41 77 90 49 25 37 65 55 30 91 45 46 14 48 91 42 49 96 99 13 80 65 62 8 26 100 70 47 26 25 53 68 58 44 66 40 36 29 32 19 61 19 71 85 89 17 36 6 84 19 16 34 97 41 23 2 48 
4 22 16 60 5 6 72 44 91 1 78 68 49 34 49 58 97 59 25 7 19 62 16 30 73 55 90 96 21 23 86 68 34 2 34 60 19 96 18 100 84 8 69 49 19 71 56 83 94 65 52 39 82 20 92 75 76 84 1 77 73 88 65 62 14 48 51 36 14 14 6 42 55 70 96 86 41 58 41 19 77 30 22 96 69 72 35 4 30 9 85 5 66 76 94 51 49 32 26 88 38 96 85 38 3 12 71 1 25 3 93 91 8 9 40 12 39 1 47 10 88 15 2 69 65 59 23 90 
78 80 15 26 36 3 47 100 45 34 5 99 84 1 25 12 8 2 84 91 28 100 7 29 19 59 62 94 14 4 26 83 53 37 62 56 43 19 51 58 65 25 13 39 19 59 5 45 1 1 20 65 38 54 20 76 52 6 49 16 62 71 34 80 17 12 98 94 58 88 34 7 88 44 34 62 43 94 45 69 64 30 26 15 43 30 24 3 4 8 97 40 12 94 84 97 18 14 70 36 19 86 74 61 19 58 50 10 94 48 23 40 95 96 19 64 71 40 64 80 42 100 95 81 35 42 45 47 
84 84 53 47 23 92 67 79 8 43 22 43 21 86 81 1 86 21 56 34 73 36 82 81 37 83 85 5 31 81 53 31 40 51 52 17 10 75 67 60 25 51 42 28 64 84 94 44 51 20 56 55 10 23 57 48 64 53 91 43 64 73 26 12 7 64 27 45 54 26 21 14 83 70 10 52 47 99 56 45 1 38 78 84 83 43 36 67 66 13 6 54 63 37 16 92 37 19 94 80 10 87 45 73 62 62 21 44 65 58 45 35 28 47 96 40 73 86 94 59 81 21 44 52 57 62 63 25 
31 94 73 17 24 87 74 82 93 4 72 6 75 4 82 82 86 24 37 79 7 37 54 54 95 18 20 95 87 30 98 42 66 62 49 42 13 73 98 29 47 32 4 9 90 89 1 43 76 44 22 98 38 68 59 6 29 63 26 13 85 83 91 20 63 79 59 26 12 86 66 90 65 82 8 94 30 29 28 73 41 80 20 10 79 24 24 4 47 81 86 87 24 34 75 9 5 32 89 78 57 82 84 88 4 96 4 18 52 61 46 78 37 9 36 48 87 69 14 9 55 74 3 34 32 81 75 2 
80 56 66 50 55 33 54 78 17 29 60 65 62 91 38 49 2 42 50 79 68 21 33 52 53 18 1 83 90 54 21 84 15 93 87 31 76 30 20 67 72 7 79 1 14 57 27 30 28 41 7 51 51 8 81 98 41 75 76 63 75 2 81 32 1 100 6 84 2 65 33 78 12 96 93 27 5 79 6 55 68 20 26 2 16 49 67 77 100 91 2 58 37 44 41 92 67 7 46 69 75 29 69 98 69 69 31 56 40 14 2 61 35 25 37 87 55 10 36 5 4 42 57 59 38 91 36 63 
54 75 17 42 42 96 18 40 14 38 100 47 35 16 21 3 38 19 55 43 56 76 46 24 92 86 99 2 98 44 42 75 37 67 39 100 11 28 61 25 69 98 60 53 69 53 81 75 29 45 11 72 83 25 49 9 85 82 11 95 90 44 33 3 26 70 49 74 100 89 6 59 94 79 48 67 4 16 15 26 54 71 12 41 38 46 86 28 70 1 84 50 79 25 63 99 58 82 22 30 45 70 12 28 98 12 64 28 81 42 16 56 79 81 94 15 9 9 24 79 35 70 95 86 86 38 83 19 
29 6 78 70 76 17 83 68 11 39 17 91 57 22 80 79 76 62 46 27 26 29 13 33 48 23 33 55 88 23 80 70 85 89 70 37 75 46 80 54 94 7 15 73 28 50 94 15 62 78 34 80 3 45 66 4 92 87 8 2 21 60 75 48 22 76 90 88 39 61 66 35 54 4 57 11 6 1 40 81 100 34 74 35 94 37 18 41 97 7 76 82 97 81 21 55 95 52 62 64 60 43 32 64 28 60 64 54 14 42 17 52 36 65 1 33 55 51 81 79 40 40 84 97 82 37 28 77 
26 71 32 91 30 83 20 13 79 32 25 55 21 100 41 76 75 76 94 77 73 58 83 40 24 1 41 18 15 21 89 67 53 75 5 75 94 8 28 98 27 36 70 51 9 31 42 15 89 55 90 73 99 11 54 18 84 35 83 56 42 9 96 9 82 84 71 14 91 50 27 41 45 31 45 70 39 65 41 67 58 19 58 50 80 76 14 4 63 38 50 36 37 67 26 8 78 35 87 75 89 81 60 40 73 23 38 90 48 48 73 54 96 100 71 36 93 45 91 90 44 1 32 58 91 92 99 36 
56 44 71 85 83 45 77 50 46 77 80 51 75 25 64 25 41 51 74 62 69 71 38 26 66 37 73 85 92 15 57 86 2 58 17 78 7 54 47 10 45 75 87 82 98 99 11 55 48 22 29 32 39 64 21 1 4 54 24 75 24 24 23 62 58 54 84 11 53 67 68 82 46 62 88 87 79 29 15 60 51 17 35 5 18 100 22 53 77 48 6 12 59 69 17 48 65 39 51 32 37 36 2 1 46 55 31 76 5 86 5 13 94 81 70 57 46 4 61 32 20 32 27 9 86 60 10 68 
42 33 8 76 14 76 53 11 86 78 47 43 15 35 6 92 86 62 32 26 51 95 79 57 82 16 45 38 72 92 96 36 86 21 51 50 12 80 86 11 53 61 65 57 95 9 41 15 58 95 26 51 26 88 27 54 51 52 90 15 29 4 12 4 88 34 11 52 7 79 52 45 33 88 97 64 66 42 18 28 40 68 5 11 5 44 36 9 33 78 41 54 33 66 62 84 71 62 28 24 60 42 73 69 75 53 100 15 72 5 62 97 92 28 12 99 10 75 35 57 56 57 43 53 58 93 51 34 
43 21 49 100 6 25 36 12 20 64 60 29 11 6 70 14 36 19 44 43 83 80 21 86 41 54 5 89 14 85 88 26 56 45 9 96 41 28 77 67 77 30 9 77 87 69 50 55 46 28 95 82 43 75 48 55 99 67 94 2 86 90 57 71 51 97 34 29 80 62 96 3 93 23 46 89 87 39 84 56 39 28 15 14 61 83 6 42 57 92 47 51 71 49 69 54 39 66 9 28 17 24 13 54 92 66 66 68 45 34 66 89 63 95 24 7 43 90 20 80 47 97 22 93 90 44 52 58 
70 79 79 48 74 45 1 64 82 57 16 26 11 28 93 11 77 57 40 78 35 21 48 46 67 6 99 33 8 14 40 86 89 3 96 79 69 87 61 92 47 7 62 44 13 4 19 20 51 48 47 38 5 15 32 99 99 43 27 42 65 92 61 76 72 90 67 5 22 79 16 69 5 63 42 13 38 22 54 55 12 30 35 91 19 18 31 79 42 77 93 64 41 88 83 5 15 18 87 93 20 9 47 91 86 36 57 90 42 96 79 21 92 60 74 85 32 22 20 1 95 99 40 50 61 9 54 90 
37 47 62 80 73 64 39 59 10 94 19 13 18 38 88 77 27 40 49 93 42 37 89 95 30 88 7 6 10 65 44 28 31 65 25 37 69 84 6 66 53 18 21 79 27 96 31 67 72 10 32 47 86 27 88 50 2 56 18 1 25 50 54 15 82 83 97 94 3 63 65 41 55 48 10 16 12 78 87 57 34 55 72 49 48 70 35 91 83 19 74 75 63 99 91 19 75 11 93 14 8 29 3 63 58 20 54 61 79 79 46 27 18 17 54 99 49 74 90 89 24 4 3 4 47 3 68 36 
4 9 7 57 1 9 52 16 7 78 65 46 49 96 44 48 24 4 75 61 84 32 93 81 6 23 83 66 21 24 26 16 39 5 34 41 33 67 92 71 1 70 80 1 73 57 8 61 76 12 70 89 41 44 27 87 17 13 42 62 32 86 25 55 58 96 18 78 94 82 57 75 98 45 7 90 97 74 87 28 45 80 40 18 86 22 67 74 82 69 66 51 44 45 81 87 19 5 55 55 83 7 7 4 73 25 64 52 67 29 54 34 60 19 32 24 30 82 8 76 65 49 89 54 83 95 50 82 
73 63 5 96 2 38 26 95 21 42 28 76 46 63 96 97 59 83 8 56 97 88 80 16 9 95 92 89 74 56 99 99 11 4 6 30 98 53 93 3 33 75 36 43 11 85 9 88 96 6 45 61 41 11 20 7 3 63 57 35 91 42 99 92 41 32 57 78 36 59 1 17 99 72 29 80 4 52 39 99 35 51 69 64 10 62 2 32 79 22 61 39 5 57 67 59 93 81 82 71 71 18 80 73 99 20 10 47 100 68 19 4 65 1 46 70 62 24 98 80 91 42 80 38 87 47 68 63 
37 84 15 27 75 66 42 63 2 86 73 24 69 35 34 38 2 45 16 72 11 4 10 54 71 33 86 37 78 1 34 84 12 20 81 41 57 73 98 27 77 100 42 21 96 72 98 87 38 36 72 55 83 58 82 39 90 9 69 26 53 68 93 62 21 43 56 87 93 78 59 21 5 15 60 14 76 60 58 78 76 61 10 40 2 86 74 48 24 39 56 46 80 73 73 23 44 76 100 31 53 32 58 94 73 43 61 66 93 62 93 89 19 71 7 81 23 36 32 38 77 79 32 89 99 61 97 45 
91 58 30 37 39 1 30 68 98 86 70 87 86 48 56 11 64 13 83 25 54 86 29 96 14 99 53 69 82 25 4 5 28 47 92 44 89 13 35 74 20 30 20 66 99 34 100 90 76 34 41 16 61 53 28 54 68 70 34 28 35 56 36 15 26 39 54 48 94 16 68 97 13 74 64 75 82 43 77 90 86 85 7 47 23 44 71 51 58 91 48 61 88 44 68 30 33 38 69 37 67 64 76 95 80 59 22 72 79 85 2 7 20 2 18 85 9 23 86 86 70 62 41 31 77 28 18 19 
91 1 66 12 43 66 11 62 53 97 100 85 4 93 11 10 71 61 84 6 29 43 9 79 10 21 36 33 10 2 55 57 26 87 68 43 82 69 50 79 90 28 23 2 75 66 52 97 64 66 96 86 26 33 69 63 21 78 9 73 20 58 8 68 59 72 25 71 79 2 38 99 81 71 7 38 14 15 7 24 78 76 71 18 63 80 72 16 1 17 55 27 82 98 74 46 82 34 10 18 80 27 21 71 77 58 41 78 40 47 29 49 50 84 15 59 63 64 41 79 26 85 6 75 98 68 89 78 
19 8 49 65 43 96 76 81 77 100 2 68 55 32 36 7 80 7 99 18 41 26 75 79 43 4 87 17 83 59 82 99 11 34 48 52 62 72 4 32 100 94 19 62 25 50 24 89 33 40 3 26 73 21 90 86 34 8 4 50 93 10 27 87 30 89 11 44 32 99 89 13 18 78 65 18 28 36 75 91 45 83 26 99 89 76 97 77 15 62 85 96 6 53 1 77 26 20 92 55 21 60 44 11 38 89 19 19 100 7 80 68 5 80 59 16 82 58 43 38 22 50 93 21 75 67 95 69 
93 78 30 77 65 75 81 65 38 97 70 88 93 24 66 80 8 31 8 65 69 3 42 84 21 4 91 81 5 61 7 85 7 7 82 95 27 69 31 11 71 14 52 83 43 19 10 40 12 80 25 48 72 52 75 95 96 92 32 72 20 31 53 63 90 70 74 72 69 5 32 60 88 22 37 4 82 97 27 58 56 14 19 43 94 40 39 1 22 21 100 82 65 2 64 54 72 58 85 64 65 34 62 57 79 52 80 62 84 43 24 96 43 58 14 50 35 30 11 70 90 80 9 80 42 73 8 100 
48 38 42 64 49 17 26 97 20 69 33 6 62 62 40 59 88 46 74 85 44 100 90 27 43 47 52 81 93 50 34 7 24 37 38 31 97 49 79 92 82 37 74 67 28 31 55 75 52 18 85 66 88 78 58 91 74 53 72 19 12 67 95 57 79 4 89 52 24 77 82 88 23 48 84 98 47 82 32 89 14 79 49 99 80 48 84 25 59 13 21 53 55 63 94 91 78 43 33 10 54 46 77 38 67 40 93 51 33 78 74 40 33 53 81 76 45 43 81 67 38 57 72 45 27 39 19 53 
72 65 68 14 60 71 66 23 78 15 5 57 5 19 50 53 78 78 75 72 80 1 57 59 99 27 38 29 41 24 38 44 92 63 72 9 56 72 41 45 78 93 75 80 87 34 79 37 47 42 32 2 98 29 84 85 64 18 26 66 39 3 69 18 73 58 80 68 17 39 7 16 76 83 62 78 50 4 41 29 55 96 92 74 39 14 29 93 45 60 58 75 6 46 99 76 56 96 56 84 93 15 36 18 50 81 57 40 4 82 75 39 14 4 9 18 1 28 84 64 64 49 12 91 29 76 45 76 
9 81 42 54 77 41 73 82 35 83 79 38 45 58 55 70 23 89 52 37 39 67 8 90 80 56 51 83 30 31 28 34 28 89 98 55 87 75 92 46 16 30 90 44 13 76 72 31 28 53 56 63 2 19 38 11 82 68 16 56 54 60 52 3 86 67 27 88 38 63 21 35 8 74 93 53 92 56 73 27 42 81 26 66 54 66 21 82 96 67 87 73 98 32 58 88 35 15 38 5 35 12 76 7 31 87 95 32 95 86 32 21 66 26 30 49 5 90 30 45 87 87 81 18 36 65 61 15 
36 59 24 89 3 70 90 98 85 35 23 21 81 19 32 72 69 12 9 93 47 86 13 33 89 7 100 24 64 45 27 84 47 94 41 24 47 98 44 70 52 41 85 13 80 14 34 25 2 82 88 42 56 67 80 6 51 42 8 18 82 73 72 73 58 45 1 75 1 88 27 96 79 79 3 25 42 45 48 9 89 89 40 3 71 31 98 69 63 29 74 66 14 64 80 62 20 91 81 53 84 61 33 64 31 87 23 71 71 33 59 87 64 36 47 64 84 77 49 97 95 20 23 4 76 98 93 14 
3 68 92 55 95 54 70 69 100 6 83 7 80 14 96 12 62 92 62 85 57 5 74 39 99 85 69 36 77 97 46 30 71 53 73 41 20 22 18 56 75 77 94 64 17 71 17 5 61 85 39 1 38 71 48 95 46 30 1 67 29 2 48 65 99 33 5 10 61 87 90 6 61 57 30 51 75 72 8 80 52 54 83 94 48 44 62 6 81 63 40 30 68 6 15 80 6 88 49 64 42 80 65 47 6 22 6 68 37 24 54 13 38 86 70 9 17 60 73 54 23 15 10 90 62 27 30 25 
32 92 42 12 96 50 6 73 90 80 12 12 93 93 97 66 72 17 98 15 10 5 32 6 7 14 55 68 7 67 79 8 91 27 24 11 64 66 1 33 82 43 15 82 93 77 78 96 56 7 52 89 10 68 67 53 91 37 59 27 78 24 49 63 51 94 61 76 52 55 38 2 80 37 70 53 83 97 67 44 94 72 73 14 65 62 33 31 6 11 27 55 64 18 65 1 50 89 45 13 68 64 77 85 39 11 100 48 83 55 34 57 97 22 94 100 56 58 7 43 22 32 48 23 24 74 42 86 
39 83 82 58 30 96 58 67 73 57 79 20 39 74 90 45 68 55 5 35 52 76 39 28 43 71 35 2 61 56 55 51 74 19 41 67 34 95 63 27 69 24 47 97 32 63 42 6 39 70 69 44 62 33 84 22 75 12 76 92 65 98 55 20 24 79 5 74 9 24 11 6 71 71 88 6 60 67 4 45 85 3 53 88 25 65 97 53 63 92 35 18 14 32 30 20 66 36 50 74 33 52 87 45 88 89 36 34 40 92 1 84 54 72 39 69 21 64 9 67 1 67 42 93 13 22 22 68 
20 98 46 5 34 12 48 34 25 99 91 6 27 19 18 80 54 28 30 37 68 100 36 47 19 14 68 86 3 49 78 71 62 12 70 88 77 16 4 15 34 63 52 85 25 35 6 24 89 13 34 6 50 14 74 21 94 31 1 12 59 10 40 23 43 6 85 76 66 63 84 90 84 9 28 19 78 33 73 6 29 8 18 20 10 61 92 70 87 74 98 87 47 71 15 68 51 12 85 8 11 27 85 43 14 7 13 43 82 43 76 11 68 51 72 88 31 14 13 12 66 32 36 18 46 21 18 26 
72 65 67 39 2 42 80 50 64 70 71 21 22 53 96 90 52 71 10 34 24 20 92 9 4 91 30 13 56 49 82 77 28 25 73 70 94 18 7 32 15 61 39 82 8 66 69 59 49 19 22 21 81 68 51 20 6 94 10 75 62 91 7 93 96 61 97 65 7 38 54 50 81 8 65 9 28 71 49 78 93 78 76 92 99 59 91 57 98 12 44 47 45 7 16 55 4 6 44 2 64 43 37 52 63 40 58 11 74 65 24 93 57 16 64 74 53 72 30 48 27 71 81 57 74 61 72 61 
82 75 11 46 13 78 55 87 7 93 53 66 91 1 98 96 87 87 89 28 53 20 42 78 27 47 11 96 5 88 27 36 61 100 6 71 89 16 24 83 36 86 52 59 50 33 89 70 39 83 99 20 46 2 48 98 71 81 87 97 11 84 10 58 25 19 64 84 37 83 56 79 68 18 15 80 27 91 21 29 15 82 45 5 34 12 71 88 31 78 93 32 37 49 5 97 90 76 47 55 87 54 76 5 23 60 19 28 13 15 63 25 72 68 93 84 83 61 59 54 32 89 44 53 52 33 70 82 
38 32 96 24 19 57 72 17 91 68 63 20 91 6 24 84 4 24 81 23 75 93 95 51 69 87 13 12 85 4 33 44 44 49 44 44 51 62 1 51 69 29 17 43 7 31 84 13 71 75 31 70 92 25 63 42 36 53 55 39 81 100 82 88 97 49 52 1 51 79 20 73 100 21 88 25 72 87 86 92 7 3 80 49 77 3 36 35 58 3 38 3 66 27 69 39 33 49 75 94 82 39 95 84 12 64 52 98 80 72 88 4 48 2 99 30 48 69 58 38 60 72 100 55 43 26 52 93 
54 77 15 4 27 54 97 87 95 77 57 59 49 96 34 98 71 71 26 81 8 55 8 47 98 27 27 97 48 3 19 36 42 44 26 11 4 44 1 85 95 89 38 75 6 85 76 88 73 40 6 5 68 26 24 9 6 74 26 78 28 100 77 13 54 14 33 35 54 11 59 92 38 11 79 74 54 53 33 82 43 89 42 35 38 3 82 53 8 87 42 22 21 36 97 71 45 32 62 75 91 43 17 5 97 3 83 81 85 64 81 29 46 77 26 17 64 92 23 76 50 43 67 7 16 73 65 13 
23 93 29 5 6 76 99 30 27 49 52 36 13 40 5 64 6 42 19 44 14 58 78 93 44 42 94 32 83 87 74 24 70 4 54 2 52 25 59 42 94 39 70 96 88 16 57 17 80 15 44 79 47 81 60 18 21 10 69 6 46 55 83 10 61 92 58 40 21 15 92 92 94 30 21 39 89 27 40 26 50 59 8 89 92 29 42 94 93 3 77 89 41 45 43 72 17 83 72 81 37 8 99 67 90 46 39 46 3 25 13 80 81 59 77 40 84 91 80 54 3 29 13 92 47 38 49 2 
45 95 2 78 44 47 80 42 25 74 50 7 98 33 56 83 77 87 90 93 77 82 64 73 73 63 40 72 9 10 28 50 2 69 35 6 75 69 81 21 92 11 49 59 85 37 47 81 10 43 34 68 62 51 100 41 12 29 41 6 51 3 84 46 85 97 98 88 7 15 9 99 25 9 76 64 70 77 70 5 17 87 25 81 80 61 29 21 93 79 1 4 70 67 81 81 83 61 32 80 62 54 77 77 81 67 54 87 16 58 95 47 77 11 55 97 22 9 77 87 24 1 70 47 54 69 9 88 
36 68 77 44 69 47 41 33 9 22 66 16 69 73 3 15 30 98 37 69 37 24 48 14 23 40 19 21 39 24 13 22 56 97 86 70 31 65 48 50 54 26 59 19 7 95 65 92 79 22 43 13 34 38 1 46 95 10 69 94 36 28 71 73 79 71 40 75 11 53 21 58 83 87 77 81 78 70 90 77 69 9 47 21 79 24 21 6 66 94 46 9 1 47 66 40 88 86 30 68 94 19 47 73 65 28 69 19 31 31 31 43 58 53 47 53 68 46 98 69 66 21 72 9 50 18 47 10 
61 17 52 24 84 34 8 11 7 50 100 78 62 67 97 5 71 4 52 9 63 20 37 23 93 71 7 54 79 49 90 92 2 2 100 23 23 39 14 73 58 32 22 28 69 51 43 92 16 6 88 50 86 8 15 90 49 58 90 24 97 4 62 59 58 95 5 72 38 34 83 73 31 3 80 17 34 94 80 95 15 91 46 85 62 60 80 58 68 27 21 99 67 38 33 42 32 76 6 21 80 8 31 80 86 40 85 94 63 2 34 56 32 100 27 58 56 68 86 89 9 16 48 14 18 34 42 59 
15 21 92 95 43 52 87 98 34 55 62 64 73 60 24 32 92 91 57 98 7 82 70 52 42 34 2 72 96 86 17 58 70 95 40 26 61 39 73 94 29 53 23 85 95 13 18 79 66 23 80 29 15 73 96 74 13 8 41 25 68 14 94 74 80 35 72 24 73 11 97 25 62 66 80 33 6 98 39 11 21 35 18 21 18 19 39 98 92 10 10 79 26 32 22 3 30 5 76 27 100 64 78 83 36 39 64 55 75 14 91 94 38 27 96 54 32 12 53 32 96 83 98 77 87 65 93 84 
43 17 75 48 47 18 48 1 53 100 41 75 98 57 66 75 34 78 90 68 75 56 17 15 24 89 24 79 50 83 11 89 18 61 71 45 54 49 17 57 80 23 84 82 40 10 56 66 40 8 34 55 4 34 9 1 28 93 50 93 5 38 55 34 45 85 11 91 55 89 49 41 5 14 13 49 82 43 91 52 18 47 23 81 38 90 44 5 72 81 98 71 88 41 82 83 19 86 79 76 47 10 2 88 84 42 15 96 58 52 27 32 9 82 31 16 3 74 41 28 19 73 29 19 100 59 10 21 
77 3 60 57 51 1 34 51 25 4 89 60 90 24 73 22 39 44 37 99 16 61 99 85 33 75 99 31 67 13 36 73 15 64 66 74 44 86 83 71 25 8 83 25 71 43 57 14 86 43 97 27 3 88 72 26 8 71 12 57 20 21 10 21 69 44 69 7 25 75 90 4 55 31 29 31 29 77 65 84 76 88 48 55 56 88 69 62 63 82 19 69 100 30 16 93 46 91 22 24 15 4 6 25 37 98 35 89 66 75 14 59 92 43 19 45 95 33 9 57 16 44 3 36 23 41 72 10 
53 49 88 99 28 32 72 63 60 1 28 35 71 46 69 56 58 80 93 66 61 61 27 22 34 48 83 93 19 3 42 79 56 42 82 34 74 49 99 83 39 31 59 81 69 32 27 22 12 84 86 8 32 88 10 27 4 18 76 70 33 10 42 25 36 19 67 12 95 82 67 33 92 77 3 88 6 94 59 3 98 22 42 78 85 64 82 25 24 89 53 41 36 19 23 58 13 94 50 19 51 26 90 47 20 83 88 93 88 5 48 96 82 43 6 9 24 44 45 58 91 55 22 84 96 47 49 22 
49 25 91 6 17 59 79 54 3 23 46 91 13 47 62 96 29 32 90 15 33 52 94 17 68 3 91 83 6 86 19 75 32 15 25 16 9 10 9 83 13 28 42 1 31 67 95 55 22 84 34 90 37 3 45 69 97 1 2 97 38 92 61 89 12 74 57 64 37 41 48 48 87 95 14 34 30 80 95 57 40 35 33 80 30 82 92 11 20 60 21 35 19 21 54 35 17 90 28 78 57 47 88 32 9 38 92 88 46 95 80 34 22 11 98 13 26 62 7 17 84 60 75 23 41 62 14 2 
19 43 63 23 80 100 43 44 6 73 41 88 49 99 84 41 54 54 81 67 53 9 28 17 85 7 3 18 57 28 69 37 58 70 36 20 32 90 6 47 66 46 33 3 53 77 88 36 46 93 42 10 85 61 93 3 35 78 28 77 17 36 69 50 21 21 34 31 96 36 90 54 69 31 30 43 72 27 34 85 42 32 60 82 21 72 66 77 98 63 87 15 32 6 7 21 87 50 63 58 97 1 6 12 91 69 73 22 20 36 2 56 99 90 82 81 7 53 84 6 18 94 65 2 35 59 45 26 
70 92 65 51 19 51 22 29 64 64 63 13 79 66 9 96 60 48 53 65 69 67 31 52 6 96 66 14 56 12 43 34 60 55 89 6 17 40 1 30 16 61 38 82 55 82 84 90 10 64 7 77 7 18 72 88 22 90 69 22 81 84 4 51 35 58 8 23 57 52 93 46 31 54 67 87 100 4 24 69 65 97 20 48 22 56 14 63 85 82 56 67 90 79 55 5 50 79 10 81 94 42 47 25 47 21 18 49 3 57 91 15 25 17 33 56 45 2 46 77 77 72 22 52 30 23 44 31 
36 5 60 58 1 95 18 31 99 7 71 19 4 16 37 29 100 79 89 6 56 56 23 64 84 68 29 10 89 79 93 47 40 84 76 91 68 7 43 32 27 71 74 70 11 96 25 82 41 54 18 75 93 24 24 7 1 23 54 91 100 1 83 82 21 25 59 26 35 4 55 44 29 39 20 79 23 21 32 34 100 44 16 22 74 20 69 33 33 69 62 28 52 67 69 21 27 21 1 17 23 39 27 41 91 14 97 45 27 58 67 60 51 87 72 16 75 15 76 29 63 76 43 65 67 14 90 12 
18 78 44 37 66 88 34 67 2 85 79 68 94 43 63 84 16 68 89 82 39 12 83 5 35 19 88 14 18 79 60 89 63 50 45 100 92 31 33 73 33 60 39 55 67 1 52 82 45 43 87 67 65 67 8 26 37 5 24 84 50 95 97 54 95 19 57 37 95 61 51 10 27 75 5 92 40 100 72 100 53 28 43 25 54 73 14 49 92 20 48 86 100 79 30 90 53 19 41 66 3 75 42 78 69 6 30 26 48 75 61 50 19 80 40 27 62 60 45 9 92 9 21 14 58 21 25 85 
38 65 20 47 11 7 52 6 54 76 26 39 30 32 30 46 36 67 46 97 15 92 72 81 40 1 3 35 45 49 27 54 26 27 50 59 23 36 16 44 16 38 11 19 44 62 41 8 35 13 52 77 66 74 81 56 3 92 43 23 87 12 37 39 96 6 20 95 61 39 6 94 84 14 91 11 91 5 70 49 14 7 19 79 52 36 51 70 30 93 57 22 52 89 42 74 26 75 14 72 16 81 44 59 83 65 17 28 76 15 61 59 35 72 40 90 68 59 25 82 23 42 23 54 16 23 62 13 
31 37 5 17 59 63 44 93 77 22 84 62 88 40 41 23 38 31 94 65 37 64 32 36 78 11 5 5 83 48 91 13 97 21 47 69 21 90 64 30 95 70 33 6 26 9 39 11 99 84 70 53 41 76 89 58 71 89 35 18 13 97 93 2 31 19 47 31 94 50 36 50 92 69 43 10 99 61 22 51 38 37 33 15 24 40 68 53 43 52 90 60 34 3 57 56 15 48 43 45 87 63 68 14 93 6 65 79 15 11 12 29 19 69 72 6 87 87 90 37 26 34 58 48 95 40 31 64 
51 71 78 19 86 63 97 36 49 38 95 43 1 40 44 46 21 91 35 3 43 92 61 95 38 72 81 56 46 38 63 38 13 71 49 43 97 6 49 100 66 41 39 93 99 81 55 89 75 46 44 96 41 5 65 93 51 54 73 32 85 67 4 33 45 61 36 11 33 53 25 21 47 77 96 91 59 51 15 21 22 47 71 55 37 79 65 18 95 47 93 98 53 3 34 50 48 53 58 92 75 83 87 78 49 79 56 70 66 15 23 7 14 47 52 31 55 75 40 13 10 12 44 43 55 48 10 56 
6 12 98 11 50 61 62 38 19 9 8 91 78 9 58 6 68 50 42 4 74 13 18 90 10 45 59 84 89 48 54 80 34 76 84 32 53 37 62 52 71 90 5 27 15 54 67 18 66 66 5 65 63 83 60 62 51 41 54 49 66 36 81 28 16 52 72 15 15 77 16 65 52 17 88 2 96 59 31 68 96 50 53 58 77 91 92 81 65 17 20 55 28 97 91 75 97 58 48 16 52 59 46 47 40 67 5 9 93 64 96 30 30 28 58 3 17 38 25 47 71 52 96 78 42 48 26 4 
40 57 49 72 33 33 10 77 85 70 70 78 43 8 57 46 30 21 56 44 23 44 41 64 48 56 16 8 31 85 19 62 86 20 4 86 79 22 51 68 16 95 37 63 80 33 75 18 48 30 42 22 26 50 85 76 25 91 40 88 32 84 22 23 53 50 6 83 68 76 18 1 22 59 36 15 71 18 16 84 37 100 5 81 80 34 98 57 94 98 98 37 91 84 92 49 39 61 22 94 90 59 40 55 70 4 54 92 67 97 98 66 53 99 33 89 34 96 93 92 62 30 2 92 27 32 38 98 
76 71 24 83 61 30 71 72 98 58 41 25 74 40 6 84 60 49 33 33 77 13 64 86 27 25 95 45 25 52 27 31 79 22 34 47 47 99 9 94 79 13 54 62 18 19 68 19 93 79 9 71 11 70 34 64 55 74 98 74 26 32 86 10 44 54 87 60 30 86 67 2 59 10 4 82 11 92 34 15 99 30 86 58 59 45 53 86 52 97 18 58 79 19 36 8 99 20 21 98 20 3 37 52 63 73 98 47 4 45 85 12 31 18 42 17 99 38 21 78 72 70 16 75 96 29 80 98 
3 71 38 2 29 8 96 5 9 84 38 42 40 37 28 87 14 54 22 5 58 48 2 99 19 78 13 56 38 37 59 36 68 35 54 84 3 34 99 25 23 28 34 98 67 87 23 71 15 94 56 25 49 88 17 45 5 87 58 75 57 2 24 66 29 2 84 59 27 49 65 15 69 78 12 80 35 59 98 6 68 84 84 78 94 28 85 95 61 80 22 65 33 61 85 75 10 20 47 48 87 36 16 46 64 75 10 15 19 82 64 68 52 74 38 81 13 56 92 47 86 38 88 65 33 81 54 80 
25 91 18 48 5 20 61 47 57 93 48 13 67 30 63 26 3 82 46 69 64 35 61 7 62 12 72 10 52 17 34 100 79 32 51 16 65 76 25 31 72 78 95 54 81 66 80 83 57 37 9 68 79 34 21 76 29 1 81 31 46 28 5 74 53 98 44 3 64 91 26 58 4 23 43 61 8 58 79 20 90 16 76 79 61 65 91 98 1 4 71 100 88 32 1 37 11 92 22 28 11 91 90 82 41 20 24 4 13 38 56 63 87 35 74 25 26 65 91 38 3 86 29 29 52 24 49 26 
31 82 16 13 10 31 51 15 72 77 89 49 38 90 41 9 43 1 9 100 82 86 3 92 84 36 11 57 40 29 78 29 91 19 13 49 20 79 53 59 67 64 29 64 26 10 18 2 10 13 9 10 55 13 3 87 72 93 27 90 22 83 69 16 100 5 87 33 18 98 83 72 37 35 71 32 77 75 47 10 37 21 50 94 87 85 5 4 92 44 81 91 63 11 63 29 44 49 20 16 76 62 34 78 6 66 99 79 29 89 96 7 43 11 6 23 9 65 93 11 94 22 33 81 40 64 71 53 
39 87 10 44 81 56 83 4 63 15 4 52 37 26 68 81 30 19 77 85 13 56 78 62 93 31 41 6 28 71 89 64 78 30 18 81 35 7 2 7 95 91 86 16 51 16 36 12 67 87 85 57 40 92 85 70 78 90 69 29 60 5 15 16 77 68 85 19 30 15 31 88 4 63 59 79 61 39 55 21 75 55 24 86 52 3 61 90 75 68 57 48 54 94 91 44 87 73 47 66 95 48 86 46 7 10 39 32 19 5 59 66 59 65 80 93 43 86 12 38 85 16 89 7 85 90 28 3 
54 9 10 8 74 27 9 61 4 43 98 43 99 74 35 82 62 66 72 78 30 34 80 79 53 84 42 47 34 18 64 15 44 78 89 7 81 38 81 76 24 79 17 2 84 89 21 91 96 72 23 18 38 45 17 74 13 32 44 64 45 40 79 54 80 67 95 61 57 2 85 77 39 25 91 46 99 80 42 62 85 59 14 85 27 35 15 86 90 67 36 4 27 65 8 80 37 46 47 47 99 18 55 66 90 3 78 21 32 42 3 87 12 8 15 39 93 16 15 14 22 67 22 57 6 89 19 35 
60 98 55 25 58 14 10 20 16 69 13 84 25 93 92 79 20 72 71 7 70 34 24 60 49 84 31 54 66 24 16 35 73 30 8 25 37 58 29 71 51 40 77 39 6 64 30 31 2 81 98 55 49 60 7 67 79 56 80 29 24 71 58 50 10 3 77 82 3 53 20 26 65 97 51 100 25 98 51 67 68 21 63 49 74 75 98 93 4 1 57 36 24 95 50 29 62 72 84 19 8 76 35 35 13 53 62 58 56 47 82 35 20 100 98 86 68 93 77 49 90 9 36 31 84 4 29 31 
74 37 22 36 47 57 58 91 12 83 2 31 84 46 45 77 14 86 7 11 71 51 9 4 82 100 48 100 19 87 16 50 70 33 12 100 10 60 56 63 35 64 39 15 27 67 96 92 49 76 78 75 19 41 74 6 37 51 89 90 35 35 81 65 1 80 3 22 22 85 23 25 31 85 54 8 33 1 41 53 61 23 55 53 100 88 57 21 19 39 52 42 32 82 32 65 20 75 99 91 93 31 9 52 93 91 76 87 69 25 77 86 89 64 79 19 58 66 94 17 70 23 76 54 52 63 35 55 
43 52 17 24 38 10 65 62 72 39 25 33 94 43 17 62 18 48 6 99 74 7 79 99 54 29 49 92 44 66 26 23 46 63 94 53 34 40 92 25 29 5 74 32 75 13 7 84 61 39 71 96 91 37 80 27 24 37 56 36 73 46 28 95 8 99 42 92 35 25 99 31 74 15 41 49 23 12 20 10 83 76 90 82 46 68 4 2 72 58 57 99 13 56 10 41 95 68 42 9 73 7 21 70 17 38 91 7 61 62 99 92 7 95 81 35 95 47 64 98 91 42 68 83 14 90 8 81 
50 19 14 49 40 69 55 15 27 83 74 73 6 52 10 97 79 29 39 52 95 58 17 67 12 10 67 37 34 92 61 18 94 94 31 7 64 65 36 8 52 68 57 64 40 28 97 90 55 1 91 54 91 69 99 25 75 10 52 26 97 11 92 50 23 38 75 45 46 5 70 94 29 46 56 14 30 99 84 77 48 18 64 2 80 42 51 47 28 55 59 25 96 16 95 27 64 26 6 57 75 49 79 9 62 53 94 86 83 96 60 50 71 54 73 98 23 37 72 68 97 15 98 22 37 37 74 61 
92 84 71 61 47 76 51 30 6 27 43 33 4 66 20 1 76 39 26 46 86 97 71 93 6 91 60 92 60 1 63 58 4 38 91 95 40 96 22 39 8 57 15 69 85 28 25 94 93 24 84 11 24 53 96 36 91 29 8 2 23 51 70 53 69 13 72 74 73 4 57 91 71 11 92 6 86 66 46 81 97 12 83 63 10 70 33 18 79 97 82 100 78 14 16 92 75 93 98 52 48 32 59 70 94 71 66 78 43 35 93 52 89 9 95 84 8 9 76 86 71 19 81 79 34 92 27 6 
76 23 64 26 37 93 8 7 75 75 84 77 83 99 21 51 4 40 95 66 3 43 31 56 10 25 75 51 26 25 34 20 98 40 9 94 11 100 75 24 99 28 61 67 84 95 58 91 55 54 54 2 69 72 96 90 98 91 98 94 1 8 79 66 4 72 82 57 56 54 97 92 34 13 76 3 2 54 69 34 28 26 54 85 45 5 65 48 29 60 46 49 65 17 24 60 70 50 7 95 5 11 63 76 15 48 54 24 74 71 96 48 94 80 13 100 43 46 1 82 54 1 66 96 67 52 37 59 
85 88 99 37 23 53 6 22 63 80 90 68 63 31 21 19 41 35 72 72 68 10 49 16 77 84 11 63 84 66 38 42 43 19 4 11 48 56 28 55 66 56 81 56 92 83 85 17 59 53 20 51 52 48 56 89 100 93 85 98 67 18 93 41 77 27 11 78 97 56 85 16 54 11 14 46 56 12 38 87 31 87 47 37 55 27 87 89 79 73 17 21 95 59 73 96 34 25 11 44 44 19 14 28 44 21 90 74 77 8 51 19 6 36 28 52 23 59 34 15 75 33 34 15 92 69 25 95 
12 32 6 53 66 56 68 82 24 54 8 56 58 95 5 44 64 8 72 65 96 37 14 89 87 48 47 80 49 72 50 44 37 19 81 99 79 15 1 81 71 100 51 3 42 38 89 99 43 94 8 55 31 57 24 44 44 78 42 86 82 27 89 19 36 64 29 31 53 47 38 24 87 71 85 40 44 83 13 27 97 59 11 9 91 47 18 20 39 55 87 55 55 17 19 14 59 40 1 41 8 50 57 60 25 11 25 71 88 79 90 66 15 44 72 43 26 32 52 8 24 80 7 30 1 26 52 77 
68 31 5 12 77 91 39 30 1 67 23 40 18 6 61 59 67 29 31 94 60 55 85 58 100 68 21 53 3 2 14 69 75 67 55 43 33 41 25 79 7 25 61 99 87 3 68 61 79 60 86 15 64 73 21 60 19 6 19 39 4 98 57 40 39 6 68 61 48 29 97 16 34 45 65 43 5 41 45 72 30 66 15 8 45 28 2 84 53 22 70 27 53 5 60 64 69 73 12 65 86 6 26 71 51 37 38 84 92 27 24 31 24 49 39 10 18 44 80 86 71 20 52 6 16 9 98 49 
42 1 7 89 87 47 15 48 7 82 73 88 23 59 75 88 58 73 58 70 74 13 47 75 40 8 31 28 72 18 39 60 17 62 68 43 61 43 49 13 3 55 30 22 27 36 57 62 6 73 25 82 96 1 90 67 93 85 11 38 25 4 20 27 6 10 64 36 50 44 7 55 63 84 98 53 15 52 84 63 3 3 36 12 52 31 31 22 17 53 29 71 30 21 51 91 65 70 58 40 49 91 83 18 19 97 28 37 90 31 20 71 33 67 59 47 65 44 56 10 62 93 79 85 12 28 44 52 
18 29 87 94 67 51 56 11 93 100 18 78 47 77 87 53 73 88 78 6 37 46 83 3 84 95 94 59 10 59 15 89 79 47 25 33 96 74 100 82 45 34 64 27 49 52 50 65 93 69 43 30 95 29 47 61 30 17 69 10 44 49 48 75 70 9 12 35 74 86 21 16 3 66 20 31 38 8 23 65 59 9 75 73 16 63 29 28 60 2 50 87 59 29 56 23 67 70 2 81 13 39 17 96 14 43 9 30 35 4 62 76 95 28 78 14 95 73 87 15 55 6 19 99 34 6 34 58 
14 88 19 9 69 46 51 67 25 8 36 70 95 15 1 58 53 49 2 88 63 41 35 27 52 51 24 79 20 32 75 55 65 75 28 57 19 78 29 68 79 25 66 61 67 37 87 9 47 80 98 91 94 1 7 90 74 33 60 27 27 13 20 72 25 16 5 2 20 90 2 20 100 84 90 67 22 29 87 69 54 12 67 63 54 78 98 78 21 93 47 52 36 21 61 57 68 16 4 8 88 5 14 3 46 14 95 58 50 84 31 26 15 27 98 6 64 45 59 87 90 87 29 58 91 20 98 72 
34 93 34 45 50 92 44 74 52 59 87 73 29 21 30 52 58 91 40 69 95 24 92 58 87 71 52 78 10 64 3 22 34 13 28 13 77 85 65 71 100 32 49 35 46 25 42 60 34 28 21 36 14 92 82 95 87 75 89 23 26 57 38 72 67 40 52 20 78 70 38 52 95 43 38 26 68 86 48 90 29 26 73 38 41 95 88 77 61 31 100 61 65 31 43 90 29 1 23 79 62 25 66 94 61 37 42 23 16 32 64 60 56 64 57 30 12 41 87 24 28 9 26 48 24 89 17 32 
13 76 28 99 62 62 6 30 9 8 18 66 100 79 72 33 7 51 33 56 58 9 25 59 100 91 92 8 33 82 9 24 75 81 20 47 41 43 36 52 46 51 28 94 88 99 62 54 53 87 68 87 71 41 6 20 77 67 15 55 80 66 17 7 25 55 4 7 14 95 46 54 53 10 76 28 8 14 69 72 8 61 61 16 2 25 78 40 37 87 59 76 72 76 2 73 78 60 60 37 19 99 20 60 97 88 42 12 35 15 64 32 76 29 48 7 91 15 69 87 98 48 20 72 82 77 46 32 
39 100 54 56 72 24 98 31 29 97 6 17 69 68 55 75 47 35 60 86 38 98 11 92 66 88 58 58 22 94 59 21 23 87 36 86 72 66 98 90 57 71 18 20 66 48 52 86 34 62 75 99 81 39 69 44 27 33 63 4 12 47 17 39 42 14 92 34 33 90 15 24 69 87 56 45 79 12 21 67 28 55 89 91 55 100 61 15 14 80 32 49 17 51 6 37 67 49 60 95 22 32 43 87 43 100 30 69 7 83 99 62 63 40 78 83 21 80 29 27 19 44 41 74 91 59 62 97 
54 82 36 9 9 51 95 60 58 77 28 56 48 50 33 10 6 25 39 9 51 56 37 23 3 71 73 34 34 46 29 78 77 39 85 56 60 13 30 5 99 20 55 99 31 70 81 36 15 28 11 89 30 95 89 12 68 64 49 6 58 11 1 11 94 40 33 77 4 14 70 35 56 53 100 96 13 42 100 96 46 34 19 100 79 39 61 10 88 25 35 43 98 17 12 9 1 52 22 36 65 53 93 97 61 92 16 2 68 23 57 14 72 65 26 80 26 75 67 75 17 93 11 38 38 88 40 12 
22 30 8 53 36 13 88 95 44 47 78 84 59 100 14 61 85 51 32 65 33 96 8 9 31 100 36 14 49 35 6 66 99 2 34 11 28 7 5 58 56 49 22 73 39 13 16 48 58 25 15 70 81 71 12 50 53 44 87 94 50 96 95 11 74 49 25 79 47 98 10 98 24 51 35 24 34 98 86 15 21 34 94 58 26 74 57 8 86 19 56 30 14 47 10 47 10 59 32 60 96 21 99 54 100 35 31 66 5 51 64 36 44 16 10 58 91 27 85 97 98 78 70 83 82 5 33 48 
41 82 66 9 83 83 69 3 79 6 87 55 46 49 39 21 45 16 64 84 76 65 19 66 55 54 82 82 20 60 2 49 50 72 2 77 40 43 82 75 58 90 37 14 3 1 39 15 61 81 46 27 82 20 32 67 24 14 32 51 1 72 52 97 100 32 26 19 18 87 11 83 88 41 10 31 14 59 38 29 52 86 89 70 35 21 55 26 56 87 7 85 80 17 28 63 40 89 2 11 16 57 98 73 92 82 31 24 80 7 54 64 41 49 51 28 9 96 20 89 33 51 73 46 54 69 36 52 
22 97 43 7 32 2 55 52 63 91 50 51 57 73 63 10 94 3 44 20 52 74 25 57 1 80 50 14 62 71 2 23 53 12 13 21 2 65 29 51 97 56 47 11 62 28 20 6 85 85 51 48 95 86 33 90 20 36 69 28 76 67 72 82 55 38 76 10 4 29 97 65 88 30 23 88 11 94 81 1 43 63 53 56 8 58 25 13 76 50 47 78 75 93 18 84 39 80 55 58 45 49 32 59 92 9 29 80 48 2 20 7 8 85 3 80 57 86 66 42 28 25 28 96 14 23 3 20 
64 38 87 48 35 22 44 61 79 16 68 44 28 69 24 70 11 76 19 37 28 60 56 45 68 88 24 44 95 86 65 32 67 41 70 35 80 25 11 42 21 53 59 69 7 54 37 60 100 77 20 31 1 48 12 80 22 77 85 81 84 21 58 42 92 48 6 94 59 80 84 53 72 6 14 95 16 32 20 35 9 67 5 32 2 81 27 93 26 86 41 37 2 67 49 22 22 57 86 76 20 64 16 8 28 86 22 34 84 95 69 64 47 37 25 80 94 48 79 1 18 38 72 14 41 92 98 100 
15 67 14 64 85 21 26 56 29 11 96 40 81 100 81 69 65 16 88 39 59 24 9 41 9 32 14 64 65 97 50 84 13 7 74 36 14 77 58 57 46 15 32 53 79 62 42 2 60 13 24 94 67 26 36 34 49 91 1 83 51 81 74 9 94 3 64 66 28 36 28 83 58 95 52 20 57 30 29 39 69 98 31 50 9 85 39 31 43 18 94 69 99 26 34 50 70 43 3 92 70 43 40 6 67 95 66 5 52 45 83 19 50 74 24 32 90 70 32 85 62 20 65 74 32 63 64 36 
55 57 100 31 3 42 82 18 86 53 33 64 52 31 2 42 70 78 81 90 72 17 59 71 19 30 11 95 67 47 36 12 71 37 28 25 51 32 25 98 17 60 83 34 64 60 95 76 1 17 42 75 21 79 1 4 20 52 10 53 45 80 18 54 77 77 35 100 27 66 44 75 2 57 81 99 20 16 53 90 67 48 21 14 73 29 26 54 100 97 19 78 72 18 38 91 67 22 67 79 34 98 64 76 32 46 28 52 13 28 89 57 15 43 14 45 68 9 6 52 88 27 22 55 49 86 68 43 
61 54 11 62 57 89 98 67 72 66 87 62 99 78 87 36 8 62 81 22 7 40 40 91 5 34 34 41 18 42 90 73 10 48 13 9 25 68 15 32 37 47 37 90 5 99 24 82 47 6 76 62 38 94 74 30 3 11 44 90 24 5 99 46 93 69 24 36 11 64 47 39 47 81 3 93 92 12 89 25 36 27 98 46 27 21 41 88 28 25 8 29 59 40 54 52 57 35 18 49 64 54 58 48 45 24 68 57 31 4 40 16 10 78 69 27 4 81 91 65 12 75 35 77 69 80 64 31 
67 35 46 57 13 62 79 5 87 90 44 15 59 100 84 25 3 29 68 77 2 47 100 58 7 60 40 95 40 15 92 14 88 63 96 63 49 78 14 64 28 39 70 55 87 41 83 78 66 21 91 3 56 93 88 28 43 76 11 4 33 41 59 91 66 93 32 91 68 73 57 65 77 7 33 43 84 63 74 86 19 58 7 61 36 54 24 42 7 81 19 80 51 13 93 86 48 77 75 82 3 40 59 74 43 67 45 47 19 33 21 77 44 31 93 17 2 63 55 8 92 2 46 3 11 4 54 7 
61 62 3 16 70 45 80 52 48 49 88 21 79 71 28 3 64 46 78 74 54 74 5 23 88 20 78 29 43 16 87 58 54 50 27 15 54 86 42 15 33 31 54 1 41 76 84 39 92 9 18 94 60 38 31 99 81 87 82 65 94 16 75 93 37 56 65 20 6 14 49 18 83 82 87 20 46 2 66 51 40 7 62 49 32 63 31 21 64 65 91 43 92 37 71 92 34 14 62 49 96 91 90 4 65 97 23 56 62 91 56 10 10 34 61 7 8 3 63 81 59 18 31 71 50 20 11 90 
30 5 44 50 67 83 69 40 96 82 5 62 65 5 26 61 22 80 78 69 2 41 92 88 19 58 67 27 15 50 84 1 22 89 11 87 99 31 27 67 65 30 26 93 69 49 16 66 22 48 94 5 98 43 66 42 27 25 31 50 55 49 80 45 66 22 66 23 82 31 7 63 39 88 67 97 4 92 9 57 94 56 64 95 75 27 76 69 52 30 47 48 88 96 27 32 10 21 71 37 60 57 15 11 52 80 60 60 25 94 53 12 23 72 85 70 19 16 14 8 83 52 30 17 22 98 7 78 
17 43 7 49 84 74 67 82 24 98 60 72 66 87 41 39 87 10 24 48 83 53 59 30 69 55 34 91 76 31 76 54 96 17 63 46 56 23 28 49 61 63 61 32 12 21 3 22 71 100 69 41 49 69 7 73 31 42 89 45 69 86 41 99 25 46 53 50 47 24 29 2 55 77 65 70 30 12 38 3 17 87 76 37 23 88 20 56 76 99 94 30 77 15 98 71 7 11 82 54 78 43 46 15 52 6 35 93 50 59 68 22 75 78 64 54 30 20 48 30 98 28 52 84 39 51 34 66 
80 1 84 21 91 90 81 100 24 95 86 32 93 73 95 6 18 46 45 46 72 36 41 77 96 83 61 68 8 11 35 61 16 52 25 23 36 99 24 85 53 92 88 54 97 12 84 82 97 98 33 2 77 82 63 33 92 10 75 87 53 49 98 84 73 6 27 91 13 80 27 8 37 6 7 69 4 82 23 65 93 29 78 11 77 42 62 38 18 56 3 51 46 35 25 35 32 90 97 52 17 11 33 72 91 65 58 88 51 16 59 64 66 77 34 35 56 6 66 69 90 80 98 90 11 44 52 25 
69 75 71 27 1 16 58 11 19 60 27 58 98 23 67 2 65 13 36 54 2 50 41 30 16 60 7 96 80 22 75 38 84 47 68 40 74 47 8 16 66 23 11 77 11 43 46 89 34 93 22 40 66 52 54 60 40 21 14 77 77 77 25 90 85 100 16 89 87 11 11 51 68 5 7 70 37 41 56 61 18 8 63 60 91 36 39 29 95 95 5 80 72 21 92 51 64 25 62 62 34 69 42 44 2 1 100 64 14 67 26 1 58 96 62 23 48 19 31 42 72 55 46 52 46 15 93 58 
8 76 51 55 67 16 16 76 9 13 30 8 65 60 93 45 100 36 90 35 18 53 81 19 93 76 29 17 10 53 9 4 22 73 71 16 89 51 82 61 76 70 27 27 99 88 71 46 76 43 13 73 62 32 61 39 65 37 43 95 100 63 75 66 8 4 98 50 23 64 79 21 52 4 70 95 26 31 94 27 100 59 100 81 60 20 56 21 73 66 44 80 66 53 79 17 99 63 98 67 20 60 24 6 85 38 5 78 52 11 95 29 10 47 40 91 14 73 32 17 75 30 42 1 78 78 97 70 
44 85 43 92 28 78 71 31 72 77 71 61 32 89 27 26 91 53 44 53 67 58 18 51 55 56 67 47 66 54 49 69 27 77 49 16 21 18 95 50 81 15 48 14 52 61 16 97 1 82 43 20 89 44 4 6 73 92 46 88 57 69 87 28 88 51 67 26 86 95 96 93 83 55 18 1 62 91 46 15 15 73 46 84 10 48 96 48 58 44 43 88 73 70 44 69 88 97 16 82 23 95 83 47 71 79 69 43 55 44 8 5 23 16 49 4 18 63 46 60 91 80 16 57 55 66 26 23 
52 99 25 90 10 4 97 20 50 53 68 83 21 64 68 96 48 71 40 96 68 22 3 51 52 67 24 40 95 54 17 59 5 65 35 72 6 85 26 57 57 81 25 84 45 31 19 12 31 81 36 84 64 48 76 55 99 49 15 64 53 51 70 7 29 27 35 53 40 37 24 46 86 45 50 59 52 10 82 52 84 46 19 15 45 77 67 57 92 50 17 53 71 99 85 33 28 43 78 31 89 97 84 95 58 88 73 37 97 42 87 82 40 95 56 92 14 93 43 83 24 38 65 89 87 73 35 81 
51 89 77 1 22 14 46 86 50 46 1 92 31 40 15 8 86 21 45 94 67 54 100 82 10 50 65 5 61 93 6 70 59 57 77 6 62 87 89 63 38 63 83 9 64 88 8 91 38 90 11 12 59 39 61 22 100 59 3 8 56 95 57 92 38 49 79 8 61 45 22 1 26 22 64 36 54 72 85 75 6 16 81 54 30 84 3 56 97 92 67 33 38 79 11 33 37 52 73 66 47 2 86 19 61 68 14 17 58 11 85 6 9 53 40 4 94 41 5 26 78 27 60 52 92 18 93 70 
54 83 24 70 93 66 79 10 43 18 26 65 19 4 25 13 10 12 1 100 25 54 32 40 65 67 66 94 41 89 55 27 27 73 89 52 17 1 34 72 9 8 66 55 61 24 40 86 52 92 69 93 76 60 52 33 17 76 79 88 72 6 38 26 96 22 33 8 41 17 16 31 12 2 21 21 94 10 91 81 66 1 64 48 35 10 29 83 24 80 5 24 99 75 59 93 99 92 17 1 84 74 58 92 51 21 69 36 37 27 25 68 88 24 96 39 30 44 94 10 49 67 52 19 48 92 80 81 
46 14 42 48 34 81 53 7 63 27 54 12 26 98 65 80 17 78 77 15 23 95 3 61 57 59 58 34 6 41 10 83 30 63 11 41 72 33 23 60 42 5 78 95 46 90 2 49 70 35 98 11 51 1 9 88 15 57 46 1 100 13 44 2 55 21 89 100 47 9 68 84 19 62 86 64 86 34 8 59 68 60 4 47 32 9 26 9 3 46 3 47 7 35 99 69 10 84 51 11 70 49 39 43 31 63 52 82 58 12 16 98 85 27 75 94 83 69 63 56 79 1 23 69 83 55 34 32 
49 89 34 54 95 19 79 65 78 10 24 59 54 13 100 7 72 28 50 69 1 10 37 6 10 84 98 15 10 79 9 28 1 14 48 34 61 27 92 78 14 54 2 13 35 24 17 46 87 3 54 12 39 63 9 37 26 6 79 36 98 76 25 26 17 73 97 28 7 24 43 88 95 96 80 23 31 85 1 53 61 49 19 87 65 64 52 8 21 95 9 75 32 85 30 34 5 37 71 81 75 100 47 30 17 85 87 20 80 5 3 60 64 23 71 57 40 41 17 2 67 81 92 84 53 38 73 69 
27 26 58 70 41 50 18 76 78 43 45 39 85 59 36 26 15 77 66 90 73 86 21 73 56 56 60 56 69 27 55 95 13 18 87 65 44 30 35 41 15 11 99 27 21 38 31 29 7 49 14 23 49 30 67 89 24 11 66 50 87 20 68 35 30 4 6 27 23 21 66 23 26 12 54 66 34 50 6 30 97 53 37 6 16 29 77 10 25 66 3 97 30 24 89 7 70 53 65 39 27 55 28 7 13 69 39 29 55 44 95 100 11 90 53 90 9 51 76 95 85 87 59 5 94 23 56 31 
44 17 49 10 70 42 21 4 94 61 22 100 73 68 20 76 44 86 96 42 38 93 96 4 41 99 96 49 21 89 1 49 91 86 89 69 95 11 78 16 98 42 14 71 46 16 6 61 41 31 8 74 9 62 29 8 36 96 91 67 77 85 73 52 70 42 10 57 47 50 82 6 94 44 59 16 42 40 26 88 62 91 13 40 2 29 46 71 58 77 53 12 46 76 23 18 55 23 57 43 58 55 93 70 74 21 40 50 19 12 44 64 92 61 89 33 16 38 10 10 25 89 44 68 64 93 38 99 
93 32 17 13 46 55 4 18 31 42 60 5 3 32 6 21 96 24 20 65 91 9 9 82 16 15 51 27 57 7 24 87 37 12 82 46 10 54 23 64 51 45 17 18 2 63 24 62 81 1 61 46 84 2 72 22 99 15 3 10 81 32 28 21 14 43 42 24 57 76 80 76 47 93 82 35 89 95 100 49 17 48 97 41 6 24 96 23 59 68 25 98 73 16 93 30 1 75 52 50 92 58 12 49 8 35 35 62 86 43 79 77 70 4 9 15 11 24 69 99 12 24 61 17 1 88 88 72 
18 66 43 63 56 39 58 46 37 52 25 21 14 97 4 55 3 89 11 33 75 32 81 48 16 44 66 81 53 69 50 30 1 38 16 28 51 92 10 96 19 28 74 32 43 94 90 92 76 13 63 48 13 84 27 43 59 53 83 37 38 83 27 80 14 19 77 40 56 56 38 9 15 59 80 96 44 33 96 86 52 38 55 79 19 56 4 83 17 82 96 60 49 27 66 83 9 52 36 26 70 21 26 92 73 60 24 100 29 65 17 86 67 28 94 80 4 18 15 85 75 8 63 21 60 62 27 8 
6 85 25 90 3 64 95 34 26 67 75 56 36 97 55 62 95 19 80 13 77 93 79 2 98 91 74 77 71 98 88 76 76 25 39 15 19 44 93 75 15 65 89 98 69 18 49 36 16 85 54 47 89 21 59 9 3 60 35 3 66 63 90 45 64 43 69 81 92 86 80 5 76 60 10 30 47 83 19 94 27 18 79 14 66 97 85 1 70 62 4 41 12 76 53 38 42 50 60 76 24 58 95 42 99 59 74 43 63 59 42 69 34 26 87 29 25 25 79 43 90 42 95 12 23 74 79 91 
7 9 1 77 34 59 28 42 61 55 11 46 74 81 32 58 26 76 6 52 43 66 76 88 54 10 1 33 25 96 60 33 34 74 19 66 59 48 60 1 51 75 98 85 28 67 78 18 73 39 58 2 79 15 45 6 79 98 5 5 93 96 33 71 17 17 71 91 13 12 50 39 5 84 81 71 74 78 89 62 43 100 90 40 49 12 24 80 44 24 63 66 67 13 30 91 61 100 31 80 50 99 45 16 57 10 76 77 18 86 11 49 36 12 93 13 76 5 53 29 2 56 92 88 37 95 96 78 
14 73 38 57 40 65 84 14 30 52 78 7 53 89 61 32 77 53 15 73 68 35 22 71 26 32 81 25 40 60 26 69 75 8 32 66 55 53 53 39 95 87 98 87 36 55 88 63 40 97 53 25 54 52 58 22 74 38 70 8 61 78 18 70 16 89 41 79 61 62 80 9 66 96 56 6 63 72 34 29 24 88 50 17 72 47 64 95 1 36 89 99 23 31 80 11 79 23 19 62 16 33 33 70 34 26 68 1 72 56 73 17 22 5 83 18 82 51 6 75 54 86 3 71 17 22 59 50 
15 9 31 85 1 6 10 100 80 91 4 70 5 49 89 2 6 68 7 26 8 56 7 50 47 25 58 26 39 49 39 41 21 27 4 5 40 46 82 63 69 18 59 17 22 46 88 29 92 25 17 69 47 100 6 75 78 72 14 86 32 53 12 77 42 25 97 16 92 34 42 93 55 28 16 2 59 18 14 66 49 11 22 85 39 69 78 84 30 20 37 21 20 11 39 96 9 84 61 31 73 30 98 89 33 84 82 33 25 50 22 58 54 95 89 51 14 54 65 29 25 10 43 35 21 70 9 52 
80 53 55 12 32 14 90 40 24 4 20 8 32 34 91 47 33 62 49 20 61 43 37 54 51 20 58 16 8 44 5 16 45 3 96 87 45 4 20 54 17 50 44 63 54 7 44 7 98 96 41 84 48 84 47 15 75 82 21 49 42 92 68 66 66 21 16 91 93 23 1 49 71 68 90 43 95 71 99 76 87 47 22 45 11 22 82 9 91 42 38 52 12 42 71 65 94 52 74 65 67 55 68 96 45 24 68 88 4 47 71 73 25 97 70 100 45 58 44 7 94 53 95 72 90 96 77 17 
60 41 40 86 45 18 18 7 47 85 66 65 33 89 15 70 74 100 46 32 21 61 47 76 78 99 56 78 3 52 60 25 27 94 72 54 100 71 6 43 55 77 34 20 95 1 72 63 16 20 48 3 1 20 57 27 62 45 32 50 8 7 67 27 69 37 64 32 52 61 22 85 79 44 54 96 89 2 29 8 23 31 42 37 10 90 70 100 100 70 35 24 1 98 72 80 41 67 47 9 85 39 14 19 58 67 68 23 62 52 61 18 63 72 97 28 84 14 2 39 53 60 34 66 45 91 66 67 
2 74 6 14 16 10 32 96 1 47 95 19 75 41 83 67 72 14 41 20 14 49 65 47 96 20 45 32 61 75 84 19 83 35 98 71 11 75 69 24 87 55 23 28 72 80 74 79 70 54 17 21 41 85 84 15 29 45 22 12 38 65 54 4 84 3 27 65 66 81 38 59 27 39 78 52 39 74 45 3 83 16 8 23 57 89 11 75 62 58 95 13 12 33 25 32 76 23 60 68 63 33 35 26 76 6 74 6 66 45 8 10 47 24 83 10 24 29 64 20 58 74 97 61 89 52 51 45 
25 79 61 3 11 28 99 43 58 50 31 96 61 66 84 75 84 63 8 13 10 73 69 44 47 36 85 84 87 51 81 38 3 39 77 19 79 67 80 48 80 88 45 47 95 3 87 24 37 67 55 33 87 64 84 82 100 8 22 87 46 83 2 20 72 50 31 66 81 28 52 35 82 91 30 62 64 99 47 39 48 6 79 61 26 86 95 15 3 25 82 31 76 92 52 41 88 75 19 4 42 62 99 29 27 24 3 68 14 81 34 44 61 84 26 53 68 14 14 5 46 61 92 67 18 44 99 18 
45 6 59 97 26 75 92 71 50 11 36 19 57 98 12 46 1 52 40 94 11 97 74 81 56 7 90 78 67 30 67 11 7 87 17 7 93 47 36 97 62 17 26 45 53 86 85 72 43 55 28 50 11 47 28 29 36 76 11 68 19 85 55 15 76 61 17 45 67 23 51 45 35 18 4 63 35 67 5 54 10 87 28 12 11 79 42 95 55 77 62 90 26 33 61 90 37 57 91 2 65 55 36 18 75 96 29 16 76 77 80 41 74 44 14 10 91 12 39 81 88 18 55 60 39 31 3 5 
84 73 33 40 18 69 31 65 24 22 51 47 16 49 92 20 20 47 97 28 76 6 7 100 100 86 48 62 95 60 6 62 81 89 73 65 14 31 85 92 36 63 74 72 47 78 80 8 14 55 91 28 8 5 82 58 97 67 81 59 57 29 86 26 98 70 10 4 26 44 78 38 75 100 40 25 11 96 8 52 83 64 75 59 40 92 10 34 85 58 66 5 72 25 21 75 91 52 76 42 12 36 28 7 61 50 75 76 86 56 7 66 61 26 58 13 82 75 91 66 69 34 70 7 75 79 37 79 
60 70 8 30 50 79 90 83 96 9 66 89 28 30 12 71 86 89 51 84 22 62 15 91 57 43 31 89 43 48 13 92 70 38 96 24 6 36 21 45 86 97 85 75 59 71 26 47 68 78 72 70 64 78 43 40 21 71 14 8 42 97 52 17 61 41 94 77 12 76 76 45 36 90 16 39 29 57 58 56 54 14 32 47 2 22 35 39 41 19 82 2 81 98 1 59 11 24 66 85 94 54 95 68 33 21 86 69 17 54 27 90 37 1 29 2 22 62 54 47 13 63 48 65 48 65 90 35 
76 14 86 2 75 70 84 21 71 95 31 41 19 59 96 12 64 12 67 91 70 11 50 27 52 73 11 13 66 8 57 43 51 80 25 49 49 80 79 31 83 72 19 67 12 89 68 36 42 47 94 83 85 45 34 15 53 15 10 73 25 69 3 85 80 52 95 75 30 20 49 27 83 22 23 51 83 46 78 96 3 9 59 66 30 78 63 98 93 58 93 50 78 69 45 96 39 48 71 71 42 3 37 60 44 23 97 94 3 45 96 6 10 92 14 100 98 49 74 99 52 30 58 10 25 58 10 13 
34 62 29 13 92 77 51 89 60 40 29 8 75 6 74 88 72 31 85 23 81 83 94 96 2 53 58 70 68 88 22 26 58 4 42 99 58 5 50 30 6 71 60 100 32 59 65 35 8 70 30 70 43 100 42 39 85 29 4 55 55 26 15 42 82 55 77 59 51 41 44 65 31 41 99 91 73 1 64 91 55 32 74 46 38 79 53 59 19 29 4 62 19 27 9 15 43 58 98 75 99 87 30 57 10 33 18 65 74 10 14 3 51 47 32 92 91 3 77 5 44 69 33 53 38 82 15 100 
62 59 15 71 57 66 62 75 3 60 42 69 45 21 6 33 84 84 72 12 52 65 63 51 66 25 36 39 62 83 57 100 71 58 100 17 73 47 47 54 38 69 5 50 36 56 65 21 23 59 4 24 33 61 95 23 58 99 60 18 23 63 21 37 22 11 31 92 79 38 78 56 44 78 67 67 64 44 93 64 18 32 27 35 22 49 33 53 92 68 59 54 61 30 55 22 81 30 53 4 75 96 38 90 89 36 11 27 14 32 31 1 80 70 51 51 83 44 31 79 65 40 34 1 69 54 68 6 
12 58 78 21 1 40 11 24 54 67 49 42 85 33 30 44 55 81 71 81 29 100 100 97 2 21 93 24 28 75 50 16 98 91 54 43 24 32 23 47 31 40 85 34 30 78 29 45 91 45 40 49 75 89 39 58 32 9 32 6 57 2 15 92 46 58 75 16 11 64 69 97 28 21 38 94 88 6 89 37 4 65 23 45 65 95 6 32 36 97 50 59 48 65 71 95 7 59 98 73 75 21 14 84 22 31 25 61 47 27 98 11 96 78 92 97 72 72 13 92 69 100 83 89 2 74 92 51 
100 38 73 49 9 15 63 65 7 27 11 11 35 28 72 2 88 67 10 29 20 93 82 78 32 13 17 96 2 34 25 69 3 13 2 7 44 29 86 80 3 69 70 33 2 5 57 100 6 56 72 15 42 38 50 90 30 86 66 90 57 19 90 37 16 52 4 30 95 14 28 40 69 11 32 25 69 86 72 90 94 44 74 29 28 22 72 80 34 96 2 73 25 29 46 85 93 89 24 9 94 95 15 99 84 49 48 10 48 33 52 15 66 74 93 83 48 39 38 44 81 68 45 94 65 91 12 32 
63 14 28 59 65 28 72 15 46 63 68 100 9 40 57 18 73 43 50 92 39 16 2 72 72 41 38 11 59 84 93 85 16 36 17 1 12 87 91 99 32 53 44 55 59 22 36 22 47 74 70 63 4 11 41 77 86 64 36 1 22 32 96 6 95 56 43 73 40 43 12 14 44 7 29 59 20 81 8 58 37 14 15 5 65 52 96 8 77 80 99 94 22 12 61 78 53 15 66 87 8 61 24 2 67 10 87 90 84 14 30 53 12 66 72 71 78 6 48 87 39 81 73 91 97 52 68 27 
44 26 18 37 82 23 65 39 55 47 11 33 74 77 32 26 72 80 63 38 38 92 89 61 98 53 67 26 16 47 34 77 60 87 41 28 88 2 45 29 66 31 16 73 28 49 96 65 82 34 30 63 52 59 27 19 97 94 35 51 17 59 19 57 86 90 22 4 3 82 79 72 54 91 11 49 32 76 32 98 55 30 18 25 15 11 24 72 41 21 8 72 8 69 12 63 78 25 9 85 80 27 34 52 91 22 6 34 70 37 60 74 7 13 79 73 44 14 10 4 12 78 94 81 30 24 39 75 
95 93 11 69 4 94 74 29 83 82 75 53 19 78 8 59 31 31 68 93 31 79 92 23 35 21 9 8 15 42 46 75 34 58 84 69 1 4 4 8 93 33 48 67 10 85 10 89 25 20 91 96 7 5 53 47 26 39 1 74 97 39 52 90 79 95 90 24 93 19 77 65 56 58 64 98 79 71 2 41 16 64 53 74 98 14 13 35 6 70 11 5 3 39 49 40 13 57 18 77 23 20 61 37 23 26 15 1 45 93 3 4 72 8 79 21 46 40 85 97 57 59 54 44 14 42 48 58 
20 32 26 90 36 7 41 60 20 74 77 16 60 77 73 93 1 80 60 36 76 30 21 80 67 85 41 83 21 31 72 20 64 18 90 22 58 85 34 33 100 76 86 33 31 80 25 49 39 40 72 64 100 58 46 31 70 96 28 34 91 32 43 88 65 4 76 24 72 51 70 16 51 81 80 2 47 98 8 94 12 41 67 95 8 21 98 12 46 26 51 19 72 98 5 31 1 62 8 11 69 6 59 1 90 8 88 30 80 6 22 91 84 5 60 3 23 50 93 40 75 3 45 29 26 72 62 13 
89 76 73 85 6 64 24 76 38 13 43 27 87 35 19 84 81 25 11 64 32 34 40 97 54 12 30 32 80 5 3 9 93 16 51 92 42 77 96 50 57 16 60 35 99 58 13 33 43 72 91 31 68 16 63 3 52 19 97 100 100 63 40 16 15 48 31 43 9 78 42 81 100 39 20 27 55 7 92 53 28 99 36 66 40 12 12 86 4 73 16 39 22 94 46 55 22 11 90 18 90 82 53 82 59 65 99 80 14 7 23 47 35 90 32 30 47 87 80 98 42 33 43 5 18 61 38 72 
50 98 22 92 65 26 32 14 87 59 94 37 49 67 2 3 24 25 68 19 12 2 55 77 33 14 86 38 40 54 75 59 48 2 21 56 58 100 5 41 63 9 92 13 61 100 11 22 22 4 59 44 47 37 67 20 95 11 14 92 44 89 4 57 2 1 33 72 41 70 60 86 80 66 68 81 31 71 93 47 26 33 50 41 76 42 15 49 56 4 90 94 17 19 93 48 44 32 13 9 9 38 31 23 93 31 23 13 41 1 11 88 5 17 89 32 23 10 36 68 28 57 81 28 31 62 66 93 
47 5 72 81 83 12 66 55 86 30 64 77 55 8 14 31 49 47 99 89 74 82 94 43 78 13 41 32 67 28 25 14 17 13 35 52 63 44 9 99 25 35 25 94 34 47 91 70 36 70 61 31 80 85 50 27 29 26 30 31 96 53 28 4 19 1 11 81 74 9 82 14 74 71 48 2 6 87 86 2 56 99 17 70 91 42 49 42 51 95 82 31 25 12 38 39 2 86 15 81 35 50 86 1 43 8 60 35 15 57 50 60 9 78 22 6 16 86 36 60 99 82 6 83 67 22 70 27 
97 81 97 78 46 61 29 97 51 7 6 41 36 61 51 64 37 21 65 80 2 73 91 51 99 48 6 55 84 21 64 96 13 75 66 92 3 4 63 66 56 72 68 3 81 20 4 22 46 48 62 61 40 22 38 25 70 59 20 85 21 70 45 2 19 15 11 98 74 54 68 26 14 26 49 48 84 8 65 8 43 87 15 71 7 18 68 32 99 30 14 80 10 36 71 74 88 10 87 71 28 1 31 12 45 18 65 94 17 1 52 9 78 64 12 40 31 46 29 60 89 43 73 26 81 73 28 50 
78 89 91 42 37 21 45 19 56 19 48 90 60 40 39 3 91 22 56 24 74 48 38 3 57 13 11 7 16 78 58 73 78 70 61 34 92 82 2 49 58 32 85 71 97 72 34 87 76 5 24 6 52 89 31 91 41 34 87 91 83 64 90 32 70 15 34 71 24 90 58 87 70 95 43 29 92 11 48 74 82 90 35 71 89 56 88 24 16 45 44 8 6 80 17 6 60 25 98 83 73 56 94 44 9 48 12 95 78 2 62 19 28 56 77 62 79 47 93 70 91 23 39 73 14 7 63 23 
174 118 104 99 134 134 46 129 133 140 136 123 86 51 117 49 150 34 117 129 58 100 32 100 91 115 156 113 134 173 90 48 130 48 86 119 131 38 86 30 146 110 49 137 109 80 173 136 192 135 159 69 96 102 115 25 138 105 116 24 49 8 79 180 148 31 41 77 105 122 124 86 145 105 138 104 26 99 156 143 86 148 169 90 109 133 51 141 124 173 135 140 60 131 67 169 127 106 59 80 135 142 111 116 155 143 112 125 89 118 107 53 79 101 131 44 21 173 34 172 89 122 147 151 39 88 194 121 
118 106 119 46 62 92 138 137 44 133 180 163 57 142 93 86 111 101 90 10 119 37 108 26 139 147 176 108 76 110 72 43 60 145 24 83 122 136 88 109 125 147 144 151 59 18 148 137 113 50 190 77 137 68 165 121 110 88 168 119 148 36 147 152 131 83 122 142 119 70 104 51 25 52 134 120 89 94 48 54 124 96 109 89 128 115 125 51 97 97 83 94 158 83 77 90 158 161 66 146 117 157 134 125 146 95 76 125 82 18 86 131 51 82 47 77 75 115 93 103 131 125 101 76 143 87 48 126 
104 119 82 89 84 64 71 163 136 163 95 113 112 84 81 149 78 155 142 134 115 117 68 175 77 55 74 76 72 112 93 117 135 127 97 62 76 32 138 98 12 135 99 61 119 119 70 117 96 51 187 93 159 154 166 154 100 154 13 96 92 54 98 86 104 86 25 140 103 114 66 86 13 109 138 128 97 92 126 35 154 78 77 139 98 110 88 70 62 24 76 117 124 15 12 43 111 171 116 107 43 130 41 82 85 59 160 102 54 102 117 160 105 108 162 59 156 151 72 29 76 147 164 51 93 149 186 95 
99 46 89 192 116 124 41 135 133 92 68 148 131 127 110 128 142 145 131 129 99 68 44 71 156 116 33 56 78 44 88 64 82 83 48 89 108 80 135 119 103 80 177 41 97 120 123 147 53 115 130 60 136 60 108 83 172 186 83 82 38 130 175 49 125 49 151 83 55 108 86 178 125 58 79 67 136 78 109 109 98 183 129 50 123 113 50 115 102 169 139 106 96 149 99 76 148 129 113 21 137 50 105 125 120 102 74 136 91 30 104 56 100 93 40 43 64 54 117 83 150 119 77 164 129 61 147 80 
134 62 84 116 108 134 77 117 127 118 113 150 37 68 56 61 99 134 94 75 95 65 100 19 88 48 53 138 95 118 119 92 63 82 114 90 101 58 157 101 78 35 51 60 81 78 88 57 79 16 116 160 84 63 61 22 85 44 150 140 8 173 57 57 97 100 68 66 96 32 128 108 177 41 63 49 124 115 96 151 68 121 62 139 85 74 147 158 83 79 65 32 138 101 56 151 145 100 165 70 128 79 54 181 107 105 84 127 91 92 95 104 107 102 29 129 161 51 37 110 133 10 77 89 83 119 69 70 
134 92 64 124 134 188 164 123 43 72 75 103 57 149 104 72 94 13 134 81 57 112 142 85 156 163 103 62 156 102 120 57 91 144 97 83 63 160 105 96 178 104 51 88 73 154 126 89 64 86 71 196 90 127 152 187 99 116 114 197 120 105 84 131 42 102 65 93 116 65 189 64 112 59 132 9 136 98 87 40 108 124 77 93 121 128 100 151 105 31 66 58 43 124 121 143 95 9 155 114 164 125 32 35 114 102 73 94 153 166 45 134 154 153 110 29 184 53 134 83 105 188 130 150 98 182 134 159 
46 138 71 41 77 164 124 86 51 55 127 145 143 43 94 136 189 140 74 112 165 89 14 134 46 132 118 149 114 109 58 100 91 146 162 160 101 12 83 113 116 105 115 148 109 174 151 69 143 64 104 90 79 112 42 17 64 118 122 65 66 116 135 67 104 113 90 52 88 147 13 177 107 86 56 85 118 122 160 114 162 133 33 151 142 123 112 89 125 103 50 75 53 92 172 179 187 118 64 174 111 108 132 142 42 120 32 79 49 169 39 99 24 144 119 174 60 141 106 133 58 103 118 138 93 109 148 128 
129 137 163 135 117 123 86 70 67 146 164 138 74 84 71 97 75 111 82 127 11 132 44 84 71 111 117 64 56 137 79 17 107 63 130 56 45 57 166 115 121 97 56 15 52 81 135 95 165 33 90 126 72 100 71 102 68 106 116 120 130 77 64 114 104 66 146 135 148 118 56 144 93 178 59 134 94 92 61 114 149 90 151 58 69 79 78 52 102 107 171 95 91 83 57 85 78 117 147 140 80 17 144 78 100 134 63 59 79 92 117 111 101 197 19 153 125 133 141 42 152 96 143 149 126 71 37 150 
133 44 136 133 127 43 51 67 100 72 28 152 50 65 56 52 97 75 145 140 105 67 123 90 142 154 113 62 97 36 176 105 45 120 25 125 71 111 110 93 89 103 80 71 77 145 48 104 126 191 104 136 170 43 123 139 78 150 102 66 136 92 97 76 73 47 95 147 111 82 63 126 45 122 27 88 159 106 141 105 197 148 142 115 109 113 131 106 70 146 16 95 29 133 95 104 83 70 60 72 182 144 136 82 109 98 156 148 81 53 79 106 128 97 100 65 134 156 155 137 151 100 151 99 156 8 169 118 
140 133 163 92 118 72 55 146 72 140 62 135 184 70 118 87 84 45 176 50 155 144 132 76 154 133 186 149 184 138 28 79 81 94 159 143 65 93 16 138 106 58 24 50 52 110 53 148 107 97 89 112 98 62 73 102 130 138 125 103 119 103 129 118 144 96 106 96 95 65 64 83 136 31 149 120 176 21 66 111 77 67 11 160 57 101 122 101 46 16 149 148 131 86 52 116 112 185 114 85 118 49 191 85 57 145 115 177 72 86 176 47 77 66 153 68 58 61 38 83 148 196 144 140 123 156 94 134 
136 180 95 68 113 75 127 164 28 62 70 129 67 94 151 81 92 54 118 149 88 39 83 74 68 116 80 91 99 121 29 168 47 95 76 154 115 120 48 136 91 44 18 134 107 58 123 97 141 100 123 129 114 186 81 105 20 37 137 122 68 116 85 29 146 70 66 132 142 84 65 117 105 110 21 48 125 94 31 153 117 16 119 158 46 78 91 94 186 89 155 94 95 97 134 112 59 77 130 61 75 106 26 46 81 34 96 92 85 95 78 98 106 32 157 126 106 110 52 125 79 136 74 164 134 106 129 124 
123 163 113 148 150 103 145 138 152 135 129 88 122 121 87 57 153 56 26 133 3 85 144 144 50 169 19 83 183 68 151 150 45 114 118 102 184 154 91 80 96 31 143 101 43 173 96 146 104 47 133 91 33 53 30 70 173 124 54 129 156 93 55 67 84 85 41 125 158 71 120 129 37 79 126 60 120 130 99 107 126 70 33 53 130 68 66 55 87 116 133 114 119 80 154 76 161 113 167 12 157 106 139 99 81 128 119 153 118 44 65 46 60 108 86 161 30 81 91 123 105 170 80 102 84 120 86 58 
86 57 112 131 37 57 143 74 50 184 67 122 118 147 85 91 61 69 114 110 158 109 164 65 93 122 133 82 5 121 116 14 64 94 95 85 115 102 161 114 84 46 103 108 129 97 138 89 99 99 120 102 183 51 128 26 94 88 63 95 123 76 122 81 78 98 122 100 131 100 39 95 55 109 12 87 175 163 150 59 123 81 77 56 48 83 124 76 141 131 52 125 70 133 165 106 160 109 37 126 53 84 45 157 168 109 82 184 100 83 56 131 148 149 109 184 141 107 183 19 60 75 90 34 125 135 118 124 
51 142 84 127 68 149 43 84 65 70 94 121 147 2 175 175 130 31 54 136 154 101 143 113 175 106 89 100 104 105 77 47 49 101 115 59 115 118 119 100 148 104 125 102 150 58 118 71 70 104 103 90 111 54 148 93 100 22 50 134 157 57 61 62 70 93 33 160 104 27 44 146 141 115 118 93 110 26 120 144 105 33 17 92 178 120 40 135 95 71 64 41 132 129 109 41 193 94 20 81 136 104 107 68 91 108 114 70 101 134 79 54 114 45 86 107 90 148 102 54 69 98 160 34 104 40 28 23 
117 93 81 110 56 104 94 71 56 118 151 87 85 175 128 37 134 110 20 24 113 36 69 139 83 40 50 25 95 132 68 102 190 149 115 163 11 135 107 158 131 55 60 162 49 128 182 14 90 60 128 125 44 89 77 85 82 51 102 65 51 92 95 135 75 74 75 101 48 157 180 38 99 136 65 49 48 67 175 80 43 68 100 164 87 17 145 101 155 122 142 44 89 145 84 73 120 105 103 64 67 35 131 71 71 106 93 132 86 52 146 92 88 41 148 60 101 111 128 75 91 96 75 180 72 119 176 108 
49 86 149 128 61 72 136 97 52 87 81 57 91 175 37 152 57 92 93 111 15 11 165 134 98 43 154 180 103 15 124 175 122 178 50 69 151 127 69 42 148 119 82 115 124 182 27 131 90 114 169 151 139 154 98 55 170 130 112 68 95 37 79 107 132 15 85 193 110 40 101 158 84 81 113 59 171 137 37 83 52 105 61 102 118 99 119 147 69 10 38 157 98 141 186 120 139 25 42 73 168 114 90 91 80 30 128 68 129 139 22 60 86 131 69 87 62 53 14 90 90 126 24 107 123 105 21 130 
150 111 78 142 99 94 189 75 97 84 92 153 61 130 134 57 88 152 105 82 84 89 116 121 140 80 80 156 50 119 102 42 32 100 128 134 83 97 105 86 93 170 83 96 89 108 120 128 74 108 123 46 97 116 57 143 86 54 70 118 72 81 43 57 75 156 68 95 75 117 124 78 75 13 51 142 107 152 114 66 123 101 112 158 165 114 66 130 144 88 108 104 143 126 138 62 83 73 66 165 67 134 56 147 85 82 78 8 62 58 28 97 122 117 181 111 121 46 162 119 86 123 190 58 86 128 78 62 
34 101 155 145 134 13 140 111 75 45 54 56 69 31 110 92 152 100 191 118 57 105 153 55 37 105 129 97 136 102 81 27 101 126 113 107 140 96 151 32 129 105 167 145 21 76 24 144 28 97 129 122 78 65 86 42 58 127 155 154 77 57 113 88 82 83 134 140 97 94 117 126 61 99 91 56 114 113 60 13 86 120 94 107 152 167 76 129 114 93 41 156 119 63 108 84 153 192 143 124 27 93 67 27 49 127 94 143 90 101 69 49 52 83 131 113 27 68 116 94 151 109 106 170 106 72 124 110 
117 90 142 131 94 134 74 82 145 176 118 26 114 54 20 93 105 191 34 61 90 168 182 71 71 68 66 112 146 119 39 154 120 112 148 40 150 36 39 151 66 117 83 134 89 122 145 112 95 116 144 127 45 91 80 81 101 57 83 167 42 142 36 103 136 53 133 140 123 135 99 124 32 139 108 74 128 123 96 146 50 99 148 127 86 111 103 167 42 68 72 160 37 148 36 120 126 115 95 72 117 97 96 123 130 38 75 69 110 104 113 142 50 72 26 145 76 127 23 85 35 78 79 124 98 110 170 119 
129 10 134 129 75 81 112 127 140 50 149 133 110 136 24 111 82 118 61 96 163 76 121 118 54 155 139 36 124 119 99 23 62 132 164 48 78 84 94 34 74 124 109 127 37 26 140 71 97 72 99 147 86 67 39 101 50 136 141 155 169 155 130 99 64 160 117 66 90 139 125 74 79 61 159 63 112 30 57 74 95 89 107 78 109 149 53 63 74 96 160 106 144 104 179 61 139 128 145 166 113 146 76 94 58 99 100 142 92 85 33 77 199 166 17 115 108 55 93 154 178 42 104 71 164 109 99 129 
58 119 115 99 95 57 165 11 105 155 88 3 158 154 113 15 84 57 90 163 88 112 93 145 96 41 73 124 82 50 52 104 90 86 68 79 78 102 150 128 150 12 181 94 140 165 104 112 65 26 81 109 91 90 127 61 155 76 88 95 148 144 158 119 91 79 103 71 111 101 48 97 135 98 108 98 113 96 161 122 51 78 111 56 89 52 99 121 104 101 22 78 106 131 111 37 67 64 116 38 97 168 157 165 71 103 114 38 115 176 156 109 37 85 157 157 138 186 154 150 62 80 96 95 52 104 133 64 
100 37 117 68 65 112 89 132 67 144 39 85 109 101 36 11 89 105 168 76 112 24 123 130 63 29 100 55 65 87 136 142 180 15 141 77 110 96 125 90 94 70 157 9 95 68 59 174 36 118 106 65 106 107 106 123 82 76 156 90 18 69 96 75 156 173 56 19 47 71 35 97 159 131 153 75 64 109 79 84 128 158 164 106 76 149 84 83 136 167 34 111 78 116 145 72 119 171 100 105 70 117 70 73 71 130 123 135 100 44 39 146 48 103 78 47 61 140 9 67 160 147 101 75 117 135 93 135 
32 108 68 44 100 142 14 44 123 132 83 144 164 143 69 165 116 153 182 121 93 123 174 44 66 84 87 137 159 52 131 123 118 62 119 180 146 112 59 103 90 79 197 40 62 123 117 152 101 62 70 93 163 115 155 107 79 133 74 55 8 131 87 62 83 102 100 35 97 164 65 67 69 123 86 169 86 192 130 56 49 144 59 100 163 48 27 108 105 13 88 149 62 124 88 99 80 85 156 92 147 127 136 94 172 110 122 127 156 154 109 186 139 60 162 120 98 51 182 101 38 98 104 135 66 33 190 116 
100 26 175 71 19 85 134 84 90 76 74 144 65 113 139 134 121 55 71 118 145 130 44 62 93 93 170 121 74 37 89 45 89 113 19 84 20 38 104 78 87 40 141 44 111 125 68 75 102 154 145 77 179 5 156 135 141 97 121 167 137 77 53 118 92 134 126 93 151 34 163 23 142 43 123 187 12 50 76 101 70 152 178 146 72 107 140 128 74 100 11 115 75 122 91 64 77 79 28 71 159 141 13 94 155 81 128 92 95 92 28 77 98 151 50 159 91 143 75 152 15 38 53 81 124 63 124 108 
91 139 77 156 88 156 46 71 142 154 68 50 93 175 83 98 140 37 71 54 96 63 66 93 172 180 95 143 94 130 127 165 80 53 145 142 130 178 92 118 109 47 105 139 75 83 104 69 52 103 169 135 136 43 59 99 49 128 81 35 36 102 156 50 60 93 34 133 145 128 162 54 32 90 132 158 84 130 81 147 54 126 54 81 138 100 59 99 76 99 80 98 114 79 159 145 76 59 143 159 92 140 18 46 130 33 175 129 65 109 61 47 134 179 82 137 64 95 54 18 41 56 90 70 36 170 135 93 
115 147 55 116 48 163 132 111 154 133 116 169 122 106 40 43 80 105 68 155 41 29 84 93 180 96 101 148 113 139 81 130 105 166 69 153 86 41 87 77 89 150 15 97 111 58 118 69 74 63 135 120 188 98 40 107 132 137 60 57 116 120 67 161 23 127 137 51 24 38 110 120 69 58 77 103 135 61 126 135 69 111 132 61 73 119 133 79 84 70 88 20 85 101 116 68 93 92 98 100 152 143 88 183 160 96 27 107 105 94 122 97 112 50 63 107 66 72 45 109 43 105 176 172 116 28 78 40 
156 176 74 33 53 103 118 117 113 186 80 19 133 89 50 154 80 129 66 139 73 100 87 170 95 101 70 23 73 104 120 87 95 160 133 82 100 76 157 106 123 85 115 131 69 176 17 143 132 39 23 138 47 64 119 90 139 56 87 63 72 62 182 115 97 89 63 125 68 94 75 75 85 72 88 146 62 122 127 85 125 127 51 78 8 112 85 121 131 167 143 87 59 93 156 122 147 69 164 40 111 110 144 28 118 69 145 74 81 144 63 78 48 127 199 115 137 87 106 139 130 108 171 107 67 105 51 95 
113 108 76 56 138 62 149 64 62 149 91 83 82 100 25 180 156 97 112 36 124 55 137 121 143 148 23 162 108 99 130 97 174 38 119 111 61 101 14 155 46 135 127 96 134 144 102 74 124 128 138 144 75 85 116 87 25 139 64 139 121 57 117 85 67 31 8 106 15 73 106 139 188 142 49 147 108 132 111 177 107 97 184 107 17 157 69 85 184 111 85 80 119 64 114 71 100 188 47 124 91 89 29 49 105 93 107 134 15 180 74 40 49 161 92 142 122 36 43 91 68 134 44 118 190 71 84 153 
134 76 72 78 95 156 114 56 97 184 99 183 5 104 95 103 50 136 146 124 82 65 159 74 94 113 73 108 80 106 61 72 163 31 97 116 119 99 93 41 49 30 151 131 56 83 155 19 125 67 81 23 95 108 41 130 114 143 88 115 114 130 86 112 78 142 81 111 162 104 37 86 95 80 85 166 81 106 179 96 124 62 143 9 51 45 142 52 37 105 96 123 110 42 130 37 79 106 137 107 93 64 64 80 163 109 96 100 97 77 122 155 141 104 130 82 61 127 62 152 85 104 104 68 125 82 86 83 
173 110 112 44 118 102 109 137 36 138 121 68 121 105 132 15 119 102 119 119 50 87 52 37 130 139 104 99 106 174 144 67 92 98 129 77 77 133 75 62 81 114 53 157 85 126 133 76 169 141 83 88 115 44 99 84 120 88 76 188 102 48 97 173 159 65 53 42 132 107 118 47 55 174 124 144 185 11 196 84 73 89 140 11 138 54 147 166 98 150 116 62 17 183 34 91 103 103 95 74 65 78 66 94 90 128 126 112 117 160 47 139 165 156 157 149 133 185 145 65 84 108 111 111 156 168 122 130 
90 72 93 88 119 120 58 79 176 28 29 151 116 77 68 124 102 81 39 99 52 136 131 89 127 81 120 130 61 144 16 116 85 148 143 56 84 89 129 63 132 113 101 102 53 122 101 117 135 92 49 21 83 137 109 92 111 110 54 42 144 139 34 123 9 125 54 113 66 64 86 83 55 156 169 152 73 166 73 120 38 130 173 152 165 73 27 17 113 27 85 84 59 89 154 110 129 87 136 161 99 187 102 129 77 64 190 75 84 104 159 108 82 156 43 180 120 47 145 45 99 77 114 109 80 90 54 14 
48 43 117 64 92 57 100 17 105 79 168 150 14 47 102 175 42 27 154 23 104 142 123 45 165 130 87 97 72 67 116 48 117 18 136 154 136 136 30 31 138 33 37 83 108 103 66 120 65 163 61 153 52 27 167 186 89 56 154 79 116 108 144 141 66 101 31 119 26 38 79 93 68 151 136 130 181 114 20 133 60 31 122 112 76 91 75 143 140 101 8 138 154 37 68 92 91 47 76 38 55 174 107 102 143 99 169 169 66 147 119 109 82 86 139 120 41 98 151 124 35 116 72 148 32 175 106 140 
130 60 135 82 63 91 91 107 45 81 47 45 64 49 190 122 32 101 120 62 90 180 118 89 80 105 95 174 163 92 85 117 192 102 54 112 91 89 51 136 131 55 78 190 67 128 99 127 33 43 103 141 106 112 46 63 120 92 95 136 94 18 119 149 158 77 81 84 72 96 18 75 65 116 127 137 162 92 150 94 39 84 101 167 80 76 167 78 79 126 46 53 125 132 66 144 146 153 69 162 68 114 128 168 71 119 35 131 123 29 67 89 76 132 61 143 71 44 153 95 128 155 138 77 80 100 101 62 
48 145 127 83 82 144 146 63 120 94 95 114 94 101 149 178 100 126 112 132 86 15 62 113 53 166 160 38 31 98 148 18 102 166 119 82 172 163 122 131 104 165 65 50 145 155 107 135 143 58 52 137 130 89 97 94 146 36 64 118 113 151 102 109 64 178 163 136 91 61 116 70 112 137 96 135 191 92 128 90 118 92 122 35 100 123 60 59 152 35 102 134 141 115 120 136 126 102 71 99 114 92 91 112 106 171 177 65 125 173 113 94 59 34 113 87 64 95 142 77 135 97 93 72 122 109 160 124 
86 24 97 48 114 97 162 130 25 159 76 118 95 115 115 50 128 113 148 164 68 141 119 19 145 69 133 119 97 129 143 136 54 119 86 18 79 173 109 105 142 50 110 141 145 124 83 118 115 153 96 39 50 146 82 91 122 178 115 169 83 155 65 75 18 73 110 151 45 61 92 177 168 112 40 154 121 98 180 104 120 74 126 114 78 98 118 77 84 135 79 36 94 99 108 56 39 123 171 72 167 146 124 51 65 74 69 129 120 105 154 104 112 112 63 85 66 124 173 49 69 48 132 76 19 125 195 128 
119 83 62 89 90 83 160 56 125 143 154 102 85 59 163 69 134 107 40 48 79 77 180 84 142 153 82 111 116 77 56 154 112 82 18 56 20 139 95 60 53 86 20 145 32 104 89 69 43 150 116 150 104 124 175 76 178 99 104 104 78 151 49 98 70 146 89 120 84 63 88 103 87 56 62 162 148 47 41 80 52 181 138 120 75 65 108 170 131 75 143 91 110 158 93 151 35 106 119 96 102 63 76 88 104 160 139 64 79 79 152 100 142 155 149 67 65 101 86 144 107 45 122 109 183 51 125 119 
131 122 76 108 101 63 101 45 71 65 115 184 115 115 11 151 83 140 150 78 78 110 146 20 130 86 100 61 119 77 84 136 91 172 79 20 148 135 46 103 80 90 45 44 156 115 142 17 22 144 116 134 138 125 78 86 88 91 41 46 113 29 88 106 160 152 124 152 146 72 36 101 98 156 141 100 119 145 68 30 94 149 111 98 93 161 83 89 115 124 74 146 144 137 96 180 134 131 187 112 188 84 136 164 108 151 135 22 88 137 60 123 155 48 157 123 127 133 141 39 113 110 158 130 125 36 90 138 
38 136 32 80 58 160 12 57 111 93 120 154 102 118 135 127 97 96 36 84 102 96 112 38 178 41 76 101 99 133 89 136 89 163 173 139 135 180 18 74 107 176 149 63 103 114 48 151 122 150 33 73 138 61 89 103 144 42 99 60 81 150 150 86 61 150 80 188 92 52 161 49 129 109 115 25 146 114 109 49 27 115 136 98 72 37 23 109 83 177 86 130 100 163 110 72 119 63 68 72 86 39 94 133 112 146 145 136 108 98 104 66 104 100 66 86 156 187 165 150 141 149 23 111 81 76 44 155 
86 88 138 135 157 105 83 166 110 16 48 91 161 119 107 69 105 151 39 94 150 125 59 104 92 87 157 14 93 75 129 30 51 122 109 95 46 18 130 124 82 150 76 113 146 109 145 99 99 101 102 124 57 103 134 106 109 108 87 150 117 153 134 110 164 134 129 90 37 94 83 108 91 121 42 98 74 36 156 100 107 126 56 130 104 120 84 61 99 175 83 140 125 40 89 95 62 66 110 164 65 80 63 122 90 29 44 196 120 88 138 75 60 57 57 91 118 112 121 103 63 58 53 137 135 106 111 39 
30 109 98 119 101 96 113 115 93 138 136 80 114 100 158 42 86 32 151 34 128 90 103 78 118 77 106 155 41 62 63 31 136 131 105 60 103 74 124 120 105 158 116 129 54 69 81 124 84 120 105 23 99 98 67 69 60 42 133 121 92 158 112 134 120 63 131 182 137 25 70 101 45 52 117 76 136 36 92 64 96 118 65 105 41 58 48 88 121 88 85 48 22 36 58 34 42 122 134 131 128 175 92 99 99 122 107 149 128 93 177 44 192 86 124 59 92 71 103 86 45 66 97 158 133 137 122 88 
146 125 12 103 78 178 116 121 89 106 91 96 84 148 131 148 93 129 66 74 150 94 90 87 109 89 123 46 49 81 132 138 131 104 142 53 80 107 82 105 142 64 163 129 69 37 88 157 139 130 110 98 144 109 73 148 40 82 156 149 27 60 120 126 135 89 134 114 60 64 115 84 84 122 92 74 37 68 28 65 61 135 59 128 115 95 132 82 37 136 71 120 116 125 18 89 129 126 70 183 134 158 110 108 103 72 177 120 118 98 103 124 107 77 114 184 104 178 177 92 185 132 67 43 70 42 187 109 
110 147 135 80 35 104 105 97 103 58 44 31 46 104 55 119 170 105 117 124 12 70 79 40 47 150 85 135 30 114 113 33 55 165 50 86 90 176 150 158 64 84 85 125 52 59 57 90 47 56 78 94 98 96 108 120 97 158 189 112 135 75 127 136 60 60 55 106 151 102 35 83 65 121 178 138 49 134 61 119 100 23 65 150 179 95 118 104 57 19 12 140 159 137 125 40 15 62 56 118 93 80 52 70 147 131 101 120 91 61 124 39 124 85 183 140 9 137 79 155 65 127 55 166 145 90 26 90 
49 144 99 177 51 51 115 56 80 24 18 143 103 125 60 82 83 167 83 109 181 157 197 141 105 15 115 127 151 53 101 37 78 65 110 20 45 149 76 116 163 85 24 126 144 190 142 121 193 113 58 112 130 59 171 120 85 97 78 94 96 113 78 117 90 178 33 138 34 98 94 80 80 189 130 156 59 130 64 67 31 91 118 50 77 138 65 68 127 167 31 36 86 74 88 139 12 26 97 79 145 97 123 135 186 104 67 152 78 26 149 112 97 97 126 89 127 88 67 100 136 137 136 78 96 75 51 140 
137 151 61 41 60 88 148 15 71 50 134 101 108 102 162 115 96 145 134 127 94 9 40 44 139 97 131 96 131 157 102 83 190 50 141 145 44 63 113 129 129 125 126 26 38 78 90 36 134 179 139 33 130 122 109 92 172 148 79 59 148 170 128 30 65 134 100 47 82 110 129 98 143 193 27 82 72 93 127 133 80 59 54 161 90 36 122 111 105 64 15 75 33 156 107 115 68 9 106 151 151 144 134 89 79 65 61 83 126 76 95 150 121 45 119 165 94 126 103 48 108 133 55 131 164 45 162 97 
109 59 119 97 81 73 109 52 77 52 107 43 129 150 49 124 89 21 89 37 140 95 62 111 75 111 69 134 56 85 53 108 67 145 145 32 156 103 146 54 69 52 144 38 84 174 114 113 93 87 49 50 79 66 92 175 96 61 167 64 114 68 103 87 73 144 49 77 94 84 136 172 108 83 40 65 99 50 97 36 55 100 97 112 122 81 119 171 24 25 141 146 128 131 167 119 104 20 78 145 108 52 66 22 131 138 91 52 24 44 35 84 53 106 77 139 120 102 172 115 160 71 119 98 65 118 19 96 
80 18 119 120 78 154 174 81 145 110 58 173 97 58 128 182 108 76 122 26 165 68 123 125 83 58 176 144 83 126 122 103 128 155 124 104 115 114 109 69 37 59 190 78 174 2 102 109 86 157 54 151 128 122 82 60 126 159 89 98 147 28 99 93 56 89 146 41 84 136 143 73 82 76 75 83 181 110 107 124 23 136 91 130 137 157 136 11 121 138 134 157 100 66 49 103 22 36 135 72 105 56 107 89 107 78 97 147 98 81 75 55 149 92 121 115 164 137 157 75 104 184 112 8 34 117 68 52 
173 148 70 123 88 126 151 135 48 53 123 96 138 118 182 27 120 24 145 140 104 59 117 68 104 118 17 102 155 133 101 66 99 107 83 89 142 48 145 81 88 57 142 90 114 102 58 125 28 135 103 46 117 108 101 18 31 13 168 70 70 60 63 174 56 94 21 96 153 159 177 56 95 118 41 111 147 136 113 68 69 101 71 103 129 171 103 114 161 59 107 96 107 128 78 27 69 175 147 67 95 150 85 59 48 115 67 65 135 41 107 92 96 156 181 106 96 96 106 108 97 33 86 88 95 98 124 33 
136 137 117 147 57 89 69 95 104 148 97 146 89 71 14 131 128 144 112 71 112 174 152 75 69 69 143 74 19 76 117 120 127 135 118 69 17 151 99 124 157 90 121 36 113 109 125 40 70 112 80 107 21 59 123 74 115 82 73 52 112 138 144 16 94 145 133 179 80 153 146 159 112 55 77 82 115 112 128 117 27 114 183 162 67 73 103 48 170 110 109 145 68 130 93 149 163 59 152 47 96 104 115 101 143 94 143 116 179 131 46 94 101 110 84 44 63 192 86 23 95 138 62 90 66 80 85 140 
192 113 96 53 79 64 143 165 126 107 141 104 99 70 90 90 74 28 95 97 65 36 101 102 52 74 132 124 125 169 135 65 33 143 115 43 22 122 99 84 139 47 193 134 93 86 28 70 10 88 133 166 100 166 98 66 53 78 109 150 92 143 47 117 94 127 126 41 177 142 116 134 97 50 133 146 130 68 73 177 119 93 18 33 117 108 128 113 42 51 20 89 123 58 149 95 100 48 137 165 95 127 157 91 101 126 50 180 144 142 56 75 114 81 135 98 127 147 103 122 159 21 101 118 95 161 8 170 
135 50 51 115 16 86 64 33 191 97 100 47 99 104 60 114 108 97 116 72 26 118 62 154 103 63 39 128 67 141 92 163 43 58 153 150 144 150 101 120 130 56 113 179 87 157 135 112 88 150 131 105 44 145 128 106 145 138 76 84 97 191 39 79 99 121 103 157 187 65 150 81 160 114 105 99 75 110 90 86 82 119 86 89 118 45 84 164 18 100 125 84 137 31 180 129 113 58 148 107 102 148 84 170 102 74 177 132 136 41 49 56 137 122 147 34 71 184 170 21 111 125 150 119 84 101 44 146 
159 190 187 130 116 71 104 90 104 89 123 133 120 103 128 169 123 129 144 99 81 106 70 145 169 135 23 138 81 83 49 61 103 52 96 116 116 33 102 105 110 78 58 139 49 54 103 80 133 131 44 119 87 64 107 143 113 57 121 177 57 73 135 100 104 108 35 89 51 119 152 35 140 124 108 74 94 162 83 98 168 137 81 172 65 124 84 115 138 165 110 36 123 130 107 119 34 142 100 116 102 70 149 133 22 114 109 97 110 78 173 82 115 102 62 124 147 35 176 82 129 120 68 65 118 145 100 88 
69 77 93 60 160 196 90 126 136 112 129 91 102 90 125 151 46 122 127 147 109 65 93 77 135 120 138 144 23 88 21 153 141 137 39 150 134 73 124 23 98 94 112 33 50 151 46 107 166 105 119 40 130 40 39 74 105 89 134 123 93 166 98 90 84 105 112 124 76 160 62 109 55 112 79 97 51 130 145 131 141 71 41 148 180 99 104 82 11 69 115 108 114 158 12 75 141 132 117 190 107 92 47 162 30 179 108 104 132 84 155 83 95 101 71 95 38 98 152 156 96 144 50 159 155 77 86 56 
96 137 159 136 84 90 79 72 170 98 114 33 183 111 44 139 97 78 45 86 91 106 163 179 136 188 47 75 95 115 83 52 106 130 50 104 138 138 57 99 144 98 130 130 79 128 117 21 100 44 87 130 82 139 97 51 162 91 115 81 59 104 91 151 145 185 79 120 116 94 109 74 87 137 108 88 124 37 156 130 153 152 93 61 84 93 113 101 108 95 151 125 91 93 30 111 170 87 149 67 46 42 61 101 15 21 80 31 193 105 99 142 109 93 171 163 173 98 108 162 156 82 69 119 72 64 104 192 
102 68 154 60 63 127 112 100 43 62 186 53 51 54 89 154 116 65 91 67 90 107 115 5 43 98 64 85 108 44 137 27 112 89 146 124 125 61 103 98 109 96 59 122 66 122 108 59 166 145 64 40 139 36 75 143 158 91 113 69 64 162 118 96 114 135 117 123 127 72 144 66 128 94 44 112 154 127 169 173 130 54 102 84 106 41 149 111 69 91 35 81 14 135 79 67 103 161 159 127 31 57 76 93 104 62 134 90 188 150 60 158 57 100 109 112 169 155 52 71 187 161 32 69 52 88 75 131 
115 165 166 108 61 152 42 71 123 73 81 30 128 148 77 98 57 86 80 39 127 106 155 156 59 40 119 116 41 99 109 167 46 97 82 175 78 89 134 67 73 108 171 109 92 82 101 123 98 128 107 39 97 75 80 115 78 170 112 113 89 68 94 105 182 155 111 122 61 70 69 101 125 108 51 40 172 65 125 89 49 51 133 177 71 73 91 95 111 9 118 37 158 105 93 120 111 89 36 95 90 39 127 45 113 59 152 43 121 110 69 90 123 72 103 129 117 94 166 145 104 20 137 123 72 70 18 81 
25 121 154 83 22 187 17 102 139 102 105 70 26 93 85 55 143 42 81 101 61 123 107 135 99 107 90 87 130 84 92 186 63 94 91 76 86 103 106 69 148 120 120 92 175 60 18 74 66 106 143 74 51 143 115 112 172 29 113 93 101 87 41 42 147 116 88 42 113 154 43 39 141 86 130 102 115 98 154 108 147 45 90 35 72 94 97 57 132 83 50 84 81 80 105 75 39 76 119 45 103 105 59 108 149 73 59 129 108 72 11 51 67 160 150 175 80 96 56 119 97 112 105 99 106 186 77 59 
138 110 100 172 85 99 64 68 78 130 20 173 94 100 82 170 86 58 101 50 155 82 79 141 49 132 139 25 114 120 111 89 120 146 122 178 88 144 109 60 40 97 85 172 96 126 31 115 53 145 113 105 162 158 78 172 90 159 115 35 134 114 152 128 84 29 44 126 101 112 100 144 141 97 23 73 67 53 190 149 34 69 165 94 113 81 73 89 111 60 135 53 109 36 165 155 107 81 125 24 117 27 106 85 186 138 92 181 64 8 159 177 62 62 128 80 141 46 9 56 112 46 138 162 71 116 94 77 
105 88 154 186 44 116 118 106 150 138 37 124 88 22 51 130 54 127 57 136 76 76 133 97 128 137 56 139 143 88 110 56 92 36 178 99 91 42 108 42 82 158 97 148 61 159 13 82 78 138 57 89 91 91 170 29 159 136 80 183 133 108 53 116 72 135 147 172 48 19 76 166 86 142 183 114 124 126 65 140 35 111 97 114 93 103 156 139 84 153 46 55 158 49 26 70 62 122 117 85 92 120 110 147 173 107 61 74 85 184 109 50 157 142 62 112 100 155 138 81 75 69 57 170 82 71 117 117 
116 168 13 83 150 114 122 116 102 125 137 54 63 50 102 112 70 155 83 141 88 156 74 121 81 60 87 64 88 76 54 154 95 64 115 104 41 99 87 133 156 189 78 79 167 89 168 73 109 76 121 134 115 113 112 113 115 80 40 113 165 52 86 109 119 167 76 67 122 135 52 48 127 164 112 36 141 87 67 175 21 78 83 143 160 41 161 49 50 124 86 86 113 122 81 198 167 134 84 152 146 116 69 97 90 116 128 153 101 103 92 96 123 91 152 75 161 138 122 104 74 83 99 134 113 82 104 145 
24 119 96 82 140 197 65 120 66 103 122 129 95 134 65 68 118 154 167 155 95 90 55 167 35 57 63 139 115 188 42 79 136 118 169 104 46 60 150 121 149 112 94 59 64 98 70 52 150 84 177 123 81 69 113 93 35 183 113 32 58 54 23 58 55 35 122 95 145 90 89 148 51 132 79 134 63 80 45 100 48 30 61 159 28 86 51 124 161 106 140 126 117 57 94 166 93 87 99 159 81 76 81 176 69 83 93 104 88 83 75 14 73 86 94 150 159 39 90 184 73 101 79 13 73 131 60 67 
49 148 92 38 8 120 66 130 136 119 68 156 123 157 51 95 72 77 42 169 148 18 8 137 36 116 72 121 114 102 144 116 94 113 83 78 113 81 117 92 27 135 96 148 114 147 70 112 92 97 57 93 59 64 89 101 134 133 165 58 190 59 121 160 112 103 54 105 177 186 76 198 146 104 146 107 97 12 105 116 132 125 70 140 133 111 104 148 108 108 65 165 131 133 135 72 196 184 107 130 113 50 184 96 29 164 92 147 73 120 69 102 63 112 131 72 66 74 80 123 85 72 49 58 107 116 121 38 
8 36 54 130 173 105 116 77 92 103 116 93 76 57 92 37 81 57 142 155 144 69 131 77 102 120 62 57 130 48 139 108 18 151 155 151 29 150 153 158 60 75 113 170 68 28 60 138 143 191 73 166 104 162 68 87 114 108 52 54 59 40 170 117 114 190 160 154 100 50 95 107 102 107 59 166 161 91 87 121 161 86 78 56 78 114 73 90 118 111 93 89 49 53 72 190 194 109 134 129 56 104 70 159 109 103 93 118 19 150 92 94 172 69 142 66 125 111 40 79 151 108 76 153 115 68 133 137 
79 147 98 175 57 84 135 64 97 129 85 55 122 61 95 79 43 113 36 130 158 96 87 53 156 67 182 117 86 97 34 144 119 102 65 49 88 150 134 112 120 127 78 128 103 99 63 144 47 39 135 98 91 118 94 41 152 53 86 23 121 170 8 146 92 82 117 128 157 75 26 59 95 112 69 125 66 98 121 80 133 98 141 121 149 45 125 105 20 78 69 132 120 60 73 75 45 65 49 136 82 64 110 89 43 111 185 189 107 89 86 172 53 119 88 97 49 99 105 164 47 128 40 9 41 109 116 160 
180 152 86 49 57 131 67 114 76 118 29 67 81 62 135 107 57 88 103 99 119 75 62 118 50 161 115 85 112 173 123 141 149 109 75 98 106 86 110 134 126 136 117 30 87 93 174 16 117 79 100 90 151 96 105 42 128 116 109 58 160 117 146 48 21 101 67 120 41 117 73 148 100 50 103 21 160 91 157 82 138 121 71 114 195 146 123 176 90 44 79 50 124 97 94 140 81 33 106 62 141 105 163 59 83 97 108 128 57 144 108 112 123 78 95 82 102 65 103 16 126 176 151 105 101 145 93 105 
148 131 104 125 97 42 104 104 73 144 146 84 78 70 75 132 75 82 136 64 91 156 83 92 60 23 97 67 78 159 9 66 158 64 18 70 160 61 164 120 135 60 90 65 73 56 56 94 94 99 104 84 145 114 182 147 84 72 119 55 112 114 92 21 92 101 84 40 105 163 182 71 91 176 188 61 147 131 84 72 87 56 81 154 140 127 91 145 67 145 134 67 149 122 122 43 58 100 68 76 77 144 196 97 130 147 65 110 72 71 137 36 166 57 71 94 94 65 99 32 12 103 136 119 66 75 152 25 
31 83 86 49 100 102 113 66 47 96 70 85 98 93 74 15 156 83 53 160 79 173 102 134 93 127 89 31 142 65 125 101 77 178 73 146 152 150 134 63 89 60 178 134 144 89 94 145 127 121 108 105 185 135 155 116 29 135 167 35 103 190 82 101 101 88 88 54 164 174 99 126 63 152 151 131 112 91 48 29 111 127 84 144 115 111 72 114 105 69 157 53 51 53 32 147 113 180 47 114 147 43 113 115 84 90 110 108 77 132 95 167 158 57 162 37 92 106 149 11 147 41 31 101 116 111 99 138 
41 122 25 151 68 65 90 146 95 106 66 41 122 33 75 85 68 134 133 117 103 56 100 126 34 137 63 8 81 53 54 31 81 163 110 89 124 80 129 131 134 55 33 100 49 146 21 133 126 103 35 112 79 117 111 88 44 147 76 122 54 160 117 67 84 88 60 106 109 130 132 145 41 52 48 87 99 168 151 50 49 92 104 62 78 122 162 83 82 173 4 62 116 134 87 118 96 43 149 74 174 110 76 122 45 135 113 96 76 142 78 144 61 62 167 82 65 169 104 122 146 116 71 162 176 159 58 118 
77 142 140 83 66 93 52 135 147 96 132 125 100 160 101 193 95 140 140 66 71 19 35 93 133 51 125 106 111 42 113 119 84 136 151 120 152 188 90 182 114 106 138 47 77 41 96 179 41 157 89 124 120 123 122 42 126 172 67 95 105 154 128 120 40 54 106 96 84 93 68 87 17 94 69 89 135 88 86 50 70 105 37 76 96 54 114 48 92 50 31 100 99 146 200 113 106 94 67 149 69 172 103 27 78 79 184 87 36 104 75 182 83 94 168 62 186 72 190 116 104 84 118 91 109 92 83 68 
105 119 103 55 96 116 88 148 111 95 142 158 131 104 48 110 75 97 123 90 111 47 97 151 145 24 68 15 162 132 66 26 72 91 45 84 146 92 37 137 60 151 34 82 94 84 153 80 177 187 51 76 116 127 61 113 101 48 122 145 177 100 157 41 105 164 109 84 94 94 45 61 86 40 145 74 164 125 101 130 100 112 93 160 99 12 167 60 79 82 175 127 92 44 99 162 82 5 93 98 117 51 81 110 100 74 71 67 142 43 89 112 64 111 48 101 147 67 147 138 56 128 34 166 94 123 181 124 
122 70 114 108 32 65 147 118 82 65 84 71 100 27 157 40 117 94 135 139 101 71 164 34 128 38 94 73 104 107 64 38 96 61 61 63 72 52 94 25 64 102 98 110 84 136 159 153 142 65 119 160 94 72 70 154 112 19 135 90 186 50 75 117 163 174 130 93 94 70 53 169 127 44 183 176 118 71 102 11 68 101 68 117 79 173 31 106 109 40 61 100 103 95 108 114 85 105 107 50 38 58 87 86 52 160 129 100 93 112 142 128 100 189 96 109 169 98 91 124 86 91 96 61 109 123 115 73 
124 104 66 86 128 189 13 56 63 64 65 120 39 44 180 101 124 117 99 125 48 35 65 163 162 110 75 106 37 118 86 79 18 116 92 88 36 161 83 70 115 35 94 129 136 143 177 146 116 150 152 62 109 144 69 43 100 76 52 89 76 95 26 73 182 99 132 68 45 53 58 128 60 64 122 100 93 109 64 152 64 148 121 90 28 146 161 150 153 48 104 87 172 18 89 88 171 82 104 69 66 50 58 111 157 127 57 34 51 113 68 116 100 144 142 63 115 87 90 89 85 126 45 63 57 141 62 140 
86 51 86 178 108 64 177 144 126 83 117 129 95 146 38 158 78 126 124 74 97 97 67 23 54 120 75 139 86 47 83 93 75 70 177 103 101 49 108 101 84 83 80 98 172 73 56 159 134 81 35 109 74 66 101 39 144 166 48 148 198 107 59 148 71 126 145 87 61 169 128 168 91 91 112 73 83 174 171 92 124 102 125 80 160 15 108 128 100 44 188 96 127 168 102 122 68 162 70 88 111 68 150 154 75 87 74 61 81 47 30 127 97 153 125 41 73 84 104 28 14 148 96 92 96 110 185 33 
145 25 13 125 177 112 107 93 45 136 105 37 55 141 99 84 75 61 32 79 135 159 69 142 32 69 85 188 95 55 55 68 65 112 168 87 98 129 91 45 84 65 80 143 108 82 95 112 97 160 140 55 87 128 125 141 141 86 127 51 146 102 95 100 91 63 41 17 86 127 60 91 180 135 91 83 54 62 80 151 40 163 55 92 58 61 39 87 118 75 132 182 113 189 88 43 71 111 48 22 118 142 184 76 65 148 6 121 94 85 90 127 113 29 122 166 176 134 132 125 44 146 60 161 105 103 79 107 
105 52 109 58 41 59 86 178 122 31 110 79 109 115 136 81 13 99 139 61 98 131 123 43 90 58 72 142 80 174 156 151 116 137 112 56 156 109 121 52 122 121 189 193 83 76 118 55 50 114 124 112 137 94 108 86 97 142 164 132 104 107 112 50 176 152 52 94 40 44 64 91 135 86 72 155 32 91 161 153 121 95 67 69 113 94 166 136 54 134 9 79 72 70 169 123 45 98 141 120 74 67 5 89 99 104 144 88 125 86 91 84 79 81 40 64 146 112 99 134 37 111 87 124 91 110 64 167 
138 134 138 79 63 132 56 59 27 149 21 126 12 118 65 113 51 91 108 159 108 153 86 123 132 77 88 49 85 124 169 136 127 96 40 62 141 115 42 117 92 178 130 27 40 75 41 77 133 105 108 79 108 44 51 130 23 183 112 79 146 59 69 103 188 151 48 69 145 183 122 112 91 72 126 99 88 179 23 75 37 28 46 128 101 14 99 167 88 121 107 123 158 101 112 71 104 136 36 56 28 30 38 106 32 83 102 120 62 107 125 130 164 84 71 124 139 98 128 181 80 119 91 84 114 45 73 71 
104 120 128 67 49 9 85 134 88 120 48 60 87 93 49 59 142 56 74 63 98 75 169 187 158 103 146 147 166 144 152 130 137 135 154 162 100 25 98 76 74 138 156 82 65 83 111 82 146 99 74 97 88 112 40 102 73 114 36 134 107 166 125 21 61 131 87 89 74 176 100 73 83 155 99 16 88 77 122 67 110 77 94 50 57 110 78 46 82 54 92 128 93 114 88 64 46 88 161 68 95 164 32 173 73 31 46 148 118 111 44 93 165 67 111 110 81 35 150 120 102 142 129 93 92 22 111 68 
26 89 97 136 124 136 118 94 159 176 125 120 175 110 48 171 107 114 128 112 113 64 86 12 84 135 62 108 81 185 73 181 162 191 121 148 119 146 74 136 37 49 59 72 99 181 147 115 130 75 94 51 124 154 172 115 67 124 141 63 97 161 66 160 147 112 99 135 164 118 93 83 54 32 88 88 82 95 37 139 26 31 68 41 74 100 162 111 21 123 120 104 168 180 61 68 136 17 58 117 72 46 79 189 36 146 56 126 68 77 103 110 92 80 84 115 126 143 105 95 81 72 17 119 106 65 150 87 
99 94 92 78 115 98 122 92 106 21 94 130 163 26 67 137 152 113 123 30 96 109 192 50 130 61 122 132 106 11 166 114 92 92 98 47 145 114 36 36 68 134 130 93 50 110 136 112 68 110 162 130 37 127 65 98 53 126 87 80 12 91 98 91 131 91 168 88 125 71 109 174 62 91 179 77 95 62 104 196 173 125 99 125 112 106 85 97 75 160 76 134 88 146 17 65 145 125 97 36 15 103 171 46 72 38 122 95 95 98 69 58 120 96 173 62 114 39 153 79 105 107 154 188 82 161 181 114 
156 48 126 109 96 87 160 61 141 66 31 99 150 120 175 37 114 60 96 57 161 79 130 76 81 126 127 111 179 196 73 20 150 128 180 41 68 109 156 92 28 61 64 127 97 107 113 128 73 90 83 145 156 169 125 154 190 65 67 45 105 87 121 157 84 48 151 86 101 102 64 171 80 161 23 122 37 104 120 186 144 92 143 175 79 79 22 112 78 102 125 95 95 89 186 34 140 102 125 140 110 132 94 89 16 99 19 147 38 106 32 106 134 144 31 158 88 46 106 111 54 62 152 74 115 144 63 111 
143 54 35 109 151 40 114 114 105 111 153 107 59 144 80 83 66 13 146 74 122 84 56 101 147 135 85 177 96 84 120 133 94 90 104 80 30 49 100 64 65 119 67 133 36 124 68 117 177 86 98 131 130 173 89 108 149 140 175 100 116 121 80 82 72 29 50 50 130 11 152 92 151 153 75 67 139 196 186 122 180 142 122 115 69 116 31 57 106 160 15 90 98 153 102 88 86 118 114 87 78 53 106 159 136 46 145 111 131 137 151 106 94 120 183 32 125 79 98 82 139 90 117 146 188 93 140 98 
86 124 154 98 68 108 162 149 197 77 117 126 123 105 43 52 123 86 50 95 51 128 49 70 54 69 125 107 124 73 38 60 39 118 120 52 94 27 107 96 61 100 31 80 55 23 69 27 119 82 168 141 153 130 49 147 34 35 21 48 132 161 133 138 87 111 49 70 100 68 64 124 40 121 37 110 26 173 144 180 46 36 84 151 133 177 102 99 96 116 94 60 130 43 79 158 37 116 79 104 58 107 134 105 54 126 121 35 160 114 66 139 110 134 106 137 108 137 72 49 111 183 64 87 59 129 71 160 
148 96 78 183 121 124 133 90 148 67 16 70 81 33 68 105 101 120 99 89 78 158 144 152 126 111 127 97 62 89 130 31 84 92 74 181 149 115 126 118 135 23 91 59 100 136 101 114 93 119 137 71 152 54 51 45 69 111 78 30 125 86 98 121 56 127 92 105 112 101 148 102 163 95 28 77 31 125 92 142 36 18 134 97 91 104 158 32 125 141 93 58 34 118 34 150 98 58 125 26 112 46 134 153 122 192 49 75 169 97 127 98 102 72 95 106 116 162 81 123 68 151 114 117 159 103 122 159 
169 109 77 129 62 77 33 151 142 11 119 33 77 17 100 61 112 94 148 107 111 164 59 178 54 132 51 184 143 140 173 122 101 122 126 138 111 136 56 65 59 65 118 54 97 91 71 183 18 86 81 41 93 102 133 90 165 97 83 61 70 78 141 71 81 84 104 37 93 68 121 125 55 67 46 94 68 99 143 122 84 134 78 170 155 133 84 110 95 98 79 123 153 141 114 96 131 106 60 179 55 104 94 114 77 66 75 115 55 87 159 85 159 110 141 109 102 116 176 102 73 117 53 52 73 24 117 111 
90 89 139 50 139 93 151 58 115 160 158 53 56 92 164 102 158 107 127 78 56 106 100 146 81 61 78 107 9 11 152 112 167 35 114 120 98 98 130 105 128 150 50 161 112 130 103 162 33 89 172 148 61 84 177 35 94 114 143 159 140 56 121 114 154 144 62 76 160 117 90 80 92 69 128 50 41 125 175 115 151 97 170 66 157 119 154 107 98 86 51 28 153 38 98 74 56 113 121 51 82 89 75 167 95 100 98 138 83 85 111 124 81 88 99 63 76 112 113 179 103 43 13 141 45 102 14 135 
109 128 98 123 85 121 142 69 109 57 46 130 48 178 87 118 165 152 86 109 89 76 163 72 138 73 8 17 51 138 165 76 80 100 78 75 93 72 104 41 115 179 77 90 122 137 129 67 117 118 65 180 84 106 71 72 113 93 160 28 133 78 149 195 140 115 78 96 99 79 28 160 58 113 101 57 74 112 79 69 133 91 155 157 136 33 37 168 160 70 76 98 150 90 69 103 170 123 173 70 99 111 147 107 127 40 42 166 68 118 39 9 95 139 129 51 151 47 125 80 106 114 106 141 59 171 135 82 
133 115 110 113 74 128 123 79 113 101 78 68 83 120 17 99 114 167 111 149 52 149 48 107 100 119 112 157 45 54 73 91 76 123 98 65 161 37 120 58 95 95 138 36 81 157 171 73 108 45 124 99 93 41 73 94 81 103 41 86 111 114 45 146 127 111 122 54 12 173 146 15 61 94 14 110 100 106 79 116 177 104 133 119 33 20 148 123 41 99 162 43 156 120 100 131 51 19 93 131 115 142 92 169 40 69 47 127 95 107 81 109 74 182 184 74 61 67 104 171 89 102 70 78 45 193 109 28 
51 125 88 50 147 100 112 78 131 122 91 66 124 40 145 119 66 76 103 53 99 84 27 140 59 133 85 69 142 147 27 75 167 60 118 108 83 23 84 48 132 118 65 122 119 136 103 103 128 84 84 104 113 149 91 97 73 156 161 51 104 73 125 123 91 72 162 114 167 31 161 108 39 166 99 78 162 85 22 31 102 158 84 154 37 148 162 85 78 87 103 115 140 23 73 113 101 86 128 176 134 192 80 66 119 103 143 173 171 91 68 110 68 117 177 99 33 170 47 73 143 72 198 85 63 163 172 116 
141 51 70 115 158 151 89 52 106 101 94 55 76 135 101 147 130 129 167 63 121 83 108 128 99 79 121 85 52 166 17 143 78 59 77 170 89 109 61 88 82 104 68 111 171 11 114 48 113 164 115 82 101 111 95 57 89 139 49 124 148 90 105 176 145 114 83 48 60 106 150 128 87 136 167 46 111 97 112 57 99 32 110 107 168 123 85 96 111 43 152 172 24 177 183 180 97 36 114 133 33 107 65 110 124 90 76 80 121 144 189 169 166 96 109 107 121 74 136 102 133 120 66 141 85 88 100 102 
124 97 62 102 83 105 125 102 70 46 186 87 141 95 155 69 144 114 42 74 104 136 105 74 76 84 131 184 37 98 113 140 79 152 84 131 115 83 99 121 37 57 127 105 24 121 161 170 42 18 138 11 108 69 111 132 111 84 50 161 108 118 20 90 67 105 82 92 79 109 153 100 118 54 88 82 21 75 78 106 96 125 95 98 160 41 78 111 34 171 56 105 119 94 38 143 193 138 48 95 65 111 83 114 156 71 109 94 77 102 182 102 145 126 98 97 30 147 96 164 92 85 40 132 107 113 93 130 
173 97 24 169 79 31 103 107 146 16 89 116 131 71 122 10 88 93 68 96 101 167 13 100 99 70 167 111 105 150 27 101 126 35 135 75 124 177 175 88 136 19 167 64 25 138 59 110 51 100 165 69 95 91 9 83 60 153 124 106 108 111 78 44 145 69 173 50 82 40 48 44 75 134 121 54 123 160 102 160 116 141 98 86 70 99 87 43 171 86 114 50 64 112 132 140 111 67 125 194 91 99 93 95 7 110 87 138 142 107 90 88 150 196 85 96 112 126 56 37 134 160 144 150 172 87 125 43 
135 83 76 139 65 66 50 171 16 149 155 133 52 64 142 38 108 41 72 160 22 34 88 11 80 88 143 85 96 116 85 8 46 102 79 143 74 86 83 85 71 12 31 15 141 134 107 109 20 125 110 115 151 35 118 50 135 46 86 140 65 93 69 79 134 157 4 31 175 61 104 188 132 9 107 92 120 76 125 15 94 93 79 51 76 162 103 152 56 114 136 122 73 81 27 152 62 93 36 54 104 96 136 99 129 74 75 69 59 79 93 38 38 86 90 146 77 87 114 59 149 138 116 127 27 162 149 150 
140 94 117 106 32 58 75 95 95 148 94 114 125 41 44 157 104 156 160 106 78 111 149 115 98 20 87 80 123 62 84 138 53 134 36 91 146 130 140 48 120 140 36 75 146 157 96 145 89 84 36 108 125 81 37 84 53 55 86 126 165 89 132 50 67 53 62 100 127 100 87 96 182 79 123 128 104 134 95 90 60 58 123 28 98 43 115 172 105 50 122 134 180 114 114 130 125 125 99 83 57 84 30 94 109 166 41 49 11 50 76 120 127 34 52 112 107 86 39 100 129 69 80 28 105 39 115 30 
60 158 124 96 138 43 53 91 29 131 95 119 70 132 89 98 143 119 37 144 106 78 62 75 114 85 59 119 110 17 59 154 125 141 94 110 144 100 125 22 116 159 86 33 128 100 107 68 123 137 123 114 91 14 158 81 109 158 113 117 131 49 120 124 149 51 116 99 92 103 172 127 113 72 158 93 168 88 95 98 130 34 153 153 150 156 140 24 119 64 73 180 198 114 64 81 84 119 127 90 112 84 107 39 60 48 125 146 140 62 23 86 32 91 74 175 96 101 183 172 110 182 152 82 123 98 49 131 
131 83 15 149 101 124 92 83 133 86 97 80 133 129 145 141 126 63 148 104 131 116 124 122 79 101 93 64 42 183 89 37 132 115 99 158 137 163 40 36 125 137 74 156 131 66 128 130 58 31 130 158 93 135 105 80 36 49 122 57 133 53 60 97 122 53 134 146 44 95 18 168 189 70 101 114 180 146 89 153 43 118 141 38 90 120 23 177 94 112 81 114 114 20 128 58 70 149 90 75 134 153 95 180 65 103 37 118 134 50 47 116 102 96 163 130 57 117 125 128 161 48 95 102 65 81 141 148 
67 77 12 99 56 121 172 57 95 52 134 154 165 109 84 186 138 108 36 179 111 145 88 91 159 116 156 114 130 34 154 68 66 120 108 93 96 110 89 58 18 125 88 107 167 49 78 93 149 180 107 12 30 79 93 105 165 26 81 94 135 72 73 94 122 32 87 200 99 108 89 102 88 169 112 88 61 17 186 102 79 34 114 98 69 100 73 183 38 132 27 114 64 128 174 130 35 148 3 116 157 93 84 131 182 123 62 135 163 77 46 53 166 147 177 79 94 131 152 173 142 169 109 138 143 66 67 99 
169 90 43 76 151 143 179 85 104 116 112 76 106 41 73 120 62 84 120 61 37 72 99 64 145 68 122 71 37 91 110 92 144 136 56 151 180 72 95 34 89 40 139 115 119 103 27 149 95 129 119 75 111 67 120 75 155 70 198 166 72 190 75 140 43 147 118 113 162 114 88 122 43 123 71 64 68 65 34 88 158 150 96 74 103 131 113 180 143 140 152 130 81 58 130 18 129 149 119 73 74 67 98 118 132 136 155 137 166 92 57 94 55 65 123 143 136 132 106 32 149 178 47 67 111 145 121 101 
127 158 111 148 145 95 187 78 83 112 59 161 160 193 120 139 83 153 126 139 67 119 80 77 76 93 147 100 79 103 129 91 146 126 39 35 134 119 62 42 129 15 12 68 104 22 69 163 100 113 34 141 170 103 111 39 107 62 167 93 196 194 45 81 58 113 96 106 82 85 171 68 71 45 104 46 136 145 140 86 37 98 131 56 170 51 101 97 193 111 62 125 84 70 35 129 184 116 55 95 100 80 105 105 76 168 160 46 133 123 66 93 131 124 34 119 143 107 155 127 50 130 54 143 88 106 56 145 
106 161 171 129 100 9 118 117 70 185 77 113 109 94 105 25 73 192 115 128 64 171 85 79 59 92 69 188 106 103 87 47 153 102 123 106 131 63 66 122 126 62 26 9 20 36 175 59 48 58 142 132 87 161 89 76 81 122 134 87 184 109 65 33 100 180 43 94 5 105 82 162 111 98 136 88 17 125 102 118 116 58 106 113 123 19 86 36 138 67 93 125 119 149 148 149 116 48 151 98 87 118 96 109 84 100 157 143 160 51 84 96 73 98 106 26 86 120 124 43 122 70 96 70 111 48 82 120 
59 66 116 113 165 155 64 147 60 114 130 167 37 20 103 42 66 143 95 145 116 100 156 28 143 98 164 47 137 95 136 76 69 71 171 119 187 68 110 134 70 56 97 106 78 135 147 152 137 148 100 117 149 159 36 119 125 117 84 99 107 134 49 106 68 47 149 67 93 107 104 70 48 141 36 161 58 97 125 114 79 125 60 121 173 93 128 114 48 125 36 99 127 90 3 119 55 151 112 124 92 63 106 69 124 183 56 32 75 141 181 118 166 177 126 76 73 52 31 41 114 118 117 60 87 92 110 70 
80 146 107 21 70 114 174 140 72 85 61 12 126 81 64 73 165 124 72 166 38 105 92 71 159 100 40 124 107 74 161 38 162 99 72 96 112 72 164 131 183 118 79 151 145 72 67 47 165 107 116 190 67 127 95 45 24 85 152 159 130 129 136 62 76 114 74 149 98 50 69 88 22 120 56 68 117 36 140 87 104 26 179 51 70 131 176 133 95 194 54 83 90 75 116 73 95 98 124 92 50 134 112 38 139 95 140 95 122 151 136 68 56 105 64 91 80 86 130 59 86 120 77 137 77 72 114 80 
135 117 43 137 128 164 111 80 182 118 75 157 53 136 67 168 67 27 117 113 97 70 147 159 92 152 111 91 93 65 99 55 68 114 167 102 188 86 65 128 134 93 145 151 108 105 95 96 95 102 102 107 46 31 90 103 117 92 146 81 113 56 82 141 77 147 174 69 117 38 66 111 118 74 28 95 72 15 110 78 58 112 55 82 99 115 134 33 65 91 104 57 112 134 157 74 100 87 92 50 58 93 113 47 51 73 54 21 151 108 141 92 177 118 155 110 83 123 44 130 39 81 137 38 76 138 31 66 
142 157 130 50 79 125 108 17 144 49 106 106 84 104 35 114 134 93 97 146 168 117 127 141 140 143 110 89 64 78 187 174 114 92 146 63 84 39 80 175 158 80 97 144 52 56 150 104 127 148 70 92 42 57 39 105 27 120 116 76 50 104 64 105 144 43 110 172 51 58 50 68 142 67 30 164 46 103 132 53 107 46 104 89 111 142 192 107 111 99 96 84 84 153 93 67 80 118 63 134 93 124 87 149 174 103 86 102 101 94 96 35 24 71 127 123 104 17 126 28 112 153 92 149 120 33 149 157 
111 134 41 105 54 32 132 144 136 191 26 139 45 107 131 90 56 67 96 76 157 70 136 13 18 88 144 29 64 66 102 107 128 91 124 76 136 94 63 92 110 52 123 134 66 107 85 115 157 84 149 47 61 76 127 59 106 110 69 81 184 70 110 163 196 113 76 103 81 87 58 150 184 5 38 32 79 171 94 106 134 134 94 75 147 92 80 65 83 93 136 30 107 95 84 98 105 96 106 112 113 87 2 151 88 138 156 142 25 98 56 126 87 137 96 120 109 78 93 38 51 92 66 47 43 99 44 87 
116 125 82 125 181 35 142 78 82 85 46 99 157 68 71 91 147 27 123 94 165 73 94 94 46 183 28 49 80 94 129 102 168 112 51 88 164 133 122 99 108 70 135 89 22 89 59 101 91 170 133 162 101 93 45 108 85 147 97 176 96 159 89 59 97 115 122 27 110 86 111 154 76 89 106 173 189 46 89 159 105 153 114 167 107 169 66 110 114 95 99 94 39 180 131 118 105 109 69 38 47 149 151 160 68 154 109 142 51 53 102 98 55 170 50 56 108 75 74 173 188 62 127 131 96 91 118 102 
155 146 85 120 107 114 42 100 109 57 81 81 168 91 71 80 85 49 130 58 71 71 172 155 130 160 118 105 163 90 77 143 71 106 65 104 108 112 90 99 103 147 186 79 131 107 48 143 101 102 22 30 15 104 113 149 186 173 90 69 29 109 43 83 130 84 45 78 100 52 157 75 65 99 32 73 36 72 16 136 54 122 77 95 127 40 119 124 156 7 129 109 60 65 182 132 76 84 124 139 51 174 88 68 110 118 136 69 69 143 132 92 118 186 98 123 107 75 53 106 84 81 42 52 141 109 114 165 
143 95 59 102 105 102 120 134 98 145 34 128 109 108 106 30 82 127 38 99 103 130 110 81 33 96 69 93 109 128 64 99 119 171 74 160 151 146 29 122 72 131 104 65 138 78 115 94 126 74 114 179 21 62 59 73 138 107 116 83 164 103 111 97 147 90 135 79 74 160 127 87 148 104 83 31 146 38 99 46 126 192 66 100 40 69 103 90 71 110 74 166 48 103 123 136 168 100 183 95 73 103 138 154 118 130 98 133 179 75 22 183 71 101 102 161 95 33 105 116 92 126 33 121 141 44 82 158 
112 76 160 74 84 73 32 63 156 115 96 119 82 114 93 128 78 94 75 100 114 123 122 128 175 27 145 107 96 126 190 169 35 177 69 139 135 145 44 107 177 101 67 61 91 97 67 143 50 177 109 108 80 134 152 59 92 61 128 93 92 93 185 108 65 110 113 184 71 129 57 74 6 144 102 46 56 122 19 145 121 49 75 98 42 47 143 76 109 87 75 41 125 37 62 155 160 157 56 140 54 86 156 109 136 98 176 92 92 129 135 123 119 33 110 86 56 167 103 123 80 118 51 113 44 72 124 68 
125 125 102 136 127 94 79 59 148 177 92 153 184 70 132 68 8 143 69 142 38 135 127 92 129 107 74 134 100 112 75 169 131 65 129 64 22 136 196 149 120 120 152 83 52 147 65 116 180 132 97 104 31 90 43 129 181 74 153 104 147 118 189 128 110 108 96 87 67 100 34 61 121 88 120 148 126 95 147 111 35 75 115 138 166 127 173 80 94 138 69 49 146 118 135 137 46 143 32 95 21 102 142 142 69 133 92 178 113 64 133 113 112 86 37 52 86 91 79 148 110 44 132 98 64 85 55 71 
89 82 54 91 91 153 49 79 81 72 85 118 100 101 86 129 62 90 110 92 115 100 156 95 65 105 81 15 97 117 84 66 123 125 120 79 88 108 120 128 118 91 78 126 24 98 135 179 144 136 110 132 193 188 121 108 64 85 101 88 73 19 107 57 72 77 76 36 142 93 51 81 94 125 62 118 68 95 38 131 160 169 55 83 68 95 171 121 77 142 59 11 140 134 163 166 133 160 75 122 151 101 25 51 69 179 92 113 62 92 77 123 15 54 51 33 82 89 125 132 78 78 160 132 146 82 146 96 
118 18 102 30 92 166 169 92 53 86 95 44 83 134 52 139 58 101 104 85 176 44 154 92 109 94 144 180 77 160 104 147 29 173 105 79 137 98 88 93 98 61 26 76 44 81 41 131 142 41 78 84 105 150 110 72 8 184 103 83 120 150 89 144 71 132 142 104 43 112 113 47 85 86 107 111 77 98 106 137 114 97 87 85 118 107 91 144 102 107 79 50 62 50 77 92 123 51 141 151 108 94 98 53 143 75 129 64 92 166 74 183 66 114 80 59 135 129 94 67 93 77 54 77 149 98 159 128 
107 86 117 104 95 45 39 117 79 176 78 65 56 79 146 22 28 69 113 33 156 39 109 28 61 122 63 74 122 47 159 119 67 113 154 152 60 104 138 177 103 124 149 95 35 75 107 46 56 49 173 155 99 60 69 11 159 109 92 75 69 92 86 108 137 95 78 75 89 142 68 30 90 91 125 44 103 69 32 151 66 127 159 111 39 81 68 189 182 90 93 76 23 47 46 57 66 84 181 136 141 96 56 102 132 22 135 133 77 74 34 138 148 70 86 70 119 88 105 181 40 68 57 94 44 109 110 88 
53 131 160 56 104 134 99 111 106 47 98 46 131 54 92 60 97 49 142 77 109 146 186 77 47 97 78 40 155 139 108 109 89 94 104 100 123 66 75 44 124 39 112 150 84 55 92 94 75 56 82 83 142 158 90 51 177 50 96 14 102 94 172 112 36 167 144 182 112 128 116 127 127 84 130 93 110 58 106 106 139 98 85 124 9 109 110 169 102 88 38 120 86 116 53 94 93 96 118 68 92 35 126 98 92 183 123 113 123 183 138 102 65 44 141 58 106 146 95 112 126 65 100 111 186 95 126 150 
79 51 105 100 107 154 24 101 128 77 106 60 148 114 88 86 122 52 50 199 37 48 139 98 134 112 48 49 141 165 82 82 76 59 112 142 155 104 60 192 107 124 97 121 53 149 96 101 114 137 115 95 109 57 123 67 62 157 123 73 63 172 53 123 166 158 61 83 64 100 100 97 113 79 164 165 92 120 134 94 110 102 159 81 95 74 68 166 145 150 38 127 32 102 166 55 131 73 166 56 177 24 87 55 118 71 119 112 15 66 148 65 86 28 69 97 67 132 76 96 91 80 91 109 44 82 63 99 
101 82 108 93 102 153 144 197 97 66 32 108 149 45 41 131 117 83 72 166 85 103 60 151 179 50 127 161 104 156 156 86 132 34 112 155 48 100 57 86 77 85 97 45 106 92 156 110 81 122 102 101 93 100 72 160 62 142 91 86 112 69 119 78 57 57 62 94 111 189 144 153 29 81 84 67 80 96 144 120 134 72 110 88 139 182 117 96 126 196 86 34 91 96 147 65 124 98 177 105 118 71 137 170 186 101 33 86 54 114 70 44 28 28 109 144 89 131 127 124 81 99 118 134 113 98 147 77 
131 47 162 40 29 110 119 19 100 153 157 86 109 86 148 69 181 131 26 17 157 78 162 50 82 63 199 92 130 157 43 139 61 113 63 149 157 66 57 124 114 183 126 119 77 121 181 84 135 147 62 71 171 109 103 150 128 62 152 94 131 142 88 95 71 162 167 168 48 96 142 125 122 40 71 111 84 173 31 183 106 95 141 99 129 184 177 109 98 85 90 52 74 163 177 123 34 106 126 64 155 127 96 50 98 102 110 37 51 80 86 141 69 109 78 78 93 56 63 83 85 34 96 83 25 148 9 117 
44 77 59 43 129 29 174 153 65 68 126 161 184 107 60 87 111 113 145 115 157 47 120 159 137 107 115 142 82 149 180 120 143 87 85 67 123 86 91 59 184 140 89 165 139 115 106 44 98 34 124 95 163 112 129 175 80 112 75 150 72 66 97 82 94 37 82 62 101 109 63 41 166 64 124 110 115 62 158 32 137 106 109 63 51 74 99 107 97 96 146 112 175 130 79 143 119 26 76 91 110 123 120 56 123 161 86 52 33 59 70 58 97 144 78 14 96 106 120 69 161 108 94 142 23 51 102 41 
21 75 156 64 161 184 60 125 134 58 106 30 141 90 101 62 121 27 76 108 138 61 98 91 64 66 137 122 61 133 120 41 71 64 66 65 127 156 118 92 104 9 127 94 120 164 96 63 127 71 147 38 173 169 117 80 141 100 161 159 66 125 49 102 94 92 65 186 147 169 115 73 176 146 139 81 126 114 88 125 108 116 102 76 151 61 33 121 30 112 77 107 96 57 94 136 143 86 73 80 83 104 109 108 107 95 56 86 82 135 119 106 67 89 93 96 16 47 36 110 80 47 53 150 172 85 151 114 
173 115 151 54 51 53 141 133 156 61 110 81 107 148 111 53 46 68 127 55 186 140 51 143 95 72 87 36 127 185 47 98 44 95 124 101 133 187 112 71 178 137 88 126 102 137 96 192 147 184 35 98 98 155 94 96 46 155 138 39 74 111 99 65 65 106 169 72 67 98 87 84 134 112 98 35 143 39 46 79 137 162 116 112 47 67 170 74 147 126 87 86 101 117 131 132 107 120 52 86 123 17 78 75 75 33 167 91 89 129 88 146 132 131 56 106 47 182 78 128 166 155 86 131 94 126 63 93 
34 93 72 117 37 134 106 141 155 38 52 91 183 102 128 14 162 116 23 93 154 9 182 75 54 45 106 43 62 145 145 151 153 142 173 86 141 165 121 103 177 79 67 103 172 157 106 86 103 170 176 152 108 52 166 56 9 138 122 90 80 40 105 103 99 149 104 190 147 91 90 104 132 99 128 150 105 153 106 98 72 81 176 113 125 104 47 136 96 56 114 39 183 125 152 106 155 124 31 130 44 126 93 74 53 105 103 79 125 94 105 95 76 127 63 120 36 78 166 75 169 116 91 139 114 60 113 62 
172 103 29 83 110 83 133 42 137 83 125 123 19 54 75 90 119 94 85 154 150 67 101 152 18 109 139 91 152 65 45 124 95 77 49 144 39 150 103 86 92 155 100 48 115 75 108 23 122 21 82 156 162 71 145 119 56 81 104 184 123 79 164 16 32 11 122 116 138 124 89 28 125 134 181 120 95 79 111 82 49 123 102 179 80 171 73 102 164 37 59 100 172 128 173 32 127 43 41 59 130 28 38 173 106 116 123 148 132 67 181 112 96 124 83 69 110 128 75 146 97 98 85 156 104 63 109 80 
89 131 76 150 133 105 58 152 151 148 79 105 60 69 91 90 86 151 35 178 62 160 38 15 41 43 130 68 85 84 99 35 128 135 69 107 113 141 63 45 185 65 136 108 160 104 97 95 159 111 129 96 156 187 104 97 112 75 74 73 85 151 47 126 12 147 146 104 56 86 85 14 44 37 80 102 81 105 54 139 111 68 73 103 106 89 143 133 92 134 149 129 110 161 142 149 50 122 114 86 39 112 51 188 84 92 80 110 78 93 40 126 91 81 85 161 80 166 169 97 160 43 108 115 77 30 126 154 
122 125 147 119 10 188 103 96 100 196 136 170 75 98 96 126 123 109 78 42 80 147 98 38 56 105 108 134 104 108 77 116 155 97 48 45 110 149 58 66 132 127 137 133 71 184 33 138 21 125 120 144 82 161 20 112 46 69 83 101 72 108 128 176 103 41 116 84 128 91 126 148 146 111 119 142 72 107 62 90 183 151 117 43 114 102 72 120 85 160 138 69 182 48 169 178 130 70 118 120 81 153 92 62 81 126 118 44 78 77 68 65 80 99 34 108 47 155 116 98 43 180 92 30 92 149 136 38 
147 101 164 77 77 130 118 143 151 144 74 80 90 160 75 24 190 106 79 104 96 101 104 53 90 176 171 44 104 111 114 72 138 93 132 122 158 23 53 97 67 55 136 55 119 112 86 62 101 150 68 50 69 32 137 105 138 57 99 79 49 76 40 151 136 31 71 118 34 96 45 96 60 87 91 129 17 154 152 117 64 114 53 13 106 70 198 66 40 144 116 80 152 95 109 47 54 96 117 77 137 92 66 127 42 33 51 132 160 54 57 100 91 118 96 94 53 86 91 85 108 92 140 138 172 142 29 98 
151 76 51 164 89 150 138 149 99 140 164 102 34 34 180 107 58 170 124 71 95 75 135 81 70 172 107 118 68 111 109 148 77 72 76 109 130 111 137 158 43 166 78 131 98 8 88 90 118 119 65 159 119 69 123 99 162 170 134 13 58 153 9 105 119 101 162 91 166 61 63 92 161 124 84 93 119 188 74 146 87 117 52 141 141 78 85 141 132 150 127 28 82 102 138 67 143 70 60 137 38 149 47 131 52 121 113 98 132 77 94 111 109 134 83 142 150 131 139 156 115 30 138 194 108 52 79 113 
39 143 93 129 83 98 93 126 156 123 134 84 125 104 72 123 86 106 98 164 52 117 66 124 36 116 67 190 125 156 80 32 80 122 19 183 125 81 135 133 70 145 96 164 65 34 95 66 95 84 118 155 72 52 72 106 71 82 113 73 107 115 41 101 66 116 176 109 94 109 57 96 105 91 114 92 106 82 115 188 59 159 73 45 59 45 63 85 107 172 27 105 123 65 143 111 88 111 87 77 76 120 43 96 141 141 44 64 146 149 44 186 44 113 25 23 172 94 114 104 77 92 172 108 198 133 193 79 
88 87 149 61 119 182 109 71 8 156 106 120 135 40 119 105 128 72 110 109 104 135 33 63 170 28 105 71 82 168 90 175 100 109 125 51 36 76 106 137 42 90 75 45 118 117 98 80 161 101 145 77 64 88 70 186 116 71 82 131 116 68 109 145 75 111 159 92 123 123 141 110 103 110 45 22 65 161 144 93 129 103 24 102 171 193 163 88 113 87 162 39 98 81 66 145 106 48 92 72 138 33 99 91 109 44 72 85 82 98 109 95 82 98 148 51 85 126 60 63 30 149 142 52 133 168 152 29 
194 48 186 147 69 134 148 37 169 94 129 86 118 28 176 21 78 124 170 99 133 93 190 124 135 78 51 84 86 122 54 106 101 160 195 125 90 44 111 122 187 26 51 162 19 68 124 85 8 44 100 86 104 75 18 77 94 117 104 60 121 133 116 93 152 99 58 83 181 115 62 185 79 64 73 111 150 181 63 140 71 122 117 14 135 109 172 100 93 125 149 115 49 141 67 121 56 82 110 114 31 149 44 118 114 82 124 55 146 159 110 126 63 147 9 102 151 63 113 109 126 136 29 79 193 152 194 161 
121 126 95 80 70 159 128 150 118 134 124 58 124 23 108 130 62 110 119 129 64 135 116 108 93 40 95 153 83 130 14 140 62 124 128 119 138 155 39 88 109 90 140 97 96 52 33 140 170 146 88 56 192 131 81 59 77 117 145 67 38 137 160 105 25 138 118 68 124 73 140 33 107 167 71 68 87 114 111 98 160 159 111 135 82 28 116 102 130 43 150 30 131 148 99 101 145 120 70 80 66 157 87 102 165 158 68 71 96 128 88 150 99 77 117 41 114 93 62 80 154 38 98 113 79 29 161 132 