128
67 95 74 41 18 51 77 15 5 2 27 78 89 26 87 89 9 27 68 31 27 76 11 16 88 16 84 69 94 67 72 94 33 60 54 75 55 24 74 12 74 9 96 30 5 39 3 63 39 20 64 35 2 26 67 87 44 71 93 33 92 20 43 61 24 29 61 24 48 49 41 33 51 47 59 34 89 47 90 94 100 99 73 71 99 30 41 12 70 8 71 25 56 59 36 17 16 66 100 3 1 72 99 7 21 93 5 19 80 13 80 45 58 6 83 19 77 37 52 20 31 42 15 83 65 20 83 25 
72 4 22 4 15 16 64 60 7 32 36 60 37 68 85 93 13 37 72 24 20 26 88 96 6 2 55 92 6 34 71 3 75 37 3 8 71 93 62 83 16 29 7 95 11 76 48 100 96 28 20 38 70 90 40 77 2 12 38 8 37 100 23 49 48 95 46 98 74 41 88 74 95 61 50 43 44 93 54 46 43 58 14 62 3 23 16 77 33 53 17 25 63 19 34 51 93 27 4 48 88 66 38 79 67 35 19 99 65 46 54 96 100 32 57 96 20 8 74 53 83 59 10 98 86 9 43 29 
31 57 8 16 81 1 70 31 86 45 96 69 14 80 78 33 75 29 88 43 29 13 34 11 31 10 92 56 44 10 51 56 56 74 38 87 72 1 17 88 7 54 24 99 54 25 49 8 26 100 87 66 39 94 22 80 45 100 95 98 90 5 10 85 18 74 40 13 32 95 71 65 36 50 29 65 47 93 58 53 33 71 81 94 51 19 51 58 84 50 34 46 99 19 8 32 71 24 54 67 9 23 39 8 4 97 99 24 87 36 28 57 58 89 60 45 25 100 43 75 91 35 40 98 4 70 7 42 
27 58 76 19 27 28 31 31 4 21 38 66 92 2 96 16 20 71 30 37 35 63 64 23 60 23 6 47 12 10 89 100 68 40 63 86 7 59 72 65 3 25 31 42 79 4 39 6 91 68 47 68 40 100 41 54 36 92 28 71 58 56 8 38 66 63 89 88 16 53 52 23 84 74 25 30 13 31 47 33 24 37 93 17 28 54 17 86 92 41 82 29 60 22 75 35 36 87 91 91 75 56 28 54 32 73 6 37 68 4 57 68 74 52 47 95 91 33 46 61 65 57 49 57 99 45 21 57 
72 27 14 49 19 44 98 33 92 17 2 38 22 75 67 13 23 41 86 1 39 27 56 61 70 26 76 51 50 98 6 61 72 79 79 1 43 50 95 49 89 52 10 2 39 44 48 18 1 46 50 56 1 71 96 6 41 38 51 85 55 16 13 25 67 6 99 60 74 18 7 81 13 84 43 86 20 92 97 82 50 80 99 65 1 10 19 79 72 16 9 8 41 46 50 5 35 53 60 24 49 36 56 13 14 3 39 38 57 50 48 53 62 11 48 10 97 99 49 88 47 71 59 17 56 90 77 58 
20 81 58 7 52 59 26 88 25 55 21 57 16 77 26 31 97 91 45 86 93 3 99 63 96 65 91 81 74 8 26 58 86 16 49 95 63 10 95 10 80 35 13 23 39 77 3 71 69 90 52 64 100 74 68 34 80 55 51 59 50 93 62 95 60 2 20 5 74 71 48 47 82 19 100 29 48 19 8 17 58 51 18 84 92 47 84 79 46 45 51 78 56 20 21 70 94 8 53 7 42 71 42 31 44 48 22 47 67 86 55 86 27 88 30 58 57 95 97 55 8 10 5 17 55 62 97 84 
66 46 98 19 31 52 36 9 40 33 22 98 69 66 65 94 66 19 99 63 8 95 10 37 30 24 26 3 13 21 14 27 83 98 7 84 89 73 31 14 24 70 37 34 56 26 63 60 87 78 56 19 28 6 52 26 95 48 45 64 45 79 49 71 70 60 50 65 31 67 65 5 77 91 65 19 97 11 84 92 50 83 38 12 15 80 57 9 12 66 65 27 19 64 90 47 100 77 94 83 95 82 25 9 17 81 21 91 78 81 72 14 95 55 31 4 89 20 56 91 45 51 95 77 68 16 68 20 
98 78 68 10 49 45 21 36 98 3 27 88 27 1 8 35 53 74 17 49 28 82 86 15 32 85 82 79 25 74 29 94 30 84 62 86 12 85 89 72 6 36 43 80 74 26 73 30 57 79 15 54 63 15 33 97 27 94 83 100 62 54 81 18 6 63 93 73 4 91 61 80 81 80 24 87 61 71 99 78 26 22 42 3 85 58 97 46 29 92 2 36 44 80 84 22 30 54 2 23 55 47 66 74 77 93 56 40 63 8 30 20 57 6 15 30 55 70 92 50 55 82 61 34 21 34 97 81 
70 21 82 26 92 6 11 47 79 59 85 50 18 90 1 22 72 71 1 15 48 57 53 61 30 53 84 81 17 71 67 65 33 7 31 61 77 2 38 82 26 58 24 73 44 76 84 73 50 28 90 93 83 86 65 8 55 21 16 3 91 56 95 28 40 57 99 63 56 91 11 87 70 27 96 41 88 82 44 94 43 98 80 12 53 14 87 7 41 51 36 63 94 56 71 89 37 92 26 58 16 83 99 60 40 71 21 45 49 47 65 93 84 1 89 54 21 68 1 46 100 26 68 1 50 16 11 95 
99 80 82 12 9 18 75 69 72 7 44 60 66 53 34 68 46 7 59 50 88 38 5 40 47 7 69 31 45 47 71 23 81 42 61 58 48 62 92 38 22 89 71 56 9 93 36 67 48 19 47 92 25 11 68 29 11 37 60 8 11 8 1 24 32 90 30 62 23 72 42 98 5 65 56 82 46 65 99 23 79 53 92 75 5 72 27 97 36 41 9 73 15 1 79 82 64 79 94 51 24 80 75 95 87 21 76 5 65 89 81 79 81 88 94 71 79 80 72 76 30 98 21 13 70 15 45 22 
67 8 43 88 20 87 48 17 35 72 58 78 54 15 38 49 57 39 23 41 94 77 26 93 55 74 71 46 79 30 50 90 34 65 15 31 35 51 96 50 30 52 90 28 19 43 95 79 90 88 37 70 37 53 18 63 97 65 35 62 34 23 17 54 37 46 96 85 83 57 64 81 46 81 30 28 12 46 89 94 92 96 96 42 31 99 59 13 75 26 29 65 17 8 75 72 82 81 2 34 22 59 5 2 29 98 45 1 87 3 36 42 43 94 73 50 39 43 50 83 94 32 52 88 72 69 72 16 
27 80 5 7 64 40 84 69 63 65 55 11 13 23 96 22 83 5 95 24 56 14 76 12 79 95 28 92 70 5 31 64 24 30 12 85 32 26 83 94 72 70 79 28 85 34 74 68 46 11 22 63 96 44 47 68 85 29 3 34 98 21 56 88 2 66 27 14 5 31 54 85 61 31 90 29 4 75 42 39 33 38 44 48 31 36 71 72 37 7 98 51 100 29 100 1 40 30 52 32 32 3 52 60 51 65 24 99 52 99 66 51 94 10 81 19 90 14 17 12 16 80 11 39 81 92 85 84 
57 47 47 8 57 7 37 66 2 23 14 47 98 85 10 67 83 78 95 82 13 46 69 88 7 93 27 12 100 50 97 40 21 26 48 39 79 99 68 58 5 86 55 41 37 49 11 60 83 49 20 91 7 87 2 96 17 48 92 96 90 53 7 4 59 84 77 33 44 37 99 30 80 12 2 12 80 12 76 43 6 54 23 3 54 91 51 4 27 52 58 43 97 10 80 100 26 71 95 4 23 51 8 81 41 30 77 78 34 55 54 40 54 60 49 61 75 43 24 100 25 51 90 21 2 25 62 97 
22 10 74 62 97 21 40 36 93 28 11 85 35 37 43 72 23 85 71 75 69 51 5 26 85 8 23 60 56 87 51 17 82 82 63 73 69 58 99 86 69 56 62 38 59 4 72 90 28 7 13 91 69 95 39 43 94 54 66 92 55 1 97 34 27 9 26 23 27 55 81 20 56 23 59 68 61 80 100 87 50 62 59 4 25 5 91 91 28 17 60 24 26 3 50 46 4 76 44 25 70 33 58 12 24 68 38 20 27 20 28 95 88 58 57 27 98 60 26 12 54 40 98 40 19 9 41 34 
17 71 40 23 71 74 18 22 47 13 15 57 16 21 59 97 56 2 85 71 6 79 94 49 71 51 62 87 99 6 95 72 74 31 4 49 53 66 21 99 81 3 73 39 7 53 36 70 74 77 8 91 83 50 25 5 16 85 46 37 15 82 85 92 94 31 73 90 63 47 24 41 94 17 12 3 63 75 63 60 9 14 3 56 74 58 36 24 19 69 12 36 7 98 37 38 99 89 73 60 69 80 15 39 26 40 97 55 67 25 50 50 94 100 18 32 8 40 12 17 15 54 65 38 52 63 66 7 
38 33 68 95 35 67 21 61 88 32 27 4 80 78 95 91 32 69 2 85 19 18 5 23 52 75 26 74 97 64 62 27 9 48 88 9 16 8 31 40 53 22 67 83 99 57 95 27 58 59 77 73 81 48 2 89 45 43 65 67 62 66 100 100 1 7 13 41 42 34 80 73 40 17 97 26 79 1 70 31 23 60 49 7 25 41 75 62 21 83 35 81 76 12 12 60 90 62 68 26 68 28 46 62 81 67 6 76 9 86 94 87 22 58 3 5 12 83 49 100 13 12 48 99 6 26 36 65 
67 78 54 72 75 34 74 93 18 19 64 17 38 64 10 82 91 2 41 18 37 98 96 79 85 88 89 13 26 8 83 74 58 15 47 73 21 34 96 44 34 60 28 81 85 59 25 36 69 81 14 69 77 71 35 85 57 18 83 36 62 77 91 24 74 3 69 80 7 87 27 4 23 34 23 37 77 81 96 1 80 69 90 6 32 33 69 63 87 44 61 98 14 51 91 15 43 10 77 67 15 78 87 97 46 99 53 42 100 62 91 76 78 84 47 5 90 27 71 27 22 7 28 61 73 3 51 39 
40 90 20 49 2 21 10 79 30 55 2 76 8 81 87 11 26 58 45 50 49 79 97 100 46 29 65 57 46 46 63 64 47 63 24 23 35 54 46 16 13 40 31 36 40 35 11 89 97 34 78 47 44 28 86 4 90 94 61 74 77 7 53 10 45 52 96 17 73 81 14 22 9 3 35 83 100 55 93 39 66 84 100 51 14 71 39 11 35 71 89 66 38 96 10 90 14 17 40 80 9 98 50 22 58 94 99 33 2 57 86 72 28 80 95 22 29 8 99 78 72 80 51 70 76 77 18 78 
60 80 59 81 1 48 18 16 17 90 40 56 17 65 100 88 44 34 34 2 81 47 29 22 34 2 9 9 68 13 12 70 1 35 14 48 51 67 22 34 74 72 6 61 75 69 60 16 92 14 44 66 43 26 50 57 86 16 78 65 96 95 21 29 2 53 66 2 55 98 95 27 97 61 63 5 57 59 36 83 46 64 14 15 24 28 76 19 89 98 74 38 36 81 72 40 59 63 86 73 67 73 38 85 45 8 13 44 55 48 27 10 79 35 18 98 64 69 90 86 23 68 98 14 18 92 87 59 
83 54 7 100 5 46 85 92 99 37 20 75 70 43 92 91 29 97 32 45 58 13 40 53 99 41 79 15 20 62 7 37 12 42 93 43 92 30 13 65 89 58 94 42 69 89 99 44 82 99 72 65 27 19 21 74 94 94 76 4 60 11 50 13 81 18 60 43 67 34 33 33 23 43 10 22 9 26 57 81 90 66 72 71 97 37 92 60 53 98 6 65 87 22 83 44 35 83 85 6 93 96 15 43 25 77 15 45 18 99 55 24 8 42 62 7 21 51 100 75 89 85 87 47 80 62 75 39 
83 81 52 16 84 46 82 9 70 67 50 49 72 64 49 17 50 52 78 34 18 19 13 90 83 26 51 69 82 98 14 13 92 15 2 54 41 75 63 79 38 17 49 74 89 83 91 54 46 93 34 72 75 1 50 2 12 99 61 41 86 15 44 23 72 46 87 23 37 100 44 24 85 25 49 95 77 40 81 15 47 2 31 92 51 86 9 39 71 9 97 7 32 5 97 72 65 61 26 97 22 52 45 8 43 64 83 94 70 56 10 35 96 56 70 60 94 33 37 90 40 74 91 58 70 91 46 78 
94 72 13 17 3 66 64 14 17 35 27 63 29 35 33 21 38 92 46 22 81 74 51 99 32 21 54 55 97 35 34 8 53 80 80 75 95 21 72 96 25 35 45 65 38 20 74 56 36 59 53 24 14 87 49 14 10 15 38 48 30 25 2 44 24 60 78 26 47 42 60 13 7 100 83 22 72 41 59 41 62 84 45 96 99 58 61 34 54 16 26 49 19 41 84 84 67 15 11 99 69 74 22 9 94 96 51 73 33 20 10 26 70 16 95 55 90 24 28 64 56 28 13 70 26 56 92 43 
51 16 10 75 27 22 5 17 72 34 87 49 82 56 28 100 7 58 89 56 74 12 51 30 65 55 19 29 19 56 100 64 55 65 81 45 63 28 11 31 32 15 63 100 6 53 22 81 28 15 78 94 92 16 31 90 6 25 89 96 88 39 100 16 86 15 47 82 31 62 47 32 14 55 33 11 82 100 61 17 42 79 49 83 61 21 34 23 78 12 100 7 43 76 72 16 82 55 62 14 54 94 70 57 81 87 11 40 6 94 45 2 32 49 45 74 16 100 15 54 91 84 58 20 81 44 82 46 
94 39 94 76 9 94 2 48 73 99 90 13 95 83 3 41 50 19 21 72 72 29 81 68 6 68 34 88 74 57 60 17 18 29 15 89 22 23 83 43 89 27 75 57 70 38 69 29 53 19 26 20 46 100 31 47 47 62 99 6 35 78 43 79 62 1 44 1 55 46 38 54 40 61 72 54 65 71 16 54 38 70 48 15 100 84 66 34 87 28 77 66 18 69 58 99 45 85 82 26 81 68 41 40 2 72 97 32 9 53 23 74 5 15 90 57 37 2 45 69 99 96 38 23 4 97 63 22 
89 78 34 77 48 90 77 66 51 69 71 70 22 8 68 4 71 53 64 69 94 6 56 93 42 42 71 10 1 95 24 85 66 76 52 61 56 15 21 62 78 99 84 72 80 57 27 27 99 89 96 71 47 8 17 79 44 94 97 80 72 65 59 32 15 6 42 35 43 56 15 33 80 18 79 70 23 34 60 40 65 77 15 79 5 3 45 53 96 99 73 75 8 76 88 66 67 54 88 86 54 93 24 78 73 87 12 45 100 89 36 77 33 71 85 16 34 59 79 9 89 41 96 71 4 90 64 56 
2 24 25 65 78 84 68 90 53 40 87 93 65 19 44 69 59 32 83 74 51 77 1 29 53 22 79 60 83 73 36 40 74 2 15 78 45 62 96 86 50 49 65 27 28 85 13 29 35 66 3 36 59 82 54 34 37 92 31 60 19 4 24 9 83 79 57 71 22 98 98 100 27 86 18 81 27 22 100 66 78 5 11 31 43 24 64 78 49 98 46 46 17 32 8 67 53 8 52 50 60 22 41 98 40 88 82 61 65 53 52 21 84 80 75 80 2 47 85 48 76 31 63 28 82 56 32 71 
3 88 35 81 80 15 47 12 33 73 14 35 79 69 89 61 79 97 5 60 43 76 80 83 93 2 68 79 94 67 97 10 53 6 34 40 28 56 60 53 47 100 93 10 9 30 85 17 40 5 17 77 84 61 8 80 71 3 18 97 9 26 74 51 77 83 84 90 14 68 69 81 71 72 42 16 56 41 91 79 52 12 65 81 27 70 17 34 26 63 15 53 92 96 15 14 89 12 9 17 40 54 31 4 35 47 19 8 84 27 24 67 71 8 88 97 64 83 28 85 1 78 23 5 6 29 53 1 
29 95 85 32 22 97 81 52 88 60 74 12 83 33 5 61 2 83 92 75 21 40 18 40 39 66 84 59 21 29 60 81 92 14 39 100 49 8 60 17 34 67 11 71 64 57 40 98 100 68 26 61 6 45 54 76 93 97 28 93 32 45 11 35 74 52 68 85 83 51 21 34 95 17 35 100 72 33 91 18 84 26 36 6 63 76 89 98 56 73 5 81 69 70 99 39 66 18 17 76 66 20 6 31 71 25 53 45 41 78 99 25 56 10 32 33 88 87 16 88 48 28 84 98 36 88 50 64 
65 52 9 53 66 29 40 11 89 94 45 80 71 31 79 41 55 45 58 62 51 60 77 84 91 51 74 78 7 58 32 87 75 59 90 27 99 85 63 50 48 99 46 84 40 25 93 36 60 56 7 63 9 48 55 88 15 64 81 74 57 94 83 47 54 70 17 50 23 56 89 44 24 58 43 6 43 97 52 45 26 43 53 25 57 17 80 88 33 81 28 63 93 11 93 57 88 14 75 21 32 94 91 66 52 13 33 25 100 67 85 67 51 2 75 9 88 31 1 88 90 76 9 26 50 88 81 34 
83 28 65 80 8 9 45 19 2 30 43 96 100 78 25 25 52 27 16 21 41 31 80 43 63 85 64 2 66 83 71 77 80 83 60 61 70 7 24 10 43 46 81 32 16 71 85 60 60 52 82 14 14 72 5 86 74 70 35 99 96 42 59 59 44 53 19 37 50 62 34 47 73 32 50 68 40 96 76 93 10 24 6 74 16 92 32 67 64 38 66 38 15 9 10 27 59 67 76 78 60 17 74 75 18 30 90 98 52 27 47 24 63 88 97 22 85 53 93 52 26 41 12 30 76 39 70 89 
67 96 9 66 6 58 18 15 19 90 74 88 86 71 25 18 80 6 69 53 51 51 50 12 43 99 88 28 47 57 55 75 10 25 15 41 82 31 20 76 37 57 87 31 82 19 83 65 100 48 70 20 79 32 88 61 72 26 27 36 91 10 16 77 39 90 59 99 65 99 4 33 37 14 69 79 13 48 85 78 26 82 68 70 4 8 34 86 96 27 12 51 97 6 77 84 62 83 79 6 28 9 57 100 53 54 76 8 51 12 52 75 73 93 16 17 83 63 25 64 28 89 46 7 43 51 2 55 
64 96 74 66 60 84 62 31 40 77 75 80 1 21 87 12 37 22 54 79 97 23 34 49 88 52 47 40 87 62 69 22 42 82 5 61 15 3 61 97 97 97 82 8 54 65 81 21 51 55 73 33 13 71 72 96 2 85 61 58 52 88 51 69 100 49 61 31 12 65 9 90 19 39 63 63 35 40 39 91 30 79 20 52 21 72 45 84 59 97 11 94 38 2 96 80 100 42 12 100 4 70 18 25 28 16 36 25 5 100 53 96 85 35 92 40 5 26 97 41 74 6 100 34 83 62 18 11 
29 97 8 94 47 79 52 100 45 37 46 52 36 95 91 82 45 22 50 58 57 76 76 6 67 7 82 40 54 34 75 42 16 32 58 7 1 1 28 58 20 27 90 6 38 21 3 87 93 89 82 45 72 73 37 75 73 54 21 37 56 41 42 86 4 36 20 70 65 27 81 60 71 20 21 25 34 33 58 17 33 4 84 97 65 99 87 45 32 44 82 36 39 95 70 26 19 80 88 27 50 42 17 62 88 8 74 14 90 44 34 8 3 21 42 81 64 26 20 88 77 16 1 87 66 99 86 77 
10 48 44 54 2 30 91 53 54 36 17 99 8 34 23 21 81 32 41 46 92 24 84 38 86 25 64 80 89 32 58 67 65 70 45 45 65 67 8 85 36 4 86 38 27 62 79 34 25 58 8 85 100 6 73 66 40 73 11 20 12 13 50 51 69 54 73 47 82 11 57 64 47 17 89 3 5 47 20 69 2 16 16 66 22 35 27 53 17 11 48 41 39 51 90 51 68 50 100 26 81 19 76 67 84 52 22 86 18 99 8 47 58 39 80 11 56 97 35 65 7 44 33 90 67 62 66 21 
10 66 39 2 25 45 9 65 99 64 64 52 53 12 38 59 35 48 98 76 24 84 51 13 5 6 99 58 89 6 13 97 75 48 97 56 91 28 2 86 43 86 96 40 19 56 95 9 81 2 29 8 24 55 91 69 71 95 75 5 83 16 6 11 64 59 24 76 37 90 40 65 41 58 96 60 43 24 43 85 21 52 67 85 84 25 69 44 89 37 20 55 30 93 39 11 99 35 63 65 21 60 17 99 82 61 25 65 67 31 69 27 36 41 78 48 41 55 82 94 97 19 4 32 76 72 94 29 
5 20 8 74 48 65 85 28 96 38 52 5 44 90 15 98 29 70 68 27 24 94 94 7 54 55 87 96 42 55 10 89 22 39 38 59 61 20 46 53 48 33 49 42 86 39 78 99 31 52 56 85 7 52 71 93 22 24 58 71 29 65 4 50 1 98 12 68 11 48 90 66 1 86 29 60 66 7 59 9 15 53 3 44 86 11 98 68 91 14 77 31 79 20 9 83 78 89 35 49 79 76 91 98 71 3 44 18 61 6 26 60 49 82 1 12 44 51 5 78 88 31 60 61 86 22 29 73 
24 11 83 43 88 45 30 29 30 96 82 1 80 35 93 41 28 68 33 100 19 17 67 24 29 36 46 42 17 20 26 85 72 8 77 43 75 35 26 1 32 49 20 4 42 5 14 16 33 22 46 1 82 14 58 68 62 11 29 95 90 58 88 87 75 91 57 50 88 7 57 79 79 69 74 15 69 76 18 56 78 42 34 49 56 61 67 89 76 92 61 74 4 18 57 34 32 75 46 32 57 80 7 13 9 78 85 39 4 92 20 11 54 5 88 5 10 70 78 83 77 41 100 55 58 20 32 89 
85 74 56 69 8 9 41 13 45 2 19 39 45 26 62 34 24 25 86 70 40 37 3 18 69 15 26 21 8 50 72 59 40 34 88 73 13 82 40 89 10 44 48 15 63 15 7 8 81 96 5 21 54 59 15 8 100 95 9 79 34 81 23 55 53 83 76 70 84 82 77 87 51 26 28 78 64 41 11 59 78 62 51 33 30 9 6 13 36 50 54 83 95 85 45 15 24 62 24 60 17 44 29 71 79 87 36 99 50 44 18 30 92 23 30 45 4 15 28 88 97 100 46 3 45 89 61 98 
72 53 63 28 63 23 6 76 90 77 50 30 53 72 81 20 26 19 1 88 62 100 53 14 98 54 71 22 52 19 95 90 53 38 35 23 63 28 95 5 23 96 3 38 95 29 30 20 100 86 36 82 9 15 69 85 43 92 62 23 63 81 64 40 5 55 44 66 98 56 100 86 94 95 78 49 75 75 77 43 39 63 14 71 51 89 47 7 11 81 89 9 29 39 87 8 76 8 98 29 33 30 69 92 39 9 74 40 2 85 41 96 23 23 88 47 90 64 38 3 26 21 61 15 3 43 38 57 
61 51 42 20 12 46 88 92 45 60 36 98 24 19 91 40 91 29 99 79 59 72 38 94 63 1 62 86 45 29 38 5 63 5 44 52 90 54 97 25 88 55 21 58 15 21 60 13 96 66 72 5 63 76 51 86 1 92 58 48 40 40 7 89 32 84 10 81 47 52 40 62 11 93 50 1 85 17 17 53 62 69 22 69 45 69 9 33 8 32 29 86 29 9 28 89 57 53 57 46 53 48 81 95 69 87 28 100 61 66 40 46 63 62 34 79 18 26 90 15 33 11 40 12 27 16 4 13 
76 95 92 42 49 57 14 16 57 68 68 65 71 22 78 75 30 72 21 30 34 7 76 47 28 70 91 75 77 66 17 51 49 54 60 74 65 39 29 24 21 29 6 100 55 8 43 17 86 35 45 7 81 16 28 63 52 98 63 16 57 62 9 89 82 20 55 45 12 91 57 11 42 86 12 99 93 86 90 100 99 88 45 3 84 48 52 26 77 54 47 60 95 55 79 73 72 86 4 79 53 10 35 81 30 78 51 37 60 96 68 25 62 70 33 28 67 94 61 45 3 69 55 10 48 38 88 3 
46 71 52 38 43 56 85 1 88 4 93 91 58 51 79 21 99 8 56 91 77 90 22 65 50 64 67 90 64 1 2 24 13 62 51 94 6 17 18 4 89 17 60 12 90 39 41 95 11 91 24 84 28 72 86 37 57 89 100 96 20 89 35 12 6 98 77 55 7 33 72 4 24 69 53 67 40 14 91 89 7 64 21 51 16 51 39 70 49 17 22 12 86 51 26 96 44 99 46 76 3 89 42 26 87 69 5 89 85 75 94 43 9 38 65 90 53 49 6 5 22 64 47 90 2 2 2 85 
20 75 58 78 12 12 12 58 91 36 33 43 57 19 17 67 27 87 83 46 19 20 53 6 4 53 45 32 71 68 30 19 85 33 18 96 98 51 42 86 24 42 83 78 41 90 20 40 33 61 2 84 6 17 91 26 64 81 77 46 60 83 64 66 35 23 66 73 8 96 59 29 52 20 6 97 78 25 79 16 33 69 71 9 95 74 70 15 8 96 80 82 97 11 65 16 85 57 54 16 8 33 82 19 61 62 68 49 46 15 99 23 1 19 65 38 3 79 16 77 78 86 34 13 18 8 49 100 
6 6 62 6 81 96 98 9 40 48 75 35 40 64 62 87 60 3 19 30 9 3 94 55 31 81 78 91 31 21 10 78 62 70 90 41 25 84 95 15 54 76 100 31 9 14 66 81 49 67 23 30 6 7 74 55 42 72 77 56 32 32 84 44 18 89 43 43 38 79 7 34 1 7 1 58 9 90 67 12 100 79 69 20 35 58 36 50 28 74 51 51 93 36 63 21 51 94 60 51 75 82 11 23 58 25 94 62 75 29 28 35 7 6 8 94 93 36 72 74 53 46 99 12 60 44 11 7 
6 13 26 18 94 3 61 27 10 43 27 46 28 53 85 62 47 27 69 20 83 72 50 48 35 80 39 73 23 35 89 49 65 54 46 42 34 2 51 31 99 13 87 69 87 47 90 50 32 73 70 40 18 85 59 57 11 27 79 1 22 72 34 6 50 61 54 17 20 30 81 22 80 45 61 71 38 10 45 51 50 42 18 85 8 36 84 12 14 92 79 90 16 89 30 83 16 63 44 95 97 98 10 73 36 20 39 55 61 43 9 86 83 17 33 41 39 83 64 25 32 13 88 77 35 21 24 49 
26 94 78 54 26 12 38 18 35 36 62 29 69 95 44 49 50 91 17 58 85 66 8 37 74 52 53 2 87 4 25 4 96 28 11 27 92 33 63 15 58 43 56 36 95 60 75 76 82 42 76 87 48 33 15 43 96 63 5 98 27 67 75 8 94 19 78 41 56 14 99 67 52 72 27 48 78 28 14 4 94 29 97 71 48 68 6 36 56 43 97 68 71 45 42 51 100 83 77 42 39 14 68 39 97 8 63 37 82 77 84 84 79 33 27 47 38 34 5 36 84 18 31 2 94 80 86 75 
14 90 27 98 20 42 41 78 27 31 74 53 48 9 79 49 47 88 31 15 57 9 45 56 66 36 99 30 4 96 96 7 37 44 58 82 77 91 68 92 99 44 69 14 17 5 88 25 99 23 87 38 74 9 33 89 22 66 46 84 54 96 32 51 4 24 52 62 24 70 82 76 37 95 11 25 68 89 71 99 38 19 76 37 77 97 33 15 80 22 94 41 97 51 9 42 47 26 34 52 19 52 47 92 63 68 62 11 86 45 28 72 95 93 91 35 51 44 77 91 13 30 100 50 98 51 84 30 
77 64 6 57 66 35 95 1 40 91 9 29 39 41 21 45 96 67 22 92 34 29 29 27 83 59 19 52 22 87 30 53 40 45 64 59 82 82 41 29 17 12 94 49 4 31 59 15 10 76 76 26 66 49 17 73 8 4 97 3 22 37 16 16 77 89 55 7 71 64 27 7 97 73 5 99 65 90 34 48 79 52 70 29 94 46 15 71 28 54 93 50 72 86 37 83 79 90 66 12 56 27 7 25 72 11 81 3 80 81 2 25 61 35 21 23 73 48 54 100 15 59 62 78 52 8 74 91 
20 66 35 61 46 31 43 95 67 30 61 72 52 6 72 19 72 5 78 5 88 92 32 4 25 2 29 19 82 89 43 76 51 94 51 64 61 11 64 5 86 56 58 75 61 58 59 33 35 16 85 22 6 62 92 44 23 96 85 82 82 1 42 55 12 51 32 23 31 3 98 33 61 42 92 25 76 68 43 26 38 53 79 25 64 50 3 4 28 78 34 37 99 62 75 60 86 14 67 31 24 15 63 94 61 71 52 95 33 8 37 2 79 53 83 27 85 33 22 28 30 100 19 34 57 22 1 24 
68 100 34 57 97 84 61 77 80 81 3 24 49 14 8 87 93 71 8 30 11 35 4 6 64 100 76 72 13 36 32 48 88 19 39 64 38 64 26 76 57 86 20 8 81 29 73 77 58 84 73 54 84 57 22 7 88 8 17 70 24 81 8 12 72 29 44 29 72 25 93 28 57 19 71 57 77 70 52 43 83 54 4 50 64 57 8 39 53 20 60 94 41 93 72 5 53 9 46 26 16 66 37 37 14 40 20 6 45 19 3 37 94 49 57 98 89 31 19 13 27 49 13 12 33 43 51 42 
43 5 11 34 47 29 24 19 98 80 40 67 8 5 89 98 27 73 91 75 28 82 14 64 72 38 47 82 12 39 40 3 5 15 76 54 55 21 93 94 67 39 81 85 52 96 25 31 15 38 48 94 82 17 20 36 25 88 61 99 52 9 9 100 76 22 68 13 43 31 74 69 49 83 93 9 55 27 48 17 39 37 92 56 82 45 39 41 2 74 40 84 52 40 63 94 27 44 38 7 41 4 23 29 57 25 76 26 48 75 61 3 18 30 52 11 76 29 1 94 26 39 61 18 4 15 31 18 
20 64 55 70 90 93 87 77 57 47 56 3 1 24 99 16 93 61 87 40 71 78 71 17 34 87 80 25 20 81 48 40 79 34 85 34 15 8 38 81 94 22 56 91 37 2 35 72 64 10 8 21 67 100 26 80 23 70 19 65 34 4 84 81 12 18 88 83 99 31 17 82 86 19 98 84 56 29 35 89 21 51 85 61 60 86 79 21 79 6 60 8 50 90 61 41 95 35 65 19 56 57 9 59 73 98 55 37 52 2 27 5 24 84 56 33 16 89 20 88 34 43 41 92 78 85 5 66 
92 97 40 24 77 55 79 50 54 30 76 45 44 55 42 20 99 39 93 47 22 36 88 70 18 39 18 42 90 65 8 52 70 77 61 12 69 2 55 79 81 23 57 62 81 14 43 86 21 43 66 88 97 54 12 51 13 36 16 56 98 100 58 66 40 85 59 75 59 29 75 67 83 10 16 47 83 56 34 60 87 65 37 1 5 49 88 23 85 67 32 13 38 67 84 49 20 5 33 21 22 26 98 55 98 53 80 66 69 66 80 20 30 85 23 99 56 51 7 75 34 39 60 37 82 59 18 18 
88 76 15 13 76 32 95 58 29 24 28 41 60 20 9 55 16 69 68 90 22 27 59 70 27 97 70 48 18 92 40 79 71 50 50 18 5 51 39 6 81 34 46 19 67 91 18 39 88 41 5 93 72 94 40 96 9 99 89 13 63 55 2 59 42 82 51 22 51 51 10 49 18 73 26 82 2 2 61 7 55 34 91 50 49 88 72 76 58 32 54 80 76 63 76 60 91 35 21 9 28 13 8 19 50 4 96 61 70 80 6 95 48 17 13 5 84 4 7 25 70 36 84 13 87 6 39 39 
97 10 59 59 2 23 43 5 80 47 11 30 27 68 33 82 2 43 91 56 77 98 56 47 99 81 88 92 81 78 62 79 4 54 26 22 25 14 37 58 48 8 67 59 22 22 7 35 80 94 65 67 36 80 6 62 54 68 78 8 26 40 78 72 64 67 64 29 4 9 7 11 76 4 94 39 99 43 98 5 59 69 34 6 81 79 23 76 20 18 46 80 69 67 71 4 12 1 90 48 92 32 93 29 9 86 31 27 70 91 85 30 81 29 3 5 12 25 83 94 54 95 63 94 86 3 3 60 
68 60 37 38 44 37 18 71 51 25 31 17 64 87 96 41 71 5 88 34 46 33 94 65 81 18 100 13 56 22 66 34 67 62 36 63 72 77 72 37 5 20 47 2 50 90 92 89 36 73 83 32 73 25 61 51 26 93 61 35 85 47 52 97 26 92 51 59 81 28 64 91 73 37 92 90 53 70 30 98 87 78 96 21 91 53 96 53 9 14 70 11 54 91 30 64 24 34 22 62 44 64 15 73 48 24 51 93 8 81 73 41 34 23 57 87 62 16 62 56 96 5 9 100 22 90 29 69 
12 91 19 30 6 87 1 80 91 69 22 28 66 5 66 67 45 37 5 32 10 2 57 17 73 94 56 8 65 55 41 76 18 8 12 60 46 77 78 4 86 79 7 18 2 29 46 23 80 94 45 93 51 78 66 49 34 49 11 27 12 53 32 96 63 54 14 23 11 69 85 46 57 40 39 27 48 20 72 4 92 93 26 88 16 7 77 91 49 60 95 35 10 23 76 36 60 95 11 46 18 79 38 12 46 75 35 29 54 15 86 70 90 62 51 62 23 19 9 27 28 5 53 46 16 60 64 18 
53 54 66 40 71 51 29 40 100 41 18 15 80 21 28 29 74 45 14 35 27 24 30 47 8 41 25 94 82 12 42 75 87 71 78 4 37 47 19 75 49 24 15 30 70 60 49 47 83 79 30 54 21 30 42 15 25 42 35 81 84 18 3 37 61 98 31 70 77 52 40 17 38 59 30 16 84 60 58 20 54 12 64 71 84 1 16 56 78 79 91 64 58 54 63 79 54 50 13 36 47 71 82 62 34 50 100 48 67 32 59 97 35 64 84 11 67 39 64 71 12 77 80 82 15 43 21 55 
14 97 65 39 57 55 22 9 85 8 92 100 57 82 30 69 1 1 14 66 59 36 66 65 27 31 78 55 55 3 41 39 8 74 3 47 64 55 82 90 28 69 72 10 76 65 85 41 26 93 87 68 86 78 67 87 66 23 23 20 89 43 87 10 78 51 32 49 61 13 94 10 53 56 21 69 59 67 26 92 11 50 18 25 92 30 94 47 77 15 44 44 59 19 26 24 96 30 9 66 53 29 15 68 70 22 69 12 73 44 87 55 31 85 4 74 77 17 95 60 54 20 81 56 68 97 6 27 
77 29 90 12 49 78 37 66 5 76 32 37 53 42 75 90 90 40 52 78 91 7 50 12 43 54 37 21 78 77 89 95 49 87 13 34 34 84 40 84 42 100 17 94 3 40 58 85 23 98 44 3 95 62 82 59 60 25 26 60 66 75 71 22 63 52 60 67 94 22 16 20 1 48 8 98 85 85 54 63 55 62 25 30 85 93 72 68 20 39 52 63 95 52 96 85 93 91 13 37 38 51 55 48 40 15 38 33 70 54 2 32 77 86 27 66 19 23 55 9 72 100 48 5 66 55 80 62 
86 83 12 14 86 58 37 16 98 33 15 64 65 84 48 8 32 3 6 86 66 95 71 72 56 60 84 7 99 70 21 88 72 70 99 98 74 3 95 11 100 48 25 78 75 11 55 12 84 39 54 73 54 31 7 63 90 68 53 41 33 86 87 70 39 93 16 64 20 88 43 17 62 74 9 92 70 86 56 87 43 94 44 13 87 7 59 31 2 34 12 48 75 22 61 96 42 78 88 60 63 54 52 92 2 17 54 76 55 60 76 32 21 82 38 58 67 26 45 81 42 61 9 94 28 99 80 10 
65 81 94 29 22 39 11 86 30 92 28 100 68 42 15 23 46 69 37 14 87 12 5 100 94 38 51 62 7 44 32 22 29 65 81 6 46 81 35 55 5 21 75 100 38 73 29 74 78 1 14 28 42 24 32 63 45 79 21 28 33 20 85 70 86 72 86 38 49 82 21 94 99 35 79 92 83 22 90 64 58 66 29 71 76 35 52 43 30 25 16 89 70 24 96 62 1 21 58 74 8 31 54 20 48 38 5 50 44 17 5 89 46 10 6 10 47 54 12 42 75 17 20 38 94 32 37 25 
62 66 74 19 40 37 87 66 17 57 25 88 50 57 56 73 29 61 33 68 88 49 87 31 82 73 64 20 31 1 74 86 77 24 15 65 23 76 19 16 32 47 12 24 61 72 50 57 73 64 52 91 59 24 5 83 82 80 46 62 97 66 2 15 35 49 25 65 23 38 14 57 42 47 76 34 55 33 51 88 49 61 43 85 72 91 55 49 17 64 100 62 21 27 89 53 10 58 22 8 45 98 21 89 89 78 29 54 63 15 62 65 32 1 3 48 87 85 79 85 50 100 1 37 32 83 23 91 
85 59 57 59 73 61 32 33 1 94 38 86 94 53 74 59 13 54 5 9 46 72 98 37 45 22 17 3 97 42 21 26 50 43 9 10 1 61 51 6 91 40 2 90 51 35 33 63 55 85 17 91 100 5 40 31 100 4 34 58 56 7 80 42 10 61 18 70 21 49 50 99 25 87 78 29 54 69 10 75 24 56 76 96 12 98 8 84 98 28 10 94 20 11 59 6 55 80 40 99 91 85 92 85 60 10 6 1 49 85 55 86 30 74 74 40 3 6 92 97 12 64 91 17 61 65 89 50 
3 77 24 73 22 83 50 35 3 76 65 93 72 95 48 70 89 84 21 19 1 58 84 9 59 46 32 63 33 70 52 27 77 82 8 52 90 79 62 62 7 38 85 87 2 73 76 87 50 95 38 66 59 9 7 39 45 95 72 93 65 68 28 60 31 87 5 97 39 100 85 80 25 25 20 51 4 91 60 36 27 7 79 36 82 97 1 72 41 51 89 47 78 58 79 39 83 67 39 66 17 99 94 89 37 76 52 29 54 40 86 25 17 92 31 44 97 25 5 24 56 44 28 95 51 91 99 56 
79 68 85 1 95 56 10 92 12 33 78 86 45 83 33 55 82 54 30 12 29 58 68 19 94 80 23 11 88 2 57 31 34 45 36 8 4 6 98 47 28 30 25 53 58 4 25 86 22 49 98 63 44 3 79 71 11 71 100 45 39 14 61 15 70 8 18 19 3 51 79 11 8 91 86 34 14 11 42 7 49 4 97 2 11 78 95 19 86 11 78 31 5 70 42 86 26 67 11 71 34 5 58 83 90 24 63 37 5 58 40 64 99 73 99 80 91 60 73 43 28 58 86 24 58 37 64 70 
3 96 81 89 81 54 82 10 56 34 27 25 93 99 34 35 10 23 80 92 70 41 36 33 97 36 24 34 4 16 35 71 93 95 32 33 64 27 84 56 1 58 86 18 16 43 44 81 81 62 95 38 79 10 59 63 15 78 12 98 36 64 40 9 62 53 59 4 40 9 50 62 17 24 27 75 54 21 31 12 24 16 5 65 32 84 93 97 2 54 20 29 61 35 20 40 84 63 14 71 26 25 44 90 9 22 72 3 45 89 8 54 22 52 19 89 88 56 16 15 95 10 68 42 83 35 39 2 
55 65 11 63 62 25 79 90 87 68 75 22 13 60 64 53 34 59 49 25 71 21 22 63 100 35 65 60 85 12 23 15 77 81 37 40 91 42 65 29 12 21 41 27 85 74 55 10 46 94 39 12 100 70 63 54 62 9 20 51 84 85 20 59 76 14 3 28 19 43 97 3 90 43 79 15 65 32 73 44 46 85 60 10 16 100 18 21 47 53 44 96 26 35 44 62 88 20 11 43 31 42 37 27 19 5 18 38 52 5 31 4 73 34 49 92 6 59 92 86 36 55 15 38 97 58 43 70 
62 60 10 61 52 86 2 15 79 94 60 81 95 41 94 79 8 36 94 63 42 35 31 61 78 72 64 37 73 9 34 3 60 59 16 60 55 58 5 79 94 27 33 76 30 94 85 24 14 65 62 82 78 3 25 17 71 82 41 2 33 97 6 98 71 85 80 37 76 11 56 23 15 65 27 50 81 9 24 53 10 25 49 97 21 94 42 95 25 100 70 47 11 69 9 3 56 89 69 37 57 73 21 91 22 78 69 91 72 92 54 69 66 5 65 81 13 51 89 99 35 44 65 36 37 74 42 22 
98 27 81 66 28 4 36 37 7 68 26 56 77 82 92 28 52 24 36 36 83 18 6 63 55 35 44 45 77 96 23 20 57 7 39 56 24 17 38 2 24 43 93 16 54 81 70 26 68 22 20 57 5 62 55 42 2 62 59 35 74 46 66 100 87 62 91 73 76 21 42 43 70 18 13 62 83 37 30 28 94 89 65 43 90 91 40 52 80 78 96 76 30 75 57 64 98 75 19 36 16 93 100 80 52 7 52 20 22 19 86 42 84 62 47 5 33 39 37 17 40 100 62 63 90 75 76 63 
51 10 98 100 42 39 83 44 13 61 19 37 100 23 11 33 38 83 22 83 33 48 92 100 40 63 19 30 55 29 11 29 92 4 75 20 52 34 26 17 64 35 70 60 9 99 96 41 13 43 58 78 56 28 98 6 45 83 37 71 64 93 4 16 90 78 60 42 53 53 72 33 42 67 39 7 31 3 18 20 21 14 49 63 33 20 19 81 27 91 55 75 61 69 9 47 92 12 68 61 38 74 58 36 50 85 39 12 48 31 40 65 37 51 32 66 64 50 42 63 99 42 40 66 69 78 31 48 
7 39 1 5 62 28 49 24 91 49 15 26 44 47 89 81 60 68 97 84 45 70 95 81 22 81 43 76 69 82 11 35 19 57 89 43 88 45 19 37 86 93 16 90 81 87 9 97 55 9 51 27 97 47 90 39 5 22 21 8 100 6 90 65 35 34 81 65 64 73 27 99 22 21 89 28 54 51 12 55 20 82 25 63 38 92 29 81 37 16 43 16 14 42 75 46 57 14 79 3 78 35 23 89 32 89 49 89 7 39 21 7 85 9 98 4 69 67 56 49 70 29 69 12 5 100 9 78 
13 59 66 28 67 9 89 86 83 79 78 75 56 4 19 62 45 44 41 43 89 60 37 75 31 61 90 30 42 96 54 28 50 15 86 12 43 6 96 7 20 36 23 72 8 18 4 72 3 61 100 23 77 64 77 20 57 76 59 83 7 25 71 75 15 49 57 4 13 18 8 29 22 35 95 72 53 12 57 3 74 67 34 2 15 35 75 24 38 22 64 43 43 81 45 28 98 99 30 51 95 8 81 92 93 95 69 28 73 44 46 48 52 30 95 49 76 59 79 34 57 13 23 75 53 8 69 48 
21 66 13 20 62 9 94 19 39 88 20 90 92 58 14 1 69 1 31 61 10 38 16 82 28 8 93 55 100 79 16 29 77 43 71 60 60 7 55 31 75 24 7 92 6 96 50 22 9 9 75 41 63 34 36 64 46 96 2 58 72 69 14 31 20 85 91 43 11 53 69 6 39 25 99 36 98 38 29 53 53 33 7 10 41 2 17 56 68 27 8 15 74 49 39 49 77 24 79 62 18 64 30 46 77 78 80 68 25 56 25 26 83 41 41 16 72 65 10 77 54 56 35 63 93 25 50 74 
87 98 84 21 9 21 76 30 46 37 40 13 75 94 37 99 98 27 60 81 92 52 48 48 1 1 49 79 86 97 25 84 17 1 2 92 35 27 40 52 71 52 18 38 22 38 96 47 55 1 18 69 83 51 9 47 19 66 61 29 99 84 85 18 33 52 57 32 26 50 37 95 80 10 58 12 39 21 70 89 22 39 73 21 69 44 70 50 56 53 24 87 91 13 54 99 74 68 38 42 53 34 35 2 77 47 41 89 9 99 70 31 85 64 9 23 13 27 42 8 72 89 94 12 79 77 49 99 
72 2 24 11 30 42 41 24 28 2 39 78 49 64 45 89 91 34 16 47 73 17 95 34 73 75 65 42 3 63 27 35 62 69 2 26 54 19 89 63 45 43 20 40 31 98 99 76 5 23 4 44 31 77 31 93 38 82 44 77 13 61 53 72 22 55 24 89 99 16 7 5 81 36 90 8 98 54 89 83 7 31 53 16 70 8 58 22 10 13 67 64 41 69 100 6 67 5 83 67 82 53 80 74 34 19 4 35 46 98 66 70 16 89 95 5 71 21 70 13 12 81 26 77 45 87 15 65 
12 91 92 80 48 90 47 56 32 43 74 70 13 68 76 42 81 79 66 80 11 77 73 44 84 88 38 85 100 16 22 9 84 17 42 94 52 76 52 10 50 41 92 73 52 62 57 24 37 86 38 15 83 8 72 26 94 23 49 57 62 100 79 32 76 68 39 70 63 15 69 99 75 24 9 14 40 18 72 74 54 53 58 15 88 33 3 74 84 92 10 55 59 92 86 63 2 65 1 89 50 36 25 79 88 37 21 40 73 99 13 13 47 80 12 76 99 2 50 83 44 49 92 17 49 28 74 23 
71 11 4 2 92 44 70 59 32 92 59 99 41 28 9 97 62 38 92 21 47 6 92 28 48 95 58 88 63 87 96 95 86 65 98 30 55 53 66 87 20 36 41 63 48 42 64 76 31 19 15 3 80 75 7 71 13 23 14 97 76 50 7 85 23 100 89 66 83 34 23 57 46 50 48 18 55 67 59 10 72 63 74 99 5 37 23 98 44 94 20 53 19 71 44 17 64 51 21 57 2 25 93 18 13 86 44 45 58 50 87 7 78 29 48 97 90 29 66 70 37 71 38 33 11 23 74 55 
1 4 26 59 61 86 77 93 28 87 22 19 36 94 53 44 1 30 97 99 67 7 46 69 22 46 12 17 71 51 7 92 99 10 65 88 3 100 55 63 28 57 76 36 23 82 56 3 82 7 1 26 83 29 1 84 20 4 69 86 94 4 91 36 41 44 48 16 5 93 13 94 27 47 96 46 26 55 57 78 93 74 15 20 68 58 67 13 63 55 60 74 54 34 18 90 91 98 43 19 20 69 64 54 62 79 84 37 35 8 72 51 21 25 96 58 56 29 12 97 33 59 64 60 27 79 51 6 
71 5 17 85 49 50 87 48 83 60 50 79 92 41 23 77 56 51 46 36 48 75 10 7 73 79 59 28 54 41 70 81 16 34 62 6 89 22 42 66 74 78 52 39 92 80 28 54 52 10 61 94 21 62 16 8 98 56 57 99 19 21 65 62 67 6 69 67 21 44 44 61 81 50 79 48 92 69 33 31 65 41 3 74 54 76 52 81 90 24 94 32 68 28 12 77 24 64 54 96 84 21 34 71 5 94 93 46 29 8 25 31 1 10 43 49 6 70 75 38 36 51 30 81 88 80 98 17 
50 17 79 55 33 70 13 56 26 64 74 40 40 43 12 33 24 25 21 47 1 90 18 72 73 25 70 39 41 14 37 57 97 16 87 95 14 4 49 94 1 70 40 68 84 86 56 24 74 31 70 10 52 14 12 88 81 23 73 62 21 24 47 70 57 87 33 40 20 56 21 90 64 10 25 87 19 38 15 27 29 56 27 57 32 43 74 87 94 8 49 68 93 17 12 30 36 31 85 12 34 25 69 75 1 20 93 82 90 90 25 94 25 73 50 94 55 99 30 78 89 3 64 76 99 76 82 6 
17 57 3 40 95 61 73 98 14 88 72 3 95 96 73 79 61 74 68 4 47 86 8 37 18 92 14 32 48 25 16 77 51 17 32 24 38 80 56 32 99 37 94 35 1 28 45 47 15 93 14 94 49 19 59 77 48 21 52 34 73 50 53 37 48 32 58 76 17 23 14 100 88 65 75 88 85 43 17 17 56 90 20 5 50 43 30 18 85 3 36 68 73 19 22 9 70 49 60 38 51 6 22 17 84 9 84 72 52 4 36 28 26 55 45 39 84 100 87 49 61 20 22 56 57 65 75 9 
44 32 35 79 60 50 14 100 57 72 88 69 7 64 20 48 25 87 22 56 59 37 79 27 79 32 60 7 14 63 61 94 32 4 43 33 93 11 76 3 7 90 92 56 97 85 93 29 32 69 28 27 97 25 59 5 84 67 52 86 48 77 32 85 57 63 29 22 34 44 40 17 11 31 91 41 70 100 46 5 94 53 72 73 29 68 80 62 68 31 13 9 36 46 25 69 45 31 60 13 79 88 89 18 13 34 57 82 78 90 91 97 10 11 99 60 33 61 23 6 40 2 32 75 14 21 74 24 
99 16 31 68 42 64 48 23 53 30 13 54 45 53 19 100 3 100 6 34 66 54 90 86 78 79 21 6 61 42 42 48 38 28 30 82 57 76 54 38 40 37 68 26 51 75 26 51 70 56 54 33 30 58 60 15 73 41 47 47 25 86 83 84 17 12 69 24 95 67 54 49 99 19 93 31 99 71 70 26 97 10 6 9 34 82 21 37 97 84 28 27 20 88 76 28 52 7 47 88 99 50 91 4 4 48 8 31 53 31 42 88 95 96 34 86 59 56 15 3 26 49 72 11 89 79 68 47 
97 32 79 21 44 91 97 96 70 4 64 82 6 79 81 19 41 60 86 71 81 79 10 65 16 63 96 69 91 53 86 41 16 67 46 57 11 69 77 39 67 71 1 25 17 59 84 14 77 92 68 96 71 28 96 66 97 64 28 35 16 68 79 11 34 89 59 52 48 81 19 54 78 90 84 86 54 8 20 93 61 90 81 63 43 96 33 16 9 83 25 68 19 12 93 1 91 38 52 19 83 31 97 8 70 28 5 10 80 3 36 64 86 12 14 75 59 66 83 3 62 13 83 11 55 99 83 96 
14 86 82 20 26 35 38 10 8 52 78 40 2 70 3 29 35 92 46 74 62 81 96 58 69 47 31 38 19 56 42 86 9 27 66 15 93 74 54 88 66 43 11 39 46 42 92 77 96 81 68 39 42 1 56 33 51 77 5 69 1 48 20 66 98 1 20 25 73 19 10 41 1 5 38 59 62 87 36 54 84 13 36 4 92 2 39 35 34 76 15 89 89 10 99 75 64 4 57 72 76 35 68 92 82 62 2 38 30 62 23 91 47 34 51 7 29 4 17 55 27 45 21 92 23 34 40 41 
28 68 84 11 28 90 52 77 8 13 70 28 58 26 100 64 42 17 66 14 28 80 76 69 70 54 22 40 88 36 64 48 49 97 27 30 78 90 5 2 29 41 99 100 16 84 27 88 92 73 17 50 3 60 12 25 58 6 15 31 74 3 31 41 22 30 15 54 63 60 13 2 19 14 45 96 4 32 36 66 71 92 56 95 29 2 19 17 15 88 24 91 84 92 55 25 18 10 34 77 34 35 53 74 48 89 16 98 23 82 25 69 4 53 15 53 89 80 49 33 41 64 54 60 59 46 86 1 
56 86 41 73 100 53 78 14 61 57 18 1 1 61 8 86 53 96 22 27 8 44 63 24 22 2 55 97 47 85 59 36 3 68 68 59 59 8 29 65 95 28 23 20 24 96 87 79 29 75 36 98 55 61 32 22 91 72 95 68 69 28 30 2 32 22 97 45 73 99 60 39 85 38 36 66 36 72 51 19 33 82 94 25 91 87 24 84 33 52 36 20 87 93 5 40 86 50 99 85 1 44 24 82 46 43 21 67 65 59 46 57 52 89 95 97 15 75 97 27 23 73 71 69 88 9 97 20 
30 49 27 17 1 29 100 46 16 31 34 82 43 9 77 89 29 96 66 84 36 37 73 2 47 3 52 64 58 73 61 26 53 73 96 9 55 31 18 41 19 24 66 27 100 15 93 32 71 6 17 44 69 57 3 34 52 65 76 40 68 44 22 32 79 6 8 50 17 54 24 31 74 52 36 55 83 58 68 1 29 99 53 59 86 92 64 23 48 57 60 44 71 6 30 39 20 95 91 58 86 17 29 11 78 69 74 71 80 17 24 2 2 36 91 13 24 56 92 61 20 33 75 18 24 60 100 18 
32 53 70 91 13 21 99 33 14 37 84 39 48 67 91 19 40 36 14 57 14 22 84 17 61 97 2 69 100 13 90 81 39 89 43 87 73 37 69 99 59 11 55 8 22 21 87 44 48 68 75 34 100 2 45 20 28 84 36 11 89 89 83 71 65 22 39 57 22 17 90 99 15 89 44 2 96 100 77 31 8 88 44 25 18 83 88 15 42 100 13 44 55 81 55 81 5 99 14 8 30 95 22 79 98 27 60 33 67 80 29 67 28 46 16 91 81 12 40 91 88 21 4 2 29 21 4 86 
100 98 72 34 28 62 80 22 18 84 57 47 97 64 36 57 20 2 23 69 94 29 99 72 52 98 5 43 4 5 37 37 97 73 68 76 74 95 81 52 45 5 14 85 53 100 71 52 65 50 10 95 39 34 53 69 84 79 63 20 38 67 46 15 94 36 14 73 62 71 38 58 51 45 99 1 99 51 72 7 20 94 12 27 47 77 39 44 25 51 29 62 89 62 89 46 43 50 69 18 80 53 65 10 63 44 60 8 1 57 3 51 17 23 79 7 26 90 33 64 31 71 68 44 36 100 37 53 
93 76 8 63 84 49 65 27 72 98 9 92 100 25 47 23 16 78 51 10 8 98 3 17 72 96 64 40 57 24 82 8 10 81 43 57 76 24 62 75 75 81 25 63 44 4 84 32 49 48 69 25 28 89 37 24 8 90 73 82 84 74 76 19 69 46 2 71 44 97 28 67 32 51 98 21 73 55 24 25 60 37 44 15 51 14 77 34 52 86 90 78 49 76 14 33 87 79 91 69 35 38 22 4 6 41 19 21 71 95 98 82 27 41 16 66 65 80 85 28 27 4 79 26 34 55 43 91 
42 74 67 45 71 63 89 2 52 72 42 89 24 42 92 58 42 11 29 69 9 78 28 92 26 58 95 66 73 1 84 11 34 95 39 30 5 52 79 80 35 72 73 55 17 68 15 96 5 3 83 32 28 23 8 31 63 79 27 39 84 61 20 2 25 91 67 51 38 97 76 87 96 62 68 22 77 33 39 4 89 85 18 61 17 4 16 13 26 53 84 43 86 69 2 61 20 84 100 89 37 64 38 99 13 38 29 40 33 76 58 14 5 6 33 94 73 42 62 37 64 52 46 47 60 76 55 41 
80 95 62 68 84 18 11 30 38 77 32 79 56 97 45 49 46 54 46 90 31 66 83 37 45 31 64 25 87 14 11 39 86 34 39 36 24 97 73 95 80 54 62 17 30 80 87 28 71 50 57 100 80 54 63 49 68 49 17 63 66 18 60 100 9 54 49 41 54 96 76 83 8 83 27 93 14 24 18 77 13 96 29 2 63 50 71 47 60 49 49 87 65 94 25 79 84 87 85 74 40 73 38 29 30 90 31 94 95 39 65 91 41 32 60 98 38 76 88 44 96 11 95 31 1 100 55 42 
51 61 65 36 79 48 75 80 68 1 70 49 95 89 67 5 82 59 87 34 13 89 44 42 2 74 99 36 94 28 74 2 68 70 40 69 1 59 16 72 89 27 71 78 9 11 47 18 37 59 86 6 87 65 78 69 31 82 97 92 1 71 86 14 82 40 42 94 41 89 17 68 6 28 11 76 45 78 38 50 25 87 100 10 42 31 95 23 92 82 57 99 87 9 28 92 65 79 36 23 41 74 11 64 80 42 20 79 15 56 31 54 68 69 22 98 23 4 55 93 18 17 90 5 88 27 66 75 
30 41 19 38 83 91 28 33 36 34 58 86 7 60 88 100 20 66 51 87 97 9 32 6 38 75 41 8 51 7 66 27 75 66 61 74 39 58 8 81 73 15 94 91 89 17 41 5 43 31 47 93 14 21 84 73 32 67 25 82 58 10 79 21 82 19 8 60 47 6 94 4 40 15 50 91 60 9 100 24 27 76 6 39 42 69 22 55 40 63 78 61 16 28 47 44 56 25 61 90 87 22 11 33 38 14 2 34 40 78 42 41 37 35 81 96 54 62 35 91 46 70 73 3 88 82 18 50 
63 60 11 33 80 69 4 10 98 28 84 28 99 44 67 82 71 53 99 18 70 29 25 55 51 38 85 82 24 23 13 84 65 98 68 40 69 48 54 59 14 74 67 45 43 24 79 53 31 35 74 50 75 19 5 32 69 79 55 61 19 97 47 18 54 56 50 98 30 28 51 23 22 48 34 86 35 66 53 16 87 35 100 95 66 26 7 27 18 23 52 53 38 32 10 39 89 17 85 53 8 55 75 69 46 62 76 100 89 88 83 91 68 32 69 96 4 85 4 44 65 66 84 31 100 24 61 30 
53 28 83 92 45 6 71 70 53 82 80 88 30 91 27 36 19 48 2 70 29 64 14 31 38 14 65 51 52 20 29 90 97 54 52 51 11 32 82 28 76 48 55 62 81 55 32 75 34 90 90 78 90 90 33 93 85 82 27 91 62 46 21 7 94 59 38 28 82 18 39 49 40 55 19 44 68 74 75 77 75 56 47 98 1 63 6 6 68 3 26 27 7 72 80 86 2 2 82 46 74 87 99 64 44 99 55 96 27 12 96 28 63 51 46 73 22 86 48 97 66 55 40 16 100 74 50 46 
17 5 80 76 23 36 8 43 31 61 14 80 27 54 29 77 75 9 93 35 90 37 77 17 45 91 16 17 38 71 15 66 14 65 78 48 52 90 12 28 73 92 1 28 84 68 94 69 4 43 22 4 98 88 95 76 30 62 100 91 98 57 10 24 65 87 27 10 1 63 48 87 45 57 7 82 54 8 61 20 69 56 91 77 65 53 94 8 20 14 55 74 39 47 91 89 30 6 48 44 37 34 61 84 45 21 51 84 47 7 3 96 1 47 59 44 44 52 81 49 18 91 64 41 11 94 27 45 
90 54 27 82 48 76 80 66 94 22 100 80 58 85 92 47 49 100 80 58 63 91 68 13 42 51 2 81 64 97 20 34 1 99 73 18 77 57 62 78 61 78 46 12 75 2 54 46 96 71 10 75 30 51 70 87 2 64 28 45 78 27 8 29 47 25 14 42 19 19 17 52 86 17 61 29 89 50 42 51 63 100 96 7 20 82 11 34 4 58 44 26 100 84 58 32 80 38 60 53 54 71 56 93 80 87 75 60 29 68 45 71 51 73 24 92 1 70 92 15 66 38 32 44 6 22 96 76 
73 19 30 47 14 53 33 16 77 69 100 46 37 24 16 91 54 47 52 43 49 82 51 3 98 35 39 50 41 56 32 51 73 55 49 79 81 54 46 87 90 100 72 78 27 80 39 3 78 49 92 70 36 50 73 29 89 59 84 43 69 4 41 98 64 89 41 29 68 100 15 23 28 59 48 10 48 90 55 93 23 76 94 52 77 43 98 61 24 80 76 99 63 58 62 99 67 14 67 1 4 20 95 32 100 12 13 43 76 47 52 30 71 97 67 63 61 84 42 68 53 63 5 86 81 52 25 46 
47 98 17 2 76 2 78 57 68 21 77 35 39 76 69 54 5 86 24 62 73 15 11 59 91 75 20 94 23 31 79 45 45 39 43 54 16 55 30 34 75 60 89 25 14 63 61 96 22 80 82 42 60 82 37 32 47 80 39 36 71 39 35 87 34 62 43 81 77 95 33 15 61 44 100 4 89 74 55 5 4 93 79 99 16 46 46 41 87 100 34 23 4 67 99 15 23 48 4 56 46 71 47 18 41 7 62 62 86 56 27 29 2 83 84 50 93 43 9 51 15 28 78 98 52 13 51 7 
30 10 15 39 76 82 47 18 10 20 68 75 71 80 82 26 89 22 31 18 86 69 38 93 25 21 53 92 68 99 33 83 86 11 99 28 64 3 40 64 96 29 80 3 52 100 56 29 53 99 97 75 72 21 25 33 40 34 95 58 78 2 73 86 88 93 20 82 52 80 69 13 38 82 86 2 79 2 23 17 96 2 100 51 33 66 91 99 57 75 5 47 8 41 2 58 53 64 70 36 44 44 26 80 80 60 51 43 42 71 61 31 48 97 84 86 19 68 15 95 20 90 65 60 28 86 65 80 
64 41 25 92 68 25 35 91 88 69 4 31 58 77 9 2 2 65 95 95 58 22 3 93 22 92 6 97 49 97 68 56 35 84 80 21 68 40 26 66 99 61 70 85 9 46 60 59 72 12 2 68 81 44 73 62 22 23 34 24 19 17 49 68 10 11 72 34 35 13 26 11 52 59 96 98 86 95 21 27 9 62 74 68 12 8 77 45 61 8 8 52 93 85 24 37 10 81 85 33 47 74 96 24 39 63 77 91 36 37 7 63 80 33 86 41 83 8 75 23 94 40 60 97 32 6 90 93 
100 11 26 63 68 11 38 53 52 58 47 88 62 74 43 24 12 16 30 44 82 9 60 68 34 80 20 47 45 11 41 13 91 100 5 67 72 17 96 67 30 77 11 15 71 55 91 72 20 86 34 14 46 49 3 24 38 53 52 47 33 80 74 42 27 34 78 21 9 85 14 79 48 73 59 32 74 74 62 4 77 82 7 58 10 47 85 61 94 85 15 28 98 27 18 61 41 75 6 89 39 98 91 17 58 65 70 85 70 23 96 52 95 85 70 94 38 78 29 47 81 23 51 11 13 74 1 46 
30 20 15 100 86 37 79 93 45 54 31 30 81 76 46 18 20 24 61 24 66 84 66 36 34 22 28 55 17 16 77 80 47 49 93 70 20 70 12 43 24 8 4 7 13 13 23 90 98 25 99 83 72 39 72 26 38 27 99 64 14 3 20 89 66 73 23 53 58 14 90 82 39 87 43 69 93 7 26 83 77 40 64 60 94 79 98 24 62 50 87 3 76 79 61 35 35 95 96 10 10 9 92 42 4 80 15 38 49 93 18 78 13 40 62 100 32 90 69 7 99 13 25 4 12 98 95 97 
61 76 53 5 67 69 96 74 51 19 90 67 31 18 46 10 33 15 56 92 40 56 67 100 40 90 73 62 37 58 15 58 92 1 35 31 11 51 76 7 23 73 52 36 77 73 53 26 11 53 87 18 25 77 43 79 45 99 32 56 75 76 27 94 28 57 88 26 84 3 31 72 84 58 20 82 13 61 4 99 73 63 16 93 75 58 17 14 17 67 24 70 13 29 22 16 100 42 72 9 69 7 57 22 62 50 3 2 71 85 18 22 24 83 55 62 23 28 79 38 55 54 97 81 87 83 7 21 
13 38 53 40 91 31 50 93 25 89 96 36 33 24 89 7 97 11 45 20 51 62 11 92 32 39 80 9 66 91 15 70 38 52 77 29 33 54 17 74 13 10 63 88 24 71 33 28 77 100 57 75 87 51 54 21 51 73 28 56 43 46 23 77 50 45 22 23 61 74 45 96 44 68 80 41 53 82 68 30 58 25 65 67 12 42 22 56 74 11 98 98 40 6 26 42 73 55 18 44 88 98 85 60 34 23 62 88 96 62 1 32 3 29 90 84 11 65 14 32 60 56 77 61 80 66 100 90 
60 38 31 64 37 40 9 97 57 40 49 16 38 13 88 55 48 24 21 3 6 56 53 48 33 59 16 2 78 59 68 1 7 28 11 22 73 70 80 78 18 10 19 8 1 86 66 51 24 21 60 9 29 51 80 78 70 31 40 26 31 10 74 12 29 76 75 51 34 46 91 59 14 21 12 95 94 34 6 40 17 53 66 60 88 34 46 77 97 20 52 27 38 20 85 87 85 6 51 30 36 10 91 100 78 29 76 67 14 44 51 64 100 88 65 74 94 18 49 28 93 13 37 33 53 37 75 100 
4 71 38 7 100 5 45 42 98 82 49 57 65 52 64 77 6 73 39 88 66 19 37 6 9 82 30 30 27 10 46 93 33 80 56 64 24 36 53 83 3 40 20 86 75 53 93 46 1 6 96 67 50 55 9 41 51 84 77 17 18 42 35 5 87 67 53 49 78 37 71 50 78 45 1 38 92 44 23 5 66 76 93 20 58 55 41 77 13 60 1 71 51 76 5 75 2 42 43 28 87 10 6 80 15 90 24 58 96 75 23 16 20 30 55 84 23 12 53 34 96 11 35 47 30 78 61 72 
97 16 2 64 75 74 71 50 60 92 94 56 98 72 5 11 87 53 7 53 17 97 75 34 65 30 45 17 38 69 51 54 59 39 73 30 64 19 8 39 48 51 91 12 83 79 10 53 69 23 68 10 62 6 41 20 68 51 79 42 72 79 46 86 57 90 35 84 87 91 36 30 27 35 75 33 20 10 76 30 29 46 72 74 11 81 81 57 20 64 81 81 93 64 16 50 70 75 10 16 13 42 85 91 42 12 13 60 87 85 6 14 77 37 19 40 83 9 14 37 9 43 96 4 16 58 22 84 
76 40 36 57 93 72 38 34 40 94 69 57 41 72 4 61 76 37 76 84 28 27 81 7 80 5 93 40 77 80 14 64 24 7 99 85 95 18 51 50 88 38 100 22 53 77 41 30 64 70 93 36 83 38 84 16 97 90 68 38 86 41 69 32 44 66 43 63 85 3 100 74 83 71 73 2 85 16 56 26 1 49 86 12 97 99 10 87 29 36 32 93 60 59 8 45 81 44 25 84 13 27 41 39 5 1 8 13 65 36 11 15 77 13 69 85 79 64 13 69 74 98 78 20 91 56 4 1 
74 8 85 15 12 84 53 54 7 13 58 63 85 54 20 8 41 51 69 34 20 68 52 19 11 13 17 75 53 5 10 55 28 17 70 59 33 28 29 90 88 100 5 82 51 39 32 7 36 2 54 100 66 93 68 78 32 22 66 67 26 1 78 19 46 88 22 52 26 88 40 30 94 87 62 64 38 97 97 85 80 43 80 75 5 9 100 64 58 30 67 4 12 7 70 60 80 41 58 23 74 13 98 86 73 22 11 71 72 29 65 10 67 99 97 36 76 18 28 81 16 17 42 26 35 66 47 75 
52 96 8 51 51 31 42 18 28 66 58 51 11 98 28 25 41 77 2 26 96 71 48 17 30 69 57 65 90 32 83 84 58 96 14 38 59 66 34 96 90 2 54 76 68 83 48 28 63 70 87 96 77 26 38 8 82 70 84 62 71 47 32 50 92 31 98 35 75 38 50 93 70 65 48 31 77 11 27 42 17 39 79 25 12 10 6 82 80 76 90 83 1 23 85 23 58 32 69 35 94 56 93 56 64 79 7 82 16 28 82 33 7 84 17 95 53 45 38 55 14 76 4 12 68 91 86 18 
77 63 1 40 19 94 58 58 65 8 89 8 15 52 93 95 6 35 94 100 63 96 9 40 4 60 92 29 66 56 55 72 61 9 100 16 85 65 35 55 38 82 89 91 36 60 100 8 49 99 47 27 63 64 13 67 91 36 38 27 89 86 64 80 38 37 20 95 71 10 91 68 89 64 48 91 70 26 60 8 34 27 50 30 6 63 87 60 16 47 38 48 90 23 7 68 94 72 78 1 40 31 11 90 56 83 21 76 76 90 80 76 42 70 80 6 24 69 7 26 15 29 5 35 47 76 70 91 
39 25 4 91 67 67 16 11 45 14 71 96 2 90 44 62 20 44 2 5 52 38 38 7 18 92 82 43 5 93 31 88 46 41 24 58 51 11 81 42 23 39 38 2 84 19 73 91 72 43 36 100 100 25 89 77 1 10 38 12 48 85 79 33 9 90 67 34 46 3 89 19 9 45 46 21 8 1 52 56 14 6 27 68 23 79 70 22 64 87 12 10 32 56 78 22 95 96 69 70 34 31 38 96 95 11 38 63 32 50 54 73 68 9 40 83 18 14 9 60 62 75 36 36 52 39 53 67 
15 88 45 16 80 8 66 100 3 46 10 56 74 89 98 65 81 65 49 61 69 37 65 61 5 51 91 72 99 48 79 11 98 88 92 56 50 73 86 97 68 83 75 36 60 10 97 34 36 32 91 88 7 54 80 79 75 29 20 79 17 67 32 66 1 8 86 95 58 44 19 99 12 52 96 87 41 67 68 21 35 12 40 8 14 33 50 21 49 94 94 4 29 18 27 98 23 1 57 86 20 12 63 58 87 56 100 48 64 69 86 37 8 64 67 86 15 89 19 23 90 66 48 83 6 70 14 52 
10 67 34 27 42 97 5 37 55 17 18 26 13 52 57 99 36 76 66 31 72 58 81 87 19 39 46 66 19 91 7 12 92 72 93 29 19 35 5 36 96 7 41 22 48 74 59 63 69 49 7 4 30 90 3 98 81 31 81 33 10 8 83 58 15 40 93 13 19 33 69 17 50 25 82 73 71 96 70 30 82 84 49 22 63 48 9 2 67 39 69 11 3 94 54 74 46 36 47 67 96 3 74 64 35 49 72 33 39 29 36 28 63 83 98 99 83 88 36 22 74 81 19 27 12 58 31 22 
79 32 78 85 7 64 20 76 5 10 25 83 91 33 92 80 45 13 34 41 61 24 66 18 12 57 76 7 51 1 95 77 62 60 85 56 39 37 63 66 28 96 32 54 70 13 43 2 99 42 92 80 24 6 12 31 52 13 44 100 47 89 91 1 65 32 87 52 80 95 84 19 75 56 40 18 100 77 71 36 49 83 45 83 59 22 19 9 70 43 48 13 54 19 86 64 4 17 29 21 49 71 28 57 9 54 4 27 2 61 34 21 5 13 48 9 85 19 18 21 12 29 20 58 47 1 58 39 
78 79 84 83 23 40 79 19 71 28 51 67 13 79 62 53 74 79 82 21 88 9 16 70 98 82 92 52 84 13 99 89 75 94 14 3 99 48 83 18 11 30 17 13 86 43 15 75 6 22 9 34 64 49 2 5 97 87 26 83 44 1 25 5 41 56 82 78 70 20 94 97 4 76 94 82 95 23 12 9 51 45 35 69 59 28 79 100 99 37 40 51 39 97 90 19 48 68 91 1 86 20 44 80 27 44 70 67 22 23 5 90 62 5 88 47 7 74 22 9 74 47 71 70 18 14 27 69 
38 47 100 37 17 9 27 38 12 44 93 48 51 24 85 20 71 4 46 40 39 29 41 78 48 63 88 46 20 55 82 6 59 77 73 5 85 23 46 66 42 92 49 8 83 63 62 83 98 21 32 89 54 53 8 56 52 6 76 47 96 50 78 12 5 68 48 30 62 32 86 46 42 84 87 69 54 40 89 98 21 11 67 63 73 72 10 52 76 11 38 58 42 43 72 73 34 53 88 4 60 48 90 73 28 58 23 47 38 26 21 24 30 50 29 42 42 28 51 84 48 25 69 88 69 7 20 38 
39 90 76 20 29 55 66 7 49 91 39 89 87 47 40 83 8 43 8 75 30 74 30 53 9 68 82 38 88 84 73 28 32 76 4 22 49 31 58 26 89 62 20 89 82 68 49 95 48 34 100 47 40 24 67 78 1 9 47 96 74 26 86 82 63 33 84 77 43 1 41 22 55 16 86 38 38 11 35 78 96 72 86 13 32 67 93 19 76 12 23 13 41 27 68 55 54 54 68 55 77 21 3 42 16 46 38 53 80 56 96 47 52 1 53 52 67 58 68 45 15 42 48 85 43 4 52 94 
49 8 77 6 81 92 66 74 82 42 41 49 54 6 83 45 41 9 68 8 99 96 21 61 44 82 94 24 59 99 35 46 36 65 48 43 15 47 18 7 96 21 27 4 52 3 15 30 35 67 61 82 92 52 88 36 86 24 59 5 29 3 75 79 66 53 40 34 90 13 79 42 92 5 8 99 47 33 28 87 17 65 96 23 71 26 33 70 33 66 64 19 75 73 33 50 88 92 35 86 47 24 5 54 49 25 43 67 92 45 93 99 49 54 74 66 100 54 45 15 23 34 37 5 84 48 93 83 
63 100 97 54 57 81 17 28 38 14 2 6 30 55 83 30 44 41 86 75 60 33 95 91 58 53 15 33 77 69 85 83 99 95 73 56 72 73 49 90 39 73 28 18 76 68 60 9 7 37 63 52 7 24 10 47 90 17 97 75 65 78 58 32 16 69 34 84 71 43 58 80 68 7 54 82 48 82 61 47 84 89 81 54 79 18 8 45 63 84 65 45 89 80 55 51 1 95 89 32 71 67 37 18 6 3 33 28 61 38 89 33 61 23 83 94 59 81 44 67 74 96 21 54 97 32 38 14 
31 68 25 40 75 49 6 86 93 94 28 63 1 24 50 36 96 100 74 36 41 93 7 83 13 7 5 18 54 68 40 100 81 57 16 16 91 86 59 43 1 41 85 36 27 83 89 6 10 65 2 39 16 40 68 3 51 15 72 68 71 100 40 24 47 18 24 26 54 74 48 78 96 53 54 29 67 68 21 16 68 54 84 97 1 34 27 59 20 10 99 27 58 15 13 10 47 46 95 13 1 31 72 16 96 21 98 76 52 86 53 60 23 35 58 80 16 63 55 65 47 91 12 25 60 51 53 82 
82 46 28 13 99 63 31 53 94 39 49 67 43 76 45 49 97 97 83 14 77 93 53 6 9 41 89 48 56 57 8 29 92 38 12 85 81 66 53 36 65 65 96 22 32 21 90 16 5 34 28 2 17 6 73 49 54 17 24 57 84 32 51 21 44 54 89 86 25 18 90 86 13 77 70 1 18 25 54 11 15 23 30 96 79 70 93 98 52 14 19 3 59 64 54 53 59 100 50 59 79 44 44 95 78 38 43 53 92 97 35 67 61 97 82 45 91 75 94 97 59 30 69 43 93 9 40 56 
6 84 82 83 12 21 9 70 13 25 47 1 7 54 65 60 5 60 99 95 12 40 73 70 6 78 7 57 5 5 98 21 81 80 79 10 67 76 31 64 45 34 53 25 78 32 39 85 59 72 75 86 66 96 96 15 6 53 4 90 22 22 72 38 54 94 17 31 26 47 70 48 68 84 3 66 24 94 71 63 61 65 19 65 79 4 95 89 71 57 57 11 30 19 55 76 83 65 12 20 65 47 41 52 35 31 77 44 32 19 38 44 68 10 11 13 65 44 85 11 27 59 8 19 55 56 82 21 
48 14 3 99 99 55 12 30 53 21 39 32 76 68 78 44 52 72 98 32 73 32 6 64 2 99 58 14 90 48 57 43 40 20 73 3 8 61 30 10 23 26 24 42 19 79 20 33 93 59 42 93 69 82 9 29 44 36 87 42 68 94 21 56 92 60 2 33 78 63 7 16 32 24 29 35 23 42 1 10 8 81 61 96 56 18 40 6 33 98 56 91 67 76 15 16 42 4 47 17 60 66 27 58 45 45 13 79 18 69 49 27 55 12 2 98 8 84 11 41 93 100 44 91 71 66 51 100 
196 117 135 83 119 105 114 138 169 113 94 55 42 142 96 132 55 173 76 50 129 167 102 142 71 123 57 112 78 56 142 155 79 26 91 44 78 119 135 86 110 123 123 93 104 110 149 147 181 127 111 107 153 66 107 56 105 42 39 126 116 126 31 70 131 68 124 48 101 141 117 43 68 105 94 52 126 146 106 72 85 43 63 58 173 21 79 47 95 52 58 172 67 117 55 146 100 175 138 143 114 101 29 75 146 73 55 76 110 91 61 50 145 117 67 67 135 144 98 37 99 110 113 106 22 127 119 39 
117 176 117 75 47 102 97 87 167 118 118 118 97 74 90 87 175 124 106 87 55 70 108 77 76 93 162 127 151 85 70 86 86 159 25 56 143 146 47 87 37 189 159 131 94 86 141 121 56 73 16 66 47 135 114 33 163 107 134 59 154 76 130 138 32 86 173 175 69 133 110 123 117 152 62 111 159 81 148 69 132 138 136 147 108 52 108 98 102 143 101 103 137 100 62 96 136 80 169 136 51 132 107 50 138 155 42 120 54 127 128 41 162 58 106 123 88 116 132 191 121 85 98 188 143 137 148 96 
135 117 188 145 118 48 146 90 62 73 93 95 171 49 116 43 103 67 172 61 109 90 56 77 120 34 106 53 100 109 54 131 126 78 68 64 86 146 108 56 78 128 39 115 98 72 144 93 46 65 78 172 161 101 148 100 129 153 53 147 100 56 100 54 62 104 64 24 127 42 48 84 74 142 147 96 114 123 86 114 75 125 53 134 90 106 69 121 34 112 80 151 16 131 143 146 74 59 177 120 114 144 106 136 112 118 109 24 167 76 12 107 126 43 95 88 118 123 149 101 104 103 112 106 86 29 158 108 
83 75 145 62 93 149 58 172 70 60 72 135 73 130 83 181 129 103 37 47 87 49 87 72 119 60 99 117 60 167 75 107 83 157 160 66 84 102 103 146 98 116 84 108 170 114 118 116 110 147 74 65 73 119 28 156 182 96 181 56 108 124 83 153 150 54 156 121 6 115 69 108 134 159 63 109 103 160 147 85 41 144 83 126 61 143 128 172 41 91 64 60 160 99 115 148 184 114 68 58 166 107 188 154 108 69 109 132 85 53 125 176 123 103 99 152 76 62 95 97 53 61 38 115 160 125 31 25 
119 47 118 93 10 39 58 145 192 139 81 73 94 114 79 82 112 98 150 153 93 80 121 125 115 101 68 101 45 88 148 116 115 150 165 118 99 74 70 79 128 132 52 76 115 140 52 63 107 109 81 26 128 110 120 159 105 65 130 118 50 89 159 155 23 92 85 49 79 116 70 114 101 115 77 179 114 87 88 105 179 131 78 116 94 154 114 177 92 107 60 93 153 41 100 110 120 136 84 139 117 95 169 133 87 57 140 38 75 138 73 102 95 118 108 39 121 86 54 127 51 71 121 130 106 102 170 124 
105 102 48 149 39 64 12 111 32 38 124 32 75 82 30 78 180 158 44 140 61 103 123 100 187 68 139 123 140 137 163 58 63 90 87 87 41 61 76 95 69 98 142 108 86 85 163 178 92 80 127 119 70 169 154 115 88 144 19 68 74 53 125 103 71 77 93 121 105 89 114 97 124 121 115 115 122 192 147 162 145 120 89 94 161 169 39 106 112 19 136 91 95 46 98 85 83 41 189 73 81 91 173 118 115 95 83 90 114 65 101 98 93 77 105 123 92 100 163 90 69 53 124 156 124 85 12 104 
114 97 146 58 58 12 200 72 106 116 31 45 102 84 92 111 140 128 149 75 161 165 116 170 34 118 143 46 80 62 80 98 21 113 98 93 75 117 109 67 156 91 37 89 56 129 69 22 88 127 35 161 73 150 130 137 24 123 113 44 18 94 160 61 155 137 176 133 88 115 37 16 83 37 122 67 58 86 114 32 144 163 98 65 79 69 93 144 89 105 33 37 7 140 78 37 162 59 183 33 46 34 156 96 73 117 44 122 97 74 96 188 118 40 110 40 108 95 50 141 94 76 99 90 178 89 137 107 
138 87 90 172 145 111 72 156 101 87 110 114 97 8 174 30 129 51 63 110 103 165 169 113 60 193 127 172 59 104 175 119 172 58 77 169 115 142 28 5 54 53 78 67 79 109 100 59 127 160 167 123 144 43 79 100 112 103 108 125 93 100 81 133 76 119 48 158 46 73 95 36 18 27 14 39 70 97 126 109 48 60 90 176 100 96 117 144 57 148 101 92 177 114 101 81 82 111 165 188 44 101 87 149 103 125 88 11 113 106 68 66 41 137 111 146 134 87 89 61 31 145 81 28 102 107 106 65 
169 167 62 70 192 32 106 101 198 43 92 122 58 82 110 25 188 72 110 90 191 58 45 98 44 157 27 36 76 132 141 149 161 75 94 62 106 75 90 113 91 121 88 52 103 175 120 98 191 50 70 50 89 78 122 120 119 135 115 143 137 105 55 162 60 48 129 157 121 89 74 83 155 91 102 91 113 40 127 153 125 68 180 137 117 165 103 115 171 116 130 156 129 146 119 63 39 67 112 58 54 124 140 83 154 149 97 73 63 100 111 109 40 169 89 176 66 128 104 109 94 81 163 104 74 39 167 166 
113 118 73 60 139 38 116 87 43 130 29 105 51 133 156 86 77 131 114 64 87 153 91 66 114 142 161 97 147 71 56 179 145 80 155 127 113 26 72 42 107 85 69 69 115 142 68 87 107 76 100 3 122 87 185 103 109 98 128 68 76 192 72 158 169 53 66 119 21 100 131 112 65 13 96 149 121 148 170 98 83 114 92 169 76 8 105 151 80 120 95 111 85 49 91 109 108 134 93 97 99 123 90 48 70 157 37 102 140 133 135 72 109 67 173 55 162 29 152 119 87 88 155 124 66 106 145 168 
94 118 93 72 81 124 31 110 92 29 148 107 91 72 94 79 173 63 139 110 104 159 129 94 86 112 118 129 142 144 79 128 169 119 133 124 158 125 133 90 38 92 6 89 145 67 28 117 97 82 122 134 71 65 91 158 57 46 102 141 72 124 84 116 80 66 139 101 75 90 46 101 91 124 99 91 104 96 153 55 44 130 33 72 105 87 59 123 197 135 196 111 105 102 20 185 28 123 176 51 64 132 93 95 156 51 121 40 19 81 136 96 84 16 99 112 32 104 103 194 102 135 90 85 125 99 162 40 
55 118 95 135 73 32 45 114 122 105 107 14 155 172 73 174 66 89 94 178 117 99 147 58 53 75 91 141 182 117 72 128 121 22 98 145 68 108 131 37 112 182 49 119 50 129 183 103 32 33 139 59 162 153 27 125 110 93 68 103 123 112 127 153 120 64 112 97 70 31 144 123 160 76 122 15 73 111 107 103 25 141 27 78 131 49 32 47 73 36 173 54 87 83 72 186 21 87 194 177 124 133 96 137 162 75 133 137 116 123 34 136 96 132 88 52 75 39 24 50 127 61 59 137 175 177 47 91 
42 97 171 73 94 75 102 97 58 51 91 155 62 99 63 77 97 86 117 128 99 105 127 86 78 148 125 55 32 22 92 127 131 82 90 145 148 105 140 146 94 118 93 15 103 121 67 116 65 36 75 56 171 88 99 177 67 88 96 156 124 61 73 94 138 96 103 124 107 163 46 124 23 50 142 96 143 105 135 84 108 109 36 121 179 71 65 61 177 105 128 19 115 42 112 23 112 60 187 138 47 143 74 131 123 133 103 120 152 76 62 90 105 74 86 153 116 172 34 110 114 80 155 53 109 76 162 170 
142 74 49 130 114 82 84 8 82 133 72 172 99 80 42 128 88 180 87 110 50 95 75 82 105 106 187 58 7 49 108 128 72 41 107 53 73 67 132 142 115 21 123 67 112 19 114 125 121 101 144 108 73 161 62 87 132 146 172 99 99 46 147 65 120 102 68 70 183 64 60 12 32 123 178 115 40 144 160 103 139 85 103 112 47 195 145 153 94 141 74 73 107 150 118 73 73 184 59 41 74 154 142 146 78 142 119 72 140 128 125 90 122 142 99 117 135 108 30 127 174 85 79 139 117 34 15 89 
96 90 116 83 79 30 92 174 110 156 94 73 63 42 118 32 69 61 167 101 81 89 112 141 121 67 150 75 53 42 111 132 68 138 149 111 112 49 73 180 110 19 93 132 131 104 120 102 80 96 180 36 125 100 11 57 142 86 57 128 135 55 100 60 102 78 42 74 51 111 83 58 96 12 125 105 83 110 81 42 88 10 132 143 63 159 58 145 17 143 128 81 159 18 89 96 70 130 80 59 145 117 143 116 149 67 61 64 97 168 82 85 148 95 147 73 156 55 173 169 111 136 122 160 128 20 19 82 
132 87 43 181 82 78 111 30 25 86 79 174 77 128 32 100 119 58 150 67 53 41 162 126 136 85 30 82 114 92 72 79 42 175 87 133 167 98 121 147 157 89 14 58 153 156 121 125 16 101 131 161 103 81 30 100 92 54 58 135 97 17 84 132 19 120 121 80 164 98 174 124 81 81 98 57 126 127 84 83 30 23 80 101 109 129 55 121 28 6 121 19 9 126 63 138 84 115 53 93 157 44 32 136 88 55 162 63 31 87 95 120 132 185 90 91 30 146 79 122 150 53 161 38 73 9 80 118 
55 175 103 129 112 180 140 129 188 77 173 66 97 88 69 119 174 148 93 70 155 98 154 132 88 40 121 108 133 165 118 66 140 112 124 60 137 16 162 67 81 22 68 67 51 119 79 87 44 102 16 56 23 103 172 66 141 106 107 75 39 138 96 59 93 82 152 73 127 105 75 116 75 110 148 41 148 45 94 98 58 101 148 171 142 133 156 128 51 186 63 103 24 133 131 81 24 148 48 137 157 43 142 124 124 115 128 118 106 116 135 111 185 57 27 115 58 134 92 183 119 65 43 70 130 111 97 76 
173 124 67 103 98 158 128 51 72 131 63 89 86 180 61 58 148 78 59 118 66 98 65 79 118 124 112 105 86 174 71 94 143 162 153 122 164 112 140 121 46 94 53 135 118 146 6 47 110 140 189 59 108 37 83 51 163 17 33 89 165 85 184 19 61 70 95 128 88 117 147 30 75 67 107 159 103 139 32 120 131 113 120 115 154 45 149 117 124 68 73 50 105 187 44 151 75 178 51 81 133 33 68 104 90 115 151 46 97 112 132 106 140 100 82 133 90 119 107 70 17 135 32 6 169 115 114 82 
76 106 172 37 150 44 149 63 110 114 139 94 117 87 167 150 93 59 172 92 51 108 73 105 99 97 39 107 48 75 117 99 122 139 24 151 151 106 99 103 69 77 105 147 91 119 88 125 57 48 72 69 130 29 57 84 65 36 102 101 93 110 158 49 48 123 144 52 147 87 154 57 103 97 181 97 117 66 153 85 151 124 67 92 24 42 71 100 89 124 99 88 121 76 123 100 66 146 109 173 99 127 103 115 150 82 120 69 107 112 73 139 107 81 94 169 37 121 162 22 153 144 165 153 22 141 138 103 
50 87 61 47 153 140 75 110 90 64 110 178 128 110 101 67 70 118 92 198 134 25 115 121 122 34 96 110 178 122 103 90 111 140 78 64 80 116 77 122 110 91 166 68 45 76 17 59 55 26 18 89 169 19 128 36 111 83 108 107 78 125 99 110 160 63 51 107 143 95 46 43 103 42 67 175 122 129 82 117 110 88 157 113 124 94 162 170 112 92 96 137 13 119 35 69 87 173 105 118 126 148 118 45 80 155 83 171 122 96 13 71 187 125 74 137 159 92 79 41 116 137 138 73 149 115 134 103 
129 55 109 87 93 61 161 103 191 87 104 117 99 50 81 53 155 66 51 134 142 46 5 93 88 106 171 122 118 62 45 71 112 148 55 118 100 32 108 112 138 62 131 141 145 122 120 159 123 163 137 105 24 189 90 102 39 107 61 60 89 48 62 133 145 62 75 136 97 141 146 158 76 48 120 102 153 73 155 149 114 91 110 167 99 174 85 178 149 146 68 96 119 30 35 64 80 90 60 53 49 107 107 128 143 88 57 166 152 114 86 182 157 35 41 133 66 138 105 79 127 54 127 87 115 23 171 148 
167 70 90 49 80 103 165 165 58 153 159 99 105 95 89 41 98 98 108 25 46 18 71 95 140 89 133 127 56 151 106 100 130 52 119 145 73 127 89 165 135 93 91 168 135 69 151 159 149 143 97 149 46 157 185 75 66 81 87 164 72 157 100 128 112 118 105 59 26 183 165 84 75 37 74 139 90 145 87 75 43 148 108 62 95 108 66 102 124 86 74 102 42 43 106 83 160 74 74 127 44 71 103 128 86 92 140 37 16 148 132 84 146 55 43 155 70 151 119 171 130 54 187 181 159 74 73 53 
102 108 56 87 121 123 116 169 45 91 129 147 127 75 112 162 154 65 73 115 5 71 36 159 174 73 104 127 72 85 121 120 96 60 77 24 65 18 111 66 110 180 119 104 122 175 46 106 99 70 143 70 175 91 168 108 61 90 89 50 74 61 119 47 104 148 86 188 43 88 102 42 150 92 115 80 146 124 49 56 92 98 39 70 91 107 23 68 153 160 95 144 99 146 39 101 139 116 63 101 103 75 146 162 51 135 53 70 139 46 95 148 126 122 122 134 47 98 139 117 47 127 120 78 66 63 62 180 
142 77 77 72 125 100 170 113 98 66 94 58 86 82 141 126 132 79 105 121 93 95 159 122 31 118 164 99 88 37 146 75 50 153 126 156 58 85 69 184 78 127 129 109 181 121 140 60 158 95 71 119 173 111 104 84 69 119 45 117 88 161 172 85 147 67 150 167 56 81 107 152 159 106 45 99 102 90 44 169 70 135 174 51 67 46 125 134 83 29 112 62 160 169 85 18 135 95 46 56 186 121 6 127 114 78 113 118 85 179 67 127 67 26 61 111 112 128 175 40 123 36 95 161 141 155 126 128 
71 76 120 119 115 187 34 60 44 114 86 53 78 105 121 136 88 118 99 122 88 140 174 31 102 187 106 120 50 136 107 156 85 40 50 87 84 81 145 60 136 127 135 28 25 53 139 132 108 62 142 116 56 57 83 108 147 135 135 69 114 100 117 128 90 118 25 128 94 83 127 158 158 77 46 98 124 146 97 166 63 105 95 38 126 35 96 128 128 154 152 174 170 85 158 78 32 150 135 33 104 134 129 115 103 72 46 77 159 108 77 89 69 137 80 62 9 116 70 86 188 70 34 3 123 87 141 141 
123 93 34 60 101 68 118 193 157 142 112 75 148 106 67 85 40 124 97 34 106 89 73 118 187 148 56 60 127 133 61 94 86 68 67 163 87 174 132 111 66 93 111 125 57 92 175 43 119 155 100 38 115 117 102 27 129 121 80 62 131 143 181 70 80 105 85 16 79 117 80 84 108 71 136 46 91 103 140 115 73 166 107 44 38 109 111 72 87 98 102 61 166 78 154 171 77 182 133 61 119 113 55 138 117 55 89 130 115 109 36 43 91 130 166 115 118 60 164 144 65 136 122 175 20 114 100 112 
57 162 106 99 68 139 143 127 27 161 118 91 125 187 150 30 121 112 39 96 171 133 104 164 106 56 24 98 63 130 60 117 152 138 111 114 134 85 56 96 50 140 132 133 68 54 104 115 145 80 55 182 71 47 100 110 73 129 112 47 59 178 69 79 149 87 36 145 85 92 130 127 95 136 83 93 171 106 84 44 97 142 128 24 105 151 103 133 22 49 103 80 48 112 10 76 81 73 128 168 190 32 87 145 166 110 144 126 158 139 154 111 57 132 128 106 167 101 174 77 102 56 141 182 84 51 126 124 
112 127 53 117 101 123 46 172 36 97 129 141 55 58 75 82 108 105 107 110 122 127 127 99 120 60 98 90 40 112 48 113 76 86 92 186 68 40 95 153 144 43 58 100 99 158 79 102 106 130 165 53 163 132 69 76 194 58 78 128 76 129 79 141 104 75 132 95 65 118 91 144 80 65 52 103 109 62 26 74 114 54 154 93 76 111 184 56 64 20 144 85 81 49 121 92 90 162 34 162 127 52 95 125 60 137 69 73 68 55 129 107 125 33 28 93 82 176 53 110 98 63 86 171 126 141 40 159 
78 151 100 60 45 140 80 59 76 147 142 182 32 7 53 114 133 86 48 178 118 56 72 88 50 127 63 40 120 106 135 11 182 100 143 157 179 153 138 118 4 179 149 77 127 80 67 128 106 90 99 63 101 127 82 179 95 149 36 79 110 136 172 58 120 134 47 127 91 121 89 143 162 169 104 50 118 113 111 105 124 188 126 119 30 132 120 158 28 169 108 78 94 88 76 143 136 66 79 77 37 96 96 90 96 56 51 101 100 9 111 119 60 127 149 85 68 89 104 116 130 46 129 162 81 112 143 172 
56 85 109 167 88 137 62 104 132 71 144 117 22 49 42 92 165 174 75 122 62 151 85 37 136 133 130 112 106 72 146 144 94 112 66 81 96 82 102 67 66 40 133 133 115 85 67 174 121 74 196 55 52 156 11 113 148 83 33 113 98 75 103 106 108 150 78 35 67 59 161 86 45 151 118 145 122 151 132 110 64 64 188 160 127 106 109 59 78 66 166 105 106 69 137 170 103 113 133 108 75 102 70 65 115 114 96 37 52 111 63 96 52 74 88 86 122 135 113 49 105 85 137 116 150 76 16 86 
142 70 54 75 148 163 80 175 141 56 79 72 92 108 111 72 118 71 117 103 45 106 121 146 107 61 60 48 135 146 24 136 107 50 87 32 140 168 85 97 143 74 113 104 97 117 58 92 142 130 135 35 112 53 84 77 122 144 85 108 92 165 29 59 165 185 32 53 97 78 76 121 14 92 147 112 150 41 154 34 152 116 112 99 56 43 75 92 60 129 116 66 95 135 29 80 114 83 61 94 72 127 27 127 104 141 107 64 106 68 148 91 120 173 100 106 118 110 15 120 136 34 119 122 21 137 80 41 
155 86 131 107 116 58 98 119 149 179 128 128 127 128 132 79 66 94 99 90 71 100 120 75 156 94 117 113 11 144 136 12 71 35 137 46 19 108 126 62 96 26 99 146 127 114 25 155 104 33 47 169 57 115 138 141 56 134 5 185 37 69 75 88 85 115 134 92 136 101 144 64 26 64 113 104 126 51 105 178 100 123 134 100 149 108 49 106 94 66 148 43 145 99 167 164 103 150 83 60 32 109 95 85 112 135 88 16 121 126 100 99 142 140 46 123 98 41 155 109 98 186 154 112 140 115 99 171 
79 86 126 83 115 63 21 172 161 145 169 121 131 72 68 42 140 143 122 111 112 130 96 50 85 86 152 76 182 94 107 71 138 169 102 16 22 117 43 157 114 69 59 132 167 126 103 175 123 119 152 110 166 73 76 167 102 130 49 84 109 170 100 75 86 122 122 66 140 110 131 69 118 160 98 194 94 80 123 105 117 91 52 47 162 59 166 76 116 125 134 116 149 140 58 142 112 143 78 74 36 108 100 45 38 55 89 55 105 70 104 127 87 55 183 137 55 100 143 14 66 84 178 93 178 113 97 46 
26 159 78 157 150 90 113 58 75 80 119 22 82 41 138 175 112 162 139 140 148 52 60 153 40 68 138 86 100 112 50 35 169 12 108 55 138 113 164 112 193 125 120 24 89 22 80 93 56 119 114 195 99 68 147 88 64 54 59 96 17 46 70 64 121 170 89 71 104 108 142 88 102 133 145 54 113 149 78 196 89 115 76 123 134 111 74 106 41 127 91 68 108 97 31 142 55 173 77 160 78 86 120 81 100 47 87 73 98 66 87 105 117 113 152 110 73 63 112 75 183 75 67 70 67 128 138 42 
91 25 68 160 165 87 98 77 94 155 133 98 90 107 149 87 124 153 24 78 55 119 77 126 50 67 111 92 143 66 87 137 102 108 50 68 108 80 115 156 112 110 92 183 125 51 93 63 96 101 59 186 143 125 112 144 112 57 119 112 131 145 99 125 124 87 108 117 132 172 107 68 66 143 78 87 86 102 130 43 102 100 106 32 175 108 93 20 117 114 48 77 62 121 171 109 33 70 66 89 84 55 57 113 66 88 150 121 83 101 80 66 101 52 30 74 186 116 130 110 105 79 182 100 82 129 53 177 
44 56 64 66 118 87 93 169 62 127 124 145 145 53 111 133 60 122 151 64 118 145 24 156 87 163 114 186 157 81 32 46 16 55 68 140 142 171 148 66 70 144 57 166 140 94 144 54 44 128 107 133 130 169 95 96 53 89 77 92 131 124 174 71 46 81 110 82 112 93 53 148 118 85 93 84 30 148 112 91 107 138 34 95 118 109 159 187 65 137 139 98 24 93 139 123 36 141 78 95 21 144 167 54 104 91 37 110 90 94 145 164 191 129 104 55 152 78 51 175 129 26 103 105 92 164 188 134 
78 143 86 84 99 41 75 115 106 113 158 68 148 73 112 167 137 164 151 80 100 73 65 58 84 87 134 68 179 96 140 19 22 138 108 142 130 60 50 68 118 61 174 79 124 88 97 65 155 77 135 118 117 57 51 121 149 137 170 142 26 78 120 160 102 90 48 112 142 88 157 99 144 102 96 91 132 107 118 136 153 80 43 148 125 99 109 84 148 112 121 132 118 114 89 60 128 69 73 138 126 98 134 65 93 59 72 108 136 126 128 190 93 115 107 68 92 78 112 36 94 86 65 134 83 119 142 141 
119 146 146 102 74 61 117 142 75 26 125 108 105 67 49 98 16 112 106 116 32 127 18 85 81 174 85 40 153 82 168 108 117 113 80 171 60 118 100 50 92 101 155 174 86 103 173 73 62 55 140 114 94 75 81 136 75 98 85 102 75 133 100 90 176 116 185 46 109 155 37 19 113 87 89 95 135 26 50 95 141 40 34 122 55 67 93 159 100 65 122 76 90 66 165 110 28 14 108 192 108 134 44 89 80 183 77 105 53 117 109 80 70 99 123 115 97 110 59 102 14 135 81 112 141 107 46 136 
135 47 108 103 70 76 109 28 90 72 133 131 140 132 73 121 162 140 99 77 108 89 111 69 145 132 56 95 138 102 85 126 43 164 115 148 50 100 8 89 147 29 57 7 151 184 55 148 146 106 168 73 85 180 93 28 143 89 46 53 134 103 165 63 108 92 151 82 88 121 98 59 130 66 127 128 83 89 71 135 51 106 31 108 125 135 115 94 101 97 153 73 106 186 86 78 39 92 114 35 125 90 85 78 78 24 149 71 105 103 81 132 23 48 138 79 38 86 182 168 97 99 171 40 67 75 42 131 
86 87 56 146 79 95 67 5 113 42 90 37 146 142 180 147 67 121 103 122 112 165 66 184 60 111 96 153 118 67 97 62 157 112 156 66 68 50 89 140 108 99 69 119 141 139 66 142 106 52 97 133 81 100 134 154 88 104 108 109 101 83 161 37 111 156 163 58 128 78 35 19 103 79 79 93 22 161 126 168 86 76 84 188 114 108 107 61 66 103 33 68 11 124 89 81 140 187 79 84 78 62 102 77 105 107 129 103 62 74 41 90 111 97 34 55 176 114 65 147 110 97 24 130 166 106 136 129 
110 37 78 98 128 69 156 54 91 107 38 112 94 115 110 157 81 46 69 110 138 135 110 78 136 66 50 144 4 66 143 96 114 193 112 70 118 92 147 108 30 110 76 45 89 148 36 129 75 189 161 125 105 68 112 19 146 49 61 180 89 16 143 30 98 41 94 37 97 146 136 167 56 126 78 39 149 92 110 116 95 68 153 149 104 62 90 104 113 135 156 37 89 97 66 54 115 71 125 120 96 81 112 104 21 59 77 81 69 156 101 168 51 151 150 88 60 83 123 144 67 123 64 178 104 158 152 77 
123 189 128 116 132 98 91 53 121 85 92 182 118 21 19 89 22 94 77 91 62 93 180 127 127 93 140 43 179 40 74 26 69 125 110 144 61 101 29 99 110 14 107 108 112 130 54 63 88 133 118 145 42 18 120 143 172 117 52 138 143 64 65 97 55 69 133 54 107 70 103 104 93 98 100 89 62 29 148 106 116 168 147 111 160 67 104 146 81 138 103 47 108 123 115 63 151 54 98 127 107 65 177 82 92 87 97 109 95 66 40 61 103 88 77 50 105 127 107 121 88 90 146 68 55 123 97 142 
123 159 39 84 52 142 37 78 88 69 6 49 93 123 93 14 68 53 105 166 131 91 119 129 135 111 132 58 149 133 113 99 59 120 92 57 174 155 57 69 76 107 64 116 64 98 119 66 69 113 91 67 47 69 91 119 56 108 157 103 110 136 122 40 72 110 151 47 38 40 88 101 118 74 131 36 98 55 34 38 138 76 60 76 95 106 25 48 124 162 78 131 150 75 78 162 98 77 144 25 138 69 163 152 108 88 150 101 124 84 13 130 143 99 87 124 69 100 138 19 95 72 178 118 120 137 143 78 
93 131 115 108 76 108 89 67 52 69 89 119 15 67 132 58 67 135 147 68 141 168 104 109 28 125 133 100 77 133 104 146 132 24 183 166 79 174 7 119 45 108 116 84 98 72 72 141 149 138 77 100 161 109 122 102 109 96 78 72 11 106 163 104 61 87 41 97 147 120 43 117 157 131 100 167 73 142 126 58 118 164 190 125 183 183 160 99 145 104 49 143 52 76 65 117 63 129 100 19 116 131 141 122 50 140 55 138 137 100 118 139 149 86 88 119 121 165 69 122 132 125 167 47 113 110 126 98 
104 94 98 170 115 86 56 79 103 115 145 50 103 112 131 153 51 118 91 45 145 135 122 181 25 57 68 99 127 115 97 127 167 89 125 140 124 86 151 141 89 112 64 98 152 73 109 88 53 106 112 87 94 89 81 60 96 176 65 157 137 131 105 136 78 69 65 175 84 90 123 85 42 103 50 107 62 88 78 61 84 63 80 83 60 67 73 86 75 146 102 158 119 62 53 14 88 112 154 69 106 118 61 79 139 128 136 146 139 103 101 153 148 156 81 62 134 101 74 111 119 159 115 95 90 159 121 102 
110 86 72 114 140 85 129 109 175 142 67 129 121 19 104 156 119 146 119 76 122 69 175 121 53 92 54 158 80 85 117 114 126 22 51 94 88 103 184 139 148 130 98 72 73 48 179 148 135 13 25 158 181 66 141 120 60 26 177 38 120 146 112 108 102 120 90 110 66 148 84 159 69 143 153 124 92 93 102 73 95 149 91 38 120 119 94 36 78 100 142 30 89 52 130 109 95 92 67 61 57 101 136 141 67 95 120 124 83 161 82 141 103 151 38 138 40 94 93 45 146 149 82 76 107 48 57 24 
149 141 144 118 52 163 69 100 120 68 28 183 67 114 120 121 79 6 88 17 120 151 46 140 139 175 104 79 67 67 58 25 103 80 93 144 97 173 55 66 36 54 119 72 109 179 28 125 148 98 117 141 90 42 173 97 161 92 74 77 112 78 73 95 140 138 37 102 133 106 36 173 42 113 112 182 95 72 57 121 129 158 93 92 174 130 130 145 26 93 139 102 108 37 51 32 94 53 72 139 142 70 89 155 170 126 27 59 101 61 41 92 74 180 136 131 78 72 119 143 101 86 99 109 85 66 177 123 
147 121 93 116 63 178 22 59 98 87 117 103 116 125 102 125 87 47 125 59 159 159 106 60 132 43 115 102 128 174 92 155 175 93 63 54 65 73 148 142 129 63 66 141 88 148 125 26 125 155 75 85 79 133 131 79 100 111 73 28 52 47 118 142 86 66 147 47 110 108 145 30 112 136 56 103 131 82 22 103 119 126 93 161 114 117 43 176 40 44 97 128 94 161 35 72 106 86 62 77 150 109 145 54 102 116 141 123 65 102 83 26 137 31 140 83 79 120 149 15 66 43 71 114 127 35 103 133 
181 56 46 110 107 92 88 127 191 107 97 32 65 121 80 16 44 110 57 55 123 149 99 158 108 119 145 106 106 121 142 104 123 56 96 44 155 62 146 106 75 88 69 149 53 135 148 125 54 38 105 122 11 112 111 90 132 30 171 151 75 72 153 136 80 124 95 125 87 96 140 52 69 39 92 90 27 158 123 96 93 83 19 41 136 134 112 115 48 128 152 60 176 18 112 52 111 110 97 138 70 170 180 29 103 111 62 111 44 85 111 16 119 163 118 88 37 67 84 162 148 95 137 95 175 168 126 86 
127 73 65 147 109 80 127 160 50 76 82 33 36 101 96 101 102 140 48 26 163 143 70 95 62 155 80 130 90 74 130 33 119 119 101 128 77 55 106 52 189 133 113 138 106 13 98 155 38 2 178 103 76 131 139 193 78 193 45 69 31 127 93 113 33 106 94 64 99 56 66 60 100 50 167 100 152 129 72 111 81 42 163 50 64 11 148 149 154 13 58 109 115 118 39 38 99 87 171 127 132 37 60 109 98 134 36 142 150 124 93 86 95 148 90 117 131 97 91 96 79 137 130 146 97 96 170 126 
111 16 78 74 81 127 35 167 70 100 122 139 75 144 180 131 16 189 72 18 137 97 143 71 142 100 55 165 99 196 135 47 152 114 59 107 135 140 168 97 161 118 91 77 112 25 117 75 105 178 36 171 75 160 35 74 111 78 98 135 129 118 103 91 95 90 188 90 64 52 110 136 95 92 97 114 150 41 19 124 84 44 60 53 109 121 74 169 179 84 82 129 82 51 97 86 36 97 65 94 92 112 146 150 54 50 120 85 34 122 170 132 134 101 131 100 54 157 141 61 166 147 96 133 107 157 95 140 
107 66 172 65 26 119 161 123 50 3 134 59 56 108 36 161 56 59 69 89 105 149 70 119 116 38 182 53 63 55 35 169 110 195 186 133 118 114 73 133 125 145 67 100 87 158 141 85 122 103 171 64 98 125 149 187 105 109 161 132 153 148 142 56 146 160 104 83 19 116 81 110 155 67 109 86 112 131 149 80 157 185 160 80 34 80 48 62 96 80 135 39 73 111 26 59 134 81 154 102 78 88 162 126 146 133 138 83 91 68 37 47 80 137 79 112 162 147 100 127 176 108 91 89 167 162 142 107 
153 47 161 73 128 70 73 144 89 122 71 162 171 73 125 103 23 108 130 169 24 46 175 173 56 115 71 163 101 52 112 57 166 99 143 130 117 94 85 81 105 42 47 161 94 181 90 79 11 76 75 98 90 161 178 102 125 148 83 63 86 90 93 92 153 59 131 161 24 71 98 59 118 98 139 86 149 113 135 108 109 178 115 60 50 61 50 108 33 47 161 73 161 58 25 71 48 65 76 93 40 182 102 192 148 115 92 107 98 95 125 44 119 97 151 62 82 116 47 81 91 139 173 173 114 93 114 114 
66 135 101 119 110 169 150 43 78 87 65 153 88 161 100 81 103 37 29 19 189 157 91 111 57 117 47 132 127 156 53 115 73 68 125 169 57 75 180 100 68 18 69 109 89 66 42 133 112 131 160 125 161 110 26 51 90 42 84 97 118 142 139 96 114 90 78 145 78 72 91 105 117 131 133 60 142 144 164 134 39 149 182 136 115 46 73 122 198 85 75 71 112 162 7 88 83 166 47 96 72 140 146 92 85 73 128 91 111 93 111 66 127 151 91 53 72 39 131 82 166 139 84 62 84 89 92 85 
107 114 148 28 120 154 130 79 122 185 91 27 99 62 11 30 172 83 57 128 90 185 168 104 83 102 100 69 82 11 84 138 76 147 112 95 51 81 93 134 112 120 91 122 81 141 173 131 111 139 35 149 178 26 32 82 93 86 109 152 37 136 127 82 146 145 93 107 170 103 163 89 115 32 105 159 126 18 12 143 33 108 132 104 111 49 127 91 85 157 172 34 86 102 131 109 135 155 90 83 94 59 24 108 103 78 91 152 41 85 48 123 148 101 114 153 116 90 109 59 115 26 112 78 28 109 58 128 
56 33 100 156 159 115 137 100 120 103 158 125 177 87 57 100 66 51 84 36 102 75 108 84 108 27 110 76 179 113 77 141 167 88 144 96 121 136 28 154 19 143 119 102 60 120 97 79 90 193 74 187 102 51 82 70 65 113 133 164 94 43 65 151 55 151 52 109 150 128 59 121 162 80 114 73 29 121 57 118 96 98 141 40 34 117 33 100 98 126 175 55 91 78 140 97 140 101 44 188 81 28 45 109 59 80 46 124 96 116 49 106 69 92 92 124 83 55 134 175 166 87 47 103 99 75 146 120 
105 163 129 182 105 88 24 112 119 109 57 110 67 132 142 92 141 163 65 111 39 66 61 69 147 129 73 194 95 148 122 56 102 64 112 53 149 75 143 88 146 172 56 109 96 60 161 100 132 78 111 105 125 90 93 65 188 64 117 126 55 84 90 56 70 131 84 42 126 111 83 118 108 75 164 105 142 170 80 95 145 129 6 64 82 94 138 96 121 109 92 187 99 84 59 72 111 180 172 40 77 105 162 69 94 69 93 58 185 47 116 108 147 141 108 89 96 134 48 61 165 82 97 91 71 166 144 55 
42 107 153 96 65 144 123 103 135 98 46 93 88 146 86 54 106 17 36 83 107 81 90 119 135 121 129 58 149 83 144 134 130 54 57 89 137 98 89 104 49 117 108 96 176 26 92 111 30 193 78 109 148 42 86 113 64 112 63 86 132 48 104 90 119 59 66 55 86 121 52 107 94 114 76 164 69 126 113 52 81 91 135 97 191 85 14 135 141 129 75 99 104 113 138 80 105 51 31 103 115 36 95 103 63 136 47 100 115 85 190 87 138 66 46 35 140 106 94 168 88 100 91 74 95 105 111 50 
39 134 53 181 130 19 113 108 115 128 102 68 96 172 57 58 107 33 102 108 61 87 89 45 135 80 112 78 36 33 85 5 49 59 119 77 170 85 46 108 61 52 157 78 65 177 74 73 171 45 98 161 83 84 109 133 117 63 146 169 116 66 40 149 107 106 76 93 48 157 75 112 107 178 80 73 151 71 65 144 15 93 102 83 153 116 123 28 18 136 13 183 109 138 156 163 104 77 34 87 158 57 55 56 126 82 153 23 95 150 118 76 96 51 89 107 91 117 31 177 135 107 153 52 34 132 135 57 
126 59 147 56 118 68 44 125 143 68 141 103 156 99 128 135 75 89 101 107 60 164 50 117 69 62 47 128 79 113 108 185 84 96 112 92 142 102 53 109 180 138 103 72 157 38 77 28 151 69 135 132 63 97 152 164 126 86 169 66 31 56 42 89 158 76 94 85 111 35 197 171 154 149 149 91 55 86 64 167 170 38 94 114 161 111 97 62 149 122 42 72 143 78 67 80 165 102 131 100 37 140 98 186 91 13 78 112 128 81 75 161 149 38 59 40 149 80 140 73 151 173 123 85 61 86 36 90 
116 154 100 108 50 74 18 93 137 76 72 123 124 99 135 97 39 165 93 78 89 72 74 88 114 131 59 76 110 98 92 37 109 17 131 131 26 75 134 101 89 143 110 11 137 120 112 52 75 31 129 153 86 118 37 94 55 132 116 31 26 78 147 85 78 56 99 132 123 81 132 92 119 132 30 68 81 129 90 149 92 154 116 119 31 106 87 90 61 101 71 98 27 45 102 54 121 102 61 101 123 82 154 72 71 120 36 41 77 95 92 127 69 79 74 125 197 86 125 99 114 45 142 141 126 108 73 79 
126 76 56 124 89 53 94 100 105 192 124 112 61 46 55 17 138 85 110 125 48 157 61 161 100 143 178 129 136 75 165 69 170 46 145 124 78 133 103 83 16 64 136 106 131 146 78 47 72 127 118 148 90 142 136 43 84 48 66 56 78 90 98 50 80 47 120 196 153 48 90 96 172 130 119 165 109 105 168 154 84 158 98 49 171 184 79 44 123 171 98 68 103 99 32 99 124 70 142 85 101 135 156 120 99 56 62 91 110 75 112 144 35 99 148 86 55 74 78 103 168 70 111 117 71 85 58 164 
31 130 100 83 159 125 160 81 55 72 84 127 73 147 100 84 96 184 158 99 62 100 119 172 117 181 69 79 172 103 29 75 100 70 99 174 120 100 165 161 143 65 122 163 105 112 73 118 153 93 103 142 93 139 127 65 90 104 40 42 147 98 46 113 50 65 107 21 31 112 45 150 85 48 73 152 129 86 146 173 58 46 157 23 116 79 129 107 32 102 141 141 57 93 28 106 39 180 92 73 135 94 168 112 30 60 90 42 125 73 167 131 94 88 151 108 129 67 171 124 128 120 34 60 96 32 108 50 
70 138 54 153 155 103 61 133 162 158 116 153 94 65 60 132 59 19 49 110 133 128 47 85 128 70 79 141 58 106 59 88 75 64 125 71 160 90 63 37 30 97 40 104 136 108 95 142 136 113 91 56 92 96 82 151 56 90 149 89 85 50 113 100 97 66 158 88 181 77 135 107 115 46 113 72 64 157 68 77 130 45 160 55 174 162 58 35 168 110 114 123 185 98 112 130 135 71 113 158 187 131 175 72 170 46 126 141 66 83 104 144 101 75 146 117 107 143 177 99 55 127 32 73 98 129 12 98 
131 32 62 150 23 71 155 76 60 169 80 120 138 120 102 19 93 61 48 160 145 112 104 147 90 80 149 104 120 108 165 85 86 121 124 46 102 176 108 111 98 55 72 61 78 102 140 86 80 33 95 146 153 114 146 55 70 119 107 158 78 80 50 97 86 32 159 89 64 163 123 80 41 149 118 174 73 68 107 113 151 118 92 48 182 112 82 125 157 97 146 138 48 171 127 90 185 129 73 103 165 139 74 66 108 87 47 100 115 33 46 167 69 134 116 68 79 68 93 123 71 82 67 134 120 132 151 120 
68 86 104 54 92 77 137 119 48 53 66 64 96 102 78 120 82 70 123 63 62 118 148 67 118 105 87 75 134 150 185 115 122 170 87 81 90 116 92 156 41 69 110 87 69 120 138 66 124 106 90 160 59 90 145 151 131 59 106 76 56 47 65 66 32 94 146 69 126 120 98 27 95 90 121 40 107 122 44 58 62 141 195 82 91 148 169 137 106 183 105 141 67 70 151 42 117 141 108 56 115 80 141 115 111 81 133 173 121 89 134 127 55 66 105 130 102 130 31 113 113 121 187 72 36 148 143 57 
124 173 64 156 85 93 176 48 129 66 139 112 103 68 42 121 152 95 144 51 75 105 86 150 25 85 36 132 47 78 32 134 122 89 108 110 48 185 151 163 94 133 151 41 65 90 37 147 95 94 188 104 131 78 93 52 84 66 76 94 99 120 107 158 159 146 140 53 96 91 85 121 84 134 105 100 75 121 131 118 154 12 92 100 59 142 120 113 41 101 102 134 121 117 93 93 92 98 139 181 83 33 125 112 97 33 184 69 118 131 88 44 117 175 101 94 21 65 188 178 158 90 170 82 34 141 95 183 
48 175 24 121 49 121 133 158 157 119 101 97 124 70 74 80 73 128 52 107 136 59 188 167 128 16 145 95 127 35 53 92 66 71 117 82 112 46 82 58 37 54 47 97 175 110 102 47 125 64 90 83 161 145 107 109 42 55 93 85 132 196 21 88 89 69 53 90 138 153 86 141 58 95 37 103 18 51 156 166 30 38 125 141 93 151 147 140 103 131 109 84 94 74 52 103 42 87 165 50 140 89 152 68 69 114 102 40 123 116 102 44 26 124 33 176 75 80 135 108 84 183 54 88 101 91 41 103 
101 69 127 6 79 105 88 46 121 21 75 70 107 183 51 164 127 88 147 143 97 26 43 56 94 79 85 65 91 67 97 136 140 104 132 112 142 109 88 128 97 107 38 147 84 66 133 110 87 99 64 19 24 78 170 150 126 86 48 111 123 153 31 181 64 126 96 138 188 65 107 40 97 133 141 189 50 28 107 156 133 49 32 92 84 158 121 144 157 124 84 90 115 162 71 95 113 79 153 108 83 100 2 105 65 11 95 147 61 56 33 86 105 80 95 70 104 30 93 123 68 115 88 60 152 143 180 141 
141 133 42 115 116 89 115 73 89 100 90 31 163 64 111 98 105 117 87 95 141 183 88 81 83 117 92 118 121 59 78 101 110 108 172 93 88 155 121 78 146 70 40 120 90 148 106 108 96 56 52 116 71 72 103 128 111 121 157 35 81 48 112 77 163 120 91 153 65 80 79 141 81 155 85 109 42 150 56 142 62 106 107 94 148 47 138 70 28 119 123 169 120 69 50 95 159 55 138 48 56 159 109 155 45 116 122 114 38 86 30 99 51 94 109 60 140 155 96 96 45 163 52 54 66 98 99 64 
117 110 48 69 70 114 37 95 74 131 46 144 46 60 83 174 75 147 154 46 146 165 102 107 127 80 130 91 89 161 76 144 131 142 107 53 157 37 98 35 136 103 88 43 123 84 36 145 140 66 110 81 98 91 163 59 83 52 75 197 132 90 45 135 123 98 85 86 107 79 158 120 106 83 129 42 105 64 98 127 92 128 129 66 46 90 95 76 158 51 39 94 38 173 123 156 94 164 83 75 116 90 140 149 162 128 91 150 95 98 40 57 161 101 158 104 158 87 65 127 100 42 71 101 88 90 108 137 
43 123 84 108 114 97 16 36 83 112 101 123 124 12 58 124 116 30 57 43 158 84 42 152 158 84 127 144 143 86 121 64 69 88 68 148 99 19 59 19 167 104 101 117 85 159 173 30 52 60 136 110 59 105 89 121 118 107 112 171 92 96 150 107 80 27 121 141 40 141 120 56 168 75 33 53 63 92 126 68 129 61 42 54 46 123 74 116 73 58 90 124 50 77 175 110 66 119 102 96 131 77 129 119 35 144 49 32 28 124 93 85 17 58 157 163 160 186 64 134 120 100 102 112 137 138 61 73 
68 117 74 134 101 124 83 18 155 65 91 160 23 32 96 81 75 75 103 103 76 75 150 159 158 108 95 80 162 45 14 26 118 102 66 118 144 113 130 103 56 93 118 157 42 69 42 112 69 100 95 155 118 117 115 162 108 94 107 154 119 172 85 115 41 95 84 58 97 81 106 168 30 111 71 105 58 90 65 153 99 122 57 124 63 9 128 148 84 91 101 81 56 101 75 116 119 97 82 98 98 99 99 101 82 77 95 73 168 100 93 122 146 137 58 107 39 37 187 73 58 108 79 124 29 41 92 102 
105 152 142 159 115 121 37 27 91 13 124 76 50 123 12 81 110 67 97 42 48 37 92 106 77 71 136 65 169 151 92 64 160 133 143 85 102 87 66 79 126 98 74 131 103 143 113 136 39 50 92 67 98 131 32 80 75 114 178 149 132 130 48 46 149 90 134 95 133 155 83 75 111 156 130 80 75 135 147 149 75 139 156 93 105 44 60 68 134 23 63 57 23 107 146 89 88 92 6 36 59 14 72 119 104 155 57 101 54 96 110 90 110 103 158 128 91 100 174 135 184 52 132 74 45 113 100 138 
94 62 147 63 77 115 122 14 102 96 99 122 142 178 125 98 148 107 181 67 120 74 115 45 46 136 83 52 104 118 147 113 98 145 78 93 96 89 127 79 78 100 131 100 50 153 112 56 92 167 97 109 139 133 105 114 164 76 80 149 30 119 73 113 118 121 105 37 141 85 129 33 71 130 142 3 59 140 57 139 17 113 76 105 127 119 27 63 165 153 174 101 125 109 128 44 94 59 71 53 104 80 104 109 167 146 162 101 86 133 103 187 117 53 172 80 103 174 135 69 95 149 113 150 141 141 54 173 
52 111 96 109 179 115 67 39 91 149 91 15 96 115 105 57 41 159 97 175 102 139 80 99 98 46 93 103 50 145 112 104 194 54 87 84 91 95 128 93 39 89 36 167 107 124 182 103 90 100 114 86 86 60 159 73 105 164 73 91 68 165 152 72 174 40 100 103 189 109 42 53 105 80 3 92 68 131 94 71 128 82 28 153 147 119 140 80 53 68 46 108 163 87 135 89 70 101 37 44 99 146 118 49 162 68 79 142 134 81 113 108 156 93 44 126 89 141 71 120 72 37 124 102 53 99 112 142 
126 159 114 103 114 122 58 70 113 121 104 73 143 40 83 126 148 103 117 122 153 90 146 102 124 91 171 109 118 122 150 126 94 113 86 30 132 135 83 22 149 62 98 73 62 92 95 131 27 152 150 112 149 142 126 29 142 69 151 55 81 109 129 64 73 107 75 18 50 42 105 63 58 75 59 68 198 156 174 100 77 9 66 105 95 169 112 81 135 50 68 116 136 81 52 144 112 98 32 97 89 151 106 139 30 180 95 88 78 72 118 39 140 98 91 39 145 135 76 86 108 146 93 52 160 84 142 52 
146 81 123 160 87 192 86 97 40 148 96 111 105 144 110 127 45 139 66 129 73 145 124 90 146 103 106 62 113 151 41 51 80 149 102 148 107 26 89 161 92 29 55 142 88 93 72 82 158 129 41 131 113 144 18 121 170 126 71 86 129 105 86 157 68 122 121 51 28 150 64 92 90 135 140 131 156 48 29 115 160 96 143 176 152 101 91 160 60 106 63 126 140 65 61 95 31 66 125 16 126 75 99 41 118 143 100 82 165 97 65 100 140 168 159 111 41 136 158 129 109 146 66 148 175 110 51 66 
106 148 86 147 88 147 114 126 127 170 153 107 135 160 81 84 94 32 153 82 155 87 49 44 97 140 84 26 111 132 154 105 123 78 130 112 118 50 71 126 110 148 34 126 78 102 57 22 123 72 19 149 135 164 12 57 80 113 65 64 90 168 146 68 107 44 131 156 107 56 98 126 65 147 57 94 174 29 16 57 143 81 101 162 147 48 130 173 139 62 152 133 128 124 139 58 123 78 91 131 48 93 56 105 108 134 153 97 142 50 189 29 105 42 113 92 57 122 91 84 46 88 175 99 114 116 91 124 
72 69 114 85 105 162 32 109 153 98 55 103 84 103 42 83 98 120 85 117 149 75 56 169 166 115 44 74 105 110 34 178 105 196 43 91 136 95 135 168 116 106 38 58 61 73 121 103 96 111 124 80 108 134 143 118 95 52 144 167 149 154 173 77 113 58 118 166 156 142 127 68 153 149 139 71 100 115 57 76 73 94 100 78 137 164 46 125 81 64 130 99 58 151 67 75 160 86 126 132 126 45 46 63 176 37 146 103 100 65 91 151 128 76 108 102 136 114 104 65 49 93 47 95 138 55 8 53 
85 132 75 41 179 145 144 48 125 83 44 25 108 139 88 30 58 131 151 110 114 43 92 70 63 73 97 114 124 64 152 100 117 89 102 107 153 141 51 86 95 116 138 118 84 95 129 119 93 81 84 157 109 39 33 96 145 81 15 170 92 84 58 130 151 62 154 30 133 62 92 129 99 75 17 128 77 160 143 73 40 94 45 118 159 38 64 115 154 114 52 100 36 100 127 111 129 176 105 150 98 52 100 151 145 66 38 166 71 96 47 90 39 143 76 117 86 43 140 41 12 137 54 46 107 88 112 69 
43 138 125 144 131 120 163 60 68 114 130 141 109 85 10 23 101 113 124 88 91 148 98 135 105 166 142 54 188 64 116 123 91 115 100 138 80 40 106 76 68 168 76 164 63 149 158 126 83 42 44 185 178 149 108 98 129 91 93 38 154 158 46 45 118 141 12 38 49 106 128 61 122 139 113 82 9 96 81 94 94 188 94 66 102 100 88 89 75 136 92 101 70 68 78 102 96 176 103 81 143 84 108 96 50 171 47 34 80 46 61 104 158 96 124 173 89 108 40 185 78 168 108 96 84 111 38 35 
63 136 53 83 78 89 98 90 180 92 33 27 36 103 132 80 148 120 67 157 110 108 39 174 95 107 128 154 126 188 112 134 52 76 106 34 43 34 31 84 153 147 60 190 80 91 93 93 19 163 60 160 115 182 132 141 6 135 102 94 116 98 157 160 92 195 92 125 32 107 129 42 57 156 76 28 66 143 101 100 45 94 64 49 18 140 162 175 111 165 126 123 149 133 88 67 87 112 142 43 166 103 99 76 91 92 26 107 144 105 183 76 49 68 72 77 121 100 130 18 98 56 71 145 107 101 83 144 
58 147 134 126 116 94 65 176 137 169 72 78 121 112 143 101 171 115 92 113 167 62 70 51 38 44 24 93 119 160 99 100 47 123 32 95 148 122 108 188 149 111 76 125 83 38 92 161 41 50 53 80 60 136 104 40 64 97 83 114 119 49 23 55 48 82 100 141 92 94 66 54 124 93 105 153 105 176 162 78 118 66 49 174 114 97 47 102 101 123 106 179 50 63 16 179 118 128 96 122 58 38 105 78 115 148 100 128 55 98 101 163 104 98 68 159 49 132 36 139 72 15 142 109 61 82 123 58 
173 108 90 61 94 161 79 100 117 76 105 131 179 47 63 109 142 154 24 124 99 95 91 67 126 38 105 76 30 127 56 149 162 134 175 118 125 55 125 114 104 160 95 183 60 120 174 114 136 64 109 34 50 115 111 34 82 191 153 161 31 171 116 174 182 91 59 93 84 148 46 46 63 105 127 147 95 152 147 137 159 102 18 114 8 44 34 158 54 96 94 104 119 72 131 118 16 135 71 85 33 37 152 178 125 107 28 154 47 105 135 88 180 172 137 156 49 106 49 84 104 103 87 158 192 112 73 86 
21 52 106 143 154 169 69 96 165 8 87 49 71 195 159 129 133 45 42 94 174 108 107 46 35 109 151 111 132 106 43 108 59 111 108 109 99 67 135 108 62 67 106 183 67 119 130 117 134 11 121 80 61 46 49 117 94 85 116 111 106 184 79 162 112 148 142 151 158 47 90 123 9 44 119 119 169 101 48 164 38 100 140 97 44 82 193 159 52 114 128 90 82 145 121 130 111 126 16 130 125 121 152 124 38 167 116 69 165 140 196 55 92 125 77 65 47 5 102 140 17 95 73 28 136 144 138 137 
79 108 69 128 114 39 93 117 103 105 59 32 65 145 58 55 156 149 71 162 85 66 23 125 96 111 103 184 120 109 75 49 166 74 93 159 109 93 115 107 90 104 25 160 73 94 130 43 112 148 74 48 50 73 127 33 138 14 123 97 87 79 129 58 82 169 120 147 121 138 95 74 128 60 27 140 112 91 130 46 64 88 162 47 34 193 88 56 146 74 95 96 92 136 51 114 7 138 143 116 175 122 48 53 59 89 174 123 39 122 161 84 75 49 125 74 62 134 72 118 153 104 39 116 73 121 81 102 
47 98 121 172 177 106 144 144 115 151 123 47 61 153 145 121 128 117 100 170 178 102 68 134 128 72 133 56 158 59 92 106 76 106 20 187 84 159 94 61 104 146 48 99 86 36 145 176 115 149 169 62 108 122 91 100 96 135 28 62 90 44 107 35 125 137 113 140 144 70 76 116 148 68 63 80 81 160 173 125 115 89 175 102 158 159 56 90 100 99 155 94 127 166 131 103 26 132 128 53 162 116 38 37 18 155 145 104 32 126 183 108 104 86 72 48 104 149 67 96 122 115 104 99 164 65 65 155 
95 102 34 41 92 112 89 57 171 80 197 73 177 94 17 28 51 124 89 112 149 124 153 83 128 87 22 64 28 78 60 94 116 41 117 65 148 100 101 66 113 81 124 145 75 78 26 40 48 154 179 96 33 198 85 98 121 141 18 149 61 123 32 168 157 106 41 103 157 28 158 73 84 134 165 53 135 60 139 81 154 75 111 101 54 52 146 100 162 57 136 98 122 104 109 45 94 97 144 182 124 80 119 91 110 76 67 73 24 113 89 32 144 132 132 83 92 28 92 76 129 69 77 106 113 196 116 107 
52 143 112 91 107 19 105 148 116 120 135 36 105 141 143 6 186 68 124 92 146 86 160 29 154 98 49 20 169 66 129 66 125 127 114 137 112 65 97 103 135 138 162 104 146 100 93 44 128 13 84 80 47 85 157 126 109 129 136 122 101 171 102 110 97 183 101 131 124 119 51 58 91 23 153 68 50 106 62 64 114 136 165 123 96 114 74 99 57 120 98 90 145 82 142 70 30 50 114 98 132 176 102 132 85 36 87 98 130 138 141 92 171 114 37 117 104 123 155 88 58 96 107 102 96 49 105 105 
58 101 80 64 60 136 33 101 130 95 196 173 128 74 128 121 63 73 99 96 68 74 95 112 152 102 103 144 108 166 116 148 134 91 48 139 121 122 153 33 156 103 78 49 102 142 139 97 152 58 82 135 161 75 172 175 92 75 13 42 71 98 141 114 146 105 102 109 84 123 39 90 101 63 174 46 68 63 152 130 52 92 126 106 94 128 95 155 136 98 50 11 9 49 98 125 102 140 43 112 108 80 37 105 82 104 82 168 146 103 114 74 56 53 139 48 194 96 65 117 85 86 96 161 124 130 117 128 
172 103 151 60 93 91 37 92 156 111 111 54 19 73 81 19 103 50 88 137 96 102 144 62 174 61 80 85 78 105 66 43 116 68 77 98 132 76 73 68 37 47 131 143 158 30 102 128 60 109 129 39 73 71 34 55 187 99 183 72 98 68 141 123 138 141 134 84 90 169 94 124 81 57 101 108 116 126 133 99 100 101 123 179 104 90 96 94 98 90 11 30 117 74 129 182 26 66 137 57 136 142 139 101 156 89 186 93 101 95 68 130 147 126 127 145 90 27 104 111 108 60 33 151 144 96 109 105 
67 137 16 160 153 95 7 177 129 85 105 87 115 107 159 9 24 105 121 13 119 42 99 160 170 166 48 81 94 106 95 145 149 108 62 24 118 90 106 11 89 108 150 52 119 89 108 94 176 115 82 73 161 112 86 91 99 104 109 143 27 103 57 185 48 67 121 94 115 120 38 50 56 23 125 163 136 140 128 58 36 70 149 50 119 82 92 127 122 145 9 117 94 16 176 107 183 47 67 176 60 95 147 114 176 132 80 185 110 87 103 154 111 51 80 26 72 153 74 150 71 56 58 140 66 88 172 134 
117 100 131 99 41 46 140 114 146 49 102 83 42 150 18 126 133 187 76 119 30 43 146 169 85 78 112 49 88 69 135 99 140 97 121 93 114 66 186 124 97 123 75 76 62 52 37 161 18 118 51 111 58 162 102 78 84 113 138 78 45 99 93 98 171 70 117 74 162 69 173 77 101 107 109 87 81 65 124 151 100 68 133 63 72 145 136 166 104 82 49 74 16 62 91 128 27 106 162 55 113 80 167 187 37 82 155 74 43 39 84 99 94 147 126 124 105 83 118 119 101 28 144 81 140 156 75 118 
55 62 143 115 100 98 78 101 119 91 20 72 112 118 89 63 131 44 123 35 35 106 39 85 158 154 10 121 76 137 29 167 58 31 171 139 89 165 86 89 66 115 78 65 53 130 51 35 112 39 97 26 25 7 131 140 59 138 156 67 102 32 28 112 127 151 93 52 71 50 123 175 75 146 128 135 52 61 139 67 127 78 88 16 131 121 51 131 109 142 98 129 176 91 160 63 94 27 149 83 81 109 122 54 120 59 84 91 158 76 114 158 23 134 97 117 117 46 91 26 53 113 68 178 94 81 77 133 
146 96 146 148 110 85 37 81 63 109 185 186 23 73 96 138 81 151 100 69 64 83 101 18 78 171 76 92 143 170 80 164 142 142 109 123 60 110 78 81 54 63 162 117 14 109 32 72 52 38 86 59 71 88 109 97 72 80 163 80 54 99 106 130 90 42 93 103 95 95 156 110 116 89 44 89 144 95 58 75 111 102 67 179 118 130 114 103 45 70 125 182 107 128 63 182 118 83 103 123 114 127 163 92 121 69 141 88 16 119 122 117 15 158 47 74 52 92 59 23 153 125 75 82 30 119 150 42 
100 136 74 184 120 83 162 82 39 108 28 21 112 73 70 84 24 75 66 87 80 160 139 135 32 77 81 90 136 103 114 103 112 55 33 36 128 28 39 140 115 151 98 63 88 95 94 106 111 99 36 134 48 83 135 140 111 105 104 165 121 124 39 135 185 117 92 42 113 159 94 66 119 88 94 70 112 31 123 160 129 96 87 118 16 111 7 26 94 30 102 26 183 27 94 118 96 141 71 129 143 165 149 140 68 52 71 152 115 129 35 107 52 139 194 42 55 70 100 90 73 79 52 76 45 123 109 112 
175 80 59 114 136 41 59 111 67 134 123 87 60 184 130 115 148 178 146 173 90 74 116 95 150 182 73 162 66 113 83 150 143 173 70 141 69 14 92 187 71 54 77 129 112 92 53 86 110 87 97 81 65 166 155 101 180 51 77 102 102 70 180 71 129 141 98 87 79 55 164 119 97 92 59 101 98 66 78 86 176 176 112 128 135 126 138 132 97 50 140 66 47 106 27 83 141 60 89 95 42 105 64 97 137 51 104 165 172 57 184 147 139 112 54 75 95 154 135 102 176 96 122 150 21 86 98 125 
138 169 177 68 84 189 183 165 112 93 176 194 187 59 80 53 48 51 109 105 60 74 63 46 135 133 128 34 79 133 61 83 78 77 66 78 73 108 114 79 125 98 144 100 154 67 72 62 97 171 65 154 76 47 90 44 172 31 34 131 61 142 92 113 73 108 139 165 153 138 83 102 82 6 71 37 32 125 91 126 105 103 142 96 71 16 143 128 144 114 43 137 67 162 149 103 71 89 88 92 92 54 36 149 132 26 58 65 61 91 98 86 138 150 145 119 111 105 96 143 147 103 29 71 145 146 184 92 
143 136 120 58 139 73 33 188 58 97 51 177 138 41 59 93 137 81 173 118 53 127 101 56 33 61 168 162 77 108 94 60 74 160 89 95 138 192 35 84 120 127 25 19 69 61 139 77 138 127 94 102 93 96 83 188 40 103 87 100 101 85 73 158 103 56 181 50 108 48 75 96 98 36 53 44 97 16 131 132 150 81 43 122 85 130 116 53 182 98 112 57 176 55 83 123 129 95 92 154 137 117 44 48 80 123 67 58 126 18 119 132 129 167 91 15 158 103 59 166 127 91 145 94 50 27 151 82 
114 51 114 166 117 81 46 44 54 99 64 124 47 74 145 157 157 133 99 126 49 44 103 186 104 119 190 127 37 75 72 32 36 78 84 21 126 108 125 78 96 107 138 116 106 57 142 150 70 132 92 78 40 72 94 81 77 115 158 37 123 101 135 187 165 115 83 140 83 56 116 131 98 59 104 99 89 126 48 126 98 143 166 58 33 125 175 162 124 132 108 136 60 113 81 114 143 42 92 137 96 66 43 105 178 147 189 111 97 110 91 55 77 114 144 104 125 40 56 113 151 57 46 121 181 108 40 163 
101 132 144 107 95 91 34 101 124 123 132 133 143 154 117 44 43 33 127 148 107 71 75 121 134 113 32 52 96 102 127 109 108 86 55 144 98 134 90 62 81 65 69 131 118 101 70 109 170 37 112 88 182 140 59 28 105 36 57 140 82 135 94 131 139 80 33 89 100 159 90 77 99 14 80 146 151 75 93 45 52 84 103 38 37 121 122 116 80 176 80 142 95 80 109 127 165 105 54 117 66 172 174 55 97 142 63 24 70 122 131 158 62 116 42 147 199 60 71 158 126 113 111 129 154 40 57 140 
29 107 106 188 169 173 156 87 140 90 93 96 74 142 143 32 142 68 103 118 107 103 146 6 129 55 87 95 96 70 27 95 100 120 57 167 134 44 85 102 112 177 163 141 61 136 89 145 180 60 146 162 102 146 24 45 162 95 55 98 154 156 168 175 74 141 125 152 2 109 140 129 99 72 104 118 106 99 56 46 100 108 99 105 152 152 48 38 119 102 37 139 147 167 122 163 149 64 36 44 43 174 102 89 92 128 127 106 62 107 77 45 111 132 108 113 102 94 72 69 78 164 133 169 63 134 66 141 
75 50 136 154 133 118 96 149 83 48 95 137 131 146 116 136 124 104 115 45 128 128 162 127 115 138 145 125 90 65 127 85 45 81 113 54 65 89 78 77 104 82 152 122 79 141 155 54 29 109 150 126 192 92 108 109 69 103 56 186 72 120 112 72 66 115 112 68 105 155 149 119 101 119 109 49 139 41 105 63 151 96 76 78 178 124 53 37 91 132 105 101 114 187 54 92 140 97 149 48 105 55 89 150 145 62 90 176 103 32 112 77 88 66 96 113 72 123 101 134 82 48 118 98 132 101 106 98 
146 138 112 108 87 115 73 103 154 70 156 162 123 78 149 88 124 90 150 80 143 86 51 114 103 117 166 60 96 115 104 112 38 100 66 104 93 80 78 105 21 92 108 50 139 67 170 102 103 98 54 146 148 85 103 59 94 63 126 91 71 99 30 170 108 111 97 69 65 45 162 35 82 104 167 162 30 118 108 176 145 50 91 115 125 38 59 18 110 85 82 156 176 37 120 121 68 137 132 80 178 97 92 145 34 91 96 157 178 123 138 17 125 97 126 126 79 64 50 149 71 149 71 32 82 99 65 155 
73 155 118 69 57 95 117 125 149 157 51 75 133 142 67 55 115 115 82 155 88 92 135 78 72 55 110 137 56 114 141 135 55 47 88 91 59 183 24 107 59 87 88 140 128 95 126 116 111 134 50 133 115 73 78 80 69 136 82 13 120 56 60 46 87 81 33 114 11 116 128 144 77 155 146 68 180 143 134 37 66 171 92 148 107 167 89 155 76 36 104 89 132 82 59 69 52 51 26 123 147 142 128 62 91 106 102 98 107 177 131 99 83 125 90 121 117 84 58 69 144 102 179 53 118 46 96 53 
55 42 109 109 140 83 44 88 97 37 121 133 103 119 61 162 128 151 120 83 57 140 53 113 46 89 144 69 51 96 107 88 89 87 150 37 72 77 149 129 77 97 150 55 136 120 27 141 62 36 120 138 92 128 91 46 93 47 153 78 36 62 90 126 47 133 184 102 95 122 91 49 95 57 162 79 95 100 153 146 38 47 26 100 28 116 174 145 67 87 82 186 80 155 84 141 71 104 58 67 189 63 127 90 96 102 48 53 100 137 144 109 118 125 67 102 97 159 102 75 41 69 188 132 75 116 60 75 
76 120 24 132 38 90 122 11 73 102 40 137 120 72 64 63 118 46 69 171 166 37 70 118 77 130 126 73 101 37 64 16 55 73 121 110 108 105 71 103 81 109 101 138 146 124 59 123 111 142 85 83 107 91 152 124 58 100 23 112 41 91 42 141 100 173 69 40 147 114 150 32 73 101 101 142 88 82 97 103 166 34 107 128 154 69 123 104 73 98 168 93 185 74 91 88 152 165 65 58 111 24 106 176 157 98 53 2 116 113 41 135 105 86 130 132 69 67 100 16 118 157 144 93 105 135 72 143 
110 54 167 85 75 114 97 113 63 140 19 116 152 140 97 31 106 97 107 122 152 16 139 85 159 115 158 68 100 52 106 121 105 98 83 90 136 53 105 62 69 95 124 137 139 83 101 65 44 150 34 91 98 111 41 96 185 115 95 128 77 110 125 66 115 121 118 123 61 38 95 28 168 54 86 134 78 165 142 100 71 80 144 55 47 165 39 32 24 130 146 101 110 43 158 16 115 172 61 126 97 70 62 103 178 107 100 116 80 86 104 29 56 98 88 128 139 170 46 117 137 88 106 92 55 86 163 99 
91 127 76 53 138 65 74 106 100 133 81 123 76 128 168 87 116 112 112 96 114 148 46 179 108 109 139 55 9 111 68 126 70 66 101 94 126 117 103 74 156 66 84 100 103 161 61 102 85 124 122 68 95 93 85 116 47 85 150 81 95 75 73 83 33 89 131 116 56 86 98 124 100 96 133 81 72 97 50 65 96 46 105 98 105 140 122 126 113 138 103 95 87 39 76 119 129 57 91 18 110 122 107 32 123 177 137 113 86 176 93 67 65 119 108 69 113 126 59 110 65 87 47 103 87 165 105 100 
61 128 12 125 73 101 96 68 111 135 136 34 62 125 82 95 135 132 73 13 86 132 95 67 77 36 154 129 111 63 148 100 104 87 80 145 128 109 81 41 101 40 13 118 101 82 41 83 111 93 170 37 125 111 48 49 116 190 118 75 92 112 167 104 46 134 88 102 33 30 40 93 93 110 103 113 118 65 189 91 47 61 183 101 135 196 161 183 89 141 114 68 103 84 114 122 35 184 98 119 91 131 77 112 138 131 144 41 104 93 170 154 160 125 83 150 76 119 117 86 52 52 153 134 100 128 46 80 
50 41 107 176 102 98 188 66 109 72 96 136 90 90 85 120 111 106 139 71 182 84 148 127 89 43 111 107 119 96 91 99 127 105 66 164 190 80 132 90 168 61 130 139 153 141 92 26 16 86 132 47 44 66 123 106 108 87 76 161 127 144 131 144 167 127 44 44 86 99 57 85 122 90 187 108 39 100 29 151 90 104 76 163 88 55 84 108 32 92 74 130 154 99 158 117 107 147 86 132 55 158 45 77 17 99 109 135 29 67 154 174 173 167 115 60 124 156 99 84 84 136 151 34 142 92 101 103 
145 162 126 123 95 93 118 41 40 109 84 96 105 122 148 132 185 140 107 187 157 146 126 67 69 91 57 125 60 52 120 142 87 117 101 191 93 70 23 111 51 103 143 149 148 103 74 137 119 95 134 80 119 127 148 69 147 138 96 149 69 35 94 101 69 55 117 26 105 51 161 17 146 110 117 156 140 140 105 128 39 158 49 104 180 92 75 104 144 171 56 147 111 94 23 15 52 139 138 129 77 62 111 88 125 83 118 105 56 65 160 173 44 94 53 121 147 85 103 51 82 66 125 111 89 78 98 121 
117 58 43 103 118 77 40 137 169 67 16 132 74 142 95 185 57 100 81 125 35 55 122 26 137 130 132 33 127 74 173 140 55 113 52 129 115 99 48 97 151 88 99 86 156 151 180 31 163 148 101 137 97 151 101 92 141 66 51 38 79 99 88 75 134 66 175 124 80 94 101 58 137 103 53 93 98 168 42 76 143 96 68 98 172 125 49 86 132 114 53 126 51 147 134 158 139 112 150 167 114 116 132 66 97 125 125 86 98 119 125 167 94 144 98 42 71 35 93 122 114 94 66 24 44 111 93 87 
67 106 95 99 108 105 110 111 89 173 99 88 86 99 147 90 27 82 94 74 41 43 122 61 80 166 128 28 149 88 100 46 183 152 30 104 107 123 138 34 150 77 87 88 81 38 136 140 118 90 131 79 151 91 114 92 108 46 89 59 74 148 151 146 116 105 101 33 95 109 158 157 58 158 172 44 91 159 113 108 76 124 72 68 137 77 125 72 132 37 139 127 80 126 97 47 194 54 145 91 144 42 108 96 126 90 67 130 88 108 83 115 53 98 98 123 89 140 172 61 123 86 98 122 43 76 93 151 
67 123 88 152 39 123 40 146 176 55 112 52 153 117 73 91 115 133 169 137 133 155 134 111 62 115 106 93 85 86 106 123 137 110 74 55 68 115 79 55 88 50 124 119 62 138 131 83 88 117 100 112 62 53 153 124 89 35 107 40 125 86 108 117 68 130 94 176 70 60 104 163 107 128 80 126 39 111 92 102 117 173 77 159 156 65 74 48 83 117 48 145 26 124 117 74 42 75 119 15 104 147 113 113 126 121 102 132 128 69 150 60 121 42 123 66 86 101 85 96 116 41 130 59 36 84 177 81 
135 88 118 76 121 92 108 134 66 162 32 75 116 135 156 30 58 90 37 159 66 70 47 112 9 118 167 82 68 122 118 98 55 73 186 152 92 97 38 176 60 105 69 121 134 40 78 79 37 131 54 162 82 72 116 83 96 140 91 149 197 55 129 107 79 102 21 75 104 140 158 160 39 91 103 89 145 41 57 136 86 89 121 49 49 47 62 104 92 104 194 90 72 105 117 52 55 95 111 158 125 199 102 72 79 117 97 69 139 113 76 124 147 71 89 86 194 181 127 148 43 112 9 67 130 173 140 43 
144 116 123 62 86 100 95 87 128 29 104 39 172 108 55 146 134 119 121 92 138 151 98 128 116 60 101 176 89 135 110 41 100 63 116 78 78 110 86 114 83 127 100 165 101 94 72 120 67 97 157 147 116 39 90 55 134 106 117 80 86 74 67 143 68 130 65 80 30 155 87 186 37 100 174 141 135 136 122 114 43 108 100 132 106 5 134 149 28 123 96 27 153 83 46 92 70 154 105 103 40 60 94 123 64 84 159 67 170 126 119 156 85 35 140 101 181 18 123 92 100 46 141 136 59 55 57 84 
98 132 149 95 54 163 50 89 104 152 103 24 34 30 173 79 92 107 162 79 105 119 139 175 70 164 174 53 104 113 15 155 143 112 130 51 112 59 182 65 123 107 138 69 74 93 119 149 84 91 141 100 47 131 109 134 48 94 31 140 125 78 171 177 93 31 188 135 93 96 65 64 187 174 135 71 76 158 91 104 140 40 130 36 49 102 72 67 92 155 65 104 74 118 91 59 100 135 96 59 56 71 72 101 50 58 102 100 46 59 117 99 103 93 172 85 127 123 18 183 84 127 91 149 85 148 187 101 
37 191 101 97 127 90 141 61 109 119 194 50 110 127 169 122 183 70 22 41 79 171 117 40 86 144 77 110 116 49 120 109 14 75 110 175 36 102 168 147 144 121 19 122 111 45 143 15 162 96 61 127 81 82 59 175 61 168 177 73 99 103 124 99 123 113 178 108 123 96 127 134 73 135 69 120 86 129 84 65 41 185 18 139 84 140 118 96 76 88 117 111 150 119 26 23 90 102 143 166 113 158 69 134 149 69 75 16 117 110 86 84 51 122 61 96 148 92 183 172 96 60 83 97 175 101 129 69 
99 121 104 53 51 69 94 31 94 87 102 127 114 174 111 150 119 17 153 116 127 130 47 123 188 65 102 98 130 105 136 98 66 183 105 129 94 14 97 110 67 88 95 132 119 146 101 66 148 79 166 176 91 166 115 166 165 88 135 151 114 168 128 55 71 113 158 84 68 45 100 120 58 184 95 72 108 109 46 49 12 78 98 72 104 17 153 122 129 58 85 108 71 101 53 153 73 176 147 127 151 126 78 82 71 144 41 118 137 65 52 84 82 114 123 116 43 100 84 96 98 62 136 38 14 78 103 24 
110 85 103 61 71 53 76 145 81 88 135 61 80 85 136 53 65 135 144 137 54 54 127 36 70 136 56 63 46 85 34 186 84 75 79 26 86 135 99 97 123 90 72 125 159 149 86 43 95 137 147 108 139 139 26 87 82 100 107 173 45 70 120 127 82 121 90 183 115 163 42 100 108 52 149 37 146 146 88 93 137 168 56 15 103 95 104 115 69 96 86 60 56 28 113 125 79 96 103 91 57 113 164 48 149 102 69 157 88 87 52 136 66 94 86 41 112 46 127 60 62 28 72 180 184 126 167 86 
113 98 112 38 121 124 99 81 163 155 90 59 155 79 122 161 43 32 165 138 127 187 120 95 34 122 141 86 129 137 119 154 178 67 182 103 65 81 171 24 64 146 178 167 115 82 99 71 137 130 96 91 173 84 112 47 97 91 153 123 142 111 34 32 67 187 170 54 88 52 71 102 79 132 113 124 93 66 175 47 54 108 71 142 87 73 39 104 77 107 96 33 58 144 68 75 52 122 29 145 46 111 133 118 71 179 188 144 106 47 153 151 125 66 98 130 9 141 91 83 136 72 42 120 102 32 73 76 
106 188 106 115 130 156 90 28 104 124 85 137 53 139 160 38 70 6 153 73 87 181 78 161 3 175 182 171 162 116 122 112 93 70 100 105 134 112 40 130 178 68 118 47 95 76 109 114 95 146 133 89 173 62 78 103 91 74 52 85 141 117 60 73 134 72 82 88 60 54 101 112 124 74 150 102 52 148 99 95 46 96 145 109 158 28 116 99 106 102 161 151 140 81 178 82 76 150 71 94 121 129 169 98 32 53 132 93 92 103 134 34 111 24 122 59 67 136 149 97 38 180 120 176 22 137 125 134 
22 143 86 160 106 124 178 102 74 66 125 175 109 117 128 73 130 169 22 149 115 159 66 141 123 20 84 126 81 150 21 140 178 67 82 92 83 141 67 166 104 55 120 113 90 107 85 127 175 97 107 167 114 84 28 99 71 95 34 61 126 71 96 98 120 36 34 101 152 66 88 137 29 45 141 53 160 175 114 138 107 84 107 61 192 136 73 164 113 96 124 144 66 140 94 30 45 21 145 50 181 154 63 132 82 118 75 105 55 87 100 142 89 44 43 36 130 59 85 175 14 184 102 22 188 77 94 190 
127 137 29 125 102 85 89 107 39 106 99 177 76 34 20 9 111 115 141 115 23 74 63 155 87 114 51 141 112 76 137 115 113 128 129 164 119 107 75 106 158 123 137 110 159 48 66 35 168 96 157 162 93 89 109 75 166 105 132 86 108 85 32 129 132 148 141 91 143 98 90 138 41 113 141 99 84 110 116 55 88 111 101 82 112 144 121 65 196 49 130 96 88 156 81 119 123 86 146 27 108 40 134 101 99 46 116 135 86 165 128 92 78 111 76 84 173 55 148 101 78 126 32 137 77 66 71 104 
119 148 158 31 170 12 137 106 167 145 162 47 162 15 19 80 97 114 138 134 171 73 62 126 141 100 126 40 143 16 80 99 97 138 53 188 142 46 42 136 152 97 143 126 121 57 177 103 126 170 95 142 114 92 58 146 144 111 135 36 73 58 108 12 151 143 95 41 180 99 108 61 92 100 54 112 142 51 91 8 112 38 83 123 73 138 81 65 116 105 117 109 172 75 77 150 109 98 184 151 40 57 66 106 65 96 60 72 163 105 46 101 98 93 93 177 140 57 187 129 103 167 73 125 94 71 54 156 
39 96 108 25 124 104 107 65 166 168 40 91 170 89 82 118 76 82 103 103 148 53 180 128 141 112 124 159 172 86 41 171 46 42 177 134 141 136 131 129 77 142 78 98 102 24 123 133 86 126 140 107 114 85 128 120 55 50 57 90 79 164 50 98 120 57 183 103 141 64 137 73 102 138 173 142 52 66 124 53 69 35 144 58 86 137 102 155 107 105 128 105 134 118 133 42 112 125 92 82 163 140 141 98 155 53 75 143 99 100 80 103 121 87 151 81 43 84 101 69 24 86 76 134 190 104 156 130 