128
59 61 48 89 88 11 28 5 35 33 95 81 43 23 15 67 51 6 42 26 9 83 37 83 98 12 18 33 100 11 42 72 18 2 81 85 8 38 54 46 95 43 1 95 20 46 79 98 11 34 46 56 88 68 79 59 66 9 14 55 5 26 83 26 54 69 33 66 47 13 41 53 100 11 46 28 54 67 53 52 91 8 77 39 85 45 87 75 12 18 44 100 22 44 51 20 23 1 81 73 78 95 14 44 83 51 96 51 43 45 1 23 20 22 5 20 41 71 24 10 46 71 12 29 11 51 43 61 
70 80 19 98 57 71 15 11 51 14 30 77 51 4 54 23 72 69 91 31 84 92 67 15 3 49 72 82 86 32 59 84 41 27 92 21 44 33 67 43 12 19 11 85 5 4 28 84 43 80 5 13 41 73 33 9 47 17 19 35 94 51 93 45 5 60 85 13 55 30 18 44 4 76 92 13 96 94 96 56 98 12 10 53 88 84 48 38 20 23 21 58 56 77 70 64 33 46 95 27 70 48 63 71 23 19 83 39 69 11 14 52 78 34 57 96 8 12 11 87 22 100 30 80 28 12 24 92 
90 37 96 32 52 58 30 84 49 20 46 85 34 67 69 82 11 72 46 70 25 36 56 96 49 61 93 26 73 22 50 48 51 8 3 84 71 23 21 63 90 3 54 54 71 99 82 64 9 56 89 99 88 78 61 3 75 32 82 48 68 49 17 20 82 94 63 99 68 84 81 36 63 97 16 95 71 71 9 49 79 18 70 41 75 26 80 100 85 43 29 1 54 100 5 82 88 42 84 67 83 25 49 44 72 59 64 26 62 23 33 7 94 97 93 50 12 36 48 84 56 79 52 78 10 40 52 1 
46 47 89 60 95 51 19 41 99 35 78 42 32 30 21 26 61 89 28 39 35 32 23 50 70 32 70 10 97 29 78 21 56 31 99 97 94 38 92 99 91 69 64 53 66 28 64 27 36 4 50 86 83 15 48 23 13 56 22 44 38 25 13 23 96 1 18 79 67 32 17 56 80 21 93 75 32 46 25 25 7 56 9 35 55 66 10 52 27 33 94 69 33 24 28 100 59 25 34 18 10 97 34 94 30 89 43 40 88 9 66 4 79 50 90 85 2 97 48 20 22 37 96 81 92 8 50 75 
38 74 38 66 45 70 12 11 40 70 86 52 66 37 92 60 76 41 3 40 1 70 34 25 82 9 95 17 77 84 21 90 30 37 35 83 42 27 96 81 27 2 6 23 57 82 22 67 86 12 86 97 73 44 26 85 61 8 34 98 38 34 57 29 75 40 44 62 86 31 70 39 65 45 59 65 56 18 16 31 65 37 37 60 37 38 31 78 57 48 10 91 30 17 41 38 11 81 94 90 7 94 94 51 43 72 88 54 33 10 99 58 36 80 44 95 51 80 51 18 6 96 13 18 97 100 80 84 
43 94 64 40 76 93 1 72 19 50 17 32 88 100 34 47 78 88 88 41 24 65 40 43 72 44 69 42 87 50 66 39 57 42 93 60 52 79 31 77 11 5 55 21 87 87 78 69 78 58 93 31 1 31 15 94 37 40 12 36 68 78 54 65 26 25 11 34 83 72 39 51 38 4 15 98 44 60 8 82 36 30 65 76 31 39 9 70 16 63 30 23 50 86 77 58 92 72 25 18 33 49 52 23 3 3 29 79 44 54 67 5 21 33 31 19 99 45 100 83 35 37 20 4 44 72 99 5 
41 59 25 85 99 88 60 56 97 37 92 77 87 41 13 13 16 79 46 51 60 2 81 94 90 70 4 98 73 2 2 55 69 58 27 93 37 65 72 70 60 76 75 55 83 17 5 52 15 94 44 82 93 24 49 6 95 10 80 67 5 81 84 10 31 25 76 94 85 47 74 34 25 5 98 3 56 8 9 55 92 71 74 91 37 6 17 63 90 9 50 33 4 70 51 92 76 40 60 80 92 70 83 98 81 41 25 73 34 43 3 44 74 86 56 84 72 38 75 19 99 47 18 24 46 78 87 35 
90 8 57 61 99 10 100 52 45 1 25 33 46 90 5 48 93 47 6 66 89 17 75 99 40 7 41 89 72 86 1 48 3 19 77 36 53 84 75 45 51 4 33 13 26 59 11 11 27 2 82 64 91 70 94 27 55 92 52 68 67 38 16 24 55 25 46 89 46 44 11 60 100 43 81 2 61 85 42 92 8 15 23 15 75 21 6 33 74 55 64 51 12 80 33 83 57 85 22 16 9 89 94 84 71 33 23 4 33 70 78 56 53 77 20 17 74 87 84 54 29 38 48 56 68 19 19 75 
82 60 26 3 69 7 61 35 26 99 40 23 22 81 38 68 72 18 22 95 35 27 97 27 83 35 4 27 16 92 4 27 46 31 8 57 67 38 75 11 39 50 99 72 74 24 85 8 2 30 74 93 89 92 19 6 61 88 91 87 34 79 95 47 85 61 43 8 48 80 4 100 65 99 82 15 92 9 18 14 67 82 20 43 100 62 94 45 15 79 11 6 39 52 90 84 8 35 64 36 10 24 61 58 20 78 69 23 100 37 27 23 64 56 69 86 10 86 46 74 45 62 48 54 47 42 41 68 
79 89 95 6 43 59 61 22 43 18 96 32 82 47 25 88 46 69 56 39 72 98 31 1 37 57 3 10 29 94 74 65 96 45 74 21 21 78 28 79 27 61 79 57 5 12 60 49 4 33 7 92 32 40 64 14 55 11 12 12 67 83 81 62 95 55 46 49 69 2 36 34 63 46 72 26 4 39 78 45 46 95 57 44 62 7 71 98 24 68 32 64 64 40 30 67 57 66 45 59 97 24 37 15 29 93 58 77 48 94 40 15 43 77 30 59 88 56 62 37 62 55 47 6 74 11 92 25 
49 25 11 53 76 29 1 57 46 26 58 17 86 74 100 35 40 79 50 72 66 59 45 17 99 97 92 64 4 44 95 61 37 63 42 65 36 85 86 100 1 10 80 78 64 97 92 8 77 13 30 67 67 71 58 96 63 39 80 65 81 59 63 29 20 4 26 1 83 94 67 90 39 63 71 69 95 51 56 13 82 17 63 50 56 26 57 53 16 75 60 10 59 32 62 27 51 53 65 47 14 71 29 35 63 16 14 84 75 7 92 21 20 27 26 76 93 99 76 58 53 73 44 15 10 80 64 53 
92 19 60 96 73 38 52 47 55 16 73 100 60 75 87 10 71 61 5 70 51 80 11 5 63 16 90 28 9 72 26 48 66 47 100 12 28 63 24 90 100 85 50 97 20 65 16 59 7 17 62 72 90 45 11 25 99 36 17 25 19 4 39 65 34 71 77 47 37 47 88 70 67 51 3 69 64 17 37 90 89 21 79 24 80 81 75 45 63 57 74 40 60 23 51 65 72 61 32 99 38 5 77 72 37 86 80 61 13 9 57 97 40 40 17 73 60 28 92 65 58 68 2 91 39 1 92 32 
16 9 47 49 30 19 25 45 70 46 11 63 10 71 35 52 30 74 52 85 63 16 21 9 1 99 91 13 4 9 32 28 14 51 28 56 75 58 32 57 84 49 30 59 51 2 83 74 14 64 12 99 45 39 38 43 93 22 72 50 7 43 93 64 55 67 97 61 48 33 31 4 1 29 2 13 99 51 63 79 82 55 36 74 6 60 84 30 81 7 13 59 55 47 65 75 64 40 56 34 55 91 1 11 65 77 59 19 86 60 23 97 41 67 64 14 50 30 33 53 90 77 32 73 2 90 98 13 
89 47 74 34 81 45 59 32 26 85 45 77 12 65 39 57 24 56 98 4 59 5 38 20 6 63 65 51 83 76 34 44 59 80 3 27 78 4 28 42 33 92 40 81 71 13 3 37 36 42 63 78 1 78 33 72 37 27 29 38 80 15 25 37 30 25 86 32 69 24 39 98 41 79 44 9 96 5 25 83 54 80 31 94 60 25 87 56 52 57 78 27 39 30 73 18 63 1 89 70 53 25 20 74 91 76 8 27 27 20 89 30 7 28 87 65 46 19 61 6 10 96 31 93 65 47 53 17 
9 97 41 32 41 23 23 6 62 99 35 22 88 78 78 37 99 34 33 42 65 33 59 46 94 69 28 83 62 67 98 24 99 76 66 38 92 64 39 38 79 56 94 52 10 71 27 28 9 91 40 5 69 66 16 17 27 14 40 1 60 35 14 18 39 65 54 46 26 21 51 50 60 53 15 16 100 26 61 100 60 59 66 7 11 5 58 58 22 6 73 48 65 4 23 12 52 65 44 65 77 40 15 84 83 42 26 81 88 2 60 20 24 15 73 39 48 86 78 68 61 94 29 20 45 99 26 59 
18 14 43 81 32 69 86 52 52 75 83 46 35 63 17 47 2 22 29 46 86 12 60 86 10 86 37 79 13 9 64 68 47 24 18 41 52 71 56 28 48 59 34 11 67 4 46 95 76 79 39 85 85 30 71 24 64 46 86 68 57 45 94 49 10 65 40 46 25 1 91 55 28 94 37 99 20 30 9 14 49 12 41 41 58 99 11 16 69 77 14 51 96 21 46 3 71 35 26 73 47 54 98 6 44 80 31 78 17 97 37 55 82 71 66 18 44 19 67 22 73 82 72 34 59 2 24 95 
22 18 30 62 57 21 60 64 69 10 39 92 1 59 94 31 39 36 74 72 95 16 47 1 27 92 79 74 54 71 64 86 68 91 93 29 7 35 12 44 31 14 1 46 94 14 77 57 6 35 70 91 26 47 12 29 75 3 11 13 57 28 35 14 43 12 22 78 32 7 88 2 97 54 51 79 97 76 7 25 25 30 15 61 24 8 44 80 25 74 61 47 100 56 61 3 42 21 37 93 11 36 33 45 61 59 80 87 21 12 27 78 9 33 100 35 79 45 23 35 32 68 19 14 72 76 22 100 
92 13 77 3 23 34 46 92 9 25 24 92 40 28 97 24 40 41 16 22 72 39 69 98 31 56 68 19 72 20 90 91 45 76 2 7 85 22 27 85 19 38 1 14 62 2 92 53 31 39 60 1 83 11 27 87 33 74 73 71 88 13 99 1 62 17 97 52 84 49 31 38 38 21 15 65 52 7 69 60 42 100 23 27 42 95 78 67 85 30 87 25 47 69 1 19 40 21 12 30 87 6 28 25 6 57 77 39 98 94 2 91 58 73 18 5 15 27 4 49 34 45 85 40 86 19 16 61 
61 7 29 65 71 20 92 70 69 20 2 3 100 62 19 27 42 35 32 19 3 62 74 11 97 40 85 27 5 37 62 29 84 50 51 63 55 79 73 50 62 76 50 78 17 25 62 77 51 7 78 10 64 4 71 22 95 78 100 7 39 49 5 86 100 37 83 49 95 89 31 41 99 21 56 63 34 32 12 31 90 81 16 57 49 31 2 9 67 6 70 18 70 90 6 75 45 9 14 14 41 53 9 96 89 53 7 94 85 74 80 77 73 59 61 71 20 93 46 32 64 84 29 65 32 31 28 30 
40 82 61 17 58 17 44 29 47 63 95 64 73 47 94 76 29 22 39 38 73 23 74 5 67 54 56 21 61 14 29 60 33 54 75 78 48 100 68 91 52 88 5 93 76 44 62 20 10 27 79 17 100 30 22 62 8 92 12 40 68 51 22 6 14 38 85 55 24 30 2 55 24 57 20 77 67 32 41 84 60 27 85 7 95 77 66 47 27 36 36 3 14 12 2 19 68 4 38 46 65 93 67 46 87 77 59 65 29 31 100 52 30 80 40 64 34 84 58 71 47 80 88 28 91 82 88 14 
84 78 2 93 39 50 96 48 8 92 16 36 91 52 34 40 10 44 6 7 55 70 61 7 19 19 90 21 92 14 12 39 45 63 46 11 22 97 60 42 53 67 55 90 15 83 90 16 97 63 51 75 98 86 86 34 3 99 11 17 59 22 21 29 81 4 78 97 80 54 4 12 72 10 98 82 12 95 64 49 82 53 40 32 62 70 65 1 57 9 57 92 28 92 42 6 33 39 67 64 16 91 10 50 65 20 64 44 45 30 78 44 6 53 61 42 42 17 67 27 43 43 79 24 97 30 17 65 
29 60 1 21 72 36 12 69 10 99 10 50 10 2 19 55 62 48 61 17 37 93 97 47 11 67 6 43 88 85 70 53 1 26 13 26 94 74 38 65 64 48 69 85 83 9 95 2 90 65 4 38 71 100 67 56 88 30 4 92 96 25 62 31 92 36 66 51 92 70 83 10 11 98 32 54 45 71 76 9 20 95 79 30 49 38 53 40 7 6 19 74 80 71 42 6 43 5 1 66 84 38 65 84 70 100 27 78 90 14 72 25 37 100 5 20 84 49 93 43 84 55 3 26 40 65 66 54 
58 12 91 18 44 93 79 90 30 9 100 94 23 21 58 31 3 36 35 90 58 18 74 94 16 14 35 57 19 64 54 23 60 44 98 82 11 25 24 96 99 74 62 66 28 13 14 85 51 67 20 25 46 68 15 75 23 24 57 81 6 39 73 36 4 69 17 56 36 99 96 31 45 45 95 59 83 61 5 90 93 82 75 33 95 36 74 45 92 38 55 9 6 28 60 100 15 32 18 75 64 35 95 88 45 96 78 11 38 87 52 44 34 67 71 30 66 23 87 20 95 34 65 4 23 23 26 43 
50 86 66 82 60 33 13 49 24 52 63 21 37 26 27 21 62 49 50 20 1 59 6 15 73 89 97 53 86 14 53 33 48 74 42 86 30 6 80 55 71 21 100 76 57 12 63 40 66 8 59 61 51 2 44 94 99 98 15 48 26 48 84 85 35 41 27 61 68 11 36 52 29 48 1 48 84 74 86 4 11 8 52 97 47 23 53 42 80 65 79 88 76 35 18 61 88 14 8 52 75 66 24 67 44 14 10 67 92 100 30 59 2 22 40 89 23 65 48 85 15 22 20 15 69 91 48 42 
75 82 23 91 68 5 69 100 60 56 78 98 86 76 75 61 28 2 85 74 74 63 74 1 29 11 5 57 38 67 7 16 19 30 30 4 89 9 23 2 87 48 99 6 46 76 16 14 6 17 67 36 9 96 30 20 70 26 54 13 17 82 51 89 1 86 87 88 95 35 100 21 76 33 55 15 78 97 35 5 12 24 9 73 94 72 50 16 87 57 86 26 36 26 14 53 33 18 26 77 15 74 22 97 10 49 93 17 35 18 81 40 70 83 75 54 7 53 94 59 13 96 77 83 12 90 49 57 
79 1 54 2 34 22 64 93 45 88 100 41 70 13 99 83 30 81 30 78 26 9 13 46 41 70 60 2 16 29 54 91 24 37 87 54 16 86 1 90 19 53 12 24 41 21 80 18 44 94 72 73 1 13 81 39 39 14 29 32 3 20 72 83 52 28 64 78 32 33 13 39 74 33 74 6 95 71 69 67 62 37 86 97 85 44 25 83 59 83 41 91 99 76 92 48 94 68 67 33 88 17 42 63 100 9 30 50 71 96 83 86 71 36 58 28 82 56 71 39 12 20 8 46 70 1 64 41 
50 66 25 65 90 33 95 53 48 8 66 76 96 31 57 54 5 22 7 33 7 84 72 24 97 80 15 92 46 13 63 86 31 75 81 26 32 61 100 65 14 9 100 43 66 67 63 5 24 72 63 35 83 6 19 92 90 51 82 43 62 15 77 35 100 52 69 84 56 34 87 83 4 72 34 8 30 11 80 13 28 32 91 92 49 97 46 57 7 75 52 38 51 2 39 25 88 11 96 81 19 80 29 2 65 85 23 11 27 99 61 67 75 51 93 8 90 58 74 65 20 93 91 10 54 64 21 68 
10 7 48 20 43 77 42 53 7 82 67 29 53 86 7 96 81 61 80 86 11 19 43 3 50 26 39 47 84 28 69 44 90 50 56 14 85 81 71 81 12 34 36 92 58 20 47 37 97 12 61 1 32 50 43 41 24 54 49 42 74 19 63 38 38 65 36 60 6 84 43 5 72 37 37 59 32 10 50 94 28 39 73 76 13 65 35 29 81 5 65 93 36 86 60 54 53 80 100 88 40 54 93 85 14 18 56 15 63 11 77 59 51 74 39 55 60 85 40 88 59 11 41 26 48 47 1 22 
7 26 73 33 41 59 82 40 18 79 86 58 24 52 81 11 8 39 90 18 38 26 12 34 48 77 2 99 87 79 80 37 46 87 67 8 18 69 99 11 64 7 17 78 60 89 59 79 5 61 16 45 8 64 54 99 36 89 23 66 22 67 92 89 48 68 3 86 97 50 76 76 8 75 14 38 88 72 58 2 39 63 10 55 79 38 22 83 36 95 53 2 100 12 35 81 63 83 46 76 50 82 44 39 27 35 18 86 59 52 73 53 31 89 55 19 33 16 90 49 17 52 27 45 94 20 11 18 
47 80 63 42 48 12 54 77 45 69 95 65 63 44 78 46 37 19 73 30 28 22 18 19 79 18 62 4 47 82 65 74 15 51 2 49 64 87 91 30 57 38 30 73 71 75 66 96 9 58 39 44 33 11 52 52 14 28 29 81 1 50 68 74 14 98 91 62 24 17 44 32 49 74 15 59 62 9 18 40 94 23 81 15 63 44 62 5 22 31 47 67 96 47 42 90 39 44 81 36 16 30 54 47 5 81 61 29 100 89 67 9 10 11 45 84 56 25 45 84 32 90 21 36 55 35 25 71 
53 15 62 97 94 36 51 54 1 73 74 76 18 53 31 46 13 80 18 84 89 26 14 85 94 35 68 77 25 79 30 72 76 29 86 100 34 62 74 93 71 68 76 45 100 94 56 6 50 50 25 41 1 92 40 78 33 42 19 12 35 21 7 4 65 70 9 34 98 98 77 86 43 9 57 96 39 13 4 27 63 32 43 6 80 48 87 68 5 68 30 88 1 30 43 29 15 48 27 46 19 30 65 90 81 73 54 100 9 3 78 88 14 74 16 43 11 39 13 5 19 61 72 43 53 60 96 100 
98 10 62 83 50 73 7 61 54 86 43 1 76 3 16 81 48 37 12 61 64 26 73 35 41 80 13 12 83 69 33 89 21 4 13 24 26 19 91 96 42 30 14 31 62 24 54 30 49 41 71 92 97 4 14 36 45 32 77 62 42 24 80 2 58 74 44 18 33 85 38 47 41 84 48 53 79 30 45 42 99 28 81 40 70 51 94 10 97 96 65 20 84 40 88 30 5 68 78 65 94 2 7 57 98 66 61 98 76 81 26 6 46 73 71 81 1 88 80 30 45 32 15 37 81 7 82 44 
91 32 71 97 96 37 43 69 39 15 22 93 45 30 97 94 36 23 86 50 67 2 96 10 74 81 60 78 75 63 92 4 82 35 38 49 92 58 88 81 96 86 34 36 60 100 66 2 11 17 61 10 15 96 95 89 41 63 80 79 27 73 25 90 14 9 65 47 83 48 82 51 93 6 9 91 61 32 30 95 77 95 93 44 100 82 60 76 93 29 30 7 92 58 83 35 36 51 45 42 78 45 37 64 47 86 78 35 16 78 51 93 99 91 48 37 55 28 21 54 96 74 34 49 92 81 74 36 
76 21 86 90 62 98 55 44 87 16 73 70 29 58 74 95 98 10 61 28 17 66 3 93 23 43 85 85 36 49 88 38 14 26 2 51 67 35 4 73 4 4 48 36 46 48 39 34 29 48 56 54 86 5 34 83 77 59 30 40 40 41 16 69 15 48 46 89 84 17 75 61 52 8 81 69 73 92 62 52 32 27 64 25 51 75 43 36 35 8 96 100 32 94 50 54 65 85 52 39 56 44 88 50 87 73 88 58 78 4 2 3 29 75 43 7 54 54 48 33 33 32 66 86 74 30 26 58 
30 61 18 85 52 41 21 76 15 36 23 36 79 41 14 65 59 49 57 66 20 55 32 41 1 60 63 87 74 76 60 94 75 90 71 66 37 48 55 72 43 29 22 51 11 28 32 87 95 95 51 74 38 14 70 68 71 64 63 70 92 19 1 69 59 28 64 43 36 43 98 6 7 13 52 36 90 82 78 17 21 73 35 17 42 14 73 25 95 39 91 77 53 18 70 85 16 38 22 11 98 90 99 32 41 30 76 79 67 4 87 23 52 31 97 32 3 69 93 20 84 100 40 48 37 67 54 90 
11 1 95 17 76 46 29 48 36 59 88 56 7 37 99 25 20 54 73 19 36 62 43 3 9 4 82 32 46 8 27 3 23 46 83 53 32 65 62 3 89 24 49 93 97 42 36 22 78 45 78 11 8 88 45 64 97 18 79 90 15 8 19 94 78 98 73 39 3 66 73 73 20 25 23 23 78 69 16 97 100 71 15 25 61 90 26 6 94 78 23 84 45 30 3 66 56 92 3 98 78 51 63 6 53 65 13 9 48 92 90 41 41 76 24 68 7 93 67 71 40 62 21 67 32 14 84 39 
95 24 89 44 77 62 23 8 49 80 79 40 39 30 53 73 10 50 98 51 85 82 90 51 59 40 80 18 62 36 71 40 57 7 40 16 84 77 55 6 69 52 71 95 2 4 83 92 80 44 22 23 35 78 26 72 90 12 89 5 70 85 58 52 43 84 1 72 87 58 76 34 39 45 8 94 86 35 14 66 40 93 25 56 95 72 14 19 5 40 96 14 45 8 6 89 87 23 24 9 95 50 29 65 3 27 25 21 90 41 3 63 89 95 20 23 27 40 41 71 52 33 80 42 31 79 74 59 
68 9 39 10 34 59 41 5 73 56 14 57 25 98 74 67 93 7 81 26 95 72 8 14 27 51 3 74 64 37 40 89 13 1 1 92 2 54 72 87 79 57 14 65 88 96 42 19 48 49 59 74 5 37 81 76 87 43 38 7 75 76 87 80 33 71 34 10 15 61 80 39 16 82 31 49 37 45 5 43 68 33 58 2 49 9 87 75 51 9 10 81 90 47 59 17 52 93 92 58 19 20 4 25 66 81 58 94 70 100 30 45 40 72 51 72 63 68 38 27 75 1 50 30 5 67 71 12 
78 29 18 70 3 14 88 19 5 61 24 64 86 44 95 75 4 21 56 15 57 29 29 5 90 77 27 37 10 78 4 11 3 30 64 49 59 25 38 89 79 34 100 100 39 36 83 7 86 77 97 40 15 36 33 55 32 65 9 5 89 82 69 2 5 64 67 34 47 91 50 61 25 11 68 94 3 72 45 2 19 64 51 34 64 48 38 32 90 97 40 91 93 14 5 38 22 45 64 76 70 58 65 87 67 34 36 59 31 67 55 75 52 8 19 4 38 88 24 92 31 66 82 67 61 7 51 41 
30 10 19 72 56 5 30 2 94 76 85 56 84 83 41 26 50 2 3 76 54 20 39 68 10 87 71 95 53 2 17 19 98 21 95 90 20 24 9 35 97 40 58 24 21 77 67 11 48 84 76 36 26 68 47 75 26 43 15 79 24 79 77 26 33 37 9 59 1 97 17 85 81 66 54 13 96 33 75 7 43 10 69 51 24 72 70 92 94 38 33 55 20 55 33 25 20 5 75 95 1 78 68 18 88 6 5 93 78 58 50 37 68 94 71 57 100 52 80 68 38 50 16 84 25 70 91 42 
55 22 90 70 2 43 21 76 63 29 29 100 22 60 50 55 58 30 86 87 7 39 95 70 63 58 22 27 26 36 31 98 36 18 4 90 50 75 42 24 66 69 20 35 65 6 97 26 68 71 46 49 51 91 30 46 17 83 8 89 36 54 22 59 37 84 17 9 52 36 99 8 21 63 78 28 54 66 96 15 88 90 24 27 48 44 98 41 72 27 35 86 81 12 12 96 51 6 3 60 81 80 5 76 71 15 29 77 6 52 80 33 23 83 82 61 75 65 27 78 7 79 12 37 71 49 77 58 
36 87 88 66 100 18 35 1 41 2 17 29 16 51 76 66 25 66 30 56 17 30 81 29 93 60 90 94 76 76 71 7 72 29 68 33 37 62 76 86 35 91 35 50 22 27 9 5 45 14 76 87 95 1 11 9 55 52 14 89 72 48 36 66 98 89 32 26 66 12 53 76 42 30 51 22 92 56 19 59 18 84 69 63 25 81 57 53 53 18 13 92 60 82 80 50 30 93 7 13 68 43 20 42 18 43 29 16 88 42 50 24 64 3 73 93 60 91 66 90 30 82 89 74 96 50 97 63 
24 83 38 28 22 59 68 2 97 3 53 100 12 4 41 76 3 55 14 82 66 22 59 78 79 83 33 83 45 16 41 13 60 78 42 41 88 71 47 7 25 81 33 9 20 84 86 88 10 27 42 46 33 5 17 99 84 78 73 71 29 18 88 91 52 30 96 62 27 6 17 25 46 100 13 39 46 69 6 82 33 58 14 98 8 90 71 56 15 89 15 58 8 64 3 1 48 20 64 16 84 99 74 17 21 95 23 85 28 31 14 65 38 99 73 53 35 38 35 58 47 3 92 78 82 21 33 14 
63 87 7 85 24 24 92 80 72 21 4 63 28 14 55 80 89 17 12 16 3 1 30 67 64 73 40 61 66 94 87 67 26 6 92 44 31 52 24 29 67 4 67 43 21 1 16 96 68 82 93 48 93 7 93 14 8 23 32 77 12 96 64 7 35 67 95 1 43 52 39 58 64 25 99 59 76 38 86 98 1 38 59 71 87 95 74 42 94 87 5 29 70 30 11 54 60 64 6 99 85 59 78 53 94 68 87 18 83 96 73 31 64 71 76 57 74 40 28 45 64 19 90 60 24 46 70 27 
49 75 5 7 57 74 75 98 42 81 46 14 53 30 75 3 61 2 36 4 64 78 52 7 74 25 4 19 8 95 78 16 57 19 63 31 2 20 72 38 19 7 57 8 61 30 11 83 39 89 97 27 11 60 48 62 40 17 77 33 46 9 7 50 62 98 5 20 2 89 73 36 60 21 57 92 72 34 83 19 41 30 54 31 45 29 46 52 10 11 35 57 58 96 66 22 36 89 40 88 52 80 89 67 61 65 57 35 79 23 89 66 41 66 60 4 14 6 2 53 26 45 40 62 65 3 3 75 
57 24 60 83 29 37 68 90 3 10 19 39 53 67 6 65 77 35 3 3 71 8 31 94 1 23 74 82 94 99 42 59 58 35 43 4 85 31 34 22 50 31 51 62 48 96 13 66 51 33 48 54 63 90 53 71 71 44 14 57 69 89 56 69 3 96 61 6 10 39 24 77 23 62 15 96 17 84 67 57 25 52 99 47 43 19 97 19 70 14 54 53 34 93 8 27 33 73 23 15 41 45 79 96 68 71 82 27 36 99 69 74 82 63 69 87 68 84 17 74 78 78 33 59 25 37 55 34 
47 57 79 84 76 40 8 94 60 25 6 82 94 20 93 46 82 66 47 89 56 88 23 38 48 55 71 71 19 9 72 26 1 93 24 29 40 73 63 69 24 44 100 13 27 32 62 53 20 55 22 53 17 35 14 94 6 73 89 50 13 48 72 1 89 89 84 18 38 42 88 84 5 4 99 68 85 85 17 88 49 82 83 78 96 30 11 93 4 26 49 55 79 71 100 81 28 87 31 97 92 7 42 94 85 30 33 13 64 12 48 20 14 76 30 23 5 24 36 55 2 45 31 23 50 96 94 85 
79 44 6 97 63 38 70 98 24 28 2 65 79 29 4 3 56 16 32 42 93 62 48 70 10 72 98 8 38 1 73 29 28 61 73 59 75 97 29 25 62 6 79 8 31 10 87 39 57 21 23 91 66 11 74 8 39 69 87 32 96 79 85 2 94 46 40 9 14 66 12 76 73 68 61 9 81 56 38 46 90 20 45 73 3 82 62 64 99 11 59 73 47 91 48 70 55 100 21 14 35 78 39 86 32 65 86 61 94 92 59 59 46 7 9 46 28 50 100 38 45 47 43 75 90 53 22 41 
94 39 79 99 85 86 12 81 54 57 40 26 75 72 8 86 69 84 54 7 20 12 13 86 57 19 19 99 84 37 25 68 50 66 100 85 44 68 61 34 7 38 36 76 99 54 48 49 55 42 92 62 87 25 42 51 15 94 1 81 61 55 7 70 41 39 56 1 36 51 17 19 81 52 61 47 80 57 30 87 59 40 52 49 47 76 69 14 29 52 25 100 1 96 64 2 8 34 24 83 61 93 72 18 71 92 70 21 26 18 13 70 4 76 89 85 68 81 68 92 12 65 42 100 28 51 5 97 
20 73 38 16 59 13 50 1 67 8 35 65 92 62 21 10 60 59 79 94 77 21 96 44 47 90 51 94 84 16 40 28 34 67 87 40 95 99 60 78 88 22 5 66 50 14 35 5 29 55 53 46 63 66 35 37 39 67 32 39 97 82 85 99 97 66 53 53 77 2 9 31 46 22 13 54 38 73 4 25 13 54 84 29 75 28 45 66 43 63 43 99 18 5 46 44 67 21 57 55 16 49 98 79 29 42 74 15 58 15 19 40 78 27 59 63 41 37 65 51 98 12 29 46 4 75 16 80 
24 90 65 47 86 33 13 96 50 1 91 78 57 54 85 35 16 86 95 45 88 76 47 31 5 31 91 57 54 70 66 62 22 39 57 62 21 94 51 66 27 91 4 92 74 76 49 97 43 27 20 68 25 58 95 75 34 66 57 89 73 51 58 50 93 87 91 54 100 16 55 77 52 47 2 100 22 60 61 49 51 2 74 41 30 98 68 45 54 55 95 29 80 24 25 28 79 28 37 50 61 20 74 16 57 67 44 77 78 48 80 1 82 28 40 73 79 76 78 42 46 79 45 1 10 26 75 65 
95 66 85 78 63 2 89 99 77 36 25 19 71 11 26 23 55 66 97 81 21 93 18 13 39 39 43 62 46 68 95 32 88 6 100 4 95 46 99 37 9 76 45 84 88 17 1 45 37 23 52 63 85 26 21 77 14 20 14 97 96 33 91 82 48 6 8 64 31 34 33 45 24 47 26 59 82 56 26 100 20 96 50 54 9 76 97 71 100 91 13 38 11 9 59 3 71 97 77 12 35 77 88 15 12 96 87 71 56 26 71 35 56 2 2 27 55 77 93 99 25 68 32 24 5 69 62 41 
11 79 64 31 98 54 87 72 17 24 5 19 97 18 63 95 63 17 27 78 4 2 77 89 55 9 60 35 76 14 14 91 76 42 95 91 40 83 94 85 60 75 75 28 73 68 76 66 90 77 71 2 8 20 13 56 84 57 9 6 16 39 59 37 60 83 51 65 20 100 16 51 98 33 44 51 87 1 18 99 13 83 41 63 31 14 5 73 24 71 81 39 97 25 15 49 36 72 22 54 19 77 35 56 12 56 24 57 2 68 69 81 98 40 86 87 81 66 22 94 14 32 61 100 3 26 28 1 
17 24 55 60 22 100 99 64 55 21 40 28 17 36 69 72 94 80 89 8 93 49 70 53 85 50 99 19 72 41 37 57 7 90 96 15 69 47 2 29 11 92 51 18 39 93 90 36 37 29 74 75 62 56 73 38 98 19 60 96 26 7 48 18 84 12 13 27 99 71 49 76 88 18 100 36 73 29 47 77 99 16 22 45 29 87 6 80 90 99 39 59 23 67 37 1 85 76 90 42 83 97 96 87 58 55 89 89 68 18 83 87 40 54 31 89 36 77 30 88 6 15 30 23 83 47 58 50 
58 22 42 29 89 30 2 78 5 55 5 89 63 15 12 95 97 67 13 61 59 36 45 5 100 81 54 21 55 7 84 15 24 80 43 44 91 29 63 1 42 95 9 61 17 5 57 34 6 73 18 28 56 97 66 93 92 61 9 13 5 34 81 76 82 73 1 61 70 48 71 96 70 22 78 36 57 51 36 80 89 97 25 43 90 41 77 60 24 92 24 63 46 90 44 2 26 44 61 72 37 92 7 5 38 45 92 44 33 42 34 47 78 22 34 71 10 38 13 9 99 22 41 76 42 41 41 69 
17 24 66 31 80 59 11 87 90 91 97 43 65 69 55 71 70 14 66 8 96 49 17 88 65 93 55 27 86 88 4 35 20 24 43 26 49 70 4 36 32 60 88 11 20 9 65 11 55 88 57 31 83 58 36 71 19 1 2 26 100 9 83 98 41 50 85 78 19 31 49 8 54 15 12 40 93 74 49 34 20 78 18 46 35 17 66 99 25 86 86 63 43 87 32 50 29 90 4 68 62 22 21 62 46 9 46 58 22 78 60 40 100 43 78 43 53 83 87 2 67 49 40 77 3 78 27 50 
55 74 94 69 55 90 61 49 21 42 17 6 41 12 74 66 34 100 5 41 29 76 57 32 44 7 17 92 78 21 38 28 58 76 20 47 97 60 83 22 55 2 97 15 78 87 86 13 44 27 20 9 37 61 16 28 84 98 72 33 97 64 90 2 90 47 27 79 94 3 100 20 14 93 6 76 33 91 80 25 52 35 67 100 62 91 41 71 96 3 37 93 44 51 30 36 55 5 38 94 40 77 27 96 87 54 21 64 64 88 19 20 17 36 50 22 2 66 33 90 46 39 33 17 25 49 4 66 
17 69 18 50 10 33 10 7 10 14 43 53 80 29 62 4 74 99 61 80 85 96 94 55 53 92 25 74 88 34 21 80 29 29 37 29 18 58 45 83 26 78 53 86 67 37 6 92 94 25 42 39 29 99 86 58 58 3 15 1 99 69 44 4 79 34 61 88 39 53 61 19 48 51 68 49 38 1 27 39 76 85 77 88 53 39 27 35 12 23 42 49 78 46 15 100 100 90 31 13 23 69 26 15 10 90 68 38 17 5 68 26 31 71 12 17 23 26 14 86 64 18 39 80 95 3 41 23 
69 71 46 54 42 70 24 13 41 89 87 25 69 4 62 3 62 83 27 68 36 97 30 68 21 76 12 67 12 36 21 60 24 24 67 78 64 52 58 24 82 57 8 9 19 69 77 16 15 43 70 60 96 92 9 89 73 84 76 99 16 84 22 12 4 26 71 100 61 67 5 85 12 75 42 73 5 60 76 97 9 17 48 4 74 38 5 29 70 86 58 91 7 11 91 41 60 35 22 98 79 48 84 80 23 46 57 57 38 65 79 12 83 13 55 50 67 34 8 82 95 52 97 6 60 47 47 26 
11 94 21 90 68 8 65 89 24 42 32 26 89 49 68 11 70 20 53 97 88 80 43 87 56 95 83 35 82 61 81 50 31 100 81 70 81 71 54 22 56 69 79 38 100 86 75 84 95 45 23 35 81 66 98 81 70 28 60 35 31 1 52 2 79 92 35 22 6 70 63 95 28 70 48 83 86 92 28 100 62 47 58 12 11 40 85 72 1 71 52 4 61 45 65 51 16 67 28 94 22 52 20 11 12 49 52 52 47 37 60 65 13 93 10 48 48 69 14 87 76 50 90 14 46 82 43 53 
11 22 72 93 73 89 84 82 66 24 46 14 3 47 31 45 89 53 62 99 19 20 29 33 57 97 82 2 58 60 48 81 55 38 68 92 10 7 93 42 14 80 50 73 24 29 44 100 47 100 59 67 15 73 37 17 22 28 96 83 38 78 97 14 98 83 56 18 79 87 64 51 70 21 4 12 71 35 12 10 69 23 50 73 6 55 7 80 64 49 97 18 30 31 14 44 41 49 36 61 12 66 52 13 34 39 100 21 11 4 93 99 90 99 26 15 90 13 17 42 14 57 51 15 41 29 38 89 
96 53 95 16 83 92 23 72 62 18 43 42 58 43 8 43 59 73 81 8 61 100 15 66 33 3 91 34 70 8 60 59 24 4 61 19 28 48 93 5 90 99 98 7 10 21 98 44 4 14 32 21 8 70 44 34 83 85 65 1 49 91 93 15 98 48 86 59 69 42 88 2 4 50 37 88 40 35 28 12 71 1 28 62 56 11 1 36 11 51 41 16 12 37 82 87 11 20 72 11 66 43 52 53 26 5 70 30 43 48 74 76 47 65 98 85 66 41 87 94 92 20 44 16 97 19 53 40 
28 71 42 15 70 11 88 75 62 77 63 11 63 39 9 89 58 97 85 64 79 45 66 3 87 22 72 6 28 46 31 68 35 35 41 69 71 4 36 45 94 69 93 3 61 53 86 61 4 51 56 96 2 27 29 14 25 4 69 4 71 42 97 10 14 3 33 95 31 53 58 10 44 53 33 41 80 100 68 89 98 69 31 76 24 33 18 69 87 41 10 72 1 14 3 26 20 30 1 52 57 95 12 64 27 39 78 67 6 33 61 13 23 67 96 97 70 26 87 62 64 54 13 46 72 22 13 64 
16 89 74 1 10 78 94 70 6 70 29 18 33 40 27 66 82 98 89 6 68 46 2 59 30 70 24 38 34 57 48 54 2 49 16 96 2 94 66 4 92 30 46 25 36 98 35 75 86 99 95 57 35 88 78 28 76 2 42 1 93 86 66 81 12 58 6 9 50 85 19 69 96 98 72 78 50 62 51 16 20 32 62 96 1 27 72 41 31 42 6 50 96 18 22 45 6 30 10 65 63 69 94 54 31 50 17 44 11 41 99 92 80 6 66 30 96 37 46 79 45 61 86 72 54 34 3 55 
100 78 63 1 82 63 9 27 68 95 6 86 93 85 57 93 74 5 41 84 29 72 98 37 22 42 89 61 71 22 29 58 11 58 92 31 41 85 91 92 97 99 13 73 53 4 57 9 80 1 12 26 29 20 74 38 40 22 11 50 35 62 79 17 98 100 15 22 7 66 84 25 8 69 38 45 12 17 29 58 68 57 82 32 4 43 21 81 41 80 44 8 48 10 60 4 41 64 100 65 85 48 9 55 9 28 99 23 10 88 58 83 24 17 99 37 64 81 33 26 75 100 53 59 64 49 38 80 
95 23 41 81 9 95 98 71 88 76 58 9 26 2 81 10 22 24 7 72 20 28 4 68 50 88 7 87 86 16 4 89 98 29 2 37 94 47 62 10 3 85 46 14 22 88 82 5 87 87 83 47 60 15 5 37 24 85 96 25 29 50 73 57 97 32 10 2 71 41 7 74 50 72 59 94 88 69 16 54 33 13 14 40 32 63 90 36 41 86 99 98 46 9 25 8 42 22 73 13 65 60 92 6 3 94 10 4 84 95 68 53 55 11 63 75 89 83 52 58 30 61 81 1 69 88 24 37 
72 46 51 60 24 92 63 22 1 76 78 10 30 42 16 10 36 29 15 10 55 39 32 99 47 80 60 88 48 15 44 11 43 51 47 73 32 79 25 57 40 85 14 19 60 22 97 1 4 64 31 15 78 33 45 60 94 30 98 11 50 84 75 97 77 36 24 65 61 59 75 82 81 25 27 1 19 3 2 67 71 66 75 34 51 98 25 30 25 32 83 22 90 52 51 1 62 42 88 29 32 62 90 24 56 74 69 11 88 18 28 58 93 68 9 5 43 21 44 14 30 76 88 65 77 73 56 49 
11 70 61 64 30 91 71 15 34 71 38 64 10 12 6 77 78 18 75 78 22 95 84 14 32 76 76 5 53 21 85 36 29 90 92 58 100 6 71 65 42 75 40 11 81 3 18 32 74 30 53 78 90 91 21 59 27 18 68 47 91 61 94 41 15 36 92 12 75 44 74 35 35 87 8 37 31 52 60 65 14 39 50 26 10 78 59 74 99 71 51 75 13 63 84 92 31 46 46 85 81 82 16 96 5 50 87 92 86 56 100 56 45 35 19 47 99 32 34 82 100 64 80 66 86 30 41 95 
78 37 99 90 42 53 63 46 41 1 28 38 55 100 69 14 70 63 15 79 11 57 85 73 85 81 20 30 77 32 16 81 56 36 35 71 10 79 57 90 60 83 42 20 83 35 53 57 27 72 98 58 30 57 78 9 39 7 9 55 49 81 57 89 40 68 12 100 26 20 33 70 26 71 48 89 16 48 26 78 83 50 16 30 74 84 4 17 27 20 98 38 89 8 40 83 5 28 61 38 99 19 6 94 49 10 90 25 8 82 79 1 17 42 3 30 25 95 88 76 64 88 62 42 66 16 55 64 
21 73 19 93 2 5 82 44 71 30 33 35 91 8 52 35 73 56 68 13 66 7 81 31 6 75 71 79 17 98 45 9 85 13 74 85 84 76 45 11 93 45 35 19 74 28 89 68 24 35 8 47 100 22 88 38 21 36 63 43 69 4 28 25 62 11 45 14 12 59 3 86 75 1 100 24 58 82 26 58 94 61 74 71 2 14 43 86 59 32 1 25 5 34 35 94 17 24 34 88 37 52 60 38 93 40 30 37 67 96 47 7 23 77 24 39 35 13 3 36 91 44 37 1 23 9 2 58 
47 72 49 4 93 84 70 9 34 94 15 8 32 28 71 3 82 28 12 65 38 40 8 76 39 13 29 15 1 57 81 96 9 18 90 16 86 2 98 20 51 1 30 54 26 26 59 17 38 21 28 15 82 95 18 47 57 74 36 91 99 4 31 91 90 42 41 52 54 20 6 41 62 1 5 43 77 13 7 53 8 51 79 74 6 34 66 26 47 90 7 40 20 7 49 18 77 38 79 3 38 52 68 53 42 94 35 86 73 42 65 22 68 13 61 2 45 13 53 86 66 77 72 80 78 3 50 59 
63 64 80 2 4 73 32 40 26 64 11 79 21 43 18 67 41 88 83 31 4 11 55 84 9 39 56 95 64 11 28 15 62 12 99 98 22 15 87 14 49 52 58 73 73 49 59 48 77 71 91 78 88 61 71 76 19 73 34 70 62 69 44 14 86 53 89 56 64 29 83 56 42 71 93 71 12 71 71 65 96 73 99 97 25 97 17 17 78 3 26 5 8 4 12 82 43 2 68 49 89 23 52 79 72 3 46 5 63 60 69 10 75 88 14 55 42 99 79 60 80 24 78 70 1 4 41 88 
70 58 62 82 98 26 45 30 65 19 37 26 16 1 87 26 34 59 37 63 73 31 73 79 30 63 77 3 93 70 77 44 13 53 28 21 37 52 100 96 33 77 84 48 94 57 64 68 95 25 59 72 3 21 2 32 94 64 10 7 16 74 25 23 50 1 35 47 89 7 23 46 18 11 36 83 16 52 6 4 61 29 37 35 95 63 43 6 2 4 91 52 20 20 15 31 98 28 43 13 57 10 77 53 3 36 77 87 18 54 88 61 68 80 54 8 35 33 61 26 96 3 85 3 17 75 97 49 
81 62 33 95 38 44 65 9 34 40 5 49 50 1 93 60 52 86 83 44 57 88 17 49 34 67 46 33 22 48 44 55 16 46 65 59 78 87 78 3 16 18 64 86 42 77 13 92 95 38 21 9 90 4 91 2 3 57 86 31 82 70 43 82 92 84 6 2 11 80 88 29 52 70 6 67 57 62 7 98 11 86 18 97 21 35 74 95 39 52 11 48 61 96 41 69 4 88 85 10 100 41 41 81 22 18 92 92 75 46 62 18 86 33 42 94 92 31 11 10 98 48 59 3 13 49 57 48 
19 12 18 37 79 7 48 48 88 75 28 81 10 20 73 98 30 58 93 85 37 56 6 24 93 90 73 48 11 24 75 30 58 55 87 79 67 48 65 77 37 44 83 73 33 14 96 86 93 38 45 10 33 60 39 53 30 5 15 23 20 95 58 29 17 34 70 52 32 84 73 59 1 16 19 27 48 53 43 3 17 29 83 37 67 94 47 100 39 66 71 46 67 98 58 73 26 13 91 70 67 13 14 28 67 2 45 70 11 56 67 54 97 11 21 11 74 93 69 51 44 42 25 67 85 24 87 45 
83 67 72 5 53 28 66 9 100 18 5 76 99 25 58 25 77 12 56 19 22 3 12 94 49 67 99 22 19 50 69 67 49 16 45 57 38 42 93 40 92 98 100 22 14 37 88 85 93 59 96 57 50 69 4 87 52 9 45 5 94 100 46 70 12 87 60 70 81 33 82 16 27 12 76 98 4 7 89 35 94 88 59 37 7 80 98 94 80 83 74 98 90 48 85 37 91 59 86 72 5 95 99 52 77 13 2 23 8 18 94 80 46 14 10 95 34 70 70 4 36 21 62 16 20 83 50 72 
100 19 98 8 5 72 17 23 87 1 35 60 3 43 66 19 44 46 95 36 10 23 100 93 29 36 2 21 86 23 75 97 29 97 95 36 40 47 20 57 32 60 11 21 70 94 45 45 38 61 87 92 57 83 45 50 8 97 36 57 24 44 31 99 60 33 47 92 5 89 94 46 82 32 97 95 35 61 24 83 27 59 31 37 78 54 28 72 12 53 47 88 47 35 23 25 95 100 85 63 27 88 54 29 24 45 74 85 3 53 79 18 80 38 96 71 100 81 18 26 16 48 2 34 10 69 5 54 
18 27 67 96 56 50 42 79 89 99 34 24 22 6 4 45 59 74 9 71 41 82 46 39 22 52 89 72 57 30 71 19 7 44 39 43 70 44 97 33 63 20 53 43 30 42 30 82 93 77 65 16 68 92 56 92 54 66 19 76 14 79 3 73 16 3 65 95 20 22 64 67 83 94 27 88 61 92 39 84 57 43 63 57 60 32 42 70 64 61 36 17 74 34 89 57 99 50 11 88 15 33 8 30 43 11 69 56 52 2 71 99 82 22 27 94 49 27 35 33 38 65 15 83 50 74 23 27 
42 69 53 64 22 8 79 15 98 80 95 4 3 70 49 26 64 11 65 44 65 62 42 90 57 81 35 85 23 99 99 62 79 74 58 26 24 34 33 25 97 14 59 79 12 30 4 34 90 30 66 72 4 80 1 23 7 71 76 34 63 88 8 70 21 14 85 95 74 99 26 50 97 47 95 30 80 50 55 12 9 12 55 28 95 9 2 42 39 42 32 25 61 95 23 49 13 31 95 9 58 53 14 87 88 51 92 12 88 72 42 19 77 55 64 37 37 5 68 57 32 2 6 39 66 35 99 70 
57 50 24 74 7 28 5 19 58 37 70 47 52 30 15 61 54 48 37 32 88 29 10 75 37 56 40 1 95 67 75 16 37 62 4 4 21 89 26 48 85 88 32 48 86 61 34 96 36 89 1 42 77 34 78 21 97 3 99 97 99 14 75 51 67 38 60 15 3 18 89 71 62 80 82 27 93 48 93 56 68 45 82 45 45 36 42 75 89 51 87 54 30 42 96 48 79 31 77 51 57 53 26 92 8 1 17 80 2 8 91 60 53 78 94 15 51 45 84 65 19 88 49 23 14 42 68 31 
2 79 30 48 53 97 69 99 89 32 69 92 91 28 21 93 25 15 38 31 62 8 49 30 48 62 59 19 70 81 55 44 14 3 47 71 19 72 48 75 99 53 12 24 26 59 75 40 39 10 19 72 27 54 64 24 23 13 11 85 39 29 33 19 32 86 21 45 28 19 93 67 30 82 80 98 61 43 69 8 63 29 96 6 51 89 91 99 34 72 38 96 15 30 93 22 42 37 12 10 17 49 48 23 5 68 93 63 4 4 60 82 93 93 76 96 41 50 58 88 9 80 35 11 94 84 76 12 
18 32 48 64 83 23 31 7 65 72 51 75 38 57 77 93 96 70 76 70 98 30 89 69 17 16 53 8 56 97 25 68 97 9 98 24 80 84 47 37 26 26 19 51 12 63 17 83 81 78 25 1 1 5 4 81 98 18 98 56 83 96 50 17 26 63 7 12 29 1 17 27 65 30 45 37 66 12 23 70 51 87 79 28 7 86 11 9 44 80 91 39 41 50 19 94 63 51 60 27 50 31 18 60 71 13 17 14 83 17 1 43 21 31 2 90 91 21 5 33 17 1 85 88 22 15 3 64 
67 75 40 86 48 61 91 39 36 81 26 48 19 31 96 78 38 24 72 98 9 84 67 11 13 6 97 24 51 77 39 99 26 65 54 86 58 30 59 73 11 30 44 57 44 21 47 77 54 71 18 46 4 35 68 20 41 44 82 84 56 1 19 10 25 4 61 61 47 68 87 2 79 27 85 38 53 87 34 21 40 79 6 93 22 58 42 73 39 6 27 99 87 89 78 13 57 38 42 28 95 27 10 25 86 22 25 68 96 36 22 52 9 7 7 58 2 62 34 100 13 26 23 19 57 73 11 4 
74 79 25 34 75 23 50 63 41 64 58 100 11 90 43 95 76 82 53 92 37 79 98 10 67 75 16 94 78 18 18 79 28 95 34 49 28 31 52 40 50 90 93 69 68 97 30 10 89 6 11 65 90 29 90 82 77 98 44 54 20 3 69 36 12 89 87 80 61 66 26 60 47 7 43 7 31 43 34 45 62 7 72 98 46 12 32 95 72 77 75 81 30 41 86 100 53 67 67 63 51 39 86 45 7 41 46 79 19 20 32 97 68 89 77 33 45 6 95 22 63 16 46 61 6 48 63 15 
89 6 2 44 53 69 47 1 40 34 18 37 67 84 97 76 97 37 28 39 9 98 28 46 2 14 47 18 35 19 79 18 19 45 97 3 76 26 16 34 78 86 75 82 85 18 16 62 70 91 88 32 53 58 79 6 69 90 12 7 76 2 2 89 96 26 14 24 55 52 32 37 57 34 61 17 55 31 88 8 18 37 35 9 93 47 15 91 96 55 38 98 4 66 97 44 69 73 20 46 95 15 4 42 66 48 41 36 32 19 75 35 44 69 35 71 94 76 2 85 9 61 35 45 23 61 8 69 
32 77 60 96 61 37 2 97 27 61 8 37 39 83 91 95 21 56 71 62 66 74 53 34 75 13 20 100 72 95 12 67 5 2 74 26 80 37 46 67 97 18 87 94 51 28 64 53 18 87 27 71 49 21 16 7 40 56 89 27 36 47 85 76 29 32 16 13 9 38 53 96 76 97 85 15 41 79 18 30 85 50 93 58 48 81 18 11 4 57 77 52 70 13 78 36 17 13 43 17 20 30 18 84 61 10 81 5 74 86 16 80 83 5 11 13 44 92 12 41 43 30 13 7 72 18 17 91 
48 16 45 32 23 92 53 18 56 62 93 23 52 57 18 57 60 69 71 27 4 83 1 85 78 10 87 68 35 26 10 75 13 2 2 30 77 63 74 69 53 2 84 51 52 87 51 31 11 23 11 43 69 4 60 73 14 2 31 65 79 46 88 76 68 46 62 37 47 87 15 6 49 17 57 79 78 10 51 45 58 40 92 33 53 65 94 7 29 56 28 65 77 99 31 34 89 87 58 62 80 61 2 38 6 21 15 5 64 57 39 77 14 34 4 35 89 30 40 38 16 75 93 31 31 43 44 7 
85 24 47 42 52 98 56 61 76 81 83 6 25 28 91 73 27 31 93 47 92 95 58 59 42 54 24 48 25 28 6 28 52 62 84 14 56 91 40 32 24 45 36 65 29 59 26 6 70 73 1 43 77 74 56 29 51 66 59 31 37 16 33 4 88 26 70 95 25 30 27 64 79 57 71 7 39 7 83 76 21 76 81 29 55 69 5 99 78 32 29 84 35 98 63 27 59 33 94 35 31 5 52 8 66 60 52 72 28 72 49 75 41 46 35 45 5 14 8 38 35 73 47 11 23 62 34 82 
69 60 18 19 14 88 40 15 82 51 76 68 73 27 89 19 5 63 44 84 34 40 14 2 5 24 57 69 31 54 70 59 45 88 77 32 22 75 57 3 23 89 75 60 50 60 3 84 79 19 17 75 80 18 76 87 92 27 32 39 49 70 39 57 27 98 27 68 78 48 71 78 4 38 9 64 61 89 12 60 40 46 93 19 53 60 73 33 55 93 85 62 28 73 3 11 3 10 48 23 78 2 71 91 32 73 9 98 92 1 13 73 45 28 24 70 89 8 92 27 69 75 50 18 96 68 46 55 
86 40 38 83 21 12 42 35 61 76 24 89 1 57 44 37 48 17 8 41 7 27 11 91 30 50 30 78 5 84 31 9 91 60 33 55 89 25 43 50 84 17 24 89 23 73 47 19 29 43 46 67 20 15 82 70 8 81 52 55 41 31 83 90 33 89 70 10 94 3 37 60 58 98 34 83 57 47 69 54 91 50 67 1 61 16 55 33 75 3 12 99 57 50 17 91 45 65 1 40 99 4 95 10 79 2 57 63 55 85 49 57 49 20 40 50 47 71 71 89 81 58 79 41 69 83 5 95 
71 22 13 96 53 14 76 98 43 26 78 51 55 35 77 62 15 81 21 61 60 91 61 77 90 93 83 89 13 44 48 80 46 75 78 51 80 32 7 20 84 60 97 88 86 63 82 70 46 25 52 72 87 96 97 4 86 85 80 68 27 32 43 99 84 11 82 19 31 69 33 37 88 9 91 22 23 4 10 29 31 24 39 12 100 99 14 40 81 3 8 100 92 63 82 64 50 67 32 19 46 64 16 77 36 72 1 72 43 33 5 33 40 36 7 33 60 92 32 8 87 18 51 56 81 31 78 1 
49 61 73 60 83 49 17 20 98 75 51 16 23 13 83 13 50 33 21 27 48 94 77 45 97 16 78 87 19 9 51 69 44 69 63 40 62 76 85 83 6 60 40 19 9 31 6 23 76 81 93 36 39 87 62 94 35 3 8 49 46 52 80 13 36 59 10 38 9 45 10 85 20 63 60 10 74 35 5 52 56 6 48 56 85 7 21 72 65 48 38 5 12 66 71 66 40 93 28 60 13 34 62 29 63 73 64 80 32 19 72 36 35 24 74 51 98 27 43 8 42 5 70 23 59 76 82 16 
19 63 18 80 43 88 58 95 83 7 23 30 71 76 67 42 24 11 71 73 68 27 86 52 4 70 65 42 74 31 99 50 34 15 54 20 58 26 93 86 100 19 5 97 25 53 72 43 41 90 85 13 33 92 25 4 84 39 21 80 54 61 34 39 67 7 8 69 70 24 19 4 55 38 6 86 21 26 35 17 85 47 78 92 64 32 22 14 87 7 97 17 99 84 10 65 10 88 74 20 11 21 79 67 79 48 94 83 65 80 19 33 49 5 1 22 17 37 72 88 92 58 99 100 40 96 31 10 
61 100 89 68 20 88 9 92 76 86 54 99 1 23 22 35 48 89 1 78 41 23 66 65 50 65 17 48 54 32 48 81 90 77 2 12 97 1 56 8 68 12 64 5 17 60 3 56 91 92 42 33 62 7 78 97 94 43 73 57 23 34 40 58 77 30 51 40 86 58 70 66 92 36 66 7 30 40 95 28 74 56 60 68 60 95 90 58 44 89 89 14 60 90 40 38 12 26 55 56 67 59 78 14 78 16 88 94 41 33 23 7 8 63 4 4 51 10 40 58 48 77 12 56 38 91 62 23 
60 30 2 14 56 10 14 70 81 32 23 83 58 36 54 21 36 32 97 10 27 41 78 64 76 19 9 24 48 13 56 45 2 1 11 89 79 32 2 67 91 7 40 42 92 67 41 61 21 75 49 13 77 99 83 85 92 94 50 12 21 30 80 2 48 41 27 96 73 11 67 16 94 34 53 59 57 88 19 8 39 87 30 89 46 18 19 33 60 54 47 87 61 37 24 23 45 40 46 98 1 38 7 45 58 14 6 96 5 10 45 75 93 93 52 92 28 78 37 26 57 65 8 96 79 10 24 7 
3 77 13 27 85 96 10 19 44 91 58 25 61 52 91 16 15 43 17 47 76 1 23 13 72 79 89 39 45 99 54 45 8 48 90 85 8 58 30 2 1 59 76 5 30 76 20 85 8 61 55 72 34 57 65 57 85 21 23 40 97 84 46 15 7 17 89 99 96 20 80 43 17 63 77 93 86 25 39 41 91 92 99 11 51 67 58 96 1 80 47 54 12 51 6 71 29 95 36 57 69 20 59 74 9 84 38 75 77 67 5 47 83 43 58 49 40 67 59 15 76 77 26 46 80 80 38 56 
12 77 87 73 97 63 32 6 74 8 43 5 48 85 33 64 3 18 87 100 53 46 20 19 54 69 79 60 99 80 20 14 40 100 69 92 90 18 82 16 26 6 62 47 39 43 38 96 46 72 34 17 32 89 20 85 56 90 12 63 44 31 92 19 44 35 23 51 78 51 46 31 99 34 8 92 94 85 29 38 70 89 47 66 93 84 3 21 46 66 42 31 21 2 55 45 81 79 22 74 84 53 88 5 86 49 10 27 84 46 97 36 13 62 56 14 25 8 14 8 26 58 64 90 87 3 36 59 
28 29 67 73 76 16 82 30 85 23 47 39 51 36 73 38 42 76 91 88 78 66 23 86 63 90 50 18 10 93 33 43 87 37 36 97 52 25 12 56 91 94 91 98 9 60 3 92 7 72 26 92 46 41 91 40 84 66 85 78 79 73 41 48 23 94 20 42 91 74 59 83 44 95 85 13 80 84 74 17 80 83 91 70 71 54 55 21 23 13 88 57 29 42 98 93 29 65 17 87 9 24 11 100 60 7 17 30 34 57 95 21 76 52 24 71 55 87 43 38 83 9 23 71 38 96 68 64 
99 98 97 66 61 38 58 43 42 94 8 17 38 85 76 26 54 56 46 84 69 91 48 67 10 90 98 89 24 51 2 26 2 84 74 81 41 35 65 73 43 84 56 78 26 5 100 54 49 22 7 14 6 94 56 4 44 80 55 75 92 95 63 2 8 68 8 61 44 4 68 6 16 80 71 83 52 88 33 63 64 12 49 19 35 92 45 32 73 30 44 16 83 80 90 46 42 15 96 18 84 16 93 7 72 63 29 25 3 79 70 37 34 74 65 76 54 48 98 6 19 19 50 22 49 93 40 99 
21 80 67 75 9 68 32 64 94 98 83 10 46 17 56 86 77 30 15 3 88 1 80 64 40 81 53 90 99 49 96 60 78 30 32 53 99 8 36 62 96 73 47 47 73 76 6 3 50 66 29 77 41 26 66 8 67 29 72 9 71 67 20 82 29 34 88 69 95 43 1 16 39 45 2 15 97 91 16 7 33 60 92 77 14 69 6 67 30 93 41 49 49 80 10 26 6 56 47 34 76 83 58 50 60 71 22 74 98 54 12 99 77 20 55 25 85 23 4 56 28 33 21 52 90 82 6 2 
51 94 94 29 99 12 78 38 7 87 53 53 68 92 53 56 72 12 65 88 89 31 71 93 36 89 18 28 22 80 28 56 93 84 61 50 11 30 86 6 78 23 84 75 56 23 88 6 46 50 32 88 73 44 91 75 73 42 99 54 70 23 14 81 45 75 46 2 54 95 83 82 70 64 66 9 59 40 57 87 79 46 36 96 30 16 77 50 69 9 50 4 91 46 51 33 54 12 93 96 60 80 30 68 22 55 26 70 18 25 11 81 98 60 45 99 6 48 43 6 55 41 33 44 79 99 95 67 
94 63 72 41 73 57 48 17 72 77 97 80 16 23 2 24 33 24 62 78 61 36 33 36 4 5 53 17 90 8 29 88 84 15 92 30 85 2 64 47 87 50 34 51 63 67 55 1 85 14 42 67 50 100 91 83 42 69 65 82 65 35 60 100 18 39 36 65 54 45 65 23 91 66 26 83 24 43 24 42 61 18 3 32 65 93 60 37 17 33 72 21 34 27 22 22 2 16 57 8 70 52 34 93 84 19 13 88 17 84 42 6 37 49 73 55 65 74 49 50 23 35 86 58 96 81 100 6 
21 71 3 76 27 10 53 75 6 20 84 56 14 54 35 90 46 42 57 52 33 68 61 7 13 24 59 35 2 10 45 71 39 32 5 87 81 16 2 58 30 82 49 86 55 93 99 87 17 29 80 97 37 38 72 1 38 43 25 95 88 58 60 86 95 68 19 39 29 34 66 25 93 34 69 34 14 56 15 98 44 76 89 87 97 22 91 98 72 34 76 40 50 38 1 49 57 78 61 63 7 41 10 94 30 75 37 66 40 1 10 77 20 57 40 54 74 37 19 84 85 26 16 10 44 73 53 85 
56 61 74 63 60 31 88 79 54 87 25 18 69 8 57 56 35 63 57 89 50 88 60 27 14 83 17 42 24 7 79 86 72 25 83 1 33 58 79 85 11 76 91 77 68 91 7 31 37 15 49 92 37 45 54 60 52 84 52 7 20 26 16 66 75 56 82 74 77 100 94 98 68 97 66 33 31 8 64 77 34 45 36 21 65 47 53 76 15 2 10 37 47 45 25 78 42 40 86 70 87 14 84 51 86 15 99 88 55 73 50 75 82 81 62 86 21 63 67 66 83 71 4 9 14 66 32 77 
93 99 83 96 44 52 79 41 37 7 70 46 56 2 36 25 90 72 3 20 2 51 40 18 24 50 79 29 7 98 77 90 92 48 21 2 57 15 33 67 42 26 25 21 68 68 14 29 88 77 27 1 62 9 63 15 16 96 22 59 30 21 60 96 56 44 12 44 10 45 2 4 50 59 8 48 13 48 72 80 37 18 18 61 28 46 100 10 19 100 11 30 21 28 96 47 68 79 38 7 56 100 55 59 56 64 29 7 32 75 14 51 58 8 39 47 18 67 25 3 84 18 100 54 32 26 49 41 
49 38 59 76 1 11 47 29 20 68 73 96 24 46 50 62 24 93 32 44 66 50 47 83 74 18 2 87 12 91 79 63 87 41 97 55 51 45 46 10 90 64 74 81 51 69 3 28 78 63 90 44 11 63 86 35 29 26 95 24 36 16 24 62 20 42 37 9 52 98 95 17 42 61 39 85 91 55 61 49 61 24 17 22 84 24 95 42 72 39 55 93 7 89 9 82 53 53 22 62 48 38 91 75 32 92 88 83 58 5 77 16 75 85 58 66 85 25 100 38 82 36 78 43 68 49 74 28 
35 73 37 13 8 82 69 44 54 53 14 16 2 69 1 3 57 35 49 11 14 32 65 41 30 80 79 29 34 7 26 30 34 19 69 94 92 80 26 27 27 6 79 7 37 60 19 26 51 83 14 4 95 99 1 24 62 66 5 53 37 77 93 86 5 36 52 59 38 54 2 15 67 80 83 79 37 6 32 79 59 51 75 9 46 83 70 34 28 69 13 27 76 39 86 27 51 35 74 78 13 31 4 58 71 24 79 4 94 32 49 47 81 14 5 35 44 19 96 54 19 94 66 52 98 25 99 37 
44 32 100 41 48 89 13 12 70 21 32 100 59 17 61 46 88 76 3 27 5 87 65 10 9 33 62 12 58 5 2 98 56 69 82 11 67 17 51 15 8 46 5 46 4 77 84 86 41 56 68 7 19 79 100 82 97 43 23 51 33 28 16 5 8 5 66 90 61 58 86 69 80 96 32 22 23 34 32 61 6 16 49 33 63 18 18 69 13 82 15 5 54 51 97 80 100 5 42 22 44 11 92 78 90 31 100 25 37 54 77 57 60 26 37 66 69 97 56 45 76 10 37 84 61 58 76 46 
32 96 19 87 100 30 40 33 42 3 18 59 47 51 27 50 61 6 73 22 78 5 37 33 40 43 30 4 92 99 14 91 2 80 73 74 69 54 6 71 54 45 84 68 82 54 80 31 22 100 10 33 59 70 14 37 92 4 89 45 16 54 70 92 100 16 20 40 68 23 80 16 48 28 81 100 43 74 64 68 73 30 58 52 29 95 57 97 80 84 57 75 8 92 70 31 74 24 86 13 79 78 90 2 71 11 2 82 47 48 9 73 81 4 76 79 53 88 1 89 44 11 2 3 18 88 62 9 
64 3 99 31 36 88 81 30 18 17 11 3 38 45 16 33 24 62 38 51 87 43 23 81 53 59 82 73 46 4 49 1 41 86 52 38 74 47 97 83 35 49 56 30 20 75 90 3 79 74 29 22 87 44 42 75 69 73 63 43 52 89 7 89 51 47 6 73 12 94 73 42 14 83 39 72 15 19 52 100 31 85 8 41 37 90 17 57 25 96 100 76 48 7 72 79 62 18 37 17 54 11 79 76 28 99 92 3 20 22 63 26 56 13 25 17 60 40 98 2 78 7 45 58 62 54 33 61 
9 70 69 31 43 81 39 14 33 54 97 82 70 88 54 34 76 72 36 80 57 18 43 60 78 85 94 22 26 18 14 56 20 100 58 9 47 46 93 13 65 53 9 40 26 6 96 46 41 33 81 31 80 48 78 5 72 29 63 34 93 88 71 57 75 64 60 61 90 64 11 62 4 36 10 70 86 62 77 31 37 73 6 83 84 8 78 21 58 20 83 90 22 15 69 19 58 39 71 88 48 35 55 94 32 64 69 44 48 31 76 25 68 12 16 51 36 73 11 48 52 9 43 51 33 47 53 33 
5 42 49 74 59 46 41 74 1 80 53 67 59 94 27 42 91 57 71 85 100 47 62 80 25 13 52 54 5 26 61 75 31 45 51 62 61 62 21 24 2 9 17 58 71 50 1 3 67 100 100 41 58 78 49 81 5 70 83 29 69 84 74 83 72 76 12 29 3 21 97 74 48 30 68 56 99 44 68 57 13 71 77 72 37 13 92 83 71 64 28 45 80 46 4 15 64 42 52 55 33 69 59 76 32 68 45 81 50 55 46 96 7 17 34 71 30 100 38 3 89 25 15 47 91 72 71 76 
87 46 58 98 90 89 8 66 99 74 78 23 34 57 81 77 29 45 75 94 54 79 16 30 50 86 93 51 50 63 28 55 48 44 58 26 60 2 72 45 55 56 64 97 16 79 36 36 57 93 81 23 33 2 31 97 84 97 66 5 89 10 46 68 98 2 71 34 31 89 95 53 95 32 57 37 77 31 76 10 13 89 68 27 74 18 3 63 38 68 8 3 60 75 48 13 27 62 34 82 54 61 68 99 8 74 77 47 77 72 10 59 13 36 25 70 49 19 33 99 49 1 14 16 70 7 32 88 
9 72 100 91 87 73 3 94 37 85 56 89 92 73 80 90 30 10 8 94 58 88 5 59 35 93 67 11 52 95 82 26 82 88 20 70 85 72 80 44 33 42 38 58 91 72 59 30 41 44 97 32 66 59 59 32 52 34 38 65 72 33 39 10 28 64 71 95 53 99 87 36 35 4 96 31 50 85 19 57 82 20 47 60 52 88 20 6 16 18 48 18 70 77 22 75 77 78 72 12 42 5 9 95 55 88 54 81 98 58 42 90 17 80 7 96 74 73 33 75 92 59 59 32 95 73 78 24 
75 66 3 56 7 21 48 36 58 31 27 85 5 23 46 78 100 69 90 62 88 76 39 22 55 48 43 23 86 63 38 1 94 44 27 87 26 84 16 47 88 19 54 99 30 2 4 35 68 76 32 19 90 46 76 45 6 13 32 94 63 80 95 18 78 15 96 13 44 15 10 11 7 63 91 59 15 79 9 66 5 72 63 12 45 19 71 84 94 5 81 62 99 15 37 72 56 49 23 51 61 89 89 73 74 23 82 17 91 55 73 69 42 18 90 14 8 76 74 76 29 38 61 48 62 78 10 36 
4 96 35 19 35 55 3 34 54 89 9 37 97 8 98 5 48 93 5 51 5 77 61 76 93 73 7 34 87 69 54 36 74 20 62 1 26 38 22 70 4 21 37 66 46 68 27 38 26 99 79 89 11 99 68 85 16 11 17 40 75 75 99 25 37 19 50 57 90 2 82 57 3 23 59 89 5 80 39 25 100 43 39 19 13 31 70 64 46 92 17 53 61 61 66 25 73 70 83 11 88 86 91 95 50 95 11 19 5 5 7 56 68 72 30 34 92 35 69 33 55 94 32 91 94 65 51 84 
70 88 48 86 31 52 83 97 40 40 45 84 31 47 33 52 52 88 19 92 98 37 87 43 48 20 62 50 3 67 6 99 24 89 21 25 90 67 69 44 79 55 97 70 11 72 29 24 20 92 31 59 10 28 84 50 44 30 6 55 1 8 37 16 95 45 10 42 8 11 91 19 86 58 53 82 75 63 51 80 33 77 62 2 83 91 88 53 38 86 71 84 11 80 71 59 80 85 37 54 27 68 81 46 14 92 95 3 50 10 25 64 23 84 47 83 88 15 85 56 51 34 18 20 4 78 71 38 
4 11 72 74 62 91 17 85 47 60 35 19 51 12 26 15 97 68 18 77 81 83 20 18 79 45 54 64 57 66 62 1 26 69 88 3 48 35 80 76 40 69 91 71 91 87 6 98 9 95 31 53 23 46 35 19 82 52 72 80 66 88 85 31 25 12 57 11 46 5 63 20 70 36 88 87 88 38 94 14 94 86 98 25 38 41 39 46 3 44 84 48 67 23 90 72 30 50 14 37 46 2 70 52 27 83 12 4 3 40 15 56 41 8 52 74 59 78 13 77 68 52 75 6 96 50 65 46 
14 4 15 18 26 14 81 40 30 3 47 30 91 21 81 9 79 69 100 9 35 85 18 72 43 32 4 81 39 8 42 67 51 98 38 58 68 49 21 12 41 28 49 36 53 86 24 99 12 10 78 46 32 16 26 66 49 69 20 57 21 51 65 4 36 100 74 27 55 37 49 86 70 28 94 30 100 84 22 7 63 37 13 4 28 46 41 65 89 43 14 28 94 13 25 73 12 50 18 32 30 76 78 55 66 12 24 85 42 48 71 86 47 37 10 26 1 63 59 8 10 75 97 76 38 1 99 91 
90 57 95 89 43 13 87 12 93 77 41 6 27 62 62 98 20 64 14 85 60 34 45 56 23 4 91 52 15 38 15 83 53 27 6 52 81 55 97 12 86 87 16 83 10 4 42 98 10 81 8 76 37 63 78 59 84 5 2 100 99 46 50 64 88 27 84 46 68 22 59 74 42 91 90 61 56 40 87 14 69 72 42 27 61 72 11 98 1 87 43 32 88 18 33 70 25 48 26 2 50 41 32 17 80 64 63 36 17 80 88 84 88 50 27 1 36 95 59 31 95 24 82 31 54 31 100 99 
92 26 12 17 19 35 10 33 77 29 19 59 29 51 38 35 41 8 55 24 29 39 5 91 42 40 26 38 24 30 23 17 100 18 81 56 7 9 99 58 50 60 74 71 41 59 48 68 26 42 50 99 33 7 35 61 92 97 4 76 94 7 88 11 91 71 71 99 89 75 56 10 38 98 69 39 30 42 94 2 55 45 3 92 71 3 85 71 44 71 64 92 13 12 78 55 94 16 70 9 46 38 77 49 16 77 75 2 94 42 39 82 82 1 28 10 52 32 88 37 65 16 36 23 24 27 49 23 
63 29 56 35 8 99 39 73 88 68 41 4 21 39 77 37 56 12 61 85 71 68 56 5 91 73 74 96 42 84 88 94 15 44 97 95 62 67 76 81 57 12 3 90 67 5 40 22 80 37 45 22 38 60 78 28 90 18 56 51 53 88 82 58 48 97 13 64 74 38 80 2 55 53 75 98 93 56 16 76 58 19 63 52 41 71 83 27 43 34 71 21 72 98 54 24 69 92 19 47 100 35 54 66 62 79 26 53 77 99 28 80 42 17 24 14 19 7 65 12 20 62 28 71 72 91 4 73 
71 15 43 72 43 90 82 84 88 41 34 92 100 16 83 22 94 69 21 94 54 93 27 79 64 41 42 37 97 65 26 47 87 11 75 84 72 6 68 16 37 32 95 44 71 83 24 5 23 89 2 80 40 86 6 16 30 55 36 96 57 90 4 46 27 44 66 38 29 73 17 49 7 28 92 21 26 4 41 86 56 65 74 71 3 83 91 38 58 84 25 76 6 100 65 91 59 51 44 10 16 64 78 67 44 2 69 98 4 17 39 79 51 46 34 97 97 66 32 86 6 6 76 19 54 99 57 14 
17 72 60 92 37 11 9 30 1 45 65 4 25 84 39 85 16 97 57 55 86 34 49 45 100 95 39 62 25 17 25 54 6 20 5 10 83 15 12 74 46 51 97 43 69 83 48 82 29 49 89 98 5 15 70 33 37 40 100 64 40 75 51 84 75 50 86 56 5 52 5 89 56 82 58 44 76 11 80 42 45 85 53 89 24 81 89 29 60 68 72 25 97 87 100 18 17 88 67 90 48 100 98 26 23 55 44 24 17 53 69 100 40 45 61 7 3 14 83 17 95 43 2 57 83 72 20 44 
38 33 99 20 92 6 48 79 75 4 70 76 67 97 1 96 51 86 21 79 42 86 47 22 36 64 82 36 66 21 66 65 1 17 75 21 14 65 50 27 23 17 65 10 52 65 36 8 36 68 4 39 79 91 46 86 71 83 26 59 63 44 79 74 12 12 9 21 97 10 23 100 49 59 58 35 38 46 62 16 2 81 14 1 8 72 7 26 75 50 77 45 45 1 38 41 22 18 95 49 51 49 42 27 24 98 21 43 48 15 19 68 33 75 32 16 72 96 92 53 7 93 4 6 58 57 43 95 
56 59 83 38 21 29 51 56 27 81 73 19 2 16 72 45 34 65 82 59 41 76 50 29 99 56 15 77 76 46 5 98 91 40 96 100 74 68 29 90 10 70 13 94 76 41 54 57 14 15 40 55 90 35 85 33 98 42 76 79 23 93 55 90 41 27 26 14 25 60 46 72 42 96 45 32 20 97 10 80 4 66 8 37 8 41 50 38 25 62 41 17 96 98 33 81 63 97 38 21 64 93 59 69 19 98 100 70 75 57 38 44 54 18 27 50 50 59 78 87 23 55 91 35 57 97 43 1 
83 69 17 59 69 67 77 26 9 33 72 34 69 57 59 99 38 96 57 10 18 5 5 64 35 53 92 13 86 39 27 74 71 86 78 30 64 66 9 68 25 90 61 71 48 29 35 6 1 97 6 61 81 63 30 59 45 8 76 22 55 39 76 20 29 5 49 28 53 42 33 93 19 51 33 63 27 17 8 6 59 84 25 46 53 75 8 52 64 46 39 12 18 75 67 37 24 84 91 35 36 30 34 29 55 91 50 56 59 43 46 18 91 70 98 16 54 63 11 23 36 38 18 76 48 41 39 14 
51 94 23 20 67 56 1 55 18 58 49 74 40 94 49 65 98 73 98 31 25 20 97 1 43 38 6 31 51 8 47 7 12 98 93 74 82 87 12 57 31 56 75 96 90 85 78 85 52 44 29 40 37 82 14 47 98 39 17 51 28 95 53 74 60 96 60 24 33 95 20 58 47 71 16 45 64 83 20 96 70 70 10 17 87 13 70 91 89 60 8 25 27 50 48 24 94 5 62 56 10 97 36 50 65 42 14 20 66 6 40 40 8 64 23 58 80 17 20 62 15 23 29 79 12 81 11 25 
38 36 119 62 180 173 68 109 56 29 101 67 149 115 173 118 83 133 129 190 158 92 172 111 79 67 34 15 112 43 129 78 22 106 109 50 55 86 171 7 55 110 61 94 68 72 80 55 108 189 93 180 112 143 148 106 79 107 127 162 44 76 86 99 132 80 159 106 162 106 182 94 95 121 42 62 92 55 109 77 55 160 111 149 44 82 134 110 56 87 111 111 140 151 186 138 86 78 119 103 109 34 57 125 82 118 82 113 117 179 118 126 134 56 163 137 81 66 107 137 80 102 159 96 130 63 11 17 
36 198 49 86 92 116 25 100 73 111 64 45 78 86 76 161 47 138 53 141 99 104 147 78 98 61 142 98 18 47 112 48 67 168 76 93 119 48 80 40 108 190 96 163 155 30 70 104 43 79 100 75 194 151 102 97 111 119 124 106 85 31 198 102 113 29 95 60 84 33 128 41 138 44 96 119 66 89 53 153 155 181 69 149 23 36 88 98 81 118 117 111 87 133 43 70 107 130 167 98 85 118 101 53 142 117 131 132 122 137 122 116 103 24 110 76 131 61 69 32 117 19 126 69 70 133 43 83 
119 49 186 190 96 80 90 174 197 77 90 83 62 69 126 143 110 46 113 101 109 112 42 107 161 55 66 118 63 90 35 61 114 186 98 154 139 90 126 148 169 51 75 87 46 153 79 107 115 46 95 170 90 141 16 146 98 107 148 153 21 35 105 122 49 114 59 99 102 56 128 144 61 98 67 128 106 152 82 150 147 68 126 109 90 104 112 176 82 40 191 113 147 51 129 51 44 52 103 103 79 135 91 143 103 26 56 83 71 163 150 46 71 108 26 75 43 94 131 17 165 135 142 118 95 103 109 185 
62 86 190 186 104 122 45 33 83 152 96 132 94 85 154 136 27 96 150 114 164 137 82 156 179 55 180 153 122 82 124 145 102 82 53 105 93 135 103 50 75 86 85 46 123 169 113 91 45 52 52 54 97 52 177 68 67 84 89 73 43 39 31 34 65 91 154 126 129 61 123 61 137 176 139 89 112 132 164 155 51 126 76 95 81 114 84 127 140 67 91 34 93 114 118 82 132 6 68 88 160 103 107 94 104 157 98 122 58 118 140 91 86 88 53 121 71 140 72 187 64 89 136 67 28 133 113 15 
180 92 96 104 26 92 111 56 102 50 78 88 106 74 132 173 156 68 110 75 82 18 113 118 173 152 102 78 103 102 105 153 61 118 168 54 121 85 145 198 44 91 106 120 40 105 141 102 171 112 161 106 75 154 169 150 110 97 120 154 94 165 137 91 123 47 130 137 47 54 91 147 147 168 151 79 83 57 194 39 122 124 127 105 119 111 69 73 15 137 82 192 81 102 122 171 174 148 54 68 120 141 156 89 104 145 91 52 106 100 35 123 28 38 57 84 51 24 129 150 162 92 36 61 132 14 95 29 
173 116 80 122 92 42 153 50 81 115 101 41 47 74 74 130 88 183 78 61 125 97 85 68 88 114 94 104 115 102 18 63 127 175 144 109 32 168 53 68 126 175 110 154 27 149 32 118 54 112 97 83 176 31 109 140 44 113 76 113 77 39 82 109 68 56 193 115 43 125 68 153 184 63 66 70 13 77 53 146 66 119 163 106 148 95 94 52 86 99 169 150 122 111 108 99 107 132 154 119 101 66 94 170 114 157 100 64 78 176 81 22 117 94 140 110 109 22 90 87 112 60 170 46 89 63 117 66 
68 25 90 45 111 153 58 89 104 125 139 136 145 125 144 80 86 109 184 73 86 78 138 140 113 143 39 14 164 139 65 130 142 120 122 151 23 116 77 105 102 113 94 106 56 111 171 131 82 149 69 43 60 157 79 111 37 106 29 72 156 108 127 81 23 109 92 129 137 123 41 85 182 125 100 95 99 125 128 177 104 133 102 30 187 87 43 72 167 61 31 62 114 82 160 138 76 83 136 72 77 47 50 159 85 69 63 139 77 50 90 87 135 87 98 106 151 103 68 18 86 112 103 27 140 139 31 152 
109 100 174 33 56 50 89 144 33 171 54 195 95 145 43 51 68 56 157 143 134 30 99 93 108 46 84 70 85 140 119 59 116 76 74 113 104 25 128 77 82 51 107 59 71 126 70 91 133 165 104 101 58 49 106 73 66 76 140 105 130 121 86 151 29 56 120 125 74 171 111 78 81 69 72 86 94 56 65 82 103 96 115 83 40 67 68 89 89 91 114 124 103 64 65 102 120 124 123 140 8 98 135 135 93 43 135 24 93 22 74 121 166 18 50 138 59 10 45 153 106 137 145 53 119 179 73 105 
56 73 197 83 102 81 104 33 158 148 134 120 132 94 163 91 177 102 132 69 91 119 131 84 122 90 190 168 157 20 77 39 142 100 58 19 165 121 140 59 117 54 171 84 94 59 35 119 96 80 60 74 75 114 158 17 56 188 118 57 155 54 45 97 43 142 134 61 105 100 66 26 104 129 91 52 192 20 138 103 96 71 77 134 76 157 99 127 83 159 66 64 140 54 89 103 45 90 87 130 74 168 158 85 90 3 141 64 130 170 74 117 67 89 95 117 78 131 152 69 120 53 90 153 165 83 47 67 
29 111 77 152 50 115 125 171 148 30 137 73 109 119 93 158 54 137 92 91 81 167 100 79 114 174 105 120 164 107 169 96 72 106 122 91 82 133 73 142 132 68 189 91 186 124 27 83 140 103 132 161 143 51 73 138 82 68 88 145 61 38 97 150 84 134 93 91 153 105 54 77 58 40 77 30 117 182 71 137 30 117 103 115 69 43 102 63 119 59 95 151 116 118 195 87 109 75 94 114 66 67 68 140 101 145 45 98 149 81 144 115 93 169 149 136 143 31 107 70 99 108 175 22 106 138 103 123 
101 64 90 96 78 101 139 54 134 137 128 125 132 112 110 97 148 45 83 117 99 126 80 64 81 91 65 134 128 142 67 136 171 156 65 146 95 77 57 54 167 99 130 153 22 45 87 40 108 100 86 134 106 163 109 154 142 140 72 123 100 136 44 81 145 120 93 142 123 53 60 39 116 105 197 116 56 120 134 186 189 132 12 140 163 36 165 61 150 108 84 85 90 80 61 104 11 175 143 104 115 74 118 78 120 85 53 143 117 72 159 142 156 42 112 162 86 85 102 128 45 83 24 90 72 61 151 82 
67 45 83 132 88 41 136 195 120 73 125 26 163 83 88 83 119 50 89 90 98 99 157 111 98 60 107 134 64 90 179 158 19 120 101 110 98 105 78 90 70 88 114 108 31 184 108 129 114 106 127 40 91 44 66 123 145 102 92 159 161 64 91 174 145 108 135 122 159 101 143 107 80 109 102 139 84 54 59 34 45 178 104 130 64 98 112 142 135 61 57 21 85 78 98 193 142 57 65 159 179 134 104 54 42 125 87 146 111 93 119 107 107 137 189 78 49 84 26 165 84 121 109 136 34 23 127 160 
149 78 62 94 106 47 145 95 132 109 132 163 178 88 117 103 119 93 61 83 146 88 68 87 128 52 47 109 69 125 195 81 43 90 147 82 91 64 98 94 182 134 125 152 112 112 76 158 174 80 88 102 57 111 69 188 131 137 121 118 111 90 139 71 142 88 97 140 149 131 110 144 90 119 105 14 110 67 136 108 90 122 98 97 155 95 20 159 154 40 84 42 88 60 103 131 92 129 83 173 135 95 69 152 140 27 64 136 103 75 86 57 16 128 61 97 42 134 43 96 152 54 93 123 81 122 126 85 
115 86 69 85 74 74 125 145 94 119 112 83 88 162 47 98 94 59 123 64 104 97 57 62 158 98 190 106 125 49 160 54 73 64 176 133 132 92 144 47 49 144 35 64 139 67 145 76 158 114 84 72 136 86 127 112 105 121 121 145 133 50 85 68 135 133 156 141 98 140 80 57 146 131 71 115 82 99 47 138 92 95 73 164 75 96 98 93 117 124 108 78 53 57 153 116 104 163 163 89 178 94 61 131 116 146 160 77 38 49 166 86 75 93 168 117 124 109 112 124 66 122 111 189 85 25 53 113 
173 76 126 154 132 74 144 43 163 93 110 88 117 47 82 125 89 76 71 75 154 61 116 119 107 55 136 97 70 102 115 145 80 33 93 125 152 69 133 97 93 48 18 80 57 119 110 106 85 80 69 83 122 124 140 143 81 155 68 96 110 29 45 67 117 77 87 192 132 23 137 140 65 105 132 162 101 145 94 158 61 102 79 75 47 171 144 130 105 100 97 97 161 132 113 122 139 157 53 110 106 49 60 169 118 49 144 71 35 35 79 105 115 125 95 87 92 116 22 116 195 100 137 57 59 111 68 137 
118 161 143 136 173 130 80 51 91 158 97 83 103 98 125 40 78 77 86 74 156 69 165 139 94 126 70 96 92 147 81 89 105 157 106 130 23 87 27 109 82 39 174 115 141 123 127 91 97 102 67 93 26 119 100 33 97 106 88 47 68 128 95 76 84 116 149 116 127 104 128 83 82 150 65 135 132 43 37 47 162 113 159 119 135 150 122 142 25 136 17 36 126 130 152 126 57 32 30 89 119 97 72 125 118 73 108 118 37 103 79 97 152 52 138 80 109 63 49 144 93 146 58 71 174 16 141 81 
83 47 110 27 156 88 86 68 177 54 148 119 119 94 89 78 174 109 163 90 138 128 89 49 141 94 143 129 79 63 89 98 112 165 151 104 137 110 126 35 84 109 91 125 28 146 105 53 103 72 65 153 101 74 84 158 47 86 48 122 114 22 114 97 144 27 92 91 89 124 92 42 86 113 68 97 141 113 83 154 107 61 64 104 70 79 20 94 114 55 113 144 58 90 141 135 143 97 92 68 105 162 100 104 138 136 112 95 108 146 116 84 96 124 147 84 114 183 85 114 117 124 116 21 82 125 107 95 
133 138 46 96 68 183 109 56 102 137 45 50 93 59 76 77 109 50 89 178 155 124 94 166 163 144 143 111 99 165 117 103 109 116 67 126 94 110 77 147 77 73 94 141 145 46 49 122 100 123 79 115 116 86 189 39 47 93 88 106 119 84 65 105 35 111 156 150 128 69 147 67 112 68 20 118 144 195 122 108 157 104 156 86 145 8 34 101 61 86 122 70 55 137 110 33 91 89 95 65 124 39 175 99 99 55 71 96 91 76 63 116 130 14 157 132 77 148 22 167 29 112 99 108 114 62 87 139 
129 53 113 150 110 78 184 157 132 92 83 89 61 123 71 86 163 89 138 46 184 66 70 73 88 185 18 114 128 135 148 64 81 105 97 152 111 133 78 141 103 6 114 107 129 143 114 80 128 114 89 93 84 110 194 59 136 128 16 50 105 132 183 88 118 99 88 96 56 77 134 107 153 117 79 75 57 100 117 174 132 74 177 130 108 128 105 133 107 115 102 98 77 70 160 13 149 73 97 123 179 150 76 71 93 67 157 122 131 60 179 134 142 106 63 117 57 125 12 161 90 80 174 97 97 114 103 160 
190 141 101 114 75 61 73 143 69 91 117 90 83 64 75 74 90 178 46 108 134 161 87 111 95 82 19 12 55 170 119 107 106 97 92 30 121 123 39 43 57 62 121 86 27 122 61 49 95 98 98 59 61 117 150 13 70 61 110 65 97 132 129 49 157 39 154 110 173 37 40 64 102 116 194 135 142 128 158 107 133 116 92 176 80 99 124 180 122 29 107 45 64 107 148 187 102 123 100 161 159 85 122 123 109 65 93 142 80 109 81 93 72 108 101 134 104 34 85 80 149 107 91 31 54 44 121 79 
158 99 109 164 82 125 86 134 91 81 99 98 146 104 154 156 138 155 184 134 108 64 120 100 98 47 84 104 172 97 130 79 136 133 51 62 153 135 188 144 111 155 84 102 55 110 105 46 99 62 146 125 124 27 35 113 107 83 113 37 107 74 103 138 23 98 29 58 56 80 104 78 171 92 106 62 21 79 65 92 134 65 86 111 63 153 70 144 82 44 71 117 140 103 112 107 99 89 143 40 41 30 118 89 120 2 104 73 71 49 175 69 64 107 106 81 92 130 73 129 53 14 104 139 20 30 92 92 
92 104 112 137 18 97 78 30 119 167 126 99 88 97 61 69 128 124 66 161 64 18 120 112 105 163 117 44 143 71 174 148 128 71 98 153 107 148 129 118 137 119 123 84 152 114 131 95 33 125 43 65 112 26 192 144 78 115 62 82 17 53 97 96 42 2 166 33 69 170 62 149 90 40 104 160 62 195 152 131 143 141 129 52 93 114 116 159 78 87 124 62 92 94 80 138 95 72 173 53 18 42 120 99 71 139 99 80 94 126 67 124 33 30 106 119 180 79 53 111 118 90 114 122 111 141 115 77 
172 147 42 82 113 85 138 99 131 100 80 157 68 57 116 165 89 94 70 87 120 120 40 135 146 78 86 40 112 121 66 72 84 158 69 58 22 142 63 151 90 40 35 94 12 67 87 73 141 97 62 45 112 112 133 119 84 102 41 116 132 84 84 43 120 66 76 48 119 74 139 134 93 104 80 118 104 100 169 82 154 44 124 29 143 100 60 146 68 131 136 44 152 93 129 135 94 49 156 152 132 94 42 99 139 169 179 107 170 113 108 185 56 149 123 114 141 143 78 169 92 94 105 101 47 118 193 154 
111 78 107 156 118 68 140 93 84 79 64 111 87 62 119 139 49 166 73 111 100 112 135 146 167 148 121 114 165 109 176 177 102 117 95 89 91 73 90 117 163 43 98 77 72 31 64 39 57 163 109 89 149 59 79 52 54 142 115 70 117 124 57 52 81 126 75 127 137 186 60 43 90 151 78 115 101 52 52 84 167 152 77 147 140 84 112 111 87 138 23 91 64 45 81 127 100 39 79 89 48 86 118 68 157 50 90 79 132 42 87 113 20 82 131 38 44 73 163 47 79 66 141 124 179 105 111 84 
79 98 161 179 173 88 113 108 122 114 81 98 128 158 107 94 141 163 88 95 98 105 146 167 78 137 105 72 134 137 37 124 59 122 29 173 102 134 125 115 36 75 52 35 86 44 71 91 158 157 51 153 123 61 20 7 72 64 186 117 87 86 70 11 120 80 16 106 89 112 42 98 58 128 119 101 29 121 87 105 166 113 108 95 60 67 102 76 51 72 88 156 138 111 133 60 57 112 132 41 121 150 46 77 141 67 129 101 151 83 70 145 158 89 82 56 117 30 64 16 146 114 100 82 110 38 75 81 
67 61 55 55 152 114 143 46 90 174 91 60 52 98 55 126 94 144 185 82 47 163 78 148 137 106 94 103 143 182 102 104 161 122 97 137 7 82 139 108 63 119 46 58 76 95 96 38 178 129 115 123 158 154 57 23 165 89 117 76 103 72 88 94 82 112 81 119 89 91 156 32 145 128 177 91 19 64 130 112 150 138 91 109 65 95 147 150 48 111 97 165 147 190 156 147 144 105 144 92 50 64 108 120 71 31 45 45 111 119 136 80 101 161 67 176 139 125 71 28 91 47 153 127 191 182 183 105 
34 142 66 180 102 94 39 84 190 105 65 107 47 190 136 70 143 143 18 19 84 117 86 121 105 94 118 100 115 107 144 142 45 184 100 83 96 66 112 69 101 55 118 125 121 53 111 124 154 108 143 97 95 109 110 102 120 44 104 111 125 19 120 170 109 128 138 143 78 96 129 165 138 98 154 155 95 56 135 86 60 118 44 35 106 197 91 99 107 101 150 133 61 38 113 67 154 139 102 55 63 129 65 191 62 94 112 89 68 143 115 109 125 56 96 74 168 29 122 151 113 119 42 145 152 90 110 62 
15 98 118 153 78 104 14 70 168 120 134 134 109 106 97 96 129 111 114 12 104 44 40 114 72 103 100 16 65 71 27 43 97 91 67 65 100 126 147 20 140 56 97 114 28 19 196 88 148 98 134 112 100 58 91 50 123 136 145 32 124 53 59 157 159 87 74 107 82 78 82 171 145 118 188 108 163 125 112 86 25 118 165 92 93 146 156 49 25 90 107 34 125 178 145 119 112 107 121 187 128 65 50 108 112 131 80 104 16 38 185 62 116 127 148 103 106 125 155 88 72 81 140 125 82 123 130 172 
112 18 63 122 103 115 164 85 157 164 128 64 69 125 70 92 79 99 128 55 172 143 112 165 134 143 115 65 114 97 109 63 39 64 107 110 104 94 67 34 121 129 82 80 108 83 118 54 61 107 72 50 105 174 78 55 97 97 103 154 95 58 157 55 150 64 113 107 103 146 132 5 104 75 126 79 18 53 95 110 95 102 178 95 75 105 128 65 109 133 128 54 155 65 156 76 82 129 84 47 94 70 60 134 88 93 126 118 168 159 98 148 76 85 119 84 137 137 193 144 51 84 94 106 94 79 190 86 
43 47 90 82 102 102 139 140 20 107 142 90 125 49 102 147 63 165 135 170 97 71 121 109 137 182 107 71 97 34 176 110 125 183 137 89 64 92 59 101 61 78 85 111 166 54 79 102 109 127 53 170 123 70 41 146 73 135 110 80 65 134 100 58 130 129 89 130 75 103 148 151 60 30 29 119 140 85 117 112 66 97 167 120 41 12 56 66 114 102 79 128 100 126 94 105 127 110 159 55 13 49 60 181 67 94 89 12 46 132 119 145 88 102 115 133 105 176 62 63 22 96 108 120 105 129 125 142 
129 112 35 124 105 18 65 119 77 169 67 179 195 160 115 81 89 117 148 119 130 174 66 176 37 102 144 27 109 176 166 12 88 30 120 129 107 51 42 116 73 74 129 162 108 93 123 135 94 59 84 127 59 124 126 48 114 104 9 65 144 156 101 95 155 157 157 143 58 75 109 42 30 104 84 121 59 56 103 87 55 120 128 115 122 122 76 30 136 81 84 118 101 99 92 94 145 94 44 83 135 55 136 97 11 166 86 51 88 99 175 136 165 99 95 154 128 85 86 123 122 94 64 57 115 104 86 80 
78 48 61 145 153 63 130 59 39 96 136 158 81 54 145 89 98 103 64 107 79 148 72 177 124 104 142 43 63 110 12 158 69 72 55 179 62 96 138 99 102 142 68 88 176 158 195 78 107 188 88 104 133 10 161 65 119 69 142 100 63 183 57 99 74 36 30 117 85 85 91 39 84 108 145 120 54 31 66 105 156 118 67 139 31 162 77 15 116 110 108 102 163 138 94 88 98 146 33 138 22 164 96 24 171 66 108 128 131 169 118 89 125 64 116 126 197 106 89 179 179 131 34 100 101 183 109 45 
22 67 114 102 61 127 142 116 142 72 171 19 43 73 80 105 112 109 81 106 136 128 84 102 59 161 45 97 39 125 88 69 10 105 108 58 106 97 63 119 135 151 141 93 194 106 83 91 99 156 116 83 59 25 164 160 116 75 134 152 53 98 28 75 117 105 78 23 71 133 107 113 137 97 151 115 105 156 49 30 70 149 121 85 139 113 165 116 147 126 53 138 58 111 49 110 124 179 86 65 71 58 15 88 104 90 60 45 75 56 47 183 61 171 189 72 112 177 34 144 24 96 131 28 110 123 82 195 
106 168 186 82 118 175 120 76 100 106 156 120 90 64 33 157 165 116 105 97 133 71 158 117 122 122 184 91 64 183 30 72 105 118 49 52 74 139 20 169 55 104 151 130 63 30 64 87 126 128 101 161 85 55 125 13 111 97 52 107 132 75 98 58 73 31 139 45 68 126 39 174 128 119 131 99 132 105 27 133 88 108 122 90 88 114 110 90 103 55 91 76 45 93 177 109 59 76 35 121 109 145 92 128 40 39 62 56 49 89 138 141 159 95 168 137 130 111 123 171 132 43 123 140 158 42 140 113 
109 76 98 53 168 144 122 74 58 122 65 101 147 176 93 106 151 67 97 92 51 98 69 95 29 97 100 67 107 137 120 55 108 49 108 189 59 153 102 89 58 69 104 123 73 71 32 15 65 141 84 112 62 71 94 24 45 31 24 134 54 63 164 89 117 115 27 133 33 86 180 164 184 116 182 160 151 77 108 75 66 96 38 49 50 82 41 118 73 191 111 52 130 121 105 48 125 153 112 93 122 148 21 76 80 53 88 181 51 158 100 95 100 22 54 95 64 72 72 91 90 50 135 161 76 67 135 106 
50 93 154 105 54 109 151 113 19 91 146 110 82 133 125 130 104 126 152 30 62 153 58 89 173 137 83 65 110 89 129 179 58 52 189 26 18 127 38 54 59 42 113 66 139 95 136 34 108 59 169 84 66 136 84 155 91 104 10 85 99 164 117 85 135 129 107 141 77 20 51 147 78 188 156 66 58 194 62 128 64 180 73 96 128 75 159 82 65 173 64 158 75 159 150 99 66 182 64 59 14 75 33 50 107 101 61 41 122 54 102 72 108 129 170 96 157 112 22 59 27 37 55 37 98 112 138 118 
55 119 139 93 121 32 23 104 165 82 95 98 91 132 152 23 137 94 111 121 153 107 22 91 102 7 96 100 104 64 107 62 106 74 59 18 166 153 57 158 136 54 87 128 71 79 49 49 92 44 132 163 53 121 42 103 126 130 132 123 180 96 160 96 47 121 158 109 11 47 168 71 127 111 123 116 72 111 120 172 104 120 54 96 74 134 68 107 32 79 99 161 86 145 39 68 116 116 111 70 194 75 125 16 50 41 93 129 119 53 94 58 63 128 99 107 98 99 183 62 108 103 34 120 165 124 41 157 
86 48 90 135 85 168 116 25 121 133 77 105 64 92 69 87 110 110 133 123 135 148 142 73 134 82 66 126 94 92 51 96 97 139 153 127 153 108 127 19 72 130 33 107 101 157 165 83 113 111 155 128 139 122 124 188 30 91 178 89 84 105 115 85 134 95 15 38 120 53 171 132 148 122 127 12 115 106 95 67 140 88 120 101 195 56 101 134 98 89 92 71 60 194 128 105 66 141 106 156 91 84 167 60 156 25 60 117 92 126 58 141 92 144 181 82 74 188 116 135 145 32 158 123 93 117 99 149 
171 80 126 103 145 53 77 128 140 73 57 78 98 144 133 27 126 77 78 39 188 129 63 90 125 139 112 147 67 59 42 138 63 20 102 38 57 127 164 79 107 29 65 34 122 134 77 155 72 127 128 104 122 165 94 132 64 96 69 121 46 127 35 117 95 88 128 129 143 122 86 97 97 95 62 98 24 86 84 96 114 57 113 78 122 147 108 68 32 57 178 73 107 71 113 45 108 66 64 30 121 53 149 173 92 72 71 156 111 153 170 81 116 100 112 47 82 185 115 43 61 82 58 166 148 186 44 109 
7 40 148 50 198 68 105 77 59 142 54 90 94 47 97 109 35 147 141 43 144 118 151 117 115 108 69 20 34 101 116 99 119 169 89 54 158 19 79 98 138 170 89 87 85 85 149 112 22 123 106 169 25 113 89 124 107 186 185 134 99 107 64 83 164 128 161 21 37 82 69 85 152 89 103 74 59 158 62 92 99 119 143 90 71 128 127 191 42 97 132 52 100 125 90 85 64 109 133 104 151 63 182 166 160 120 127 99 151 85 122 86 88 95 121 156 169 32 143 95 20 42 58 124 52 89 119 43 
55 108 169 75 44 126 102 82 117 132 167 70 182 49 93 82 84 77 103 57 111 137 90 163 36 63 101 140 121 61 73 102 135 55 58 59 136 72 107 138 158 112 53 171 185 114 85 151 32 109 193 85 54 114 110 101 64 152 107 97 40 72 145 157 71 57 182 87 152 38 132 102 82 55 148 69 105 93 83 49 81 75 92 119 40 72 97 37 199 103 128 67 35 122 139 157 191 98 108 101 44 114 119 67 53 123 71 118 80 81 110 142 142 113 123 80 63 90 59 43 149 93 82 150 126 171 109 119 
110 190 51 86 91 175 113 51 54 68 99 88 134 144 48 39 109 73 6 62 155 119 40 43 75 119 55 56 129 78 74 142 151 104 69 42 54 130 29 170 112 66 90 114 92 102 99 105 105 45 144 165 99 93 90 71 61 102 76 87 182 112 118 42 59 87 104 114 83 85 134 111 134 77 163 119 50 76 56 110 158 85 95 140 85 65 183 134 122 98 84 68 138 109 129 111 49 31 37 82 163 135 70 137 136 102 135 116 137 104 105 168 119 24 100 120 61 61 75 109 52 117 127 49 53 130 49 34 
61 96 75 85 106 110 94 107 171 189 130 114 125 35 18 174 91 94 114 121 84 123 35 98 52 46 118 97 82 85 129 68 141 151 104 113 87 33 65 89 53 90 88 106 106 71 167 55 74 167 180 35 149 50 74 41 44 49 39 100 119 129 47 153 52 125 52 33 124 115 72 137 61 84 79 88 61 111 131 126 72 146 103 100 47 89 122 164 136 112 82 98 97 142 122 100 89 67 119 76 93 174 142 169 137 92 101 45 84 65 61 118 114 108 90 152 84 121 86 104 116 38 61 70 120 38 133 113 
94 163 87 46 120 154 106 59 84 91 153 108 152 64 80 115 125 141 107 86 102 84 94 77 35 58 125 114 80 111 162 88 93 130 123 66 128 107 34 87 171 114 106 190 74 111 158 63 90 165 70 43 93 95 177 161 115 111 102 161 65 103 158 104 99 80 105 132 76 60 126 79 74 166 145 107 90 121 56 63 72 84 95 83 116 52 116 104 41 82 134 94 43 89 70 139 96 116 96 92 153 18 91 98 116 57 79 153 113 86 108 97 158 174 149 81 158 95 34 62 182 108 71 109 73 99 32 127 
68 155 46 123 40 27 56 71 94 186 22 31 112 139 57 141 28 145 129 27 55 152 12 72 86 76 121 28 108 166 108 176 194 63 73 139 71 101 122 85 185 92 106 74 50 112 76 98 52 79 76 101 159 119 168 121 24 83 142 53 147 121 80 77 44 100 103 92 155 114 100 56 118 152 74 143 175 117 70 99 138 34 142 111 132 112 97 77 65 90 60 89 100 113 84 35 66 47 182 143 134 61 113 144 145 44 75 179 123 123 167 90 91 130 138 99 22 79 93 99 114 47 91 150 22 61 102 56 
72 30 153 169 105 149 111 126 59 124 45 184 112 67 119 123 146 46 143 122 110 114 67 31 44 95 53 19 83 54 93 158 106 30 71 95 79 157 134 85 114 102 71 111 112 54 142 110 48 112 29 107 90 70 112 73 67 82 184 78 126 59 108 77 74 125 177 91 20 68 82 174 47 144 105 78 73 134 102 175 140 147 82 116 105 141 45 27 164 123 156 152 80 85 132 94 64 61 76 151 148 69 124 51 110 163 103 19 156 77 77 155 119 125 56 165 110 48 112 45 56 116 32 102 121 192 34 82 
80 70 79 113 141 32 171 70 35 27 87 108 76 145 110 127 105 49 114 61 105 131 87 64 71 96 111 196 118 79 123 195 83 64 32 136 49 165 77 149 85 99 167 158 76 142 138 135 67 171 136 99 98 88 107 49 151 44 181 108 184 89 119 108 40 135 154 64 128 122 79 86 38 112 47 62 128 148 94 74 143 164 119 84 70 55 112 46 118 91 146 98 92 100 88 95 127 64 129 77 178 78 75 19 76 160 108 93 73 18 188 131 171 42 115 130 167 66 168 20 196 114 114 114 100 140 58 154 
55 104 107 91 102 118 131 91 119 83 40 129 158 76 106 91 53 122 80 49 46 95 73 39 91 38 124 88 54 102 135 78 91 87 15 34 49 83 155 112 151 105 55 63 98 110 135 116 52 125 155 67 38 88 105 125 78 114 71 90 76 115 111 75 151 49 183 146 91 162 180 51 102 168 44 11 152 184 134 84 103 63 93 30 133 111 89 69 127 103 97 78 57 65 116 154 152 175 56 29 148 70 168 52 127 142 127 157 91 101 156 68 155 10 177 100 47 74 79 160 125 99 101 162 163 29 107 92 
108 43 115 45 171 54 82 133 96 140 108 114 174 158 85 97 103 100 128 95 99 33 141 57 158 178 154 148 61 109 94 107 99 126 65 108 92 113 72 22 32 105 74 90 52 48 67 52 88 186 93 185 47 84 172 114 64 89 133 152 185 74 97 43 102 94 112 86 142 97 58 158 64 68 25 37 149 78 137 75 143 128 63 80 16 94 120 134 46 30 89 83 148 85 77 81 117 160 104 170 186 147 150 182 27 90 86 114 74 116 132 91 106 87 94 115 99 77 134 82 162 106 50 157 43 44 103 76 
189 79 46 52 112 112 149 165 80 103 100 106 80 114 80 102 72 123 114 98 62 125 97 163 157 129 108 98 107 127 59 188 156 128 141 59 44 111 127 123 109 45 167 165 79 112 171 125 186 8 124 115 114 161 79 108 74 111 116 134 147 145 108 116 162 79 124 84 61 133 54 149 81 117 83 102 94 91 69 44 65 103 172 47 162 69 173 162 144 112 82 58 87 195 84 109 83 189 134 99 58 57 106 67 96 45 79 92 143 96 133 56 78 182 49 90 99 87 170 92 45 125 42 84 163 159 92 31 
93 100 95 52 161 97 69 104 60 132 86 127 88 84 69 67 65 79 89 98 146 43 62 109 51 115 143 134 72 53 84 88 116 101 84 169 132 155 128 106 193 144 180 70 76 29 136 155 93 124 78 76 61 87 91 36 118 108 155 164 179 75 13 70 114 20 19 57 81 80 28 116 113 105 86 91 99 93 51 150 97 172 74 84 93 125 96 43 124 88 88 59 129 88 47 151 110 132 68 30 57 124 137 37 64 138 99 46 100 144 104 109 124 87 160 134 75 68 102 96 52 104 107 139 128 136 103 159 
180 75 170 54 106 83 43 101 74 161 134 40 102 72 83 93 153 115 93 59 125 65 45 89 153 123 97 112 50 170 127 104 83 161 112 84 163 128 104 169 85 165 35 43 101 107 99 67 185 115 76 96 57 50 138 61 34 122 79 92 64 153 160 88 149 140 86 164 67 160 90 63 85 128 2 113 115 123 57 26 147 84 92 91 146 159 144 115 119 178 93 87 91 76 30 64 68 84 71 115 55 85 121 65 92 112 166 140 154 86 85 87 161 121 107 130 75 73 127 63 71 125 141 91 55 26 148 187 
112 194 90 97 75 176 60 58 75 143 106 91 57 136 122 26 101 116 84 61 124 112 112 149 123 158 95 100 105 123 59 133 59 85 62 66 53 139 122 25 54 99 149 93 159 90 98 38 47 114 61 57 40 21 138 134 112 149 117 127 114 83 24 106 90 58 98 76 123 167 119 75 63 125 131 46 153 130 138 83 89 24 54 115 110 35 178 142 95 14 87 65 96 113 86 95 135 127 87 114 115 104 131 106 126 20 11 94 43 103 128 96 195 84 148 145 124 89 166 163 96 48 75 135 104 27 158 135 
143 151 141 52 154 31 157 49 114 51 163 44 111 86 124 119 74 86 110 117 27 26 112 59 61 154 109 58 174 70 124 10 25 55 71 136 121 122 165 113 114 93 50 95 119 70 88 88 84 161 87 50 21 146 109 73 87 126 98 56 88 43 155 9 125 42 40 152 116 146 101 27 38 97 137 7 93 124 167 107 171 29 74 101 94 169 110 116 94 130 76 86 134 100 156 85 133 76 19 42 151 43 113 160 135 87 128 114 116 71 78 114 82 91 56 22 93 94 158 51 9 85 69 78 12 10 106 27 
148 102 16 177 169 109 79 106 158 73 109 66 69 127 140 100 84 189 194 150 35 192 133 79 20 57 110 91 78 41 126 161 164 125 94 84 42 124 94 89 110 90 74 177 168 112 107 105 172 79 91 138 138 109 78 125 52 185 132 78 160 7 142 62 110 107 155 49 139 151 69 148 65 35 85 160 179 123 59 54 118 127 165 116 80 114 70 158 73 118 183 83 113 67 89 74 28 150 137 135 49 114 137 148 158 52 46 57 105 161 68 58 117 67 65 80 83 153 122 63 155 92 144 127 75 29 95 125 
106 97 146 68 150 140 111 73 17 138 154 123 188 112 143 33 158 39 59 13 113 144 119 52 7 23 102 50 55 146 48 65 160 13 24 155 103 188 132 124 101 71 41 161 121 73 49 125 114 108 36 61 134 73 125 34 93 103 109 155 18 95 91 36 111 104 123 118 105 151 68 165 102 67 48 36 174 110 62 47 60 88 50 94 86 43 68 118 95 154 49 69 44 117 52 51 189 105 58 41 193 111 91 30 154 82 133 70 67 101 63 38 65 117 50 95 89 10 117 116 112 80 77 124 34 157 54 119 
79 111 98 67 110 44 37 66 56 82 142 145 131 105 81 97 47 47 136 70 107 78 84 54 72 165 120 123 97 73 114 119 116 111 45 91 126 30 64 107 64 61 44 115 24 67 151 78 64 74 118 34 112 87 52 93 166 160 136 113 141 62 158 93 93 62 69 39 18 79 68 50 88 79 100 171 138 144 133 133 71 18 111 90 97 60 141 157 59 105 93 54 72 192 111 119 67 54 84 153 90 98 43 73 63 90 99 74 132 56 61 155 31 89 126 151 115 145 77 85 113 61 38 148 178 158 160 167 
107 119 107 84 97 113 106 76 188 68 140 102 137 121 155 106 86 93 128 61 83 115 102 142 64 89 44 136 97 135 104 69 75 97 31 104 130 91 96 186 152 102 49 111 83 82 44 114 89 111 108 122 149 126 185 103 160 108 80 106 117 147 12 141 83 58 92 12 92 119 97 134 51 80 176 134 104 96 83 168 109 132 59 123 140 77 95 57 71 129 70 141 121 73 129 165 109 77 27 36 119 84 129 27 42 51 139 139 60 101 180 35 155 98 93 78 141 20 35 161 139 44 75 130 48 149 145 137 
127 124 148 89 120 76 29 140 118 88 72 92 121 121 68 88 48 88 16 110 113 62 41 115 186 117 104 145 103 110 9 142 134 52 24 10 132 178 69 185 107 76 39 102 142 184 181 71 133 116 155 79 117 98 132 109 136 80 114 138 111 109 79 126 78 70 86 102 186 110 139 32 58 67 111 69 106 74 136 117 110 108 26 99 91 89 118 140 133 128 88 123 107 52 9 71 120 65 104 58 83 64 113 148 115 50 170 123 102 52 64 179 57 32 142 117 151 87 106 117 140 66 106 115 109 106 101 185 
162 106 153 73 154 113 72 105 57 145 123 159 118 145 96 47 122 106 50 65 37 82 116 70 117 76 111 32 154 80 65 100 152 107 134 85 123 89 121 134 97 87 100 161 53 78 108 90 152 134 164 92 127 56 78 155 113 106 138 80 54 109 80 131 16 71 89 71 85 99 172 75 117 93 24 73 144 117 38 96 98 102 164 40 111 104 77 124 170 170 85 91 37 62 106 151 107 57 93 21 110 80 57 60 118 128 81 106 52 59 110 140 26 125 168 99 185 110 188 53 20 68 107 127 150 101 94 179 
44 85 21 43 94 77 156 130 155 61 100 161 111 133 110 68 114 119 105 97 107 17 132 117 87 103 125 124 95 65 144 63 53 132 54 99 180 84 46 99 40 182 119 65 147 126 184 76 185 147 179 64 114 88 160 18 141 117 111 54 122 138 34 64 162 119 89 146 100 70 71 55 21 88 29 116 89 96 182 88 86 111 86 65 147 127 40 157 104 47 38 104 152 102 91 63 78 106 101 159 88 114 39 156 128 100 108 20 49 123 91 52 53 64 87 164 22 46 117 121 106 118 77 58 94 111 73 82 
76 31 35 39 165 39 108 121 54 38 136 64 90 50 29 128 22 84 132 132 74 53 84 124 86 72 19 53 58 134 156 183 98 75 63 164 96 105 127 107 72 112 129 103 121 59 89 115 74 145 75 153 83 43 7 95 62 147 109 109 138 22 31 114 159 151 23 104 152 87 136 135 94 55 32 54 130 62 62 34 92 77 10 33 85 21 113 124 44 146 50 185 52 92 173 72 122 70 103 94 130 111 89 85 60 145 32 115 140 75 103 134 111 129 86 52 103 86 100 109 124 70 92 78 158 120 53 121 
86 198 105 31 137 82 127 86 45 97 44 91 139 85 45 95 114 65 183 129 103 97 84 57 70 88 120 59 157 100 101 57 28 98 164 117 160 115 35 64 145 118 47 158 80 108 119 111 97 108 13 160 24 155 142 91 158 12 79 80 34 31 154 100 82 147 92 164 69 156 151 43 117 107 87 156 102 103 75 84 74 106 130 106 111 153 59 145 41 147 86 69 40 8 62 93 52 113 120 120 103 149 84 137 67 181 64 95 37 74 116 84 100 150 34 92 101 59 130 94 128 74 89 71 127 59 164 124 
99 102 122 34 91 109 81 151 97 150 81 174 71 68 67 76 97 105 88 49 138 96 43 52 11 94 170 157 55 58 95 99 75 58 89 85 96 85 117 83 157 42 153 104 77 77 108 75 43 116 70 88 106 9 62 36 93 141 126 131 64 114 100 182 136 146 120 44 74 144 98 127 110 53 84 68 128 66 70 67 162 132 61 33 101 168 102 86 145 82 86 145 84 120 144 103 165 110 47 150 120 99 72 152 77 173 179 37 107 106 42 116 110 151 73 117 41 72 79 136 81 95 165 170 136 75 26 99 
132 113 49 65 123 68 23 29 43 84 145 145 142 135 117 84 144 35 118 157 23 42 120 81 120 82 109 159 150 130 155 74 117 73 117 135 47 134 95 164 71 59 52 99 44 74 40 151 102 162 114 149 90 125 110 111 93 83 78 16 162 159 82 136 46 55 122 75 95 106 102 172 141 50 138 38 152 161 96 55 44 126 44 109 118 60 39 99 142 21 113 195 83 110 73 154 139 92 190 164 16 82 138 44 144 111 77 91 133 105 90 134 132 183 122 84 19 76 150 171 137 111 160 43 131 120 139 133 
80 29 114 91 47 56 109 56 142 134 120 108 88 133 77 116 27 111 99 39 98 2 66 126 80 112 128 87 64 129 157 36 105 31 115 129 121 95 88 128 57 87 125 80 100 125 135 49 94 79 20 140 58 42 107 104 62 58 70 71 119 151 147 146 55 30 33 105 102 169 95 57 129 95 98 158 144 65 110 71 42 108 139 150 72 126 81 173 55 88 83 104 126 64 169 63 68 88 127 167 129 68 138 181 119 18 71 96 154 103 157 71 92 102 43 133 131 113 108 106 175 179 59 82 84 152 101 107 
159 95 59 154 130 193 92 120 134 93 93 135 97 156 87 149 92 156 88 154 29 166 76 75 16 81 138 74 113 89 157 30 78 139 27 107 158 15 128 161 182 104 52 105 103 177 154 183 112 124 19 86 98 40 155 123 69 92 86 89 89 23 92 120 122 33 54 107 50 111 26 58 28 56 135 109 24 176 16 178 125 177 49 51 57 159 163 144 116 86 67 26 97 125 99 79 102 55 106 145 106 29 44 44 51 28 28 97 86 153 68 124 166 139 25 72 155 39 141 113 168 54 132 153 145 104 109 169 
106 60 99 126 137 115 129 125 61 91 142 122 140 141 192 116 91 150 96 110 58 33 48 127 106 119 143 107 107 130 143 117 23 45 133 141 109 38 129 21 87 114 33 132 92 91 64 146 86 84 57 164 76 152 49 118 39 12 102 71 146 104 164 44 75 105 107 184 147 75 175 40 110 74 126 129 125 127 146 115 146 84 129 55 124 59 100 169 17 96 59 120 123 116 84 69 96 31 32 94 154 171 103 99 70 170 125 122 69 175 67 112 122 80 60 60 53 150 118 66 71 56 14 61 150 105 87 24 
162 84 102 129 47 43 137 74 105 153 123 159 149 98 132 127 89 128 56 173 56 69 119 137 89 89 78 82 103 75 58 85 71 68 33 77 11 120 143 37 152 83 124 76 155 20 128 91 142 61 81 67 123 116 139 105 18 92 186 85 100 152 69 74 95 102 50 147 132 161 88 59 104 11 32 120 57 135 100 37 89 146 99 17 157 120 133 93 127 153 78 163 121 143 71 86 102 184 95 82 36 98 128 93 86 59 111 169 133 98 105 50 166 53 156 172 84 76 128 117 133 158 165 158 56 64 134 118 
106 33 56 61 54 125 123 171 100 105 53 101 131 140 23 104 124 69 77 37 80 170 74 186 112 91 96 78 146 103 75 85 133 126 86 20 47 53 122 82 38 85 115 60 114 68 122 162 97 133 80 160 167 146 151 151 79 119 110 99 70 87 156 144 106 169 111 75 161 32 80 93 93 101 110 135 143 96 106 43 127 45 159 82 113 180 74 110 89 23 78 151 56 74 114 92 62 105 106 77 104 87 119 161 44 99 93 75 148 153 70 184 120 106 86 154 100 55 179 146 65 168 104 140 110 61 142 128 
182 128 128 123 91 68 41 111 66 54 60 143 110 80 137 128 92 147 134 40 104 62 139 60 42 156 129 82 132 148 109 91 107 39 180 51 168 171 86 69 132 134 72 126 100 82 79 180 58 54 28 90 119 101 69 68 68 97 139 172 71 136 151 98 102 95 26 175 88 80 190 87 135 87 74 95 68 123 58 134 88 126 113 32 118 97 72 128 47 53 111 170 80 72 107 95 172 95 125 120 95 150 119 124 98 133 119 109 125 119 171 110 89 73 41 40 121 158 67 154 164 126 162 97 118 95 151 179 
94 41 144 61 147 153 85 78 26 77 39 107 144 57 140 83 42 67 107 64 78 149 134 43 98 32 165 171 5 151 42 39 113 174 164 147 71 132 97 85 102 111 137 79 56 174 86 51 158 149 116 63 75 27 148 165 50 134 32 75 55 135 43 127 172 57 58 40 59 93 87 56 69 99 85 55 86 78 96 167 180 102 34 146 156 23 113 57 76 69 91 154 85 133 61 126 76 50 153 23 134 82 89 77 43 110 131 77 53 113 176 23 126 118 103 161 132 139 25 94 97 86 55 102 100 42 132 141 
95 138 61 137 147 184 182 81 104 58 116 80 90 146 65 82 86 112 153 102 171 90 93 90 58 145 138 145 104 60 30 84 137 128 184 78 127 148 97 152 82 134 61 74 118 47 38 102 64 81 113 85 63 38 65 102 88 51 58 117 21 94 117 110 141 129 28 110 104 93 135 69 128 103 49 74 81 175 63 89 59 104 155 96 110 156 112 79 130 128 36 48 45 99 72 90 93 23 114 58 67 146 89 59 111 18 150 100 50 177 89 103 79 71 121 87 95 135 82 91 153 59 89 169 168 90 172 174 
121 44 98 176 168 63 125 69 129 40 105 109 119 131 105 150 113 68 117 116 92 40 104 151 128 128 98 118 75 30 104 108 97 119 116 188 111 122 95 89 55 77 84 166 152 144 112 168 68 117 105 128 125 97 35 67 79 80 67 93 88 55 107 53 50 95 56 74 11 101 87 99 103 66 126 63 90 47 150 133 162 142 115 97 110 83 20 170 87 52 161 172 123 124 83 145 69 165 84 70 51 112 79 53 40 120 155 30 33 68 146 87 59 105 110 113 122 93 54 56 93 34 95 86 56 82 20 37 
42 96 67 139 151 66 100 72 91 77 197 102 105 71 132 65 68 20 79 194 106 104 80 78 119 177 154 188 126 29 84 145 151 131 182 156 123 127 62 103 148 163 79 145 74 105 47 44 25 83 86 2 131 137 85 48 100 176 111 24 29 32 87 84 138 98 135 126 32 110 74 85 49 126 28 83 87 33 101 88 78 18 100 129 157 102 81 80 119 97 146 164 41 90 166 60 98 142 104 47 49 103 44 104 64 83 128 129 155 138 163 78 87 59 158 109 156 79 80 174 55 128 49 73 75 70 58 155 
62 119 128 89 79 70 95 86 52 30 116 139 14 115 162 135 97 118 75 135 62 160 118 115 101 91 155 108 79 119 121 120 115 99 160 66 116 12 98 74 69 119 88 107 143 78 62 11 37 102 91 113 46 7 160 36 171 134 69 73 116 54 156 68 38 158 109 129 120 135 95 55 74 63 83 4 161 102 161 58 151 136 126 164 99 7 117 147 88 141 72 49 104 79 123 94 24 78 44 81 118 159 66 89 133 149 65 78 81 82 54 75 61 82 91 84 77 67 81 86 120 133 118 29 62 106 104 107 
92 66 106 112 83 13 99 94 192 117 56 84 110 82 101 132 141 144 57 142 21 62 104 101 29 19 95 163 18 140 59 54 105 132 151 58 72 115 24 59 105 50 61 90 175 73 128 152 149 94 99 115 153 93 179 174 138 104 106 144 89 130 102 128 152 144 24 125 57 143 68 86 81 90 87 161 128 88 84 156 28 107 105 85 79 118 134 56 57 158 175 149 126 135 31 123 60 103 120 144 78 147 68 93 33 44 20 119 88 156 76 133 117 103 162 64 46 78 121 106 106 77 49 134 197 50 87 53 
55 89 152 132 57 77 125 56 20 182 120 54 67 99 145 43 113 195 100 128 79 195 100 52 121 64 56 125 53 85 56 31 156 105 77 194 111 106 86 158 93 76 111 121 117 134 148 184 78 91 93 123 130 124 123 110 144 96 74 117 96 62 103 66 161 65 176 127 135 96 123 78 175 47 33 102 88 34 144 83 81 117 112 116 79 84 131 128 144 86 84 28 52 149 162 126 65 124 140 158 96 46 141 52 86 130 125 96 146 47 180 139 129 102 39 98 75 153 74 146 105 187 64 97 9 102 68 90 
109 53 82 164 194 53 128 65 138 71 134 59 136 47 94 37 83 122 117 158 65 152 169 52 87 130 135 112 95 117 103 66 49 27 108 62 120 95 84 62 83 56 131 56 70 102 94 134 137 69 51 57 138 167 59 62 133 83 136 38 182 62 75 70 96 110 16 146 100 106 58 96 63 150 101 161 84 144 40 152 192 49 79 172 85 127 156 36 46 110 104 160 20 128 189 56 161 179 126 172 139 110 126 62 55 113 95 12 151 174 113 126 85 94 87 156 37 159 176 53 169 90 78 103 68 81 67 105 
77 153 150 155 39 146 177 82 103 137 186 34 108 138 158 47 154 108 174 107 92 131 82 84 105 112 86 86 110 112 87 105 30 133 75 128 172 67 96 92 49 110 126 63 99 175 74 84 75 44 150 26 83 107 54 47 133 168 117 96 88 34 84 67 55 71 178 115 37 43 134 167 89 133 88 58 156 83 152 24 116 54 168 84 143 53 186 90 87 151 33 82 114 41 110 70 24 71 35 66 19 96 116 38 61 151 124 27 156 154 18 81 61 87 99 125 125 130 85 89 74 92 107 83 86 36 172 116 
55 155 147 51 122 66 104 103 96 30 189 45 90 92 61 162 107 157 132 133 134 143 154 167 166 150 60 25 95 66 55 156 70 88 66 64 104 140 114 99 81 158 72 72 138 140 143 103 143 65 97 147 89 171 118 60 71 109 110 98 86 92 74 162 44 42 125 146 89 127 88 180 59 162 78 151 28 81 192 116 128 90 66 128 110 67 40 165 149 56 100 54 108 70 186 151 127 172 91 119 92 74 72 103 101 173 107 180 123 179 132 55 74 156 89 55 157 190 156 121 30 56 84 83 68 129 124 37 
160 181 68 126 124 119 133 96 71 117 132 178 122 95 102 113 61 104 74 116 65 141 44 152 113 138 118 118 102 97 120 118 149 108 96 180 120 88 57 119 75 85 146 84 34 147 164 63 128 103 172 84 24 29 127 88 18 132 108 102 111 77 106 132 126 108 177 84 146 45 126 102 104 142 18 136 107 117 49 54 90 116 144 84 34 75 23 97 100 68 195 93 113 187 100 122 75 98 127 136 119 111 65 86 103 98 111 96 84 155 181 69 129 107 42 150 154 141 82 70 109 69 69 127 122 81 75 87 
111 69 126 76 127 163 102 115 77 103 12 104 98 73 79 159 64 156 177 92 86 129 124 77 108 91 44 165 178 167 128 67 121 122 38 73 54 120 113 143 92 95 103 95 142 82 119 93 63 172 74 92 54 74 165 50 111 59 26 164 86 10 130 61 44 139 49 129 99 159 113 34 155 115 100 126 105 112 79 168 66 144 6 33 200 91 122 84 73 198 65 125 74 114 62 158 75 115 113 87 38 31 43 97 114 164 108 29 150 167 21 53 98 113 61 50 75 106 46 129 133 97 39 102 148 87 127 27 
149 149 109 95 105 106 30 83 134 115 140 130 97 164 75 119 104 86 130 176 111 52 29 147 95 109 35 92 95 120 115 139 85 90 49 96 96 101 78 90 119 140 100 83 111 116 84 30 80 47 84 91 115 101 116 94 90 123 99 40 65 33 106 33 109 150 51 55 17 82 32 146 96 97 129 164 85 116 172 84 128 84 33 186 88 48 101 89 111 86 149 113 179 74 140 90 45 78 55 74 111 94 42 99 81 53 134 93 80 51 76 46 154 157 46 119 81 183 170 51 102 172 40 164 150 99 62 39 
44 23 90 81 119 148 187 40 76 69 163 64 155 75 47 135 70 145 108 80 63 93 143 140 60 65 106 93 75 41 122 31 139 88 50 128 74 195 122 71 40 85 47 116 132 105 70 133 16 162 93 146 110 94 80 86 97 140 91 111 147 85 111 101 118 72 57 124 157 113 118 156 110 110 157 99 79 79 85 143 110 34 200 88 196 110 79 159 53 135 123 173 89 50 100 101 155 76 54 49 138 116 82 43 117 142 113 126 41 116 121 121 92 63 100 60 102 116 180 107 44 88 96 141 46 103 147 57 
82 36 104 114 111 95 87 67 157 43 36 98 95 96 171 150 79 8 128 99 153 114 100 84 67 95 197 146 105 12 122 162 113 114 82 75 134 56 147 128 72 65 89 52 112 141 55 111 94 69 125 159 35 169 114 43 60 77 89 104 127 21 153 168 60 126 159 59 120 180 97 23 156 83 102 7 118 84 127 53 67 75 91 48 110 132 103 52 140 182 60 143 160 86 78 76 95 164 109 91 39 137 157 117 147 52 157 119 49 168 117 73 146 106 65 79 110 157 102 81 53 120 82 86 50 48 104 111 
134 88 112 84 69 94 43 68 99 102 165 112 20 98 144 122 20 34 105 124 70 116 60 112 102 147 91 156 128 56 76 77 165 110 41 159 68 101 108 127 97 183 122 116 97 45 112 89 120 173 96 144 178 110 70 68 141 95 118 77 40 113 59 102 39 81 163 100 133 74 72 113 112 20 81 117 134 131 156 186 40 23 122 101 79 103 12 103 46 142 106 62 139 117 94 90 76 101 83 162 130 92 107 134 127 95 87 16 109 99 88 117 88 98 120 118 98 107 90 166 98 55 96 122 112 88 115 24 
110 98 176 127 73 52 72 89 127 63 61 142 159 93 130 142 94 101 133 180 144 159 146 111 76 150 99 49 65 66 30 15 116 90 118 82 107 134 68 191 37 134 164 104 77 27 46 69 134 162 43 115 142 116 158 118 157 57 140 124 157 124 145 86 99 173 144 169 93 110 128 57 79 170 80 147 56 128 36 90 165 97 84 89 159 52 103 92 129 110 54 106 96 121 90 97 153 125 39 140 112 100 36 165 63 153 103 107 25 112 31 72 129 92 108 152 50 54 147 69 40 110 66 177 165 146 97 78 
56 81 82 140 15 86 167 89 83 119 150 135 154 117 105 25 114 61 107 122 82 78 68 87 51 48 107 25 109 114 136 116 147 103 73 65 32 98 32 42 199 122 136 41 65 164 118 127 46 144 124 119 95 94 73 95 59 71 133 170 104 44 41 145 142 55 116 17 127 89 47 76 130 87 119 88 57 144 46 87 149 100 73 111 53 140 46 129 92 113 65 52 105 94 85 177 113 81 18 135 160 26 86 131 107 120 79 160 81 80 99 131 77 127 132 35 85 101 43 5 73 60 35 68 108 131 98 110 
87 118 40 67 137 99 61 91 159 59 108 61 40 124 100 136 55 86 115 29 44 87 131 138 72 111 101 90 133 102 81 110 126 55 191 173 79 89 57 97 103 98 112 82 90 123 91 103 30 112 88 178 14 130 118 154 105 129 128 170 47 146 147 82 21 88 86 96 153 23 53 69 128 52 97 141 158 86 110 151 56 68 198 86 135 182 142 110 113 104 180 108 64 58 105 106 84 162 126 105 120 60 82 132 144 146 112 184 160 86 101 88 36 93 62 35 126 47 93 94 42 87 134 185 67 104 22 157 
111 117 191 91 82 169 31 114 66 95 84 57 84 108 97 17 113 122 102 107 71 124 136 23 88 97 150 107 128 79 84 108 53 91 111 64 99 92 178 132 128 84 82 134 60 156 146 97 89 82 88 93 87 76 183 49 93 70 88 85 38 50 86 86 113 83 67 59 78 78 111 91 36 161 146 72 175 84 104 33 100 195 65 149 123 60 106 54 65 180 180 152 90 66 152 94 79 82 131 150 99 113 36 48 101 76 93 67 26 93 90 115 34 77 196 159 66 70 74 161 179 48 103 64 102 157 108 119 
111 111 113 34 192 150 62 124 64 151 85 21 42 78 97 36 144 70 98 45 117 62 44 91 156 165 133 34 54 128 118 102 138 76 52 158 161 71 73 52 67 68 98 94 89 152 98 78 83 58 59 87 65 86 83 69 54 141 123 91 104 185 69 145 195 104 26 120 163 151 170 154 48 172 164 49 149 28 160 82 54 93 125 113 173 143 62 106 52 108 152 144 59 61 72 94 91 85 58 37 95 137 83 62 91 109 67 93 84 106 104 163 158 148 106 138 67 117 90 40 82 71 56 97 145 101 175 112 
140 87 147 93 81 122 114 103 140 116 90 85 88 53 161 126 58 55 77 64 140 92 152 64 138 147 61 125 155 100 101 163 58 45 130 75 86 60 107 100 35 138 97 43 100 80 92 57 148 87 129 91 96 134 113 44 72 121 107 37 152 52 40 84 83 126 97 123 121 56 80 85 45 123 41 104 126 52 20 114 108 113 74 179 89 160 139 96 105 64 90 59 156 133 91 23 129 122 188 68 127 149 142 99 107 119 113 135 123 63 21 24 127 127 157 163 117 116 128 81 113 118 92 31 109 68 162 97 
151 133 51 114 102 111 82 64 54 118 80 78 60 57 132 130 90 137 70 107 103 94 93 45 111 190 38 178 65 126 99 138 111 93 121 159 145 194 71 125 122 109 142 89 113 85 100 65 85 195 88 76 113 100 67 117 192 73 52 62 102 92 8 120 110 64 125 116 143 74 72 133 99 124 90 79 135 149 128 41 70 187 114 74 50 86 117 121 94 58 66 61 133 120 95 69 86 191 137 146 73 121 97 140 105 98 38 83 99 116 86 114 63 94 149 136 78 104 135 135 86 38 114 76 58 56 38 104 
186 43 129 118 122 108 160 65 89 195 61 98 103 153 113 152 141 110 160 148 112 80 129 81 133 156 113 145 156 94 92 94 49 177 105 150 39 128 113 90 139 129 122 70 84 132 88 116 77 84 47 30 86 156 89 52 111 129 9 106 91 173 62 144 73 169 99 84 71 114 107 61 72 83 166 123 31 162 189 110 186 100 62 140 100 78 94 90 85 105 152 72 91 95 200 108 56 132 44 105 131 108 115 124 39 70 33 61 107 53 139 99 80 72 156 144 114 87 178 182 113 20 18 126 122 98 128 5 
138 70 51 82 171 99 138 102 103 87 104 193 131 116 122 126 135 33 13 187 107 138 135 127 60 147 67 119 76 105 94 88 110 109 48 99 68 105 45 85 157 111 100 139 35 94 95 154 81 109 151 64 95 85 74 51 119 165 71 151 63 72 93 103 154 63 79 69 86 92 95 126 90 145 60 94 123 126 56 70 151 122 158 90 101 76 90 97 177 106 94 94 23 69 108 42 59 52 145 35 121 43 95 127 53 25 150 142 99 123 92 153 78 95 65 147 90 108 85 71 99 98 93 89 102 134 158 123 
86 107 44 132 174 107 76 120 45 109 11 142 92 104 139 57 143 91 149 102 99 95 94 100 57 144 154 112 82 127 145 98 124 59 125 66 116 66 108 64 191 49 89 96 66 64 127 152 117 83 110 68 135 133 28 189 67 109 120 107 78 122 52 165 139 68 102 96 102 62 172 76 93 69 98 24 60 65 161 24 127 75 75 45 155 95 76 153 113 84 79 91 129 86 56 59 110 88 38 18 125 94 97 127 121 101 120 76 79 40 79 124 92 102 127 66 187 140 134 115 29 75 46 101 152 133 73 128 
78 130 52 6 148 132 83 124 90 75 175 57 129 163 157 32 97 89 73 123 89 72 49 39 112 105 139 107 129 110 94 146 179 76 153 182 116 141 66 109 98 31 67 116 47 61 64 175 160 189 132 84 127 76 150 105 54 77 65 57 106 70 113 110 92 88 55 31 184 105 95 50 23 165 142 78 103 124 179 71 172 98 115 78 76 164 101 125 81 162 82 85 122 191 132 52 88 48 95 49 43 114 69 98 135 113 67 46 102 114 96 86 36 134 103 90 156 135 84 127 88 101 150 140 38 69 80 157 
119 167 103 68 54 154 136 123 87 94 143 65 83 163 53 30 92 95 97 100 143 173 156 79 132 144 102 121 84 159 44 33 86 35 112 64 111 106 64 133 108 37 119 96 182 76 129 56 104 134 68 71 87 19 137 58 84 27 104 93 101 103 120 47 190 127 106 32 95 106 125 153 114 84 104 44 120 140 126 35 91 127 113 55 54 109 83 39 18 126 131 58 188 137 44 145 38 95 112 137 120 162 179 87 32 186 50 81 55 99 145 123 158 14 100 152 52 104 89 164 117 125 57 100 178 70 96 130 
103 98 103 88 68 119 72 140 130 114 104 159 173 89 110 89 68 65 123 161 40 53 152 89 41 92 55 187 47 55 83 138 65 121 93 59 70 156 30 104 101 82 76 92 143 151 77 29 170 99 30 115 114 42 135 41 153 36 58 21 159 94 120 150 164 167 145 94 82 77 120 23 58 70 47 81 144 158 172 66 119 136 87 74 49 91 162 140 135 105 150 37 68 146 105 35 18 49 137 62 135 167 156 69 51 112 84 92 137 90 181 105 116 166 111 54 67 78 131 69 88 99 150 152 146 96 69 101 
109 85 79 160 120 101 77 8 74 66 115 179 135 178 106 119 105 124 179 159 41 18 132 48 121 50 63 128 94 13 135 22 71 109 122 14 194 91 121 151 44 163 93 153 134 148 178 148 186 58 57 55 115 151 49 193 90 119 83 110 88 130 103 120 16 129 106 154 36 104 95 134 67 51 49 118 78 96 139 19 92 119 38 111 138 39 130 112 160 120 99 95 127 73 131 121 125 43 120 135 52 144 124 47 92 72 103 161 97 91 123 91 63 57 80 67 92 107 110 146 32 120 38 86 87 87 77 132 
34 118 135 103 141 66 47 98 168 67 74 134 95 94 49 97 162 39 150 85 30 42 94 86 150 64 129 65 70 49 55 164 58 145 148 75 75 84 53 63 114 135 174 18 61 69 78 70 147 57 124 85 104 43 114 111 98 84 64 80 114 111 149 99 82 68 29 171 98 87 150 82 146 112 103 159 147 46 110 96 74 111 31 94 116 137 92 100 26 60 113 137 149 121 108 43 94 114 162 167 144 40 147 46 176 110 112 130 113 69 13 121 103 149 77 91 113 25 94 103 77 13 62 107 72 160 41 122 
57 101 91 107 156 94 50 135 158 68 118 104 69 61 60 72 100 175 76 122 118 120 42 118 46 108 65 50 60 60 136 96 15 92 21 33 125 167 149 182 119 70 142 91 113 124 75 168 150 106 137 121 131 113 137 91 43 129 113 57 39 89 84 72 138 138 44 103 128 119 119 89 89 79 44 66 68 141 126 116 72 65 43 42 82 157 107 36 86 82 36 83 142 97 115 95 97 69 179 156 124 147 102 95 43 119 72 77 172 146 162 117 100 98 175 120 132 117 69 73 109 184 163 26 93 143 155 46 
125 53 143 94 89 170 159 135 85 140 78 54 152 131 169 125 104 99 71 123 89 99 99 68 77 120 191 108 134 181 97 24 88 128 76 50 16 60 173 166 67 137 169 98 144 51 19 52 182 67 37 65 106 160 148 30 73 27 148 60 156 85 137 152 44 181 44 99 93 161 124 77 59 53 104 89 93 52 62 38 103 86 97 99 43 117 134 165 131 132 48 62 99 140 124 127 127 98 87 69 47 46 95 40 122 98 111 100 119 51 100 65 81 95 39 75 157 95 133 93 24 135 75 93 31 29 135 123 
82 142 103 104 104 114 85 93 90 101 120 42 140 116 118 118 138 99 93 109 120 71 139 157 141 71 62 112 88 67 11 171 104 40 80 107 50 156 92 160 53 136 137 116 145 110 76 127 27 96 64 92 126 135 158 154 63 42 115 118 128 60 67 77 144 119 51 70 86 44 98 43 111 40 64 133 33 86 55 61 101 103 114 81 117 147 127 63 107 144 101 91 107 105 39 53 121 135 32 51 92 176 43 122 12 46 138 60 17 4 125 29 45 90 126 76 132 35 78 119 96 67 191 110 57 107 98 140 
118 117 26 157 145 157 69 43 3 145 85 125 27 146 49 73 136 55 67 65 2 139 169 50 67 31 94 131 93 94 166 66 90 39 53 101 41 25 72 120 123 102 92 57 44 163 160 142 90 45 138 112 20 87 52 82 90 51 50 128 100 145 181 173 111 18 28 170 59 99 133 110 18 120 83 149 44 130 113 151 173 98 164 53 142 52 95 153 120 146 76 109 119 98 70 25 101 113 186 112 72 110 119 98 46 162 103 106 91 36 168 131 161 19 171 100 22 73 133 103 51 130 35 91 187 92 165 126 
82 131 56 98 91 100 63 135 141 45 53 87 64 160 144 108 112 71 157 93 104 99 179 90 129 45 112 80 126 89 86 108 60 62 88 61 93 60 71 127 71 135 101 79 75 103 108 127 86 79 99 166 11 128 46 133 99 139 170 81 108 32 64 179 77 71 28 125 111 93 119 131 150 155 128 65 20 125 95 124 107 111 108 134 113 157 87 103 79 112 93 67 113 38 33 150 120 67 50 84 103 112 72 111 138 103 86 32 66 128 161 109 120 57 65 93 99 112 72 136 91 154 80 75 75 77 103 97 
113 132 83 122 52 64 139 24 64 98 143 146 136 77 71 118 95 96 122 142 73 80 107 79 101 45 89 104 118 12 51 128 45 56 181 41 129 117 156 99 118 116 45 153 179 19 93 157 114 92 46 140 94 114 57 70 74 139 123 106 20 115 95 37 91 96 97 122 169 75 109 77 100 30 129 78 119 96 12 27 180 96 29 93 126 119 16 107 160 184 67 93 135 83 61 142 76 46 81 92 161 130 77 100 60 106 32 174 63 164 84 135 134 97 82 78 124 35 109 35 18 27 151 99 43 17 119 71 
117 122 71 58 106 78 77 93 130 149 117 111 103 38 35 37 108 91 131 80 71 94 170 132 151 111 68 16 168 46 88 131 75 49 51 122 119 92 111 151 80 137 84 113 123 156 73 91 74 143 100 154 43 116 105 67 132 60 102 52 49 140 37 107 133 154 86 69 133 148 125 53 50 33 155 81 88 146 151 156 123 84 150 80 41 49 109 25 81 160 26 84 123 99 107 99 79 102 55 137 97 113 172 119 17 91 66 63 48 126 49 119 97 89 150 100 76 50 71 92 7 60 91 99 102 82 102 94 
179 137 163 118 100 176 50 22 170 81 72 93 75 49 35 103 146 76 60 109 49 126 113 42 83 119 143 38 159 132 99 169 56 89 158 54 53 126 153 85 81 104 65 86 123 77 18 101 116 96 144 86 103 71 161 101 56 101 52 59 123 75 74 106 105 103 153 175 98 153 119 113 177 68 138 82 156 47 174 154 179 155 167 51 116 168 99 112 80 86 93 106 63 116 53 123 40 114 99 90 91 69 146 51 4 36 128 164 126 74 10 138 106 182 49 158 181 132 56 49 73 95 8 24 77 122 75 46 
118 122 150 140 35 81 90 74 74 144 159 119 86 166 79 79 116 63 179 81 175 67 108 87 70 136 115 185 98 119 175 118 47 138 100 102 94 58 170 122 110 105 61 108 167 77 188 156 132 133 104 85 128 78 68 63 61 180 64 110 91 103 116 42 90 157 68 67 105 70 171 176 89 146 163 54 76 180 113 18 132 181 21 76 121 117 88 31 99 101 90 104 21 86 139 92 79 96 145 181 123 13 162 100 125 168 161 84 49 10 172 143 119 92 159 132 81 71 102 52 38 155 120 143 26 54 135 116 
126 116 46 91 123 22 87 121 117 115 142 107 57 86 105 97 84 116 134 93 69 124 185 113 145 80 109 62 148 145 136 89 183 141 95 72 58 141 81 86 142 168 118 97 90 155 131 68 91 56 109 87 96 114 58 38 155 35 179 140 52 134 84 116 134 71 124 112 50 184 110 23 103 87 78 75 133 139 126 81 55 69 53 46 121 73 117 72 131 88 115 163 24 114 99 153 124 86 123 105 91 121 117 65 29 131 109 135 119 138 143 60 99 165 124 156 39 90 104 46 104 101 95 49 82 96 173 84 
134 103 71 86 28 117 135 166 67 93 156 107 16 75 115 152 96 130 142 72 64 33 56 20 158 101 125 116 76 88 165 125 61 159 100 108 63 92 116 88 142 119 114 158 91 119 171 155 106 78 124 161 195 82 117 65 31 155 57 26 53 111 100 110 132 92 166 122 166 120 89 126 79 59 87 61 117 129 85 61 74 129 98 154 92 146 88 129 77 36 34 158 127 63 80 78 92 36 158 116 63 103 100 81 45 161 120 134 97 106 119 99 92 185 170 146 83 83 91 114 83 96 100 153 180 104 169 157 
56 24 108 88 38 94 87 18 89 169 42 137 128 93 125 52 124 14 106 108 107 30 149 82 89 161 56 127 85 102 99 64 171 95 22 129 128 144 100 95 113 24 108 174 130 125 42 10 87 182 87 121 84 91 67 117 89 98 32 125 64 129 150 151 183 102 139 80 53 106 73 118 71 105 59 82 103 102 94 87 156 107 113 157 63 106 98 92 127 93 77 148 127 94 72 95 102 134 14 166 57 149 98 95 90 19 57 97 89 182 92 165 185 162 57 92 60 156 167 103 47 107 135 63 134 55 100 47 
163 110 26 53 57 140 98 50 95 149 112 189 61 168 95 138 147 157 63 101 106 106 123 131 82 67 96 148 119 115 95 116 189 168 54 170 99 181 112 121 123 100 90 149 138 56 115 177 94 49 160 107 148 56 65 50 126 93 142 168 87 86 34 73 122 43 25 60 156 86 41 103 121 110 158 91 162 39 87 99 89 42 61 46 100 65 120 108 132 62 196 106 157 149 156 65 127 103 100 111 80 77 175 39 126 171 65 82 150 49 159 124 170 57 88 94 169 27 34 56 152 94 103 131 153 72 19 25 
137 76 75 121 84 110 106 138 117 136 162 78 97 117 87 80 84 132 117 134 81 119 114 38 56 176 74 103 84 133 154 126 72 137 95 96 107 82 47 156 80 120 152 81 99 165 130 100 115 90 134 130 145 22 80 95 151 78 117 99 164 52 92 117 84 133 72 60 172 154 40 161 87 113 109 84 64 98 156 125 55 150 50 119 60 79 118 152 35 35 159 138 163 136 144 147 66 90 152 54 67 91 120 75 76 100 93 78 100 158 132 156 146 92 94 96 87 138 108 110 139 103 90 63 118 85 90 25 
81 131 43 71 51 109 151 59 78 143 86 49 42 124 92 109 114 77 57 104 92 180 141 44 117 139 168 106 137 105 128 197 112 130 64 157 98 74 82 169 63 61 84 158 22 110 167 47 99 99 75 75 124 93 83 89 115 141 151 185 22 103 101 41 19 131 155 53 84 100 121 132 95 122 156 77 46 75 37 125 157 154 75 81 102 110 98 50 85 126 66 67 117 78 114 90 187 156 52 67 92 113 132 157 132 22 99 124 76 181 81 39 83 60 169 87 42 56 188 169 18 137 118 134 95 45 30 139 
66 61 94 140 24 22 103 10 131 31 85 84 134 109 116 63 183 148 125 34 130 79 143 73 30 125 29 125 137 176 85 106 177 111 72 112 99 188 185 32 90 61 121 95 79 48 66 74 77 87 68 73 89 94 153 10 145 20 87 110 46 86 59 72 76 113 39 150 76 55 158 139 135 93 79 67 78 153 159 130 190 141 106 183 116 157 107 54 101 47 70 117 116 104 87 108 140 135 104 78 107 25 117 95 35 73 112 35 50 132 71 90 83 156 27 138 56 190 68 90 103 151 80 44 62 196 92 100 
107 69 131 72 129 90 68 45 152 107 102 26 43 112 22 49 85 22 12 85 73 53 78 163 64 71 122 155 193 62 86 89 34 123 72 22 183 116 115 143 59 75 86 34 93 112 168 79 134 170 102 127 166 158 122 117 77 35 106 188 117 100 130 79 150 108 141 118 128 179 67 25 82 54 80 81 121 74 176 85 156 82 46 170 180 102 90 147 43 93 74 90 128 135 178 85 134 84 89 131 110 94 69 133 78 133 72 109 71 56 102 104 91 167 34 108 188 68 118 104 62 37 70 55 163 69 58 111 
137 32 17 187 150 87 18 153 69 70 128 165 96 124 116 144 114 167 161 80 129 111 169 47 16 28 151 88 144 63 123 179 144 171 91 59 62 135 43 95 43 109 104 62 99 45 20 160 82 92 96 63 163 51 63 116 85 161 117 53 121 109 94 136 171 106 113 66 117 146 154 94 91 56 174 86 106 146 53 89 121 70 129 51 107 81 166 69 5 94 161 40 81 135 182 71 115 127 164 69 146 103 73 93 119 103 136 35 92 49 52 46 114 103 56 110 169 90 104 14 74 124 45 75 126 100 53 41 
80 117 165 64 162 112 86 106 120 99 45 84 152 66 195 93 117 29 90 149 53 118 92 79 146 91 113 72 51 22 122 179 24 132 90 27 108 145 61 20 149 52 116 182 114 56 196 125 162 45 52 71 96 9 155 112 113 139 140 20 106 124 128 81 137 175 168 71 133 65 164 97 153 93 55 120 106 105 169 74 30 109 133 102 44 53 98 40 73 42 179 82 113 86 113 99 29 88 117 88 32 77 109 24 96 51 91 18 7 73 38 104 83 47 152 139 18 103 62 74 78 130 59 59 106 152 53 63 
102 19 135 89 92 60 112 137 53 108 83 121 54 122 100 146 124 112 80 107 14 90 94 66 114 47 119 81 84 96 94 131 96 43 50 37 103 32 82 42 93 117 38 108 47 116 114 99 106 125 104 125 48 85 92 80 61 44 66 68 118 70 74 95 111 179 54 56 158 168 126 86 59 34 128 133 77 187 90 92 56 69 97 172 88 120 55 110 60 87 48 71 118 38 20 98 75 101 125 99 120 13 184 135 67 130 154 27 60 95 155 101 96 107 94 103 137 151 37 124 130 126 176 63 123 24 110 53 
159 126 142 136 36 170 103 145 90 175 24 109 93 111 137 58 116 99 174 91 104 114 105 141 100 153 42 140 94 108 64 34 131 123 135 55 34 158 58 58 82 127 61 71 91 32 114 101 50 42 107 141 75 69 144 77 38 75 106 107 77 92 89 165 160 59 132 14 165 104 162 55 89 95 49 118 49 64 78 107 84 69 39 40 96 82 96 66 35 134 103 56 92 114 18 93 46 150 57 150 38 62 163 75 191 35 80 151 91 8 120 95 100 135 103 90 118 80 70 45 59 176 134 101 136 113 132 26 
96 69 118 67 61 46 27 53 153 22 90 136 123 189 57 71 21 108 97 31 139 122 101 124 82 127 145 125 106 120 57 100 28 140 161 37 120 123 166 124 150 49 70 109 150 102 114 162 157 84 139 91 135 78 127 124 148 130 115 127 58 78 71 170 43 82 153 61 158 140 97 102 169 86 73 29 134 97 103 83 83 127 102 164 141 86 122 177 68 185 64 97 31 76 126 89 101 140 100 152 86 107 26 93 110 91 75 99 99 24 143 49 153 63 131 63 134 44 55 75 59 63 101 98 102 103 64 143 
130 70 95 28 132 89 140 119 165 106 72 34 81 85 59 174 82 114 97 54 20 111 47 179 110 191 152 82 94 105 115 101 110 158 76 98 165 93 148 52 126 53 120 73 22 121 100 163 43 163 128 55 104 12 75 34 178 48 109 150 94 158 127 136 131 84 145 150 56 110 118 100 168 56 75 62 197 9 68 86 68 122 148 150 46 50 112 165 108 67 102 145 109 58 122 102 152 38 178 146 87 72 93 31 57 187 75 43 102 77 26 82 180 134 153 118 95 62 163 126 106 123 136 102 174 57 104 128 
63 133 103 133 14 63 139 179 83 138 61 23 122 25 111 16 125 62 114 44 30 141 118 105 38 182 90 123 79 129 104 183 123 42 67 112 124 117 186 89 171 130 38 99 61 192 140 29 44 159 136 26 27 10 29 157 158 149 106 101 111 120 59 75 120 152 104 105 64 61 95 42 90 82 70 106 50 102 81 36 129 81 87 99 103 48 88 146 131 104 157 101 68 56 98 134 133 69 70 96 87 160 143 29 107 92 77 17 82 122 54 96 104 55 72 85 45 196 69 100 152 24 113 103 57 164 77 108 
11 43 109 113 95 117 31 73 47 103 151 127 126 53 68 141 107 87 103 121 92 115 193 111 75 183 110 130 190 125 86 109 82 140 135 138 41 99 44 119 109 49 133 32 102 34 58 107 103 92 103 148 158 106 95 54 160 145 101 94 73 53 164 26 139 101 109 87 134 142 151 132 172 20 58 104 87 68 67 172 124 75 127 62 147 104 115 97 98 22 108 175 162 38 128 158 73 80 96 69 77 41 155 135 98 165 103 119 102 75 135 173 169 100 19 90 30 92 58 53 53 110 132 64 104 77 170 174 
17 83 185 15 29 66 152 105 67 123 82 160 85 113 137 81 95 139 160 79 92 77 154 84 81 105 62 172 86 142 80 45 195 113 106 118 157 149 109 43 119 34 113 127 56 82 154 92 76 31 159 187 135 27 125 119 167 137 185 179 82 121 124 99 133 107 169 24 118 128 179 141 174 37 155 107 53 90 105 116 37 87 27 39 57 111 24 78 110 157 119 112 97 104 5 123 128 157 130 101 132 122 46 123 140 126 97 71 94 46 116 84 157 47 25 25 139 100 111 41 63 53 26 143 128 108 174 140 