128
77 95 17 14 2 62 33 6 53 34 25 20 20 4 59 55 24 14 84 80 42 40 87 45 41 62 27 86 61 74 91 75 72 26 95 40 53 9 75 86 84 10 70 24 43 28 99 90 23 6 29 89 71 11 63 56 24 4 35 66 95 84 17 69 25 72 89 33 5 21 3 22 58 96 28 18 98 34 18 95 21 84 56 62 76 54 85 64 82 60 61 84 12 29 87 17 40 79 75 87 11 17 86 43 93 11 10 13 17 54 75 25 70 46 23 90 13 41 5 48 29 93 46 29 26 85 65 17 
10 40 85 67 4 25 37 52 87 53 91 89 74 30 28 80 79 38 35 35 52 53 73 88 63 82 20 80 77 57 63 68 13 47 53 14 48 38 12 39 4 95 33 3 44 2 3 91 58 24 32 63 71 5 10 10 78 56 94 13 96 52 50 88 16 10 63 12 58 22 84 79 43 44 91 62 26 19 61 39 46 29 9 37 87 12 93 12 75 43 61 64 70 40 7 91 78 4 49 27 70 39 15 13 10 29 56 58 76 5 71 82 91 72 66 64 96 64 80 68 71 3 82 89 49 79 13 7 
74 67 3 56 24 16 3 36 90 54 63 84 40 85 12 41 27 61 77 44 76 83 49 63 37 86 95 50 46 22 43 12 11 78 28 91 41 43 27 70 54 51 41 13 46 35 23 64 23 87 86 65 43 12 13 77 98 57 9 43 3 14 100 43 55 100 40 45 55 12 9 90 56 20 100 28 100 76 51 5 34 36 51 38 27 93 22 6 2 70 84 25 74 23 53 59 46 88 62 19 8 5 51 52 89 40 45 29 83 85 6 88 68 57 60 89 29 49 19 60 86 59 65 61 84 64 37 51 
50 89 99 26 15 12 63 92 40 78 56 9 61 86 50 33 24 5 14 48 23 46 83 41 45 99 82 63 63 69 99 67 75 94 93 24 12 25 77 11 58 95 51 69 92 11 17 52 10 45 88 78 30 16 79 39 4 69 15 59 7 25 60 28 97 80 81 54 16 33 92 87 16 64 70 51 84 74 25 38 66 11 55 22 4 32 7 67 22 37 26 6 57 44 93 61 38 57 31 2 59 70 59 46 10 75 27 61 14 3 96 97 45 84 84 93 20 26 76 31 36 7 91 54 25 78 59 46 
93 91 82 52 50 38 37 10 28 69 9 95 39 72 87 84 73 7 27 52 23 35 10 85 26 53 38 6 50 13 50 80 89 69 67 25 68 95 39 76 99 56 27 64 62 51 51 81 58 36 48 92 3 70 17 72 87 21 84 84 51 73 31 88 1 88 59 55 12 34 25 54 47 93 94 93 8 40 34 55 59 92 31 77 92 62 3 13 86 36 47 96 95 90 96 86 56 95 59 20 41 58 70 52 13 45 98 15 80 65 14 12 23 82 65 42 32 94 79 61 100 30 75 59 84 96 33 60 
53 97 72 20 52 94 14 22 30 58 70 18 44 16 29 47 10 19 62 62 9 8 29 2 37 96 82 82 42 40 23 8 55 35 21 59 46 4 58 28 93 69 54 30 42 20 47 95 24 41 48 8 40 66 22 70 94 22 59 26 36 67 95 67 26 40 25 2 38 10 40 43 47 68 6 33 42 24 96 66 49 26 85 64 48 50 41 19 42 52 46 4 14 93 17 52 84 49 33 12 79 33 27 47 28 26 32 82 73 99 70 98 94 22 5 3 58 61 52 63 87 15 98 99 69 63 77 8 
54 81 62 8 20 82 35 80 22 22 88 3 31 74 23 1 52 83 57 66 54 17 92 80 58 97 78 57 53 97 48 93 61 23 37 80 42 41 24 67 87 39 90 75 19 68 60 33 25 68 69 27 76 94 7 81 1 36 27 99 61 14 65 11 55 12 39 36 92 74 79 29 85 27 94 29 70 98 38 93 50 29 86 15 25 24 30 6 46 8 17 16 99 68 43 44 47 84 31 20 79 97 25 98 73 89 90 57 99 20 82 46 7 38 23 52 66 63 65 26 46 58 28 29 21 68 38 16 
42 27 82 72 31 95 83 24 64 33 70 47 30 61 10 66 32 2 75 3 71 29 20 99 61 95 68 84 67 54 59 91 43 5 67 38 67 41 38 70 65 40 78 43 33 78 62 46 89 88 86 17 63 34 50 47 14 80 12 83 66 46 65 6 9 91 88 49 67 6 93 87 60 97 71 80 59 18 10 29 81 91 71 100 19 66 32 33 3 92 35 39 4 73 35 87 50 61 99 74 40 51 13 63 30 65 8 96 12 19 84 68 85 56 83 88 76 76 4 50 58 21 77 91 40 69 53 78 
3 60 55 6 92 39 38 48 42 95 69 23 65 69 74 20 55 4 63 30 70 83 15 36 89 15 15 13 17 11 39 83 48 97 21 99 7 93 4 83 70 75 39 78 26 79 66 90 82 13 26 55 39 85 10 99 6 36 88 71 23 5 40 99 71 48 66 24 19 83 78 66 27 55 22 26 67 22 45 54 15 70 50 98 22 18 79 76 2 87 45 46 80 10 72 53 17 3 76 59 78 98 18 30 59 38 26 86 29 8 84 36 46 44 53 90 90 33 12 79 55 66 33 88 54 94 43 79 
34 1 54 18 95 57 80 11 40 11 70 23 31 98 51 22 14 67 17 1 76 76 43 53 91 8 37 10 33 77 79 80 81 84 10 71 73 25 24 40 87 32 3 87 38 45 100 50 90 10 12 35 24 27 9 5 76 30 9 86 97 92 74 78 55 48 22 12 98 1 81 58 83 91 66 50 88 40 14 51 53 39 69 99 20 62 38 79 41 45 18 41 83 89 95 88 75 4 58 72 56 66 56 5 97 65 15 75 17 64 63 34 43 60 82 45 45 27 48 60 83 35 43 39 44 97 35 90 
41 77 68 95 36 17 68 83 64 16 97 80 47 29 3 31 90 1 63 88 78 46 59 41 6 69 22 64 6 31 10 53 99 72 85 37 26 50 50 65 91 95 19 27 69 36 45 37 44 76 14 39 77 8 99 10 81 63 2 63 24 79 79 13 90 19 80 73 77 74 88 59 100 50 17 98 31 92 71 14 57 1 80 31 100 28 83 68 6 52 54 50 92 77 7 34 25 93 16 85 77 56 50 80 29 57 52 60 69 32 17 86 51 21 40 46 65 9 75 23 32 19 94 39 87 38 18 5 
86 16 33 14 28 66 52 8 27 97 81 14 5 76 46 21 6 14 88 95 12 59 36 22 47 42 89 63 20 72 9 36 59 80 78 80 30 20 98 71 14 77 87 40 66 63 91 34 57 2 38 62 60 92 54 37 19 21 56 38 9 87 18 77 17 30 12 94 25 9 26 80 58 15 66 6 13 39 22 94 13 86 79 56 54 9 48 58 41 79 2 96 70 6 87 85 12 83 19 70 65 83 63 58 24 89 59 82 17 62 73 96 74 16 92 93 11 7 100 53 93 15 61 72 87 47 26 25 
22 82 70 2 39 96 61 26 46 53 94 96 28 29 13 100 54 43 66 65 60 82 86 17 99 31 24 62 58 94 76 41 78 31 24 51 50 69 8 94 74 3 96 45 6 6 95 22 35 63 72 100 22 6 67 88 83 65 36 23 82 46 31 42 11 76 95 58 57 98 38 73 65 94 86 74 96 72 67 95 88 45 28 78 29 56 69 1 70 45 98 81 68 35 58 67 31 67 39 87 30 21 39 73 19 81 48 50 25 40 1 91 67 51 79 51 57 70 88 65 95 5 25 77 26 15 26 41 
80 76 11 13 75 41 99 69 97 60 40 29 84 89 44 66 12 13 85 52 68 51 39 52 31 37 38 30 67 70 28 69 16 30 72 84 11 88 77 5 55 99 4 75 44 51 87 55 28 48 91 53 17 56 91 71 27 67 45 5 70 86 33 36 89 63 18 2 23 35 34 95 14 62 28 41 50 46 13 37 36 10 17 19 92 50 94 42 85 59 12 68 10 13 79 79 83 77 86 86 36 19 85 9 61 83 19 50 40 70 38 37 76 48 16 29 58 95 58 99 65 89 42 11 46 69 61 6 
57 20 89 59 88 34 7 17 78 17 83 19 12 69 20 79 81 42 95 89 100 90 56 18 100 16 41 61 55 13 30 17 43 58 51 7 26 83 17 37 27 19 66 80 31 1 30 75 79 60 69 63 81 67 95 77 47 96 90 13 21 53 57 44 96 79 66 53 41 77 25 81 20 75 20 78 17 96 98 18 11 4 6 56 51 99 66 44 94 47 58 73 52 45 53 46 67 83 44 34 33 85 37 60 65 64 59 43 18 5 100 2 94 22 43 26 28 54 29 4 41 13 57 91 29 2 68 63 
60 14 33 7 22 92 17 95 60 36 18 62 7 68 70 23 64 41 70 87 82 58 63 7 25 25 27 25 44 16 57 73 10 96 15 47 67 27 78 66 56 15 70 9 11 74 76 11 65 37 56 19 75 13 54 9 6 30 14 66 55 39 35 84 88 24 86 27 59 50 61 84 74 36 22 92 30 89 1 17 28 29 89 6 74 88 99 38 65 42 87 91 40 98 34 90 21 6 38 56 9 63 73 38 92 73 33 72 14 9 68 62 43 55 50 32 26 41 20 97 8 11 27 8 34 37 38 29 
23 88 58 1 5 94 92 85 57 2 47 67 78 84 23 99 84 77 42 12 11 90 3 91 78 14 68 62 42 2 88 43 3 36 92 47 30 37 75 51 18 15 59 94 65 68 42 10 46 89 86 55 56 77 67 50 67 32 1 58 7 9 85 23 20 72 64 74 85 44 23 61 87 73 82 49 74 2 81 57 23 81 98 62 68 64 22 86 35 40 36 76 61 74 2 86 75 8 29 77 64 87 51 51 75 49 66 1 12 25 90 43 41 59 83 27 64 95 3 80 13 58 16 71 82 57 68 8 
95 56 79 22 47 22 99 22 11 49 7 51 30 40 42 69 87 32 40 30 54 75 28 43 15 47 94 44 23 27 1 76 58 5 94 44 92 74 6 94 23 83 32 8 18 85 92 75 85 21 45 39 38 47 33 76 84 88 60 52 29 90 80 42 31 29 37 94 33 51 26 38 94 73 33 52 57 63 69 28 6 26 48 76 29 21 67 40 49 73 76 22 43 36 45 50 11 80 11 10 54 7 34 43 46 34 74 58 55 32 52 85 14 32 4 41 81 78 60 79 85 44 81 76 50 2 53 36 
74 62 29 8 49 68 85 66 26 94 16 89 62 70 13 16 64 77 78 70 82 92 14 88 34 75 83 58 98 66 43 74 2 82 81 23 23 22 43 19 5 56 64 56 41 11 8 100 78 2 88 34 61 70 53 39 47 95 96 83 86 82 45 72 20 49 2 55 34 18 43 79 22 4 15 90 90 100 22 73 31 67 22 8 89 66 53 17 41 91 7 28 16 92 53 7 100 24 44 64 98 33 68 64 86 23 39 26 28 83 7 68 75 31 52 41 23 44 60 97 39 11 46 43 24 44 83 37 
81 17 41 94 17 69 75 56 29 17 57 70 8 63 30 64 70 50 8 36 54 57 57 38 26 31 9 70 60 57 51 53 2 26 68 39 93 49 10 81 14 37 8 90 31 57 97 46 53 3 60 31 24 64 33 44 24 25 56 46 10 68 35 83 93 54 39 100 80 71 68 21 29 91 100 11 47 3 67 31 56 29 61 34 7 62 33 40 63 10 60 78 55 70 20 41 97 64 5 100 27 22 76 1 10 57 25 83 95 19 96 23 76 18 25 93 85 33 76 45 89 23 15 40 38 21 89 56 
75 20 65 40 10 27 74 83 67 98 54 56 12 30 56 35 27 33 46 8 28 57 40 100 25 23 34 35 62 2 15 13 59 12 41 26 72 46 36 41 2 46 37 69 9 29 8 97 34 17 32 50 17 43 70 94 82 34 27 99 16 64 11 59 49 48 52 25 31 37 29 78 75 33 10 57 61 44 86 18 12 67 27 69 55 35 13 58 13 92 53 97 25 91 90 5 72 60 11 86 70 76 96 62 53 87 2 98 34 96 69 93 52 52 57 45 84 2 4 61 89 67 1 24 54 85 61 19 
90 94 7 84 35 58 12 22 38 3 13 45 90 18 33 13 76 75 30 17 11 33 77 28 78 100 57 58 23 74 51 96 80 89 29 26 34 94 58 37 12 53 11 85 59 95 8 7 33 98 94 9 37 85 61 24 54 66 51 78 15 78 15 42 42 87 98 75 60 17 29 95 4 33 75 33 32 93 70 78 42 10 85 27 38 94 40 38 28 11 65 30 2 90 64 76 100 39 82 97 36 39 32 13 86 87 11 48 32 70 5 57 19 81 80 33 36 10 74 92 23 61 17 25 14 43 59 97 
23 32 22 3 82 1 83 56 22 70 47 73 30 52 66 48 37 93 15 31 16 23 28 31 23 64 7 15 45 63 62 3 74 25 56 97 64 58 35 14 71 24 2 92 78 99 11 13 24 81 11 24 75 52 76 62 39 87 72 73 32 32 6 7 78 43 25 31 74 28 9 76 47 1 57 46 71 47 17 78 89 65 12 45 94 8 89 29 67 82 3 44 49 75 50 37 40 57 26 91 50 11 33 13 86 88 61 7 57 82 92 13 8 29 48 85 12 98 79 14 6 78 59 83 51 20 60 72 
94 86 81 79 85 15 84 16 76 86 74 73 22 15 86 90 80 65 78 17 42 44 68 65 35 21 62 88 91 40 51 93 78 92 87 20 92 29 51 95 4 1 24 50 84 81 66 41 18 78 11 44 57 50 29 68 6 66 43 27 70 97 10 43 20 51 8 7 32 73 2 48 74 60 19 88 66 27 50 73 56 99 27 90 73 98 95 40 89 8 68 35 25 96 35 82 2 90 51 82 12 49 63 57 15 45 41 8 4 45 66 76 31 57 97 53 15 84 15 5 28 81 19 4 33 79 70 65 
42 98 36 1 74 44 74 50 72 64 6 69 52 52 57 60 49 38 75 60 71 80 81 82 99 22 37 87 62 6 60 32 6 88 32 24 31 1 49 23 54 27 24 80 78 50 89 64 83 16 47 77 41 11 75 39 50 40 86 34 32 76 61 64 72 49 71 34 50 57 30 48 69 2 45 79 2 26 72 58 25 79 100 30 41 62 68 31 11 73 48 50 47 8 87 92 32 7 46 73 83 28 43 78 32 51 100 35 52 82 35 75 27 74 93 17 51 24 37 4 38 11 89 19 31 36 50 10 
76 67 22 10 34 86 13 30 16 71 16 36 11 49 69 80 100 88 30 78 75 60 13 51 51 77 19 84 63 3 45 56 68 53 73 54 30 54 78 77 51 30 11 42 8 83 69 63 92 18 38 12 22 30 69 86 19 39 8 19 43 19 27 85 39 78 91 72 45 59 54 26 90 3 17 47 61 51 32 89 32 27 13 38 72 98 40 4 86 13 94 41 50 73 3 6 59 2 94 74 45 17 37 34 18 59 67 57 83 99 73 11 35 62 39 46 20 11 90 70 89 49 89 34 31 7 85 5 
34 18 45 77 55 4 25 69 12 17 16 97 15 36 82 11 48 71 19 13 60 91 53 28 4 100 69 29 14 64 54 37 56 30 23 96 1 5 91 51 5 94 100 44 71 9 16 94 88 96 21 87 88 48 30 58 64 55 99 32 14 32 26 98 70 25 4 63 14 71 93 75 62 77 65 33 35 96 98 37 43 17 86 50 55 20 63 2 46 4 63 65 64 75 61 89 50 63 44 39 43 95 34 6 24 37 57 24 60 23 73 71 1 95 12 47 52 22 15 60 96 42 46 19 36 39 37 76 
85 80 73 35 13 79 48 84 47 50 51 17 89 71 82 5 25 86 84 2 31 70 100 15 44 56 75 21 31 41 37 53 16 71 72 100 37 99 66 93 46 40 11 80 74 17 37 48 87 21 78 29 9 48 26 24 7 78 55 24 80 14 60 40 41 67 84 85 93 46 68 80 27 78 14 100 16 11 52 29 17 16 65 5 40 82 81 68 35 46 89 57 37 58 93 35 14 78 82 74 42 36 2 68 95 26 36 2 21 68 2 45 22 63 17 29 1 16 57 43 49 90 69 41 29 18 61 64 
91 38 94 68 7 27 20 13 99 52 51 81 42 91 61 48 18 51 54 5 15 57 49 62 49 35 26 45 79 57 66 83 81 61 21 8 55 53 78 81 51 83 99 94 59 42 59 75 82 79 32 29 91 57 97 65 81 91 62 27 22 71 74 44 42 58 48 82 59 58 46 24 76 45 61 47 45 27 2 65 91 59 57 3 83 41 25 84 31 87 79 40 41 18 85 64 9 46 65 97 23 14 60 56 8 36 13 51 50 49 17 51 73 94 57 12 16 82 31 37 29 63 88 62 74 69 77 33 
35 81 89 21 22 48 71 16 91 41 60 12 19 28 57 59 74 100 52 88 70 42 2 26 84 39 58 80 35 99 42 95 23 98 63 88 26 78 15 49 61 56 16 92 57 59 12 27 11 52 24 8 59 36 75 33 27 20 62 50 22 47 4 1 10 68 91 68 9 37 72 94 44 61 12 52 97 13 1 72 5 1 50 38 37 97 80 99 83 94 91 38 24 16 85 79 15 53 83 29 62 15 56 80 94 27 81 25 44 19 15 2 60 62 88 53 17 46 22 76 7 81 81 92 55 35 42 27 
38 99 66 70 71 47 8 36 34 8 3 40 52 58 92 44 60 6 5 95 38 35 92 96 69 75 18 6 3 24 94 41 84 21 84 65 60 84 1 38 49 19 42 27 98 2 97 91 85 81 24 74 56 44 2 54 40 18 50 13 80 43 30 33 73 53 84 77 47 54 74 57 50 5 17 85 49 97 3 87 84 48 88 57 30 35 93 46 64 6 39 79 62 91 68 89 42 23 41 27 100 99 48 87 77 39 49 60 83 59 98 53 96 61 1 35 63 73 87 60 39 76 55 21 94 88 35 66 
5 80 24 83 81 73 11 69 17 59 66 30 91 39 11 18 25 25 37 85 49 19 63 53 15 24 79 9 94 91 13 49 78 57 95 55 28 56 40 70 55 39 73 15 79 93 29 18 43 73 48 68 24 16 98 20 3 7 10 37 28 55 54 23 43 83 77 34 60 33 100 58 73 5 25 79 46 11 34 84 89 11 12 83 66 88 86 86 34 4 59 77 5 43 80 22 2 3 24 75 90 30 23 27 56 19 84 6 73 65 73 88 91 97 33 72 23 85 19 91 87 73 14 99 29 63 100 60 
52 54 43 32 49 3 49 55 50 55 12 77 14 34 22 50 96 25 40 4 76 75 74 97 100 61 95 48 71 53 15 47 58 8 1 76 58 49 44 48 61 36 61 47 22 50 97 95 68 25 78 52 52 37 23 37 59 82 14 45 37 5 86 73 22 24 55 100 78 4 35 70 27 21 1 2 53 91 29 19 41 11 6 13 39 37 3 63 11 95 20 93 81 28 88 22 44 34 50 42 18 82 68 82 30 77 76 85 87 30 42 67 91 95 59 40 5 41 97 4 49 14 4 59 54 91 13 41 
32 86 15 84 36 38 88 49 80 64 17 73 61 78 17 14 15 97 15 68 49 31 49 39 16 85 79 40 69 28 80 65 97 45 51 85 22 39 29 31 48 34 82 91 90 60 6 63 28 72 10 39 67 87 55 75 65 7 30 48 61 57 85 4 87 69 44 35 95 82 55 74 55 87 21 55 44 36 33 39 89 9 31 61 12 75 56 41 93 63 2 3 38 6 81 100 93 13 50 29 95 34 80 63 8 53 29 63 82 10 23 43 56 91 58 31 72 54 70 14 1 98 84 56 88 90 24 99 
43 54 11 86 52 89 37 9 93 63 84 39 27 97 40 71 60 84 71 55 74 40 39 67 8 5 65 6 11 94 1 100 6 65 36 55 33 98 42 82 9 19 51 52 15 96 36 42 59 66 68 24 93 22 16 19 24 95 81 26 78 41 21 39 6 54 12 74 80 49 76 75 3 52 52 29 96 20 4 5 19 72 25 96 9 50 6 76 97 78 33 90 95 96 49 4 63 76 47 46 73 43 43 54 53 55 16 82 39 70 84 82 1 81 23 49 11 23 91 55 100 53 30 50 33 93 63 40 
86 82 31 1 11 55 77 2 36 50 32 17 26 82 39 89 87 83 69 97 2 81 98 90 26 21 6 69 38 43 52 3 48 72 69 49 30 92 89 73 16 80 29 14 15 94 59 52 16 83 2 66 27 38 79 29 96 26 33 79 36 67 87 94 9 29 5 28 58 52 54 78 89 72 19 99 27 2 94 24 32 40 10 17 85 22 33 53 27 49 12 12 56 97 99 27 49 5 95 12 97 50 41 88 100 90 95 50 82 42 30 80 45 91 49 12 1 46 74 34 66 91 50 98 86 71 73 49 
82 61 62 65 85 41 76 1 20 16 21 79 56 38 78 1 31 78 82 76 83 17 23 25 15 41 31 94 64 55 46 69 86 47 26 2 48 8 72 74 9 85 53 16 8 76 85 51 100 8 32 17 53 16 49 10 5 23 82 45 79 23 77 26 39 11 18 77 10 26 3 95 40 51 39 57 41 54 39 92 38 4 54 15 42 84 99 57 74 100 24 28 11 24 6 65 85 90 22 19 54 60 13 29 13 18 44 9 4 78 69 50 56 71 52 99 21 20 7 64 4 10 65 63 2 67 46 86 
79 78 95 88 12 21 100 86 52 68 42 24 4 1 57 58 7 83 12 14 18 64 40 55 81 81 40 94 88 8 66 55 77 13 37 80 41 34 31 19 58 56 19 50 41 41 58 38 31 99 66 74 69 74 51 42 44 45 42 55 2 10 100 88 28 69 66 35 34 28 80 21 19 95 62 43 100 10 72 68 59 63 77 60 2 6 92 12 57 90 92 66 1 37 34 52 49 84 6 81 98 92 97 97 23 76 80 28 14 74 23 64 96 5 2 86 12 30 33 57 36 98 75 50 75 94 36 32 
93 31 3 50 66 81 28 30 16 100 45 8 62 10 4 64 11 58 37 60 85 29 74 53 38 74 77 99 51 11 55 11 95 79 63 57 90 90 79 61 88 23 70 75 26 1 7 82 39 17 82 50 24 67 21 3 50 77 79 100 39 83 6 10 80 55 53 51 95 55 72 75 91 98 93 34 16 75 43 82 39 51 80 55 79 89 21 24 43 52 10 66 37 86 80 86 21 2 34 56 19 85 12 4 26 59 22 98 100 17 43 47 96 76 48 1 47 4 70 60 9 69 23 20 15 61 84 87 
39 65 96 87 40 61 58 1 56 82 82 16 17 63 31 83 24 84 11 87 52 38 54 47 93 69 11 22 49 15 2 47 93 9 33 78 18 11 21 41 12 39 27 48 30 37 81 44 15 36 39 79 50 29 36 70 82 52 42 83 32 59 14 63 20 41 42 27 36 16 7 83 47 35 84 28 9 55 87 71 60 37 12 82 99 11 19 45 86 73 68 26 70 39 29 42 92 73 97 16 86 4 75 44 36 82 65 76 42 15 3 75 17 64 24 53 18 82 42 88 79 58 30 91 9 58 52 81 
56 70 77 97 59 71 39 65 75 27 8 77 1 33 66 71 94 33 46 88 92 34 68 15 70 17 68 78 64 76 86 43 30 62 78 49 44 91 3 55 100 63 75 19 23 55 79 90 22 14 30 87 9 54 18 29 30 98 65 68 31 38 55 30 80 38 14 27 9 64 12 61 30 1 14 94 45 12 35 92 47 88 4 50 65 84 43 31 3 30 18 75 60 33 94 6 23 65 4 59 94 20 44 76 15 60 12 100 27 60 56 45 90 73 22 15 88 62 98 6 96 67 32 47 98 3 34 4 
48 19 95 64 92 53 68 29 62 21 75 42 22 79 58 74 30 3 96 90 66 13 31 52 2 29 93 87 71 27 44 4 81 92 30 24 30 85 15 92 49 15 46 39 31 22 32 74 77 62 29 63 25 7 67 53 42 71 25 88 1 50 35 78 92 67 69 25 80 8 81 59 37 28 76 99 97 8 1 47 55 42 19 98 22 48 52 54 74 61 33 13 81 1 9 13 43 65 42 58 64 97 34 67 51 92 87 82 19 61 37 6 35 28 52 9 45 98 46 74 32 51 39 14 96 50 60 48 
11 55 6 90 5 61 58 62 34 59 29 75 57 7 19 47 77 91 56 93 56 74 85 84 33 59 2 98 83 81 3 67 38 40 47 32 5 21 94 74 35 93 70 48 81 64 35 83 2 97 84 2 93 97 22 16 66 18 3 72 95 36 15 14 24 60 44 79 13 3 48 11 41 28 2 21 47 28 66 12 99 64 75 23 21 66 23 45 49 82 20 1 47 61 87 41 76 29 17 85 38 33 50 87 75 39 63 56 61 77 29 23 69 99 68 53 83 42 20 84 42 90 39 70 91 86 19 86 
59 1 37 49 68 8 9 56 25 49 53 44 32 57 62 10 12 95 30 10 55 45 80 5 97 79 80 70 98 14 39 97 14 16 59 26 72 99 18 26 29 55 16 70 92 60 73 62 38 57 94 10 75 39 93 90 6 28 35 86 84 92 88 49 50 72 59 23 50 95 23 59 64 59 77 85 35 30 58 47 66 75 72 4 75 60 39 42 68 40 31 12 46 2 7 34 52 3 35 67 11 47 75 99 63 33 33 19 83 23 61 22 26 3 80 50 16 36 19 97 44 97 37 81 21 18 19 75 
25 41 50 36 47 35 25 39 67 49 49 80 6 41 53 28 48 23 71 65 11 56 93 21 30 81 9 98 19 36 18 58 30 57 42 33 77 53 63 66 6 9 36 51 85 95 87 26 100 5 91 41 45 14 25 25 37 19 91 95 87 3 61 84 82 4 37 85 56 8 10 8 18 3 97 21 38 87 65 75 86 34 15 63 38 55 57 99 68 28 67 5 80 29 41 98 13 52 5 20 34 74 31 95 66 66 65 47 23 77 94 71 70 86 54 28 75 56 13 76 38 1 8 96 51 41 87 6 
44 17 97 12 24 5 60 2 33 51 18 10 100 50 32 74 92 86 96 40 70 43 16 71 85 35 89 39 80 6 95 89 38 69 73 24 69 66 27 17 60 82 54 80 5 73 62 19 63 25 91 66 65 58 45 16 92 88 63 23 67 28 22 15 53 50 14 71 64 20 3 93 83 29 28 86 56 44 36 3 81 2 68 85 95 29 81 16 96 66 43 68 77 42 23 83 68 44 46 21 15 93 78 80 37 70 6 36 2 100 20 40 57 98 18 45 1 11 2 87 3 46 65 68 10 97 86 97 
35 54 61 22 55 15 61 70 75 22 92 2 26 81 99 94 81 62 72 13 27 32 40 62 57 28 88 17 11 88 22 6 36 47 59 70 62 98 39 34 96 96 53 67 2 63 75 33 49 84 19 37 22 87 71 29 26 98 70 34 27 87 91 54 5 16 61 2 71 27 28 87 24 6 83 83 51 95 5 73 5 15 51 20 65 1 85 83 67 42 13 67 77 52 84 97 14 38 32 96 46 97 85 42 26 100 57 53 66 46 62 55 52 68 32 73 43 41 31 43 63 20 10 35 3 4 74 94 
36 2 73 38 3 37 77 22 48 67 91 94 59 87 53 80 31 8 20 36 30 15 19 78 66 7 99 7 43 77 89 74 86 15 81 22 32 19 50 83 81 71 61 86 64 84 80 11 42 48 47 74 31 72 57 68 14 86 60 54 9 47 74 53 35 87 91 23 68 52 45 8 69 91 95 53 48 40 60 46 68 91 18 35 3 61 58 56 97 17 94 12 94 54 27 62 88 3 93 52 40 49 53 38 21 94 28 53 10 13 37 25 58 20 6 60 32 20 44 3 13 79 98 13 70 42 85 85 
36 7 64 63 10 56 14 78 15 53 7 13 5 17 58 90 58 31 29 44 46 1 34 2 62 77 71 87 18 31 13 61 93 19 1 94 24 83 21 86 23 47 6 53 77 93 68 59 62 55 80 59 9 36 20 98 8 83 48 43 92 17 60 81 54 12 33 42 18 21 16 11 98 60 20 66 61 72 76 30 80 25 70 39 2 39 34 10 70 6 76 55 93 68 86 78 57 70 58 31 61 98 19 94 73 53 89 61 73 70 47 93 8 67 80 20 40 10 53 44 65 83 30 16 61 22 54 59 
2 45 67 3 4 77 97 72 92 57 46 91 57 25 19 48 69 49 34 33 39 63 90 15 59 34 22 75 13 65 10 14 16 59 70 94 35 7 21 9 41 48 63 66 89 19 58 74 81 4 95 90 76 6 5 50 67 10 70 80 52 100 80 89 24 11 8 99 18 14 22 78 79 75 18 91 74 79 89 87 100 67 50 81 59 26 23 48 2 36 29 31 25 100 37 34 39 86 27 48 28 74 6 85 63 9 47 39 56 81 28 41 63 36 14 38 59 51 60 24 2 85 62 28 43 70 71 26 
81 48 88 40 22 75 40 31 8 74 21 21 74 99 70 90 41 56 33 95 19 27 70 92 34 76 36 91 1 98 45 68 9 26 45 89 79 7 18 70 21 82 55 40 47 46 71 26 77 71 65 18 64 68 43 23 16 100 21 49 61 84 79 50 94 4 84 35 91 15 2 58 78 97 39 14 62 30 27 67 73 31 6 56 94 79 71 20 32 98 44 24 61 80 75 76 20 84 67 19 15 43 5 18 77 86 11 49 23 40 58 90 44 65 76 100 6 18 31 1 86 1 4 67 90 27 98 8 
30 35 94 51 19 92 27 75 92 75 34 77 97 20 77 48 55 64 99 57 7 75 61 29 96 51 60 15 26 69 96 12 85 69 28 14 62 41 49 92 81 58 68 61 64 50 36 91 39 78 19 60 86 100 61 90 88 31 49 36 36 10 20 60 72 17 21 17 60 1 41 10 16 93 85 21 57 49 13 38 66 94 34 70 65 81 55 78 33 46 22 18 1 47 92 99 8 89 46 33 83 7 13 96 35 98 79 64 2 20 57 30 8 51 87 32 66 1 23 96 91 18 69 45 99 17 80 49 
99 66 21 21 5 24 2 96 7 11 6 91 64 76 91 53 13 67 72 95 29 55 44 84 17 17 31 69 86 32 61 78 62 97 66 44 30 13 60 72 100 8 39 23 23 17 3 65 91 16 6 69 63 1 27 49 42 78 68 64 50 79 23 13 92 3 79 30 54 26 60 91 6 34 25 57 100 20 53 72 29 45 100 78 37 20 60 23 59 7 94 38 51 98 15 4 99 9 86 5 86 75 96 1 96 4 54 16 41 16 72 30 17 10 86 19 53 22 7 23 51 29 20 99 10 56 26 24 
61 30 70 22 41 28 54 78 33 74 34 19 80 21 77 46 55 92 92 76 69 48 91 99 2 90 92 73 60 59 42 82 67 66 68 2 56 24 58 9 40 44 49 87 64 90 65 48 17 49 50 84 1 61 89 41 14 2 10 63 75 96 72 20 29 30 42 28 96 80 82 82 89 62 52 43 74 35 100 41 55 71 11 24 32 34 56 61 15 46 49 64 23 82 5 71 69 33 70 35 20 85 11 52 50 25 87 23 46 50 86 74 78 91 16 35 1 56 20 58 62 72 72 61 96 50 71 32 
97 20 68 98 58 50 38 38 46 28 83 66 16 71 4 87 14 59 52 95 23 68 27 89 79 71 56 44 67 21 17 12 51 12 38 42 23 36 54 70 44 74 32 78 92 64 96 31 61 33 77 29 23 11 21 98 32 13 41 65 31 35 11 40 23 97 43 89 73 24 37 95 64 55 11 8 45 73 4 5 49 92 38 94 71 1 19 75 53 97 51 21 68 63 21 12 11 36 18 80 36 80 95 28 83 69 18 93 34 87 43 40 67 32 6 16 16 7 48 9 99 82 50 19 19 97 66 31 
85 12 5 5 84 52 70 32 24 39 78 89 58 12 18 50 82 5 80 47 39 86 7 23 16 36 98 44 45 37 12 22 31 1 61 54 77 45 71 35 61 81 64 38 24 60 86 41 27 89 68 66 20 64 60 78 90 79 90 8 64 48 5 24 3 44 96 35 8 19 92 6 97 71 99 65 37 1 34 24 45 76 97 91 4 63 84 82 13 18 40 9 44 26 14 29 30 67 19 57 67 21 31 80 33 89 95 58 86 22 99 22 81 76 82 61 99 31 48 23 54 33 53 14 67 61 58 81 
29 66 16 29 36 71 40 15 29 21 80 68 51 96 81 7 81 8 89 29 40 57 90 41 4 32 88 53 17 94 38 20 77 99 87 17 46 80 68 69 49 18 59 65 37 47 71 78 32 40 83 49 66 72 72 8 75 89 30 67 34 50 44 2 65 93 63 3 93 86 19 81 50 94 89 5 7 76 85 78 22 93 88 39 5 77 63 50 87 99 94 43 54 100 27 86 25 25 67 28 35 100 55 7 38 87 80 59 2 76 88 85 20 76 20 90 88 40 55 70 28 23 12 59 5 12 43 27 
51 79 53 50 44 42 63 1 47 67 71 56 49 79 62 49 60 39 70 95 78 81 46 16 22 13 74 96 20 27 15 88 33 25 16 80 91 53 98 60 63 9 74 19 19 31 64 69 34 73 70 3 28 57 27 38 11 71 17 85 15 19 96 98 38 43 13 3 63 58 91 65 8 94 51 87 5 35 3 67 13 20 35 2 34 13 30 31 22 94 42 1 9 38 15 13 71 84 55 73 60 65 36 69 12 4 13 66 50 40 5 41 52 57 71 69 9 1 7 64 60 72 77 66 88 60 15 72 
64 69 38 95 25 5 46 96 68 59 49 98 11 47 5 82 17 88 6 4 33 35 53 26 52 5 6 43 52 97 9 27 46 3 1 48 48 35 30 84 94 37 100 90 75 40 97 50 10 20 21 70 23 29 25 38 96 91 93 96 15 54 5 40 54 42 42 11 19 93 10 15 93 15 87 99 40 59 51 13 99 61 77 54 69 92 37 62 62 29 75 56 20 68 93 13 29 34 72 32 54 7 45 13 18 75 4 52 93 73 91 42 55 76 73 32 72 66 1 71 68 81 34 99 32 47 68 66 
36 48 16 2 92 99 16 77 72 77 68 2 54 98 97 96 66 39 44 41 82 47 47 21 90 30 20 71 64 68 29 37 54 49 94 21 57 25 30 44 77 97 86 7 30 74 11 99 73 85 65 92 75 43 88 32 70 63 16 50 84 58 45 40 76 40 26 84 49 48 41 73 15 34 54 86 94 22 23 44 85 76 70 82 8 41 71 6 64 8 94 79 86 14 39 79 77 19 47 13 93 14 65 87 64 59 97 92 23 41 34 37 60 87 23 92 77 95 84 98 75 72 3 37 44 28 18 1 
23 56 64 99 52 91 67 50 25 4 35 60 1 50 67 66 1 14 16 35 96 53 38 90 97 6 99 13 34 18 36 42 82 22 72 91 93 63 5 34 6 21 53 70 66 7 51 26 81 52 14 66 42 83 53 28 20 83 15 95 33 66 26 84 50 54 28 39 17 17 79 23 68 43 4 88 58 45 73 74 5 60 94 1 31 42 77 55 23 13 41 98 41 31 4 12 15 3 34 8 93 73 65 27 51 45 47 14 80 81 75 77 53 50 91 24 68 52 42 73 94 56 51 48 89 3 40 48 
60 23 72 70 86 32 92 84 65 9 41 64 70 81 97 76 25 30 68 85 76 61 44 47 79 62 59 100 83 8 95 27 55 8 40 62 84 55 50 35 34 7 48 16 86 17 57 28 91 51 7 10 18 79 77 93 96 25 35 71 92 99 16 73 85 53 88 34 10 11 13 73 68 94 34 16 33 20 6 42 10 94 22 81 98 39 19 50 30 10 95 92 59 47 88 5 9 60 34 54 68 61 87 91 72 36 77 27 21 35 89 8 54 50 25 34 58 89 92 61 27 82 3 2 11 80 25 33 
8 85 2 44 100 32 38 17 14 40 22 35 20 85 85 92 61 86 97 69 98 15 66 87 93 61 60 99 70 14 3 60 86 76 48 93 74 93 45 23 32 95 76 39 80 67 57 38 29 51 72 40 41 32 50 89 70 1 46 4 37 92 19 84 82 25 46 4 57 53 9 65 82 79 70 46 36 62 74 88 68 11 85 34 49 64 32 26 46 31 48 98 44 33 3 50 87 69 37 63 93 70 30 74 49 45 11 45 76 7 100 61 82 8 24 15 41 24 34 70 62 28 60 12 95 11 94 16 
8 21 62 50 34 32 38 57 72 89 45 78 65 50 94 50 74 74 3 9 79 41 74 15 71 2 67 54 13 50 11 79 37 61 68 53 76 26 12 86 39 83 33 92 66 78 95 12 93 14 70 29 63 3 11 62 30 73 66 24 66 13 42 86 68 88 86 96 55 59 50 21 40 95 35 15 99 81 17 30 86 96 98 39 19 65 47 60 49 95 90 68 41 24 34 70 74 88 100 1 74 7 40 2 92 43 80 36 29 24 95 44 38 66 41 23 57 83 14 3 68 79 57 18 73 80 96 55 
66 67 4 23 80 52 16 41 48 22 40 44 65 97 36 13 5 90 53 10 34 22 56 54 37 51 23 10 12 19 4 53 28 17 65 26 86 25 91 28 73 88 61 6 48 61 12 43 85 62 48 70 48 10 38 59 86 42 47 90 48 25 67 58 31 3 33 10 33 44 49 14 45 81 75 70 39 27 19 86 14 41 64 62 75 6 46 73 88 28 69 70 9 55 73 4 82 28 8 90 69 37 28 37 88 33 12 28 93 72 12 76 91 8 31 30 75 9 70 92 70 65 91 35 66 68 77 98 
77 82 13 92 13 46 3 7 5 58 63 96 7 30 50 17 37 55 18 92 38 54 48 11 60 64 94 43 20 26 75 24 25 74 30 70 82 100 72 38 85 8 78 17 84 14 24 87 42 3 58 84 97 10 64 79 66 58 92 73 93 8 7 3 12 88 33 46 7 40 92 92 74 34 57 54 83 96 91 60 97 93 45 33 27 65 59 57 67 85 35 89 92 52 95 70 53 22 43 29 52 30 55 34 75 88 97 93 61 40 4 29 36 62 29 91 58 57 69 96 67 39 74 25 72 12 2 47 
29 78 25 22 83 52 34 79 59 22 84 57 45 4 100 92 43 55 2 1 36 88 72 17 100 6 8 71 71 77 41 85 85 75 67 37 38 19 39 26 49 37 93 66 16 69 57 47 61 48 49 12 68 82 42 99 100 15 6 96 25 90 33 89 91 76 76 20 71 24 25 71 66 92 47 78 73 53 13 39 92 15 73 33 22 35 24 77 48 88 22 3 41 90 16 53 100 47 11 90 93 16 47 31 58 19 45 38 93 82 29 42 72 81 32 31 23 84 63 72 18 2 24 58 13 23 8 45 
57 97 90 9 78 91 63 98 100 23 26 3 84 35 17 9 47 78 59 52 68 60 44 76 68 19 74 89 23 78 99 56 23 83 46 49 69 5 69 15 41 85 25 17 49 41 63 27 8 37 87 77 40 53 12 88 61 23 82 46 3 87 18 25 35 41 9 21 68 79 19 84 69 53 61 95 53 37 53 24 68 12 52 36 67 98 70 49 7 33 78 88 93 62 56 99 62 82 34 94 12 7 91 3 46 43 75 85 48 84 62 56 62 76 77 6 85 11 66 71 23 56 25 70 100 66 84 16 
86 48 48 68 9 12 61 45 11 84 15 49 27 69 13 16 9 79 98 1 100 62 92 14 9 75 43 71 94 92 22 97 56 68 24 69 8 8 2 99 74 48 15 40 92 86 10 77 11 45 37 96 8 21 84 62 42 81 1 57 100 4 81 87 63 25 33 12 25 88 15 95 3 95 19 52 74 83 33 78 51 65 58 28 11 16 90 70 79 20 34 38 49 38 44 53 13 26 67 28 78 7 14 89 89 42 66 60 66 83 25 91 62 85 34 80 59 70 86 98 29 27 4 83 12 34 96 80 
85 45 31 71 64 46 58 49 7 63 26 98 39 22 52 78 81 56 35 77 75 3 78 92 83 47 53 2 83 13 77 94 12 50 75 4 10 93 78 38 2 46 22 51 71 48 66 22 40 39 56 63 71 12 79 69 64 92 54 79 72 27 35 93 18 70 81 85 58 84 27 83 26 9 20 68 6 69 82 90 94 4 95 55 91 70 1 49 80 22 27 63 48 45 12 9 98 77 47 11 51 18 28 71 67 7 46 43 59 29 84 7 50 6 79 17 4 19 15 1 97 95 4 20 87 79 57 67 
96 85 84 87 16 40 100 51 47 85 11 93 60 69 85 84 44 9 18 97 73 62 44 72 9 22 5 63 77 40 73 67 49 34 5 40 96 16 3 76 47 19 67 41 3 24 40 7 98 24 67 53 24 34 15 77 28 44 79 34 2 61 8 5 78 89 11 72 83 87 33 30 10 47 8 11 56 66 48 45 35 90 89 54 23 99 94 24 22 77 5 36 48 61 98 98 22 51 15 79 82 74 67 74 63 55 67 42 18 55 85 26 35 52 56 14 92 26 90 88 44 52 58 29 70 45 50 30 
2 53 95 48 27 65 32 3 89 7 46 2 8 4 92 86 60 63 48 38 76 31 67 28 93 19 82 61 83 18 68 29 49 38 59 1 23 70 8 78 82 55 67 62 64 97 19 28 7 2 87 85 61 61 92 73 64 72 13 71 40 74 76 93 89 54 39 66 55 68 11 86 31 32 84 28 9 25 89 14 88 66 17 47 83 43 21 65 77 51 59 61 68 93 8 50 18 23 30 8 58 23 81 4 95 40 42 60 43 22 36 42 50 70 13 99 94 45 96 48 89 57 98 73 22 17 18 21 
56 90 9 23 1 26 46 64 63 70 15 60 64 8 64 95 1 13 93 67 81 78 21 70 71 31 3 5 6 37 50 28 27 16 84 75 29 6 24 92 88 32 82 49 64 99 84 43 12 22 50 93 26 28 87 22 55 69 12 39 3 91 36 57 42 41 79 12 25 32 17 3 61 43 67 78 52 79 76 60 48 76 54 22 20 18 46 15 55 29 51 52 50 3 35 98 89 73 52 20 9 93 91 98 39 43 45 36 6 1 14 70 55 7 66 33 52 93 22 56 95 65 71 82 71 90 46 54 
82 95 57 58 54 51 92 81 16 76 48 75 91 13 53 3 83 43 38 86 22 11 96 93 22 33 3 99 64 60 15 87 63 38 1 43 16 86 56 52 67 49 1 57 50 5 6 74 33 57 40 33 76 34 24 12 33 51 11 79 12 96 91 4 15 27 86 97 32 55 34 38 76 13 11 19 85 73 47 82 70 21 68 46 69 31 10 49 22 50 100 37 92 76 57 82 97 51 67 82 81 12 41 59 24 86 74 46 84 78 22 74 60 8 32 96 93 45 82 64 19 76 98 52 99 56 52 51 
93 23 10 44 73 64 28 33 87 69 89 39 45 29 40 32 75 73 40 54 49 21 59 91 73 7 45 69 87 48 40 16 6 13 75 18 54 75 1 82 64 37 56 75 33 49 99 44 72 49 23 3 62 76 90 74 37 30 85 20 11 83 22 84 92 39 49 2 42 13 1 82 38 55 4 68 5 82 98 50 19 46 7 86 72 50 17 79 68 63 59 11 64 18 15 13 44 48 7 31 44 41 28 85 60 83 7 91 27 58 38 38 58 57 88 3 55 31 87 11 59 44 95 42 76 44 24 93 
34 76 97 16 33 10 36 16 72 39 3 29 66 12 5 58 63 89 85 29 86 52 6 29 7 92 2 5 55 43 58 65 90 68 99 35 74 85 98 29 33 65 51 79 17 33 5 8 29 82 96 65 16 58 90 48 27 64 55 97 18 93 68 48 20 32 66 5 75 31 71 80 23 96 26 84 38 13 86 29 87 16 25 15 31 54 9 77 96 66 87 68 62 34 58 51 82 79 40 97 47 92 37 21 56 76 76 35 67 35 9 71 17 95 84 77 72 69 16 38 21 11 63 22 74 90 15 21 
40 59 81 26 63 1 4 85 26 95 86 24 72 77 2 48 60 54 72 35 49 78 70 75 30 18 93 41 47 48 32 55 28 34 95 54 52 70 12 2 56 23 16 48 7 21 35 45 81 5 2 44 78 2 87 92 54 97 26 40 54 73 10 13 8 7 33 68 34 64 77 31 53 7 51 100 12 97 32 93 9 10 93 2 23 68 16 36 44 89 14 25 98 97 86 14 17 87 63 97 58 23 65 89 32 99 46 46 51 70 35 96 39 20 25 33 28 47 80 6 15 50 54 46 61 7 79 1 
64 39 3 55 72 48 14 55 92 86 16 63 84 7 77 27 88 28 39 44 71 5 75 66 6 1 28 71 10 39 27 42 22 32 83 14 82 17 53 62 47 71 67 90 45 23 9 20 26 48 15 100 93 6 75 34 50 98 16 94 14 7 68 29 36 2 69 71 28 59 41 14 40 9 18 52 33 59 30 61 71 62 47 40 7 77 54 19 82 34 56 40 99 97 86 3 88 68 41 34 68 4 85 43 93 16 91 15 69 95 7 34 30 81 16 64 54 54 26 6 41 89 16 99 72 99 77 88 
48 95 35 76 89 43 71 26 86 18 52 27 87 54 76 7 95 78 32 46 26 30 48 42 10 99 11 26 23 85 40 76 81 75 7 67 60 43 36 53 31 30 27 49 99 100 16 5 73 88 92 85 11 72 47 50 18 50 16 28 92 39 42 15 59 4 15 34 56 49 7 6 10 95 27 59 10 65 14 92 22 40 93 96 71 36 73 75 75 98 96 95 7 97 29 63 53 4 90 75 46 40 46 70 4 67 3 66 6 57 13 37 13 45 14 32 78 1 70 13 39 89 90 22 74 25 57 36 
81 88 46 44 26 33 25 72 72 85 87 8 72 75 35 35 74 89 79 1 26 14 48 45 74 58 4 4 67 77 78 27 59 34 53 79 35 9 51 11 72 16 89 61 39 31 17 58 52 79 11 36 17 31 63 9 65 84 1 40 69 61 9 72 5 7 14 72 29 79 94 74 91 28 61 66 35 35 5 80 60 1 74 79 90 76 81 50 33 93 77 59 96 44 58 17 30 50 45 23 57 50 38 49 86 15 19 4 100 98 48 72 44 47 30 2 32 9 73 44 9 36 67 35 28 48 88 40 
31 93 24 47 33 84 44 60 44 84 1 9 86 26 20 84 58 48 10 81 48 35 86 28 39 73 75 93 5 90 46 7 28 62 94 70 34 89 3 100 79 96 29 61 11 58 23 25 91 46 31 68 47 63 22 28 49 18 2 61 39 45 43 31 91 72 63 51 87 59 80 45 15 63 93 14 16 27 2 4 27 94 23 77 71 18 85 16 46 22 17 35 50 74 92 82 1 1 1 58 94 13 23 83 46 63 48 73 64 37 96 99 60 67 10 84 43 23 70 50 28 61 83 18 29 34 47 46 
9 82 66 15 6 85 21 54 34 19 34 82 99 51 91 47 51 98 21 39 13 91 67 66 53 74 45 4 35 8 68 5 48 55 1 66 7 59 28 43 20 9 36 20 94 45 81 56 37 50 27 61 29 29 24 68 43 61 9 96 88 19 39 56 50 6 45 51 51 64 69 83 39 86 79 40 93 47 64 25 86 65 54 83 100 66 32 31 26 16 87 78 65 49 56 26 90 64 42 24 2 44 37 25 3 48 35 13 6 45 62 51 79 9 77 29 70 59 95 23 8 97 1 35 98 31 17 31 
83 82 23 20 48 65 21 65 45 39 33 28 57 59 22 22 16 2 94 24 60 28 68 85 68 49 22 92 15 57 6 49 40 39 85 5 39 73 96 63 60 20 62 94 66 74 23 55 28 82 21 94 72 56 46 57 28 56 28 50 98 75 19 19 91 10 56 79 32 45 34 40 56 34 14 8 96 52 37 38 26 75 61 94 56 61 19 87 6 96 81 37 10 45 4 98 67 21 34 36 31 66 41 5 64 70 13 37 15 77 20 66 22 98 45 79 92 11 65 3 8 37 10 22 7 76 40 59 
2 74 91 42 66 36 86 32 74 97 45 64 54 74 90 37 23 94 75 19 4 21 85 98 50 38 35 84 11 93 49 38 52 25 67 71 51 41 90 56 58 63 78 45 10 17 68 97 43 5 5 36 77 18 53 2 12 42 29 45 73 3 96 80 27 69 83 50 83 53 53 91 88 94 24 25 34 44 58 39 71 68 74 69 65 90 21 91 31 18 90 79 32 55 58 79 30 70 67 58 7 40 16 77 96 1 23 62 73 96 24 99 46 65 2 49 74 58 74 94 41 28 81 23 39 72 4 4 
35 13 31 66 56 26 18 58 26 78 91 29 42 58 25 31 79 54 30 22 89 78 96 39 52 65 58 80 27 38 9 35 21 48 67 78 41 52 25 31 82 21 88 87 8 55 69 3 41 41 66 79 28 46 49 15 26 46 31 75 3 18 19 29 47 51 87 39 81 9 8 35 93 25 85 59 18 9 95 26 45 94 45 53 51 79 65 59 5 62 20 25 96 83 20 25 39 75 12 27 12 15 76 33 6 79 30 47 85 69 73 93 77 26 30 5 86 98 71 8 4 16 80 20 82 75 65 72 
63 69 99 52 13 53 78 89 51 18 47 72 82 100 27 46 50 85 26 10 51 99 66 7 21 39 36 30 59 10 96 57 24 19 35 62 84 48 89 3 73 67 19 24 63 80 15 32 77 85 29 94 39 54 39 49 9 49 66 60 93 56 56 95 71 71 90 24 44 41 70 83 25 33 49 61 95 16 2 21 91 16 9 99 17 41 14 88 31 68 19 84 47 80 100 52 71 63 92 86 70 25 13 34 35 49 73 62 46 74 52 16 2 2 41 67 94 21 12 95 59 95 16 2 95 23 91 94 
15 61 96 84 70 61 26 62 84 57 51 99 90 63 41 18 50 90 35 65 59 30 91 26 76 35 39 53 89 59 50 87 49 62 38 70 95 8 74 44 99 47 77 73 5 39 61 92 23 65 23 20 60 94 38 69 53 96 96 19 23 17 82 55 22 39 10 54 19 27 2 53 28 82 19 35 56 65 72 2 34 64 16 80 54 19 59 11 52 5 7 4 91 85 22 95 83 33 14 30 36 81 53 66 3 28 47 29 20 18 35 67 69 67 64 86 50 12 25 54 73 3 2 77 30 72 74 68 
92 8 59 1 94 79 36 38 35 29 91 20 99 27 86 13 69 14 60 2 85 21 10 60 52 5 8 47 94 96 26 14 23 70 91 17 36 55 78 45 60 55 15 95 78 31 7 12 72 78 24 31 42 79 39 35 93 63 37 41 56 9 90 19 27 79 95 51 21 10 52 17 100 23 67 41 40 5 25 68 11 48 5 99 80 56 34 93 66 48 48 96 39 80 46 51 87 94 60 93 76 80 17 39 49 67 66 20 19 46 75 9 21 86 96 42 58 90 79 53 48 84 18 70 62 48 62 71 
59 34 1 66 84 65 42 16 7 87 48 22 39 78 25 93 85 8 46 55 58 32 99 32 61 1 6 91 1 69 23 71 96 99 21 18 79 28 81 95 25 5 61 43 99 60 100 28 6 88 98 55 42 100 53 95 15 76 35 72 57 33 14 9 68 65 95 25 1 68 39 42 52 80 18 8 36 65 52 23 23 87 28 92 34 99 19 6 12 88 53 23 43 99 14 96 41 48 64 35 98 67 92 96 3 71 23 86 95 93 42 4 13 45 47 46 63 90 42 82 33 81 90 23 61 58 4 2 
34 49 51 34 62 92 53 72 42 75 73 41 93 14 77 81 75 44 3 86 16 22 40 29 66 91 46 62 74 18 36 58 87 74 42 39 24 44 97 66 61 15 9 73 98 6 77 80 48 61 15 22 55 45 91 10 95 55 35 25 17 74 82 64 63 2 68 46 10 13 26 44 54 79 24 77 59 19 58 92 62 96 2 80 72 33 87 43 65 71 21 11 5 86 62 75 99 67 66 49 52 100 61 50 81 15 37 17 78 44 82 78 5 51 83 79 52 43 74 32 85 66 90 98 30 24 52 25 
97 65 52 21 38 44 23 39 10 70 1 30 65 88 55 42 65 81 56 66 65 67 82 9 49 5 45 78 23 1 3 67 4 86 70 32 33 52 67 4 91 88 77 46 39 1 42 95 89 52 80 36 48 65 33 73 60 65 9 97 63 32 47 88 29 97 7 12 42 26 61 56 22 60 31 19 80 90 5 28 54 39 5 100 21 88 31 64 97 92 62 61 64 10 93 84 95 55 86 55 87 72 45 45 22 5 74 1 74 3 90 45 11 45 87 72 96 45 66 79 13 28 45 26 36 26 91 62 
34 75 10 93 53 13 23 50 63 41 61 58 25 71 5 11 58 31 94 61 84 67 47 10 89 100 24 96 51 95 18 37 12 7 98 84 48 19 92 2 65 85 95 15 53 11 12 73 19 45 55 4 29 31 86 5 12 81 21 36 5 1 97 65 70 87 55 68 35 2 1 8 64 9 16 9 4 32 38 22 44 55 9 65 54 81 77 61 85 9 1 6 63 84 69 99 67 46 27 37 62 17 14 88 41 27 79 92 41 64 80 69 46 10 82 80 70 28 88 56 29 9 56 76 98 73 13 79 
19 89 12 86 22 64 5 82 25 30 31 21 3 69 11 17 12 89 42 95 71 88 62 37 39 18 29 10 96 64 74 36 82 91 88 45 26 20 46 76 69 44 78 6 37 18 27 52 79 93 60 84 88 55 69 70 73 15 64 95 12 3 3 61 59 64 7 37 22 80 17 71 34 58 100 52 49 16 60 53 7 90 60 90 16 94 26 22 52 14 8 59 17 51 93 41 46 66 90 66 61 88 39 88 1 14 8 56 98 50 39 4 19 49 9 9 30 87 58 47 78 61 48 46 83 80 7 14 
92 45 57 83 95 28 65 70 42 82 33 19 54 68 87 17 31 49 57 20 70 90 89 19 58 11 21 59 84 35 7 51 24 81 77 68 99 90 97 64 12 37 38 80 75 75 14 83 53 7 83 97 90 93 46 3 91 17 75 9 89 83 64 30 12 96 46 98 71 21 33 46 50 12 3 82 10 8 53 65 63 82 86 25 91 8 19 16 9 41 84 55 38 56 21 61 95 10 77 22 86 67 2 76 44 79 28 70 91 2 95 58 96 93 3 38 29 52 43 80 70 97 1 11 99 21 56 38 
9 36 4 28 50 20 94 14 79 70 6 64 81 12 79 20 82 78 19 61 88 89 79 32 43 56 98 23 29 30 61 46 18 32 5 41 18 17 66 27 95 56 89 95 83 24 2 47 25 76 13 8 55 42 20 15 64 55 88 97 37 27 7 14 48 77 97 18 92 11 35 9 11 49 63 100 60 71 72 41 89 33 86 95 50 48 48 46 69 56 45 15 75 47 78 84 15 58 99 75 89 45 76 67 16 7 48 7 19 70 85 55 20 34 95 73 55 33 25 19 74 28 77 53 63 76 61 100 
56 81 74 62 66 34 49 11 68 33 32 49 66 78 98 55 13 71 39 31 45 73 25 16 36 6 1 35 10 31 49 86 77 63 35 2 68 71 34 23 78 62 55 47 27 84 99 52 51 62 73 78 50 99 62 29 16 96 27 87 57 88 72 8 59 70 36 15 99 98 72 99 3 44 3 84 49 95 53 87 44 95 59 60 75 49 12 97 71 45 25 76 49 40 49 100 26 6 43 13 95 63 37 54 39 78 63 13 32 2 48 88 1 67 40 72 61 53 80 20 65 59 95 34 51 79 59 89 
97 79 9 6 84 17 38 44 41 41 6 43 96 37 89 34 43 15 31 3 24 94 42 60 17 61 77 18 84 100 72 73 18 31 21 92 81 59 93 87 67 2 16 70 68 37 62 78 80 64 95 46 7 51 80 14 56 52 89 62 46 7 69 100 30 42 22 52 17 99 69 85 53 98 74 70 58 92 83 18 45 5 19 3 55 95 86 78 6 79 86 49 66 21 16 8 3 62 73 35 68 68 19 64 2 29 29 66 68 24 41 87 77 23 8 34 9 31 51 87 14 72 99 26 88 85 58 84 
37 72 62 76 25 87 67 14 93 65 44 25 20 52 88 35 22 28 41 13 73 65 91 61 11 46 77 95 48 53 24 68 23 37 14 54 21 76 52 52 39 99 90 33 88 47 31 4 21 82 8 36 26 51 48 61 93 46 62 81 49 65 27 56 62 5 90 45 66 72 32 44 25 50 39 57 11 59 12 8 63 29 100 42 24 13 41 42 29 86 71 98 88 95 98 3 30 53 13 83 41 57 95 12 88 80 79 46 49 35 68 31 13 69 33 88 92 15 91 21 95 82 43 82 94 74 5 5 
9 84 98 35 50 66 48 20 55 7 62 71 69 30 1 5 18 21 11 62 3 12 56 72 2 33 1 43 8 44 24 54 82 78 62 93 72 43 54 96 32 13 29 4 26 15 37 4 59 10 32 56 31 76 40 37 40 3 55 76 73 70 27 60 73 17 10 84 74 99 6 99 15 61 3 96 74 2 89 33 44 82 8 79 18 100 3 14 51 29 59 16 42 6 10 45 11 58 69 2 97 50 7 46 93 62 7 29 11 19 41 75 63 75 62 40 24 68 30 31 30 29 41 58 13 99 43 33 
58 37 13 50 82 19 88 36 40 11 63 33 84 99 92 21 82 50 97 23 71 5 28 16 61 48 59 42 73 52 69 23 67 18 33 7 47 11 54 1 18 1 88 74 43 58 84 90 24 56 94 34 27 96 6 41 67 14 82 85 23 78 39 31 41 49 48 5 97 60 93 80 30 21 4 16 32 50 61 2 83 31 24 10 39 19 54 83 89 86 3 11 5 21 100 17 82 15 43 60 99 2 91 18 32 15 49 22 99 52 55 40 61 53 46 11 68 45 94 8 71 24 54 82 89 35 76 23 
26 72 1 16 49 61 88 44 11 11 3 52 36 34 77 60 71 26 99 78 63 39 75 66 73 44 41 26 33 9 7 36 72 46 47 43 56 98 81 96 72 54 59 66 30 4 14 94 48 39 44 78 51 20 32 97 46 2 34 18 90 41 88 16 75 87 40 66 45 54 9 6 46 74 22 67 35 54 67 94 58 92 9 51 59 58 27 51 51 64 10 51 46 64 59 3 90 31 79 84 50 58 2 35 95 16 88 14 29 5 61 64 68 51 27 48 2 39 29 83 7 78 71 100 7 88 100 40 
35 48 55 94 32 3 1 49 3 53 61 38 35 93 54 93 10 4 84 37 74 2 9 59 39 19 94 71 45 2 52 86 49 60 52 74 64 63 12 100 76 6 39 96 5 92 7 12 7 71 37 97 45 28 83 55 34 5 61 57 23 80 54 41 28 13 71 24 82 21 13 89 24 45 54 43 54 54 83 22 92 83 98 37 56 3 73 7 27 38 34 70 3 81 8 2 53 91 30 75 20 53 36 67 51 64 85 99 66 76 74 25 11 42 91 71 50 31 100 55 32 76 47 53 73 51 68 98 
12 47 73 100 94 19 25 58 72 60 91 78 52 91 31 61 4 83 44 21 23 55 22 63 23 54 57 87 62 85 51 7 22 30 16 12 33 54 14 46 62 65 43 93 95 66 97 62 71 40 77 58 41 92 43 72 64 85 71 62 16 61 40 12 24 83 64 48 25 58 32 98 22 96 18 38 3 93 100 33 88 96 12 79 11 54 91 99 84 51 66 11 34 69 54 4 69 29 53 80 44 8 79 47 16 12 56 45 96 72 35 45 50 45 20 55 66 52 87 43 77 32 64 93 81 59 54 29 
85 64 26 88 64 1 20 44 14 17 25 46 4 54 97 16 7 30 92 92 12 18 14 1 84 72 42 72 69 23 50 61 36 9 15 63 40 38 2 37 40 68 47 88 9 84 44 12 32 19 62 54 5 25 85 81 37 96 47 21 68 78 89 60 32 70 57 97 81 84 38 86 86 61 19 9 32 77 77 55 83 57 24 86 82 51 3 45 73 96 33 65 30 63 16 87 68 20 32 18 49 75 73 87 33 69 45 54 71 29 80 80 14 5 17 45 98 35 93 53 89 98 6 69 65 18 64 85 
11 33 81 18 92 55 89 87 32 98 59 86 65 11 10 73 81 87 48 82 11 67 79 72 51 66 71 22 91 44 94 9 73 72 1 52 93 43 7 85 67 52 100 95 52 10 95 20 73 15 60 44 42 73 90 18 37 80 15 88 44 40 95 97 49 45 82 6 81 36 53 41 91 7 8 60 23 94 56 43 100 11 66 3 17 69 93 30 5 18 10 30 34 16 82 4 33 3 86 39 56 25 44 89 3 20 12 40 25 5 64 73 93 74 86 90 6 68 45 89 12 3 8 41 98 61 23 48 
50 6 48 54 97 54 34 21 37 28 8 41 17 82 46 89 46 55 22 13 37 54 57 50 43 98 42 64 8 69 30 9 84 88 95 41 69 73 74 45 11 65 22 1 41 71 86 27 65 82 44 65 51 42 38 9 3 38 88 39 54 34 92 85 37 91 57 43 91 49 50 17 54 48 93 48 22 27 52 66 17 61 3 31 45 54 6 96 6 38 17 12 7 100 27 5 50 53 45 68 12 9 78 50 83 5 62 38 35 50 56 92 79 65 57 20 5 85 89 91 22 35 31 1 91 45 96 56 
12 23 7 65 45 62 73 8 72 100 12 56 93 2 12 49 27 83 66 47 62 55 26 44 24 66 28 92 41 52 55 29 64 81 87 65 32 7 17 38 58 30 50 78 61 11 8 40 19 42 24 53 47 36 29 78 23 95 42 37 43 45 2 63 6 25 34 24 12 47 27 10 39 36 76 2 31 19 55 70 72 71 80 85 60 77 19 70 6 42 26 99 55 93 23 32 51 12 12 54 67 65 62 57 50 33 55 90 48 11 69 89 8 50 85 48 72 98 71 80 85 6 29 18 9 51 53 23 
71 1 4 43 21 32 84 66 37 82 62 4 73 66 19 24 77 38 97 52 77 51 40 93 57 94 5 28 97 33 66 16 13 38 95 41 52 29 1 18 41 6 52 41 4 41 26 50 19 91 97 25 18 83 31 74 12 79 53 7 97 71 88 34 42 87 24 100 2 44 39 12 52 52 85 19 77 95 25 61 97 2 46 88 84 16 81 48 4 67 77 8 81 67 30 82 10 92 51 4 85 47 82 32 75 70 80 12 57 63 82 94 89 59 32 97 24 58 9 41 100 49 78 37 35 64 52 46 
8 82 26 80 15 70 79 71 68 98 19 23 6 81 42 81 79 23 40 94 46 66 38 41 26 70 18 67 12 31 80 25 97 90 38 39 74 72 49 100 68 32 94 70 74 26 15 69 78 41 12 73 73 43 9 91 53 45 17 13 24 6 62 42 68 41 17 51 33 11 56 35 30 26 87 78 35 37 24 31 71 95 1 79 94 75 74 100 33 64 14 65 10 36 56 8 49 27 80 35 27 87 47 6 100 52 19 91 96 19 22 28 37 39 12 65 46 39 65 41 51 27 94 51 85 46 36 66 
43 22 24 81 75 25 36 22 9 93 12 32 6 37 58 99 95 73 69 79 72 85 57 38 12 15 69 15 44 98 29 3 55 57 95 61 51 47 57 18 5 49 42 3 13 35 98 16 57 99 76 44 6 42 57 80 39 28 19 27 47 98 56 58 29 91 95 13 37 77 34 53 96 27 19 48 77 90 8 7 69 52 64 6 65 86 41 93 69 70 76 30 95 99 46 41 97 82 19 7 48 67 42 37 64 49 30 11 61 78 66 52 55 43 27 6 84 13 59 82 66 46 66 34 66 78 63 87 
25 33 15 12 23 16 16 59 92 4 22 58 24 7 77 96 6 100 62 51 68 73 1 27 13 7 55 56 75 8 24 78 54 57 6 90 7 22 47 13 47 74 17 13 3 54 40 94 9 39 91 19 87 6 61 57 21 6 10 2 86 86 75 52 59 18 13 17 98 33 98 24 38 41 67 28 55 79 97 54 98 33 34 77 27 80 34 97 42 23 98 92 12 33 62 23 53 92 37 45 21 48 28 99 26 73 100 16 95 95 44 16 53 32 64 47 68 25 23 65 8 53 100 3 28 74 89 4 
20 89 86 52 70 15 91 97 36 10 53 94 81 20 79 100 100 20 41 98 60 81 71 29 14 55 47 62 59 37 88 94 56 32 69 94 50 81 41 26 81 73 80 92 52 5 47 24 63 3 30 58 13 22 74 35 23 63 22 39 99 64 73 20 72 75 71 91 53 78 5 100 87 14 47 7 34 15 52 80 26 95 4 71 50 30 63 37 65 58 34 26 32 9 30 94 85 70 43 83 13 97 92 9 37 15 78 39 47 83 30 23 20 47 64 99 2 93 55 80 46 92 11 91 66 37 96 96 
14 32 75 13 47 43 38 59 67 22 88 33 75 26 43 34 58 10 24 91 35 71 21 96 3 11 27 28 33 25 22 58 81 60 91 13 36 65 63 27 8 18 10 13 81 25 1 89 51 7 23 29 95 18 72 5 36 4 4 88 98 77 56 73 20 9 20 7 97 65 38 31 30 65 6 1 88 55 83 83 96 2 80 63 71 60 45 13 35 42 18 16 95 23 40 41 81 86 82 87 4 37 77 31 25 66 79 95 37 42 60 42 67 8 86 9 12 36 43 77 73 76 7 20 65 14 4 66 
64 93 90 17 92 82 49 86 71 93 65 56 50 86 71 3 75 67 62 79 4 62 84 72 26 33 43 12 61 10 70 34 33 66 79 31 15 87 22 92 38 55 46 94 50 71 33 19 55 72 90 98 17 11 99 2 96 87 75 18 82 34 96 72 60 4 47 51 39 26 90 48 88 24 85 78 17 90 51 45 71 32 87 24 51 9 51 32 34 59 7 40 67 33 57 46 1 54 21 15 40 31 29 47 89 34 99 67 67 84 5 70 61 36 44 14 39 54 68 84 63 95 16 81 52 70 29 62 
74 26 71 94 12 47 12 88 61 3 26 39 78 79 20 43 60 42 56 74 29 6 94 82 26 27 72 50 66 87 30 61 96 9 100 29 47 36 1 78 43 68 8 42 82 39 15 55 10 99 54 3 34 49 17 60 100 71 47 97 82 11 78 32 78 9 15 43 67 60 88 58 32 93 4 22 99 12 66 12 85 92 52 36 53 59 28 20 77 55 95 54 56 43 98 83 92 34 87 58 8 24 47 37 8 34 79 75 2 43 81 43 75 47 13 53 76 18 99 88 97 80 92 2 6 66 61 70 
46 39 74 47 92 33 96 66 84 22 20 79 83 36 35 59 99 79 39 23 15 72 88 79 63 73 60 50 35 83 74 99 52 17 59 59 62 92 21 86 26 38 46 58 36 67 98 36 31 94 20 10 55 14 27 6 39 68 26 69 49 56 90 75 36 80 37 16 88 68 68 28 22 100 67 32 66 76 86 15 69 53 75 7 5 10 86 61 50 80 79 61 63 54 62 1 59 24 26 79 43 69 40 93 22 50 92 11 99 100 62 30 75 34 27 71 65 83 90 27 1 2 63 34 67 37 99 77 
5 43 73 34 62 2 36 48 68 97 1 86 74 38 74 77 97 50 61 35 40 74 43 45 71 38 56 64 57 75 90 3 3 62 34 59 48 23 98 10 94 71 35 36 91 95 27 87 97 65 92 3 74 44 32 58 10 76 78 66 37 91 7 42 74 58 58 20 9 16 49 89 81 57 27 3 24 64 65 95 64 96 20 51 82 30 82 39 33 31 26 66 75 29 74 100 80 77 12 91 49 57 52 63 20 44 80 97 99 49 6 41 12 29 87 37 92 89 3 100 24 90 34 51 35 30 87 39 
37 14 44 8 16 9 47 3 91 68 96 88 76 18 47 19 96 94 48 84 69 13 64 8 32 47 95 46 31 22 81 88 44 5 90 90 99 89 50 63 73 8 2 54 97 17 22 41 8 21 31 80 19 6 99 58 19 74 91 89 44 76 41 9 21 19 58 100 23 38 82 11 64 43 28 31 83 86 51 58 9 27 9 20 22 28 12 68 74 49 2 16 36 86 18 96 84 39 94 76 51 65 30 74 97 10 79 34 40 38 83 11 46 86 13 95 60 51 4 60 68 36 99 17 69 83 94 91 
56 28 53 54 43 9 4 8 92 97 95 73 81 80 96 11 92 12 16 52 8 59 23 79 87 89 87 86 10 32 98 92 88 35 24 99 67 59 100 43 32 37 59 65 95 52 77 87 59 27 26 74 59 74 69 38 51 7 84 23 87 42 3 3 52 91 64 51 14 13 10 48 44 24 3 70 38 75 12 26 91 60 9 16 87 51 36 62 72 22 75 100 64 59 6 96 28 54 62 46 98 8 19 88 42 53 75 19 9 41 53 95 44 12 52 39 76 96 59 95 38 12 88 72 67 98 68 91 
4 35 44 75 4 26 97 90 24 8 22 13 100 40 93 58 31 52 64 63 63 39 40 74 46 72 83 21 37 3 81 64 46 6 79 44 89 40 88 78 99 73 93 67 86 4 17 49 42 25 30 6 35 90 11 74 31 62 32 100 16 67 40 86 59 64 46 82 4 26 50 41 30 1 18 33 17 81 12 37 27 42 28 43 60 89 44 29 44 52 83 14 32 25 10 99 10 6 18 1 32 70 54 62 72 85 8 28 62 88 35 83 20 80 50 26 43 90 82 68 77 100 35 92 64 35 44 79 
53 48 17 76 65 63 2 10 15 25 75 71 55 57 31 34 6 12 99 54 17 40 58 69 61 48 59 93 37 18 24 78 65 19 25 25 39 40 17 34 40 25 9 66 3 73 87 51 1 11 45 46 32 9 26 15 78 67 99 12 84 82 15 90 24 31 17 94 36 13 78 74 100 42 22 70 60 39 68 84 91 27 72 84 24 23 68 37 67 46 21 76 50 18 53 23 86 31 44 59 36 62 53 46 65 53 60 43 18 69 2 92 7 40 68 14 59 18 73 93 32 30 66 76 19 19 30 78 
34 73 95 28 92 55 65 96 65 81 13 5 71 93 22 62 77 4 82 3 71 85 80 33 51 40 41 8 90 49 100 6 19 39 57 31 36 4 54 40 14 55 49 59 7 76 96 97 100 3 23 56 55 8 38 18 41 9 83 85 36 69 40 74 47 21 87 73 85 20 84 87 8 63 60 75 28 14 51 32 49 78 86 67 23 58 58 10 28 56 13 3 51 85 52 95 38 8 47 24 36 55 69 67 59 48 13 84 66 27 90 63 97 41 10 33 72 49 60 1 78 39 27 3 90 34 66 40 
6 20 79 64 62 31 48 89 59 6 70 6 41 29 71 27 95 24 93 8 47 29 11 50 84 77 47 3 84 16 69 18 26 72 80 38 34 67 34 16 100 9 14 10 91 82 64 69 6 79 90 21 45 57 21 10 30 52 43 83 62 95 68 3 71 42 73 24 54 23 78 70 56 56 19 4 45 55 47 3 56 32 92 3 15 2 68 14 97 94 3 97 55 86 20 71 32 40 61 65 78 43 31 13 29 65 89 2 25 33 46 17 47 64 95 48 82 38 28 76 73 88 47 89 32 38 32 79 
34 73 9 68 53 40 58 1 25 81 35 69 72 60 46 79 40 13 99 87 4 92 63 76 69 61 26 34 70 42 50 55 63 80 57 70 97 95 26 73 70 34 55 25 82 75 27 55 48 51 81 84 51 94 80 75 97 85 29 31 68 85 15 82 27 95 67 16 40 91 92 100 6 37 26 71 61 99 98 41 30 36 20 7 16 14 17 29 87 65 49 13 69 17 87 32 90 91 83 44 60 70 15 14 84 47 85 18 81 73 22 67 78 90 45 29 3 5 57 80 55 42 29 22 38 71 69 77 
49 27 60 96 9 85 6 84 86 73 50 14 63 84 91 90 39 23 47 20 60 37 36 42 80 97 63 58 4 65 13 82 98 36 72 13 37 63 52 65 80 57 60 3 58 78 80 44 37 28 44 83 84 45 6 12 1 94 27 68 4 21 39 9 45 68 57 60 43 28 63 66 46 59 31 86 62 67 9 64 93 61 45 48 10 15 32 13 58 65 18 25 45 82 4 40 10 33 34 51 69 10 84 32 51 89 73 1 18 49 63 27 77 48 76 78 29 81 74 53 10 53 15 53 90 77 86 89 
4 59 83 46 83 62 96 40 68 3 68 18 9 50 85 28 5 49 61 77 80 62 57 24 41 78 97 54 57 15 43 67 97 6 8 28 66 74 62 48 96 6 48 11 22 56 53 8 7 50 18 11 11 76 77 92 45 71 39 86 57 37 90 43 58 26 99 41 55 44 89 84 12 93 26 11 37 52 1 99 1 89 5 35 31 83 61 4 53 38 89 17 22 41 50 54 87 62 74 76 29 52 15 74 71 20 32 26 50 20 52 51 86 28 72 39 81 74 78 5 78 26 83 81 49 40 42 32 
80 20 73 66 90 96 87 24 56 59 74 27 12 55 78 65 52 15 72 35 7 35 41 14 6 12 32 31 100 41 66 34 22 19 18 23 17 15 9 30 97 73 35 3 75 39 16 63 75 29 35 62 51 23 60 3 81 47 2 7 93 61 29 75 18 53 35 13 79 79 74 29 17 42 33 7 10 31 100 7 72 89 66 99 7 90 26 86 82 2 73 68 1 16 71 19 33 15 3 30 69 17 33 49 60 78 3 35 11 95 14 37 63 45 19 48 38 46 18 36 97 80 77 81 46 9 2 7 
26 10 74 64 76 57 95 86 33 50 21 99 1 59 79 56 32 8 25 28 13 6 42 24 32 44 91 39 96 14 88 74 20 20 72 71 75 18 54 71 58 25 21 12 72 30 33 88 57 72 80 88 10 52 78 15 34 22 9 37 10 69 74 39 69 30 47 59 4 61 50 24 13 97 100 77 95 16 16 65 7 33 88 42 12 95 67 89 26 66 66 86 25 58 34 38 16 83 55 64 11 22 37 35 34 26 51 80 42 35 97 39 94 39 13 25 49 34 51 37 81 3 65 32 25 69 84 96 
14 35 93 169 144 159 51 58 139 74 168 118 79 115 104 142 111 87 61 138 72 46 96 60 43 130 173 146 24 87 83 37 92 149 131 89 102 120 61 40 131 143 118 122 20 50 63 175 146 189 11 131 144 84 165 37 114 104 53 124 128 82 77 123 58 120 48 103 81 109 102 84 34 74 85 73 74 104 63 143 18 70 108 69 139 158 141 32 25 134 63 109 136 140 52 107 37 46 140 149 160 44 112 143 79 159 22 76 72 77 34 165 164 108 198 46 141 48 105 123 110 145 115 96 127 88 70 171 
35 156 66 94 66 130 76 40 63 124 118 84 57 67 40 44 25 34 91 73 120 111 161 102 99 109 100 145 62 116 32 131 127 109 160 131 94 151 72 132 132 90 17 83 39 186 150 13 31 16 78 102 93 110 139 89 181 83 148 96 148 100 87 129 101 50 153 187 93 156 101 75 132 102 130 80 100 168 118 93 152 92 118 99 126 93 90 48 149 79 90 133 87 104 103 91 146 141 147 20 100 77 87 149 124 83 125 140 82 96 116 116 139 80 64 12 152 189 109 45 98 130 16 59 13 103 131 125 
93 66 124 134 152 60 45 51 59 149 62 92 20 93 129 104 37 24 33 149 91 130 81 47 104 134 94 84 64 109 79 125 129 195 113 116 86 53 101 121 139 127 122 91 41 107 115 64 111 162 178 158 81 157 103 67 136 128 131 138 105 92 60 120 87 111 81 86 150 167 53 22 22 35 97 175 162 162 195 50 86 51 74 72 50 105 81 31 109 144 169 138 104 96 111 92 81 19 37 124 120 72 123 90 114 46 114 76 95 37 100 63 73 132 67 87 106 84 117 114 124 43 93 155 129 77 99 147 
169 94 134 52 55 197 128 62 128 130 121 76 121 95 44 73 131 182 197 107 95 87 66 90 84 167 82 90 114 155 136 32 91 154 146 126 35 104 98 107 103 126 132 174 120 81 109 89 109 131 101 176 108 58 110 122 177 99 143 85 78 138 190 89 126 163 163 130 185 97 129 34 52 125 75 84 147 82 98 106 162 140 100 74 121 132 27 93 91 168 141 120 135 166 123 133 104 133 102 142 62 101 53 123 169 28 85 62 36 90 65 103 139 179 94 10 124 43 120 46 65 147 63 90 54 111 126 105 
144 66 152 55 70 116 177 95 51 85 109 106 59 95 175 111 73 140 33 128 73 140 113 100 49 52 90 140 115 92 44 156 34 119 114 109 174 166 180 86 133 95 65 56 121 100 126 91 171 187 122 140 54 87 71 76 103 154 79 85 159 26 185 140 91 93 77 66 94 126 165 98 93 185 25 124 126 189 9 118 60 58 93 111 166 115 83 133 63 69 121 95 149 105 76 105 92 135 82 134 86 112 86 50 155 110 75 82 96 183 120 163 126 161 103 145 54 132 24 71 84 94 88 82 66 132 77 71 
159 130 60 197 116 166 110 37 98 22 132 143 59 136 104 59 119 126 135 156 59 154 135 176 65 36 141 108 83 101 158 101 83 75 101 85 156 118 116 80 108 182 68 77 160 35 87 105 95 145 111 75 144 49 134 140 27 96 94 164 143 135 67 172 108 119 74 30 98 152 112 81 143 55 116 119 90 127 96 179 146 89 64 75 104 99 52 118 71 88 82 118 151 65 64 74 60 75 115 75 87 44 78 127 30 115 32 114 28 143 73 144 133 67 169 75 69 114 59 144 127 114 122 92 64 16 83 57 
51 76 45 128 177 110 34 51 60 76 156 151 128 122 123 157 180 58 146 105 104 152 111 67 83 69 106 188 140 56 54 109 186 51 63 103 49 14 126 137 29 33 90 49 34 23 137 114 106 114 94 23 97 149 191 121 37 101 64 102 90 60 122 28 58 62 105 102 166 121 70 65 35 169 154 41 70 53 60 41 165 40 120 96 111 114 107 75 66 88 111 54 71 119 142 65 86 52 71 136 120 175 39 96 146 101 103 74 123 119 151 99 162 55 92 82 72 114 93 72 181 102 86 76 161 184 58 169 
58 40 51 62 95 37 51 82 108 163 125 132 65 89 20 110 92 104 194 149 110 112 102 189 40 157 123 102 85 120 161 116 145 30 4 107 47 105 44 77 102 163 45 76 82 126 134 155 139 151 79 112 112 77 49 136 168 44 180 114 158 82 94 92 106 98 165 79 175 139 98 46 91 42 110 103 126 137 44 112 132 123 76 142 129 93 144 81 170 68 113 156 131 109 27 133 128 85 127 141 99 166 152 106 132 60 137 60 174 83 44 149 110 108 97 125 133 99 124 56 112 113 68 97 83 92 78 93 
139 63 59 128 51 98 60 108 200 135 157 55 137 89 115 87 115 111 87 56 131 140 37 154 30 163 90 152 166 83 71 94 120 138 131 61 75 38 175 99 131 33 103 38 115 53 105 31 83 73 129 63 140 56 102 30 109 61 47 127 119 170 79 46 168 99 103 71 53 64 152 144 165 88 25 87 126 67 112 108 93 151 49 159 81 88 82 152 195 99 114 73 76 175 136 20 120 88 132 88 108 119 53 101 59 64 159 132 158 89 154 127 90 39 159 81 118 135 175 135 93 144 78 39 59 141 32 107 
74 124 149 130 85 22 76 163 135 174 118 135 171 127 139 119 97 7 135 98 43 72 60 102 103 137 125 84 136 142 108 155 38 184 138 20 127 82 78 181 74 128 105 28 125 138 69 150 134 82 153 41 57 81 130 99 165 92 86 131 100 94 114 90 59 158 129 47 136 155 44 142 82 112 27 94 106 142 110 47 33 113 75 54 100 107 92 89 112 148 101 70 111 42 83 143 91 125 140 67 65 157 145 84 146 134 85 67 142 137 94 139 55 82 110 89 90 134 103 53 70 72 142 106 112 116 87 82 
168 118 62 121 109 132 156 125 157 118 52 91 148 110 65 90 141 105 125 147 71 163 116 191 171 127 142 131 170 35 122 143 82 145 73 142 54 98 73 112 156 43 73 100 77 63 80 172 147 16 147 93 31 116 155 82 111 120 108 94 9 123 27 112 147 76 171 129 101 106 58 107 122 40 113 129 43 88 118 102 72 89 91 124 66 35 40 132 28 102 135 32 42 126 114 136 115 98 58 88 106 110 97 141 49 136 90 72 153 48 99 116 36 170 92 168 136 192 121 68 54 143 87 91 104 106 87 100 
118 84 92 76 106 143 151 132 55 135 91 142 150 54 90 164 120 121 119 89 93 76 80 44 145 44 60 119 124 82 92 134 100 67 142 84 114 139 80 88 42 58 144 84 107 166 65 78 125 96 101 105 71 53 154 176 137 100 73 66 122 118 167 113 53 120 3 41 97 135 79 128 107 67 107 98 158 70 122 124 95 58 113 164 98 168 167 145 128 171 119 92 125 23 41 118 21 108 45 86 146 110 111 120 107 138 92 165 165 102 103 120 162 45 57 130 146 79 115 85 61 139 137 86 102 64 106 137 
79 57 20 121 59 59 128 65 137 171 148 150 18 62 112 76 138 115 118 68 112 34 33 60 67 83 87 103 108 82 107 104 176 132 68 45 105 101 56 170 131 97 56 104 107 130 46 141 71 139 88 45 74 11 73 161 95 157 42 142 65 173 116 12 100 76 72 124 160 63 106 66 107 78 66 144 123 28 171 82 90 17 41 22 69 86 138 75 58 123 106 104 19 114 153 94 122 43 40 90 137 145 159 114 111 115 106 102 66 92 90 21 73 114 64 89 42 116 71 173 23 73 151 131 46 92 135 80 
115 67 93 95 95 136 122 89 89 127 110 54 62 172 81 98 97 132 136 126 84 119 132 47 116 95 137 125 8 52 44 112 143 98 71 133 52 49 62 111 49 152 124 59 88 66 52 169 112 88 91 125 123 150 159 95 94 145 104 117 96 106 75 52 115 101 86 169 48 129 128 28 135 83 112 142 147 127 97 145 139 155 119 96 116 98 109 150 83 144 70 138 182 144 10 190 55 43 115 153 56 71 85 142 102 185 172 116 80 90 110 136 134 57 98 60 111 108 151 75 83 36 89 118 185 110 134 150 
104 40 129 44 175 104 123 20 115 139 65 90 112 81 66 69 46 108 64 129 75 126 144 124 74 134 141 92 108 36 148 72 67 142 82 68 68 39 28 83 44 83 133 115 114 136 83 66 45 124 53 103 134 65 160 130 61 187 183 113 109 86 125 85 157 73 88 105 105 70 82 148 118 112 139 171 135 35 87 96 138 84 100 144 135 99 61 83 136 111 92 94 101 89 108 100 176 167 79 157 116 130 94 83 142 119 106 64 63 59 83 56 56 55 119 95 161 88 58 57 78 97 106 60 72 90 54 103 
142 44 104 73 111 59 157 110 87 119 90 164 76 98 69 30 71 108 156 66 120 91 26 17 136 52 36 51 118 117 60 79 45 72 62 79 107 138 97 46 60 69 51 104 85 117 146 160 64 132 98 81 151 36 121 70 65 151 74 58 127 167 132 44 106 36 15 27 141 152 98 144 171 24 107 82 90 98 119 53 96 44 129 167 94 5 68 81 75 96 132 131 137 59 96 96 182 160 23 85 167 103 103 154 106 135 74 165 112 22 113 138 45 142 97 114 24 127 83 76 74 46 27 158 99 41 122 22 
111 25 37 131 73 119 180 92 115 97 141 120 138 97 46 71 102 171 123 137 44 94 137 96 51 108 121 67 85 66 82 112 150 106 113 86 49 112 47 179 152 120 109 144 130 64 125 175 165 99 106 110 49 146 195 142 124 88 98 85 66 124 93 153 78 87 114 108 113 68 128 74 148 114 186 180 99 170 47 101 81 74 108 195 87 93 78 142 149 92 36 96 131 119 138 111 86 151 129 142 155 56 99 79 148 38 120 117 71 49 69 115 94 155 134 110 106 46 79 105 180 99 135 104 43 58 102 106 
87 34 24 182 140 126 58 104 111 7 105 121 115 132 108 108 171 20 120 108 115 104 50 84 152 132 19 94 176 116 140 160 120 146 51 80 74 114 33 80 65 80 93 165 69 179 98 54 169 158 129 39 24 76 61 13 91 75 60 57 131 103 106 155 148 43 133 53 181 90 54 80 101 66 116 6 111 91 90 119 76 190 17 164 140 131 189 180 87 154 41 90 96 120 56 109 45 59 48 77 102 63 29 165 20 85 104 149 132 94 66 91 106 173 147 30 96 122 51 167 71 142 71 49 89 64 100 107 
61 91 33 197 33 135 146 194 87 135 125 119 118 136 64 156 123 120 50 156 176 79 21 44 73 166 118 90 101 42 74 87 102 160 109 61 107 55 102 88 47 68 58 98 92 34 74 181 129 102 81 61 96 41 90 93 132 92 69 14 119 111 83 14 99 108 129 125 46 188 10 77 103 35 170 141 160 105 156 99 120 109 77 20 89 148 82 109 60 151 93 132 154 93 135 119 74 89 100 94 126 122 53 106 137 66 60 90 73 59 69 191 69 71 130 178 54 45 26 107 149 93 60 173 136 127 103 95 
138 73 149 107 128 156 105 149 56 98 147 89 68 126 129 66 137 108 156 118 137 103 74 92 34 155 38 104 68 146 151 162 126 75 83 105 102 150 88 130 154 59 122 93 129 77 90 177 79 61 62 72 48 113 115 114 145 119 127 168 177 159 48 83 94 97 58 142 107 115 61 165 100 23 100 108 38 141 110 139 35 125 90 122 78 105 118 141 102 76 28 147 121 58 13 171 58 81 102 122 144 146 132 28 23 104 98 58 38 138 129 103 142 98 19 147 53 109 74 31 166 64 188 113 123 120 44 126 
72 120 91 95 73 59 104 110 131 43 71 93 112 84 75 120 44 115 176 137 38 144 103 30 119 141 110 11 61 117 54 138 84 136 58 132 83 92 82 107 123 65 88 90 151 103 183 38 70 144 176 124 71 74 104 151 105 145 95 107 124 61 88 98 101 165 60 84 27 79 90 64 27 118 127 153 70 141 180 174 78 36 157 141 173 129 23 88 102 109 25 156 85 50 133 61 103 126 171 85 63 154 71 79 49 116 27 81 69 88 84 132 143 181 28 166 172 90 177 60 39 72 132 123 83 105 116 58 
46 111 130 87 140 154 152 112 140 72 163 76 34 119 126 91 94 104 79 103 144 16 97 72 155 115 99 104 82 54 47 188 92 63 29 37 143 67 77 8 57 164 68 171 126 106 91 184 82 61 132 104 121 74 123 54 57 88 145 83 153 140 162 68 101 149 166 102 72 122 166 54 46 96 102 57 193 56 68 69 119 158 149 70 74 87 134 165 77 125 82 66 101 101 20 15 164 113 79 150 186 91 12 76 132 35 142 179 120 31 107 54 83 167 176 59 122 29 137 33 95 98 81 41 116 179 117 59 
96 161 81 66 113 135 111 102 37 60 116 80 33 132 144 26 137 50 21 74 103 97 120 116 87 167 146 77 94 21 102 132 86 74 86 189 38 81 99 80 124 62 129 101 141 140 134 158 59 169 50 132 55 100 83 56 134 134 153 125 92 189 64 100 109 147 39 98 118 104 161 66 67 126 78 50 109 121 74 24 68 154 44 174 26 17 93 56 61 131 49 130 143 102 85 81 43 101 95 117 50 133 36 116 37 120 77 45 52 126 102 27 117 90 78 105 133 131 70 47 63 82 98 30 129 67 86 43 
60 102 47 90 100 176 67 189 154 102 191 44 60 47 124 17 96 84 44 92 30 72 116 188 158 71 116 122 89 27 74 152 68 99 11 91 85 95 154 77 74 160 143 67 81 111 120 94 79 134 106 72 57 73 123 98 176 106 116 47 101 152 110 125 152 114 134 57 115 13 136 153 117 64 108 143 125 58 83 131 102 134 103 35 103 96 127 95 82 142 111 103 90 136 75 66 41 60 159 70 161 53 83 157 132 43 75 148 162 111 60 138 71 190 108 100 99 39 180 105 97 167 40 150 153 105 91 60 
43 99 104 84 49 65 83 40 30 103 171 145 67 116 74 136 51 152 73 34 119 155 87 158 172 102 98 156 101 123 125 78 184 108 55 64 90 106 84 113 141 42 153 66 162 96 19 160 85 70 148 26 68 111 44 58 83 81 91 165 67 143 37 55 81 99 145 31 65 122 131 130 82 18 137 179 126 171 135 51 36 54 89 109 147 153 151 28 68 154 138 120 74 99 42 89 81 196 35 104 66 44 122 74 96 50 48 66 113 160 94 94 116 115 143 119 123 95 93 63 111 72 116 84 103 87 41 84 
130 109 134 167 52 36 69 157 163 137 127 44 83 95 134 52 108 132 166 155 141 115 167 71 102 74 71 95 115 80 52 31 128 97 29 131 68 186 178 123 23 139 128 68 109 105 40 86 74 97 116 92 43 121 73 117 126 58 145 21 93 105 66 101 117 63 92 82 113 112 98 81 136 63 104 86 196 104 173 129 105 66 42 108 80 38 46 84 80 150 160 114 78 87 25 139 159 46 172 72 162 131 144 103 142 138 117 166 123 106 145 20 95 111 54 89 81 81 79 179 173 84 147 49 130 182 177 94 
173 100 94 82 90 141 106 123 90 125 142 60 87 137 141 36 121 19 118 38 110 99 146 116 98 71 138 58 138 153 86 157 38 105 166 150 36 106 96 80 78 82 60 84 168 132 120 140 98 109 73 68 53 33 81 74 142 52 82 167 24 65 99 152 146 119 94 93 98 129 65 96 80 186 160 37 136 71 109 69 51 22 168 35 123 114 103 134 59 24 128 82 106 153 168 156 160 92 128 104 127 89 120 63 108 72 135 139 125 89 45 120 46 27 39 35 115 120 104 139 107 133 69 23 97 93 152 66 
146 145 84 90 140 108 188 102 152 84 131 119 103 125 92 51 67 94 90 104 11 104 77 122 156 95 58 16 130 111 119 114 95 54 80 140 118 138 48 69 67 59 189 104 22 130 44 21 165 129 182 63 125 85 38 113 157 136 79 90 113 127 122 172 123 99 173 110 121 103 25 95 130 94 91 156 109 56 166 143 158 105 164 135 6 62 154 55 140 33 123 137 115 151 130 92 128 101 87 114 62 128 125 109 68 172 112 43 120 73 176 96 104 84 145 105 75 105 78 108 166 137 47 125 166 106 72 81 
24 62 64 114 115 83 140 85 166 136 170 124 108 8 108 118 85 176 101 68 61 82 94 89 101 115 138 130 152 106 104 61 32 32 83 60 88 103 141 96 114 23 117 96 68 174 145 114 116 143 69 91 120 150 104 124 23 140 97 192 36 105 70 178 49 179 146 99 95 40 73 36 101 99 84 130 90 140 97 9 50 145 141 158 131 36 54 62 91 47 31 88 121 81 48 116 48 75 151 129 50 177 25 33 101 81 118 118 55 95 62 80 62 79 83 112 108 133 70 102 89 53 55 37 113 77 28 132 
87 116 109 155 92 101 56 120 83 142 35 82 82 52 36 117 66 116 42 146 117 54 21 27 123 80 153 111 106 98 87 139 17 118 189 134 170 59 157 45 78 98 32 59 117 50 89 117 72 95 111 84 111 40 83 157 96 130 113 94 148 145 144 119 87 52 155 119 77 143 97 155 171 127 42 133 99 128 44 139 120 91 88 48 150 53 88 137 131 158 33 91 113 59 120 63 141 50 186 68 169 186 46 10 57 120 86 59 108 87 89 173 141 171 114 97 145 96 138 67 129 132 137 36 92 148 166 109 
83 32 79 136 44 158 54 161 71 108 122 92 107 44 148 60 82 140 74 151 54 47 102 74 125 52 86 119 104 87 84 158 123 99 102 151 173 60 92 188 93 143 57 96 155 77 136 132 102 155 141 83 69 176 160 116 113 90 48 49 37 57 102 127 76 170 40 99 113 71 117 153 113 65 142 103 77 126 54 88 74 131 131 76 123 151 149 158 93 166 65 125 95 95 149 181 145 78 159 113 158 66 124 45 89 79 121 128 97 110 85 55 172 149 67 100 76 176 119 55 102 126 103 76 113 93 126 85 
37 131 125 32 156 101 109 116 94 155 143 134 104 112 72 79 112 160 87 162 138 188 132 152 78 31 157 114 61 139 158 104 158 29 64 74 101 64 103 98 147 111 32 72 110 79 142 142 66 71 155 86 59 60 54 119 140 66 96 105 120 75 143 97 147 55 74 80 64 88 33 131 39 175 28 152 78 164 89 123 48 59 145 32 185 133 42 59 128 145 171 52 107 116 153 115 106 143 138 108 164 155 103 28 83 46 136 34 103 181 176 93 52 80 94 137 111 84 84 59 134 83 83 137 97 82 97 147 
92 127 129 91 34 83 186 145 120 38 82 100 176 143 67 45 150 120 102 126 84 92 86 68 184 128 38 95 32 17 123 158 84 134 112 122 92 49 96 50 91 112 111 36 95 64 135 67 142 132 162 141 98 115 159 134 85 164 31 41 29 56 99 94 112 83 140 156 155 99 134 29 124 32 62 84 98 65 92 88 97 132 113 127 112 138 162 48 77 88 168 149 114 7 18 114 84 123 114 116 119 80 149 144 6 141 110 47 86 49 113 52 83 99 111 126 113 75 99 86 180 114 20 151 28 123 129 122 
149 109 195 154 119 75 51 30 138 184 145 67 132 98 142 72 106 146 160 75 136 63 74 99 108 97 105 54 32 118 99 29 134 134 74 62 84 124 165 44 35 136 88 96 178 137 84 114 92 67 114 64 151 6 92 100 44 121 87 44 78 171 91 63 114 65 134 43 163 73 124 163 81 99 17 162 191 55 120 140 145 131 118 78 162 70 97 68 112 145 148 127 145 122 80 87 96 98 104 152 98 127 94 151 24 55 173 49 119 26 130 42 147 90 77 134 100 100 96 106 86 145 84 156 148 62 89 45 
131 160 113 146 114 101 63 4 131 138 73 142 68 71 82 62 113 51 109 83 58 29 86 11 55 29 166 80 83 189 102 64 112 74 158 137 110 70 123 163 123 79 129 52 102 172 46 103 85 36 162 75 116 132 110 101 115 64 89 72 74 97 107 95 34 73 135 130 49 175 41 117 137 97 93 124 182 164 92 73 113 127 188 121 78 157 94 75 79 92 37 76 141 91 107 97 63 87 144 106 67 112 70 83 120 95 130 167 123 129 115 51 86 85 119 147 83 171 116 93 72 163 155 110 152 130 31 67 
89 131 116 126 109 85 103 107 61 20 142 84 45 133 68 79 86 80 61 105 132 37 189 91 64 131 150 140 60 134 151 74 122 62 137 54 65 94 97 130 63 136 123 69 194 63 120 20 133 117 101 124 143 117 37 147 131 130 95 167 53 51 74 41 169 82 86 98 27 101 76 33 108 62 113 127 28 33 178 127 153 128 152 99 30 102 157 134 80 86 94 84 131 50 139 143 94 42 176 44 104 76 94 68 23 114 86 138 127 167 42 119 85 76 125 99 158 63 132 90 67 139 39 120 73 44 118 111 
102 94 86 35 174 156 49 47 75 127 54 114 105 52 68 107 49 74 107 102 83 143 38 85 90 68 36 118 88 170 173 101 92 84 110 65 164 93 86 60 135 22 132 28 38 45 85 91 122 139 97 126 83 57 86 73 48 71 50 159 97 163 81 131 139 54 130 135 65 185 102 111 42 71 161 106 74 35 56 58 143 107 103 163 151 109 146 125 128 95 52 71 53 127 121 48 145 93 96 160 41 114 105 65 129 56 123 97 174 81 63 58 84 107 35 52 61 44 59 109 23 133 165 34 171 78 112 116 
120 151 53 104 166 118 14 105 38 82 98 139 101 49 39 138 112 114 55 150 92 67 81 95 106 186 106 138 103 59 60 64 49 124 70 94 93 42 85 50 56 190 55 88 112 30 61 56 70 106 116 145 59 118 148 27 170 120 22 135 193 117 58 24 22 97 57 163 59 93 23 134 145 138 64 88 97 141 91 116 102 107 83 137 159 118 110 124 116 107 24 93 109 112 168 103 92 76 83 131 115 50 157 128 131 43 163 127 120 39 154 49 61 108 135 27 122 79 93 107 106 158 29 49 104 81 133 99 
61 72 101 98 180 116 126 44 175 78 73 80 56 62 28 97 47 33 102 88 82 77 99 154 84 178 96 48 141 157 92 103 96 165 123 97 86 85 34 124 150 193 119 83 81 112 35 81 150 54 56 151 114 102 41 131 88 176 118 105 142 69 62 128 148 109 93 122 38 168 129 51 102 51 43 120 135 133 64 47 175 55 95 97 92 104 107 85 129 81 68 37 162 89 90 103 5 122 16 84 74 118 127 25 93 143 139 136 76 110 152 146 138 158 141 103 132 99 44 49 58 91 178 145 87 148 194 110 
40 132 121 107 86 80 137 77 99 181 112 88 170 111 83 46 179 80 88 130 107 8 80 77 113 123 80 69 96 45 188 98 50 44 163 130 60 50 124 154 86 116 69 78 87 97 114 131 142 29 59 111 145 118 101 166 139 119 120 54 127 112 68 28 54 39 139 141 155 167 47 75 116 90 96 113 64 56 138 146 168 140 124 154 119 103 123 153 103 111 147 59 97 176 84 79 61 91 98 113 98 95 69 183 97 121 63 66 91 40 108 82 174 83 186 21 9 108 98 82 77 154 155 96 133 66 175 89 
131 132 139 103 133 108 29 102 131 74 156 42 131 49 44 60 152 65 47 154 123 57 124 74 141 23 78 67 114 78 93 147 91 35 123 63 135 56 150 86 122 129 105 118 62 119 79 28 107 18 162 87 107 111 104 86 162 77 102 103 65 80 33 92 103 99 102 42 27 48 54 118 122 92 111 184 56 57 46 131 150 160 140 50 100 54 85 49 99 108 100 66 46 50 135 127 60 69 102 167 96 113 83 188 92 112 82 84 20 80 71 95 146 77 72 72 37 34 71 63 54 131 172 29 40 82 99 50 
143 90 127 126 95 182 33 163 33 128 43 58 97 152 83 69 120 80 68 59 65 164 62 160 42 139 82 59 23 98 143 111 112 136 79 136 22 190 193 116 129 186 44 79 165 32 128 160 85 126 110 119 18 92 19 49 76 52 104 76 124 100 41 65 161 154 66 116 90 47 86 79 56 53 83 164 83 56 83 124 93 57 125 81 59 141 33 113 158 22 62 76 163 118 63 45 188 25 129 190 109 165 79 68 30 169 65 62 62 139 137 142 100 59 124 113 159 17 82 120 163 81 111 167 90 168 151 111 
118 17 122 132 65 68 90 45 103 105 73 144 56 124 133 51 109 93 58 122 88 68 129 143 153 128 60 189 117 32 57 32 111 88 129 123 132 55 119 69 105 44 40 114 93 175 101 90 100 127 117 58 45 86 153 73 129 39 23 87 32 119 120 48 146 134 20 68 106 66 180 115 162 54 182 142 32 56 60 162 122 150 103 84 193 110 68 86 141 76 14 116 47 112 83 85 49 130 117 111 49 48 120 80 107 142 93 104 64 180 43 69 68 76 99 125 174 153 138 87 185 146 61 88 37 21 97 74 
122 83 91 174 56 77 49 76 38 28 100 84 104 59 115 104 144 165 98 93 90 171 101 67 66 68 84 104 96 59 96 72 36 96 52 69 28 88 83 78 118 79 114 42 32 82 107 64 147 63 117 122 39 32 110 83 106 53 141 94 125 107 48 128 34 66 70 115 68 96 134 95 100 73 116 139 112 52 95 80 61 123 9 83 116 54 132 151 64 83 65 138 94 85 110 153 174 128 140 13 51 132 45 192 149 83 78 112 125 69 48 59 118 157 60 122 64 133 61 8 134 67 69 131 163 57 77 162 
20 39 41 120 121 160 34 82 115 125 77 107 107 88 114 85 130 69 92 129 151 126 141 81 162 109 168 22 68 117 155 110 95 178 102 194 38 112 81 87 62 165 93 32 42 76 53 108 137 162 16 124 144 169 118 62 116 144 106 33 107 102 117 115 94 153 138 58 3 61 91 88 43 119 111 37 192 143 131 153 130 129 97 165 113 90 93 150 108 95 35 110 97 100 162 170 172 73 106 158 130 134 151 159 106 43 115 109 129 147 117 42 160 78 146 159 90 74 51 104 177 124 134 60 93 58 137 58 
50 186 107 81 100 35 23 126 53 138 63 166 130 66 136 117 64 179 34 77 103 106 140 111 96 105 132 130 174 50 77 79 64 137 172 63 45 30 112 97 119 32 175 82 76 194 135 92 106 109 104 134 167 91 49 148 111 127 57 75 66 119 97 107 125 152 93 90 129 153 126 75 43 134 85 41 97 61 122 85 104 109 141 57 134 165 17 16 135 67 87 19 133 129 131 76 124 45 83 72 142 133 37 104 178 76 90 64 119 92 89 159 159 108 103 94 128 159 106 183 85 105 160 88 110 111 129 90 
63 150 115 109 126 87 137 134 105 69 80 65 46 52 83 146 125 98 74 90 183 91 134 120 19 40 120 44 145 89 136 142 135 84 46 120 85 61 35 114 79 128 101 107 53 135 158 90 30 156 147 139 64 87 44 59 142 99 120 51 102 105 24 88 53 77 98 40 72 91 79 124 28 23 113 66 96 70 59 30 185 104 160 75 106 122 93 30 57 50 89 65 145 102 68 127 119 113 114 65 100 50 83 54 118 47 118 52 163 110 112 124 147 109 161 56 95 129 181 124 113 96 129 146 107 129 138 153 
175 13 64 89 91 105 114 155 31 150 172 78 141 169 66 160 175 54 181 177 38 184 158 94 160 86 140 21 114 117 132 142 67 114 103 20 91 56 81 131 28 160 90 64 108 92 90 18 91 141 62 132 94 26 168 167 101 130 106 122 89 144 80 110 113 69 178 82 90 133 164 131 163 145 107 136 106 104 103 98 65 56 61 165 21 153 99 22 27 137 166 57 55 98 128 95 90 27 37 89 149 9 88 175 40 53 90 173 120 62 154 109 85 8 81 68 47 111 98 43 100 91 64 82 142 121 87 98 
146 31 111 109 171 95 106 139 83 134 147 125 71 112 45 64 165 169 129 79 70 82 59 79 85 74 98 165 116 72 102 66 142 92 85 133 122 70 150 142 107 85 100 147 137 106 30 91 86 126 161 98 171 139 97 88 37 134 136 59 96 105 88 35 25 59 152 132 158 94 114 145 150 135 126 160 122 178 36 66 31 91 120 90 190 152 69 96 71 119 113 160 112 156 43 19 124 84 123 174 160 91 73 134 120 19 151 63 102 165 88 39 60 103 131 55 136 112 75 116 35 115 120 111 98 103 100 111 
189 16 162 131 187 145 114 151 73 82 16 96 139 88 124 132 99 158 102 61 144 61 169 134 70 97 109 129 143 95 155 71 132 67 36 117 139 106 54 29 18 126 127 63 162 109 156 141 126 116 148 99 139 116 91 109 84 74 121 75 65 76 156 18 39 81 158 108 92 190 57 79 147 90 106 79 138 87 86 111 70 150 96 101 151 97 106 116 66 174 138 136 177 181 73 103 48 81 152 149 134 72 66 93 51 111 158 117 169 12 163 119 126 32 141 78 162 59 70 97 122 135 90 108 101 113 57 157 
11 78 178 101 122 111 94 79 129 153 147 101 88 91 53 98 106 129 81 62 176 132 50 106 148 116 73 182 69 111 141 155 162 114 162 101 97 116 56 59 162 110 117 117 16 104 147 62 161 148 66 117 60 144 27 147 47 107 81 55 138 87 40 114 41 91 125 105 107 59 129 110 64 89 58 64 84 135 94 112 137 110 127 116 103 147 80 167 165 52 23 190 123 39 60 91 47 99 56 88 73 58 89 92 171 44 75 76 105 97 107 100 120 82 76 17 132 116 101 56 101 89 150 77 46 92 123 125 
131 102 158 176 140 75 23 112 63 41 93 105 45 125 103 81 110 39 61 72 124 104 132 72 26 92 68 63 91 84 83 86 141 64 75 124 126 145 151 111 87 119 58 122 124 134 139 132 98 99 117 58 83 46 107 145 127 64 55 90 60 103 165 17 85 102 27 65 122 149 139 159 100 160 120 94 89 160 56 87 51 26 82 173 129 175 147 17 151 68 63 52 61 148 106 38 98 27 104 131 163 166 74 53 41 140 158 63 101 79 166 167 97 117 89 162 184 139 30 56 131 93 140 91 70 72 169 78 
144 93 81 108 54 144 97 112 140 57 31 71 74 123 134 151 49 24 96 48 71 121 55 57 68 43 53 125 120 111 69 59 98 151 116 143 83 59 114 145 107 18 45 39 144 167 64 94 171 139 60 83 20 168 178 130 101 137 59 131 102 175 176 135 184 44 79 111 84 106 95 92 73 42 131 119 31 138 112 65 102 68 165 102 95 135 127 158 39 124 105 52 152 90 83 29 154 119 120 116 47 86 81 21 143 72 115 171 41 101 65 122 53 107 49 34 167 155 57 45 137 138 123 118 131 104 55 9 
84 110 157 58 87 49 149 77 56 81 116 53 11 150 65 36 146 76 41 113 74 74 100 73 111 121 33 85 150 40 176 60 115 6 132 117 57 118 102 118 111 92 86 32 169 91 87 26 139 116 144 46 168 146 93 110 121 101 85 134 84 147 102 154 57 134 79 32 99 9 83 81 96 155 113 78 156 70 91 118 21 119 147 60 82 147 53 56 54 91 115 148 118 37 145 82 95 76 114 178 151 57 149 141 41 175 155 163 46 84 108 65 104 45 116 58 154 151 65 125 123 114 109 107 145 150 103 130 
165 139 103 110 71 134 191 49 102 130 155 154 73 159 160 121 195 61 90 115 104 123 83 123 44 73 81 38 104 83 160 54 159 92 110 37 86 148 41 101 104 19 153 110 118 49 44 168 97 91 27 107 178 93 64 73 40 110 15 129 142 87 12 93 180 54 143 37 53 94 51 90 38 173 30 138 165 141 107 64 94 98 117 157 156 113 149 63 144 97 87 115 100 136 148 104 135 70 106 70 124 110 54 73 91 74 94 62 51 100 93 60 129 117 98 139 140 67 120 116 115 133 48 96 114 52 40 121 
37 89 67 122 76 140 121 136 30 99 82 176 161 95 130 70 142 13 93 114 151 54 56 98 58 117 74 113 124 157 116 119 134 100 101 147 73 27 131 166 86 49 73 83 62 148 59 167 88 109 147 145 130 110 73 180 148 140 67 123 122 71 123 93 126 119 109 53 87 89 160 96 102 76 37 45 111 118 138 186 78 181 67 96 112 73 85 103 130 145 104 86 112 116 152 178 159 17 126 111 96 109 99 88 44 120 98 48 114 92 106 42 61 27 133 101 103 147 73 40 53 83 133 101 193 141 65 106 
114 181 136 177 103 27 37 168 109 165 111 137 95 94 61 65 124 91 132 145 105 57 134 176 83 126 142 157 23 96 113 140 85 44 115 131 48 170 88 139 162 76 129 106 116 111 142 101 37 84 47 127 101 121 40 148 152 132 119 99 110 75 132 140 89 91 128 106 84 48 153 48 4 93 47 79 117 180 83 92 46 53 121 70 96 133 43 117 65 88 8 118 39 75 126 120 63 98 137 125 111 124 56 87 119 74 79 91 111 81 60 129 141 84 139 91 136 186 101 136 67 95 127 19 42 44 109 81 
104 83 128 99 154 96 101 44 61 92 120 100 157 145 187 151 88 75 92 119 145 88 134 106 81 58 52 136 140 130 90 66 164 121 64 130 71 120 176 119 77 52 39 53 144 127 99 130 134 74 107 64 137 101 110 140 132 78 146 28 96 130 35 65 96 85 141 153 80 158 113 126 133 126 77 155 110 184 106 137 97 154 78 142 103 47 131 103 150 111 163 122 91 127 59 116 29 138 72 69 170 38 195 52 182 146 138 180 136 42 87 133 117 119 139 135 101 151 45 138 163 148 104 98 94 86 80 102 
53 148 131 143 79 94 64 180 47 86 108 73 42 104 183 74 98 60 69 127 95 145 153 116 91 145 82 79 97 113 48 96 31 87 89 95 50 22 118 120 102 104 23 141 106 57 120 106 136 121 81 55 59 85 15 67 119 146 68 114 84 90 81 64 66 117 41 90 88 129 43 77 151 85 52 112 98 40 126 70 60 85 48 145 115 142 150 89 182 102 166 159 18 147 81 103 171 144 141 49 167 78 123 95 122 165 125 115 127 86 153 88 97 138 81 140 95 122 65 163 88 18 129 80 48 175 50 44 
124 96 138 85 85 164 102 114 127 131 94 66 142 117 113 58 85 57 14 168 107 83 125 47 165 21 167 90 192 94 49 105 41 44 72 167 159 135 105 54 103 76 87 94 33 75 51 122 59 75 55 90 131 134 129 123 99 28 114 144 74 101 81 131 47 88 160 152 117 107 94 91 173 22 147 110 106 158 67 96 68 120 155 46 155 63 70 88 57 153 56 82 39 98 112 67 106 22 12 115 61 52 153 31 128 114 79 105 103 90 25 67 77 153 111 77 81 128 65 11 151 72 153 139 107 99 191 58 
128 148 105 78 159 143 90 158 119 100 9 122 65 96 109 127 66 131 119 177 124 153 92 101 67 93 24 113 36 148 37 120 29 78 74 53 97 193 142 127 65 124 32 125 107 66 102 89 96 65 138 60 102 84 142 122 110 96 84 74 110 158 61 93 12 147 127 123 167 93 52 47 180 149 140 124 94 76 98 157 154 84 137 82 70 114 49 102 52 89 42 104 116 50 71 134 117 43 87 95 118 112 64 46 71 138 103 186 34 78 87 126 127 62 135 90 95 41 72 102 90 80 114 66 98 126 104 78 
82 100 92 138 26 135 60 82 170 94 123 118 173 106 86 167 124 103 111 159 61 140 189 152 143 105 65 127 105 145 57 75 56 171 97 51 163 117 69 112 80 100 119 107 102 119 105 144 105 76 87 103 175 147 87 71 75 130 90 101 158 146 146 70 116 191 100 127 96 26 81 96 118 83 73 76 145 124 133 123 87 41 94 39 128 18 140 133 170 12 149 173 59 56 147 110 142 31 51 98 45 125 121 121 49 155 85 139 103 104 93 180 150 119 127 163 126 111 107 163 100 120 54 101 137 117 62 75 
77 87 60 190 185 67 122 94 79 114 27 167 116 75 125 132 93 106 83 48 88 162 64 110 37 66 99 122 70 144 102 143 99 91 107 74 81 58 62 68 33 41 120 48 117 97 24 80 88 156 40 165 176 102 12 123 132 35 81 81 61 146 62 21 127 140 54 111 102 83 125 92 16 56 133 57 92 37 82 77 131 115 120 96 159 151 149 117 34 67 89 101 124 130 76 76 44 28 130 112 112 157 64 57 117 118 135 130 65 66 75 159 117 126 43 92 139 117 92 123 93 146 85 111 91 104 164 80 
123 129 120 89 140 172 28 92 46 90 112 113 12 52 85 44 153 155 14 83 98 68 100 125 55 101 152 172 178 119 127 97 94 63 95 41 131 24 128 28 92 65 48 128 115 107 88 110 35 18 114 17 135 154 93 93 140 65 64 131 93 70 21 126 135 165 118 128 144 116 69 112 31 83 59 161 80 94 182 119 83 121 77 113 116 119 154 99 167 70 136 87 123 101 131 110 116 173 120 52 65 113 84 48 73 95 124 124 136 108 190 181 43 51 82 156 130 160 45 70 79 69 126 161 112 99 102 40 
58 101 87 126 91 108 58 106 168 59 147 53 100 115 157 106 78 148 99 94 101 101 109 152 81 117 146 123 49 87 76 147 112 114 34 169 139 22 148 54 103 161 146 34 94 125 53 113 25 39 41 85 184 57 180 126 89 96 66 47 12 116 127 135 24 59 112 155 105 164 135 104 110 170 163 73 17 118 95 126 54 10 110 62 80 59 34 130 70 96 82 114 106 53 177 43 45 44 121 129 93 91 73 170 97 58 39 76 70 103 140 70 153 184 67 47 120 142 161 144 130 134 103 65 148 92 162 174 
120 50 111 163 93 119 62 98 99 158 76 120 76 101 73 36 87 43 108 97 165 149 147 114 99 63 119 99 179 52 170 55 83 65 73 82 54 97 109 39 99 154 134 66 153 152 77 69 59 81 91 102 44 134 54 119 91 85 117 88 147 191 140 165 59 184 128 74 106 55 49 120 108 29 25 68 136 93 124 85 77 166 198 40 109 78 131 85 129 99 83 121 94 136 93 135 191 58 71 147 28 142 49 165 108 145 72 84 76 101 83 39 132 141 195 176 115 98 162 128 54 111 115 96 88 36 169 173 
48 153 81 163 77 74 105 165 103 129 171 3 72 86 88 15 114 133 129 58 60 166 39 134 145 92 94 173 146 155 40 74 140 134 135 86 130 57 93 139 102 66 20 70 138 93 98 178 152 158 125 27 79 79 143 109 128 141 41 160 127 100 54 118 112 128 2 118 137 106 36 97 147 106 103 111 103 46 51 54 111 71 87 130 135 28 123 143 74 30 62 136 113 106 106 45 14 93 41 180 14 73 122 41 118 98 159 108 82 97 196 154 48 96 134 106 85 127 96 41 59 101 50 168 102 142 136 102 
103 187 86 130 66 30 102 79 71 47 129 41 124 169 105 27 108 53 125 142 84 102 98 57 31 82 93 110 99 119 99 80 156 43 130 98 135 163 122 141 42 116 68 115 58 90 40 82 132 108 105 65 111 32 37 53 106 153 90 152 123 127 111 128 155 74 118 44 40 180 98 74 163 148 162 124 26 115 132 139 83 74 55 33 146 121 17 86 92 141 95 117 84 79 42 59 53 140 112 65 112 157 117 21 132 87 84 110 96 174 160 91 121 12 105 128 86 115 123 105 127 95 107 64 98 64 133 101 
81 93 150 185 94 98 166 175 53 136 101 97 160 48 105 141 113 181 46 107 27 72 118 115 65 113 98 121 95 77 113 64 155 163 49 27 65 59 38 155 27 90 106 68 3 129 72 90 158 92 107 122 84 99 53 87 84 80 88 117 167 96 102 144 105 106 137 40 10 108 138 107 91 56 115 40 144 71 67 138 87 115 103 147 124 148 154 93 59 109 137 90 178 114 105 111 32 67 31 99 166 130 90 110 65 75 159 104 86 130 103 78 143 123 139 139 148 71 95 63 99 125 147 56 102 13 93 80 
109 156 167 97 126 152 121 139 64 155 106 135 63 129 70 152 68 90 188 115 79 122 104 13 122 112 129 103 40 143 71 88 99 73 175 101 185 93 168 167 48 47 66 96 61 153 91 133 94 190 59 149 106 9 94 89 48 158 129 107 93 26 83 116 164 55 106 180 108 180 176 84 96 84 128 190 41 36 2 165 116 82 173 184 105 143 53 120 181 158 77 116 103 161 80 75 105 50 57 126 167 179 70 146 125 63 25 71 47 101 81 93 124 83 89 177 144 74 110 108 91 182 171 68 150 125 75 105 
102 101 53 129 165 112 70 98 152 44 58 79 106 128 82 98 128 54 10 61 90 166 161 136 131 98 65 25 73 97 117 33 134 124 41 76 102 23 129 47 54 86 180 134 91 126 79 164 114 57 129 139 95 83 51 160 153 113 43 94 52 81 125 69 135 49 36 98 138 176 164 67 47 89 152 166 76 79 183 87 165 75 71 41 171 84 92 113 109 185 99 44 86 132 110 128 62 91 107 161 55 89 139 92 55 112 142 26 113 72 89 45 56 65 101 55 66 170 62 91 153 160 145 195 92 97 77 57 
84 75 22 34 98 81 65 46 144 142 107 128 66 28 148 144 74 80 77 165 64 54 66 153 130 81 96 95 36 155 153 131 29 163 117 33 111 134 51 75 118 79 115 95 88 75 124 131 145 79 110 159 92 81 90 96 48 126 77 91 47 96 92 112 104 120 97 74 107 84 67 136 14 28 57 81 124 94 137 182 139 34 92 104 154 137 142 69 104 75 128 103 119 176 140 32 88 101 93 112 110 71 172 83 37 136 80 128 160 81 73 44 33 75 57 93 79 162 25 144 131 97 100 98 180 151 85 121 
34 132 22 52 93 143 35 91 165 82 122 107 107 135 118 171 148 101 103 100 27 46 67 117 82 136 80 130 101 171 113 39 124 81 137 108 42 145 102 116 122 56 162 100 43 43 28 163 150 147 64 100 73 96 38 102 4 133 151 173 180 118 16 31 110 108 147 163 91 96 47 14 88 79 146 114 45 154 149 66 148 89 86 90 84 126 144 158 59 24 20 34 119 136 28 140 107 136 96 90 168 167 29 86 135 103 97 61 124 73 44 163 111 44 59 130 127 46 140 174 106 64 101 110 66 105 51 140 
74 102 35 125 185 55 169 42 88 112 40 67 78 83 112 24 114 66 35 23 118 96 126 64 18 63 186 94 99 127 65 175 32 99 97 62 71 138 51 90 92 53 54 73 119 134 23 145 135 90 89 160 42 155 173 76 93 126 85 22 149 83 56 83 170 29 106 148 56 84 89 28 79 20 88 149 93 177 71 128 192 119 160 50 142 57 106 116 31 19 118 164 133 96 73 87 151 93 58 128 133 106 121 89 168 197 89 97 124 153 166 107 94 75 179 93 96 86 66 53 107 137 92 60 98 99 122 91 
85 130 97 75 25 116 154 110 25 27 113 107 66 112 139 107 186 116 170 100 127 102 78 108 137 104 160 91 84 42 142 28 62 17 93 113 161 64 43 96 111 83 182 116 111 85 113 107 126 106 58 120 131 113 30 37 47 77 52 147 140 73 133 59 163 25 103 162 115 128 152 57 146 88 104 73 131 89 109 51 117 98 158 115 93 147 135 157 95 143 56 86 93 42 154 104 98 109 131 108 138 112 93 144 127 120 15 79 119 147 126 90 155 99 111 142 137 132 145 99 142 150 75 98 117 85 99 99 
73 80 175 84 124 119 41 103 87 94 129 98 144 142 171 82 180 6 141 108 153 57 50 143 179 86 37 156 130 133 103 152 84 162 124 127 106 88 120 113 184 164 142 139 37 41 66 136 160 79 64 94 119 78 138 45 79 155 112 110 124 76 57 161 73 68 111 124 40 190 166 81 114 149 73 74 43 138 78 113 7 104 181 134 80 112 93 121 77 10 117 158 133 185 121 138 145 84 146 47 91 103 109 114 163 83 124 72 117 115 72 120 60 181 18 24 41 37 63 126 102 139 107 114 45 116 187 66 
74 100 162 147 126 90 70 126 126 106 43 158 123 147 135 90 99 111 160 38 70 193 109 125 126 196 136 109 90 99 77 78 98 191 182 28 74 97 135 64 56 83 32 112 192 97 96 106 122 138 84 89 31 156 165 111 117 110 98 106 94 145 92 80 17 136 103 26 144 41 76 124 45 93 131 43 94 122 36 74 69 124 87 175 93 180 163 37 126 68 161 93 83 111 97 62 82 131 88 113 141 70 112 126 159 139 24 75 110 146 64 112 124 110 83 105 109 170 92 103 147 115 61 161 72 116 44 55 
104 168 162 82 189 127 53 137 67 142 88 70 28 127 35 98 170 91 105 141 141 56 121 58 171 104 71 56 140 128 126 164 65 55 164 33 35 141 133 56 57 56 56 52 143 61 70 104 178 87 135 160 138 70 141 118 180 184 40 158 76 124 37 94 118 93 46 115 71 36 79 94 154 177 89 138 122 198 109 159 101 182 7 135 82 136 139 23 105 74 61 116 27 118 141 48 136 137 142 103 113 145 189 21 139 138 66 96 19 108 107 125 138 93 62 111 66 140 75 51 139 92 91 155 124 83 84 127 
63 118 195 98 9 96 60 44 112 110 118 122 171 97 87 119 47 90 156 110 180 68 74 83 135 173 109 166 97 44 54 89 92 120 92 178 56 91 64 138 46 83 60 95 131 122 59 103 36 86 94 56 112 91 107 138 83 106 126 67 98 133 82 182 95 124 51 132 67 2 183 137 149 71 109 78 36 109 150 90 97 47 170 105 122 89 112 122 106 171 138 68 82 162 57 152 147 148 65 52 106 141 100 61 127 29 110 63 102 118 29 153 65 138 61 126 23 69 149 52 79 92 93 86 139 75 131 108 
143 93 50 106 118 179 41 112 108 47 102 124 82 145 96 53 101 119 99 139 174 69 24 131 51 129 69 143 9 139 88 123 88 140 73 127 58 116 47 146 131 124 162 80 153 85 30 98 66 111 112 87 65 118 64 186 92 137 70 96 157 123 77 119 126 85 54 139 138 165 87 182 66 128 51 113 74 159 90 186 125 112 155 79 101 84 150 122 102 64 148 137 61 63 112 124 87 46 43 64 32 191 171 183 142 21 69 160 109 107 46 146 15 163 136 111 118 83 100 124 101 46 45 59 96 87 144 182 
18 152 86 162 60 146 165 132 93 33 72 95 90 139 138 96 81 76 120 35 78 119 68 102 36 105 51 158 50 120 74 48 97 145 113 153 143 102 175 168 150 93 122 61 130 104 185 65 31 70 137 51 102 21 94 78 46 97 60 68 154 87 131 83 54 77 111 83 87 116 165 139 148 192 117 7 69 101 97 125 22 37 113 61 49 79 180 129 122 96 64 166 35 134 30 77 146 144 118 78 90 101 84 132 124 97 30 84 65 82 143 160 153 160 63 187 98 147 96 100 59 86 87 99 126 71 19 37 
70 92 51 140 58 89 40 123 151 113 89 58 17 155 84 44 74 190 109 125 36 158 154 134 54 66 22 105 145 91 131 59 132 131 127 128 107 107 55 140 160 57 150 123 129 109 104 56 91 150 110 26 68 119 98 181 53 154 85 120 84 41 115 121 10 166 71 74 115 82 75 34 89 119 98 104 124 182 47 112 37 200 146 128 102 81 138 90 148 167 113 7 83 111 145 92 38 144 42 111 152 63 72 142 122 43 104 110 95 22 53 138 14 31 126 23 160 48 93 70 51 151 146 139 167 140 106 101 
108 118 74 100 93 64 120 76 49 75 91 113 41 119 100 129 108 17 77 90 157 149 44 103 89 42 168 164 141 88 131 145 113 118 188 152 103 83 95 124 140 125 103 9 97 141 160 61 120 96 127 82 165 147 117 67 121 78 48 155 137 94 120 77 110 198 87 55 103 173 71 92 86 160 158 181 87 7 170 155 113 146 140 116 78 79 115 95 168 45 87 102 141 16 107 109 167 118 25 93 81 71 41 63 82 65 62 133 102 63 94 152 95 66 88 118 101 128 161 56 84 14 74 101 60 100 105 93 
69 99 72 74 111 75 96 142 159 54 124 164 22 96 144 167 195 164 20 122 141 70 174 35 109 108 35 135 158 48 76 32 127 78 121 99 163 137 97 154 50 81 84 83 165 57 75 165 90 101 116 173 102 60 157 96 70 142 145 46 82 39 96 113 62 40 130 33 147 184 41 104 90 50 115 134 175 135 105 79 61 128 116 90 31 38 59 84 112 124 156 87 138 46 164 31 98 108 49 90 122 86 83 113 172 85 44 47 99 183 46 156 132 89 186 83 108 79 105 107 95 85 120 115 72 168 59 46 
139 126 50 121 166 104 111 129 81 100 66 98 69 116 135 94 87 140 89 78 173 74 26 103 147 80 123 6 131 150 123 185 112 162 78 30 151 159 92 119 100 59 193 116 113 134 106 21 190 151 103 129 95 82 156 112 96 103 115 155 70 128 159 116 80 109 135 146 124 105 171 154 84 142 93 80 93 82 122 101 49 102 78 31 134 43 99 79 105 157 36 135 165 111 69 183 86 78 88 116 135 91 115 123 137 108 155 64 84 117 49 114 151 117 134 122 98 116 52 50 144 102 103 136 66 114 121 90 
158 93 105 132 115 99 114 93 88 107 35 168 86 98 99 5 93 131 148 105 129 87 17 96 153 38 114 62 36 53 151 133 138 70 157 102 109 118 104 103 54 141 110 54 90 165 122 153 152 97 147 175 135 147 113 73 133 47 142 63 114 18 151 119 59 78 28 121 148 143 84 137 126 57 147 112 180 136 89 84 79 81 79 38 43 164 46 111 116 63 27 166 72 99 39 91 34 79 128 112 84 91 194 108 85 75 64 102 40 53 94 24 100 32 87 142 109 106 167 86 135 112 81 94 166 97 85 75 
141 90 81 27 83 52 107 144 82 92 40 167 138 109 61 68 78 189 82 118 23 134 93 127 151 46 103 154 54 88 149 42 162 97 94 157 146 110 107 123 85 33 68 132 93 17 93 99 69 106 80 147 127 53 149 85 43 131 150 70 49 140 149 154 34 131 123 17 154 53 92 142 144 106 135 93 163 139 112 150 180 138 115 59 99 46 164 99 60 137 59 97 143 79 154 27 66 111 95 65 50 124 46 162 141 96 157 79 160 40 138 106 71 91 165 120 112 161 15 6 90 87 131 38 60 109 157 72 
32 48 31 93 133 118 75 81 152 89 132 145 75 150 83 81 142 180 109 141 88 165 56 95 28 84 134 55 62 137 158 59 48 68 75 134 125 124 85 153 49 113 86 151 150 16 30 22 96 116 167 17 158 56 63 103 117 103 89 88 102 133 117 99 130 85 143 86 93 120 113 69 158 116 157 121 37 23 122 122 129 90 95 84 79 111 99 200 121 71 187 111 107 87 187 105 136 90 102 153 90 91 45 139 138 43 59 160 93 113 98 65 78 79 34 141 72 130 44 49 146 96 181 159 106 80 27 115 
25 149 109 91 63 71 66 170 195 112 28 128 58 83 136 75 149 87 60 102 102 77 61 82 68 80 59 140 91 131 93 128 77 112 79 80 128 116 129 103 99 158 141 64 108 135 57 27 71 66 165 151 39 54 144 130 65 150 182 57 52 170 34 167 70 129 74 92 59 181 109 104 59 31 95 77 126 105 106 102 122 148 168 112 105 116 60 121 62 36 129 76 81 145 132 140 162 159 97 143 180 44 93 74 111 99 131 85 82 104 86 147 119 150 131 78 92 101 15 159 132 127 105 84 50 47 99 162 
134 79 144 168 69 88 88 68 99 148 102 171 123 144 111 96 92 154 151 76 109 125 131 142 154 150 24 33 47 158 166 145 88 145 92 86 95 107 81 111 108 22 76 83 95 67 50 137 119 174 52 68 124 91 97 145 88 111 102 153 89 12 67 70 96 99 30 141 109 158 185 75 24 19 143 10 68 74 171 64 96 167 45 124 157 63 137 71 36 126 99 79 98 105 127 89 120 143 137 48 79 130 98 39 74 178 123 168 140 103 64 33 78 130 57 97 65 129 84 51 190 69 111 164 142 52 74 107 
63 90 169 141 121 82 111 113 114 101 135 119 106 70 92 132 36 41 93 28 25 82 49 111 138 160 128 123 31 33 65 171 168 148 37 94 52 24 68 147 100 62 14 65 35 87 89 166 113 138 23 63 105 115 87 104 8 163 166 56 42 149 89 136 82 83 62 95 137 77 99 128 20 118 56 117 161 61 138 148 64 113 87 156 36 27 59 187 129 99 2 14 167 163 112 78 145 103 169 197 107 150 15 108 67 91 20 55 59 114 152 103 79 121 73 127 86 80 151 81 118 49 99 101 100 119 68 58 
109 133 138 120 95 118 54 156 73 70 32 92 104 138 94 131 96 90 132 147 156 66 130 103 120 114 82 137 88 91 125 52 149 127 76 84 71 93 37 59 66 76 116 138 110 19 65 57 160 136 190 52 52 148 115 86 118 122 159 82 104 173 101 87 114 121 136 117 90 116 44 103 34 164 86 158 93 116 68 137 166 7 102 87 135 166 97 111 76 79 14 82 90 23 83 102 62 116 84 92 182 141 122 123 104 109 110 99 26 101 150 164 115 128 105 31 57 87 114 42 63 136 117 167 97 84 99 49 
136 87 104 135 149 151 71 131 76 111 42 125 19 182 101 137 131 96 154 121 85 101 143 90 74 78 106 115 121 113 95 107 114 145 141 131 53 109 162 97 46 163 47 94 97 133 145 55 112 177 123 61 152 118 100 112 39 91 18 39 116 59 124 123 106 94 113 84 178 103 86 119 119 133 93 133 83 27 82 61 35 83 141 138 165 72 143 107 81 98 167 90 108 71 80 81 106 107 114 34 42 184 93 99 132 46 120 75 104 17 180 180 12 35 112 89 114 52 76 42 5 139 86 48 110 13 103 120 
140 104 96 166 105 65 119 109 175 42 126 23 114 144 89 59 119 120 93 58 50 101 102 136 99 87 153 151 81 59 95 116 7 122 91 50 127 112 89 176 50 118 112 85 100 129 102 98 156 181 39 148 90 37 136 116 75 127 147 98 50 56 130 101 53 136 106 79 114 161 132 176 136 96 42 185 111 118 162 63 134 111 16 46 111 99 79 87 145 105 163 23 71 180 80 148 63 155 34 67 125 24 100 88 87 133 189 125 51 84 128 168 106 62 97 34 126 88 85 188 82 168 64 86 21 104 33 68 
52 103 111 123 76 64 142 27 136 83 114 41 153 10 108 96 138 56 135 13 133 20 85 75 42 25 168 130 48 120 149 153 18 80 107 139 121 168 90 84 135 63 83 110 162 131 68 128 43 73 60 106 83 145 148 152 126 59 81 112 71 147 76 131 177 93 106 42 105 80 110 140 28 73 154 121 97 141 57 112 30 145 107 164 69 39 154 187 132 127 112 83 80 80 126 101 39 122 95 108 144 96 99 143 153 180 167 133 108 46 110 174 116 190 58 14 138 72 149 185 68 79 46 114 78 55 67 125 
107 91 92 133 105 74 65 133 20 143 136 118 94 190 100 96 111 109 119 171 61 15 81 66 89 139 156 92 116 63 181 115 114 87 97 143 48 103 103 79 127 45 85 153 170 76 127 95 19 103 91 38 29 82 104 178 120 116 103 67 134 110 76 110 43 135 45 59 111 75 128 32 140 87 104 138 62 48 152 124 77 92 109 31 183 91 27 105 140 89 78 102 81 148 101 138 104 140 84 90 45 153 98 39 95 109 104 77 42 99 139 72 142 107 141 41 143 64 117 117 159 108 64 124 53 86 95 83 
37 146 81 104 92 60 86 128 120 91 115 21 122 55 176 182 86 45 74 58 103 164 43 41 81 159 160 128 48 141 145 106 84 96 63 94 145 92 5 61 60 188 49 174 172 124 119 90 124 48 47 98 154 95 135 159 63 29 171 106 117 142 44 116 45 191 14 53 32 105 62 88 107 151 98 145 82 136 147 87 146 38 167 98 86 34 66 136 162 120 145 62 106 63 39 104 162 134 108 80 133 98 71 181 108 34 101 61 65 163 135 155 124 140 7 114 187 136 55 83 105 11 183 86 68 146 86 135 
46 141 19 133 135 75 52 85 88 125 98 108 43 43 167 160 151 59 89 81 126 113 101 60 196 46 92 101 75 50 78 143 123 98 87 42 93 76 122 91 69 25 130 128 73 45 113 27 84 81 99 27 119 76 70 17 98 138 144 22 43 31 28 173 44 58 93 140 67 50 91 101 136 93 109 84 131 137 148 46 144 144 118 108 78 79 111 90 159 143 103 116 107 155 122 140 134 104 121 120 110 114 107 131 111 28 81 56 75 91 105 161 107 102 100 33 129 124 51 27 106 73 39 80 26 67 129 167 
140 147 37 102 82 115 71 127 132 140 58 45 40 115 79 23 129 48 100 102 171 79 95 159 35 172 128 87 151 186 159 138 114 104 144 176 96 83 16 98 102 129 117 140 106 83 114 37 123 152 56 104 120 114 106 126 137 72 141 12 87 51 130 120 121 71 41 112 31 57 107 93 96 58 131 146 88 142 65 43 118 42 25 49 88 128 95 102 97 137 169 84 114 34 95 84 108 121 154 126 141 74 125 65 16 168 93 152 90 84 122 73 74 117 113 118 103 195 117 94 124 65 43 54 155 168 109 75 
149 20 124 142 134 75 136 141 88 67 88 86 90 153 157 85 142 77 94 122 85 150 117 70 104 72 104 114 129 68 113 108 116 152 106 44 160 131 84 113 167 190 111 13 158 72 65 89 174 149 88 131 116 178 70 111 125 69 49 115 95 98 112 52 129 147 180 65 99 126 161 112 90 128 108 47 113 103 52 64 78 111 93 90 116 112 65 153 143 48 197 92 34 67 108 90 80 120 126 28 131 179 121 92 159 120 59 145 61 84 112 67 83 84 142 67 148 153 164 103 53 128 112 184 122 29 150 110 
160 100 120 62 86 87 120 99 108 65 106 146 137 56 116 167 155 102 126 144 63 186 50 161 66 162 127 62 50 169 158 164 119 98 67 104 41 115 74 98 96 109 49 51 130 142 100 149 160 134 73 163 47 151 124 96 111 170 167 61 118 45 112 65 93 28 14 112 166 167 55 110 168 133 138 91 141 113 106 32 90 152 81 122 135 84 50 90 180 79 107 182 42 125 144 45 133 110 141 131 40 81 96 190 104 99 32 66 193 110 134 83 85 129 115 166 120 50 105 141 131 83 68 166 21 170 111 104 
44 77 72 101 112 44 175 166 119 157 110 110 145 71 130 103 56 63 122 146 154 91 133 53 44 131 89 128 177 186 66 155 80 127 112 76 114 50 118 95 113 165 48 132 134 133 50 9 91 72 58 166 86 57 110 109 124 38 78 52 112 125 157 113 91 142 73 157 130 179 89 71 167 106 112 103 70 145 141 191 101 63 71 86 91 91 124 91 44 130 150 141 184 24 96 153 98 114 74 179 81 44 56 44 66 115 16 185 90 104 105 80 96 34 100 195 88 100 73 114 135 85 118 153 100 138 75 122 
112 87 123 53 86 78 39 152 53 145 97 111 159 85 94 103 99 29 53 132 71 12 36 83 122 144 120 125 25 46 124 103 149 94 70 94 105 157 127 69 83 79 120 45 151 37 83 88 73 66 89 74 81 149 54 99 56 195 123 153 64 121 64 84 73 49 122 117 90 70 139 172 29 121 93 109 112 189 100 171 84 72 41 83 115 194 46 45 93 98 15 122 93 100 99 98 71 107 125 121 96 56 114 24 168 53 69 154 138 75 164 70 103 92 87 59 70 133 43 110 185 168 124 172 127 37 111 113 
143 149 90 123 50 127 96 106 101 84 141 120 114 142 83 154 79 165 106 28 79 76 116 157 74 103 63 109 33 10 45 28 144 151 83 68 65 128 25 183 188 68 80 192 159 104 54 175 134 93 92 53 21 141 73 88 87 52 95 31 46 121 57 48 170 165 41 21 110 146 92 83 86 89 144 114 126 21 61 183 132 142 63 113 123 108 162 139 74 39 108 123 99 88 143 39 181 131 65 92 190 44 24 48 164 88 135 58 169 98 56 115 107 91 118 29 176 76 101 58 34 132 127 120 14 75 182 123 
79 124 114 169 155 30 146 132 59 146 49 107 111 102 142 106 148 20 137 23 49 132 37 132 96 142 108 68 101 57 89 83 6 24 120 23 129 131 93 97 92 30 107 149 106 178 118 40 120 51 171 41 143 41 91 44 119 182 122 128 71 49 117 73 97 108 118 132 65 125 55 37 135 168 127 163 159 139 127 142 124 122 82 172 137 85 141 138 111 74 67 104 132 87 153 95 108 111 16 159 104 66 168 164 34 45 108 82 74 65 117 109 147 29 43 76 48 90 47 93 100 52 66 108 143 108 124 44 
159 83 46 28 110 115 101 60 64 134 136 138 115 185 119 135 38 85 66 104 116 35 120 43 50 138 72 172 81 120 79 46 141 55 95 114 56 43 143 121 112 169 142 83 43 76 47 53 19 111 44 140 72 175 74 120 74 146 165 114 138 155 118 95 58 145 98 87 75 63 112 136 103 197 120 83 139 138 29 21 97 43 65 85 108 75 96 43 99 178 91 109 46 133 180 109 34 28 168 120 99 115 53 88 45 160 68 120 57 126 110 97 96 121 9 61 70 193 148 177 131 89 102 84 71 91 154 90 
22 125 114 85 75 32 103 137 159 85 90 92 106 172 106 74 120 104 60 98 27 142 77 75 48 117 135 112 118 86 121 136 110 173 130 86 123 163 139 63 82 65 93 78 115 90 118 90 151 158 75 158 115 155 94 98 79 138 125 79 103 85 135 124 39 72 159 84 159 25 142 80 97 89 15 124 24 66 110 69 30 104 62 44 155 64 157 59 131 123 20 110 120 189 167 104 101 81 93 59 32 16 69 135 108 68 166 140 133 158 111 110 79 77 103 78 102 182 118 112 133 175 102 78 150 122 132 66 
76 140 76 62 82 114 74 60 132 67 72 165 102 116 64 165 117 149 90 58 81 179 45 148 66 166 139 43 118 59 128 34 47 49 167 138 97 127 136 66 84 62 104 112 109 64 52 173 63 117 76 63 171 163 62 48 91 180 115 105 186 139 130 124 76 84 108 110 104 71 26 128 61 97 79 72 75 96 63 160 84 110 133 47 64 102 79 160 85 168 55 99 75 125 133 77 61 56 152 145 66 185 154 58 82 120 140 18 155 138 86 109 148 67 83 151 119 154 111 98 71 100 63 105 155 127 80 47 
72 82 95 36 96 28 123 174 158 142 153 165 66 80 63 112 71 132 73 38 69 120 52 162 113 123 125 120 55 108 97 103 86 119 123 127 174 120 76 91 20 62 64 125 129 119 163 120 102 169 105 101 41 46 51 114 111 136 127 103 34 103 65 136 70 76 82 96 86 47 113 160 124 124 119 117 110 19 102 109 65 95 102 99 84 40 160 93 82 140 59 26 104 51 108 42 65 75 90 61 193 90 138 169 74 57 133 155 6 107 91 121 101 104 88 140 91 142 106 147 61 159 45 22 152 54 127 101 
77 96 37 90 183 143 119 83 89 137 48 102 92 90 59 22 49 94 59 138 88 31 126 111 160 106 89 73 95 87 110 181 49 26 129 167 81 39 110 40 80 139 180 69 147 92 110 62 165 12 97 79 101 84 100 92 81 42 86 90 78 104 66 108 103 101 97 174 130 101 72 81 73 153 147 115 146 108 118 107 82 22 63 183 117 53 40 113 104 103 114 101 17 84 46 99 163 91 84 84 110 104 75 98 65 126 158 138 107 86 32 126 165 161 33 43 84 97 41 119 138 66 73 54 114 69 174 191 
34 116 100 65 120 73 151 44 154 94 99 103 90 110 83 113 69 66 69 129 84 107 102 60 94 145 45 176 62 89 85 176 113 130 115 42 63 154 152 108 71 137 43 48 117 89 112 154 88 163 107 166 65 108 93 106 60 87 153 25 87 93 75 190 140 83 196 160 103 81 89 73 44 166 126 72 64 107 29 46 143 53 94 46 49 94 138 98 86 64 152 150 180 128 110 139 135 105 122 112 134 105 164 56 117 110 111 86 91 32 182 140 121 69 155 88 128 111 60 180 19 139 144 131 85 107 103 19 
165 116 63 103 163 144 99 149 127 139 116 120 21 136 56 138 115 91 191 103 132 54 27 138 94 20 120 96 80 173 55 93 52 42 51 119 58 49 146 82 95 142 69 59 42 159 124 109 39 119 100 167 122 65 60 42 129 133 88 67 126 180 159 181 70 39 154 91 78 93 45 44 163 107 90 120 112 125 153 146 160 138 152 156 114 24 106 65 147 33 103 164 180 168 174 72 155 161 73 67 83 80 70 115 109 97 110 109 121 126 140 2 158 184 66 98 64 95 40 100 88 142 108 88 154 169 77 101 
164 139 73 139 126 133 162 110 90 55 36 162 73 134 56 45 94 106 69 142 143 83 117 71 116 95 46 104 62 141 172 52 83 147 86 85 84 61 138 174 146 100 68 118 160 159 147 85 60 126 120 97 53 104 129 61 141 117 97 77 127 150 117 43 153 132 48 121 143 124 56 33 111 94 155 60 124 138 65 15 153 14 95 132 151 100 71 78 119 78 79 115 12 106 116 142 124 107 74 83 85 96 103 107 147 96 79 148 101 165 121 158 192 112 72 83 147 52 115 166 43 122 51 169 162 133 133 92 
108 80 132 179 161 67 55 108 39 82 170 45 114 57 55 142 155 173 71 98 181 167 90 190 115 111 27 84 79 171 149 80 99 90 85 76 107 108 158 83 77 59 76 157 78 108 109 8 103 32 82 117 107 45 117 27 84 119 138 153 62 119 126 51 184 141 96 12 123 83 65 75 44 75 99 181 110 93 138 163 160 31 66 89 117 32 91 79 150 130 121 128 35 62 190 107 140 102 117 84 129 34 92 91 29 121 77 67 104 161 69 184 112 14 127 99 151 170 132 120 43 52 45 42 75 163 101 77 
198 64 67 94 103 169 92 97 159 110 92 57 64 98 119 97 134 147 130 19 28 176 78 108 143 54 39 145 83 114 67 94 111 77 119 125 35 135 141 186 72 124 99 60 146 103 161 81 131 141 76 89 49 116 98 133 139 139 81 111 135 127 43 82 67 195 134 105 139 89 101 57 59 179 111 18 83 62 61 136 63 126 88 186 134 87 165 34 131 57 73 105 112 97 58 141 7 100 113 142 115 100 87 118 43 9 103 83 88 33 155 66 72 127 136 65 118 98 123 66 117 15 158 35 139 69 103 154 
46 12 87 10 145 75 82 125 81 89 168 130 89 60 95 114 110 30 178 147 166 59 105 100 119 89 35 105 112 97 100 137 126 134 147 99 52 27 103 21 72 113 125 122 159 94 56 68 55 78 17 162 34 58 139 101 91 135 140 77 90 163 92 156 47 176 106 128 139 177 55 93 130 93 142 24 105 111 126 111 187 23 118 83 122 142 120 141 78 97 127 31 89 34 14 41 114 33 118 67 166 195 59 29 76 61 78 151 140 43 88 98 83 99 65 88 53 87 83 119 103 14 82 72 117 147 80 154 
141 152 106 124 54 69 72 133 118 90 136 146 42 111 161 24 106 96 54 53 172 122 133 99 123 81 115 75 108 145 76 111 113 100 83 158 61 122 132 9 37 159 174 64 90 128 95 47 136 162 132 184 167 154 140 103 136 101 95 81 95 126 139 130 120 115 85 86 148 144 66 79 127 96 137 41 109 66 23 118 98 160 101 108 98 109 112 72 92 65 86 57 114 126 138 143 187 129 103 148 120 88 70 176 48 70 102 119 91 84 128 64 147 151 118 53 108 114 96 102 75 107 85 86 91 69 44 133 
48 189 84 43 132 114 114 99 135 134 192 79 116 108 88 127 46 122 45 109 90 29 131 39 95 81 120 105 133 96 176 84 75 100 171 63 44 79 99 108 34 17 153 133 74 159 129 111 112 59 116 139 155 151 67 147 186 151 122 128 41 111 117 160 142 98 127 115 71 74 170 162 46 86 132 37 170 140 69 83 147 48 128 79 116 106 161 130 101 129 80 87 52 88 72 64 136 124 195 153 50 100 133 76 90 193 182 154 142 97 111 95 52 170 98 87 114 102 74 103 142 95 107 159 129 117 22 35 
105 109 117 120 24 59 93 124 175 103 121 115 71 151 58 83 79 51 26 74 177 137 70 180 93 79 104 78 70 138 119 84 99 96 116 132 59 93 44 98 71 82 138 61 51 106 181 98 75 70 101 30 57 65 120 73 101 45 65 65 72 107 92 45 161 162 96 123 95 110 62 25 140 66 145 63 92 75 149 100 96 93 161 105 52 167 15 44 15 84 151 114 76 85 149 117 55 51 117 164 105 73 43 101 47 148 118 111 106 41 60 40 115 132 123 83 96 74 130 178 169 143 137 170 58 158 104 42 
123 45 114 46 71 144 72 56 135 53 68 85 173 75 57 76 105 167 107 31 60 33 47 105 63 179 139 108 102 67 55 59 86 106 93 90 109 107 49 82 63 120 87 8 104 183 124 43 116 97 56 56 45 125 116 40 136 138 163 11 102 163 123 70 144 128 41 105 63 108 91 144 174 53 99 126 103 51 52 124 100 70 56 107 50 86 6 49 159 51 81 42 42 188 185 117 83 27 94 103 141 114 110 58 93 177 112 98 147 119 180 100 166 120 66 119 102 103 178 82 113 90 103 139 75 99 113 114 
110 98 124 65 84 127 181 112 93 70 54 61 23 83 78 74 180 71 149 166 39 95 63 97 111 173 107 166 89 129 102 134 180 86 72 67 23 106 58 77 54 163 185 134 177 85 113 100 35 122 101 131 137 123 115 53 67 163 88 151 90 100 93 79 130 54 59 127 99 91 153 131 106 107 142 102 147 139 79 101 59 51 84 95 144 135 90 146 132 190 118 63 5 82 68 159 105 106 124 53 131 135 185 34 100 131 133 71 61 138 19 88 43 43 117 103 75 142 169 113 166 144 155 96 118 69 98 96 
145 130 43 147 94 114 102 113 144 72 143 139 73 36 97 46 99 142 93 64 72 98 82 167 72 84 133 137 53 132 126 83 114 145 163 139 133 158 91 154 131 81 146 67 124 105 96 91 115 135 89 93 138 114 133 83 95 148 18 72 80 120 146 69 134 111 101 95 125 182 160 97 64 137 150 139 115 92 92 46 86 151 14 85 102 112 87 96 127 69 49 136 139 168 79 108 11 73 65 128 83 85 168 132 52 89 175 100 159 66 139 142 122 52 15 14 107 95 143 90 144 114 64 98 47 106 167 136 
115 16 93 63 88 122 86 68 78 142 87 137 151 89 106 27 135 71 60 188 132 81 98 40 116 147 69 47 55 137 103 83 20 84 155 39 165 29 178 155 172 111 61 69 134 160 129 64 120 90 150 140 123 109 48 133 127 104 129 153 114 54 85 126 103 115 50 107 147 171 145 100 101 92 75 107 61 91 93 45 87 146 74 120 103 81 131 181 105 111 99 117 86 64 46 64 183 39 43 112 68 118 124 127 66 102 102 63 45 73 144 108 51 45 158 82 85 107 137 103 155 64 186 132 87 95 109 42 
96 59 155 90 82 92 76 97 39 106 91 86 131 118 60 158 104 49 173 113 123 41 30 150 84 49 23 125 37 36 76 137 151 156 110 120 34 49 145 96 29 167 88 131 60 88 146 82 111 108 77 91 118 107 96 101 19 98 80 139 66 101 111 161 65 96 168 64 56 68 195 98 110 60 98 114 161 155 86 59 99 139 101 115 136 94 38 159 84 164 101 167 48 86 114 124 86 80 54 184 166 153 172 120 108 84 78 105 22 54 131 88 169 42 35 72 86 159 170 139 96 98 132 64 77 68 73 48 
127 13 129 54 66 64 161 83 59 112 104 102 46 185 72 99 43 89 136 123 83 116 129 153 103 130 97 166 113 92 113 97 28 148 152 73 171 104 87 133 40 90 37 163 93 110 107 142 98 101 46 70 131 145 114 193 42 94 48 107 98 137 91 112 148 88 102 98 102 150 92 180 66 98 117 45 72 124 139 96 126 167 60 72 66 166 60 106 50 142 100 97 110 21 78 53 68 26 155 122 21 100 127 14 143 71 150 155 152 114 85 154 162 75 139 117 91 129 58 75 118 47 87 77 130 73 113 61 
88 103 77 111 132 16 184 92 141 116 106 64 92 110 90 41 58 64 127 120 105 179 67 105 87 182 93 106 77 148 93 82 123 62 130 44 78 81 148 66 82 168 21 57 58 111 129 121 103 113 92 72 104 150 52 141 44 86 175 99 126 117 104 99 92 36 142 64 13 125 97 151 105 99 85 116 116 83 75 87 71 140 100 168 114 97 109 80 47 52 119 84 13 104 55 86 146 67 168 29 170 138 37 75 108 91 122 127 54 69 107 169 133 163 69 147 69 117 158 99 69 106 95 68 73 170 74 187 
70 131 99 126 77 83 58 78 32 87 87 106 135 134 54 122 102 100 103 44 116 117 86 91 41 177 152 72 28 166 126 97 129 89 31 118 112 133 194 175 99 151 97 77 137 129 138 87 100 57 123 169 55 103 40 65 109 80 50 191 104 62 164 102 162 169 136 133 93 75 77 85 51 122 99 187 44 84 131 144 19 106 105 59 121 85 157 27 99 74 68 99 103 33 67 95 86 129 109 150 111 75 111 182 124 154 132 80 127 174 103 77 133 101 103 80 44 22 104 113 98 167 109 73 113 74 196 155 
171 125 147 105 71 57 169 93 107 82 100 137 80 150 103 22 106 107 95 126 58 59 43 60 84 94 66 81 132 109 85 147 122 45 67 111 116 99 110 89 50 111 74 162 58 90 153 98 111 157 125 78 9 130 121 106 81 102 44 58 78 75 80 40 174 173 102 101 80 105 57 121 140 91 99 66 55 127 108 182 37 101 93 46 90 75 72 115 162 107 58 49 120 68 125 83 135 167 75 110 104 122 113 123 44 90 66 47 101 191 19 101 92 77 154 154 133 35 42 114 96 136 42 48 61 187 155 170 