128
94 28 39 75 92 33 59 77 46 20 66 93 35 41 8 41 55 28 79 13 44 83 93 95 98 48 8 26 10 39 88 17 71 68 17 90 99 92 29 68 64 75 73 33 42 31 12 39 2 50 66 34 71 36 41 3 6 89 68 64 53 79 81 35 20 63 85 21 88 98 47 31 99 56 11 9 19 80 97 17 62 51 11 49 93 61 81 4 67 79 54 69 58 74 51 47 33 62 39 21 87 13 26 33 21 62 64 56 9 80 42 5 96 12 9 33 84 10 31 74 97 85 13 4 69 55 58 69 
77 28 94 13 3 92 68 23 87 11 81 53 85 50 12 21 18 4 61 18 6 64 67 56 64 14 46 16 90 37 53 67 84 33 68 61 28 82 26 17 78 85 53 68 74 34 88 12 36 80 80 6 62 78 33 15 85 36 24 93 69 76 77 80 50 42 44 3 35 13 47 63 84 60 91 100 75 54 10 98 71 13 2 24 70 65 76 9 89 76 80 61 70 9 6 94 27 48 27 66 4 64 95 98 32 26 64 1 68 8 85 5 2 76 12 78 34 87 92 69 51 4 96 42 73 61 6 35 
28 56 47 92 94 75 92 46 80 8 31 96 52 88 31 81 35 52 50 44 78 11 12 6 74 94 90 95 20 77 61 60 35 67 32 69 19 6 23 2 78 58 64 4 18 8 80 37 65 1 13 86 92 77 94 10 11 21 60 74 91 4 11 35 49 68 69 87 26 14 96 2 89 36 22 23 25 55 92 8 8 58 43 2 85 42 52 73 43 77 77 70 72 37 87 8 27 23 11 59 73 27 65 29 99 12 59 38 1 81 1 84 2 100 65 24 30 80 47 26 51 69 74 32 50 82 54 56 
86 36 43 1 95 36 11 63 4 93 73 54 63 68 99 4 91 29 12 66 47 17 60 73 7 51 84 68 18 9 63 70 50 33 40 16 68 92 1 27 94 74 88 75 23 42 75 96 1 57 16 8 52 56 88 76 89 71 42 82 71 7 19 95 99 82 3 48 84 94 57 93 77 50 98 86 63 1 81 38 82 28 74 5 58 7 98 79 41 60 63 26 76 49 83 27 61 29 80 69 85 67 62 43 89 74 88 24 92 95 36 66 10 64 22 30 15 34 2 3 96 73 5 80 6 96 13 74 
82 23 49 80 75 93 8 17 98 81 10 3 47 75 96 52 27 35 71 5 2 56 88 87 32 57 34 40 1 43 18 25 79 52 11 70 9 66 47 43 97 46 30 1 3 33 29 44 54 83 9 40 57 77 63 56 81 60 74 42 90 83 84 39 87 51 41 74 65 77 26 31 78 90 48 27 60 98 18 12 21 11 4 44 93 81 11 40 53 15 70 48 95 36 99 64 44 36 24 70 64 54 41 47 97 100 12 25 86 20 76 28 86 13 82 46 94 63 17 68 41 88 34 54 46 31 72 58 
56 85 68 42 42 76 83 60 67 41 20 17 44 49 29 35 70 23 83 47 34 11 42 32 52 87 73 74 25 28 25 18 66 69 77 16 86 39 76 42 94 58 100 44 69 7 76 20 49 67 94 93 96 27 43 93 88 21 7 20 34 18 38 1 37 6 95 5 1 72 82 49 32 41 23 97 23 28 70 87 67 94 64 60 48 49 65 2 90 93 68 45 24 95 52 89 56 77 82 39 94 56 49 58 40 62 18 6 23 36 100 22 17 100 38 25 86 18 15 12 82 88 20 37 64 62 18 18 
27 78 99 3 31 76 88 32 19 27 18 15 50 62 42 53 7 51 13 3 57 68 66 10 80 48 53 1 55 46 1 58 49 69 21 12 88 70 37 100 88 9 3 76 76 11 20 17 10 54 39 66 28 3 93 33 60 71 38 8 98 92 13 62 40 60 7 82 52 11 37 53 4 25 48 88 94 28 48 91 78 53 26 30 37 25 57 23 55 21 28 73 75 26 5 26 2 83 71 32 57 67 77 96 83 31 85 83 9 4 88 81 59 61 15 27 2 47 83 91 6 89 63 28 70 49 74 61 
80 39 24 67 11 25 80 2 81 43 88 40 99 82 7 19 78 97 47 42 30 64 46 22 21 92 100 65 95 33 33 29 46 91 33 53 20 63 8 39 85 58 75 86 69 50 6 68 90 25 43 3 48 23 2 52 94 41 99 58 9 44 40 99 75 69 43 94 40 81 67 62 98 23 31 11 83 35 69 36 43 73 94 10 28 79 1 99 46 73 70 1 7 93 93 68 60 21 21 53 82 49 30 37 43 59 60 67 96 15 77 55 44 71 15 76 44 44 61 87 78 84 43 37 93 16 100 71 
46 86 7 11 22 82 68 62 81 73 23 16 98 71 25 49 76 53 52 44 5 25 90 15 94 49 71 79 21 52 97 77 13 17 68 17 85 94 67 55 55 31 81 69 77 50 27 39 91 59 77 40 60 74 86 86 48 33 45 44 86 61 21 80 94 69 80 77 91 89 12 37 54 77 32 13 23 95 8 78 50 16 77 14 8 25 22 75 9 57 88 13 45 28 29 5 37 38 18 56 78 59 89 35 37 36 78 35 30 34 95 84 16 85 95 83 81 52 96 96 17 86 99 55 42 77 43 46 
36 53 88 26 36 10 60 82 93 13 43 59 60 72 76 50 96 99 50 35 15 24 52 76 69 56 46 85 8 60 65 20 93 92 65 67 91 87 71 69 13 16 16 48 24 7 15 36 100 26 51 67 17 64 74 85 35 71 46 88 86 45 12 12 43 48 87 71 25 74 50 16 56 38 50 32 10 84 4 35 6 32 75 86 93 33 13 67 48 70 87 62 8 86 34 93 50 52 44 87 42 73 32 24 64 66 54 30 84 28 2 18 80 25 29 45 60 55 79 76 82 18 29 78 32 92 30 2 
9 11 25 14 43 18 48 8 24 27 5 27 40 35 79 37 56 35 72 73 34 67 71 58 92 85 14 57 26 13 78 35 45 31 19 28 16 55 19 7 57 57 26 71 76 89 85 22 75 36 39 23 91 3 77 94 1 30 96 91 67 59 3 38 55 86 92 82 94 11 66 7 14 50 67 63 97 11 81 54 82 74 97 2 67 5 19 89 16 33 86 98 15 30 72 98 68 95 14 16 13 24 28 8 27 92 88 75 51 78 53 80 22 11 36 28 50 12 12 13 19 28 17 19 75 92 87 38 
84 91 49 41 52 65 56 92 74 18 79 54 36 66 100 5 19 89 68 11 43 47 78 87 30 48 50 98 65 75 70 58 99 88 37 95 79 16 49 12 94 60 57 3 29 60 18 19 100 5 97 81 8 5 63 54 11 96 51 27 26 12 49 48 91 8 7 23 89 14 35 34 99 72 63 74 48 65 96 71 8 87 46 69 61 41 26 99 21 48 56 37 11 11 96 31 82 82 67 33 29 87 2 44 43 13 23 38 3 44 53 92 52 53 23 48 77 60 88 7 8 87 31 90 79 19 59 85 
36 98 87 35 83 95 42 92 2 27 98 9 51 96 77 68 85 98 75 51 40 1 82 39 75 43 87 78 80 32 38 27 61 85 26 64 1 30 39 21 60 65 94 72 76 73 91 73 96 74 66 72 45 44 33 40 66 55 89 47 53 94 19 15 99 82 68 51 83 20 21 90 20 54 18 40 66 38 90 6 11 38 36 11 30 39 73 43 52 46 16 86 100 100 73 90 34 3 65 87 31 69 99 52 18 29 37 44 5 21 44 40 29 38 91 94 75 46 69 32 83 72 49 42 7 12 32 75 
63 86 35 62 23 38 44 95 100 1 5 8 100 14 71 60 65 23 11 61 16 92 22 49 62 64 47 86 58 13 2 40 90 92 41 51 72 86 64 93 95 79 4 61 39 78 56 59 99 11 52 13 39 75 27 56 76 41 9 75 94 26 6 27 72 91 15 45 98 85 41 54 44 38 60 82 75 62 6 50 33 89 22 78 14 11 53 1 74 38 81 38 44 84 25 61 95 84 53 45 13 70 59 46 11 1 35 6 97 78 16 55 64 32 31 65 48 64 31 95 20 50 94 10 62 80 33 55 
69 46 30 68 34 52 25 100 42 11 28 29 87 36 61 42 82 13 23 13 15 18 60 75 11 30 94 53 31 36 48 43 95 64 16 16 87 94 7 26 57 4 29 19 74 73 40 49 94 10 50 55 23 13 27 69 62 77 96 20 77 35 5 53 61 88 81 52 38 18 86 33 82 98 50 16 89 83 25 55 89 42 16 92 67 98 68 47 56 35 29 56 1 17 30 76 22 18 65 64 58 30 16 23 47 75 43 4 100 8 97 77 89 59 19 15 70 31 24 46 42 15 66 87 54 83 85 45 
27 6 51 57 20 17 90 76 54 59 34 61 96 36 58 6 17 82 48 26 76 54 86 2 29 90 14 2 96 29 33 88 100 33 13 61 53 4 20 74 9 25 64 14 36 67 3 85 71 71 78 30 52 68 65 73 78 92 13 43 44 52 80 52 68 61 73 32 88 98 75 99 98 84 38 79 32 88 63 49 36 59 30 16 68 89 58 95 50 23 93 16 77 80 25 66 92 2 92 5 9 34 29 25 37 97 79 29 96 7 88 2 29 99 44 2 45 6 40 51 28 61 86 67 89 29 72 85 
99 22 65 79 1 79 37 80 6 30 75 73 11 30 73 85 91 73 48 43 83 9 61 51 26 60 40 99 17 40 11 52 30 90 35 92 28 23 2 82 94 7 85 24 70 70 35 73 50 37 17 86 73 38 49 100 24 61 97 98 72 76 53 84 89 63 38 8 88 64 70 41 46 58 31 90 61 8 73 7 12 34 93 14 52 50 62 53 17 3 67 2 34 76 6 32 58 71 59 92 96 87 47 57 16 20 66 23 41 62 64 6 61 84 22 20 24 38 40 55 90 12 28 38 64 30 28 85 
26 26 75 52 73 92 71 87 2 76 42 43 58 99 23 82 37 94 23 98 79 98 4 74 95 25 33 79 28 86 70 79 2 94 90 20 12 47 12 95 43 81 50 41 7 94 64 89 26 80 14 70 55 79 77 18 85 70 53 53 82 74 100 15 21 94 1 19 36 56 11 49 34 34 4 44 73 9 46 82 100 17 21 9 44 93 29 27 25 14 71 4 52 77 72 38 97 88 61 64 79 85 47 77 5 46 3 86 83 58 4 15 87 48 46 17 54 44 77 57 28 61 70 93 11 17 54 68 
27 1 19 19 64 57 96 64 41 2 63 53 28 2 11 86 6 45 14 90 97 58 49 37 27 2 74 82 75 40 17 6 61 52 29 51 99 82 74 69 25 67 54 36 5 58 37 64 40 42 75 34 1 14 59 2 26 94 69 46 84 55 86 71 20 42 29 92 27 5 90 81 46 94 53 99 57 42 82 75 64 54 58 91 42 82 51 81 40 40 45 3 47 77 10 47 45 33 68 85 52 17 32 46 28 64 86 59 31 70 2 83 4 47 97 98 28 82 65 87 96 59 15 61 41 71 22 69 
24 37 6 26 11 17 92 39 35 29 44 43 80 72 81 64 10 37 27 36 21 40 9 12 6 97 31 15 58 42 30 28 22 72 52 46 40 61 16 7 78 68 89 48 38 100 71 62 43 51 33 13 88 15 86 34 53 96 94 9 99 100 22 50 62 76 54 1 68 92 27 81 65 72 12 3 92 85 2 8 74 49 75 67 93 10 9 46 32 99 47 5 89 60 24 60 11 56 22 67 93 67 31 75 40 32 90 12 19 86 42 96 3 8 46 24 76 90 64 29 34 17 53 30 60 58 70 20 
53 48 67 73 38 60 91 34 49 12 85 60 33 38 39 43 94 38 57 4 60 14 81 82 81 51 50 16 54 40 28 11 71 1 35 29 10 57 49 18 7 78 36 30 12 5 37 29 56 28 82 80 17 54 79 39 41 10 44 51 6 54 81 79 8 15 20 89 71 80 59 49 88 31 34 91 5 74 78 61 52 49 39 38 43 64 92 86 47 39 83 99 29 60 72 93 80 35 34 70 63 52 28 58 39 31 74 20 7 14 13 76 66 13 84 42 33 66 20 40 2 72 23 21 12 77 69 38 
67 18 37 84 71 99 3 30 31 89 24 39 99 28 63 21 72 98 100 2 47 38 99 78 84 88 23 46 2 6 96 99 67 98 59 65 77 44 60 96 97 18 87 33 97 99 96 35 51 65 7 71 42 45 98 69 98 86 79 78 47 59 71 99 43 43 36 25 5 24 99 2 75 7 32 67 55 90 87 35 91 55 24 69 51 9 2 65 96 37 37 82 90 95 32 75 52 100 76 28 87 4 82 27 14 53 80 54 60 82 52 21 99 61 96 50 23 100 62 97 7 90 3 47 64 80 13 32 
2 38 87 50 40 78 57 19 43 14 85 57 39 89 43 95 99 71 48 40 37 68 12 83 99 49 47 91 40 8 15 89 22 88 49 99 3 49 50 62 71 100 61 58 53 83 40 30 78 29 38 34 95 62 11 79 20 78 91 45 30 28 36 100 1 27 76 38 50 84 58 70 40 4 39 23 77 54 65 29 61 74 70 5 5 2 34 86 40 19 60 22 45 70 92 40 27 66 61 19 94 25 23 36 81 80 23 34 82 15 14 5 43 5 16 59 46 48 94 81 53 18 32 28 93 49 25 92 
45 27 89 81 74 63 48 34 95 79 63 37 61 93 2 18 59 12 57 69 20 10 57 29 74 74 74 12 3 66 64 88 59 98 87 34 38 2 72 14 48 21 87 94 41 75 40 36 55 55 5 2 72 40 81 40 41 38 25 67 63 56 18 27 67 58 90 68 51 15 13 22 81 92 79 45 48 78 80 85 95 81 67 98 43 57 98 1 70 8 99 83 69 38 52 66 35 87 53 43 56 100 16 17 22 21 85 45 98 100 33 65 62 10 49 80 52 96 98 33 100 27 23 4 76 13 8 55 
40 98 42 42 11 59 87 63 91 95 80 1 49 23 21 54 22 2 92 14 59 74 44 23 76 22 66 27 76 9 75 12 83 100 21 33 65 55 6 3 38 8 50 90 82 51 95 35 40 64 89 66 65 98 2 18 85 11 15 98 36 73 27 15 81 41 93 13 29 33 75 62 25 76 30 68 25 17 47 71 73 21 16 61 58 24 65 57 47 63 86 25 70 45 94 32 58 76 1 9 91 70 28 89 31 9 26 51 78 49 4 94 26 62 90 3 89 39 53 81 36 21 24 24 53 80 11 10 
63 74 6 84 81 26 39 53 60 62 82 55 79 3 38 24 96 9 44 34 6 2 1 95 95 52 37 76 99 61 96 97 96 29 73 75 69 17 86 70 76 74 31 82 57 40 85 54 62 8 82 66 27 56 10 43 49 37 91 78 28 79 37 67 82 16 82 92 100 93 91 34 34 73 8 7 60 4 19 85 79 62 83 82 17 41 89 65 77 84 9 83 70 3 75 47 64 20 32 18 52 52 27 98 94 43 57 98 1 15 86 78 61 50 33 57 1 25 80 73 50 9 56 93 74 23 95 74 
16 88 99 64 92 47 48 88 28 67 61 3 100 90 15 77 76 7 10 14 78 85 97 99 16 59 92 13 34 74 70 41 100 84 87 85 75 74 82 52 2 13 13 39 39 31 43 50 89 7 46 2 3 15 55 74 65 76 61 96 77 55 26 47 66 47 8 38 25 31 11 45 95 77 18 53 71 85 59 31 68 44 91 1 21 85 18 63 80 36 11 45 82 94 100 3 14 36 89 10 46 42 90 80 45 4 74 36 55 85 84 20 57 53 28 64 35 40 39 41 53 70 34 56 63 50 75 79 
10 2 68 22 41 9 42 85 4 72 87 65 2 11 77 42 86 73 6 47 3 60 43 36 9 74 92 25 2 36 3 46 14 21 30 2 72 11 95 73 4 20 7 90 14 38 18 79 14 28 39 80 88 50 100 100 74 46 6 56 8 96 23 92 47 19 21 23 61 70 86 24 13 19 62 26 33 47 3 31 2 65 52 3 94 92 86 71 27 36 28 19 62 70 74 29 52 36 44 53 31 8 51 9 41 14 38 52 9 97 57 94 47 67 51 87 56 70 62 16 59 77 82 80 43 41 1 74 
83 34 11 33 80 22 26 9 48 9 41 45 44 93 12 26 72 13 17 57 70 54 59 76 19 8 92 92 6 82 46 78 25 62 78 5 3 93 21 57 52 48 44 45 53 46 25 47 47 97 62 16 80 17 78 18 99 85 90 40 48 49 77 11 73 51 96 43 90 11 56 70 63 54 27 15 16 71 57 13 89 92 23 42 72 49 50 32 13 60 74 66 83 52 97 11 31 22 4 15 89 83 27 92 71 63 89 85 48 63 77 31 85 38 90 69 79 16 33 2 50 52 52 26 94 69 83 31 
85 20 99 10 37 64 19 46 28 81 89 24 60 96 70 4 45 96 38 75 18 48 60 16 88 42 94 8 80 96 53 96 23 86 14 48 90 48 68 91 41 73 13 85 65 49 89 46 76 77 99 21 60 78 25 42 35 35 56 91 67 41 10 50 39 63 75 68 35 48 100 84 24 71 22 30 71 19 8 67 87 18 58 80 31 45 25 2 74 85 7 84 41 5 26 44 7 88 98 52 5 35 57 65 58 96 77 17 25 12 26 36 51 99 58 19 81 64 37 32 20 55 43 38 49 2 93 64 
31 24 27 14 55 57 65 13 48 71 30 88 19 82 74 70 51 15 63 57 9 81 42 83 23 3 26 46 16 46 51 49 11 12 68 17 42 94 58 74 96 22 31 88 12 7 97 70 25 73 14 25 71 16 53 45 60 32 81 42 7 13 90 32 32 31 11 80 35 51 28 39 7 29 82 66 28 97 77 67 34 21 33 70 27 99 26 15 4 46 9 27 43 76 84 5 65 92 63 52 18 97 89 9 15 94 64 27 21 44 72 40 12 24 15 58 34 66 86 4 12 66 15 84 75 11 25 38 
88 25 45 66 83 83 45 42 25 33 17 28 11 29 70 47 84 33 22 69 36 84 72 2 71 80 5 96 83 12 58 6 26 13 79 29 43 88 28 82 93 79 17 74 29 89 73 14 38 22 25 77 59 9 51 36 53 100 86 29 68 35 38 77 55 59 24 72 19 69 62 5 54 13 97 59 92 46 98 75 17 80 85 9 3 58 100 73 44 25 41 69 4 31 3 7 14 2 47 79 60 19 69 9 35 25 82 38 35 68 18 37 39 30 68 49 57 11 85 12 48 53 100 1 19 90 14 1 
98 37 27 77 13 56 44 89 38 100 38 42 15 73 19 50 90 4 15 92 100 8 36 69 70 70 80 89 84 52 48 26 57 92 29 15 17 14 56 52 71 90 35 97 36 33 30 92 43 56 91 45 44 11 91 63 81 9 41 54 80 9 10 28 87 65 97 17 75 37 1 7 77 52 38 83 48 25 91 21 30 50 62 34 37 91 38 75 42 52 19 92 10 47 44 53 5 2 50 52 18 62 47 89 10 100 67 88 24 20 13 74 80 6 35 27 25 54 66 84 35 89 47 65 40 95 21 57 
11 73 6 48 90 10 62 42 27 44 76 13 97 67 1 36 53 25 93 99 30 51 58 11 22 82 17 4 26 3 32 58 59 61 10 8 82 69 64 92 69 13 20 65 94 38 86 57 74 86 44 8 48 45 89 73 100 10 53 11 51 6 68 42 80 31 4 53 57 86 32 13 88 55 92 71 91 61 42 56 28 86 49 9 69 12 17 70 89 52 31 21 78 73 52 23 42 56 56 97 40 41 63 97 32 95 59 76 30 31 32 8 91 93 47 73 25 53 76 64 73 71 86 75 47 11 96 46 
90 60 32 95 49 86 26 28 88 34 84 38 97 52 17 64 27 72 29 45 21 68 68 85 25 81 10 10 79 56 67 33 89 17 72 69 82 50 51 71 63 94 99 81 76 44 1 45 46 78 40 6 35 99 15 22 97 46 84 50 21 47 61 51 3 22 89 71 94 80 94 54 70 8 99 70 10 11 83 38 20 71 99 2 46 22 71 97 30 78 11 84 59 4 85 87 11 31 38 63 19 82 94 1 2 87 40 99 81 84 30 9 3 98 52 50 86 49 66 85 42 53 25 11 93 14 71 8 
82 89 56 36 82 13 75 20 61 7 46 77 27 46 29 15 49 81 5 13 14 47 22 12 26 82 36 75 38 66 53 83 13 76 30 9 70 65 38 52 73 42 100 5 39 59 10 9 8 57 2 73 56 62 27 100 59 94 10 88 94 47 26 74 42 5 6 87 42 72 17 49 94 93 48 76 42 85 45 40 34 19 57 76 61 74 71 69 58 90 75 67 4 57 21 16 47 100 32 41 51 15 32 87 63 26 64 65 62 43 72 54 89 78 21 31 86 39 48 95 38 66 58 2 94 28 83 62 
31 48 47 49 41 79 54 29 31 18 93 79 27 60 22 43 82 54 44 85 46 82 54 77 2 50 88 73 35 42 26 62 97 65 26 26 69 70 26 37 6 59 63 32 31 72 77 12 86 12 53 61 70 87 41 33 53 2 79 12 58 2 20 2 11 43 28 1 34 84 34 87 39 22 22 89 11 21 20 17 43 88 87 52 3 29 25 25 68 18 93 45 52 66 77 73 33 3 41 63 90 65 66 56 32 63 75 60 80 3 36 17 21 68 99 94 93 18 40 95 12 11 11 83 39 64 80 32 
44 79 81 87 90 44 4 61 13 59 69 90 7 32 77 36 61 92 44 32 54 48 85 16 95 15 18 5 91 47 84 75 44 20 19 55 93 97 51 100 9 10 46 31 68 71 69 40 99 73 65 16 76 87 77 43 51 90 64 69 41 75 78 29 99 78 52 69 17 74 72 12 33 62 58 90 25 49 92 1 47 41 28 7 8 78 100 96 12 58 77 65 24 26 69 28 34 80 20 40 6 39 99 65 99 52 98 46 27 29 33 91 4 58 67 66 1 13 11 89 49 3 46 19 4 8 28 68 
62 41 50 35 8 34 81 67 11 26 9 41 9 82 91 68 48 43 86 58 96 8 38 22 68 60 18 3 11 96 32 39 50 43 31 28 44 80 40 52 39 11 95 1 97 52 90 14 23 68 73 13 15 70 21 26 38 83 31 58 47 94 43 56 63 48 58 2 51 97 46 20 44 22 13 47 80 31 47 95 60 87 38 37 80 81 82 96 46 15 41 14 89 65 82 52 2 15 83 63 64 87 80 86 100 74 71 54 45 77 14 14 98 52 84 66 29 27 51 61 43 69 17 89 11 75 52 20 
59 29 87 17 90 86 27 49 20 59 74 10 11 88 55 12 38 29 79 43 41 37 44 42 83 82 97 75 82 79 70 25 68 83 17 4 46 58 43 49 64 3 91 22 83 48 88 23 64 24 8 69 31 57 68 92 31 72 36 45 41 6 41 63 49 5 8 4 35 27 77 49 30 53 71 8 67 67 16 65 44 98 28 8 6 99 46 37 83 76 27 41 34 92 46 73 79 44 41 36 79 96 78 71 85 47 74 3 37 11 59 76 1 7 97 47 97 62 79 85 22 87 58 50 21 81 64 76 
62 72 78 46 88 86 71 21 14 96 70 56 31 5 16 4 50 64 95 44 86 74 79 87 67 13 52 73 43 37 40 96 80 67 67 84 67 61 73 13 66 48 93 34 74 5 60 87 8 21 57 79 90 23 26 3 13 56 48 16 35 44 70 25 57 59 33 55 64 92 95 54 37 62 31 97 97 90 85 84 30 100 40 46 88 59 80 43 10 16 50 21 77 71 14 82 66 19 25 25 65 73 27 34 81 38 74 24 47 100 86 49 33 33 72 45 34 67 59 47 85 87 63 30 37 64 90 55 
37 28 81 62 88 23 61 90 35 16 86 11 6 76 52 68 22 98 98 76 66 19 29 12 67 17 17 99 92 42 98 61 84 40 52 58 1 77 17 72 97 9 38 87 74 41 99 48 83 16 48 35 27 21 3 81 20 37 29 4 66 48 38 80 37 90 96 58 40 87 13 79 41 15 3 23 96 54 8 78 28 28 43 98 48 69 16 66 41 57 97 42 100 13 43 8 20 72 72 62 93 39 75 23 75 26 19 47 23 52 69 58 64 69 27 39 5 8 89 87 100 75 39 68 25 61 89 60 
10 93 26 79 80 87 40 95 48 45 30 45 69 74 33 36 70 46 99 3 95 22 96 12 87 14 9 45 93 20 54 46 85 15 79 41 96 68 14 16 1 46 85 28 74 49 29 6 91 17 42 49 96 36 12 17 54 84 21 73 43 69 60 89 5 8 82 48 75 78 5 23 68 1 45 27 64 16 6 86 49 15 14 90 88 75 64 60 74 1 17 21 11 47 50 88 83 24 61 3 76 30 29 54 35 95 49 26 74 55 76 61 66 25 26 40 95 71 7 28 21 74 97 75 22 63 35 11 
52 18 24 48 66 54 11 15 64 24 34 44 28 69 30 58 61 1 64 12 1 69 52 64 72 35 84 41 58 60 1 39 92 66 10 43 51 30 87 75 83 40 44 12 24 86 86 32 67 39 60 76 52 25 8 91 95 86 36 38 50 67 87 93 54 76 38 77 54 57 95 89 59 82 89 72 13 55 7 35 91 45 40 56 29 87 8 44 50 29 37 86 28 12 70 90 57 38 64 56 8 64 82 26 61 6 59 78 54 99 12 17 26 1 47 16 75 86 65 81 95 73 32 86 38 5 90 53 
84 100 95 21 52 77 88 21 91 61 52 50 90 21 36 21 20 47 71 59 23 55 60 72 44 62 58 16 36 65 69 9 38 50 95 56 37 43 87 91 65 58 17 28 72 87 54 93 65 42 79 54 67 39 62 55 36 62 89 1 46 49 26 52 27 87 81 88 46 68 51 49 70 17 17 94 31 76 51 72 71 79 11 7 32 48 46 84 90 86 26 19 39 48 18 66 19 92 22 19 62 50 74 70 4 61 95 92 78 43 90 87 6 34 79 37 14 10 79 71 19 26 99 82 88 83 6 61 
35 61 71 19 39 25 49 47 59 45 48 77 97 45 23 36 82 60 93 59 6 18 41 14 69 95 60 14 82 10 44 78 81 33 22 24 46 77 99 4 63 91 28 4 44 48 96 47 30 6 17 78 69 12 15 38 62 37 1 39 76 95 94 4 24 8 41 62 49 23 63 77 53 59 77 31 25 43 55 63 77 51 22 50 51 72 41 29 13 76 39 21 94 40 49 41 17 15 33 62 97 48 48 16 13 2 33 91 59 49 40 29 10 38 26 55 60 3 51 11 1 30 16 58 28 85 87 93 
76 30 47 55 43 53 62 10 2 64 64 13 57 40 34 71 47 3 41 52 73 46 31 4 45 92 76 14 48 49 44 100 100 83 31 44 78 82 35 54 39 81 65 22 39 90 64 8 77 3 44 92 51 3 17 68 29 55 66 51 26 21 92 80 10 31 77 28 58 63 43 36 12 31 99 38 28 64 6 47 28 70 81 17 22 1 39 76 66 56 27 32 18 5 8 14 60 55 15 34 50 38 43 68 49 61 26 44 4 50 33 85 15 81 1 4 54 77 38 17 49 17 22 42 28 3 91 23 
55 15 11 47 4 84 71 15 42 57 54 74 39 29 54 92 10 37 77 21 17 75 75 60 53 100 59 5 99 10 56 29 72 39 99 27 25 94 43 90 83 41 44 60 39 14 34 98 4 68 88 37 70 37 6 15 51 61 81 97 94 17 72 87 23 34 31 19 1 82 55 95 86 56 43 34 97 69 11 11 56 63 1 96 8 28 90 76 47 76 5 92 93 87 16 15 33 77 30 23 35 78 74 22 16 50 59 53 79 37 96 53 80 30 18 2 44 84 22 81 32 25 48 79 46 51 14 29 
38 49 76 31 61 92 5 25 57 8 87 59 37 84 9 33 17 36 66 35 53 16 58 26 52 89 36 28 25 14 57 65 51 28 58 18 66 64 15 85 93 94 67 32 77 24 24 29 23 80 75 10 66 14 44 29 29 21 36 7 11 24 94 39 15 58 87 99 66 94 78 9 75 20 46 28 56 26 5 80 46 41 49 5 24 54 81 11 76 3 70 15 63 74 1 78 45 80 50 54 43 78 43 88 8 51 23 40 61 6 7 19 70 57 12 35 25 53 97 34 74 100 90 55 26 83 44 34 
14 19 92 12 100 51 60 68 94 35 59 9 46 51 23 54 73 64 92 37 17 62 52 82 97 34 20 65 17 70 80 83 51 36 88 46 11 30 55 47 5 80 78 76 15 81 9 42 77 47 14 94 71 41 31 9 91 61 13 67 66 70 16 10 94 48 61 82 81 74 84 37 20 90 70 75 95 86 64 39 98 84 2 29 47 42 13 63 42 7 75 2 66 24 64 91 45 48 81 45 26 61 55 31 76 8 92 34 48 54 92 62 98 64 70 77 42 92 26 8 61 39 56 50 35 59 37 83 
1 68 79 96 58 2 37 46 64 11 61 5 62 75 24 10 88 50 46 14 16 79 22 61 31 29 61 66 43 56 50 78 4 17 41 49 21 86 90 81 12 17 60 87 71 34 59 98 61 36 86 26 54 13 34 32 50 93 1 28 100 25 13 85 43 1 29 6 12 8 85 9 16 73 23 59 53 17 78 63 41 50 14 11 48 1 22 30 92 67 29 92 81 29 15 8 45 36 52 100 20 58 71 21 50 39 68 62 25 54 24 56 45 62 66 43 15 3 4 10 21 63 49 95 55 22 3 16 
38 49 43 20 60 55 27 11 5 59 81 98 22 92 26 21 88 53 5 59 69 98 81 67 26 54 93 51 78 79 69 76 74 35 39 8 29 56 92 83 88 21 35 16 31 78 99 15 36 44 33 61 79 97 38 68 73 10 38 69 26 10 78 67 79 38 38 90 87 5 49 89 86 24 45 95 52 7 84 30 27 13 38 24 10 20 72 94 81 14 75 69 61 17 34 73 63 97 60 3 12 95 12 99 90 31 97 68 35 44 91 5 41 58 47 1 47 92 97 85 49 19 31 68 62 5 34 50 
47 31 94 18 59 2 79 8 80 3 51 55 5 48 3 11 87 62 84 50 22 14 64 20 14 70 32 53 70 73 92 22 35 44 54 52 73 68 94 13 64 21 49 7 93 44 60 60 87 14 27 3 33 47 8 88 7 4 78 78 2 97 37 70 26 96 74 31 18 55 81 64 36 50 19 45 64 40 81 21 91 99 8 20 73 46 69 15 3 27 46 29 66 11 62 17 14 6 100 83 14 88 88 18 36 24 31 56 87 32 18 16 2 90 53 33 78 63 71 63 10 69 45 61 80 50 24 79 
69 93 25 67 80 78 72 76 28 77 8 39 80 73 46 34 53 48 35 37 74 44 1 45 57 4 26 66 90 76 20 69 4 8 18 82 43 53 20 65 75 32 51 4 83 62 10 33 63 26 81 22 37 5 85 73 34 21 60 11 67 30 59 21 5 48 94 7 24 73 41 7 81 70 45 7 3 70 16 85 42 65 4 6 35 50 68 13 59 42 51 66 67 50 70 97 36 83 20 84 38 23 2 33 28 27 61 79 29 26 69 98 22 19 10 100 97 62 43 75 59 32 2 13 91 37 15 87 
52 26 68 21 70 97 75 44 44 99 30 35 19 76 67 63 68 10 62 99 91 54 83 42 79 63 43 16 58 78 83 75 91 100 10 63 12 5 17 6 26 7 10 68 1 37 57 78 21 85 21 34 59 24 10 65 2 63 59 48 48 59 81 74 97 73 52 96 98 1 56 68 43 39 70 35 74 26 3 59 59 43 62 4 34 61 31 26 31 74 18 66 95 73 8 20 29 19 31 58 27 84 23 29 55 57 90 50 73 68 92 19 65 76 31 93 83 81 3 31 75 98 12 93 21 68 29 14 
98 58 65 14 13 67 20 26 59 82 88 54 75 67 99 100 2 65 84 51 35 55 10 71 46 74 90 79 99 22 18 41 96 61 2 49 19 86 43 97 68 16 3 91 56 98 65 100 57 50 44 68 87 5 93 2 75 72 19 68 75 10 14 31 21 47 79 53 5 62 2 46 48 45 69 30 23 75 5 84 80 37 86 58 81 20 18 84 98 53 5 52 45 70 42 32 16 16 39 84 18 67 70 54 89 18 2 84 18 97 60 17 83 50 49 32 3 51 70 50 12 70 26 99 39 1 67 89 
84 56 15 65 22 69 53 44 34 17 3 68 55 16 53 47 87 48 28 37 50 87 44 85 94 47 67 39 66 39 8 81 40 55 90 14 53 74 1 36 60 12 28 90 62 88 73 15 43 90 41 53 85 40 91 19 7 27 83 97 51 4 49 17 60 30 62 77 8 70 12 16 89 16 86 1 77 36 45 81 100 83 77 82 89 19 87 99 40 30 29 83 98 20 50 87 94 84 19 43 46 82 71 94 97 12 88 91 69 48 93 71 24 70 85 80 62 13 49 72 6 2 5 94 77 5 81 36 
90 14 99 61 22 25 52 70 86 40 4 28 89 28 75 84 98 59 43 74 12 29 86 45 61 63 74 39 41 77 58 61 22 97 89 55 13 51 32 91 74 57 51 47 19 56 46 49 24 81 34 66 22 46 61 67 80 85 83 82 24 37 15 81 29 10 32 56 36 92 55 6 20 57 65 46 45 44 42 43 65 28 27 60 28 97 14 32 31 72 17 4 21 63 77 85 11 9 52 26 58 36 91 16 49 5 66 69 87 85 64 88 46 76 20 68 86 32 29 61 65 13 71 6 79 82 97 73 
28 37 55 38 71 6 39 41 84 95 60 72 91 42 78 71 21 23 30 41 62 50 6 84 42 16 13 70 64 99 75 64 51 92 81 16 87 68 59 45 49 57 46 66 58 46 99 43 62 40 46 50 48 42 76 19 1 7 18 27 94 15 85 88 91 78 1 48 67 69 44 4 15 86 51 54 6 77 88 48 14 54 4 82 34 80 24 40 93 20 17 51 19 65 30 59 77 6 20 100 64 11 14 80 45 51 7 35 85 81 7 35 61 82 16 6 30 28 54 57 21 31 57 10 9 30 23 89 
25 6 32 12 10 74 66 2 64 26 14 86 30 45 60 67 61 90 94 53 8 94 92 10 56 50 72 78 94 73 40 32 35 74 63 48 76 78 98 13 34 44 66 53 28 23 26 4 26 56 46 17 8 99 81 38 83 97 83 8 53 54 13 60 67 47 80 8 66 63 52 63 83 47 12 8 29 54 24 73 35 21 6 65 73 5 57 15 25 41 25 82 62 48 96 73 17 71 1 56 41 16 67 27 58 80 84 94 50 60 27 3 70 20 55 35 65 33 66 86 90 16 86 84 14 75 49 48 
9 43 25 55 98 18 90 59 39 96 7 55 90 2 96 73 31 57 79 62 72 42 53 76 83 88 2 57 99 54 34 90 54 56 62 18 51 60 29 63 58 9 26 84 73 71 24 33 35 91 27 95 24 32 21 30 21 69 93 79 15 88 47 98 26 38 1 85 86 1 48 8 54 89 24 78 76 27 66 15 81 36 32 3 34 64 47 28 16 8 77 40 4 26 93 44 4 73 92 24 22 31 66 54 57 6 84 55 76 40 14 8 56 95 61 30 37 96 67 68 90 75 58 66 66 4 66 5 
26 38 11 59 65 27 10 64 2 37 27 61 18 13 36 23 43 46 26 3 8 12 72 79 91 41 92 44 30 55 3 45 47 57 33 65 27 4 43 29 9 81 3 76 39 31 44 11 45 12 91 44 46 15 97 21 25 97 58 92 15 9 56 34 76 49 43 9 53 70 76 29 79 81 67 88 34 19 47 24 72 78 29 92 32 71 70 18 36 63 42 39 30 6 55 29 48 81 19 84 50 60 32 32 87 25 12 66 7 99 77 50 100 5 50 35 73 8 60 1 42 80 9 44 87 22 53 64 
68 20 8 90 9 69 89 79 21 79 90 44 65 46 32 17 98 17 3 88 32 59 62 20 88 4 71 37 42 91 77 36 54 73 15 50 7 100 55 3 56 52 28 62 41 52 50 78 95 2 36 13 90 40 87 35 88 94 23 31 8 92 50 100 2 52 82 47 36 70 88 40 21 8 52 14 40 65 97 21 33 54 9 26 29 86 99 62 45 79 53 59 47 44 80 95 100 36 59 26 60 77 99 30 19 83 67 28 55 47 68 78 82 90 26 69 45 32 29 62 67 50 2 68 73 96 38 54 
25 19 13 71 51 27 99 37 89 2 10 14 83 7 88 24 15 27 63 70 99 53 52 93 19 95 54 7 42 65 54 98 94 25 21 36 82 62 73 9 39 96 71 80 86 55 82 33 86 43 6 71 88 38 56 70 46 74 15 30 19 93 90 89 64 90 70 39 9 78 71 72 4 94 67 24 72 2 53 21 41 15 83 32 98 94 31 30 25 76 9 90 81 41 72 90 3 62 59 75 71 58 27 70 77 7 80 75 55 37 37 36 63 86 55 26 29 33 17 33 100 69 95 18 72 92 91 64 
6 17 35 22 21 61 88 16 60 32 75 58 99 29 74 56 82 96 7 5 2 37 38 67 68 72 97 5 72 86 45 37 3 42 59 24 95 8 36 90 88 69 19 40 92 11 95 72 84 28 44 35 9 50 7 5 16 73 30 80 3 77 87 73 66 67 25 91 67 39 77 60 95 69 12 8 82 5 86 92 93 7 91 3 26 48 10 9 32 46 82 72 35 65 85 61 10 32 21 16 92 32 27 26 33 28 59 42 65 32 61 25 99 16 17 1 96 46 6 67 55 90 100 31 21 65 46 94 
57 3 80 79 57 60 42 49 56 5 49 60 9 71 40 52 2 25 86 16 95 18 10 98 48 21 53 48 61 66 75 7 56 62 40 69 29 33 9 67 68 59 4 26 30 44 61 71 29 88 46 92 69 75 24 95 53 34 85 68 77 53 8 94 24 57 70 59 45 54 82 74 75 64 78 49 88 38 4 20 25 56 87 4 94 70 14 88 48 80 53 39 62 60 13 84 70 6 83 57 33 91 43 69 9 99 60 16 42 50 41 1 1 63 42 58 4 33 10 51 56 78 52 85 75 89 11 73 
62 39 51 35 54 32 1 80 49 14 91 64 43 92 44 28 32 93 36 30 15 94 49 85 23 84 64 75 19 21 91 49 7 80 91 30 5 10 23 23 39 78 13 20 83 1 19 10 45 44 34 94 5 91 46 89 98 5 69 19 45 61 90 23 32 19 85 54 19 91 85 93 48 85 26 2 87 30 15 85 33 49 13 44 49 4 25 74 41 99 11 82 35 93 35 63 56 5 18 44 84 38 81 2 27 65 8 72 29 29 80 30 46 61 9 77 89 84 9 84 38 54 86 93 59 26 16 63 
85 14 57 96 26 69 79 53 77 2 34 18 18 88 72 28 33 50 48 95 76 78 93 36 64 70 86 66 1 55 17 78 79 30 62 90 56 14 12 45 19 80 31 95 86 96 19 21 66 76 84 72 87 83 45 76 80 50 87 52 89 34 19 66 24 43 79 14 36 81 16 68 33 64 33 37 21 89 77 12 95 26 7 78 68 19 33 25 23 25 8 16 30 91 64 2 9 53 95 40 99 28 70 6 96 2 2 86 14 99 18 14 86 71 43 63 54 17 31 9 7 47 50 87 9 82 4 31 
90 16 33 79 4 33 85 87 77 36 15 3 53 67 87 92 66 10 80 12 26 77 88 28 50 87 56 95 17 7 64 15 58 13 47 1 7 57 10 19 9 48 37 3 63 23 25 21 31 49 66 2 2 48 10 55 28 83 49 40 15 55 8 63 82 69 34 23 42 58 70 97 38 18 46 24 40 73 17 28 65 98 80 74 67 65 74 72 3 54 15 24 67 56 13 84 86 22 6 32 27 25 48 13 86 42 62 87 87 71 92 85 86 12 87 1 24 31 50 10 29 67 44 37 93 32 60 91 
43 77 48 59 87 100 61 18 77 68 53 77 24 69 35 72 40 82 42 81 14 40 13 64 8 22 19 44 93 38 54 37 73 88 1 15 72 41 48 76 15 45 15 41 45 55 3 83 8 51 45 68 5 69 17 3 54 68 54 41 9 92 53 78 8 88 39 96 6 42 50 38 27 86 20 19 45 22 3 25 86 58 43 75 83 95 80 33 86 61 48 13 56 45 46 86 23 18 77 74 76 92 55 95 20 33 31 69 49 46 60 37 9 59 84 61 57 3 79 82 36 4 100 14 31 22 31 79 
31 66 91 82 13 70 69 35 9 36 82 33 25 2 31 36 61 6 76 21 29 90 25 24 49 59 9 82 71 41 13 43 47 80 10 83 90 24 57 68 13 5 16 65 13 81 14 46 100 88 12 71 59 25 89 76 20 86 55 63 4 67 62 57 37 74 41 23 20 16 23 18 26 83 36 42 81 70 94 35 48 16 83 46 97 9 69 70 36 37 16 42 74 7 87 94 72 48 24 69 67 96 3 17 82 27 94 82 79 40 10 8 69 34 95 77 32 36 21 88 73 11 69 22 73 49 44 38 
21 76 25 5 35 85 90 19 24 31 40 62 63 36 78 77 21 26 54 80 47 2 69 5 22 96 58 57 54 23 88 73 22 91 20 18 63 87 3 42 53 7 62 21 43 68 67 69 52 48 32 12 38 14 74 11 46 55 85 96 78 1 60 77 94 31 24 11 60 17 67 93 43 11 99 8 80 74 78 4 70 57 58 76 83 8 38 31 59 75 65 90 34 14 60 19 99 56 21 31 82 29 37 91 59 49 61 48 45 47 80 45 35 9 99 3 87 16 37 15 30 20 63 20 59 62 92 93 
66 7 73 11 93 83 41 91 18 46 18 6 83 46 56 78 78 79 36 98 42 30 11 45 72 45 55 20 82 39 7 56 26 16 72 56 18 93 42 21 91 41 65 59 24 48 71 64 73 2 87 22 6 100 81 34 82 78 6 58 57 53 24 33 79 81 84 46 38 75 34 47 54 14 75 69 48 90 66 15 45 75 94 24 40 18 16 33 92 49 89 30 99 13 35 52 6 31 79 2 87 22 16 51 10 88 17 82 69 6 36 77 85 72 55 90 72 11 99 7 91 47 19 84 60 67 38 17 
18 28 39 34 24 84 48 82 81 17 2 18 2 38 30 68 75 8 62 88 30 14 95 17 89 46 29 57 93 65 26 21 22 7 24 43 14 47 32 94 84 68 99 97 12 21 31 72 69 49 35 12 57 91 54 94 58 30 50 51 74 27 89 40 35 58 14 88 10 4 46 12 99 85 26 10 55 99 62 66 42 66 9 70 56 16 77 44 71 23 12 9 63 36 42 60 33 59 42 98 56 59 18 50 97 96 86 77 95 46 94 50 7 53 98 67 44 13 33 54 84 44 79 13 34 56 10 41 
68 93 51 57 1 2 34 79 47 49 80 10 60 44 65 61 88 100 18 23 90 92 8 91 96 85 11 91 29 96 41 99 59 28 20 78 33 8 31 93 27 93 84 32 22 13 57 8 25 35 85 82 24 24 5 54 36 89 9 28 88 87 41 38 78 60 44 78 35 79 9 82 91 89 88 23 97 3 56 87 89 26 48 32 37 90 38 15 14 13 98 33 57 16 62 29 32 26 51 8 2 36 19 32 74 72 62 41 22 82 76 84 66 1 89 64 28 51 94 99 82 39 32 17 3 63 55 11 
40 78 13 6 18 32 65 42 25 81 76 93 78 35 47 78 55 5 70 41 30 27 33 36 14 31 74 60 19 79 99 24 100 55 8 7 34 90 98 51 17 53 12 52 89 9 7 42 66 35 27 39 73 63 19 26 64 99 67 71 16 65 16 72 6 63 29 36 78 3 84 14 56 83 67 71 96 38 52 75 38 11 60 20 40 40 67 60 86 57 78 62 93 63 46 32 61 14 72 29 91 43 11 91 37 82 73 67 1 12 50 53 6 71 62 81 13 46 31 61 6 100 6 30 76 13 25 33 
63 35 65 13 67 47 27 10 69 62 59 100 20 94 72 10 76 25 54 46 9 53 57 50 40 74 51 35 47 57 22 64 79 17 54 53 81 52 88 60 63 46 55 21 3 3 79 61 78 83 71 96 53 5 95 83 35 8 47 33 33 82 94 53 26 63 74 30 51 3 99 87 35 84 48 59 67 34 73 26 82 96 74 52 16 22 18 57 60 93 90 35 37 47 75 18 32 35 6 78 2 74 33 50 11 28 58 73 24 10 65 14 23 41 71 36 22 86 82 96 9 55 45 92 37 27 55 55 
20 32 99 35 1 67 98 82 79 43 2 48 73 31 46 78 70 52 32 80 15 46 2 17 22 86 63 29 89 13 22 61 80 38 40 62 69 33 74 52 30 98 30 18 80 92 59 80 85 38 28 98 1 89 99 27 48 7 18 48 16 2 90 82 50 29 17 92 76 84 74 91 51 64 78 42 64 69 87 29 50 20 81 95 55 76 51 52 35 63 55 21 100 98 88 33 46 10 68 39 28 26 25 42 63 12 93 34 92 66 82 30 37 35 94 77 54 34 46 69 9 26 33 20 56 37 85 93 
74 2 40 83 69 57 53 43 73 67 36 80 25 83 63 28 28 95 1 23 15 42 5 50 56 87 68 58 88 51 67 74 6 65 81 26 64 75 26 10 69 1 23 77 19 10 85 44 48 87 74 99 70 47 53 48 74 40 34 93 45 86 30 54 85 100 96 99 98 62 100 19 87 39 25 4 29 85 26 5 43 19 84 19 22 57 60 34 18 6 91 47 67 8 82 41 18 10 9 11 82 38 87 60 69 44 28 67 100 11 100 99 90 72 49 66 84 61 83 33 89 42 66 62 62 78 93 42 
64 63 97 55 79 18 49 4 88 11 46 10 20 45 67 75 22 28 20 3 45 9 56 91 77 55 56 45 4 51 80 7 82 92 76 87 49 60 98 5 52 62 2 52 96 74 2 62 32 4 77 93 55 85 57 63 94 4 6 70 61 38 42 89 85 58 88 37 61 56 93 86 98 92 60 10 32 28 8 23 75 69 67 94 21 2 2 1 92 49 34 38 42 88 60 11 8 8 43 10 19 5 8 61 55 23 99 40 13 90 36 31 2 59 100 43 26 77 26 80 87 33 64 52 45 92 23 6 
67 31 68 1 88 45 2 47 69 6 90 38 20 9 44 2 31 53 70 93 30 79 26 59 51 13 11 62 99 40 51 91 78 72 49 75 18 82 2 92 11 34 73 85 26 82 74 3 94 31 1 91 21 85 40 10 21 71 38 12 48 59 66 37 13 72 82 17 39 39 100 41 19 62 24 20 17 38 13 15 97 66 53 22 43 40 31 83 3 44 35 35 42 19 71 96 47 2 23 16 35 33 92 70 74 90 47 99 51 6 6 5 50 22 80 63 15 83 50 68 44 52 64 91 94 45 38 39 
29 37 84 53 5 18 50 54 46 63 24 34 69 72 48 32 96 8 29 35 1 63 58 3 34 20 61 74 97 80 32 33 46 84 71 64 67 7 43 41 31 92 98 99 87 56 20 9 8 13 68 54 74 97 17 32 54 77 61 74 88 35 60 33 50 19 82 14 55 48 71 78 56 15 89 25 99 77 30 17 17 60 48 61 46 4 23 74 88 37 40 58 29 62 61 26 77 81 100 79 17 99 63 92 72 68 17 33 56 81 28 34 22 56 29 88 22 45 13 28 63 52 77 89 30 46 8 36 
8 13 49 36 20 71 42 83 15 27 50 39 50 52 47 89 39 20 4 78 5 42 93 97 99 64 99 70 35 1 97 76 58 17 69 58 90 5 24 66 31 32 83 67 96 45 14 7 55 83 58 32 27 42 50 52 99 95 87 7 84 100 19 6 47 65 39 38 12 40 80 95 81 12 77 96 58 58 38 26 62 3 97 72 80 47 64 90 74 11 19 76 19 97 77 69 20 49 44 79 24 50 65 47 35 76 43 88 17 31 99 22 34 50 7 85 67 51 43 36 78 91 96 48 86 61 21 96 
54 69 70 6 83 61 87 11 37 39 11 92 79 80 94 87 90 27 24 48 67 70 72 18 92 81 90 53 32 62 16 75 80 1 10 29 14 81 62 19 34 76 84 53 4 8 88 35 35 59 88 10 5 45 33 17 4 9 62 94 9 22 6 88 86 6 73 59 55 94 82 76 46 78 26 39 46 66 62 14 81 43 96 51 63 53 82 7 66 48 87 55 96 38 46 56 23 64 14 1 39 44 71 98 77 93 56 28 85 14 50 20 56 80 7 92 10 61 30 22 34 6 94 92 47 62 65 26 
67 96 77 16 32 78 26 38 94 79 45 7 3 11 88 60 60 97 36 92 100 62 60 19 47 88 92 14 32 78 36 71 3 66 68 53 68 80 21 64 39 22 38 51 50 86 26 20 44 50 67 71 10 96 47 36 35 85 54 70 81 79 93 25 61 13 18 60 4 4 25 5 98 88 65 27 8 88 33 84 49 29 20 29 58 75 2 69 10 37 99 20 85 34 83 9 69 12 3 50 82 79 72 7 69 89 12 32 10 96 1 8 71 86 1 97 35 32 85 9 51 74 47 86 23 97 60 17 
58 49 33 58 29 52 26 83 25 22 22 39 50 5 5 63 40 86 31 68 91 56 94 75 95 14 63 67 89 22 47 91 81 55 31 45 59 13 34 24 17 64 14 22 17 23 42 64 55 66 2 99 85 8 48 33 1 56 31 63 3 40 44 56 92 16 32 21 25 90 9 20 83 78 12 5 87 44 5 40 43 76 78 34 26 56 69 27 98 6 38 92 75 48 82 34 42 77 88 29 37 49 1 70 54 45 22 44 44 93 48 61 62 2 9 59 64 92 63 6 34 3 1 99 27 6 67 87 
11 28 7 93 10 1 64 36 95 1 85 35 91 75 45 42 94 76 25 98 11 71 37 85 39 42 52 62 37 76 70 34 26 50 50 99 9 93 2 45 85 23 74 74 36 87 47 65 86 37 40 78 61 26 76 54 85 34 72 27 12 41 15 38 37 92 28 54 78 69 32 4 82 38 80 66 21 55 83 19 47 82 56 37 15 54 4 41 3 3 13 27 12 12 50 54 52 82 54 89 87 19 55 32 10 71 42 68 39 68 67 94 94 42 23 15 31 56 63 7 25 74 9 27 3 44 31 15 
71 59 98 30 88 59 92 18 100 45 58 99 82 87 34 52 97 83 76 55 21 29 16 79 49 62 1 17 94 39 90 90 66 48 99 23 56 1 6 83 25 16 83 12 97 16 15 36 49 16 10 29 83 50 14 9 4 98 29 85 4 42 98 4 13 55 30 3 82 53 45 52 28 44 83 20 50 98 92 15 93 84 34 79 22 46 20 25 21 10 41 64 84 75 98 93 43 90 55 24 28 1 51 95 9 50 84 85 57 76 18 94 14 68 28 20 60 33 85 38 44 15 89 31 3 91 14 46 
10 13 71 76 48 28 37 98 47 57 21 64 27 52 92 28 75 2 94 55 22 63 72 59 50 94 34 5 3 36 92 70 40 10 18 81 70 90 93 78 16 46 4 99 56 4 23 62 53 24 56 30 48 66 70 48 16 25 53 23 89 68 57 91 19 70 75 60 95 84 31 71 12 82 89 54 7 3 70 51 13 44 24 1 43 47 15 23 47 97 79 93 2 44 8 71 80 29 68 37 47 75 7 81 18 35 18 27 9 93 11 68 98 87 1 78 14 50 46 84 66 54 82 95 26 60 78 66 
1 51 86 26 96 85 17 18 62 44 47 49 28 55 65 6 54 74 9 69 91 13 94 62 38 16 99 80 44 72 74 24 22 54 54 89 57 61 75 90 16 55 60 6 66 37 14 4 22 79 63 30 92 62 93 34 12 8 29 65 47 47 93 32 69 83 93 89 88 95 99 78 88 40 91 17 83 70 74 26 31 28 81 19 4 91 44 80 11 22 50 34 17 49 4 5 12 27 87 51 20 30 29 98 37 28 70 86 89 40 87 89 94 20 87 16 44 63 58 88 81 15 68 36 96 78 76 69 
13 75 33 52 97 77 33 15 59 43 72 85 9 92 85 92 1 16 69 98 17 29 45 89 63 41 81 87 37 25 88 11 6 66 62 69 38 88 50 18 91 89 60 88 12 87 3 24 32 56 18 19 40 77 70 78 97 13 4 13 7 1 79 22 22 14 10 65 61 72 12 87 41 61 32 56 95 39 23 61 14 27 100 79 96 59 40 73 49 1 4 82 56 80 85 67 36 18 52 98 61 100 13 75 26 92 77 19 12 41 17 8 83 64 46 48 33 56 6 83 71 78 65 12 72 97 38 32 
52 62 3 100 8 40 73 31 54 22 26 99 15 55 36 58 10 54 12 9 36 95 71 30 15 30 45 90 24 32 17 4 55 9 68 97 63 50 94 22 90 79 35 17 32 27 30 11 87 8 3 78 8 25 98 15 50 18 33 48 31 11 69 7 80 74 54 43 10 88 14 16 79 7 20 44 15 74 80 82 53 1 36 22 52 1 78 16 19 15 34 81 91 10 72 1 42 78 27 60 44 8 30 38 6 53 4 23 98 58 73 44 24 42 89 70 91 95 87 18 50 19 13 75 65 40 22 73 
17 19 64 96 15 85 61 82 91 94 83 54 22 9 65 93 9 48 70 65 32 34 7 15 19 92 18 14 87 28 97 70 62 27 65 28 34 8 31 88 62 86 41 71 86 100 76 92 4 15 68 31 38 30 85 41 33 94 33 63 78 64 83 47 67 94 91 41 74 48 80 32 58 70 68 55 86 83 38 78 82 98 44 33 19 84 34 38 75 9 97 53 59 85 41 48 100 66 62 78 82 59 44 65 96 18 24 19 21 82 40 27 49 89 55 9 88 52 69 8 56 47 87 37 5 94 88 62 
3 89 80 75 63 15 79 12 39 80 99 6 68 6 73 73 59 58 56 51 65 81 87 96 9 92 3 82 80 14 40 81 2 88 54 93 40 21 36 56 1 40 84 26 10 7 82 31 84 97 25 39 58 51 27 66 98 89 27 79 44 65 26 56 78 71 31 30 85 73 47 59 32 15 28 10 4 76 73 98 99 61 79 42 46 71 20 49 56 91 98 63 45 34 63 29 52 54 2 5 7 54 36 46 42 40 31 34 23 47 78 24 71 97 61 31 46 2 81 59 73 65 48 5 55 62 42 64 
78 72 79 5 22 3 35 58 28 34 85 69 23 2 65 61 59 99 41 6 78 8 35 80 56 33 96 90 83 97 51 59 92 2 53 100 22 1 10 16 72 68 49 4 14 35 12 60 17 61 10 60 71 7 83 41 83 24 30 90 56 64 16 24 81 49 8 63 40 12 88 62 1 51 56 60 77 74 52 83 8 84 37 76 65 76 97 75 55 94 33 59 29 98 76 48 10 58 11 33 7 67 19 31 53 57 50 39 9 90 55 24 94 49 42 75 68 68 12 27 75 98 26 69 1 28 4 38 
53 57 69 32 96 15 7 21 56 73 33 26 28 10 12 73 92 22 72 49 7 98 98 46 74 55 8 22 74 5 61 61 78 75 22 70 81 60 48 59 77 33 40 8 48 95 86 100 100 86 70 18 37 51 16 30 38 13 78 95 74 72 41 12 5 22 53 60 85 56 46 31 65 98 27 29 58 61 39 48 44 26 35 61 16 25 98 40 36 55 14 10 64 78 64 4 5 22 80 68 51 98 28 84 61 47 24 70 54 94 42 25 8 100 32 30 89 39 51 76 89 63 57 75 64 90 75 81 
66 67 60 31 89 10 2 24 54 70 79 24 31 42 39 36 57 60 97 17 88 51 54 58 87 36 86 49 28 63 100 59 25 41 11 50 82 41 76 94 23 94 25 26 65 51 52 76 94 84 10 68 90 37 47 18 30 34 47 79 47 70 48 33 39 54 69 31 85 5 46 42 51 96 81 65 89 17 3 5 84 7 48 75 44 72 3 29 26 54 15 23 11 35 59 60 87 45 75 3 41 72 11 84 6 48 85 61 74 55 45 27 29 52 55 43 29 58 37 65 71 82 60 35 46 65 90 23 
89 100 87 12 88 96 87 83 21 61 5 65 40 73 99 34 11 85 97 100 12 35 93 100 4 75 39 17 39 39 9 89 32 70 29 53 56 36 4 81 70 52 21 60 48 76 43 70 65 70 63 41 90 36 20 94 19 83 29 25 54 71 99 5 39 90 10 8 95 80 22 63 21 41 75 4 83 26 73 36 13 18 82 15 58 96 35 42 21 89 6 79 42 98 36 62 60 26 82 36 5 1 61 42 80 85 88 60 92 64 14 57 92 19 18 18 49 56 94 84 15 3 68 81 71 75 36 44 
89 25 3 46 99 76 25 5 46 62 75 38 65 10 19 38 55 80 34 16 90 39 12 38 88 49 74 17 17 38 94 83 68 49 65 46 35 59 37 55 31 86 73 26 57 9 97 97 53 9 34 27 45 70 63 78 80 18 48 68 49 42 23 97 72 5 51 28 76 84 7 87 42 83 43 85 90 56 40 78 63 60 51 34 3 39 95 85 27 21 6 69 66 42 3 42 80 25 23 55 53 59 53 66 34 36 63 11 20 98 54 78 8 58 10 64 46 53 89 92 61 40 64 86 7 52 70 26 
10 80 91 10 85 66 95 47 57 67 70 2 54 68 82 28 29 46 17 68 73 31 37 68 44 91 30 53 51 53 48 98 47 4 5 22 61 63 19 20 53 86 63 74 28 4 76 33 52 93 7 70 44 72 3 16 24 84 98 10 98 64 55 73 29 16 78 4 54 35 50 77 21 65 85 14 25 46 65 30 22 90 87 84 63 76 82 50 72 31 68 59 60 24 10 68 16 71 47 99 81 72 47 12 94 31 22 77 52 63 74 97 58 94 15 60 26 84 39 20 33 22 10 95 66 48 20 93 
85 69 89 67 24 69 9 58 43 34 50 6 60 25 14 77 64 80 17 49 44 2 24 37 96 87 93 95 23 73 89 28 43 16 43 86 55 57 95 60 75 47 77 99 2 6 25 16 38 78 13 18 62 97 99 68 18 37 40 19 14 31 42 23 71 25 20 42 80 49 97 58 69 56 74 26 63 56 51 22 55 31 61 52 32 67 7 92 4 25 16 7 24 16 27 86 59 31 23 49 88 83 81 53 55 54 34 76 16 47 34 29 87 42 65 81 86 79 47 43 60 95 48 41 63 74 19 56 
26 98 80 66 7 5 100 12 94 80 100 63 7 72 64 49 100 34 25 55 15 36 68 7 18 36 86 9 2 20 92 92 73 97 94 94 83 26 82 86 20 43 72 93 15 93 98 47 88 51 94 75 11 91 12 64 48 36 31 81 66 7 10 34 91 35 23 7 2 3 88 96 94 23 60 11 16 67 9 28 75 54 59 55 68 84 62 81 91 81 64 3 4 9 31 27 69 49 37 76 69 16 74 53 82 98 98 81 6 55 83 4 72 92 17 79 14 9 16 27 73 93 17 58 15 61 70 30 
25 41 84 56 18 36 44 86 66 31 45 35 36 79 59 32 38 81 92 39 93 49 42 29 76 83 93 38 74 30 68 93 52 43 31 38 68 15 5 23 82 37 68 37 66 69 4 95 67 16 92 96 31 65 35 50 78 99 42 38 85 4 27 21 2 1 29 52 98 58 40 79 42 57 80 25 93 13 67 79 74 50 76 89 34 58 76 34 81 58 44 43 70 86 1 64 7 38 83 2 3 55 97 31 26 63 4 1 76 11 12 40 63 86 49 93 23 34 95 74 42 80 46 89 76 94 79 79 
1 22 81 21 94 47 54 98 62 69 80 6 95 47 11 12 28 74 24 53 15 99 13 72 33 36 98 70 32 8 45 81 80 46 99 83 76 82 93 30 97 90 64 18 20 34 100 75 56 56 15 23 90 96 90 90 7 90 56 81 70 78 48 54 25 16 94 49 58 49 94 38 95 57 45 26 97 62 96 97 71 8 62 98 22 1 23 30 52 90 95 98 46 36 7 38 66 11 100 90 17 76 95 95 57 29 23 33 39 46 23 42 89 42 51 93 84 17 72 62 4 6 77 18 20 53 66 9 
31 25 16 15 87 53 46 29 72 37 72 69 10 26 89 54 1 90 31 71 12 16 34 61 28 64 2 100 75 38 88 16 77 45 42 13 53 17 54 64 4 71 67 93 44 58 25 12 49 8 89 12 53 6 57 85 41 76 82 23 14 61 76 82 60 96 96 83 98 44 83 93 12 65 53 90 93 47 59 60 16 33 52 88 58 19 64 9 100 76 20 64 16 96 75 35 76 52 60 88 7 32 1 64 77 91 98 84 43 15 73 62 23 65 6 26 63 61 100 38 45 42 70 13 3 88 30 91 
36 76 92 9 98 17 77 69 16 6 100 35 93 57 59 55 89 80 98 56 48 99 98 72 27 1 76 3 32 2 67 91 27 5 57 12 22 15 100 54 98 87 95 48 8 83 73 45 86 53 63 68 16 92 89 43 44 86 42 50 13 7 4 77 17 41 87 56 1 44 22 37 48 65 43 47 71 43 10 88 52 6 99 12 25 7 1 18 4 40 87 60 20 51 7 54 63 61 19 70 32 26 68 41 55 47 7 38 84 87 64 21 5 31 21 41 74 89 78 39 72 74 85 49 26 73 10 87 
87 90 20 78 47 24 85 27 43 49 68 27 68 88 85 7 13 42 43 81 57 6 72 28 96 70 27 18 50 13 47 38 27 39 9 52 70 53 83 13 12 88 17 78 3 55 88 26 13 71 69 41 57 19 10 69 38 44 23 25 5 39 49 77 33 50 51 8 71 81 56 48 48 76 77 81 62 40 37 100 64 9 79 76 29 97 36 83 93 20 64 77 27 60 60 79 95 73 38 44 7 37 13 26 71 39 94 88 12 37 41 78 62 40 48 88 74 57 46 12 23 75 89 46 5 26 34 84 
22 4 50 74 6 26 45 18 68 33 45 24 23 70 9 10 51 27 96 42 64 54 60 23 69 55 59 63 69 44 94 51 1 44 19 80 75 36 76 67 45 50 50 4 24 51 50 37 4 23 13 51 58 55 41 1 16 94 60 12 27 48 67 78 30 87 89 61 68 80 63 48 80 7 98 59 59 63 13 4 89 51 55 51 96 51 17 38 8 15 89 36 31 26 59 16 76 63 62 100 97 93 70 92 46 92 35 16 57 87 85 90 97 68 76 89 32 43 79 100 9 8 78 79 30 39 55 53 
40 77 79 49 1 71 61 58 63 93 76 6 70 26 84 27 28 64 84 93 11 60 27 65 44 47 48 84 85 23 72 5 91 18 25 23 31 27 77 53 51 85 51 26 5 75 58 16 24 92 31 49 91 17 79 61 75 28 49 85 14 87 4 67 38 45 46 23 48 79 42 79 9 42 68 99 62 90 31 82 89 97 17 93 78 93 86 64 15 76 84 77 46 95 62 79 95 42 85 36 25 10 5 55 20 63 47 5 20 64 67 55 80 25 40 17 34 18 59 3 40 7 4 82 35 17 49 38 
79 80 97 34 22 40 78 5 52 56 16 7 6 83 70 71 29 97 2 73 68 23 67 92 95 92 2 22 40 46 78 84 92 9 35 99 25 3 1 79 89 85 14 78 72 95 93 89 56 16 30 27 68 2 83 47 45 53 27 52 14 57 76 11 52 11 12 67 36 68 54 78 93 22 54 99 64 26 96 96 32 45 71 34 54 44 20 97 86 89 66 11 47 80 65 39 45 98 21 32 89 13 9 86 38 97 8 71 39 43 4 18 52 67 46 39 23 32 88 25 82 23 33 69 17 75 54 80 
2 94 92 73 40 24 29 15 82 45 44 87 49 92 77 43 31 1 24 9 31 57 65 76 4 14 1 64 77 36 19 2 22 44 44 98 9 49 41 1 51 52 93 85 84 100 77 61 60 6 9 9 50 88 50 94 6 74 38 44 41 66 47 25 55 93 27 90 77 26 56 37 48 77 89 11 49 89 73 42 16 52 30 26 90 69 10 41 9 60 66 51 96 40 32 44 32 45 76 29 94 9 43 67 94 84 44 37 5 85 76 24 29 53 72 100 59 97 43 33 96 7 75 92 54 11 3 58 
3 55 1 39 68 7 13 46 55 16 47 20 29 14 43 26 98 19 12 16 74 80 13 91 88 67 31 70 8 29 34 56 49 22 11 95 100 25 19 99 66 65 30 95 81 86 56 22 16 80 33 99 35 6 68 17 84 11 8 65 17 3 37 10 70 30 94 64 70 74 87 79 83 45 55 33 86 88 36 86 82 52 37 81 23 51 88 87 95 88 97 97 42 22 82 55 77 66 89 38 7 54 32 55 91 47 61 83 10 73 56 46 3 54 6 30 99 10 12 97 70 1 74 29 64 42 21 78 
20 1 24 94 12 37 92 74 49 81 42 81 1 2 66 53 72 98 77 69 85 52 67 23 76 53 21 72 81 17 45 60 87 69 9 60 70 5 33 64 2 80 92 43 61 95 6 85 91 2 10 44 32 1 30 79 97 5 90 10 66 3 3 84 87 22 85 33 58 64 16 95 5 11 51 52 62 60 11 67 96 74 29 22 4 33 15 71 26 11 99 73 21 49 11 38 77 93 29 87 48 64 25 13 69 10 1 33 82 10 2 8 38 76 91 45 5 42 38 71 83 83 51 14 85 32 70 16 
58 24 52 10 90 79 34 83 66 97 59 37 56 14 13 62 96 96 82 25 51 18 41 5 93 76 10 64 27 41 31 46 2 16 35 57 39 30 79 36 33 48 97 61 16 100 31 39 91 18 77 51 87 81 80 46 50 1 47 81 97 37 87 45 67 87 62 87 34 54 22 41 81 73 63 55 28 44 27 5 28 73 74 98 18 4 6 61 68 42 49 57 48 70 98 4 41 95 22 96 52 92 18 28 17 38 81 48 84 94 13 50 57 37 41 21 24 63 50 91 1 47 1 32 63 82 49 7 
5 77 18 4 1 53 31 73 13 68 7 97 9 10 74 13 94 69 3 85 80 47 91 52 41 22 63 61 15 18 43 45 29 45 46 54 54 27 46 54 67 13 53 53 10 77 71 87 18 36 54 9 19 26 33 56 28 25 72 81 67 34 93 89 7 96 80 69 51 55 5 48 12 86 20 40 66 84 55 89 38 95 48 8 10 50 27 6 49 100 11 52 13 30 30 58 16 74 16 25 93 3 60 43 27 46 83 4 3 63 50 17 91 68 56 61 38 53 88 68 91 40 57 53 78 89 45 96 
16 61 46 39 16 95 22 5 70 15 29 96 51 36 86 18 51 12 65 4 25 1 86 80 74 24 52 85 17 8 87 54 95 6 79 5 99 87 16 44 77 77 38 14 21 77 26 10 43 33 23 82 68 54 63 100 29 4 53 52 69 75 67 49 37 69 74 90 81 98 13 95 94 14 42 45 71 24 81 98 80 97 100 47 59 28 72 19 39 80 24 46 68 55 31 17 12 71 63 62 31 79 41 76 38 62 7 31 50 69 96 35 41 50 2 97 51 68 98 2 35 96 74 22 35 89 44 61 
33 46 49 24 79 42 32 92 53 74 60 63 26 68 11 20 46 94 93 74 43 44 49 72 18 80 39 83 55 86 4 93 17 21 11 54 66 16 93 12 62 69 75 80 32 60 29 40 56 94 12 31 62 28 16 25 2 99 91 31 67 68 70 47 91 34 64 74 51 93 65 74 26 33 73 6 50 44 10 97 97 54 67 14 70 26 79 28 90 12 54 29 97 41 68 32 99 92 81 79 5 52 4 71 91 76 43 63 65 83 6 92 94 92 42 28 35 57 53 5 99 53 64 98 79 27 18 10 
16 28 66 16 70 30 50 59 31 87 65 98 85 13 97 1 17 46 18 84 92 8 98 90 18 100 2 33 96 66 34 27 58 35 51 56 79 55 76 68 36 27 11 19 12 28 77 60 4 30 29 70 61 83 70 86 14 11 43 2 26 29 6 52 54 9 47 41 8 26 46 22 77 70 23 27 78 19 31 46 68 1 1 40 64 73 43 7 53 93 93 30 74 66 49 96 17 66 14 35 15 4 28 19 36 7 11 30 64 36 88 13 70 92 48 68 72 65 34 27 79 25 76 39 61 12 36 65 
43 7 3 20 63 17 74 61 9 30 69 18 12 28 97 42 99 32 41 59 89 19 16 24 34 75 55 98 93 98 31 43 13 44 21 86 64 37 46 41 17 44 54 74 70 58 98 64 99 15 11 90 14 13 79 30 84 40 82 37 62 12 12 34 94 61 51 17 35 64 23 16 65 69 58 41 24 29 86 18 48 91 82 35 16 46 78 38 19 89 76 91 34 94 16 82 90 34 98 72 28 57 97 78 3 100 77 94 34 61 60 59 2 51 100 64 7 57 5 26 76 64 58 12 35 78 7 33 
19 97 96 88 6 83 6 81 65 28 87 79 73 97 81 61 80 39 4 59 36 80 61 11 10 78 64 55 80 90 1 12 4 50 64 27 1 48 72 89 20 24 73 1 31 9 74 21 19 51 39 7 63 74 33 58 23 67 43 63 82 61 94 52 100 54 27 73 5 5 66 63 6 2 92 98 16 84 88 3 64 6 76 26 78 63 61 8 83 34 54 87 1 7 70 37 2 44 78 17 60 68 35 25 42 52 94 94 9 90 38 30 50 74 46 62 4 30 90 40 82 20 71 8 42 68 54 2 
96 25 41 81 37 74 34 62 6 7 29 97 88 76 62 48 41 97 59 38 59 42 71 79 40 42 73 24 32 100 75 13 99 34 17 39 4 29 67 79 39 60 36 78 88 59 74 29 98 39 44 76 37 27 10 46 66 98 37 74 69 31 9 1 46 95 93 55 82 68 36 77 90 34 73 11 15 97 93 63 90 39 36 23 75 57 70 42 95 42 60 47 49 5 74 5 76 9 22 94 89 25 57 25 41 39 26 17 91 15 33 54 36 28 53 1 50 46 98 70 30 67 41 67 95 28 98 56 
88 50 38 84 8 80 45 86 50 66 60 14 92 81 54 81 70 56 57 91 57 38 84 58 48 98 70 73 74 36 68 11 16 34 66 9 33 75 93 17 86 7 79 28 61 38 81 15 59 97 79 83 29 29 39 29 58 83 31 31 72 22 31 36 37 97 73 45 76 18 9 61 86 91 20 99 50 50 2 49 7 100 30 59 57 19 47 53 79 18 95 94 25 44 40 83 81 81 18 1 9 17 82 62 25 26 27 51 73 80 89 41 88 96 100 10 77 17 31 57 77 63 18 63 76 91 15 15 
10 95 94 93 61 64 56 44 74 24 54 62 81 80 12 77 66 55 47 29 22 26 64 98 12 20 93 33 73 26 1 86 38 86 41 45 41 34 68 82 41 76 59 70 86 63 89 75 22 17 57 76 86 86 99 28 85 95 46 43 11 49 98 51 90 54 32 49 64 99 21 39 20 21 85 2 34 55 29 47 15 14 97 94 52 90 25 12 7 76 89 4 1 64 45 57 19 72 67 45 12 97 64 17 89 96 97 37 40 48 99 76 23 95 100 9 69 13 59 43 83 80 19 79 61 19 31 59 
18 24 47 92 70 23 97 78 92 16 47 62 61 25 63 60 67 92 16 10 21 72 3 13 58 11 23 93 3 55 5 24 41 74 53 71 3 100 23 66 20 30 91 17 13 84 44 49 86 35 21 31 52 3 46 67 82 39 66 7 74 30 50 95 92 4 50 13 30 40 35 25 36 44 70 15 69 8 41 83 100 18 89 51 29 22 6 68 18 82 19 59 98 17 45 24 71 26 45 71 79 76 55 24 71 14 83 21 43 73 14 91 37 71 26 8 84 84 94 76 35 37 55 10 29 52 24 40 
42 41 88 88 32 26 23 72 2 38 6 47 51 29 51 77 11 73 3 56 14 56 36 49 88 64 47 90 90 73 13 66 67 34 74 28 86 15 12 33 3 89 36 58 73 68 62 70 3 57 50 45 75 9 69 70 92 71 11 89 42 55 48 78 66 62 2 93 52 96 38 88 22 98 13 64 47 51 47 75 79 76 74 78 15 42 25 99 73 26 17 99 98 83 29 60 26 25 29 12 81 11 30 5 56 71 63 4 95 81 2 6 95 2 19 5 85 50 2 38 89 19 79 73 15 41 45 20 
5 10 77 28 78 77 45 28 37 76 6 24 53 41 53 27 3 19 80 85 70 99 88 26 48 59 7 38 81 85 32 2 90 16 26 78 33 86 53 67 9 97 35 15 70 71 70 46 6 87 1 76 40 82 68 5 20 14 62 56 65 52 53 21 38 33 48 82 41 44 59 55 47 67 15 91 44 83 90 67 43 37 14 71 14 43 29 38 54 27 94 29 41 20 49 52 19 48 14 35 15 56 78 82 81 51 76 10 78 20 27 71 32 44 12 19 73 92 72 21 5 32 72 72 44 88 29 80 
68 85 10 12 22 13 28 63 75 37 72 92 6 32 15 12 30 55 46 35 33 64 81 36 3 40 5 24 32 85 33 99 62 42 53 46 51 95 12 37 62 60 15 2 91 7 77 62 21 42 11 13 92 2 87 46 95 83 24 40 59 28 83 19 22 99 9 5 76 36 35 95 63 40 32 34 85 21 51 39 17 49 63 58 83 93 2 42 27 92 87 93 89 66 56 78 78 95 99 96 5 16 68 11 63 8 60 85 44 8 58 70 55 78 84 95 53 46 49 83 26 10 58 71 79 78 11 56 
99 7 72 28 34 44 87 74 66 95 46 37 69 84 13 83 25 34 11 28 2 19 32 45 11 6 11 74 70 35 99 7 8 72 32 62 65 52 90 97 1 42 29 69 43 65 80 79 46 64 35 18 12 25 29 53 48 41 3 86 86 48 56 83 87 5 75 91 88 10 92 53 5 57 100 83 20 86 23 33 83 74 68 80 65 48 54 59 49 34 24 94 44 7 76 17 63 18 92 31 91 9 70 29 50 88 50 72 67 34 42 47 11 45 36 19 99 96 75 98 28 89 21 16 53 67 22 30 
12 147 138 43 162 102 17 70 37 122 36 122 94 72 50 139 103 106 53 122 70 89 66 78 144 151 22 80 76 108 103 58 128 171 125 146 75 76 50 56 122 181 178 131 108 120 22 34 64 91 129 58 116 79 173 117 147 43 104 98 106 71 91 32 179 180 119 119 188 73 146 89 116 151 60 92 28 135 114 85 72 110 153 45 174 173 124 75 104 79 150 58 106 129 57 46 72 126 134 94 58 74 41 155 125 54 120 81 115 14 100 101 128 120 129 72 62 101 62 131 151 155 86 94 61 137 41 111 
147 42 118 82 109 115 129 100 29 70 70 105 123 60 139 119 153 110 133 136 95 142 71 124 163 70 184 97 99 162 104 118 90 129 144 118 98 112 101 131 69 90 83 117 108 55 66 170 118 54 17 137 104 131 94 107 69 77 39 168 49 97 105 192 174 83 69 137 76 40 67 89 104 75 86 48 111 84 137 17 100 161 108 117 110 76 77 61 116 185 176 48 91 101 88 150 77 111 114 97 165 93 126 117 119 30 71 116 89 95 180 143 192 53 100 105 86 163 32 63 91 119 92 46 53 105 139 132 
138 118 42 143 173 105 73 141 97 90 79 75 93 93 113 93 128 76 110 23 177 34 102 87 90 94 122 108 70 146 129 31 63 73 91 145 109 60 155 98 131 131 87 144 71 80 12 67 105 146 113 91 172 194 97 191 147 145 86 107 94 110 38 140 104 102 86 133 115 92 169 92 100 107 103 111 128 125 95 19 57 47 124 174 114 118 89 98 121 76 63 36 97 77 60 122 62 143 114 151 64 173 83 45 169 94 149 101 165 109 89 30 124 76 83 158 130 155 66 108 84 95 116 28 108 60 110 110 
43 82 143 124 69 133 65 104 96 124 153 105 102 170 108 62 99 86 146 91 156 154 46 121 96 45 79 67 103 77 100 133 94 119 2 34 62 119 117 101 54 63 38 104 101 78 104 54 135 99 101 79 43 82 149 31 134 109 95 53 111 165 134 121 129 148 127 98 98 106 101 153 25 95 73 133 110 37 140 91 118 145 74 152 41 32 82 110 165 89 117 151 98 130 117 125 38 104 79 29 154 155 62 81 121 93 59 124 40 119 90 80 81 77 152 126 58 100 58 132 167 54 41 75 90 73 128 72 
162 109 173 69 60 129 118 104 122 82 80 120 47 71 168 48 135 168 114 136 115 43 59 85 101 112 104 124 133 57 168 49 122 129 160 92 87 117 74 108 90 67 35 108 101 75 87 135 128 135 126 42 67 147 99 165 101 45 129 129 107 60 98 146 91 184 126 22 165 131 98 118 132 84 127 91 76 66 86 71 89 25 158 33 111 163 59 81 80 99 181 90 155 127 125 91 60 144 131 112 96 101 53 121 62 120 91 45 153 51 122 61 75 69 110 145 148 150 48 89 8 95 116 117 50 142 20 29 
102 115 105 133 129 180 52 98 146 60 80 174 147 132 86 118 130 121 73 83 98 180 105 150 109 181 80 37 138 37 36 149 77 103 68 187 120 171 126 32 86 16 36 75 59 75 70 91 71 184 76 64 100 113 121 113 91 141 150 132 97 62 22 116 136 123 70 109 73 88 50 156 94 131 30 110 102 140 103 117 112 105 25 61 114 72 84 117 46 76 34 159 72 103 150 24 95 142 94 102 107 106 33 95 101 78 130 48 43 81 145 124 106 51 114 53 136 141 134 77 177 66 60 136 94 90 190 89 
17 129 73 65 118 52 44 189 177 89 34 68 102 174 99 74 99 139 50 153 14 94 47 70 96 64 160 86 167 123 170 68 80 129 125 80 114 96 124 114 105 75 65 65 91 83 12 83 75 128 105 62 136 139 78 102 40 89 105 58 72 61 19 122 76 130 115 143 114 149 77 68 141 138 184 123 92 111 99 117 169 139 54 28 103 143 50 77 87 153 37 85 125 98 199 137 65 47 112 101 86 60 151 38 126 147 154 161 111 114 92 167 91 52 140 127 145 42 156 115 142 40 134 155 44 56 86 102 
70 100 141 104 104 98 189 12 103 68 167 186 144 114 112 172 160 112 87 90 118 100 84 64 101 66 33 81 79 53 66 145 105 88 71 132 192 125 67 95 76 52 115 131 107 99 86 117 132 142 90 123 160 117 149 78 146 148 128 94 115 135 41 18 164 103 59 107 149 153 111 98 124 88 57 160 60 97 62 113 177 180 39 152 107 127 107 82 84 65 47 154 134 140 71 74 77 47 85 150 153 128 112 77 49 105 97 86 189 101 110 73 15 127 97 107 116 131 78 115 113 87 145 106 32 85 141 125 
37 29 97 96 122 146 177 103 178 128 47 44 143 79 101 70 156 172 93 88 151 173 130 110 105 30 140 141 170 133 122 147 120 133 29 120 101 145 137 33 18 148 134 57 97 151 174 135 89 115 65 55 27 99 25 99 107 35 115 51 72 49 165 117 130 58 102 136 44 120 110 82 67 24 78 95 69 139 129 166 52 45 153 78 62 103 109 65 127 43 139 85 32 129 102 163 140 91 102 33 130 59 31 100 96 101 72 155 75 125 156 141 108 23 78 117 136 29 56 62 119 78 140 26 28 134 127 143 
122 70 90 124 82 60 89 68 128 28 121 114 122 140 161 85 89 189 65 176 93 135 104 129 46 71 137 102 102 100 19 43 106 30 90 51 183 108 98 126 30 122 110 31 124 131 25 115 7 78 156 81 134 52 163 57 112 123 136 74 44 134 163 107 127 120 108 160 128 72 43 70 134 94 69 100 74 91 130 107 97 108 68 126 98 162 52 111 83 80 81 179 139 113 90 133 189 112 81 61 94 96 77 34 103 77 48 112 179 166 138 129 121 100 83 63 163 144 110 106 114 39 123 124 83 92 109 162 
36 70 79 153 80 80 34 167 47 121 8 107 113 88 179 86 69 133 101 72 185 104 105 185 118 80 94 25 110 57 40 10 173 50 143 115 93 115 91 128 68 49 129 103 104 170 134 88 109 36 105 104 125 18 123 156 91 140 184 128 175 99 101 86 80 109 147 64 92 115 110 109 124 182 165 100 89 132 141 31 95 104 82 135 76 140 27 138 45 94 138 135 126 108 115 75 162 168 175 84 141 59 90 97 101 56 115 135 108 92 98 157 86 101 32 55 48 109 90 96 24 64 50 87 36 122 99 10 
122 105 75 105 120 174 68 186 44 114 107 154 116 99 96 165 88 150 192 150 121 46 123 124 53 156 130 157 73 118 118 66 135 139 63 100 180 53 141 57 93 120 67 56 145 130 118 131 93 73 87 83 116 152 129 33 114 165 86 61 56 110 46 105 164 88 54 109 126 54 136 106 60 68 92 62 59 86 79 80 85 170 123 100 120 122 86 57 142 127 175 20 102 68 105 132 17 113 104 112 108 20 49 88 97 136 29 126 105 80 121 117 131 69 17 76 123 114 98 113 119 137 91 125 70 133 34 149 
94 123 93 102 47 147 102 144 143 122 113 116 126 76 83 55 109 29 44 154 97 111 35 101 134 152 182 95 76 113 57 184 137 76 137 134 193 75 144 94 99 113 115 118 109 156 103 99 119 53 146 62 179 147 100 127 57 33 116 138 84 138 29 174 121 34 48 25 20 114 121 47 116 126 152 97 83 124 102 67 157 78 89 43 178 130 89 129 40 74 87 96 191 81 149 63 182 69 135 84 103 151 113 88 128 105 54 88 63 40 100 40 92 142 112 99 54 52 89 71 122 49 117 115 51 65 110 26 
72 60 93 170 71 132 174 114 79 140 88 99 76 4 92 99 75 134 157 79 74 139 137 55 160 156 158 88 93 35 23 103 112 50 114 81 110 52 111 49 106 20 101 100 117 83 112 116 75 74 146 37 122 141 51 93 76 149 70 115 64 89 46 142 91 86 66 88 114 122 88 129 112 68 44 105 130 95 99 152 110 164 183 118 29 113 111 163 128 107 134 168 155 106 102 101 58 141 104 31 71 139 156 144 142 155 80 157 110 106 59 48 32 110 152 181 95 104 16 77 88 80 110 94 107 113 63 33 
50 139 113 108 168 86 99 112 101 161 179 96 83 92 176 127 138 59 119 121 151 102 32 88 66 128 84 38 61 78 107 164 178 93 103 140 167 89 122 199 106 88 72 176 66 101 87 117 93 98 70 162 61 102 129 60 166 64 51 88 111 72 101 24 142 103 58 146 141 66 109 168 81 63 157 84 144 82 150 69 95 109 33 75 114 137 119 83 108 88 129 90 93 115 131 156 112 110 77 94 32 53 29 91 150 55 177 92 30 106 145 125 27 57 108 155 55 84 69 146 139 93 135 96 47 73 105 85 
139 119 93 62 48 118 74 172 70 85 86 165 55 99 127 184 112 95 115 119 141 45 157 131 86 74 56 135 46 146 111 109 148 176 135 175 103 86 76 129 80 138 39 109 143 141 104 60 73 101 97 144 89 122 129 45 152 91 73 95 83 139 137 64 132 93 78 48 83 102 114 76 79 131 16 48 138 7 81 99 159 48 107 145 172 99 189 94 123 95 144 133 38 131 73 83 92 32 138 59 147 119 107 153 82 114 147 124 128 105 82 114 73 85 140 46 32 140 53 92 147 122 101 166 57 35 122 109 
103 153 128 99 135 130 99 160 156 89 69 88 109 75 138 112 150 88 61 169 37 121 97 59 131 87 122 87 143 138 116 140 85 68 147 28 48 21 144 60 33 144 98 171 197 89 80 84 62 102 130 41 170 97 42 159 28 138 145 69 61 108 122 150 32 33 101 22 126 98 138 127 129 66 84 107 43 64 62 57 146 102 170 79 176 124 129 127 44 142 67 191 151 109 167 71 128 72 149 152 105 81 51 114 53 120 100 118 133 171 50 46 181 191 141 134 103 69 104 132 145 133 61 97 103 92 127 40 
106 110 76 86 168 121 139 112 172 189 133 150 29 134 59 95 88 116 155 163 55 37 77 68 126 104 84 41 127 170 174 78 79 69 88 133 191 162 101 23 169 69 169 71 42 95 51 94 106 90 162 56 136 76 69 82 141 32 108 96 112 147 127 80 143 152 125 123 107 45 89 115 148 131 110 69 65 81 189 44 112 67 85 150 39 64 119 51 195 108 82 37 146 80 86 132 106 155 153 191 86 49 92 121 161 95 73 95 108 135 93 173 78 102 141 129 127 126 158 84 79 94 107 87 56 108 154 154 
53 133 110 146 114 73 50 87 93 65 101 192 44 157 119 115 61 155 22 99 172 96 110 32 133 42 147 35 95 107 46 104 170 77 37 133 135 79 118 162 138 74 134 88 70 77 82 46 129 148 106 93 26 93 169 86 163 102 56 68 107 35 71 83 71 157 107 122 52 156 105 88 122 97 28 118 82 55 41 68 26 43 94 107 88 137 51 87 37 41 155 122 110 94 77 148 168 135 98 122 165 14 78 94 147 140 55 101 104 55 91 158 144 90 62 131 108 92 172 77 110 116 119 165 151 166 83 82 
122 136 23 91 136 83 153 90 88 176 72 150 154 79 121 119 169 163 99 168 49 141 144 79 41 110 23 92 33 92 122 51 20 92 54 70 80 142 61 125 38 107 90 68 131 121 129 88 89 38 17 29 109 141 109 106 81 73 63 154 70 63 89 169 66 158 175 97 88 100 108 128 118 107 138 98 39 8 76 156 45 24 90 81 136 114 90 60 115 140 104 106 108 91 101 119 76 146 165 98 185 138 91 96 92 55 43 45 120 93 78 119 84 80 31 60 117 157 25 121 42 157 17 38 128 104 191 162 
70 95 177 156 115 98 14 118 151 93 185 121 97 74 151 141 37 55 172 49 190 76 145 154 146 95 93 84 98 64 160 76 108 37 99 37 67 130 114 74 87 121 102 167 154 101 58 109 179 99 33 99 43 96 189 61 162 76 48 99 127 112 106 21 108 159 81 91 71 102 176 79 78 102 181 32 41 57 141 99 106 135 108 109 105 82 165 52 61 117 69 106 180 109 20 93 26 37 93 89 58 143 112 60 82 44 148 23 44 67 41 108 157 18 90 139 157 45 66 104 114 65 87 99 87 79 146 88 
89 142 34 154 43 180 94 100 173 135 104 46 111 139 102 45 121 37 96 141 76 112 188 121 115 120 54 96 93 71 56 130 170 29 65 75 167 157 114 66 133 118 51 53 20 66 124 115 47 148 112 123 73 102 63 88 107 139 196 135 72 91 81 117 154 180 93 100 140 94 124 123 88 116 161 83 143 37 154 139 74 104 108 57 139 142 126 90 67 23 103 171 110 93 30 118 80 139 85 83 71 49 30 121 64 71 96 101 166 163 158 144 162 82 64 46 96 66 152 94 111 106 192 74 36 140 83 109 
66 71 102 46 59 105 47 84 130 104 105 123 35 137 32 157 97 77 110 144 145 188 120 118 118 143 58 80 70 173 89 126 5 104 34 38 115 142 112 181 98 127 83 16 3 68 188 38 71 91 59 72 106 124 116 125 127 105 97 134 179 30 103 119 100 156 83 110 165 153 154 145 119 60 153 38 84 65 105 91 120 17 90 64 161 39 120 89 150 118 141 167 113 73 119 111 44 90 136 94 85 100 102 142 148 53 70 124 99 56 147 139 107 143 105 108 60 184 165 94 64 64 55 139 38 88 114 151 
78 124 87 121 85 150 70 64 110 129 185 124 101 55 88 131 59 68 32 79 154 121 118 126 156 116 91 152 142 20 89 146 44 95 158 70 31 186 156 57 74 129 68 114 156 31 29 95 181 82 106 115 107 60 55 69 95 112 84 76 91 69 62 166 154 107 87 63 93 101 74 82 81 73 123 84 152 146 120 44 32 141 122 60 169 106 110 102 79 68 76 108 102 79 143 77 39 119 125 151 157 97 33 166 110 119 94 87 83 79 128 118 102 80 121 170 71 97 121 33 119 92 188 108 158 85 68 64 
144 163 90 96 101 109 96 101 105 46 118 53 134 160 66 86 131 126 133 41 146 115 118 156 14 109 72 122 51 95 38 56 88 125 60 100 32 143 159 134 111 16 84 112 101 66 163 58 132 64 81 55 101 65 79 91 68 19 163 93 113 130 137 79 112 129 82 73 102 140 120 31 92 145 144 124 146 128 106 160 162 77 56 59 49 90 112 104 106 60 117 137 132 18 70 105 49 142 100 90 92 157 78 44 72 47 98 90 36 170 153 157 110 131 149 37 82 129 85 25 62 68 77 158 70 138 151 99 
151 70 94 45 112 181 64 66 30 71 80 156 152 156 128 74 87 104 42 110 95 120 143 116 109 74 126 148 132 156 69 78 86 135 119 149 161 60 82 118 12 158 34 71 190 77 84 67 128 123 114 143 160 24 100 109 117 78 110 97 173 146 93 31 96 134 78 62 156 77 57 66 77 69 33 99 139 116 108 49 129 106 63 160 163 120 134 147 35 54 83 75 183 42 99 98 127 74 162 112 121 140 40 111 69 109 131 80 75 170 112 123 111 152 110 101 56 32 66 82 58 100 87 86 157 66 69 35 
22 184 122 79 104 80 160 33 140 137 94 130 182 158 84 56 122 84 147 23 93 54 58 91 72 126 86 102 99 112 87 155 183 43 171 126 82 121 89 145 66 78 145 93 151 100 111 117 87 129 102 72 27 88 101 74 63 118 88 140 108 119 112 80 74 99 41 76 82 81 102 90 85 62 133 131 116 59 120 113 139 87 125 156 91 165 49 114 94 84 106 52 127 70 146 161 108 121 192 179 99 105 45 34 142 102 119 60 17 145 124 30 128 135 119 144 85 129 140 130 79 162 113 67 79 61 96 71 
80 97 108 67 124 37 86 81 141 102 25 157 95 88 38 135 87 41 35 92 84 96 80 152 122 148 102 144 135 183 99 90 80 117 77 99 100 65 79 101 60 83 144 147 164 68 81 88 41 76 84 121 152 93 23 115 49 127 155 67 76 122 71 128 129 60 139 146 133 101 125 17 87 112 92 128 74 151 111 138 163 166 60 57 31 195 97 63 150 74 138 149 78 68 70 94 111 47 119 114 85 91 142 142 79 192 134 62 105 128 135 52 65 115 37 152 54 49 76 121 16 93 75 168 95 138 48 108 
76 99 70 103 133 138 167 79 170 102 110 73 76 93 61 46 143 127 95 33 98 93 70 142 51 132 99 135 178 144 24 75 119 173 73 81 110 32 134 173 133 97 141 147 56 66 166 111 69 101 22 116 46 100 90 58 87 105 76 31 89 87 102 36 41 74 23 69 91 116 146 144 110 114 167 144 142 145 13 101 119 156 137 72 172 99 146 24 71 88 107 71 104 131 32 122 42 58 133 110 80 177 48 134 102 56 52 91 133 86 156 146 135 99 98 82 90 48 133 95 79 106 83 153 75 118 77 23 
108 162 146 77 57 37 123 53 133 100 57 118 113 35 78 146 138 170 107 92 64 71 173 20 95 156 112 183 144 48 169 96 49 187 190 86 191 107 136 16 31 60 94 140 136 55 63 137 109 165 94 131 122 134 122 82 84 92 116 127 159 157 84 61 85 82 112 126 122 151 119 81 45 122 99 52 98 43 39 105 94 47 114 143 124 97 63 57 63 139 76 131 65 172 71 64 142 138 172 119 107 92 132 125 129 120 48 94 119 144 78 40 55 155 111 134 2 55 87 97 113 106 91 135 14 122 91 119 
103 104 129 100 168 36 170 66 122 19 40 118 57 23 107 111 116 174 46 122 160 56 89 89 38 69 87 99 24 169 172 141 153 102 72 23 76 93 152 41 148 141 126 132 94 72 121 53 132 71 97 104 98 134 123 114 155 46 125 51 32 90 123 116 48 138 67 61 86 84 93 89 67 71 149 71 67 169 106 65 25 83 81 39 57 116 12 141 135 89 103 46 146 76 123 142 59 92 26 104 131 85 107 96 94 79 51 70 51 83 56 22 93 138 105 132 148 81 135 128 84 157 134 46 148 99 85 163 
58 118 31 133 49 149 68 145 147 43 10 66 184 103 164 109 140 78 104 51 76 130 126 146 56 78 155 90 75 96 141 54 131 108 44 70 61 61 68 89 171 90 108 38 100 82 125 178 132 155 136 49 144 50 172 106 102 125 106 61 37 84 81 119 104 109 110 102 83 20 136 174 112 73 122 135 81 177 102 94 127 62 38 132 114 81 117 129 27 35 110 103 170 199 168 78 45 89 132 54 98 165 44 166 21 105 151 104 179 68 125 36 135 105 99 99 71 112 109 119 120 102 122 84 90 72 105 85 
128 90 63 94 122 77 80 105 120 106 173 135 137 112 178 148 85 79 170 20 108 170 5 44 88 86 183 80 119 49 153 131 40 60 33 59 55 157 134 64 93 131 51 125 109 37 156 63 153 107 115 54 75 74 50 162 90 170 102 140 149 107 133 94 15 54 124 183 81 101 71 128 90 71 113 127 125 51 88 165 90 95 67 92 141 118 14 16 145 57 103 57 91 149 174 116 117 133 154 126 55 193 72 195 141 140 140 164 159 38 55 41 71 60 149 100 116 66 160 74 137 100 47 86 60 176 27 69 
171 129 73 119 129 103 129 88 133 30 50 139 76 50 93 176 68 69 77 92 37 29 104 95 125 135 43 117 173 187 102 108 60 158 110 124 196 93 151 97 105 121 41 112 25 123 105 47 113 44 126 51 163 128 153 89 100 128 166 182 163 63 87 35 47 23 152 54 154 145 124 141 38 119 24 86 155 77 136 56 151 104 48 145 90 18 84 177 30 96 105 69 64 77 53 123 27 64 124 150 133 87 157 156 103 63 90 90 109 142 148 126 143 78 142 106 118 78 58 76 143 113 115 54 24 165 127 73 
125 144 91 2 160 68 125 71 29 90 143 63 137 114 103 135 147 88 37 54 99 65 34 158 60 119 171 77 73 190 72 44 33 110 52 175 132 98 63 128 169 128 130 119 112 31 98 6 106 56 45 107 122 120 104 63 54 87 105 122 169 162 54 114 114 86 159 51 26 68 117 124 81 63 27 108 152 88 44 75 95 161 148 114 125 127 154 105 120 140 90 85 63 141 128 110 143 56 157 65 139 27 151 122 116 143 27 172 65 117 68 91 30 62 35 115 133 128 56 71 78 140 94 96 128 125 111 148 
146 118 145 34 92 187 80 132 120 51 115 100 134 81 140 175 28 133 133 70 37 75 38 70 100 149 126 99 81 86 23 70 59 124 175 74 129 176 100 168 72 99 151 102 194 141 86 117 171 172 5 89 34 106 46 91 122 37 103 166 105 41 29 80 78 94 82 52 99 73 151 91 110 172 86 104 126 128 66 59 101 47 46 31 77 89 98 84 111 73 114 88 52 70 35 34 109 153 45 146 90 7 85 62 53 169 86 186 100 93 75 138 43 110 140 82 105 68 81 87 20 58 129 130 90 108 69 79 
75 98 109 62 87 120 114 192 101 183 93 180 193 110 167 103 48 191 135 80 67 167 115 31 32 161 82 100 110 191 76 61 55 196 132 129 36 118 41 47 85 81 141 70 87 80 98 130 154 96 96 82 136 154 94 101 136 55 147 127 115 66 91 105 45 97 98 179 120 115 127 105 87 29 97 154 92 68 166 95 84 188 169 98 81 48 12 90 122 123 145 158 47 104 138 88 49 178 99 139 34 109 42 152 102 112 90 160 125 93 80 71 186 137 188 135 130 91 93 161 51 119 130 38 94 91 126 139 
76 112 60 119 117 171 96 125 145 108 115 53 75 52 89 86 21 162 79 142 130 157 142 186 143 60 121 65 32 107 93 61 157 93 98 176 118 34 60 43 111 170 29 121 95 138 76 68 26 147 126 51 94 138 118 26 159 146 111 115 96 101 22 80 184 123 108 67 58 74 101 52 118 128 87 73 50 13 34 150 125 91 147 151 32 77 65 71 108 53 164 140 168 113 58 63 129 96 88 120 78 58 43 48 72 89 58 119 136 33 71 116 171 160 98 30 133 48 99 92 172 85 117 155 97 100 92 103 
50 101 155 117 74 126 124 67 137 98 91 141 144 111 122 76 144 101 118 61 114 114 112 156 159 82 89 79 134 136 152 68 134 151 63 100 41 60 116 84 180 194 101 145 106 6 97 83 106 101 79 62 46 158 122 21 130 189 34 102 50 62 61 53 155 104 119 170 149 70 49 111 179 106 110 141 85 103 108 90 27 61 135 77 127 174 43 116 187 97 16 80 161 120 136 181 59 67 33 49 102 92 43 70 49 164 56 62 74 143 28 122 81 47 177 133 72 126 136 65 145 79 89 172 116 66 123 58 
56 131 98 101 108 32 114 95 33 126 128 57 94 49 199 129 60 23 162 125 74 66 181 57 134 118 145 101 173 16 41 89 64 97 128 168 47 43 84 56 96 84 55 116 113 92 66 61 100 95 72 137 115 124 105 58 95 51 125 119 77 59 47 107 108 32 100 36 47 43 71 145 39 144 70 67 139 112 94 88 141 64 62 84 102 120 92 144 77 18 65 142 106 105 85 41 37 159 56 49 83 140 36 79 66 117 43 7 84 103 111 140 151 130 61 50 99 164 131 32 137 110 49 41 126 134 147 98 
122 69 131 54 90 86 105 76 18 30 68 93 99 106 106 80 33 169 138 38 87 133 98 74 111 12 66 60 133 31 148 171 93 105 169 72 85 111 180 96 158 136 101 83 19 26 195 144 136 125 54 31 159 77 111 124 71 89 179 118 69 97 133 128 86 85 174 44 82 59 186 43 120 182 113 83 67 107 10 114 106 120 95 67 131 137 157 76 30 73 163 61 147 77 100 90 147 94 57 89 114 147 132 16 105 94 188 73 12 103 160 116 96 94 25 167 158 47 148 110 197 86 81 88 130 179 156 176 
181 90 131 63 67 16 75 52 148 122 49 120 113 20 88 138 144 69 74 107 121 118 127 129 16 158 78 83 97 60 141 90 131 121 128 99 81 170 194 84 136 106 53 63 107 174 127 172 74 132 74 173 122 48 130 37 140 144 146 50 93 98 76 103 131 112 39 81 117 190 160 188 34 132 50 122 80 60 126 14 91 145 108 87 92 29 162 145 109 94 151 51 108 85 30 95 56 134 44 50 133 61 102 173 114 33 112 153 84 123 52 62 110 69 145 73 112 88 88 116 76 51 97 142 108 26 128 98 
178 83 87 38 35 36 65 115 134 110 129 67 115 101 72 39 98 169 134 90 102 51 83 68 84 34 145 144 141 94 126 108 51 41 130 151 141 29 101 55 101 53 62 120 90 87 88 47 26 123 60 79 153 26 91 149 104 33 153 135 25 156 104 76 55 68 169 58 186 48 160 80 87 103 87 102 136 175 90 77 97 126 78 27 70 78 93 143 83 102 78 27 85 60 36 86 149 90 74 37 29 87 78 125 58 32 160 82 47 122 149 123 126 77 57 87 47 162 130 52 169 131 64 65 160 129 81 98 
131 117 144 104 108 75 65 131 57 31 103 56 118 100 176 109 171 71 88 68 167 53 16 114 112 71 93 147 147 140 132 38 125 112 119 102 70 121 145 116 83 63 120 172 125 64 115 163 79 51 22 147 80 95 98 33 87 48 91 145 94 163 129 25 76 89 62 160 119 168 36 73 37 168 98 138 149 127 50 66 103 137 56 79 81 123 70 53 100 63 92 125 145 31 94 83 102 127 137 99 112 70 109 131 82 109 146 53 106 72 133 179 96 100 161 89 35 77 112 114 68 112 121 49 77 129 107 68 
108 108 71 101 101 59 91 107 97 124 104 145 109 117 66 143 197 42 70 131 154 20 3 156 101 190 151 164 56 136 94 100 109 25 112 194 87 95 106 113 19 107 90 125 66 189 121 47 112 190 101 167 84 87 130 78 54 88 50 136 176 30 50 92 167 108 136 146 172 89 101 117 68 122 100 141 68 73 20 79 104 75 138 101 155 108 128 67 125 168 33 129 97 104 79 53 147 155 110 182 157 32 111 108 81 105 77 71 46 35 56 153 75 188 98 61 118 64 127 149 64 73 132 100 81 55 146 89 
120 55 80 78 75 75 83 99 151 131 170 130 156 83 101 141 89 95 77 121 101 66 68 31 66 77 100 68 66 55 72 82 37 123 31 141 80 138 6 92 26 174 87 64 189 116 173 68 91 101 84 172 22 123 126 103 96 88 31 107 67 122 70 113 106 20 158 139 28 70 67 61 140 101 122 41 93 159 69 107 74 105 37 76 119 97 145 121 143 114 91 86 86 140 136 126 196 91 33 37 147 83 155 106 47 65 67 95 96 89 84 127 76 61 62 108 100 97 64 102 25 145 15 82 19 171 97 78 
22 66 12 104 87 70 12 86 174 25 134 118 103 112 87 104 80 51 82 129 58 124 188 29 163 84 111 81 166 63 121 125 156 105 98 86 98 76 97 66 195 127 88 115 121 173 170 168 112 95 96 136 40 92 95 90 91 121 98 74 38 110 38 107 86 61 26 149 135 153 102 122 131 100 101 122 49 152 109 38 119 121 43 158 71 69 62 53 59 125 138 146 154 170 170 46 174 77 36 68 29 42 151 86 25 145 92 120 138 73 34 79 61 122 145 107 144 116 65 64 151 39 69 24 154 186 118 23 
34 170 67 54 135 91 83 117 135 115 88 131 99 116 117 60 84 94 46 88 109 115 38 95 58 67 117 88 111 137 53 178 63 47 6 117 130 68 83 61 144 172 47 163 47 68 168 32 151 75 54 180 103 56 170 84 107 133 156 119 174 114 72 43 101 116 132 148 99 89 135 66 159 127 112 126 19 143 180 129 30 81 55 156 162 79 122 111 94 100 60 138 124 109 56 76 113 24 115 94 146 114 179 163 139 109 179 92 112 162 57 36 46 80 136 93 85 117 190 171 110 43 53 115 46 60 182 114 
64 118 105 135 128 71 75 132 89 7 109 93 119 75 93 73 62 106 129 89 179 47 71 181 132 128 87 41 69 109 132 132 153 113 106 171 154 26 106 100 136 74 26 79 112 91 112 151 30 62 94 102 123 156 85 20 132 172 112 132 119 70 61 132 92 188 26 143 102 51 96 87 94 30 146 182 131 8 99 109 150 71 33 151 73 77 64 72 52 166 112 163 69 113 74 69 82 145 88 46 85 105 100 120 91 78 90 132 77 86 115 64 52 10 165 99 149 92 97 52 33 111 79 133 131 135 98 109 
91 54 146 99 135 184 128 142 115 78 36 73 53 74 98 101 102 90 148 38 99 148 91 82 64 123 129 76 101 165 71 155 107 44 56 172 96 147 101 95 125 132 123 51 190 101 95 75 62 118 166 55 89 109 129 80 58 18 66 88 120 50 147 32 149 147 101 94 113 89 98 137 83 97 176 161 112 89 138 63 85 84 77 75 84 48 132 48 109 106 92 181 133 89 113 47 53 58 57 141 67 109 124 122 91 156 166 151 135 72 98 88 19 150 78 121 66 23 145 150 105 61 185 20 118 90 139 109 
129 17 113 101 126 76 105 90 65 156 105 87 146 146 70 97 130 162 106 17 33 112 59 106 81 114 102 84 22 94 97 136 115 126 45 5 96 126 79 72 54 74 60 22 101 84 96 54 94 166 14 70 163 48 80 130 153 176 121 109 162 131 143 85 54 132 100 37 98 182 154 141 80 70 67 159 78 114 136 96 99 147 17 82 49 110 64 59 119 132 159 75 86 72 21 108 107 175 96 27 99 131 143 70 56 32 87 12 119 185 52 45 140 26 96 122 65 129 110 98 84 107 113 168 130 118 138 109 
58 137 91 79 42 64 62 123 55 81 104 83 62 37 162 144 41 56 93 29 99 123 72 115 55 143 72 121 116 131 104 49 54 51 107 89 82 51 62 137 31 173 79 147 167 172 136 180 102 55 70 108 13 39 66 71 29 151 192 75 92 89 106 121 72 183 107 108 122 104 64 74 74 102 20 149 162 141 131 64 102 171 92 104 110 56 11 100 134 101 51 121 132 70 107 83 120 114 182 161 155 88 54 67 97 132 108 161 25 93 120 60 191 151 173 87 33 84 146 111 128 86 154 131 121 47 57 81 
116 104 172 43 67 100 136 160 27 134 125 116 179 122 61 89 170 136 26 109 43 73 106 107 101 160 27 152 46 122 98 144 75 163 122 34 136 94 46 115 159 122 153 80 84 22 40 103 123 89 163 13 82 128 55 57 112 109 123 23 119 114 98 71 160 120 99 75 101 139 151 137 145 104 89 64 142 38 63 160 71 59 128 61 137 178 115 87 172 118 139 25 90 125 67 89 28 93 126 149 66 76 116 165 85 48 35 186 114 66 96 105 179 95 154 183 157 95 44 13 106 114 66 119 43 71 160 50 
79 131 194 82 147 113 139 117 99 52 18 152 147 141 102 122 97 76 93 141 96 102 124 60 65 24 88 93 100 134 134 50 74 128 120 106 154 138 158 124 77 48 26 95 87 123 92 56 156 109 48 39 128 110 70 153 143 127 91 132 21 95 159 105 141 186 156 62 109 84 151 79 84 122 161 70 99 103 74 72 42 41 88 49 105 141 101 149 112 106 91 139 107 82 58 165 42 118 78 112 69 108 182 89 52 144 77 95 85 61 109 41 76 109 81 152 143 165 64 169 89 40 56 56 37 79 89 43 
173 94 97 149 99 121 78 149 25 163 123 129 100 51 129 129 42 69 169 109 189 63 116 55 79 100 101 23 90 122 123 172 50 153 104 46 94 118 122 105 111 130 91 98 130 126 95 170 85 129 80 66 55 70 106 166 72 100 32 70 104 96 77 47 182 125 123 62 112 136 94 111 80 115 41 40 89 68 101 134 84 104 41 147 92 180 120 164 146 110 80 76 90 101 103 112 172 37 64 140 75 52 175 86 110 110 134 137 73 101 116 126 147 64 13 98 47 28 72 69 123 52 79 14 90 163 94 143 
117 107 191 31 165 113 102 78 99 57 156 33 127 93 60 45 159 82 86 106 61 88 125 69 91 109 74 115 58 82 114 106 162 89 63 91 101 26 21 58 124 37 149 33 78 103 90 84 20 80 130 71 57 153 166 80 127 102 52 63 129 85 93 73 123 70 83 50 21 96 62 86 116 132 158 96 56 96 111 104 143 46 162 107 72 89 109 39 102 40 52 64 76 109 82 144 92 127 99 133 147 78 22 130 51 159 37 86 61 106 151 68 62 117 106 92 112 59 91 96 53 44 86 107 161 153 151 79 
147 69 147 134 101 91 40 146 107 112 91 114 57 76 166 152 28 141 163 81 162 107 127 95 68 117 63 49 87 84 155 102 90 100 54 122 136 159 130 95 71 140 104 87 54 96 91 107 132 58 153 29 112 143 72 127 82 57 133 106 67 152 142 198 25 5 172 55 161 47 80 71 61 48 76 137 141 94 94 59 181 54 166 64 70 119 162 119 173 99 72 140 120 60 169 102 151 66 77 90 179 151 81 69 14 116 136 95 147 89 65 94 144 169 72 116 75 149 110 140 115 99 42 128 101 79 71 58 
43 77 145 109 45 141 89 148 35 123 140 165 33 149 64 91 138 32 102 73 76 139 105 112 19 78 118 127 105 92 46 125 170 128 87 37 55 146 189 51 89 144 33 48 88 88 121 133 172 18 176 151 109 127 100 102 57 54 136 115 88 146 70 42 68 133 158 92 87 65 112 19 32 123 51 112 63 176 61 103 173 44 108 114 102 92 75 52 76 104 49 142 162 123 120 77 162 82 76 71 137 150 117 120 123 83 129 130 38 159 17 123 53 56 88 104 74 56 51 65 108 72 135 137 91 87 67 145 
104 39 86 95 129 150 105 128 115 136 184 86 116 70 51 73 145 108 56 63 48 196 97 84 163 110 88 155 76 116 125 106 102 166 105 103 147 111 34 125 179 146 153 91 50 31 98 156 112 66 121 192 123 91 32 52 133 136 78 86 135 16 72 100 88 96 110 60 135 78 134 114 152 66 33 87 135 93 84 93 88 85 55 128 149 148 55 148 149 97 116 47 80 101 71 85 31 39 128 110 33 86 65 184 148 68 155 114 67 103 118 73 92 106 116 56 104 160 80 28 55 121 49 68 37 89 48 137 
98 168 107 53 129 132 58 94 51 74 128 61 138 115 88 95 69 96 68 154 99 135 134 76 93 97 140 67 31 127 51 61 140 182 122 166 127 115 102 119 118 50 135 145 136 107 74 119 132 88 109 75 23 132 70 63 106 115 86 50 172 127 119 143 63 109 91 45 141 94 138 51 125 64 111 90 76 115 70 105 175 93 61 113 149 10 126 97 120 55 127 132 144 77 119 140 135 156 107 86 107 102 42 79 132 122 68 109 121 108 190 128 112 126 114 139 138 162 123 148 115 134 147 91 103 80 105 121 
106 49 94 111 107 97 72 115 72 44 175 56 84 64 111 83 61 112 107 70 127 72 179 91 113 173 108 76 89 159 32 37 149 163 169 105 115 96 50 77 69 93 25 94 176 67 38 174 119 120 162 92 119 21 104 129 67 88 135 172 18 95 73 156 120 143 120 126 155 88 155 152 101 116 112 121 122 39 91 117 126 106 130 127 97 46 27 55 157 76 67 66 112 71 72 192 9 129 116 38 173 125 75 85 92 98 18 24 88 105 107 110 135 55 162 143 48 163 74 145 151 95 142 62 183 153 93 45 
71 97 110 165 60 62 61 135 49 134 99 110 138 89 72 139 108 147 35 63 112 91 30 69 130 146 119 122 87 157 90 84 107 63 162 41 66 101 62 59 97 98 156 163 30 122 110 114 70 50 131 89 114 95 96 85 152 146 16 127 95 56 107 104 87 132 135 112 168 107 159 112 42 92 124 125 63 123 73 87 72 93 120 124 86 128 134 189 123 84 33 15 81 135 85 117 32 93 116 87 69 117 155 32 60 77 108 36 156 87 35 79 82 117 49 71 65 92 131 112 183 121 90 73 61 147 111 147 
91 105 38 134 98 22 19 41 165 163 101 46 29 46 101 137 122 127 71 89 106 81 103 62 137 93 112 71 102 84 123 81 133 87 54 29 91 22 61 47 133 76 104 129 50 70 38 72 61 147 143 106 98 159 77 93 142 70 72 119 73 107 172 88 158 108 114 120 86 28 129 123 109 88 121 105 83 93 140 98 26 126 151 86 118 70 81 87 166 94 144 128 81 149 130 24 179 157 43 168 119 101 102 127 125 78 171 88 64 88 59 81 46 75 87 26 100 155 17 136 98 119 173 29 124 148 101 111 
32 192 140 121 146 116 122 18 117 107 86 105 174 142 24 64 150 80 83 169 21 117 119 166 79 31 80 128 36 61 116 119 94 35 114 80 105 80 53 107 128 103 76 25 92 113 107 43 132 32 85 121 71 105 47 73 198 42 100 143 156 104 88 166 149 145 140 73 73 137 61 89 75 121 47 61 100 80 130 21 45 96 22 110 44 117 28 117 86 79 80 145 174 126 95 64 33 97 72 35 137 106 121 103 111 125 142 34 106 94 75 46 119 127 145 77 139 120 124 107 67 59 77 43 34 37 95 115 
179 174 104 129 91 136 76 164 130 127 80 164 121 91 142 132 32 143 71 66 108 154 100 154 112 96 74 129 41 85 48 104 15 47 114 78 45 184 155 108 86 131 55 76 167 106 86 101 92 149 54 72 160 141 182 123 25 68 88 63 120 87 158 149 30 135 113 52 155 102 148 166 63 83 189 88 35 87 159 106 46 86 105 138 68 97 126 21 128 109 57 159 34 63 82 128 71 161 152 111 66 112 131 47 98 110 129 142 73 113 137 59 146 101 72 87 131 67 111 160 105 120 96 84 101 127 98 69 
180 83 102 148 184 123 130 103 58 120 109 88 34 86 103 93 33 152 157 158 159 180 156 107 129 134 99 60 74 82 138 109 54 23 86 94 97 123 104 32 85 112 68 89 108 20 61 116 188 147 132 183 120 186 125 70 5 133 96 109 143 132 108 145 135 148 47 121 145 87 107 64 57 84 110 86 55 88 92 171 118 138 93 13 43 174 130 132 146 71 65 130 120 70 35 37 77 114 61 141 122 44 95 58 114 143 150 100 52 58 70 60 76 149 167 68 61 120 26 65 143 31 79 160 85 64 103 54 
119 69 86 127 126 70 115 59 102 108 147 54 48 66 58 78 101 125 107 175 81 93 83 87 82 78 41 139 23 112 67 110 124 152 159 82 98 108 119 100 174 39 169 62 136 158 26 132 26 101 100 107 99 156 123 83 172 158 110 91 120 135 114 140 113 47 72 47 115 125 72 41 36 66 193 97 81 94 84 27 167 80 123 135 164 160 61 113 72 111 118 170 110 170 134 49 107 74 75 79 147 9 81 124 63 63 136 97 119 51 128 58 19 53 72 94 45 183 53 88 102 175 88 69 128 51 107 91 
119 137 133 98 22 109 143 107 136 160 64 109 25 88 146 48 22 123 122 97 91 100 110 63 73 62 76 146 69 126 61 102 183 54 51 52 179 67 170 36 44 81 58 160 146 139 149 148 143 94 37 108 75 62 62 50 55 92 60 45 126 112 120 73 52 121 47 48 71 137 52 102 33 88 64 108 91 21 42 100 29 107 75 118 43 154 46 92 85 76 96 49 167 114 112 162 146 185 43 11 47 160 163 103 97 139 114 93 38 126 149 62 126 48 171 81 80 29 75 116 70 136 69 82 85 61 61 145 
188 76 115 98 165 73 114 149 44 128 92 126 20 114 141 83 126 107 52 88 71 140 165 93 102 156 82 133 91 122 86 83 81 154 26 99 120 58 149 47 82 117 186 119 172 28 135 99 102 113 98 122 101 109 112 21 161 87 135 141 155 168 86 73 155 145 115 71 120 162 141 30 29 126 34 118 134 3 135 175 100 74 107 109 117 120 147 80 137 163 65 35 77 112 83 141 127 103 27 138 100 130 93 75 103 91 162 92 50 119 63 32 54 70 62 87 93 101 137 138 160 135 129 122 113 31 141 70 
73 40 92 106 131 88 149 153 120 72 115 54 114 122 66 102 98 45 156 100 102 94 153 101 140 77 81 101 116 151 84 20 101 145 68 73 115 74 70 43 59 190 48 168 89 70 153 89 51 89 182 104 139 84 136 96 47 65 78 94 88 107 28 137 102 87 125 137 162 126 94 125 73 93 107 126 104 85 64 121 126 106 147 85 150 95 108 102 90 137 166 112 104 24 158 68 17 105 116 107 198 77 152 16 59 137 91 59 93 128 106 139 96 105 54 118 96 150 73 6 145 100 165 127 118 74 84 130 
146 67 169 101 98 50 77 111 110 43 110 136 121 88 109 114 138 89 105 108 176 124 154 74 120 57 102 125 146 119 93 136 71 124 117 151 127 101 49 71 186 160 160 36 101 67 102 135 96 98 154 64 151 151 94 62 80 112 134 138 155 159 129 61 148 107 72 52 141 94 184 103 156 100 22 53 134 131 100 62 128 155 100 77 131 89 74 108 46 109 24 119 166 86 35 95 92 88 169 94 72 107 53 120 33 84 129 78 149 133 71 89 127 146 110 111 104 121 78 82 122 99 158 119 69 134 53 161 
89 89 92 153 118 156 68 98 82 70 109 106 47 129 168 76 127 115 88 128 79 123 145 82 31 66 90 17 144 81 89 174 128 141 124 91 105 52 111 145 43 188 80 73 117 61 122 66 87 137 141 74 137 79 111 86 71 19 114 51 152 112 123 89 166 64 41 102 30 125 103 150 81 91 150 142 60 175 87 25 116 73 135 133 65 59 55 102 181 94 92 163 14 159 110 122 108 98 42 65 143 136 140 52 133 162 68 109 71 95 104 90 85 63 106 68 143 119 110 90 112 156 109 126 120 65 64 151 
116 104 100 25 132 94 141 124 67 134 124 60 116 112 81 79 129 148 122 118 78 88 119 81 92 77 85 87 110 45 67 112 90 38 81 110 87 118 179 39 120 34 87 37 68 140 131 159 94 83 80 74 145 84 80 116 61 32 152 125 101 42 109 75 63 57 36 33 29 73 156 81 184 76 83 108 161 137 131 130 120 137 106 121 75 122 122 94 36 176 98 36 50 127 102 101 140 87 119 150 125 153 171 29 131 150 148 139 113 111 108 116 123 140 152 81 126 109 84 81 100 154 80 124 163 113 95 157 
151 75 107 95 84 131 138 88 24 94 182 68 126 68 63 131 66 131 97 107 102 116 60 73 145 69 62 112 114 122 71 73 71 119 63 172 29 128 106 144 182 132 103 168 122 101 100 127 30 97 70 102 104 122 115 132 48 123 66 64 116 92 88 121 83 84 66 88 126 93 100 91 76 56 115 101 110 144 145 120 38 131 130 87 132 149 119 97 123 133 142 63 125 171 145 112 111 99 64 104 102 26 128 93 42 177 122 127 178 119 102 111 70 127 94 134 52 101 42 180 132 131 48 86 97 67 140 132 
60 86 103 73 127 30 184 57 78 69 165 92 152 44 157 16 84 110 28 138 181 161 153 123 144 33 133 92 167 99 149 122 113 24 27 86 97 87 110 70 113 50 87 98 100 122 101 112 146 176 67 20 89 161 41 158 76 51 33 111 112 124 121 47 189 110 193 64 34 107 22 150 83 115 48 171 89 93 108 80 65 142 66 89 139 100 79 115 47 127 149 136 170 177 61 146 143 113 8 38 44 86 145 125 111 97 128 37 165 116 62 67 138 146 14 148 109 33 81 104 82 101 68 75 128 123 114 166 
92 48 111 133 91 110 123 160 95 100 100 62 97 105 84 48 107 69 118 98 32 83 38 84 124 99 131 128 144 52 71 135 127 86 108 104 154 73 141 67 83 122 102 138 141 41 122 126 182 161 159 149 64 70 40 96 137 112 87 90 121 125 105 61 88 86 97 108 118 126 53 142 108 101 171 94 142 49 106 59 15 62 17 75 105 136 126 28 83 127 54 181 41 92 123 137 173 147 78 121 95 168 112 94 20 10 152 98 171 189 178 115 157 119 135 183 108 192 33 103 80 85 74 115 113 46 40 121 
28 111 128 110 76 102 92 60 69 74 89 59 83 130 144 138 43 65 82 39 41 143 84 152 146 139 116 74 142 98 67 81 125 155 152 126 92 50 85 139 67 80 136 149 68 93 49 19 131 112 78 162 142 99 89 56 141 63 135 76 122 63 83 100 35 55 81 91 134 104 134 60 161 110 89 142 132 10 98 84 82 108 41 119 77 78 109 75 27 86 126 158 66 95 132 180 144 119 26 89 136 131 141 98 104 127 115 39 134 59 121 156 66 46 168 142 101 148 120 98 52 81 100 114 13 151 77 105 
135 84 125 37 66 140 111 97 139 91 132 86 124 95 82 7 64 81 55 8 57 37 65 146 128 116 59 151 145 43 169 177 51 77 88 128 68 13 103 112 107 60 175 127 73 159 152 143 8 89 114 141 38 103 68 96 94 176 93 115 39 123 93 80 87 88 94 21 3 85 131 175 137 144 93 49 10 200 117 114 154 125 16 130 139 84 64 111 126 123 142 98 89 129 105 13 49 121 54 124 160 140 83 78 106 124 75 183 105 135 143 172 141 98 162 20 115 85 102 100 44 127 125 102 161 154 98 98 
114 137 95 140 86 103 99 62 129 130 141 79 102 99 150 81 62 189 41 76 141 154 105 120 106 108 120 111 13 39 106 102 88 136 44 66 166 34 108 94 10 126 90 50 20 69 109 180 99 138 136 131 63 74 101 111 94 61 84 70 91 73 140 130 159 92 84 42 135 64 100 87 131 145 108 106 98 117 96 132 157 98 91 113 78 115 81 141 71 186 82 66 88 168 21 70 35 122 146 121 174 79 167 144 112 116 58 77 68 133 181 113 100 92 89 33 19 36 47 133 70 154 119 43 108 129 140 65 
85 17 19 91 71 117 117 113 166 107 31 80 67 152 69 99 57 44 68 156 99 139 91 44 160 49 113 138 101 105 65 94 165 56 75 59 95 150 90 88 114 14 77 66 79 107 38 129 109 63 96 64 160 72 134 104 59 103 93 105 117 87 98 21 106 171 27 100 175 121 62 25 130 120 80 59 84 114 132 34 84 80 94 104 108 156 64 147 141 12 41 116 49 90 166 176 129 52 100 122 174 163 82 100 92 122 142 53 143 90 85 112 60 56 119 162 17 86 40 44 126 72 39 56 128 26 90 54 
72 100 57 118 89 112 169 177 52 97 95 85 157 110 95 159 146 112 26 45 106 74 120 32 162 129 139 163 119 94 25 127 90 151 95 101 84 125 27 141 106 91 97 103 104 74 119 30 150 85 99 102 71 42 84 143 181 173 88 175 126 72 26 45 46 118 167 29 100 126 128 116 120 38 65 15 82 154 157 84 136 53 131 103 125 61 82 94 107 83 90 58 113 22 91 93 106 121 91 81 85 74 88 110 68 101 121 20 102 140 147 84 82 121 147 85 152 94 107 96 117 118 168 118 92 100 116 58 
110 161 47 145 25 105 139 180 45 108 104 170 78 164 109 48 102 67 43 24 135 104 17 141 77 106 87 166 156 47 83 62 95 104 161 47 188 91 61 64 120 145 126 137 75 105 121 81 71 84 147 171 59 41 104 46 54 44 85 93 106 93 126 96 86 138 80 107 74 106 155 73 137 131 142 62 108 125 98 80 53 130 114 109 125 172 112 114 94 28 100 130 133 91 115 38 102 153 59 117 122 160 166 140 111 132 78 135 143 153 132 106 112 130 164 139 35 19 125 129 147 172 78 125 106 58 140 142 
153 108 124 74 158 25 54 39 153 68 82 123 89 183 33 107 170 85 94 90 108 108 90 122 56 63 125 60 137 114 81 38 67 48 148 46 169 147 135 62 95 108 78 56 138 37 43 55 33 77 17 92 128 88 41 162 166 108 55 61 130 120 151 22 105 93 123 75 107 147 100 135 106 130 66 17 41 16 91 94 131 114 104 75 182 110 147 75 142 137 71 81 145 67 39 111 93 85 117 61 120 93 146 86 81 130 99 181 157 76 97 88 31 49 107 57 11 94 82 109 127 153 145 46 123 98 126 68 
45 117 174 152 33 61 28 152 78 126 135 100 43 118 75 145 79 150 107 81 109 57 64 60 59 160 156 57 72 143 39 132 92 145 114 31 98 151 77 84 67 87 27 79 101 76 158 156 151 75 82 104 61 49 147 107 64 114 128 113 127 124 86 110 138 13 135 118 109 85 77 133 121 87 89 75 119 130 113 104 103 109 75 140 59 57 160 105 134 133 119 145 88 111 32 138 151 143 119 96 64 56 87 169 88 103 45 123 88 107 96 102 97 55 122 41 142 101 121 123 94 53 71 172 139 139 100 73 
174 110 114 41 111 114 103 107 62 98 76 120 178 29 114 172 176 39 88 136 105 139 161 169 49 163 91 31 172 124 57 114 141 90 125 77 81 32 127 102 131 92 70 81 155 119 71 162 73 84 49 110 137 105 92 72 70 102 149 149 97 86 118 44 68 43 164 43 117 150 131 65 75 132 139 105 77 139 78 108 125 125 182 59 30 103 122 111 112 109 114 130 121 139 77 105 167 73 127 48 175 50 98 99 32 102 57 67 95 16 59 161 122 124 176 139 68 117 118 116 76 100 88 130 80 67 191 167 
173 76 118 32 163 72 143 127 103 162 140 122 130 113 137 99 124 64 137 114 82 142 39 106 90 120 165 195 99 97 116 81 118 18 127 89 48 77 174 120 137 29 78 123 108 97 69 79 77 48 110 56 178 141 180 89 119 92 148 10 46 128 70 117 97 174 160 154 120 95 89 59 122 149 100 136 78 84 115 156 61 172 110 57 103 160 32 93 142 149 141 58 39 93 120 71 121 110 55 44 81 99 81 104 112 30 92 156 137 122 40 121 58 163 58 93 93 123 87 120 62 88 48 63 134 50 77 35 
124 77 89 82 59 84 50 107 109 52 27 86 89 111 119 189 129 119 51 90 165 126 120 110 112 134 49 97 146 63 12 117 14 84 154 98 12 65 43 92 157 162 93 70 128 145 62 122 64 132 64 11 115 101 120 109 162 75 55 126 27 134 81 28 126 130 61 46 147 108 74 55 122 119 79 126 109 64 81 64 82 112 147 160 122 32 36 177 20 152 138 79 193 111 91 118 81 102 111 106 111 121 52 6 114 109 137 160 126 119 60 82 46 106 136 68 186 49 98 39 101 50 85 120 78 80 162 37 
75 61 98 110 81 117 77 82 65 111 138 57 129 163 83 94 127 51 87 60 52 90 89 102 104 147 114 63 24 57 141 129 16 177 105 84 90 71 116 144 76 145 143 53 67 121 53 111 72 48 59 100 87 149 164 39 119 52 148 97 55 189 87 117 21 132 113 92 80 102 108 102 94 97 115 28 75 111 141 147 94 114 75 105 111 93 177 72 126 93 20 129 111 2 112 31 125 162 157 73 76 125 113 146 94 78 133 58 103 114 70 58 105 116 88 74 153 84 95 137 58 80 62 137 178 49 111 49 
104 116 121 165 80 46 87 84 127 83 45 142 40 128 108 123 44 195 37 115 61 67 150 79 106 35 94 150 71 63 135 27 145 30 120 111 122 108 187 77 30 109 83 100 125 143 59 94 52 109 119 134 172 112 146 102 173 76 149 120 157 123 166 86 128 146 72 85 137 90 46 181 36 123 47 83 27 126 71 141 107 94 142 134 112 142 20 126 178 67 146 94 163 74 106 73 69 142 154 131 87 87 81 71 88 103 136 98 70 102 52 14 159 117 44 78 145 50 126 53 26 97 80 122 122 78 131 111 
79 185 76 89 99 76 153 65 43 80 94 127 74 107 88 95 142 108 41 140 117 23 118 68 60 54 84 74 88 139 89 35 57 96 140 73 123 53 97 18 73 94 102 63 168 114 125 100 166 106 132 101 118 106 110 40 99 104 97 55 76 84 94 79 109 71 111 76 163 137 109 94 176 133 127 127 86 123 186 12 83 28 137 133 109 149 152 93 67 66 52 140 85 89 57 74 146 121 108 131 71 124 58 156 106 49 70 189 116 72 156 150 88 183 53 38 9 176 60 93 193 120 111 128 35 88 96 178 
150 176 63 117 181 34 37 47 139 81 138 175 87 134 129 144 67 82 155 104 69 103 141 76 117 83 106 138 107 76 103 110 103 105 90 114 145 164 16 65 163 151 78 92 33 91 138 60 112 92 159 51 139 91 80 52 72 49 116 127 67 33 144 80 57 65 118 96 65 166 24 92 98 142 149 54 126 142 82 41 90 100 71 119 114 141 138 20 146 52 16 114 42 127 187 144 152 75 112 100 155 83 23 121 59 112 153 151 125 180 110 41 109 60 104 117 97 101 142 145 86 58 112 48 137 131 54 92 
58 48 36 151 90 159 85 154 85 179 135 20 96 168 90 133 191 37 122 106 106 171 167 108 137 75 52 149 71 131 46 103 57 69 85 88 158 140 80 142 61 51 27 125 129 86 146 138 163 181 75 121 25 139 76 64 140 142 47 132 66 15 128 145 159 130 170 49 35 112 119 163 36 63 136 181 158 98 66 116 58 130 81 145 130 58 79 129 94 140 114 110 34 62 150 75 173 164 58 132 75 158 157 31 98 95 126 21 128 107 41 107 115 141 135 92 17 41 111 99 99 73 133 127 145 121 68 110 
106 91 97 98 155 72 125 134 32 139 126 102 191 155 93 38 151 146 110 108 180 110 113 102 132 183 127 78 104 65 146 170 91 64 63 52 47 168 161 106 147 108 85 145 97 86 154 124 69 133 86 132 90 107 90 76 120 162 80 144 112 81 81 174 34 120 110 167 77 104 166 14 50 125 170 41 66 89 88 49 113 133 145 88 121 39 193 111 163 85 42 34 78 147 69 143 66 121 174 34 71 132 126 166 179 24 144 110 78 47 128 7 170 108 126 106 124 110 74 155 44 146 92 120 59 97 121 30 
129 101 77 130 127 103 98 140 129 113 108 68 81 106 115 131 109 80 94 91 109 93 73 79 18 42 70 68 131 172 76 199 149 77 141 70 104 113 120 105 77 85 60 31 104 140 170 109 113 89 72 70 125 82 101 109 60 123 101 77 71 135 149 126 63 70 170 114 112 24 86 159 127 171 177 92 95 129 168 90 22 91 67 111 139 93 111 2 74 89 127 62 147 198 151 61 135 72 93 99 169 182 64 45 84 5 88 63 123 84 109 85 94 97 47 68 51 87 57 77 114 125 65 134 155 133 70 58 
57 88 60 117 125 150 199 71 102 90 115 105 149 102 131 73 167 86 77 101 20 30 119 143 70 99 146 70 32 71 123 168 174 53 128 35 138 58 136 85 100 30 36 94 79 136 170 56 74 113 21 107 67 58 103 82 169 120 71 119 72 85 130 95 82 35 134 112 83 158 35 110 102 145 61 123 132 105 21 166 91 115 39 32 77 120 91 112 106 57 187 150 69 151 44 163 93 159 159 56 75 120 167 85 62 73 29 133 111 115 128 106 149 122 187 97 93 107 64 170 195 96 95 68 176 89 152 69 
46 150 122 125 91 24 137 74 163 133 75 132 63 101 156 83 71 132 148 119 93 118 111 77 105 98 161 94 122 64 142 78 116 123 110 34 88 63 181 41 90 95 86 83 53 126 46 76 69 47 108 83 89 165 112 144 102 77 85 140 192 117 24 64 128 37 49 162 141 68 95 122 101 112 146 137 180 13 70 176 93 38 111 138 105 71 118 31 73 74 144 75 143 61 163 100 134 55 154 155 69 65 170 167 192 136 177 126 85 63 81 53 35 105 135 166 78 121 16 52 48 64 105 67 55 121 95 121 
72 77 62 38 60 95 65 77 140 189 162 17 182 58 112 92 128 106 168 76 26 80 44 39 49 127 108 111 42 142 59 45 117 27 143 109 49 129 59 37 147 56 149 102 147 196 174 113 82 53 107 120 28 42 172 92 151 162 31 135 9 32 179 33 71 77 107 146 127 17 92 108 140 111 143 173 144 49 35 129 106 102 93 151 167 121 81 125 69 146 152 173 66 135 93 134 36 85 104 116 126 17 35 51 49 77 20 62 73 57 72 143 127 112 98 64 136 95 54 132 70 186 112 81 64 111 89 77 
126 111 143 104 144 142 47 47 91 112 168 113 69 141 110 32 72 155 135 146 37 139 90 119 142 74 121 47 58 138 92 89 133 64 56 153 178 96 67 159 94 134 90 127 155 91 77 24 145 58 175 114 93 118 37 127 66 82 39 156 129 93 157 97 161 114 74 185 103 105 88 98 87 99 113 147 119 121 122 52 121 153 85 143 73 110 102 162 142 121 75 164 121 72 159 55 85 4 81 101 83 38 96 151 158 140 78 64 117 130 82 25 47 144 54 142 100 37 126 74 108 74 117 95 38 149 154 15 
134 114 114 79 131 94 112 85 102 81 175 104 135 104 77 138 149 153 98 165 93 85 136 125 100 162 192 119 133 172 26 132 154 124 157 45 99 88 33 56 57 44 74 137 110 33 36 115 88 57 96 182 126 78 64 99 77 76 128 107 116 116 43 72 152 61 75 43 27 116 169 42 119 64 8 78 26 54 146 100 91 59 117 119 127 55 111 157 154 108 112 58 174 93 159 154 104 81 30 69 68 64 95 73 174 112 109 58 178 76 118 164 73 140 83 160 117 31 102 64 93 34 99 138 81 97 189 54 
94 97 151 29 112 102 101 150 33 61 84 112 84 31 94 59 152 191 122 98 89 83 94 151 90 112 179 114 110 119 104 54 126 150 65 146 139 120 49 49 89 50 37 99 182 37 68 94 46 141 27 161 149 112 140 133 90 71 110 86 38 87 168 35 111 141 79 11 138 107 94 65 150 104 38 121 89 124 121 122 81 117 61 96 48 44 106 73 131 131 100 132 34 99 56 155 116 101 69 4 55 43 122 21 114 69 123 147 68 156 106 88 117 98 95 50 122 93 137 75 94 128 61 121 145 80 122 102 
58 165 64 154 96 107 86 153 130 94 141 108 103 71 32 147 105 86 165 185 58 71 85 157 92 121 99 85 80 107 131 98 55 133 139 90 34 78 102 83 114 133 29 112 157 147 29 146 85 67 99 155 66 69 75 147 179 137 33 107 173 69 119 137 66 122 147 47 100 198 72 143 125 102 44 95 136 160 174 174 85 122 120 64 175 81 111 76 87 71 155 75 71 169 75 69 126 83 68 55 132 124 94 95 29 113 184 122 108 43 158 52 94 82 39 125 186 98 160 24 153 182 115 152 2 22 104 40 
74 93 173 155 101 106 60 128 59 96 59 20 151 139 53 119 81 49 14 138 143 49 100 97 157 140 105 91 177 92 85 165 193 87 27 7 109 58 92 140 147 61 87 70 32 83 42 114 105 109 131 88 76 108 52 78 151 150 86 102 125 117 101 106 112 44 9 160 130 77 107 136 153 26 86 168 131 140 79 163 74 160 93 56 50 99 121 125 87 124 83 158 132 182 120 65 17 38 64 43 124 176 48 150 161 79 67 182 47 137 165 114 126 101 89 130 116 131 150 112 58 42 114 123 75 78 135 112 
41 126 83 62 53 33 151 112 31 77 90 49 113 156 29 107 51 92 78 91 112 30 102 33 78 40 45 142 48 132 107 44 72 157 151 85 42 43 43 36 132 102 78 109 111 155 151 179 100 124 143 54 116 182 175 22 81 117 65 42 75 155 102 121 131 95 81 163 93 152 53 140 171 128 145 112 141 83 167 82 88 166 146 87 98 81 52 113 81 58 23 157 126 64 167 170 35 96 95 122 94 48 182 98 135 119 156 98 85 134 69 111 71 109 118 25 175 131 131 114 63 72 106 147 88 98 135 138 
155 117 45 81 121 95 38 77 100 34 97 88 88 144 91 153 114 121 94 96 60 121 142 166 44 111 34 142 134 125 96 166 195 156 122 62 152 48 70 79 16 173 125 131 108 106 86 163 120 122 70 67 165 89 86 130 69 120 184 79 85 32 127 103 47 58 124 103 75 16 120 52 29 93 125 94 98 78 144 100 110 140 86 169 99 104 6 146 71 156 121 31 166 45 85 167 51 151 73 21 95 150 98 136 80 190 105 181 71 174 106 192 68 93 87 73 51 61 103 34 62 93 108 99 148 71 25 163 
125 119 169 121 62 101 126 49 96 103 101 97 128 142 150 82 53 161 147 92 82 64 148 110 72 69 142 79 102 129 94 21 141 103 116 53 102 72 49 66 105 114 58 82 81 47 25 139 91 91 56 97 85 52 110 51 14 123 148 132 92 60 125 111 98 114 63 97 103 59 33 133 131 42 111 20 104 106 112 92 68 111 81 88 32 112 114 94 88 106 59 98 179 84 62 192 49 158 174 114 29 161 135 80 174 99 69 146 84 146 122 109 116 178 157 112 23 14 80 177 87 133 79 168 61 106 116 97 
54 30 94 93 120 78 147 105 101 77 56 136 105 155 55 114 120 95 140 55 44 71 53 119 47 109 102 192 56 120 79 105 140 63 143 169 112 89 164 117 94 33 32 109 105 65 145 109 78 156 32 132 48 144 110 159 116 83 68 122 98 77 78 125 110 143 63 139 91 137 84 162 150 177 97 10 127 124 116 122 101 132 130 103 102 30 109 78 103 49 112 95 24 5 73 136 77 140 112 69 113 79 119 190 99 20 138 95 196 34 167 128 122 120 115 82 110 121 102 73 98 44 160 90 119 45 151 67 
120 71 149 59 91 130 154 97 72 48 115 29 54 80 177 147 100 73 55 43 148 96 70 94 98 131 119 134 52 48 51 151 140 90 27 86 90 58 56 43 188 112 160 146 77 67 92 179 90 166 87 108 35 77 134 37 136 129 155 68 18 108 171 142 129 150 136 114 162 91 129 68 148 122 128 152 115 75 58 142 121 78 99 45 57 92 137 133 136 70 153 126 144 88 29 177 20 78 109 123 184 67 156 105 69 138 84 75 105 40 110 149 44 37 132 82 117 118 61 31 53 41 86 114 25 85 87 107 
81 116 101 124 45 48 161 86 155 112 135 126 88 157 92 124 118 95 101 45 23 101 124 87 90 80 60 62 91 94 70 104 164 90 172 186 160 119 62 7 73 153 82 53 71 95 120 92 132 151 12 161 186 95 137 86 95 130 114 109 24 36 88 34 142 100 97 93 92 59 78 109 139 127 37 98 39 183 77 53 20 135 181 123 67 156 160 58 98 189 151 21 110 63 133 126 62 64 58 147 122 182 98 181 146 95 75 52 171 87 95 53 38 135 103 79 118 150 9 108 144 108 115 135 160 104 105 74 
115 89 165 40 153 43 111 189 75 179 108 105 63 110 30 128 133 108 104 120 44 166 99 83 36 75 17 105 133 119 51 179 159 109 65 100 125 136 74 84 12 84 47 106 46 96 138 112 77 135 119 25 114 85 73 61 147 38 67 121 88 156 64 106 73 52 119 38 50 93 149 71 113 178 165 171 134 105 68 143 102 143 157 88 95 137 126 103 70 116 125 128 78 123 111 85 73 117 178 68 108 47 85 71 84 196 105 171 116 41 130 148 116 123 83 74 106 51 93 197 26 130 152 35 30 91 101 84 
14 95 109 119 51 81 114 101 125 166 92 80 40 106 106 105 171 135 55 93 67 163 56 79 170 170 145 128 86 144 83 68 38 142 117 93 93 33 143 103 103 123 122 72 35 89 73 162 86 72 185 93 66 61 101 106 89 159 103 108 105 87 88 94 113 58 51 126 119 128 133 95 111 119 116 189 59 135 133 90 140 153 76 107 16 122 119 114 102 72 180 107 47 84 115 63 57 130 76 156 43 137 134 174 146 34 40 87 41 98 78 64 74 169 51 94 110 69 71 183 38 142 69 127 45 77 194 168 
100 180 89 90 122 145 92 110 156 138 98 121 100 59 145 82 50 93 91 78 41 158 147 128 153 112 124 135 156 78 56 125 55 148 68 75 80 71 28 111 160 52 149 133 56 84 34 57 115 98 52 120 96 109 116 151 65 17 118 190 107 35 59 75 137 70 128 149 63 106 71 104 108 102 62 178 121 143 181 85 147 132 97 96 59 40 60 70 52 156 110 41 128 109 128 81 72 82 118 106 158 165 69 106 122 167 110 95 130 78 150 178 35 173 134 132 71 126 92 101 133 135 52 53 78 163 93 151 
101 143 30 80 61 124 167 73 141 129 157 117 40 48 125 114 46 173 158 119 108 144 139 118 157 123 30 52 146 40 22 36 41 126 91 138 71 116 122 140 116 62 123 179 153 127 79 36 64 88 45 60 105 41 126 68 94 123 73 128 110 79 81 46 59 60 58 62 32 139 89 90 116 111 67 115 156 172 113 112 84 106 88 102 161 121 82 58 14 150 41 107 7 85 106 53 143 25 164 88 52 114 111 192 109 128 149 53 148 64 178 146 94 51 100 157 67 93 71 89 38 125 150 93 57 91 96 71 
128 192 124 81 75 106 91 15 108 121 86 131 92 32 27 73 181 78 144 84 157 162 107 102 110 111 128 65 135 55 93 135 71 143 30 43 186 171 81 151 96 110 126 96 75 76 61 46 52 19 140 191 179 76 147 62 144 53 92 112 135 82 46 119 146 76 19 126 54 96 127 85 123 70 138 157 66 141 100 60 82 112 31 97 122 58 46 105 159 88 109 115 170 94 149 35 127 47 73 117 94 126 71 68 116 122 44 38 116 74 35 94 130 139 163 134 12 134 128 158 130 61 147 166 132 139 120 118 
120 53 76 77 69 51 52 127 23 100 101 69 142 110 57 85 191 102 90 80 18 82 143 80 131 152 135 115 99 155 138 105 60 78 62 110 137 160 47 130 94 69 77 100 188 61 122 80 10 150 26 151 95 109 64 117 169 56 106 126 55 117 75 127 101 149 53 48 70 105 146 63 140 127 146 119 46 98 92 56 121 130 49 55 124 163 106 116 117 183 60 141 108 97 122 105 112 144 140 98 82 101 109 93 178 120 37 135 123 169 173 51 139 140 127 103 124 178 33 57 126 153 114 71 112 75 164 41 
129 100 83 152 110 114 140 97 78 83 32 17 112 152 108 140 141 141 62 31 90 64 105 121 149 110 119 37 98 111 105 99 149 142 35 140 188 98 177 61 25 145 57 161 98 62 145 136 165 78 96 173 154 81 13 106 72 88 116 114 162 49 87 145 72 167 72 171 62 54 110 106 152 94 14 135 168 162 89 119 147 164 107 122 176 58 136 88 44 53 104 135 126 47 187 135 98 54 83 95 39 89 118 87 157 115 132 103 83 51 134 100 163 127 44 47 150 114 128 59 95 180 172 81 102 100 167 129 
72 105 158 126 145 53 127 107 117 63 55 76 99 181 155 46 134 129 131 60 139 46 108 170 37 101 144 152 82 134 132 99 100 106 115 82 135 30 133 50 167 73 87 89 61 108 107 93 99 121 122 87 183 152 98 92 116 104 56 139 143 71 26 77 87 68 94 81 87 118 111 68 81 134 148 183 142 20 33 162 85 139 57 41 139 93 68 74 78 38 117 92 106 68 97 166 64 142 160 50 125 130 25 73 112 82 82 79 74 94 132 157 134 103 47 16 62 136 65 65 58 150 93 80 108 96 67 114 
62 86 130 58 148 136 145 116 136 163 48 123 54 95 55 32 103 127 108 117 157 96 60 71 82 56 85 54 90 2 148 71 116 118 133 105 130 133 72 99 158 112 47 35 118 100 144 85 149 66 65 33 157 143 47 112 75 74 104 138 48 65 100 139 131 61 45 80 93 96 104 143 126 52 109 108 101 115 19 17 152 35 11 142 68 93 186 153 145 9 97 17 124 51 93 78 136 100 117 122 186 116 175 51 23 110 117 118 106 110 71 67 12 124 150 62 94 141 45 70 134 50 130 68 20 149 117 99 
101 163 155 100 150 141 42 131 29 144 109 114 52 104 84 140 69 126 92 157 45 66 184 97 129 32 129 49 48 55 81 112 66 78 128 68 91 48 126 164 47 88 162 77 64 97 116 117 92 23 129 84 95 165 28 59 149 56 160 162 163 92 155 120 67 120 183 29 101 150 121 119 109 101 33 192 148 85 36 86 94 19 94 101 117 123 49 84 50 176 101 41 110 87 107 121 95 37 31 93 98 131 131 61 14 121 118 150 51 69 126 93 134 178 114 136 141 42 61 125 57 91 100 137 149 68 62 93 
62 32 66 58 48 134 156 78 56 110 90 98 89 16 69 53 104 158 172 25 66 152 165 121 85 66 140 76 133 87 135 109 160 58 56 81 93 99 136 131 148 88 130 112 127 64 65 190 97 145 110 146 44 64 72 91 110 51 80 123 74 131 17 124 111 26 53 75 137 73 78 110 84 42 81 33 120 102 47 40 107 125 82 121 118 87 98 95 126 60 142 111 74 57 64 16 54 126 102 137 160 150 131 103 80 102 61 9 93 71 92 71 128 33 128 65 45 61 112 182 49 95 55 115 22 61 154 50 
131 63 108 132 89 77 115 115 62 106 96 113 71 77 146 92 132 84 77 121 104 94 94 33 25 82 130 121 95 97 128 119 74 76 71 87 161 92 65 32 110 116 52 114 149 102 64 171 52 150 98 111 13 169 69 96 140 65 28 148 145 112 136 107 160 65 88 116 138 6 82 90 81 180 104 103 98 100 133 44 96 129 109 123 116 120 39 137 53 93 145 99 155 77 170 52 132 74 64 75 24 112 114 34 177 73 31 108 197 183 101 89 158 57 59 65 70 125 182 84 50 16 100 134 109 75 141 84 
151 91 84 167 8 177 142 113 119 114 24 119 122 88 139 147 145 79 110 42 114 111 64 119 62 58 79 16 79 113 84 120 137 143 78 20 51 172 145 137 197 76 169 68 64 25 151 110 33 105 84 128 106 89 123 53 115 108 55 115 151 183 98 67 105 143 102 70 160 145 122 112 100 132 82 80 52 44 70 126 117 147 127 94 76 62 101 58 26 193 86 99 44 114 195 48 70 108 93 94 153 58 63 62 87 98 53 144 26 38 133 38 130 126 95 58 134 57 49 50 46 90 182 64 66 35 92 154 
155 119 95 54 95 66 40 87 78 39 64 137 49 80 93 122 133 94 116 157 65 106 64 92 68 100 162 93 106 106 157 102 100 113 140 58 119 85 79 110 86 51 131 112 73 145 39 43 111 61 107 86 114 40 52 44 99 72 121 134 95 121 119 59 120 31 175 136 135 100 99 156 154 131 101 85 81 127 154 72 118 172 153 53 100 88 50 80 97 120 58 73 146 125 96 64 186 74 34 128 182 42 72 93 133 44 41 108 130 142 135 125 61 153 180 150 50 91 95 16 90 116 23 104 123 134 88 116 
86 92 116 41 116 60 134 145 140 123 50 91 117 110 135 101 61 107 119 17 87 192 55 188 77 87 113 75 83 91 134 122 47 115 94 129 130 117 89 49 81 97 64 121 132 15 69 53 79 185 113 154 66 56 79 86 42 135 49 147 142 90 173 77 96 79 88 69 129 165 158 109 80 48 68 74 100 125 119 39 168 78 145 71 88 48 85 62 80 111 112 133 92 65 95 105 112 117 99 61 115 114 106 108 79 160 86 115 152 69 52 150 147 114 172 93 130 100 55 100 182 23 30 133 162 115 17 159 
94 46 28 75 117 136 155 106 26 124 87 125 115 94 96 166 97 87 165 38 99 74 139 108 158 86 67 168 153 135 46 84 86 54 96 130 38 155 172 41 88 142 65 49 100 82 24 115 133 20 168 131 119 56 14 107 128 137 68 91 62 73 29 43 84 160 69 82 122 127 119 126 124 86 75 115 114 102 43 56 118 125 46 172 130 63 120 137 122 128 48 127 120 134 68 67 81 95 138 121 152 123 147 99 168 90 114 135 35 127 53 93 166 71 81 80 68 137 115 134 64 104 133 14 100 149 130 97 
61 53 108 90 50 94 44 32 28 83 36 70 51 107 47 57 103 56 151 128 87 36 38 158 70 157 79 95 75 14 148 90 60 24 128 90 94 97 116 126 130 108 160 77 81 19 154 46 131 118 130 121 43 37 90 161 101 91 37 103 183 61 124 34 101 85 128 85 113 118 69 120 163 97 128 113 13 161 108 128 92 106 123 139 80 134 78 178 122 35 137 145 59 155 176 55 64 38 81 145 2 75 88 148 61 119 25 160 30 45 78 57 132 112 102 108 20 149 22 109 66 123 162 100 70 136 116 116 
137 105 60 73 142 90 56 85 134 92 122 133 65 113 73 35 92 108 166 104 79 140 88 85 138 66 61 138 118 122 99 72 176 165 125 108 91 100 66 134 179 26 129 129 55 171 186 60 135 90 118 47 71 79 163 153 79 87 89 80 153 147 148 37 127 64 51 61 31 74 134 65 113 67 123 46 151 154 129 26 100 58 98 139 67 50 80 49 78 88 131 121 97 133 89 121 111 149 97 80 22 78 98 71 106 45 85 104 91 77 163 91 139 75 100 96 149 68 61 75 35 134 115 149 136 76 102 117 
41 139 110 128 20 190 86 141 127 109 99 34 110 63 105 122 127 154 83 191 146 83 114 68 151 69 96 48 77 91 85 105 27 127 111 69 126 92 123 147 156 128 81 107 146 97 118 182 98 139 138 57 160 89 94 151 71 67 48 105 93 111 101 95 98 103 107 61 141 84 53 64 95 140 114 40 77 98 140 90 116 140 126 100 191 77 162 111 131 96 54 68 121 70 152 95 89 154 189 122 104 135 135 25 116 151 87 105 101 194 93 96 120 164 167 67 117 62 154 141 92 88 17 130 116 102 138 30 
111 132 110 72 29 89 102 125 143 162 10 149 26 33 85 109 40 154 82 162 88 109 151 64 99 35 71 108 23 119 163 85 69 73 148 79 139 103 58 98 176 98 98 68 89 78 23 114 109 109 109 81 50 43 143 79 58 145 137 121 45 147 111 115 69 54 91 145 70 130 161 151 157 132 166 121 105 98 65 54 58 142 68 73 167 35 37 49 111 178 92 110 30 58 69 121 77 15 54 102 40 112 138 163 97 67 107 74 84 168 151 71 118 41 129 114 99 93 50 84 154 116 159 97 116 117 30 108 