128
53 9 49 82 2 14 41 49 62 44 22 80 33 56 26 74 41 88 68 33 1 32 56 29 46 90 11 24 70 31 69 37 5 62 60 37 38 36 89 44 21 56 10 1 80 66 44 40 28 73 44 10 44 69 49 27 65 97 51 87 74 19 96 67 63 65 3 91 47 62 89 87 75 92 36 73 12 11 2 18 93 68 7 61 94 70 32 65 14 1 95 100 11 27 8 20 80 1 41 5 49 32 55 2 94 49 59 55 25 84 53 31 88 63 97 96 51 51 68 39 51 52 78 9 45 29 35 99 
100 21 65 46 40 49 15 42 90 46 68 46 80 89 91 53 97 60 38 19 77 46 30 3 45 66 44 14 42 59 50 24 76 79 92 26 94 96 8 90 65 6 5 91 62 63 7 57 29 80 52 3 74 95 45 41 55 30 17 56 71 79 22 75 76 9 71 25 79 30 76 26 61 70 79 40 36 64 89 30 94 29 34 81 80 89 72 70 86 59 100 63 77 61 77 56 9 37 17 30 5 15 25 73 93 69 97 40 37 84 23 77 92 9 36 80 46 55 68 97 45 30 19 27 16 45 9 95 
12 85 89 17 90 27 11 12 82 62 77 98 87 56 24 82 41 76 74 90 70 44 51 80 62 93 8 62 56 96 80 13 60 28 65 66 66 45 61 83 75 18 98 80 4 25 80 55 19 54 89 95 94 70 57 60 52 66 85 44 28 94 74 41 49 6 55 90 19 50 91 79 51 46 74 55 84 4 77 11 43 71 46 94 58 97 69 55 15 92 62 77 2 38 7 93 7 15 35 63 28 67 53 10 76 61 32 93 30 86 35 32 38 60 94 28 22 88 39 31 52 79 22 45 58 61 11 84 
98 68 28 60 57 72 100 97 40 90 21 4 95 11 42 45 6 2 54 2 43 16 89 8 87 70 26 34 63 41 20 42 63 70 55 43 99 23 25 88 82 43 74 1 61 72 15 35 13 43 73 40 9 72 89 27 67 97 55 22 15 79 85 74 18 69 31 10 28 80 29 88 59 25 78 88 93 2 59 31 37 83 40 33 17 10 76 21 65 39 51 45 90 53 31 39 15 93 50 78 19 16 14 36 52 6 12 59 9 66 11 84 4 7 8 65 15 59 49 30 69 20 54 72 2 81 34 97 
89 12 81 79 20 96 21 4 16 88 95 93 82 58 81 9 77 38 26 79 62 63 76 16 47 59 47 14 62 61 3 72 90 38 93 8 81 48 3 9 23 36 86 79 91 59 45 67 18 98 18 93 100 51 57 4 92 5 10 60 82 91 95 51 49 33 74 15 41 70 87 83 16 47 90 75 58 24 86 70 37 82 87 86 22 92 38 90 51 63 28 52 37 96 86 92 78 16 50 21 12 91 8 52 53 63 19 90 70 52 74 69 45 66 4 52 90 49 79 31 11 29 90 76 35 64 71 82 
11 76 98 49 74 53 47 46 7 32 77 59 60 33 35 27 19 50 31 3 66 23 97 12 2 97 70 75 66 19 90 85 55 65 7 82 47 4 37 74 6 58 20 49 90 51 29 21 32 35 13 2 53 84 15 16 76 78 89 36 64 10 26 37 75 67 15 12 68 39 82 96 73 12 20 56 71 34 86 16 64 46 32 53 93 32 62 32 30 82 93 73 65 71 80 9 75 63 96 98 55 88 2 19 50 43 77 63 97 62 89 12 18 19 3 10 5 24 77 31 31 31 40 86 100 90 20 63 
81 10 88 76 31 45 35 66 62 71 41 56 62 14 27 14 34 27 90 76 27 40 45 62 53 94 33 54 36 42 27 58 76 35 99 25 96 63 1 19 90 7 96 66 19 3 19 16 43 32 91 62 86 88 95 94 60 21 70 24 91 54 83 56 67 45 60 18 67 13 93 70 36 57 42 61 61 94 5 67 69 87 10 81 10 4 73 79 14 29 85 13 39 16 36 90 6 3 53 92 91 28 55 12 1 29 64 63 99 47 91 36 63 46 46 98 84 22 9 59 37 14 94 58 79 71 50 55 
77 80 3 87 59 57 23 11 61 62 2 19 19 85 72 91 76 87 24 64 71 35 32 2 80 8 41 20 17 74 52 88 65 44 16 94 94 50 31 60 49 72 36 15 97 41 49 90 79 87 12 55 100 1 11 81 69 79 67 84 2 89 17 27 30 85 37 16 35 19 1 45 95 46 15 75 76 8 41 93 55 55 52 62 65 64 82 31 8 30 67 11 57 85 32 60 76 64 57 85 11 77 26 74 26 48 45 89 8 37 83 71 84 1 42 96 66 63 68 45 7 62 14 6 96 71 53 52 
4 14 67 32 94 97 59 80 31 36 24 53 58 64 48 86 93 66 65 29 38 4 62 88 5 56 48 17 13 84 47 54 50 71 15 80 71 71 49 92 20 82 42 98 18 100 23 44 72 17 87 17 72 40 4 62 20 59 41 23 15 89 18 43 69 99 55 57 91 10 77 74 99 2 89 97 99 62 7 99 80 90 80 37 18 10 72 72 9 15 68 9 13 27 80 70 80 83 60 3 55 83 33 10 87 31 22 2 66 47 32 76 31 77 76 92 78 14 54 3 88 27 95 84 12 61 90 59 
86 33 56 81 23 35 51 89 44 59 17 67 56 89 86 65 39 75 57 38 9 100 30 66 70 20 93 87 60 92 16 52 52 31 63 84 71 5 84 12 91 61 38 63 49 27 84 61 9 83 38 32 37 4 86 9 59 53 79 50 51 7 27 14 33 76 76 75 76 4 67 11 40 56 42 61 24 10 52 85 49 65 80 88 100 39 90 85 89 63 55 10 97 93 96 97 85 30 59 55 25 96 37 97 48 49 35 29 67 17 26 25 61 55 5 70 2 3 34 57 67 28 23 98 85 32 96 35 
66 89 21 56 14 9 99 70 98 78 62 33 17 49 47 81 24 73 13 18 24 49 4 97 87 89 22 40 74 70 24 22 26 55 89 81 14 97 43 71 31 74 32 6 78 6 49 67 11 53 92 64 3 2 36 59 54 100 94 83 87 49 76 57 12 57 63 46 77 87 94 72 5 11 35 12 83 21 71 47 40 59 86 40 35 6 20 83 51 56 58 86 93 67 29 20 51 24 57 73 83 4 69 32 76 43 59 2 88 16 79 69 13 3 95 37 24 63 38 94 98 83 4 40 1 85 97 89 
31 8 98 73 49 8 17 52 20 43 46 51 30 95 88 41 62 89 65 80 27 38 17 75 33 75 25 54 66 88 90 60 90 59 42 71 46 73 26 37 16 15 28 41 6 46 27 9 42 52 76 98 18 16 90 76 66 5 15 61 59 62 69 58 72 27 94 83 28 61 9 68 11 77 33 22 25 84 46 44 65 29 53 60 71 49 12 20 78 67 59 60 77 16 58 55 20 75 20 32 65 13 32 6 62 29 19 56 24 53 52 53 2 86 82 76 63 56 69 46 67 69 79 99 32 21 29 98 
73 58 50 77 74 34 38 95 11 3 32 34 7 4 33 84 16 14 87 23 24 70 15 70 53 44 39 53 88 10 92 74 25 53 29 54 3 33 66 16 23 48 49 22 45 45 12 82 48 100 13 18 22 55 21 70 60 68 76 60 4 69 58 25 13 38 9 32 1 85 96 83 56 25 61 58 41 12 76 33 75 50 19 82 11 80 60 42 41 20 65 9 4 21 82 88 13 58 3 61 83 13 89 36 2 1 92 86 85 83 28 94 22 74 32 12 11 70 95 60 84 21 15 83 30 11 60 87 
63 93 89 31 22 48 36 10 58 45 86 33 25 5 24 9 7 43 11 11 95 17 44 83 68 7 85 53 66 34 93 64 54 56 80 62 50 64 3 13 18 5 22 69 89 11 85 18 80 17 29 8 37 2 61 100 24 36 2 17 14 89 80 94 17 46 2 97 26 20 65 87 20 4 75 50 32 4 54 86 27 94 66 34 54 35 88 26 38 99 47 56 95 58 17 41 1 57 15 58 63 86 17 28 46 19 31 37 34 17 97 20 98 6 96 20 75 74 1 82 35 17 82 90 5 95 48 2 
66 13 40 62 17 4 48 96 72 100 9 72 92 21 7 41 61 36 65 65 45 54 64 32 51 84 57 38 68 14 44 10 93 89 93 80 55 33 91 38 48 73 67 18 25 47 53 31 30 25 52 74 76 92 32 3 82 45 94 18 73 25 64 64 86 15 84 43 24 79 40 49 71 3 70 32 84 30 74 42 56 10 74 61 86 51 97 16 61 100 91 20 95 51 99 93 24 59 26 91 27 1 90 56 10 7 71 79 28 89 36 31 54 24 40 35 26 56 29 50 32 2 87 29 79 93 48 12 
65 26 99 14 5 67 95 20 93 21 85 57 15 87 68 13 10 21 42 51 29 54 80 4 25 93 3 65 10 10 94 64 72 66 97 98 57 61 14 37 22 73 91 57 35 49 47 30 20 94 21 76 15 52 68 50 20 30 95 30 36 8 35 82 29 41 86 50 94 65 28 17 24 39 82 18 50 88 99 49 25 75 2 75 66 80 93 64 66 32 68 98 9 17 86 74 84 32 91 38 37 68 98 57 91 93 84 27 24 24 69 82 3 19 22 87 48 30 50 61 89 59 18 89 71 77 63 65 
66 55 17 87 33 50 25 74 68 89 41 26 34 54 31 14 37 99 31 27 14 74 48 47 75 35 34 11 41 92 29 38 35 53 5 2 6 64 52 74 55 67 98 3 43 3 77 33 35 64 47 47 57 13 35 21 5 48 95 15 59 17 18 19 7 15 58 62 17 19 100 62 67 14 48 47 55 69 77 30 11 57 89 5 35 97 18 82 19 48 24 59 75 76 88 76 61 20 14 72 28 9 69 85 66 20 78 25 12 88 19 33 28 34 81 34 4 72 11 95 87 95 36 55 11 15 88 74 
98 51 76 2 95 18 6 15 58 5 72 83 14 53 86 11 1 54 98 80 72 64 17 12 56 94 48 48 44 54 10 30 61 9 99 71 40 20 73 23 40 61 56 17 23 46 73 13 36 83 79 22 17 98 62 90 60 3 47 89 55 4 48 62 44 5 46 11 50 52 89 16 15 47 97 15 47 63 15 55 19 56 33 58 57 64 91 33 43 88 95 7 24 19 52 81 60 27 3 13 60 98 47 41 79 3 33 32 18 90 92 17 63 68 33 48 84 52 3 66 62 11 77 14 38 61 25 11 
74 30 17 11 6 12 6 66 47 88 41 24 67 94 29 88 68 91 4 100 12 90 59 44 8 75 95 86 88 50 13 90 7 34 67 42 81 88 64 45 48 94 75 85 51 93 72 45 13 54 78 83 33 66 12 23 49 57 67 5 84 14 49 3 31 32 23 58 88 49 90 46 98 58 21 21 22 86 70 24 27 92 1 48 99 43 39 22 87 63 75 72 42 27 92 17 5 94 90 53 62 80 66 85 67 29 82 70 14 33 1 89 69 91 10 78 89 79 71 23 10 83 80 53 73 80 80 79 
37 58 53 49 63 69 39 56 5 50 57 30 29 91 38 20 89 75 46 68 18 68 21 2 21 50 27 40 79 99 62 57 68 19 70 11 54 13 14 100 81 62 11 14 100 97 13 18 65 42 40 50 32 63 28 13 21 94 41 13 64 18 4 30 33 21 25 44 78 97 28 3 11 24 27 30 25 46 37 37 91 55 72 72 37 81 88 45 37 2 99 10 40 62 26 30 97 97 4 17 54 74 42 81 18 65 78 17 38 24 32 89 50 12 36 30 77 34 76 60 77 26 45 27 25 71 60 5 
43 64 11 51 73 54 6 77 68 42 87 71 21 39 30 69 47 64 49 51 23 6 41 46 28 9 72 27 91 62 27 82 26 32 75 75 89 82 74 64 43 8 83 40 80 25 22 52 6 22 78 88 92 29 42 61 16 100 82 79 85 40 96 15 10 53 69 4 73 45 75 29 74 95 66 63 78 10 73 94 85 36 22 88 9 31 73 35 7 47 75 78 20 9 35 70 100 58 4 17 75 52 85 5 9 89 59 29 22 46 69 9 88 32 100 33 93 43 42 44 14 85 100 84 85 57 21 59 
99 72 96 25 88 69 70 22 78 18 4 12 50 7 90 5 38 22 86 23 74 20 44 24 69 60 1 27 50 97 5 100 10 24 98 21 91 99 62 89 46 21 34 49 83 75 18 56 70 58 46 54 45 51 9 72 35 72 87 40 25 1 86 58 77 14 20 79 48 97 50 61 33 99 45 99 29 25 70 61 92 76 68 11 89 32 68 89 19 99 89 91 67 2 26 88 76 21 5 18 28 63 75 100 52 12 70 18 81 91 51 86 48 2 27 72 5 6 86 97 67 78 94 70 66 67 1 38 
17 42 76 96 55 42 26 84 16 92 6 23 72 76 22 69 10 78 33 52 26 20 35 92 11 59 36 9 71 76 82 29 55 52 18 44 11 85 96 68 97 6 69 7 68 81 94 23 29 84 26 55 16 8 91 55 24 56 27 28 39 95 2 94 23 95 44 59 10 62 100 58 29 88 72 19 52 1 96 18 33 65 9 36 15 88 10 9 18 35 20 63 15 37 50 41 11 36 77 73 14 12 65 4 23 82 48 1 68 78 37 68 3 20 25 23 37 71 20 46 18 30 29 56 39 28 22 82 
52 95 56 48 17 92 47 8 30 70 83 71 76 29 79 76 29 89 6 26 43 27 38 95 38 37 58 15 66 48 97 15 22 62 14 40 35 5 63 18 7 84 81 28 41 43 47 10 8 65 89 65 82 70 73 2 50 76 77 59 66 54 60 100 26 52 51 97 69 23 43 12 82 62 66 84 16 23 51 65 13 65 67 87 46 21 80 98 9 56 46 31 1 10 8 52 47 25 11 19 2 9 30 48 62 99 9 81 50 4 19 51 60 21 4 55 87 19 66 68 56 92 1 28 5 84 60 73 
90 36 16 24 62 16 100 63 31 9 95 53 81 2 93 24 40 64 25 73 55 58 28 67 89 91 49 72 26 39 18 66 94 40 76 96 82 31 6 86 52 27 36 10 8 86 84 70 65 10 28 83 12 26 79 100 13 51 79 23 8 5 52 38 29 20 23 33 59 67 50 62 45 65 21 47 95 84 69 91 32 59 98 21 72 47 90 63 55 54 91 25 84 42 63 41 21 93 31 63 74 1 90 63 59 73 90 69 88 23 24 51 81 44 5 59 82 90 9 70 93 37 73 10 8 82 75 82 
38 19 93 81 66 28 41 91 37 74 8 33 50 65 66 21 86 19 96 51 82 80 23 38 75 14 97 37 38 48 30 7 43 32 76 13 44 52 11 99 87 79 10 62 34 82 5 51 61 76 95 40 85 25 78 50 67 64 1 82 5 37 30 9 28 59 68 32 95 14 23 83 46 71 92 51 45 86 87 70 24 19 50 12 18 5 20 99 93 25 75 45 10 56 34 98 39 62 13 100 49 15 48 44 91 15 42 90 81 78 73 39 57 6 36 40 40 28 48 58 49 62 37 78 87 2 67 80 
83 81 50 96 39 99 33 64 8 79 72 84 62 35 70 63 85 46 84 69 17 75 86 88 17 73 82 43 65 73 19 61 46 60 59 79 46 48 40 65 78 20 85 50 49 16 28 31 86 87 27 62 63 59 45 89 96 44 74 71 69 6 67 63 32 41 10 87 50 46 92 85 51 60 38 11 84 18 11 50 97 60 40 30 50 56 51 25 26 61 39 49 37 5 43 52 89 40 8 26 76 53 16 73 26 26 54 92 72 44 75 22 83 73 74 40 37 84 78 23 2 80 29 86 74 27 79 53 
71 50 72 33 40 89 100 71 6 68 9 1 97 36 72 75 27 97 69 35 40 27 77 95 85 69 66 77 22 28 67 96 69 60 11 5 11 25 23 48 23 92 28 20 86 18 72 67 25 89 13 36 82 46 21 32 5 62 35 34 88 22 5 75 62 67 51 44 48 79 58 97 93 2 56 55 66 69 82 7 32 26 87 12 61 86 87 10 7 54 34 64 68 49 44 17 89 15 94 98 37 25 10 73 94 18 33 50 65 44 83 92 13 66 5 30 75 22 13 28 84 59 28 40 41 77 37 63 
93 61 72 84 37 93 35 99 30 25 27 48 74 45 32 96 95 85 19 10 52 60 84 97 100 12 62 27 100 83 36 87 35 23 78 20 8 17 10 96 25 60 12 30 90 85 65 86 32 29 91 28 46 52 39 53 42 36 32 29 51 57 5 3 63 94 13 34 31 43 31 18 80 57 44 63 25 23 55 43 51 2 39 21 79 67 25 63 23 63 92 19 41 38 61 67 35 78 61 21 95 63 31 42 38 66 42 11 64 92 96 40 21 57 93 28 81 48 16 39 80 83 89 19 45 79 62 96 
73 3 23 46 57 94 29 55 24 65 78 44 70 42 22 71 71 63 50 27 26 89 91 97 42 50 53 36 33 59 84 29 21 75 28 93 81 89 74 50 10 87 1 37 94 10 66 54 69 60 41 75 49 53 56 7 98 98 2 42 17 35 47 33 3 39 54 8 38 25 96 82 67 80 30 12 18 85 95 91 45 57 57 2 10 67 36 36 10 88 31 69 83 92 43 7 82 91 58 57 81 2 11 63 48 78 74 46 31 56 25 28 23 91 74 22 60 56 81 23 88 18 6 96 21 89 97 4 
10 96 8 39 48 89 95 69 4 12 51 15 55 14 54 88 15 77 43 74 37 82 47 100 91 38 14 78 50 77 10 93 7 59 56 1 20 12 83 5 17 78 72 46 74 62 99 34 28 7 99 85 20 64 86 61 90 60 98 70 14 97 72 14 63 58 93 79 63 94 35 96 98 77 89 91 81 47 5 32 40 42 18 73 55 70 10 94 12 36 26 62 77 6 36 65 94 20 39 48 61 26 20 33 73 89 82 35 67 67 94 38 67 35 38 56 82 95 32 77 33 94 11 93 2 71 42 45 
31 72 73 3 13 89 48 54 7 86 60 4 48 73 28 71 39 83 49 10 33 5 80 19 58 5 99 85 42 52 13 45 63 87 66 100 54 13 62 10 4 61 8 90 12 55 8 81 93 98 44 88 85 94 44 13 51 5 68 30 49 93 29 84 88 11 34 97 90 15 85 67 19 61 79 19 56 23 4 46 86 70 79 39 40 35 28 1 11 95 59 92 42 42 18 8 7 2 100 9 51 21 21 15 3 29 90 51 7 93 55 16 73 85 49 52 90 49 41 43 27 45 17 43 94 34 87 57 
53 53 73 79 36 2 57 36 31 26 51 1 70 66 26 79 16 15 32 32 70 33 92 23 4 8 59 95 47 53 48 13 93 85 56 67 77 15 57 20 43 44 13 59 66 28 85 63 85 13 7 89 27 98 97 10 2 6 1 13 9 82 70 11 27 95 28 94 74 11 53 56 35 18 91 47 40 30 28 53 31 56 89 19 79 83 17 45 93 19 24 4 38 95 10 81 81 97 33 53 32 5 73 28 81 14 2 89 70 55 46 88 52 59 35 56 78 87 19 66 23 84 19 34 75 98 76 14 
28 49 34 87 13 30 98 93 29 59 85 53 78 41 50 37 66 6 52 65 18 1 24 82 30 31 15 98 62 14 78 65 40 18 37 13 56 52 92 11 27 36 96 89 96 22 23 25 29 66 51 3 30 8 2 8 49 81 46 48 22 73 38 36 53 9 1 18 80 54 97 31 27 74 14 46 32 46 3 36 51 73 34 83 10 52 85 58 32 9 47 59 85 32 5 15 36 66 42 52 28 79 100 92 79 52 49 87 99 68 84 75 36 56 21 36 67 64 40 11 25 67 94 2 43 48 39 12 
69 4 37 57 10 31 95 19 84 91 98 77 72 15 57 3 29 39 84 36 33 63 6 33 38 14 68 34 37 3 17 91 69 33 26 41 39 42 20 63 51 77 11 43 59 74 31 64 94 9 15 62 36 69 17 29 3 54 48 59 19 45 53 54 34 61 95 69 83 16 30 10 7 31 93 3 96 49 48 18 100 73 25 62 83 38 86 65 62 85 32 83 89 27 75 39 96 39 94 47 3 100 63 60 5 84 21 38 100 2 19 45 36 82 29 77 18 63 59 17 95 42 50 46 82 41 48 29 
44 87 90 74 17 71 39 56 73 3 53 71 44 67 17 5 14 17 36 33 1 85 50 99 24 70 2 17 11 97 80 25 75 17 1 45 3 87 16 6 41 9 76 30 43 92 9 3 20 10 98 83 33 50 83 82 66 8 70 17 34 85 54 97 88 81 23 18 5 100 24 1 43 46 46 92 5 90 98 54 69 30 25 49 2 2 48 46 58 78 27 8 93 40 35 83 83 17 5 76 41 88 4 39 47 4 23 22 40 88 26 91 46 44 63 90 2 47 21 98 97 60 98 57 1 48 84 34 
27 48 49 97 35 69 83 32 70 24 43 5 50 83 87 86 73 100 68 64 51 48 30 3 22 68 27 74 4 11 87 2 38 87 68 31 9 9 5 89 22 32 38 41 100 48 10 47 13 38 98 29 39 16 91 76 32 24 92 36 33 70 38 73 85 18 27 82 40 8 18 58 50 88 98 10 59 21 21 90 5 30 16 60 74 72 53 28 16 54 83 35 73 100 76 6 67 6 50 50 92 11 2 19 35 12 61 53 21 96 19 30 53 55 78 13 48 73 14 27 69 14 37 49 31 50 70 17 
74 39 3 90 50 35 1 50 37 49 8 87 73 93 86 75 34 88 82 63 53 11 21 71 4 24 30 78 31 43 2 73 70 76 64 100 59 11 98 100 80 63 28 60 15 20 35 38 22 3 99 86 81 5 93 12 61 25 2 95 89 95 42 64 32 67 34 4 41 48 74 47 21 74 14 27 72 75 23 35 7 51 47 7 1 98 67 62 97 66 18 69 9 59 3 59 18 52 51 18 29 14 89 83 41 29 38 41 65 56 6 1 21 49 44 29 12 8 6 57 63 93 39 11 21 56 22 100 
70 68 49 81 3 21 57 85 81 18 6 22 57 97 89 71 71 63 6 81 68 90 12 1 18 81 28 64 99 58 66 43 75 40 36 39 6 70 57 22 53 34 27 71 100 94 18 78 14 35 54 19 83 7 41 42 98 57 83 34 11 27 71 37 19 60 84 30 36 59 83 33 42 67 62 92 19 70 58 74 94 36 4 45 14 38 90 53 58 82 55 17 89 2 54 45 91 73 13 13 82 46 75 51 54 26 59 29 7 19 26 92 46 6 24 24 53 69 63 61 83 70 25 14 22 73 52 98 
76 97 74 10 11 85 71 63 61 98 4 53 43 58 21 57 14 29 12 93 65 78 27 74 96 71 84 86 96 99 83 57 81 100 41 29 100 45 33 41 3 80 99 55 17 20 54 51 22 6 57 49 93 84 48 73 49 37 39 21 100 39 9 59 97 3 70 56 79 95 25 80 22 94 97 95 62 22 23 91 75 89 46 14 47 71 89 1 84 95 23 30 92 68 63 41 25 12 80 40 58 84 15 62 42 74 46 84 32 57 97 92 4 11 78 72 4 17 39 95 98 81 64 10 96 82 95 92 
83 91 75 21 30 17 59 20 39 12 43 34 12 34 25 94 12 20 81 11 12 56 85 81 65 13 91 23 75 76 77 1 79 62 46 34 49 98 54 63 22 75 29 90 2 65 42 48 88 28 75 53 31 52 9 46 67 48 63 32 39 2 13 33 2 26 45 89 43 50 98 21 48 37 56 49 28 37 88 13 37 94 57 5 32 5 97 1 100 40 36 46 98 39 21 68 99 37 41 74 98 39 29 87 72 93 40 7 27 43 61 23 82 12 76 49 47 37 56 24 73 62 89 15 4 27 58 52 
53 54 35 51 80 32 89 14 86 58 12 20 18 42 59 13 4 94 71 93 95 17 3 58 55 56 6 97 22 97 66 96 5 45 80 61 58 53 56 49 8 21 50 38 80 30 25 63 76 33 93 73 12 8 87 66 44 15 76 15 49 33 71 51 23 47 87 31 43 93 61 14 24 84 59 44 33 95 64 19 80 17 76 96 82 96 36 94 43 68 87 67 54 1 26 15 99 71 70 80 88 53 46 70 100 46 82 27 90 67 25 28 61 45 87 28 79 95 54 72 94 42 42 37 2 81 52 81 
41 93 61 20 85 1 6 35 23 52 45 58 7 19 79 88 64 84 10 99 81 11 95 59 8 5 43 90 26 33 64 45 22 85 85 48 50 89 79 54 29 18 35 79 72 42 83 74 61 77 75 54 57 16 25 2 53 94 92 97 53 60 84 79 59 11 100 73 56 30 95 4 67 82 7 11 51 82 3 36 17 30 77 45 18 96 48 91 33 66 64 81 29 80 92 88 17 96 90 35 72 45 91 98 66 20 82 44 32 38 1 33 47 25 82 65 66 92 40 34 7 18 18 65 47 3 4 84 
42 68 67 53 98 71 11 51 24 39 9 39 62 95 48 11 75 82 55 37 62 7 94 94 51 78 81 21 57 16 45 35 42 78 60 87 16 79 6 25 38 25 55 31 30 53 94 76 41 58 19 16 95 90 15 9 39 56 28 45 94 33 16 89 94 64 88 40 72 51 80 75 59 70 89 40 24 29 63 77 6 14 37 70 1 42 48 87 100 80 21 58 34 18 81 37 11 86 78 75 31 89 100 60 28 68 8 92 5 41 35 49 91 93 26 68 57 85 20 54 24 23 25 99 37 32 51 80 
34 23 12 90 3 21 41 4 51 40 65 38 43 66 22 10 31 55 3 49 77 14 69 71 24 13 63 22 54 75 34 69 86 61 83 81 44 18 94 65 85 8 32 16 7 92 62 79 50 16 35 41 52 44 83 2 84 11 56 11 64 59 83 60 75 39 93 62 60 34 69 50 25 45 67 47 17 92 37 94 67 27 22 41 36 52 15 53 6 63 26 36 61 94 29 50 82 6 59 61 56 78 64 26 98 40 16 32 77 67 25 50 50 39 41 58 1 39 20 32 68 60 16 86 76 14 30 23 
10 53 59 99 80 84 38 16 85 92 32 89 53 5 17 10 49 4 6 73 45 36 71 61 1 69 20 92 43 10 32 58 73 90 92 80 73 99 60 15 55 91 98 10 71 35 84 4 39 34 2 14 40 3 93 85 81 46 88 69 85 68 1 46 21 4 42 41 4 4 81 51 66 8 44 95 67 64 91 65 84 56 52 41 62 55 45 10 9 44 100 78 80 71 1 6 18 68 42 14 27 20 75 9 39 12 72 20 86 72 22 2 69 98 8 86 70 71 48 28 24 11 56 41 45 1 80 45 
3 9 56 87 76 19 41 36 11 57 76 92 52 99 32 63 2 55 100 54 37 4 38 51 78 70 41 28 32 11 50 68 77 14 66 17 31 83 93 63 37 80 98 94 53 15 34 80 7 46 17 62 4 18 88 81 34 13 58 2 54 86 47 76 50 79 76 80 81 44 63 94 77 67 98 78 44 45 27 89 63 97 78 4 16 56 73 96 92 49 80 13 89 87 31 6 57 55 52 84 54 40 11 89 46 86 37 99 34 65 88 1 87 4 22 40 26 79 19 29 66 35 73 59 86 99 22 11 
6 57 39 1 47 7 20 34 44 13 86 26 4 18 7 2 6 28 23 13 79 34 25 76 99 21 58 24 62 5 91 25 3 77 49 47 58 79 46 12 63 19 68 4 42 26 63 14 45 53 30 12 52 82 50 40 43 91 35 54 28 88 69 65 13 6 1 41 95 31 35 89 51 46 74 69 37 1 91 69 10 47 11 58 80 3 34 27 38 58 34 86 74 56 91 5 76 74 15 59 73 28 3 76 28 3 81 94 40 26 58 89 74 57 48 61 30 100 75 71 84 65 100 58 17 88 34 60 
41 22 74 11 87 77 8 62 79 32 96 31 5 43 8 40 83 95 8 16 81 48 78 92 2 57 30 58 96 45 89 97 33 100 23 30 90 48 68 19 71 100 75 95 76 100 85 44 69 69 16 49 22 60 74 36 55 98 29 85 3 49 68 48 14 31 35 97 10 78 63 27 93 74 14 53 6 48 4 87 71 74 62 77 89 62 51 88 41 36 10 27 2 19 63 46 52 70 79 91 58 88 53 58 68 21 83 71 34 6 82 2 76 65 39 6 95 68 96 49 100 1 60 42 45 91 26 91 
47 1 11 5 83 46 35 35 22 82 26 38 47 77 1 54 64 19 72 31 86 76 42 59 11 10 40 99 15 29 50 68 25 53 92 61 60 74 69 31 95 78 35 81 81 94 84 20 19 74 32 16 56 37 53 72 20 82 29 83 53 54 95 50 5 83 58 24 1 49 97 85 24 65 30 39 76 24 36 67 75 8 32 7 16 55 95 24 86 28 36 15 73 20 48 61 18 51 91 49 99 56 32 41 86 50 3 61 100 16 98 80 86 91 7 20 9 38 14 95 80 90 65 49 27 4 11 14 
9 38 92 58 51 54 57 29 45 58 58 87 32 88 73 3 87 85 65 85 87 91 31 95 75 74 17 64 85 14 9 35 91 7 65 4 88 64 38 12 82 31 47 87 56 100 18 82 15 99 36 33 95 89 60 83 50 79 93 74 49 65 51 72 22 43 57 12 66 11 87 27 62 84 40 42 79 62 12 92 18 76 21 45 43 79 4 1 97 40 88 14 9 49 49 42 52 32 7 44 43 24 50 73 2 75 34 87 69 26 17 41 100 19 36 62 35 62 44 99 14 2 53 28 94 48 54 94 
78 71 61 97 22 90 6 37 6 53 2 76 83 43 70 10 14 68 45 87 61 82 48 31 36 4 32 33 77 92 13 7 83 71 99 49 21 60 69 84 37 1 47 12 16 17 18 29 66 69 20 53 6 88 60 57 19 14 93 62 2 40 40 15 35 76 59 6 94 9 64 29 32 50 60 92 92 95 8 15 81 50 61 87 49 62 54 33 50 39 30 20 64 4 63 59 86 12 8 97 13 99 51 40 9 33 5 37 10 6 81 26 78 66 100 71 100 58 28 75 96 14 32 24 68 78 75 41 
7 99 31 32 78 100 12 98 74 81 19 71 20 47 94 88 11 19 23 60 17 14 80 10 34 62 4 62 76 31 22 90 37 40 32 89 73 97 15 42 56 91 34 27 49 29 33 66 2 74 92 11 71 65 36 38 32 65 4 36 5 45 70 20 83 50 100 37 38 12 32 43 36 94 45 41 8 68 89 3 28 72 7 12 59 61 93 14 53 77 89 60 70 84 31 50 48 32 36 22 9 59 51 21 18 33 5 59 52 93 92 99 42 10 11 80 9 63 36 8 6 71 74 85 86 63 43 61 
68 65 83 41 95 32 26 100 26 53 63 49 48 31 71 76 50 73 11 15 41 11 17 22 69 100 93 95 82 8 91 31 54 44 47 90 85 68 37 28 72 44 84 35 66 2 43 84 4 93 85 29 69 56 45 83 73 91 30 55 8 5 12 7 7 3 66 10 98 78 3 8 84 37 69 8 29 41 99 31 45 41 15 35 5 28 38 30 72 52 81 30 64 54 19 51 17 98 22 78 15 53 80 28 87 35 20 97 18 70 91 93 21 9 24 12 38 22 94 77 73 43 24 11 3 92 27 57 
38 29 11 64 93 22 60 89 80 49 32 6 33 98 2 4 95 85 83 22 76 95 62 28 40 73 58 29 16 22 53 35 83 41 55 28 77 99 49 77 22 98 89 36 34 9 17 7 44 11 48 23 35 91 94 40 51 45 31 85 88 92 90 79 46 28 58 13 88 85 88 22 8 32 75 68 39 36 45 2 38 62 66 84 45 77 61 63 42 21 89 17 46 24 94 11 20 18 92 15 10 90 50 65 40 21 6 74 69 30 10 89 86 96 10 53 23 66 55 59 27 26 45 45 30 61 66 62 
89 51 58 13 66 2 55 36 64 71 10 94 76 46 8 57 62 13 3 32 4 64 57 34 43 13 27 84 46 69 75 50 35 49 55 90 82 26 86 8 98 22 37 6 12 84 96 60 36 12 73 24 9 49 99 30 63 87 62 11 31 56 9 30 13 2 85 72 51 87 68 44 75 74 97 90 39 52 82 75 47 71 25 2 60 44 2 82 51 87 77 23 97 79 61 81 13 32 33 22 10 92 90 63 33 94 6 43 83 25 10 8 86 26 58 2 29 60 43 61 30 51 65 75 35 42 45 90 
49 71 73 31 75 6 14 60 75 44 98 52 25 48 67 27 72 87 58 26 44 79 35 24 39 12 2 46 38 19 85 6 23 91 46 56 93 17 21 7 35 49 13 30 62 13 37 38 85 30 48 42 67 97 14 25 84 95 37 5 52 46 98 95 73 20 74 5 68 42 37 93 90 56 17 68 29 6 59 27 9 3 21 87 62 71 52 43 66 90 73 97 86 35 40 44 71 7 44 67 98 69 43 35 38 22 49 60 92 7 80 59 18 24 56 67 67 64 23 38 17 88 75 5 96 27 15 86 
80 80 96 28 90 37 45 1 49 30 7 95 80 95 90 14 69 68 16 78 32 98 61 40 38 43 30 32 48 26 34 34 89 16 90 83 33 95 91 88 24 5 95 98 31 76 24 94 13 9 73 6 27 17 6 61 3 67 80 39 81 68 63 53 73 38 95 90 26 31 12 85 88 35 35 45 49 17 40 26 87 36 13 18 56 98 43 70 16 52 63 16 21 76 60 94 58 5 68 74 30 6 1 45 97 73 9 40 2 29 2 40 59 93 80 35 57 36 88 83 52 91 83 70 88 80 69 26 
82 8 19 25 37 15 84 25 56 91 3 11 86 54 55 72 25 69 47 14 35 68 88 43 43 91 48 50 89 80 10 22 77 43 25 17 15 63 52 97 75 32 7 69 78 77 86 71 15 58 82 23 14 68 8 11 34 5 44 75 47 47 76 97 24 36 55 50 22 55 87 10 18 98 51 61 21 24 95 46 72 85 13 69 40 99 79 18 82 50 55 21 45 29 23 1 20 37 80 15 10 80 35 17 94 49 25 54 82 40 100 74 13 69 63 68 59 93 47 91 77 94 62 39 76 49 8 75 
72 62 81 93 96 73 54 94 94 70 47 21 87 65 49 91 23 74 97 43 21 28 55 49 93 63 83 71 24 61 36 15 18 85 44 64 70 82 6 79 17 29 46 78 72 63 72 33 55 34 99 65 71 85 88 6 36 22 92 15 59 98 71 80 19 74 26 94 48 93 75 70 70 34 86 55 79 25 85 83 25 82 24 31 52 73 84 18 29 77 21 63 73 64 95 21 50 82 41 12 65 43 44 33 88 11 24 41 30 62 28 48 39 13 13 77 18 91 80 87 4 5 87 93 1 31 56 22 
12 30 73 68 97 13 81 43 30 9 48 64 3 50 100 54 72 88 13 54 91 75 100 56 14 12 24 67 65 39 49 36 27 61 88 92 78 6 14 54 91 87 50 22 14 31 99 19 52 75 81 51 74 23 23 20 41 21 41 84 97 95 27 5 4 77 39 93 25 40 75 41 53 56 90 79 71 49 27 22 54 90 95 93 91 86 97 61 22 46 9 19 29 51 50 73 65 54 2 81 34 9 23 26 83 41 88 28 62 64 90 94 11 25 41 53 50 54 41 58 58 20 84 99 70 60 25 72 
3 51 82 63 51 43 38 2 10 35 42 13 34 9 23 96 46 47 87 12 32 74 25 27 66 62 80 56 90 76 62 26 82 70 52 15 77 94 10 41 44 7 86 75 87 70 83 50 47 82 68 89 3 91 55 49 72 28 48 91 16 37 17 29 90 10 13 77 55 27 93 20 74 88 47 70 14 27 17 6 73 19 29 68 84 62 23 13 39 89 20 97 95 29 74 90 14 35 77 76 29 42 18 58 55 39 61 61 75 34 29 71 11 2 61 18 69 67 83 29 40 70 82 85 8 72 49 34 
48 19 62 38 30 62 68 31 57 33 52 36 20 100 83 12 39 85 70 14 54 52 83 29 98 88 27 14 5 75 12 56 38 68 17 99 53 89 37 28 46 5 61 46 54 95 21 26 53 79 5 73 87 1 46 40 30 50 64 35 80 60 4 77 80 43 42 97 7 48 98 2 85 8 8 32 35 65 18 18 46 57 2 78 28 18 4 69 6 42 58 88 79 30 41 62 53 4 94 51 3 80 9 73 59 63 81 44 84 49 2 74 36 33 80 59 25 95 66 51 5 54 58 41 26 36 99 64 
98 31 63 6 16 54 22 59 88 48 80 73 1 28 16 88 39 32 53 20 71 32 40 90 73 30 84 43 78 30 67 57 33 38 3 71 96 62 48 57 78 13 14 87 18 6 35 40 75 66 64 100 54 63 1 19 83 13 17 19 23 81 24 54 96 89 1 94 73 70 13 7 32 25 18 65 34 33 79 69 13 9 96 15 75 9 78 5 90 10 17 8 18 3 61 61 20 33 50 23 83 100 72 95 91 97 75 64 56 10 69 95 64 53 84 74 27 90 72 4 10 69 100 40 72 62 14 78 
13 74 100 32 78 47 97 11 15 46 40 83 31 18 39 50 71 79 88 13 68 37 48 8 86 70 97 13 89 99 80 43 60 82 91 66 99 2 18 5 99 76 48 93 85 80 41 27 13 62 71 21 87 78 65 64 92 12 63 74 87 42 86 6 75 48 67 4 52 20 56 30 73 26 86 78 62 67 51 46 47 48 32 36 91 91 56 87 99 56 75 58 36 79 21 33 39 13 74 28 46 3 57 63 59 83 1 10 34 66 39 73 69 26 45 93 42 22 96 73 79 65 8 23 23 65 32 53 
1 37 73 81 54 94 34 63 88 53 89 27 26 75 54 36 79 50 2 52 35 75 34 6 49 39 43 28 39 99 50 74 61 67 4 9 18 9 25 7 39 79 71 78 14 74 64 80 76 51 68 30 91 52 94 14 31 88 78 90 79 67 85 82 8 86 7 55 68 82 24 71 9 76 6 49 100 77 33 33 38 80 80 2 94 22 45 5 32 61 6 24 67 51 96 62 9 43 49 20 61 18 68 13 45 83 41 76 95 54 92 91 2 71 81 88 53 46 10 96 75 76 94 57 40 93 53 49 
27 94 22 83 27 13 51 72 57 92 52 67 37 94 28 86 83 51 69 71 32 42 68 58 7 9 17 51 43 44 93 37 14 2 2 56 93 42 25 98 50 65 3 70 43 13 23 22 53 52 75 87 96 88 89 74 71 15 43 54 31 68 82 70 63 19 82 67 38 99 33 13 80 2 40 100 50 95 17 88 19 30 6 83 67 74 83 21 88 60 65 7 51 14 42 25 16 83 10 3 65 42 47 60 29 71 4 33 70 39 34 63 78 86 69 92 63 6 87 38 90 21 9 16 64 80 38 25 
92 87 12 22 13 89 2 93 98 68 64 7 6 41 43 28 9 42 29 21 5 68 71 49 70 1 35 19 18 51 89 60 10 34 89 100 88 8 89 7 67 33 14 40 98 79 16 56 7 92 98 34 14 80 60 4 34 79 54 74 60 44 49 44 55 83 68 9 91 17 80 14 38 85 11 20 55 94 89 15 21 8 30 18 84 4 24 53 30 78 57 4 4 35 36 89 99 40 74 30 96 64 22 66 44 2 80 13 69 33 78 66 26 4 66 1 84 78 67 9 18 21 90 24 56 37 36 47 
98 28 37 95 55 18 95 42 88 34 19 68 1 43 94 95 40 21 77 65 42 20 17 76 23 40 27 32 65 55 60 45 77 10 27 49 71 2 70 84 91 14 57 42 18 68 85 22 73 100 98 95 41 20 58 62 21 20 77 61 63 92 26 98 61 30 44 17 93 89 74 16 91 12 63 76 7 76 54 92 78 88 84 11 68 41 8 96 14 95 29 58 90 90 60 61 47 80 27 88 44 57 54 54 62 39 14 17 96 58 55 81 8 35 88 75 45 55 48 76 26 14 85 100 67 61 42 53 
41 20 29 57 54 38 9 83 26 30 92 98 62 35 97 100 51 32 42 95 37 31 27 38 23 49 3 24 80 37 72 58 92 29 35 43 16 56 64 55 31 27 48 84 85 10 57 46 62 68 54 82 17 73 55 82 23 85 98 100 20 94 10 28 51 75 90 37 2 17 42 91 54 87 15 17 57 52 37 10 27 19 97 85 30 39 39 30 93 25 3 6 7 86 68 83 57 56 56 63 84 30 3 89 13 15 2 49 57 32 72 50 93 100 24 50 82 20 5 2 6 63 42 28 84 5 44 28 
27 83 78 74 8 70 16 81 61 8 29 81 10 43 8 79 27 57 30 60 76 30 63 24 82 58 79 96 80 7 56 79 88 25 82 32 94 83 96 34 70 53 36 20 88 48 68 100 94 33 27 57 12 80 45 40 20 27 63 98 93 45 24 41 47 74 58 84 23 55 27 86 86 29 70 88 38 17 70 85 76 45 16 60 39 31 51 53 82 26 71 82 66 54 2 28 45 10 86 99 34 39 39 56 99 36 49 86 76 39 67 24 11 51 22 29 63 96 27 79 65 4 10 5 27 81 36 33 
30 76 66 42 92 15 36 48 63 37 63 49 37 93 88 83 4 24 83 98 49 37 57 90 52 53 36 47 31 100 97 14 21 47 11 71 70 20 37 3 17 30 16 39 78 31 56 19 30 32 60 51 26 45 66 58 9 82 40 77 27 61 40 4 83 52 28 45 5 49 68 57 45 53 71 19 47 40 38 16 9 29 68 44 1 76 81 70 59 88 31 56 83 17 45 10 28 20 71 86 92 34 43 9 54 93 71 94 10 43 23 27 66 10 38 79 18 88 68 81 6 36 65 70 49 54 8 4 
69 44 3 85 43 86 36 77 100 67 79 6 75 48 75 93 80 33 33 58 1 60 63 11 6 47 82 38 88 46 87 14 74 96 45 40 19 68 25 93 5 87 51 28 30 6 59 70 100 57 18 27 51 79 9 41 7 72 31 36 51 18 15 100 92 22 19 74 70 16 10 66 49 66 41 34 21 86 65 61 12 7 14 68 9 72 95 1 16 15 16 52 92 57 36 76 77 22 53 73 50 22 88 23 56 15 1 46 26 24 90 57 95 16 18 50 65 64 34 53 53 12 16 38 54 67 52 92 
30 53 3 85 59 86 50 53 13 47 67 50 9 75 14 64 12 90 21 9 23 8 55 79 63 91 25 20 85 24 76 52 14 62 34 50 45 35 87 28 35 84 70 87 13 2 90 88 2 82 35 15 21 42 1 12 7 36 90 96 23 20 82 100 53 82 86 26 42 31 15 78 8 17 90 99 41 2 95 23 44 23 38 79 62 64 38 32 95 11 12 77 41 24 92 87 79 14 12 91 22 14 22 66 67 94 30 11 51 61 50 61 69 63 25 48 12 76 99 25 96 48 81 23 91 66 24 57 
65 83 88 13 96 70 93 7 74 83 22 45 73 67 42 81 47 56 55 47 48 7 18 98 84 55 57 26 6 34 53 67 52 100 2 42 40 27 77 39 14 22 38 49 11 62 11 42 58 92 24 29 53 50 41 54 98 3 19 43 79 28 39 94 18 84 71 100 41 16 84 87 22 54 6 2 44 12 67 75 83 18 55 89 14 34 30 1 99 66 46 57 92 15 48 72 1 97 55 28 2 10 48 6 90 26 96 85 40 1 34 60 28 48 14 9 6 73 78 9 7 99 63 26 77 91 4 50 
64 76 23 54 46 65 13 17 79 22 69 36 81 42 95 53 77 83 46 44 48 15 41 10 36 16 96 1 92 45 21 100 39 69 40 48 12 76 67 35 30 24 62 71 70 70 66 68 88 87 63 98 85 96 98 72 50 22 36 58 63 52 22 53 67 8 46 69 12 60 27 21 70 26 61 22 33 15 41 5 67 90 98 66 44 11 8 97 67 60 25 26 1 58 87 83 15 50 45 93 2 34 75 71 85 95 55 28 40 92 88 4 66 23 89 5 48 65 70 29 45 47 5 57 38 24 97 32 
81 12 43 91 26 99 38 72 37 26 31 63 84 94 42 98 48 44 86 100 74 94 25 29 6 86 65 26 45 59 46 65 89 81 5 97 44 11 59 62 44 72 67 14 19 10 37 82 9 48 40 89 86 88 61 88 9 97 26 18 71 36 69 73 30 17 64 25 74 10 67 91 55 52 74 28 60 21 48 70 63 98 53 33 74 56 21 58 58 80 6 13 5 19 88 31 87 96 51 2 13 56 63 93 68 87 74 99 35 68 25 60 66 10 87 9 53 11 76 99 84 84 16 55 75 49 17 92 
59 37 11 59 24 78 25 42 85 84 34 51 24 29 100 7 72 44 7 34 2 5 9 80 6 23 95 40 13 85 24 38 53 88 34 76 95 60 94 73 42 36 74 32 39 44 65 88 73 9 72 63 36 100 71 34 62 79 90 62 69 4 70 50 35 29 68 13 41 50 14 48 70 86 86 91 87 54 48 71 49 39 57 5 6 35 43 55 60 85 3 72 56 14 57 34 42 34 63 78 87 77 84 17 64 14 2 85 30 23 43 66 51 100 33 53 52 16 83 84 67 75 11 61 59 87 46 82 
44 94 94 92 69 46 93 100 88 58 5 8 87 46 60 13 74 6 74 84 79 34 42 93 76 94 76 74 96 14 74 38 8 94 39 25 72 59 10 100 88 27 87 66 26 85 7 41 82 24 94 61 78 68 19 42 28 68 86 78 52 69 25 59 29 48 58 75 75 59 73 100 14 49 86 45 74 48 83 57 22 98 74 48 1 52 75 90 70 84 53 80 86 69 16 89 54 34 10 46 18 62 11 67 53 100 28 2 18 71 26 63 30 53 18 27 3 36 18 14 43 13 45 91 58 71 33 43 
90 86 93 93 91 50 48 21 68 65 19 80 20 34 29 46 48 95 20 45 84 14 23 99 54 43 1 33 45 91 96 69 85 18 99 46 91 39 42 92 85 49 73 94 30 92 39 89 53 8 27 83 39 78 66 54 41 29 73 2 31 80 41 15 86 70 86 1 18 89 93 71 36 82 39 2 8 77 64 28 6 3 60 89 44 97 42 59 49 3 5 17 86 97 74 11 66 23 57 13 33 5 71 85 83 44 57 27 47 76 17 86 96 51 22 4 98 49 50 80 23 35 93 75 7 17 62 86 
64 99 17 59 34 85 24 7 21 87 97 80 80 52 76 93 52 87 1 4 86 32 91 41 64 88 67 56 37 10 58 23 99 26 20 50 21 85 76 8 11 5 35 64 21 65 63 32 25 7 41 24 28 66 44 2 60 74 96 75 47 35 18 64 75 11 66 65 52 86 8 63 98 90 44 83 42 58 48 83 90 42 34 90 21 45 95 53 10 69 67 24 85 62 25 29 94 83 86 95 38 62 84 77 2 5 3 15 6 99 49 73 5 14 98 17 58 63 96 4 50 77 72 27 69 61 48 53 
52 21 72 47 57 28 67 90 88 94 77 22 73 63 22 78 89 94 63 86 33 78 2 1 28 17 41 18 100 33 70 13 95 1 84 93 13 11 77 74 7 91 53 90 91 18 52 8 26 92 79 77 52 39 18 50 81 39 64 97 63 32 3 76 72 64 7 80 62 33 51 23 69 83 73 43 39 62 96 99 43 16 75 97 49 85 10 31 56 92 78 14 9 2 78 10 38 73 73 4 69 26 89 43 39 81 86 8 84 9 26 73 73 38 69 99 5 46 79 1 87 33 54 22 31 76 89 64 
38 9 94 90 67 88 12 39 1 68 24 24 72 48 29 11 86 75 61 40 46 94 40 20 91 96 7 89 25 88 77 51 8 16 12 77 84 22 52 10 98 34 30 9 26 20 81 30 31 85 49 63 94 90 89 93 76 43 77 41 87 88 21 34 60 75 73 98 40 31 13 55 97 84 30 58 72 99 30 1 95 79 72 95 92 81 34 74 72 99 82 75 90 66 76 58 79 65 29 13 69 37 9 1 52 49 14 94 39 68 45 60 8 83 96 51 56 79 37 75 62 68 63 14 96 63 14 32 
58 69 83 14 10 94 53 24 56 43 24 48 5 54 42 45 48 5 84 55 76 45 39 37 1 32 57 31 72 11 57 96 43 57 66 92 29 79 29 83 77 90 5 93 98 67 85 61 25 40 66 3 89 97 24 41 90 67 59 35 90 59 56 73 30 96 45 32 42 19 78 86 66 21 93 73 100 20 41 49 1 81 51 12 49 18 99 56 88 36 25 35 85 78 71 10 85 67 24 49 97 90 79 38 76 66 46 19 15 82 85 45 89 60 94 13 87 66 65 72 74 64 18 9 81 7 31 73 
70 39 62 91 100 95 65 20 77 43 27 46 57 58 52 18 68 58 61 65 9 55 85 82 52 22 1 40 88 66 74 9 60 51 93 72 45 44 96 47 78 95 76 93 77 54 68 93 98 49 32 15 86 48 58 8 63 2 12 94 98 86 99 42 40 86 64 83 87 70 27 84 57 48 97 53 35 73 4 50 80 42 65 93 79 51 36 68 17 79 60 42 24 12 100 76 63 87 65 14 36 5 42 40 67 90 86 59 75 3 30 45 14 46 93 74 26 43 47 34 36 90 27 75 95 57 76 72 
74 35 69 13 86 81 73 55 87 41 13 36 84 15 54 44 15 18 93 26 39 83 43 3 59 44 70 99 3 81 18 70 13 75 98 97 49 11 1 68 66 19 81 90 18 84 60 78 36 55 2 46 21 38 70 45 45 86 12 5 54 24 35 15 10 87 83 5 45 52 58 26 48 83 7 62 1 45 59 93 44 79 40 44 49 17 66 61 63 45 61 40 63 97 44 76 21 36 15 78 80 23 93 76 9 15 53 86 40 33 86 85 63 48 46 13 95 44 22 3 88 38 30 20 97 1 85 29 
36 63 26 5 27 66 86 66 19 71 53 15 26 56 18 81 52 26 68 49 40 80 72 98 34 54 38 63 67 29 99 55 91 34 71 66 37 85 91 77 6 34 15 76 94 19 36 5 81 15 88 51 62 64 98 47 64 64 99 29 82 38 57 5 16 33 35 42 23 57 20 69 81 37 41 88 68 1 97 46 24 90 25 29 41 88 64 80 3 75 48 78 44 29 6 42 51 83 63 86 11 65 19 37 76 41 43 77 3 45 47 18 42 92 16 76 4 3 65 61 61 89 95 97 12 17 13 91 
27 60 78 8 13 57 56 5 7 3 4 87 28 24 46 13 28 51 86 17 38 66 97 91 93 56 7 96 11 60 22 53 96 37 85 71 10 37 31 90 73 36 64 97 47 17 10 22 29 18 27 82 60 29 68 6 34 94 63 54 32 52 54 63 96 75 4 72 56 61 29 68 53 57 46 73 94 81 26 61 54 25 21 9 34 17 16 70 42 73 52 5 69 60 13 67 46 94 66 98 71 74 75 11 20 57 49 34 78 64 32 42 1 91 4 34 60 17 59 82 22 39 99 80 51 74 4 46 
22 51 16 5 15 98 85 70 75 32 79 31 22 27 35 49 98 76 46 5 46 11 88 29 64 89 34 96 98 93 21 19 56 8 74 58 18 81 52 87 40 21 1 96 70 84 46 32 14 64 29 19 7 34 59 54 65 58 8 50 52 7 40 44 89 14 3 94 60 31 15 49 83 37 15 24 34 30 43 9 9 92 14 6 62 86 47 86 36 27 9 26 63 48 77 88 45 51 9 65 4 39 40 8 20 61 54 76 92 98 44 75 70 86 12 47 30 59 1 39 65 5 24 31 33 45 16 85 
87 27 63 27 54 64 80 78 97 68 22 93 91 19 13 94 36 19 84 46 68 100 31 70 66 84 57 91 34 12 91 51 18 90 50 28 23 50 19 59 82 24 30 78 1 67 92 54 65 41 29 54 6 7 9 71 76 14 24 55 34 44 99 100 30 65 7 73 70 37 79 62 2 69 5 73 42 88 83 30 28 94 60 58 96 45 58 100 23 49 45 90 50 76 100 86 32 41 32 65 42 96 75 36 20 46 26 46 36 12 90 35 16 89 97 83 21 5 66 21 9 20 45 86 90 45 52 31 
3 83 17 60 16 76 40 89 57 75 68 92 7 2 58 67 31 87 18 42 83 54 23 60 46 70 100 92 42 55 58 76 8 39 60 56 59 17 9 71 2 58 31 38 47 33 82 83 43 95 41 62 3 29 70 53 50 70 15 13 31 32 69 84 62 22 73 42 63 50 14 29 11 91 17 87 57 30 50 12 62 32 36 87 86 78 57 66 78 90 73 75 84 22 31 34 19 94 42 45 81 96 100 64 35 4 50 4 97 78 36 82 76 11 64 98 89 11 89 29 62 75 91 41 70 9 40 27 
66 84 43 77 94 11 31 18 92 55 57 58 12 86 24 80 46 32 94 80 77 21 40 12 51 62 78 6 11 38 24 99 86 8 99 51 5 80 35 3 86 8 99 60 94 32 57 28 78 7 2 23 82 85 26 23 41 92 96 43 85 93 20 54 86 65 43 90 91 37 9 14 86 96 95 48 72 9 36 96 38 92 66 25 77 33 99 89 21 12 12 74 93 38 59 42 89 74 58 78 68 37 82 78 43 35 67 32 89 66 76 42 37 13 50 46 66 53 12 89 63 93 50 27 79 93 25 30 
32 61 89 36 36 66 38 30 33 9 86 66 74 21 95 69 43 85 86 88 57 42 16 81 75 59 7 4 33 84 80 52 61 82 96 64 14 84 21 10 67 92 2 2 54 39 88 69 41 57 69 89 39 13 89 95 21 34 35 51 42 81 96 75 96 14 55 26 96 68 15 48 21 76 58 24 64 7 16 32 2 27 34 79 36 36 46 53 40 77 1 11 72 11 73 41 37 74 40 42 31 28 52 26 30 75 55 7 69 8 81 44 96 74 89 68 51 48 21 24 36 69 47 24 70 60 24 46 
50 88 54 10 33 10 31 10 59 67 54 67 76 53 15 78 40 63 95 50 63 48 32 38 72 71 91 10 48 3 9 71 77 92 77 64 7 8 88 83 8 12 13 77 22 14 43 24 64 13 90 40 57 57 20 10 95 82 22 98 39 19 8 34 76 78 50 45 17 97 12 93 12 65 34 34 47 45 38 48 42 90 85 22 84 5 98 71 50 34 27 18 64 7 62 4 41 94 18 78 84 46 81 33 10 64 31 37 68 9 24 86 56 54 50 46 50 100 90 19 1 77 39 24 71 47 15 79 
11 27 26 29 87 79 74 10 55 71 98 36 51 51 53 51 16 2 91 18 78 18 63 83 32 71 59 32 43 65 2 44 5 28 92 20 61 25 8 53 28 82 53 85 46 38 69 39 20 63 78 8 67 6 16 21 67 37 79 37 45 8 8 36 23 71 90 21 51 31 41 94 42 38 13 34 53 20 28 84 66 98 80 46 65 9 2 10 55 85 59 31 29 61 80 14 73 61 28 99 4 42 11 51 30 20 2 90 32 2 8 48 18 73 75 51 62 52 2 65 26 68 27 59 94 41 52 67 
76 3 50 61 66 48 39 23 47 27 76 44 37 44 97 76 51 50 20 68 73 65 75 13 24 37 75 90 53 33 38 60 31 89 42 71 44 34 88 96 75 36 90 55 79 91 83 9 90 55 61 38 70 12 3 64 71 88 31 43 12 96 9 46 13 30 49 18 7 35 95 50 86 53 12 70 51 20 15 80 61 47 22 29 92 61 77 73 34 72 4 79 6 22 40 80 27 12 3 50 84 7 89 11 27 54 31 74 29 16 53 10 36 12 68 97 72 52 87 35 63 34 45 87 77 73 68 13 
34 49 26 36 91 30 34 72 50 39 37 21 33 46 100 76 29 64 92 22 44 99 63 74 53 81 74 68 90 57 12 70 35 54 72 23 52 82 89 75 97 13 64 56 16 57 42 94 81 36 39 40 17 19 79 96 3 32 55 17 58 48 32 69 94 25 40 14 20 45 20 97 94 96 41 54 50 77 63 58 28 79 1 77 28 76 12 56 39 89 34 51 8 90 80 77 23 99 68 67 88 63 30 63 74 36 75 1 2 21 37 38 82 38 34 40 84 14 48 43 99 78 90 82 93 40 8 76 
41 48 66 53 100 76 48 97 10 32 37 31 50 81 77 82 46 96 96 39 38 52 49 46 9 49 36 96 12 27 52 9 32 25 91 76 4 42 45 27 14 34 82 64 32 30 79 13 10 60 67 6 51 54 14 11 20 53 14 7 79 21 26 83 24 64 55 7 67 76 50 53 76 65 85 75 61 79 89 34 76 78 82 72 89 89 58 19 53 7 53 92 57 37 4 4 73 28 13 95 16 89 39 9 94 24 16 26 14 67 63 83 93 25 12 15 9 12 90 14 97 90 2 84 4 35 35 83 
33 16 96 61 60 24 69 37 80 94 100 6 8 50 11 81 31 87 8 42 65 52 24 86 34 27 76 51 58 94 31 17 51 86 18 33 58 79 75 73 29 51 42 45 37 7 26 65 64 81 52 69 29 84 67 27 15 89 71 30 65 84 95 83 85 42 38 63 69 31 53 18 64 62 10 15 50 96 63 57 44 67 55 5 29 95 91 18 38 86 21 10 74 72 9 85 65 62 76 34 74 11 52 93 42 91 22 64 31 40 7 8 35 76 16 1 75 43 42 40 93 63 44 18 90 19 15 50 
11 76 1 15 12 51 20 61 30 33 47 31 79 68 58 27 67 66 37 83 49 65 37 48 14 41 54 18 11 43 38 95 12 3 87 24 59 9 80 38 37 61 26 92 38 23 80 47 83 6 30 97 67 32 47 15 90 66 91 85 62 74 18 76 8 19 36 74 70 70 53 32 64 35 74 43 87 79 73 18 66 37 90 50 9 40 21 27 71 68 11 89 44 17 59 41 51 74 82 99 32 44 88 52 38 100 8 57 66 14 79 71 76 34 19 99 55 20 16 41 3 60 39 58 96 9 87 42 
75 26 20 53 8 42 87 93 42 18 32 38 70 18 99 8 51 43 38 79 5 35 74 27 14 93 87 47 56 94 90 7 52 79 56 84 98 7 96 31 12 20 66 44 11 30 62 92 39 6 13 95 91 11 20 59 82 65 85 73 74 95 100 76 51 34 11 35 3 51 86 9 17 27 65 2 89 47 48 93 37 80 11 62 48 99 29 81 92 23 55 17 6 36 42 93 5 31 33 24 54 87 57 90 17 15 40 58 53 53 75 9 24 37 66 88 65 72 25 58 5 86 34 16 1 64 51 46 
65 54 11 68 58 33 64 93 25 90 85 29 24 37 79 70 56 95 20 68 26 91 63 6 62 49 72 53 80 21 49 27 71 23 22 97 91 30 57 47 26 52 72 17 65 3 72 24 72 28 51 71 37 66 28 18 67 1 88 47 46 75 22 93 99 90 11 45 20 71 75 10 31 23 94 31 19 65 60 93 68 7 21 17 96 28 3 30 98 31 27 32 70 4 74 68 88 91 31 4 21 70 65 96 59 86 67 19 25 26 85 27 52 48 66 53 16 91 91 98 44 78 83 46 63 22 53 20 
7 15 3 14 11 3 100 55 47 78 19 98 18 5 6 94 65 17 80 84 21 96 86 49 67 47 51 46 28 31 64 23 86 67 41 4 38 52 46 54 40 9 74 53 92 90 27 10 86 18 2 17 85 11 51 100 29 18 90 65 57 24 23 59 71 72 2 54 61 9 73 43 73 98 39 4 23 34 41 98 67 42 28 100 66 31 32 72 76 28 1 14 23 34 83 46 69 69 90 52 36 78 100 63 12 61 17 54 94 88 53 18 42 75 93 97 12 21 11 48 79 27 5 10 36 58 69 27 
10 50 78 64 69 79 55 53 36 27 64 65 79 19 1 39 95 19 8 81 87 74 24 71 99 18 91 1 31 63 56 76 48 88 56 83 70 42 87 83 21 14 28 94 76 8 22 49 62 63 53 29 26 25 83 100 87 89 14 21 80 6 57 69 4 49 59 29 38 33 34 36 47 66 34 42 83 70 64 87 79 40 31 4 42 80 76 91 70 69 93 66 63 93 40 74 87 93 88 61 9 87 71 61 8 58 95 4 14 97 41 84 54 23 94 38 10 69 85 10 63 7 65 41 77 26 74 84 
25 68 94 75 69 47 29 66 44 2 88 76 58 2 81 71 48 29 87 89 66 64 99 27 75 3 45 17 36 69 72 57 52 40 10 65 79 94 83 49 82 7 4 82 87 3 68 58 6 62 86 13 89 73 59 10 20 74 73 46 82 92 44 90 48 9 75 70 26 8 45 23 17 37 44 59 21 60 98 14 14 8 61 95 14 75 44 38 36 22 97 72 24 16 56 50 67 51 7 37 12 55 7 30 13 97 48 45 68 34 23 41 14 38 55 94 94 22 44 89 93 81 26 55 2 32 36 36 
73 92 90 32 4 71 95 36 19 84 11 27 53 78 27 52 75 31 87 78 96 47 62 80 7 65 45 5 97 39 9 77 95 56 54 89 39 54 81 95 61 54 83 11 27 99 22 75 58 96 46 71 94 6 78 62 4 88 73 79 51 23 86 4 54 31 35 60 36 53 79 72 42 46 73 4 59 67 67 61 33 59 36 58 72 28 35 45 39 97 83 28 43 5 37 61 47 11 48 82 77 36 87 72 74 29 36 61 60 41 39 42 76 6 52 34 64 81 79 49 54 31 100 35 19 80 17 59 
83 3 57 100 9 12 94 21 91 6 5 6 62 74 43 49 36 21 58 96 50 7 27 59 10 55 98 80 65 37 84 97 71 88 62 11 51 10 52 57 39 58 94 15 98 9 29 70 42 94 72 2 2 85 54 7 61 66 65 4 56 89 51 3 84 52 44 38 43 15 17 100 76 33 39 74 70 67 50 42 69 79 90 14 9 5 81 29 53 97 40 27 97 49 94 27 54 95 32 39 96 38 17 62 92 20 32 54 49 24 27 57 76 42 83 53 60 87 79 14 25 12 17 34 63 1 13 80 
31 43 9 52 42 57 16 17 8 68 8 46 33 34 34 97 14 40 98 11 38 88 41 65 20 83 35 71 45 5 58 67 20 51 33 37 55 6 56 23 6 95 6 57 41 39 48 85 13 49 71 86 71 75 50 95 54 57 36 39 22 48 69 78 19 50 45 47 29 35 53 29 77 16 16 91 70 65 85 41 21 92 16 48 83 50 84 17 37 75 34 7 54 15 49 72 60 35 44 62 44 73 28 91 72 10 43 49 77 11 1 23 99 74 83 62 61 22 9 56 1 26 70 30 95 12 37 5 
71 7 93 29 64 82 100 17 75 75 18 69 18 90 51 63 84 8 61 9 3 55 78 90 83 94 48 33 31 92 16 58 74 58 62 14 75 28 4 75 10 87 54 72 63 69 38 51 99 46 21 80 31 8 43 90 42 82 53 34 45 49 78 51 77 28 94 46 23 54 63 96 39 18 24 61 73 72 3 53 100 42 80 41 82 74 37 16 27 34 51 26 5 81 37 22 58 100 73 31 51 23 50 29 62 93 69 47 53 86 46 30 74 18 83 14 41 63 90 48 91 51 53 1 98 63 100 79 
38 81 35 63 43 13 16 56 85 68 95 8 27 29 91 51 29 57 63 24 94 87 1 2 72 99 18 22 2 11 87 67 26 67 83 65 14 99 14 54 17 73 22 4 33 72 54 7 35 64 67 38 92 17 39 28 23 100 20 69 55 94 3 60 66 90 74 59 14 3 13 98 38 57 77 74 58 74 91 6 22 61 3 88 34 34 3 88 18 49 61 30 7 58 97 60 49 20 94 75 23 77 82 57 1 8 95 58 75 74 13 8 69 16 88 58 85 62 62 71 73 68 24 45 90 24 95 22 
28 84 92 28 54 35 48 32 66 6 30 76 37 94 10 79 81 95 100 84 95 3 85 9 69 56 21 36 14 27 69 60 92 92 50 23 89 86 6 88 89 87 70 22 55 85 47 17 17 96 78 81 32 71 49 51 55 100 97 71 21 83 37 54 14 26 90 26 24 66 59 76 5 38 8 14 78 29 25 9 5 27 92 57 44 28 28 67 19 87 17 29 30 41 83 63 33 52 4 58 100 90 7 9 91 93 36 78 35 68 19 76 46 12 98 90 22 83 32 32 34 7 55 1 34 96 30 83 
45 42 63 76 66 64 47 65 92 30 1 92 81 21 82 38 64 78 62 5 35 83 78 46 62 11 35 59 91 73 7 32 70 41 51 17 9 54 18 99 40 86 12 5 55 10 21 74 59 48 35 64 93 32 23 86 19 34 81 84 12 39 96 12 69 4 54 14 24 1 27 56 75 71 32 85 66 47 69 96 19 86 38 20 33 84 29 86 49 50 83 40 24 36 42 65 54 86 2 74 10 76 93 48 72 42 59 67 1 45 78 93 54 72 49 15 52 19 3 31 32 42 43 89 88 27 40 86 
18 66 4 62 20 82 59 53 23 63 40 77 21 58 7 30 31 46 97 69 78 26 9 51 6 94 78 19 78 64 98 57 44 2 16 82 95 84 79 59 23 47 29 58 28 17 5 31 72 92 27 39 49 56 94 36 34 14 31 25 32 82 1 40 84 47 66 78 26 14 13 49 64 20 12 96 9 17 44 75 70 71 7 14 46 8 94 4 76 77 82 5 21 35 10 44 74 42 84 48 35 55 25 4 98 15 27 87 89 39 54 66 84 32 77 74 56 46 26 43 77 34 49 83 87 3 26 86 
70 5 61 36 84 1 21 59 61 66 5 52 93 10 67 80 55 29 86 32 85 56 59 23 81 87 40 9 65 35 37 94 43 35 62 86 61 32 17 80 97 75 82 14 34 66 67 79 76 65 35 89 23 35 51 30 14 34 20 23 87 83 100 92 86 24 56 39 62 79 28 94 7 10 65 71 67 26 63 55 26 86 46 1 88 39 59 8 15 62 71 65 98 6 18 2 30 12 45 93 73 71 1 64 16 4 44 99 19 61 20 94 45 92 40 75 75 45 77 4 60 96 41 56 4 95 84 14 
99 87 16 84 45 37 46 28 3 75 19 33 2 53 61 19 7 23 47 40 8 95 1 70 96 22 10 28 66 39 23 15 60 37 74 2 40 40 88 51 34 96 74 48 69 8 79 56 78 53 54 47 53 7 90 45 90 97 36 54 89 63 1 84 79 26 43 56 99 82 66 93 95 98 62 16 47 83 9 99 92 87 31 5 32 58 61 35 9 67 43 76 55 72 36 30 78 49 93 64 23 32 3 58 69 23 2 54 55 23 6 28 1 75 79 15 6 76 84 50 99 7 31 87 48 68 39 70 
92 68 30 35 36 90 26 80 55 85 43 6 56 88 77 29 32 88 50 51 17 89 6 14 27 86 7 28 81 75 93 24 63 25 59 72 36 92 18 25 27 70 86 26 74 34 35 21 100 87 15 30 27 26 79 54 84 5 38 66 41 92 62 6 44 41 5 73 9 30 16 74 5 20 72 55 73 66 92 14 99 66 22 10 97 45 30 3 72 22 99 65 56 75 57 28 99 43 85 4 73 69 99 86 17 51 7 41 72 30 100 66 48 26 17 8 79 25 18 90 35 90 62 88 81 90 99 61 
54 48 85 47 19 12 4 69 83 49 39 4 65 89 97 75 20 62 90 14 67 62 94 63 23 71 23 50 67 59 21 57 78 95 78 66 13 24 91 3 8 93 56 39 19 28 15 15 92 98 59 54 38 57 92 5 55 42 54 40 62 48 29 49 99 70 55 71 51 86 48 89 15 55 29 98 46 50 22 3 13 32 64 4 83 70 22 39 89 54 42 4 77 51 100 67 58 89 5 34 28 77 24 99 61 84 77 65 93 98 31 35 61 44 36 72 35 45 88 20 67 90 79 39 57 93 54 9 
72 24 30 8 95 22 98 27 9 69 30 38 8 10 55 52 19 90 80 78 100 21 87 42 4 95 20 46 38 71 93 74 85 7 23 99 85 45 43 63 6 61 33 31 35 80 98 10 44 92 11 10 88 12 85 79 47 50 51 74 64 27 77 54 33 41 57 51 55 32 80 16 49 43 32 53 98 27 28 89 8 57 83 52 84 46 56 13 71 33 100 21 5 49 92 30 19 42 53 47 62 54 29 47 66 92 48 63 51 20 37 26 59 44 45 94 4 30 57 71 8 48 22 70 37 66 27 82 
62 7 88 36 72 13 26 25 19 54 63 59 77 14 96 18 74 24 11 23 35 10 71 59 71 72 76 5 5 46 45 19 34 51 89 10 70 84 35 4 79 96 68 24 11 71 53 53 71 11 49 31 63 4 35 83 48 11 20 84 37 53 46 57 72 41 74 84 71 89 57 74 86 40 58 47 50 100 94 76 83 77 76 33 65 41 15 64 76 47 92 73 56 77 85 10 82 8 14 6 2 45 69 24 77 15 49 42 33 72 58 79 73 70 83 58 17 84 8 100 68 44 68 56 11 2 95 79 
15 18 53 10 48 35 90 30 11 41 81 35 79 23 86 26 4 47 26 65 89 80 77 79 43 20 69 5 31 15 95 23 85 99 68 20 41 27 3 99 44 35 83 67 63 77 30 34 48 16 70 59 50 23 30 53 43 71 23 75 2 86 38 53 53 57 8 87 79 99 42 66 43 95 87 31 72 88 37 56 76 64 26 35 72 24 29 37 5 62 82 59 82 74 51 8 26 93 7 70 9 52 67 1 60 22 22 16 63 100 94 69 54 20 94 22 30 75 30 86 100 68 59 29 76 44 88 19 
74 33 99 11 37 92 47 9 20 72 8 82 65 40 82 48 23 41 5 41 99 42 7 50 14 36 66 23 8 74 73 67 8 14 63 78 88 23 88 82 81 46 57 51 49 3 72 14 66 75 83 12 84 68 61 35 93 44 45 96 68 27 15 8 22 5 96 45 47 65 43 63 29 61 76 92 4 51 36 29 12 2 59 61 10 55 98 55 14 10 10 38 3 37 30 47 46 75 89 70 91 25 64 54 14 4 28 35 25 38 14 57 34 50 70 33 36 7 100 2 27 66 89 91 96 86 75 39 
78 57 44 96 56 48 60 49 25 10 29 22 64 19 72 51 61 82 55 75 31 6 4 35 90 15 53 16 30 96 27 58 50 33 81 65 46 62 49 45 86 60 15 65 94 70 34 41 93 19 82 36 19 100 44 3 74 33 1 100 13 36 69 29 58 65 83 53 33 99 21 63 12 58 70 29 71 18 5 3 30 84 8 3 76 76 44 37 68 45 7 54 45 49 33 7 29 10 49 37 38 61 67 26 29 9 64 96 100 90 69 28 10 59 77 18 58 56 25 66 11 4 27 57 68 43 85 54 
44 99 45 4 25 97 42 28 39 39 7 90 25 65 66 63 66 81 35 98 36 29 76 3 87 23 70 90 62 73 91 67 93 44 21 10 48 47 48 28 61 77 98 22 16 7 31 11 59 8 21 5 1 21 62 91 27 69 81 62 7 43 11 81 34 3 40 82 1 73 90 79 98 52 15 81 79 85 81 21 49 66 27 19 99 74 9 92 90 94 42 38 87 14 19 85 17 82 9 20 55 63 29 96 71 70 97 14 10 20 48 33 25 59 13 15 30 65 19 11 52 19 5 58 7 72 19 86 
72 21 75 81 92 70 100 6 37 56 55 28 57 93 51 28 5 60 87 94 75 27 57 15 52 97 58 81 89 40 29 79 89 35 18 90 48 72 12 55 3 80 40 55 79 18 30 58 27 76 74 89 4 78 43 50 47 56 13 9 39 60 46 58 50 85 74 86 41 43 74 92 85 53 46 11 69 79 67 60 43 7 46 87 55 9 30 46 60 71 20 47 81 66 74 3 73 47 37 52 31 51 3 47 44 76 76 84 31 2 25 64 34 30 100 43 13 9 54 53 33 7 23 62 9 41 98 62 
42 90 85 35 2 61 78 87 48 57 84 36 8 63 22 14 7 100 12 46 96 28 55 13 62 29 13 42 20 32 66 58 55 44 9 78 1 65 29 80 60 72 94 11 93 66 29 32 62 28 56 9 71 7 21 76 87 66 1 50 60 52 64 38 3 62 59 74 38 34 78 25 66 82 25 96 53 29 27 6 91 57 39 41 26 17 70 51 79 91 88 4 30 88 20 49 19 57 42 90 63 29 25 9 99 40 61 5 6 18 65 1 1 79 4 67 44 73 15 14 62 73 28 69 81 52 85 17 
89 79 87 26 4 73 59 62 28 91 1 52 51 21 7 74 31 31 22 73 73 79 11 21 4 4 74 71 78 9 99 89 47 54 94 26 79 89 9 40 8 9 85 31 18 19 19 55 91 44 20 13 84 90 69 54 13 2 29 73 47 34 81 73 87 54 63 17 94 67 96 71 12 35 9 67 8 77 48 82 38 12 77 32 55 85 11 12 62 49 45 5 21 84 40 85 6 63 23 65 52 83 30 85 32 75 16 67 94 76 82 75 51 78 84 69 32 58 72 62 79 65 90 69 46 49 98 84 
12 68 2 30 85 70 29 22 12 41 26 60 19 3 17 4 39 53 4 8 53 81 86 21 44 97 28 65 18 85 40 29 36 60 44 58 75 78 34 88 6 89 5 51 19 6 3 74 100 1 99 86 37 41 22 53 67 22 46 97 27 59 76 15 100 91 43 11 83 19 95 53 58 83 59 4 47 41 4 29 38 12 1 93 50 74 28 61 33 50 5 96 9 45 60 52 5 25 50 52 54 35 41 33 70 91 11 25 64 100 22 85 31 78 47 72 59 71 13 18 29 21 10 59 25 46 35 81 
24 87 94 11 11 39 22 8 99 54 15 46 47 86 19 46 79 88 69 3 50 28 51 90 92 74 57 82 11 44 57 11 61 22 32 81 21 96 93 54 100 45 56 88 32 48 11 54 59 13 58 80 61 17 66 98 30 28 95 73 13 89 91 58 46 14 55 31 67 78 15 34 4 22 65 79 58 40 58 63 34 7 98 61 14 94 84 41 56 79 38 50 100 32 63 39 65 63 11 64 55 36 49 47 59 14 3 66 25 86 22 28 33 78 52 49 3 87 84 95 98 11 27 44 58 48 23 60 
48 71 70 135 39 70 108 85 60 139 40 91 104 67 182 127 81 69 160 71 47 87 124 101 113 110 101 37 47 164 23 106 111 86 121 69 110 77 104 109 94 98 174 50 14 84 129 102 101 65 115 82 46 40 80 111 31 27 116 37 148 188 197 85 68 103 168 77 57 53 88 110 104 84 63 54 196 111 168 140 118 24 100 90 87 149 125 80 97 108 117 17 115 53 35 15 43 65 112 72 41 124 166 96 122 113 109 99 137 106 107 126 63 104 162 144 163 86 79 137 99 177 115 60 102 73 128 98 
71 56 125 132 144 119 143 45 45 61 138 50 131 71 89 133 190 39 85 47 147 16 176 89 79 81 82 63 118 83 80 78 68 105 73 132 70 132 47 92 143 105 90 51 49 150 37 29 140 137 44 53 125 163 137 166 127 111 41 39 84 30 74 139 120 19 164 121 82 147 86 122 77 150 120 132 97 172 77 48 22 36 145 69 95 108 105 78 13 72 102 170 156 79 60 107 106 85 33 155 126 127 89 136 69 87 135 92 178 195 98 165 19 62 135 20 130 178 87 89 147 110 128 168 118 58 66 35 
70 125 176 90 21 130 61 128 94 105 91 91 63 39 98 86 121 118 73 75 57 106 115 113 137 92 28 88 79 10 127 114 88 80 63 97 152 80 143 47 90 90 116 69 136 103 15 137 73 111 110 170 113 79 86 48 53 113 78 55 140 74 147 154 127 70 127 125 75 52 107 41 41 52 94 150 139 82 26 92 96 22 138 82 96 130 122 61 113 99 136 22 164 65 164 170 43 96 120 193 31 104 77 95 58 96 104 120 25 153 99 78 76 65 125 37 182 145 121 90 101 89 66 59 84 108 164 178 
135 132 90 18 46 176 81 90 83 46 49 144 62 156 112 102 91 162 131 172 56 117 98 82 93 100 68 31 77 39 25 125 129 117 96 172 132 72 169 87 174 95 57 104 73 113 145 107 60 132 93 75 56 156 107 97 166 68 143 96 58 90 95 42 170 92 28 101 75 96 108 96 113 129 84 106 123 73 163 135 17 96 74 37 108 124 172 127 71 120 141 64 138 41 75 102 124 99 67 83 113 97 67 91 137 68 42 56 49 60 139 93 44 83 152 109 145 83 53 22 68 98 127 134 137 92 48 62 
39 144 21 46 74 180 71 151 162 171 82 125 155 36 130 166 82 146 170 37 135 25 126 105 44 102 171 56 101 91 89 163 140 135 94 47 82 155 90 171 108 37 131 100 73 113 79 121 115 27 157 158 105 47 41 77 18 98 68 102 77 141 146 107 104 95 171 100 93 131 187 67 31 100 131 192 104 82 84 95 90 105 94 85 102 177 66 154 132 115 119 139 148 50 70 98 103 116 39 157 127 35 152 29 166 149 82 51 90 154 113 23 103 97 55 111 40 96 85 99 42 84 118 111 84 32 83 86 
70 119 130 176 180 114 134 108 71 115 60 110 96 139 169 177 33 84 82 120 119 157 154 102 158 148 75 156 96 109 72 137 109 104 78 183 143 116 50 103 114 68 70 181 89 171 40 93 127 161 120 127 131 52 108 146 50 94 109 155 61 97 44 60 113 96 59 118 167 34 184 134 15 28 171 63 79 97 34 129 49 77 113 53 82 31 113 117 140 191 92 44 103 46 25 91 82 48 102 111 119 77 92 163 134 115 116 108 46 78 53 111 92 22 139 158 56 157 50 79 128 68 90 93 85 179 82 60 
108 143 61 81 71 134 122 39 114 61 113 124 94 51 53 12 92 120 34 170 133 82 103 73 29 45 99 35 111 128 96 68 101 88 137 68 131 185 151 102 98 101 110 63 117 153 135 182 118 88 107 143 126 188 90 52 141 73 119 88 76 100 137 100 70 117 52 99 117 68 130 160 13 104 100 76 74 90 104 83 163 34 68 95 73 113 89 75 85 119 117 31 131 119 116 100 130 30 69 119 114 181 100 149 106 116 155 108 40 148 131 80 127 73 111 147 129 120 159 100 163 142 97 160 107 93 96 135 
85 45 128 90 151 108 39 82 62 64 76 137 110 117 88 183 147 93 172 118 75 112 129 81 155 198 53 129 91 155 101 117 110 133 197 53 120 177 79 161 168 154 193 37 54 142 139 50 87 110 39 72 87 147 126 106 160 192 55 111 166 146 100 98 120 99 102 142 151 46 127 70 135 81 132 10 99 52 63 139 102 156 178 101 95 95 100 64 89 104 171 166 165 9 144 65 174 29 86 106 107 71 175 77 78 111 34 149 128 86 82 118 69 138 152 135 65 89 106 23 107 154 77 118 90 36 164 175 
60 45 94 83 162 71 114 62 34 85 137 137 74 81 121 101 157 117 168 138 78 57 84 90 34 105 193 135 45 97 61 175 130 128 76 166 109 155 98 155 128 123 181 132 51 138 52 81 120 140 98 46 32 127 45 120 82 18 181 43 91 166 89 17 160 167 79 110 49 77 138 47 35 63 116 133 94 147 124 58 172 113 85 102 89 164 53 68 31 94 31 46 105 113 169 152 90 110 143 15 155 117 136 82 126 122 147 65 156 104 153 155 99 101 116 106 125 69 99 94 152 87 105 98 192 82 66 169 
139 61 105 46 171 115 61 64 85 86 64 46 102 103 80 56 145 82 73 138 39 70 166 89 169 159 87 170 105 113 107 107 163 131 85 92 52 180 157 46 160 93 135 62 125 125 151 90 80 38 89 63 78 127 190 99 91 144 76 98 56 37 56 132 94 184 89 83 80 105 150 146 89 66 135 146 82 105 66 121 139 65 116 109 104 52 134 162 31 162 54 95 132 114 157 164 135 124 90 48 147 120 131 42 90 116 115 127 136 113 132 122 140 134 132 125 104 112 125 52 98 133 64 56 66 130 68 122 
40 138 91 49 82 60 113 76 137 64 68 100 164 124 153 126 107 96 102 66 149 101 38 34 120 65 113 48 73 78 93 55 106 63 102 115 99 115 79 72 113 167 88 131 104 95 151 90 24 57 131 129 103 13 57 155 111 107 129 75 148 69 118 99 105 24 139 112 40 99 107 115 109 158 141 53 52 160 87 108 111 182 35 34 47 61 105 66 62 85 156 147 99 115 73 99 108 102 165 130 108 86 88 93 156 122 120 178 106 71 156 110 114 53 149 108 91 98 57 90 174 47 78 65 97 54 41 119 
91 50 91 144 125 110 124 137 137 46 100 102 73 118 146 95 69 82 102 35 37 36 91 78 43 136 70 24 77 108 120 144 133 109 110 31 26 93 53 133 119 64 142 146 92 51 123 66 25 127 191 93 161 43 130 98 107 174 56 47 128 89 68 106 136 78 113 102 88 178 137 112 40 103 114 60 136 29 172 185 135 149 126 105 100 70 66 60 98 113 136 61 153 84 82 139 152 128 143 87 134 167 181 119 127 136 85 154 35 111 57 72 51 179 118 78 111 142 40 89 124 166 121 131 99 177 139 126 
104 131 63 62 155 96 94 110 74 102 164 73 182 136 53 117 112 127 106 116 113 132 57 96 43 96 55 114 130 187 47 61 128 83 90 97 79 129 136 88 37 53 87 103 60 131 51 130 106 80 99 145 155 89 115 52 133 116 97 99 106 34 106 110 177 91 167 78 151 75 74 109 137 58 155 135 37 92 137 166 110 142 168 118 43 17 112 137 74 49 152 78 100 97 100 134 64 110 97 183 185 143 89 132 136 77 57 66 112 153 25 84 89 118 40 110 54 114 119 66 81 129 34 63 100 70 103 27 
67 71 39 156 36 139 51 117 81 103 124 118 136 108 102 90 67 91 115 98 71 121 79 104 59 62 127 155 36 108 123 75 45 74 105 150 169 140 65 88 103 102 82 72 100 146 176 25 149 77 36 64 91 124 49 66 73 118 127 58 148 84 81 179 107 74 114 100 68 69 109 90 121 86 113 80 161 77 91 120 145 109 70 39 57 132 81 17 104 104 86 138 87 13 90 95 87 50 60 130 85 131 111 162 177 94 175 105 62 187 171 162 29 43 57 56 99 126 101 50 141 132 34 92 91 55 159 38 
182 89 98 112 130 169 53 88 121 80 153 146 53 102 82 94 92 39 86 70 75 139 144 180 93 44 98 90 155 87 105 77 110 77 143 148 72 21 145 166 142 62 78 38 103 68 166 76 85 112 98 89 56 36 141 148 125 11 100 130 107 179 55 129 88 110 70 107 129 111 119 193 86 27 149 80 104 188 21 69 159 108 161 169 111 78 123 167 100 143 122 159 138 29 92 152 24 26 51 128 138 151 106 146 66 64 55 98 128 127 108 200 78 137 96 127 102 152 115 93 110 85 69 143 72 89 72 131 
127 133 86 102 166 177 12 183 101 56 126 95 117 90 94 26 76 82 44 60 67 105 34 173 110 143 66 111 46 17 65 113 172 128 116 27 59 64 36 92 147 131 70 118 49 143 135 148 46 157 138 138 45 40 82 33 167 88 121 94 87 152 44 130 140 77 79 92 46 177 129 170 156 101 128 128 152 58 108 90 140 151 157 81 144 91 164 37 111 130 26 23 158 72 108 78 139 174 81 101 76 187 77 82 63 49 117 104 79 39 139 161 79 94 125 159 35 94 158 127 22 98 62 92 145 134 93 183 
81 190 121 91 82 33 92 147 157 145 107 69 112 67 92 76 2 163 123 91 38 82 7 46 179 84 129 121 117 100 92 44 105 128 95 151 104 114 99 150 92 105 51 65 134 55 124 119 78 43 76 171 153 119 105 87 124 102 23 34 100 66 114 80 98 109 162 135 67 105 99 52 105 72 125 66 88 195 69 135 113 98 119 86 91 59 141 175 101 107 180 177 45 45 103 145 73 76 49 41 34 78 89 19 73 83 49 91 141 152 130 67 98 169 171 62 34 127 143 128 81 176 138 124 33 41 114 50 
69 39 118 162 146 84 120 93 117 82 96 82 127 91 39 82 163 122 65 123 88 81 184 138 156 93 113 77 91 57 170 102 138 164 96 97 32 160 52 128 121 192 59 87 136 112 149 109 75 119 137 92 106 145 114 189 61 156 70 99 51 120 124 82 113 123 102 125 91 159 149 82 122 27 100 31 133 96 156 134 30 181 121 67 192 178 10 79 126 97 98 108 193 96 45 67 76 142 131 81 67 148 122 138 100 95 157 12 135 70 93 47 64 60 139 100 49 141 89 89 79 188 114 123 91 143 92 42 
160 85 73 131 170 82 34 172 168 73 102 102 106 115 86 44 123 65 4 168 35 30 86 77 130 149 84 188 54 125 62 117 55 193 74 136 70 36 65 106 152 137 128 172 118 37 75 140 166 144 171 90 71 118 142 182 128 93 175 160 58 97 23 101 97 83 186 114 96 155 157 158 61 29 53 108 137 46 113 76 168 52 34 53 74 92 46 81 136 33 179 159 15 14 84 98 78 40 138 70 45 106 151 30 129 104 152 37 105 73 97 140 77 132 57 115 57 81 59 87 33 67 120 152 189 100 113 125 
71 47 75 172 37 120 170 118 138 138 66 35 116 98 70 60 91 123 168 162 91 98 92 129 98 67 172 89 56 94 81 51 96 130 57 48 79 140 146 119 106 86 119 141 71 174 140 149 119 110 80 109 127 58 153 150 133 126 34 129 87 140 94 194 136 41 88 152 143 91 114 105 82 96 84 97 157 16 146 88 115 33 51 135 133 160 129 96 98 84 123 71 114 100 81 132 21 112 109 147 52 137 108 82 89 20 87 81 152 52 92 43 114 114 39 95 155 32 58 148 51 184 82 79 37 19 96 122 
47 147 57 56 135 119 133 75 78 39 149 37 113 71 75 67 38 88 35 91 18 159 149 137 122 29 44 121 158 120 54 97 114 146 126 177 100 102 150 140 125 119 44 109 93 105 115 134 76 58 184 68 107 52 104 101 96 156 167 102 48 113 55 72 46 162 115 92 53 33 93 185 51 65 132 150 194 27 174 88 131 188 127 139 125 188 115 94 126 127 120 83 113 91 116 72 148 109 116 83 84 65 114 64 42 60 83 70 62 119 88 105 172 90 109 96 70 100 52 123 179 127 151 29 28 34 98 106 
87 16 106 117 25 157 82 112 57 70 101 36 132 121 139 105 82 81 30 98 159 68 127 97 47 124 31 103 81 33 135 144 87 97 46 146 106 60 146 136 103 157 135 169 191 92 87 162 66 172 86 9 120 175 113 149 152 106 127 72 87 57 39 142 78 65 73 146 151 170 78 95 116 76 118 91 139 80 105 79 111 172 144 142 26 51 50 52 39 88 81 96 53 76 181 112 103 94 97 161 103 88 16 109 61 103 139 37 64 98 149 138 189 86 45 155 87 21 98 140 56 130 157 104 170 158 63 100 
124 176 115 98 126 154 103 129 84 166 38 91 57 79 144 34 7 184 86 92 149 127 6 66 105 30 97 95 124 81 91 58 29 43 35 91 103 86 60 93 72 125 116 54 143 185 108 31 191 76 58 44 110 51 68 95 112 87 59 70 144 69 124 102 62 90 54 152 177 127 89 42 192 50 54 70 141 25 95 134 69 137 29 23 130 170 30 124 95 49 158 102 108 192 131 115 85 93 136 22 183 112 142 7 81 122 195 117 51 142 99 78 93 128 82 96 33 81 147 158 102 50 103 139 70 151 113 38 
101 89 113 82 105 102 73 81 90 89 34 78 96 104 180 173 46 138 77 129 137 97 66 62 134 179 132 147 113 90 79 111 90 27 166 101 67 157 58 127 97 105 113 180 71 79 142 77 123 67 112 100 35 69 140 41 28 172 150 141 95 127 50 84 74 115 99 94 124 115 76 119 31 84 80 68 122 108 134 137 68 69 105 98 152 87 29 21 109 87 41 104 27 102 137 85 70 82 85 77 62 38 142 154 65 138 42 165 59 141 49 59 102 73 116 101 75 122 75 82 52 82 165 106 75 46 116 43 
113 79 137 93 44 158 29 155 34 169 120 43 43 59 93 110 179 156 130 98 122 47 105 134 16 116 112 128 73 48 90 107 98 113 103 133 96 86 177 109 78 153 112 78 89 90 124 94 127 50 121 125 76 62 118 147 68 55 91 105 95 127 48 51 158 98 96 159 125 93 78 61 110 107 96 71 102 164 91 109 41 118 119 133 105 50 137 69 100 111 20 148 103 121 49 75 108 153 84 81 104 62 51 165 33 116 60 133 84 35 106 182 108 54 77 16 91 103 95 43 114 34 87 107 46 72 88 123 
110 81 92 100 102 148 45 198 105 159 65 136 96 62 44 143 84 93 149 67 29 124 30 179 116 24 134 32 74 97 114 125 41 87 119 71 71 147 168 129 161 146 90 131 124 125 147 15 74 48 139 96 109 75 100 164 92 76 71 138 94 129 150 54 74 103 97 92 122 150 97 65 69 67 159 167 82 136 122 51 107 122 162 114 106 87 33 68 96 67 118 74 108 127 64 90 115 158 65 70 138 59 158 41 126 118 188 53 165 159 170 119 171 94 81 69 37 130 58 121 123 95 68 44 104 122 37 83 
101 82 28 68 171 75 99 53 193 87 113 70 55 127 98 66 129 113 84 172 44 31 97 132 112 134 36 124 101 123 96 112 109 84 103 47 102 33 79 23 102 37 128 67 97 15 75 152 70 68 132 75 194 155 66 102 86 54 141 71 107 117 93 71 116 81 70 105 160 97 86 25 29 134 87 170 161 29 150 162 124 108 156 67 112 125 107 123 64 97 15 17 158 26 86 98 125 115 40 76 95 94 142 93 77 113 136 190 95 66 87 147 99 110 113 59 39 79 139 170 105 146 70 20 69 85 107 133 
37 63 88 31 56 156 35 129 135 170 48 24 114 155 90 111 121 77 188 89 121 103 95 147 128 32 124 104 169 111 60 19 20 56 95 106 140 73 81 63 92 62 90 55 62 100 38 146 190 110 104 22 95 111 140 94 116 36 40 117 108 30 101 129 56 120 103 97 89 62 63 74 44 155 132 111 72 126 80 195 106 173 127 114 141 135 142 72 105 98 126 192 150 104 72 27 160 70 51 17 72 74 136 91 116 57 140 125 99 136 105 70 89 68 100 26 105 63 52 58 67 80 104 64 91 91 98 67 
47 118 79 77 101 96 111 91 45 105 73 77 130 36 155 46 117 91 54 56 158 81 124 113 73 74 101 169 138 140 108 177 120 112 110 35 60 123 104 176 122 127 177 146 85 88 85 125 66 38 84 78 129 84 110 52 138 140 106 83 102 92 70 76 130 41 53 132 108 112 163 144 56 50 130 66 174 139 120 97 113 172 94 28 23 86 154 80 90 106 93 120 37 20 115 109 141 79 134 57 56 42 61 37 88 193 151 157 162 82 99 105 74 63 72 151 144 93 133 47 16 124 69 137 99 14 88 94 
164 83 10 39 91 109 128 155 97 113 78 108 187 108 87 17 100 57 125 94 120 33 81 90 48 97 123 111 140 58 87 178 109 61 137 97 138 13 154 68 55 64 123 88 90 63 99 110 102 72 17 106 40 119 75 113 42 86 77 152 108 49 52 84 162 172 81 64 68 130 131 72 139 86 103 24 128 124 161 72 125 37 111 109 76 59 11 127 121 105 128 97 63 161 42 81 119 106 118 184 119 99 99 136 108 150 127 108 139 78 46 38 86 96 140 79 136 31 167 112 79 127 97 97 69 59 135 100 
23 80 127 25 89 72 96 101 61 107 93 120 47 123 105 65 92 170 62 81 54 135 91 79 90 114 96 60 108 87 150 114 137 189 114 171 74 124 20 128 87 119 179 82 134 130 96 78 87 121 55 89 68 121 120 52 106 54 140 61 147 125 118 95 133 37 72 154 101 52 103 70 142 157 84 122 63 100 155 102 141 189 134 40 106 117 100 100 127 157 155 92 111 95 127 49 108 143 126 119 77 82 108 134 83 108 98 56 85 113 150 72 113 61 131 48 95 148 106 115 35 134 125 115 148 75 74 88 
106 78 114 125 163 137 68 117 175 107 55 144 61 75 77 113 44 102 117 51 97 144 58 111 107 125 112 19 177 178 114 72 105 118 105 126 114 125 125 99 143 114 88 156 87 102 147 148 117 136 116 149 105 86 148 108 164 81 72 59 63 111 114 144 114 82 57 179 135 141 54 43 72 75 51 145 164 144 104 12 75 103 95 119 65 139 81 117 159 84 20 125 142 12 102 128 97 102 110 74 150 111 133 94 130 60 124 74 95 130 140 78 130 152 20 60 99 71 105 57 106 50 100 170 155 20 66 92 
111 68 88 129 140 109 101 110 130 163 106 133 128 45 110 172 105 138 55 96 114 87 29 90 98 41 109 20 120 109 137 105 196 120 81 121 106 84 43 99 110 142 79 61 190 157 192 112 154 158 72 154 154 69 90 133 103 55 112 84 81 26 71 122 110 103 195 12 71 35 168 112 126 131 54 166 92 73 116 94 94 53 87 179 137 109 87 188 66 94 79 80 140 130 120 113 52 150 65 124 125 117 99 143 155 68 134 115 43 141 114 90 79 155 95 102 71 41 65 122 139 39 157 141 98 161 74 106 
86 105 80 117 135 104 88 133 128 131 63 109 83 74 77 128 128 164 193 130 146 97 43 27 113 87 84 56 112 61 189 118 120 136 121 62 95 110 98 129 54 147 198 97 38 169 85 78 102 95 97 110 126 44 158 126 117 101 117 92 117 107 136 121 67 165 18 171 34 100 180 67 181 137 191 142 25 118 11 82 67 94 117 97 63 47 22 145 106 103 175 47 78 134 109 138 129 67 139 59 149 137 150 189 124 35 62 80 102 105 106 143 47 136 132 117 94 193 106 63 126 134 152 93 186 162 71 71 
121 73 63 96 94 78 137 197 76 85 102 110 90 105 143 116 95 96 74 57 126 46 35 166 103 119 103 95 110 137 114 105 81 121 146 128 122 22 28 120 135 31 178 97 130 113 136 125 115 105 101 106 143 79 106 57 75 109 65 188 130 132 86 74 151 84 121 19 149 107 154 146 96 137 88 45 114 104 84 30 173 144 113 39 94 91 29 147 88 84 85 151 33 85 84 13 91 184 133 134 196 132 90 138 87 72 58 81 50 68 38 98 84 170 33 106 146 16 117 88 140 77 78 131 67 144 91 72 
69 132 97 172 47 183 68 53 166 92 115 31 97 150 148 27 151 97 136 48 177 146 91 101 133 71 47 106 35 97 171 126 121 62 128 36 147 131 66 82 102 60 141 153 191 23 135 105 137 81 67 44 43 101 120 92 132 35 160 82 68 97 63 29 114 87 145 101 48 108 148 105 114 116 120 104 188 55 158 66 97 71 37 152 43 33 139 48 119 120 192 128 50 63 150 136 171 123 73 117 80 119 27 170 108 109 125 128 95 131 36 99 98 56 154 136 114 79 74 143 101 82 103 47 138 67 92 94 
110 70 152 132 82 143 131 120 109 52 99 26 79 169 72 59 104 32 70 79 100 106 103 67 96 71 102 140 60 138 74 114 106 95 122 147 52 86 123 74 85 81 47 152 126 48 138 187 66 113 134 38 177 27 129 150 103 77 75 63 85 79 151 114 81 55 85 44 54 115 89 67 107 150 102 47 111 100 126 96 117 106 105 154 84 178 74 112 134 148 81 126 21 44 132 85 60 102 40 74 135 124 87 109 149 72 125 151 156 123 115 134 120 110 63 41 162 92 140 79 82 144 65 127 81 115 28 158 
77 132 80 72 155 116 185 177 155 180 115 93 129 140 21 64 114 160 36 140 102 60 86 157 86 147 33 73 123 13 124 125 84 110 22 131 86 102 129 67 158 105 38 14 77 141 110 145 35 146 61 127 96 110 140 151 66 160 82 110 79 103 105 124 107 167 49 99 155 75 81 145 125 37 73 98 119 60 120 141 166 83 44 117 111 148 159 98 104 64 78 108 55 44 129 199 72 145 81 175 29 133 91 81 63 41 38 120 96 90 65 175 148 88 184 101 36 40 186 37 79 99 24 104 57 98 107 104 
104 47 143 169 90 50 151 79 98 157 79 53 136 65 145 36 99 52 65 146 150 146 60 58 177 168 79 81 104 154 20 125 43 98 28 66 123 129 62 70 133 96 58 179 84 126 196 138 100 75 134 77 21 52 150 79 126 80 58 179 103 147 69 157 31 76 92 136 64 141 169 131 56 27 106 95 95 130 104 73 127 81 52 109 129 62 103 80 138 80 83 22 84 57 141 136 126 92 161 123 186 151 125 75 158 63 163 117 161 108 13 121 140 105 89 162 83 121 144 153 141 105 91 53 139 16 159 54 
109 92 47 87 171 103 102 161 155 46 72 133 88 88 166 92 150 128 106 119 140 136 93 127 109 129 23 63 176 68 128 99 99 129 120 82 74 67 70 50 113 52 110 106 89 154 149 90 166 21 111 68 110 157 189 142 49 44 50 85 87 83 111 135 107 115 42 97 150 109 114 118 137 56 127 83 10 134 43 29 103 53 51 51 95 177 157 89 117 121 87 109 31 87 18 97 158 139 81 66 150 116 159 33 46 117 50 129 72 49 83 89 60 63 131 106 94 150 122 107 160 77 111 98 117 97 45 47 
94 143 90 174 108 114 98 168 128 160 113 119 37 103 142 147 92 121 152 106 125 103 72 97 78 161 102 92 122 55 87 143 110 54 135 102 85 158 133 113 144 95 122 121 130 90 120 108 93 170 88 138 40 44 32 32 83 164 166 149 76 32 144 68 71 111 112 134 181 76 111 153 182 81 121 60 90 170 84 103 112 33 87 110 64 55 9 169 65 79 109 119 156 55 124 95 89 75 161 158 106 182 52 129 80 62 91 72 53 67 80 46 109 130 88 95 49 181 47 101 172 50 89 152 74 168 69 110 
98 105 90 95 37 68 101 154 123 93 167 64 53 102 62 131 105 192 137 86 119 157 125 105 153 146 37 62 127 64 119 114 142 147 31 60 81 105 96 52 95 194 36 90 142 117 25 141 113 93 109 102 126 113 91 188 125 56 53 33 60 82 133 128 108 77 59 144 35 64 59 156 112 155 46 34 181 87 144 171 59 64 119 73 94 75 127 96 112 105 178 115 114 92 131 92 107 103 184 112 58 54 73 61 99 136 22 111 117 99 62 152 48 81 171 47 39 87 154 166 149 123 133 95 39 76 47 116 
174 90 116 57 131 70 110 193 181 135 88 142 87 82 78 70 51 59 128 119 44 135 116 113 112 90 128 90 177 123 179 88 79 198 178 141 47 38 58 110 122 36 92 63 144 146 109 105 82 153 123 71 105 134 37 95 109 106 81 10 170 103 85 92 53 22 56 140 137 123 50 56 128 136 116 138 167 109 111 155 70 90 147 84 72 134 89 39 92 145 84 151 63 144 97 97 93 70 62 125 96 180 177 121 71 79 168 97 152 160 10 144 160 25 79 112 85 110 143 144 107 121 148 168 127 155 133 113 
50 51 69 104 100 181 63 37 132 62 131 146 103 72 38 118 65 87 172 141 109 169 54 180 78 131 67 55 146 88 82 156 61 97 97 153 152 14 179 106 121 90 63 192 173 12 104 137 89 114 131 63 132 111 156 65 109 98 9 83 81 39 85 109 22 126 185 83 65 76 177 96 46 77 151 60 121 46 122 153 171 105 140 83 92 114 134 104 103 175 68 137 56 159 89 60 108 97 135 124 132 126 14 76 104 106 182 43 92 71 81 115 123 156 68 58 146 140 121 142 180 102 61 147 146 105 45 152 
14 49 136 73 73 89 117 54 51 125 104 92 60 100 103 49 134 136 118 71 93 191 143 71 89 124 97 62 85 90 134 87 190 38 130 191 126 77 84 89 130 142 144 173 50 89 74 34 86 67 18 75 135 54 68 85 78 110 86 48 44 90 70 91 86 61 132 134 152 40 47 101 153 153 113 62 147 105 105 132 91 49 99 78 124 128 134 194 112 133 59 113 97 107 100 80 114 147 92 150 117 88 101 133 115 117 99 59 94 79 80 69 89 144 86 46 25 45 107 115 98 53 81 63 30 19 92 35 
84 150 103 113 113 171 153 142 138 125 95 51 131 146 68 143 55 112 37 174 105 92 185 79 90 125 15 100 88 63 130 102 157 169 113 23 48 141 126 154 90 117 146 12 89 46 111 102 115 42 187 52 50 46 72 44 61 147 151 38 77 171 178 35 84 84 9 125 146 31 100 102 100 147 82 59 178 82 117 47 78 89 68 70 128 102 62 61 99 144 72 19 101 129 113 166 129 72 59 140 46 170 77 157 96 120 159 111 65 111 158 99 102 26 36 129 95 67 103 111 127 89 122 84 129 159 66 123 
129 37 15 145 79 40 135 139 52 151 151 123 51 176 166 135 124 149 75 140 115 87 108 142 124 147 75 38 85 99 96 147 192 85 136 135 138 110 196 149 120 25 109 104 74 111 98 130 29 82 82 111 61 82 89 115 20 98 168 61 140 109 114 79 135 98 69 107 87 131 106 187 71 112 74 101 2 65 87 110 149 105 92 70 69 133 119 24 113 82 100 129 80 46 174 87 84 151 68 36 83 79 148 41 90 60 30 115 104 37 105 144 56 153 93 146 93 128 93 131 150 93 138 92 136 49 75 78 
102 29 137 107 121 93 182 50 81 90 90 66 130 25 76 148 119 109 140 149 134 162 31 77 94 15 152 146 125 110 78 148 112 78 125 105 187 145 138 90 108 141 105 137 34 102 130 142 33 79 161 31 145 89 86 182 89 82 87 100 86 104 121 128 125 89 87 58 93 78 42 85 35 136 77 37 132 148 23 37 89 184 33 168 78 142 73 168 158 137 102 85 35 87 82 180 153 145 141 177 191 102 66 169 160 81 113 102 111 177 96 123 37 67 123 66 47 126 149 50 131 96 113 77 83 13 144 94 
101 140 73 60 115 127 118 87 120 80 24 25 106 149 85 46 78 75 166 119 76 66 191 123 127 74 70 190 66 102 87 117 154 102 115 137 66 35 100 166 93 113 82 89 86 115 29 33 62 105 69 133 162 93 145 108 112 80 115 100 96 157 83 95 109 86 64 43 71 118 92 112 94 71 162 89 94 103 46 159 124 51 135 48 115 162 163 180 103 121 66 130 95 96 155 161 64 29 95 70 61 81 130 57 105 107 141 109 92 110 100 102 97 79 38 116 54 63 86 173 111 61 129 116 127 48 78 113 
65 137 111 132 27 161 88 110 140 38 57 127 80 77 112 157 43 119 144 110 58 172 76 67 50 48 68 110 38 72 121 136 158 95 105 81 113 146 75 21 170 93 153 114 67 42 82 79 105 10 103 89 122 93 96 117 149 149 121 74 89 32 94 168 56 70 92 118 163 120 125 72 123 98 50 86 82 47 35 115 38 59 171 44 159 104 104 46 66 80 106 88 64 125 141 78 156 62 101 133 101 64 88 71 102 50 89 77 64 145 139 87 118 34 153 111 146 63 98 45 151 114 104 41 132 99 59 78 
115 44 110 93 157 120 107 39 98 89 131 191 99 36 98 138 76 137 171 80 184 86 58 112 121 139 132 104 84 17 55 116 72 97 101 67 134 61 134 111 88 109 123 131 18 187 82 161 69 103 200 28 79 63 106 91 102 115 134 123 161 49 64 179 74 127 97 117 60 152 100 173 154 116 123 98 62 182 117 128 74 105 162 111 96 119 127 142 117 132 96 156 127 151 126 131 61 136 86 135 104 80 132 154 57 115 52 82 162 76 147 103 110 70 183 88 66 94 167 98 70 163 146 78 77 39 76 128 
82 53 170 75 158 127 143 72 46 63 129 93 145 64 89 138 171 92 90 109 68 9 44 100 125 96 75 22 78 106 89 149 154 110 106 44 38 127 77 68 138 102 71 63 75 52 111 31 133 89 28 122 186 143 33 75 72 120 140 77 155 50 154 136 44 125 112 52 82 147 93 30 105 116 98 149 135 69 169 117 135 69 25 132 111 95 79 63 86 95 94 100 126 93 121 67 108 126 55 191 112 54 162 156 92 173 138 122 49 123 42 130 125 11 108 165 171 113 110 91 135 122 103 92 109 97 146 137 
46 125 113 56 105 131 126 87 32 78 103 161 155 91 56 45 153 106 71 127 107 120 110 35 76 109 194 95 129 40 68 105 154 126 143 43 177 96 21 110 40 126 105 132 135 50 61 145 162 122 79 186 30 86 101 152 114 105 97 118 96 118 83 72 117 130 137 95 96 83 19 53 33 183 125 161 64 70 24 70 128 108 169 88 99 96 81 181 91 133 84 21 112 97 82 187 120 56 138 83 188 40 112 85 199 83 141 131 21 106 65 154 125 103 54 114 52 132 20 33 98 138 10 87 64 59 82 109 
40 163 79 156 47 52 188 147 127 127 13 43 89 124 36 40 119 145 118 58 52 175 51 69 62 75 155 111 84 119 121 86 69 44 79 101 27 110 52 157 44 113 134 111 54 46 82 89 93 93 63 143 86 184 117 67 113 30 123 90 81 53 170 107 30 128 32 115 62 107 104 161 67 147 93 187 159 120 90 119 89 151 150 105 71 145 43 147 102 152 94 14 116 6 95 114 142 120 89 71 50 118 175 145 138 92 10 153 132 50 77 132 97 85 96 109 63 137 88 51 73 168 141 66 68 118 28 114 
80 137 86 107 41 108 90 126 45 190 57 130 115 49 141 82 105 114 142 153 104 113 68 140 118 100 66 140 110 75 120 148 90 158 106 120 129 140 150 189 32 91 37 156 68 72 89 86 145 96 106 33 101 117 28 99 177 54 53 135 106 128 87 86 128 97 132 106 174 75 133 72 76 109 58 100 28 97 116 50 117 167 23 47 129 101 17 80 128 115 64 51 118 150 148 70 4 113 97 70 99 132 106 115 74 74 95 22 69 80 94 86 119 154 134 178 71 39 140 95 73 109 151 159 141 76 77 91 
111 166 48 97 77 146 52 106 120 99 155 98 52 66 148 33 87 189 182 150 101 149 95 41 147 164 102 94 52 113 52 108 133 126 57 92 150 151 79 142 32 188 95 65 85 44 115 182 108 117 91 75 152 67 99 82 73 124 144 129 118 43 123 89 125 77 103 106 92 105 82 41 168 140 152 72 47 96 121 177 64 85 26 52 91 144 97 105 54 106 96 131 140 52 111 151 84 163 171 48 81 70 20 64 150 176 90 125 123 17 33 64 169 104 31 115 96 81 89 112 54 49 27 79 23 84 159 109 
31 127 53 166 18 50 141 160 82 91 111 107 133 73 125 167 124 61 128 133 96 152 112 28 68 92 86 116 138 42 106 164 103 117 75 132 103 66 126 49 83 125 109 109 78 61 20 89 112 149 102 72 114 113 177 73 116 164 81 49 189 61 153 20 100 38 157 52 131 131 75 33 90 178 144 75 50 96 109 62 61 152 138 135 58 137 144 33 99 117 15 80 180 102 27 93 113 108 181 85 102 97 52 119 180 130 37 86 141 65 115 107 24 71 92 87 124 104 72 52 87 76 72 86 153 112 116 72 
27 111 113 68 98 94 73 192 18 144 107 174 116 118 11 88 102 156 93 126 156 106 87 172 55 76 54 36 140 86 54 81 55 101 109 35 77 160 80 44 164 56 106 98 110 147 98 82 80 149 115 120 105 30 54 124 164 196 93 89 68 115 154 145 94 150 68 81 105 95 39 126 174 45 35 142 97 100 112 83 126 155 159 112 77 100 34 117 144 116 154 88 45 152 113 27 147 81 112 83 100 172 129 150 17 133 119 66 100 136 85 90 123 74 56 170 80 145 151 188 40 89 76 52 114 141 110 58 
116 41 78 143 68 109 119 55 181 76 129 56 97 127 100 121 23 70 175 34 167 127 59 150 91 71 141 40 106 77 140 72 112 117 65 160 75 82 58 50 166 53 81 9 86 151 168 87 115 121 134 140 97 123 53 144 81 93 10 100 154 149 112 53 53 14 111 30 68 89 40 139 165 60 22 53 130 28 174 74 36 45 80 119 81 45 146 31 130 119 86 13 85 143 145 133 25 172 93 121 83 130 69 142 109 139 128 102 172 71 100 18 43 76 103 122 186 103 66 50 94 162 159 119 118 109 115 99 
37 39 55 96 102 155 88 111 43 98 75 47 99 58 130 94 34 99 160 129 102 72 70 141 105 138 71 117 83 152 61 59 84 92 188 82 63 110 179 85 149 33 10 83 48 38 61 100 100 74 123 77 118 90 135 129 49 89 100 58 102 82 44 62 33 43 62 154 159 135 29 178 107 85 108 53 147 132 97 56 123 70 100 144 109 106 35 133 149 33 40 20 50 38 105 109 58 82 135 99 25 79 104 43 130 101 68 143 27 135 136 85 69 67 45 41 105 40 49 73 115 107 101 76 42 112 79 100 
148 84 140 58 77 61 76 166 91 56 148 128 106 148 107 87 100 51 58 87 48 87 144 95 95 94 107 108 102 108 147 63 81 117 130 68 85 79 103 87 76 60 170 81 44 77 140 86 96 89 161 155 96 81 106 118 189 68 154 102 104 161 104 144 139 79 113 83 161 43 86 95 136 91 120 86 61 81 105 167 32 116 152 126 122 45 151 44 88 42 64 152 89 85 140 157 165 41 53 139 99 26 107 53 129 110 95 61 42 167 43 125 57 126 55 81 75 67 144 112 80 89 116 162 87 53 84 35 
188 30 74 90 141 97 100 146 166 37 69 89 34 84 179 152 66 120 97 140 113 57 69 127 127 129 117 30 92 49 125 111 26 107 132 97 79 103 147 83 32 82 103 39 90 171 109 104 157 32 49 50 118 53 128 43 61 115 149 82 161 80 50 101 111 180 96 107 59 164 131 121 73 87 48 67 109 55 128 62 109 77 126 70 2 63 125 109 95 173 63 113 100 56 80 60 84 93 163 87 166 144 64 69 114 162 69 107 95 66 148 22 135 113 104 98 54 65 124 151 116 111 75 141 88 120 166 122 
197 74 147 95 146 44 137 100 89 56 118 68 106 81 55 44 114 124 23 94 55 39 124 50 48 150 93 101 70 52 118 114 71 136 86 63 151 105 69 111 144 133 85 85 70 178 114 121 83 94 64 154 83 170 87 123 153 154 112 44 104 50 188 125 76 109 85 68 58 18 57 61 91 167 41 158 164 14 117 31 38 31 75 67 40 89 138 76 72 110 58 78 143 163 38 171 127 86 75 142 144 68 88 96 63 142 123 79 46 55 58 119 55 52 81 133 76 140 115 114 83 154 107 79 149 181 117 97 
85 139 154 42 107 60 100 98 17 132 99 106 110 179 129 130 80 82 101 194 72 142 102 84 51 54 71 129 76 84 95 144 122 121 74 29 114 124 157 135 68 128 92 109 91 35 79 128 95 168 179 136 72 107 86 89 20 145 53 62 144 101 125 86 200 143 86 151 123 59 119 160 81 35 43 98 166 92 98 99 59 127 113 63 93 97 17 136 129 117 112 123 100 76 146 130 26 37 139 164 177 103 91 102 98 101 113 124 82 180 117 38 104 54 113 89 116 145 65 140 58 117 123 71 80 90 99 92 
68 120 127 170 104 113 70 120 160 94 105 136 177 107 88 140 98 113 97 136 46 78 62 74 158 74 116 56 130 162 133 114 110 67 151 114 81 107 31 107 71 108 53 22 86 84 135 125 109 56 74 44 117 30 128 125 100 94 53 33 139 111 76 200 144 96 92 31 110 167 143 60 98 61 100 114 101 175 37 96 143 77 108 45 66 136 31 51 57 139 98 68 121 64 75 73 60 88 170 62 62 66 53 137 87 61 60 137 76 93 43 89 118 108 68 99 91 158 144 114 100 78 59 23 86 103 116 24 
103 19 70 92 95 96 117 99 167 184 24 78 91 74 110 77 109 123 83 41 162 65 90 115 98 103 81 120 41 172 37 82 103 165 84 87 55 167 76 115 111 77 22 126 61 84 98 89 86 70 127 125 130 128 97 77 38 150 14 43 79 180 109 143 96 104 81 163 141 155 99 97 107 51 168 85 47 114 94 63 154 80 44 135 111 45 92 186 86 47 179 157 59 138 131 100 121 75 63 147 152 79 157 66 48 66 166 177 45 66 146 181 125 72 145 149 155 166 47 154 128 70 37 127 118 54 148 72 
168 164 127 28 171 59 52 102 79 89 139 113 167 114 70 79 162 102 186 88 115 73 54 99 96 97 70 103 53 81 72 57 195 18 121 145 85 49 92 42 112 59 56 185 132 9 69 87 64 92 97 112 137 32 132 103 157 68 111 62 113 96 85 86 92 81 186 136 117 102 111 38 86 116 52 85 101 90 93 129 34 91 50 71 124 83 118 73 94 151 107 149 77 121 25 100 105 65 50 148 35 162 76 159 90 94 189 106 121 41 159 43 171 135 106 100 78 83 158 76 112 91 152 24 144 97 96 120 
77 121 125 101 100 118 99 142 110 83 112 102 78 100 107 92 135 125 114 152 92 146 152 94 159 92 105 97 132 64 154 179 12 171 19 101 44 99 136 97 134 144 140 83 134 125 107 58 43 118 117 52 95 115 106 106 52 81 30 154 83 107 68 151 31 163 136 16 130 89 148 153 175 130 79 159 79 78 101 152 116 82 150 16 90 149 61 34 72 167 13 120 175 84 109 128 123 144 155 18 150 151 134 133 58 116 71 87 151 70 159 130 82 167 92 157 109 112 158 132 100 130 46 132 160 82 131 123 
57 82 75 75 93 167 117 151 49 80 40 88 151 68 129 46 67 91 96 143 53 151 177 124 125 122 160 89 108 68 101 135 71 34 149 48 54 155 64 150 181 35 137 65 152 146 87 93 71 163 60 82 96 62 174 92 131 105 68 159 161 59 58 123 110 141 117 130 198 101 114 77 98 118 123 119 99 49 167 93 136 119 57 134 54 43 150 59 79 102 106 94 101 166 100 100 32 184 119 94 102 27 53 121 92 112 76 135 127 150 128 61 69 48 109 45 64 171 19 135 98 162 101 89 137 143 41 70 
53 147 52 96 131 34 68 46 77 105 99 178 75 69 111 177 105 159 155 91 33 170 127 115 93 150 97 62 112 130 52 141 35 100 107 108 115 75 141 109 76 64 123 76 40 31 131 78 118 120 152 147 83 107 75 105 131 95 89 135 43 164 18 59 167 155 102 89 101 182 106 172 160 105 183 110 95 103 143 109 25 143 107 68 85 87 83 97 134 49 154 144 52 120 82 123 67 47 105 45 171 72 35 122 40 63 147 20 90 55 107 81 34 50 199 112 82 155 62 128 96 48 93 55 42 60 36 118 
88 86 107 108 187 184 130 127 138 150 107 137 74 109 119 129 99 149 157 114 93 78 89 76 78 97 86 63 163 131 103 54 168 180 154 148 89 81 169 114 111 59 50 177 47 100 106 42 92 125 100 93 19 104 133 82 75 39 40 29 86 131 57 119 143 99 111 148 114 106 180 59 150 117 85 87 97 116 125 112 175 108 140 146 29 138 37 167 145 69 121 59 97 134 178 65 100 98 87 192 76 154 43 83 110 43 93 63 129 125 126 60 141 93 115 117 79 92 96 113 111 150 121 62 68 74 66 42 
110 122 41 96 67 134 160 70 47 146 115 112 109 90 193 170 52 82 158 105 185 95 42 119 61 65 25 74 144 72 70 43 112 67 146 105 67 145 131 118 153 156 56 96 101 102 187 85 112 72 173 30 53 161 72 41 33 126 139 178 95 121 61 160 60 97 38 153 77 172 59 92 102 159 129 9 72 138 49 167 72 25 82 63 20 48 118 47 64 167 130 142 99 135 43 20 77 80 52 131 100 86 188 124 72 140 90 107 145 147 110 122 135 122 50 69 123 145 110 99 105 61 87 57 89 80 99 125 
104 77 41 113 31 15 13 135 35 89 109 40 137 121 86 156 105 122 61 82 51 116 192 31 110 69 29 44 56 139 142 72 126 181 96 114 107 125 56 137 182 112 128 46 153 100 71 35 94 123 154 105 33 67 76 168 90 174 165 107 136 73 91 81 98 107 86 175 98 160 150 102 88 81 94 65 47 71 166 61 51 149 121 104 105 85 34 123 140 112 7 175 172 124 22 131 105 29 48 129 165 80 147 148 44 84 108 145 29 95 136 189 63 108 75 109 107 33 32 85 79 74 72 43 102 101 45 78 
84 150 52 129 100 28 104 81 63 66 158 103 58 86 27 101 72 27 29 96 65 76 50 84 107 67 134 155 50 86 157 75 131 137 137 116 150 37 27 56 81 155 136 77 153 147 112 136 71 98 116 116 183 147 109 140 178 45 60 85 91 87 167 35 61 51 116 130 118 105 117 159 81 144 53 60 119 143 41 111 84 64 132 138 118 99 59 110 107 154 43 97 111 57 113 126 48 154 87 141 115 73 105 132 167 120 77 37 75 131 108 99 11 100 86 83 96 138 93 82 63 126 95 42 95 48 94 136 
63 120 94 84 131 171 100 132 116 135 141 114 155 113 149 128 125 100 53 84 132 118 54 80 96 159 87 132 130 103 84 51 54 191 88 120 102 73 106 127 121 46 116 151 113 82 74 77 162 50 123 98 125 93 58 152 144 35 22 108 120 48 41 43 100 168 52 79 123 183 85 129 94 53 166 130 40 90 94 102 110 167 20 84 84 130 41 143 122 60 116 13 68 44 72 87 94 112 22 145 62 44 72 173 83 127 111 139 134 137 76 87 69 117 119 158 84 30 98 88 118 52 75 142 137 115 97 101 
54 132 150 106 192 63 76 10 133 146 53 60 135 80 80 128 66 31 108 97 150 91 70 68 71 167 170 111 66 24 122 145 166 142 45 104 47 98 95 83 60 34 138 60 62 59 101 37 89 86 98 149 161 187 100 72 75 142 53 53 86 67 158 98 114 85 85 159 119 110 87 9 65 60 130 160 96 46 171 70 85 136 101 66 101 87 115 65 177 82 132 63 105 153 119 134 69 52 80 81 119 144 118 45 87 38 155 118 125 92 75 135 46 61 21 112 128 125 122 122 118 43 118 157 104 179 163 87 
196 97 139 123 104 79 74 99 94 82 52 136 37 161 104 152 88 133 137 157 194 139 141 122 102 82 161 72 174 128 63 164 92 25 114 188 111 119 95 10 90 181 167 121 147 178 2 132 94 82 62 135 64 159 28 47 50 97 130 147 61 109 164 166 101 47 101 79 99 95 97 72 47 119 40 96 116 125 88 168 53 157 138 142 123 103 128 92 52 140 39 78 31 77 63 61 156 158 120 81 102 87 54 48 144 51 131 63 140 45 109 144 91 161 51 131 74 42 137 159 62 55 68 80 151 71 84 101 
111 172 82 73 82 97 90 52 147 105 160 29 92 77 188 58 195 96 46 16 27 80 25 108 164 136 29 126 139 124 100 144 73 118 104 55 100 60 130 134 170 87 109 46 105 82 65 148 103 47 182 69 70 120 97 96 96 100 28 132 81 55 14 92 175 114 90 78 49 103 116 138 71 143 90 46 125 120 92 102 133 88 150 111 63 31 157 189 58 102 74 55 99 108 57 75 110 111 52 164 178 179 94 125 61 98 64 92 44 79 100 111 55 128 170 49 116 99 60 107 71 66 137 96 69 77 145 127 
168 77 26 163 84 34 104 63 124 66 87 172 137 91 21 108 69 156 113 146 174 105 95 134 91 122 150 80 120 161 155 104 116 11 84 158 126 120 104 43 84 144 111 122 105 117 87 23 46 35 117 169 24 90 116 121 109 112 174 97 105 128 117 98 37 94 93 101 167 143 125 49 166 41 94 171 88 92 162 84 64 154 131 42 125 169 98 57 117 32 114 125 135 166 163 168 123 37 96 108 67 142 81 105 97 138 169 33 187 137 88 118 123 68 111 116 127 37 57 157 48 163 54 130 116 18 94 113 
140 48 92 135 95 129 83 139 58 121 108 185 166 120 69 90 135 134 76 88 88 79 134 137 109 51 162 195 97 72 102 12 94 82 30 66 96 141 73 29 103 171 155 153 132 47 110 37 159 115 128 117 70 119 50 177 62 83 74 56 167 62 31 99 96 63 129 152 93 109 112 167 61 111 102 70 168 102 84 80 122 118 66 69 124 108 94 106 107 166 139 106 113 58 27 145 155 93 128 120 36 97 116 91 89 109 7 150 138 165 146 98 62 52 117 84 182 84 59 33 126 54 51 96 104 124 107 59 
118 22 96 17 90 49 163 102 172 139 111 135 110 145 159 140 113 30 168 115 131 111 69 68 41 107 124 106 113 125 141 75 94 67 173 97 117 166 127 103 112 59 70 171 91 78 149 89 124 38 74 135 128 89 117 64 61 126 36 123 32 109 38 59 143 154 34 116 136 25 175 72 51 84 110 85 53 133 64 122 28 127 166 151 70 61 143 74 127 87 105 161 126 134 18 155 128 119 95 116 182 96 124 111 149 83 98 55 91 109 169 95 112 117 110 95 147 82 137 74 85 153 84 101 85 154 88 49 
24 36 22 96 105 77 34 156 113 65 182 149 142 109 108 151 98 181 52 33 188 172 137 69 118 122 108 173 172 37 189 103 53 94 144 71 106 83 81 53 33 64 90 105 49 89 105 184 51 59 105 69 108 151 167 85 152 155 45 70 116 77 31 127 77 80 91 82 119 143 108 25 149 64 167 136 157 88 154 118 127 146 33 128 146 101 104 139 122 108 43 107 179 41 135 113 92 118 60 45 66 97 117 113 66 121 134 82 81 77 82 99 87 131 137 123 41 109 135 108 107 21 68 154 39 133 100 29 
100 145 138 74 94 113 68 178 85 116 35 126 168 70 161 157 119 121 34 51 127 144 29 105 119 162 156 127 94 111 134 95 87 117 113 37 105 44 52 51 87 119 147 140 99 68 92 33 135 171 162 25 169 150 23 26 138 159 80 100 152 126 75 113 108 44 50 150 57 107 140 82 121 132 20 101 138 150 131 66 166 33 192 99 97 107 123 81 137 113 27 87 78 52 128 132 86 103 51 41 158 163 159 44 108 66 38 83 179 137 103 131 152 161 152 143 106 131 91 61 126 11 106 45 95 112 51 76 
90 69 82 37 85 53 95 101 102 109 34 105 118 39 169 81 86 67 53 135 139 142 23 98 133 114 67 114 28 109 40 119 179 97 39 152 154 117 109 51 110 73 84 83 78 70 70 168 48 44 111 132 88 105 47 52 135 112 119 144 126 70 67 63 45 135 71 16 134 68 146 63 104 138 84 66 142 111 42 69 151 128 99 176 50 90 112 117 119 179 157 73 105 90 49 27 148 89 90 88 124 57 95 147 5 102 58 103 98 186 132 159 42 48 75 71 135 47 52 129 50 136 95 43 137 71 147 162 
87 95 96 108 102 82 73 95 89 104 47 100 43 57 111 144 91 192 74 133 125 26 130 152 105 106 112 141 23 76 106 65 137 63 94 43 84 111 129 95 64 94 72 92 124 128 69 78 115 159 96 111 99 71 129 91 58 77 81 109 122 2 40 93 66 111 124 90 54 85 29 20 105 118 84 101 123 63 125 124 70 146 97 50 184 142 96 81 163 125 107 138 58 128 133 153 44 24 87 118 73 88 144 107 67 78 91 110 80 166 117 111 184 92 111 173 132 70 99 71 153 168 118 156 66 163 3 141 
149 108 130 124 177 31 113 95 164 52 61 70 17 132 78 91 59 178 92 160 188 51 170 87 50 87 125 135 86 59 117 139 109 47 91 33 178 148 62 177 55 75 134 114 128 102 133 142 162 104 119 95 96 145 101 144 137 100 45 106 45 63 89 97 136 45 83 149 43 87 138 48 85 99 130 87 103 31 169 108 61 101 107 90 142 48 120 53 159 120 46 140 98 4 136 163 86 103 144 126 119 100 100 70 39 35 72 118 81 75 43 140 82 77 107 143 77 103 53 180 23 105 170 160 96 37 36 128 
125 105 122 172 66 113 89 100 53 134 105 66 112 81 123 164 141 10 46 129 115 50 30 29 137 33 107 142 154 11 100 81 87 22 29 139 74 159 103 157 9 127 89 134 134 62 119 73 163 104 127 79 81 43 17 97 144 34 146 35 151 125 138 17 31 92 118 61 150 83 37 118 34 59 41 115 128 157 98 94 143 104 123 112 96 120 76 115 119 118 52 37 187 105 96 71 152 106 187 30 159 51 152 100 146 70 162 84 107 121 57 93 180 97 108 67 36 44 83 104 104 141 139 110 101 37 164 156 
80 78 61 127 154 117 75 64 68 162 66 60 137 17 167 37 175 79 81 96 94 52 124 21 69 68 123 72 80 127 100 117 188 145 147 48 112 98 80 89 169 96 39 104 194 61 24 168 180 46 142 63 181 147 80 105 33 117 31 133 44 109 76 136 51 186 73 34 59 97 167 47 123 110 143 65 92 189 57 106 74 139 81 117 81 53 115 132 134 88 122 49 87 72 66 66 138 77 3 110 139 151 97 110 104 92 108 14 82 105 128 155 146 152 98 103 137 86 120 135 27 115 67 91 130 48 159 123 
97 13 113 71 132 140 85 89 31 31 62 98 74 104 100 111 101 126 136 98 126 39 95 109 100 96 64 105 90 121 127 159 66 106 88 119 134 104 138 117 65 112 92 103 112 99 113 158 103 66 117 86 91 102 128 54 99 144 130 149 88 95 72 129 57 86 94 72 79 134 145 64 140 107 122 177 52 58 117 107 127 122 137 119 163 159 119 134 164 69 73 152 113 75 70 62 141 84 113 97 40 91 119 43 65 177 84 146 123 104 144 81 126 140 158 47 126 194 114 134 63 55 55 102 112 131 120 109 
108 72 99 120 115 191 119 104 94 162 85 113 49 104 143 130 107 97 33 84 127 88 49 87 111 67 97 98 106 105 157 84 94 103 84 120 148 64 80 121 79 105 145 175 133 144 82 137 121 80 132 95 133 152 115 106 117 116 119 33 42 173 110 117 139 47 151 167 102 49 69 167 112 154 60 82 140 102 32 166 87 108 113 179 125 120 118 88 69 156 27 116 63 104 23 62 16 98 11 68 107 165 131 171 50 130 125 49 167 114 74 128 97 67 83 105 61 172 117 9 101 100 111 82 147 26 114 101 
117 102 136 141 119 92 117 171 31 54 156 136 152 86 122 26 180 98 179 123 120 81 158 41 20 118 15 126 93 128 155 20 79 175 85 192 81 78 83 87 109 178 84 68 59 72 100 102 66 106 96 94 84 94 64 96 15 154 86 40 64 63 58 112 98 179 107 13 106 154 121 130 7 43 116 132 39 74 114 139 105 43 27 157 107 46 52 122 73 27 164 116 80 56 149 45 184 164 134 111 96 130 54 96 143 84 95 116 120 146 73 63 105 26 65 74 58 84 118 171 37 112 139 73 138 99 108 21 
17 170 22 64 139 44 31 166 46 95 147 61 78 138 159 23 177 108 159 71 83 96 102 104 148 74 17 192 120 97 92 125 80 47 151 128 126 108 22 109 119 115 151 137 113 19 129 85 130 88 156 100 21 14 51 131 80 88 13 20 152 113 78 123 68 157 149 120 94 144 59 142 175 97 13 63 78 55 125 106 161 107 87 73 138 140 37 49 152 116 116 142 98 76 119 52 142 81 162 51 85 92 100 101 153 168 127 57 24 127 64 80 38 132 58 79 48 102 88 78 22 74 25 159 94 158 163 151 
115 156 164 138 148 103 131 165 105 132 99 153 100 87 138 158 45 193 15 114 113 53 108 27 103 108 158 150 37 63 111 142 140 78 33 50 21 55 84 31 156 114 63 56 97 101 80 35 95 64 127 126 112 116 118 140 180 45 85 50 89 100 143 100 121 59 77 175 101 52 97 99 172 111 68 105 31 99 135 113 126 179 78 105 58 98 187 87 113 63 80 98 168 172 125 56 86 114 149 137 118 107 103 94 104 68 185 63 167 100 102 90 125 94 146 75 166 90 43 51 58 190 77 103 63 76 90 114 
53 79 65 41 50 46 119 9 113 114 115 84 97 13 29 72 45 96 14 100 91 76 192 102 121 127 26 104 20 161 95 12 130 134 85 63 44 44 57 87 55 92 144 159 107 129 46 87 96 125 151 93 97 6 150 52 102 152 143 38 85 56 163 76 64 138 121 84 166 120 134 135 124 57 44 153 77 108 166 58 134 41 52 90 128 4 105 72 75 104 56 76 172 96 85 84 69 73 87 100 101 115 123 89 98 144 132 117 166 49 39 152 42 82 113 152 79 108 120 189 118 71 111 49 156 98 181 179 
35 60 164 75 70 25 116 144 169 157 73 82 100 90 92 108 103 45 84 81 116 181 131 137 49 64 86 72 115 42 127 102 120 109 84 150 132 129 141 18 124 131 97 89 100 113 174 82 155 141 126 121 82 95 148 111 27 113 145 105 140 80 38 146 75 131 25 109 100 82 178 43 22 113 72 119 63 57 163 27 18 135 128 49 133 136 96 66 70 23 149 119 125 85 62 117 93 133 61 30 143 133 95 102 88 160 168 112 119 96 90 53 143 108 89 117 86 32 161 81 99 124 62 73 142 164 49 119 
15 107 170 102 98 91 100 65 152 164 99 139 134 95 152 78 145 67 98 132 72 112 115 85 75 90 98 27 109 81 49 128 113 138 13 136 85 199 136 97 95 92 97 60 80 166 87 180 161 78 131 67 187 114 70 151 93 27 133 109 157 60 171 130 73 100 100 128 100 123 65 20 131 126 87 134 61 75 168 145 155 113 132 27 153 163 71 66 62 62 45 52 56 84 117 104 129 87 119 32 139 137 105 77 104 100 118 71 172 87 159 69 104 103 32 48 104 78 139 102 117 57 128 48 78 115 130 50 
43 106 43 124 103 82 130 174 90 135 108 152 64 87 24 139 73 76 78 21 148 103 85 70 108 115 125 160 141 119 108 97 52 129 91 171 60 72 126 158 89 107 93 108 114 129 84 153 64 156 61 108 120 142 4 84 113 147 25 58 165 84 127 26 60 121 105 123 32 67 100 77 105 48 94 69 156 110 123 155 128 92 86 148 44 86 152 138 141 16 184 142 86 69 93 129 58 106 157 128 119 119 134 93 145 35 62 110 146 96 164 179 52 96 140 111 136 101 36 68 127 93 103 167 51 115 176 95 
65 85 96 99 116 48 30 29 110 124 102 128 110 50 26 174 76 142 40 112 109 94 93 82 153 158 115 70 79 106 143 102 150 67 184 123 102 145 92 139 75 103 70 97 147 72 151 145 29 62 136 126 56 120 113 163 108 81 172 82 41 93 86 37 88 75 65 144 184 47 98 80 29 154 112 52 158 111 37 93 119 118 103 89 24 103 106 77 84 98 164 81 114 73 133 87 106 182 111 177 119 61 116 125 128 97 181 38 97 87 49 56 94 75 96 151 43 65 150 85 178 73 83 73 42 106 179 105 
112 33 120 67 39 102 69 86 143 90 165 143 97 60 51 81 49 131 138 109 116 97 136 85 84 65 40 51 134 118 126 110 65 139 133 73 40 81 161 81 161 184 62 135 92 59 68 141 95 101 86 55 138 89 97 171 181 112 93 135 53 163 75 139 170 63 50 155 119 105 87 52 48 87 22 80 120 52 96 128 95 60 51 90 87 144 187 3 113 11 134 162 149 87 61 119 157 111 88 45 76 94 135 78 117 193 167 43 36 169 140 118 70 110 130 70 9 83 153 60 145 147 127 78 134 159 56 110 
72 155 193 83 157 111 119 106 15 48 130 87 183 130 128 101 41 81 70 147 83 161 22 77 81 70 76 17 57 184 119 74 124 59 134 117 74 175 123 66 158 112 125 124 150 140 36 177 70 133 135 191 83 71 70 48 85 83 121 99 139 87 142 164 62 147 148 18 94 45 192 131 129 141 145 81 81 164 108 120 116 45 41 88 118 126 30 110 97 68 111 51 137 100 30 32 128 177 45 158 11 87 103 100 78 77 108 91 108 52 90 152 61 60 81 152 65 68 97 112 90 66 51 129 147 130 83 193 
41 126 31 113 127 119 114 107 155 147 108 134 185 85 138 76 34 67 45 52 84 103 183 62 104 138 95 72 56 119 77 150 125 149 196 80 135 29 186 150 106 58 96 132 117 46 83 191 61 101 104 112 188 50 99 81 102 100 83 25 99 166 144 177 62 152 35 150 102 171 76 100 165 115 62 119 102 178 67 36 182 66 158 124 73 119 159 139 40 107 96 85 118 101 143 139 119 119 76 11 68 142 108 132 120 127 78 42 88 172 160 80 129 107 166 96 158 120 74 32 105 100 89 71 37 151 87 97 
124 127 104 97 35 77 181 71 117 120 86 167 143 131 151 187 78 148 106 137 65 88 112 38 62 59 94 74 42 99 82 111 117 137 132 119 124 133 151 116 182 54 180 126 88 170 79 102 81 64 80 54 40 118 132 70 97 172 130 79 26 144 68 103 66 79 162 151 27 72 154 86 80 73 44 144 87 179 142 97 96 97 163 57 88 100 51 151 91 165 130 92 107 115 133 137 119 61 94 87 142 148 124 132 134 119 151 87 131 136 107 138 56 122 107 111 144 127 167 119 144 113 186 176 94 37 93 55 
166 89 77 67 152 92 100 175 136 131 88 181 89 111 106 77 89 122 151 108 114 16 142 142 51 158 142 136 61 99 108 133 99 150 90 27 87 91 125 159 52 73 177 14 101 77 148 66 130 88 132 162 112 175 106 20 52 129 69 104 107 64 88 91 53 157 76 134 53 35 43 188 147 105 72 118 54 94 81 116 124 117 159 95 144 100 152 97 119 131 54 100 103 123 95 105 134 116 135 103 108 124 188 96 88 97 78 106 30 80 165 170 198 91 141 74 131 32 164 134 103 128 59 116 131 42 145 80 
96 136 95 91 29 163 149 77 82 42 93 119 132 162 146 82 19 138 30 82 64 109 7 154 165 41 93 91 37 136 134 94 143 189 138 170 109 81 75 33 129 61 121 76 133 157 41 169 57 71 154 156 85 145 115 64 119 150 142 43 53 69 96 102 137 66 159 133 121 122 83 124 148 132 173 45 48 125 105 91 111 113 44 147 107 70 100 110 43 171 96 101 94 89 102 77 93 125 78 100 132 132 96 194 152 84 134 125 93 15 160 141 167 139 117 55 34 34 43 130 121 17 43 116 99 137 137 78 
122 69 58 137 166 134 106 78 126 90 156 127 136 177 66 63 73 100 129 89 42 61 81 65 33 126 77 116 88 108 83 130 155 124 87 108 149 63 158 46 80 99 71 104 115 96 90 160 105 102 57 92 199 138 74 150 180 17 109 130 129 114 63 98 87 48 90 58 92 40 110 72 44 167 83 87 144 61 97 89 149 66 108 5 67 39 146 104 65 50 143 153 104 98 88 104 145 128 117 78 120 134 88 152 92 55 75 126 34 156 133 156 32 55 75 71 24 119 71 105 111 126 118 171 21 100 126 86 
113 87 96 68 149 115 116 111 122 116 122 136 77 94 64 49 83 95 104 20 60 103 122 138 116 118 113 57 193 150 108 60 68 35 72 109 72 41 63 117 62 136 79 106 117 120 60 81 107 50 115 173 83 92 74 176 130 133 139 101 110 162 142 101 61 66 94 116 112 63 43 140 84 120 127 38 51 98 138 109 83 121 66 102 78 35 70 92 177 130 84 168 68 144 160 100 35 97 193 77 127 119 97 84 55 92 98 123 122 156 128 141 120 81 149 47 89 41 182 34 110 85 26 80 92 57 129 82 
109 135 104 42 82 116 155 34 147 115 120 85 57 175 55 117 49 157 152 87 83 139 195 42 60 188 136 140 151 127 98 124 134 62 58 125 125 38 163 50 91 22 168 182 99 159 30 113 141 89 52 138 141 10 95 90 37 119 128 68 95 69 123 113 60 166 189 71 76 147 93 90 108 77 111 155 131 64 169 7 98 134 38 58 91 72 162 108 84 125 95 127 185 132 168 118 62 181 167 108 78 151 78 134 75 98 170 118 181 88 76 174 80 147 77 98 94 116 45 131 110 112 160 30 70 95 125 46 
99 92 120 56 51 108 108 149 65 127 178 154 66 105 98 104 91 12 37 81 70 37 117 165 133 53 190 125 157 108 56 74 115 80 81 128 151 120 117 129 72 111 97 43 59 111 115 102 109 77 82 122 131 153 22 125 86 66 102 143 61 107 79 124 137 177 106 87 135 20 63 107 145 37 139 118 63 92 33 150 55 82 83 103 110 118 84 14 146 49 116 57 63 117 112 71 110 38 43 91 42 87 106 125 126 123 118 140 97 59 17 69 131 142 113 131 91 150 180 70 177 86 156 147 27 102 93 159 
137 178 25 49 90 46 40 128 156 136 106 35 112 62 128 79 141 135 105 152 62 64 51 59 84 165 95 99 162 139 85 95 43 102 50 95 156 96 161 72 53 117 152 92 94 65 104 111 92 64 162 49 21 132 69 123 141 100 172 27 42 95 46 82 76 45 121 151 127 90 129 145 29 75 134 125 140 44 187 138 91 81 179 98 80 81 107 82 123 167 120 24 167 166 119 172 146 97 36 108 88 131 30 93 34 122 181 97 188 142 92 73 72 138 21 141 73 111 62 105 57 37 99 20 147 66 94 173 
106 195 153 60 154 78 148 86 104 113 71 111 153 187 127 39 152 70 73 52 119 98 142 141 35 159 66 136 82 78 113 130 141 105 68 131 123 90 108 49 67 99 160 71 79 111 37 177 110 145 76 123 106 50 80 17 65 136 71 135 167 66 55 180 93 66 41 70 150 55 125 147 95 131 137 92 45 79 137 165 109 77 137 186 166 75 121 105 104 114 146 127 100 49 96 87 96 87 169 52 172 136 80 15 156 156 88 59 142 178 145 102 137 110 170 87 63 168 176 31 57 137 53 164 127 46 125 139 
107 98 99 139 113 53 131 82 153 132 156 57 25 171 108 139 130 93 97 92 88 149 99 49 106 170 87 105 99 46 150 140 114 106 38 36 115 65 13 83 80 62 10 81 80 158 105 96 100 139 147 42 65 77 94 33 115 85 100 136 43 148 58 117 43 146 159 159 128 107 126 110 136 108 76 75 109 100 88 146 169 82 103 132 117 43 57 128 144 74 73 64 102 39 90 159 164 49 140 90 160 107 165 160 133 128 76 17 92 145 64 131 101 104 99 86 36 175 92 88 121 118 62 163 130 84 26 149 
126 165 78 93 23 111 80 118 155 122 110 72 84 162 200 161 67 47 140 43 105 138 78 59 182 119 147 70 105 38 72 78 90 143 98 99 134 175 121 89 46 152 144 115 69 99 144 123 102 87 103 130 154 132 86 64 107 90 18 85 125 22 119 38 89 181 43 130 61 81 60 122 189 99 87 135 144 111 118 98 95 99 131 159 111 140 93 155 81 128 63 80 90 152 53 69 179 56 118 152 80 138 170 141 156 141 174 69 73 102 131 56 73 108 116 94 140 114 53 143 102 104 104 136 149 94 83 69 
63 19 76 44 103 92 127 69 99 140 114 51 89 29 78 79 98 64 77 114 172 189 93 102 108 171 99 89 74 86 113 130 79 47 84 98 120 148 140 60 109 48 160 123 89 102 56 37 97 118 110 125 125 97 119 169 24 123 43 69 57 135 55 104 118 125 171 82 69 34 141 135 63 11 69 46 91 55 123 62 112 87 152 42 184 82 180 146 126 97 105 38 125 42 143 104 52 94 70 61 129 56 198 167 32 120 80 131 72 137 101 73 134 177 78 80 81 179 147 128 64 146 63 166 146 129 107 28 
104 62 65 83 97 22 73 138 101 134 53 179 118 43 137 94 169 60 132 114 90 86 128 73 54 94 110 68 63 96 61 152 155 136 170 56 110 88 105 63 130 81 25 156 144 26 153 67 79 34 70 11 103 85 154 104 71 74 76 67 126 113 52 54 108 72 135 167 48 50 93 122 108 100 117 61 161 128 68 52 117 131 161 48 92 77 97 152 140 67 26 132 94 82 108 103 96 75 110 60 107 122 91 139 55 81 147 142 138 110 104 108 177 40 184 97 37 58 86 26 128 168 74 82 173 110 80 91 
162 135 125 152 55 139 111 152 116 132 149 118 40 57 96 125 171 139 57 39 109 45 82 116 77 81 113 100 72 140 131 20 95 132 33 154 63 184 89 131 88 171 79 68 86 36 93 123 38 153 183 108 54 96 134 31 92 56 103 45 55 104 81 113 68 145 106 92 109 199 115 50 75 86 119 21 51 170 111 117 110 137 152 75 111 107 108 98 158 83 65 58 146 113 89 32 140 96 130 81 166 107 141 117 75 149 77 113 21 170 99 116 78 184 38 92 22 187 153 174 104 61 106 75 123 87 48 130 
144 20 37 109 111 158 147 135 106 125 108 78 110 56 127 159 62 100 115 95 96 155 96 101 16 69 59 26 151 79 48 60 102 117 106 136 41 101 162 106 95 47 112 58 46 129 146 66 116 111 88 165 114 109 178 115 87 170 122 41 81 98 133 89 99 149 100 157 45 112 117 69 109 83 158 112 131 49 116 84 95 123 143 71 173 143 67 103 47 105 74 79 75 152 117 48 111 151 70 152 96 111 74 55 71 47 98 131 141 87 86 94 80 97 92 176 106 52 100 136 132 99 161 112 86 73 88 114 
163 130 182 145 40 56 129 65 125 104 91 111 54 99 102 35 34 49 57 155 70 87 33 75 91 37 39 105 144 136 95 99 71 94 146 114 162 36 83 94 49 39 85 146 25 95 93 47 54 146 66 171 52 63 71 96 124 80 186 105 75 54 76 116 91 155 78 109 64 82 79 123 107 96 84 128 74 116 127 182 147 41 106 135 132 77 36 137 126 61 58 48 166 79 86 104 136 43 9 65 158 144 131 34 24 89 94 91 73 63 36 140 81 37 22 106 34 183 91 158 57 49 124 42 151 74 114 93 
86 178 145 83 96 157 120 89 69 112 98 142 114 126 152 94 127 141 81 32 100 21 81 122 103 130 79 63 93 31 148 71 41 193 16 79 92 40 121 150 181 87 110 140 45 67 128 126 63 63 94 113 132 137 39 81 104 145 103 40 67 65 140 145 158 166 83 112 171 155 92 145 33 138 30 125 42 99 37 84 82 109 131 47 70 103 44 86 194 172 84 102 90 108 32 78 101 65 83 68 120 127 32 34 119 41 116 150 111 168 175 114 179 58 187 52 183 162 94 146 66 101 76 102 12 63 70 89 
79 87 121 53 85 50 159 106 99 125 57 40 119 101 115 158 143 89 59 58 52 98 147 75 95 58 139 52 133 167 106 105 65 106 117 74 140 186 144 122 47 154 143 121 107 103 93 149 86 98 167 110 20 88 140 89 72 151 66 49 144 124 115 65 144 47 158 158 19 62 96 110 32 93 98 122 137 60 57 59 137 135 91 52 99 53 83 120 114 117 118 88 43 120 161 139 36 150 153 97 74 167 164 43 71 182 45 180 62 176 92 53 147 86 153 100 91 94 12 89 144 126 61 79 84 92 65 105 
137 89 90 22 99 79 100 23 94 52 90 89 66 50 93 127 128 89 87 148 123 140 158 82 43 121 170 58 47 112 115 57 122 63 88 143 79 37 153 107 101 166 144 142 115 111 131 50 173 45 98 91 33 51 95 112 52 188 50 73 112 151 114 140 114 154 76 132 135 128 113 99 85 82 88 122 159 107 157 33 74 108 61 129 71 180 104 135 134 9 171 78 51 189 81 102 68 85 60 112 32 119 134 130 105 34 131 70 105 31 88 143 128 26 174 136 158 146 89 6 35 76 138 84 132 177 81 116 
99 147 101 68 42 128 163 107 152 98 174 124 81 141 110 22 81 79 33 51 179 56 102 52 114 123 105 67 16 79 35 106 139 126 140 101 82 79 141 160 172 149 107 180 98 127 150 131 111 151 70 135 98 73 73 54 87 40 94 115 80 116 83 58 100 128 112 100 98 96 111 105 79 63 118 118 62 71 48 126 85 107 126 50 153 23 104 27 63 101 37 22 58 118 99 117 127 178 145 90 105 144 103 121 111 110 110 177 57 57 121 102 64 128 104 132 57 66 144 35 200 89 129 75 26 47 25 111 
177 110 89 98 84 68 142 154 87 133 47 166 129 132 85 98 176 188 67 184 127 130 50 82 34 95 146 80 124 127 134 50 39 134 77 82 144 99 105 77 50 123 121 102 53 89 93 96 61 114 163 122 138 168 109 49 76 89 162 107 89 111 154 117 78 70 91 130 162 48 150 61 74 126 52 43 55 66 163 54 153 21 11 136 168 105 141 115 55 100 112 74 190 71 124 57 93 73 147 66 100 113 128 17 126 85 112 86 37 137 118 104 146 168 61 99 49 101 126 76 89 134 80 52 99 36 165 99 
115 128 66 127 118 90 97 77 105 64 78 121 34 34 69 62 138 114 120 82 151 157 103 165 87 68 70 104 69 97 125 100 157 152 78 103 65 24 91 111 89 133 148 61 81 122 138 113 129 104 146 103 10 141 151 27 72 76 159 101 116 75 107 123 59 37 152 46 101 93 121 87 72 95 75 118 68 137 54 51 84 68 106 95 118 170 139 67 55 111 139 25 77 111 62 128 103 83 127 51 89 186 59 43 118 26 160 156 99 53 62 104 63 74 106 161 124 76 61 138 129 80 146 133 154 144 92 169 
60 168 59 134 111 93 160 118 98 56 65 131 63 92 143 92 124 123 152 79 29 104 139 106 107 44 20 64 137 97 115 170 141 93 131 47 127 104 53 98 152 95 168 147 63 84 92 77 116 41 78 92 87 66 159 79 86 52 119 76 162 141 79 71 23 127 24 132 89 55 62 57 43 42 142 157 80 96 130 96 101 154 45 43 156 160 110 91 102 82 73 159 103 49 73 48 167 73 78 129 71 176 116 116 171 80 30 147 20 164 163 136 166 82 75 112 42 102 79 84 75 52 133 76 94 88 111 133 
102 118 84 137 84 85 107 90 192 66 97 99 100 91 72 145 33 91 189 37 28 170 70 75 46 104 69 91 99 69 148 155 98 186 67 138 81 57 139 117 74 39 127 146 30 129 136 83 127 132 77 109 64 68 141 23 153 114 118 42 87 88 149 80 86 118 144 160 137 42 68 89 102 95 137 104 151 69 116 104 85 39 95 137 66 96 101 130 112 147 138 94 63 156 142 78 51 42 134 147 37 94 131 99 21 92 70 27 147 127 130 149 146 173 123 86 151 12 84 132 26 99 154 94 72 38 107 68 
73 58 108 92 32 179 93 36 82 130 54 177 70 55 89 134 41 143 100 19 34 158 151 46 72 122 85 91 14 59 75 20 161 162 144 67 115 98 16 97 168 76 155 105 19 159 49 13 48 99 39 97 59 118 76 84 112 141 109 112 53 120 181 90 103 54 97 82 143 60 74 80 101 48 115 179 71 77 18 124 154 133 112 71 163 37 37 48 131 26 99 158 76 98 164 115 115 106 159 130 151 37 42 137 100 57 95 102 66 46 84 94 129 110 87 73 74 63 92 177 47 36 144 88 38 20 102 89 
128 66 164 48 83 82 96 164 66 68 41 139 103 159 72 93 114 92 113 96 98 63 113 116 88 37 107 98 88 135 74 66 74 71 91 92 28 107 159 45 69 47 133 45 92 66 75 144 78 59 76 146 82 28 77 159 116 110 115 79 84 166 117 99 116 148 96 131 41 36 66 99 45 94 97 163 84 145 94 107 88 100 51 147 3 36 164 159 120 114 108 163 90 181 49 130 176 179 56 83 87 93 145 137 126 129 125 93 94 125 26 83 107 80 48 88 114 70 65 81 25 165 92 111 107 102 54 86 
98 35 178 62 86 60 135 175 169 122 119 126 27 38 131 183 50 42 125 122 106 100 38 43 123 83 133 67 94 100 88 92 106 71 72 94 158 104 54 47 110 116 113 152 35 123 78 94 113 78 128 137 109 114 91 109 72 58 99 100 35 122 97 92 24 72 120 123 70 118 42 125 78 136 101 87 101 127 113 59 49 29 76 162 141 128 156 123 109 101 21 151 114 179 119 50 95 105 110 193 97 55 80 78 86 82 46 159 173 139 149 69 28 91 130 114 93 89 105 116 111 99 169 133 68 89 86 144 