128
88 86 38 7 45 15 72 37 31 18 78 27 23 73 14 33 35 19 18 22 78 22 85 93 64 96 48 91 41 8 41 8 30 73 20 1 77 32 3 85 3 11 63 80 74 55 28 27 13 59 69 44 7 65 87 59 74 12 53 75 27 67 63 79 62 29 6 38 75 40 86 69 84 66 9 91 11 6 55 89 57 70 70 65 5 33 98 13 14 84 90 69 12 47 43 22 81 99 43 19 13 48 97 25 60 49 21 49 34 53 99 22 7 79 85 58 35 19 86 54 97 88 21 70 5 83 89 63 
11 8 60 43 55 20 27 93 25 56 19 24 44 36 70 69 85 86 74 25 47 23 75 49 25 67 56 67 4 3 60 3 33 48 89 32 6 21 66 61 6 18 57 11 67 61 58 30 95 97 54 77 17 77 53 18 27 10 17 55 55 49 89 83 63 3 4 59 8 73 41 5 58 59 15 73 59 77 82 94 51 92 7 44 74 61 39 82 68 7 69 74 41 41 88 79 42 28 100 95 20 24 27 82 63 42 80 89 61 37 14 79 4 30 94 61 65 5 72 59 36 89 84 88 26 15 1 20 
3 42 8 53 90 46 1 21 60 42 33 63 89 31 42 66 6 36 70 87 61 84 54 29 20 38 38 23 73 66 81 67 6 76 30 53 99 59 55 49 5 76 11 94 48 11 26 2 74 49 23 85 72 80 56 34 9 83 28 26 90 72 72 65 65 59 33 9 43 100 55 26 85 40 26 11 51 38 62 30 83 35 81 61 84 11 53 2 1 59 2 37 22 33 84 41 16 2 83 32 79 72 38 35 84 78 69 59 24 72 35 72 21 76 56 47 2 36 91 80 75 32 56 94 32 68 12 24 
22 39 25 85 9 35 97 47 26 26 39 10 71 66 41 85 21 81 80 30 15 65 13 40 75 49 72 13 12 63 22 60 50 72 52 35 42 12 31 40 25 60 58 23 41 79 34 34 99 22 33 59 33 99 27 31 98 7 94 95 25 6 58 3 84 49 86 71 64 29 66 45 89 37 53 74 73 4 62 54 47 74 50 75 48 51 4 72 4 23 41 22 14 33 87 23 68 100 84 36 36 12 80 49 55 37 15 36 66 99 5 54 31 14 73 40 3 25 28 62 24 23 73 11 71 100 44 82 
24 100 27 72 53 80 84 79 66 52 46 44 23 42 42 90 73 88 32 80 34 57 94 66 47 45 13 59 54 6 53 37 42 63 29 9 86 11 18 48 100 89 75 7 92 65 80 13 37 51 100 61 19 70 38 49 77 67 29 21 13 34 20 75 10 66 68 88 94 81 27 15 26 8 38 59 31 66 3 96 5 88 2 43 80 71 66 43 26 67 3 27 39 13 3 40 5 4 70 29 77 19 54 52 57 51 38 15 13 23 74 72 47 75 40 44 31 60 78 55 2 55 15 70 69 28 46 8 
43 99 72 35 61 4 81 4 39 47 2 90 6 86 2 36 85 4 33 57 60 32 30 92 21 6 50 11 78 75 54 84 64 4 97 9 79 64 79 66 82 80 34 97 4 75 34 100 62 2 95 43 33 53 98 38 71 63 100 25 68 2 52 60 8 2 67 32 55 66 31 54 6 86 47 47 93 96 74 37 7 80 68 97 39 37 82 89 36 92 33 12 3 37 51 52 100 81 72 39 52 59 29 45 89 85 9 52 18 61 40 86 76 24 100 7 10 35 91 66 72 47 40 75 27 76 49 7 
87 45 68 60 69 29 80 61 25 46 45 68 3 24 81 30 53 95 7 43 99 51 68 42 92 44 24 42 100 70 43 3 35 7 62 12 42 36 17 8 2 83 88 3 97 75 45 12 65 59 79 60 100 84 38 8 76 100 2 16 55 29 26 87 20 31 15 2 48 26 74 35 69 92 99 97 24 27 23 5 87 58 64 85 87 36 63 10 77 81 71 92 80 43 99 64 56 73 9 71 46 86 90 10 61 63 98 54 11 73 73 64 53 64 3 48 51 78 76 31 70 18 79 41 51 51 1 46 
3 80 11 88 54 47 100 89 7 46 75 16 72 12 23 71 55 78 75 54 9 90 4 49 78 47 21 37 20 54 91 70 25 85 43 55 96 97 61 25 40 22 59 43 39 68 97 48 32 68 23 41 65 16 7 26 100 56 52 31 70 83 84 20 21 47 71 25 66 92 26 13 12 13 12 18 49 66 73 64 27 44 29 50 91 69 71 31 17 47 46 42 93 90 82 2 29 53 27 93 78 61 26 83 18 15 60 46 60 57 17 3 72 58 86 39 55 64 84 19 88 94 18 86 36 4 81 88 
83 10 76 9 73 21 60 99 48 63 98 87 90 74 92 98 65 99 75 79 69 76 95 29 65 90 70 18 68 36 81 20 27 80 15 40 53 29 59 16 100 37 28 80 90 25 23 69 54 70 89 31 49 75 19 37 29 35 86 12 71 27 91 48 72 90 49 23 71 59 52 41 91 47 47 19 28 72 74 83 29 35 44 44 44 37 21 22 81 57 69 18 67 15 8 100 57 26 48 94 61 32 65 7 23 26 28 100 72 6 40 91 27 41 42 13 69 40 13 51 28 2 97 81 26 14 34 96 
72 94 81 12 61 64 86 12 61 6 71 26 9 32 82 64 33 18 91 16 16 77 2 20 69 61 52 15 56 3 69 69 32 64 41 21 38 60 1 11 87 75 72 51 77 19 63 75 47 94 88 89 81 71 99 29 55 59 83 56 41 46 96 10 6 67 87 19 21 76 45 69 40 100 88 12 22 65 26 72 95 84 95 55 53 44 78 97 99 68 81 67 17 74 19 76 21 35 85 62 67 16 15 16 81 13 33 53 72 70 33 31 44 51 74 30 48 83 88 63 94 84 55 54 56 29 28 33 
98 71 15 99 100 85 63 78 57 18 19 100 70 27 46 90 65 63 43 70 38 18 35 5 71 73 78 42 50 12 85 72 25 99 82 49 25 23 94 27 40 29 82 14 98 100 32 12 22 5 61 86 22 13 81 56 63 89 54 45 44 90 19 39 83 83 39 48 81 40 52 41 51 13 33 50 41 38 40 60 34 61 14 38 80 83 4 68 3 77 79 5 4 21 67 8 90 12 28 59 75 87 12 43 76 33 2 67 91 63 49 26 38 78 11 47 91 46 28 60 80 55 15 71 72 90 14 17 
23 96 74 41 29 35 20 96 41 33 25 56 19 84 3 69 94 94 94 43 5 23 59 70 17 43 56 52 50 42 76 48 61 11 6 33 95 74 74 23 67 64 68 63 81 42 23 84 19 88 86 57 10 92 8 12 20 43 58 89 10 77 28 63 36 56 30 72 26 8 31 61 80 9 25 58 72 46 93 36 4 54 3 50 96 16 8 4 69 18 94 64 2 66 24 76 69 92 96 37 48 12 33 11 15 10 64 100 85 4 18 64 66 82 36 89 77 72 26 22 2 97 18 65 57 1 46 8 
14 6 83 98 35 97 63 97 63 34 76 70 39 69 19 13 98 2 4 36 59 30 86 92 85 77 40 24 2 91 84 26 71 89 58 44 3 98 89 22 35 10 41 6 35 89 76 98 24 60 40 61 23 44 32 12 49 46 17 62 26 30 87 7 71 82 18 1 58 8 49 56 63 18 87 98 53 71 58 6 51 52 16 46 86 5 95 60 83 84 76 85 30 61 55 96 20 27 63 82 31 98 41 58 57 46 77 100 1 41 90 94 17 3 94 43 64 82 81 43 85 20 63 12 4 3 48 85 
56 18 97 44 21 61 27 56 42 10 37 63 81 4 57 99 68 80 84 82 30 16 88 59 68 81 9 64 2 7 33 8 64 98 72 24 38 92 55 99 17 49 72 51 45 9 61 80 14 100 11 44 65 35 66 44 61 63 44 99 77 87 20 44 16 51 37 24 26 17 77 19 28 97 12 13 26 12 90 86 1 54 45 68 86 59 1 11 97 3 77 62 83 26 34 39 2 42 71 12 40 2 50 56 29 36 54 44 63 47 45 35 33 84 98 27 99 95 99 3 89 77 95 74 47 45 1 47 
75 57 35 46 96 38 20 11 62 51 42 44 85 35 4 7 56 48 54 15 20 73 15 93 36 74 68 25 95 40 22 94 21 14 67 83 49 51 83 80 99 61 71 76 14 77 23 87 60 4 95 64 9 95 41 32 11 30 56 6 45 70 70 26 80 94 59 75 28 100 2 36 94 71 45 4 30 56 5 88 62 45 44 18 37 97 59 93 2 46 64 34 43 13 90 39 32 41 48 68 13 26 31 95 32 45 2 44 62 92 6 36 60 31 43 32 11 92 18 32 21 83 55 86 37 85 9 18 
24 25 11 36 4 69 7 84 96 71 94 52 88 34 45 23 80 40 62 44 83 86 93 72 93 49 70 69 91 81 9 70 100 15 25 76 22 99 85 25 4 47 26 17 47 47 3 23 32 81 35 58 91 58 49 2 97 34 71 43 16 55 59 14 97 97 80 64 93 25 100 3 58 50 58 33 97 61 51 19 20 96 56 2 62 71 2 13 4 87 35 12 85 5 55 48 13 89 54 45 2 73 86 86 89 80 45 57 28 72 2 8 13 85 5 11 63 71 54 59 86 34 92 75 55 86 81 89 
18 25 24 30 9 5 76 35 45 67 18 65 89 76 57 89 75 52 95 72 49 58 36 60 7 53 99 75 50 76 87 51 5 32 48 10 29 63 43 49 64 4 47 54 83 32 56 47 57 41 71 94 63 59 82 45 10 40 63 39 72 86 98 23 44 63 53 13 34 64 24 16 48 27 90 63 44 16 43 56 45 1 84 44 73 83 20 86 60 92 49 89 51 1 75 58 42 85 84 26 92 83 68 6 61 30 66 39 100 87 6 79 99 48 19 13 13 11 37 25 32 12 79 70 84 36 71 39 
20 69 9 70 49 77 84 48 1 87 79 91 66 86 99 67 50 43 22 79 61 65 12 84 76 33 5 98 51 64 66 38 71 32 26 4 60 2 84 99 8 26 8 37 91 79 53 49 18 40 60 32 7 21 44 27 91 93 42 67 10 63 62 4 68 36 74 95 94 14 5 56 30 98 34 67 68 34 42 91 24 69 33 76 50 39 14 10 8 54 20 35 39 41 7 22 34 72 90 7 76 97 56 98 3 24 66 15 72 23 79 44 58 14 39 16 18 21 58 45 94 64 1 38 17 20 27 86 
75 47 97 49 28 39 32 33 6 18 4 17 17 14 95 64 67 8 51 80 59 89 33 47 17 63 63 89 77 59 78 72 32 16 79 19 99 52 8 83 98 24 48 27 14 54 65 53 49 80 58 65 88 5 73 38 97 77 92 60 56 24 83 94 63 20 4 22 71 33 33 36 53 77 92 87 65 4 32 24 20 96 78 43 12 26 97 11 61 87 88 14 83 25 5 94 91 37 25 66 15 23 53 6 24 78 30 27 98 19 8 81 75 62 5 96 96 43 97 73 79 12 85 74 74 73 63 58 
11 66 21 38 34 99 80 4 29 67 51 56 73 5 42 44 21 92 31 30 79 92 48 21 46 3 76 29 43 3 97 9 17 12 17 20 17 38 87 51 58 43 64 12 63 67 36 34 61 48 8 42 77 59 83 80 71 85 16 19 80 75 79 77 14 78 50 30 30 81 36 1 53 100 23 23 67 55 78 56 85 69 59 9 90 4 91 79 31 100 16 100 27 88 86 41 37 89 45 89 62 25 70 1 9 14 12 51 23 82 20 51 24 32 45 25 50 99 96 58 76 68 25 50 24 37 39 90 
58 14 56 53 96 30 20 84 95 94 99 75 36 100 86 92 22 31 23 83 7 89 30 62 42 35 34 60 16 25 16 81 34 88 3 13 73 68 24 90 92 39 12 90 100 21 20 2 97 42 80 55 74 54 8 12 10 21 43 38 52 19 30 53 30 89 30 42 3 99 93 30 98 30 49 91 17 81 2 96 11 33 42 16 41 70 96 69 55 77 55 13 8 69 65 36 21 51 68 25 90 10 8 5 78 81 32 68 38 82 81 46 9 11 37 72 45 76 44 28 78 72 59 40 87 40 38 96 
81 58 42 20 86 2 87 66 71 17 10 48 50 11 22 15 59 65 61 21 99 84 37 50 98 64 73 86 47 94 86 19 61 20 4 54 44 16 54 46 42 35 52 60 22 69 53 99 63 57 49 4 26 85 7 71 64 37 20 42 67 26 41 56 36 28 88 70 53 100 58 66 44 98 97 43 17 86 18 93 12 32 73 6 41 5 48 4 53 20 49 5 6 96 10 44 27 18 7 14 99 42 98 3 19 18 70 35 78 32 94 7 62 62 9 3 62 87 45 54 54 79 33 74 39 90 36 31 
53 85 17 42 61 1 18 41 41 78 92 61 66 80 12 31 20 73 16 20 4 97 21 49 63 70 69 14 74 83 32 52 7 14 17 99 92 75 87 54 91 15 43 22 54 40 9 43 6 82 19 76 64 71 26 99 39 75 92 6 94 71 86 55 30 39 30 60 22 21 73 95 55 29 98 80 17 87 24 61 14 47 50 95 66 11 38 42 16 43 48 87 52 64 51 12 68 9 94 100 65 25 48 60 6 82 83 12 61 56 77 92 66 99 20 72 21 17 16 22 90 92 50 30 9 47 64 88 
46 10 77 31 49 84 53 47 36 93 3 55 14 26 71 26 51 79 11 25 80 18 23 84 44 94 72 13 52 35 22 59 20 41 46 95 48 5 14 97 56 96 80 26 84 73 68 78 50 25 69 55 44 56 85 63 96 41 56 76 19 48 2 77 23 4 31 77 46 80 61 65 64 30 19 85 7 72 56 88 98 31 88 40 4 60 13 87 96 23 100 3 48 98 43 2 46 18 2 64 55 75 13 78 46 22 96 42 48 1 5 5 71 4 63 21 23 75 54 78 14 82 15 80 64 41 43 26 
2 27 93 36 40 80 78 20 19 83 55 13 81 21 42 68 89 89 95 54 73 46 6 97 93 91 31 12 94 48 14 33 37 13 5 1 30 98 71 84 26 89 21 98 56 12 23 66 99 8 93 5 50 24 57 98 56 18 55 8 2 85 2 97 83 58 21 47 68 68 94 85 54 27 85 82 88 41 12 36 99 43 60 39 33 33 5 23 94 94 86 68 37 40 29 12 16 22 48 4 39 4 14 42 91 47 93 93 96 86 49 44 46 3 86 22 69 37 16 23 37 57 100 51 54 97 90 12 
77 82 27 41 85 20 71 71 44 61 90 9 26 73 1 87 86 42 98 65 81 5 60 38 72 90 2 58 15 82 89 16 24 45 9 53 24 73 77 46 81 54 83 27 90 5 9 50 89 47 29 96 5 44 52 6 5 43 48 17 14 36 91 88 60 67 42 1 63 34 15 96 4 78 85 58 53 67 80 5 14 57 89 69 71 37 66 3 11 25 96 100 1 93 100 17 58 27 33 59 15 69 65 63 9 100 50 96 27 41 47 27 3 3 27 53 19 86 86 64 76 86 9 89 51 84 6 36 
23 1 30 57 79 23 59 79 81 24 57 10 51 5 25 86 16 57 8 55 91 93 58 57 82 16 6 31 33 13 40 92 1 8 6 56 66 68 31 75 97 42 63 55 83 57 80 85 9 29 92 90 44 57 39 49 85 97 69 92 46 88 11 10 79 80 19 67 84 35 11 5 92 53 76 42 29 55 99 58 67 98 50 77 59 19 28 70 99 66 27 51 50 59 70 91 17 14 5 66 14 50 95 51 70 52 31 4 75 51 30 37 64 48 69 58 10 85 24 90 26 61 4 30 85 57 26 20 
35 38 10 75 49 67 26 97 90 90 13 87 59 68 96 29 12 63 69 34 4 8 48 73 32 52 82 26 79 60 96 4 18 9 80 74 16 38 46 52 8 62 40 29 31 70 66 78 81 90 30 9 10 44 37 2 8 90 25 39 20 100 51 62 68 97 7 77 10 95 63 59 48 30 20 86 58 42 71 6 87 68 2 78 86 79 44 86 4 6 62 13 44 44 54 91 82 7 67 15 69 74 88 20 46 57 76 53 40 73 9 26 60 24 44 46 28 79 97 58 43 16 92 90 87 93 89 5 
35 70 86 37 40 90 84 21 83 1 5 20 65 45 79 41 48 28 97 75 71 78 44 50 20 70 53 25 83 38 16 78 84 83 11 39 23 56 33 85 97 67 71 22 93 2 18 5 98 43 94 64 58 29 41 79 61 93 34 28 79 49 48 22 10 27 7 40 40 20 99 68 14 85 30 83 56 9 87 15 89 55 96 99 28 39 68 73 75 27 68 29 92 95 1 71 17 15 16 90 86 50 34 24 12 35 15 30 51 98 39 59 69 16 15 13 38 19 84 65 71 47 17 71 17 16 95 30 
65 18 15 17 57 99 13 17 49 6 8 87 11 31 99 10 46 25 25 28 4 7 65 60 4 77 18 46 28 36 15 94 81 100 11 66 2 91 84 82 35 14 87 67 79 60 24 77 70 80 47 55 64 49 35 13 40 5 84 57 50 99 48 10 88 88 37 52 1 28 89 79 10 15 5 57 12 53 50 81 86 41 45 29 29 30 8 47 98 52 32 99 98 69 51 92 32 4 29 61 49 36 73 84 27 93 15 78 98 100 100 71 9 30 44 43 35 15 28 43 57 63 46 100 38 56 6 67 
87 39 96 33 97 90 75 29 5 58 41 14 30 34 55 61 75 80 68 25 22 17 68 71 76 7 96 96 7 13 21 49 60 100 30 71 31 9 93 51 79 95 17 15 51 72 53 41 21 31 42 27 70 90 41 82 82 26 97 26 5 38 12 99 53 94 38 91 98 39 81 78 27 41 30 94 6 85 7 30 39 74 58 51 43 2 27 57 99 86 54 79 57 44 100 9 88 1 97 36 61 5 24 35 29 99 90 34 75 23 3 88 34 76 62 60 64 15 3 59 87 99 6 52 59 76 3 86 
58 71 64 19 52 82 10 3 59 31 22 20 1 31 29 4 73 77 78 52 98 7 4 23 28 33 23 21 88 67 3 9 4 18 10 19 58 69 90 32 59 55 69 98 51 36 41 50 13 75 47 28 67 71 36 22 54 93 76 28 87 91 61 98 95 1 71 28 75 58 49 44 69 5 17 29 49 28 73 42 18 77 51 43 84 58 88 80 52 100 56 50 13 67 34 8 28 60 32 83 44 36 6 87 46 3 79 18 63 85 45 50 80 26 2 97 41 73 57 98 77 65 18 96 48 81 51 33 
22 91 73 62 87 35 84 84 91 30 58 32 13 59 46 44 43 46 66 48 7 1 78 39 97 56 78 1 78 16 91 12 64 60 21 97 56 1 1 6 68 39 44 67 88 12 1 29 17 60 51 21 77 8 16 93 37 33 80 53 24 51 80 25 55 34 18 92 64 33 43 7 4 18 100 32 54 25 80 23 28 85 76 27 28 11 7 3 3 34 93 11 75 59 59 45 90 80 84 42 8 20 43 33 52 39 35 91 7 3 71 90 8 7 32 48 12 67 50 58 15 72 90 49 23 36 17 25 
28 40 85 52 95 6 18 46 41 77 81 61 82 80 5 93 88 13 78 61 91 72 88 77 43 53 29 82 45 52 1 40 77 25 74 18 61 83 12 76 43 88 81 84 71 31 95 93 3 68 15 98 33 55 59 100 25 87 91 96 66 9 15 20 74 100 1 62 2 82 11 63 8 34 11 93 61 87 45 56 45 65 52 16 92 13 19 24 45 24 90 19 28 99 41 73 77 98 76 26 87 32 33 23 58 66 45 64 47 17 41 38 12 3 75 29 90 33 95 21 36 57 6 67 36 75 40 36 
68 60 62 27 40 79 51 75 24 64 29 34 53 90 94 15 100 91 17 60 100 46 83 85 53 76 59 17 13 78 76 43 4 32 86 24 2 1 22 7 73 76 64 86 45 21 27 52 23 23 71 71 55 15 59 56 36 28 16 57 64 55 1 16 84 59 39 48 19 30 6 48 54 88 71 18 59 51 96 83 7 3 96 95 10 79 10 27 91 59 31 3 82 47 49 59 5 90 62 21 12 17 45 91 68 49 53 42 91 85 4 59 5 3 28 73 51 10 43 97 19 41 85 77 50 20 12 5 
7 23 17 90 6 60 85 32 22 21 1 68 43 88 98 39 1 2 37 9 46 66 56 90 6 83 44 22 59 42 47 91 36 89 65 46 16 66 50 16 55 67 68 2 9 5 31 56 94 80 67 45 49 30 34 94 18 40 38 77 16 63 33 65 38 62 69 90 87 80 63 10 51 65 30 63 19 48 65 42 81 97 56 31 76 100 24 95 82 2 94 60 56 80 46 2 96 72 70 18 52 60 64 74 36 42 96 76 96 8 38 53 52 72 94 73 64 95 28 42 91 1 71 93 68 9 85 29 
58 67 43 29 79 4 35 53 61 46 73 26 64 6 90 89 12 35 97 20 59 85 95 83 61 58 60 75 45 29 14 42 88 12 69 5 79 1 2 31 86 43 49 44 12 12 68 95 42 50 2 17 82 3 18 12 78 21 22 49 66 44 8 94 19 72 67 47 30 54 67 22 85 5 59 4 86 8 39 69 47 41 23 34 48 68 54 62 40 79 63 17 50 57 14 51 34 42 42 5 46 42 17 54 27 72 66 59 90 7 69 61 66 97 66 92 9 47 43 16 47 18 13 100 9 26 44 56 
65 42 65 80 53 93 55 36 33 72 13 43 36 42 14 34 82 59 83 37 28 38 25 90 14 75 49 24 25 99 7 43 14 48 79 50 29 86 38 7 12 60 1 96 37 77 61 78 27 54 88 65 49 80 69 21 12 68 67 84 15 58 11 17 94 19 96 84 14 4 12 22 60 98 85 54 28 17 20 14 87 97 9 39 39 46 38 78 62 29 75 44 46 72 60 96 65 82 54 12 100 72 100 25 8 70 33 42 4 87 38 72 31 47 41 28 3 47 51 87 18 55 38 37 3 47 43 5 
8 84 92 29 56 65 61 35 82 21 81 65 67 43 75 42 94 3 77 24 83 28 79 48 47 87 87 1 86 40 14 93 21 1 31 73 69 21 36 40 65 22 16 64 21 66 54 8 76 59 15 80 73 4 28 33 98 52 3 96 55 40 19 71 63 42 80 82 79 56 13 19 52 77 92 67 42 82 67 55 85 44 83 10 8 44 34 13 65 73 33 88 33 21 30 100 78 100 1 70 35 71 47 63 75 91 65 89 39 41 20 49 34 50 54 38 55 13 91 29 1 87 27 43 85 92 60 84 
79 86 56 23 36 74 11 75 46 96 94 89 20 56 80 27 73 84 77 40 51 24 59 75 69 25 65 86 34 63 9 13 71 99 72 81 53 20 69 13 14 3 40 5 88 59 7 34 33 18 16 86 94 23 84 20 73 85 24 17 29 64 13 59 70 96 72 3 32 7 41 30 13 100 51 18 36 18 99 3 73 28 23 62 1 46 38 73 64 51 11 45 66 87 37 42 10 69 80 26 41 92 1 44 69 64 7 91 29 82 29 3 19 95 53 27 25 10 52 57 100 6 100 49 65 27 32 47 
7 26 20 18 92 27 75 40 86 26 90 2 12 57 7 85 99 33 4 92 52 41 63 18 18 44 89 2 93 50 84 81 37 80 76 79 86 92 66 99 8 9 40 6 7 42 20 47 57 22 39 2 60 17 81 64 11 42 44 63 29 82 15 33 94 57 65 80 35 20 72 27 23 72 72 73 100 15 33 82 55 83 40 71 38 99 6 57 80 63 2 86 92 42 32 9 23 4 41 66 16 63 69 48 34 63 7 33 51 92 72 75 3 25 68 57 18 37 45 81 25 14 4 49 84 66 88 35 
14 81 91 9 13 36 86 7 51 93 50 19 33 10 72 77 3 9 26 68 57 3 29 84 1 5 34 64 39 99 67 49 70 61 15 84 50 4 66 3 72 74 91 2 34 72 10 93 63 69 47 22 76 4 27 37 98 34 89 49 84 46 46 54 62 66 55 87 34 68 60 10 8 84 51 91 27 99 52 58 14 65 8 85 40 16 55 43 4 80 43 45 69 13 29 47 79 31 91 87 26 8 7 34 54 18 13 74 52 17 47 87 15 35 23 32 78 75 61 29 20 96 34 95 53 45 73 41 
3 23 85 60 11 73 3 93 81 97 50 68 76 36 20 20 43 38 46 56 94 43 35 8 14 87 64 19 91 24 19 25 67 42 61 57 19 62 98 41 42 30 28 5 43 94 73 81 63 55 70 88 100 85 4 10 80 41 81 92 37 23 60 65 90 85 66 98 28 81 71 49 33 19 31 45 23 30 7 38 38 85 46 96 41 89 23 41 8 42 8 47 68 85 28 24 55 19 49 36 85 62 65 56 96 12 3 27 96 65 50 93 44 60 57 87 81 49 97 40 13 20 91 52 65 36 59 30 
74 6 89 49 4 3 98 84 9 52 13 14 53 91 33 48 49 74 50 78 12 53 13 44 12 25 42 74 65 71 32 67 22 79 69 82 24 68 96 84 58 41 69 36 21 27 60 73 25 45 57 57 95 43 62 70 70 37 35 85 57 30 97 82 16 33 9 61 67 79 91 18 80 39 46 69 93 77 77 93 18 40 64 9 21 59 52 47 5 11 64 87 98 55 62 72 8 57 42 73 29 19 40 89 30 31 61 87 52 79 19 67 53 83 40 59 65 61 84 55 99 8 89 58 38 87 100 100 
66 42 67 91 14 68 96 52 19 94 95 7 39 83 87 77 50 13 43 68 46 67 80 27 65 74 68 23 56 31 43 74 6 72 60 90 68 64 98 38 21 16 98 61 71 56 5 72 28 13 31 63 1 80 32 45 13 47 50 13 8 24 80 37 10 83 99 12 31 80 28 57 72 44 48 100 81 98 71 80 72 37 59 32 34 56 4 55 55 2 49 29 18 23 44 89 36 31 87 72 76 56 99 40 31 89 99 4 89 64 60 19 92 57 82 70 70 3 9 37 100 99 79 27 3 75 83 58 
71 55 23 26 45 2 73 8 63 31 1 89 52 63 32 56 44 73 36 25 27 25 41 59 12 41 46 99 98 46 56 46 34 3 34 45 38 58 62 67 61 54 34 79 91 75 59 75 56 78 45 96 87 53 69 46 84 62 2 78 65 5 92 45 69 69 25 48 66 89 44 86 3 21 48 71 11 6 13 1 63 62 38 47 58 97 23 94 60 90 78 6 21 14 83 91 39 58 48 59 82 79 16 60 68 82 90 36 74 76 28 57 1 41 26 57 52 4 73 52 47 52 73 95 100 100 61 77 
11 31 92 94 87 87 60 4 45 48 12 91 95 98 15 60 61 60 83 13 18 73 19 73 58 74 50 35 45 64 15 79 59 44 45 2 67 72 38 66 98 30 95 90 83 89 78 99 39 38 65 76 2 71 93 29 90 74 37 98 6 53 32 83 95 89 30 45 85 33 20 18 28 7 79 32 96 48 13 46 78 96 63 17 66 21 87 4 98 69 30 64 75 45 86 57 14 45 74 59 81 66 58 4 40 99 83 53 81 38 70 92 84 32 69 76 20 68 40 53 80 90 33 93 4 2 25 58 
37 100 75 73 11 5 70 56 78 55 64 76 13 58 37 20 23 25 85 62 19 12 51 36 17 70 69 74 35 80 16 53 57 96 76 90 15 69 97 62 68 60 22 84 82 22 69 23 50 60 40 81 2 4 74 35 74 71 4 75 84 91 33 9 93 92 55 71 90 58 87 41 95 48 66 76 91 52 24 42 84 41 69 40 92 98 98 54 9 53 98 92 21 13 89 34 49 1 9 75 75 65 39 66 68 48 77 98 18 41 54 85 22 27 80 69 11 77 4 100 20 61 54 30 29 84 82 70 
48 3 14 26 78 67 34 37 63 57 68 51 70 100 45 8 92 51 45 18 7 26 84 18 45 93 66 94 14 15 43 84 31 99 13 37 24 23 78 57 91 65 9 92 49 82 32 82 62 10 83 52 84 66 48 38 58 20 43 77 78 50 9 22 54 71 34 7 7 99 51 88 63 52 74 54 20 93 42 39 84 30 18 81 11 53 6 34 51 19 99 45 99 69 52 82 74 47 18 80 92 11 99 96 34 62 10 77 91 91 10 60 73 38 98 83 26 6 84 25 35 60 9 89 54 69 52 87 
91 19 47 49 38 10 100 31 23 31 83 24 61 75 96 22 100 93 96 30 68 65 100 92 50 12 12 34 32 70 17 3 56 34 48 89 37 50 16 29 23 35 23 34 33 76 28 94 24 9 38 38 6 9 34 84 75 16 4 48 6 54 56 47 38 76 63 95 77 52 90 9 96 18 51 55 61 24 43 8 76 87 17 17 31 62 26 56 37 38 78 88 25 37 57 25 56 54 29 17 18 44 38 57 5 46 38 47 43 96 67 40 37 65 95 39 76 50 70 79 45 78 77 14 35 23 88 20 
27 41 21 94 9 63 30 57 77 86 19 23 14 3 98 49 58 75 19 76 58 26 69 50 95 96 44 68 31 64 83 91 99 66 74 81 77 13 56 95 70 20 62 24 69 60 21 29 48 19 20 89 49 42 90 69 64 100 77 84 69 51 60 98 18 74 84 66 3 45 37 73 53 47 46 38 64 57 68 63 58 28 34 8 63 80 96 9 5 93 73 36 84 82 6 95 95 10 96 23 60 27 96 15 94 36 69 96 76 35 6 64 58 90 54 99 18 77 92 57 34 34 9 65 50 86 36 12 
32 62 15 53 38 81 56 8 6 91 71 87 40 54 87 74 34 66 51 80 37 75 15 92 93 100 55 2 70 76 25 83 75 87 95 37 15 67 76 27 30 27 37 12 39 18 61 44 90 27 88 10 75 21 53 27 27 68 83 33 2 81 72 72 70 78 59 34 52 60 25 75 100 29 97 35 47 74 9 76 46 10 46 20 71 78 97 66 64 18 8 4 51 99 73 75 68 45 88 2 39 89 78 30 82 95 29 85 71 67 69 72 55 16 52 76 100 78 57 63 82 67 80 34 86 89 75 74 
61 71 28 72 17 80 18 26 61 36 55 92 34 59 37 53 30 99 36 82 20 85 57 63 51 95 69 82 77 36 5 17 21 48 72 35 86 47 8 38 47 50 34 78 41 16 22 17 81 74 83 71 5 85 8 45 95 3 66 43 52 3 64 44 16 66 31 37 1 21 24 55 48 97 96 85 37 90 83 98 12 100 33 78 67 47 34 33 15 84 84 88 33 55 88 25 68 79 8 36 78 95 3 88 57 16 6 58 19 22 69 18 21 36 49 73 19 24 55 85 26 5 87 60 76 99 92 62 
90 47 61 74 80 76 75 56 71 1 10 82 33 48 28 3 41 81 12 19 62 89 31 5 73 62 37 57 5 55 89 17 55 19 40 47 84 66 21 93 95 11 97 58 7 56 77 31 11 72 83 69 38 42 64 25 40 70 21 52 86 14 87 92 95 6 8 5 92 34 98 79 81 10 12 39 57 41 18 90 13 31 60 44 10 87 7 22 88 74 93 15 7 61 71 2 4 19 96 65 41 78 9 13 41 13 49 79 31 96 57 97 56 22 37 40 28 24 3 86 23 83 75 49 91 53 45 56 
46 24 62 24 49 15 69 6 6 35 51 80 39 49 81 92 96 1 42 57 11 36 67 75 55 30 30 83 15 21 90 21 71 76 40 13 22 53 14 71 48 53 33 91 22 13 78 63 12 19 60 63 55 98 17 95 64 88 25 93 4 49 62 96 17 30 3 17 4 40 62 61 10 23 37 31 21 34 84 68 63 91 2 36 18 96 65 36 93 66 73 2 23 23 78 25 97 24 12 45 33 35 57 5 88 8 2 71 64 24 44 95 14 10 66 86 33 31 62 7 100 1 33 36 35 15 12 47 
16 31 29 73 58 15 43 16 46 55 42 64 37 81 23 22 49 26 71 58 31 2 66 26 8 12 58 33 66 85 16 33 60 87 6 92 81 46 44 52 77 86 94 26 86 69 27 98 80 87 84 60 69 10 95 85 50 41 3 13 59 83 6 92 89 17 4 43 66 55 81 30 41 45 29 66 72 23 9 71 1 8 13 36 100 43 80 24 91 84 6 86 78 16 83 78 72 59 35 89 27 2 89 83 96 22 41 8 79 61 46 41 19 26 77 4 11 89 31 34 3 13 23 15 3 92 83 29 
73 23 99 44 22 31 65 84 66 30 8 4 24 53 73 56 51 11 75 35 87 95 44 47 48 55 65 30 28 25 67 41 42 74 34 69 79 5 79 83 15 90 48 40 63 85 75 55 11 98 95 43 58 77 14 51 58 27 83 61 36 39 96 36 37 35 80 9 54 46 57 20 63 7 42 40 9 21 86 74 80 49 32 26 63 79 62 58 68 20 79 52 15 99 52 86 58 32 58 60 65 87 35 89 40 46 31 18 5 18 62 30 27 1 29 60 66 1 79 42 39 93 33 69 23 4 86 74 
85 13 44 30 27 35 25 48 58 91 74 72 71 2 6 18 42 48 35 3 51 89 6 85 97 25 10 53 91 94 78 71 8 67 38 95 35 12 2 24 93 67 89 64 52 10 96 84 54 92 72 72 78 30 60 27 34 74 43 24 18 64 4 11 66 39 96 45 99 38 75 63 93 4 82 85 93 20 13 24 55 13 53 42 15 9 36 2 49 31 97 22 78 76 57 75 50 87 39 45 40 80 89 76 51 11 10 90 67 60 26 7 55 19 52 37 43 33 12 9 92 21 32 44 31 45 7 97 
92 16 100 20 66 12 23 91 6 42 45 89 24 85 53 37 77 45 74 95 95 41 91 81 57 20 11 67 79 2 3 25 4 43 53 81 51 93 72 19 4 39 95 89 52 7 11 87 10 44 8 80 36 90 45 12 15 19 39 60 52 87 75 39 39 24 86 45 8 86 50 52 60 71 56 47 45 13 94 63 34 38 16 59 90 75 48 24 60 29 41 99 91 42 7 39 7 17 90 20 30 9 6 32 16 64 7 53 21 20 37 51 46 35 8 77 33 77 66 25 37 35 67 85 26 20 15 82 
68 52 97 34 1 50 13 43 85 85 1 81 23 33 36 23 32 7 42 90 18 14 54 66 94 21 87 16 73 22 54 13 20 62 75 72 85 37 19 60 72 5 42 13 78 72 41 36 99 55 59 42 51 89 71 30 4 30 21 77 11 67 45 36 36 57 13 33 56 75 44 48 66 99 32 62 86 70 50 61 95 32 9 2 67 12 25 52 91 35 21 55 94 3 30 33 49 62 10 69 94 15 82 26 12 83 45 85 69 28 95 91 17 35 28 20 59 66 71 91 14 34 16 18 52 46 68 18 
34 55 45 79 13 87 18 55 19 41 73 65 89 39 45 62 47 17 6 96 37 2 96 34 4 62 37 31 40 96 66 7 79 64 52 50 84 23 42 82 30 25 33 94 10 76 23 21 23 39 6 90 21 61 31 98 57 42 74 65 41 51 30 48 88 2 15 23 18 6 62 21 88 62 38 3 80 81 76 5 21 64 84 90 19 2 93 24 4 50 44 58 52 90 39 20 17 93 57 85 21 70 22 54 95 1 89 37 17 45 52 30 78 60 87 69 57 43 6 20 44 22 35 8 79 26 35 37 
7 24 24 90 60 25 2 73 12 57 53 86 28 86 75 13 9 23 80 83 40 58 42 37 62 14 12 19 80 31 29 26 89 73 31 66 81 88 87 58 53 61 100 74 3 36 99 85 11 34 3 67 68 24 87 95 40 92 35 85 98 28 75 78 20 70 80 57 63 6 98 38 43 20 63 7 46 44 12 86 56 44 43 9 23 16 73 65 5 1 70 40 22 52 61 10 81 100 39 21 42 23 86 39 22 96 30 28 27 34 78 92 3 33 8 8 86 72 56 32 97 69 65 58 74 75 45 14 
30 56 22 71 11 42 79 12 51 63 25 58 43 64 30 40 93 99 13 98 70 53 39 2 46 3 70 3 63 91 45 9 21 50 51 92 91 13 25 18 81 84 66 82 68 46 58 59 49 50 54 88 24 4 54 53 33 74 40 60 48 71 82 27 14 15 97 62 57 47 85 92 63 54 45 63 48 87 15 71 69 47 66 35 29 24 23 42 96 30 94 20 21 4 35 83 29 70 60 41 32 14 25 48 95 79 31 71 82 3 29 51 75 15 98 76 52 99 24 72 34 15 54 32 14 4 87 21 
84 75 77 68 37 82 11 95 40 90 12 90 18 100 55 9 41 84 61 31 77 62 87 15 83 21 75 55 71 23 67 44 66 65 12 40 87 24 13 15 55 35 55 18 45 76 54 94 74 46 96 50 27 26 18 98 9 28 6 65 64 58 33 100 61 83 29 97 46 57 44 79 36 66 87 64 18 59 89 9 61 76 62 59 62 12 11 83 98 38 90 9 1 4 2 87 92 17 23 63 97 50 81 6 8 2 62 43 22 19 71 6 33 2 24 65 90 38 54 41 23 74 31 84 66 99 33 60 
36 90 22 39 18 70 79 39 82 17 37 84 46 27 75 94 13 3 48 87 100 93 45 26 32 42 88 16 2 41 50 4 78 74 66 30 32 97 94 10 53 88 91 97 31 82 3 81 39 49 89 17 35 95 73 40 66 26 64 11 13 81 71 83 25 79 19 71 43 88 48 60 86 84 70 23 22 42 23 92 33 97 86 7 55 64 39 80 30 88 16 87 87 17 24 96 27 24 7 96 6 15 15 89 76 91 100 37 61 28 7 22 33 40 91 30 92 2 66 100 84 44 45 44 25 50 98 49 
78 19 21 6 79 61 54 32 84 83 64 85 56 50 26 68 73 86 55 1 51 64 69 39 13 43 47 39 44 11 90 45 77 64 2 25 81 40 44 88 68 70 8 25 88 42 81 40 14 71 62 4 84 66 55 98 33 80 42 30 88 88 65 38 10 18 85 67 18 48 94 18 83 82 92 18 14 93 43 83 38 69 78 70 89 26 54 90 76 80 19 26 93 76 62 77 13 81 95 11 69 18 79 79 16 60 78 11 68 25 85 97 65 37 29 39 89 69 24 11 36 95 88 18 84 38 71 50 
20 84 67 19 26 80 6 96 4 45 36 16 21 53 98 16 59 11 44 80 9 90 80 76 97 41 37 75 99 28 25 54 33 43 7 75 73 30 85 42 14 74 7 1 15 47 52 21 90 1 77 54 4 74 35 93 51 57 67 45 89 22 44 39 9 92 18 97 73 87 90 15 5 85 88 22 94 37 9 17 47 62 38 10 10 66 17 41 60 82 32 20 1 78 1 86 69 65 27 78 43 99 29 64 44 18 12 51 18 59 70 51 81 35 93 57 16 34 20 60 74 42 25 88 36 78 57 70 
17 18 7 23 10 96 55 14 19 79 53 75 93 73 9 10 93 15 67 20 40 17 73 36 79 75 96 52 64 34 61 55 48 9 4 30 73 23 44 80 32 96 7 50 40 40 39 68 51 27 75 9 71 70 34 25 26 35 96 38 60 36 17 31 78 13 67 15 28 57 8 81 26 79 60 47 19 13 81 2 60 58 24 50 93 72 8 31 93 39 69 90 64 62 17 94 38 94 78 55 56 98 67 27 11 78 20 75 10 69 16 72 88 52 11 45 22 44 75 50 65 15 42 2 24 7 15 44 
63 5 11 70 73 32 12 80 88 19 4 58 54 78 42 44 4 21 94 31 67 59 37 58 83 10 73 39 79 41 46 35 70 60 37 48 92 7 22 72 71 83 10 21 15 71 41 78 57 32 7 58 58 28 30 12 91 40 85 25 29 60 13 56 91 58 57 1 26 76 32 43 72 64 5 3 20 5 91 97 1 41 93 27 66 52 6 79 28 70 93 87 8 27 50 22 83 25 77 68 22 92 95 5 36 61 96 7 16 51 57 71 15 48 18 80 55 11 18 43 29 28 75 14 18 79 71 75 
28 26 37 84 48 19 96 66 55 53 37 76 75 92 69 72 29 77 9 81 18 31 37 53 16 51 38 28 49 88 58 33 30 15 48 63 87 56 46 59 20 52 27 96 88 16 27 13 82 60 25 73 12 48 97 51 74 55 30 53 39 56 20 58 16 76 67 10 81 68 70 55 49 88 26 52 17 25 58 87 65 82 99 50 82 29 1 37 96 37 30 15 46 35 67 36 11 61 41 55 10 45 19 24 27 49 81 97 59 75 17 7 42 27 85 63 79 43 17 74 56 64 27 80 79 2 69 66 
36 90 55 64 44 36 85 92 62 77 62 55 60 39 71 47 93 28 54 42 7 87 24 2 4 67 97 86 19 57 82 40 17 87 51 21 24 50 70 51 24 81 85 63 86 15 63 49 60 69 29 4 34 77 76 63 56 58 43 90 41 55 75 87 76 92 79 86 47 94 3 52 5 83 79 39 75 74 7 80 63 11 88 33 37 12 18 25 53 60 83 68 60 69 50 59 56 22 86 63 1 70 9 1 50 10 5 38 72 18 76 45 11 74 92 78 30 18 47 31 80 28 20 16 21 66 40 69 
54 50 87 84 26 80 51 62 13 98 96 26 1 52 43 20 91 28 16 49 26 93 95 85 49 95 41 17 25 68 56 81 22 68 32 29 28 72 73 7 100 11 40 46 75 73 57 30 97 34 24 24 61 68 23 65 53 91 34 77 97 83 6 74 85 77 10 9 65 30 40 5 57 41 67 11 68 16 84 89 67 23 40 31 76 79 77 80 62 56 35 34 2 26 7 60 80 47 84 24 78 30 92 91 10 26 24 91 7 29 91 5 80 98 83 42 45 70 12 65 84 71 19 77 37 42 68 92 
90 9 63 10 62 87 65 56 9 40 88 31 38 39 67 2 66 15 80 73 69 60 47 80 87 48 74 18 84 41 85 95 79 53 16 99 57 43 10 89 67 31 38 22 50 79 88 24 40 5 69 82 78 39 35 63 90 95 60 87 26 6 24 74 83 29 81 50 100 50 12 76 83 31 52 2 26 40 71 13 33 5 29 69 35 85 52 21 54 84 87 5 49 16 43 27 86 95 46 66 48 84 5 2 6 10 89 60 80 55 74 62 14 16 92 95 44 88 74 6 21 65 18 45 93 93 24 32 
11 80 6 38 47 66 57 50 81 46 16 22 82 11 22 62 96 12 80 77 54 80 58 23 83 59 13 4 9 85 5 87 67 96 2 10 97 76 65 16 38 49 21 84 50 54 87 80 3 27 63 83 21 31 29 96 54 53 28 9 82 46 3 54 57 55 82 11 58 15 81 90 43 77 7 55 47 49 62 67 92 7 7 53 9 98 53 96 5 9 65 53 9 94 33 56 82 85 98 5 79 89 75 76 89 80 45 17 95 25 63 49 78 71 75 34 53 69 67 75 1 76 32 32 41 14 15 5 
59 20 47 35 10 18 42 58 62 16 32 87 59 24 94 68 35 40 39 17 58 15 50 69 88 27 66 98 99 57 64 28 95 84 22 64 87 56 22 46 38 78 48 30 52 21 57 51 1 100 78 69 16 79 77 2 34 40 79 21 91 62 38 62 35 81 44 9 48 36 72 71 100 3 39 50 96 78 37 10 62 1 18 44 22 75 75 19 36 41 87 57 55 87 77 26 19 79 36 6 80 27 16 69 91 69 90 10 6 24 60 25 47 2 45 33 64 38 9 50 68 12 74 59 53 8 74 53 
62 61 85 19 32 99 79 34 74 76 45 73 85 61 64 76 84 94 68 23 85 13 51 64 47 27 69 74 41 55 53 21 77 73 33 23 34 96 56 20 66 30 57 58 7 12 9 42 19 26 7 59 20 30 60 33 68 33 23 42 30 93 62 10 7 32 4 16 78 50 98 20 16 5 14 71 79 98 95 7 15 71 45 46 43 67 17 17 35 59 87 9 72 78 33 59 26 27 12 51 80 50 92 8 17 48 68 26 52 1 98 100 78 84 7 17 75 19 7 93 15 21 30 46 46 9 11 23 
24 41 24 70 43 93 53 52 82 74 59 33 63 33 55 20 20 53 63 38 73 8 61 13 8 20 95 52 21 90 3 9 91 4 37 57 80 19 86 46 45 13 84 50 98 18 82 100 74 33 47 48 56 99 38 5 42 100 71 16 71 33 59 80 59 37 92 54 85 90 10 14 9 44 70 16 91 45 84 20 68 79 31 74 57 15 85 9 86 89 96 87 12 7 2 26 43 63 100 95 19 8 76 75 53 74 74 100 30 10 81 25 13 10 15 8 60 81 20 62 50 8 15 2 9 21 16 1 
23 12 21 65 25 45 66 4 57 82 18 91 9 92 56 17 26 11 33 24 35 3 70 35 52 20 31 25 33 26 97 39 99 100 30 100 91 53 62 72 17 24 28 66 98 61 60 3 47 78 79 99 48 23 96 15 62 22 34 22 59 19 82 15 71 54 52 64 54 73 57 78 94 38 74 82 38 73 80 31 30 22 61 20 34 58 58 78 5 82 96 58 31 67 40 99 18 67 69 24 83 58 52 64 86 53 3 14 57 52 51 20 60 71 67 53 41 36 27 71 81 64 10 6 75 1 82 72 
67 99 49 50 79 70 79 13 15 54 61 44 91 99 82 58 99 62 19 72 32 60 61 95 15 57 38 44 1 71 89 79 75 56 43 52 20 38 63 37 35 25 46 79 43 84 91 53 5 3 89 43 41 38 13 97 38 40 79 10 28 20 59 68 39 75 48 11 21 24 73 70 77 64 43 13 52 19 27 9 6 19 35 54 60 50 3 97 72 93 14 37 46 38 76 11 85 22 35 74 71 65 73 37 4 8 92 79 7 33 66 54 51 18 42 76 7 35 88 59 83 74 58 67 70 14 23 32 
92 42 98 51 55 93 49 75 36 6 99 62 96 82 14 93 17 30 15 33 45 23 38 97 16 28 8 75 92 77 45 73 59 22 96 64 47 58 98 82 16 51 57 72 27 88 30 24 95 70 77 72 65 91 11 55 75 5 66 83 25 61 20 38 93 92 40 8 2 44 26 51 34 41 70 100 24 77 39 1 58 44 68 45 3 19 69 68 68 77 19 58 37 8 53 14 88 95 15 32 31 80 53 37 25 61 12 38 40 31 21 64 96 66 27 88 49 81 93 16 94 91 8 81 7 44 34 93 
3 50 19 34 14 70 18 96 44 3 19 33 79 85 43 38 95 65 58 54 32 61 6 55 36 53 50 54 31 86 15 11 82 94 99 26 44 63 5 33 6 48 87 20 76 97 98 42 45 100 89 12 68 46 8 65 66 64 79 22 13 53 59 55 55 74 58 93 96 40 99 73 1 87 76 58 44 56 85 79 81 34 33 25 48 66 55 72 69 85 59 37 10 12 66 14 99 86 69 46 96 62 13 13 94 92 50 95 22 87 96 69 29 53 99 35 4 87 3 37 53 51 30 93 30 6 85 89 
16 42 45 89 28 30 53 58 18 55 29 82 34 18 26 3 37 2 85 29 60 68 56 75 70 95 85 41 71 45 37 56 19 48 78 8 76 94 63 54 88 87 14 36 49 64 34 96 84 12 34 69 84 77 7 29 76 13 10 91 43 57 58 9 50 54 89 7 43 51 98 9 24 24 64 56 62 91 83 2 99 19 22 65 52 65 51 26 35 15 5 50 24 30 66 90 100 81 1 42 85 18 27 81 36 46 97 72 18 19 20 78 19 16 50 60 43 63 89 81 69 55 93 65 80 92 99 69 
58 29 49 99 54 78 5 46 60 17 24 42 41 99 29 2 53 49 21 3 71 17 39 54 43 96 60 49 10 35 39 74 9 43 63 27 82 92 85 92 71 39 39 17 45 93 45 87 54 90 92 73 70 74 83 82 84 32 49 73 33 62 51 6 62 58 76 63 47 70 31 66 27 29 34 99 59 90 68 79 74 37 21 2 99 68 74 65 60 100 53 24 91 65 98 71 86 93 43 47 31 83 52 40 2 80 86 37 52 16 15 82 39 83 89 91 44 51 75 17 64 3 7 83 89 11 40 38 
63 88 10 84 78 28 38 19 23 49 75 99 36 88 43 58 32 51 25 83 66 32 89 94 73 26 23 81 15 28 74 41 59 52 68 60 13 45 54 35 40 17 3 71 75 65 57 47 66 86 43 33 63 57 5 24 38 54 100 55 5 71 75 51 64 58 79 14 4 50 88 97 6 63 54 97 58 99 45 25 10 51 54 33 26 90 96 62 100 35 58 4 15 83 20 76 65 48 22 80 85 79 65 29 71 22 10 99 18 95 13 82 82 10 68 2 26 17 29 59 31 30 51 19 91 43 74 83 
13 96 75 10 34 12 24 40 7 71 53 93 7 32 44 25 34 11 59 86 81 79 76 89 30 51 18 100 12 96 79 19 87 64 11 49 23 35 99 7 64 15 12 49 68 10 89 32 37 95 62 49 93 2 23 34 65 66 67 56 60 97 85 68 44 9 36 47 45 79 91 94 97 1 50 28 88 66 17 51 53 61 5 62 61 76 73 26 79 36 52 51 43 96 94 73 87 84 35 97 49 62 94 74 50 16 7 79 50 69 79 27 100 6 49 23 13 10 94 69 12 84 48 42 42 23 55 36 
17 88 100 93 16 11 22 46 16 41 41 75 87 3 30 95 17 30 98 5 19 65 76 97 24 47 85 43 5 100 38 21 68 49 22 10 71 83 76 38 48 50 44 49 21 74 34 83 13 58 28 15 87 59 92 11 11 66 40 69 52 93 72 20 15 76 27 54 4 49 82 53 78 91 84 78 100 65 57 25 11 73 81 84 64 14 57 55 19 32 33 97 96 31 24 89 40 61 91 65 17 51 33 90 27 33 17 57 31 30 11 86 19 17 91 32 61 65 73 47 6 16 10 32 10 86 15 48 
59 95 56 66 81 98 95 44 15 13 53 15 4 59 99 84 34 51 1 32 10 71 38 26 13 96 83 30 56 57 10 85 72 80 12 60 48 57 30 15 64 30 54 53 9 95 65 51 56 17 90 71 62 98 23 1 20 99 91 24 42 4 35 31 25 55 16 7 8 75 34 3 44 33 5 72 89 90 45 68 96 32 5 100 32 84 91 61 15 97 83 90 79 80 66 17 70 33 90 4 37 95 55 89 44 76 47 7 59 97 98 61 81 98 8 36 90 14 74 54 12 76 70 2 1 13 4 20 
45 23 75 62 17 94 36 32 8 22 82 89 41 57 31 96 70 13 79 62 16 49 28 66 53 68 78 93 78 62 18 53 57 53 13 68 14 41 35 18 68 47 68 60 32 69 34 46 77 92 55 53 81 34 2 61 56 86 77 61 54 22 25 66 24 7 31 89 24 9 54 57 95 81 23 55 90 9 83 16 17 55 84 61 1 48 78 100 75 64 4 64 1 92 64 40 15 23 94 87 41 32 69 79 27 11 99 74 15 99 21 2 73 45 44 10 58 16 50 25 32 99 75 70 63 5 57 92 
57 35 15 83 46 64 30 53 89 9 1 100 97 9 53 54 77 67 35 98 90 64 17 85 70 51 83 60 11 53 95 52 99 21 30 100 70 67 29 1 10 55 62 35 41 44 54 74 80 54 28 23 77 26 48 42 24 16 34 12 60 79 95 90 37 77 31 92 32 84 75 18 71 48 6 46 22 11 58 50 6 42 23 16 85 42 90 12 50 69 70 15 65 71 96 2 85 51 79 65 59 21 92 26 99 67 25 29 86 74 40 48 68 67 70 23 40 37 47 72 76 15 72 62 16 2 81 68 
58 90 14 95 80 64 6 55 75 74 85 43 71 80 60 70 88 13 55 44 85 13 84 48 23 48 92 92 2 77 37 79 34 21 3 73 21 2 38 86 51 90 12 30 3 89 59 6 83 27 47 93 5 76 39 88 22 37 33 1 57 94 71 60 43 20 86 17 19 9 96 32 98 22 89 3 38 82 7 36 11 48 81 61 45 18 86 95 26 13 78 44 100 5 63 8 98 80 25 42 81 79 26 50 26 76 83 25 27 8 11 98 31 32 13 91 26 6 99 71 99 14 70 18 25 10 37 48 
98 89 32 30 86 69 92 38 95 7 54 76 86 81 32 32 56 57 30 1 88 30 12 38 71 7 56 7 52 20 52 21 93 15 13 45 96 32 38 31 47 56 11 87 4 17 32 52 84 87 29 65 61 21 56 65 70 22 87 48 77 33 28 98 62 51 44 63 59 60 62 29 39 20 35 73 63 40 60 35 46 29 20 49 17 73 2 77 16 61 7 62 26 38 99 63 45 47 31 42 84 41 81 94 60 76 53 68 43 90 25 81 72 72 36 20 9 84 92 85 9 59 57 22 39 63 32 14 
15 45 60 4 68 32 14 53 45 5 93 37 92 52 40 69 81 8 45 36 45 55 97 75 43 28 98 2 88 21 4 9 71 47 62 60 85 33 12 23 65 64 22 31 96 47 5 85 35 47 52 20 55 1 31 85 64 28 48 16 84 20 46 83 18 13 85 64 89 66 55 14 20 7 98 27 35 46 97 2 10 78 3 9 58 63 32 86 88 53 61 83 60 45 27 9 96 10 19 70 56 38 98 9 5 53 69 3 97 16 12 79 21 50 30 89 23 47 62 46 26 28 81 76 93 5 38 86 
51 49 82 16 33 45 73 94 72 42 57 63 73 56 18 53 81 40 48 99 77 100 98 18 18 81 7 42 3 27 17 67 6 3 73 21 4 33 73 20 78 94 42 58 45 81 92 74 20 39 67 87 9 60 79 87 40 100 58 35 63 33 48 70 37 21 8 63 92 27 1 28 97 12 72 100 97 6 65 29 48 8 38 6 33 8 64 52 77 38 52 8 83 64 9 39 43 32 52 74 23 48 49 35 74 76 74 66 97 100 61 49 10 99 13 20 60 7 93 92 12 36 41 32 79 6 21 78 
63 2 57 40 46 65 77 34 40 7 84 95 47 25 29 43 3 6 37 20 51 26 95 58 25 38 10 63 50 41 51 70 5 19 95 78 33 80 5 15 45 2 66 97 52 33 100 4 64 47 98 32 67 55 64 2 71 69 67 88 94 81 5 98 34 57 17 68 5 81 64 81 14 54 50 11 100 41 52 80 82 13 52 90 76 83 5 74 92 36 72 75 78 61 15 81 58 57 67 24 67 94 76 82 52 35 2 59 69 57 3 25 76 10 74 83 24 84 96 15 84 74 12 59 11 60 71 93 
93 99 69 12 47 79 57 97 23 9 30 37 58 59 6 32 94 18 35 89 67 70 29 94 13 100 62 97 24 51 12 86 56 12 65 96 54 57 87 24 83 84 51 40 73 38 92 70 90 38 29 31 60 68 22 100 59 62 60 2 97 47 83 77 11 47 63 11 27 75 84 35 73 55 72 16 81 95 68 67 26 53 25 50 94 93 97 16 82 84 35 74 45 86 66 97 20 98 71 100 37 29 33 80 68 55 36 73 11 51 17 10 92 27 84 46 2 21 50 84 93 53 52 37 24 57 31 76 
19 93 28 58 14 85 83 19 39 83 25 98 45 22 27 66 60 7 50 83 9 41 21 2 51 38 72 71 40 78 60 73 34 79 86 75 64 10 52 81 67 38 62 52 34 94 85 37 81 93 83 86 81 12 89 93 65 61 7 42 17 34 35 63 56 74 27 79 94 67 51 50 50 37 84 31 18 44 39 9 65 17 52 67 99 21 37 92 78 78 79 49 66 56 34 96 17 29 58 62 51 42 14 68 99 37 12 85 6 85 88 21 19 44 30 44 95 63 85 59 53 42 36 69 71 7 51 68 
78 39 26 69 37 13 13 76 68 11 52 75 25 75 35 28 87 48 59 36 16 67 64 63 32 28 96 97 47 92 19 80 44 11 17 55 16 44 98 83 71 37 43 71 86 14 26 93 54 96 64 7 4 83 39 55 71 1 69 34 34 5 79 25 83 66 72 4 54 79 53 88 16 37 6 97 53 69 65 91 25 93 66 53 12 13 15 43 62 19 71 62 89 22 10 16 91 51 46 27 61 63 30 27 43 6 14 10 76 71 67 57 9 95 78 80 90 10 12 51 25 87 42 38 28 9 81 45 
16 80 97 73 81 73 4 94 13 50 83 76 48 19 39 12 49 2 79 26 19 80 75 2 10 97 5 85 55 15 21 26 37 36 1 82 32 11 65 71 100 19 18 97 73 72 18 42 27 23 71 39 5 74 17 17 100 32 48 100 92 40 82 1 13 88 20 79 83 31 16 12 7 29 27 38 11 73 85 87 85 39 18 96 97 42 89 98 90 4 84 27 40 36 3 69 79 74 87 94 61 7 18 59 94 45 21 58 10 7 50 78 44 90 16 96 26 39 1 53 44 55 35 43 89 79 30 53 
100 41 83 91 92 22 51 56 34 21 57 32 12 42 52 14 75 86 71 57 13 86 67 80 31 51 80 82 46 32 29 3 54 53 31 69 56 20 87 36 73 80 8 14 66 47 77 27 46 76 77 22 54 20 53 47 50 60 44 11 45 73 77 84 49 34 42 91 85 19 73 71 35 15 95 78 23 34 63 99 16 75 19 25 16 97 57 33 47 55 92 95 89 22 88 30 47 15 68 9 28 37 38 31 20 75 67 19 90 66 86 25 17 44 6 58 21 7 96 79 54 5 68 65 53 41 39 8 
81 18 3 33 56 1 20 56 30 70 53 49 82 68 32 84 88 6 35 12 100 46 38 29 12 77 2 4 20 64 40 77 2 19 22 77 24 65 13 28 50 73 60 18 30 10 83 76 69 20 37 19 74 80 48 84 99 16 92 88 50 26 54 24 22 26 4 22 94 44 18 96 5 8 92 39 45 26 41 2 27 10 20 12 67 53 54 29 35 68 78 94 81 64 86 29 71 51 22 71 17 48 96 44 75 1 44 46 41 42 27 17 66 21 2 45 5 57 2 61 67 50 87 90 67 26 10 71 
35 63 98 72 46 23 30 66 11 72 71 26 18 18 16 34 21 80 76 46 15 1 79 28 79 65 52 75 68 35 82 63 26 48 47 79 83 94 85 83 1 8 75 73 72 19 68 18 14 65 62 59 98 79 22 49 22 12 38 41 68 73 59 67 99 25 36 89 12 90 73 36 64 17 62 67 100 11 16 24 73 50 3 51 85 50 32 76 100 95 59 33 41 2 10 17 42 69 1 64 31 20 70 71 70 92 14 1 93 64 16 87 49 36 8 25 42 15 90 6 36 88 39 59 83 49 98 78 
40 18 33 68 28 28 67 51 47 15 59 47 30 51 100 2 94 93 46 4 41 68 37 97 1 23 30 99 27 2 69 80 9 87 47 86 99 21 45 98 13 82 49 95 39 83 23 100 40 64 64 48 81 46 68 10 24 2 41 37 28 80 63 74 46 35 97 87 9 15 72 44 75 29 27 25 73 24 13 31 58 79 7 36 30 34 45 50 46 79 93 54 33 99 7 58 47 37 99 61 4 58 45 63 11 65 27 72 18 49 25 56 33 95 89 45 79 33 41 1 49 41 10 14 97 42 57 6 
88 32 5 7 93 5 18 62 70 7 18 90 98 97 53 41 95 78 72 93 91 43 11 92 59 19 61 50 29 4 59 36 49 4 64 98 3 58 15 75 97 71 26 29 76 38 63 98 68 81 1 55 94 88 21 8 36 25 9 79 36 23 55 60 49 54 79 91 26 22 50 94 76 8 36 2 45 83 82 97 93 25 69 6 14 62 3 52 75 34 65 3 70 40 94 77 80 91 15 100 88 68 90 75 28 95 35 49 18 8 18 8 77 44 67 94 50 4 54 44 93 81 68 9 6 51 5 49 
47 62 23 83 59 62 53 71 19 88 22 27 17 72 1 40 16 26 61 15 59 19 66 1 63 91 73 54 50 71 93 17 55 27 36 55 43 67 53 46 60 34 27 51 61 51 21 63 75 80 91 66 54 2 82 5 93 77 24 37 96 17 10 68 60 21 30 68 32 100 26 84 22 9 88 7 6 65 56 13 92 51 34 26 6 9 29 53 83 80 92 43 43 87 9 70 25 46 59 66 3 75 21 75 40 35 76 23 42 95 82 18 11 3 47 7 4 41 86 13 43 97 67 40 31 59 29 17 
52 34 28 26 99 43 100 94 47 54 20 100 51 51 40 13 2 46 77 5 77 30 98 31 34 59 78 10 83 35 46 100 6 81 16 83 42 10 20 38 71 8 52 3 60 26 25 65 46 19 78 48 24 60 31 17 30 90 39 70 66 81 63 30 87 10 38 13 27 35 9 9 14 50 72 16 61 96 94 49 94 59 91 75 17 7 52 8 36 38 88 69 64 58 42 72 50 94 72 100 63 77 44 66 34 82 77 41 22 36 50 34 15 93 72 72 42 70 78 68 46 98 30 94 24 88 72 24 
68 12 24 71 73 45 97 45 97 41 86 70 35 37 83 54 10 8 17 24 59 15 10 75 4 37 9 32 95 27 39 46 99 46 8 72 27 82 84 98 89 40 99 58 51 98 27 67 20 55 57 83 82 88 51 100 82 100 31 43 68 86 89 44 15 10 58 48 7 67 72 83 9 19 92 59 91 99 82 45 18 35 80 94 10 15 28 100 15 19 37 94 87 21 80 69 42 60 42 17 40 87 74 23 22 24 33 50 71 8 74 16 18 36 71 42 50 3 60 83 5 35 24 43 28 51 96 55 
6 20 13 57 37 68 17 63 66 84 99 1 28 85 38 14 67 71 90 86 64 100 33 5 32 7 46 24 35 97 63 89 5 40 50 83 31 46 21 3 48 53 58 21 50 2 62 22 36 47 52 10 68 80 55 19 76 7 27 67 9 34 6 45 21 29 53 20 5 29 16 72 61 97 39 31 1 45 84 52 90 3 73 87 15 98 23 47 98 57 100 62 88 76 59 14 48 9 85 39 11 72 7 83 31 7 23 83 41 85 36 62 75 50 100 52 46 17 94 42 29 87 93 94 33 53 32 86 
88 62 67 71 7 61 22 42 54 79 62 45 18 31 79 6 5 91 60 51 2 52 88 44 67 47 15 20 11 46 97 20 7 51 16 82 43 72 67 9 42 73 32 40 100 31 82 36 23 86 92 56 36 43 29 82 9 26 75 11 95 51 66 97 58 99 23 76 44 45 82 100 41 51 69 86 92 36 49 50 88 67 86 8 97 51 70 37 42 74 31 88 78 22 34 71 14 50 14 55 65 88 1 41 99 72 36 65 67 39 62 53 25 13 20 1 9 92 4 80 75 14 6 47 96 52 35 12 
27 48 88 92 25 82 76 3 82 65 25 47 76 70 49 22 86 78 81 67 16 77 13 22 87 60 4 94 11 42 48 100 90 71 46 56 80 12 67 100 11 27 35 59 36 38 66 46 33 17 12 25 52 13 71 32 94 35 49 31 6 44 40 12 22 42 81 90 27 84 15 18 7 74 3 38 12 99 71 20 42 52 64 22 51 50 80 3 37 5 93 69 51 3 65 47 18 79 18 20 11 57 38 22 52 2 11 79 80 66 43 85 50 49 64 7 50 90 64 59 45 29 20 47 78 35 84 43 
34 33 87 28 10 49 71 100 98 43 92 51 88 89 73 91 3 50 69 22 42 40 11 22 68 32 44 14 86 2 43 13 14 71 100 36 12 68 38 42 56 59 13 8 18 83 28 55 33 48 37 29 93 23 17 16 20 4 44 83 33 60 8 38 46 43 17 51 79 63 98 44 98 97 50 99 31 95 3 69 97 36 42 14 21 55 79 17 89 91 21 80 50 21 11 63 16 20 91 15 54 68 43 37 9 12 42 99 68 12 42 5 21 97 3 36 36 32 18 52 5 47 90 46 94 11 2 90 
23 39 83 36 21 11 10 74 62 3 88 78 64 80 64 19 20 25 44 27 76 89 56 61 3 93 47 32 52 60 40 16 24 66 10 34 18 98 82 25 60 6 24 56 48 18 90 98 9 81 10 61 64 34 8 83 76 65 94 77 86 53 29 99 55 14 72 2 23 75 36 56 19 54 65 16 49 78 74 67 70 35 96 43 38 41 76 82 2 58 36 76 79 86 86 41 7 89 18 9 34 38 47 93 17 75 47 4 70 27 10 39 74 22 39 69 78 38 96 18 2 20 15 32 36 77 58 95 
100 49 59 88 84 76 50 50 31 89 29 46 91 77 51 76 69 69 10 92 36 52 49 94 62 55 80 75 72 35 74 10 59 83 62 95 95 52 78 23 62 14 56 19 91 6 16 52 25 81 91 96 100 63 84 17 59 36 68 99 85 72 27 16 22 23 70 32 97 56 62 8 63 69 74 53 91 79 57 31 17 73 32 70 59 14 60 50 1 40 32 94 24 93 25 14 17 13 50 74 17 15 9 74 44 53 15 31 5 98 11 35 80 32 77 42 50 22 72 96 88 9 39 100 96 70 60 63 
27 98 27 31 8 75 77 63 55 12 64 88 72 58 83 21 6 73 22 49 15 16 54 83 86 16 59 95 94 53 61 92 100 6 20 40 33 75 56 94 75 52 80 48 87 28 7 14 60 84 32 72 59 88 75 9 64 8 27 61 65 83 20 67 32 36 58 12 81 64 75 76 69 4 7 64 56 22 23 82 45 1 6 17 13 39 61 89 16 7 17 29 88 76 72 66 6 2 19 28 14 1 68 23 45 43 95 59 10 59 4 43 89 70 41 82 87 50 7 33 78 15 7 58 64 94 84 16 
41 54 80 98 92 17 14 26 55 72 28 29 94 37 80 2 79 47 40 54 86 8 46 65 21 33 68 82 22 25 1 28 29 17 6 13 43 10 38 41 86 29 44 72 6 75 7 86 73 36 59 2 78 97 3 75 83 43 2 2 97 81 90 92 1 18 23 44 36 63 38 41 61 80 81 52 54 81 73 60 65 53 48 82 99 56 80 9 50 99 54 6 98 28 81 86 75 40 48 26 62 50 47 47 96 5 75 56 73 8 82 6 25 48 45 31 80 42 98 47 54 48 100 83 59 26 58 69 
48 4 2 7 13 15 6 73 33 56 24 24 30 81 89 27 39 70 74 100 39 48 83 5 20 43 2 97 47 5 23 80 62 28 84 16 17 15 38 77 86 10 87 31 78 70 6 10 34 67 85 1 84 75 71 81 28 1 67 75 35 40 2 13 50 33 63 90 11 31 53 28 47 49 56 51 27 89 58 100 86 65 60 64 6 13 91 56 97 58 39 81 82 91 78 55 91 40 59 23 2 51 73 93 12 67 77 80 14 77 21 41 51 38 3 77 86 59 3 99 30 98 42 99 56 38 56 19 
76 21 54 94 65 98 88 7 64 31 100 71 98 83 98 10 73 83 43 49 25 80 81 45 67 73 17 31 47 62 39 79 99 23 55 33 92 43 92 97 82 62 8 66 47 25 38 24 21 92 4 14 3 82 83 42 79 97 29 66 44 100 59 63 68 15 13 96 77 20 80 95 9 5 75 2 62 38 14 61 77 97 49 43 83 99 10 55 11 1 75 95 80 68 48 76 2 51 94 50 60 30 96 33 79 5 40 8 3 76 39 50 90 45 33 57 24 30 34 20 20 2 15 41 33 69 74 50 
89 84 89 50 85 52 79 74 65 66 88 54 17 97 4 76 73 61 98 97 13 53 84 100 42 98 22 80 32 15 65 10 30 6 94 67 39 84 30 23 49 2 88 26 46 79 64 15 95 36 79 94 66 56 47 13 70 27 90 98 71 63 77 92 56 69 84 92 71 44 51 76 31 67 22 14 8 14 17 16 51 25 100 97 42 17 93 97 47 47 2 10 66 94 42 58 13 80 35 8 87 7 19 37 84 81 14 65 30 93 49 67 66 79 51 19 5 49 2 84 59 49 98 95 6 39 32 6 
20 41 1 95 13 89 54 54 25 8 81 62 47 43 12 62 72 88 26 20 46 47 51 2 95 20 61 12 13 97 21 43 27 89 57 46 43 97 27 45 46 70 1 34 73 17 48 66 45 41 59 18 89 81 32 46 85 57 29 54 12 18 54 87 9 12 68 94 37 48 66 60 35 83 32 1 62 7 10 82 27 36 74 28 74 71 17 97 40 48 67 29 60 62 92 96 42 66 94 35 98 40 91 31 33 2 61 65 12 93 24 98 22 70 83 98 52 5 3 37 10 31 38 64 5 23 12 99 
55 95 62 49 95 81 99 70 95 80 68 1 12 43 25 84 86 5 86 9 17 72 89 90 21 90 34 93 68 95 47 16 66 47 15 51 87 37 38 97 24 32 85 42 41 22 20 39 32 37 57 44 34 43 93 16 95 55 68 13 49 6 69 18 34 73 55 66 96 15 78 56 72 17 29 33 94 42 90 36 49 59 75 49 85 81 44 47 75 82 46 89 91 7 30 26 73 58 73 49 9 60 56 62 2 51 60 1 13 64 39 50 25 44 34 64 68 69 32 54 1 9 83 8 52 61 1 35 
82 16 40 52 6 55 65 73 37 60 2 87 46 62 42 43 33 85 80 40 26 58 57 33 53 15 1 29 8 43 29 70 88 12 94 52 20 39 71 97 98 68 48 6 52 97 18 99 50 14 99 75 9 90 100 37 92 60 86 45 43 9 31 74 95 99 52 6 42 31 37 14 83 9 88 74 43 88 85 48 9 4 81 50 76 20 74 57 74 28 58 12 25 64 7 71 84 58 20 74 4 83 30 85 95 95 86 4 37 71 87 7 6 97 40 35 33 55 80 51 40 95 91 26 90 88 32 82 
32 43 21 49 7 2 86 1 38 31 60 31 51 16 3 52 71 82 12 78 97 55 51 95 72 93 25 75 80 35 23 35 42 94 16 36 47 12 49 18 91 54 3 11 94 51 77 17 7 21 7 92 78 65 5 45 96 39 79 90 28 100 50 60 4 2 10 69 18 2 37 29 38 7 61 66 8 80 88 71 23 62 80 26 60 79 68 48 12 30 37 95 94 38 61 49 62 55 30 42 92 28 32 86 3 43 94 85 57 43 1 66 74 61 70 10 41 89 92 95 33 14 7 64 5 71 8 49 
58 85 63 65 78 19 37 28 58 33 81 83 49 5 58 57 88 42 19 54 5 12 20 20 60 63 71 91 20 68 100 81 7 15 57 64 85 83 43 51 5 74 62 79 42 25 32 61 80 85 17 17 39 76 68 32 19 41 54 95 3 50 95 89 4 80 65 25 80 48 97 100 63 19 78 85 52 25 21 45 80 45 55 38 3 49 22 70 30 57 56 11 64 5 26 47 15 84 3 85 26 21 41 91 14 52 31 85 87 28 78 55 31 100 74 14 11 8 68 42 34 49 91 83 34 80 42 87 
60 50 87 86 58 4 53 98 33 2 86 76 29 21 23 21 50 74 73 1 88 50 71 17 100 16 10 78 55 64 78 26 36 65 39 94 35 85 65 24 20 25 70 47 67 41 14 44 19 65 69 90 94 65 37 5 81 20 4 19 49 13 58 1 38 12 99 35 36 21 11 84 84 50 14 21 76 92 71 96 48 90 87 70 27 12 82 93 15 47 90 63 5 72 70 81 79 67 90 6 2 13 58 73 96 77 62 53 4 67 34 9 40 98 94 99 83 43 28 7 79 2 83 4 47 4 23 66 
76 98 95 43 88 67 92 32 29 7 27 99 64 60 48 78 1 19 79 82 95 86 15 59 60 50 90 11 12 71 78 50 66 87 73 11 46 7 95 96 40 69 88 83 50 55 45 24 58 1 33 33 22 48 48 32 45 28 65 12 73 58 72 47 87 8 33 50 66 82 32 96 60 15 25 97 5 71 63 13 59 54 95 93 13 25 39 63 40 50 89 84 78 93 94 21 56 85 15 40 89 72 68 97 50 38 34 70 31 49 96 72 56 45 57 83 32 12 77 43 54 77 10 80 79 30 14 69 
81 45 98 67 80 21 19 47 21 53 81 45 95 27 27 72 94 30 14 2 99 31 43 12 19 59 71 21 50 3 64 41 39 47 20 22 82 10 61 10 6 98 32 82 19 81 31 24 8 51 42 85 41 73 93 7 90 5 27 75 82 45 24 96 57 5 75 43 10 1 1 66 33 75 58 49 26 66 38 50 24 18 23 99 39 22 5 10 19 35 78 63 60 22 39 94 80 54 95 96 86 25 60 16 56 17 91 48 81 97 3 3 9 12 15 20 5 65 55 70 95 33 90 94 43 88 24 88 
78 35 75 79 84 27 63 100 75 49 84 74 51 17 39 64 28 72 21 91 10 80 70 84 28 27 27 1 34 11 51 47 66 82 27 98 99 68 30 60 39 91 54 47 36 85 68 79 65 43 85 3 8 79 63 44 70 35 25 86 70 82 33 25 75 30 41 41 45 79 79 18 73 94 98 14 67 10 6 100 16 95 87 97 32 100 33 26 15 12 82 63 61 84 35 21 15 83 15 52 28 39 9 9 41 39 79 27 16 22 80 100 86 64 20 19 86 98 74 28 92 4 75 79 25 62 39 65 
43 66 77 66 46 37 37 97 74 44 14 50 11 93 16 54 29 20 67 37 52 20 16 29 76 4 5 28 59 2 27 38 4 10 69 23 69 29 29 24 3 82 68 56 73 44 8 63 63 64 66 37 13 34 84 18 23 29 77 1 31 57 74 2 54 20 85 65 66 17 36 60 35 16 69 56 60 33 40 43 45 3 69 58 78 57 38 20 76 90 30 43 8 30 34 71 37 44 28 63 77 17 28 48 95 66 1 40 6 76 60 52 25 21 30 1 70 82 91 92 4 91 25 83 95 96 61 5 
28 37 22 45 85 32 48 48 88 76 57 87 10 64 58 70 12 57 23 14 93 24 67 98 84 66 70 20 33 60 82 57 71 7 5 84 26 2 68 23 65 84 72 7 79 62 79 96 64 61 49 71 98 38 94 38 98 64 93 62 46 41 74 10 41 76 50 73 55 56 11 48 12 29 79 67 24 22 15 83 26 25 66 54 34 32 31 59 61 94 73 47 61 64 6 15 44 76 60 42 76 53 22 4 26 63 57 52 79 51 47 61 34 24 85 81 50 40 53 83 51 9 29 9 14 39 73 56 
106 41 126 140 113 94 104 151 172 65 110 63 145 82 52 119 135 152 108 146 14 72 79 108 99 92 122 195 124 104 71 159 97 118 128 66 71 27 37 112 80 136 154 67 129 75 177 168 93 77 35 93 57 153 105 30 151 40 4 123 28 88 85 106 43 134 105 81 107 173 155 75 119 55 103 80 33 145 100 42 114 88 62 147 80 66 150 55 118 142 184 71 121 118 25 85 7 109 193 31 93 105 124 143 97 175 96 185 189 37 117 74 22 131 109 46 98 127 181 164 175 82 31 94 56 45 26 111 
41 166 163 66 128 51 42 109 81 25 141 146 90 108 116 120 104 131 130 47 158 80 159 109 104 114 127 139 122 56 90 74 20 157 117 107 163 183 139 111 28 141 119 147 158 94 166 66 69 152 107 40 129 142 98 137 184 63 104 111 105 105 137 65 82 35 140 95 122 131 100 61 96 31 69 72 65 166 116 174 138 138 138 155 64 61 36 53 167 76 105 77 97 55 45 100 113 162 157 154 168 100 100 109 157 99 118 172 59 67 37 80 18 122 76 188 53 88 129 106 150 107 98 73 38 142 35 73 
126 163 62 136 150 94 176 104 89 24 21 115 27 101 131 70 124 98 37 97 99 95 121 68 37 78 21 103 129 143 137 112 77 103 140 46 95 92 69 91 113 46 58 84 113 105 66 126 73 15 163 88 83 99 144 85 80 147 66 164 123 13 106 106 86 100 131 135 84 67 51 143 136 95 97 80 147 82 109 98 113 92 111 104 113 157 113 105 121 87 21 121 53 87 55 81 101 21 95 129 166 131 117 61 84 54 155 109 101 37 72 93 125 76 31 21 78 84 44 34 144 111 18 89 107 62 70 103 
140 66 136 88 78 97 110 78 123 108 142 117 106 157 15 56 96 105 127 97 142 81 122 158 147 155 124 153 49 58 126 119 37 84 148 148 83 96 84 27 122 98 103 120 81 177 79 96 109 99 37 63 113 94 170 112 74 86 51 122 153 100 80 83 168 24 133 109 90 60 92 117 50 71 104 66 79 128 53 111 108 142 56 81 93 59 124 56 162 85 112 89 96 105 139 62 162 53 70 166 130 121 108 174 112 111 46 71 106 101 71 51 65 166 154 84 144 182 152 141 91 72 119 23 87 72 21 66 
113 128 150 78 142 75 130 123 153 179 90 123 73 91 150 52 45 94 32 79 74 158 149 103 95 95 84 105 102 125 82 73 139 118 103 87 142 161 43 51 99 99 128 135 121 166 44 66 59 44 42 54 179 99 157 118 117 37 139 16 175 18 61 18 145 107 58 112 82 128 53 131 71 68 120 153 70 110 33 168 22 110 74 69 68 105 168 60 133 158 175 149 116 133 110 135 93 101 193 65 86 15 91 122 128 74 129 106 150 156 57 145 54 140 56 133 161 189 102 65 66 85 90 134 44 64 119 29 
94 51 94 97 75 134 67 144 120 18 77 34 196 85 75 82 91 73 90 141 124 115 47 105 39 100 110 82 111 86 127 69 91 21 113 144 80 165 86 123 174 85 131 104 126 48 138 65 95 118 117 50 109 118 136 85 119 102 59 61 82 191 73 152 153 16 140 174 13 174 31 97 108 99 33 97 128 74 137 91 99 154 24 52 117 132 146 40 137 86 110 117 103 128 119 104 93 77 87 85 158 96 92 100 121 69 88 97 113 78 23 112 99 38 110 121 124 126 156 127 134 84 102 140 69 93 115 145 
104 42 176 110 130 67 36 95 87 16 135 153 128 72 88 79 38 155 87 104 66 93 69 120 161 131 46 103 86 170 51 34 157 146 166 33 21 160 125 143 20 179 65 45 123 124 63 108 27 10 96 100 70 105 108 51 101 59 113 162 55 153 81 113 128 185 135 122 168 128 90 74 69 80 109 169 119 109 143 26 133 154 83 130 95 106 196 79 127 36 67 63 89 118 36 103 92 133 69 186 138 194 108 92 138 140 152 150 154 157 60 142 103 56 70 29 92 92 127 96 137 24 59 157 110 111 97 64 
151 109 104 78 123 144 95 186 68 84 123 125 72 164 80 178 34 114 134 114 113 119 50 32 112 128 175 87 108 47 184 97 87 52 44 141 93 42 93 67 108 113 53 27 13 127 91 94 29 97 151 128 117 91 77 116 76 97 88 112 127 110 141 171 109 131 136 41 43 151 80 151 42 102 169 148 141 133 139 136 54 103 43 120 43 104 40 74 87 81 74 100 159 57 44 151 134 127 91 100 92 150 141 63 77 98 92 78 111 145 64 60 27 135 118 83 12 90 73 30 45 149 78 129 35 171 159 181 
172 81 89 123 153 120 87 68 152 60 94 118 60 175 47 85 31 145 132 113 96 25 38 18 114 84 94 170 148 82 113 24 85 79 98 121 183 67 73 113 170 113 117 131 101 66 162 154 37 155 118 70 102 107 113 73 82 139 39 69 81 107 11 41 85 126 137 93 64 19 147 148 145 86 135 68 24 106 41 48 103 103 83 90 113 69 61 73 137 76 91 32 196 127 137 122 37 45 57 45 48 55 89 93 147 68 91 124 98 97 61 79 106 113 13 88 99 163 56 74 98 144 43 54 58 52 108 97 
65 25 24 108 179 18 16 84 60 176 143 130 70 124 116 112 74 110 89 154 97 188 147 55 114 50 121 35 148 101 75 34 109 72 125 169 149 117 183 101 180 81 129 38 103 109 103 100 103 60 142 116 115 77 79 96 84 49 145 110 54 29 145 50 80 111 109 39 92 175 145 60 93 99 77 75 145 119 141 8 100 190 103 135 62 84 85 84 77 188 89 89 90 159 88 102 188 54 48 144 76 124 68 83 128 101 138 54 166 175 19 83 45 112 88 167 91 63 170 29 125 100 95 35 19 135 111 175 
110 141 21 142 90 77 135 123 94 143 48 83 97 82 77 65 188 133 88 84 118 125 84 153 11 105 191 108 160 106 172 158 27 55 52 94 36 132 93 176 136 144 50 120 54 47 84 91 91 148 116 72 29 29 146 10 88 80 87 128 98 98 64 108 59 70 68 104 114 128 13 105 126 139 109 71 12 87 192 56 98 20 117 135 119 115 30 125 93 105 163 122 34 74 104 79 135 82 52 128 18 79 89 146 81 125 50 140 92 128 116 139 173 133 92 108 121 163 42 85 84 90 139 61 175 104 138 67 
63 146 115 117 123 34 153 125 118 130 83 42 149 128 131 88 163 121 101 63 99 173 22 75 117 137 47 31 60 70 92 95 93 120 115 127 101 43 113 101 46 79 85 103 107 169 99 90 55 91 118 134 108 112 153 40 135 60 126 119 106 158 126 92 87 45 138 99 161 155 25 76 152 48 16 86 120 105 127 89 134 75 173 82 58 70 81 53 130 60 121 76 60 53 113 93 30 87 97 34 53 171 89 149 136 140 91 81 103 72 105 67 149 53 120 149 51 91 119 35 138 169 151 34 56 148 92 141 
145 90 27 106 73 196 128 72 60 70 97 149 46 119 75 26 145 43 101 86 172 91 85 164 144 54 83 138 63 92 117 112 36 79 109 116 90 159 193 100 146 139 94 103 154 136 184 47 154 72 123 127 81 144 92 101 106 8 168 42 80 101 104 34 156 153 83 112 152 109 188 86 87 89 47 37 103 100 33 162 122 81 18 143 158 108 79 81 141 17 62 86 135 112 59 64 48 171 69 117 126 62 72 111 22 156 114 127 125 63 92 76 94 120 121 199 174 87 117 81 46 123 139 119 49 40 32 161 
82 108 101 157 91 85 72 164 175 124 82 128 119 98 43 173 95 65 160 98 67 85 65 145 63 45 63 117 141 58 90 22 15 134 70 152 134 101 73 28 64 120 125 127 143 75 149 62 75 25 139 160 89 147 186 144 85 112 126 121 129 67 45 38 94 143 138 38 108 79 112 101 191 37 104 118 91 158 24 72 85 49 157 134 159 84 95 74 174 134 94 28 105 157 48 114 30 83 92 15 79 171 145 95 109 99 41 80 95 178 96 153 123 170 168 54 50 158 42 100 116 99 166 117 80 37 54 113 
52 116 131 15 150 75 88 80 47 116 77 131 75 43 62 82 169 61 82 185 112 119 123 117 72 53 70 145 150 75 113 57 166 98 152 119 56 37 130 147 87 103 108 153 66 37 129 122 75 48 186 106 146 141 63 146 148 63 146 36 103 183 65 94 44 95 91 41 24 39 46 87 40 112 101 106 158 101 120 7 73 66 175 82 22 163 92 54 121 114 44 74 144 100 126 130 110 103 95 140 181 181 167 113 31 95 183 119 144 48 136 171 51 29 26 102 129 148 86 113 160 97 84 21 96 120 104 40 
119 120 70 56 52 82 79 178 85 112 65 88 26 173 82 178 111 84 109 83 161 124 156 47 87 82 40 27 57 88 178 106 132 52 117 153 125 176 82 12 118 107 187 175 141 94 135 135 111 107 140 37 157 95 178 133 15 100 38 106 131 36 117 45 80 73 76 50 96 96 59 124 95 140 143 107 153 152 152 68 181 172 112 76 79 54 64 81 104 43 148 62 195 117 125 49 91 102 104 108 135 116 161 139 115 60 125 138 91 131 106 80 60 118 142 109 166 129 138 118 70 110 113 96 131 130 43 127 
135 104 124 96 45 91 38 34 31 74 188 163 145 95 169 111 60 95 153 131 164 178 68 80 123 63 49 66 32 63 87 24 57 137 143 115 29 146 116 122 133 124 137 40 60 162 109 74 172 175 180 122 103 33 153 152 185 42 71 121 55 106 133 87 82 98 71 21 146 131 125 74 75 138 66 105 174 135 73 186 141 75 54 97 78 73 140 125 162 114 163 177 72 119 123 106 94 89 31 143 63 120 151 143 31 79 76 28 146 130 141 122 96 169 140 62 118 163 99 62 119 70 100 102 122 91 74 63 
152 131 98 105 94 73 155 114 145 110 133 121 43 65 61 84 95 20 142 103 46 98 20 84 53 186 119 75 87 162 152 11 138 146 123 94 128 197 140 94 119 133 176 81 167 84 101 142 102 123 17 178 164 146 144 131 59 151 120 123 140 156 120 97 156 105 76 115 70 121 130 113 141 63 165 60 128 111 75 65 148 165 116 132 132 50 152 97 119 123 147 140 103 126 61 126 155 18 87 30 97 111 149 110 143 119 105 38 108 56 75 146 94 161 42 14 61 103 118 89 112 120 179 122 94 97 145 177 
108 130 37 127 32 90 87 134 132 89 88 101 101 160 82 109 153 142 188 30 120 66 105 101 93 195 72 118 141 76 26 113 61 111 126 128 57 108 91 65 169 141 121 117 82 116 68 67 108 149 148 113 72 26 51 124 61 149 48 57 69 73 83 142 120 108 23 169 93 97 19 148 53 17 129 131 63 106 172 30 126 68 75 161 133 117 136 17 108 41 87 47 156 77 146 84 88 63 70 159 58 190 133 40 116 94 68 42 11 45 196 58 147 113 80 125 60 114 89 103 111 125 113 71 116 177 70 116 
146 47 97 97 79 141 104 114 113 154 84 63 86 98 185 83 131 103 30 160 147 80 141 98 88 71 124 84 150 123 119 52 105 103 96 30 77 133 25 99 74 53 126 186 109 144 118 65 135 158 114 153 55 98 103 33 28 43 96 60 156 136 157 104 100 82 129 148 24 164 104 95 109 81 99 124 99 95 46 158 28 174 121 96 184 98 173 126 48 153 99 97 106 101 53 155 92 148 104 78 96 131 99 142 30 79 126 47 124 70 94 82 162 91 111 128 103 70 170 18 97 115 129 112 84 79 88 109 
14 158 99 142 74 124 66 113 96 97 118 99 172 67 112 161 164 46 120 147 90 146 74 128 147 111 86 23 77 111 168 131 55 97 106 163 129 107 146 114 74 126 56 132 99 191 36 49 130 56 72 158 107 81 121 64 54 131 19 35 113 152 117 91 174 95 62 90 101 94 35 131 37 87 89 166 73 71 54 186 31 117 187 108 124 142 88 132 181 85 152 97 137 125 68 66 50 28 171 108 173 111 130 54 87 186 102 51 150 77 78 91 42 182 7 48 99 122 91 37 113 185 37 66 175 70 158 72 
72 80 95 81 158 115 93 119 25 188 125 173 91 85 119 124 178 98 66 80 146 184 78 103 134 163 122 27 111 108 69 60 47 129 77 112 114 116 28 54 87 145 89 140 105 156 103 90 86 113 124 123 157 34 127 77 138 85 41 129 139 137 84 83 117 73 67 81 141 102 148 158 126 86 82 126 44 24 46 29 30 134 117 100 38 103 133 42 70 63 117 56 135 87 117 33 79 132 105 104 153 139 118 59 112 178 96 147 124 50 17 81 47 63 110 87 66 75 19 101 47 124 68 82 43 57 100 150 
79 159 121 122 149 47 69 50 38 147 84 22 85 65 123 156 68 20 105 141 74 78 48 46 127 160 104 98 132 80 76 95 170 8 109 139 107 128 38 99 110 103 80 96 172 98 109 111 163 34 44 109 75 85 50 105 41 71 47 97 128 23 181 64 50 69 137 5 25 79 44 103 108 106 147 138 120 110 72 104 96 155 53 39 129 79 106 103 27 68 17 111 103 116 99 108 115 178 104 129 102 93 139 121 95 88 167 83 21 141 33 60 104 112 84 81 91 133 88 105 59 129 119 22 82 170 81 92 
108 109 68 158 103 105 120 32 18 55 153 75 164 145 117 47 80 84 101 98 128 103 46 182 44 151 108 95 80 60 174 174 50 86 39 69 44 91 127 166 132 86 129 67 128 115 81 50 26 117 169 102 89 90 178 176 106 107 127 95 121 89 139 68 40 44 39 74 152 109 118 163 121 187 141 152 122 119 74 143 104 94 55 140 112 106 157 60 101 123 102 109 78 143 33 137 90 92 71 115 149 112 74 108 157 167 65 82 79 52 135 90 57 88 101 166 114 168 97 110 192 86 78 103 34 105 120 74 
99 104 37 147 95 39 161 112 114 114 11 117 144 63 72 87 123 53 93 88 147 134 127 44 158 89 17 25 189 29 42 122 75 97 80 89 83 70 110 99 175 138 102 26 67 76 111 155 95 111 35 105 172 82 89 35 175 121 103 38 157 111 84 163 133 122 150 131 99 55 123 44 158 107 96 89 104 163 149 150 78 30 79 105 151 108 80 143 83 35 153 93 59 54 94 55 114 108 110 17 57 147 78 66 154 97 109 73 64 11 70 169 27 97 21 43 22 177 80 44 80 119 78 123 103 129 137 118 
92 114 78 155 95 100 131 128 84 50 105 137 54 45 53 82 63 186 195 71 111 163 160 151 89 60 106 63 151 84 85 165 79 153 47 35 100 128 119 105 128 49 100 138 98 58 145 84 46 109 72 113 100 80 106 57 112 137 169 59 155 34 95 152 132 115 161 125 164 127 76 66 123 37 99 109 133 120 12 131 47 170 110 95 142 143 111 8 105 103 71 83 100 104 174 135 156 141 50 68 118 96 182 133 127 88 141 76 98 34 55 157 131 80 164 83 165 137 195 79 106 115 29 100 81 97 136 164 
122 127 21 124 84 110 46 175 94 121 191 47 83 63 70 40 49 119 72 124 86 122 104 108 17 106 120 70 137 131 130 134 108 82 88 91 36 126 175 120 102 114 167 114 139 103 152 117 86 108 142 48 127 87 141 176 121 188 190 116 107 26 36 135 120 62 119 128 121 94 179 158 149 148 29 100 64 38 114 130 108 116 150 118 88 136 85 51 125 61 182 46 161 95 56 81 186 87 123 53 33 127 18 141 108 77 84 150 119 102 155 158 84 136 97 53 126 34 100 55 90 116 100 169 68 130 110 94 
195 139 103 153 105 82 103 87 170 35 108 31 138 117 145 27 66 75 118 84 23 27 98 95 25 63 70 76 47 186 146 67 121 128 91 78 95 113 139 126 76 41 75 31 79 134 123 113 38 72 142 67 115 95 61 106 117 150 54 150 87 185 89 98 162 101 94 104 136 76 86 90 102 122 127 93 150 48 125 132 187 101 151 142 157 111 152 142 108 79 172 110 86 97 47 115 79 124 35 93 72 92 118 168 110 183 133 110 110 151 101 105 105 59 113 190 139 30 163 70 128 162 111 142 130 42 21 18 
124 122 129 49 102 111 86 108 148 148 160 60 63 141 150 57 32 87 141 150 77 111 132 80 189 151 137 47 180 153 53 146 62 110 198 39 44 169 115 164 131 141 106 140 56 120 139 150 66 70 121 111 121 73 105 35 38 64 35 76 98 119 141 144 158 59 112 115 107 165 110 112 92 78 82 147 74 109 158 141 100 109 87 178 147 62 81 100 164 80 69 65 39 106 187 12 81 77 59 32 95 74 137 106 162 106 133 100 141 129 146 100 69 53 170 147 122 119 86 120 86 136 142 99 88 107 152 103 
104 56 143 58 125 86 170 47 82 101 106 70 92 58 75 88 63 162 76 123 111 108 80 60 29 84 131 186 153 68 175 32 100 115 96 105 99 28 121 74 88 137 169 87 127 61 153 112 89 183 163 8 75 105 109 80 88 110 147 74 29 71 121 140 109 130 115 125 70 77 90 147 22 42 155 54 150 83 119 83 160 106 146 123 67 98 103 94 98 25 38 89 59 90 87 37 149 30 76 114 54 30 170 59 93 127 171 64 86 97 124 129 123 174 139 140 102 85 109 64 11 16 159 117 134 172 133 84 
71 90 137 126 82 127 51 184 113 75 172 92 117 90 113 178 87 152 26 119 168 69 76 174 42 85 130 146 53 175 144 64 117 99 161 87 75 153 94 132 168 138 132 145 59 79 129 35 131 101 155 25 96 109 82 116 74 140 154 75 108 108 60 50 123 92 110 155 63 54 86 89 110 147 173 106 99 120 101 102 144 49 122 140 191 38 65 88 53 33 124 136 89 74 139 164 94 102 102 52 121 111 131 36 137 73 192 57 45 181 150 112 126 184 103 136 101 135 78 103 98 171 42 145 145 133 68 152 
159 74 112 119 73 69 34 97 24 34 158 95 112 22 57 106 24 11 113 52 131 60 95 174 122 165 134 67 146 32 64 48 57 72 72 148 64 113 74 93 94 105 90 85 42 36 156 55 97 35 115 119 79 137 138 110 178 79 55 118 111 113 122 76 148 99 100 99 98 101 107 105 61 34 85 52 81 35 90 137 170 90 94 40 138 147 169 105 173 94 63 117 103 112 94 112 90 94 76 99 60 43 25 151 119 118 144 48 95 102 64 89 99 138 114 117 53 122 88 92 116 127 90 74 88 77 35 45 
97 20 77 37 139 91 157 87 85 109 27 93 36 15 166 132 57 138 61 105 55 47 170 50 75 79 108 121 62 100 117 57 152 109 91 125 70 65 127 133 95 119 102 59 173 97 151 135 133 124 53 120 128 99 74 62 198 167 89 114 143 114 74 47 106 105 125 106 104 129 127 99 71 69 115 103 99 91 160 97 108 95 116 114 77 77 134 148 72 173 69 116 87 87 135 100 77 63 102 80 35 69 127 52 94 137 107 85 78 48 87 55 19 34 101 83 122 86 62 92 34 47 96 116 92 62 100 118 
118 157 103 84 118 21 146 52 79 72 55 120 79 134 98 52 137 146 111 103 97 129 8 86 97 153 82 128 110 115 99 72 109 32 104 39 136 67 96 65 73 82 42 90 119 18 74 53 109 116 69 74 92 125 126 161 70 56 47 70 74 146 107 175 127 96 86 108 109 120 22 115 117 151 42 120 106 77 143 131 95 137 41 182 139 96 27 94 47 156 81 139 20 153 117 185 65 186 139 85 41 87 116 94 93 162 122 110 118 171 179 73 58 67 132 88 94 19 130 168 33 116 135 79 87 66 117 75 
128 117 140 148 103 113 166 44 98 125 52 115 109 70 152 117 143 123 126 96 106 77 109 39 80 47 88 91 198 96 161 72 91 104 112 156 70 73 145 51 114 153 197 83 139 171 120 133 183 130 96 138 165 96 84 115 150 44 96 120 128 159 61 132 130 153 109 65 113 95 103 40 100 101 116 97 154 179 58 77 129 134 116 133 109 149 53 129 124 138 167 37 84 140 172 81 88 54 115 145 131 109 41 99 75 140 112 166 98 139 119 52 154 85 124 45 125 93 106 51 77 95 103 123 99 70 77 101 
66 107 46 148 87 144 33 141 121 169 94 127 116 152 119 153 115 94 128 30 163 112 139 69 89 35 91 78 39 105 87 148 125 39 156 192 99 79 89 128 120 120 134 67 119 112 79 40 31 62 135 84 130 70 77 94 175 58 25 99 74 69 155 126 19 121 123 120 36 165 99 70 114 66 153 92 135 102 79 111 57 151 103 143 152 48 126 144 89 164 51 63 85 46 117 100 81 119 86 134 67 179 104 38 65 134 48 130 134 144 83 103 181 85 119 96 90 98 83 115 98 42 116 89 136 10 95 67 
71 163 95 83 142 80 21 93 183 149 36 101 90 134 56 125 29 128 57 77 129 114 107 44 83 100 36 95 44 99 75 64 70 136 70 99 32 67 111 151 131 45 102 105 115 87 105 102 91 48 71 129 93 112 19 28 31 89 118 164 113 135 57 98 115 25 144 57 107 160 14 129 94 74 176 116 141 161 98 56 172 10 60 107 106 26 102 161 120 157 95 170 80 88 95 58 140 178 123 142 118 79 89 148 100 47 96 106 107 104 63 117 93 136 136 165 156 39 110 104 64 81 104 142 166 85 96 99 
27 183 92 96 161 165 160 42 67 117 132 43 159 101 37 176 146 197 108 133 107 116 128 91 70 128 126 113 169 28 153 113 65 67 73 79 67 96 152 43 96 9 69 36 109 88 117 118 36 77 65 76 81 46 49 58 168 139 133 43 108 129 72 99 79 32 117 110 65 105 110 27 61 23 81 99 49 96 155 37 121 113 67 112 66 96 13 100 123 108 119 37 124 168 15 12 86 76 41 59 99 68 95 126 155 170 74 127 74 85 92 114 143 118 83 123 70 92 69 111 100 62 124 97 170 143 52 139 
37 139 69 84 43 86 125 93 73 183 93 113 193 73 130 82 116 140 91 25 146 28 38 127 110 119 175 139 115 121 94 74 127 96 145 89 111 152 76 18 97 66 125 158 127 85 118 136 50 73 51 94 103 115 111 175 195 135 109 108 50 105 92 40 57 49 108 103 148 91 97 146 182 104 131 114 143 95 158 118 150 104 93 144 18 8 131 115 88 112 145 127 45 138 68 105 70 87 151 79 150 40 58 95 23 33 138 148 59 141 186 17 111 167 85 34 115 118 145 119 169 120 132 115 90 138 108 48 
112 111 91 27 51 123 143 67 113 101 176 101 100 28 147 12 122 94 65 99 114 54 99 166 99 105 120 126 164 74 132 93 133 65 51 128 151 43 18 24 84 108 130 129 21 105 156 138 98 145 172 95 161 82 165 135 101 30 120 41 136 53 158 101 75 88 116 56 85 177 88 48 61 158 83 67 84 37 51 171 55 126 56 112 92 132 70 100 71 107 125 139 109 117 121 35 160 147 40 71 112 121 161 46 124 143 164 40 109 67 50 157 95 90 76 119 97 123 92 169 130 91 114 25 113 71 151 120 
80 28 113 122 99 174 20 108 170 180 136 46 146 64 87 118 133 119 169 74 74 87 110 132 175 128 102 76 131 88 168 94 95 73 114 120 131 96 97 84 114 123 82 98 153 96 44 160 155 96 35 69 122 104 51 113 94 101 87 145 114 86 76 102 116 51 71 139 72 68 84 47 77 69 95 109 124 122 67 117 84 105 110 98 139 144 119 150 42 157 79 72 127 139 124 131 15 129 110 84 58 27 80 116 103 95 56 66 60 32 138 92 67 124 63 131 55 60 43 185 87 97 72 162 152 144 115 155 
136 141 46 98 99 85 179 113 113 81 144 79 139 120 103 107 124 133 141 53 126 145 103 86 138 49 114 41 141 137 138 105 119 82 153 120 45 9 66 108 123 164 21 186 56 70 73 150 108 71 38 157 45 113 149 109 60 72 120 163 61 52 135 84 102 131 68 84 104 59 86 75 76 53 103 31 58 143 180 37 134 145 138 73 68 98 58 32 124 179 97 129 147 112 88 104 112 36 84 173 172 121 125 96 67 26 128 62 52 63 46 122 185 86 68 177 25 70 132 39 101 124 93 163 72 162 92 53 
154 119 58 103 128 131 65 53 117 129 50 85 94 125 108 187 137 176 121 126 56 89 80 129 102 100 167 75 106 169 132 90 102 42 197 134 102 69 125 130 82 21 4 117 89 132 130 125 100 100 107 55 121 147 104 102 73 119 90 107 126 87 131 114 146 98 80 90 39 28 168 75 60 101 116 31 139 120 75 87 20 117 55 137 112 118 130 97 135 82 134 38 110 165 96 145 66 127 91 41 142 70 58 93 181 90 81 123 66 126 20 98 31 140 83 68 44 74 78 143 107 145 123 83 48 115 69 63 
67 147 84 120 135 104 45 27 131 38 120 103 103 127 153 175 40 81 117 186 132 140 96 67 26 138 114 31 140 87 145 85 59 90 83 67 105 36 158 129 98 186 117 180 66 111 119 98 41 59 69 95 116 47 138 83 105 145 80 80 107 86 117 28 146 136 105 139 58 170 90 71 112 30 124 111 170 70 19 119 47 132 76 125 125 167 63 110 47 128 118 99 92 113 123 103 121 75 55 54 62 154 107 28 74 193 36 90 138 82 109 60 94 78 8 120 48 37 105 146 137 45 87 121 74 66 35 107 
129 158 113 81 121 126 123 13 101 103 54 107 154 143 66 141 60 167 82 109 99 105 172 128 67 98 139 79 56 127 59 42 173 119 139 119 115 109 127 21 153 56 89 66 108 92 94 119 85 171 105 27 89 64 171 109 99 125 113 40 132 163 127 55 69 67 51 112 111 185 181 167 98 70 100 113 70 22 106 100 109 154 118 137 49 84 142 101 43 133 93 65 111 100 117 103 104 77 126 110 137 67 119 128 122 132 96 123 130 119 82 127 85 92 96 31 130 158 82 93 29 67 77 73 79 63 77 56 
75 94 105 177 166 48 124 127 66 109 47 169 136 75 37 94 162 84 116 144 191 156 98 115 76 58 103 134 120 61 79 36 97 18 171 112 87 88 85 105 96 70 132 111 92 88 43 82 111 57 107 34 112 67 171 107 120 148 158 62 132 146 88 170 167 178 85 76 106 134 116 44 104 82 137 41 86 159 156 169 37 51 125 62 172 104 42 181 85 133 112 63 74 67 121 59 74 158 49 104 99 118 54 152 110 87 173 115 69 130 81 42 62 78 77 98 123 96 53 124 132 31 153 167 101 105 30 66 
177 166 66 79 44 138 63 91 162 103 84 99 184 149 129 135 109 101 68 118 36 103 109 81 111 145 152 123 139 153 129 156 151 74 120 79 105 117 118 156 44 73 130 119 94 43 106 47 173 38 77 176 68 49 116 69 138 78 109 87 159 77 141 159 88 75 120 111 148 99 131 101 41 93 21 60 133 136 152 39 111 114 99 28 52 147 157 95 159 17 101 69 105 17 51 108 65 136 16 73 36 79 22 80 106 97 144 135 67 141 55 53 125 105 163 75 174 97 32 119 111 56 109 111 163 130 106 66 
168 66 126 96 66 65 108 94 154 100 91 90 47 62 122 135 74 142 67 65 49 90 111 50 155 84 117 113 150 112 35 55 135 53 133 40 102 118 136 138 160 150 125 98 119 82 47 188 130 125 96 84 66 135 148 115 70 126 130 146 101 17 7 52 96 55 67 85 110 149 88 134 23 75 70 120 20 120 104 79 118 136 137 85 53 102 59 113 145 122 55 149 189 139 103 33 68 136 156 104 145 151 112 91 90 153 90 26 54 70 145 86 158 81 43 102 166 76 53 39 133 40 82 22 160 122 69 124 
93 69 73 109 59 95 27 29 37 103 91 55 154 75 75 111 172 102 108 135 130 86 163 26 95 46 86 38 66 89 131 97 133 109 183 31 91 36 50 98 155 108 100 41 85 111 173 130 90 60 111 172 63 149 66 85 161 127 97 87 52 109 88 165 84 112 31 125 73 141 94 81 84 92 135 104 128 57 70 121 8 88 144 140 16 158 45 112 149 112 90 151 94 120 186 24 122 121 129 80 87 163 122 114 108 77 95 98 70 111 84 58 146 49 91 112 153 88 150 120 163 134 105 126 159 77 103 128 
77 152 15 99 44 118 10 97 155 60 148 91 72 25 48 107 175 123 149 158 56 113 34 117 111 109 108 72 70 183 101 35 124 116 130 62 48 77 73 145 96 71 100 59 171 57 38 125 60 24 146 92 166 139 83 88 193 93 123 86 108 188 63 148 195 103 152 95 65 133 109 84 36 71 96 137 116 34 29 117 81 186 48 91 161 71 89 162 158 175 149 154 90 78 73 33 63 56 95 131 67 83 102 102 149 151 120 112 81 108 89 141 59 118 138 112 87 97 71 92 152 120 120 113 161 113 150 64 
35 107 163 37 42 117 96 151 118 142 116 118 123 139 186 140 180 17 148 114 72 124 44 169 35 72 142 142 121 163 155 115 53 69 96 135 71 65 51 172 35 38 107 69 105 107 77 96 111 146 72 128 110 47 86 92 46 79 79 127 90 93 20 57 93 75 94 50 152 85 54 28 132 115 67 61 131 82 185 101 55 118 93 96 156 73 37 138 104 83 131 132 125 70 59 153 122 50 97 163 89 169 87 97 79 77 87 104 87 49 93 119 103 69 75 26 143 99 156 52 89 169 106 147 67 93 158 42 
93 40 88 63 54 50 100 128 70 116 72 134 127 160 106 37 122 178 113 153 158 123 109 102 105 113 48 67 111 8 25 119 120 74 138 84 129 76 94 95 69 157 55 95 27 34 176 84 172 92 128 154 46 73 93 49 146 40 115 175 148 63 136 135 52 113 143 115 57 66 11 48 136 113 71 102 121 16 80 112 97 107 111 50 116 97 72 151 62 77 90 74 102 145 70 128 132 98 121 63 146 91 123 119 171 68 166 91 147 71 71 145 93 150 88 107 74 87 64 133 82 68 51 10 97 58 139 128 
57 129 83 113 179 109 70 117 102 115 29 108 81 89 146 157 103 164 72 55 107 157 75 89 172 100 127 115 121 75 96 79 128 92 165 130 93 81 103 161 122 45 121 116 89 112 68 66 63 166 110 46 136 81 113 121 95 34 61 158 110 96 176 162 144 48 101 80 117 144 83 115 133 20 159 130 108 83 52 147 148 26 126 130 74 79 92 133 37 75 130 111 142 115 88 87 108 106 175 84 111 30 98 140 36 83 116 178 60 127 112 102 97 73 154 42 150 118 153 9 197 167 89 79 124 88 173 73 
153 142 99 94 99 118 105 91 107 77 29 112 144 147 141 95 33 146 26 98 81 34 85 90 82 80 87 95 73 105 109 137 99 125 96 70 112 46 115 82 104 113 147 47 64 67 49 135 149 139 47 73 81 128 81 145 120 55 166 128 85 132 96 155 81 91 168 56 151 136 126 156 105 106 106 133 136 102 114 119 160 71 99 82 112 115 49 126 90 110 151 114 10 132 141 183 114 72 131 88 80 65 101 125 142 125 58 16 69 187 120 144 153 70 182 115 128 117 86 168 107 138 50 118 78 101 12 152 
105 98 144 170 157 136 108 77 113 79 146 153 92 186 63 178 153 144 51 103 121 127 50 178 89 106 141 61 105 109 82 138 74 126 84 77 19 49 111 165 51 149 104 138 171 171 116 148 66 83 86 93 113 81 178 137 122 112 118 103 108 99 121 78 137 111 68 50 169 124 35 54 164 100 134 109 64 155 187 141 96 53 170 99 84 95 103 155 129 129 132 78 28 21 154 126 140 82 57 69 54 101 174 65 106 84 74 142 190 72 37 170 100 91 182 200 80 121 157 137 60 57 107 114 62 84 137 162 
30 137 85 112 118 85 51 116 73 96 10 40 101 144 146 133 152 131 124 33 64 77 105 176 35 57 176 106 35 80 116 110 62 161 115 94 28 58 175 135 113 109 102 83 109 107 69 115 85 88 92 49 121 145 137 114 36 110 26 125 123 91 122 101 105 76 165 132 118 151 175 81 113 24 11 64 185 29 35 24 124 109 103 140 142 57 132 75 66 139 104 136 96 91 196 38 28 115 181 133 93 58 125 110 123 133 54 54 26 115 103 85 76 87 52 119 97 174 88 125 87 115 144 157 123 135 106 91 
151 184 80 74 117 119 101 76 82 84 88 135 106 85 148 15 185 59 61 28 54 138 41 106 175 112 121 117 38 88 74 178 198 70 150 175 31 168 195 101 94 60 73 105 99 120 138 70 161 193 46 146 95 120 122 36 48 146 65 89 160 85 44 64 105 60 94 158 28 97 142 30 76 131 115 103 124 172 85 115 99 30 142 80 103 113 78 150 46 121 53 76 15 154 141 163 39 72 91 116 97 72 121 58 145 102 148 47 157 124 108 167 119 145 119 160 69 140 153 141 171 124 134 127 79 56 16 36 
40 63 147 86 37 102 59 97 139 49 80 60 8 112 63 100 42 151 149 43 131 85 71 107 121 137 188 150 64 110 140 79 167 56 44 58 89 139 135 30 101 72 119 145 125 148 78 126 127 93 79 40 34 55 112 110 146 72 189 163 20 142 150 70 70 65 35 109 137 26 65 58 147 157 88 134 67 182 74 59 80 105 111 106 145 176 37 119 79 60 179 102 51 134 78 102 104 92 62 152 75 162 46 88 88 99 56 98 100 75 143 106 187 116 60 86 169 137 94 38 56 192 38 115 140 96 97 99 
4 104 66 51 139 59 113 88 39 145 87 126 168 126 146 38 71 120 48 96 19 41 47 127 103 169 190 54 35 147 154 55 89 47 96 25 118 133 109 120 87 120 90 80 113 158 109 130 97 123 79 115 61 166 118 26 65 189 50 58 77 93 122 100 147 55 144 189 150 148 167 105 100 143 171 78 89 142 99 96 74 99 176 133 106 27 125 106 122 149 87 68 78 133 92 116 84 66 72 149 158 42 176 106 57 48 107 98 74 142 167 73 70 83 93 134 125 98 137 151 113 184 24 155 146 50 58 131 
123 111 164 122 16 61 162 112 69 110 128 119 42 121 36 106 121 123 57 60 35 129 97 95 38 59 116 150 76 74 75 118 114 70 120 99 164 43 108 41 145 163 107 80 40 62 87 146 87 86 127 175 158 128 103 125 89 163 58 96 146 165 82 64 129 86 136 32 121 95 61 94 98 94 116 22 158 141 115 70 117 122 146 91 106 164 118 132 149 60 29 134 79 129 94 111 108 121 89 35 44 146 56 99 110 161 107 180 70 67 49 81 60 156 20 95 67 17 134 64 145 121 96 26 107 142 61 132 
28 105 123 153 175 82 55 127 81 54 98 106 80 129 103 131 55 140 69 156 113 139 128 121 157 155 107 87 98 29 108 111 143 74 128 74 113 108 50 136 114 61 126 107 132 132 159 101 52 108 90 148 110 85 108 123 160 20 77 146 50 95 60 114 71 103 127 105 96 53 147 126 106 110 150 43 74 103 78 69 49 89 144 132 157 101 120 82 130 107 126 31 115 67 85 53 182 82 155 98 127 113 17 151 85 105 90 166 84 63 92 49 37 105 96 49 116 113 148 110 71 89 89 145 104 115 24 161 
88 105 13 100 18 191 153 110 107 29 98 158 101 67 183 36 106 156 73 136 152 137 23 89 111 34 26 185 119 71 108 113 114 146 159 69 135 129 105 53 86 52 87 86 163 146 77 17 109 188 93 63 96 132 99 91 85 142 93 165 95 180 59 124 106 59 147 121 118 70 76 149 120 52 53 60 62 96 115 126 124 61 38 85 72 67 38 133 149 46 128 11 115 113 112 70 92 54 82 63 49 71 135 85 186 65 12 46 89 76 41 66 170 99 121 61 114 33 119 136 105 101 120 87 77 144 88 37 
85 137 106 80 61 73 81 141 11 145 64 126 104 45 65 117 133 120 83 157 117 84 181 139 84 95 36 89 141 121 60 122 74 107 61 155 57 72 92 158 76 135 131 117 127 88 141 7 88 63 20 136 176 96 121 122 44 150 122 82 60 59 14 114 82 85 38 173 97 136 103 94 37 55 67 32 99 135 43 96 109 55 106 174 124 73 126 111 42 59 84 138 55 156 148 45 95 107 37 37 125 96 87 55 42 72 61 107 115 158 170 90 68 70 172 143 80 172 114 95 90 133 62 72 165 40 78 144 
106 65 106 83 18 152 113 171 41 50 108 92 34 38 94 45 87 97 142 104 91 83 64 68 163 152 135 98 144 140 50 76 47 175 132 126 98 99 40 101 102 84 114 28 55 170 159 52 165 148 57 135 162 155 78 101 64 70 100 64 114 124 114 42 59 156 65 152 92 99 157 85 144 83 103 134 74 112 62 132 183 69 110 56 95 75 143 168 129 85 150 116 83 149 111 152 146 77 104 64 105 90 20 131 33 78 103 74 67 31 66 94 80 124 168 95 143 157 105 29 83 62 157 48 138 30 27 65 
43 82 86 168 145 153 128 109 85 80 59 87 156 94 44 80 82 156 120 100 174 117 50 40 133 132 120 162 158 109 123 148 106 127 130 19 115 79 57 75 116 102 146 146 69 167 88 96 84 195 93 52 144 81 137 105 105 70 147 129 71 106 82 59 62 159 126 83 136 106 99 163 104 105 108 189 164 130 143 150 110 139 133 161 132 117 92 58 116 78 49 123 99 161 86 65 99 59 17 160 70 38 51 105 93 83 119 113 96 60 94 102 42 90 62 68 105 81 175 187 146 135 170 118 147 114 36 96 
134 35 100 24 107 16 185 131 126 111 70 45 153 143 95 73 98 105 108 82 95 73 69 44 122 115 62 101 59 130 92 99 105 96 153 121 25 32 49 88 51 131 98 136 67 178 75 55 112 103 75 113 48 91 111 76 60 65 55 86 103 59 85 156 159 36 164 125 89 123 126 12 109 143 147 46 52 169 68 127 135 9 114 168 90 129 87 19 103 110 171 71 60 146 100 32 97 83 148 74 133 134 139 117 91 158 110 130 155 152 124 71 167 48 148 129 110 50 109 153 118 183 73 54 24 68 70 141 
105 140 131 133 58 140 135 136 137 109 68 138 83 138 91 76 71 76 23 129 62 67 137 39 150 161 119 94 112 115 110 100 125 86 109 123 144 117 108 116 71 68 80 105 51 85 120 67 31 152 94 143 101 168 68 165 94 35 144 136 127 147 38 65 126 164 118 59 110 88 129 61 80 140 145 150 103 48 95 106 139 114 102 141 41 164 166 171 94 76 102 119 35 59 117 109 185 30 155 174 115 62 97 61 187 38 60 53 77 188 99 119 151 111 132 133 138 52 146 125 110 90 57 97 124 80 102 42 
81 95 135 109 112 174 122 41 93 39 104 99 112 38 41 50 21 115 169 148 90 81 5 74 131 125 128 104 115 125 155 99 106 108 65 120 57 110 103 56 139 84 90 139 112 76 111 85 125 95 50 115 80 56 50 132 158 109 189 32 105 121 173 152 83 125 59 138 95 34 134 104 93 87 49 144 118 157 179 108 92 187 31 172 89 141 163 103 126 70 96 115 62 56 112 139 160 7 59 81 180 104 149 125 83 27 121 108 36 92 69 61 105 98 16 166 109 93 89 98 142 113 143 85 149 76 109 104 
107 122 84 90 82 13 168 43 64 92 114 161 152 108 24 96 146 70 93 24 101 141 25 152 99 164 121 136 107 70 63 98 104 109 113 36 107 65 148 85 72 104 39 58 111 106 148 110 73 65 152 57 117 151 169 118 28 137 150 121 96 118 97 92 136 89 110 95 156 152 34 128 113 120 145 93 115 129 17 68 92 125 74 83 61 35 107 133 101 69 57 100 43 39 105 102 142 118 28 115 131 146 27 174 72 115 141 98 123 151 108 73 76 72 163 104 62 96 161 85 142 97 145 133 119 171 75 65 
173 131 67 60 128 174 128 151 19 175 128 155 109 79 39 96 131 121 97 164 94 102 79 109 55 127 94 76 165 77 54 101 129 120 95 165 160 105 91 177 68 59 28 170 185 134 99 149 141 133 85 66 144 136 124 151 97 26 148 95 53 70 136 99 106 123 88 34 152 144 50 109 122 135 145 58 93 74 44 127 83 197 155 140 127 139 147 53 42 177 137 19 49 88 128 62 90 44 138 159 173 84 186 112 125 77 43 123 152 103 101 87 44 143 149 170 138 105 65 79 173 77 149 101 79 159 149 85 
155 100 51 92 53 31 90 80 147 145 13 25 188 112 46 59 125 130 19 104 35 148 44 118 123 76 179 86 110 90 86 107 127 22 103 99 14 110 97 88 84 86 168 90 181 116 131 88 94 109 54 11 83 126 35 175 142 65 167 61 147 76 103 157 99 126 129 134 34 50 54 50 57 20 102 108 80 82 144 143 100 102 120 64 110 62 42 62 165 94 44 114 143 65 180 115 118 116 170 177 105 129 148 92 94 102 76 109 125 164 167 172 62 61 106 101 143 23 87 121 95 106 60 172 18 128 69 148 
75 61 143 117 131 97 74 151 148 60 105 76 86 101 87 124 74 113 148 95 131 158 103 163 44 66 158 90 112 147 89 105 99 115 40 70 129 27 146 48 47 75 75 71 167 44 101 134 81 84 28 48 115 156 54 81 30 58 105 94 126 149 94 85 163 12 61 104 128 109 50 48 118 162 103 70 125 66 125 142 83 27 94 36 188 175 96 155 71 22 83 182 59 60 40 75 155 123 90 167 71 97 161 101 111 105 67 116 116 113 104 114 85 48 112 25 75 118 89 38 64 111 76 113 50 109 95 119 
119 96 136 50 71 108 69 42 145 93 126 152 87 191 40 95 75 141 53 109 37 126 108 121 158 123 149 102 92 22 110 61 71 117 100 114 94 61 182 61 77 76 60 112 98 104 41 23 84 36 132 136 133 105 164 113 76 147 100 98 106 120 37 144 104 109 80 93 113 122 57 118 4 67 48 126 68 173 76 43 129 75 84 100 174 126 164 41 145 148 118 194 86 62 71 141 114 165 36 93 100 125 58 109 138 149 88 94 52 124 129 156 17 40 167 101 129 92 84 132 143 121 123 150 132 138 60 156 
55 31 95 71 68 99 80 102 86 99 139 48 89 37 112 140 138 63 17 81 87 86 106 187 107 37 148 122 78 42 147 34 69 151 101 66 74 23 104 158 69 53 101 30 70 82 93 75 92 71 115 113 20 106 100 24 131 157 143 94 110 52 55 83 105 143 140 87 120 135 20 162 67 192 76 75 142 134 43 118 168 102 29 62 111 126 40 77 138 19 92 105 157 65 110 110 156 141 179 128 194 158 85 23 60 66 88 63 90 18 90 81 88 106 82 88 67 136 115 52 66 30 49 138 95 89 70 58 
103 69 97 104 120 33 109 169 135 77 109 16 47 104 101 143 66 165 129 99 89 82 147 141 96 99 29 127 82 155 173 85 115 42 116 153 176 81 131 83 95 103 116 124 100 137 21 70 135 96 67 71 159 106 134 11 115 88 171 116 150 53 67 103 108 147 145 49 145 145 102 103 48 76 50 63 121 85 182 100 140 101 60 124 155 142 151 93 151 102 145 152 97 108 80 181 40 177 10 94 160 92 141 47 108 131 33 69 38 89 133 141 91 114 70 152 47 110 107 127 28 102 124 48 135 129 89 104 
80 72 80 66 153 97 169 148 68 75 71 86 37 118 106 107 105 60 131 124 166 126 138 152 89 109 100 93 147 54 106 52 103 120 97 92 116 99 114 67 109 31 31 111 113 41 60 120 104 137 61 102 130 133 109 64 103 134 78 22 43 60 32 134 189 46 150 144 93 58 108 70 126 75 63 152 139 105 109 130 44 82 100 99 38 48 140 76 103 125 107 19 32 87 142 82 51 126 160 54 78 101 165 106 97 146 147 45 124 95 151 119 150 59 172 23 50 61 14 76 64 79 79 95 75 104 98 61 
33 65 147 79 70 128 119 141 24 145 12 120 103 91 158 153 174 128 63 99 73 44 120 122 104 133 64 150 74 150 99 81 99 106 154 135 141 49 143 84 124 58 139 170 70 86 133 20 128 116 131 121 108 136 64 185 124 67 89 158 74 62 99 74 164 52 103 118 115 93 80 125 68 142 121 139 178 100 149 90 32 116 65 89 119 35 101 72 115 117 127 182 156 139 49 98 149 111 27 146 127 68 98 137 147 78 89 188 109 54 90 173 118 49 93 172 72 31 41 152 159 148 134 94 30 98 115 84 
145 166 82 128 110 74 109 133 106 119 87 105 100 158 101 152 135 111 106 95 71 24 110 119 163 120 38 48 109 83 120 35 91 77 179 102 161 96 95 37 122 143 120 70 22 159 136 120 57 34 82 16 83 102 155 29 172 182 142 141 103 96 135 112 130 169 48 157 129 74 82 66 173 134 85 105 100 112 185 105 91 22 102 28 144 159 50 133 86 134 100 90 97 189 79 125 63 117 99 90 132 44 37 94 78 69 84 79 110 128 160 87 65 156 167 131 137 91 98 144 125 133 123 54 32 114 134 81 
100 116 109 53 33 137 143 139 41 141 192 127 33 24 120 152 73 75 172 46 54 46 72 74 149 12 114 125 158 119 101 90 160 143 58 79 98 155 158 51 67 180 75 19 106 156 152 104 70 29 185 80 52 114 187 35 85 74 99 115 78 115 43 62 143 68 95 179 17 44 144 125 76 43 182 109 149 185 22 131 84 136 174 49 109 38 111 160 63 82 111 111 127 140 32 78 176 35 149 119 200 144 152 110 87 77 139 81 125 158 47 79 187 189 137 98 148 84 72 136 80 65 72 58 68 112 97 92 
42 174 98 111 168 91 26 136 48 8 56 89 162 72 7 68 186 65 30 158 186 29 104 143 150 131 130 132 141 83 102 137 97 131 77 111 56 37 118 171 117 37 87 119 100 169 39 79 121 117 101 112 147 119 141 24 115 59 96 70 69 126 96 132 150 127 106 108 68 127 143 142 43 118 100 130 90 105 131 186 39 182 109 193 23 78 91 90 70 47 128 27 175 41 25 51 156 137 175 91 56 129 13 68 110 72 83 81 106 129 119 62 41 107 86 39 59 25 113 93 104 73 55 63 55 104 101 112 
114 138 113 108 22 99 133 54 103 100 98 134 122 85 73 181 141 148 126 28 31 30 96 104 78 47 108 187 100 160 144 170 108 95 129 57 172 121 150 55 84 134 20 47 109 37 111 118 8 81 55 97 148 160 96 124 99 80 74 117 49 124 109 183 110 135 139 92 92 83 100 83 129 168 140 44 32 91 84 39 52 48 126 132 140 55 104 143 106 121 140 98 45 95 135 73 80 52 72 63 170 80 84 61 177 82 116 75 65 59 24 80 99 78 96 40 63 94 94 98 120 78 127 44 144 49 99 100 
88 138 92 142 110 154 154 103 103 190 20 75 81 49 66 172 75 165 68 174 117 134 155 94 30 170 116 101 109 106 49 90 95 137 134 151 10 113 104 126 105 145 117 132 154 51 114 136 88 186 118 107 26 71 53 109 30 105 99 122 89 61 55 69 139 9 114 187 125 197 102 27 75 102 101 82 116 22 136 182 48 70 136 83 85 104 127 75 156 176 110 92 47 150 33 121 100 112 85 15 45 91 116 117 87 114 101 127 150 139 109 58 116 151 54 110 12 133 52 30 110 114 72 127 51 125 91 104 
62 138 111 56 74 24 83 43 83 103 117 173 18 157 175 112 54 116 75 121 187 117 53 55 79 110 150 151 87 146 122 94 116 41 116 103 60 67 93 56 110 138 55 76 118 125 99 137 144 48 93 111 126 99 170 103 142 111 176 146 144 38 106 110 133 114 102 31 74 155 120 94 84 29 60 100 65 102 174 109 126 136 200 125 56 120 131 105 155 83 180 113 106 58 100 48 82 98 129 161 79 44 52 153 31 105 116 86 116 172 63 37 187 193 111 60 123 162 185 59 10 46 118 141 122 72 135 102 
147 155 104 81 69 52 130 120 90 135 135 82 143 134 82 76 97 132 161 96 108 100 39 140 105 95 118 142 178 123 140 40 114 182 133 143 107 112 144 112 98 73 137 125 137 62 28 85 140 91 96 50 130 82 99 140 80 106 133 91 132 85 174 56 161 168 141 172 83 140 64 36 100 62 124 99 89 28 49 193 132 83 125 92 33 169 115 48 154 75 116 75 123 100 37 102 133 85 153 128 108 82 36 114 168 83 25 38 123 93 99 117 116 110 130 61 46 74 142 173 71 169 155 108 72 135 64 61 
80 64 113 93 68 117 95 43 113 62 119 58 158 159 22 79 78 132 133 184 124 38 129 112 151 142 88 157 147 67 191 138 77 139 109 152 106 66 18 92 139 68 112 125 49 172 52 53 16 161 156 116 74 112 84 142 103 145 106 106 157 72 124 95 132 90 41 89 61 127 110 188 174 111 155 38 119 144 109 23 140 85 56 33 112 159 43 117 156 19 138 115 147 10 44 17 119 97 131 135 54 122 161 65 102 73 177 74 73 111 82 112 111 120 109 21 78 155 143 105 105 57 147 120 108 54 117 107 
66 61 157 59 105 132 106 104 69 84 115 70 108 84 163 54 73 50 117 98 142 103 79 106 108 143 136 111 62 98 38 147 77 96 149 48 26 96 8 132 144 98 118 167 84 104 147 102 158 71 73 97 79 115 95 57 113 176 27 164 101 67 73 75 117 129 164 141 35 139 62 175 126 126 142 48 35 159 38 78 55 104 120 169 159 86 65 145 108 74 159 86 59 126 113 182 130 40 89 147 61 52 55 105 101 63 132 115 98 130 71 79 123 150 108 152 58 175 118 171 80 125 113 90 72 79 150 125 
150 36 113 124 168 146 196 40 61 85 30 81 79 95 92 64 140 152 136 173 88 133 106 157 80 111 85 152 81 103 65 169 134 27 53 126 102 13 131 70 119 58 130 63 142 42 157 59 45 89 37 72 92 49 103 132 78 37 125 118 120 38 126 143 92 87 166 163 107 147 42 96 164 40 151 140 101 50 111 91 104 127 131 115 43 65 40 48 91 84 171 74 60 121 49 49 137 105 173 122 88 26 129 39 156 69 186 42 123 55 60 53 137 125 77 107 99 70 134 37 81 16 182 89 23 82 37 177 
55 53 105 56 60 40 79 74 73 84 125 53 81 74 54 81 125 97 17 126 132 42 103 60 143 8 51 142 100 94 88 105 148 94 129 144 161 100 115 100 150 32 97 110 101 181 95 113 112 162 138 151 133 126 155 75 150 119 106 132 82 133 111 168 58 19 171 103 133 53 62 155 41 77 93 76 72 133 160 90 143 75 105 48 117 145 48 96 106 132 128 109 94 86 119 105 89 131 115 84 168 61 48 135 91 112 102 63 97 118 121 84 146 147 98 71 142 156 92 134 52 103 110 118 109 146 149 121 
118 167 121 162 133 137 127 87 137 77 93 130 141 174 121 104 162 119 108 48 181 70 27 101 83 105 125 108 164 98 53 173 72 47 124 89 120 123 88 71 42 124 135 47 43 85 159 145 149 158 104 62 37 90 129 66 46 79 122 149 130 149 42 129 116 103 94 126 101 42 165 71 145 138 151 103 115 86 63 70 106 156 155 154 156 108 91 106 144 61 99 57 53 78 56 129 117 190 111 93 133 145 123 95 171 164 134 49 108 94 90 113 95 28 93 91 47 112 122 126 73 80 67 136 99 51 121 118 
142 76 87 85 158 86 36 81 76 188 105 60 17 134 114 43 114 123 41 153 85 63 68 123 35 103 61 79 80 25 33 94 173 156 138 164 157 108 112 107 157 179 82 128 133 133 17 122 112 175 83 77 75 110 129 139 121 60 149 60 107 46 59 85 78 110 76 70 69 177 94 22 148 19 102 125 117 134 82 47 121 176 83 75 19 74 84 132 61 170 15 179 123 90 103 59 88 62 22 113 59 89 118 82 130 141 146 66 151 113 126 5 95 80 62 105 103 51 119 29 31 84 114 44 170 118 61 140 
184 105 21 112 175 110 67 74 91 89 163 121 62 94 44 148 163 147 87 99 152 117 17 102 153 71 182 172 69 38 124 63 69 81 167 51 95 119 145 125 79 97 134 118 93 112 101 55 90 149 131 90 130 151 132 104 53 179 87 29 126 128 84 150 49 171 102 96 57 137 44 83 118 92 145 107 127 100 111 128 140 110 180 116 138 159 171 128 99 15 16 137 61 87 110 130 156 108 86 130 126 86 121 100 96 168 122 47 97 188 58 80 110 78 110 139 113 81 99 123 75 122 113 27 68 152 106 60 
71 77 121 89 149 117 63 100 32 89 122 76 86 28 74 62 177 140 47 97 97 56 111 109 93 83 46 110 65 89 136 117 116 139 37 63 170 37 127 139 72 129 38 99 65 63 69 149 151 154 132 74 111 114 78 136 76 102 68 134 31 11 138 116 123 71 119 115 100 19 114 182 194 105 152 19 182 90 111 27 98 92 113 75 115 86 74 109 57 179 137 148 51 154 167 181 98 176 122 88 90 66 99 36 137 132 122 51 129 78 80 86 89 50 144 79 114 150 101 119 98 132 76 172 84 85 141 76 
121 97 53 96 116 103 89 159 196 90 34 60 135 105 144 195 72 103 156 106 137 135 103 78 59 100 161 86 39 59 89 103 87 20 84 85 80 124 45 109 127 147 110 92 111 74 105 189 94 90 125 102 142 10 28 96 15 51 78 79 115 115 55 83 99 60 35 62 43 49 143 59 86 157 97 32 156 97 127 175 45 47 106 123 147 59 60 94 53 123 61 51 60 117 64 127 130 115 155 140 108 182 165 96 132 175 107 79 101 112 108 113 83 95 101 161 108 160 158 125 139 140 123 146 157 83 171 101 
118 55 87 105 133 128 118 57 127 159 74 53 112 157 100 117 119 126 77 101 125 87 116 143 54 104 95 97 106 90 74 112 87 153 140 46 88 168 138 117 139 112 165 113 100 67 17 139 120 78 70 145 115 132 21 91 154 134 133 129 67 113 156 149 161 146 59 56 39 88 65 60 62 65 108 87 139 189 140 41 95 150 58 100 10 126 121 86 78 90 87 154 117 150 180 56 85 61 141 70 132 69 68 93 68 46 98 155 137 83 110 36 139 57 85 125 113 132 110 53 185 154 106 135 95 180 86 108 
25 45 55 139 110 119 36 44 137 88 104 113 59 48 126 125 123 61 146 53 68 117 99 33 94 174 56 47 187 87 139 94 135 117 172 117 95 15 68 121 124 88 96 123 117 121 51 103 186 73 59 70 88 141 154 196 141 78 92 94 85 112 148 111 86 100 117 112 105 128 180 40 71 110 80 142 49 79 32 25 135 33 100 37 44 113 49 119 56 103 110 167 64 180 186 93 64 139 111 76 123 88 138 93 29 63 138 69 155 171 22 182 63 158 99 82 91 35 73 102 94 99 154 31 131 109 77 73 
85 100 81 62 135 104 103 151 122 102 79 93 64 114 130 49 106 126 84 155 66 33 108 137 55 135 81 115 12 37 164 112 100 185 81 100 58 12 105 35 131 104 145 103 103 59 108 33 24 33 153 128 87 183 126 38 163 102 116 111 53 70 45 152 65 32 109 139 102 62 115 75 141 110 181 82 98 125 78 51 73 121 48 102 17 182 49 105 129 59 130 181 127 56 93 134 131 59 74 69 58 129 111 167 48 151 106 187 98 44 117 133 50 110 92 101 122 99 155 189 42 99 78 13 98 97 57 106 
7 113 101 162 93 93 92 134 37 188 135 30 48 30 110 91 94 155 88 92 50 79 115 90 114 156 186 79 81 149 94 90 77 65 88 81 140 86 70 160 15 112 66 121 104 74 65 68 122 63 122 132 108 114 140 28 39 104 84 108 182 92 95 146 99 97 185 160 142 90 118 155 114 156 40 51 149 63 176 156 80 100 82 133 119 130 137 89 117 88 156 98 130 85 64 131 164 100 120 134 172 103 140 105 124 64 149 86 142 69 144 37 87 127 103 77 176 100 121 79 116 85 25 131 158 150 113 92 
109 162 21 53 101 77 133 127 45 54 82 87 171 83 103 102 89 18 63 148 28 132 178 92 108 141 87 124 77 30 102 94 63 186 54 119 178 76 87 147 129 36 127 75 77 158 136 136 121 56 50 98 106 72 82 115 72 92 66 121 82 54 107 77 59 83 30 7 118 44 116 123 165 141 177 126 111 117 35 137 52 112 98 85 97 40 105 131 190 62 108 176 115 61 139 59 100 38 76 171 91 156 125 138 13 78 72 90 48 82 112 77 163 162 120 107 113 62 85 123 65 163 110 86 86 129 121 110 
193 157 95 70 193 87 69 91 57 48 52 97 69 92 95 104 31 87 70 104 171 105 104 71 110 50 123 35 59 76 102 76 102 139 115 86 123 41 151 40 110 84 91 55 126 49 16 156 129 95 97 121 175 131 57 181 91 62 72 89 155 82 37 104 17 148 155 59 28 138 170 90 36 179 10 160 27 99 149 175 72 85 129 153 131 89 173 115 111 22 86 122 155 141 111 74 120 76 150 91 96 74 77 87 92 25 124 71 78 62 106 134 116 101 155 173 79 42 13 75 152 194 130 166 121 120 68 109 
31 154 129 166 65 85 186 100 45 144 128 34 117 15 140 108 143 30 159 78 108 104 129 115 17 68 53 93 32 114 52 99 80 85 145 134 142 59 79 71 84 173 41 54 110 104 73 104 80 131 163 63 84 88 69 133 116 152 149 35 98 63 37 64 160 74 174 81 115 159 177 167 93 128 94 54 146 90 119 91 63 15 161 128 135 147 122 84 93 113 130 88 140 70 76 69 134 171 91 120 109 75 123 40 43 103 51 155 73 116 80 50 66 183 161 91 101 85 126 112 134 104 111 88 83 126 143 105 
93 168 166 130 86 158 138 92 48 76 18 53 126 79 181 135 63 97 58 96 173 153 102 149 57 118 33 72 95 54 121 60 35 41 131 67 118 99 150 112 58 172 142 62 137 99 36 145 87 67 89 146 111 80 54 93 97 75 158 44 127 49 125 105 70 133 115 180 131 173 105 71 100 194 160 78 127 132 200 56 170 45 79 108 54 61 88 168 133 59 126 90 108 132 123 58 172 91 96 109 132 156 55 122 103 171 120 128 109 115 179 172 169 58 83 139 131 139 18 70 156 48 101 59 103 152 94 70 
105 100 131 121 15 96 194 150 55 124 79 171 62 171 181 116 120 111 190 131 111 139 93 112 147 96 127 92 74 30 111 43 69 87 109 179 79 68 40 121 27 121 70 154 67 118 79 151 163 83 169 91 30 65 101 58 72 162 42 146 113 71 96 90 38 134 62 104 146 84 129 97 125 158 92 101 68 44 144 129 80 91 44 82 122 52 26 61 145 89 86 66 182 69 88 129 103 156 74 75 156 30 68 69 145 95 117 96 60 162 120 112 81 53 101 87 172 115 97 118 106 72 160 148 102 53 115 168 
124 100 117 108 91 92 108 141 89 68 89 89 72 145 167 161 151 149 133 99 130 118 139 74 78 182 18 118 137 170 131 25 127 116 41 104 89 95 58 161 80 125 58 107 119 54 22 112 122 102 87 123 98 101 174 125 121 46 176 56 17 135 87 20 51 139 97 149 27 186 148 161 58 85 141 165 98 37 152 13 84 116 52 36 161 55 129 48 123 118 121 99 165 68 138 111 140 125 77 123 55 68 52 113 135 73 124 98 62 88 70 57 62 95 153 34 90 121 130 56 143 145 90 53 115 63 136 82 
143 109 61 174 122 100 92 63 93 83 146 149 111 95 113 139 143 110 40 142 54 59 121 108 66 133 141 168 106 59 36 151 52 94 99 38 148 126 95 46 116 96 93 28 128 152 80 91 114 102 97 119 140 125 65 110 58 88 106 99 151 85 55 131 105 117 61 125 174 112 92 101 109 23 47 106 137 94 110 68 61 117 153 114 65 105 39 135 95 82 100 36 96 93 93 167 105 138 87 40 122 69 113 118 97 115 92 66 25 14 60 103 110 46 133 71 177 109 147 190 127 61 18 146 98 150 59 68 
97 157 84 112 128 121 138 77 147 128 81 136 22 109 31 115 31 143 116 30 87 112 95 157 154 127 108 110 162 93 137 119 94 93 75 65 100 155 23 124 103 67 181 74 122 110 106 90 108 149 79 171 36 142 106 123 145 88 57 110 85 186 42 33 93 91 187 83 72 125 94 111 138 60 108 97 147 78 87 110 177 87 31 168 102 101 156 91 171 130 96 137 132 68 29 48 124 13 92 43 103 145 135 97 54 75 155 22 72 46 49 129 55 166 131 96 168 92 82 125 181 99 113 142 55 85 80 83 
175 99 54 111 74 69 140 98 68 101 125 140 156 99 95 60 79 119 94 79 186 178 88 167 97 88 77 183 106 127 73 118 137 162 140 134 47 170 33 143 95 26 90 193 132 87 97 153 77 151 77 68 83 125 84 133 102 99 48 161 105 65 72 78 83 158 38 27 115 77 102 105 149 66 131 146 78 69 77 72 82 114 105 83 73 63 69 112 164 141 168 132 175 46 63 151 64 78 25 103 171 95 73 115 75 158 76 137 100 132 158 50 58 108 78 52 169 135 45 141 126 85 128 74 74 113 137 102 
96 118 155 46 129 88 152 92 91 138 50 91 114 41 183 125 76 105 68 126 102 96 167 65 109 141 84 133 133 171 192 144 107 122 112 48 96 74 138 164 56 128 81 36 96 173 144 90 95 120 87 166 116 58 74 54 148 56 107 107 90 12 61 103 119 110 60 121 141 43 76 67 88 88 33 147 89 84 139 83 116 101 116 25 177 132 186 102 134 146 122 122 107 98 138 106 149 72 124 51 120 117 124 92 155 76 150 63 105 73 183 153 113 125 63 46 143 92 63 89 163 107 105 173 80 73 141 91 
185 172 109 71 106 97 150 78 124 54 140 81 127 80 119 138 28 38 42 47 51 147 83 82 73 76 150 110 100 64 57 48 85 110 166 130 106 127 148 40 66 62 123 90 123 115 135 26 98 112 104 91 178 16 142 54 47 98 98 180 166 46 107 74 113 130 53 108 98 123 109 116 94 63 69 45 188 79 81 81 75 127 86 38 74 115 42 63 49 66 47 51 79 155 69 187 86 90 71 155 128 96 98 66 22 137 63 44 70 122 54 75 61 122 66 30 130 123 131 7 141 172 117 40 24 163 138 132 
189 59 101 106 150 113 154 111 98 166 92 103 125 95 144 91 146 108 11 124 150 124 21 79 64 98 119 110 141 86 45 95 78 118 98 134 107 74 59 109 60 52 66 138 130 69 67 54 70 81 87 147 60 69 190 26 157 100 74 70 84 89 115 67 96 155 77 36 123 152 125 116 52 90 38 124 109 110 125 106 65 150 116 123 73 98 123 97 108 151 97 129 101 137 155 98 142 48 78 73 109 60 62 25 72 100 105 70 82 118 108 177 131 98 57 49 19 134 104 105 56 165 90 151 98 69 141 98 
37 67 37 101 156 78 157 145 97 175 128 72 63 178 48 131 130 56 45 70 77 50 141 52 11 34 102 151 129 97 181 102 48 171 139 144 104 85 141 67 32 63 126 82 119 130 141 70 111 108 49 71 127 187 72 115 124 75 142 67 63 76 158 31 60 152 188 92 151 103 164 113 124 18 89 95 54 128 158 129 59 139 172 93 111 130 55 118 94 113 188 78 112 83 171 44 69 82 62 116 115 162 88 14 46 132 73 122 118 34 178 126 116 16 116 101 103 75 97 129 125 174 47 44 37 151 105 176 
117 37 72 71 57 23 60 64 61 19 116 105 92 96 136 106 141 75 196 94 78 17 33 135 70 55 155 101 146 124 150 64 87 179 119 83 63 92 186 50 138 46 20 109 82 81 55 145 84 89 93 71 112 120 37 103 108 143 167 49 92 41 170 66 94 124 99 69 108 101 167 104 129 90 133 151 90 160 47 119 24 109 63 99 82 71 60 121 90 126 58 80 108 110 22 117 144 112 106 80 179 120 70 60 49 158 183 54 108 178 106 68 121 64 157 59 103 50 31 95 88 115 135 76 148 98 108 71 
74 80 93 51 145 112 142 60 79 83 139 67 76 153 171 80 122 146 58 82 91 81 60 90 169 157 158 105 100 129 112 89 55 73 52 103 117 114 17 157 92 122 98 60 127 42 53 86 58 141 119 145 102 144 170 85 167 106 73 81 49 66 90 94 102 71 119 61 73 87 172 114 156 81 141 119 173 87 79 62 80 58 37 117 112 79 53 84 113 5 80 86 113 36 182 133 37 77 134 50 172 112 57 103 129 50 153 75 177 126 68 90 25 98 182 102 27 195 42 94 178 133 78 74 136 131 99 124 
22 18 125 65 54 99 103 27 106 45 173 149 94 123 51 60 96 94 147 162 42 47 104 57 27 131 84 105 69 123 126 99 19 58 154 181 93 143 111 95 67 185 31 94 85 62 125 158 146 59 103 93 97 153 100 76 119 187 70 60 37 170 68 80 42 167 151 105 76 44 62 85 17 88 91 150 118 65 187 41 99 116 187 116 111 123 137 146 95 95 110 89 83 139 63 50 87 163 116 66 169 81 62 110 55 58 113 61 131 116 121 25 96 89 86 105 175 34 109 136 92 28 97 113 154 100 117 77 
131 122 76 166 140 38 56 135 113 112 133 53 120 170 29 118 169 161 113 91 182 63 112 88 97 80 136 59 53 174 184 138 34 67 85 85 136 118 167 90 124 86 140 78 92 78 105 81 49 118 69 150 73 70 91 87 145 116 83 156 105 99 70 124 90 48 111 98 72 143 61 48 40 106 114 59 49 156 189 107 78 151 193 110 120 150 125 147 28 80 78 50 95 57 158 110 127 162 101 183 58 53 95 46 166 108 125 122 98 16 64 98 89 186 58 110 167 169 106 143 71 155 115 56 57 93 156 141 
109 76 31 154 56 110 70 118 13 88 92 120 121 168 26 142 140 42 80 111 7 110 84 101 21 164 97 113 170 139 103 114 101 132 124 119 136 83 85 76 63 68 83 8 96 77 163 43 91 138 75 88 154 182 182 52 119 60 93 20 96 121 172 168 62 148 132 16 163 149 106 112 167 82 70 172 93 167 137 86 96 54 111 130 109 108 77 98 93 62 110 144 101 85 99 92 103 120 155 161 83 101 153 133 131 78 63 66 57 116 157 182 86 58 14 50 169 68 115 94 36 139 120 134 72 110 96 184 
46 188 21 84 133 121 29 83 88 167 108 149 199 54 102 109 62 14 125 128 48 87 81 166 43 83 53 190 147 140 136 117 83 88 45 96 165 123 34 119 131 177 68 120 31 98 75 102 112 112 26 107 42 115 200 119 160 86 134 95 49 61 143 95 68 129 133 166 104 170 101 25 101 88 152 23 172 131 98 39 40 110 60 61 21 152 107 71 91 105 139 79 161 125 82 101 77 107 173 91 139 87 34 71 96 52 46 30 49 101 59 102 105 110 50 126 120 27 93 42 101 87 101 67 124 140 82 119 
98 53 78 144 161 124 92 12 99 91 121 51 174 50 129 166 118 61 60 103 99 66 91 114 22 165 126 139 122 102 101 53 122 94 125 90 156 70 115 97 55 25 44 48 130 123 174 166 153 87 143 74 150 128 80 97 69 169 125 67 116 114 80 143 105 110 138 109 62 138 143 75 129 67 47 50 72 137 148 59 63 12 123 46 78 58 99 142 47 103 113 114 108 113 91 122 176 113 79 101 131 172 90 177 168 169 143 130 19 103 103 27 175 167 169 120 92 138 151 76 52 108 136 93 120 125 78 102 
127 88 84 182 189 126 92 90 163 63 163 91 87 158 148 129 163 103 114 70 122 75 133 168 177 137 34 30 119 85 135 122 86 19 93 98 39 92 118 123 60 70 74 37 158 96 97 76 88 97 99 87 118 117 121 174 140 137 98 17 113 33 172 157 81 50 52 93 96 105 23 118 92 136 110 61 31 91 84 25 94 133 162 74 155 175 70 156 112 51 81 150 160 132 35 99 100 62 42 85 139 115 121 109 92 135 92 123 134 75 50 195 34 169 68 27 138 8 45 135 73 80 52 120 82 156 93 142 
181 129 44 152 102 156 127 73 56 170 42 119 117 42 86 138 99 118 89 170 91 19 88 97 80 195 100 163 86 109 78 88 62 130 106 83 110 69 145 92 43 132 78 105 82 53 32 53 150 71 156 64 153 86 157 88 153 94 137 134 148 119 114 105 175 109 146 89 161 65 87 89 84 115 107 14 41 98 72 113 94 52 185 142 143 118 134 92 122 119 99 101 158 110 73 155 121 85 13 126 18 97 130 147 82 45 63 131 104 97 31 42 109 106 115 93 151 45 114 150 93 100 104 65 50 126 85 144 
164 106 34 141 65 127 96 30 74 29 85 35 81 100 113 118 62 89 103 18 37 101 105 110 44 79 55 70 120 64 103 92 92 168 51 115 104 111 119 169 185 39 143 146 93 124 119 39 120 92 52 133 9 168 137 125 141 38 151 64 110 136 95 29 187 153 125 98 85 79 121 38 132 52 127 76 152 144 136 93 98 30 59 173 105 171 37 134 126 29 123 119 125 53 102 189 79 123 75 112 70 118 56 190 125 141 89 7 105 129 95 94 136 143 94 42 76 135 150 72 80 77 69 198 90 81 47 116 
175 150 144 91 66 134 137 45 98 125 84 138 46 116 160 70 119 112 111 97 113 47 59 192 80 106 90 128 86 11 98 116 34 33 77 98 64 100 169 130 87 101 107 137 29 132 111 133 163 152 89 82 197 107 60 87 171 56 113 145 71 105 90 83 146 118 110 142 142 173 95 64 143 66 28 64 159 125 80 104 120 110 10 71 105 80 81 52 73 31 75 98 139 185 94 42 116 65 152 134 156 106 143 127 181 126 163 141 56 125 88 178 92 71 36 101 52 73 93 80 178 90 32 89 168 101 94 61 
82 107 111 72 85 84 24 149 144 100 90 169 123 99 97 110 70 120 125 115 185 124 129 86 119 115 116 162 136 16 171 127 47 116 95 42 81 62 120 91 97 124 145 45 67 31 56 40 134 120 169 68 167 138 57 115 124 192 184 121 89 101 133 62 135 183 90 113 97 77 106 111 121 30 102 79 148 133 65 73 78 114 46 169 57 125 16 103 80 84 122 132 140 154 99 99 85 163 194 104 48 72 145 61 99 85 107 172 165 174 115 133 28 155 139 87 108 80 100 77 90 106 96 119 117 104 134 79 
31 98 18 119 90 102 59 78 43 95 139 151 139 166 84 113 100 179 113 129 37 68 119 78 78 29 100 111 142 159 42 90 96 135 103 116 104 124 132 114 72 93 123 87 77 153 109 82 105 120 106 51 89 50 107 144 134 38 24 96 89 120 62 157 170 73 57 143 145 149 60 76 123 49 124 79 134 123 72 55 127 72 118 155 147 113 182 110 67 114 113 76 123 106 154 78 25 110 130 111 101 160 90 18 113 128 105 117 90 47 135 78 97 115 120 101 136 52 104 69 32 96 132 124 125 147 42 92 
94 73 89 23 134 140 157 129 54 35 61 34 119 117 21 96 102 122 71 112 66 82 22 103 123 100 169 142 99 117 145 74 116 79 123 89 142 97 115 25 162 163 83 121 73 167 111 22 126 113 147 10 79 118 114 157 127 115 155 26 145 87 72 48 118 54 97 85 133 101 172 113 150 138 48 95 94 54 58 63 44 127 141 108 120 90 89 118 136 44 27 172 146 135 31 13 131 86 166 88 59 148 53 146 142 74 173 40 151 44 76 74 113 56 134 67 93 120 65 198 89 119 124 14 62 84 95 104 
56 38 107 87 44 69 110 35 58 19 175 56 49 80 96 131 122 94 116 84 175 43 82 34 103 81 68 130 88 134 145 88 92 87 99 136 166 170 90 113 152 72 48 74 79 101 163 160 159 161 67 97 124 78 62 123 79 140 146 107 104 77 165 138 147 24 124 149 119 79 18 50 132 95 135 75 30 32 68 55 144 51 122 72 108 72 23 109 99 170 68 84 157 95 131 98 158 86 121 83 103 102 115 98 55 74 80 24 98 37 148 136 154 57 72 124 120 82 50 90 168 117 125 62 32 64 90 114 
45 142 62 72 64 93 111 171 52 135 104 148 40 37 120 130 91 97 177 79 70 57 170 105 129 97 130 42 107 172 133 77 62 66 70 10 85 143 138 71 144 162 115 66 63 105 130 122 77 113 93 58 88 101 84 135 56 96 50 142 115 144 40 30 114 68 80 76 171 159 128 109 138 89 129 104 98 114 112 104 49 125 72 135 54 79 82 146 51 118 152 85 83 180 109 97 150 129 120 126 152 53 63 150 85 113 73 163 69 151 98 131 100 93 110 140 125 156 126 81 101 104 147 84 64 30 79 132 
26 35 70 21 119 115 97 159 108 111 138 92 32 54 104 43 74 145 70 88 158 100 81 120 137 136 110 21 152 133 68 35 100 117 77 95 96 52 108 151 115 92 69 35 77 30 106 69 103 150 158 139 173 12 137 106 16 97 58 61 24 88 78 27 36 70 102 109 75 149 69 95 60 70 89 98 115 134 97 101 99 91 135 64 117 150 37 149 121 61 106 141 171 86 77 57 113 121 68 143 94 115 136 59 80 137 141 138 141 105 108 99 117 156 96 82 78 93 85 47 94 134 42 95 90 79 86 114 
111 73 103 66 29 145 64 181 97 175 67 141 161 113 40 127 63 177 116 109 72 150 92 74 118 164 94 18 103 84 152 45 118 75 101 67 99 139 48 120 155 53 63 107 56 66 66 124 128 64 42 128 73 152 162 91 36 99 131 132 161 37 144 65 96 141 42 104 65 85 148 119 156 58 104 61 84 81 92 112 100 104 102 61 107 125 177 121 118 140 60 76 101 108 73 106 92 110 109 105 70 168 82 68 83 102 91 132 98 176 71 124 77 141 184 119 102 142 144 116 61 79 92 104 114 132 114 52 